level,name,symbol,parent,sector,market_cap_cr,dividend_yield_pct,np_qtr_cr,qtr_profit_var_pct,sales_qtr_cr,qtr_sales_var_pct,pe,roce,error,stage,stage2_score,close,weekly_ma,weekly_ma_slope_4w_pct,rs_vs_benchmark,checks,rrg_quadrant,rrg_quadrant_5d_ago,rs_ratio,rs_momentum,rs_ratio_5d_delta,rs_momentum_5d_delta,moving_to_leading,improving_toward_leading,rrg_tail,stock_score
stock,Bajaj Auto,BAJAJ-AUTO.NS,2/3 Wheelers,Automobile and Auto Components,323252.07,1.27,3188.75,45.93,21688.83,65.14,27.42,28.24,,stage_2,5,11790.0,10348.88,3.0,0.50317,"{'price_above_30w_ma': True, '30w_ma_rising': True, 'price_above_10w_ma': True, 'relative_strength_positive': True, 'near_52w_high': True}",leading,weakening,101.24,100.26,-0.03,1.38,False,False,2026-09-03 ratio=101.27 momentum=98.88; 2026-09-04 ratio=101.21 momentum=99.60; 2026-09-07 ratio=101.09 momentum=98.69; 2026-09-08 ratio=101.26 momentum=99.29; 2026-09-09 ratio=101.24 momentum=100.26,158.5
stock,Eicher Motors,EICHERMOT.NS,2/3 Wheelers,Automobile and Auto Components,210884.93,1.07,1462.51,21.35,6632.42,31.55,36.26,30.53,,stage_2,4,7734.5,7427.65,0.95,0.33009,"{'price_above_30w_ma': True, '30w_ma_rising': True, 'price_above_10w_ma': False, 'relative_strength_positive': True, 'near_52w_high': True}",weakening,weakening,100.86,99.21,0.61,2.88,False,False,2026-09-02 ratio=100.25 momentum=96.33; 2026-09-03 ratio=100.20 momentum=97.10; 2026-09-04 ratio=99.94 momentum=97.56; 2026-09-08 ratio=100.68 momentum=98.59; 2026-09-09 ratio=100.86 momentum=99.21,111.2
stock,TVS Motor Co.,TVSMOTOR.NS,2/3 Wheelers,Automobile and Auto Components,195764.71,0.29,1057.61,67.11,16295.52,33.46,56.59,17.37,,stage_2,5,4151.1,3735.76,1.94,0.17716,"{'price_above_30w_ma': True, '30w_ma_rising': True, 'price_above_10w_ma': True, 'relative_strength_positive': True, 'near_52w_high': True}",weakening,weakening,100.65,97.02,-0.02,-0.37,False,False,2026-09-03 ratio=100.66 momentum=97.39; 2026-09-04 ratio=100.42 momentum=97.15; 2026-09-07 ratio=100.45 momentum=97.66; 2026-09-08 ratio=100.50 momentum=97.59; 2026-09-09 ratio=100.65 momentum=97.02,132.13
stock,Hero Motocorp,HEROMOTOCO.NS,2/3 Wheelers,Automobile and Auto Components,105271.06,3.5,1417.93,-17.18,13126.35,34.94,19.01,35.22,,not_stage_2,3,5218.0,5216.06,-0.26,0.22269,"{'price_above_30w_ma': True, '30w_ma_rising': False, 'price_above_10w_ma': False, 'relative_strength_positive': True, 'near_52w_high': True}",weakening,weakening,100.15,97.35,-0.09,0.8,False,False,2026-09-03 ratio=100.24 momentum=96.55; 2026-09-04 ratio=100.17 momentum=96.52; 2026-09-07 ratio=100.13 momentum=96.73; 2026-09-08 ratio=100.40 momentum=98.10; 2026-09-09 ratio=100.15 momentum=97.35,60.75
stock,Ather Energy,ATHERENERG.NS,2/3 Wheelers,Automobile and Auto Components,65644.16,0.0,-50.87,71.46,1216.92,88.79,,-19.77,,stage_2,5,1580.0,1058.17,12.73,0.06743,"{'price_above_30w_ma': True, '30w_ma_rising': True, 'price_above_10w_ma': True, 'relative_strength_positive': True, 'near_52w_high': True}",leading,leading,101.39,100.13,-0.38,-0.92,False,False,2026-09-03 ratio=101.77 momentum=101.04; 2026-09-04 ratio=101.40 momentum=100.28; 2026-09-07 ratio=101.48 momentum=100.66; 2026-09-08 ratio=101.35 momentum=100.81; 2026-09-09 ratio=101.39 momentum=100.13,178.06
stock,Ola Electric,OLAELEC.NS,2/3 Wheelers,Automobile and Auto Components,18120.22,0.0,-336.0,21.5,455.0,-45.05,,-19.56,,not_stage_2,2,37.31,36.23,2.39,0.00159,"{'price_above_30w_ma': True, '30w_ma_rising': True, 'price_above_10w_ma': False, 'relative_strength_positive': False, 'near_52w_high': False}",improving,improving,99.6,101.05,0.37,0.57,False,True,2026-09-03 ratio=99.24 momentum=100.48; 2026-09-04 ratio=99.59 momentum=101.06; 2026-09-07 ratio=99.59 momentum=101.30; 2026-09-08 ratio=99.57 momentum=102.69; 2026-09-09 ratio=99.60 momentum=101.05,50.03
stock,Ebix,EBIX.NS,2/3 Wheelers,Automobile and Auto Components,421.51,0.0,82.0,92.94,573.24,-5.08,,5.95,,insufficient_data,0,,,,,{},insufficient_data,insufficient_data,,,,,False,False,,0.0
stock,Wardwizard Inno.,WARDINMOBI.NS,2/3 Wheelers,Automobile and Auto Components,173.57,1.73,0.19,-83.04,61.64,91.01,170.17,7.04,,insufficient_data,0,,,,,{},insufficient_data,insufficient_data,,,,,False,False,,0.0
stock,Tunwal E-Motors,TUNWAL.NS,2/3 Wheelers,Automobile and Auto Components,142.5,0.4,4.23,-34.72,132.45,27.15,11.19,13.28,,not_stage_2,1,25.25,28.99,-1.72,0.00108,"{'price_above_30w_ma': False, '30w_ma_rising': False, 'price_above_10w_ma': False, 'relative_strength_positive': True, 'near_52w_high': False}",improving,lagging,99.88,100.42,0.98,1.72,False,True,2026-09-03 ratio=98.90 momentum=98.69; 2026-09-04 ratio=98.67 momentum=98.21; 2026-09-07 ratio=98.60 momentum=97.94; 2026-09-08 ratio=99.61 momentum=101.23; 2026-09-09 ratio=99.88 momentum=100.42,22.1
stock,Delta Auto.,DELTIC.NS,2/3 Wheelers,Automobile and Auto Components,52.37,0.0,3.1,-47.28,37.54,-28.28,7.98,11.81,,insufficient_data,0,,,,,{},insufficient_data,insufficient_data,,,,,False,False,,0.0
stock,Timken India,TIMKEN.NS,Abrasives & Bearings,Capital Goods,24779.25,0.08,115.13,10.47,929.09,14.87,60.55,18.26,,not_stage_2,3,3173.4,3382.82,0.31,0.13543,"{'price_above_30w_ma': False, '30w_ma_rising': True, 'price_above_10w_ma': False, 'relative_strength_positive': True, 'near_52w_high': True}",leading,improving,101.03,104.34,1.46,3.32,True,False,2026-09-03 ratio=99.57 momentum=101.02; 2026-09-04 ratio=99.58 momentum=101.67; 2026-09-07 ratio=99.50 momentum=102.59; 2026-09-08 ratio=99.73 momentum=103.03; 2026-09-09 ratio=101.03 momentum=104.34,117.47
stock,Grindwell Norton,GRINDWELL.NS,Abrasives & Bearings,Capital Goods,21045.9,1.0,115.31,22.3,803.3,14.19,48.24,21.18,,not_stage_2,3,1893.1,1833.62,3.02,0.08079,"{'price_above_30w_ma': True, '30w_ma_rising': True, 'price_above_10w_ma': False, 'relative_strength_positive': False, 'near_52w_high': True}",lagging,lagging,98.33,99.5,-0.33,2.1,False,False,2026-09-02 ratio=98.66 momentum=97.40; 2026-09-03 ratio=98.86 momentum=98.19; 2026-09-04 ratio=98.68 momentum=97.79; 2026-09-08 ratio=98.47 momentum=97.57; 2026-09-09 ratio=98.33 momentum=99.50,66.04
stock,Carborundum Uni.,CARBORUNIV.NS,Abrasives & Bearings,Capital Goods,20742.35,0.37,80.34,23.44,1426.63,17.03,82.71,10.52,,stage_2,4,1094.1,1006.37,4.53,0.04669,"{'price_above_30w_ma': True, '30w_ma_rising': True, 'price_above_10w_ma': False, 'relative_strength_positive': True, 'near_52w_high': True}",leading,lagging,100.91,102.21,1.23,4.14,True,False,2026-09-03 ratio=99.68 momentum=98.07; 2026-09-04 ratio=101.05 momentum=100.07; 2026-09-07 ratio=100.57 momentum=101.02; 2026-09-08 ratio=100.61 momentum=101.94; 2026-09-09 ratio=100.91 momentum=102.21,159.66
stock,SKF India Indus.,SKFINDUS.NS,Abrasives & Bearings,Capital Goods,14529.13,0.68,61.92,-13.84,970.77,18.3,37.79,29.89,,stage_2,5,2971.7,2496.86,1.87,0.12682,"{'price_above_30w_ma': True, '30w_ma_rising': True, 'price_above_10w_ma': True, 'relative_strength_positive': True, 'near_52w_high': True}",leading,leading,102.06,102.43,-0.72,0.03,False,False,2026-09-03 ratio=102.78 momentum=102.40; 2026-09-04 ratio=102.12 momentum=101.95; 2026-09-07 ratio=102.24 momentum=102.55; 2026-09-08 ratio=101.82 momentum=104.38; 2026-09-09 ratio=102.06 momentum=102.43,171.19
stock,SKF India,SKFINDIA.NS,Abrasives & Bearings,Capital Goods,7579.08,2.61,61.84,32.31,587.79,27.09,51.03,13.33,,not_stage_2,1,1533.5,1609.41,-1.3,0.06545,"{'price_above_30w_ma': False, '30w_ma_rising': False, 'price_above_10w_ma': False, 'relative_strength_positive': True, 'near_52w_high': False}",leading,weakening,100.69,101.58,0.58,3.07,True,False,2026-09-03 ratio=100.11 momentum=98.51; 2026-09-04 ratio=100.32 momentum=100.17; 2026-09-07 ratio=100.38 momentum=100.93; 2026-09-08 ratio=100.40 momentum=102.50; 2026-09-09 ratio=100.69 momentum=101.58,61.35
stock,Wendt India,WENDT.NS,Abrasives & Bearings,Capital Goods,1728.59,0.35,6.18,63.49,71.28,36.63,101.98,7.82,,stage_2,5,8230.5,7368.42,2.45,0.35126,"{'price_above_30w_ma': True, '30w_ma_rising': True, 'price_above_10w_ma': True, 'relative_strength_positive': True, 'near_52w_high': True}",leading,leading,101.9,101.59,1.46,1.55,False,False,2026-09-02 ratio=100.45 momentum=100.04; 2026-09-03 ratio=101.81 momentum=102.21; 2026-09-04 ratio=101.10 momentum=99.97; 2026-09-08 ratio=102.44 momentum=101.43; 2026-09-09 ratio=101.90 momentum=101.59,167.35
stock,SKP Bearing,SKP.NS,Abrasives & Bearings,Capital Goods,284.19,0.65,0.04,-89.47,22.11,-0.05,481.68,11.38,,not_stage_2,3,168.7,156.85,-0.78,0.0072,"{'price_above_30w_ma': True, '30w_ma_rising': False, 'price_above_10w_ma': True, 'relative_strength_positive': True, 'near_52w_high': False}",leading,lagging,103.02,101.92,4.31,3.14,True,False,2026-09-02 ratio=98.71 momentum=98.78; 2026-09-03 ratio=98.50 momentum=97.94; 2026-09-04 ratio=99.51 momentum=101.07; 2026-09-08 ratio=102.86 momentum=102.69; 2026-09-09 ratio=103.02 momentum=101.92,114.7
stock,NRB Indl Bearing,NIBL.NS,Abrasives & Bearings,Capital Goods,72.76,0.0,-6.59,-29.47,18.9,1.89,,-18.17,,not_stage_2,2,30.6,31.17,0.34,0.00131,"{'price_above_30w_ma': False, '30w_ma_rising': True, 'price_above_10w_ma': False, 'relative_strength_positive': False, 'near_52w_high': True}",improving,improving,99.45,100.82,0.01,0.46,False,True,2026-09-02 ratio=99.44 momentum=100.36; 2026-09-03 ratio=99.29 momentum=97.83; 2026-09-04 ratio=99.28 momentum=100.47; 2026-09-08 ratio=99.23 momentum=98.85; 2026-09-09 ratio=99.45 momentum=100.82,44.78
stock,Signpost India,SIGNPOST.NS,Advertising & Media Agencies,"Media, Entertainment & Publication",1429.81,0.19,18.69,22.32,152.26,10.61,19.47,25.13,,not_stage_2,3,270.75,265.78,2.25,0.01155,"{'price_above_30w_ma': True, '30w_ma_rising': True, 'price_above_10w_ma': False, 'relative_strength_positive': False, 'near_52w_high': True}",improving,lagging,99.83,101.67,1.22,4.35,False,True,2026-09-03 ratio=98.62 momentum=97.31; 2026-09-04 ratio=98.57 momentum=97.33; 2026-09-07 ratio=99.59 momentum=101.38; 2026-09-08 ratio=99.46 momentum=101.70; 2026-09-09 ratio=99.83 momentum=101.67,72.85
stock,R K Swamy,RKSWAMY.NS,Advertising & Media Agencies,"Media, Entertainment & Publication",464.49,2.19,3.47,20.91,83.62,7.8,19.0,12.26,,not_stage_2,0,93.04,95.29,-1.8,0.00397,"{'price_above_30w_ma': False, '30w_ma_rising': False, 'price_above_10w_ma': False, 'relative_strength_positive': False, 'near_52w_high': False}",improving,improving,99.19,102.72,0.79,0.95,False,True,2026-09-03 ratio=98.40 momentum=101.76; 2026-09-04 ratio=98.95 momentum=102.76; 2026-09-07 ratio=98.95 momentum=102.14; 2026-09-08 ratio=99.27 momentum=102.73; 2026-09-09 ratio=99.19 momentum=102.72,13.6
stock,Vertoz,VERTOZ.NS,Advertising & Media Agencies,"Media, Entertainment & Publication",335.98,0.25,7.36,5.02,81.64,15.82,12.73,14.16,,not_stage_2,2,38.1,41.15,-5.63,0.00163,"{'price_above_30w_ma': False, '30w_ma_rising': False, 'price_above_10w_ma': True, 'relative_strength_positive': True, 'near_52w_high': False}",leading,leading,101.25,101.19,0.2,-1.47,False,False,2026-09-02 ratio=101.06 momentum=102.67; 2026-09-03 ratio=101.14 momentum=103.70; 2026-09-04 ratio=100.55 momentum=103.02; 2026-09-08 ratio=101.23 momentum=103.59; 2026-09-09 ratio=101.25 momentum=101.19,72.2
stock,Simca Advertis.,SIMCA.NS,Advertising & Media Agencies,"Media, Entertainment & Publication",312.52,0.0,9.04,1164.71,78.51,107.37,18.79,97.5,,insufficient_data,0,,,,,{},insufficient_data,insufficient_data,,,,,False,False,,0.0
stock,Yaap Digital,YAAP.NS,Advertising & Media Agencies,"Media, Entertainment & Publication",274.01,0.0,19.0,84.08,135.66,28.14,14.84,30.86,,insufficient_data,0,,,,,{},insufficient_data,insufficient_data,,,,,False,False,,0.0
stock,Cash UR Drive,CUDML.NS,Advertising & Media Agencies,"Media, Entertainment & Publication",191.36,0.0,18.52,94.54,108.79,43.71,6.51,40.31,,insufficient_data,0,,,,,{},insufficient_data,insufficient_data,,,,,False,False,,0.0
stock,Digicontent,DGCONTENT.NS,Advertising & Media Agencies,"Media, Entertainment & Publication",140.17,0.0,-1.93,17.17,123.3,11.63,8.23,23.95,,not_stage_2,1,24.72,26.39,-1.15,0.00105,"{'price_above_30w_ma': False, '30w_ma_rising': False, 'price_above_10w_ma': False, 'relative_strength_positive': True, 'near_52w_high': False}",leading,leading,100.69,102.53,0.61,-0.85,False,False,2026-09-02 ratio=100.08 momentum=103.38; 2026-09-03 ratio=99.66 momentum=102.12; 2026-09-04 ratio=100.10 momentum=101.51; 2026-09-08 ratio=100.13 momentum=101.39; 2026-09-09 ratio=100.69 momentum=102.53,56.1
stock,Pramara Promotio,PRAMARA.NS,Advertising & Media Agencies,"Media, Entertainment & Publication",122.64,0.0,3.91,5.96,59.27,6.49,12.22,14.95,,not_stage_2,0,97.4,225.17,-12.56,0.00416,"{'price_above_30w_ma': False, '30w_ma_rising': False, 'price_above_10w_ma': False, 'relative_strength_positive': False, 'near_52w_high': False}",lagging,lagging,98.13,95.94,-0.16,-0.88,False,False,2026-09-02 ratio=98.29 momentum=96.82; 2026-09-03 ratio=98.20 momentum=96.90; 2026-09-04 ratio=98.19 momentum=97.41; 2026-09-08 ratio=98.19 momentum=95.95; 2026-09-09 ratio=98.13 momentum=95.94,0.0
stock,Value 360 Commu.,VALUE360.NS,Advertising & Media Agencies,"Media, Entertainment & Publication",114.16,0.0,4.99,131.34,35.84,16.97,11.51,38.64,,insufficient_data,0,,,,,{},insufficient_data,insufficient_data,,,,,False,False,,0.0
stock,Crayons Advertis,CRAYONS.NS,Advertising & Media Agencies,"Media, Entertainment & Publication",61.56,0.0,0.68,-94.03,171.88,26.88,16.37,5.55,,not_stage_2,0,25.2,31.09,-5.21,0.00108,"{'price_above_30w_ma': False, '30w_ma_rising': False, 'price_above_10w_ma': False, 'relative_strength_positive': False, 'near_52w_high': False}",improving,lagging,99.39,100.08,-0.07,2.51,False,False,2026-09-02 ratio=99.46 momentum=97.57; 2026-09-03 ratio=99.51 momentum=97.39; 2026-09-04 ratio=98.79 momentum=97.51; 2026-09-08 ratio=98.20 momentum=97.10; 2026-09-09 ratio=99.39 momentum=100.08,0.4
stock,Hind.Aeronautics,HAL.NS,Aerospace & Defense,Capital Goods,330613.87,0.91,1589.66,14.88,5515.17,14.45,35.47,31.97,,stage_2,5,5000.5,4384.35,1.95,0.21341,"{'price_above_30w_ma': True, '30w_ma_rising': True, 'price_above_10w_ma': True, 'relative_strength_positive': True, 'near_52w_high': True}",leading,weakening,101.97,101.77,1.2,5.68,True,False,2026-09-02 ratio=100.76 momentum=96.09; 2026-09-03 ratio=100.70 momentum=96.30; 2026-09-04 ratio=101.06 momentum=96.64; 2026-09-08 ratio=102.03 momentum=101.88; 2026-09-09 ratio=101.97 momentum=101.77,177.6
stock,Bharat Electron,BEL.NS,Aerospace & Defense,Capital Goods,295900.28,0.62,1054.53,8.7,5546.98,24.94,48.14,36.44,,not_stage_2,2,406.0,421.69,-0.69,0.01733,"{'price_above_30w_ma': False, '30w_ma_rising': False, 'price_above_10w_ma': False, 'relative_strength_positive': True, 'near_52w_high': True}",leading,leading,101.2,103.97,0.5,1.39,False,False,2026-09-03 ratio=100.70 momentum=102.58; 2026-09-04 ratio=100.34 momentum=99.96; 2026-09-07 ratio=100.41 momentum=101.68; 2026-09-08 ratio=101.30 momentum=103.10; 2026-09-09 ratio=101.20 momentum=103.97,85.85
stock,Bharat Dynamics,BDL.NS,Aerospace & Defense,Capital Goods,43840.21,0.41,118.79,547.36,572.24,130.81,84.18,13.84,,not_stage_2,0,1218.1,1302.07,-0.81,0.05199,"{'price_above_30w_ma': False, '30w_ma_rising': False, 'price_above_10w_ma': False, 'relative_strength_positive': False, 'near_52w_high': False}",lagging,lagging,99.08,97.46,-0.07,-0.24,False,False,2026-09-02 ratio=99.15 momentum=97.70; 2026-09-03 ratio=99.30 momentum=98.95; 2026-09-04 ratio=99.26 momentum=97.98; 2026-09-08 ratio=99.31 momentum=97.60; 2026-09-09 ratio=99.08 momentum=97.46,0.0
stock,Garden Reach Sh.,GRSE.NS,Aerospace & Defense,Capital Goods,27913.63,0.53,172.84,43.82,1814.62,38.53,34.87,42.82,,not_stage_2,2,2493.9,2598.13,0.53,0.10643,"{'price_above_30w_ma': False, '30w_ma_rising': True, 'price_above_10w_ma': False, 'relative_strength_positive': False, 'near_52w_high': True}",improving,lagging,99.47,100.18,0.83,3.41,False,True,2026-09-02 ratio=98.65 momentum=96.76; 2026-09-03 ratio=98.93 momentum=98.49; 2026-09-04 ratio=99.26 momentum=99.72; 2026-09-08 ratio=99.60 momentum=100.51; 2026-09-09 ratio=99.47 momentum=100.18,41.96
stock,Data Pattern,DATAPATTNS.NS,Aerospace & Defense,Capital Goods,26755.34,0.21,22.06,-13.49,116.03,16.81,99.0,21.92,,stage_2,5,4883.2,4030.12,7.63,0.2084,"{'price_above_30w_ma': True, '30w_ma_rising': True, 'price_above_10w_ma': True, 'relative_strength_positive': True, 'near_52w_high': True}",leading,weakening,102.42,102.93,1.94,5.22,True,False,2026-09-02 ratio=100.48 momentum=97.71; 2026-09-03 ratio=100.89 momentum=99.81; 2026-09-04 ratio=100.84 momentum=98.19; 2026-09-08 ratio=102.66 momentum=102.27; 2026-09-09 ratio=102.42 momentum=102.93,197.01
stock,Astra Microwave,ASTRAMICRO.NS,Aerospace & Defense,Capital Goods,16121.14,0.14,12.35,-24.09,176.66,-11.55,85.28,20.28,,not_stage_2,3,1706.1,1383.22,8.09,0.07281,"{'price_above_30w_ma': True, '30w_ma_rising': True, 'price_above_10w_ma': False, 'relative_strength_positive': False, 'near_52w_high': True}",leading,lagging,100.26,101.41,1.3,3.53,True,False,2026-09-03 ratio=98.96 momentum=97.87; 2026-09-04 ratio=100.07 momentum=102.32; 2026-09-07 ratio=99.91 momentum=101.81; 2026-09-08 ratio=100.92 momentum=102.21; 2026-09-09 ratio=100.26 momentum=101.41,114.53
stock,Zen Technologies,ZENTEC.NS,Aerospace & Defense,Capital Goods,15799.46,0.06,31.85,-23.2,141.64,-10.48,86.95,16.18,,stage_2,4,1762.3,1653.58,4.13,0.07521,"{'price_above_30w_ma': True, '30w_ma_rising': True, 'price_above_10w_ma': False, 'relative_strength_positive': True, 'near_52w_high': True}",weakening,weakening,100.28,98.86,-0.39,0.73,False,False,2026-09-02 ratio=100.67 momentum=98.13; 2026-09-03 ratio=100.49 momentum=98.51; 2026-09-04 ratio=100.35 momentum=97.38; 2026-09-08 ratio=100.84 momentum=99.56; 2026-09-09 ratio=100.28 momentum=98.86,114.66
stock,Aequs,AEQUS.NS,Aerospace & Defense,Capital Goods,15436.02,0.0,-53.23,-1457.91,395.55,54.77,,1.69,,not_stage_2,3,230.55,195.99,7.81,0.00984,"{'price_above_30w_ma': True, '30w_ma_rising': True, 'price_above_10w_ma': False, 'relative_strength_positive': False, 'near_52w_high': True}",lagging,weakening,99.63,97.17,-1.21,-0.71,False,False,2026-09-03 ratio=100.84 momentum=97.88; 2026-09-04 ratio=100.31 momentum=96.10; 2026-09-07 ratio=99.62 momentum=95.77; 2026-09-08 ratio=99.57 momentum=96.56; 2026-09-09 ratio=99.63 momentum=97.17,75.62
stock,Apollo Micro Sys,APOLLO.NS,Aerospace & Defense,Capital Goods,15363.58,0.06,25.21,45.38,251.29,88.12,126.64,14.47,,stage_2,5,422.45,334.39,6.67,0.01803,"{'price_above_30w_ma': True, '30w_ma_rising': True, 'price_above_10w_ma': True, 'relative_strength_positive': True, 'near_52w_high': True}",leading,improving,102.58,102.7,3.08,0.21,True,False,2026-09-03 ratio=99.50 momentum=102.48; 2026-09-04 ratio=99.85 momentum=104.00; 2026-09-07 ratio=101.00 momentum=103.67; 2026-09-08 ratio=102.14 momentum=103.12; 2026-09-09 ratio=102.58 momentum=102.70,194.74
stock,Sigma Advanced System,SIGMAADV.NS,Aerospace & Defense,Capital Goods,15052.54,0.0,35.41,-81.87,374.28,7083.88,90.51,60.82,,stage_2,5,755.1,422.62,21.72,0.03223,"{'price_above_30w_ma': True, '30w_ma_rising': True, 'price_above_10w_ma': True, 'relative_strength_positive': True, 'near_52w_high': True}",weakening,leading,101.54,98.85,-0.16,-2.26,False,False,2026-09-03 ratio=101.70 momentum=101.11; 2026-09-04 ratio=101.70 momentum=100.48; 2026-09-07 ratio=101.40 momentum=101.01; 2026-09-08 ratio=101.81 momentum=101.09; 2026-09-09 ratio=101.54 momentum=98.85,176.14
stock,Hindalco Inds.,HINDALCO.NS,Aluminium,Metals & Mining,228291.16,0.49,7013.0,116.7,84825.0,32.06,10.96,13.21,,stage_2,5,1026.9,996.99,1.17,0.04383,"{'price_above_30w_ma': True, '30w_ma_rising': True, 'price_above_10w_ma': True, 'relative_strength_positive': True, 'near_52w_high': True}",leading,weakening,101.56,100.25,0.84,1.84,True,False,2026-09-02 ratio=100.72 momentum=98.41; 2026-09-03 ratio=100.75 momentum=99.37; 2026-09-04 ratio=100.72 momentum=98.96; 2026-09-08 ratio=100.93 momentum=97.11; 2026-09-09 ratio=101.56 momentum=100.25,166.39
stock,Vedanta Aluminium Metal,VAML.NS,Aluminium,Metals & Mining,170884.32,1.83,6597.0,216.06,21393.0,45.99,10.8,,,insufficient_data,0,,,,,{},leading,improving,101.14,100.17,1.39,0.1,True,False,2026-09-07 ratio=99.74 momentum=100.07; 2026-09-08 ratio=99.80 momentum=100.52; 2026-09-09 ratio=101.14 momentum=100.17,36.55
stock,Natl. Aluminium,NATIONALUM.NS,Aluminium,Metals & Mining,68317.36,3.08,2003.14,90.87,5302.38,39.28,10.12,39.59,,not_stage_2,4,377.6,382.24,0.71,0.01612,"{'price_above_30w_ma': False, '30w_ma_rising': True, 'price_above_10w_ma': True, 'relative_strength_positive': True, 'near_52w_high': True}",weakening,weakening,101.04,98.14,0.4,-0.84,False,False,2026-09-03 ratio=100.64 momentum=98.98; 2026-09-04 ratio=100.60 momentum=98.15; 2026-09-07 ratio=100.27 momentum=96.56; 2026-09-08 ratio=100.60 momentum=97.78; 2026-09-09 ratio=101.04 momentum=98.14,86.62
stock,Arfin India,ARFIN.NS,Aluminium,Metals & Mining,1481.1,0.12,3.53,246.08,207.96,91.23,91.94,13.96,,stage_2,5,88.77,86.8,1.64,0.00379,"{'price_above_30w_ma': True, '30w_ma_rising': True, 'price_above_10w_ma': True, 'relative_strength_positive': True, 'near_52w_high': True}",leading,leading,101.29,102.0,0.15,-1.67,False,False,2026-09-03 ratio=101.14 momentum=103.66; 2026-09-04 ratio=100.48 momentum=101.70; 2026-09-07 ratio=103.08 momentum=103.57; 2026-09-08 ratio=101.89 momentum=102.42; 2026-09-09 ratio=101.29 momentum=102.00,164.73
stock,MMP Industries,MMP.NS,Aluminium,Metals & Mining,1137.53,0.45,13.7,15.32,232.6,26.9,25.51,12.49,,stage_2,5,460.25,284.12,8.42,0.01964,"{'price_above_30w_ma': True, '30w_ma_rising': True, 'price_above_10w_ma': True, 'relative_strength_positive': True, 'near_52w_high': True}",leading,weakening,102.48,100.77,1.01,4.32,True,False,2026-09-02 ratio=101.47 momentum=96.45; 2026-09-03 ratio=101.65 momentum=96.05; 2026-09-04 ratio=101.72 momentum=96.55; 2026-09-08 ratio=102.97 momentum=101.21; 2026-09-09 ratio=102.48 momentum=100.77,188.09
stock,Maan Aluminium,MAANALU.NS,Aluminium,Metals & Mining,671.63,0.0,3.1,13.55,231.86,9.79,50.12,7.74,,not_stage_2,0,111.27,129.88,-3.11,0.00475,"{'price_above_30w_ma': False, '30w_ma_rising': False, 'price_above_10w_ma': False, 'relative_strength_positive': False, 'near_52w_high': False}",lagging,improving,98.5,99.01,-1.23,-1.79,False,False,2026-09-02 ratio=99.73 momentum=100.80; 2026-09-03 ratio=100.58 momentum=102.74; 2026-09-04 ratio=99.74 momentum=100.72; 2026-09-08 ratio=99.08 momentum=99.46; 2026-09-09 ratio=98.50 momentum=99.01,0.0
stock,Jainik Power,JAINIK.NS,Aluminium,Metals & Mining,305.61,0.0,7.85,64.57,208.91,9.73,21.8,29.88,,insufficient_data,0,,,,,{},insufficient_data,insufficient_data,,,,,False,False,,0.0
stock,Manaksia Alumi.,MANAKALUCO.NS,Aluminium,Metals & Mining,245.86,0.13,2.85,82.69,139.59,3.85,27.78,10.15,,not_stage_2,3,38.74,33.93,-0.36,0.00165,"{'price_above_30w_ma': True, '30w_ma_rising': False, 'price_above_10w_ma': True, 'relative_strength_positive': True, 'near_52w_high': False}",leading,leading,101.3,100.25,1.07,0.13,False,False,2026-09-02 ratio=100.22 momentum=100.12; 2026-09-03 ratio=100.53 momentum=101.57; 2026-09-04 ratio=100.71 momentum=101.37; 2026-09-08 ratio=101.43 momentum=104.33; 2026-09-09 ratio=101.30 momentum=100.25,87.75
stock,Hind Aluminium,HINDALUMI.NS,Aluminium,Metals & Mining,60.22,0.0,1.91,-51.03,5.36,405.66,16.23,-2.7,,insufficient_data,0,,,,,{},insufficient_data,insufficient_data,,,,,False,False,,0.0
stock,Prec. Wires (I),PRECWIRE.NS,"Aluminium, Copper & Zinc Products",Capital Goods,8493.28,0.27,46.45,71.47,1779.24,59.49,48.64,32.94,,stage_2,5,474.35,385.87,8.7,0.02024,"{'price_above_30w_ma': True, '30w_ma_rising': True, 'price_above_10w_ma': True, 'relative_strength_positive': True, 'near_52w_high': True}",leading,leading,101.68,102.02,-0.34,1.03,False,False,2026-09-02 ratio=102.02 momentum=100.99; 2026-09-03 ratio=102.06 momentum=100.94; 2026-09-04 ratio=101.61 momentum=100.42; 2026-09-08 ratio=101.81 momentum=101.04; 2026-09-09 ratio=101.68 momentum=102.02,180.9
stock,CMR Green Tech.,CMRGREEN.NS,"Aluminium, Copper & Zinc Products",Capital Goods,4828.86,0.0,68.18,16.41,3122.73,64.92,21.85,13.98,,insufficient_data,0,,,,,{},leading,leading,100.22,102.53,-0.63,-0.68,False,False,2026-09-03 ratio=100.85 momentum=103.22; 2026-09-04 ratio=100.67 momentum=103.24; 2026-09-07 ratio=100.14 momentum=101.22; 2026-09-08 ratio=100.53 momentum=102.92; 2026-09-09 ratio=100.22 momentum=102.53,33.75
stock,Vidya Wires,VIDYAWIRES.NS,"Aluminium, Copper & Zinc Products",Capital Goods,1917.21,0.0,17.14,41.42,549.71,33.5,30.59,20.59,,stage_2,4,89.76,81.83,7.3,0.00383,"{'price_above_30w_ma': True, '30w_ma_rising': True, 'price_above_10w_ma': False, 'relative_strength_positive': True, 'near_52w_high': True}",leading,improving,100.27,103.86,0.68,1.97,True,False,2026-09-03 ratio=99.59 momentum=101.89; 2026-09-04 ratio=99.76 momentum=102.58; 2026-09-07 ratio=99.41 momentum=101.84; 2026-09-08 ratio=99.83 momentum=104.06; 2026-09-09 ratio=100.27 momentum=103.86,170.25
stock,Sunlite Recycli.,SUNLITE.NS,"Aluminium, Copper & Zinc Products",Capital Goods,974.0,0.0,25.8,257.84,1642.41,116.13,24.26,46.52,,insufficient_data,0,,,,,{},insufficient_data,insufficient_data,,,,,False,False,,0.0
stock,Baheti Recycling,BAHETI.NS,"Aluminium, Copper & Zinc Products",Capital Goods,865.68,0.0,17.79,61.87,409.72,53.38,31.99,21.66,,stage_2,5,826.35,655.85,5.0,0.03527,"{'price_above_30w_ma': True, '30w_ma_rising': True, 'price_above_10w_ma': True, 'relative_strength_positive': True, 'near_52w_high': True}",weakening,weakening,101.63,97.37,-0.37,-2.6,False,False,2026-09-02 ratio=102.00 momentum=99.98; 2026-09-03 ratio=102.06 momentum=101.07; 2026-09-04 ratio=101.86 momentum=99.04; 2026-09-08 ratio=101.64 momentum=97.52; 2026-09-09 ratio=101.63 momentum=97.37,143.15
stock,Shera Energy,SHERA.NS,"Aluminium, Copper & Zinc Products",Capital Goods,466.3,0.0,12.64,88.26,487.67,26.1,13.63,19.54,,stage_2,5,184.45,150.34,5.64,0.00787,"{'price_above_30w_ma': True, '30w_ma_rising': True, 'price_above_10w_ma': True, 'relative_strength_positive': True, 'near_52w_high': True}",leading,weakening,102.06,100.99,0.79,3.74,True,False,2026-09-02 ratio=101.27 momentum=97.24; 2026-09-03 ratio=101.88 momentum=102.41; 2026-09-04 ratio=101.75 momentum=100.22; 2026-09-08 ratio=102.20 momentum=102.54; 2026-09-09 ratio=102.06 momentum=100.99,181.53
stock,ANB Metal,AMCL.NS,"Aluminium, Copper & Zinc Products",Capital Goods,437.89,0.0,12.97,199.54,137.39,115.08,20.4,29.63,,insufficient_data,0,,,,,{},insufficient_data,insufficient_data,,,,,False,False,,0.0
stock,Euro Panel,EUROBOND.NS,"Aluminium, Copper & Zinc Products",Capital Goods,367.26,0.0,4.96,-13.29,119.62,14.1,13.89,16.95,,not_stage_2,0,150.15,165.78,-1.89,0.00641,"{'price_above_30w_ma': False, '30w_ma_rising': False, 'price_above_10w_ma': False, 'relative_strength_positive': False, 'near_52w_high': False}",improving,lagging,99.07,101.57,0.68,2.86,False,True,2026-09-02 ratio=98.38 momentum=98.70; 2026-09-03 ratio=98.65 momentum=99.30; 2026-09-04 ratio=98.65 momentum=99.53; 2026-09-08 ratio=99.59 momentum=101.36; 2026-09-09 ratio=99.07 momentum=101.57,7.85
stock,Century Extrus.,CENTEXT.NS,"Aluminium, Copper & Zinc Products",Capital Goods,182.57,0.0,3.77,59.75,138.36,32.85,14.23,19.29,,not_stage_2,3,21.94,20.24,-0.43,0.00094,"{'price_above_30w_ma': True, '30w_ma_rising': False, 'price_above_10w_ma': True, 'relative_strength_positive': True, 'near_52w_high': False}",weakening,weakening,101.32,99.8,-0.19,0.1,False,False,2026-09-02 ratio=101.51 momentum=99.70; 2026-09-03 ratio=100.70 momentum=100.69; 2026-09-04 ratio=100.00 momentum=99.20; 2026-09-08 ratio=100.89 momentum=98.45; 2026-09-09 ratio=101.32 momentum=99.80,66.6
stock,M Tek Copper,MCL.NS,"Aluminium, Copper & Zinc Products",Capital Goods,162.48,0.0,1.05,0.96,80.26,73.72,35.95,12.62,,not_stage_2,2,58.95,59.38,-4.6,0.00252,"{'price_above_30w_ma': False, '30w_ma_rising': False, 'price_above_10w_ma': True, 'relative_strength_positive': True, 'near_52w_high': False}",leading,leading,101.96,100.82,0.4,-0.8,False,False,2026-09-03 ratio=101.55 momentum=101.62; 2026-09-04 ratio=101.40 momentum=101.48; 2026-09-07 ratio=100.92 momentum=99.71; 2026-09-08 ratio=102.02 momentum=103.02; 2026-09-09 ratio=101.96 momentum=100.82,73.9
stock,Wonderla Holiday,WONDERLA.NS,Amusement Parks/ Other Recreation,Consumer Services,3296.71,0.39,72.8,38.48,242.63,44.22,31.17,6.2,,stage_2,5,517.1,499.47,0.69,0.02207,"{'price_above_30w_ma': True, '30w_ma_rising': True, 'price_above_10w_ma': True, 'relative_strength_positive': True, 'near_52w_high': True}",weakening,leading,101.69,99.41,-0.45,-3.4,False,False,2026-09-02 ratio=102.14 momentum=102.80; 2026-09-03 ratio=101.88 momentum=102.51; 2026-09-04 ratio=102.11 momentum=98.50; 2026-09-08 ratio=101.63 momentum=98.98; 2026-09-09 ratio=101.69 momentum=99.41,134.83
stock,Imagica. Enter.,IMAGICAA.NS,Amusement Parks/ Other Recreation,Consumer Services,3025.84,0.0,57.57,26.19,177.6,19.92,237.51,1.86,,stage_2,5,54.8,46.25,1.38,0.00234,"{'price_above_30w_ma': True, '30w_ma_rising': True, 'price_above_10w_ma': True, 'relative_strength_positive': True, 'near_52w_high': True}",leading,leading,101.89,100.1,-0.1,-1.3,False,False,2026-09-03 ratio=101.99 momentum=101.39; 2026-09-04 ratio=102.09 momentum=100.91; 2026-09-07 ratio=101.90 momentum=100.41; 2026-09-08 ratio=101.77 momentum=100.34; 2026-09-09 ratio=101.89 momentum=100.10,157.71
stock,Delta Corp,DELTACORP.NS,Amusement Parks/ Other Recreation,Consumer Services,1452.18,0.92,-212.57,219.62,168.55,-8.48,9.42,5.08,,not_stage_2,0,55.25,63.26,-1.73,0.00236,"{'price_above_30w_ma': False, '30w_ma_rising': False, 'price_above_10w_ma': False, 'relative_strength_positive': False, 'near_52w_high': False}",lagging,lagging,98.31,97.89,0.47,-2.0,False,False,2026-09-03 ratio=97.84 momentum=99.89; 2026-09-04 ratio=97.91 momentum=100.68; 2026-09-07 ratio=98.16 momentum=100.60; 2026-09-08 ratio=98.11 momentum=97.24; 2026-09-09 ratio=98.31 momentum=97.89,0.0
stock,Nicco Parks,NICCOPAR.NS,Amusement Parks/ Other Recreation,Consumer Services,380.8,1.56,5.47,68.83,19.05,-27.54,64.43,13.52,,insufficient_data,0,,,,,{},insufficient_data,insufficient_data,,,,,False,False,,0.0
stock,Godrej Agrovet,GODREJAGRO.NS,Animal Feed,Fast Moving Consumer Goods,12954.08,1.63,128.31,-16.21,2855.22,9.22,27.61,19.16,,stage_2,5,674.65,586.38,1.45,0.02879,"{'price_above_30w_ma': True, '30w_ma_rising': True, 'price_above_10w_ma': True, 'relative_strength_positive': True, 'near_52w_high': True}",leading,leading,102.89,100.22,-0.88,-2.35,False,False,2026-09-02 ratio=103.77 momentum=102.57; 2026-09-03 ratio=103.01 momentum=101.73; 2026-09-04 ratio=102.33 momentum=101.97; 2026-09-08 ratio=103.05 momentum=104.83; 2026-09-09 ratio=102.89 momentum=100.22,163.45
stock,Avanti Feeds,AVANTIFEED.NS,Animal Feed,Fast Moving Consumer Goods,11103.98,1.23,116.3,-42.0,1899.86,18.32,20.64,24.38,,not_stage_2,0,807.15,1118.39,-2.11,0.03445,"{'price_above_30w_ma': False, '30w_ma_rising': False, 'price_above_10w_ma': False, 'relative_strength_positive': False, 'near_52w_high': False}",improving,lagging,98.96,101.81,0.65,3.39,False,True,2026-09-03 ratio=98.31 momentum=98.42; 2026-09-04 ratio=98.42 momentum=100.34; 2026-09-07 ratio=98.38 momentum=98.84; 2026-09-08 ratio=99.28 momentum=103.38; 2026-09-09 ratio=98.96 momentum=101.81,9.05
stock,Mukka Proteins,MUKKA.NS,Animal Feed,Fast Moving Consumer Goods,915.26,0.0,18.64,1142.76,489.65,186.73,13.24,11.61,,stage_2,5,29.86,23.74,2.55,0.00127,"{'price_above_30w_ma': True, '30w_ma_rising': True, 'price_above_10w_ma': True, 'relative_strength_positive': True, 'near_52w_high': True}",leading,leading,102.32,101.0,-0.71,-0.7,False,False,2026-09-03 ratio=103.03 momentum=101.70; 2026-09-04 ratio=103.84 momentum=101.90; 2026-09-07 ratio=103.64 momentum=102.04; 2026-09-08 ratio=102.76 momentum=101.41; 2026-09-09 ratio=102.32 momentum=101.00,166.7
stock,KSE,KSE.NS,Animal Feed,Fast Moving Consumer Goods,572.94,7.0,0.94,-98.44,453.67,9.06,12.43,33.55,,insufficient_data,0,,,,,{},insufficient_data,insufficient_data,,,,,False,False,,0.0
stock,Narmada Agrobase,NARMADA.NS,Animal Feed,Fast Moving Consumer Goods,107.19,0.0,0.75,-26.47,22.26,100.9,29.86,8.95,,not_stage_2,0,14.59,16.9,-1.01,0.00062,"{'price_above_30w_ma': False, '30w_ma_rising': False, 'price_above_10w_ma': False, 'relative_strength_positive': False, 'near_52w_high': False}",improving,improving,99.55,103.13,0.74,2.37,False,True,2026-09-02 ratio=98.81 momentum=100.76; 2026-09-03 ratio=98.85 momentum=102.07; 2026-09-04 ratio=98.81 momentum=104.43; 2026-09-08 ratio=99.55 momentum=103.06; 2026-09-09 ratio=99.55 momentum=103.13,15.65
stock,Ajooni Biotech,AJOONI.NS,Animal Feed,Fast Moving Consumer Goods,60.29,0.0,0.43,-44.87,63.49,103.04,15.22,6.49,,not_stage_2,0,3.5,4.05,-2.3,0.00015,"{'price_above_30w_ma': False, '30w_ma_rising': False, 'price_above_10w_ma': False, 'relative_strength_positive': False, 'near_52w_high': False}",lagging,improving,98.59,97.61,-0.78,-2.67,False,False,2026-09-03 ratio=99.37 momentum=100.28; 2026-09-04 ratio=99.34 momentum=100.60; 2026-09-07 ratio=98.07 momentum=98.07; 2026-09-08 ratio=97.98 momentum=99.38; 2026-09-09 ratio=98.59 momentum=97.61,0.0
stock,ICICI AMC,ICICIAMC.NS,Asset Management Company,Financial Services,149963.28,0.9,964.63,23.1,1564.22,17.55,43.02,115.1,,not_stage_2,2,3003.5,3158.71,0.6,0.12818,"{'price_above_30w_ma': False, '30w_ma_rising': True, 'price_above_10w_ma': False, 'relative_strength_positive': False, 'near_52w_high': True}",lagging,lagging,99.66,98.56,0.93,0.62,False,False,2026-09-03 ratio=98.73 momentum=97.94; 2026-09-04 ratio=98.66 momentum=97.34; 2026-09-07 ratio=99.25 momentum=98.45; 2026-09-08 ratio=99.45 momentum=97.58; 2026-09-09 ratio=99.66 momentum=98.56,41.2
stock,SBI Funds Mgt.,SBIFUNDS.NS,Asset Management Company,Financial Services,112371.54,0.0,880.26,3.7,1152.73,15.16,36.26,56.5,,insufficient_data,0,,,,,{},insufficient_data,insufficient_data,,,,,False,False,,0.0
stock,HDFC AMC,HDFCAMC.NS,Asset Management Company,Financial Services,104922.92,2.22,838.36,12.09,1098.5,13.51,35.57,42.88,,not_stage_2,1,2440.0,2597.97,-0.51,0.10413,"{'price_above_30w_ma': False, '30w_ma_rising': False, 'price_above_10w_ma': False, 'relative_strength_positive': False, 'near_52w_high': True}",lagging,lagging,99.17,97.04,-0.25,-2.83,False,False,2026-09-02 ratio=99.41 momentum=99.87; 2026-09-03 ratio=99.32 momentum=98.40; 2026-09-04 ratio=98.77 momentum=98.03; 2026-09-08 ratio=98.98 momentum=98.37; 2026-09-09 ratio=99.17 momentum=97.04,20.0
stock,Nippon Life Ind.,NAM-INDIA.NS,Asset Management Company,Financial Services,75742.59,1.81,503.7,27.16,766.87,26.42,46.27,43.8,,stage_2,4,1164.8,1065.02,4.02,0.04971,"{'price_above_30w_ma': True, '30w_ma_rising': True, 'price_above_10w_ma': False, 'relative_strength_positive': True, 'near_52w_high': True}",weakening,lagging,100.58,98.44,0.69,0.62,False,False,2026-09-03 ratio=99.89 momentum=97.82; 2026-09-04 ratio=99.65 momentum=96.53; 2026-09-07 ratio=101.07 momentum=97.93; 2026-09-08 ratio=101.07 momentum=99.68; 2026-09-09 ratio=100.58 momentum=98.44,115.94
stock,Aditya AMC,ABSLAMC.NS,Asset Management Company,Financial Services,31527.71,2.34,309.49,11.68,462.96,3.48,31.23,32.23,,stage_2,5,1066.5,1031.96,3.21,0.04552,"{'price_above_30w_ma': True, '30w_ma_rising': True, 'price_above_10w_ma': True, 'relative_strength_positive': True, 'near_52w_high': True}",leading,improving,100.69,104.84,1.13,3.06,True,False,2026-09-02 ratio=99.56 momentum=101.78; 2026-09-03 ratio=99.95 momentum=103.29; 2026-09-04 ratio=100.21 momentum=103.21; 2026-09-08 ratio=100.05 momentum=103.35; 2026-09-09 ratio=100.69 momentum=104.84,189.07
stock,UTI AMC,UTIAMC.NS,Asset Management Company,Financial Services,11851.46,4.34,293.86,24.07,583.51,6.7,22.2,15.57,,not_stage_2,1,900.9,943.96,-1.79,0.03845,"{'price_above_30w_ma': False, '30w_ma_rising': False, 'price_above_10w_ma': False, 'relative_strength_positive': True, 'near_52w_high': False}",leading,improving,100.33,102.4,1.08,0.57,True,False,2026-09-03 ratio=99.25 momentum=101.83; 2026-09-04 ratio=99.26 momentum=102.09; 2026-09-07 ratio=99.64 momentum=103.50; 2026-09-08 ratio=100.09 momentum=103.52; 2026-09-09 ratio=100.33 momentum=102.40,63.65
stock,Canara Robeco,CRAMC.NS,Asset Management Company,Financial Services,4792.03,1.67,75.6,23.98,145.37,20.07,21.94,40.11,,not_stage_2,1,238.7,251.42,0.03,0.01019,"{'price_above_30w_ma': False, '30w_ma_rising': True, 'price_above_10w_ma': False, 'relative_strength_positive': False, 'near_52w_high': False}",lagging,lagging,97.96,96.97,-1.49,0.41,False,False,2026-09-03 ratio=99.44 momentum=96.55; 2026-09-04 ratio=99.42 momentum=96.01; 2026-09-07 ratio=99.19 momentum=97.67; 2026-09-08 ratio=98.15 momentum=98.00; 2026-09-09 ratio=97.96 momentum=96.97,20.06
stock,Gaja Alternative Asset,GAJA.NS,Asset Management Company,Financial Services,2196.4,0.48,27.21,35.66,15.64,-49.15,25.45,17.02,,insufficient_data,0,,,,,{},insufficient_data,insufficient_data,,,,,False,False,,0.0
stock,IL&FS Inv.Manag.,IVC.NS,Asset Management Company,Financial Services,303.98,12.4,1.21,23.86,8.17,40.86,74.69,4.11,,stage_2,5,9.97,7.95,2.7,0.00043,"{'price_above_30w_ma': True, '30w_ma_rising': True, 'price_above_10w_ma': True, 'relative_strength_positive': True, 'near_52w_high': True}",leading,leading,102.95,102.4,-1.51,0.37,False,False,2026-09-02 ratio=104.46 momentum=102.03; 2026-09-03 ratio=104.57 momentum=102.08; 2026-09-04 ratio=103.97 momentum=101.88; 2026-09-08 ratio=103.25 momentum=101.96; 2026-09-09 ratio=102.95 momentum=102.40,177.15
stock,Samvardh. Mothe.,MOTHERSON.NS,Auto Components & Equipments,Automobile and Auto Components,172143.35,0.37,1075.66,81.52,35243.77,16.65,37.67,13.43,,stage_2,5,163.7,139.18,4.73,0.00699,"{'price_above_30w_ma': True, '30w_ma_rising': True, 'price_above_10w_ma': True, 'relative_strength_positive': True, 'near_52w_high': True}",weakening,weakening,101.19,99.71,0.31,3.44,False,False,2026-09-03 ratio=100.88 momentum=96.27; 2026-09-04 ratio=100.71 momentum=96.26; 2026-09-07 ratio=100.89 momentum=96.79; 2026-09-08 ratio=101.12 momentum=99.04; 2026-09-09 ratio=101.19 momentum=99.71,140.41
stock,Bosch,BOSCHLTD.NS,Auto Components & Equipments,Automobile and Auto Components,144455.64,0.55,706.1,5.2,5841.9,22.0,61.13,21.54,,stage_2,5,49100.0,39018.17,4.36,2.09547,"{'price_above_30w_ma': True, '30w_ma_rising': True, 'price_above_10w_ma': True, 'relative_strength_positive': True, 'near_52w_high': True}",weakening,weakening,101.82,99.06,0.63,3.18,False,False,2026-09-03 ratio=101.19 momentum=95.88; 2026-09-04 ratio=101.07 momentum=97.05; 2026-09-07 ratio=101.46 momentum=98.33; 2026-09-08 ratio=101.70 momentum=98.88; 2026-09-09 ratio=101.82 momentum=99.06,142.82
stock,Bharat Forge,BHARATFORG.NS,Auto Components & Equipments,Automobile and Auto Components,93603.4,0.43,-89.89,-57.72,4639.94,18.71,92.7,12.61,,not_stage_2,3,1979.6,1958.26,3.32,0.08448,"{'price_above_30w_ma': True, '30w_ma_rising': True, 'price_above_10w_ma': False, 'relative_strength_positive': False, 'near_52w_high': True}",improving,lagging,98.99,101.94,0.9,3.58,False,True,2026-09-03 ratio=98.09 momentum=98.36; 2026-09-04 ratio=97.80 momentum=98.07; 2026-09-07 ratio=98.05 momentum=99.27; 2026-09-08 ratio=99.06 momentum=100.94; 2026-09-09 ratio=98.99 momentum=101.94,76.34
stock,Uno Minda,UNOMINDA.NS,Auto Components & Equipments,Automobile and Auto Components,70644.84,0.22,315.51,1.76,5556.85,23.79,57.8,19.65,,stage_2,5,1229.0,1141.55,0.89,0.05245,"{'price_above_30w_ma': True, '30w_ma_rising': True, 'price_above_10w_ma': True, 'relative_strength_positive': True, 'near_52w_high': True}",weakening,weakening,101.05,98.72,-0.43,-0.45,False,False,2026-09-03 ratio=101.48 momentum=99.17; 2026-09-04 ratio=101.09 momentum=97.67; 2026-09-07 ratio=101.02 momentum=98.65; 2026-09-08 ratio=101.04 momentum=99.22; 2026-09-09 ratio=101.05 momentum=98.72,132.03
stock,Schaeffler India,SCHAEFFLER.NS,Auto Components & Equipments,Automobile and Auto Components,61556.26,0.89,336.73,13.67,2681.41,17.5,47.68,27.9,,not_stage_2,3,3933.8,4077.16,0.92,0.16789,"{'price_above_30w_ma': False, '30w_ma_rising': True, 'price_above_10w_ma': False, 'relative_strength_positive': True, 'near_52w_high': True}",improving,lagging,99.77,104.17,0.79,7.83,False,True,2026-09-02 ratio=98.98 momentum=96.35; 2026-09-03 ratio=98.89 momentum=99.20; 2026-09-04 ratio=98.95 momentum=100.83; 2026-09-08 ratio=99.55 momentum=102.32; 2026-09-09 ratio=99.77 momentum=104.17,82.69
stock,Tube Investments,TIINDIA.NS,Auto Components & Equipments,Automobile and Auto Components,51202.51,0.13,293.96,-15.25,6215.33,17.07,81.7,17.14,,not_stage_2,2,2678.3,2841.88,2.08,0.1143,"{'price_above_30w_ma': False, '30w_ma_rising': True, 'price_above_10w_ma': False, 'relative_strength_positive': False, 'near_52w_high': True}",lagging,lagging,99.22,98.76,0.25,2.96,False,False,2026-09-02 ratio=98.98 momentum=95.80; 2026-09-03 ratio=99.16 momentum=97.32; 2026-09-04 ratio=98.83 momentum=97.43; 2026-09-08 ratio=98.60 momentum=97.17; 2026-09-09 ratio=99.22 momentum=98.76,44.16
stock,Sona BLW Precis.,SONACOMS.NS,Auto Components & Equipments,Automobile and Auto Components,50089.2,0.42,220.11,73.37,1157.24,50.82,64.43,15.11,,stage_2,5,799.5,633.79,6.9,0.03412,"{'price_above_30w_ma': True, '30w_ma_rising': True, 'price_above_10w_ma': True, 'relative_strength_positive': True, 'near_52w_high': True}",leading,weakening,101.17,100.6,0.13,3.59,True,False,2026-09-03 ratio=101.04 momentum=97.01; 2026-09-04 ratio=100.82 momentum=96.68; 2026-09-07 ratio=100.84 momentum=97.22; 2026-09-08 ratio=101.15 momentum=99.64; 2026-09-09 ratio=101.17 momentum=100.60,177.65
stock,Endurance Tech.,ENDURANCE.NS,Auto Components & Equipments,Automobile and Auto Components,38221.35,0.42,244.52,8.03,4314.89,30.01,38.82,17.8,,stage_2,4,2755.7,2596.51,2.34,0.11761,"{'price_above_30w_ma': True, '30w_ma_rising': True, 'price_above_10w_ma': False, 'relative_strength_positive': True, 'near_52w_high': True}",weakening,lagging,100.25,97.86,0.41,1.28,False,False,2026-09-02 ratio=99.84 momentum=96.59; 2026-09-03 ratio=99.86 momentum=97.09; 2026-09-04 ratio=100.05 momentum=97.05; 2026-09-08 ratio=99.89 momentum=97.25; 2026-09-09 ratio=100.25 momentum=97.86,110.93
stock,Exide Inds.,EXIDEIND.NS,Auto Components & Equipments,Automobile and Auto Components,35759.19,0.48,351.3,28.38,5528.38,17.75,38.11,8.54,,not_stage_2,3,410.75,380.6,3.85,0.01753,"{'price_above_30w_ma': True, '30w_ma_rising': True, 'price_above_10w_ma': False, 'relative_strength_positive': False, 'near_52w_high': True}",lagging,lagging,99.02,96.75,-0.48,0.65,False,False,2026-09-03 ratio=99.51 momentum=96.10; 2026-09-04 ratio=99.49 momentum=96.36; 2026-09-07 ratio=99.59 momentum=96.89; 2026-09-08 ratio=99.29 momentum=96.85; 2026-09-09 ratio=99.02 momentum=96.75,67.7
stock,Dhoot Transmission,DHOOTTRANS.NS,Auto Components & Equipments,Automobile and Auto Components,32124.64,0.0,132.68,36.89,1446.42,49.68,71.72,24.36,,insufficient_data,0,,,,,{},insufficient_data,insufficient_data,,,,,False,False,,0.0
stock,United Spirits,UNITDSPR.NS,Breweries & Distilleries,Fast Moving Consumer Goods,101898.01,1.21,463.0,-20.54,2708.0,-10.36,54.98,26.39,,not_stage_2,3,1405.2,1367.84,1.15,0.05997,"{'price_above_30w_ma': True, '30w_ma_rising': True, 'price_above_10w_ma': False, 'relative_strength_positive': False, 'near_52w_high': True}",lagging,weakening,99.61,96.07,-1.08,-2.09,False,False,2026-09-03 ratio=100.69 momentum=98.16; 2026-09-04 ratio=100.37 momentum=97.14; 2026-09-07 ratio=99.93 momentum=96.29; 2026-09-08 ratio=100.05 momentum=96.82; 2026-09-09 ratio=99.61 momentum=96.07,62.3
stock,Radico Khaitan,RADICO.NS,Breweries & Distilleries,Fast Moving Consumer Goods,59547.05,0.2,229.6,69.15,1683.69,11.8,83.78,24.15,,stage_2,5,4414.0,3597.39,6.77,0.18838,"{'price_above_30w_ma': True, '30w_ma_rising': True, 'price_above_10w_ma': True, 'relative_strength_positive': True, 'near_52w_high': True}",weakening,weakening,100.79,97.46,-0.37,-0.18,False,False,2026-09-03 ratio=101.17 momentum=97.64; 2026-09-04 ratio=100.86 momentum=97.24; 2026-09-07 ratio=100.72 momentum=97.40; 2026-09-08 ratio=100.96 momentum=98.41; 2026-09-09 ratio=100.79 momentum=97.46,142.49
stock,United Breweries,UBL.NS,Breweries & Distilleries,Fast Moving Consumer Goods,33208.13,0.8,166.28,-9.54,3066.86,7.07,96.08,10.68,,not_stage_2,0,1266.7,1423.77,-1.92,0.05406,"{'price_above_30w_ma': False, '30w_ma_rising': False, 'price_above_10w_ma': False, 'relative_strength_positive': False, 'near_52w_high': False}",lagging,lagging,98.62,99.05,0.57,2.54,False,False,2026-09-02 ratio=98.05 momentum=96.51; 2026-09-03 ratio=98.24 momentum=98.66; 2026-09-04 ratio=98.15 momentum=97.96; 2026-09-08 ratio=97.91 momentum=97.62; 2026-09-09 ratio=98.62 momentum=99.05,0.0
stock,Allied Blenders,ABDL.NS,Breweries & Distilleries,Fast Moving Consumer Goods,17131.23,0.88,45.42,-12.98,978.94,6.08,76.8,18.38,,stage_2,4,604.15,559.8,2.69,0.02578,"{'price_above_30w_ma': True, '30w_ma_rising': True, 'price_above_10w_ma': False, 'relative_strength_positive': True, 'near_52w_high': True}",leading,improving,100.02,102.79,0.38,-0.16,False,False,2026-09-03 ratio=99.64 momentum=102.95; 2026-09-04 ratio=99.64 momentum=104.48; 2026-09-07 ratio=99.40 momentum=100.83; 2026-09-08 ratio=99.36 momentum=96.19; 2026-09-09 ratio=100.02 momentum=102.79,144.43
stock,Tilaknagar Inds.,TI.NS,Breweries & Distilleries,Fast Moving Consumer Goods,13313.73,0.19,31.59,-30.28,1046.03,155.67,58.9,11.78,,stage_2,5,530.9,464.28,3.6,0.02266,"{'price_above_30w_ma': True, '30w_ma_rising': True, 'price_above_10w_ma': True, 'relative_strength_positive': True, 'near_52w_high': True}",weakening,weakening,100.91,96.27,-0.36,-0.4,False,False,2026-09-02 ratio=101.26 momentum=96.67; 2026-09-03 ratio=101.08 momentum=96.06; 2026-09-04 ratio=100.86 momentum=96.30; 2026-09-08 ratio=101.03 momentum=96.32; 2026-09-09 ratio=100.91 momentum=96.27,136.75
stock,Piccadily Agro,PICCADIL.NS,Breweries & Distilleries,Fast Moving Consumer Goods,5918.77,0.17,21.44,16.33,251.18,17.42,42.12,18.01,,not_stage_2,2,599.8,612.56,1.23,0.0256,"{'price_above_30w_ma': False, '30w_ma_rising': True, 'price_above_10w_ma': False, 'relative_strength_positive': False, 'near_52w_high': True}",lagging,lagging,98.42,96.32,-0.46,-0.37,False,False,2026-09-03 ratio=98.88 momentum=96.68; 2026-09-04 ratio=98.72 momentum=95.95; 2026-09-07 ratio=98.75 momentum=96.61; 2026-09-08 ratio=98.56 momentum=96.43; 2026-09-09 ratio=98.42 momentum=96.32,42.46
stock,Globus Spirits,GLOBUSSPR.NS,Breweries & Distilleries,Fast Moving Consumer Goods,2635.35,0.78,26.48,49.05,788.78,12.71,26.21,11.25,,not_stage_2,0,849.8,906.75,-0.61,0.03627,"{'price_above_30w_ma': False, '30w_ma_rising': False, 'price_above_10w_ma': False, 'relative_strength_positive': False, 'near_52w_high': False}",lagging,leading,99.03,97.75,-1.63,-3.1,False,False,2026-09-02 ratio=100.67 momentum=100.86; 2026-09-03 ratio=101.09 momentum=104.05; 2026-09-04 ratio=100.82 momentum=103.23; 2026-09-08 ratio=99.16 momentum=97.31; 2026-09-09 ratio=99.03 momentum=97.75,0.0
stock,G M Breweries,GMBREW.NS,Breweries & Distilleries,Fast Moving Consumer Goods,2085.46,0.99,37.74,45.94,199.58,22.55,12.36,17.96,,not_stage_2,2,917.7,943.97,-1.23,0.03917,"{'price_above_30w_ma': False, '30w_ma_rising': False, 'price_above_10w_ma': True, 'relative_strength_positive': True, 'near_52w_high': False}",leading,improving,101.17,102.72,1.67,-0.87,False,False,2026-09-02 ratio=99.50 momentum=103.59; 2026-09-03 ratio=100.35 momentum=103.58; 2026-09-04 ratio=100.62 momentum=102.89; 2026-09-08 ratio=101.20 momentum=103.34; 2026-09-09 ratio=101.17 momentum=102.72,79.45
stock,India Glycols,INDIAGLYCO.NS,Breweries & Distilleries,Fast Moving Consumer Goods,2035.92,2.42,96.83,32.19,1130.39,8.64,6.42,12.4,,not_stage_2,0,301.3,962.67,-2.18,0.01286,"{'price_above_30w_ma': False, '30w_ma_rising': False, 'price_above_10w_ma': False, 'relative_strength_positive': False, 'near_52w_high': False}",lagging,lagging,97.2,98.58,3.48,1.64,False,False,2026-09-02 ratio=93.72 momentum=96.94; 2026-09-03 ratio=95.38 momentum=98.14; 2026-09-04 ratio=96.22 momentum=98.34; 2026-09-08 ratio=96.82 momentum=98.33; 2026-09-09 ratio=97.20 momentum=98.58,0.0
stock,Som Distilleries,SDBL.NS,Breweries & Distilleries,Fast Moving Consumer Goods,1471.55,0.0,1.56,-98.91,268.63,-49.16,,5.68,,not_stage_2,1,71.68,76.97,-2.31,0.00306,"{'price_above_30w_ma': False, '30w_ma_rising': False, 'price_above_10w_ma': False, 'relative_strength_positive': True, 'near_52w_high': False}",leading,leading,100.85,101.42,-0.05,-0.52,False,False,2026-09-03 ratio=100.90 momentum=101.95; 2026-09-04 ratio=101.32 momentum=102.47; 2026-09-07 ratio=101.73 momentum=102.93; 2026-09-08 ratio=100.92 momentum=101.65; 2026-09-09 ratio=100.85 momentum=101.42,51.35
stock,eClerx Services,ECLERX.NS,Business Process Outsourcing (BPO)/ Knowledge Process Outsourcing (KPO),Services,17914.81,0.05,164.24,15.99,1152.36,23.31,24.58,34.42,,not_stage_2,4,1922.6,1625.17,-1.64,0.08205,"{'price_above_30w_ma': True, '30w_ma_rising': False, 'price_above_10w_ma': True, 'relative_strength_positive': True, 'near_52w_high': True}",leading,leading,101.05,101.49,-0.31,-0.47,False,False,2026-09-02 ratio=101.36 momentum=101.96; 2026-09-03 ratio=101.17 momentum=102.31; 2026-09-04 ratio=100.78 momentum=100.71; 2026-09-08 ratio=101.09 momentum=102.73; 2026-09-09 ratio=101.05 momentum=101.49,112.7
stock,Firstsour.Solu.,FSL.NS,Business Process Outsourcing (BPO)/ Knowledge Process Outsourcing (KPO),Services,17767.66,2.19,165.92,30.01,2724.87,22.87,22.26,16.8,,not_stage_2,1,254.75,247.07,-1.51,0.01087,"{'price_above_30w_ma': True, '30w_ma_rising': False, 'price_above_10w_ma': False, 'relative_strength_positive': False, 'near_52w_high': False}",lagging,weakening,99.61,97.09,-0.43,-0.93,False,False,2026-09-03 ratio=100.04 momentum=98.01; 2026-09-04 ratio=99.96 momentum=96.32; 2026-09-07 ratio=99.76 momentum=96.61; 2026-09-08 ratio=99.70 momentum=96.08; 2026-09-09 ratio=99.61 momentum=97.09,20.0
stock,RPSG Ventures,RPSGVENT.NS,Business Process Outsourcing (BPO)/ Knowledge Process Outsourcing (KPO),Services,2780.72,0.0,253.09,34.95,3576.44,20.36,,10.61,,stage_2,4,863.7,858.64,2.28,0.03686,"{'price_above_30w_ma': True, '30w_ma_rising': True, 'price_above_10w_ma': False, 'relative_strength_positive': True, 'near_52w_high': True}",leading,lagging,100.16,102.66,1.53,4.43,True,False,2026-09-02 ratio=98.62 momentum=98.23; 2026-09-03 ratio=98.49 momentum=97.76; 2026-09-04 ratio=98.46 momentum=98.14; 2026-09-08 ratio=98.41 momentum=98.16; 2026-09-09 ratio=100.16 momentum=102.66,153.66
stock,Hinduja Global,HGS.NS,Business Process Outsourcing (BPO)/ Knowledge Process Outsourcing (KPO),Services,1786.38,1.3,-66.26,-45.26,1050.36,-0.56,,1.46,,not_stage_2,0,384.75,403.38,-0.43,0.01642,"{'price_above_30w_ma': False, '30w_ma_rising': False, 'price_above_10w_ma': False, 'relative_strength_positive': False, 'near_52w_high': False}",improving,lagging,98.74,102.18,0.17,4.58,False,True,2026-09-02 ratio=98.57 momentum=97.60; 2026-09-03 ratio=98.67 momentum=99.99; 2026-09-04 ratio=99.16 momentum=103.34; 2026-09-08 ratio=98.67 momentum=100.99; 2026-09-09 ratio=98.74 momentum=102.18,10.9
stock,One Point One,ONEPOINT.NS,Business Process Outsourcing (BPO)/ Knowledge Process Outsourcing (KPO),Services,1518.98,0.0,16.31,72.78,158.32,129.42,32.99,10.88,,stage_2,5,58.07,54.56,1.69,0.00248,"{'price_above_30w_ma': True, '30w_ma_rising': True, 'price_above_10w_ma': True, 'relative_strength_positive': True, 'near_52w_high': True}",leading,lagging,102.32,102.67,2.95,4.53,True,False,2026-09-03 ratio=99.38 momentum=98.14; 2026-09-04 ratio=100.95 momentum=102.71; 2026-09-07 ratio=101.58 momentum=102.83; 2026-09-08 ratio=100.91 momentum=102.22; 2026-09-09 ratio=102.32 momentum=102.67,183.33
stock,Alldigi Tech,ALLDIGI.NS,Business Process Outsourcing (BPO)/ Knowledge Process Outsourcing (KPO),Services,1222.34,7.47,18.12,21.69,150.28,4.43,13.26,27.89,,not_stage_2,2,802.7,808.76,-0.71,0.03426,"{'price_above_30w_ma': False, '30w_ma_rising': False, 'price_above_10w_ma': False, 'relative_strength_positive': True, 'near_52w_high': True}",leading,lagging,100.54,102.44,1.08,3.79,True,False,2026-09-02 ratio=99.45 momentum=98.66; 2026-09-03 ratio=99.78 momentum=102.71; 2026-09-04 ratio=99.94 momentum=100.87; 2026-09-08 ratio=100.32 momentum=101.72; 2026-09-09 ratio=100.54 momentum=102.44,84.9
stock,Kandarp Digi,KANDARP.NS,Business Process Outsourcing (BPO)/ Knowledge Process Outsourcing (KPO),Services,64.51,0.0,1.13,-15.67,16.35,4.01,34.87,11.22,,not_stage_2,0,79.8,124.59,-5.5,0.00341,"{'price_above_30w_ma': False, '30w_ma_rising': False, 'price_above_10w_ma': False, 'relative_strength_positive': False, 'near_52w_high': False}",lagging,lagging,96.44,96.4,-3.47,-3.59,False,False,2026-09-02 ratio=99.91 momentum=99.98; 2026-09-03 ratio=98.66 momentum=98.53; 2026-09-04 ratio=99.75 momentum=99.76; 2026-09-08 ratio=97.91 momentum=97.69; 2026-09-09 ratio=96.44 momentum=96.40,0.0
stock,Cadsys (India),CADSYS.NS,Business Process Outsourcing (BPO)/ Knowledge Process Outsourcing (KPO),Services,46.41,0.0,-8.6,110.64,47.31,16.3,,-14.11,,not_stage_2,0,46.4,57.78,-0.2,0.00198,"{'price_above_30w_ma': False, '30w_ma_rising': False, 'price_above_10w_ma': False, 'relative_strength_positive': False, 'near_52w_high': False}",improving,improving,98.84,101.42,0.29,0.72,False,True,2026-09-02 ratio=98.54 momentum=100.70; 2026-09-03 ratio=98.61 momentum=101.05; 2026-09-04 ratio=98.65 momentum=100.94; 2026-09-08 ratio=98.75 momentum=101.14; 2026-09-09 ratio=98.84 momentum=101.42,7.1
stock,We Win Ltd,WEWIN.NS,Business Process Outsourcing (BPO)/ Knowledge Process Outsourcing (KPO),Services,43.69,0.0,0.91,-15.74,30.77,51.65,9.73,10.9,,not_stage_2,1,42.05,48.96,0.34,0.00179,"{'price_above_30w_ma': False, '30w_ma_rising': True, 'price_above_10w_ma': False, 'relative_strength_positive': False, 'near_52w_high': False}",lagging,lagging,98.42,98.19,0.46,0.88,False,False,2026-09-02 ratio=97.96 momentum=97.32; 2026-09-03 ratio=97.93 momentum=98.00; 2026-09-04 ratio=97.63 momentum=97.29; 2026-09-08 ratio=97.99 momentum=98.61; 2026-09-09 ratio=98.42 momentum=98.19,20.68
stock,HRH Next,HRHNEXT.NS,Business Process Outsourcing (BPO)/ Knowledge Process Outsourcing (KPO),Services,32.81,0.0,2.78,152.73,35.92,24.68,6.75,15.84,,not_stage_2,1,26.15,27.0,-1.71,0.00112,"{'price_above_30w_ma': False, '30w_ma_rising': False, 'price_above_10w_ma': False, 'relative_strength_positive': True, 'near_52w_high': False}",weakening,lagging,100.3,99.06,1.45,0.33,False,False,2026-09-03 ratio=98.86 momentum=98.73; 2026-09-04 ratio=99.32 momentum=99.29; 2026-09-07 ratio=99.28 momentum=98.31; 2026-09-08 ratio=100.13 momentum=97.88; 2026-09-09 ratio=100.30 momentum=99.06,21.5
stock,Polycab India,POLYCAB.NS,Cables - Electricals,Capital Goods,126189.71,0.56,796.66,32.46,8209.73,39.01,44.06,33.21,,not_stage_2,2,8354.0,8667.98,2.27,0.35653,"{'price_above_30w_ma': False, '30w_ma_rising': True, 'price_above_10w_ma': False, 'relative_strength_positive': False, 'near_52w_high': True}",lagging,lagging,98.2,98.88,-0.8,-0.49,False,False,2026-09-03 ratio=99.00 momentum=99.37; 2026-09-04 ratio=97.33 momentum=97.97; 2026-09-07 ratio=97.45 momentum=98.12; 2026-09-08 ratio=97.97 momentum=98.69; 2026-09-09 ratio=98.20 momentum=98.88,44.54
stock,KEI Industries,KEI.NS,Cables - Electricals,Capital Goods,44410.99,0.1,274.14,40.05,3185.34,22.97,44.55,20.05,,not_stage_2,2,4669.5,4990.24,2.58,0.19928,"{'price_above_30w_ma': False, '30w_ma_rising': True, 'price_above_10w_ma': False, 'relative_strength_positive': False, 'near_52w_high': True}",lagging,weakening,98.63,98.06,-1.68,-0.01,False,False,2026-09-03 ratio=100.31 momentum=98.07; 2026-09-04 ratio=98.72 momentum=97.29; 2026-09-07 ratio=98.39 momentum=97.67; 2026-09-08 ratio=98.53 momentum=97.82; 2026-09-09 ratio=98.63 momentum=98.06,45.16
stock,R R Kabel,RRKABEL.NS,Cables - Electricals,Capital Goods,27562.1,0.39,205.2,117.32,3168.2,53.9,45.07,28.1,,not_stage_2,3,2419.8,2036.85,9.12,0.10327,"{'price_above_30w_ma': True, '30w_ma_rising': True, 'price_above_10w_ma': False, 'relative_strength_positive': False, 'near_52w_high': True}",lagging,weakening,99.62,98.05,-0.75,2.27,False,False,2026-09-02 ratio=100.37 momentum=95.78; 2026-09-03 ratio=100.32 momentum=96.80; 2026-09-04 ratio=99.56 momentum=96.49; 2026-09-08 ratio=99.66 momentum=97.37; 2026-09-09 ratio=99.62 momentum=98.05,78.24
stock,Finolex Cables,FINCABLES.NS,Cables - Electricals,Capital Goods,21706.55,0.63,249.04,53.14,2013.15,44.26,27.13,16.01,,stage_2,5,1353.4,1035.34,7.27,0.05776,"{'price_above_30w_ma': True, '30w_ma_rising': True, 'price_above_10w_ma': True, 'relative_strength_positive': True, 'near_52w_high': True}",leading,weakening,101.98,101.12,0.62,3.04,True,False,2026-09-03 ratio=101.36 momentum=98.08; 2026-09-04 ratio=100.89 momentum=97.97; 2026-09-07 ratio=100.98 momentum=97.35; 2026-09-08 ratio=101.60 momentum=100.83; 2026-09-09 ratio=101.98 momentum=101.12,185.04
stock,KSH Internationa,KSHINTL.NS,Cables - Electricals,Capital Goods,7950.35,0.0,42.22,86.16,1164.24,108.38,60.74,21.46,,stage_2,5,1152.05,727.13,14.6,0.04917,"{'price_above_30w_ma': True, '30w_ma_rising': True, 'price_above_10w_ma': True, 'relative_strength_positive': True, 'near_52w_high': True}",leading,weakening,102.8,102.09,0.82,2.55,True,False,2026-09-03 ratio=101.97 momentum=99.54; 2026-09-04 ratio=102.70 momentum=101.22; 2026-09-07 ratio=102.74 momentum=101.80; 2026-09-08 ratio=103.29 momentum=102.33; 2026-09-09 ratio=102.80 momentum=102.09,208.65
stock,Universal Cables,UNIVCABLES.NS,Cables - Electricals,Capital Goods,5413.12,0.29,70.14,108.75,945.06,57.46,27.06,11.68,,stage_2,5,1543.6,1087.39,12.27,0.06588,"{'price_above_30w_ma': True, '30w_ma_rising': True, 'price_above_10w_ma': True, 'relative_strength_positive': True, 'near_52w_high': True}",weakening,weakening,100.79,98.94,-0.38,2.83,False,False,2026-09-03 ratio=101.17 momentum=96.10; 2026-09-04 ratio=100.89 momentum=97.42; 2026-09-07 ratio=100.48 momentum=96.34; 2026-09-08 ratio=100.67 momentum=98.31; 2026-09-09 ratio=100.79 momentum=98.94,153.49
stock,V-Marc India,VMARCIND.NS,Cables - Electricals,Capital Goods,5115.16,0.0,28.55,163.62,555.51,102.42,43.73,41.37,,not_stage_2,2,329.2,746.79,-4.19,0.01405,"{'price_above_30w_ma': False, '30w_ma_rising': False, 'price_above_10w_ma': True, 'relative_strength_positive': True, 'near_52w_high': False}",leading,improving,100.52,103.15,0.67,-0.09,False,False,2026-09-02 ratio=99.85 momentum=103.24; 2026-09-03 ratio=100.08 momentum=104.21; 2026-09-04 ratio=100.23 momentum=103.61; 2026-09-08 ratio=100.32 momentum=103.10; 2026-09-09 ratio=100.52 momentum=103.15,78.35
stock,Laser Power,LASERPOWER.NS,Cables - Electricals,Capital Goods,4079.12,0.0,20.73,3.75,521.55,14.84,37.13,20.51,,insufficient_data,0,,,,,{},insufficient_data,insufficient_data,,,,,False,False,,0.0
stock,Lumino Inds,LUMINO.NS,Cables - Electricals,Capital Goods,3291.07,0.0,63.7,,947.62,,20.6,26.61,,insufficient_data,0,,,,,{},insufficient_data,insufficient_data,,,,,False,False,,0.0
stock,Dynamic Cables,DYCL.NS,Cables - Electricals,Capital Goods,2201.01,0.11,24.95,37.01,349.1,33.22,24.14,26.21,,stage_2,5,456.5,355.84,7.19,0.01948,"{'price_above_30w_ma': True, '30w_ma_rising': True, 'price_above_10w_ma': True, 'relative_strength_positive': True, 'near_52w_high': True}",leading,leading,100.96,100.18,-1.86,-1.49,False,False,2026-09-02 ratio=102.83 momentum=101.66; 2026-09-03 ratio=102.76 momentum=101.42; 2026-09-04 ratio=101.50 momentum=99.67; 2026-09-08 ratio=101.00 momentum=99.93; 2026-09-09 ratio=100.96 momentum=100.18,165.08
stock,Godfrey Phillips,GODFRYPHLP.NS,Cigarettes & Tobacco Products,Fast Moving Consumer Goods,30798.52,2.54,198.39,-44.32,1205.51,-18.89,22.52,30.25,,not_stage_2,0,1978.5,2166.45,-0.05,0.08444,"{'price_above_30w_ma': False, '30w_ma_rising': False, 'price_above_10w_ma': False, 'relative_strength_positive': False, 'near_52w_high': False}",lagging,lagging,98.49,98.85,0.06,1.24,False,False,2026-09-02 ratio=98.43 momentum=97.61; 2026-09-03 ratio=98.84 momentum=99.62; 2026-09-04 ratio=98.94 momentum=99.38; 2026-09-08 ratio=98.67 momentum=99.15; 2026-09-09 ratio=98.49 momentum=98.85,0.0
stock,VST Industries,VSTIND.NS,Cigarettes & Tobacco Products,Fast Moving Consumer Goods,3507.62,5.81,42.42,-24.43,256.46,-13.91,12.59,28.13,,not_stage_2,1,208.59,237.0,-1.52,0.0089,"{'price_above_30w_ma': False, '30w_ma_rising': False, 'price_above_10w_ma': False, 'relative_strength_positive': False, 'near_52w_high': True}",improving,improving,99.43,103.89,0.37,0.92,False,True,2026-09-03 ratio=99.05 momentum=102.97; 2026-09-04 ratio=99.09 momentum=102.78; 2026-09-07 ratio=99.11 momentum=103.30; 2026-09-08 ratio=99.20 momentum=104.76; 2026-09-09 ratio=99.43 momentum=103.89,39.45
stock,Elitecon Inter.,ELITECON.NS,Cigarettes & Tobacco Products,Fast Moving Consumer Goods,1245.16,0.64,103.57,676.39,1741.26,1750.04,3.89,,,insufficient_data,0,,,,,{},insufficient_data,insufficient_data,,,,,False,False,,0.0
stock,NTC Industries,NTCIND.NS,Cigarettes & Tobacco Products,Fast Moving Consumer Goods,190.59,0.0,6.12,7.94,25.23,-10.25,9.52,11.14,,insufficient_data,0,,,,,{},insufficient_data,insufficient_data,,,,,False,False,,0.0
stock,Shanthala FMCG,SHANTHALA.NS,Cigarettes & Tobacco Products,Fast Moving Consumer Goods,11.15,0.0,0.72,71.43,25.82,-0.12,8.78,5.98,,not_stage_2,0,16.65,23.87,-8.49,0.00071,"{'price_above_30w_ma': False, '30w_ma_rising': False, 'price_above_10w_ma': False, 'relative_strength_positive': False, 'near_52w_high': False}",improving,improving,99.38,107.46,0.25,5.04,False,True,2026-09-03 ratio=99.14 momentum=102.42; 2026-09-04 ratio=99.16 momentum=101.77; 2026-09-07 ratio=99.22 momentum=101.89; 2026-09-08 ratio=99.29 momentum=101.94; 2026-09-09 ratio=99.38 momentum=107.46,37.3
stock,Marc Technocrats,MARC.NS,Consulting Services,Services,261.44,0.0,4.81,,37.53,,24.8,29.22,,stage_2,5,146.15,93.07,14.98,0.00624,"{'price_above_30w_ma': True, '30w_ma_rising': True, 'price_above_10w_ma': True, 'relative_strength_positive': True, 'near_52w_high': True}",weakening,leading,101.47,98.11,-0.23,-7.43,False,False,2026-09-02 ratio=101.70 momentum=105.54; 2026-09-03 ratio=101.63 momentum=98.92; 2026-09-04 ratio=101.55 momentum=97.40; 2026-09-08 ratio=101.16 momentum=96.50; 2026-09-09 ratio=101.47 momentum=98.11,162.31
stock,EKI Energy,EKI.NS,Consulting Services,Services,195.42,2.83,-15.93,-2094.44,10.46,-29.99,,-3.84,,insufficient_data,0,,,,,{},insufficient_data,insufficient_data,,,,,False,False,,0.0
stock,Mitcon Consult.,MITCON.NS,Consulting Services,Services,142.22,0.0,2.75,151.38,67.58,176.63,14.6,8.83,,stage_2,5,82.27,73.38,3.8,0.00351,"{'price_above_30w_ma': True, '30w_ma_rising': True, 'price_above_10w_ma': True, 'relative_strength_positive': True, 'near_52w_high': True}",leading,leading,102.92,103.03,1.98,2.2,False,False,2026-09-02 ratio=100.93 momentum=100.83; 2026-09-03 ratio=100.77 momentum=100.32; 2026-09-04 ratio=100.74 momentum=100.31; 2026-09-08 ratio=102.25 momentum=101.87; 2026-09-09 ratio=102.92 momentum=103.03,182.35
stock,AAA Technologies,AAATECH.NS,Consulting Services,Services,119.78,1.08,0.87,12.99,3.76,1.62,57.59,8.16,,not_stage_2,1,91.86,95.01,-1.45,0.00392,"{'price_above_30w_ma': False, '30w_ma_rising': False, 'price_above_10w_ma': False, 'relative_strength_positive': True, 'near_52w_high': False}",leading,leading,100.6,103.03,0.32,2.69,False,False,2026-09-02 ratio=100.28 momentum=100.34; 2026-09-03 ratio=100.37 momentum=101.01; 2026-09-04 ratio=99.86 momentum=98.73; 2026-09-08 ratio=100.54 momentum=100.45; 2026-09-09 ratio=100.60 momentum=103.03,58.15
stock,Dhruv Consultanc,DHRUV.NS,Consulting Services,Services,41.42,0.88,-4.74,-396.25,15.55,-26.09,,-32.46,,not_stage_2,0,23.0,28.26,-5.51,0.00098,"{'price_above_30w_ma': False, '30w_ma_rising': False, 'price_above_10w_ma': False, 'relative_strength_positive': False, 'near_52w_high': False}",improving,lagging,99.13,101.77,0.15,4.33,False,True,2026-09-02 ratio=98.97 momentum=97.44; 2026-09-03 ratio=99.05 momentum=98.07; 2026-09-04 ratio=98.26 momentum=97.58; 2026-09-08 ratio=99.27 momentum=102.54; 2026-09-09 ratio=99.13 momentum=101.77,8.85
stock,Manglam Infra,MIEL.NS,Consulting Services,Services,22.18,0.0,1.6,1700.0,21.86,-21.42,7.06,9.5,,insufficient_data,0,,,,,{},insufficient_data,insufficient_data,,,,,False,False,,0.0
stock,Physicswallah,PWL.NS,E-Learning,Consumer Services,36754.15,0.0,-88.28,35.6,1053.95,24.42,601.43,4.02,,stage_2,4,125.37,111.83,0.68,0.00535,"{'price_above_30w_ma': True, '30w_ma_rising': True, 'price_above_10w_ma': False, 'relative_strength_positive': True, 'near_52w_high': True}",leading,lagging,100.12,100.6,0.79,0.81,True,False,2026-09-03 ratio=99.34 momentum=99.79; 2026-09-04 ratio=99.98 momentum=101.57; 2026-09-07 ratio=100.41 momentum=101.89; 2026-09-08 ratio=100.14 momentum=101.51; 2026-09-09 ratio=100.12 momentum=100.60,139.96
stock,Veranda Learning,VERANDA.NS,E-Learning,Consumer Services,2216.42,0.0,33.87,854.4,149.54,41.52,34.36,12.83,,not_stage_2,3,233.79,210.39,2.77,0.00998,"{'price_above_30w_ma': True, '30w_ma_rising': True, 'price_above_10w_ma': False, 'relative_strength_positive': False, 'near_52w_high': True}",lagging,leading,99.89,98.22,-0.63,-3.58,False,False,2026-09-02 ratio=100.52 momentum=101.80; 2026-09-03 ratio=100.37 momentum=97.60; 2026-09-04 ratio=100.36 momentum=94.95; 2026-09-08 ratio=99.53 momentum=96.18; 2026-09-09 ratio=99.89 momentum=98.22,65.54
stock,Jaro Institute,JARO.NS,E-Learning,Consumer Services,1014.58,1.1,11.17,48.34,70.75,16.61,17.94,22.09,,not_stage_2,0,437.95,472.81,-1.15,0.01869,"{'price_above_30w_ma': False, '30w_ma_rising': False, 'price_above_10w_ma': False, 'relative_strength_positive': False, 'near_52w_high': False}",lagging,improving,99.26,99.94,-0.17,-3.06,False,False,2026-09-03 ratio=99.43 momentum=103.00; 2026-09-04 ratio=99.12 momentum=102.01; 2026-09-07 ratio=99.16 momentum=102.66; 2026-09-08 ratio=99.22 momentum=98.84; 2026-09-09 ratio=99.26 momentum=99.94,0.0
stock,Addictive Learn,ADDICTIVE.NS,E-Learning,Consumer Services,71.99,0.0,0.31,-75.97,22.69,8.41,,-0.11,,insufficient_data,0,,,,,{},insufficient_data,insufficient_data,,,,,False,False,,0.0
stock,G-Tec Janix,GTECJAINX.NS,E-Learning,Consumer Services,28.43,0.0,0.3,100.0,2.25,-10.36,,-36.32,,not_stage_2,3,26.87,24.13,5.37,0.00115,"{'price_above_30w_ma': True, '30w_ma_rising': True, 'price_above_10w_ma': False, 'relative_strength_positive': False, 'near_52w_high': True}",lagging,leading,99.41,98.79,-1.06,-1.8,False,False,2026-09-02 ratio=100.47 momentum=100.58; 2026-09-03 ratio=100.45 momentum=100.50; 2026-09-04 ratio=100.74 momentum=99.54; 2026-09-08 ratio=100.11 momentum=97.95; 2026-09-09 ratio=99.41 momentum=98.79,70.74
stock,Usha Mart. Edu.,UMESLTD.NS,E-Learning,Consumer Services,13.5,0.0,0.02,0.0,0.12,-7.69,32.93,5.23,,not_stage_2,2,5.08,5.6,1.41,0.00022,"{'price_above_30w_ma': False, '30w_ma_rising': True, 'price_above_10w_ma': False, 'relative_strength_positive': False, 'near_52w_high': True}",lagging,lagging,98.91,98.97,1.3,1.51,False,False,2026-09-02 ratio=97.62 momentum=97.47; 2026-09-03 ratio=98.17 momentum=97.06; 2026-09-04 ratio=98.52 momentum=99.55; 2026-09-08 ratio=98.72 momentum=97.46; 2026-09-09 ratio=98.91 momentum=98.97,42.82
stock,Docmode Health,DHTL.NS,E-Learning,Consumer Services,10.75,0.0,-0.07,95.57,7.67,-64.07,,6.12,,not_stage_2,1,34.2,40.23,-9.79,0.00146,"{'price_above_30w_ma': False, '30w_ma_rising': False, 'price_above_10w_ma': False, 'relative_strength_positive': True, 'near_52w_high': False}",leading,improving,100.29,102.44,1.02,0.99,True,False,2026-09-03 ratio=99.27 momentum=101.46; 2026-09-04 ratio=99.29 momentum=103.53; 2026-09-07 ratio=99.97 momentum=104.54; 2026-09-08 ratio=100.11 momentum=102.73; 2026-09-09 ratio=100.29 momentum=102.44,63.65
stock,PVR Inox,PVRINOX.NS,"Film Production, Distribution & Exhibition","Media, Entertainment & Publication",11971.15,0.0,56.5,220.3,1622.2,11.91,37.74,6.79,,stage_2,5,1169.2,1037.36,2.87,0.0499,"{'price_above_30w_ma': True, '30w_ma_rising': True, 'price_above_10w_ma': True, 'relative_strength_positive': True, 'near_52w_high': True}",weakening,weakening,100.88,96.56,-0.77,-2.02,False,False,2026-09-03 ratio=101.65 momentum=98.58; 2026-09-04 ratio=101.36 momentum=98.01; 2026-09-07 ratio=100.65 momentum=96.31; 2026-09-08 ratio=101.48 momentum=99.21; 2026-09-09 ratio=100.88 momentum=96.56,135.14
stock,Sunshine Picture,SUNSHINE.NS,"Film Production, Distribution & Exhibition","Media, Entertainment & Publication",1590.79,0.0,,,,,40.19,40.96,,insufficient_data,0,,,,,{},insufficient_data,insufficient_data,,,,,False,False,,0.0
stock,Media Matrix,MMWL.NS,"Film Production, Distribution & Exhibition","Media, Entertainment & Publication",1580.25,0.0,3.58,84.46,428.45,83.37,222.57,9.78,,insufficient_data,0,,,,,{},lagging,weakening,99.96,95.0,-0.07,-4.87,False,False,2026-09-03 ratio=100.03 momentum=99.87; 2026-09-04 ratio=100.58 momentum=99.42; 2026-09-07 ratio=100.40 momentum=97.91; 2026-09-08 ratio=100.04 momentum=96.39; 2026-09-09 ratio=99.96 momentum=95.00,0.0
stock,Panorama Studios,PANORAMA.NS,"Film Production, Distribution & Exhibition","Media, Entertainment & Publication",1377.31,0.11,12.71,165.95,183.07,34.26,57.06,8.7,,insufficient_data,0,,,,,{},insufficient_data,insufficient_data,,,,,False,False,,0.0
stock,Connplex Cinemas,CONNPLEX.NS,"Film Production, Distribution & Exhibition","Media, Entertainment & Publication",501.37,0.0,13.03,38.91,83.46,51.97,19.36,43.55,,insufficient_data,0,,,,,{},insufficient_data,insufficient_data,,,,,False,False,,0.0
stock,Cineline India,CINELINE.NS,"Film Production, Distribution & Exhibition","Media, Entertainment & Publication",355.9,1.34,-1.21,74.27,59.27,30.87,26.44,10.86,,stage_2,5,93.96,84.71,0.94,0.00401,"{'price_above_30w_ma': True, '30w_ma_rising': True, 'price_above_10w_ma': True, 'relative_strength_positive': True, 'near_52w_high': True}",leading,leading,101.96,100.8,0.52,-1.55,False,False,2026-09-03 ratio=101.44 momentum=102.35; 2026-09-04 ratio=102.39 momentum=103.05; 2026-09-07 ratio=102.89 momentum=102.35; 2026-09-08 ratio=102.20 momentum=101.03; 2026-09-09 ratio=101.96 momentum=100.80,160.68
stock,UFO Moviez,UFO.NS,"Film Production, Distribution & Exhibition","Media, Entertainment & Publication",244.94,0.0,5.64,-13.5,110.69,3.81,10.19,11.19,,not_stage_2,0,63.13,69.14,-1.85,0.00269,"{'price_above_30w_ma': False, '30w_ma_rising': False, 'price_above_10w_ma': False, 'relative_strength_positive': False, 'near_52w_high': False}",improving,improving,98.81,100.57,-0.37,-1.99,False,False,2026-09-02 ratio=99.18 momentum=102.56; 2026-09-03 ratio=99.27 momentum=101.50; 2026-09-04 ratio=99.10 momentum=102.90; 2026-09-08 ratio=99.36 momentum=102.55; 2026-09-09 ratio=98.81 momentum=100.57,2.85
stock,Tips Films,TIPSFILMS.NS,"Film Production, Distribution & Exhibition","Media, Entertainment & Publication",141.71,0.0,-29.41,-720.46,47.96,-49.71,,-6.69,,not_stage_2,0,326.65,352.11,-1.6,0.01394,"{'price_above_30w_ma': False, '30w_ma_rising': False, 'price_above_10w_ma': False, 'relative_strength_positive': False, 'near_52w_high': False}",lagging,lagging,99.49,98.16,0.13,0.33,False,False,2026-09-02 ratio=99.36 momentum=97.83; 2026-09-03 ratio=99.43 momentum=95.76; 2026-09-04 ratio=99.40 momentum=96.12; 2026-09-08 ratio=99.56 momentum=98.27; 2026-09-09 ratio=99.49 momentum=98.16,0.0
stock,Mukta Arts,MUKTAARTS.NS,"Film Production, Distribution & Exhibition","Media, Entertainment & Publication",132.69,0.0,-2.15,64.7,40.59,10.51,,11.17,,not_stage_2,4,58.1,54.9,-0.5,0.00248,"{'price_above_30w_ma': True, '30w_ma_rising': False, 'price_above_10w_ma': True, 'relative_strength_positive': True, 'near_52w_high': True}",leading,leading,101.82,103.34,1.0,0.27,False,False,2026-09-02 ratio=100.82 momentum=103.07; 2026-09-03 ratio=100.31 momentum=100.48; 2026-09-04 ratio=101.62 momentum=103.72; 2026-09-08 ratio=101.09 momentum=102.15; 2026-09-09 ratio=101.82 momentum=103.34,125.8
stock,Baweja Studios L,BAWEJA.NS,"Film Production, Distribution & Exhibition","Media, Entertainment & Publication",43.58,0.0,4.57,-13.28,33.44,-22.93,7.17,7.94,,not_stage_2,0,23.65,28.68,-2.68,0.00101,"{'price_above_30w_ma': False, '30w_ma_rising': False, 'price_above_10w_ma': False, 'relative_strength_positive': False, 'near_52w_high': False}",improving,improving,99.14,100.82,-0.73,-2.32,False,False,2026-09-03 ratio=99.87 momentum=103.14; 2026-09-04 ratio=99.95 momentum=102.84; 2026-09-07 ratio=100.04 momentum=102.57; 2026-09-08 ratio=99.92 momentum=102.61; 2026-09-09 ratio=99.14 momentum=100.82,4.1
stock,Metro Brands,METROBRAND.NS,Footwear,Consumer Durables,25972.51,0.63,95.26,-4.79,720.36,14.66,63.9,20.12,,not_stage_2,1,959.0,1002.0,-1.44,0.04093,"{'price_above_30w_ma': False, '30w_ma_rising': False, 'price_above_10w_ma': False, 'relative_strength_positive': True, 'near_52w_high': False}",improving,improving,99.98,103.73,1.49,2.18,False,True,2026-09-02 ratio=98.49 momentum=101.55; 2026-09-03 ratio=98.83 momentum=103.32; 2026-09-04 ratio=99.09 momentum=104.06; 2026-09-08 ratio=99.64 momentum=104.55; 2026-09-09 ratio=99.98 momentum=103.73,38.65
stock,Bata India,BATAINDIA.NS,Footwear,Consumer Durables,8397.33,3.83,63.98,15.88,978.95,3.94,48.3,12.74,,not_stage_2,0,661.05,705.13,-3.19,0.02821,"{'price_above_30w_ma': False, '30w_ma_rising': False, 'price_above_10w_ma': False, 'relative_strength_positive': False, 'near_52w_high': False}",improving,lagging,99.23,100.42,-0.12,4.09,False,False,2026-09-03 ratio=99.35 momentum=96.32; 2026-09-04 ratio=99.09 momentum=94.84; 2026-09-07 ratio=99.12 momentum=99.54; 2026-09-08 ratio=99.06 momentum=100.53; 2026-09-09 ratio=99.23 momentum=100.42,2.1
stock,Relaxo Footwear,RELAXO.NS,Footwear,Consumer Durables,8126.59,1.07,54.94,12.35,705.05,7.73,43.85,11.18,,not_stage_2,0,326.1,341.79,-0.71,0.01392,"{'price_above_30w_ma': False, '30w_ma_rising': False, 'price_above_10w_ma': False, 'relative_strength_positive': False, 'near_52w_high': False}",lagging,lagging,97.78,96.69,-0.08,-0.36,False,False,2026-09-02 ratio=97.86 momentum=97.05; 2026-09-03 ratio=97.87 momentum=97.23; 2026-09-04 ratio=98.01 momentum=96.99; 2026-09-08 ratio=97.82 momentum=94.84; 2026-09-09 ratio=97.78 momentum=96.69,0.0
stock,Campus Activewe.,CAMPUS.NS,Footwear,Consumer Durables,6535.11,0.7,26.14,17.75,385.2,12.21,42.43,21.22,,not_stage_2,1,214.86,235.84,-2.17,0.00917,"{'price_above_30w_ma': False, '30w_ma_rising': False, 'price_above_10w_ma': False, 'relative_strength_positive': False, 'near_52w_high': True}",lagging,improving,99.54,99.23,-0.17,-1.75,False,False,2026-09-02 ratio=99.70 momentum=100.98; 2026-09-03 ratio=100.29 momentum=104.64; 2026-09-04 ratio=100.18 momentum=100.80; 2026-09-08 ratio=99.52 momentum=97.28; 2026-09-09 ratio=99.54 momentum=99.23,20.0
stock,Redtape,REDTAPE.NS,Footwear,Consumer Durables,6367.16,1.74,44.48,15.23,481.28,3.65,25.84,24.48,,not_stage_2,0,116.57,127.15,-0.2,0.00497,"{'price_above_30w_ma': False, '30w_ma_rising': False, 'price_above_10w_ma': False, 'relative_strength_positive': False, 'near_52w_high': False}",improving,lagging,98.56,102.38,0.31,3.38,False,True,2026-09-02 ratio=98.25 momentum=99.00; 2026-09-03 ratio=98.13 momentum=99.95; 2026-09-04 ratio=98.68 momentum=101.65; 2026-09-08 ratio=98.15 momentum=100.44; 2026-09-09 ratio=98.56 momentum=102.38,11.9
stock,Sreeleathers,SREEL.NS,Footwear,Consumer Durables,858.08,0.54,6.99,138.57,59.63,19.74,26.12,6.97,,stage_2,5,345.01,209.31,4.18,0.01472,"{'price_above_30w_ma': True, '30w_ma_rising': True, 'price_above_10w_ma': True, 'relative_strength_positive': True, 'near_52w_high': True}",leading,weakening,104.51,102.36,2.79,4.19,True,False,2026-09-02 ratio=101.72 momentum=98.17; 2026-09-03 ratio=101.93 momentum=100.04; 2026-09-04 ratio=102.12 momentum=101.43; 2026-09-08 ratio=103.06 momentum=101.87; 2026-09-09 ratio=104.51 momentum=102.36,197.71
stock,Liberty Shoes,LIBERTSHOE.NS,Footwear,Consumer Durables,390.83,0.0,0.68,-76.97,169.86,-1.7,45.87,7.91,,not_stage_2,0,233.05,250.37,-0.76,0.00995,"{'price_above_30w_ma': False, '30w_ma_rising': False, 'price_above_10w_ma': False, 'relative_strength_positive': False, 'near_52w_high': False}",improving,lagging,98.87,100.04,0.53,2.44,False,True,2026-09-02 ratio=98.34 momentum=97.60; 2026-09-03 ratio=98.41 momentum=99.91; 2026-09-04 ratio=98.38 momentum=97.63; 2026-09-08 ratio=98.15 momentum=98.03; 2026-09-09 ratio=98.87 momentum=100.04,0.2
stock,Brandman Retail,BRANDMAN.NS,Footwear,Consumer Durables,312.02,0.0,4.76,1152.63,45.19,287.56,10.51,36.81,,insufficient_data,0,,,,,{},insufficient_data,insufficient_data,,,,,False,False,,0.0
stock,Khadim India,KHADIM.NS,Footwear,Consumer Durables,228.72,0.0,0.52,-39.53,77.84,-18.66,50.71,6.87,,not_stage_2,3,120.68,104.02,-6.11,0.00515,"{'price_above_30w_ma': True, '30w_ma_rising': False, 'price_above_10w_ma': True, 'relative_strength_positive': True, 'near_52w_high': False}",leading,leading,102.46,104.28,0.38,2.11,False,False,2026-09-02 ratio=102.08 momentum=102.17; 2026-09-03 ratio=101.89 momentum=102.86; 2026-09-04 ratio=102.07 momentum=103.79; 2026-09-08 ratio=102.24 momentum=104.24; 2026-09-09 ratio=102.46 momentum=104.28,113.7
stock,ICICI Lombard,ICICIGI.NS,General Insurance,Financial Services,72551.93,0.92,403.17,-46.03,7088.22,10.83,29.88,21.88,,not_stage_2,0,1474.0,1744.3,-2.29,0.06291,"{'price_above_30w_ma': False, '30w_ma_rising': False, 'price_above_10w_ma': False, 'relative_strength_positive': False, 'near_52w_high': False}",lagging,lagging,98.47,97.46,-0.15,0.02,False,False,2026-09-02 ratio=98.62 momentum=97.44; 2026-09-03 ratio=98.51 momentum=96.99; 2026-09-04 ratio=98.41 momentum=97.24; 2026-09-08 ratio=98.37 momentum=96.68; 2026-09-09 ratio=98.47 momentum=97.46,0.0
stock,General Insuranc,GICRE.NS,General Insurance,Financial Services,60272.89,3.86,1743.67,-31.1,14400.9,-1.52,6.79,17.35,,not_stage_2,2,349.9,372.21,-0.91,0.01493,"{'price_above_30w_ma': False, '30w_ma_rising': False, 'price_above_10w_ma': False, 'relative_strength_positive': True, 'near_52w_high': True}",leading,leading,100.61,103.15,0.4,2.54,False,False,2026-09-02 ratio=100.20 momentum=100.61; 2026-09-03 ratio=100.45 momentum=101.18; 2026-09-04 ratio=100.78 momentum=102.03; 2026-09-08 ratio=99.70 momentum=100.26; 2026-09-09 ratio=100.61 momentum=103.15,78.8
stock,Star Health Insu,STARHEALTH.NS,General Insurance,Financial Services,33952.09,0.0,549.73,25.46,5522.07,13.15,40.22,9.69,,stage_2,4,571.95,529.74,2.98,0.02441,"{'price_above_30w_ma': True, '30w_ma_rising': True, 'price_above_10w_ma': False, 'relative_strength_positive': True, 'near_52w_high': True}",leading,lagging,100.59,100.96,1.88,3.37,True,False,2026-09-02 ratio=98.71 momentum=97.59; 2026-09-03 ratio=98.53 momentum=98.32; 2026-09-04 ratio=98.38 momentum=98.01; 2026-09-08 ratio=100.16 momentum=100.99; 2026-09-09 ratio=100.59 momentum=100.96,148.71
stock,New India Assura,NIACL.NS,General Insurance,Financial Services,32485.34,0.76,-239.15,-160.61,11899.69,1.54,42.23,4.29,,stage_2,5,205.51,166.38,4.47,0.00877,"{'price_above_30w_ma': True, '30w_ma_rising': True, 'price_above_10w_ma': True, 'relative_strength_positive': True, 'near_52w_high': True}",leading,leading,102.03,100.95,-0.3,-1.41,False,False,2026-09-03 ratio=102.33 momentum=102.36; 2026-09-04 ratio=104.91 momentum=103.25; 2026-09-07 ratio=104.09 momentum=102.42; 2026-09-08 ratio=102.01 momentum=100.92; 2026-09-09 ratio=102.03 momentum=100.95,168.84
stock,Go Digit General,GODIGIT.NS,General Insurance,Financial Services,23166.13,0.0,86.39,-37.55,2427.02,8.54,47.05,13.1,,not_stage_2,0,253.3,301.08,-2.73,0.01081,"{'price_above_30w_ma': False, '30w_ma_rising': False, 'price_above_10w_ma': False, 'relative_strength_positive': False, 'near_52w_high': False}",improving,improving,99.47,102.87,0.12,-1.24,False,False,2026-09-03 ratio=99.35 momentum=104.11; 2026-09-04 ratio=99.39 momentum=102.14; 2026-09-07 ratio=99.40 momentum=102.53; 2026-09-08 ratio=99.62 momentum=104.20; 2026-09-09 ratio=99.47 momentum=102.87,14.35
stock,Niva Bupa Health,NIVABUPA.NS,General Insurance,Financial Services,14690.3,0.0,137.8,92.89,2471.26,27.93,84.31,3.15,,not_stage_2,2,79.59,80.41,0.6,0.0034,"{'price_above_30w_ma': False, '30w_ma_rising': True, 'price_above_10w_ma': False, 'relative_strength_positive': False, 'near_52w_high': True}",improving,improving,98.8,102.59,0.44,0.86,False,True,2026-09-03 ratio=98.36 momentum=101.72; 2026-09-04 ratio=98.10 momentum=101.06; 2026-09-07 ratio=98.66 momentum=102.68; 2026-09-08 ratio=98.89 momentum=102.07; 2026-09-09 ratio=98.80 momentum=102.59,54.15
stock,LG Electronics,LGEINDIA.NS,Household Appliances,Consumer Durables,111994.04,0.0,652.86,27.2,7233.35,15.49,61.38,32.27,,stage_2,5,1647.8,1562.74,1.57,0.07032,"{'price_above_30w_ma': True, '30w_ma_rising': True, 'price_above_10w_ma': True, 'relative_strength_positive': True, 'near_52w_high': True}",weakening,leading,101.57,99.01,-0.02,-1.6,False,False,2026-09-03 ratio=101.59 momentum=100.61; 2026-09-04 ratio=101.16 momentum=100.20; 2026-09-07 ratio=101.35 momentum=98.49; 2026-09-08 ratio=101.81 momentum=99.00; 2026-09-09 ratio=101.57 momentum=99.01,135.99
stock,Voltas,VOLTAS.NS,Household Appliances,Consumer Durables,38400.15,0.35,212.76,52.19,4673.5,18.66,82.24,9.04,,not_stage_2,0,1143.8,1325.07,-2.11,0.04881,"{'price_above_30w_ma': False, '30w_ma_rising': False, 'price_above_10w_ma': False, 'relative_strength_positive': False, 'near_52w_high': False}",improving,improving,98.39,101.34,0.14,-0.89,False,False,2026-09-03 ratio=98.25 momentum=102.23; 2026-09-04 ratio=98.18 momentum=100.04; 2026-09-07 ratio=98.33 momentum=99.46; 2026-09-08 ratio=98.15 momentum=98.78; 2026-09-09 ratio=98.39 momentum=101.34,6.7
stock,Blue Star,BLUESTARCO.NS,Household Appliances,Consumer Durables,31153.6,0.56,102.51,-21.03,3377.92,13.27,58.87,21.24,,not_stage_2,0,1456.9,1667.74,-2.84,0.06218,"{'price_above_30w_ma': False, '30w_ma_rising': False, 'price_above_10w_ma': False, 'relative_strength_positive': False, 'near_52w_high': False}",improving,improving,99.14,101.94,0.61,0.31,False,True,2026-09-02 ratio=98.53 momentum=101.63; 2026-09-03 ratio=99.05 momentum=103.12; 2026-09-04 ratio=99.05 momentum=102.30; 2026-09-08 ratio=99.01 momentum=102.05; 2026-09-09 ratio=99.14 momentum=101.94,9.7
stock,Amber Enterp.,AMBER.NS,Household Appliances,Consumer Durables,25547.55,0.0,3.09,-3.37,3887.72,12.72,123.82,10.29,,not_stage_2,2,7210.0,7522.1,1.83,0.30771,"{'price_above_30w_ma': False, '30w_ma_rising': True, 'price_above_10w_ma': False, 'relative_strength_positive': False, 'near_52w_high': True}",improving,leading,99.94,101.17,-0.18,-0.54,False,False,2026-09-02 ratio=100.12 momentum=101.72; 2026-09-03 ratio=100.19 momentum=102.21; 2026-09-04 ratio=100.44 momentum=102.51; 2026-09-08 ratio=100.08 momentum=101.59; 2026-09-09 ratio=99.94 momentum=101.17,49.51
stock,Crompton Gr. Con,CROMPTON.NS,Household Appliances,Consumer Durables,14839.34,1.3,140.32,12.12,2022.47,11.2,32.69,18.98,,not_stage_2,0,232.96,258.1,-0.12,0.00994,"{'price_above_30w_ma': False, '30w_ma_rising': False, 'price_above_10w_ma': False, 'relative_strength_positive': False, 'near_52w_high': False}",improving,lagging,99.0,101.95,1.04,3.48,False,True,2026-09-02 ratio=97.96 momentum=98.47; 2026-09-03 ratio=97.99 momentum=96.84; 2026-09-04 ratio=98.50 momentum=97.44; 2026-09-08 ratio=98.71 momentum=100.36; 2026-09-09 ratio=99.00 momentum=101.95,9.75
stock,V-Guard Industri,VGUARD.NS,Household Appliances,Consumer Durables,14343.83,0.46,130.25,76.37,1810.65,23.5,37.74,18.38,,stage_2,5,326.95,317.08,0.05,0.01395,"{'price_above_30w_ma': True, '30w_ma_rising': True, 'price_above_10w_ma': True, 'relative_strength_positive': True, 'near_52w_high': True}",weakening,weakening,101.23,99.05,-0.77,0.34,False,False,2026-09-02 ratio=102.00 momentum=98.70; 2026-09-03 ratio=101.81 momentum=98.09; 2026-09-04 ratio=101.47 momentum=98.93; 2026-09-08 ratio=101.30 momentum=98.82; 2026-09-09 ratio=101.23 momentum=99.05,131.25
stock,Whirlpool India,WHIRLPOOL.NS,Household Appliances,Consumer Durables,10109.82,0.63,102.88,-29.4,2726.75,12.1,37.08,10.67,,not_stage_2,2,795.0,836.17,-0.53,0.03393,"{'price_above_30w_ma': False, '30w_ma_rising': False, 'price_above_10w_ma': True, 'relative_strength_positive': True, 'near_52w_high': False}",leading,leading,101.52,103.3,0.51,1.05,False,False,2026-09-02 ratio=101.01 momentum=102.25; 2026-09-03 ratio=101.31 momentum=101.67; 2026-09-04 ratio=101.83 momentum=102.41; 2026-09-08 ratio=101.67 momentum=102.42; 2026-09-09 ratio=101.52 momentum=103.30,84.1
stock,Eureka Forbes,EUREKAFORB.NS,Household Appliances,Consumer Durables,7688.44,0.0,55.44,6.98,700.77,15.31,38.45,5.86,,not_stage_2,0,399.35,459.75,-3.06,0.01704,"{'price_above_30w_ma': False, '30w_ma_rising': False, 'price_above_10w_ma': False, 'relative_strength_positive': False, 'near_52w_high': False}",lagging,improving,98.27,99.35,-1.04,-3.74,False,False,2026-09-03 ratio=99.31 momentum=103.09; 2026-09-04 ratio=98.99 momentum=102.83; 2026-09-07 ratio=98.17 momentum=100.74; 2026-09-08 ratio=98.52 momentum=103.48; 2026-09-09 ratio=98.27 momentum=99.35,0.0
stock,TTK Prestige,TTKPRESTIG.NS,Household Appliances,Consumer Durables,7400.29,1.39,58.97,103.94,813.85,33.57,35.76,12.1,,not_stage_2,1,541.35,547.85,-0.08,0.0231,"{'price_above_30w_ma': False, '30w_ma_rising': False, 'price_above_10w_ma': False, 'relative_strength_positive': False, 'near_52w_high': True}",lagging,lagging,98.23,97.83,-0.88,-1.17,False,False,2026-09-02 ratio=99.11 momentum=99.00; 2026-09-03 ratio=99.04 momentum=98.54; 2026-09-04 ratio=98.38 momentum=97.38; 2026-09-08 ratio=98.22 momentum=97.76; 2026-09-09 ratio=98.23 momentum=97.83,20.0
stock,IFB Industries,IFBIND.NS,Household Appliances,Consumer Durables,5200.75,0.0,38.06,50.08,1523.52,17.1,33.28,18.22,,not_stage_2,2,1266.8,1203.29,1.27,0.05406,"{'price_above_30w_ma': True, '30w_ma_rising': True, 'price_above_10w_ma': False, 'relative_strength_positive': False, 'near_52w_high': False}",lagging,lagging,99.14,96.95,-0.21,-0.01,False,False,2026-09-02 ratio=99.35 momentum=96.96; 2026-09-03 ratio=99.70 momentum=97.44; 2026-09-04 ratio=99.51 momentum=97.39; 2026-09-08 ratio=99.57 momentum=95.96; 2026-09-09 ratio=99.14 momentum=96.95,42.54
stock,Adani Total Gas,ATGL.NS,LPG/CNG/PNG/LNG Supplier,"Oil, Gas & Consumable Fuels",66312.63,0.04,133.03,-17.97,1743.48,27.1,109.11,15.09,,not_stage_2,2,612.3,634.83,2.14,0.02613,"{'price_above_30w_ma': False, '30w_ma_rising': True, 'price_above_10w_ma': False, 'relative_strength_positive': False, 'near_52w_high': True}",improving,lagging,98.99,102.0,0.47,5.44,False,True,2026-09-02 ratio=98.53 momentum=96.56; 2026-09-03 ratio=98.59 momentum=97.87; 2026-09-04 ratio=98.59 momentum=99.46; 2026-09-08 ratio=98.73 momentum=100.84; 2026-09-09 ratio=98.99 momentum=102.00,54.28
stock,Petronet LNG,PETRONET.NS,LPG/CNG/PNG/LNG Supplier,"Oil, Gas & Consumable Fuels",43373.27,3.46,1137.14,35.07,5557.84,-53.22,10.31,22.55,,stage_2,5,285.9,279.06,0.06,0.0122,"{'price_above_30w_ma': True, '30w_ma_rising': True, 'price_above_10w_ma': True, 'relative_strength_positive': True, 'near_52w_high': True}",leading,weakening,101.7,100.39,0.14,0.58,True,False,2026-09-02 ratio=101.56 momentum=99.82; 2026-09-03 ratio=101.64 momentum=99.68; 2026-09-04 ratio=101.36 momentum=98.88; 2026-09-08 ratio=101.43 momentum=98.18; 2026-09-09 ratio=101.70 momentum=100.39,165.57
stock,Gujarat Energy,GUJENERGY.NS,LPG/CNG/PNG/LNG Supplier,"Oil, Gas & Consumable Fuels",23903.35,3.49,1007.4,69.8,9544.98,63.12,12.22,18.49,,not_stage_2,0,258.97,335.72,-5.97,0.01105,"{'price_above_30w_ma': False, '30w_ma_rising': False, 'price_above_10w_ma': False, 'relative_strength_positive': False, 'near_52w_high': False}",improving,improving,99.61,102.17,0.08,0.58,False,True,2026-09-03 ratio=99.52 momentum=101.59; 2026-09-04 ratio=99.51 momentum=101.53; 2026-09-07 ratio=99.51 momentum=101.63; 2026-09-08 ratio=99.51 momentum=101.85; 2026-09-09 ratio=99.61 momentum=102.17,10.85
stock,Indraprastha Gas,IGL.NS,LPG/CNG/PNG/LNG Supplier,"Oil, Gas & Consumable Fuels",21557.73,2.12,237.92,-43.97,4586.73,17.19,15.84,17.52,,not_stage_2,2,152.92,157.93,-1.84,0.00653,"{'price_above_30w_ma': False, '30w_ma_rising': False, 'price_above_10w_ma': True, 'relative_strength_positive': True, 'near_52w_high': False}",leading,lagging,102.23,102.65,2.86,3.31,True,False,2026-09-02 ratio=99.37 momentum=99.34; 2026-09-03 ratio=99.76 momentum=101.90; 2026-09-04 ratio=102.00 momentum=103.60; 2026-09-08 ratio=101.67 momentum=102.63; 2026-09-09 ratio=102.23 momentum=102.65,94.4
stock,Mahanagar Gas,MGL.NS,LPG/CNG/PNG/LNG Supplier,"Oil, Gas & Consumable Fuels",10871.95,2.73,193.7,-39.39,2371.71,13.95,15.08,17.14,,not_stage_2,2,1084.3,1098.74,-0.01,0.04628,"{'price_above_30w_ma': False, '30w_ma_rising': False, 'price_above_10w_ma': False, 'relative_strength_positive': True, 'near_52w_high': True}",leading,lagging,100.51,101.85,1.89,4.91,True,False,2026-09-02 ratio=98.63 momentum=96.94; 2026-09-03 ratio=98.70 momentum=96.56; 2026-09-04 ratio=99.94 momentum=100.94; 2026-09-08 ratio=100.82 momentum=101.48; 2026-09-09 ratio=100.51 momentum=101.85,81.8
stock,Confidence Petro,CONFIPET.NS,LPG/CNG/PNG/LNG Supplier,"Oil, Gas & Consumable Fuels",2924.21,0.11,62.55,207.04,2408.53,116.6,21.72,9.23,,stage_2,5,90.66,62.33,11.95,0.00387,"{'price_above_30w_ma': True, '30w_ma_rising': True, 'price_above_10w_ma': True, 'relative_strength_positive': True, 'near_52w_high': True}",leading,leading,103.48,103.49,1.09,-0.03,False,False,2026-09-03 ratio=102.39 momentum=103.52; 2026-09-04 ratio=101.79 momentum=102.22; 2026-09-07 ratio=101.72 momentum=105.31; 2026-09-08 ratio=101.83 momentum=103.03; 2026-09-09 ratio=103.48 momentum=103.49,203.75
stock,IRM Energy,IRMENERGY.NS,LPG/CNG/PNG/LNG Supplier,"Oil, Gas & Consumable Fuels",1154.6,0.53,33.81,142.89,325.85,24.13,15.79,8.63,,stage_2,5,282.85,258.87,2.1,0.01207,"{'price_above_30w_ma': True, '30w_ma_rising': True, 'price_above_10w_ma': True, 'relative_strength_positive': True, 'near_52w_high': True}",leading,weakening,101.24,100.29,0.16,0.4,True,False,2026-09-03 ratio=101.08 momentum=99.89; 2026-09-04 ratio=100.84 momentum=98.94; 2026-09-07 ratio=101.14 momentum=101.56; 2026-09-08 ratio=101.06 momentum=105.10; 2026-09-09 ratio=101.24 momentum=100.29,166.85
stock,Life Insurance,LICI.NS,Life Insurance,Financial Services,513335.75,2.47,13584.25,23.98,239865.7,6.76,8.54,35.14,,not_stage_2,2,407.5,411.02,-0.23,0.01739,"{'price_above_30w_ma': False, '30w_ma_rising': False, 'price_above_10w_ma': False, 'relative_strength_positive': True, 'near_52w_high': True}",leading,leading,100.06,102.51,-0.04,0.87,False,False,2026-09-03 ratio=100.09 momentum=101.64; 2026-09-04 ratio=99.97 momentum=100.32; 2026-09-07 ratio=99.87 momentum=99.91; 2026-09-08 ratio=100.01 momentum=100.54; 2026-09-09 ratio=100.06 momentum=102.51,72.85
stock,SBI Life Insuran,SBILIFE.NS,Life Insurance,Financial Services,170528.37,0.16,724.93,21.97,46336.78,18.82,65.57,14.95,,not_stage_2,1,1684.0,1843.67,-1.81,0.07187,"{'price_above_30w_ma': False, '30w_ma_rising': False, 'price_above_10w_ma': False, 'relative_strength_positive': False, 'near_52w_high': True}",lagging,lagging,98.45,99.44,0.12,1.28,False,False,2026-09-03 ratio=98.33 momentum=98.16; 2026-09-04 ratio=99.61 momentum=101.05; 2026-09-07 ratio=98.84 momentum=101.04; 2026-09-08 ratio=98.34 momentum=100.65; 2026-09-09 ratio=98.45 momentum=99.44,20.0
stock,HDFC Life Insur.,HDFCLIFE.NS,Life Insurance,Financial Services,114232.98,0.4,611.19,11.46,33758.51,14.58,57.83,10.3,,not_stage_2,0,514.0,590.84,-3.7,0.02194,"{'price_above_30w_ma': False, '30w_ma_rising': False, 'price_above_10w_ma': False, 'relative_strength_positive': False, 'near_52w_high': False}",lagging,improving,98.55,96.98,-0.67,-3.89,False,False,2026-09-03 ratio=99.22 momentum=100.87; 2026-09-04 ratio=100.06 momentum=101.56; 2026-09-07 ratio=99.37 momentum=99.09; 2026-09-08 ratio=99.69 momentum=101.78; 2026-09-09 ratio=98.55 momentum=96.98,0.0
stock,ICICI Pru Life,ICICIPRULI.NS,Life Insurance,Financial Services,68723.91,0.35,623.91,61.94,3185.46,-79.69,42.74,10.14,,not_stage_2,0,462.5,526.44,-3.62,0.01974,"{'price_above_30w_ma': False, '30w_ma_rising': False, 'price_above_10w_ma': False, 'relative_strength_positive': False, 'near_52w_high': False}",lagging,leading,97.61,97.79,-2.61,-2.44,False,False,2026-09-02 ratio=100.22 momentum=100.23; 2026-09-03 ratio=99.84 momentum=99.77; 2026-09-04 ratio=99.72 momentum=97.79; 2026-09-08 ratio=97.73 momentum=96.99; 2026-09-09 ratio=97.61 momentum=97.79,0.0
stock,Max Financial,MFSL.NS,Life Insurance,Financial Services,51332.2,0.0,118.29,36.38,14969.51,16.75,473.08,2.87,,not_stage_2,1,1468.5,1608.98,-1.18,0.06267,"{'price_above_30w_ma': False, '30w_ma_rising': False, 'price_above_10w_ma': False, 'relative_strength_positive': False, 'near_52w_high': True}",lagging,lagging,99.2,97.6,-0.07,-1.21,False,False,2026-09-02 ratio=99.27 momentum=98.81; 2026-09-03 ratio=100.05 momentum=100.24; 2026-09-04 ratio=100.30 momentum=100.53; 2026-09-08 ratio=99.57 momentum=98.99; 2026-09-09 ratio=99.20 momentum=97.60,20.0
stock,Canara HSBC,CANHLIFE.NS,Life Insurance,Financial Services,14468.39,0.26,28.14,20.15,4350.86,19.81,110.17,8.35,,stage_2,4,149.49,144.69,0.6,0.00638,"{'price_above_30w_ma': True, '30w_ma_rising': True, 'price_above_10w_ma': False, 'relative_strength_positive': True, 'near_52w_high': True}",weakening,leading,100.92,98.45,-0.62,-2.54,False,False,2026-09-03 ratio=101.55 momentum=100.99; 2026-09-04 ratio=102.05 momentum=100.52; 2026-09-07 ratio=101.49 momentum=99.32; 2026-09-08 ratio=101.65 momentum=102.34; 2026-09-09 ratio=100.92 momentum=98.45,110.8
stock,Container Corpn.,CONCOR.NS,Logistics Solution Provider,Services,38434.64,1.71,268.9,0.08,2159.76,0.28,30.95,12.64,,stage_2,5,510.0,488.13,0.41,0.02177,"{'price_above_30w_ma': True, '30w_ma_rising': True, 'price_above_10w_ma': True, 'relative_strength_positive': True, 'near_52w_high': True}",leading,weakening,101.25,100.62,0.44,2.12,True,False,2026-09-03 ratio=100.81 momentum=98.50; 2026-09-04 ratio=100.71 momentum=98.95; 2026-09-07 ratio=100.59 momentum=98.34; 2026-09-08 ratio=100.63 momentum=99.04; 2026-09-09 ratio=101.25 momentum=100.62,165.17
stock,Delhivery,DELHIVERY.NS,Logistics Solution Provider,Services,33584.86,0.0,31.91,-64.95,2930.73,27.76,281.56,1.01,,not_stage_2,2,451.2,457.06,1.21,0.01926,"{'price_above_30w_ma': False, '30w_ma_rising': True, 'price_above_10w_ma': False, 'relative_strength_positive': False, 'near_52w_high': True}",improving,improving,99.55,103.48,0.29,2.42,False,True,2026-09-02 ratio=99.26 momentum=101.06; 2026-09-03 ratio=99.74 momentum=102.33; 2026-09-04 ratio=99.43 momentum=101.66; 2026-09-08 ratio=99.53 momentum=102.82; 2026-09-09 ratio=99.55 momentum=103.48,59.82
stock,Shadowfax Technologies,SHADOWFAX.NS,Logistics Solution Provider,Services,14958.56,0.0,66.2,624.29,1323.85,66.33,86.85,10.3,,insufficient_data,0,,,,,{},leading,weakening,101.24,100.79,-0.45,1.61,False,False,2026-09-03 ratio=101.68 momentum=99.18; 2026-09-04 ratio=101.57 momentum=99.58; 2026-09-07 ratio=101.05 momentum=97.61; 2026-09-08 ratio=101.07 momentum=98.62; 2026-09-09 ratio=101.24 momentum=100.79,30.15
stock,Blue Dart Expres,BLUEDART.NS,Logistics Solution Provider,Services,11589.82,0.51,88.49,81.22,1657.72,14.97,35.75,15.77,,not_stage_2,1,4928.4,5097.12,-1.58,0.21033,"{'price_above_30w_ma': False, '30w_ma_rising': False, 'price_above_10w_ma': False, 'relative_strength_positive': True, 'near_52w_high': False}",leading,weakening,100.66,101.95,0.03,2.51,True,False,2026-09-02 ratio=100.63 momentum=99.43; 2026-09-03 ratio=100.80 momentum=100.21; 2026-09-04 ratio=100.40 momentum=99.44; 2026-09-08 ratio=100.84 momentum=100.74; 2026-09-09 ratio=100.66 momentum=101.95,63.05
stock,Shiprocket,SHIPROCKET.NS,Logistics Solution Provider,Services,9381.81,0.0,-13.71,23.96,592.09,33.81,,-2.68,,insufficient_data,0,,,,,{},insufficient_data,insufficient_data,,,,,False,False,,0.0
stock,Transport Corp.,TCI.NS,Logistics Solution Provider,Services,6583.28,1.17,106.6,-0.75,1248.5,9.58,14.42,19.45,,not_stage_2,0,867.95,940.97,-2.27,0.03704,"{'price_above_30w_ma': False, '30w_ma_rising': False, 'price_above_10w_ma': False, 'relative_strength_positive': False, 'near_52w_high': False}",improving,lagging,99.03,102.67,1.18,5.13,False,True,2026-09-02 ratio=97.84 momentum=97.54; 2026-09-03 ratio=98.13 momentum=99.11; 2026-09-04 ratio=98.06 momentum=98.62; 2026-09-08 ratio=98.83 momentum=101.21; 2026-09-09 ratio=99.03 momentum=102.67,13.35
stock,TVS Supply,TVSSCS.NS,Logistics Solution Provider,Services,5675.32,0.0,22.48,-84.26,3335.22,28.66,80.08,10.06,,not_stage_2,3,124.65,122.07,2.4,0.00532,"{'price_above_30w_ma': True, '30w_ma_rising': True, 'price_above_10w_ma': False, 'relative_strength_positive': False, 'near_52w_high': True}",lagging,improving,99.35,98.09,0.56,-3.44,False,False,2026-09-02 ratio=98.80 momentum=101.53; 2026-09-03 ratio=99.77 momentum=102.52; 2026-09-04 ratio=99.90 momentum=104.57; 2026-09-08 ratio=99.60 momentum=99.44; 2026-09-09 ratio=99.35 momentum=98.09,64.8
stock,VRL Logistics,VRLLOG.NS,Logistics Solution Provider,Services,5045.18,1.73,80.53,60.93,878.84,18.07,18.87,18.27,,stage_2,5,288.35,257.53,0.98,0.01231,"{'price_above_30w_ma': True, '30w_ma_rising': True, 'price_above_10w_ma': True, 'relative_strength_positive': True, 'near_52w_high': True}",weakening,weakening,101.06,98.69,-0.42,1.37,False,False,2026-09-02 ratio=101.47 momentum=97.32; 2026-09-03 ratio=101.36 momentum=96.97; 2026-09-04 ratio=101.28 momentum=99.22; 2026-09-08 ratio=101.21 momentum=99.13; 2026-09-09 ratio=101.06 momentum=98.69,132.26
stock,Mahindra Logis.,MAHLOG.NS,Logistics Solution Provider,Services,3969.13,0.62,27.83,335.09,2002.88,23.29,100.73,7.36,,stage_2,5,401.75,384.99,1.63,0.01715,"{'price_above_30w_ma': True, '30w_ma_rising': True, 'price_above_10w_ma': True, 'relative_strength_positive': True, 'near_52w_high': True}",leading,lagging,101.46,101.52,1.46,3.73,True,False,2026-09-02 ratio=100.00 momentum=97.79; 2026-09-03 ratio=100.73 momentum=99.83; 2026-09-04 ratio=101.14 momentum=101.30; 2026-09-08 ratio=101.86 momentum=101.78; 2026-09-09 ratio=101.46 momentum=101.52,173.16
stock,Gateway Distri,GATEWAY.NS,Logistics Solution Provider,Services,2684.6,3.73,51.26,-20.79,549.3,-0.21,10.95,10.83,,not_stage_2,1,53.51,56.7,-1.12,0.00228,"{'price_above_30w_ma': False, '30w_ma_rising': False, 'price_above_10w_ma': False, 'relative_strength_positive': False, 'near_52w_high': True}",improving,improving,99.39,103.59,0.71,2.19,False,True,2026-09-02 ratio=98.68 momentum=101.40; 2026-09-03 ratio=99.30 momentum=102.02; 2026-09-04 ratio=99.39 momentum=103.20; 2026-09-08 ratio=99.34 momentum=102.40; 2026-09-09 ratio=99.39 momentum=103.59,37.95
stock,Castrol India,CASTROLIND.NS,Lubricants,"Oil, Gas & Consumable Fuels",18577.87,4.65,347.7,42.5,1871.47,25.03,17.22,60.27,,stage_2,5,189.16,184.68,0.26,0.00807,"{'price_above_30w_ma': True, '30w_ma_rising': True, 'price_above_10w_ma': True, 'relative_strength_positive': True, 'near_52w_high': True}",leading,leading,103.03,102.06,1.56,1.25,False,False,2026-09-03 ratio=101.47 momentum=100.82; 2026-09-04 ratio=102.95 momentum=102.44; 2026-09-07 ratio=102.57 momentum=102.03; 2026-09-08 ratio=102.91 momentum=102.45; 2026-09-09 ratio=103.03 momentum=102.06,170.97
stock,Gulf Oil Lubric.,GULFOILLUB.NS,Lubricants,"Oil, Gas & Consumable Fuels",5320.51,4.75,127.52,31.93,1320.36,32.52,13.39,27.23,,stage_2,4,1081.1,1016.48,0.16,0.04614,"{'price_above_30w_ma': True, '30w_ma_rising': True, 'price_above_10w_ma': False, 'relative_strength_positive': True, 'near_52w_high': True}",weakening,weakening,100.32,98.12,-0.2,0.67,False,False,2026-09-03 ratio=100.52 momentum=97.45; 2026-09-04 ratio=99.73 momentum=97.22; 2026-09-07 ratio=99.57 momentum=96.69; 2026-09-08 ratio=99.76 momentum=97.71; 2026-09-09 ratio=100.32 momentum=98.12,106.92
stock,Savita Oil Tech,SOTL.NS,Lubricants,"Oil, Gas & Consumable Fuels",4777.96,0.72,292.25,395.59,1479.77,49.6,11.19,13.96,,stage_2,5,689.6,500.52,10.24,0.02943,"{'price_above_30w_ma': True, '30w_ma_rising': True, 'price_above_10w_ma': True, 'relative_strength_positive': True, 'near_52w_high': True}",weakening,leading,100.92,99.4,-0.65,-1.41,False,False,2026-09-03 ratio=101.57 momentum=100.81; 2026-09-04 ratio=101.54 momentum=101.32; 2026-09-07 ratio=101.06 momentum=100.04; 2026-09-08 ratio=100.73 momentum=99.78; 2026-09-09 ratio=100.92 momentum=99.40,150.08
stock,Panama Petrochem,PANAMAPET.NS,Lubricants,"Oil, Gas & Consumable Fuels",2979.55,0.61,308.91,624.8,1735.15,150.3,6.22,19.15,,stage_2,5,498.4,367.21,7.53,0.02127,"{'price_above_30w_ma': True, '30w_ma_rising': True, 'price_above_10w_ma': True, 'relative_strength_positive': True, 'near_52w_high': True}",leading,leading,101.51,102.22,0.58,2.2,False,False,2026-09-03 ratio=100.94 momentum=100.02; 2026-09-04 ratio=101.22 momentum=101.13; 2026-09-07 ratio=100.82 momentum=100.08; 2026-09-08 ratio=100.93 momentum=101.28; 2026-09-09 ratio=101.51 momentum=102.22,178.71
stock,Gandhar Oil Ref.,GANDHAR.NS,Lubricants,"Oil, Gas & Consumable Fuels",2655.97,0.74,205.89,633.09,1731.93,91.81,8.81,13.33,,stage_2,5,265.85,180.69,8.62,0.01135,"{'price_above_30w_ma': True, '30w_ma_rising': True, 'price_above_10w_ma': True, 'relative_strength_positive': True, 'near_52w_high': True}",leading,leading,101.4,102.14,-0.04,0.71,False,False,2026-09-03 ratio=101.44 momentum=101.42; 2026-09-04 ratio=101.40 momentum=102.43; 2026-09-07 ratio=101.31 momentum=100.19; 2026-09-08 ratio=101.29 momentum=101.14; 2026-09-09 ratio=101.40 momentum=102.14,179.94
stock,Veedol Corporat,VEEDOL.NS,Lubricants,"Oil, Gas & Consumable Fuels",2494.2,4.03,77.92,56.88,608.57,18.49,11.34,24.09,,not_stage_2,3,1437.0,1423.22,0.34,0.06133,"{'price_above_30w_ma': True, '30w_ma_rising': True, 'price_above_10w_ma': False, 'relative_strength_positive': True, 'near_52w_high': False}",leading,weakening,100.62,102.15,-0.21,4.94,False,False,2026-09-02 ratio=100.83 momentum=97.21; 2026-09-03 ratio=100.63 momentum=97.73; 2026-09-04 ratio=100.92 momentum=99.39; 2026-09-08 ratio=100.75 momentum=100.79; 2026-09-09 ratio=100.62 momentum=102.15,94.53
stock,GP Petroleums,GULFPETRO.NS,Lubricants,"Oil, Gas & Consumable Fuels",336.98,0.76,21.19,229.04,230.33,45.6,7.74,10.84,,stage_2,5,67.21,41.12,12.36,0.00287,"{'price_above_30w_ma': True, '30w_ma_rising': True, 'price_above_10w_ma': True, 'relative_strength_positive': True, 'near_52w_high': True}",weakening,weakening,101.34,96.7,-0.14,-0.8,False,False,2026-09-02 ratio=101.48 momentum=97.50; 2026-09-03 ratio=101.36 momentum=96.70; 2026-09-04 ratio=101.23 momentum=96.98; 2026-09-08 ratio=101.13 momentum=95.37; 2026-09-09 ratio=101.34 momentum=96.70,156.42
stock,Arabian Petrol.,ARABIAN.NS,Lubricants,"Oil, Gas & Consumable Fuels",88.39,0.0,5.21,3.37,200.25,36.98,7.85,18.41,,stage_2,5,84.9,73.01,3.0,0.00362,"{'price_above_30w_ma': True, '30w_ma_rising': True, 'price_above_10w_ma': True, 'relative_strength_positive': True, 'near_52w_high': True}",leading,weakening,101.18,100.96,-0.15,2.9,False,False,2026-09-02 ratio=101.33 momentum=98.06; 2026-09-03 ratio=101.30 momentum=99.01; 2026-09-04 ratio=101.24 momentum=100.60; 2026-09-08 ratio=101.30 momentum=100.47; 2026-09-09 ratio=101.18 momentum=100.96,161.7
stock,Sundrex Oil,SOCL.NS,Lubricants,"Oil, Gas & Consumable Fuels",38.77,0.0,2.9,-16.18,67.25,96.29,7.29,21.24,,insufficient_data,0,,,,,{},insufficient_data,insufficient_data,,,,,False,False,,0.0
stock,Venky's (India),VENKEYS.NS,Meat Products including Poultry,Fast Moving Consumer Goods,2405.07,0.59,49.99,215.79,1118.38,29.17,13.87,11.9,,stage_2,5,1694.7,1462.1,0.87,0.07233,"{'price_above_30w_ma': True, '30w_ma_rising': True, 'price_above_10w_ma': True, 'relative_strength_positive': True, 'near_52w_high': True}",leading,leading,102.62,101.66,0.04,-0.54,False,False,2026-09-02 ratio=102.58 momentum=102.20; 2026-09-03 ratio=102.65 momentum=102.53; 2026-09-04 ratio=102.21 momentum=102.92; 2026-09-08 ratio=102.87 momentum=101.88; 2026-09-09 ratio=102.62 momentum=101.66,168.14
stock,SKM Egg Prod.,SKMEGGPROD.NS,Meat Products including Poultry,Fast Moving Consumer Goods,1305.44,0.5,23.82,46.5,184.26,4.87,11.73,30.0,,not_stage_2,3,250.9,220.21,4.27,0.01071,"{'price_above_30w_ma': True, '30w_ma_rising': True, 'price_above_10w_ma': False, 'relative_strength_positive': False, 'near_52w_high': True}",lagging,improving,99.41,98.29,-0.1,-3.21,False,False,2026-09-03 ratio=99.51 momentum=101.50; 2026-09-04 ratio=99.36 momentum=99.52; 2026-09-07 ratio=99.14 momentum=98.53; 2026-09-08 ratio=99.39 momentum=100.08; 2026-09-09 ratio=99.41 momentum=98.29,68.54
stock,HMA Agro Inds.,HMAAGRO.NS,Meat Products including Poultry,Fast Moving Consumer Goods,998.54,1.5,50.51,6158.02,2110.32,87.98,4.65,15.99,,not_stage_2,0,20.02,23.17,-3.23,0.00085,"{'price_above_30w_ma': False, '30w_ma_rising': False, 'price_above_10w_ma': False, 'relative_strength_positive': False, 'near_52w_high': False}",lagging,lagging,98.71,99.63,-0.5,1.68,False,False,2026-09-02 ratio=99.22 momentum=97.95; 2026-09-03 ratio=99.36 momentum=98.30; 2026-09-04 ratio=99.22 momentum=95.97; 2026-09-08 ratio=98.38 momentum=97.26; 2026-09-09 ratio=98.71 momentum=99.63,0.0
stock,Prime Focus,PFOCUS.NS,Media & Entertainment,"Media, Entertainment & Publication",24391.47,0.0,-45.78,-90.56,1266.81,23.81,136.63,11.28,,stage_2,5,316.3,278.49,3.05,0.0135,"{'price_above_30w_ma': True, '30w_ma_rising': True, 'price_above_10w_ma': True, 'relative_strength_positive': True, 'near_52w_high': True}",leading,weakening,102.05,101.57,1.66,2.45,True,False,2026-09-02 ratio=100.39 momentum=99.13; 2026-09-03 ratio=100.82 momentum=100.33; 2026-09-04 ratio=101.43 momentum=100.68; 2026-09-08 ratio=101.83 momentum=100.75; 2026-09-09 ratio=102.05 momentum=101.57,179.2
stock,Saregama India,SAREGAMA.NS,Media & Entertainment,"Media, Entertainment & Publication",9736.85,0.89,51.88,40.64,263.6,27.48,42.66,17.29,,stage_2,4,500.55,423.31,5.39,0.02136,"{'price_above_30w_ma': True, '30w_ma_rising': True, 'price_above_10w_ma': False, 'relative_strength_positive': True, 'near_52w_high': True}",leading,lagging,100.7,101.22,1.74,3.95,True,False,2026-09-02 ratio=98.96 momentum=97.27; 2026-09-03 ratio=99.84 momentum=97.73; 2026-09-04 ratio=99.75 momentum=98.75; 2026-09-08 ratio=100.29 momentum=99.60; 2026-09-09 ratio=100.70 momentum=101.22,155.38
stock,Tips Music,TIPSMUSIC.NS,Media & Entertainment,"Media, Entertainment & Publication",8424.2,1.97,43.7,-4.67,106.51,20.94,39.25,118.47,,stage_2,4,650.8,622.95,2.17,0.02777,"{'price_above_30w_ma': True, '30w_ma_rising': True, 'price_above_10w_ma': False, 'relative_strength_positive': True, 'near_52w_high': True}",leading,lagging,100.11,103.1,1.26,5.56,True,False,2026-09-02 ratio=98.84 momentum=97.55; 2026-09-03 ratio=99.72 momentum=101.62; 2026-09-04 ratio=99.58 momentum=101.10; 2026-09-08 ratio=99.64 momentum=102.06; 2026-09-09 ratio=100.11 momentum=103.10,155.39
stock,Netwrk.18 Media,NETWORK18.NS,Media & Entertainment,"Media, Entertainment & Publication",4134.11,0.0,-38.36,-2074.55,516.26,10.34,,3.01,,not_stage_2,0,26.92,31.57,-3.61,0.00115,"{'price_above_30w_ma': False, '30w_ma_rising': False, 'price_above_10w_ma': False, 'relative_strength_positive': False, 'near_52w_high': False}",lagging,lagging,98.71,96.23,0.04,-1.65,False,False,2026-09-03 ratio=98.67 momentum=97.88; 2026-09-04 ratio=99.24 momentum=99.56; 2026-09-07 ratio=98.87 momentum=98.22; 2026-09-08 ratio=98.79 momentum=97.91; 2026-09-09 ratio=98.71 momentum=96.23,0.0
stock,Balaji Telefilms,BALAJITELE.NS,Media & Entertainment,"Media, Entertainment & Publication",1124.75,0.0,22.39,489.25,240.29,229.93,,-9.54,,not_stage_2,3,92.85,93.13,0.88,0.00396,"{'price_above_30w_ma': False, '30w_ma_rising': True, 'price_above_10w_ma': True, 'relative_strength_positive': True, 'near_52w_high': False}",weakening,weakening,101.43,98.82,0.65,-0.86,False,False,2026-09-03 ratio=100.78 momentum=99.68; 2026-09-04 ratio=101.19 momentum=96.47; 2026-09-07 ratio=100.92 momentum=96.88; 2026-09-08 ratio=101.42 momentum=99.42; 2026-09-09 ratio=101.43 momentum=98.82,68.91
stock,Basilic Fly Stud,BASILIC.NS,Media & Entertainment,"Media, Entertainment & Publication",489.89,0.0,6.7,-9.37,103.5,9.87,10.18,22.32,,not_stage_2,1,189.8,209.67,-4.63,0.0081,"{'price_above_30w_ma': False, '30w_ma_rising': False, 'price_above_10w_ma': False, 'relative_strength_positive': True, 'near_52w_high': False}",leading,improving,100.02,102.21,0.36,0.69,True,False,2026-09-02 ratio=99.66 momentum=101.52; 2026-09-03 ratio=100.00 momentum=101.72; 2026-09-04 ratio=99.26 momentum=100.72; 2026-09-08 ratio=99.14 momentum=99.99; 2026-09-09 ratio=100.02 momentum=102.21,61.15
stock,Ent.Network,ENIL.NS,Media & Entertainment,"Media, Entertainment & Publication",486.55,1.97,-6.01,-11.5,113.69,-2.79,364.13,-0.75,,not_stage_2,0,100.72,107.97,-1.17,0.0043,"{'price_above_30w_ma': False, '30w_ma_rising': False, 'price_above_10w_ma': False, 'relative_strength_positive': False, 'near_52w_high': False}",improving,improving,99.77,101.97,0.99,1.82,False,True,2026-09-02 ratio=98.79 momentum=100.15; 2026-09-03 ratio=98.67 momentum=100.22; 2026-09-04 ratio=99.70 momentum=101.51; 2026-09-08 ratio=99.27 momentum=101.45; 2026-09-09 ratio=99.77 momentum=101.97,9.85
stock,Shemaroo Entert.,SHEMAROO.NS,Media & Entertainment,"Media, Entertainment & Publication",350.48,0.0,-8.07,82.43,131.68,-5.62,,-39.34,,stage_2,4,123.32,111.05,3.17,0.00526,"{'price_above_30w_ma': True, '30w_ma_rising': True, 'price_above_10w_ma': False, 'relative_strength_positive': True, 'near_52w_high': True}",leading,weakening,100.59,100.05,-0.14,2.28,False,False,2026-09-02 ratio=100.73 momentum=97.77; 2026-09-03 ratio=100.57 momentum=94.64; 2026-09-04 ratio=100.72 momentum=101.19; 2026-09-08 ratio=100.77 momentum=102.48; 2026-09-09 ratio=100.59 momentum=100.05,134.54
stock,Gretex Industrie,GRETEX.NS,Media & Entertainment,"Media, Entertainment & Publication",349.12,0.0,0.1,-92.09,27.6,43.97,249.37,3.01,,not_stage_2,1,225.15,275.07,2.79,0.00961,"{'price_above_30w_ma': False, '30w_ma_rising': True, 'price_above_10w_ma': False, 'relative_strength_positive': False, 'near_52w_high': False}",lagging,lagging,96.98,97.03,-0.84,-0.23,False,False,2026-09-02 ratio=97.82 momentum=97.26; 2026-09-03 ratio=97.04 momentum=97.12; 2026-09-04 ratio=96.61 momentum=97.06; 2026-09-08 ratio=96.48 momentum=96.94; 2026-09-09 ratio=96.98 momentum=97.03,25.58
stock,Optimystix Entertainment,OPTIMYSTIX.NS,Media & Entertainment,"Media, Entertainment & Publication",346.25,0.0,,,,,14.45,27.26,,insufficient_data,0,,,,,{},insufficient_data,insufficient_data,,,,,False,False,,0.0
stock,Poly Medicure,POLYMED.NS,Medical Equipment & Supplies,Healthcare,17717.0,0.2,85.28,-7.57,525.38,30.3,55.36,12.5,,stage_2,5,1724.0,1526.85,2.44,0.07358,"{'price_above_30w_ma': True, '30w_ma_rising': True, 'price_above_10w_ma': True, 'relative_strength_positive': True, 'near_52w_high': True}",leading,leading,101.19,101.75,-0.36,1.12,False,False,2026-09-03 ratio=101.55 momentum=100.63; 2026-09-04 ratio=100.19 momentum=99.52; 2026-09-07 ratio=100.31 momentum=99.28; 2026-09-08 ratio=101.07 momentum=101.03; 2026-09-09 ratio=101.19 momentum=101.75,164.58
stock,Molbio Diagnosti,MOLBIO.NS,Medical Equipment & Supplies,Healthcare,17391.56,0.0,52.75,347.79,408.38,309.57,69.66,18.48,,insufficient_data,0,,,,,{},insufficient_data,insufficient_data,,,,,False,False,,0.0
stock,Fischer Medical,FISCHER.NS,Medical Equipment & Supplies,Healthcare,2432.12,0.14,3.79,-22.02,81.92,249.49,99.35,11.38,,not_stage_2,0,34.78,37.47,-1.34,0.00148,"{'price_above_30w_ma': False, '30w_ma_rising': False, 'price_above_10w_ma': False, 'relative_strength_positive': False, 'near_52w_high': False}",lagging,lagging,98.45,99.67,-1.17,1.18,False,False,2026-09-03 ratio=99.62 momentum=98.49; 2026-09-04 ratio=98.87 momentum=98.00; 2026-09-07 ratio=98.82 momentum=99.71; 2026-09-08 ratio=98.84 momentum=99.44; 2026-09-09 ratio=98.45 momentum=99.67,0.0
stock,Tarsons Products,TARSONS.NS,Medical Equipment & Supplies,Healthcare,1681.46,0.0,-1.44,-180.9,110.24,20.67,142.02,4.59,,stage_2,4,321.35,248.03,7.53,0.01371,"{'price_above_30w_ma': True, '30w_ma_rising': True, 'price_above_10w_ma': False, 'relative_strength_positive': True, 'near_52w_high': True}",weakening,weakening,100.64,96.88,-0.8,-2.78,False,False,2026-09-02 ratio=101.44 momentum=99.66; 2026-09-03 ratio=101.10 momentum=99.28; 2026-09-04 ratio=101.02 momentum=98.07; 2026-09-08 ratio=100.71 momentum=96.70; 2026-09-09 ratio=100.64 momentum=96.88,123.26
stock,Q-Line Biotech,QLINE.NS,Medical Equipment & Supplies,Healthcare,1667.85,0.0,34.41,147.29,197.94,-8.59,29.53,22.46,,insufficient_data,0,,,,,{},insufficient_data,insufficient_data,,,,,False,False,,0.0
stock,Laxmi Dental,LAXMIDENTL.NS,Medical Equipment & Supplies,Healthcare,1118.79,0.0,10.32,22.77,74.7,13.87,32.17,14.86,,not_stage_2,1,201.14,205.12,0.1,0.00858,"{'price_above_30w_ma': False, '30w_ma_rising': True, 'price_above_10w_ma': False, 'relative_strength_positive': False, 'near_52w_high': False}",improving,improving,99.76,103.36,0.66,0.26,False,True,2026-09-03 ratio=99.09 momentum=103.10; 2026-09-04 ratio=99.11 momentum=102.55; 2026-09-07 ratio=99.10 momentum=102.94; 2026-09-08 ratio=99.39 momentum=104.16; 2026-09-09 ratio=99.76 momentum=103.36,37.0
stock,Vasa Denticity,DENTALKART.NS,Medical Equipment & Supplies,Healthcare,676.39,0.0,4.19,45.99,82.17,36.9,55.9,9.21,,not_stage_2,1,399.2,405.03,-5.12,0.01704,"{'price_above_30w_ma': False, '30w_ma_rising': False, 'price_above_10w_ma': False, 'relative_strength_positive': True, 'near_52w_high': False}",weakening,leading,100.61,98.71,0.33,-1.37,False,False,2026-09-02 ratio=100.28 momentum=100.08; 2026-09-03 ratio=100.34 momentum=100.12; 2026-09-04 ratio=100.94 momentum=102.30; 2026-09-08 ratio=100.74 momentum=99.56; 2026-09-09 ratio=100.61 momentum=98.71,23.05
stock,OSEL Devices,OSELDEVICE.NS,Medical Equipment & Supplies,Healthcare,661.34,0.0,14.06,16.78,145.81,47.1,22.61,24.4,,insufficient_data,0,,,,,{},insufficient_data,insufficient_data,,,,,False,False,,0.0
stock,Nureca,NURECA.NS,Medical Equipment & Supplies,Healthcare,329.34,0.0,3.07,279.01,40.34,18.02,75.89,3.3,,stage_2,5,334.0,276.81,2.17,0.01425,"{'price_above_30w_ma': True, '30w_ma_rising': True, 'price_above_10w_ma': True, 'relative_strength_positive': True, 'near_52w_high': True}",leading,leading,101.1,103.76,-0.02,3.1,False,False,2026-09-02 ratio=101.12 momentum=100.66; 2026-09-03 ratio=100.99 momentum=100.33; 2026-09-04 ratio=100.70 momentum=100.47; 2026-09-08 ratio=100.64 momentum=100.87; 2026-09-09 ratio=101.10 momentum=103.76,173.64
stock,QMS Medical,QMSMEDI.NS,Medical Equipment & Supplies,Healthcare,290.95,0.33,3.96,24.57,56.87,22.3,27.07,13.23,,stage_2,5,151.8,101.31,9.38,0.00648,"{'price_above_30w_ma': True, '30w_ma_rising': True, 'price_above_10w_ma': True, 'relative_strength_positive': True, 'near_52w_high': True}",weakening,weakening,101.58,96.86,-0.62,-1.7,False,False,2026-09-02 ratio=102.20 momentum=98.55; 2026-09-03 ratio=102.10 momentum=97.31; 2026-09-04 ratio=101.97 momentum=95.16; 2026-09-08 ratio=101.76 momentum=96.68; 2026-09-09 ratio=101.58 momentum=96.86,151.66
stock,CreditAcc. Gram.,CREDITACC.NS,Microfinance Institutions,Financial Services,22532.9,0.0,493.39,719.72,1783.49,21.92,18.61,9.98,,not_stage_2,3,1396.2,1358.08,1.11,0.05959,"{'price_above_30w_ma': True, '30w_ma_rising': True, 'price_above_10w_ma': False, 'relative_strength_positive': False, 'near_52w_high': True}",improving,lagging,98.82,101.5,0.46,3.88,False,True,2026-09-02 ratio=98.36 momentum=97.62; 2026-09-03 ratio=99.05 momentum=97.74; 2026-09-04 ratio=99.13 momentum=98.82; 2026-09-08 ratio=98.94 momentum=100.47; 2026-09-09 ratio=98.82 momentum=101.50,69.72
stock,Muthoot Microfin,MUTHOOTMF.NS,Microfinance Institutions,Financial Services,3345.56,0.0,81.34,1216.18,668.64,19.69,13.63,9.31,,not_stage_2,3,197.1,193.3,1.64,0.00841,"{'price_above_30w_ma': True, '30w_ma_rising': True, 'price_above_10w_ma': False, 'relative_strength_positive': False, 'near_52w_high': True}",lagging,lagging,98.93,97.54,-0.26,-1.4,False,False,2026-09-03 ratio=99.20 momentum=98.94; 2026-09-04 ratio=99.10 momentum=99.23; 2026-09-07 ratio=98.76 momentum=97.86; 2026-09-08 ratio=99.05 momentum=99.18; 2026-09-09 ratio=98.93 momentum=97.54,63.28
stock,Fusion Finance,FUSION.NS,Microfinance Institutions,Financial Services,3092.57,0.0,62.41,167.65,458.17,3.59,18.35,5.92,,not_stage_2,3,194.93,188.82,1.05,0.00832,"{'price_above_30w_ma': True, '30w_ma_rising': True, 'price_above_10w_ma': False, 'relative_strength_positive': False, 'near_52w_high': True}",lagging,lagging,99.26,99.03,0.25,0.26,False,False,2026-09-02 ratio=99.01 momentum=98.76; 2026-09-03 ratio=99.44 momentum=98.37; 2026-09-04 ratio=99.66 momentum=100.17; 2026-09-08 ratio=99.71 momentum=99.93; 2026-09-09 ratio=99.26 momentum=99.03,62.1
stock,Satin Creditcare,SATIN.NS,Microfinance Institutions,Financial Services,2398.2,0.0,122.65,172.0,762.14,8.39,5.85,13.84,,not_stage_2,3,214.88,204.32,4.38,0.00917,"{'price_above_30w_ma': True, '30w_ma_rising': True, 'price_above_10w_ma': False, 'relative_strength_positive': False, 'near_52w_high': True}",improving,lagging,98.98,103.19,0.17,3.39,False,True,2026-09-02 ratio=98.80 momentum=99.80; 2026-09-03 ratio=98.91 momentum=100.07; 2026-09-04 ratio=99.00 momentum=101.72; 2026-09-08 ratio=98.98 momentum=101.52; 2026-09-09 ratio=98.98 momentum=103.19,84.71
stock,Spandana Sphoort,SPANDANA.NS,Microfinance Institutions,Financial Services,1654.14,0.0,11.88,103.3,283.91,-5.51,,-5.78,,not_stage_2,1,232.61,246.78,-0.5,0.00993,"{'price_above_30w_ma': False, '30w_ma_rising': False, 'price_above_10w_ma': False, 'relative_strength_positive': False, 'near_52w_high': True}",improving,improving,98.99,102.0,0.19,1.56,False,True,2026-09-02 ratio=98.80 momentum=100.44; 2026-09-03 ratio=98.88 momentum=100.02; 2026-09-04 ratio=99.04 momentum=102.59; 2026-09-08 ratio=99.17 momentum=103.28; 2026-09-09 ratio=98.99 momentum=102.00,30.0
stock,Bajaj Finance,BAJFINANCE.NS,Non Banking Financial Company (NBFC),Financial Services,649241.05,0.52,6080.6,27.37,23165.45,18.65,31.7,10.87,,stage_2,4,1039.3,972.21,1.43,0.04435,"{'price_above_30w_ma': True, '30w_ma_rising': True, 'price_above_10w_ma': False, 'relative_strength_positive': True, 'near_52w_high': True}",weakening,weakening,100.19,97.57,0.14,0.52,False,False,2026-09-03 ratio=100.05 momentum=97.05; 2026-09-04 ratio=100.31 momentum=97.63; 2026-09-07 ratio=100.42 momentum=99.20; 2026-09-08 ratio=100.40 momentum=98.79; 2026-09-09 ratio=100.19 momentum=97.57,108.81
stock,Shriram Finance,SHRIRAMFIN.NS,Non Banking Financial Company (NBFC),Financial Services,244156.65,1.04,3452.77,59.89,13400.43,16.16,21.57,11.49,,not_stage_2,3,1029.0,1012.03,0.65,0.04392,"{'price_above_30w_ma': True, '30w_ma_rising': True, 'price_above_10w_ma': False, 'relative_strength_positive': False, 'near_52w_high': True}",lagging,lagging,99.7,97.41,0.1,0.05,False,False,2026-09-03 ratio=99.60 momentum=97.37; 2026-09-04 ratio=99.46 momentum=97.23; 2026-09-07 ratio=99.49 momentum=97.59; 2026-09-08 ratio=99.44 momentum=96.84; 2026-09-09 ratio=99.70 momentum=97.41,61.3
stock,Cholaman.Inv.&Fn,CHOLAFIN.NS,Non Banking Financial Company (NBFC),Financial Services,158770.87,0.11,1656.22,45.56,8856.29,21.87,27.61,9.71,,stage_2,4,1829.0,1667.94,1.35,0.07806,"{'price_above_30w_ma': True, '30w_ma_rising': True, 'price_above_10w_ma': False, 'relative_strength_positive': True, 'near_52w_high': True}",leading,weakening,101.2,100.84,0.78,2.84,True,False,2026-09-02 ratio=100.42 momentum=97.99; 2026-09-03 ratio=100.99 momentum=99.39; 2026-09-04 ratio=100.69 momentum=99.49; 2026-09-08 ratio=100.76 momentum=100.37; 2026-09-09 ratio=101.20 momentum=100.84,147.9
stock,Tata Capital,TATACAP.NS,Non Banking Financial Company (NBFC),Financial Services,154173.66,0.16,1628.18,56.32,8821.93,15.1,28.36,8.58,,stage_2,4,363.0,339.4,0.85,0.01549,"{'price_above_30w_ma': True, '30w_ma_rising': True, 'price_above_10w_ma': False, 'relative_strength_positive': True, 'near_52w_high': True}",weakening,leading,101.46,99.84,-0.48,-1.78,False,False,2026-09-03 ratio=101.94 momentum=101.62; 2026-09-04 ratio=102.16 momentum=102.22; 2026-09-07 ratio=101.74 momentum=101.71; 2026-09-08 ratio=101.73 momentum=103.10; 2026-09-09 ratio=101.46 momentum=99.84,114.0
stock,Muthoot Finance,MUTHOOTFIN.NS,Non Banking Financial Company (NBFC),Financial Services,113875.01,1.06,2824.84,38.83,8671.6,34.44,10.01,15.8,,not_stage_2,0,2815.0,3196.49,-3.11,0.12014,"{'price_above_30w_ma': False, '30w_ma_rising': False, 'price_above_10w_ma': False, 'relative_strength_positive': False, 'near_52w_high': False}",lagging,improving,99.2,95.27,-0.51,-4.9,False,False,2026-09-03 ratio=99.71 momentum=100.17; 2026-09-04 ratio=99.57 momentum=99.51; 2026-09-07 ratio=99.41 momentum=97.28; 2026-09-08 ratio=99.78 momentum=97.68; 2026-09-09 ratio=99.20 momentum=95.27,0.0
stock,L&T Finance Ltd,LTF.NS,Non Banking Financial Company (NBFC),Financial Services,78073.06,0.88,915.99,28.72,5212.92,22.38,24.38,8.4,,stage_2,4,310.4,290.44,1.29,0.01325,"{'price_above_30w_ma': True, '30w_ma_rising': True, 'price_above_10w_ma': False, 'relative_strength_positive': True, 'near_52w_high': True}",weakening,leading,100.81,99.38,-0.15,-1.75,False,False,2026-09-03 ratio=100.96 momentum=101.13; 2026-09-04 ratio=100.47 momentum=99.65; 2026-09-07 ratio=100.45 momentum=99.84; 2026-09-08 ratio=100.09 momentum=98.72; 2026-09-09 ratio=100.81 momentum=99.38,111.63
stock,SBI Cards,SBICARD.NS,Non Banking Financial Company (NBFC),Financial Services,63256.55,0.38,664.44,19.51,5040.55,3.36,27.8,10.1,,not_stage_2,3,668.4,655.71,-2.11,0.02853,"{'price_above_30w_ma': True, '30w_ma_rising': False, 'price_above_10w_ma': True, 'relative_strength_positive': True, 'near_52w_high': False}",leading,leading,102.34,102.08,1.92,0.57,False,False,2026-09-02 ratio=100.42 momentum=101.50; 2026-09-03 ratio=101.73 momentum=101.95; 2026-09-04 ratio=101.48 momentum=101.21; 2026-09-08 ratio=102.19 momentum=101.95; 2026-09-09 ratio=102.34 momentum=102.08,102.1
stock,HDB FINANC SER,HDBFS.NS,Non Banking Financial Company (NBFC),Financial Services,56313.46,0.59,785.2,38.31,4937.9,10.58,20.4,9.09,,not_stage_2,2,675.05,677.24,-0.5,0.02881,"{'price_above_30w_ma': False, '30w_ma_rising': False, 'price_above_10w_ma': False, 'relative_strength_positive': True, 'near_52w_high': True}",improving,improving,99.87,101.85,-0.04,-0.17,False,False,2026-09-03 ratio=99.91 momentum=102.03; 2026-09-04 ratio=99.58 momentum=100.32; 2026-09-07 ratio=99.80 momentum=101.92; 2026-09-08 ratio=99.91 momentum=102.53; 2026-09-09 ratio=99.87 momentum=101.85,49.25
stock,Sundaram Finance,SUNDARMFIN.NS,Non Banking Financial Company (NBFC),Financial Services,52293.07,0.85,636.19,33.88,2644.13,12.57,22.96,9.44,,not_stage_2,4,4728.0,4662.97,-1.79,0.20178,"{'price_above_30w_ma': True, '30w_ma_rising': False, 'price_above_10w_ma': True, 'relative_strength_positive': True, 'near_52w_high': True}",leading,leading,103.07,103.44,2.31,1.7,False,False,2026-09-02 ratio=100.76 momentum=101.74; 2026-09-03 ratio=101.10 momentum=102.42; 2026-09-04 ratio=101.83 momentum=102.66; 2026-09-08 ratio=102.87 momentum=103.49; 2026-09-09 ratio=103.07 momentum=103.44,132.55
stock,M & M Fin. Serv.,M&MFIN.NS,Non Banking Financial Company (NBFC),Financial Services,49942.61,2.09,927.48,75.43,5717.91,14.57,14.9,8.72,,stage_2,4,363.75,334.87,0.15,0.01552,"{'price_above_30w_ma': True, '30w_ma_rising': True, 'price_above_10w_ma': False, 'relative_strength_positive': True, 'near_52w_high': True}",weakening,weakening,100.27,96.6,-0.33,-2.0,False,False,2026-09-03 ratio=100.60 momentum=98.60; 2026-09-04 ratio=100.47 momentum=98.24; 2026-09-07 ratio=100.46 momentum=98.62; 2026-09-08 ratio=100.59 momentum=99.25; 2026-09-09 ratio=100.27 momentum=96.60,106.65
stock,Dolphin Offshore,DOLPHIN.NS,Offshore Support Solution Drilling,"Oil, Gas & Consumable Fuels",2611.53,0.0,14.81,30.71,42.85,160.64,36.26,14.92,,stage_2,5,685.0,438.23,7.59,0.02923,"{'price_above_30w_ma': True, '30w_ma_rising': True, 'price_above_10w_ma': True, 'relative_strength_positive': True, 'near_52w_high': True}",weakening,weakening,102.02,99.26,0.42,2.84,False,False,2026-09-02 ratio=101.61 momentum=96.42; 2026-09-03 ratio=101.69 momentum=96.91; 2026-09-04 ratio=102.08 momentum=96.87; 2026-09-08 ratio=102.13 momentum=98.66; 2026-09-09 ratio=102.02 momentum=99.26,150.28
stock,Jindal Drilling,JINDRILL.NS,Offshore Support Solution Drilling,"Oil, Gas & Consumable Fuels",1897.85,0.15,47.14,-28.69,275.39,8.38,9.74,13.67,,stage_2,5,673.75,569.31,4.1,0.02875,"{'price_above_30w_ma': True, '30w_ma_rising': True, 'price_above_10w_ma': True, 'relative_strength_positive': True, 'near_52w_high': True}",leading,leading,102.56,102.93,0.85,2.84,False,False,2026-09-02 ratio=101.72 momentum=100.10; 2026-09-03 ratio=101.91 momentum=101.52; 2026-09-04 ratio=102.20 momentum=100.86; 2026-09-08 ratio=102.71 momentum=102.16; 2026-09-09 ratio=102.56 momentum=102.93,180.65
stock,Alphageo (India),ALPHAGEO.NS,Offshore Support Solution Drilling,"Oil, Gas & Consumable Fuels",202.94,1.55,14.86,1660.49,82.13,101.1,,-7.2,,stage_2,5,325.0,225.84,6.95,0.01387,"{'price_above_30w_ma': True, '30w_ma_rising': True, 'price_above_10w_ma': True, 'relative_strength_positive': True, 'near_52w_high': True}",weakening,weakening,101.46,98.98,0.33,2.97,False,False,2026-09-02 ratio=101.13 momentum=96.00; 2026-09-03 ratio=101.37 momentum=97.49; 2026-09-04 ratio=101.46 momentum=97.41; 2026-09-08 ratio=101.44 momentum=98.31; 2026-09-09 ratio=101.46 momentum=98.98,146.2
stock,Aakash Explor.,AAKASH.NS,Offshore Support Solution Drilling,"Oil, Gas & Consumable Fuels",92.54,0.0,0.52,-3.7,27.89,16.89,26.59,7.63,,not_stage_2,2,8.49,8.8,1.25,0.00036,"{'price_above_30w_ma': False, '30w_ma_rising': True, 'price_above_10w_ma': False, 'relative_strength_positive': False, 'near_52w_high': True}",improving,improving,99.41,100.8,0.01,-3.32,False,False,2026-09-02 ratio=99.40 momentum=104.13; 2026-09-03 ratio=100.00 momentum=104.62; 2026-09-04 ratio=99.86 momentum=102.42; 2026-09-08 ratio=99.04 momentum=99.58; 2026-09-09 ratio=99.41 momentum=100.80,46.5
stock,Aban Offshore,ABAN.NS,Offshore Support Solution Drilling,"Oil, Gas & Consumable Fuels",84.1,0.0,1.8,100.73,99.12,-14.34,,,,not_stage_2,0,14.72,18.03,-4.25,0.00063,"{'price_above_30w_ma': False, '30w_ma_rising': False, 'price_above_10w_ma': False, 'relative_strength_positive': False, 'near_52w_high': False}",lagging,lagging,99.55,96.9,0.02,0.18,False,False,2026-09-02 ratio=99.53 momentum=96.73; 2026-09-03 ratio=99.49 momentum=96.78; 2026-09-04 ratio=99.59 momentum=96.96; 2026-09-08 ratio=99.39 momentum=96.10; 2026-09-09 ratio=99.55 momentum=96.90,0.0
stock,Deep Industries,DEEPINDS.NS,Oil Equipment & Services,"Oil, Gas & Consumable Fuels",5006.13,0.32,89.14,45.12,278.92,39.81,12.07,16.47,,stage_2,5,792.7,505.15,10.5,0.03383,"{'price_above_30w_ma': True, '30w_ma_rising': True, 'price_above_10w_ma': True, 'relative_strength_positive': True, 'near_52w_high': True}",leading,weakening,102.03,102.18,0.61,3.98,True,False,2026-09-02 ratio=101.42 momentum=98.20; 2026-09-03 ratio=101.86 momentum=101.58; 2026-09-04 ratio=102.13 momentum=101.25; 2026-09-08 ratio=102.34 momentum=101.95; 2026-09-09 ratio=102.03 momentum=102.18,197.05
stock,Asian Energy,ASIANENE.NS,Oil Equipment & Services,"Oil, Gas & Consumable Fuels",2604.57,0.23,12.76,115.5,271.19,135.06,40.32,16.51,,stage_2,5,535.5,352.34,10.11,0.02285,"{'price_above_30w_ma': True, '30w_ma_rising': True, 'price_above_10w_ma': True, 'relative_strength_positive': True, 'near_52w_high': True}",leading,weakening,102.19,102.19,0.02,5.39,True,False,2026-09-02 ratio=102.17 momentum=96.79; 2026-09-03 ratio=102.35 momentum=97.09; 2026-09-04 ratio=102.09 momentum=98.43; 2026-09-08 ratio=102.58 momentum=101.29; 2026-09-09 ratio=102.19 momentum=102.19,197.12
stock,Oil Country,OILCOUNTUB.NS,Oil Equipment & Services,"Oil, Gas & Consumable Fuels",310.96,0.0,-15.11,-71.51,17.44,-29.02,,-25.38,,stage_2,5,61.74,54.82,3.4,0.00263,"{'price_above_30w_ma': True, '30w_ma_rising': True, 'price_above_10w_ma': True, 'relative_strength_positive': True, 'near_52w_high': True}",leading,leading,101.4,101.29,-1.97,-0.76,False,False,2026-09-02 ratio=103.37 momentum=102.05; 2026-09-03 ratio=102.67 momentum=101.73; 2026-09-04 ratio=102.10 momentum=101.84; 2026-09-08 ratio=101.65 momentum=100.70; 2026-09-09 ratio=101.40 momentum=101.29,165.25
stock,Teja Engineering,TEJA.NS,Oil Equipment & Services,"Oil, Gas & Consumable Fuels",151.48,0.0,3.32,36.63,43.98,48.03,24.24,33.1,,insufficient_data,0,,,,,{},insufficient_data,insufficient_data,,,,,False,False,,0.0
stock,O N G C,ONGC.NS,Oil Exploration & Production,"Oil, Gas & Consumable Fuels",298773.15,5.58,6554.44,20.84,204987.35,25.68,6.83,14.15,,not_stage_2,2,234.02,261.64,-1.42,0.00999,"{'price_above_30w_ma': False, '30w_ma_rising': False, 'price_above_10w_ma': False, 'relative_strength_positive': True, 'near_52w_high': True}",leading,improving,100.18,103.02,0.36,1.98,True,False,2026-09-03 ratio=99.82 momentum=101.03; 2026-09-04 ratio=99.54 momentum=101.15; 2026-09-07 ratio=99.57 momentum=100.97; 2026-09-08 ratio=100.18 momentum=102.85; 2026-09-09 ratio=100.18 momentum=103.02,86.0
stock,Oil India,OIL.NS,Oil Exploration & Production,"Oil, Gas & Consumable Fuels",81371.04,2.3,4026.83,91.4,12503.32,57.7,9.74,11.51,,stage_2,5,498.95,465.86,0.34,0.02129,"{'price_above_30w_ma': True, '30w_ma_rising': True, 'price_above_10w_ma': True, 'relative_strength_positive': True, 'near_52w_high': True}",leading,weakening,102.27,103.67,0.35,4.13,True,False,2026-09-03 ratio=101.92 momentum=99.53; 2026-09-04 ratio=101.75 momentum=100.20; 2026-09-07 ratio=101.72 momentum=100.01; 2026-09-08 ratio=102.09 momentum=103.18; 2026-09-09 ratio=102.27 momentum=103.67,185.38
stock,Vedanta Oil and Gas,VOGL.NS,Oil Exploration & Production,"Oil, Gas & Consumable Fuels",14226.01,0.0,945.0,2691.59,2507.0,8.48,66.18,,,insufficient_data,0,,,,,{},weakening,weakening,100.04,97.07,-0.08,-0.91,False,False,2026-09-07 ratio=100.12 momentum=97.98; 2026-09-08 ratio=100.05 momentum=98.63; 2026-09-09 ratio=100.04 momentum=97.07,0.2
stock,Antelopus Selan,ANTELOPUS.NS,Oil Exploration & Production,"Oil, Gas & Consumable Fuels",3944.85,0.0,54.32,450.71,131.04,158.82,28.14,21.22,,stage_2,5,1169.4,736.24,7.48,0.04991,"{'price_above_30w_ma': True, '30w_ma_rising': True, 'price_above_10w_ma': True, 'relative_strength_positive': True, 'near_52w_high': True}",leading,leading,104.14,102.2,-0.04,-0.38,False,False,2026-09-03 ratio=104.18 momentum=102.58; 2026-09-04 ratio=102.69 momentum=101.63; 2026-09-07 ratio=102.96 momentum=101.68; 2026-09-08 ratio=104.07 momentum=102.30; 2026-09-09 ratio=104.14 momentum=102.20,191.66
stock,Prabha Energy,PRABHA.NS,Oil Exploration & Production,"Oil, Gas & Consumable Fuels",3380.33,0.0,0.29,226.09,1.69,49.56,3073.02,-0.09,,stage_2,5,246.58,166.77,5.92,0.01052,"{'price_above_30w_ma': True, '30w_ma_rising': True, 'price_above_10w_ma': True, 'relative_strength_positive': True, 'near_52w_high': True}",weakening,weakening,102.33,99.44,0.17,3.17,False,False,2026-09-03 ratio=102.17 momentum=96.27; 2026-09-04 ratio=102.33 momentum=95.61; 2026-09-07 ratio=102.57 momentum=97.12; 2026-09-08 ratio=102.68 momentum=100.71; 2026-09-09 ratio=102.33 momentum=99.44,148.49
stock,Hind.Oil Explor.,HINDOILEXP.NS,Oil Exploration & Production,"Oil, Gas & Consumable Fuels",2483.96,0.0,6.24,-47.91,114.18,45.17,98.88,3.49,,stage_2,5,195.83,156.14,2.17,0.00836,"{'price_above_30w_ma': True, '30w_ma_rising': True, 'price_above_10w_ma': True, 'relative_strength_positive': True, 'near_52w_high': True}",leading,leading,103.54,102.92,-1.26,-0.2,False,False,2026-09-03 ratio=104.79 momentum=103.11; 2026-09-04 ratio=103.95 momentum=102.81; 2026-09-07 ratio=103.82 momentum=102.53; 2026-09-08 ratio=103.78 momentum=102.66; 2026-09-09 ratio=103.54 momentum=102.92,181.64
stock,Guj.Nat.Resour.,GNRL.NS,Oil Exploration & Production,"Oil, Gas & Consumable Fuels",1652.76,0.0,11.35,488.08,5.72,70.75,85.59,7.25,,insufficient_data,0,,,,,{},insufficient_data,insufficient_data,,,,,False,False,,0.0
stock,L T Foods,LTFOODS.NS,Other Agricultural Products,Fast Moving Consumer Goods,15322.77,0.68,183.45,8.87,3151.83,27.92,23.93,17.74,,stage_2,5,453.55,404.24,1.77,0.01936,"{'price_above_30w_ma': True, '30w_ma_rising': True, 'price_above_10w_ma': True, 'relative_strength_positive': True, 'near_52w_high': True}",weakening,weakening,101.99,97.13,0.3,-1.77,False,False,2026-09-03 ratio=101.69 momentum=98.90; 2026-09-04 ratio=101.67 momentum=99.57; 2026-09-07 ratio=101.81 momentum=94.73; 2026-09-08 ratio=102.03 momentum=99.01; 2026-09-09 ratio=101.99 momentum=97.13,138.49
stock,KRBL,KRBL.NS,Other Agricultural Products,Fast Moving Consumer Goods,9697.81,1.06,260.74,73.16,1495.86,-5.59,12.79,15.16,,stage_2,5,434.45,359.87,2.91,0.01854,"{'price_above_30w_ma': True, '30w_ma_rising': True, 'price_above_10w_ma': True, 'relative_strength_positive': True, 'near_52w_high': True}",weakening,weakening,102.07,99.23,0.24,-0.17,False,False,2026-09-02 ratio=101.82 momentum=99.40; 2026-09-03 ratio=101.79 momentum=100.06; 2026-09-04 ratio=101.60 momentum=99.05; 2026-09-08 ratio=101.96 momentum=96.76; 2026-09-09 ratio=102.07 momentum=99.23,141.17
stock,Guj. Ambuja Exp,GAEL.NS,Other Agricultural Products,Fast Moving Consumer Goods,7585.79,0.18,176.77,171.87,1594.22,23.47,18.1,12.46,,stage_2,5,166.39,155.29,2.99,0.0071,"{'price_above_30w_ma': True, '30w_ma_rising': True, 'price_above_10w_ma': True, 'relative_strength_positive': True, 'near_52w_high': True}",weakening,weakening,100.62,98.78,-0.18,2.12,False,False,2026-09-03 ratio=100.80 momentum=96.66; 2026-09-04 ratio=100.48 momentum=97.50; 2026-09-07 ratio=100.33 momentum=95.76; 2026-09-08 ratio=100.59 momentum=97.45; 2026-09-09 ratio=100.62 momentum=98.78,134.08
stock,Kaveri Seed Co.,KSCL.NS,Other Agricultural Products,Fast Moving Consumer Goods,3682.36,0.7,279.84,-14.18,742.5,-13.51,14.75,18.79,,not_stage_2,0,722.05,845.19,-1.94,0.03082,"{'price_above_30w_ma': False, '30w_ma_rising': False, 'price_above_10w_ma': False, 'relative_strength_positive': False, 'near_52w_high': False}",lagging,lagging,98.78,98.47,0.1,-1.17,False,False,2026-09-02 ratio=98.68 momentum=99.64; 2026-09-03 ratio=98.85 momentum=100.36; 2026-09-04 ratio=98.85 momentum=101.39; 2026-09-08 ratio=98.75 momentum=99.72; 2026-09-09 ratio=98.78 momentum=98.47,0.0
stock,TruAlt Bioenergy,TRUALT.NS,Other Agricultural Products,Fast Moving Consumer Goods,3604.17,0.0,59.27,1108.25,626.88,106.29,23.04,10.44,,not_stage_2,2,421.15,445.81,1.36,0.01797,"{'price_above_30w_ma': False, '30w_ma_rising': True, 'price_above_10w_ma': False, 'relative_strength_positive': False, 'near_52w_high': True}",improving,lagging,99.54,100.13,0.28,6.03,False,True,2026-09-03 ratio=99.27 momentum=94.11; 2026-09-04 ratio=99.22 momentum=97.37; 2026-09-07 ratio=99.30 momentum=98.86; 2026-09-08 ratio=99.03 momentum=99.32; 2026-09-09 ratio=99.54 momentum=100.13,43.37
stock,A C J K Exports,AEROPLANE.NS,Other Agricultural Products,Fast Moving Consumer Goods,2150.24,0.0,36.63,127.52,663.73,55.1,17.36,15.7,,insufficient_data,0,,,,,{},leading,leading,102.03,102.39,1.23,1.37,False,False,2026-09-03 ratio=100.79 momentum=101.01; 2026-09-04 ratio=101.21 momentum=102.49; 2026-09-07 ratio=101.63 momentum=102.55; 2026-09-08 ratio=101.87 momentum=102.17; 2026-09-09 ratio=102.03 momentum=102.39,42.1
stock,Sanstar,SANSTAR.NS,Other Agricultural Products,Fast Moving Consumer Goods,2147.33,0.0,9.21,2808.82,206.16,21.51,48.8,5.69,,stage_2,4,108.99,101.93,2.45,0.00465,"{'price_above_30w_ma': True, '30w_ma_rising': True, 'price_above_10w_ma': False, 'relative_strength_positive': True, 'near_52w_high': True}",leading,improving,100.41,102.21,0.97,-0.71,False,False,2026-09-03 ratio=99.44 momentum=102.91; 2026-09-04 ratio=100.22 momentum=104.21; 2026-09-07 ratio=100.10 momentum=103.48; 2026-09-08 ratio=100.25 momentum=103.40; 2026-09-09 ratio=100.41 momentum=102.21,143.0
stock,GRM Overseas,GRMOVER.NS,Other Agricultural Products,Fast Moving Consumer Goods,1811.65,0.0,21.04,10.21,426.51,30.52,23.7,13.99,,not_stage_2,1,88.14,128.05,-7.4,0.00376,"{'price_above_30w_ma': False, '30w_ma_rising': False, 'price_above_10w_ma': False, 'relative_strength_positive': True, 'near_52w_high': False}",leading,lagging,100.04,102.04,1.21,2.5,True,False,2026-09-02 ratio=98.84 momentum=99.54; 2026-09-03 ratio=98.86 momentum=102.03; 2026-09-04 ratio=99.35 momentum=103.26; 2026-09-08 ratio=99.82 momentum=100.91; 2026-09-09 ratio=100.04 momentum=102.04,60.4
stock,Chamanlal Setia,CLSEL.NS,Other Agricultural Products,Fast Moving Consumer Goods,1507.42,0.99,31.99,47.83,345.92,12.58,12.05,18.32,,stage_2,5,305.2,275.34,1.82,0.01303,"{'price_above_30w_ma': True, '30w_ma_rising': True, 'price_above_10w_ma': True, 'relative_strength_positive': True, 'near_52w_high': True}",weakening,leading,102.17,97.95,0.46,-3.9,False,False,2026-09-02 ratio=101.71 momentum=101.85; 2026-09-03 ratio=102.00 momentum=103.03; 2026-09-04 ratio=101.62 momentum=101.68; 2026-09-08 ratio=102.13 momentum=98.54; 2026-09-09 ratio=102.17 momentum=97.95,139.49
stock,AVT Natural Prod,AVTNPL.NS,Other Agricultural Products,Fast Moving Consumer Goods,1382.98,0.88,31.1,156.6,241.21,82.16,16.51,14.22,,stage_2,5,92.42,70.35,4.52,0.00394,"{'price_above_30w_ma': True, '30w_ma_rising': True, 'price_above_10w_ma': True, 'relative_strength_positive': True, 'near_52w_high': True}",weakening,weakening,102.07,99.21,0.36,2.86,False,False,2026-09-02 ratio=101.71 momentum=96.35; 2026-09-03 ratio=102.16 momentum=96.73; 2026-09-04 ratio=101.95 momentum=97.04; 2026-09-08 ratio=101.87 momentum=97.47; 2026-09-09 ratio=102.07 momentum=99.21,144.39
stock,AU Small Finance,AUBANK.NS,Other Bank,Financial Services,79126.17,0.09,795.95,37.03,5302.74,21.11,27.7,7.66,,stage_2,4,1060.5,1009.0,1.26,0.04526,"{'price_above_30w_ma': True, '30w_ma_rising': True, 'price_above_10w_ma': False, 'relative_strength_positive': True, 'near_52w_high': True}",weakening,weakening,101.1,96.15,0.01,-3.17,False,False,2026-09-02 ratio=101.09 momentum=99.32; 2026-09-03 ratio=100.94 momentum=98.84; 2026-09-04 ratio=100.64 momentum=97.39; 2026-09-08 ratio=101.28 momentum=97.93; 2026-09-09 ratio=101.10 momentum=96.15,113.02
stock,Ujjivan Small,UJJIVANSFB.NS,Other Bank,Financial Services,12961.69,0.0,316.54,206.67,2024.92,25.08,14.31,7.73,,not_stage_2,3,64.12,60.39,0.89,0.00274,"{'price_above_30w_ma': True, '30w_ma_rising': True, 'price_above_10w_ma': False, 'relative_strength_positive': False, 'near_52w_high': True}",lagging,lagging,99.62,97.97,0.2,1.5,False,False,2026-09-02 ratio=99.42 momentum=96.47; 2026-09-03 ratio=99.24 momentum=96.69; 2026-09-04 ratio=99.49 momentum=96.98; 2026-09-08 ratio=99.72 momentum=97.80; 2026-09-09 ratio=99.62 momentum=97.97,61.78
stock,Equitas Sma. Fin,EQUITASBNK.NS,Other Bank,Financial Services,8320.09,0.0,183.61,182.06,1960.4,18.89,16.3,6.43,,not_stage_2,3,72.7,69.6,1.04,0.0031,"{'price_above_30w_ma': True, '30w_ma_rising': True, 'price_above_10w_ma': False, 'relative_strength_positive': False, 'near_52w_high': True}",improving,lagging,99.52,102.59,0.37,2.75,False,True,2026-09-02 ratio=99.15 momentum=99.84; 2026-09-03 ratio=99.07 momentum=96.15; 2026-09-04 ratio=99.03 momentum=93.72; 2026-09-08 ratio=99.20 momentum=100.38; 2026-09-09 ratio=99.52 momentum=102.59,75.03
stock,Jana Small Finan,JSFB.NS,Other Bank,Financial Services,5435.98,0.0,155.23,52.29,1514.53,22.08,14.32,7.45,,stage_2,4,533.95,462.32,5.47,0.02279,"{'price_above_30w_ma': True, '30w_ma_rising': True, 'price_above_10w_ma': False, 'relative_strength_positive': True, 'near_52w_high': True}",weakening,weakening,100.47,98.95,0.13,0.64,False,False,2026-09-03 ratio=100.34 momentum=98.31; 2026-09-04 ratio=100.31 momentum=96.99; 2026-09-07 ratio=100.44 momentum=96.21; 2026-09-08 ratio=100.53 momentum=96.44; 2026-09-09 ratio=100.47 momentum=98.95,118.29
stock,Utkarsh Small F.,UTKARSHBNK.NS,Other Bank,Financial Services,2632.04,0.0,-33.92,85.84,883.56,0.3,,1.46,,stage_2,4,15.9,13.84,1.17,0.00068,"{'price_above_30w_ma': True, '30w_ma_rising': True, 'price_above_10w_ma': True, 'relative_strength_positive': True, 'near_52w_high': False}",leading,leading,103.42,103.12,2.41,0.5,False,False,2026-09-02 ratio=101.00 momentum=102.62; 2026-09-03 ratio=101.35 momentum=104.93; 2026-09-04 ratio=100.49 momentum=101.49; 2026-09-08 ratio=103.23 momentum=103.50; 2026-09-09 ratio=103.42 momentum=103.12,160.04
stock,ESAF Small Fin,ESAFSFB.NS,Other Bank,Financial Services,2029.9,0.0,80.08,198.6,1097.77,32.54,,5.65,,stage_2,5,40.85,31.5,6.24,0.00174,"{'price_above_30w_ma': True, '30w_ma_rising': True, 'price_above_10w_ma': True, 'relative_strength_positive': True, 'near_52w_high': True}",weakening,weakening,100.9,97.11,-0.16,-0.51,False,False,2026-09-03 ratio=101.06 momentum=97.61; 2026-09-04 ratio=100.94 momentum=97.14; 2026-09-07 ratio=101.06 momentum=97.84; 2026-09-08 ratio=101.01 momentum=98.17; 2026-09-09 ratio=100.90 momentum=97.11,141.98
stock,Suryoday Small,SURYODAY.NS,Other Bank,Financial Services,1609.6,0.99,75.18,113.1,622.36,25.69,8.39,7.33,,not_stage_2,2,153.42,155.38,1.8,0.00655,"{'price_above_30w_ma': False, '30w_ma_rising': True, 'price_above_10w_ma': False, 'relative_strength_positive': False, 'near_52w_high': True}",improving,improving,99.35,105.09,0.46,2.02,False,True,2026-09-02 ratio=98.89 momentum=103.07; 2026-09-03 ratio=99.07 momentum=102.95; 2026-09-04 ratio=98.99 momentum=100.49; 2026-09-08 ratio=99.33 momentum=102.17; 2026-09-09 ratio=99.35 momentum=105.09,69.05
stock,Capital Small,CAPITALSFB.NS,Other Bank,Financial Services,1236.01,1.84,41.3,29.02,288.18,16.63,8.2,7.07,,not_stage_2,3,279.4,273.39,1.0,0.01192,"{'price_above_30w_ma': True, '30w_ma_rising': True, 'price_above_10w_ma': False, 'relative_strength_positive': False, 'near_52w_high': True}",improving,lagging,99.65,103.46,0.34,3.52,False,True,2026-09-03 ratio=99.30 momentum=99.93; 2026-09-04 ratio=99.12 momentum=100.96; 2026-09-07 ratio=98.89 momentum=99.06; 2026-09-08 ratio=98.99 momentum=98.64; 2026-09-09 ratio=99.65 momentum=103.46,79.3
stock,Fino Payments,FINOPB.NS,Other Bank,Financial Services,1163.29,0.0,-13.72,-177.25,72.23,18.43,47.58,4.41,,not_stage_2,0,137.64,146.89,-6.72,0.00587,"{'price_above_30w_ma': False, '30w_ma_rising': False, 'price_above_10w_ma': False, 'relative_strength_positive': False, 'near_52w_high': False}",lagging,lagging,99.18,99.71,0.05,1.53,False,False,2026-09-02 ratio=99.13 momentum=98.18; 2026-09-03 ratio=99.15 momentum=98.89; 2026-09-04 ratio=99.08 momentum=98.74; 2026-09-08 ratio=99.27 momentum=98.64; 2026-09-09 ratio=99.18 momentum=99.71,0.0
stock,Ramco Inds.,RAMCOIND.NS,Other Construction Materials,Construction Materials,2765.93,0.39,86.59,21.91,613.81,15.48,8.79,4.57,,not_stage_2,3,319.45,302.37,0.87,0.01363,"{'price_above_30w_ma': True, '30w_ma_rising': True, 'price_above_10w_ma': False, 'relative_strength_positive': False, 'near_52w_high': True}",lagging,lagging,99.06,97.73,0.44,0.11,False,False,2026-09-02 ratio=98.62 momentum=97.62; 2026-09-03 ratio=98.87 momentum=97.25; 2026-09-04 ratio=98.83 momentum=97.69; 2026-09-08 ratio=98.98 momentum=98.24; 2026-09-09 ratio=99.06 momentum=97.73,61.74
stock,BirlaNu Ltd,BIRLANU.NS,Other Construction Materials,Construction Materials,1080.17,1.05,9.4,812.12,1174.02,11.57,,-4.29,,not_stage_2,1,1407.8,1408.33,-1.98,0.06008,"{'price_above_30w_ma': False, '30w_ma_rising': False, 'price_above_10w_ma': False, 'relative_strength_positive': True, 'near_52w_high': False}",weakening,weakening,100.28,93.85,0.09,-2.22,False,False,2026-09-02 ratio=100.19 momentum=96.07; 2026-09-03 ratio=100.22 momentum=96.76; 2026-09-04 ratio=100.42 momentum=97.98; 2026-09-08 ratio=100.41 momentum=98.14; 2026-09-09 ratio=100.28 momentum=93.85,21.4
stock,Arisinfra Solu.,ARIS.NS,Other Construction Materials,Construction Materials,1040.65,0.0,20.04,306.31,290.81,37.12,15.75,15.57,,stage_2,4,127.85,121.48,4.29,0.00546,"{'price_above_30w_ma': True, '30w_ma_rising': True, 'price_above_10w_ma': False, 'relative_strength_positive': True, 'near_52w_high': True}",weakening,weakening,100.42,97.43,-0.03,-0.61,False,False,2026-09-03 ratio=100.45 momentum=98.03; 2026-09-04 ratio=100.34 momentum=97.67; 2026-09-07 ratio=100.19 momentum=97.61; 2026-09-08 ratio=100.30 momentum=97.92; 2026-09-09 ratio=100.42 momentum=97.43,115.68
stock,Everest Inds.,EVERESTIND.NS,Other Construction Materials,Construction Materials,658.73,0.24,102.09,1505.52,435.86,-12.95,,-8.5,,not_stage_2,2,425.0,407.07,0.15,0.01814,"{'price_above_30w_ma': True, '30w_ma_rising': True, 'price_above_10w_ma': False, 'relative_strength_positive': False, 'near_52w_high': False}",improving,lagging,99.11,101.63,0.28,4.0,False,True,2026-09-02 ratio=98.83 momentum=97.63; 2026-09-03 ratio=98.77 momentum=96.42; 2026-09-04 ratio=98.75 momentum=96.19; 2026-09-08 ratio=99.00 momentum=99.77; 2026-09-09 ratio=99.11 momentum=101.63,48.45
stock,Sahyadri Industr,SAHYADRI.NS,Other Construction Materials,Construction Materials,419.68,0.65,26.52,146.24,258.58,20.51,9.3,9.72,,stage_2,5,377.05,284.61,5.9,0.01609,"{'price_above_30w_ma': True, '30w_ma_rising': True, 'price_above_10w_ma': True, 'relative_strength_positive': True, 'near_52w_high': True}",leading,weakening,101.7,101.62,0.42,4.81,True,False,2026-09-02 ratio=101.29 momentum=96.80; 2026-09-03 ratio=101.34 momentum=96.97; 2026-09-04 ratio=102.12 momentum=100.09; 2026-09-08 ratio=101.92 momentum=101.55; 2026-09-09 ratio=101.70 momentum=101.62,183.4
stock,Vishnusurya Pro.,VISHNUINFR.NS,Other Construction Materials,Construction Materials,405.08,0.64,5.92,116.06,61.87,25.02,9.6,19.92,,not_stage_2,1,151.4,159.0,-2.69,0.00646,"{'price_above_30w_ma': False, '30w_ma_rising': False, 'price_above_10w_ma': False, 'relative_strength_positive': True, 'near_52w_high': False}",lagging,leading,99.59,99.16,-1.31,-2.76,False,False,2026-09-02 ratio=100.90 momentum=101.92; 2026-09-03 ratio=100.93 momentum=103.76; 2026-09-04 ratio=100.35 momentum=102.59; 2026-09-08 ratio=100.09 momentum=100.25; 2026-09-09 ratio=99.59 momentum=99.16,20.0
stock,Teamtech Formwork,TEAMTECH.NS,Other Construction Materials,Construction Materials,392.84,0.0,7.33,,31.74,,33.89,41.17,,insufficient_data,0,,,,,{},insufficient_data,insufficient_data,,,,,False,False,,0.0
stock,MCON Rasayan,MCON.NS,Other Construction Materials,Construction Materials,30.56,0.0,1.8,76.47,36.86,26.32,10.05,11.06,,not_stage_2,0,41.3,45.92,-2.34,0.00176,"{'price_above_30w_ma': False, '30w_ma_rising': False, 'price_above_10w_ma': False, 'relative_strength_positive': False, 'near_52w_high': False}",lagging,lagging,99.43,99.57,-0.08,2.14,False,False,2026-09-02 ratio=99.51 momentum=97.43; 2026-09-03 ratio=99.58 momentum=97.59; 2026-09-04 ratio=100.25 momentum=98.44; 2026-09-08 ratio=99.81 momentum=96.65; 2026-09-09 ratio=99.43 momentum=99.57,0.0
stock,SIS,SIS.NS,Other Consumer Services,Consumer Services,5978.99,1.66,101.66,9.37,4603.58,29.73,14.88,13.68,,stage_2,4,426.55,378.39,3.46,0.0182,"{'price_above_30w_ma': True, '30w_ma_rising': True, 'price_above_10w_ma': False, 'relative_strength_positive': True, 'near_52w_high': True}",leading,leading,101.2,104.55,0.56,2.02,False,False,2026-09-02 ratio=100.64 momentum=102.53; 2026-09-03 ratio=101.36 momentum=103.38; 2026-09-04 ratio=100.79 momentum=102.34; 2026-09-08 ratio=100.97 momentum=102.46; 2026-09-09 ratio=101.20 momentum=104.55,160.67
stock,E Factor Experie,EFACTOR.NS,Other Consumer Services,Consumer Services,224.35,0.7,14.61,-26.66,138.84,-9.5,11.4,24.71,,not_stage_2,0,168.0,196.46,-5.43,0.00717,"{'price_above_30w_ma': False, '30w_ma_rising': False, 'price_above_10w_ma': False, 'relative_strength_positive': False, 'near_52w_high': False}",lagging,weakening,99.66,97.25,-0.7,0.38,False,False,2026-09-02 ratio=100.36 momentum=96.87; 2026-09-03 ratio=99.89 momentum=96.60; 2026-09-04 ratio=99.75 momentum=96.83; 2026-09-08 ratio=99.54 momentum=96.76; 2026-09-09 ratio=99.66 momentum=97.25,0.0
stock,Party Cruisers,PARTYCRUS.NS,Other Consumer Services,Consumer Services,108.39,0.0,10.04,62.85,111.27,32.28,8.63,34.58,,not_stage_2,4,90.0,88.81,-0.05,0.00384,"{'price_above_30w_ma': True, '30w_ma_rising': False, 'price_above_10w_ma': True, 'relative_strength_positive': True, 'near_52w_high': True}",leading,leading,102.13,102.76,2.04,0.11,False,False,2026-09-02 ratio=100.09 momentum=102.65; 2026-09-03 ratio=98.72 momentum=100.87; 2026-09-04 ratio=98.73 momentum=101.22; 2026-09-08 ratio=100.84 momentum=102.64; 2026-09-09 ratio=102.13 momentum=102.76,124.45
stock,Touchwood Enter.,TOUCHWOOD.NS,Other Consumer Services,Consumer Services,67.78,0.0,0.38,-70.77,3.96,-76.57,20.41,13.52,,not_stage_2,0,61.0,69.84,-5.64,0.0026,"{'price_above_30w_ma': False, '30w_ma_rising': False, 'price_above_10w_ma': False, 'relative_strength_positive': False, 'near_52w_high': False}",improving,lagging,99.24,101.95,1.41,2.62,False,True,2026-09-02 ratio=97.83 momentum=99.33; 2026-09-03 ratio=98.25 momentum=100.90; 2026-09-04 ratio=99.35 momentum=102.21; 2026-09-08 ratio=99.06 momentum=101.09; 2026-09-09 ratio=99.24 momentum=101.95,9.75
stock,Blue Pebble,BLUEPEBBLE.NS,Other Consumer Services,Consumer Services,32.23,0.63,-0.26,,11.14,,65.78,2.38,,not_stage_2,2,78.7,97.57,-9.38,0.00336,"{'price_above_30w_ma': False, '30w_ma_rising': False, 'price_above_10w_ma': True, 'relative_strength_positive': True, 'near_52w_high': False}",leading,leading,102.34,101.75,2.28,0.66,False,False,2026-09-03 ratio=100.05 momentum=101.09; 2026-09-04 ratio=103.40 momentum=103.21; 2026-09-07 ratio=101.65 momentum=101.92; 2026-09-08 ratio=101.79 momentum=101.96; 2026-09-09 ratio=102.34 momentum=101.75,80.45
stock,Thinking Hats,THESL.NS,Other Consumer Services,Consumer Services,17.36,0.0,0.51,-80.08,15.16,-61.15,14.0,5.96,,insufficient_data,0,,,,,{},insufficient_data,insufficient_data,,,,,False,False,,0.0
stock,Inox India,INOXINDIA.NS,Other Industrial Products,Capital Goods,20844.16,0.09,58.07,-4.99,370.79,9.18,81.06,33.48,,stage_2,5,2185.5,1638.71,8.84,0.09327,"{'price_above_30w_ma': True, '30w_ma_rising': True, 'price_above_10w_ma': True, 'relative_strength_positive': True, 'near_52w_high': True}",leading,leading,102.17,105.88,-0.44,3.94,False,False,2026-09-03 ratio=102.61 momentum=101.94; 2026-09-04 ratio=102.98 momentum=102.21; 2026-09-07 ratio=102.66 momentum=101.98; 2026-09-08 ratio=102.43 momentum=103.44; 2026-09-09 ratio=102.17 momentum=105.88,202.93
stock,HBL Engineering,HBLENGINE.NS,Other Industrial Products,Capital Goods,19951.55,0.42,109.14,-25.07,638.03,6.03,24.89,59.3,,not_stage_2,2,730.1,740.1,-1.05,0.03116,"{'price_above_30w_ma': False, '30w_ma_rising': False, 'price_above_10w_ma': True, 'relative_strength_positive': True, 'near_52w_high': False}",leading,lagging,100.93,102.46,1.97,4.34,True,False,2026-09-03 ratio=98.97 momentum=98.13; 2026-09-04 ratio=99.62 momentum=102.00; 2026-09-07 ratio=99.91 momentum=102.42; 2026-09-08 ratio=100.71 momentum=102.65; 2026-09-09 ratio=100.93 momentum=102.46,86.95
stock,KRN Heat Exchan,KRN.NS,Other Industrial Products,Capital Goods,10352.46,0.0,32.9,164.9,252.32,118.88,106.79,16.06,,stage_2,5,1597.3,1191.18,11.35,0.06817,"{'price_above_30w_ma': True, '30w_ma_rising': True, 'price_above_10w_ma': True, 'relative_strength_positive': True, 'near_52w_high': True}",weakening,weakening,101.82,99.13,0.34,3.54,False,False,2026-09-03 ratio=101.48 momentum=95.59; 2026-09-04 ratio=101.88 momentum=98.92; 2026-09-07 ratio=102.12 momentum=100.46; 2026-09-08 ratio=102.24 momentum=99.92; 2026-09-09 ratio=101.82 momentum=99.13,156.8
stock,Esab India,ESABINDIA.NS,Other Industrial Products,Capital Goods,8959.23,1.29,56.14,37.13,421.12,19.63,43.28,64.68,,stage_2,5,5932.0,5866.5,1.23,0.25316,"{'price_above_30w_ma': True, '30w_ma_rising': True, 'price_above_10w_ma': True, 'relative_strength_positive': True, 'near_52w_high': True}",weakening,weakening,101.02,96.77,-0.12,-1.19,False,False,2026-09-02 ratio=101.14 momentum=97.97; 2026-09-03 ratio=101.30 momentum=97.74; 2026-09-04 ratio=101.19 momentum=96.43; 2026-09-08 ratio=101.41 momentum=95.61; 2026-09-09 ratio=101.02 momentum=96.77,132.56
stock,Subros,SUBROS.NS,Other Industrial Products,Capital Goods,4655.09,0.42,41.52,1.69,1032.11,17.52,27.08,19.16,,not_stage_2,0,729.0,754.69,-1.08,0.03111,"{'price_above_30w_ma': False, '30w_ma_rising': False, 'price_above_10w_ma': False, 'relative_strength_positive': False, 'near_52w_high': False}",improving,lagging,99.38,103.59,1.16,8.19,False,True,2026-09-02 ratio=98.22 momentum=95.40; 2026-09-03 ratio=98.31 momentum=98.85; 2026-09-04 ratio=98.46 momentum=101.75; 2026-09-08 ratio=98.43 momentum=102.04; 2026-09-09 ratio=99.38 momentum=103.59,17.95
stock,Harsha Engg Intl,HARSHA.NS,Other Industrial Products,Capital Goods,4076.44,0.34,37.38,-1.45,457.43,25.22,26.36,13.0,,stage_2,5,453.4,399.03,2.32,0.01935,"{'price_above_30w_ma': True, '30w_ma_rising': True, 'price_above_10w_ma': True, 'relative_strength_positive': True, 'near_52w_high': True}",leading,leading,102.24,102.87,-0.05,1.92,False,False,2026-09-02 ratio=102.30 momentum=100.96; 2026-09-03 ratio=102.23 momentum=101.07; 2026-09-04 ratio=102.24 momentum=101.24; 2026-09-08 ratio=102.95 momentum=101.53; 2026-09-09 ratio=102.24 momentum=102.87,175.19
stock,Ador Welding,ADOR.NS,Other Industrial Products,Capital Goods,2822.32,1.42,27.35,890.46,308.63,23.19,23.57,22.71,,stage_2,5,1628.2,1212.91,7.08,0.06949,"{'price_above_30w_ma': True, '30w_ma_rising': True, 'price_above_10w_ma': True, 'relative_strength_positive': True, 'near_52w_high': True}",leading,leading,101.42,100.35,-0.79,0.22,False,False,2026-09-02 ratio=102.22 momentum=100.13; 2026-09-03 ratio=102.01 momentum=99.33; 2026-09-04 ratio=101.63 momentum=99.81; 2026-09-08 ratio=101.36 momentum=99.20; 2026-09-09 ratio=101.42 momentum=100.35,168.01
stock,Diffusion Eng,DIFFNKG.NS,Other Industrial Products,Capital Goods,1681.54,0.33,16.68,36.26,110.11,36.49,30.42,15.78,,stage_2,5,440.55,342.97,7.42,0.0188,"{'price_above_30w_ma': True, '30w_ma_rising': True, 'price_above_10w_ma': True, 'relative_strength_positive': True, 'near_52w_high': True}",leading,leading,101.43,101.66,-1.4,0.18,False,False,2026-09-03 ratio=102.83 momentum=101.48; 2026-09-04 ratio=102.48 momentum=101.33; 2026-09-07 ratio=101.77 momentum=100.93; 2026-09-08 ratio=101.42 momentum=101.30; 2026-09-09 ratio=101.43 momentum=101.66,175.29
stock,MIC Electronics,MICEL.NS,Other Industrial Products,Capital Goods,1067.92,0.0,2.13,27.54,43.72,276.57,,8.67,,not_stage_2,0,36.0,39.26,-0.7,0.00154,"{'price_above_30w_ma': False, '30w_ma_rising': False, 'price_above_10w_ma': False, 'relative_strength_positive': False, 'near_52w_high': False}",improving,leading,99.81,101.27,-0.81,-0.29,False,False,2026-09-02 ratio=100.62 momentum=101.56; 2026-09-03 ratio=100.24 momentum=101.49; 2026-09-04 ratio=99.75 momentum=100.76; 2026-09-08 ratio=99.77 momentum=100.85; 2026-09-09 ratio=99.81 momentum=101.27,6.35
stock,Tankup Engi.,TANKUP.NS,Other Industrial Products,Capital Goods,858.69,0.0,2.74,174.0,35.6,162.73,179.64,18.95,,insufficient_data,0,,,,,{},insufficient_data,insufficient_data,,,,,False,False,,0.0
stock,Maruti Suzuki,MARUTI.NS,Passenger Cars & Utility Vehicles,Automobile and Auto Components,395519.39,1.11,3446.9,-9.11,52469.8,35.91,27.59,18.87,,not_stage_2,0,12618.0,13472.3,-1.95,0.53851,"{'price_above_30w_ma': False, '30w_ma_rising': False, 'price_above_10w_ma': False, 'relative_strength_positive': False, 'near_52w_high': False}",lagging,lagging,98.18,98.88,0.52,1.93,False,False,2026-09-03 ratio=97.66 momentum=96.96; 2026-09-04 ratio=97.37 momentum=98.07; 2026-09-07 ratio=97.88 momentum=98.26; 2026-09-08 ratio=97.89 momentum=98.09; 2026-09-09 ratio=98.18 momentum=98.88,0.0
stock,M & M,M&M.NS,Passenger Cars & Utility Vehicles,Automobile and Auto Components,388453.53,1.06,5997.56,33.8,58187.57,27.8,20.26,15.1,,not_stage_2,1,3150.0,3190.38,-1.05,0.13443,"{'price_above_30w_ma': False, '30w_ma_rising': False, 'price_above_10w_ma': False, 'relative_strength_positive': False, 'near_52w_high': True}",lagging,lagging,99.75,97.07,0.46,0.23,False,False,2026-09-03 ratio=99.29 momentum=96.84; 2026-09-04 ratio=99.44 momentum=97.39; 2026-09-07 ratio=99.47 momentum=97.33; 2026-09-08 ratio=99.61 momentum=97.02; 2026-09-09 ratio=99.75 momentum=97.07,20.0
stock,Hyundai Motor I,HYUNDAI.NS,Passenger Cars & Utility Vehicles,Automobile and Auto Components,178706.75,0.95,888.62,-35.1,16334.63,-0.48,36.1,38.4,,stage_2,5,2182.4,2000.84,0.08,0.09314,"{'price_above_30w_ma': True, '30w_ma_rising': True, 'price_above_10w_ma': True, 'relative_strength_positive': True, 'near_52w_high': True}",weakening,weakening,101.24,98.36,0.42,1.17,False,False,2026-09-03 ratio=100.81 momentum=97.19; 2026-09-04 ratio=101.21 momentum=98.74; 2026-09-07 ratio=101.30 momentum=99.42; 2026-09-08 ratio=101.45 momentum=99.63; 2026-09-09 ratio=101.24 momentum=98.36,131.36
stock,Tata Motors PVeh,TMPV.NS,Passenger Cars & Utility Vehicles,Automobile and Auto Components,110415.8,1.0,859.0,-69.83,95799.0,9.26,110.81,2.73,,not_stage_2,0,303.0,344.17,-1.83,0.01293,"{'price_above_30w_ma': False, '30w_ma_rising': False, 'price_above_10w_ma': False, 'relative_strength_positive': False, 'near_52w_high': False}",improving,lagging,98.49,102.26,-0.09,2.61,False,False,2026-09-03 ratio=98.58 momentum=99.64; 2026-09-04 ratio=98.55 momentum=100.06; 2026-09-07 ratio=98.37 momentum=100.12; 2026-09-08 ratio=98.51 momentum=101.60; 2026-09-09 ratio=98.49 momentum=102.26,11.3
stock,Force Motors,FORCEMOT.NS,Passenger Cars & Utility Vehicles,Automobile and Auto Components,23915.26,0.28,216.59,22.82,2440.01,6.21,21.74,36.05,,not_stage_2,1,17355.0,19670.53,-2.28,0.74067,"{'price_above_30w_ma': False, '30w_ma_rising': False, 'price_above_10w_ma': False, 'relative_strength_positive': True, 'near_52w_high': False}",improving,improving,99.81,103.13,0.32,2.75,False,True,2026-09-02 ratio=99.49 momentum=100.38; 2026-09-03 ratio=99.36 momentum=100.36; 2026-09-04 ratio=99.35 momentum=100.93; 2026-09-08 ratio=100.04 momentum=102.49; 2026-09-09 ratio=99.81 momentum=103.13,35.65
stock,Olectra Greentec,OLECTRA.NS,Passenger Cars & Utility Vehicles,Automobile and Auto Components,9912.49,0.05,26.66,-0.31,575.51,65.75,55.87,21.05,,not_stage_2,1,1206.6,1235.22,2.63,0.05149,"{'price_above_30w_ma': False, '30w_ma_rising': True, 'price_above_10w_ma': False, 'relative_strength_positive': False, 'near_52w_high': False}",lagging,lagging,98.45,99.4,0.06,1.37,False,False,2026-09-02 ratio=98.39 momentum=98.03; 2026-09-03 ratio=98.54 momentum=99.50; 2026-09-04 ratio=98.35 momentum=97.87; 2026-09-08 ratio=98.38 momentum=98.73; 2026-09-09 ratio=98.45 momentum=99.40,25.26
stock,Mercury EV-Tech,MERCURYEV.NS,Passenger Cars & Utility Vehicles,Automobile and Auto Components,796.59,0.0,1.65,29.92,33.38,47.9,174.69,2.64,,insufficient_data,0,,,,,{},weakening,weakening,101.69,99.27,0.97,2.5,False,False,2026-09-03 ratio=100.72 momentum=96.76; 2026-09-04 ratio=100.71 momentum=96.77; 2026-09-07 ratio=101.21 momentum=97.90; 2026-09-08 ratio=101.91 momentum=101.19; 2026-09-09 ratio=101.69 momentum=99.27,8.45
stock,Supreme Inds.,SUPREMEIND.NS,Plastic Products - Industrial,Capital Goods,44680.44,1.03,280.72,38.76,2717.66,4.16,43.28,20.73,,not_stage_2,3,3516.9,3607.7,-0.17,0.15009,"{'price_above_30w_ma': False, '30w_ma_rising': False, 'price_above_10w_ma': True, 'relative_strength_positive': True, 'near_52w_high': True}",leading,weakening,101.33,101.03,0.35,2.96,True,False,2026-09-02 ratio=100.97 momentum=98.07; 2026-09-03 ratio=100.85 momentum=96.96; 2026-09-04 ratio=100.56 momentum=96.53; 2026-09-08 ratio=101.41 momentum=100.71; 2026-09-09 ratio=101.33 momentum=101.03,101.8
stock,Astral,ASTRAL.NS,Plastic Products - Industrial,Capital Goods,39293.31,0.27,120.2,48.21,1578.0,15.93,66.33,19.22,,not_stage_2,4,1474.8,1535.89,0.22,0.06294,"{'price_above_30w_ma': False, '30w_ma_rising': True, 'price_above_10w_ma': True, 'relative_strength_positive': True, 'near_52w_high': True}",weakening,weakening,100.98,99.65,0.18,3.88,False,False,2026-09-02 ratio=100.81 momentum=95.77; 2026-09-03 ratio=100.98 momentum=100.15; 2026-09-04 ratio=100.91 momentum=99.96; 2026-09-08 ratio=101.21 momentum=101.75; 2026-09-09 ratio=100.98 momentum=99.65,85.34
stock,Garware Hi Tech,GRWRHITECH.NS,Plastic Products - Industrial,Capital Goods,16034.25,0.17,132.65,59.78,633.08,27.9,41.34,18.08,,not_stage_2,3,6752.5,5585.06,8.94,0.28818,"{'price_above_30w_ma': True, '30w_ma_rising': True, 'price_above_10w_ma': False, 'relative_strength_positive': False, 'near_52w_high': True}",lagging,leading,99.38,96.81,-2.37,-5.33,False,False,2026-09-02 ratio=101.76 momentum=102.14; 2026-09-03 ratio=101.12 momentum=100.77; 2026-09-04 ratio=100.95 momentum=100.28; 2026-09-08 ratio=100.69 momentum=97.96; 2026-09-09 ratio=99.38 momentum=96.81,77.88
stock,Finolex Inds.,FINPIPE.NS,Plastic Products - Industrial,Capital Goods,9747.07,1.27,114.52,16.67,883.58,-15.3,15.84,11.83,,not_stage_2,0,156.71,170.62,-1.44,0.00669,"{'price_above_30w_ma': False, '30w_ma_rising': False, 'price_above_10w_ma': False, 'relative_strength_positive': False, 'near_52w_high': False}",improving,improving,99.57,101.29,0.46,-0.18,False,False,2026-09-02 ratio=99.10 momentum=101.48; 2026-09-03 ratio=99.33 momentum=102.53; 2026-09-04 ratio=99.27 momentum=101.36; 2026-09-08 ratio=99.49 momentum=99.26; 2026-09-09 ratio=99.57 momentum=101.29,6.45
stock,Time Technoplast,TIMETECHNO.NS,Plastic Products - Industrial,Capital Goods,9078.72,0.81,117.86,22.21,1692.71,25.14,18.53,16.52,,not_stage_2,3,184.99,183.83,0.05,0.00789,"{'price_above_30w_ma': True, '30w_ma_rising': True, 'price_above_10w_ma': False, 'relative_strength_positive': False, 'near_52w_high': True}",improving,lagging,99.66,101.99,-0.16,2.68,False,False,2026-09-03 ratio=99.82 momentum=99.31; 2026-09-04 ratio=99.71 momentum=100.70; 2026-09-07 ratio=99.42 momentum=100.24; 2026-09-08 ratio=99.69 momentum=102.56; 2026-09-09 ratio=99.66 momentum=101.99,70.05
stock,Kingfa Science,KINGFA.NS,Plastic Products - Industrial,Capital Goods,8425.37,0.32,80.21,101.58,688.57,49.06,37.33,23.2,,stage_2,5,6157.5,5023.53,4.88,0.26279,"{'price_above_30w_ma': True, '30w_ma_rising': True, 'price_above_10w_ma': True, 'relative_strength_positive': True, 'near_52w_high': True}",leading,weakening,102.05,100.9,0.5,3.13,True,False,2026-09-02 ratio=101.54 momentum=97.77; 2026-09-03 ratio=101.39 momentum=97.26; 2026-09-04 ratio=101.42 momentum=98.65; 2026-09-08 ratio=101.76 momentum=101.15; 2026-09-09 ratio=102.05 momentum=100.90,179.51
stock,Prince Pipes,PRINCEPIPE.NS,Plastic Products - Industrial,Capital Goods,3092.4,0.36,33.75,600.21,609.42,5.0,29.69,6.03,,stage_2,5,280.75,262.92,1.74,0.01198,"{'price_above_30w_ma': True, '30w_ma_rising': True, 'price_above_10w_ma': True, 'relative_strength_positive': True, 'near_52w_high': True}",leading,leading,101.26,100.33,0.12,0.05,False,False,2026-09-02 ratio=101.14 momentum=100.28; 2026-09-03 ratio=101.60 momentum=101.60; 2026-09-04 ratio=100.97 momentum=100.28; 2026-09-08 ratio=101.48 momentum=101.30; 2026-09-09 ratio=101.26 momentum=100.33,156.43
stock,Apollo Pipes,APOLLOPIPE.NS,Plastic Products - Industrial,Capital Goods,2507.88,0.12,-11.12,-205.28,295.43,7.43,,1.23,,stage_2,5,577.6,481.71,9.41,0.02465,"{'price_above_30w_ma': True, '30w_ma_rising': True, 'price_above_10w_ma': True, 'relative_strength_positive': True, 'near_52w_high': True}",weakening,weakening,101.01,95.47,-0.7,-1.55,False,False,2026-09-03 ratio=101.71 momentum=97.03; 2026-09-04 ratio=101.45 momentum=97.59; 2026-09-07 ratio=101.37 momentum=97.71; 2026-09-08 ratio=101.21 momentum=95.60; 2026-09-09 ratio=101.01 momentum=95.47,148.87
stock,Jain Irrigation,JISLJALEQS.NS,Plastic Products - Industrial,Capital Goods,2185.44,0.0,-17.8,-207.18,1508.37,-2.41,,5.3,,not_stage_2,2,30.51,31.6,-2.7,0.0013,"{'price_above_30w_ma': False, '30w_ma_rising': False, 'price_above_10w_ma': True, 'relative_strength_positive': True, 'near_52w_high': False}",leading,improving,100.65,102.99,1.41,1.43,True,False,2026-09-02 ratio=99.23 momentum=101.57; 2026-09-03 ratio=99.25 momentum=101.55; 2026-09-04 ratio=100.41 momentum=103.82; 2026-09-08 ratio=100.72 momentum=103.32; 2026-09-09 ratio=100.65 momentum=102.99,88.2
stock,Jai Corp,JAICORPLTD.NS,Plastic Products - Industrial,Capital Goods,1702.21,0.52,28.2,-72.91,157.58,20.06,18.02,11.75,,not_stage_2,0,97.5,107.84,-1.44,0.00416,"{'price_above_30w_ma': False, '30w_ma_rising': False, 'price_above_10w_ma': False, 'relative_strength_positive': False, 'near_52w_high': False}",improving,improving,99.29,101.68,0.37,-0.79,False,False,2026-09-02 ratio=98.93 momentum=102.47; 2026-09-03 ratio=99.18 momentum=102.84; 2026-09-04 ratio=99.25 momentum=101.08; 2026-09-08 ratio=99.26 momentum=101.28; 2026-09-09 ratio=99.29 momentum=101.68,8.4
stock,Knowledge Realty,KRT.NS,Real Estate Investment Trusts (REITs),Realty,49896.16,1.51,250.8,,1243.06,,79.56,5.22,,insufficient_data,0,,,,,{},insufficient_data,insufficient_data,,,,,False,False,,0.0
stock,Embassy Off.REIT,EMBASSY.NS,Real Estate Investment Trusts (REITs),Realty,41628.63,0.05,195.22,25.81,1240.81,17.08,169.7,5.61,,not_stage_2,3,439.63,433.88,-0.0,0.01876,"{'price_above_30w_ma': True, '30w_ma_rising': False, 'price_above_10w_ma': False, 'relative_strength_positive': True, 'near_52w_high': True}",leading,improving,101.89,104.15,1.96,3.33,True,False,2026-09-02 ratio=99.93 momentum=100.82; 2026-09-03 ratio=100.55 momentum=103.10; 2026-09-04 ratio=100.47 momentum=102.59; 2026-09-08 ratio=101.40 momentum=103.49; 2026-09-09 ratio=101.89 momentum=104.15,120.2
stock,Bagmane Prime REIT,BAGMANE.NS,Real Estate Investment Trusts (REITs),Realty,36665.78,1.39,58.51,-77.18,437.01,-29.88,,0.0,,insufficient_data,0,,,,,{},insufficient_data,insufficient_data,,,,,False,False,,0.0
stock,Mindspace Busine,MINDSPACE.NS,Real Estate Investment Trusts (REITs),Realty,32595.92,2.39,271.81,67.1,946.44,27.85,41.82,7.64,,stage_2,5,497.98,474.95,0.06,0.02125,"{'price_above_30w_ma': True, '30w_ma_rising': True, 'price_above_10w_ma': True, 'relative_strength_positive': True, 'near_52w_high': True}",leading,leading,102.86,102.58,0.84,1.33,False,False,2026-09-02 ratio=102.02 momentum=101.25; 2026-09-03 ratio=102.05 momentum=101.49; 2026-09-04 ratio=102.19 momentum=101.94; 2026-09-08 ratio=102.43 momentum=101.78; 2026-09-09 ratio=102.86 momentum=102.58,172.32
stock,Brookfield India,BIRET.NS,Real Estate Investment Trusts (REITs),Realty,28009.38,1.95,221.34,44.36,973.83,51.78,52.21,5.36,,not_stage_2,3,341.07,333.98,-0.36,0.01456,"{'price_above_30w_ma': True, '30w_ma_rising': False, 'price_above_10w_ma': False, 'relative_strength_positive': True, 'near_52w_high': True}",leading,leading,102.96,103.13,1.8,2.47,False,False,2026-09-02 ratio=101.15 momentum=100.65; 2026-09-03 ratio=101.55 momentum=102.07; 2026-09-04 ratio=101.42 momentum=102.16; 2026-09-08 ratio=102.60 momentum=102.64; 2026-09-09 ratio=102.96 momentum=103.13,110.45
stock,Nexus Select,NXST.NS,Real Estate Investment Trusts (REITs),Realty,25448.98,1.45,156.52,30.89,680.53,10.91,57.78,5.83,,stage_2,5,167.33,159.93,0.64,0.00714,"{'price_above_30w_ma': True, '30w_ma_rising': True, 'price_above_10w_ma': True, 'relative_strength_positive': True, 'near_52w_high': True}",leading,leading,102.72,103.05,1.18,2.65,False,False,2026-09-02 ratio=101.54 momentum=100.40; 2026-09-03 ratio=101.86 momentum=102.21; 2026-09-04 ratio=100.79 momentum=100.60; 2026-09-08 ratio=102.36 momentum=102.55; 2026-09-09 ratio=102.72 momentum=103.05,175.13
stock,Apcotex Industri,APCOTEXIND.NS,Rubber,Capital Goods,3122.28,1.32,78.94,312.0,525.63,39.88,19.39,19.8,,stage_2,5,615.45,487.15,7.61,0.02627,"{'price_above_30w_ma': True, '30w_ma_rising': True, 'price_above_10w_ma': True, 'relative_strength_positive': True, 'near_52w_high': True}",weakening,weakening,101.0,99.88,-0.2,1.09,False,False,2026-09-02 ratio=101.20 momentum=98.79; 2026-09-03 ratio=101.60 momentum=101.96; 2026-09-04 ratio=101.23 momentum=99.51; 2026-09-08 ratio=100.86 momentum=98.74; 2026-09-09 ratio=101.00 momentum=99.88,145.22
stock,Pix Transmission,PIXTRANS.NS,Rubber,Capital Goods,2354.79,0.52,52.75,89.34,149.25,22.8,17.87,21.73,,stage_2,4,1746.4,1625.04,3.62,0.07453,"{'price_above_30w_ma': True, '30w_ma_rising': True, 'price_above_10w_ma': False, 'relative_strength_positive': True, 'near_52w_high': True}",lagging,lagging,99.94,99.92,0.19,2.33,False,False,2026-09-02 ratio=99.75 momentum=97.59; 2026-09-03 ratio=100.16 momentum=99.19; 2026-09-04 ratio=100.03 momentum=99.26; 2026-09-08 ratio=99.39 momentum=98.25; 2026-09-09 ratio=99.94 momentum=99.92,112.24
stock,Tinna Rubber,TINNARUBR.NS,Rubber,Capital Goods,1852.92,0.32,20.57,75.21,156.18,19.89,30.04,22.46,,stage_2,4,1047.9,846.87,5.7,0.04472,"{'price_above_30w_ma': True, '30w_ma_rising': True, 'price_above_10w_ma': False, 'relative_strength_positive': True, 'near_52w_high': True}",leading,weakening,100.6,102.42,0.4,3.15,True,False,2026-09-03 ratio=100.20 momentum=99.27; 2026-09-04 ratio=100.03 momentum=99.22; 2026-09-07 ratio=99.83 momentum=98.70; 2026-09-08 ratio=100.01 momentum=100.40; 2026-09-09 ratio=100.60 momentum=102.42,161.5
stock,GRP,GRPLTD.NS,Rubber,Capital Goods,1071.07,0.18,4.2,140.0,156.83,26.73,156.36,6.94,,stage_2,5,2026.9,1894.58,2.05,0.0865,"{'price_above_30w_ma': True, '30w_ma_rising': True, 'price_above_10w_ma': True, 'relative_strength_positive': True, 'near_52w_high': True}",leading,leading,101.93,103.68,0.69,2.71,False,False,2026-09-02 ratio=101.24 momentum=100.97; 2026-09-03 ratio=100.79 momentum=99.88; 2026-09-04 ratio=101.25 momentum=99.94; 2026-09-08 ratio=101.36 momentum=101.85; 2026-09-09 ratio=101.93 momentum=103.68,177.15
stock,Rubfila Intl.,RUBFILA.NS,Rubber,Capital Goods,367.72,2.94,6.0,0.67,110.17,-10.71,13.96,12.59,,not_stage_2,1,67.89,70.24,-0.57,0.0029,"{'price_above_30w_ma': False, '30w_ma_rising': False, 'price_above_10w_ma': False, 'relative_strength_positive': False, 'near_52w_high': True}",improving,improving,99.68,102.58,0.97,1.85,False,True,2026-09-03 ratio=98.71 momentum=100.72; 2026-09-04 ratio=100.17 momentum=101.77; 2026-09-07 ratio=100.37 momentum=103.15; 2026-09-08 ratio=100.26 momentum=103.51; 2026-09-09 ratio=99.68 momentum=102.58,32.9
stock,Harri. Malayalam,HARRMALAYA.NS,Rubber,Capital Goods,342.13,0.0,3.93,-34.06,124.92,7.26,12.62,15.28,,not_stage_2,2,187.72,201.13,2.12,0.00801,"{'price_above_30w_ma': False, '30w_ma_rising': True, 'price_above_10w_ma': False, 'relative_strength_positive': False, 'near_52w_high': True}",improving,improving,98.78,100.24,0.4,-1.12,False,False,2026-09-02 ratio=98.38 momentum=101.35; 2026-09-03 ratio=98.68 momentum=101.31; 2026-09-04 ratio=98.84 momentum=101.00; 2026-09-08 ratio=98.80 momentum=99.22; 2026-09-09 ratio=98.78 momentum=100.24,45.44
stock,Gayatri Rubbers,GRCL.NS,Rubber,Capital Goods,322.53,0.0,2.95,86.71,24.48,33.99,57.7,37.86,,stage_2,4,561.0,495.33,5.33,0.02394,"{'price_above_30w_ma': True, '30w_ma_rising': True, 'price_above_10w_ma': False, 'relative_strength_positive': True, 'near_52w_high': True}",weakening,leading,100.25,99.07,-0.42,-4.44,False,False,2026-09-02 ratio=100.67 momentum=103.51; 2026-09-03 ratio=100.23 momentum=104.17; 2026-09-04 ratio=100.33 momentum=104.46; 2026-09-08 ratio=100.47 momentum=102.77; 2026-09-09 ratio=100.25 momentum=99.07,116.91
stock,Elgi Rubber Co,ELGIRUBCO.NS,Rubber,Capital Goods,299.95,0.0,40.85,293.38,70.09,-18.1,,-12.92,,stage_2,5,62.82,50.87,5.28,0.00268,"{'price_above_30w_ma': True, '30w_ma_rising': True, 'price_above_10w_ma': True, 'relative_strength_positive': True, 'near_52w_high': True}",leading,leading,101.98,102.85,1.0,-0.33,False,False,2026-09-02 ratio=100.98 momentum=103.18; 2026-09-03 ratio=100.55 momentum=99.21; 2026-09-04 ratio=100.40 momentum=97.91; 2026-09-08 ratio=100.67 momentum=99.93; 2026-09-09 ratio=101.98 momentum=102.85,179.71
stock,Sampann Utpadan,SAMPANN.NS,Rubber,Capital Goods,123.17,0.0,2.05,12.02,41.7,27.6,17.6,8.18,,not_stage_2,0,23.99,27.75,-3.27,0.00102,"{'price_above_30w_ma': False, '30w_ma_rising': False, 'price_above_10w_ma': False, 'relative_strength_positive': False, 'near_52w_high': False}",lagging,lagging,98.22,98.42,0.49,0.06,False,False,2026-09-02 ratio=97.72 momentum=98.35; 2026-09-03 ratio=98.12 momentum=99.31; 2026-09-04 ratio=98.68 momentum=100.83; 2026-09-08 ratio=98.26 momentum=99.40; 2026-09-09 ratio=98.22 momentum=98.42,0.0
stock,Lead Reclaim,LRRPL.NS,Rubber,Capital Goods,80.35,0.0,3.1,219.59,17.92,-18.25,19.65,21.28,,stage_2,5,92.0,81.42,3.77,0.00393,"{'price_above_30w_ma': True, '30w_ma_rising': True, 'price_above_10w_ma': True, 'relative_strength_positive': True, 'near_52w_high': True}",leading,improving,102.01,103.9,2.24,1.31,True,False,2026-09-02 ratio=99.77 momentum=102.59; 2026-09-03 ratio=99.99 momentum=100.94; 2026-09-04 ratio=100.31 momentum=102.11; 2026-09-08 ratio=101.75 momentum=103.71; 2026-09-09 ratio=102.01 momentum=103.90,192.09
stock,KIOCL,KIOCL.NS,Sponge Iron,Metals & Mining,22365.15,0.0,-15.48,59.04,158.01,73.75,575.24,1.38,,not_stage_2,2,373.75,374.29,1.14,0.01595,"{'price_above_30w_ma': False, '30w_ma_rising': True, 'price_above_10w_ma': False, 'relative_strength_positive': True, 'near_52w_high': False}",leading,leading,100.62,101.19,0.11,-0.84,False,False,2026-09-03 ratio=100.51 momentum=102.02; 2026-09-04 ratio=100.64 momentum=101.68; 2026-09-07 ratio=100.32 momentum=100.21; 2026-09-08 ratio=100.62 momentum=106.38; 2026-09-09 ratio=100.62 momentum=101.19,71.33
stock,S.A.L Steel,SALSTEEL.NS,Sponge Iron,Metals & Mining,1095.52,0.0,3.09,131.95,87.37,-31.57,,1.08,,stage_2,5,79.19,56.79,9.07,0.00338,"{'price_above_30w_ma': True, '30w_ma_rising': True, 'price_above_10w_ma': True, 'relative_strength_positive': True, 'near_52w_high': True}",weakening,weakening,101.68,99.16,-0.59,2.31,False,False,2026-09-02 ratio=102.27 momentum=96.85; 2026-09-03 ratio=102.13 momentum=97.04; 2026-09-04 ratio=101.93 momentum=96.76; 2026-09-08 ratio=101.74 momentum=97.49; 2026-09-09 ratio=101.68 momentum=99.16,151.54
stock,Vraj Iron,VRAJ.NS,Sponge Iron,Metals & Mining,415.6,0.0,11.51,51.65,193.83,40.14,11.57,10.49,,not_stage_2,4,124.5,122.37,-0.36,0.00531,"{'price_above_30w_ma': True, '30w_ma_rising': False, 'price_above_10w_ma': True, 'relative_strength_positive': True, 'near_52w_high': True}",leading,leading,100.61,102.86,0.52,2.06,False,False,2026-09-03 ratio=100.09 momentum=100.80; 2026-09-04 ratio=99.92 momentum=100.80; 2026-09-07 ratio=100.05 momentum=101.18; 2026-09-08 ratio=100.04 momentum=101.80; 2026-09-09 ratio=100.61 momentum=102.86,117.35
stock,Chaman Metallics,CMNL.NS,Sponge Iron,Metals & Mining,278.16,0.0,-1.62,-78.12,344.75,326.41,,5.37,,stage_2,4,117.7,109.41,0.4,0.00502,"{'price_above_30w_ma': True, '30w_ma_rising': True, 'price_above_10w_ma': True, 'relative_strength_positive': True, 'near_52w_high': False}",leading,leading,101.9,100.37,-0.54,-1.62,False,False,2026-09-02 ratio=102.44 momentum=101.99; 2026-09-03 ratio=102.52 momentum=102.69; 2026-09-04 ratio=101.59 momentum=99.59; 2026-09-08 ratio=101.93 momentum=100.03; 2026-09-09 ratio=101.90 momentum=100.37,137.15
stock,Vaswani Industri,VASWANI.NS,Sponge Iron,Metals & Mining,154.9,0.0,1.16,-78.79,117.79,3.07,,8.76,,not_stage_2,0,45.75,54.33,-1.81,0.00195,"{'price_above_30w_ma': False, '30w_ma_rising': False, 'price_above_10w_ma': False, 'relative_strength_positive': False, 'near_52w_high': False}",improving,improving,98.58,104.17,-0.17,3.31,False,False,2026-09-02 ratio=98.76 momentum=100.86; 2026-09-03 ratio=98.38 momentum=101.33; 2026-09-04 ratio=98.60 momentum=101.86; 2026-09-08 ratio=98.66 momentum=102.91; 2026-09-09 ratio=98.58 momentum=104.17,20.85
stock,Shri Hare-Krish.,SHKSIL.NS,Sponge Iron,Metals & Mining,67.94,0.0,1.55,-64.85,27.21,-35.63,10.96,7.76,,insufficient_data,0,,,,,{},insufficient_data,insufficient_data,,,,,False,False,,0.0
stock,DOMS Industries,DOMS.NS,Stationary,Fast Moving Consumer Goods,13156.18,0.17,45.28,-22.33,670.51,19.25,60.52,24.32,,not_stage_2,2,2190.8,2257.66,-1.09,0.0935,"{'price_above_30w_ma': False, '30w_ma_rising': False, 'price_above_10w_ma': False, 'relative_strength_positive': True, 'near_52w_high': True}",leading,improving,100.24,104.13,0.62,1.9,True,False,2026-09-03 ratio=99.62 momentum=102.24; 2026-09-04 ratio=99.61 momentum=102.41; 2026-09-07 ratio=99.69 momentum=102.75; 2026-09-08 ratio=99.80 momentum=103.21; 2026-09-09 ratio=100.24 momentum=104.13,91.85
stock,Navneet Educat.,NAVNETEDUL.NS,Stationary,Fast Moving Consumer Goods,2818.02,2.35,141.0,-16.66,788.0,-0.76,22.52,10.23,,not_stage_2,1,127.0,139.61,-1.68,0.00542,"{'price_above_30w_ma': False, '30w_ma_rising': False, 'price_above_10w_ma': False, 'relative_strength_positive': False, 'near_52w_high': True}",improving,improving,99.03,100.29,-0.44,-1.9,False,False,2026-09-02 ratio=99.47 momentum=102.19; 2026-09-03 ratio=99.28 momentum=101.74; 2026-09-04 ratio=99.18 momentum=101.23; 2026-09-08 ratio=99.26 momentum=101.51; 2026-09-09 ratio=99.03 momentum=100.29,21.45
stock,Flair Writing,FLAIR.NS,Stationary,Fast Moving Consumer Goods,2514.73,0.42,29.08,-0.28,319.25,10.64,18.0,16.83,,not_stage_2,0,238.56,285.06,-2.83,0.01018,"{'price_above_30w_ma': False, '30w_ma_rising': False, 'price_above_10w_ma': False, 'relative_strength_positive': False, 'near_52w_high': False}",lagging,improving,98.89,99.17,-0.62,-2.13,False,False,2026-09-03 ratio=99.51 momentum=101.30; 2026-09-04 ratio=98.83 momentum=99.43; 2026-09-07 ratio=98.51 momentum=97.50; 2026-09-08 ratio=98.29 momentum=97.83; 2026-09-09 ratio=98.89 momentum=99.17,0.0
stock,Kokuyo Camlin,KOKUYOCMLN.NS,Stationary,Fast Moving Consumer Goods,790.6,0.38,7.3,-27.44,229.18,0.79,35.9,10.21,,not_stage_2,0,78.9,84.25,-0.75,0.00337,"{'price_above_30w_ma': False, '30w_ma_rising': False, 'price_above_10w_ma': False, 'relative_strength_positive': False, 'near_52w_high': False}",improving,improving,99.28,102.73,0.75,0.36,False,True,2026-09-03 ratio=98.53 momentum=102.37; 2026-09-04 ratio=99.22 momentum=103.29; 2026-09-07 ratio=99.01 momentum=100.44; 2026-09-08 ratio=99.07 momentum=103.75; 2026-09-09 ratio=99.28 momentum=102.73,13.65
stock,Linc,LINC.NS,Stationary,Fast Moving Consumer Goods,579.42,1.54,5.1,-30.42,135.65,1.01,16.85,19.12,,not_stage_2,2,98.1,101.68,-1.69,0.00419,"{'price_above_30w_ma': False, '30w_ma_rising': False, 'price_above_10w_ma': False, 'relative_strength_positive': True, 'near_52w_high': True}",improving,improving,99.95,103.08,0.84,0.52,False,True,2026-09-02 ratio=99.11 momentum=102.56; 2026-09-03 ratio=98.97 momentum=103.84; 2026-09-04 ratio=99.04 momentum=102.42; 2026-09-08 ratio=99.79 momentum=103.44; 2026-09-09 ratio=99.95 momentum=103.08,55.4
stock,Sundaram Multi.,SUNDARAM.NS,Stationary,Fast Moving Consumer Goods,56.87,0.0,0.32,138.89,49.6,21.99,16.2,3.8,,not_stage_2,1,1.2,1.32,-3.71,5e-05,"{'price_above_30w_ma': False, '30w_ma_rising': False, 'price_above_10w_ma': False, 'relative_strength_positive': True, 'near_52w_high': False}",improving,lagging,99.88,101.95,0.04,3.38,False,True,2026-09-02 ratio=99.84 momentum=98.57; 2026-09-03 ratio=99.91 momentum=100.77; 2026-09-04 ratio=99.92 momentum=102.59; 2026-09-08 ratio=99.84 momentum=100.72; 2026-09-09 ratio=99.88 momentum=101.95,29.75
stock,Vasa Retail,VASA.NS,Stationary,Fast Moving Consumer Goods,2.13,0.0,-0.05,28.57,0.0,,,-1.93,,not_stage_2,0,3.55,4.52,-2.79,0.00015,"{'price_above_30w_ma': False, '30w_ma_rising': False, 'price_above_10w_ma': False, 'relative_strength_positive': False, 'near_52w_high': False}",lagging,lagging,96.05,98.32,-1.2,-1.35,False,False,2026-09-02 ratio=97.25 momentum=99.67; 2026-09-03 ratio=97.53 momentum=100.69; 2026-09-04 ratio=97.68 momentum=100.92; 2026-09-08 ratio=96.00 momentum=97.88; 2026-09-09 ratio=96.05 momentum=98.32,0.0
stock,Indus Towers,INDUSTOWER.NS,Telecom - Infrastructure,Telecommunic ation,98455.81,3.76,1745.8,0.52,8431.1,4.64,13.76,19.48,,not_stage_2,1,373.7,412.42,-2.07,0.01595,"{'price_above_30w_ma': False, '30w_ma_rising': False, 'price_above_10w_ma': False, 'relative_strength_positive': False, 'near_52w_high': True}",improving,improving,99.97,103.12,0.58,0.54,False,True,2026-09-03 ratio=99.39 momentum=102.58; 2026-09-04 ratio=99.54 momentum=102.04; 2026-09-07 ratio=99.69 momentum=103.13; 2026-09-08 ratio=99.62 momentum=100.23; 2026-09-09 ratio=99.97 momentum=103.12,35.6
stock,HFCL,HFCL.NS,Telecom - Infrastructure,Telecommunic ation,35665.52,0.09,245.64,809.06,1914.98,119.85,62.29,10.76,,stage_2,5,245.43,157.17,17.03,0.01047,"{'price_above_30w_ma': True, '30w_ma_rising': True, 'price_above_10w_ma': True, 'relative_strength_positive': True, 'near_52w_high': True}",leading,weakening,101.95,100.14,1.53,1.12,True,False,2026-09-03 ratio=100.43 momentum=99.02; 2026-09-04 ratio=101.12 momentum=99.60; 2026-09-07 ratio=101.86 momentum=99.53; 2026-09-08 ratio=102.27 momentum=100.38; 2026-09-09 ratio=101.95 momentum=100.14,199.51
stock,Pace Digitek,PACEDIGITK.NS,Telecom - Infrastructure,Telecommunic ation,3422.03,0.0,62.5,13.24,555.36,51.29,11.39,21.4,,not_stage_2,0,160.68,180.5,-0.42,0.00686,"{'price_above_30w_ma': False, '30w_ma_rising': False, 'price_above_10w_ma': False, 'relative_strength_positive': False, 'near_52w_high': False}",lagging,improving,98.49,98.03,0.17,-2.07,False,False,2026-09-03 ratio=98.32 momentum=100.10; 2026-09-04 ratio=98.48 momentum=99.11; 2026-09-07 ratio=98.20 momentum=97.99; 2026-09-08 ratio=98.30 momentum=97.86; 2026-09-09 ratio=98.49 momentum=98.03,0.0
stock,GTL Infra.,GTLINFRA.NS,Telecom - Infrastructure,Telecommunic ation,1473.19,0.0,69.39,129.86,327.31,-2.16,,,,not_stage_2,1,1.16,1.25,0.84,5e-05,"{'price_above_30w_ma': False, '30w_ma_rising': True, 'price_above_10w_ma': False, 'relative_strength_positive': False, 'near_52w_high': False}",improving,lagging,99.2,100.47,0.44,1.98,False,True,2026-09-02 ratio=98.76 momentum=98.49; 2026-09-03 ratio=98.78 momentum=98.79; 2026-09-04 ratio=98.78 momentum=97.81; 2026-09-08 ratio=99.36 momentum=100.64; 2026-09-09 ratio=99.20 momentum=100.47,24.03
stock,Suyog Telematics,SUYOG.NS,Telecom - Infrastructure,Telecommunic ation,782.98,0.15,13.93,-18.11,65.27,2.16,13.23,14.42,,not_stage_2,2,689.35,768.24,2.57,0.02942,"{'price_above_30w_ma': False, '30w_ma_rising': True, 'price_above_10w_ma': False, 'relative_strength_positive': False, 'near_52w_high': True}",improving,improving,98.1,100.34,-0.29,-1.91,False,False,2026-09-03 ratio=98.39 momentum=102.26; 2026-09-04 ratio=98.33 momentum=101.69; 2026-09-07 ratio=98.24 momentum=102.01; 2026-09-08 ratio=98.32 momentum=104.73; 2026-09-09 ratio=98.10 momentum=100.34,46.84
stock,Sar Televenture,SARTELE.NS,Telecom - Infrastructure,Telecommunic ation,418.73,0.0,36.23,25.49,280.35,35.3,5.83,8.84,,not_stage_2,0,85.5,142.49,-9.98,0.00365,"{'price_above_30w_ma': False, '30w_ma_rising': False, 'price_above_10w_ma': False, 'relative_strength_positive': False, 'near_52w_high': False}",lagging,lagging,98.31,97.85,-0.04,-1.43,False,False,2026-09-03 ratio=98.35 momentum=99.28; 2026-09-04 ratio=98.29 momentum=96.64; 2026-09-07 ratio=98.42 momentum=99.55; 2026-09-08 ratio=98.33 momentum=98.82; 2026-09-09 ratio=98.31 momentum=97.85,0.0
stock,Kore Digital,KDL.NS,Telecom - Infrastructure,Telecommunic ation,104.13,0.0,11.91,-51.61,150.42,-36.24,2.84,38.1,,not_stage_2,0,88.15,122.2,-6.21,0.00376,"{'price_above_30w_ma': False, '30w_ma_rising': False, 'price_above_10w_ma': False, 'relative_strength_positive': False, 'near_52w_high': False}",lagging,improving,98.84,97.28,0.27,-3.77,False,False,2026-09-02 ratio=98.57 momentum=101.05; 2026-09-03 ratio=98.77 momentum=101.47; 2026-09-04 ratio=98.97 momentum=102.07; 2026-09-08 ratio=98.95 momentum=100.06; 2026-09-09 ratio=98.84 momentum=97.28,0.0
stock,Rama Telecom,RTL.NS,Telecom - Infrastructure,Telecommunic ation,102.95,0.0,0.48,-86.7,27.75,18.69,35.38,11.89,,insufficient_data,0,,,,,{},insufficient_data,insufficient_data,,,,,False,False,,0.0
