level,name,symbol,parent,sector,market_cap_cr,dividend_yield_pct,np_qtr_cr,qtr_profit_var_pct,sales_qtr_cr,qtr_sales_var_pct,pe,roce,error,stage,stage2_score,close,weekly_ma,weekly_ma_slope_4w_pct,rs_vs_benchmark,checks,rrg_quadrant,rrg_quadrant_5d_ago,rs_ratio,rs_momentum,rs_ratio_5d_delta,rs_momentum_5d_delta,moving_to_leading,improving_toward_leading,rrg_tail,stock_score
stock,Bajaj Auto,BAJAJ-AUTO.NS,2/3 Wheelers,Automobile and Auto Components,305988.19,1.35,3188.75,45.93,21688.83,65.14,25.96,28.24,,stage_2,5,11130.0,9836.95,1.84,0.46829,"{'price_above_30w_ma': True, '30w_ma_rising': True, 'price_above_10w_ma': True, 'relative_strength_positive': True, 'near_52w_high': True}",leading,leading,102.38,102.57,2.01,-1.51,False,False,2026-07-20 ratio=100.37 momentum=104.09; 2026-07-21 ratio=100.10 momentum=103.32; 2026-07-22 ratio=102.10 momentum=103.11; 2026-07-23 ratio=102.86 momentum=102.92; 2026-07-24 ratio=102.38 momentum=102.57,173.43
stock,Eicher Motors,EICHERMOT.NS,2/3 Wheelers,Automobile and Auto Components,209451.82,1.07,1519.95,11.58,6080.09,16.01,37.68,30.52,,stage_2,5,7628.0,7299.0,0.42,0.32094,"{'price_above_30w_ma': True, '30w_ma_rising': True, 'price_above_10w_ma': True, 'relative_strength_positive': True, 'near_52w_high': True}",leading,leading,101.68,102.13,0.82,0.74,False,False,2026-07-20 ratio=100.86 momentum=101.38; 2026-07-21 ratio=101.57 momentum=101.67; 2026-07-22 ratio=101.52 momentum=101.08; 2026-07-23 ratio=102.08 momentum=102.15; 2026-07-24 ratio=101.68 momentum=102.13,164.89
stock,TVS Motor Co.,TVSMOTOR.NS,2/3 Wheelers,Automobile and Auto Components,183955.04,0.31,1057.61,67.11,16295.52,33.46,53.18,17.37,,stage_2,5,3870.2,3605.28,0.11,0.16284,"{'price_above_30w_ma': True, '30w_ma_rising': True, 'price_above_10w_ma': True, 'relative_strength_positive': True, 'near_52w_high': True}",leading,weakening,102.87,101.55,2.31,4.22,True,False,2026-07-20 ratio=100.57 momentum=97.33; 2026-07-21 ratio=102.69 momentum=101.16; 2026-07-22 ratio=103.63 momentum=101.82; 2026-07-23 ratio=103.44 momentum=101.68; 2026-07-24 ratio=102.87 momentum=101.55,177.32
stock,Hero Motocorp,HEROMOTOCO.NS,2/3 Wheelers,Automobile and Auto Components,100264.7,3.69,1473.92,25.72,12978.28,30.18,17.45,35.22,,not_stage_2,3,5011.1,5244.69,-2.48,0.21084,"{'price_above_30w_ma': False, '30w_ma_rising': False, 'price_above_10w_ma': True, 'relative_strength_positive': True, 'near_52w_high': True}",leading,improving,101.02,101.67,1.5,-3.09,False,False,2026-07-20 ratio=99.52 momentum=104.75; 2026-07-21 ratio=100.19 momentum=102.78; 2026-07-22 ratio=100.19 momentum=102.12; 2026-07-23 ratio=102.55 momentum=103.18; 2026-07-24 ratio=101.02 momentum=101.67,93.45
stock,Ather Energy,ATHERENERG.NS,2/3 Wheelers,Automobile and Auto Components,47711.43,0.0,-100.23,57.23,1174.66,73.75,,-19.77,,stage_2,5,1208.7,863.33,8.89,0.05086,"{'price_above_30w_ma': True, '30w_ma_rising': True, 'price_above_10w_ma': True, 'relative_strength_positive': True, 'near_52w_high': True}",weakening,leading,101.26,97.03,-0.9,-4.34,False,False,2026-07-20 ratio=102.16 momentum=101.37; 2026-07-21 ratio=101.99 momentum=100.48; 2026-07-22 ratio=101.79 momentum=96.87; 2026-07-23 ratio=101.48 momentum=96.35; 2026-07-24 ratio=101.26 momentum=97.03,149.08
stock,Ola Electric,OLAELEC.NS,2/3 Wheelers,Automobile and Auto Components,17162.14,0.0,-500.0,42.53,265.0,-56.63,,-19.56,,not_stage_2,2,37.08,35.36,1.86,0.00156,"{'price_above_30w_ma': True, '30w_ma_rising': True, 'price_above_10w_ma': False, 'relative_strength_positive': False, 'near_52w_high': False}",lagging,lagging,98.89,97.67,-0.43,1.32,False,False,2026-07-20 ratio=99.32 momentum=96.35; 2026-07-21 ratio=99.19 momentum=95.98; 2026-07-22 ratio=98.69 momentum=96.05; 2026-07-23 ratio=98.83 momentum=97.18; 2026-07-24 ratio=98.89 momentum=97.67,43.72
stock,Tunwal E-Motors,TUNWAL.NS,2/3 Wheelers,Automobile and Auto Components,152.89,0.38,4.23,-34.72,132.45,27.15,12.01,13.28,,not_stage_2,0,26.7,30.17,-5.01,0.00112,"{'price_above_30w_ma': False, '30w_ma_rising': False, 'price_above_10w_ma': False, 'relative_strength_positive': False, 'near_52w_high': False}",improving,improving,99.3,102.55,0.58,-1.66,False,False,2026-07-17 ratio=98.72 momentum=104.20; 2026-07-20 ratio=99.05 momentum=103.23; 2026-07-21 ratio=99.26 momentum=103.17; 2026-07-22 ratio=99.31 momentum=102.43; 2026-07-23 ratio=99.30 momentum=102.55,12.75
stock,Delta Auto.,DELTIC.NS,2/3 Wheelers,Automobile and Auto Components,56.27,0.0,3.1,-47.28,37.54,-28.28,8.58,11.81,,insufficient_data,0,,,,,{},insufficient_data,insufficient_data,,,,,False,False,,0.0
stock,Victory Ele.,VICTORYEV.NS,2/3 Wheelers,Automobile and Auto Components,40.84,0.0,0.53,-86.91,15.27,-52.67,18.99,10.52,,insufficient_data,0,,,,,{},insufficient_data,insufficient_data,,,,,False,False,,0.0
stock,Timken India,TIMKEN.NS,Abrasives & Bearings,Capital Goods,23493.09,0.08,154.79,-17.15,1073.14,14.19,58.97,18.26,,not_stage_2,2,3127.0,3346.39,0.71,0.13157,"{'price_above_30w_ma': False, '30w_ma_rising': True, 'price_above_10w_ma': False, 'relative_strength_positive': False, 'near_52w_high': True}",improving,improving,98.61,103.63,0.67,1.56,False,True,2026-07-20 ratio=97.94 momentum=102.07; 2026-07-21 ratio=97.94 momentum=104.61; 2026-07-22 ratio=98.08 momentum=103.69; 2026-07-23 ratio=98.29 momentum=102.90; 2026-07-24 ratio=98.61 momentum=103.63,59.57
stock,Grindwell Norton,GRINDWELL.NS,Abrasives & Bearings,Capital Goods,22307.5,0.94,115.31,22.3,803.3,14.19,51.13,21.18,,not_stage_2,3,2011.6,1724.08,3.92,0.08464,"{'price_above_30w_ma': True, '30w_ma_rising': True, 'price_above_10w_ma': False, 'relative_strength_positive': False, 'near_52w_high': True}",weakening,leading,100.07,99.34,-0.78,-0.84,False,False,2026-07-20 ratio=100.85 momentum=100.18; 2026-07-21 ratio=100.60 momentum=100.22; 2026-07-22 ratio=100.04 momentum=99.28; 2026-07-23 ratio=99.95 momentum=99.26; 2026-07-24 ratio=100.07 momentum=99.34,68.19
stock,Carborundum Uni.,CARBORUNIV.NS,Abrasives & Bearings,Capital Goods,20269.43,0.38,-40.01,-17.82,1398.35,14.89,78.81,10.52,,not_stage_2,3,1064.3,934.98,3.34,0.04478,"{'price_above_30w_ma': True, '30w_ma_rising': True, 'price_above_10w_ma': False, 'relative_strength_positive': False, 'near_52w_high': True}",lagging,lagging,99.6,97.97,-0.09,1.39,False,False,2026-07-20 ratio=99.69 momentum=96.59; 2026-07-21 ratio=99.65 momentum=98.02; 2026-07-22 ratio=99.51 momentum=97.62; 2026-07-23 ratio=99.35 momentum=96.49; 2026-07-24 ratio=99.60 momentum=97.97,66.68
stock,SKF India Indus.,SKFINDUS.NS,Abrasives & Bearings,Capital Goods,13400.37,0.37,118.97,-1.93,945.72,31.24,36.07,29.89,,insufficient_data,0,,,,,{},weakening,weakening,100.79,97.68,0.37,0.4,False,False,2026-07-20 ratio=100.41 momentum=97.28; 2026-07-21 ratio=101.01 momentum=98.77; 2026-07-22 ratio=100.78 momentum=96.90; 2026-07-23 ratio=100.89 momentum=97.81; 2026-07-24 ratio=100.79 momentum=97.68,3.95
stock,SKF India,SKFINDIA.NS,Abrasives & Bearings,Capital Goods,7339.8,2.69,-20.23,-128.78,594.54,20.68,24.82,13.33,,not_stage_2,0,1484.8,1662.27,-2.08,0.06247,"{'price_above_30w_ma': False, '30w_ma_rising': False, 'price_above_10w_ma': False, 'relative_strength_positive': False, 'near_52w_high': False}",improving,lagging,98.36,101.37,0.95,1.53,False,True,2026-07-20 ratio=97.41 momentum=99.84; 2026-07-21 ratio=97.33 momentum=100.31; 2026-07-22 ratio=98.19 momentum=99.86; 2026-07-23 ratio=98.00 momentum=101.25; 2026-07-24 ratio=98.36 momentum=101.37,6.85
stock,Wendt India,WENDT.NS,Abrasives & Bearings,Capital Goods,1614.9,0.37,6.18,63.49,71.28,36.63,95.27,7.82,,not_stage_2,4,8074.5,7133.35,-0.19,0.33973,"{'price_above_30w_ma': True, '30w_ma_rising': False, 'price_above_10w_ma': True, 'relative_strength_positive': True, 'near_52w_high': True}",leading,weakening,101.6,101.29,1.46,5.49,True,False,2026-07-20 ratio=100.14 momentum=95.80; 2026-07-21 ratio=100.14 momentum=97.31; 2026-07-22 ratio=100.15 momentum=98.04; 2026-07-23 ratio=100.02 momentum=97.81; 2026-07-24 ratio=101.60 momentum=101.29,124.45
stock,SKP Bearing,SKP.NS,Abrasives & Bearings,Capital Goods,263.94,0.7,-0.95,,37.99,,299.93,11.38,,not_stage_2,3,161.0,159.09,-1.87,0.00677,"{'price_above_30w_ma': True, '30w_ma_rising': False, 'price_above_10w_ma': True, 'relative_strength_positive': True, 'near_52w_high': False}",leading,improving,100.12,102.09,0.75,0.82,True,False,2026-07-17 ratio=99.37 momentum=101.27; 2026-07-20 ratio=99.47 momentum=101.42; 2026-07-21 ratio=99.66 momentum=101.95; 2026-07-22 ratio=99.80 momentum=102.25; 2026-07-23 ratio=100.12 momentum=102.09,101.05
stock,NRB Indl Bearing,NIBL.NS,Abrasives & Bearings,Capital Goods,90.59,0.0,-6.82,2.29,20.58,27.75,,-16.17,,stage_2,5,36.98,31.01,1.84,0.00156,"{'price_above_30w_ma': True, '30w_ma_rising': True, 'price_above_10w_ma': True, 'relative_strength_positive': True, 'near_52w_high': True}",leading,leading,103.38,105.38,0.57,3.2,False,False,2026-07-20 ratio=102.81 momentum=102.17; 2026-07-21 ratio=102.95 momentum=102.05; 2026-07-22 ratio=102.23 momentum=102.12; 2026-07-23 ratio=102.80 momentum=102.97; 2026-07-24 ratio=103.38 momentum=105.38,192.48
stock,Signpost India,SIGNPOST.NS,Advertising & Media Agencies,"Media, Entertainment & Publication",1653.74,0.16,21.01,2183.7,161.92,46.08,23.62,25.13,,stage_2,5,309.4,253.74,5.32,0.01302,"{'price_above_30w_ma': True, '30w_ma_rising': True, 'price_above_10w_ma': True, 'relative_strength_positive': True, 'near_52w_high': True}",weakening,leading,101.13,98.78,-0.25,-3.79,False,False,2026-07-20 ratio=101.38 momentum=102.58; 2026-07-21 ratio=100.76 momentum=99.68; 2026-07-22 ratio=100.29 momentum=97.17; 2026-07-23 ratio=100.74 momentum=97.38; 2026-07-24 ratio=101.13 momentum=98.78,141.29
stock,R K Swamy,RKSWAMY.NS,Advertising & Media Agencies,"Media, Entertainment & Publication",514.19,1.97,15.94,29.28,100.88,20.8,21.07,12.17,,not_stage_2,3,101.37,97.95,-1.31,0.00427,"{'price_above_30w_ma': True, '30w_ma_rising': False, 'price_above_10w_ma': True, 'relative_strength_positive': True, 'near_52w_high': False}",weakening,weakening,100.62,99.47,0.55,3.56,False,False,2026-07-20 ratio=100.07 momentum=95.92; 2026-07-21 ratio=100.23 momentum=96.56; 2026-07-22 ratio=99.89 momentum=95.71; 2026-07-23 ratio=100.08 momentum=98.12; 2026-07-24 ratio=100.62 momentum=99.47,63.1
stock,Yaap Digital,YAAP.NS,Advertising & Media Agencies,"Media, Entertainment & Publication",326.55,0.0,19.0,84.08,135.66,28.14,17.69,30.86,,insufficient_data,0,,,,,{},insufficient_data,insufficient_data,,,,,False,False,,0.0
stock,Vertoz,VERTOZ.NS,Advertising & Media Agencies,"Media, Entertainment & Publication",303.25,0.28,6.25,-2.33,73.69,13.06,11.63,14.16,,not_stage_2,0,35.58,46.95,-9.41,0.0015,"{'price_above_30w_ma': False, '30w_ma_rising': False, 'price_above_10w_ma': False, 'relative_strength_positive': False, 'near_52w_high': False}",improving,improving,98.59,100.26,0.14,-2.07,False,False,2026-07-20 ratio=98.45 momentum=102.33; 2026-07-21 ratio=98.23 momentum=98.56; 2026-07-22 ratio=98.33 momentum=97.71; 2026-07-23 ratio=98.44 momentum=99.92; 2026-07-24 ratio=98.59 momentum=100.26,1.3
stock,Simca Advertis.,SIMCA.NS,Advertising & Media Agencies,"Media, Entertainment & Publication",243.5,0.0,9.04,1164.71,78.51,107.37,14.64,97.5,,insufficient_data,0,,,,,{},insufficient_data,insufficient_data,,,,,False,False,,0.0
stock,Cash UR Drive,CUDML.NS,Advertising & Media Agencies,"Media, Entertainment & Publication",238.92,0.0,18.52,94.54,108.79,43.71,8.13,40.31,,insufficient_data,0,,,,,{},insufficient_data,insufficient_data,,,,,False,False,,0.0
stock,Pramara Promotio,PRAMARA.NS,Advertising & Media Agencies,"Media, Entertainment & Publication",178.21,0.0,3.91,5.96,59.27,6.49,17.75,14.95,,not_stage_2,0,127.65,280.48,-9.35,0.00537,"{'price_above_30w_ma': False, '30w_ma_rising': False, 'price_above_10w_ma': False, 'relative_strength_positive': False, 'near_52w_high': False}",improving,improving,99.47,103.74,0.03,0.61,False,True,2026-07-17 ratio=99.44 momentum=103.12; 2026-07-20 ratio=99.46 momentum=103.22; 2026-07-21 ratio=99.49 momentum=103.29; 2026-07-22 ratio=99.44 momentum=102.82; 2026-07-23 ratio=99.47 momentum=103.74,18.7
stock,Digicontent,DGCONTENT.NS,Advertising & Media Agencies,"Media, Entertainment & Publication",140.23,0.0,0.9,-85.53,118.35,3.34,37.49,23.95,,not_stage_2,0,24.1,27.39,-3.24,0.00101,"{'price_above_30w_ma': False, '30w_ma_rising': False, 'price_above_10w_ma': False, 'relative_strength_positive': False, 'near_52w_high': False}",lagging,improving,98.17,98.36,-0.5,-2.4,False,False,2026-07-20 ratio=98.67 momentum=100.75; 2026-07-21 ratio=98.23 momentum=100.44; 2026-07-22 ratio=98.03 momentum=99.14; 2026-07-23 ratio=98.23 momentum=98.21; 2026-07-24 ratio=98.17 momentum=98.36,0.0
stock,Value 360 Commu.,VALUE360.NS,Advertising & Media Agencies,"Media, Entertainment & Publication",128.72,0.0,4.99,131.34,35.84,16.97,12.98,38.64,,insufficient_data,0,,,,,{},insufficient_data,insufficient_data,,,,,False,False,,0.0
stock,Crayons Advertis,CRAYONS.NS,Advertising & Media Agencies,"Media, Entertainment & Publication",58.76,0.0,0.68,-94.03,171.88,26.88,15.63,5.55,,not_stage_2,0,25.0,33.97,-4.6,0.00105,"{'price_above_30w_ma': False, '30w_ma_rising': False, 'price_above_10w_ma': False, 'relative_strength_positive': False, 'near_52w_high': False}",lagging,improving,98.32,97.9,-0.5,-4.63,False,False,2026-07-17 ratio=98.82 momentum=102.53; 2026-07-20 ratio=98.46 momentum=101.28; 2026-07-21 ratio=98.35 momentum=98.44; 2026-07-22 ratio=98.17 momentum=98.54; 2026-07-23 ratio=98.32 momentum=97.90,0.0
stock,Hind.Aeronautics,HAL.NS,Aerospace & Defense,Capital Goods,305887.53,0.98,4196.04,5.52,13942.4,1.77,33.56,31.96,,stage_2,5,4573.4,4258.0,0.43,0.19242,"{'price_above_30w_ma': True, '30w_ma_rising': True, 'price_above_10w_ma': True, 'relative_strength_positive': True, 'near_52w_high': True}",leading,leading,102.44,102.24,2.27,0.03,False,False,2026-07-20 ratio=100.17 momentum=102.21; 2026-07-21 ratio=101.16 momentum=104.55; 2026-07-22 ratio=101.66 momentum=103.29; 2026-07-23 ratio=102.22 momentum=103.23; 2026-07-24 ratio=102.44 momentum=102.24,169.26
stock,Bharat Electron,BEL.NS,Aerospace & Defense,Capital Goods,296082.56,0.59,2226.35,4.62,10224.43,11.75,48.84,36.53,,not_stage_2,2,405.0,425.7,0.47,0.01704,"{'price_above_30w_ma': False, '30w_ma_rising': True, 'price_above_10w_ma': False, 'relative_strength_positive': False, 'near_52w_high': True}",improving,lagging,99.04,101.11,0.68,5.89,False,True,2026-07-20 ratio=98.37 momentum=95.22; 2026-07-21 ratio=98.71 momentum=99.85; 2026-07-22 ratio=98.73 momentum=101.35; 2026-07-23 ratio=98.87 momentum=103.17; 2026-07-24 ratio=99.04 momentum=101.11,46.49
stock,Bharat Dynamics,BDL.NS,Aerospace & Defense,Capital Goods,45560.05,0.37,113.18,-58.51,480.2,-72.98,108.39,13.84,,not_stage_2,1,1243.0,1332.3,-1.34,0.0523,"{'price_above_30w_ma': False, '30w_ma_rising': False, 'price_above_10w_ma': False, 'relative_strength_positive': False, 'near_52w_high': True}",lagging,lagging,99.23,95.22,0.29,-1.67,False,False,2026-07-20 ratio=98.94 momentum=96.89; 2026-07-21 ratio=99.25 momentum=97.13; 2026-07-22 ratio=99.06 momentum=97.17; 2026-07-23 ratio=99.05 momentum=97.23; 2026-07-24 ratio=99.23 momentum=95.22,20.0
stock,Garden Reach Sh.,GRSE.NS,Aerospace & Defense,Capital Goods,29393.47,0.54,303.2,24.14,2119.21,29.06,39.3,42.96,,not_stage_2,2,2565.8,2567.74,1.24,0.10795,"{'price_above_30w_ma': False, '30w_ma_rising': True, 'price_above_10w_ma': False, 'relative_strength_positive': False, 'near_52w_high': True}",lagging,lagging,98.65,98.6,0.51,3.75,False,False,2026-07-20 ratio=98.14 momentum=94.85; 2026-07-21 ratio=98.76 momentum=99.37; 2026-07-22 ratio=98.62 momentum=99.27; 2026-07-23 ratio=98.64 momentum=99.18; 2026-07-24 ratio=98.65 momentum=98.60,42.48
stock,Data Pattern,DATAPATTNS.NS,Aerospace & Defense,Capital Goods,25656.64,0.22,138.38,21.3,344.85,-12.96,103.81,21.92,,stage_2,5,4584.5,3567.48,6.92,0.19289,"{'price_above_30w_ma': True, '30w_ma_rising': True, 'price_above_10w_ma': True, 'relative_strength_positive': True, 'near_52w_high': True}",leading,lagging,101.02,101.11,2.26,5.88,True,False,2026-07-20 ratio=98.76 momentum=95.23; 2026-07-21 ratio=99.67 momentum=98.86; 2026-07-22 ratio=101.63 momentum=102.11; 2026-07-23 ratio=101.03 momentum=101.26; 2026-07-24 ratio=101.02 momentum=101.11,179.49
stock,Astra Microwave,ASTRAMICRO.NS,Aerospace & Defense,Capital Goods,17259.43,0.12,105.98,44.21,488.24,19.71,89.44,20.25,,stage_2,5,1813.4,1194.57,10.77,0.0763,"{'price_above_30w_ma': True, '30w_ma_rising': True, 'price_above_10w_ma': True, 'relative_strength_positive': True, 'near_52w_high': True}",weakening,weakening,101.22,98.29,0.27,1.25,False,False,2026-07-20 ratio=100.96 momentum=97.03; 2026-07-21 ratio=100.92 momentum=98.04; 2026-07-22 ratio=100.99 momentum=97.11; 2026-07-23 ratio=101.10 momentum=96.18; 2026-07-24 ratio=101.22 momentum=98.29,152.64
stock,Zen Technologies,ZENTEC.NS,Aerospace & Defense,Capital Goods,15963.89,0.06,47.24,-68.8,178.08,-45.2,82.78,16.18,,not_stage_2,3,1768.7,1547.41,3.68,0.07442,"{'price_above_30w_ma': True, '30w_ma_rising': True, 'price_above_10w_ma': False, 'relative_strength_positive': False, 'near_52w_high': True}",weakening,lagging,100.15,96.66,0.38,-0.64,False,False,2026-07-20 ratio=99.78 momentum=97.31; 2026-07-21 ratio=100.42 momentum=98.67; 2026-07-22 ratio=100.49 momentum=99.02; 2026-07-23 ratio=100.42 momentum=99.13; 2026-07-24 ratio=100.15 momentum=96.66,68.11
stock,Aequs,AEQUS.NS,Aerospace & Defense,Capital Goods,15376.44,0.0,-53.72,-739.04,367.1,47.26,,1.55,,insufficient_data,0,,,,,{},weakening,weakening,100.68,96.99,-0.42,-2.57,False,False,2026-07-20 ratio=101.10 momentum=99.57; 2026-07-21 ratio=101.00 momentum=98.63; 2026-07-22 ratio=100.79 momentum=96.46; 2026-07-23 ratio=100.31 momentum=94.99; 2026-07-24 ratio=100.68 momentum=96.99,3.4
stock,Apollo Micro Sys,APOLLO.NS,Aerospace & Defense,Capital Goods,14717.29,0.06,36.79,168.71,293.26,81.28,130.33,14.47,,not_stage_2,3,394.3,299.36,7.77,0.01659,"{'price_above_30w_ma': True, '30w_ma_rising': True, 'price_above_10w_ma': False, 'relative_strength_positive': False, 'near_52w_high': True}",lagging,lagging,99.87,97.27,0.04,2.29,False,False,2026-07-20 ratio=99.83 momentum=94.98; 2026-07-21 ratio=99.76 momentum=97.50; 2026-07-22 ratio=100.17 momentum=99.46; 2026-07-23 ratio=99.92 momentum=98.13; 2026-07-24 ratio=99.87 momentum=97.27,75.54
stock,Sigma Advanced System,SIGMAADV.NS,Aerospace & Defense,Capital Goods,9951.47,0.0,128.45,1400.69,322.82,469.05,35.88,60.82,,stage_2,5,523.0,300.76,19.15,0.022,"{'price_above_30w_ma': True, '30w_ma_rising': True, 'price_above_10w_ma': True, 'relative_strength_positive': True, 'near_52w_high': True}",weakening,weakening,100.51,97.52,-0.11,-0.31,False,False,2026-07-20 ratio=100.62 momentum=97.83; 2026-07-21 ratio=100.47 momentum=97.87; 2026-07-22 ratio=100.54 momentum=98.42; 2026-07-23 ratio=100.25 momentum=97.33; 2026-07-24 ratio=100.51 momentum=97.52,165.85
stock,Hindalco Inds.,HINDALCO.NS,Aluminium,Metals & Mining,211912.86,0.53,2597.0,-22.12,78133.0,20.41,12.56,13.21,,not_stage_2,2,942.8,975.42,1.41,0.03967,"{'price_above_30w_ma': False, '30w_ma_rising': True, 'price_above_10w_ma': False, 'relative_strength_positive': False, 'near_52w_high': True}",improving,improving,99.03,102.0,0.33,1.03,False,True,2026-07-20 ratio=98.70 momentum=100.97; 2026-07-21 ratio=98.82 momentum=103.11; 2026-07-22 ratio=98.93 momentum=100.55; 2026-07-23 ratio=99.10 momentum=102.40; 2026-07-24 ratio=99.03 momentum=102.00,52.82
stock,Vedanta Aluminium Metal,VAML.NS,Aluminium,Metals & Mining,171041.26,0.0,,,,,,,,insufficient_data,0,,,,,{},insufficient_data,insufficient_data,,,,,False,False,,0.0
stock,Natl. Aluminium,NATIONALUM.NS,Aluminium,Metals & Mining,63125.28,3.05,1722.44,-16.68,5012.82,-4.84,10.89,39.59,,not_stage_2,2,343.9,377.3,2.25,0.01447,"{'price_above_30w_ma': False, '30w_ma_rising': True, 'price_above_10w_ma': False, 'relative_strength_positive': False, 'near_52w_high': True}",improving,improving,99.13,101.23,0.39,0.14,False,True,2026-07-20 ratio=98.74 momentum=101.09; 2026-07-21 ratio=98.81 momentum=102.47; 2026-07-22 ratio=98.92 momentum=100.75; 2026-07-23 ratio=99.11 momentum=101.62; 2026-07-24 ratio=99.13 momentum=101.23,50.65
stock,Arfin India,ARFIN.NS,Aluminium,Metals & Mining,1542.52,0.12,5.71,957.41,191.7,24.99,113.42,13.97,,stage_2,5,91.99,84.47,4.11,0.00387,"{'price_above_30w_ma': True, '30w_ma_rising': True, 'price_above_10w_ma': True, 'relative_strength_positive': True, 'near_52w_high': True}",leading,lagging,100.53,102.11,1.99,3.85,True,False,2026-07-20 ratio=98.54 momentum=98.27; 2026-07-21 ratio=98.76 momentum=98.45; 2026-07-22 ratio=99.41 momentum=103.19; 2026-07-23 ratio=99.97 momentum=102.07; 2026-07-24 ratio=100.53 momentum=102.11,176.42
stock,MMP Industries,MMP.NS,Aluminium,Metals & Mining,715.59,0.71,17.99,14.36,249.68,11.9,18.56,12.49,,stage_2,5,281.7,255.97,1.65,0.01185,"{'price_above_30w_ma': True, '30w_ma_rising': True, 'price_above_10w_ma': True, 'relative_strength_positive': True, 'near_52w_high': True}",leading,leading,100.9,100.06,0.39,-2.07,False,False,2026-07-20 ratio=100.51 momentum=102.13; 2026-07-21 ratio=100.58 momentum=107.25; 2026-07-22 ratio=100.98 momentum=101.10; 2026-07-23 ratio=101.29 momentum=101.60; 2026-07-24 ratio=100.90 momentum=100.06,153.1
stock,Maan Aluminium,MAANALU.NS,Aluminium,Metals & Mining,689.23,0.0,1.7,-56.85,254.57,3.54,52.9,7.73,,not_stage_2,0,114.86,136.91,-3.66,0.00483,"{'price_above_30w_ma': False, '30w_ma_rising': False, 'price_above_10w_ma': False, 'relative_strength_positive': False, 'near_52w_high': False}",improving,lagging,98.69,100.55,0.63,2.63,False,True,2026-07-20 ratio=98.07 momentum=97.92; 2026-07-21 ratio=98.33 momentum=98.92; 2026-07-22 ratio=98.48 momentum=99.71; 2026-07-23 ratio=98.51 momentum=99.49; 2026-07-24 ratio=98.69 momentum=100.55,2.75
stock,Jainik Power,JAINIK.NS,Aluminium,Metals & Mining,249.65,0.0,7.85,64.57,208.91,9.73,17.81,29.88,,insufficient_data,0,,,,,{},insufficient_data,insufficient_data,,,,,False,False,,0.0
stock,Manaksia Alumi.,MANAKALUCO.NS,Aluminium,Metals & Mining,231.59,0.2,3.24,62.0,155.66,13.56,30.63,10.15,,not_stage_2,2,35.23,34.46,4.6,0.00148,"{'price_above_30w_ma': True, '30w_ma_rising': True, 'price_above_10w_ma': False, 'relative_strength_positive': False, 'near_52w_high': False}",improving,improving,99.49,101.56,-0.43,0.02,False,False,2026-07-20 ratio=99.92 momentum=101.53; 2026-07-21 ratio=99.91 momentum=102.07; 2026-07-22 ratio=99.90 momentum=101.88; 2026-07-23 ratio=99.64 momentum=102.21; 2026-07-24 ratio=99.49 momentum=101.56,57.0
stock,Prec. Wires (I),PRECWIRE.NS,"Aluminium, Copper & Zinc Products",Capital Goods,6774.6,0.34,54.87,85.5,1762.85,67.19,44.07,32.94,,not_stage_2,3,372.5,336.78,6.05,0.01567,"{'price_above_30w_ma': True, '30w_ma_rising': True, 'price_above_10w_ma': False, 'relative_strength_positive': False, 'near_52w_high': True}",improving,lagging,98.96,100.9,0.83,1.07,False,True,2026-07-20 ratio=98.13 momentum=99.83; 2026-07-21 ratio=98.06 momentum=100.78; 2026-07-22 ratio=98.73 momentum=101.31; 2026-07-23 ratio=98.69 momentum=99.25; 2026-07-24 ratio=98.96 momentum=100.90,76.6
stock,CMR Green Tech.,CMRGREEN.NS,"Aluminium, Copper & Zinc Products",Capital Goods,4780.9,0.0,65.98,141.95,2364.67,45.38,22.51,13.98,,insufficient_data,0,,,,,{},insufficient_data,insufficient_data,,,,,False,False,,0.0
stock,Vidya Wires,VIDYAWIRES.NS,"Aluminium, Copper & Zinc Products",Capital Goods,1883.4,0.0,19.61,54.53,598.78,57.73,32.66,20.69,,insufficient_data,0,,,,,{},lagging,lagging,98.78,97.12,-0.25,1.33,False,False,2026-07-20 ratio=99.03 momentum=95.80; 2026-07-21 ratio=98.81 momentum=97.51; 2026-07-22 ratio=98.84 momentum=97.81; 2026-07-23 ratio=98.62 momentum=96.53; 2026-07-24 ratio=98.78 momentum=97.12,0.0
stock,Baheti Recycling,BAHETI.NS,"Aluminium, Copper & Zinc Products",Capital Goods,736.06,0.0,17.79,61.87,409.72,53.38,27.2,21.66,,stage_2,5,704.7,608.29,2.4,0.02965,"{'price_above_30w_ma': True, '30w_ma_rising': True, 'price_above_10w_ma': True, 'relative_strength_positive': True, 'near_52w_high': True}",weakening,weakening,100.9,96.49,0.25,0.79,False,False,2026-07-17 ratio=100.66 momentum=95.70; 2026-07-20 ratio=100.94 momentum=97.68; 2026-07-21 ratio=100.88 momentum=97.85; 2026-07-22 ratio=100.83 momentum=96.37; 2026-07-23 ratio=100.90 momentum=96.49,134.3
stock,Sunlite Recycli.,SUNLITE.NS,"Aluminium, Copper & Zinc Products",Capital Goods,586.06,0.0,25.8,257.84,1642.41,116.13,14.6,46.52,,insufficient_data,0,,,,,{},insufficient_data,insufficient_data,,,,,False,False,,0.0
stock,ANB Metal,AMCL.NS,"Aluminium, Copper & Zinc Products",Capital Goods,484.64,0.0,12.97,199.54,137.39,115.08,22.58,29.63,,insufficient_data,0,,,,,{},insufficient_data,insufficient_data,,,,,False,False,,0.0
stock,Shera Energy,SHERA.NS,"Aluminium, Copper & Zinc Products",Capital Goods,432.95,0.0,12.64,88.26,487.67,26.1,12.66,19.54,,stage_2,5,175.85,138.55,3.89,0.0074,"{'price_above_30w_ma': True, '30w_ma_rising': True, 'price_above_10w_ma': True, 'relative_strength_positive': True, 'near_52w_high': True}",leading,leading,101.58,102.84,0.76,-0.29,False,False,2026-07-17 ratio=100.82 momentum=103.13; 2026-07-20 ratio=101.19 momentum=102.52; 2026-07-21 ratio=101.14 momentum=102.39; 2026-07-22 ratio=101.26 momentum=103.13; 2026-07-23 ratio=101.58 momentum=102.84,174.88
stock,Euro Panel,EUROBOND.NS,"Aluminium, Copper & Zinc Products",Capital Goods,395.38,0.0,8.81,41.19,141.04,19.92,14.54,16.95,,not_stage_2,0,161.61,170.51,-1.14,0.0068,"{'price_above_30w_ma': False, '30w_ma_rising': False, 'price_above_10w_ma': False, 'relative_strength_positive': False, 'near_52w_high': False}",lagging,improving,98.68,97.64,0.37,-2.6,False,False,2026-07-20 ratio=98.31 momentum=100.23; 2026-07-21 ratio=98.62 momentum=100.48; 2026-07-22 ratio=98.73 momentum=102.20; 2026-07-23 ratio=98.46 momentum=100.09; 2026-07-24 ratio=98.68 momentum=97.64,0.0
stock,Rajputana Indu.,RAJINDLTD.NS,"Aluminium, Copper & Zinc Products",Capital Goods,156.5,0.0,3.69,32.26,204.08,22.12,11.91,19.73,,insufficient_data,0,,,,,{},insufficient_data,insufficient_data,,,,,False,False,,0.0
stock,Century Extrus.,CENTEXT.NS,"Aluminium, Copper & Zinc Products",Capital Goods,151.44,0.0,2.95,27.34,142.22,18.72,13.06,19.29,,not_stage_2,0,18.95,20.43,-1.46,0.0008,"{'price_above_30w_ma': False, '30w_ma_rising': False, 'price_above_10w_ma': False, 'relative_strength_positive': False, 'near_52w_high': False}",improving,improving,99.2,102.58,0.74,0.58,False,True,2026-07-20 ratio=98.47 momentum=102.00; 2026-07-21 ratio=98.58 momentum=103.49; 2026-07-22 ratio=98.79 momentum=100.57; 2026-07-23 ratio=99.07 momentum=102.27; 2026-07-24 ratio=99.20 momentum=102.58,12.9
stock,Wonderla Holiday,WONDERLA.NS,Amusement Parks/ Other Recreation,Consumer Services,2965.29,0.43,16.42,24.52,135.85,40.37,34.86,6.42,,not_stage_2,0,468.75,500.51,-1.5,0.01972,"{'price_above_30w_ma': False, '30w_ma_rising': False, 'price_above_10w_ma': False, 'relative_strength_positive': False, 'near_52w_high': False}",improving,lagging,99.0,101.83,0.97,5.56,False,True,2026-07-20 ratio=98.03 momentum=96.28; 2026-07-21 ratio=98.34 momentum=96.17; 2026-07-22 ratio=98.73 momentum=102.49; 2026-07-23 ratio=98.34 momentum=99.84; 2026-07-24 ratio=99.00 momentum=101.83,9.15
stock,Imagica. Enter.,IMAGICAA.NS,Amusement Parks/ Other Recreation,Consumer Services,2636.36,0.0,0.4,-97.76,91.86,-2.69,4184.71,1.86,,not_stage_2,3,46.66,45.65,-0.16,0.00196,"{'price_above_30w_ma': True, '30w_ma_rising': False, 'price_above_10w_ma': True, 'relative_strength_positive': True, 'near_52w_high': False}",leading,weakening,100.8,101.21,0.71,3.22,True,False,2026-07-20 ratio=100.09 momentum=98.00; 2026-07-21 ratio=100.56 momentum=101.04; 2026-07-22 ratio=100.98 momentum=102.50; 2026-07-23 ratio=100.80 momentum=101.23; 2026-07-24 ratio=100.80 momentum=101.21,100.05
stock,Delta Corp,DELTACORP.NS,Amusement Parks/ Other Recreation,Consumer Services,1688.31,1.98,16.45,-28.81,161.25,-11.72,18.88,5.02,,not_stage_2,0,62.99,65.08,-1.08,0.00265,"{'price_above_30w_ma': False, '30w_ma_rising': False, 'price_above_10w_ma': False, 'relative_strength_positive': False, 'near_52w_high': False}",improving,improving,99.12,100.79,0.22,0.09,False,True,2026-07-20 ratio=98.91 momentum=100.70; 2026-07-21 ratio=98.85 momentum=100.79; 2026-07-22 ratio=98.87 momentum=101.47; 2026-07-23 ratio=98.90 momentum=99.16; 2026-07-24 ratio=99.12 momentum=100.79,3.95
stock,Avanti Feeds,AVANTIFEED.NS,Animal Feed,Fast Moving Consumer Goods,13311.18,0.92,138.86,-12.84,1467.72,6.19,23.91,24.38,,not_stage_2,1,977.05,1136.54,1.69,0.04111,"{'price_above_30w_ma': False, '30w_ma_rising': True, 'price_above_10w_ma': False, 'relative_strength_positive': False, 'near_52w_high': False}",improving,improving,99.4,103.22,-0.1,0.52,False,False,2026-07-20 ratio=99.50 momentum=102.70; 2026-07-21 ratio=99.36 momentum=102.07; 2026-07-22 ratio=99.38 momentum=102.53; 2026-07-23 ratio=99.22 momentum=102.05; 2026-07-24 ratio=99.40 momentum=103.22,39.48
stock,Godrej Agrovet,GODREJAGRO.NS,Animal Feed,Fast Moving Consumer Goods,11041.64,1.92,102.28,48.14,2332.65,9.33,23.96,19.16,,not_stage_2,2,573.6,577.7,-0.27,0.02413,"{'price_above_30w_ma': False, '30w_ma_rising': False, 'price_above_10w_ma': True, 'relative_strength_positive': True, 'near_52w_high': False}",leading,improving,100.48,103.77,1.08,1.94,True,False,2026-07-20 ratio=99.40 momentum=101.82; 2026-07-21 ratio=99.79 momentum=103.49; 2026-07-22 ratio=99.68 momentum=102.75; 2026-07-23 ratio=99.32 momentum=100.85; 2026-07-24 ratio=100.48 momentum=103.77,91.25
stock,Mukka Proteins,MUKKA.NS,Animal Feed,Fast Moving Consumer Goods,689.11,0.0,21.36,51.73,380.61,-0.25,13.24,11.61,,not_stage_2,1,22.94,23.03,-0.85,0.00097,"{'price_above_30w_ma': False, '30w_ma_rising': False, 'price_above_10w_ma': False, 'relative_strength_positive': False, 'near_52w_high': True}",improving,improving,99.69,101.71,0.01,1.05,False,True,2026-07-20 ratio=99.68 momentum=100.66; 2026-07-21 ratio=99.33 momentum=99.84; 2026-07-22 ratio=99.42 momentum=101.29; 2026-07-23 ratio=99.28 momentum=99.00; 2026-07-24 ratio=99.69 momentum=101.71,28.55
stock,Narmada Agrobase,NARMADA.NS,Animal Feed,Fast Moving Consumer Goods,132.58,0.0,0.8,2.56,34.0,16.04,34.35,8.95,,not_stage_2,3,34.92,33.61,6.28,0.00147,"{'price_above_30w_ma': True, '30w_ma_rising': True, 'price_above_10w_ma': False, 'relative_strength_positive': False, 'near_52w_high': True}",improving,leading,99.16,100.49,-1.46,-1.02,False,False,2026-07-20 ratio=100.62 momentum=101.51; 2026-07-21 ratio=99.53 momentum=100.52; 2026-07-22 ratio=99.35 momentum=100.49; 2026-07-23 ratio=99.20 momentum=100.36; 2026-07-24 ratio=99.16 momentum=100.49,75.01
stock,Ajooni Biotech,AJOONI.NS,Animal Feed,Fast Moving Consumer Goods,69.42,0.0,0.95,-38.31,60.62,107.11,16.07,6.49,,not_stage_2,2,4.03,4.17,-1.54,0.00017,"{'price_above_30w_ma': False, '30w_ma_rising': False, 'price_above_10w_ma': True, 'relative_strength_positive': True, 'near_52w_high': False}",leading,leading,100.52,102.19,-0.25,0.42,False,False,2026-07-20 ratio=100.76 momentum=101.77; 2026-07-21 ratio=100.98 momentum=102.14; 2026-07-22 ratio=100.31 momentum=101.70; 2026-07-23 ratio=100.04 momentum=101.36; 2026-07-24 ratio=100.52 momentum=102.19,73.55
stock,ICICI AMC,ICICIAMC.NS,Asset Management Company,Financial Services,154527.38,0.87,964.63,23.1,1564.22,17.55,44.33,115.1,,insufficient_data,0,,,,,{},improving,lagging,98.93,103.21,0.8,7.34,False,True,2026-07-20 ratio=98.13 momentum=95.87; 2026-07-21 ratio=98.53 momentum=102.29; 2026-07-22 ratio=98.53 momentum=100.98; 2026-07-23 ratio=98.83 momentum=100.89; 2026-07-24 ratio=98.93 momentum=103.21,16.05
stock,SBI Funds Mgt.,SBIFUNDS.NS,Asset Management Company,Financial Services,119571.12,0.0,,,,,38.98,56.5,,insufficient_data,0,,,,,{},insufficient_data,insufficient_data,,,,,False,False,,0.0
stock,HDFC AMC,HDFCAMC.NS,Asset Management Company,Financial Services,107460.38,2.16,838.36,12.09,1098.5,13.51,36.43,42.88,,not_stage_2,2,2505.7,2615.72,0.19,0.10543,"{'price_above_30w_ma': False, '30w_ma_rising': True, 'price_above_10w_ma': False, 'relative_strength_positive': False, 'near_52w_high': True}",lagging,lagging,98.38,97.14,-0.86,-1.05,False,False,2026-07-20 ratio=99.23 momentum=98.19; 2026-07-21 ratio=98.52 momentum=97.21; 2026-07-22 ratio=98.40 momentum=98.36; 2026-07-23 ratio=98.19 momentum=97.11; 2026-07-24 ratio=98.38 momentum=97.14,40.38
stock,Nippon Life Ind.,NAM-INDIA.NS,Asset Management Company,Financial Services,71115.24,1.93,503.7,27.16,766.87,26.42,43.44,43.8,,not_stage_2,3,1112.5,995.43,4.51,0.04681,"{'price_above_30w_ma': True, '30w_ma_rising': True, 'price_above_10w_ma': False, 'relative_strength_positive': False, 'near_52w_high': True}",lagging,weakening,99.44,97.15,-1.31,-1.45,False,False,2026-07-20 ratio=100.75 momentum=98.60; 2026-07-21 ratio=100.39 momentum=98.60; 2026-07-22 ratio=100.12 momentum=98.34; 2026-07-23 ratio=99.17 momentum=96.10; 2026-07-24 ratio=99.44 momentum=97.15,69.02
stock,Aditya AMC,ABSLAMC.NS,Asset Management Company,Financial Services,29434.55,2.51,309.49,11.68,462.96,3.48,29.16,32.23,,not_stage_2,3,1017.0,980.52,5.31,0.04279,"{'price_above_30w_ma': True, '30w_ma_rising': True, 'price_above_10w_ma': False, 'relative_strength_positive': False, 'near_52w_high': True}",lagging,weakening,98.73,98.2,-1.3,1.36,False,False,2026-07-20 ratio=100.03 momentum=96.84; 2026-07-21 ratio=98.71 momentum=96.66; 2026-07-22 ratio=98.20 momentum=97.33; 2026-07-23 ratio=98.09 momentum=97.55; 2026-07-24 ratio=98.73 momentum=98.20,70.62
stock,UTI AMC,UTIAMC.NS,Asset Management Company,Financial Services,11325.09,4.54,293.86,24.07,583.51,6.7,21.21,15.57,,not_stage_2,0,881.4,980.75,-2.41,0.03708,"{'price_above_30w_ma': False, '30w_ma_rising': False, 'price_above_10w_ma': False, 'relative_strength_positive': False, 'near_52w_high': False}",lagging,lagging,97.31,97.22,-0.86,-1.1,False,False,2026-07-20 ratio=98.17 momentum=98.32; 2026-07-21 ratio=97.89 momentum=98.44; 2026-07-22 ratio=97.90 momentum=98.24; 2026-07-23 ratio=97.96 momentum=97.98; 2026-07-24 ratio=97.31 momentum=97.22,0.0
stock,Canara Robeco,CRAMC.NS,Asset Management Company,Financial Services,5183.27,1.54,75.6,23.98,145.37,20.07,23.73,40.11,,not_stage_2,4,259.95,255.45,-2.11,0.01094,"{'price_above_30w_ma': True, '30w_ma_rising': False, 'price_above_10w_ma': True, 'relative_strength_positive': True, 'near_52w_high': True}",leading,leading,101.59,101.29,1.16,0.47,False,False,2026-07-20 ratio=100.43 momentum=100.82; 2026-07-21 ratio=99.89 momentum=100.44; 2026-07-22 ratio=102.55 momentum=103.36; 2026-07-23 ratio=102.44 momentum=101.56; 2026-07-24 ratio=101.59 momentum=101.29,114.4
stock,IL&FS Inv.Manag.,IVC.NS,Asset Management Company,Financial Services,257.2,6.08,3.96,-81.92,35.21,364.51,66.63,4.07,,stage_2,5,8.23,7.71,0.16,0.00035,"{'price_above_30w_ma': True, '30w_ma_rising': True, 'price_above_10w_ma': True, 'relative_strength_positive': True, 'near_52w_high': True}",leading,leading,100.46,102.07,0.21,0.3,False,False,2026-07-20 ratio=100.25 momentum=101.76; 2026-07-21 ratio=100.33 momentum=101.82; 2026-07-22 ratio=100.36 momentum=100.56; 2026-07-23 ratio=100.46 momentum=101.19; 2026-07-24 ratio=100.46 momentum=102.07,157.97
stock,Samvardh. Mothe.,MOTHERSON.NS,Auto Components & Equipments,Automobile and Auto Components,153799.52,0.41,1561.56,55.33,34309.31,17.03,36.07,13.43,,stage_2,5,145.55,128.39,2.68,0.00612,"{'price_above_30w_ma': True, '30w_ma_rising': True, 'price_above_10w_ma': True, 'relative_strength_positive': True, 'near_52w_high': True}",leading,lagging,100.7,102.02,0.74,5.95,True,False,2026-07-20 ratio=99.96 momentum=96.07; 2026-07-21 ratio=100.28 momentum=100.41; 2026-07-22 ratio=100.17 momentum=99.47; 2026-07-23 ratio=100.61 momentum=101.30; 2026-07-24 ratio=100.70 momentum=102.02,173.96
stock,Bosch,BOSCHLTD.NS,Auto Components & Equipments,Automobile and Auto Components,123267.34,0.65,570.0,2.98,5565.7,13.34,59.05,21.54,,stage_2,5,41755.0,36824.33,1.93,1.75681,"{'price_above_30w_ma': True, '30w_ma_rising': True, 'price_above_10w_ma': True, 'relative_strength_positive': True, 'near_52w_high': True}",weakening,weakening,101.48,99.76,0.68,2.35,False,False,2026-07-20 ratio=100.80 momentum=97.41; 2026-07-21 ratio=100.77 momentum=97.85; 2026-07-22 ratio=101.29 momentum=98.33; 2026-07-23 ratio=101.71 momentum=98.86; 2026-07-24 ratio=101.48 momentum=99.76,136.26
stock,Bharat Forge,BHARATFORG.NS,Auto Components & Equipments,Automobile and Auto Components,102797.03,0.4,233.45,2.05,4528.04,17.53,91.07,12.61,,stage_2,5,2151.6,1823.57,5.56,0.09053,"{'price_above_30w_ma': True, '30w_ma_rising': True, 'price_above_10w_ma': True, 'relative_strength_positive': True, 'near_52w_high': True}",leading,leading,101.36,100.88,-0.49,-0.92,False,False,2026-07-20 ratio=101.85 momentum=101.79; 2026-07-21 ratio=101.72 momentum=102.30; 2026-07-22 ratio=101.65 momentum=100.97; 2026-07-23 ratio=101.58 momentum=100.18; 2026-07-24 ratio=101.36 momentum=100.88,167.32
stock,Uno Minda,UNOMINDA.NS,Auto Components & Equipments,Automobile and Auto Components,65069.04,0.24,351.76,22.39,5336.41,17.85,53.62,19.65,,not_stage_2,3,1127.0,1133.15,-1.41,0.04742,"{'price_above_30w_ma': False, '30w_ma_rising': False, 'price_above_10w_ma': True, 'relative_strength_positive': True, 'near_52w_high': True}",weakening,leading,100.95,97.1,0.06,-4.4,False,False,2026-07-20 ratio=100.89 momentum=101.50; 2026-07-21 ratio=100.77 momentum=102.73; 2026-07-22 ratio=100.55 momentum=98.92; 2026-07-23 ratio=100.83 momentum=97.30; 2026-07-24 ratio=100.95 momentum=97.10,64.75
stock,Schaeffler India,SCHAEFFLER.NS,Auto Components & Equipments,Automobile and Auto Components,64199.37,0.85,336.73,13.67,2681.41,17.5,49.73,27.9,,stage_2,4,4107.7,4017.19,0.92,0.17283,"{'price_above_30w_ma': True, '30w_ma_rising': True, 'price_above_10w_ma': False, 'relative_strength_positive': True, 'near_52w_high': True}",leading,improving,100.18,103.32,0.55,1.24,True,False,2026-07-20 ratio=99.63 momentum=102.08; 2026-07-21 ratio=100.12 momentum=103.65; 2026-07-22 ratio=100.89 momentum=102.18; 2026-07-23 ratio=99.69 momentum=101.89; 2026-07-24 ratio=100.18 momentum=103.32,154.34
stock,Tube Investments,TIINDIA.NS,Auto Components & Equipments,Automobile and Auto Components,53571.73,0.13,234.01,81.73,6214.74,20.68,81.06,17.14,,not_stage_2,3,2767.0,2755.18,1.26,0.11642,"{'price_above_30w_ma': True, '30w_ma_rising': True, 'price_above_10w_ma': False, 'relative_strength_positive': False, 'near_52w_high': True}",lagging,lagging,98.24,96.97,-0.23,-0.19,False,False,2026-07-20 ratio=98.47 momentum=97.16; 2026-07-21 ratio=98.72 momentum=99.19; 2026-07-22 ratio=98.88 momentum=100.56; 2026-07-23 ratio=98.48 momentum=98.25; 2026-07-24 ratio=98.24 momentum=96.97,62.52
stock,Sona BLW Precis.,SONACOMS.NS,Auto Components & Equipments,Automobile and Auto Components,44737.62,0.47,220.11,73.37,1157.24,50.82,57.54,15.11,,stage_2,5,717.95,560.42,4.91,0.03021,"{'price_above_30w_ma': True, '30w_ma_rising': True, 'price_above_10w_ma': True, 'relative_strength_positive': True, 'near_52w_high': True}",leading,leading,102.28,100.58,-0.45,-0.31,False,False,2026-07-20 ratio=102.73 momentum=100.89; 2026-07-21 ratio=103.02 momentum=101.43; 2026-07-22 ratio=102.72 momentum=100.45; 2026-07-23 ratio=102.43 momentum=99.55; 2026-07-24 ratio=102.28 momentum=100.58,169.12
stock,Exide Inds.,EXIDEIND.NS,Auto Components & Equipments,Automobile and Auto Components,37702.15,0.45,216.73,15.19,4735.13,9.22,45.39,8.54,,stage_2,5,443.0,354.57,2.28,0.01864,"{'price_above_30w_ma': True, '30w_ma_rising': True, 'price_above_10w_ma': True, 'relative_strength_positive': True, 'near_52w_high': True}",leading,leading,101.79,101.1,0.19,-0.31,False,False,2026-07-20 ratio=101.60 momentum=101.41; 2026-07-21 ratio=101.80 momentum=102.69; 2026-07-22 ratio=101.98 momentum=100.76; 2026-07-23 ratio=101.69 momentum=99.51; 2026-07-24 ratio=101.79 momentum=101.10,164.01
stock,Endurance Tech.,ENDURANCE.NS,Auto Components & Equipments,Automobile and Auto Components,37058.76,0.44,276.45,17.32,4085.95,37.88,39.7,17.8,,not_stage_2,3,2634.0,2507.93,0.2,0.11082,"{'price_above_30w_ma': True, '30w_ma_rising': True, 'price_above_10w_ma': False, 'relative_strength_positive': False, 'near_52w_high': True}",lagging,leading,99.9,98.73,-0.95,-3.71,False,False,2026-07-20 ratio=100.84 momentum=102.44; 2026-07-21 ratio=101.06 momentum=102.91; 2026-07-22 ratio=101.14 momentum=101.64; 2026-07-23 ratio=101.05 momentum=100.68; 2026-07-24 ratio=99.90 momentum=98.73,60.4
stock,Motherson Wiring,MSUMI.NS,Auto Components & Equipments,Automobile and Auto Components,26606.26,1.45,167.3,1.44,3334.62,32.88,42.6,38.86,,not_stage_2,3,40.11,41.01,-1.79,0.00169,"{'price_above_30w_ma': False, '30w_ma_rising': False, 'price_above_10w_ma': True, 'relative_strength_positive': True, 'near_52w_high': True}",leading,lagging,100.93,102.38,1.2,4.27,True,False,2026-07-20 ratio=99.73 momentum=98.11; 2026-07-21 ratio=100.22 momentum=98.68; 2026-07-22 ratio=100.60 momentum=99.01; 2026-07-23 ratio=100.58 momentum=100.65; 2026-07-24 ratio=100.93 momentum=102.38,106.55
stock,United Spirits,UNITDSPR.NS,Breweries & Distilleries,Fast Moving Consumer Goods,106664.26,1.16,463.0,-20.54,2708.0,-10.36,57.56,26.39,,not_stage_2,4,1467.2,1335.48,-0.29,0.06173,"{'price_above_30w_ma': True, '30w_ma_rising': False, 'price_above_10w_ma': True, 'relative_strength_positive': True, 'near_52w_high': True}",leading,weakening,103.04,102.7,1.72,4.47,True,False,2026-07-20 ratio=101.31 momentum=98.22; 2026-07-21 ratio=101.22 momentum=96.99; 2026-07-22 ratio=101.73 momentum=97.45; 2026-07-23 ratio=102.11 momentum=101.42; 2026-07-24 ratio=103.04 momentum=102.70,138.7
stock,Radico Khaitan,RADICO.NS,Breweries & Distilleries,Fast Moving Consumer Goods,54773.1,0.22,179.46,94.92,1503.71,15.31,89.09,24.15,,stage_2,5,4091.3,3217.23,3.46,0.17214,"{'price_above_30w_ma': True, '30w_ma_rising': True, 'price_above_10w_ma': True, 'relative_strength_positive': True, 'near_52w_high': True}",weakening,weakening,101.58,97.49,-0.12,-0.21,False,False,2026-07-20 ratio=101.70 momentum=97.70; 2026-07-21 ratio=101.47 momentum=97.37; 2026-07-22 ratio=101.81 momentum=96.92; 2026-07-23 ratio=101.46 momentum=94.37; 2026-07-24 ratio=101.58 momentum=97.49,139.82
stock,United Breweries,UBL.NS,Breweries & Distilleries,Fast Moving Consumer Goods,37020.76,0.72,101.87,-58.32,2250.07,-3.14,108.3,10.68,,not_stage_2,2,1398.6,1467.18,-2.53,0.05885,"{'price_above_30w_ma': False, '30w_ma_rising': False, 'price_above_10w_ma': True, 'relative_strength_positive': True, 'near_52w_high': False}",leading,improving,102.26,102.49,2.85,2.16,True,False,2026-07-20 ratio=99.41 momentum=100.33; 2026-07-21 ratio=101.40 momentum=103.06; 2026-07-22 ratio=102.70 momentum=103.01; 2026-07-23 ratio=101.97 momentum=102.18; 2026-07-24 ratio=102.26 momentum=102.49,93.75
stock,Allied Blenders,ABDL.NS,Breweries & Distilleries,Fast Moving Consumer Goods,17364.45,0.87,45.42,-12.98,978.94,6.08,77.85,18.38,,stage_2,5,620.75,536.34,0.32,0.02612,"{'price_above_30w_ma': True, '30w_ma_rising': True, 'price_above_10w_ma': True, 'relative_strength_positive': True, 'near_52w_high': True}",weakening,weakening,100.4,96.92,0.1,0.08,False,False,2026-07-20 ratio=100.30 momentum=96.84; 2026-07-21 ratio=100.16 momentum=96.98; 2026-07-22 ratio=100.18 momentum=96.07; 2026-07-23 ratio=99.94 momentum=94.20; 2026-07-24 ratio=100.40 momentum=96.92,127.64
stock,Tilaknagar Inds.,TI.NS,Breweries & Distilleries,Fast Moving Consumer Goods,10929.65,0.23,-14.91,-38.42,949.49,147.52,43.23,11.78,,not_stage_2,4,441.8,441.18,-0.39,0.01859,"{'price_above_30w_ma': True, '30w_ma_rising': False, 'price_above_10w_ma': True, 'relative_strength_positive': True, 'near_52w_high': True}",leading,lagging,100.57,102.34,1.01,4.31,True,False,2026-07-20 ratio=99.56 momentum=98.03; 2026-07-21 ratio=99.91 momentum=100.36; 2026-07-22 ratio=100.01 momentum=100.79; 2026-07-23 ratio=99.86 momentum=98.61; 2026-07-24 ratio=100.57 momentum=102.34,124.55
stock,India Glycols,INDIAGLYCO.NS,Breweries & Distilleries,Fast Moving Consumer Goods,7762.67,0.65,86.88,35.71,976.35,13.11,26.46,12.43,,stage_2,5,1157.8,968.92,0.82,0.04871,"{'price_above_30w_ma': True, '30w_ma_rising': True, 'price_above_10w_ma': True, 'relative_strength_positive': True, 'near_52w_high': True}",leading,leading,102.17,104.0,0.37,2.44,False,False,2026-07-20 ratio=101.80 momentum=101.56; 2026-07-21 ratio=102.02 momentum=101.75; 2026-07-22 ratio=101.91 momentum=102.46; 2026-07-23 ratio=102.42 momentum=103.95; 2026-07-24 ratio=102.17 momentum=104.00,177.49
stock,Piccadily Agro,PICCADIL.NS,Breweries & Distilleries,Fast Moving Consumer Goods,7276.61,0.0,44.7,12.14,335.47,31.44,52.92,18.01,,stage_2,5,737.2,593.31,3.05,0.03102,"{'price_above_30w_ma': True, '30w_ma_rising': True, 'price_above_10w_ma': True, 'relative_strength_positive': True, 'near_52w_high': True}",weakening,leading,102.01,98.78,-0.7,-1.67,False,False,2026-07-20 ratio=102.71 momentum=100.44; 2026-07-21 ratio=102.55 momentum=101.02; 2026-07-22 ratio=102.31 momentum=100.92; 2026-07-23 ratio=102.08 momentum=100.15; 2026-07-24 ratio=102.01 momentum=98.78,141.15
stock,Globus Spirits,GLOBUSSPR.NS,Breweries & Distilleries,Fast Moving Consumer Goods,2558.29,0.31,26.48,49.05,788.78,12.71,25.45,11.45,,not_stage_2,0,880.45,926.85,-0.88,0.03704,"{'price_above_30w_ma': False, '30w_ma_rising': False, 'price_above_10w_ma': False, 'relative_strength_positive': False, 'near_52w_high': False}",lagging,leading,99.8,99.76,-0.39,-1.17,False,False,2026-07-20 ratio=100.19 momentum=100.93; 2026-07-21 ratio=99.74 momentum=100.34; 2026-07-22 ratio=99.34 momentum=99.61; 2026-07-23 ratio=98.88 momentum=98.38; 2026-07-24 ratio=99.80 momentum=99.76,0.0
stock,G M Breweries,GMBREW.NS,Breweries & Distilleries,Fast Moving Consumer Goods,2067.99,1.0,37.74,45.94,199.58,22.55,12.26,17.96,,not_stage_2,0,904.45,975.16,-1.43,0.03805,"{'price_above_30w_ma': False, '30w_ma_rising': False, 'price_above_10w_ma': False, 'relative_strength_positive': False, 'near_52w_high': False}",lagging,lagging,99.37,98.84,0.11,0.75,False,False,2026-07-20 ratio=99.26 momentum=98.09; 2026-07-21 ratio=98.89 momentum=97.82; 2026-07-22 ratio=99.43 momentum=97.83; 2026-07-23 ratio=99.18 momentum=95.01; 2026-07-24 ratio=99.37 momentum=98.84,0.0
stock,Assoc.Alcohols,ASALCBR.NS,Breweries & Distilleries,Fast Moving Consumer Goods,1652.28,0.24,17.92,-24.26,280.86,5.31,19.97,17.98,,not_stage_2,0,821.45,832.77,-1.95,0.03456,"{'price_above_30w_ma': False, '30w_ma_rising': False, 'price_above_10w_ma': False, 'relative_strength_positive': False, 'near_52w_high': False}",improving,lagging,99.6,101.91,1.14,5.76,False,True,2026-07-20 ratio=98.46 momentum=96.15; 2026-07-21 ratio=97.79 momentum=94.10; 2026-07-22 ratio=97.63 momentum=97.50; 2026-07-23 ratio=98.69 momentum=100.50; 2026-07-24 ratio=99.60 momentum=101.91,9.55
stock,Firstsour.Solu.,FSL.NS,Business Process Outsourcing (BPO)/ Knowledge Process Outsourcing (KPO),Services,17931.61,2.17,205.24,27.72,2583.45,19.52,23.98,16.8,,not_stage_2,0,253.58,255.39,-4.45,0.01067,"{'price_above_30w_ma': False, '30w_ma_rising': False, 'price_above_10w_ma': False, 'relative_strength_positive': False, 'near_52w_high': False}",weakening,leading,100.14,98.46,-0.58,-3.15,False,False,2026-07-20 ratio=100.72 momentum=101.61; 2026-07-21 ratio=100.74 momentum=102.50; 2026-07-22 ratio=100.75 momentum=104.04; 2026-07-23 ratio=100.25 momentum=103.14; 2026-07-24 ratio=100.14 momentum=98.46,0.7
stock,eClerx Services,ECLERX.NS,Business Process Outsourcing (BPO)/ Knowledge Process Outsourcing (KPO),Services,17502.44,0.03,189.65,24.45,1107.29,23.27,24.78,34.81,,not_stage_2,4,1861.5,1701.11,-4.34,0.07832,"{'price_above_30w_ma': True, '30w_ma_rising': False, 'price_above_10w_ma': True, 'relative_strength_positive': True, 'near_52w_high': True}",leading,leading,102.06,101.35,-0.54,-1.11,False,False,2026-07-20 ratio=102.60 momentum=102.47; 2026-07-21 ratio=102.74 momentum=102.90; 2026-07-22 ratio=102.78 momentum=103.74; 2026-07-23 ratio=102.32 momentum=102.49; 2026-07-24 ratio=102.06 momentum=101.35,117.05
stock,RPSG Ventures,RPSGVENT.NS,Business Process Outsourcing (BPO)/ Knowledge Process Outsourcing (KPO),Services,2978.76,0.0,-72.0,-327.88,2927.03,15.18,,10.61,,stage_2,5,893.95,820.67,1.97,0.03761,"{'price_above_30w_ma': True, '30w_ma_rising': True, 'price_above_10w_ma': True, 'relative_strength_positive': True, 'near_52w_high': True}",improving,improving,99.99,102.02,0.25,-1.14,False,False,2026-07-20 ratio=99.75 momentum=103.17; 2026-07-21 ratio=100.02 momentum=102.28; 2026-07-22 ratio=100.11 momentum=99.64; 2026-07-23 ratio=100.03 momentum=100.77; 2026-07-24 ratio=99.99 momentum=102.02,139.04
stock,Hinduja Global,HGS.NS,Business Process Outsourcing (BPO)/ Knowledge Process Outsourcing (KPO),Services,1972.2,0.0,-13.58,-430.06,1084.67,-6.58,,1.42,,not_stage_2,3,422.55,406.77,-1.0,0.01778,"{'price_above_30w_ma': True, '30w_ma_rising': False, 'price_above_10w_ma': True, 'relative_strength_positive': True, 'near_52w_high': False}",leading,leading,100.49,101.47,0.12,0.08,False,False,2026-07-20 ratio=100.37 momentum=101.39; 2026-07-21 ratio=100.56 momentum=101.54; 2026-07-22 ratio=100.60 momentum=101.43; 2026-07-23 ratio=100.61 momentum=101.33; 2026-07-24 ratio=100.49 momentum=101.47,89.8
stock,One Point One,ONEPOINT.NS,Business Process Outsourcing (BPO)/ Knowledge Process Outsourcing (KPO),Services,1414.62,0.0,10.27,18.08,96.2,43.48,36.02,10.88,,not_stage_2,3,53.98,53.26,0.16,0.00227,"{'price_above_30w_ma': True, '30w_ma_rising': True, 'price_above_10w_ma': False, 'relative_strength_positive': False, 'near_52w_high': True}",improving,lagging,98.75,103.29,0.7,8.01,False,True,2026-07-20 ratio=98.05 momentum=95.27; 2026-07-21 ratio=98.14 momentum=98.99; 2026-07-22 ratio=98.55 momentum=98.97; 2026-07-23 ratio=98.65 momentum=101.34; 2026-07-24 ratio=98.75 momentum=103.29,76.77
stock,Alldigi Tech,ALLDIGI.NS,Business Process Outsourcing (BPO)/ Knowledge Process Outsourcing (KPO),Services,1250.44,7.29,28.88,64.17,154.67,5.87,15.56,27.89,,not_stage_2,4,822.75,815.82,-0.44,0.03462,"{'price_above_30w_ma': True, '30w_ma_rising': False, 'price_above_10w_ma': True, 'relative_strength_positive': True, 'near_52w_high': True}",leading,leading,100.41,102.34,0.04,0.01,False,False,2026-07-20 ratio=100.37 momentum=102.33; 2026-07-21 ratio=99.78 momentum=101.99; 2026-07-22 ratio=101.71 momentum=103.70; 2026-07-23 ratio=100.95 momentum=102.87; 2026-07-24 ratio=100.41 momentum=102.34,113.75
stock,Kandarp Digi,KANDARP.NS,Business Process Outsourcing (BPO)/ Knowledge Process Outsourcing (KPO),Services,81.96,0.0,1.13,-15.67,16.35,4.01,44.3,11.22,,not_stage_2,0,94.6,136.42,-3.11,0.00398,"{'price_above_30w_ma': False, '30w_ma_rising': False, 'price_above_10w_ma': False, 'relative_strength_positive': False, 'near_52w_high': False}",improving,improving,98.92,102.34,0.04,-0.81,False,False,2026-07-17 ratio=98.88 momentum=103.15; 2026-07-20 ratio=98.75 momentum=101.20; 2026-07-21 ratio=98.90 momentum=102.22; 2026-07-22 ratio=98.90 momentum=103.27; 2026-07-23 ratio=98.92 momentum=102.34,11.7
stock,Cadsys (India),CADSYS.NS,Business Process Outsourcing (BPO)/ Knowledge Process Outsourcing (KPO),Services,59.21,0.0,-8.6,110.64,47.31,16.3,,-14.11,,not_stage_2,3,59.2,57.22,5.88,0.00249,"{'price_above_30w_ma': True, '30w_ma_rising': True, 'price_above_10w_ma': False, 'relative_strength_positive': False, 'near_52w_high': True}",lagging,lagging,97.11,97.14,-0.68,0.16,False,False,2026-07-17 ratio=97.79 momentum=96.98; 2026-07-20 ratio=98.02 momentum=98.14; 2026-07-21 ratio=97.12 momentum=97.21; 2026-07-22 ratio=96.68 momentum=96.39; 2026-07-23 ratio=97.11 momentum=97.14,71.76
stock,We Win Ltd,WEWIN.NS,Business Process Outsourcing (BPO)/ Knowledge Process Outsourcing (KPO),Services,50.48,0.0,0.95,-12.84,30.77,51.65,11.22,10.91,,not_stage_2,1,47.33,48.71,0.44,0.00199,"{'price_above_30w_ma': False, '30w_ma_rising': True, 'price_above_10w_ma': False, 'relative_strength_positive': False, 'near_52w_high': False}",improving,lagging,99.25,103.39,0.49,3.74,False,True,2026-07-20 ratio=98.75 momentum=99.65; 2026-07-21 ratio=98.80 momentum=102.05; 2026-07-22 ratio=98.84 momentum=102.67; 2026-07-23 ratio=99.19 momentum=102.14; 2026-07-24 ratio=99.25 momentum=103.39,37.83
stock,HRH Next,HRHNEXT.NS,Business Process Outsourcing (BPO)/ Knowledge Process Outsourcing (KPO),Services,35.72,0.0,2.78,152.73,35.92,24.68,7.35,15.84,,not_stage_2,1,27.05,28.12,-0.33,0.00114,"{'price_above_30w_ma': False, '30w_ma_rising': False, 'price_above_10w_ma': False, 'relative_strength_positive': True, 'near_52w_high': False}",improving,improving,99.76,101.88,0.1,1.11,False,True,2026-07-17 ratio=99.67 momentum=100.78; 2026-07-20 ratio=100.62 momentum=103.94; 2026-07-21 ratio=99.78 momentum=100.94; 2026-07-22 ratio=99.09 momentum=100.19; 2026-07-23 ratio=99.76 momentum=101.88,29.4
stock,Polycab India,POLYCAB.NS,Cables - Electricals,Capital Goods,134171.75,0.53,796.66,32.46,8209.73,39.01,46.84,33.21,,not_stage_2,3,8907.5,8310.6,2.89,0.37478,"{'price_above_30w_ma': True, '30w_ma_rising': True, 'price_above_10w_ma': False, 'relative_strength_positive': False, 'near_52w_high': True}",lagging,lagging,98.5,98.84,0.72,1.76,False,False,2026-07-20 ratio=97.78 momentum=97.08; 2026-07-21 ratio=97.94 momentum=97.82; 2026-07-22 ratio=98.72 momentum=98.67; 2026-07-23 ratio=98.45 momentum=98.83; 2026-07-24 ratio=98.50 momentum=98.84,65.78
stock,KEI Industries,KEI.NS,Cables - Electricals,Capital Goods,46554.05,0.09,284.31,25.5,3476.4,19.27,50.69,20.07,,not_stage_2,3,4868.0,4762.57,2.37,0.20482,"{'price_above_30w_ma': True, '30w_ma_rising': True, 'price_above_10w_ma': False, 'relative_strength_positive': False, 'near_52w_high': True}",lagging,lagging,98.32,98.09,0.39,1.55,False,False,2026-07-20 ratio=97.93 momentum=96.55; 2026-07-21 ratio=98.27 momentum=98.79; 2026-07-22 ratio=98.50 momentum=99.04; 2026-07-23 ratio=98.32 momentum=99.20; 2026-07-24 ratio=98.32 momentum=98.09,64.74
stock,R R Kabel,RRKABEL.NS,Cables - Electricals,Capital Goods,28214.66,0.38,167.95,30.06,2964.14,33.65,55.97,28.1,,stage_2,5,2493.6,1744.92,7.39,0.10492,"{'price_above_30w_ma': True, '30w_ma_rising': True, 'price_above_10w_ma': True, 'relative_strength_positive': True, 'near_52w_high': True}",leading,leading,101.83,103.77,1.11,3.67,False,False,2026-07-20 ratio=100.72 momentum=100.10; 2026-07-21 ratio=100.80 momentum=101.77; 2026-07-22 ratio=101.42 momentum=102.94; 2026-07-23 ratio=101.11 momentum=102.08; 2026-07-24 ratio=101.83 momentum=103.77,187.78
stock,Finolex Cables,FINCABLES.NS,Cables - Electricals,Capital Goods,15259.17,0.8,224.43,17.07,1951.08,22.36,21.38,16.01,,not_stage_2,3,998.9,934.34,4.24,0.04203,"{'price_above_30w_ma': True, '30w_ma_rising': True, 'price_above_10w_ma': False, 'relative_strength_positive': False, 'near_52w_high': True}",lagging,lagging,98.83,98.56,0.31,2.69,False,False,2026-07-20 ratio=98.52 momentum=95.87; 2026-07-21 ratio=98.46 momentum=98.10; 2026-07-22 ratio=98.83 momentum=99.07; 2026-07-23 ratio=98.31 momentum=97.08; 2026-07-24 ratio=98.83 momentum=98.56,68.48
stock,KSH Internationa,KSHINTL.NS,Cables - Electricals,Capital Goods,6021.49,0.0,34.53,87.16,1018.34,100.52,54.07,21.36,,insufficient_data,0,,,,,{},leading,leading,101.04,102.02,0.06,1.55,False,False,2026-07-20 ratio=100.98 momentum=100.47; 2026-07-21 ratio=101.11 momentum=103.40; 2026-07-22 ratio=101.02 momentum=105.09; 2026-07-23 ratio=100.73 momentum=99.38; 2026-07-24 ratio=101.04 momentum=102.02,35.3
stock,Laser Power,LASERPOWER.NS,Cables - Electricals,Capital Goods,4300.76,0.0,,,,,39.42,20.51,,insufficient_data,0,,,,,{},insufficient_data,insufficient_data,,,,,False,False,,0.0
stock,Universal Cables,UNIVCABLES.NS,Cables - Electricals,Capital Goods,4284.89,0.36,55.32,11.33,840.27,24.66,26.27,11.68,,stage_2,5,1234.8,905.99,4.47,0.05195,"{'price_above_30w_ma': True, '30w_ma_rising': True, 'price_above_10w_ma': True, 'relative_strength_positive': True, 'near_52w_high': True}",leading,leading,100.85,103.96,0.58,3.17,False,False,2026-07-20 ratio=100.26 momentum=100.79; 2026-07-21 ratio=100.27 momentum=101.71; 2026-07-22 ratio=100.40 momentum=102.72; 2026-07-23 ratio=100.46 momentum=102.88; 2026-07-24 ratio=100.85 momentum=103.96,177.99
stock,V-Marc India,VMARCIND.NS,Cables - Electricals,Capital Goods,4102.68,0.0,63.63,157.3,1105.46,97.52,40.99,41.38,,not_stage_2,0,280.6,812.98,-6.23,0.01181,"{'price_above_30w_ma': False, '30w_ma_rising': False, 'price_above_10w_ma': False, 'relative_strength_positive': False, 'near_52w_high': False}",improving,improving,98.79,103.73,0.22,-0.04,False,False,2026-07-17 ratio=98.57 momentum=103.77; 2026-07-20 ratio=98.64 momentum=103.88; 2026-07-21 ratio=98.70 momentum=103.47; 2026-07-22 ratio=98.74 momentum=103.56; 2026-07-23 ratio=98.79 momentum=103.73,18.65
stock,Paramount Comm.,PARACABLES.NS,Cables - Electricals,Capital Goods,2020.35,0.0,20.52,9.5,573.31,13.07,33.82,12.35,,not_stage_2,3,61.64,47.06,8.99,0.00259,"{'price_above_30w_ma': True, '30w_ma_rising': True, 'price_above_10w_ma': False, 'relative_strength_positive': False, 'near_52w_high': True}",lagging,lagging,99.23,96.82,-0.57,1.0,False,False,2026-07-20 ratio=99.79 momentum=95.82; 2026-07-21 ratio=99.98 momentum=97.49; 2026-07-22 ratio=99.51 momentum=97.20; 2026-07-23 ratio=99.32 momentum=96.53; 2026-07-24 ratio=99.23 momentum=96.82,77.98
stock,Dynamic Cables,DYCL.NS,Cables - Electricals,Capital Goods,1947.58,0.12,24.95,37.01,349.1,33.22,21.36,26.21,,stage_2,5,402.4,322.78,1.86,0.01693,"{'price_above_30w_ma': True, '30w_ma_rising': True, 'price_above_10w_ma': True, 'relative_strength_positive': True, 'near_52w_high': True}",leading,leading,101.66,101.9,-1.31,-1.39,False,False,2026-07-20 ratio=102.97 momentum=103.30; 2026-07-21 ratio=102.60 momentum=102.93; 2026-07-22 ratio=101.88 momentum=102.11; 2026-07-23 ratio=101.80 momentum=101.79; 2026-07-24 ratio=101.66 momentum=101.90,166.52
stock,Godfrey Phillips,GODFRYPHLP.NS,Cigarettes & Tobacco Products,Fast Moving Consumer Goods,33206.52,1.49,521.46,77.36,1787.27,13.59,21.77,32.84,,not_stage_2,0,2129.6,2167.72,-3.99,0.0896,"{'price_above_30w_ma': False, '30w_ma_rising': False, 'price_above_10w_ma': False, 'relative_strength_positive': False, 'near_52w_high': False}",improving,improving,99.26,103.19,0.54,0.69,False,True,2026-07-20 ratio=98.72 momentum=102.49; 2026-07-21 ratio=98.79 momentum=102.45; 2026-07-22 ratio=98.48 momentum=101.59; 2026-07-23 ratio=98.42 momentum=100.87; 2026-07-24 ratio=99.26 momentum=103.19,15.95
stock,VST Industries,VSTIND.NS,Cigarettes & Tobacco Products,Fast Moving Consumer Goods,3898.24,5.22,116.69,120.17,457.06,30.87,13.38,28.13,,not_stage_2,1,230.05,243.26,-0.47,0.00968,"{'price_above_30w_ma': False, '30w_ma_rising': False, 'price_above_10w_ma': False, 'relative_strength_positive': False, 'near_52w_high': True}",improving,lagging,98.05,102.36,1.04,4.05,False,True,2026-07-20 ratio=97.01 momentum=98.32; 2026-07-21 ratio=97.58 momentum=98.50; 2026-07-22 ratio=97.74 momentum=97.31; 2026-07-23 ratio=97.65 momentum=94.93; 2026-07-24 ratio=98.05 momentum=102.36,31.8
stock,Elitecon Inter.,ELITECON.NS,Cigarettes & Tobacco Products,Fast Moving Consumer Goods,2476.19,0.32,103.57,676.39,1741.26,1750.04,7.73,,,insufficient_data,0,,,,,{},improving,lagging,97.92,101.74,0.1,3.59,False,True,2026-07-20 ratio=97.82 momentum=98.15; 2026-07-21 ratio=97.90 momentum=99.86; 2026-07-22 ratio=97.85 momentum=99.01; 2026-07-23 ratio=97.88 momentum=99.73; 2026-07-24 ratio=97.92 momentum=101.74,8.7
stock,Shanthala FMCG,SHANTHALA.NS,Cigarettes & Tobacco Products,Fast Moving Consumer Goods,12.06,0.0,0.72,71.43,25.82,-0.12,9.49,5.98,,not_stage_2,0,18.05,27.62,-2.71,0.00076,"{'price_above_30w_ma': False, '30w_ma_rising': False, 'price_above_10w_ma': False, 'relative_strength_positive': False, 'near_52w_high': False}",lagging,lagging,96.56,97.77,-2.78,-1.05,False,False,2026-07-17 ratio=99.34 momentum=98.82; 2026-07-20 ratio=99.44 momentum=99.45; 2026-07-21 ratio=99.51 momentum=99.51; 2026-07-22 ratio=96.48 momentum=96.99; 2026-07-23 ratio=96.56 momentum=97.77,0.0
stock,Marc Technocrats,MARC.NS,Consulting Services,Services,209.23,0.0,4.81,,37.53,,19.85,29.22,,insufficient_data,0,,,,,{},leading,leading,103.13,101.77,2.1,0.38,False,False,2026-07-17 ratio=101.02 momentum=101.40; 2026-07-20 ratio=102.76 momentum=102.33; 2026-07-21 ratio=103.21 momentum=102.15; 2026-07-22 ratio=102.68 momentum=101.64; 2026-07-23 ratio=103.13 momentum=101.77,44.5
stock,Mitcon Consult.,MITCON.NS,Consulting Services,Services,125.45,0.0,5.64,179.29,45.23,18.62,15.51,8.83,,not_stage_2,3,72.02,69.42,1.13,0.00303,"{'price_above_30w_ma': True, '30w_ma_rising': True, 'price_above_10w_ma': False, 'relative_strength_positive': False, 'near_52w_high': True}",improving,improving,98.56,101.4,0.42,1.38,False,True,2026-07-20 ratio=98.14 momentum=100.02; 2026-07-21 ratio=98.91 momentum=101.08; 2026-07-22 ratio=98.59 momentum=100.62; 2026-07-23 ratio=98.45 momentum=99.76; 2026-07-24 ratio=98.56 momentum=101.40,69.26
stock,AAA Technologies,AAATECH.NS,Consulting Services,Services,113.2,1.67,-0.35,-135.0,3.38,-68.02,54.95,8.93,,not_stage_2,0,89.66,97.85,-0.52,0.00377,"{'price_above_30w_ma': False, '30w_ma_rising': False, 'price_above_10w_ma': False, 'relative_strength_positive': False, 'near_52w_high': False}",lagging,lagging,98.17,98.59,-0.19,-1.17,False,False,2026-07-20 ratio=98.36 momentum=99.76; 2026-07-21 ratio=97.94 momentum=98.81; 2026-07-22 ratio=98.11 momentum=97.74; 2026-07-23 ratio=98.30 momentum=98.16; 2026-07-24 ratio=98.17 momentum=98.59,0.0
stock,Dhruv Consultanc,DHRUV.NS,Consulting Services,Services,46.13,0.82,-0.06,-103.02,8.32,-69.86,,-32.69,,not_stage_2,0,24.49,31.98,-8.71,0.00103,"{'price_above_30w_ma': False, '30w_ma_rising': False, 'price_above_10w_ma': False, 'relative_strength_positive': False, 'near_52w_high': False}",lagging,improving,98.41,99.21,-0.18,-1.51,False,False,2026-07-20 ratio=98.59 momentum=100.72; 2026-07-21 ratio=98.50 momentum=101.09; 2026-07-22 ratio=98.63 momentum=101.52; 2026-07-23 ratio=98.41 momentum=98.85; 2026-07-24 ratio=98.41 momentum=99.21,0.0
stock,Manglam Infra,MIEL.NS,Consulting Services,Services,21.12,0.0,1.6,1700.0,21.86,-21.42,6.73,9.52,,insufficient_data,0,,,,,{},insufficient_data,insufficient_data,,,,,False,False,,0.0
stock,Physicswallah,PWL.NS,E-Learning,Consumer Services,37104.08,0.0,-69.14,80.56,918.8,50.72,,4.02,,stage_2,5,128.05,111.55,0.17,0.00539,"{'price_above_30w_ma': True, '30w_ma_rising': True, 'price_above_10w_ma': True, 'relative_strength_positive': True, 'near_52w_high': True}",weakening,weakening,100.56,95.58,-0.31,-2.76,False,False,2026-07-20 ratio=100.87 momentum=98.35; 2026-07-21 ratio=100.91 momentum=96.89; 2026-07-22 ratio=100.81 momentum=96.81; 2026-07-23 ratio=100.93 momentum=95.82; 2026-07-24 ratio=100.56 momentum=95.58,128.14
stock,Veranda Learning,VERANDA.NS,E-Learning,Consumer Services,2244.14,0.0,15.69,103.09,132.39,51.6,96.28,12.83,,not_stage_2,3,233.78,200.95,3.3,0.00984,"{'price_above_30w_ma': True, '30w_ma_rising': True, 'price_above_10w_ma': False, 'relative_strength_positive': False, 'near_52w_high': True}",lagging,lagging,99.77,99.41,1.52,2.36,False,False,2026-07-20 ratio=98.26 momentum=97.05; 2026-07-21 ratio=99.79 momentum=98.56; 2026-07-22 ratio=99.40 momentum=98.39; 2026-07-23 ratio=100.01 momentum=98.61; 2026-07-24 ratio=99.77 momentum=99.41,66.6
stock,Jaro Institute,JARO.NS,E-Learning,Consumer Services,1061.23,1.05,21.33,17.26,72.79,-1.79,24.16,22.09,,not_stage_2,0,475.7,478.23,-1.11,0.02001,"{'price_above_30w_ma': False, '30w_ma_rising': False, 'price_above_10w_ma': False, 'relative_strength_positive': False, 'near_52w_high': False}",lagging,lagging,98.65,97.39,-0.5,-0.55,False,False,2026-07-20 ratio=99.15 momentum=97.94; 2026-07-21 ratio=98.83 momentum=97.45; 2026-07-22 ratio=98.63 momentum=97.04; 2026-07-23 ratio=98.24 momentum=96.43; 2026-07-24 ratio=98.65 momentum=97.39,0.0
stock,Addictive Learn,ADDICTIVE.NS,E-Learning,Consumer Services,63.64,0.0,-4.65,-205.92,33.83,-12.74,,-0.11,,insufficient_data,0,,,,,{},insufficient_data,insufficient_data,,,,,False,False,,0.0
stock,G-Tec Janix,GTECJAINX.NS,E-Learning,Consumer Services,29.18,0.0,-0.66,7.04,1.57,-9.25,,-36.32,,stage_2,5,28.64,22.2,1.67,0.00121,"{'price_above_30w_ma': True, '30w_ma_rising': True, 'price_above_10w_ma': True, 'relative_strength_positive': True, 'near_52w_high': True}",leading,weakening,100.46,102.13,0.19,4.07,True,False,2026-07-20 ratio=100.27 momentum=98.06; 2026-07-21 ratio=100.35 momentum=99.73; 2026-07-22 ratio=100.47 momentum=100.81; 2026-07-23 ratio=100.57 momentum=101.97; 2026-07-24 ratio=100.46 momentum=102.13,171.29
stock,Usha Mart. Edu.,UMESLTD.NS,E-Learning,Consumer Services,14.16,0.0,0.2,69.23,0.32,166.67,34.53,5.23,,not_stage_2,2,5.39,5.46,1.56,0.00023,"{'price_above_30w_ma': False, '30w_ma_rising': True, 'price_above_10w_ma': False, 'relative_strength_positive': False, 'near_52w_high': True}",lagging,lagging,99.63,98.18,0.38,0.07,False,False,2026-07-20 ratio=99.24 momentum=98.11; 2026-07-21 ratio=99.73 momentum=98.49; 2026-07-22 ratio=100.19 momentum=100.25; 2026-07-23 ratio=99.58 momentum=97.67; 2026-07-24 ratio=99.63 momentum=98.18,43.12
stock,Docmode Health,DHTL.NS,E-Learning,Consumer Services,11.79,0.0,-0.09,82.69,17.85,-12.59,,-0.29,,not_stage_2,0,37.5,48.3,-7.54,0.00158,"{'price_above_30w_ma': False, '30w_ma_rising': False, 'price_above_10w_ma': False, 'relative_strength_positive': False, 'near_52w_high': False}",improving,improving,99.08,103.07,0.28,1.07,False,True,2026-07-17 ratio=98.80 momentum=102.00; 2026-07-20 ratio=98.87 momentum=103.69; 2026-07-21 ratio=98.92 momentum=105.07; 2026-07-22 ratio=99.01 momentum=103.47; 2026-07-23 ratio=99.08 momentum=103.07,15.35
stock,PVR Inox,PVRINOX.NS,"Film Production, Distribution & Exhibition","Media, Entertainment & Publication",10430.9,0.0,56.5,220.3,1622.2,11.91,32.88,6.96,,not_stage_2,4,1063.95,995.17,-0.46,0.04477,"{'price_above_30w_ma': True, '30w_ma_rising': False, 'price_above_10w_ma': True, 'relative_strength_positive': True, 'near_52w_high': True}",leading,leading,103.44,103.64,2.85,1.65,False,False,2026-07-20 ratio=100.59 momentum=101.99; 2026-07-21 ratio=100.05 momentum=101.48; 2026-07-22 ratio=100.06 momentum=102.25; 2026-07-23 ratio=100.98 momentum=103.57; 2026-07-24 ratio=103.44 momentum=103.64,135.4
stock,Media Matrix,MMWL.NS,"Film Production, Distribution & Exhibition","Media, Entertainment & Publication",1586.97,0.0,2.08,805.0,300.67,10.63,271.28,9.78,,insufficient_data,0,,,,,{},leading,leading,101.01,101.55,0.1,-0.75,False,False,2026-07-20 ratio=100.91 momentum=102.29; 2026-07-21 ratio=100.63 momentum=101.79; 2026-07-22 ratio=102.23 momentum=102.79; 2026-07-23 ratio=100.99 momentum=101.31; 2026-07-24 ratio=101.01 momentum=101.55,32.8
stock,Connplex Cinemas,CONNPLEX.NS,"Film Production, Distribution & Exhibition","Media, Entertainment & Publication",388.78,0.0,13.03,38.91,83.46,51.97,14.91,43.57,,insufficient_data,0,,,,,{},insufficient_data,insufficient_data,,,,,False,False,,0.0
stock,Cineline India,CINELINE.NS,"Film Production, Distribution & Exhibition","Media, Entertainment & Publication",298.31,0.0,3.32,-75.24,62.23,13.12,24.9,10.86,,not_stage_2,4,86.71,83.38,-1.1,0.00365,"{'price_above_30w_ma': True, '30w_ma_rising': False, 'price_above_10w_ma': True, 'relative_strength_positive': True, 'near_52w_high': True}",leading,lagging,103.11,102.94,4.46,4.47,True,False,2026-07-20 ratio=98.65 momentum=98.46; 2026-07-21 ratio=98.76 momentum=98.38; 2026-07-22 ratio=99.20 momentum=99.51; 2026-07-23 ratio=100.27 momentum=101.41; 2026-07-24 ratio=103.11 momentum=102.94,140.25
stock,UFO Moviez,UFO.NS,"Film Production, Distribution & Exhibition","Media, Entertainment & Publication",261.29,0.0,4.48,730.99,133.22,43.19,10.49,12.18,,not_stage_2,1,67.02,71.76,-2.12,0.00282,"{'price_above_30w_ma': False, '30w_ma_rising': False, 'price_above_10w_ma': False, 'relative_strength_positive': False, 'near_52w_high': True}",improving,lagging,98.45,101.55,0.66,3.37,False,True,2026-07-20 ratio=97.79 momentum=98.18; 2026-07-21 ratio=98.11 momentum=99.44; 2026-07-22 ratio=98.12 momentum=100.32; 2026-07-23 ratio=98.37 momentum=100.36; 2026-07-24 ratio=98.45 momentum=101.55,27.75
stock,Tips Films,TIPSFILMS.NS,"Film Production, Distribution & Exhibition","Media, Entertainment & Publication",173.65,0.0,-3.47,89.39,2.36,-96.09,,-6.69,,not_stage_2,4,409.15,362.32,-2.44,0.01721,"{'price_above_30w_ma': True, '30w_ma_rising': False, 'price_above_10w_ma': True, 'relative_strength_positive': True, 'near_52w_high': True}",leading,improving,102.41,102.95,3.78,-0.05,False,False,2026-07-20 ratio=98.63 momentum=103.00; 2026-07-21 ratio=98.59 momentum=104.54; 2026-07-22 ratio=98.34 momentum=100.20; 2026-07-23 ratio=101.04 momentum=103.37; 2026-07-24 ratio=102.41 momentum=102.95,126.8
stock,Mukta Arts,MUKTAARTS.NS,"Film Production, Distribution & Exhibition","Media, Entertainment & Publication",134.92,0.0,-0.7,124.32,45.39,19.1,,11.17,,not_stage_2,0,55.89,56.01,-1.83,0.00235,"{'price_above_30w_ma': False, '30w_ma_rising': False, 'price_above_10w_ma': False, 'relative_strength_positive': False, 'near_52w_high': False}",improving,lagging,99.48,101.85,0.71,2.24,False,True,2026-07-20 ratio=98.77 momentum=99.62; 2026-07-21 ratio=99.29 momentum=102.67; 2026-07-22 ratio=99.48 momentum=101.64; 2026-07-23 ratio=99.79 momentum=101.97; 2026-07-24 ratio=99.48 momentum=101.85,9.25
stock,Vels Film,VELS.NS,"Film Production, Distribution & Exhibition","Media, Entertainment & Publication",94.23,0.0,-20.14,-12.07,31.38,486.54,,-12.43,,stage_2,5,73.0,62.36,2.71,0.00307,"{'price_above_30w_ma': True, '30w_ma_rising': True, 'price_above_10w_ma': True, 'relative_strength_positive': True, 'near_52w_high': True}",leading,leading,102.61,101.49,0.39,-0.2,False,False,2026-07-17 ratio=102.22 momentum=101.69; 2026-07-20 ratio=102.34 momentum=102.22; 2026-07-21 ratio=102.31 momentum=102.37; 2026-07-22 ratio=102.56 momentum=101.18; 2026-07-23 ratio=102.61 momentum=101.49,170.92
stock,Baweja Studios L,BAWEJA.NS,"Film Production, Distribution & Exhibition","Media, Entertainment & Publication",52.61,0.0,4.57,-13.28,33.44,-22.93,8.65,7.94,,not_stage_2,0,29.2,31.06,-4.6,0.00123,"{'price_above_30w_ma': False, '30w_ma_rising': False, 'price_above_10w_ma': False, 'relative_strength_positive': False, 'near_52w_high': False}",improving,improving,99.73,101.1,0.79,0.69,False,True,2026-07-17 ratio=98.94 momentum=100.40; 2026-07-20 ratio=99.22 momentum=103.60; 2026-07-21 ratio=99.26 momentum=102.14; 2026-07-22 ratio=100.30 momentum=103.38; 2026-07-23 ratio=99.73 momentum=101.10,5.5
stock,Prit Nandy Comm.,PNC.NS,"Film Production, Distribution & Exhibition","Media, Entertainment & Publication",28.05,0.0,-2.06,-379.07,2.49,-68.04,5.64,-0.13,,not_stage_2,0,19.35,21.97,-3.93,0.00081,"{'price_above_30w_ma': False, '30w_ma_rising': False, 'price_above_10w_ma': False, 'relative_strength_positive': False, 'near_52w_high': False}",lagging,lagging,99.27,99.06,0.44,2.0,False,False,2026-07-20 ratio=98.84 momentum=97.06; 2026-07-21 ratio=99.64 momentum=99.89; 2026-07-22 ratio=99.39 momentum=99.44; 2026-07-23 ratio=99.14 momentum=97.47; 2026-07-24 ratio=99.27 momentum=99.06,0.0
stock,Metro Brands,METROBRAND.NS,Footwear,Consumer Durables,27837.15,0.54,117.73,23.07,772.98,20.26,67.7,20.18,,not_stage_2,1,1021.9,1030.05,-1.14,0.043,"{'price_above_30w_ma': False, '30w_ma_rising': False, 'price_above_10w_ma': False, 'relative_strength_positive': False, 'near_52w_high': True}",lagging,leading,99.46,98.49,-1.19,-4.16,False,False,2026-07-20 ratio=100.65 momentum=102.65; 2026-07-21 ratio=100.95 momentum=101.62; 2026-07-22 ratio=100.75 momentum=100.13; 2026-07-23 ratio=99.37 momentum=97.12; 2026-07-24 ratio=99.46 momentum=98.49,20.0
stock,Relaxo Footwear,RELAXO.NS,Footwear,Consumer Durables,10032.25,0.74,67.67,20.37,751.1,8.05,55.96,11.07,,stage_2,5,402.95,343.19,0.19,0.01695,"{'price_above_30w_ma': True, '30w_ma_rising': True, 'price_above_10w_ma': True, 'relative_strength_positive': True, 'near_52w_high': True}",weakening,leading,101.14,99.7,-0.8,-1.13,False,False,2026-07-20 ratio=101.94 momentum=100.82; 2026-07-21 ratio=101.28 momentum=99.94; 2026-07-22 ratio=101.09 momentum=99.60; 2026-07-23 ratio=100.97 momentum=99.42; 2026-07-24 ratio=101.14 momentum=99.70,131.08
stock,Bata India,BATAINDIA.NS,Footwear,Consumer Durables,8857.93,1.3,2.21,-58.62,827.63,5.0,52.6,12.74,,not_stage_2,1,689.95,748.59,-4.5,0.02903,"{'price_above_30w_ma': False, '30w_ma_rising': False, 'price_above_10w_ma': False, 'relative_strength_positive': True, 'near_52w_high': False}",leading,improving,100.16,102.22,0.25,-0.72,False,False,2026-07-20 ratio=99.91 momentum=102.93; 2026-07-21 ratio=99.93 momentum=103.02; 2026-07-22 ratio=100.00 momentum=103.37; 2026-07-23 ratio=99.33 momentum=101.70; 2026-07-24 ratio=100.16 momentum=102.22,51.9
stock,Redtape,REDTAPE.NS,Footwear,Consumer Durables,7015.08,1.58,69.88,69.53,675.51,33.51,29.16,24.11,,not_stage_2,3,126.77,126.41,1.04,0.00533,"{'price_above_30w_ma': True, '30w_ma_rising': True, 'price_above_10w_ma': False, 'relative_strength_positive': False, 'near_52w_high': True}",lagging,lagging,98.25,96.91,-0.58,0.16,False,False,2026-07-20 ratio=98.83 momentum=96.75; 2026-07-21 ratio=98.88 momentum=97.66; 2026-07-22 ratio=98.57 momentum=97.50; 2026-07-23 ratio=98.28 momentum=96.88; 2026-07-24 ratio=98.25 momentum=96.91,62.08
stock,Campus Activewe.,CAMPUS.NS,Footwear,Consumer Durables,6625.85,0.69,44.14,26.01,455.63,12.3,44.27,21.22,,not_stage_2,1,216.55,244.49,-1.92,0.00911,"{'price_above_30w_ma': False, '30w_ma_rising': False, 'price_above_10w_ma': False, 'relative_strength_positive': False, 'near_52w_high': True}",lagging,improving,98.25,98.9,-0.07,-1.37,False,False,2026-07-20 ratio=98.32 momentum=100.28; 2026-07-21 ratio=98.26 momentum=100.29; 2026-07-22 ratio=98.33 momentum=98.88; 2026-07-23 ratio=98.32 momentum=99.66; 2026-07-24 ratio=98.25 momentum=98.90,20.0
stock,Sreeleathers,SREEL.NS,Footwear,Consumer Durables,529.68,0.44,9.67,82.8,62.69,17.95,18.4,8.0,,not_stage_2,4,227.97,200.24,-0.31,0.00959,"{'price_above_30w_ma': True, '30w_ma_rising': False, 'price_above_10w_ma': True, 'relative_strength_positive': True, 'near_52w_high': True}",leading,weakening,102.46,102.31,1.59,3.33,True,False,2026-07-20 ratio=100.88 momentum=98.98; 2026-07-21 ratio=102.62 momentum=103.11; 2026-07-22 ratio=102.20 momentum=102.24; 2026-07-23 ratio=101.94 momentum=101.21; 2026-07-24 ratio=102.46 momentum=102.31,133.85
stock,Liberty Shoes,LIBERTSHOE.NS,Footwear,Consumer Durables,440.57,0.0,5.3,-10.69,212.05,13.0,39.76,7.91,,not_stage_2,3,258.25,253.22,-0.68,0.01087,"{'price_above_30w_ma': True, '30w_ma_rising': False, 'price_above_10w_ma': True, 'relative_strength_positive': True, 'near_52w_high': False}",weakening,weakening,100.55,96.93,-0.69,-2.37,False,False,2026-07-20 ratio=101.23 momentum=99.30; 2026-07-21 ratio=100.92 momentum=98.88; 2026-07-22 ratio=100.73 momentum=97.67; 2026-07-23 ratio=100.39 momentum=96.67; 2026-07-24 ratio=100.55 momentum=96.93,62.75
stock,Brandman Retail,BRANDMAN.NS,Footwear,Consumer Durables,337.31,0.0,5.64,37.9,67.1,137.69,13.33,36.81,,insufficient_data,0,,,,,{},insufficient_data,insufficient_data,,,,,False,False,,0.0
stock,Khadim India,KHADIM.NS,Footwear,Consumer Durables,172.07,0.0,0.77,-86.1,83.56,-10.92,41.17,6.87,,not_stage_2,0,94.13,118.65,-7.1,0.00396,"{'price_above_30w_ma': False, '30w_ma_rising': False, 'price_above_10w_ma': False, 'relative_strength_positive': False, 'near_52w_high': False}",lagging,lagging,98.24,99.64,0.04,1.55,False,False,2026-07-20 ratio=98.20 momentum=98.09; 2026-07-21 ratio=98.16 momentum=98.05; 2026-07-22 ratio=97.94 momentum=96.85; 2026-07-23 ratio=97.92 momentum=95.02; 2026-07-24 ratio=98.24 momentum=99.64,0.0
stock,ICICI Lombard,ICICIGI.NS,General Insurance,Financial Services,82877.58,0.81,403.17,-46.03,7088.22,10.83,34.13,21.88,,not_stage_2,1,1661.8,1813.36,-1.7,0.06992,"{'price_above_30w_ma': False, '30w_ma_rising': False, 'price_above_10w_ma': False, 'relative_strength_positive': False, 'near_52w_high': True}",lagging,lagging,98.67,98.89,1.79,0.06,False,False,2026-07-20 ratio=96.88 momentum=98.84; 2026-07-21 ratio=97.27 momentum=98.92; 2026-07-22 ratio=97.18 momentum=98.07; 2026-07-23 ratio=97.94 momentum=98.73; 2026-07-24 ratio=98.67 momentum=98.89,20.0
stock,General Insuranc,GICRE.NS,General Insurance,Financial Services,62772.13,2.8,2532.59,1.35,13018.27,-1.44,6.5,17.35,,not_stage_2,1,357.5,376.96,-0.49,0.01504,"{'price_above_30w_ma': False, '30w_ma_rising': False, 'price_above_10w_ma': False, 'relative_strength_positive': False, 'near_52w_high': True}",improving,improving,99.16,102.13,0.41,-0.71,False,False,2026-07-20 ratio=98.75 momentum=102.83; 2026-07-21 ratio=98.93 momentum=103.23; 2026-07-22 ratio=99.12 momentum=104.30; 2026-07-23 ratio=99.18 momentum=102.02; 2026-07-24 ratio=99.16 momentum=102.13,30.65
stock,Star Health Insu,STARHEALTH.NS,General Insurance,Financial Services,34178.63,0.0,111.34,21731.37,4648.07,13.89,61.36,8.57,,stage_2,5,580.8,500.88,3.56,0.02444,"{'price_above_30w_ma': True, '30w_ma_rising': True, 'price_above_10w_ma': True, 'relative_strength_positive': True, 'near_52w_high': True}",weakening,weakening,100.98,97.62,0.23,-1.16,False,False,2026-07-20 ratio=100.74 momentum=98.78; 2026-07-21 ratio=101.00 momentum=98.79; 2026-07-22 ratio=100.82 momentum=98.16; 2026-07-23 ratio=100.79 momentum=96.72; 2026-07-24 ratio=100.98 momentum=97.62,137.02
stock,New India Assura,NIACL.NS,General Insurance,Financial Services,28503.83,0.87,579.84,61.19,12543.82,7.54,20.13,4.29,,stage_2,5,173.2,156.81,1.66,0.00729,"{'price_above_30w_ma': True, '30w_ma_rising': True, 'price_above_10w_ma': True, 'relative_strength_positive': True, 'near_52w_high': True}",weakening,weakening,100.21,96.48,-0.07,-0.81,False,False,2026-07-20 ratio=100.28 momentum=97.29; 2026-07-21 ratio=100.39 momentum=97.85; 2026-07-22 ratio=100.25 momentum=97.94; 2026-07-23 ratio=100.15 momentum=96.36; 2026-07-24 ratio=100.21 momentum=96.48,129.37
stock,Go Digit General,GODIGIT.NS,General Insurance,Financial Services,23688.33,0.0,86.39,-37.55,2427.02,8.54,48.11,13.1,,not_stage_2,0,256.2,316.92,-2.21,0.01078,"{'price_above_30w_ma': False, '30w_ma_rising': False, 'price_above_10w_ma': False, 'relative_strength_positive': False, 'near_52w_high': False}",lagging,lagging,96.41,96.47,-0.46,-1.5,False,False,2026-07-20 ratio=96.86 momentum=97.96; 2026-07-21 ratio=97.57 momentum=98.57; 2026-07-22 ratio=97.76 momentum=98.90; 2026-07-23 ratio=97.86 momentum=99.19; 2026-07-24 ratio=96.41 momentum=96.47,0.0
stock,Niva Bupa Health,NIVABUPA.NS,General Insurance,Financial Services,15982.1,0.0,345.13,67.47,2138.56,28.0,122.21,3.15,,stage_2,5,86.64,79.16,1.98,0.00365,"{'price_above_30w_ma': True, '30w_ma_rising': True, 'price_above_10w_ma': True, 'relative_strength_positive': True, 'near_52w_high': True}",leading,weakening,101.51,101.37,1.39,1.62,True,False,2026-07-20 ratio=100.13 momentum=99.74; 2026-07-21 ratio=100.17 momentum=99.27; 2026-07-22 ratio=99.79 momentum=98.54; 2026-07-23 ratio=99.99 momentum=98.68; 2026-07-24 ratio=101.51 momentum=101.37,173.36
stock,LG Electronics,LGEINDIA.NS,Household Appliances,Consumer Durables,103655.34,0.0,692.73,-8.19,8053.55,8.12,61.51,32.23,,not_stage_2,2,1527.2,1520.8,-0.11,0.06426,"{'price_above_30w_ma': True, '30w_ma_rising': False, 'price_above_10w_ma': False, 'relative_strength_positive': False, 'near_52w_high': True}",lagging,leading,99.35,99.38,-0.77,-2.65,False,False,2026-07-20 ratio=100.12 momentum=102.03; 2026-07-21 ratio=99.73 momentum=100.43; 2026-07-22 ratio=98.85 momentum=98.51; 2026-07-23 ratio=99.13 momentum=98.22; 2026-07-24 ratio=99.35 momentum=99.38,40.0
stock,Voltas,VOLTAS.NS,Household Appliances,Consumer Durables,43918.33,0.3,113.43,-51.8,4887.83,2.52,111.8,9.04,,not_stage_2,3,1327.3,1366.03,-0.54,0.05585,"{'price_above_30w_ma': False, '30w_ma_rising': False, 'price_above_10w_ma': True, 'relative_strength_positive': True, 'near_52w_high': True}",leading,leading,100.98,102.97,-0.19,1.01,False,False,2026-07-20 ratio=101.17 momentum=101.96; 2026-07-21 ratio=101.27 momentum=102.07; 2026-07-22 ratio=100.06 momentum=101.16; 2026-07-23 ratio=100.32 momentum=101.46; 2026-07-24 ratio=100.98 momentum=102.97,99.75
stock,Blue Star,BLUESTARCO.NS,Household Appliances,Consumer Durables,33697.28,0.52,227.18,10.41,4072.06,1.32,60.3,21.24,,not_stage_2,3,1637.2,1740.43,-0.96,0.06888,"{'price_above_30w_ma': False, '30w_ma_rising': False, 'price_above_10w_ma': True, 'relative_strength_positive': True, 'near_52w_high': True}",leading,leading,100.1,100.4,-0.99,-1.8,False,False,2026-07-20 ratio=101.09 momentum=102.20; 2026-07-21 ratio=100.90 momentum=102.16; 2026-07-22 ratio=100.25 momentum=101.74; 2026-07-23 ratio=99.85 momentum=100.72; 2026-07-24 ratio=100.10 momentum=100.40,82.5
stock,Amber Enterp.,AMBER.NS,Household Appliances,Consumer Durables,25614.0,0.0,161.96,-19.47,4147.52,10.49,129.36,10.25,,not_stage_2,2,7261.5,7282.32,1.77,0.30552,"{'price_above_30w_ma': False, '30w_ma_rising': True, 'price_above_10w_ma': False, 'relative_strength_positive': False, 'near_52w_high': True}",lagging,leading,98.74,97.95,-1.3,-4.44,False,False,2026-07-20 ratio=100.05 momentum=102.39; 2026-07-21 ratio=99.46 momentum=100.85; 2026-07-22 ratio=99.22 momentum=100.45; 2026-07-23 ratio=99.22 momentum=99.33; 2026-07-24 ratio=98.74 momentum=97.95,43.54
stock,Crompton Gr. Con,CROMPTON.NS,Household Appliances,Consumer Durables,16113.91,1.2,-536.81,-31.74,2083.3,10.9,46.01,18.98,,not_stage_2,2,250.15,258.31,0.16,0.01052,"{'price_above_30w_ma': False, '30w_ma_rising': True, 'price_above_10w_ma': False, 'relative_strength_positive': False, 'near_52w_high': True}",improving,lagging,98.53,100.71,-0.26,2.9,False,False,2026-07-20 ratio=98.79 momentum=97.81; 2026-07-21 ratio=98.62 momentum=98.49; 2026-07-22 ratio=98.63 momentum=101.16; 2026-07-23 ratio=98.55 momentum=101.26; 2026-07-24 ratio=98.53 momentum=100.71,43.87
stock,V-Guard Industri,VGUARD.NS,Household Appliances,Consumer Durables,12700.48,0.52,112.13,23.04,1755.27,14.12,39.48,18.38,,not_stage_2,1,290.8,316.63,-1.37,0.01224,"{'price_above_30w_ma': False, '30w_ma_rising': False, 'price_above_10w_ma': False, 'relative_strength_positive': False, 'near_52w_high': True}",lagging,improving,98.13,96.94,-0.54,-3.48,False,False,2026-07-20 ratio=98.67 momentum=100.43; 2026-07-21 ratio=98.77 momentum=100.80; 2026-07-22 ratio=98.34 momentum=97.48; 2026-07-23 ratio=98.48 momentum=96.52; 2026-07-24 ratio=98.13 momentum=96.94,20.0
stock,Whirlpool India,WHIRLPOOL.NS,Household Appliances,Consumer Durables,9802.16,0.65,80.5,-29.67,2180.77,8.78,31.2,11.07,,not_stage_2,0,771.45,845.9,-2.17,0.03246,"{'price_above_30w_ma': False, '30w_ma_rising': False, 'price_above_10w_ma': False, 'relative_strength_positive': False, 'near_52w_high': False}",improving,lagging,99.05,100.02,0.43,1.63,False,True,2026-07-20 ratio=98.62 momentum=98.39; 2026-07-21 ratio=98.53 momentum=97.75; 2026-07-22 ratio=98.37 momentum=97.61; 2026-07-23 ratio=98.89 momentum=99.04; 2026-07-24 ratio=99.05 momentum=100.02,0.1
stock,TTK Prestige,TTKPRESTIG.NS,Household Appliances,Consumer Durables,8815.82,1.17,36.08,212.18,729.17,12.26,50.95,12.1,,stage_2,5,643.35,547.23,0.28,0.02707,"{'price_above_30w_ma': True, '30w_ma_rising': True, 'price_above_10w_ma': True, 'relative_strength_positive': True, 'near_52w_high': True}",weakening,weakening,101.33,98.72,-0.47,0.02,False,False,2026-07-20 ratio=101.80 momentum=98.70; 2026-07-21 ratio=101.56 momentum=97.74; 2026-07-22 ratio=101.61 momentum=99.28; 2026-07-23 ratio=101.38 momentum=98.30; 2026-07-24 ratio=101.33 momentum=98.72,132.21
stock,Eureka Forbes,EUREKAFORB.NS,Household Appliances,Consumer Durables,8341.28,0.0,51.09,3.84,683.83,11.64,43.9,5.86,,not_stage_2,0,432.15,488.5,-4.81,0.01818,"{'price_above_30w_ma': False, '30w_ma_rising': False, 'price_above_10w_ma': False, 'relative_strength_positive': False, 'near_52w_high': False}",lagging,improving,98.53,98.94,-0.99,-1.87,False,False,2026-07-20 ratio=99.53 momentum=100.81; 2026-07-21 ratio=99.68 momentum=101.91; 2026-07-22 ratio=99.12 momentum=101.24; 2026-07-23 ratio=98.57 momentum=98.54; 2026-07-24 ratio=98.53 momentum=98.94,0.0
stock,IFB Industries,IFBIND.NS,Household Appliances,Consumer Durables,5284.42,0.0,42.67,128.46,1498.2,12.33,36.59,19.51,,not_stage_2,3,1304.1,1199.56,-2.87,0.05487,"{'price_above_30w_ma': True, '30w_ma_rising': False, 'price_above_10w_ma': True, 'relative_strength_positive': True, 'near_52w_high': False}",weakening,leading,100.63,97.73,-0.28,-3.1,False,False,2026-07-20 ratio=100.92 momentum=100.83; 2026-07-21 ratio=101.03 momentum=101.90; 2026-07-22 ratio=100.73 momentum=100.43; 2026-07-23 ratio=100.58 momentum=99.70; 2026-07-24 ratio=100.63 momentum=97.73,63.15
stock,Adani Total Gas,ATGL.NS,LPG/CNG/PNG/LNG Supplier,"Oil, Gas & Consumable Fuels",71644.32,0.04,133.03,-17.97,1743.48,27.1,117.89,15.09,,not_stage_2,3,652.85,612.44,2.68,0.02747,"{'price_above_30w_ma': True, '30w_ma_rising': True, 'price_above_10w_ma': False, 'relative_strength_positive': False, 'near_52w_high': True}",lagging,lagging,98.81,96.92,-1.17,-0.89,False,False,2026-07-20 ratio=99.98 momentum=97.81; 2026-07-21 ratio=99.72 momentum=98.18; 2026-07-22 ratio=99.41 momentum=97.55; 2026-07-23 ratio=99.01 momentum=97.43; 2026-07-24 ratio=98.81 momentum=96.92,65.36
stock,Petronet LNG,PETRONET.NS,LPG/CNG/PNG/LNG Supplier,"Oil, Gas & Consumable Fuels",41189.71,3.64,1370.74,25.19,9442.09,-23.33,10.53,22.74,,not_stage_2,2,274.7,279.54,0.05,0.01156,"{'price_above_30w_ma': False, '30w_ma_rising': True, 'price_above_10w_ma': False, 'relative_strength_positive': False, 'near_52w_high': True}",improving,improving,99.96,100.56,0.94,-0.55,False,False,2026-07-20 ratio=99.02 momentum=101.11; 2026-07-21 ratio=99.42 momentum=100.13; 2026-07-22 ratio=100.33 momentum=102.92; 2026-07-23 ratio=98.83 momentum=97.90; 2026-07-24 ratio=99.96 momentum=100.56,42.9
stock,Gujarat Energy,GUJENERGY.NS,LPG/CNG/PNG/LNG Supplier,"Oil, Gas & Consumable Fuels",24914.8,2.19,151.8,-27.01,5791.85,41.2,13.99,18.49,,not_stage_2,0,265.45,371.99,-3.94,0.01117,"{'price_above_30w_ma': False, '30w_ma_rising': False, 'price_above_10w_ma': False, 'relative_strength_positive': False, 'near_52w_high': False}",improving,improving,98.47,104.22,0.35,1.12,False,True,2026-07-20 ratio=98.11 momentum=103.10; 2026-07-21 ratio=98.14 momentum=104.48; 2026-07-22 ratio=98.24 momentum=103.86; 2026-07-23 ratio=98.32 momentum=104.33; 2026-07-24 ratio=98.47 momentum=104.22,21.1
stock,Indraprastha Gas,IGL.NS,LPG/CNG/PNG/LNG Supplier,"Oil, Gas & Consumable Fuels",20885.32,2.85,338.75,-25.18,4162.69,5.45,13.48,17.9,,not_stage_2,0,149.33,164.44,-3.06,0.00628,"{'price_above_30w_ma': False, '30w_ma_rising': False, 'price_above_10w_ma': False, 'relative_strength_positive': False, 'near_52w_high': False}",improving,improving,98.72,101.84,-0.12,-2.45,False,False,2026-07-20 ratio=98.84 momentum=104.28; 2026-07-21 ratio=98.80 momentum=104.37; 2026-07-22 ratio=98.70 momentum=103.63; 2026-07-23 ratio=98.66 momentum=102.48; 2026-07-24 ratio=98.72 momentum=101.84,9.2
stock,Mahanagar Gas,MGL.NS,LPG/CNG/PNG/LNG Supplier,"Oil, Gas & Consumable Fuels",10634.88,2.79,131.92,-45.56,2051.22,4.52,12.56,18.28,,not_stage_2,1,1077.0,1094.28,-0.45,0.04531,"{'price_above_30w_ma': False, '30w_ma_rising': False, 'price_above_10w_ma': False, 'relative_strength_positive': False, 'near_52w_high': True}",lagging,lagging,99.24,98.4,0.24,-0.1,False,False,2026-07-20 ratio=98.99 momentum=98.50; 2026-07-21 ratio=98.87 momentum=97.70; 2026-07-22 ratio=99.11 momentum=99.45; 2026-07-23 ratio=98.92 momentum=97.08; 2026-07-24 ratio=99.24 momentum=98.40,20.0
stock,Confidence Petro,CONFIPET.NS,LPG/CNG/PNG/LNG Supplier,"Oil, Gas & Consumable Fuels",2598.65,0.13,34.39,37.5,1215.69,31.45,27.98,9.23,,stage_2,5,78.3,51.43,11.62,0.00329,"{'price_above_30w_ma': True, '30w_ma_rising': True, 'price_above_10w_ma': True, 'relative_strength_positive': True, 'near_52w_high': True}",leading,leading,101.42,101.38,0.46,0.27,False,False,2026-07-20 ratio=100.96 momentum=101.11; 2026-07-21 ratio=100.81 momentum=102.10; 2026-07-22 ratio=100.73 momentum=102.09; 2026-07-23 ratio=100.72 momentum=100.16; 2026-07-24 ratio=101.42 momentum=101.38,182.24
stock,IRM Energy,IRMENERGY.NS,LPG/CNG/PNG/LNG Supplier,"Oil, Gas & Consumable Fuels",1042.11,0.59,12.76,190.66,279.67,4.41,19.58,8.63,,not_stage_2,1,254.55,252.73,-1.06,0.01071,"{'price_above_30w_ma': True, '30w_ma_rising': False, 'price_above_10w_ma': False, 'relative_strength_positive': False, 'near_52w_high': False}",lagging,lagging,98.75,98.08,-0.1,0.25,False,False,2026-07-20 ratio=98.85 momentum=97.83; 2026-07-21 ratio=98.90 momentum=99.20; 2026-07-22 ratio=98.71 momentum=98.22; 2026-07-23 ratio=98.71 momentum=97.58; 2026-07-24 ratio=98.75 momentum=98.08,20.0
stock,Life Insurance,LICI.NS,Life Insurance,Financial Services,532881.08,2.37,23467.18,23.26,276743.77,13.82,9.28,35.14,,stage_2,5,421.3,412.73,0.07,0.01773,"{'price_above_30w_ma': True, '30w_ma_rising': True, 'price_above_10w_ma': True, 'relative_strength_positive': True, 'near_52w_high': True}",weakening,leading,100.29,97.21,-0.37,-2.88,False,False,2026-07-20 ratio=100.66 momentum=100.09; 2026-07-21 ratio=100.45 momentum=98.54; 2026-07-22 ratio=100.19 momentum=98.15; 2026-07-23 ratio=100.18 momentum=97.05; 2026-07-24 ratio=100.29 momentum=97.21,126.59
stock,SBI Life Insuran,SBILIFE.NS,Life Insurance,Financial Services,186541.59,0.15,724.93,21.97,46336.78,18.82,71.72,14.95,,not_stage_2,3,1858.6,1900.5,-1.31,0.0782,"{'price_above_30w_ma': False, '30w_ma_rising': False, 'price_above_10w_ma': True, 'relative_strength_positive': True, 'near_52w_high': True}",leading,improving,101.15,101.29,1.56,-1.14,False,False,2026-07-20 ratio=99.59 momentum=102.43; 2026-07-21 ratio=99.76 momentum=100.52; 2026-07-22 ratio=99.65 momentum=100.54; 2026-07-23 ratio=100.86 momentum=101.91; 2026-07-24 ratio=101.15 momentum=101.29,92.2
stock,HDFC Life Insur.,HDFCLIFE.NS,Life Insurance,Financial Services,120594.17,0.38,611.19,11.46,33758.51,14.58,61.06,10.3,,not_stage_2,0,555.05,633.95,-4.07,0.02335,"{'price_above_30w_ma': False, '30w_ma_rising': False, 'price_above_10w_ma': False, 'relative_strength_positive': False, 'near_52w_high': False}",improving,improving,99.0,101.89,0.26,-1.17,False,False,2026-07-20 ratio=98.74 momentum=103.07; 2026-07-21 ratio=98.69 momentum=101.04; 2026-07-22 ratio=98.59 momentum=101.32; 2026-07-23 ratio=98.68 momentum=103.27; 2026-07-24 ratio=99.00 momentum=101.89,9.45
stock,ICICI Pru Life,ICICIPRULI.NS,Life Insurance,Financial Services,72598.24,0.33,623.91,61.94,3185.46,-79.69,45.15,10.14,,not_stage_2,2,500.55,563.39,-3.32,0.02106,"{'price_above_30w_ma': False, '30w_ma_rising': False, 'price_above_10w_ma': True, 'relative_strength_positive': True, 'near_52w_high': False}",leading,improving,100.21,101.0,0.77,-0.66,False,False,2026-07-20 ratio=99.44 momentum=101.65; 2026-07-21 ratio=99.60 momentum=101.88; 2026-07-22 ratio=99.78 momentum=102.38; 2026-07-23 ratio=100.07 momentum=102.31; 2026-07-24 ratio=100.21 momentum=101.00,66.05
stock,Max Financial,MFSL.NS,Life Insurance,Financial Services,52274.34,0.0,-31.52,-184.35,10801.94,-12.72,629.21,2.95,,not_stage_2,1,1515.5,1643.78,-0.98,0.06376,"{'price_above_30w_ma': False, '30w_ma_rising': False, 'price_above_10w_ma': False, 'relative_strength_positive': False, 'near_52w_high': True}",lagging,lagging,98.3,98.19,0.52,-1.57,False,False,2026-07-20 ratio=97.79 momentum=99.75; 2026-07-21 ratio=97.91 momentum=98.99; 2026-07-22 ratio=97.95 momentum=99.52; 2026-07-23 ratio=97.86 momentum=99.01; 2026-07-24 ratio=98.30 momentum=98.19,20.0
stock,Canara HSBC,CANHLIFE.NS,Life Insurance,Financial Services,13940.66,0.0,28.14,20.15,4350.86,19.81,106.15,8.35,,stage_2,5,147.31,143.52,1.41,0.0062,"{'price_above_30w_ma': True, '30w_ma_rising': True, 'price_above_10w_ma': True, 'relative_strength_positive': True, 'near_52w_high': True}",leading,leading,101.39,100.6,-0.5,-1.5,False,False,2026-07-20 ratio=101.89 momentum=102.09; 2026-07-21 ratio=102.94 momentum=102.59; 2026-07-22 ratio=102.27 momentum=101.34; 2026-07-23 ratio=102.57 momentum=102.59; 2026-07-24 ratio=101.39 momentum=100.60,157.77
stock,Container Corpn.,CONCOR.NS,Logistics Solution Provider,Services,36355.93,1.93,268.9,0.08,2159.76,0.28,29.27,12.41,,not_stage_2,3,477.55,486.38,-0.83,0.02009,"{'price_above_30w_ma': False, '30w_ma_rising': False, 'price_above_10w_ma': True, 'relative_strength_positive': True, 'near_52w_high': True}",leading,leading,100.17,103.14,-0.3,1.42,False,False,2026-07-20 ratio=100.47 momentum=101.72; 2026-07-21 ratio=100.25 momentum=101.80; 2026-07-22 ratio=100.02 momentum=102.34; 2026-07-23 ratio=100.15 momentum=102.60; 2026-07-24 ratio=100.17 momentum=103.14,96.55
stock,Delhivery,DELHIVERY.NS,Logistics Solution Provider,Services,34651.25,0.0,72.4,-2.29,2850.0,30.04,194.12,2.82,,not_stage_2,3,462.55,444.85,2.71,0.01946,"{'price_above_30w_ma': True, '30w_ma_rising': True, 'price_above_10w_ma': False, 'relative_strength_positive': False, 'near_52w_high': True}",lagging,weakening,99.72,96.6,-0.66,-0.19,False,False,2026-07-20 ratio=100.38 momentum=96.79; 2026-07-21 ratio=100.32 momentum=97.18; 2026-07-22 ratio=99.73 momentum=97.35; 2026-07-23 ratio=99.75 momentum=96.72; 2026-07-24 ratio=99.72 momentum=96.60,65.42
stock,Shadowfax Technologies,SHADOWFAX.NS,Logistics Solution Provider,Services,12555.66,0.0,55.27,648.31,1205.81,73.62,109.01,9.66,,insufficient_data,0,,,,,{},weakening,weakening,100.29,97.44,-0.3,-1.01,False,False,2026-07-20 ratio=100.59 momentum=98.45; 2026-07-21 ratio=100.47 momentum=98.61; 2026-07-22 ratio=100.41 momentum=98.88; 2026-07-23 ratio=100.55 momentum=99.26; 2026-07-24 ratio=100.29 momentum=97.44,1.45
stock,Blue Dart Expres,BLUEDART.NS,Logistics Solution Provider,Services,11650.22,0.51,48.85,-11.26,1533.47,8.2,41.54,16.64,,not_stage_2,2,4911.5,5211.94,-1.39,0.20665,"{'price_above_30w_ma': False, '30w_ma_rising': False, 'price_above_10w_ma': True, 'relative_strength_positive': True, 'near_52w_high': False}",leading,improving,100.96,102.81,1.58,2.7,True,False,2026-07-20 ratio=99.38 momentum=100.11; 2026-07-21 ratio=99.30 momentum=100.96; 2026-07-22 ratio=99.12 momentum=99.78; 2026-07-23 ratio=98.83 momentum=98.00; 2026-07-24 ratio=100.96 momentum=102.81,88.85
stock,Transport Corp.,TCI.NS,Logistics Solution Provider,Services,7046.63,1.09,124.5,8.23,1323.8,12.3,15.53,19.45,,not_stage_2,1,917.75,975.97,-1.62,0.03861,"{'price_above_30w_ma': False, '30w_ma_rising': False, 'price_above_10w_ma': False, 'relative_strength_positive': False, 'near_52w_high': True}",improving,improving,99.75,100.55,0.28,-0.96,False,False,2026-07-20 ratio=99.46 momentum=101.51; 2026-07-21 ratio=99.61 momentum=97.21; 2026-07-22 ratio=99.73 momentum=98.22; 2026-07-23 ratio=100.12 momentum=102.21; 2026-07-24 ratio=99.75 momentum=100.55,22.75
stock,TVS Supply,TVSSCS.NS,Logistics Solution Provider,Services,5872.54,0.0,18.36,543.4,3032.22,21.35,31.56,10.06,,stage_2,5,133.13,116.95,3.49,0.0056,"{'price_above_30w_ma': True, '30w_ma_rising': True, 'price_above_10w_ma': True, 'relative_strength_positive': True, 'near_52w_high': True}",weakening,weakening,100.53,96.8,-0.15,-1.42,False,False,2026-07-20 ratio=100.68 momentum=98.22; 2026-07-21 ratio=100.59 momentum=97.90; 2026-07-22 ratio=100.51 momentum=98.43; 2026-07-23 ratio=100.39 momentum=96.36; 2026-07-24 ratio=100.53 momentum=96.80,134.63
stock,VRL Logistics,VRLLOG.NS,Logistics Solution Provider,Services,4259.95,3.09,72.14,-2.87,852.85,5.42,17.62,18.27,,not_stage_2,3,243.11,252.59,-1.71,0.01023,"{'price_above_30w_ma': False, '30w_ma_rising': False, 'price_above_10w_ma': True, 'relative_strength_positive': True, 'near_52w_high': True}",leading,lagging,101.04,102.66,2.49,6.43,True,False,2026-07-20 ratio=98.55 momentum=96.23; 2026-07-21 ratio=100.20 momentum=103.05; 2026-07-22 ratio=100.47 momentum=102.54; 2026-07-23 ratio=100.55 momentum=102.46; 2026-07-24 ratio=101.04 momentum=102.66,108.5
stock,Mahindra Logis.,MAHLOG.NS,Logistics Solution Provider,Services,4121.66,0.6,27.83,335.09,2002.88,23.29,104.6,7.36,,stage_2,5,416.35,369.05,2.88,0.01752,"{'price_above_30w_ma': True, '30w_ma_rising': True, 'price_above_10w_ma': True, 'relative_strength_positive': True, 'near_52w_high': True}",leading,leading,102.86,103.41,1.55,1.81,False,False,2026-07-20 ratio=101.31 momentum=101.60; 2026-07-21 ratio=101.26 momentum=102.12; 2026-07-22 ratio=102.08 momentum=103.53; 2026-07-23 ratio=101.54 momentum=101.33; 2026-07-24 ratio=102.86 momentum=103.41,182.11
stock,Gateway Distri,GATEWAY.NS,Logistics Solution Provider,Services,2819.96,3.55,63.7,25.51,533.65,-0.24,10.94,10.83,,not_stage_2,1,56.38,57.52,-0.33,0.00237,"{'price_above_30w_ma': False, '30w_ma_rising': False, 'price_above_10w_ma': False, 'relative_strength_positive': False, 'near_52w_high': True}",lagging,lagging,99.09,98.63,-0.4,2.43,False,False,2026-07-20 ratio=99.49 momentum=96.20; 2026-07-21 ratio=99.61 momentum=97.70; 2026-07-22 ratio=99.52 momentum=99.19; 2026-07-23 ratio=99.36 momentum=99.29; 2026-07-24 ratio=99.09 momentum=98.63,20.0
stock,TCI Express,TCIEXP.NS,Logistics Solution Provider,Services,2154.54,1.43,16.03,-9.5,328.08,6.77,26.12,13.76,,not_stage_2,4,561.15,530.94,-0.56,0.02361,"{'price_above_30w_ma': True, '30w_ma_rising': False, 'price_above_10w_ma': True, 'relative_strength_positive': True, 'near_52w_high': True}",weakening,leading,101.25,99.77,-0.45,-3.01,False,False,2026-07-20 ratio=101.70 momentum=102.78; 2026-07-21 ratio=102.03 momentum=104.09; 2026-07-22 ratio=101.91 momentum=111.04; 2026-07-23 ratio=101.25 momentum=99.66; 2026-07-24 ratio=101.25 momentum=99.77,86.25
stock,Castrol India,CASTROLIND.NS,Lubricants,"Oil, Gas & Consumable Fuels",18281.94,4.74,242.18,3.74,1545.24,8.67,18.75,60.27,,not_stage_2,4,184.79,184.25,-0.25,0.00777,"{'price_above_30w_ma': True, '30w_ma_rising': False, 'price_above_10w_ma': True, 'relative_strength_positive': True, 'near_52w_high': True}",leading,improving,100.65,102.72,1.87,0.57,True,False,2026-07-20 ratio=98.78 momentum=102.15; 2026-07-21 ratio=99.19 momentum=103.06; 2026-07-22 ratio=100.30 momentum=101.58; 2026-07-23 ratio=100.52 momentum=101.85; 2026-07-24 ratio=100.65 momentum=102.72,126.85
stock,Gulf Oil Lubric.,GULFOILLUB.NS,Lubricants,"Oil, Gas & Consumable Fuels",5033.6,4.73,90.02,-1.75,1040.24,13.68,13.7,27.46,,not_stage_2,3,1015.7,1016.64,-1.87,0.04273,"{'price_above_30w_ma': False, '30w_ma_rising': False, 'price_above_10w_ma': True, 'relative_strength_positive': True, 'near_52w_high': True}",weakening,lagging,100.62,99.08,0.63,2.75,False,False,2026-07-20 ratio=99.99 momentum=96.33; 2026-07-21 ratio=99.84 momentum=96.50; 2026-07-22 ratio=99.86 momentum=97.19; 2026-07-23 ratio=100.94 momentum=99.44; 2026-07-24 ratio=100.62 momentum=99.08,63.1
stock,Savita Oil Tech,SOTL.NS,Lubricants,"Oil, Gas & Consumable Fuels",4419.07,0.62,50.34,45.79,1223.96,21.71,22.8,15.68,,stage_2,5,645.75,422.12,7.47,0.02717,"{'price_above_30w_ma': True, '30w_ma_rising': True, 'price_above_10w_ma': True, 'relative_strength_positive': True, 'near_52w_high': True}",leading,weakening,101.65,101.01,0.74,1.98,True,False,2026-07-20 ratio=100.91 momentum=99.03; 2026-07-21 ratio=101.06 momentum=101.36; 2026-07-22 ratio=101.00 momentum=101.03; 2026-07-23 ratio=101.68 momentum=102.09; 2026-07-24 ratio=101.65 momentum=101.01,183.24
stock,Panama Petrochem,PANAMAPET.NS,Lubricants,"Oil, Gas & Consumable Fuels",3009.29,0.6,71.08,60.56,822.77,18.35,14.16,19.15,,stage_2,5,498.25,323.71,7.06,0.02096,"{'price_above_30w_ma': True, '30w_ma_rising': True, 'price_above_10w_ma': True, 'relative_strength_positive': True, 'near_52w_high': True}",leading,weakening,102.01,102.02,0.7,2.6,True,False,2026-07-20 ratio=101.31 momentum=99.42; 2026-07-21 ratio=101.38 momentum=100.82; 2026-07-22 ratio=101.36 momentum=101.68; 2026-07-23 ratio=102.12 momentum=102.44; 2026-07-24 ratio=102.01 momentum=102.02,189.27
stock,Gandhar Oil Ref.,GANDHAR.NS,Lubricants,"Oil, Gas & Consumable Fuels",2762.25,0.71,205.89,633.09,1731.93,91.81,9.16,13.19,,stage_2,5,282.46,157.85,7.62,0.01188,"{'price_above_30w_ma': True, '30w_ma_rising': True, 'price_above_10w_ma': True, 'relative_strength_positive': True, 'near_52w_high': True}",leading,leading,103.54,101.9,0.73,-2.21,False,False,2026-07-20 ratio=102.82 momentum=104.11; 2026-07-21 ratio=102.55 momentum=102.36; 2026-07-22 ratio=102.81 momentum=103.14; 2026-07-23 ratio=104.07 momentum=103.67; 2026-07-24 ratio=103.54 momentum=101.90,187.44
stock,Veedol Corporat,VEEDOL.NS,Lubricants,"Oil, Gas & Consumable Fuels",2435.52,4.15,57.46,-3.75,606.98,14.04,12.71,24.23,,not_stage_2,0,1398.8,1429.23,-1.94,0.05885,"{'price_above_30w_ma': False, '30w_ma_rising': False, 'price_above_10w_ma': False, 'relative_strength_positive': False, 'near_52w_high': False}",lagging,lagging,98.71,99.11,1.29,1.16,False,False,2026-07-20 ratio=97.41 momentum=97.95; 2026-07-21 ratio=97.93 momentum=97.82; 2026-07-22 ratio=97.87 momentum=98.06; 2026-07-23 ratio=98.37 momentum=98.85; 2026-07-24 ratio=98.71 momentum=99.11,0.0
stock,GP Petroleums,GULFPETRO.NS,Lubricants,"Oil, Gas & Consumable Fuels",220.82,0.0,21.19,229.04,230.33,45.6,5.07,10.9,,stage_2,5,43.28,34.42,1.47,0.00182,"{'price_above_30w_ma': True, '30w_ma_rising': True, 'price_above_10w_ma': True, 'relative_strength_positive': True, 'near_52w_high': True}",leading,lagging,101.78,102.29,2.41,4.79,True,False,2026-07-20 ratio=99.37 momentum=97.49; 2026-07-21 ratio=99.97 momentum=98.31; 2026-07-22 ratio=100.38 momentum=100.35; 2026-07-23 ratio=101.08 momentum=101.99; 2026-07-24 ratio=101.78 momentum=102.29,178.29
stock,Arabian Petrol.,ARABIAN.NS,Lubricants,"Oil, Gas & Consumable Fuels",75.65,0.0,5.21,3.37,200.25,36.98,6.72,18.41,,not_stage_2,3,69.5,69.96,-0.15,0.00292,"{'price_above_30w_ma': False, '30w_ma_rising': False, 'price_above_10w_ma': True, 'relative_strength_positive': True, 'near_52w_high': True}",weakening,lagging,100.39,98.76,1.52,1.19,False,False,2026-07-17 ratio=98.87 momentum=97.57; 2026-07-20 ratio=99.00 momentum=98.04; 2026-07-21 ratio=99.09 momentum=98.11; 2026-07-22 ratio=99.32 momentum=97.60; 2026-07-23 ratio=100.39 momentum=98.76,61.95
stock,Sundrex Oil,SOCL.NS,Lubricants,"Oil, Gas & Consumable Fuels",38.04,0.0,2.9,-16.18,67.25,96.29,7.15,21.24,,insufficient_data,0,,,,,{},insufficient_data,insufficient_data,,,,,False,False,,0.0
stock,Venky's (India),VENKEYS.NS,Meat Products including Poultry,Fast Moving Consumer Goods,2120.98,0.66,101.37,662.18,1100.47,30.52,15.23,11.89,,stage_2,5,1505.2,1451.55,0.53,0.06333,"{'price_above_30w_ma': True, '30w_ma_rising': True, 'price_above_10w_ma': True, 'relative_strength_positive': True, 'near_52w_high': True}",leading,leading,100.99,102.89,0.68,0.02,False,False,2026-07-20 ratio=100.31 momentum=102.87; 2026-07-21 ratio=100.45 momentum=103.38; 2026-07-22 ratio=100.35 momentum=103.18; 2026-07-23 ratio=100.69 momentum=104.74; 2026-07-24 ratio=100.99 momentum=102.89,165.46
stock,SKM Egg Prod.,SKMEGGPROD.NS,Meat Products including Poultry,Fast Moving Consumer Goods,1710.66,0.23,32.79,414.65,186.65,58.93,16.49,30.0,,stage_2,5,324.75,204.31,7.66,0.01366,"{'price_above_30w_ma': True, '30w_ma_rising': True, 'price_above_10w_ma': True, 'relative_strength_positive': True, 'near_52w_high': True}",weakening,weakening,101.26,98.85,0.05,1.21,False,False,2026-07-20 ratio=101.21 momentum=97.64; 2026-07-21 ratio=101.08 momentum=98.28; 2026-07-22 ratio=101.09 momentum=99.00; 2026-07-23 ratio=101.23 momentum=98.65; 2026-07-24 ratio=101.26 momentum=98.85,146.62
stock,HMA Agro Inds.,HMAAGRO.NS,Meat Products including Poultry,Fast Moving Consumer Goods,1063.15,1.41,8.23,-39.71,1579.1,5.3,6.45,15.99,,not_stage_2,0,21.34,24.51,-3.83,0.0009,"{'price_above_30w_ma': False, '30w_ma_rising': False, 'price_above_10w_ma': False, 'relative_strength_positive': False, 'near_52w_high': False}",improving,improving,98.88,103.62,0.23,0.15,False,True,2026-07-20 ratio=98.65 momentum=103.47; 2026-07-21 ratio=98.78 momentum=105.21; 2026-07-22 ratio=98.79 momentum=102.74; 2026-07-23 ratio=98.70 momentum=102.38; 2026-07-24 ratio=98.88 momentum=103.62,18.1
stock,Prime Focus,PFOCUS.NS,Media & Entertainment,"Media, Entertainment & Publication",22492.14,0.0,117.7,-24.77,1384.47,41.42,95.77,11.5,,stage_2,5,289.29,265.39,2.83,0.01217,"{'price_above_30w_ma': True, '30w_ma_rising': True, 'price_above_10w_ma': True, 'relative_strength_positive': True, 'near_52w_high': True}",leading,leading,102.16,103.82,0.59,1.15,False,False,2026-07-20 ratio=101.57 momentum=102.67; 2026-07-21 ratio=101.89 momentum=103.12; 2026-07-22 ratio=101.85 momentum=103.34; 2026-07-23 ratio=102.02 momentum=103.61; 2026-07-24 ratio=102.16 momentum=103.82,180.56
stock,Saregama India,SAREGAMA.NS,Media & Entertainment,"Media, Entertainment & Publication",9576.91,0.91,74.14,35.42,287.44,19.36,44.91,17.76,,stage_2,5,496.5,385.12,4.73,0.02089,"{'price_above_30w_ma': True, '30w_ma_rising': True, 'price_above_10w_ma': True, 'relative_strength_positive': True, 'near_52w_high': True}",leading,leading,101.2,101.91,-0.17,0.58,False,False,2026-07-20 ratio=101.37 momentum=101.33; 2026-07-21 ratio=101.41 momentum=103.36; 2026-07-22 ratio=100.84 momentum=102.17; 2026-07-23 ratio=100.89 momentum=100.01; 2026-07-24 ratio=101.20 momentum=101.91,170.01
stock,Tips Music,TIPSMUSIC.NS,Media & Entertainment,"Media, Entertainment & Publication",8941.85,1.86,43.7,-4.67,106.51,20.94,41.67,122.19,,stage_2,5,699.45,597.15,3.61,0.02943,"{'price_above_30w_ma': True, '30w_ma_rising': True, 'price_above_10w_ma': True, 'relative_strength_positive': True, 'near_52w_high': True}",weakening,leading,101.62,99.53,-0.11,-1.23,False,False,2026-07-20 ratio=101.73 momentum=100.77; 2026-07-21 ratio=101.78 momentum=101.22; 2026-07-22 ratio=98.14 momentum=98.11; 2026-07-23 ratio=100.59 momentum=98.31; 2026-07-24 ratio=101.62 momentum=99.53,140.32
stock,Netwrk.18 Media,NETWORK18.NS,Media & Entertainment,"Media, Entertainment & Publication",4419.49,0.0,-38.36,-2074.55,516.26,10.34,,3.02,,not_stage_2,0,28.62,34.01,-4.6,0.0012,"{'price_above_30w_ma': False, '30w_ma_rising': False, 'price_above_10w_ma': False, 'relative_strength_positive': False, 'near_52w_high': False}",lagging,lagging,97.98,99.17,0.13,1.55,False,False,2026-07-20 ratio=97.85 momentum=97.62; 2026-07-21 ratio=97.77 momentum=98.26; 2026-07-22 ratio=97.52 momentum=98.30; 2026-07-23 ratio=97.40 momentum=98.57; 2026-07-24 ratio=97.98 momentum=99.17,0.0
stock,Balaji Telefilms,BALAJITELE.NS,Media & Entertainment,"Media, Entertainment & Publication",1020.16,0.0,-14.16,-114.98,47.62,-28.12,,-9.54,,not_stage_2,0,84.04,94.02,-2.77,0.00354,"{'price_above_30w_ma': False, '30w_ma_rising': False, 'price_above_10w_ma': False, 'relative_strength_positive': False, 'near_52w_high': False}",lagging,lagging,98.59,96.96,-0.7,-2.16,False,False,2026-07-20 ratio=99.30 momentum=99.12; 2026-07-21 ratio=99.17 momentum=98.60; 2026-07-22 ratio=98.94 momentum=97.62; 2026-07-23 ratio=98.94 momentum=97.55; 2026-07-24 ratio=98.59 momentum=96.96,0.0
stock,Ent.Network,ENIL.NS,Media & Entertainment,"Media, Entertainment & Publication",503.78,1.89,8.27,-18.52,142.14,-10.16,258.35,-0.75,,not_stage_2,0,105.63,110.55,-1.01,0.00444,"{'price_above_30w_ma': False, '30w_ma_rising': False, 'price_above_10w_ma': False, 'relative_strength_positive': False, 'near_52w_high': False}",improving,improving,99.25,102.82,-0.08,-0.5,False,False,2026-07-20 ratio=99.33 momentum=103.31; 2026-07-21 ratio=99.14 momentum=99.13; 2026-07-22 ratio=99.30 momentum=101.47; 2026-07-23 ratio=99.34 momentum=102.58; 2026-07-24 ratio=99.25 momentum=102.82,14.1
stock,Basilic Fly Stud,BASILIC.NS,Media & Entertainment,"Media, Entertainment & Publication",480.79,0.0,15.4,-29.81,113.4,-15.12,9.41,22.32,,not_stage_2,0,193.0,231.12,-6.92,0.00812,"{'price_above_30w_ma': False, '30w_ma_rising': False, 'price_above_10w_ma': False, 'relative_strength_positive': False, 'near_52w_high': False}",lagging,lagging,98.72,97.58,-0.06,-0.79,False,False,2026-07-17 ratio=98.77 momentum=98.37; 2026-07-20 ratio=98.78 momentum=104.70; 2026-07-21 ratio=98.78 momentum=100.70; 2026-07-22 ratio=98.81 momentum=98.69; 2026-07-23 ratio=98.72 momentum=97.58,0.0
stock,Gretex Industrie,GRETEX.NS,Media & Entertainment,"Media, Entertainment & Publication",465.18,0.0,0.1,-92.09,27.6,43.97,332.27,3.01,,stage_2,5,300.0,257.98,5.83,0.01262,"{'price_above_30w_ma': True, '30w_ma_rising': True, 'price_above_10w_ma': True, 'relative_strength_positive': True, 'near_52w_high': True}",leading,leading,101.65,101.04,-0.11,-1.14,False,False,2026-07-17 ratio=101.76 momentum=102.18; 2026-07-20 ratio=101.77 momentum=102.77; 2026-07-21 ratio=101.74 momentum=103.41; 2026-07-22 ratio=101.62 momentum=100.70; 2026-07-23 ratio=101.65 momentum=101.04,170.11
stock,Shemaroo Entert.,SHEMAROO.NS,Media & Entertainment,"Media, Entertainment & Publication",334.35,0.0,-8.07,82.43,131.68,-5.62,,-39.34,,stage_2,5,121.38,106.1,2.16,0.00511,"{'price_above_30w_ma': True, '30w_ma_rising': True, 'price_above_10w_ma': True, 'relative_strength_positive': True, 'near_52w_high': True}",weakening,weakening,100.41,96.86,0.12,-1.16,False,False,2026-07-20 ratio=100.29 momentum=98.02; 2026-07-21 ratio=100.78 momentum=100.28; 2026-07-22 ratio=100.70 momentum=100.13; 2026-07-23 ratio=100.78 momentum=99.84; 2026-07-24 ratio=100.41 momentum=96.86,131.37
stock,Phantom Digital,PHANTOMFX.NS,Media & Entertainment,"Media, Entertainment & Publication",272.84,0.0,20.69,150.18,84.98,139.11,8.36,17.61,,not_stage_2,0,172.2,195.86,-4.4,0.00725,"{'price_above_30w_ma': False, '30w_ma_rising': False, 'price_above_10w_ma': False, 'relative_strength_positive': False, 'near_52w_high': False}",lagging,improving,98.89,96.9,-0.58,-5.65,False,False,2026-07-17 ratio=99.47 momentum=102.55; 2026-07-20 ratio=99.85 momentum=99.90; 2026-07-21 ratio=99.68 momentum=99.00; 2026-07-22 ratio=99.16 momentum=98.98; 2026-07-23 ratio=98.89 momentum=96.90,0.0
stock,Poly Medicure,POLYMED.NS,Medical Equipment & Supplies,Healthcare,16851.75,0.21,65.04,-27.81,534.51,21.25,51.5,14.04,,not_stage_2,4,1664.0,1490.83,-1.47,0.07001,"{'price_above_30w_ma': True, '30w_ma_rising': False, 'price_above_10w_ma': True, 'relative_strength_positive': True, 'near_52w_high': True}",leading,leading,101.01,100.26,-0.22,-0.21,False,False,2026-07-20 ratio=101.23 momentum=100.47; 2026-07-21 ratio=101.02 momentum=100.38; 2026-07-22 ratio=100.94 momentum=101.15; 2026-07-23 ratio=100.64 momentum=98.80; 2026-07-24 ratio=101.01 momentum=100.26,106.35
stock,Fischer Medical,FISCHER.NS,Medical Equipment & Supplies,Healthcare,2490.25,0.01,-7.1,-641.98,97.73,98.76,80.28,11.43,,not_stage_2,2,37.94,38.1,-2.05,0.0016,"{'price_above_30w_ma': False, '30w_ma_rising': False, 'price_above_10w_ma': True, 'relative_strength_positive': True, 'near_52w_high': False}",weakening,leading,100.73,99.21,-0.78,-4.03,False,False,2026-07-20 ratio=101.51 momentum=103.24; 2026-07-21 ratio=101.52 momentum=104.03; 2026-07-22 ratio=101.11 momentum=102.73; 2026-07-23 ratio=101.21 momentum=101.51; 2026-07-24 ratio=100.73 momentum=99.21,43.65
stock,Tarsons Products,TARSONS.NS,Medical Equipment & Supplies,Healthcare,1667.71,0.0,4.18,-60.59,120.93,7.31,110.74,4.56,,stage_2,5,312.75,219.99,4.08,0.01316,"{'price_above_30w_ma': True, '30w_ma_rising': True, 'price_above_10w_ma': True, 'relative_strength_positive': True, 'near_52w_high': True}",weakening,weakening,101.7,98.52,0.7,1.6,False,False,2026-07-20 ratio=101.00 momentum=96.92; 2026-07-21 ratio=101.81 momentum=98.58; 2026-07-22 ratio=101.63 momentum=98.52; 2026-07-23 ratio=101.86 momentum=99.54; 2026-07-24 ratio=101.70 momentum=98.52,141.66
stock,Laxmi Dental,LAXMIDENTL.NS,Medical Equipment & Supplies,Healthcare,1188.61,0.0,10.1,149.5,73.95,21.89,35.54,14.86,,not_stage_2,1,216.44,209.18,-2.67,0.00911,"{'price_above_30w_ma': True, '30w_ma_rising': False, 'price_above_10w_ma': False, 'relative_strength_positive': False, 'near_52w_high': False}",lagging,lagging,99.45,99.14,-0.38,0.62,False,False,2026-07-20 ratio=99.83 momentum=98.52; 2026-07-21 ratio=99.91 momentum=100.65; 2026-07-22 ratio=99.44 momentum=99.31; 2026-07-23 ratio=99.28 momentum=98.46; 2026-07-24 ratio=99.45 momentum=99.14,20.0
stock,Q-Line Biotech,QLINE.NS,Medical Equipment & Supplies,Healthcare,1179.82,0.0,34.41,147.29,197.94,-8.59,20.89,22.46,,insufficient_data,0,,,,,{},insufficient_data,insufficient_data,,,,,False,False,,0.0
stock,OSEL Devices,OSELDEVICE.NS,Medical Equipment & Supplies,Healthcare,766.59,0.0,14.06,16.78,145.81,47.1,26.21,24.4,,insufficient_data,0,,,,,{},insufficient_data,insufficient_data,,,,,False,False,,0.0
stock,Vasa Denticity,DENTALKART.NS,Medical Equipment & Supplies,Healthcare,737.88,0.0,1.36,-68.52,72.41,-0.54,68.45,9.21,,not_stage_2,2,420.9,444.5,-5.05,0.01771,"{'price_above_30w_ma': False, '30w_ma_rising': False, 'price_above_10w_ma': True, 'relative_strength_positive': True, 'near_52w_high': False}",leading,leading,100.82,101.81,-0.13,-1.35,False,False,2026-07-17 ratio=100.95 momentum=103.17; 2026-07-20 ratio=100.57 momentum=102.77; 2026-07-21 ratio=101.04 momentum=102.75; 2026-07-22 ratio=100.78 momentum=101.89; 2026-07-23 ratio=100.82 momentum=101.81,73.15
stock,Nureca,NURECA.NS,Medical Equipment & Supplies,Healthcare,287.93,0.0,3.07,279.01,40.34,18.02,66.34,3.3,,not_stage_2,4,301.64,266.43,-1.58,0.01269,"{'price_above_30w_ma': True, '30w_ma_rising': False, 'price_above_10w_ma': True, 'relative_strength_positive': True, 'near_52w_high': True}",leading,leading,102.16,103.87,0.9,1.25,False,False,2026-07-20 ratio=101.27 momentum=102.62; 2026-07-21 ratio=101.76 momentum=103.06; 2026-07-22 ratio=102.63 momentum=103.45; 2026-07-23 ratio=101.98 momentum=103.01; 2026-07-24 ratio=102.16 momentum=103.87,130.15
stock,Aprameya Enginee,APRAMEYA.NS,Medical Equipment & Supplies,Healthcare,283.69,0.0,-1.72,-109.64,12.61,-90.03,56.29,12.64,,insufficient_data,0,,,,,{},insufficient_data,insufficient_data,,,,,False,False,,0.0
stock,QMS Medical,QMSMEDI.NS,Medical Equipment & Supplies,Healthcare,213.87,0.45,2.02,-48.5,44.42,-0.36,21.11,13.18,,stage_2,5,110.6,89.54,2.35,0.00465,"{'price_above_30w_ma': True, '30w_ma_rising': True, 'price_above_10w_ma': True, 'relative_strength_positive': True, 'near_52w_high': True}",leading,weakening,101.48,100.17,0.27,2.64,True,False,2026-07-20 ratio=101.21 momentum=97.54; 2026-07-21 ratio=101.06 momentum=99.44; 2026-07-22 ratio=101.58 momentum=100.55; 2026-07-23 ratio=101.23 momentum=99.22; 2026-07-24 ratio=101.48 momentum=100.17,167.95
stock,CreditAcc. Gram.,CREDITACC.NS,Microfinance Institutions,Financial Services,24332.69,0.0,493.39,719.72,1783.49,21.92,20.1,9.98,,stage_2,5,1517.6,1318.02,2.49,0.06385,"{'price_above_30w_ma': True, '30w_ma_rising': True, 'price_above_10w_ma': True, 'relative_strength_positive': True, 'near_52w_high': True}",weakening,weakening,101.32,99.84,0.44,2.48,False,False,2026-07-20 ratio=100.88 momentum=97.36; 2026-07-21 ratio=101.31 momentum=98.25; 2026-07-22 ratio=100.93 momentum=97.55; 2026-07-23 ratio=101.15 momentum=97.72; 2026-07-24 ratio=101.32 momentum=99.84,136.58
stock,Muthoot Microfin,MUTHOOTMF.NS,Microfinance Institutions,Financial Services,4264.18,0.0,71.12,117.73,631.81,13.83,24.97,9.31,,stage_2,5,250.11,186.03,4.34,0.01052,"{'price_above_30w_ma': True, '30w_ma_rising': True, 'price_above_10w_ma': True, 'relative_strength_positive': True, 'near_52w_high': True}",weakening,leading,101.96,98.06,-0.48,-3.41,False,False,2026-07-20 ratio=102.44 momentum=101.48; 2026-07-21 ratio=102.32 momentum=101.73; 2026-07-22 ratio=102.08 momentum=102.24; 2026-07-23 ratio=101.65 momentum=101.18; 2026-07-24 ratio=101.96 momentum=98.06,143.48
stock,Fusion Finance,FUSION.NS,Microfinance Institutions,Financial Services,3509.97,0.0,114.19,169.39,424.02,-9.02,253.43,5.92,,stage_2,5,216.48,183.15,4.87,0.00911,"{'price_above_30w_ma': True, '30w_ma_rising': True, 'price_above_10w_ma': True, 'relative_strength_positive': True, 'near_52w_high': True}",weakening,weakening,101.02,96.46,-0.3,-1.11,False,False,2026-07-20 ratio=101.32 momentum=97.57; 2026-07-21 ratio=101.40 momentum=98.22; 2026-07-22 ratio=101.11 momentum=98.09; 2026-07-23 ratio=101.21 momentum=97.27; 2026-07-24 ratio=101.02 momentum=96.46,139.84
stock,Satin Creditcare,SATIN.NS,Microfinance Institutions,Financial Services,2972.55,0.0,162.04,640.16,919.5,49.48,8.95,13.84,,stage_2,5,268.87,187.33,9.03,0.01131,"{'price_above_30w_ma': True, '30w_ma_rising': True, 'price_above_10w_ma': True, 'relative_strength_positive': True, 'near_52w_high': True}",leading,weakening,102.09,102.12,1.02,2.73,True,False,2026-07-20 ratio=101.07 momentum=99.39; 2026-07-21 ratio=101.23 momentum=99.16; 2026-07-22 ratio=100.88 momentum=99.36; 2026-07-23 ratio=101.24 momentum=99.77; 2026-07-24 ratio=102.09 momentum=102.12,194.11
stock,Spandana Sphoort,SPANDANA.NS,Microfinance Institutions,Financial Services,2116.73,0.0,11.88,103.3,283.91,-5.51,,-5.81,,not_stage_2,3,261.5,247.57,1.37,0.011,"{'price_above_30w_ma': True, '30w_ma_rising': True, 'price_above_10w_ma': False, 'relative_strength_positive': False, 'near_52w_high': True}",lagging,weakening,99.72,96.41,-0.99,0.62,False,False,2026-07-20 ratio=100.71 momentum=95.79; 2026-07-21 ratio=101.57 momentum=99.49; 2026-07-22 ratio=100.79 momentum=98.26; 2026-07-23 ratio=101.17 momentum=97.70; 2026-07-24 ratio=99.72 momentum=96.41,62.74
stock,Bajaj Finance,BAJFINANCE.NS,Non Banking Financial Company (NBFC),Financial Services,630746.63,0.53,5553.3,21.99,21605.79,18.1,32.81,10.87,,stage_2,5,1012.8,944.99,0.17,0.04261,"{'price_above_30w_ma': True, '30w_ma_rising': True, 'price_above_10w_ma': True, 'relative_strength_positive': True, 'near_52w_high': True}",weakening,weakening,101.08,98.21,-1.03,-1.77,False,False,2026-07-20 ratio=102.11 momentum=99.98; 2026-07-21 ratio=102.12 momentum=98.99; 2026-07-22 ratio=101.98 momentum=100.14; 2026-07-23 ratio=101.59 momentum=100.04; 2026-07-24 ratio=101.08 momentum=98.21,130.74
stock,Shriram Finance,SHRIRAMFIN.NS,Non Banking Financial Company (NBFC),Financial Services,236575.57,1.07,3452.77,59.89,13400.43,16.16,20.9,11.49,,stage_2,5,1005.1,995.45,1.99,0.04229,"{'price_above_30w_ma': True, '30w_ma_rising': True, 'price_above_10w_ma': True, 'relative_strength_positive': True, 'near_52w_high': True}",weakening,weakening,100.51,97.5,-0.4,0.12,False,False,2026-07-20 ratio=100.91 momentum=97.39; 2026-07-21 ratio=101.51 momentum=98.79; 2026-07-22 ratio=101.57 momentum=101.63; 2026-07-23 ratio=100.91 momentum=98.48; 2026-07-24 ratio=100.51 momentum=97.50,131.53
stock,Cholaman.Inv.&Fn,CHOLAFIN.NS,Non Banking Financial Company (NBFC),Financial Services,146981.0,0.12,1645.2,30.62,8416.71,19.46,28.06,9.71,,stage_2,5,1724.4,1631.92,0.65,0.07255,"{'price_above_30w_ma': True, '30w_ma_rising': True, 'price_above_10w_ma': True, 'relative_strength_positive': True, 'near_52w_high': True}",weakening,weakening,100.65,97.32,-0.3,1.29,False,False,2026-07-20 ratio=100.95 momentum=96.02; 2026-07-21 ratio=100.74 momentum=94.95; 2026-07-22 ratio=100.57 momentum=97.05; 2026-07-23 ratio=100.54 momentum=96.81; 2026-07-24 ratio=100.65 momentum=97.32,129.55
stock,Tata Capital,TATACAP.NS,Non Banking Financial Company (NBFC),Financial Services,145195.85,0.17,1466.27,42.82,8160.1,9.12,29.76,8.58,,stage_2,5,341.9,335.85,0.94,0.01439,"{'price_above_30w_ma': True, '30w_ma_rising': True, 'price_above_10w_ma': True, 'relative_strength_positive': True, 'near_52w_high': True}",weakening,weakening,100.43,96.95,-0.31,-2.89,False,False,2026-07-20 ratio=100.74 momentum=99.84; 2026-07-21 ratio=100.63 momentum=98.94; 2026-07-22 ratio=100.58 momentum=98.75; 2026-07-23 ratio=100.36 momentum=96.91; 2026-07-24 ratio=100.43 momentum=96.95,129.03
stock,Muthoot Finance,MUTHOOTFIN.NS,Non Banking Financial Company (NBFC),Financial Services,119924.52,1.0,3397.48,126.67,9288.71,65.23,11.32,15.77,,not_stage_2,1,2986.7,3390.06,-2.92,0.12566,"{'price_above_30w_ma': False, '30w_ma_rising': False, 'price_above_10w_ma': False, 'relative_strength_positive': False, 'near_52w_high': True}",lagging,lagging,99.13,99.61,0.45,1.17,False,False,2026-07-20 ratio=98.68 momentum=98.44; 2026-07-21 ratio=99.28 momentum=101.56; 2026-07-22 ratio=99.20 momentum=100.38; 2026-07-23 ratio=99.18 momentum=100.92; 2026-07-24 ratio=99.13 momentum=99.61,20.0
stock,L&T Finance Ltd,LTF.NS,Non Banking Financial Company (NBFC),Financial Services,75746.33,0.91,915.99,28.72,5212.92,22.38,23.65,8.4,,stage_2,5,302.4,286.41,0.49,0.01272,"{'price_above_30w_ma': True, '30w_ma_rising': True, 'price_above_10w_ma': True, 'relative_strength_positive': True, 'near_52w_high': True}",weakening,weakening,100.62,97.12,0.08,1.14,False,False,2026-07-20 ratio=100.54 momentum=95.98; 2026-07-21 ratio=100.62 momentum=95.93; 2026-07-22 ratio=100.70 momentum=97.94; 2026-07-23 ratio=100.72 momentum=97.05; 2026-07-24 ratio=100.62 momentum=97.12,129.08
stock,SBI Cards,SBICARD.NS,Non Banking Financial Company (NBFC),Financial Services,58909.56,0.4,664.44,19.51,5040.55,3.36,25.89,10.1,,not_stage_2,2,618.75,690.75,-4.63,0.02603,"{'price_above_30w_ma': False, '30w_ma_rising': False, 'price_above_10w_ma': True, 'relative_strength_positive': True, 'near_52w_high': False}",leading,leading,100.44,102.19,-0.67,0.09,False,False,2026-07-20 ratio=101.11 momentum=102.10; 2026-07-21 ratio=101.19 momentum=102.16; 2026-07-22 ratio=100.50 momentum=102.24; 2026-07-23 ratio=100.44 momentum=103.01; 2026-07-24 ratio=100.44 momentum=102.19,73.15
stock,HDB FINANC SER,HDBFS.NS,Non Banking Financial Company (NBFC),Financial Services,57449.59,0.58,785.2,38.31,4937.9,10.58,20.81,9.09,,not_stage_2,2,691.5,688.81,-0.57,0.02909,"{'price_above_30w_ma': True, '30w_ma_rising': False, 'price_above_10w_ma': False, 'relative_strength_positive': False, 'near_52w_high': True}",lagging,weakening,99.87,97.25,-0.69,-0.47,False,False,2026-07-20 ratio=100.56 momentum=97.71; 2026-07-21 ratio=100.37 momentum=98.26; 2026-07-22 ratio=100.14 momentum=97.94; 2026-07-23 ratio=99.81 momentum=97.59; 2026-07-24 ratio=99.87 momentum=97.25,40.0
stock,M & M Fin. Serv.,M&MFIN.NS,Non Banking Financial Company (NBFC),Financial Services,49539.09,2.1,927.48,75.43,5717.91,14.57,14.78,8.72,,not_stage_2,4,356.5,331.8,-1.28,0.015,"{'price_above_30w_ma': True, '30w_ma_rising': False, 'price_above_10w_ma': True, 'relative_strength_positive': True, 'near_52w_high': True}",leading,weakening,102.2,100.43,1.78,1.94,True,False,2026-07-20 ratio=100.43 momentum=98.49; 2026-07-21 ratio=102.17 momentum=101.60; 2026-07-22 ratio=103.61 momentum=102.11; 2026-07-23 ratio=102.98 momentum=101.12; 2026-07-24 ratio=102.20 momentum=100.43,123.15
stock,Sundaram Finance,SUNDARMFIN.NS,Non Banking Financial Company (NBFC),Financial Services,49436.93,0.9,554.17,1.41,2560.4,13.34,23.44,9.44,,not_stage_2,3,4447.8,4810.93,-1.15,0.18714,"{'price_above_30w_ma': False, '30w_ma_rising': False, 'price_above_10w_ma': True, 'relative_strength_positive': True, 'near_52w_high': True}",weakening,lagging,100.2,99.97,0.88,1.06,False,False,2026-07-20 ratio=99.32 momentum=98.92; 2026-07-21 ratio=99.72 momentum=97.33; 2026-07-22 ratio=99.64 momentum=96.61; 2026-07-23 ratio=99.80 momentum=96.43; 2026-07-24 ratio=100.20 momentum=99.97,61.0
stock,Jindal Drilling,JINDRILL.NS,Offshore Support Solution Drilling,"Oil, Gas & Consumable Fuels",1750.01,0.17,45.38,-32.23,262.87,7.29,8.19,15.4,,stage_2,5,605.1,539.89,1.52,0.02546,"{'price_above_30w_ma': True, '30w_ma_rising': True, 'price_above_10w_ma': True, 'relative_strength_positive': True, 'near_52w_high': True}",leading,improving,100.21,100.27,0.37,-1.53,False,False,2026-07-20 ratio=99.84 momentum=101.80; 2026-07-21 ratio=99.63 momentum=102.23; 2026-07-22 ratio=99.62 momentum=98.37; 2026-07-23 ratio=100.29 momentum=99.04; 2026-07-24 ratio=100.21 momentum=100.27,150.44
stock,Dolphin Offshore,DOLPHIN.NS,Offshore Support Solution Drilling,"Oil, Gas & Consumable Fuels",1513.12,0.0,14.81,30.71,42.85,160.64,21.01,14.92,,not_stage_2,1,376.95,409.68,-0.21,0.01586,"{'price_above_30w_ma': False, '30w_ma_rising': False, 'price_above_10w_ma': False, 'relative_strength_positive': False, 'near_52w_high': True}",improving,improving,99.29,100.55,0.47,-1.42,False,False,2026-07-20 ratio=98.82 momentum=101.97; 2026-07-21 ratio=98.76 momentum=103.88; 2026-07-22 ratio=99.15 momentum=100.18; 2026-07-23 ratio=100.30 momentum=102.22; 2026-07-24 ratio=99.29 momentum=100.55,22.75
stock,Alphageo (India),ALPHAGEO.NS,Offshore Support Solution Drilling,"Oil, Gas & Consumable Fuels",130.76,3.91,-2.99,18.25,49.29,-30.14,,-6.96,,not_stage_2,1,204.65,208.31,-1.5,0.00861,"{'price_above_30w_ma': False, '30w_ma_rising': False, 'price_above_10w_ma': False, 'relative_strength_positive': False, 'near_52w_high': True}",improving,improving,99.81,103.78,0.81,0.77,False,True,2026-07-20 ratio=99.00 momentum=103.01; 2026-07-21 ratio=99.16 momentum=103.40; 2026-07-22 ratio=99.07 momentum=104.80; 2026-07-23 ratio=99.38 momentum=103.44; 2026-07-24 ratio=99.81 momentum=103.78,38.9
stock,Aakash Explor.,AAKASH.NS,Offshore Support Solution Drilling,"Oil, Gas & Consumable Fuels",90.31,0.0,1.88,571.43,32.65,26.7,25.8,7.93,,not_stage_2,3,8.92,8.66,0.27,0.00038,"{'price_above_30w_ma': True, '30w_ma_rising': True, 'price_above_10w_ma': False, 'relative_strength_positive': False, 'near_52w_high': True}",improving,improving,99.55,100.08,0.1,-0.17,False,False,2026-07-20 ratio=99.46 momentum=100.25; 2026-07-21 ratio=99.44 momentum=100.06; 2026-07-22 ratio=99.75 momentum=100.12; 2026-07-23 ratio=99.95 momentum=100.75; 2026-07-24 ratio=99.55 momentum=100.08,60.94
stock,Aban Offshore,ABAN.NS,Offshore Support Solution Drilling,"Oil, Gas & Consumable Fuels",86.44,0.0,29.56,110.69,91.31,-21.49,,,,not_stage_2,0,14.93,18.98,-7.99,0.00063,"{'price_above_30w_ma': False, '30w_ma_rising': False, 'price_above_10w_ma': False, 'relative_strength_positive': False, 'near_52w_high': False}",improving,lagging,99.7,105.12,0.25,5.24,False,True,2026-07-20 ratio=99.45 momentum=99.88; 2026-07-21 ratio=99.60 momentum=101.21; 2026-07-22 ratio=99.57 momentum=101.58; 2026-07-23 ratio=99.58 momentum=102.89; 2026-07-24 ratio=99.70 momentum=105.12,25.6
stock,Deep Industries,DEEPINDS.NS,Oil Equipment & Services,"Oil, Gas & Consumable Fuels",3076.81,0.64,-7.22,417.4,248.71,48.72,8.31,16.48,,not_stage_2,3,479.6,434.77,0.97,0.02018,"{'price_above_30w_ma': True, '30w_ma_rising': True, 'price_above_10w_ma': False, 'relative_strength_positive': False, 'near_52w_high': True}",leading,improving,100.11,103.17,0.46,0.6,True,False,2026-07-20 ratio=99.64 momentum=102.57; 2026-07-21 ratio=99.47 momentum=104.29; 2026-07-22 ratio=99.55 momentum=103.08; 2026-07-23 ratio=99.28 momentum=101.55; 2026-07-24 ratio=100.11 momentum=103.17,108.34
stock,Asian Energy,ASIANENE.NS,Oil Equipment & Services,"Oil, Gas & Consumable Fuels",1729.76,0.28,32.65,50.57,338.23,56.99,29.96,16.51,,not_stage_2,3,355.7,307.59,2.4,0.01497,"{'price_above_30w_ma': True, '30w_ma_rising': True, 'price_above_10w_ma': False, 'relative_strength_positive': False, 'near_52w_high': True}",leading,leading,100.2,102.45,0.14,0.79,False,False,2026-07-20 ratio=100.06 momentum=101.66; 2026-07-21 ratio=99.86 momentum=101.22; 2026-07-22 ratio=99.92 momentum=102.17; 2026-07-23 ratio=99.94 momentum=101.24; 2026-07-24 ratio=100.20 momentum=102.45,98.05
stock,Teja Engineering,TEJA.NS,Oil Equipment & Services,"Oil, Gas & Consumable Fuels",431.53,0.0,3.32,36.63,43.98,48.03,69.04,33.1,,insufficient_data,0,,,,,{},insufficient_data,insufficient_data,,,,,False,False,,0.0
stock,Oil Country,OILCOUNTUB.NS,Oil Equipment & Services,"Oil, Gas & Consumable Fuels",305.49,0.0,-13.64,-29.41,29.86,-13.02,,-25.38,,not_stage_2,3,58.7,52.92,-1.83,0.00247,"{'price_above_30w_ma': True, '30w_ma_rising': False, 'price_above_10w_ma': True, 'relative_strength_positive': True, 'near_52w_high': False}",leading,lagging,100.9,102.2,1.92,3.39,True,False,2026-07-20 ratio=98.98 momentum=98.81; 2026-07-21 ratio=99.61 momentum=100.62; 2026-07-22 ratio=99.47 momentum=100.75; 2026-07-23 ratio=100.80 momentum=102.49; 2026-07-24 ratio=100.90 momentum=102.20,105.5
stock,O N G C,ONGC.NS,Oil Exploration & Production,"Oil, Gas & Consumable Fuels",312971.83,4.92,13677.87,47.8,173805.19,3.61,7.51,14.15,,not_stage_2,2,248.76,265.58,0.41,0.01047,"{'price_above_30w_ma': False, '30w_ma_rising': True, 'price_above_10w_ma': False, 'relative_strength_positive': False, 'near_52w_high': True}",improving,improving,99.62,103.4,0.28,-0.64,False,False,2026-07-20 ratio=99.34 momentum=104.04; 2026-07-21 ratio=99.40 momentum=104.96; 2026-07-22 ratio=99.59 momentum=102.72; 2026-07-23 ratio=99.71 momentum=103.54; 2026-07-24 ratio=99.62 momentum=103.40,57.82
stock,Oil India,OIL.NS,Oil Exploration & Production,"Oil, Gas & Consumable Fuels",73172.64,2.56,2424.46,60.26,9293.27,5.51,11.05,11.56,,not_stage_2,4,449.75,461.88,0.79,0.01892,"{'price_above_30w_ma': False, '30w_ma_rising': True, 'price_above_10w_ma': True, 'relative_strength_positive': True, 'near_52w_high': True}",improving,improving,99.99,103.22,0.19,-0.5,False,False,2026-07-20 ratio=99.80 momentum=103.72; 2026-07-21 ratio=99.62 momentum=103.49; 2026-07-22 ratio=99.87 momentum=102.29; 2026-07-23 ratio=100.14 momentum=103.39; 2026-07-24 ratio=99.99 momentum=103.22,97.68
stock,Vedanta Oil and Gas,VOGL.NS,Oil Exploration & Production,"Oil, Gas & Consumable Fuels",13381.17,0.0,,,,,,,,insufficient_data,0,,,,,{},insufficient_data,insufficient_data,,,,,False,False,,0.0
stock,Antelopus Selan,ANTELOPUS.NS,Oil Exploration & Production,"Oil, Gas & Consumable Fuels",3129.69,0.0,38.08,157.65,102.01,65.28,34.93,21.22,,stage_2,5,894.45,647.02,9.77,0.03763,"{'price_above_30w_ma': True, '30w_ma_rising': True, 'price_above_10w_ma': True, 'relative_strength_positive': True, 'near_52w_high': True}",leading,leading,101.59,102.6,0.72,0.97,False,False,2026-07-20 ratio=100.86 momentum=101.63; 2026-07-21 ratio=100.99 momentum=102.94; 2026-07-22 ratio=101.32 momentum=101.75; 2026-07-23 ratio=101.58 momentum=103.21; 2026-07-24 ratio=101.59 momentum=102.60,185.49
stock,Hind.Oil Explor.,HINDOILEXP.NS,Oil Exploration & Production,"Oil, Gas & Consumable Fuels",2149.29,0.0,7.77,-84.81,-205.89,-574.51,67.97,3.41,,stage_2,4,162.04,152.41,0.36,0.00682,"{'price_above_30w_ma': True, '30w_ma_rising': True, 'price_above_10w_ma': False, 'relative_strength_positive': True, 'near_52w_high': True}",improving,improving,99.89,102.49,0.41,0.07,False,True,2026-07-20 ratio=99.47 momentum=102.42; 2026-07-21 ratio=99.58 momentum=102.78; 2026-07-22 ratio=99.92 momentum=101.90; 2026-07-23 ratio=100.42 momentum=103.02; 2026-07-24 ratio=99.89 momentum=102.49,118.17
stock,Prabha Energy,PRABHA.NS,Oil Exploration & Production,"Oil, Gas & Consumable Fuels",1911.9,0.0,0.1,111.24,1.44,41.18,3354.22,0.1,,not_stage_2,0,139.86,159.25,-3.32,0.00588,"{'price_above_30w_ma': False, '30w_ma_rising': False, 'price_above_10w_ma': False, 'relative_strength_positive': False, 'near_52w_high': False}",lagging,improving,98.31,97.01,-0.0,-5.9,False,False,2026-07-20 ratio=98.31 momentum=102.91; 2026-07-21 ratio=98.47 momentum=100.51; 2026-07-22 ratio=98.32 momentum=97.27; 2026-07-23 ratio=98.25 momentum=98.19; 2026-07-24 ratio=98.31 momentum=97.01,0.0
stock,Guj.Nat.Resour.,GNRL.NS,Oil Exploration & Production,"Oil, Gas & Consumable Fuels",1422.99,0.0,1.05,166.04,11.2,158.66,143.88,7.25,,insufficient_data,0,,,,,{},lagging,weakening,99.36,96.3,-0.72,-0.59,False,False,2026-07-20 ratio=100.08 momentum=96.90; 2026-07-21 ratio=99.90 momentum=97.04; 2026-07-22 ratio=99.70 momentum=96.22; 2026-07-23 ratio=99.16 momentum=95.57; 2026-07-24 ratio=99.36 momentum=96.30,0.0
stock,L T Foods,LTFOODS.NS,Other Agricultural Products,Fast Moving Consumer Goods,13041.08,0.8,135.67,-15.48,2906.7,30.44,20.85,17.74,,not_stage_2,1,375.6,392.65,-0.46,0.0158,"{'price_above_30w_ma': False, '30w_ma_rising': False, 'price_above_10w_ma': False, 'relative_strength_positive': False, 'near_52w_high': True}",lagging,improving,99.26,99.42,-0.03,-4.29,False,False,2026-07-20 ratio=99.30 momentum=103.71; 2026-07-21 ratio=99.02 momentum=102.04; 2026-07-22 ratio=99.16 momentum=100.43; 2026-07-23 ratio=98.95 momentum=96.36; 2026-07-24 ratio=99.26 momentum=99.42,20.0
stock,KRBL,KRBL.NS,Other Agricultural Products,Fast Moving Consumer Goods,8027.15,1.0,155.38,0.76,1525.5,5.77,12.39,15.16,,not_stage_2,1,350.75,349.49,-1.24,0.01476,"{'price_above_30w_ma': True, '30w_ma_rising': False, 'price_above_10w_ma': False, 'relative_strength_positive': False, 'near_52w_high': False}",lagging,lagging,99.41,98.43,0.27,1.09,False,False,2026-07-20 ratio=99.14 momentum=97.34; 2026-07-21 ratio=99.19 momentum=97.87; 2026-07-22 ratio=99.08 momentum=98.41; 2026-07-23 ratio=98.79 momentum=94.99; 2026-07-24 ratio=99.41 momentum=98.43,20.0
stock,Guj. Ambuja Exp,GAEL.NS,Other Agricultural Products,Fast Moving Consumer Goods,6947.29,0.16,135.32,322.57,1466.51,15.78,22.61,12.51,,not_stage_2,3,151.64,147.29,3.13,0.00638,"{'price_above_30w_ma': True, '30w_ma_rising': True, 'price_above_10w_ma': False, 'relative_strength_positive': False, 'near_52w_high': True}",improving,lagging,99.28,101.87,2.14,4.47,False,True,2026-07-20 ratio=97.14 momentum=97.40; 2026-07-21 ratio=97.27 momentum=97.58; 2026-07-22 ratio=97.90 momentum=97.21; 2026-07-23 ratio=97.39 momentum=93.92; 2026-07-24 ratio=99.28 momentum=101.87,75.61
stock,Kaveri Seed Co.,KSCL.NS,Other Agricultural Products,Fast Moving Consumer Goods,4291.78,0.6,-27.81,-21.23,107.11,18.68,14.51,18.79,,not_stage_2,0,835.5,875.51,-1.46,0.03515,"{'price_above_30w_ma': False, '30w_ma_rising': False, 'price_above_10w_ma': False, 'relative_strength_positive': False, 'near_52w_high': False}",improving,lagging,98.68,100.06,0.26,3.09,False,True,2026-07-20 ratio=98.42 momentum=96.97; 2026-07-21 ratio=99.04 momentum=99.08; 2026-07-22 ratio=98.93 momentum=100.68; 2026-07-23 ratio=98.36 momentum=98.61; 2026-07-24 ratio=98.68 momentum=100.06,0.3
stock,TruAlt Bioenergy,TRUALT.NS,Other Agricultural Products,Fast Moving Consumer Goods,3672.4,0.0,60.94,-46.39,595.52,-34.34,38.27,10.44,,not_stage_2,2,428.95,432.5,0.94,0.01805,"{'price_above_30w_ma': False, '30w_ma_rising': True, 'price_above_10w_ma': False, 'relative_strength_positive': False, 'near_52w_high': True}",improving,lagging,98.85,102.0,0.75,3.64,False,True,2026-07-20 ratio=98.10 momentum=98.36; 2026-07-21 ratio=98.21 momentum=99.09; 2026-07-22 ratio=98.70 momentum=101.79; 2026-07-23 ratio=98.84 momentum=101.32; 2026-07-24 ratio=98.85 momentum=102.00,51.88
stock,Sanstar,SANSTAR.NS,Other Agricultural Products,Fast Moving Consumer Goods,2184.38,0.0,20.49,271.2,216.78,-4.47,63.41,5.69,,not_stage_2,3,108.97,97.74,3.11,0.00458,"{'price_above_30w_ma': True, '30w_ma_rising': True, 'price_above_10w_ma': False, 'relative_strength_positive': False, 'near_52w_high': True}",lagging,lagging,99.18,98.11,0.07,0.72,False,False,2026-07-20 ratio=99.11 momentum=97.39; 2026-07-21 ratio=98.85 momentum=95.96; 2026-07-22 ratio=98.72 momentum=97.28; 2026-07-23 ratio=98.67 momentum=97.01; 2026-07-24 ratio=99.18 momentum=98.11,66.22
stock,A C J K Exports,AEROPLANE.NS,Other Agricultural Products,Fast Moving Consumer Goods,1949.96,0.0,19.96,65.64,694.68,19.7,18.88,15.7,,insufficient_data,0,,,,,{},insufficient_data,insufficient_data,,,,,False,False,,0.0
stock,GRM Overseas,GRMOVER.NS,Other Agricultural Products,Fast Moving Consumer Goods,1869.87,0.0,21.61,5.52,597.2,104.95,25.15,13.99,,not_stage_2,0,90.2,146.06,-5.45,0.0038,"{'price_above_30w_ma': False, '30w_ma_rising': False, 'price_above_10w_ma': False, 'relative_strength_positive': False, 'near_52w_high': False}",improving,improving,99.23,102.76,0.17,-1.66,False,False,2026-07-20 ratio=99.06 momentum=104.42; 2026-07-21 ratio=99.11 momentum=103.90; 2026-07-22 ratio=99.14 momentum=104.02; 2026-07-23 ratio=99.18 momentum=102.61; 2026-07-24 ratio=99.23 momentum=102.76,13.8
stock,Chamanlal Setia,CLSEL.NS,Other Agricultural Products,Fast Moving Consumer Goods,1397.56,0.89,38.27,55.89,428.37,16.5,12.18,18.32,,not_stage_2,3,279.8,268.57,1.15,0.01177,"{'price_above_30w_ma': True, '30w_ma_rising': True, 'price_above_10w_ma': False, 'relative_strength_positive': False, 'near_52w_high': True}",lagging,lagging,99.86,99.73,1.95,2.24,False,False,2026-07-20 ratio=97.91 momentum=97.49; 2026-07-21 ratio=99.26 momentum=98.96; 2026-07-22 ratio=99.80 momentum=99.04; 2026-07-23 ratio=99.74 momentum=98.96; 2026-07-24 ratio=99.86 momentum=99.73,62.3
stock,Gulshan Polyols,GULPOLY.NS,Other Agricultural Products,Fast Moving Consumer Goods,1218.09,0.15,37.54,434.76,550.82,6.98,11.35,18.31,,stage_2,5,195.12,169.06,4.1,0.00821,"{'price_above_30w_ma': True, '30w_ma_rising': True, 'price_above_10w_ma': True, 'relative_strength_positive': True, 'near_52w_high': True}",leading,lagging,100.23,101.49,1.43,4.63,True,False,2026-07-20 ratio=98.79 momentum=96.86; 2026-07-21 ratio=98.71 momentum=98.16; 2026-07-22 ratio=99.36 momentum=100.46; 2026-07-23 ratio=99.43 momentum=100.83; 2026-07-24 ratio=100.23 momentum=101.49,171.8
stock,AU Small Finance,AUBANK.NS,Other Bank,Financial Services,75443.75,0.1,831.87,65.15,5019.15,17.53,28.56,7.66,,not_stage_2,3,1004.0,990.72,0.94,0.04224,"{'price_above_30w_ma': True, '30w_ma_rising': True, 'price_above_10w_ma': False, 'relative_strength_positive': False, 'near_52w_high': True}",lagging,lagging,99.85,97.92,1.42,0.67,False,False,2026-07-20 ratio=98.43 momentum=97.25; 2026-07-21 ratio=98.98 momentum=97.75; 2026-07-22 ratio=98.42 momentum=97.68; 2026-07-23 ratio=98.63 momentum=97.70; 2026-07-24 ratio=99.85 momentum=97.92,61.88
stock,Ujjivan Small,UJJIVANSFB.NS,Other Bank,Financial Services,13750.9,0.0,316.54,206.67,2024.92,25.08,15.18,7.73,,stage_2,5,70.72,58.56,2.75,0.00298,"{'price_above_30w_ma': True, '30w_ma_rising': True, 'price_above_10w_ma': True, 'relative_strength_positive': True, 'near_52w_high': True}",leading,leading,102.83,100.42,0.91,-2.0,False,False,2026-07-20 ratio=101.93 momentum=102.42; 2026-07-21 ratio=101.90 momentum=100.91; 2026-07-22 ratio=101.80 momentum=101.81; 2026-07-23 ratio=102.61 momentum=101.25; 2026-07-24 ratio=102.83 momentum=100.42,166.75
stock,Equitas Sma. Fin,EQUITASBNK.NS,Other Bank,Financial Services,8946.46,0.0,212.68,405.06,1836.35,11.7,86.79,6.44,,stage_2,5,78.34,68.06,3.79,0.0033,"{'price_above_30w_ma': True, '30w_ma_rising': True, 'price_above_10w_ma': True, 'relative_strength_positive': True, 'near_52w_high': True}",weakening,leading,100.96,97.51,-0.02,-2.65,False,False,2026-07-20 ratio=100.98 momentum=100.16; 2026-07-21 ratio=101.50 momentum=100.39; 2026-07-22 ratio=101.01 momentum=99.86; 2026-07-23 ratio=100.93 momentum=99.24; 2026-07-24 ratio=100.96 momentum=97.51,137.38
stock,Jana Small Finan,JSFB.NS,Other Bank,Financial Services,5637.31,0.0,155.23,52.29,1514.53,22.08,14.85,7.45,,stage_2,5,536.95,422.7,2.11,0.02259,"{'price_above_30w_ma': True, '30w_ma_rising': True, 'price_above_10w_ma': True, 'relative_strength_positive': True, 'near_52w_high': True}",leading,leading,102.27,102.18,-0.48,-1.06,False,False,2026-07-20 ratio=102.75 momentum=103.24; 2026-07-21 ratio=103.72 momentum=103.62; 2026-07-22 ratio=103.08 momentum=103.42; 2026-07-23 ratio=102.51 momentum=102.82; 2026-07-24 ratio=102.27 momentum=102.18,171.47
stock,Utkarsh Small F.,UTKARSHBNK.NS,Other Bank,Financial Services,2564.32,0.0,-188.02,-6430.64,836.75,-4.87,,1.46,,not_stage_2,3,14.45,13.73,-0.39,0.00061,"{'price_above_30w_ma': True, '30w_ma_rising': False, 'price_above_10w_ma': True, 'relative_strength_positive': True, 'near_52w_high': False}",leading,leading,100.78,100.31,-0.39,-1.04,False,False,2026-07-20 ratio=101.17 momentum=101.35; 2026-07-21 ratio=101.12 momentum=101.44; 2026-07-22 ratio=100.63 momentum=101.43; 2026-07-23 ratio=100.73 momentum=102.08; 2026-07-24 ratio=100.78 momentum=100.31,85.45
stock,Suryoday Small,SURYODAY.NS,Other Bank,Financial Services,2046.25,0.78,75.18,113.1,622.36,25.69,10.66,7.33,,stage_2,5,193.1,151.02,4.33,0.00812,"{'price_above_30w_ma': True, '30w_ma_rising': True, 'price_above_10w_ma': True, 'relative_strength_positive': True, 'near_52w_high': True}",leading,weakening,102.42,101.32,1.41,1.33,True,False,2026-07-20 ratio=101.01 momentum=99.99; 2026-07-21 ratio=102.03 momentum=102.48; 2026-07-22 ratio=100.94 momentum=100.26; 2026-07-23 ratio=102.67 momentum=102.75; 2026-07-24 ratio=102.42 momentum=101.32,182.36
stock,ESAF Small Fin,ESAFSFB.NS,Other Bank,Financial Services,1993.61,0.0,23.51,112.83,995.08,11.55,,5.65,,stage_2,5,38.69,28.33,4.94,0.00163,"{'price_above_30w_ma': True, '30w_ma_rising': True, 'price_above_10w_ma': True, 'relative_strength_positive': True, 'near_52w_high': True}",leading,weakening,102.34,101.52,0.98,2.12,True,False,2026-07-20 ratio=101.36 momentum=99.40; 2026-07-21 ratio=101.58 momentum=101.28; 2026-07-22 ratio=101.45 momentum=101.74; 2026-07-23 ratio=101.40 momentum=98.53; 2026-07-24 ratio=102.34 momentum=101.52,184.18
stock,Fino Payments,FINOPB.NS,Other Bank,Financial Services,1378.42,0.0,7.1,-65.04,64.1,21.45,24.67,4.53,,not_stage_2,3,167.06,166.21,-8.8,0.00703,"{'price_above_30w_ma': True, '30w_ma_rising': False, 'price_above_10w_ma': True, 'relative_strength_positive': True, 'near_52w_high': False}",leading,leading,101.68,103.01,-0.36,1.41,False,False,2026-07-20 ratio=102.04 momentum=101.60; 2026-07-21 ratio=102.21 momentum=101.85; 2026-07-22 ratio=102.04 momentum=102.13; 2026-07-23 ratio=101.92 momentum=102.09; 2026-07-24 ratio=101.68 momentum=103.01,103.45
stock,Capital Small,CAPITALSFB.NS,Other Bank,Financial Services,1326.26,1.71,41.3,29.02,288.18,16.63,8.8,7.07,,stage_2,5,292.0,268.08,1.47,0.01229,"{'price_above_30w_ma': True, '30w_ma_rising': True, 'price_above_10w_ma': True, 'relative_strength_positive': True, 'near_52w_high': True}",weakening,leading,101.06,99.01,-1.28,-3.72,False,False,2026-07-20 ratio=102.33 momentum=102.73; 2026-07-21 ratio=102.26 momentum=101.81; 2026-07-22 ratio=101.95 momentum=105.31; 2026-07-23 ratio=101.89 momentum=102.46; 2026-07-24 ratio=101.06 momentum=99.01,133.24
stock,Ramco Inds.,RAMCOIND.NS,Other Construction Materials,Construction Materials,2864.82,0.38,87.63,128.93,501.83,18.74,9.52,4.57,,stage_2,5,329.15,297.18,1.44,0.01385,"{'price_above_30w_ma': True, '30w_ma_rising': True, 'price_above_10w_ma': True, 'relative_strength_positive': True, 'near_52w_high': True}",weakening,weakening,100.53,96.89,-0.78,-1.45,False,False,2026-07-20 ratio=101.31 momentum=98.34; 2026-07-21 ratio=101.12 momentum=97.60; 2026-07-22 ratio=100.87 momentum=98.03; 2026-07-23 ratio=100.68 momentum=96.43; 2026-07-24 ratio=100.53 momentum=96.89,130.53
stock,BirlaNu Ltd,BIRLANU.NS,Other Construction Materials,Construction Materials,1018.81,1.11,-22.35,-63.54,1010.13,8.74,,-4.29,,not_stage_2,1,1351.9,1461.99,-1.92,0.05688,"{'price_above_30w_ma': False, '30w_ma_rising': False, 'price_above_10w_ma': False, 'relative_strength_positive': True, 'near_52w_high': False}",leading,lagging,100.2,101.97,1.42,2.44,True,False,2026-07-20 ratio=98.78 momentum=99.52; 2026-07-21 ratio=99.56 momentum=101.50; 2026-07-22 ratio=99.65 momentum=100.86; 2026-07-23 ratio=99.93 momentum=101.38; 2026-07-24 ratio=100.20 momentum=101.97,60.85
stock,Arisinfra Solu.,ARIS.NS,Other Construction Materials,Construction Materials,1006.47,0.0,21.66,1332.3,343.36,55.26,18.49,15.57,,not_stage_2,3,123.06,115.8,-1.82,0.00518,"{'price_above_30w_ma': True, '30w_ma_rising': False, 'price_above_10w_ma': True, 'relative_strength_positive': True, 'near_52w_high': False}",leading,improving,100.83,102.94,1.38,0.8,True,False,2026-07-20 ratio=99.46 momentum=102.13; 2026-07-21 ratio=99.87 momentum=102.91; 2026-07-22 ratio=99.94 momentum=102.78; 2026-07-23 ratio=100.50 momentum=102.84; 2026-07-24 ratio=100.83 momentum=102.94,108.85
stock,Everest Inds.,EVERESTIND.NS,Other Construction Materials,Construction Materials,833.65,0.19,-47.17,-31346.67,327.17,-27.72,,-8.5,,not_stage_2,3,524.25,408.56,-0.55,0.02206,"{'price_above_30w_ma': True, '30w_ma_rising': False, 'price_above_10w_ma': True, 'relative_strength_positive': True, 'near_52w_high': False}",weakening,weakening,101.69,99.98,0.53,2.76,False,False,2026-07-20 ratio=101.15 momentum=97.22; 2026-07-21 ratio=101.14 momentum=97.76; 2026-07-22 ratio=101.05 momentum=98.81; 2026-07-23 ratio=101.34 momentum=99.11; 2026-07-24 ratio=101.69 momentum=99.98,68.45
stock,Vishnusurya Pro.,VISHNUINFR.NS,Other Construction Materials,Construction Materials,401.85,0.65,8.01,7.23,127.38,35.93,11.29,19.92,,not_stage_2,0,160.2,165.38,-0.42,0.00674,"{'price_above_30w_ma': False, '30w_ma_rising': False, 'price_above_10w_ma': False, 'relative_strength_positive': False, 'near_52w_high': False}",improving,lagging,99.44,101.2,0.38,2.85,False,True,2026-07-17 ratio=99.06 momentum=98.35; 2026-07-20 ratio=99.21 momentum=95.58; 2026-07-21 ratio=98.20 momentum=96.58; 2026-07-22 ratio=99.43 momentum=100.98; 2026-07-23 ratio=99.44 momentum=101.20,6.0
stock,Teamtech Formwork,TEAMTECH.NS,Other Construction Materials,Construction Materials,392.99,0.0,7.33,,31.74,,33.91,41.17,,insufficient_data,0,,,,,{},insufficient_data,insufficient_data,,,,,False,False,,0.0
stock,Sahyadri Industr,SAHYADRI.NS,Other Construction Materials,Construction Materials,309.98,0.53,10.55,147.07,194.52,28.46,10.52,9.72,,stage_2,5,281.25,260.56,1.46,0.01183,"{'price_above_30w_ma': True, '30w_ma_rising': True, 'price_above_10w_ma': True, 'relative_strength_positive': True, 'near_52w_high': True}",improving,lagging,99.81,103.17,0.38,4.04,False,True,2026-07-20 ratio=99.43 momentum=99.13; 2026-07-21 ratio=99.65 momentum=99.13; 2026-07-22 ratio=99.51 momentum=101.25; 2026-07-23 ratio=99.53 momentum=100.37; 2026-07-24 ratio=99.81 momentum=103.17,143.77
stock,MCON Rasayan,MCON.NS,Other Construction Materials,Construction Materials,32.28,0.0,1.8,76.47,36.86,26.32,10.62,11.06,,not_stage_2,0,44.0,48.96,-5.53,0.00185,"{'price_above_30w_ma': False, '30w_ma_rising': False, 'price_above_10w_ma': False, 'relative_strength_positive': False, 'near_52w_high': False}",improving,improving,99.62,102.69,0.14,-0.46,False,False,2026-07-17 ratio=99.47 momentum=103.15; 2026-07-20 ratio=99.48 momentum=101.75; 2026-07-21 ratio=99.42 momentum=103.10; 2026-07-22 ratio=99.53 momentum=104.18; 2026-07-23 ratio=99.62 momentum=102.69,13.45
stock,SIS,SIS.NS,Other Consumer Services,Consumer Services,6174.47,1.6,102.5,92.24,4489.3,30.96,17.89,13.68,,stage_2,5,437.55,356.19,3.95,0.01841,"{'price_above_30w_ma': True, '30w_ma_rising': True, 'price_above_10w_ma': True, 'relative_strength_positive': True, 'near_52w_high': True}",leading,leading,101.25,101.53,0.51,0.36,False,False,2026-07-20 ratio=100.75 momentum=101.17; 2026-07-21 ratio=101.08 momentum=102.67; 2026-07-22 ratio=101.00 momentum=100.17; 2026-07-23 ratio=101.22 momentum=99.90; 2026-07-24 ratio=101.25 momentum=101.53,166.8
stock,E Factor Experie,EFACTOR.NS,Other Consumer Services,Consumer Services,227.44,0.69,14.61,-26.66,138.84,-9.5,11.56,24.71,,not_stage_2,0,162.0,220.61,-9.25,0.00682,"{'price_above_30w_ma': False, '30w_ma_rising': False, 'price_above_10w_ma': False, 'relative_strength_positive': False, 'near_52w_high': False}",improving,lagging,98.9,102.67,0.28,4.14,False,True,2026-07-17 ratio=98.62 momentum=98.53; 2026-07-20 ratio=98.66 momentum=100.56; 2026-07-21 ratio=98.66 momentum=100.38; 2026-07-22 ratio=98.48 momentum=100.36; 2026-07-23 ratio=98.90 momentum=102.67,13.35
stock,Party Cruisers,PARTYCRUS.NS,Other Consumer Services,Consumer Services,107.47,0.0,2.82,33.02,33.33,11.58,8.72,39.65,,not_stage_2,3,90.0,89.34,0.99,0.00379,"{'price_above_30w_ma': True, '30w_ma_rising': True, 'price_above_10w_ma': False, 'relative_strength_positive': False, 'near_52w_high': True}",improving,lagging,99.43,102.58,0.67,2.58,False,True,2026-07-17 ratio=98.77 momentum=99.99; 2026-07-20 ratio=98.84 momentum=103.53; 2026-07-21 ratio=99.25 momentum=102.46; 2026-07-22 ratio=99.35 momentum=102.54; 2026-07-23 ratio=99.43 momentum=102.58,74.88
stock,Touchwood Enter.,TOUCHWOOD.NS,Other Consumer Services,Consumer Services,74.57,0.0,0.7,-50.0,27.94,12.03,17.55,13.39,,not_stage_2,0,67.29,77.66,-5.75,0.00283,"{'price_above_30w_ma': False, '30w_ma_rising': False, 'price_above_10w_ma': False, 'relative_strength_positive': False, 'near_52w_high': False}",improving,improving,98.85,100.88,0.56,-0.34,False,False,2026-07-20 ratio=98.29 momentum=101.22; 2026-07-21 ratio=98.37 momentum=98.97; 2026-07-22 ratio=98.63 momentum=102.32; 2026-07-23 ratio=98.22 momentum=99.92; 2026-07-24 ratio=98.85 momentum=100.88,4.4
stock,Blue Pebble,BLUEPEBBLE.NS,Other Consumer Services,Consumer Services,28.56,0.71,-0.26,,11.14,,58.29,2.38,,not_stage_2,0,70.0,113.0,-4.16,0.00295,"{'price_above_30w_ma': False, '30w_ma_rising': False, 'price_above_10w_ma': False, 'relative_strength_positive': False, 'near_52w_high': False}",improving,improving,98.95,100.31,-0.05,-2.77,False,False,2026-07-17 ratio=99.00 momentum=103.09; 2026-07-20 ratio=98.77 momentum=103.68; 2026-07-21 ratio=98.59 momentum=98.45; 2026-07-22 ratio=98.66 momentum=98.05; 2026-07-23 ratio=98.95 momentum=100.31,1.55
stock,Thinking Hats,THESL.NS,Other Consumer Services,Consumer Services,23.72,0.0,0.51,-80.08,15.16,-61.15,19.13,5.96,,insufficient_data,0,,,,,{},insufficient_data,insufficient_data,,,,,False,False,,0.0
stock,HBL Engineering,HBLENGINE.NS,Other Industrial Products,Capital Goods,19366.21,0.29,63.73,44.18,604.12,27.03,23.11,58.45,,not_stage_2,0,698.6,764.16,-1.46,0.02939,"{'price_above_30w_ma': False, '30w_ma_rising': False, 'price_above_10w_ma': False, 'relative_strength_positive': False, 'near_52w_high': False}",lagging,lagging,97.72,98.08,0.11,5.48,False,False,2026-07-20 ratio=97.61 momentum=92.60; 2026-07-21 ratio=97.74 momentum=97.60; 2026-07-22 ratio=97.56 momentum=98.23; 2026-07-23 ratio=97.64 momentum=97.97; 2026-07-24 ratio=97.72 momentum=98.08,0.0
stock,Inox India,INOXINDIA.NS,Other Industrial Products,Capital Goods,18201.22,0.1,75.24,11.19,460.65,24.7,69.96,33.48,,stage_2,5,2004.0,1424.71,8.46,0.08432,"{'price_above_30w_ma': True, '30w_ma_rising': True, 'price_above_10w_ma': True, 'relative_strength_positive': True, 'near_52w_high': True}",weakening,leading,101.16,99.12,-0.03,-1.68,False,False,2026-07-20 ratio=101.19 momentum=100.80; 2026-07-21 ratio=101.56 momentum=103.58; 2026-07-22 ratio=101.34 momentum=100.85; 2026-07-23 ratio=101.20 momentum=98.01; 2026-07-24 ratio=101.16 momentum=99.12,147.72
stock,Esab India,ESABINDIA.NS,Other Industrial Products,Capital Goods,8693.4,1.33,43.55,-8.18,395.75,7.62,45.1,64.68,,not_stage_2,1,5649.5,5800.7,-0.75,0.2377,"{'price_above_30w_ma': False, '30w_ma_rising': False, 'price_above_10w_ma': False, 'relative_strength_positive': False, 'near_52w_high': True}",improving,improving,99.31,101.42,-0.15,-2.65,False,False,2026-07-20 ratio=99.46 momentum=104.07; 2026-07-21 ratio=99.49 momentum=103.55; 2026-07-22 ratio=99.42 momentum=102.16; 2026-07-23 ratio=99.38 momentum=102.05; 2026-07-24 ratio=99.31 momentum=101.42,27.1
stock,KRN Heat Exchan,KRN.NS,Other Industrial Products,Capital Goods,8093.05,0.0,23.36,57.09,179.48,36.49,105.83,16.06,,stage_2,5,1233.9,1014.63,6.65,0.05192,"{'price_above_30w_ma': True, '30w_ma_rising': True, 'price_above_10w_ma': True, 'relative_strength_positive': True, 'near_52w_high': True}",leading,leading,100.71,101.41,-0.14,-0.58,False,False,2026-07-20 ratio=100.85 momentum=101.99; 2026-07-21 ratio=100.70 momentum=101.42; 2026-07-22 ratio=100.61 momentum=101.45; 2026-07-23 ratio=100.57 momentum=101.29; 2026-07-24 ratio=100.71 momentum=101.41,168.9
stock,Subros,SUBROS.NS,Other Industrial Products,Capital Goods,5106.04,0.33,49.33,6.77,1049.76,15.55,29.78,19.75,,not_stage_2,3,781.95,768.52,-0.94,0.0329,"{'price_above_30w_ma': True, '30w_ma_rising': False, 'price_above_10w_ma': True, 'relative_strength_positive': True, 'near_52w_high': False}",weakening,weakening,100.31,97.29,-0.19,1.69,False,False,2026-07-20 ratio=100.50 momentum=95.60; 2026-07-21 ratio=100.48 momentum=97.42; 2026-07-22 ratio=100.45 momentum=99.12; 2026-07-23 ratio=100.11 momentum=96.62; 2026-07-24 ratio=100.31 momentum=97.29,61.55
stock,Harsha Engg Intl,HARSHA.NS,Other Industrial Products,Capital Goods,3693.67,0.37,47.23,200.64,473.91,27.06,26.45,13.0,,not_stage_2,3,405.65,387.39,1.53,0.01707,"{'price_above_30w_ma': True, '30w_ma_rising': True, 'price_above_10w_ma': False, 'relative_strength_positive': False, 'near_52w_high': True}",lagging,weakening,99.38,97.59,-0.68,0.02,False,False,2026-07-20 ratio=100.05 momentum=97.57; 2026-07-21 ratio=99.45 momentum=96.39; 2026-07-22 ratio=99.47 momentum=97.90; 2026-07-23 ratio=98.97 momentum=97.30; 2026-07-24 ratio=99.38 momentum=97.59,63.06
stock,Ador Welding,ADOR.NS,Other Industrial Products,Capital Goods,2601.05,1.54,27.35,890.46,308.63,23.19,21.72,22.71,,stage_2,5,1493.9,1088.35,4.21,0.06285,"{'price_above_30w_ma': True, '30w_ma_rising': True, 'price_above_10w_ma': True, 'relative_strength_positive': True, 'near_52w_high': True}",leading,leading,102.38,101.55,-0.14,-0.67,False,False,2026-07-20 ratio=102.52 momentum=102.22; 2026-07-21 ratio=102.79 momentum=103.12; 2026-07-22 ratio=102.43 momentum=101.87; 2026-07-23 ratio=102.22 momentum=100.28; 2026-07-24 ratio=102.38 momentum=101.55,173.07
stock,Diffusion Eng,DIFFNKG.NS,Other Industrial Products,Capital Goods,1476.01,0.38,15.97,22.81,141.57,38.08,29.02,16.42,,stage_2,5,395.35,309.6,3.83,0.01663,"{'price_above_30w_ma': True, '30w_ma_rising': True, 'price_above_10w_ma': True, 'relative_strength_positive': True, 'near_52w_high': True}",weakening,weakening,100.97,98.31,0.37,2.15,False,False,2026-07-20 ratio=100.60 momentum=96.16; 2026-07-21 ratio=100.87 momentum=98.79; 2026-07-22 ratio=100.84 momentum=99.61; 2026-07-23 ratio=100.64 momentum=96.90; 2026-07-24 ratio=100.97 momentum=98.31,137.51
stock,Vilas Transcore,VILAS.NS,Other Industrial Products,Capital Goods,875.28,0.0,15.18,-26.24,231.91,21.66,22.13,16.12,,not_stage_2,0,358.1,383.95,-0.79,0.01507,"{'price_above_30w_ma': False, '30w_ma_rising': False, 'price_above_10w_ma': False, 'relative_strength_positive': False, 'near_52w_high': False}",lagging,lagging,98.58,97.51,-0.46,3.01,False,False,2026-07-17 ratio=99.03 momentum=94.50; 2026-07-20 ratio=99.10 momentum=98.70; 2026-07-21 ratio=98.83 momentum=97.65; 2026-07-22 ratio=98.30 momentum=97.58; 2026-07-23 ratio=98.58 momentum=97.51,0.0
stock,MIC Electronics,MICEL.NS,Other Industrial Products,Capital Goods,868.4,0.0,-18.35,-614.01,50.79,13.24,,8.55,,not_stage_2,0,36.17,39.94,-2.15,0.00152,"{'price_above_30w_ma': False, '30w_ma_rising': False, 'price_above_10w_ma': False, 'relative_strength_positive': False, 'near_52w_high': False}",improving,improving,98.43,101.22,-0.16,-0.17,False,False,2026-07-20 ratio=98.59 momentum=101.39; 2026-07-21 ratio=98.67 momentum=101.96; 2026-07-22 ratio=98.45 momentum=101.64; 2026-07-23 ratio=98.41 momentum=101.34; 2026-07-24 ratio=98.43 momentum=101.22,6.1
stock,Maruti Suzuki,MARUTI.NS,Passenger Cars & Utility Vehicles,Automobile and Auto Components,422839.2,1.04,3659.0,-6.45,52462.5,28.21,28.8,19.02,,not_stage_2,2,13442.0,13981.1,-2.41,0.56556,"{'price_above_30w_ma': False, '30w_ma_rising': False, 'price_above_10w_ma': False, 'relative_strength_positive': True, 'near_52w_high': True}",weakening,lagging,100.05,98.11,0.61,1.51,False,False,2026-07-20 ratio=99.44 momentum=96.61; 2026-07-21 ratio=99.80 momentum=95.41; 2026-07-22 ratio=99.98 momentum=96.07; 2026-07-23 ratio=99.76 momentum=97.38; 2026-07-24 ratio=100.05 momentum=98.11,40.25
stock,M & M,M&M.NS,Passenger Cars & Utility Vehicles,Automobile and Auto Components,393250.97,1.04,5259.91,48.85,54981.91,29.07,22.74,15.1,,not_stage_2,3,3161.4,3251.37,-2.03,0.13301,"{'price_above_30w_ma': False, '30w_ma_rising': False, 'price_above_10w_ma': True, 'relative_strength_positive': True, 'near_52w_high': True}",leading,weakening,101.71,101.88,1.53,2.01,True,False,2026-07-20 ratio=100.18 momentum=99.87; 2026-07-21 ratio=101.16 momentum=101.68; 2026-07-22 ratio=101.29 momentum=102.11; 2026-07-23 ratio=103.01 momentum=103.25; 2026-07-24 ratio=101.71 momentum=101.88,107.95
stock,Hyundai Motor I,HYUNDAI.NS,Passenger Cars & Utility Vehicles,Automobile and Auto Components,158713.62,1.08,1255.63,-22.22,18916.15,5.44,29.22,38.42,,not_stage_2,1,1952.6,2008.98,-2.22,0.08215,"{'price_above_30w_ma': False, '30w_ma_rising': False, 'price_above_10w_ma': False, 'relative_strength_positive': True, 'near_52w_high': False}",weakening,weakening,100.6,99.49,0.28,1.01,False,False,2026-07-20 ratio=100.32 momentum=98.48; 2026-07-21 ratio=100.11 momentum=98.90; 2026-07-22 ratio=100.15 momentum=99.82; 2026-07-23 ratio=100.50 momentum=100.59; 2026-07-24 ratio=100.60 momentum=99.49,23.0
stock,Tata Motors PVeh,TMPV.NS,Passenger Cars & Utility Vehicles,Automobile and Auto Components,119260.42,0.93,5878.0,-24.63,105447.0,7.19,1.38,2.73,,not_stage_2,0,323.8,352.48,-0.67,0.01362,"{'price_above_30w_ma': False, '30w_ma_rising': False, 'price_above_10w_ma': False, 'relative_strength_positive': False, 'near_52w_high': False}",lagging,lagging,98.7,99.6,-0.1,0.19,False,False,2026-07-20 ratio=98.80 momentum=99.40; 2026-07-21 ratio=98.76 momentum=100.63; 2026-07-22 ratio=98.66 momentum=100.62; 2026-07-23 ratio=98.64 momentum=100.67; 2026-07-24 ratio=98.70 momentum=99.60,0.0
stock,Force Motors,FORCEMOT.NS,Passenger Cars & Utility Vehicles,Automobile and Auto Components,23205.44,0.23,278.54,56.59,2549.84,8.23,21.96,36.08,,not_stage_2,1,17620.0,20320.53,0.33,0.74135,"{'price_above_30w_ma': False, '30w_ma_rising': True, 'price_above_10w_ma': False, 'relative_strength_positive': False, 'near_52w_high': False}",improving,lagging,99.02,100.46,0.22,1.61,False,True,2026-07-20 ratio=98.79 momentum=98.85; 2026-07-21 ratio=98.62 momentum=97.97; 2026-07-22 ratio=98.52 momentum=99.34; 2026-07-23 ratio=98.66 momentum=98.85; 2026-07-24 ratio=99.02 momentum=100.46,22.96
stock,Olectra Greentec,OLECTRA.NS,Passenger Cars & Utility Vehicles,Automobile and Auto Components,10964.29,0.03,57.39,164.38,644.72,43.62,61.77,21.05,,not_stage_2,3,1336.3,1186.45,2.16,0.05622,"{'price_above_30w_ma': True, '30w_ma_rising': True, 'price_above_10w_ma': False, 'relative_strength_positive': False, 'near_52w_high': True}",lagging,lagging,99.95,97.13,0.17,1.56,False,False,2026-07-20 ratio=99.78 momentum=95.57; 2026-07-21 ratio=99.90 momentum=97.92; 2026-07-22 ratio=99.92 momentum=97.73; 2026-07-23 ratio=99.70 momentum=97.27; 2026-07-24 ratio=99.95 momentum=97.13,64.32
stock,Mercury EV-Tech,MERCURYEV.NS,Passenger Cars & Utility Vehicles,Automobile and Auto Components,671.53,0.0,0.3,-80.65,20.21,-34.13,160.65,2.64,,insufficient_data,0,,,,,{},insufficient_data,insufficient_data,,,,,False,False,,0.0
stock,Hindustan Motors,HINDMOTORS.NS,Passenger Cars & Utility Vehicles,Automobile and Auto Components,322.79,0.0,-4.29,671.83,0.0,,38.75,20.28,,insufficient_data,0,,,,,{},insufficient_data,insufficient_data,,,,,False,False,,0.0
stock,Supreme Inds.,SUPREMEIND.NS,Plastic Products - Industrial,Capital Goods,43959.84,1.04,433.57,47.5,3527.66,16.54,47.13,20.73,,not_stage_2,3,3458.9,3615.61,0.19,0.14553,"{'price_above_30w_ma': False, '30w_ma_rising': True, 'price_above_10w_ma': True, 'relative_strength_positive': True, 'near_52w_high': False}",leading,improving,100.13,103.91,0.65,1.38,True,False,2026-07-20 ratio=99.48 momentum=102.53; 2026-07-21 ratio=99.32 momentum=103.09; 2026-07-22 ratio=99.84 momentum=103.59; 2026-07-23 ratio=99.75 momentum=103.57; 2026-07-24 ratio=100.13 momentum=103.91,110.58
stock,Astral,ASTRAL.NS,Plastic Products - Industrial,Capital Goods,39425.18,0.26,213.0,21.24,2088.5,24.21,71.52,19.86,,not_stage_2,2,1468.1,1529.84,-0.27,0.06177,"{'price_above_30w_ma': False, '30w_ma_rising': False, 'price_above_10w_ma': False, 'relative_strength_positive': True, 'near_52w_high': True}",leading,improving,100.04,103.81,1.12,1.14,True,False,2026-07-20 ratio=98.91 momentum=102.67; 2026-07-21 ratio=99.17 momentum=103.35; 2026-07-22 ratio=99.46 momentum=103.11; 2026-07-23 ratio=99.39 momentum=103.34; 2026-07-24 ratio=100.04 momentum=103.81,89.25
stock,Garware Hi Tech,GRWRHITECH.NS,Plastic Products - Industrial,Capital Goods,16015.92,0.17,108.21,39.09,596.69,8.9,47.35,18.02,,stage_2,5,6903.0,4722.33,10.82,0.29044,"{'price_above_30w_ma': True, '30w_ma_rising': True, 'price_above_10w_ma': True, 'relative_strength_positive': True, 'near_52w_high': True}",weakening,weakening,101.09,99.62,0.11,2.63,False,False,2026-07-20 ratio=100.98 momentum=96.99; 2026-07-21 ratio=100.96 momentum=98.17; 2026-07-22 ratio=100.66 momentum=97.37; 2026-07-23 ratio=100.95 momentum=98.63; 2026-07-24 ratio=101.09 momentum=99.62,152.09
stock,Finolex Inds.,FINPIPE.NS,Plastic Products - Industrial,Capital Goods,10154.08,1.22,261.25,58.74,1313.88,12.12,16.95,12.71,,not_stage_2,2,163.67,174.55,0.03,0.00689,"{'price_above_30w_ma': False, '30w_ma_rising': True, 'price_above_10w_ma': False, 'relative_strength_positive': False, 'near_52w_high': True}",improving,lagging,98.83,100.79,0.56,4.08,False,True,2026-07-20 ratio=98.27 momentum=96.71; 2026-07-21 ratio=98.50 momentum=100.34; 2026-07-22 ratio=98.54 momentum=102.48; 2026-07-23 ratio=98.11 momentum=98.21; 2026-07-24 ratio=98.83 momentum=100.79,44.01
stock,Time Technoplast,TIMETECHNO.NS,Plastic Products - Industrial,Capital Goods,9936.4,0.62,134.31,20.38,1676.67,14.16,21.2,16.71,,stage_2,5,201.26,182.05,0.62,0.00847,"{'price_above_30w_ma': True, '30w_ma_rising': True, 'price_above_10w_ma': True, 'relative_strength_positive': True, 'near_52w_high': True}",leading,leading,102.24,101.18,-2.02,-1.33,False,False,2026-07-20 ratio=104.26 momentum=102.50; 2026-07-21 ratio=103.18 momentum=102.46; 2026-07-22 ratio=102.57 momentum=102.23; 2026-07-23 ratio=102.18 momentum=102.12; 2026-07-24 ratio=102.24 momentum=101.18,163.34
stock,Kingfa Science,KINGFA.NS,Plastic Products - Industrial,Capital Goods,7058.42,0.0,59.15,41.17,578.47,23.2,38.1,23.2,,stage_2,5,5212.0,4671.8,3.36,0.21929,"{'price_above_30w_ma': True, '30w_ma_rising': True, 'price_above_10w_ma': True, 'relative_strength_positive': True, 'near_52w_high': True}",leading,lagging,100.39,101.69,1.61,2.99,True,False,2026-07-20 ratio=98.78 momentum=98.70; 2026-07-21 ratio=98.88 momentum=98.42; 2026-07-22 ratio=99.24 momentum=99.80; 2026-07-23 ratio=99.18 momentum=99.12; 2026-07-24 ratio=100.39 momentum=101.69,172.12
stock,Prince Pipes,PRINCEPIPE.NS,Plastic Products - Industrial,Capital Goods,2889.54,0.19,56.11,132.05,850.07,18.12,38.41,6.12,,not_stage_2,3,261.2,256.08,0.84,0.01099,"{'price_above_30w_ma': True, '30w_ma_rising': True, 'price_above_10w_ma': False, 'relative_strength_positive': False, 'near_52w_high': True}",lagging,lagging,99.05,98.92,-0.24,0.91,False,False,2026-07-20 ratio=99.30 momentum=98.02; 2026-07-21 ratio=99.09 momentum=98.16; 2026-07-22 ratio=98.88 momentum=98.82; 2026-07-23 ratio=98.61 momentum=97.32; 2026-07-24 ratio=99.05 momentum=98.92,61.68
stock,Jain Irrigation,JISLJALEQS.NS,Plastic Products - Industrial,Capital Goods,2209.29,0.0,-19.04,-164.41,1823.97,4.3,,5.3,,not_stage_2,0,30.37,33.52,-3.55,0.00128,"{'price_above_30w_ma': False, '30w_ma_rising': False, 'price_above_10w_ma': False, 'relative_strength_positive': False, 'near_52w_high': False}",lagging,lagging,99.33,99.05,0.3,3.2,False,False,2026-07-20 ratio=99.02 momentum=95.85; 2026-07-21 ratio=98.91 momentum=96.68; 2026-07-22 ratio=98.95 momentum=97.48; 2026-07-23 ratio=98.76 momentum=96.85; 2026-07-24 ratio=99.33 momentum=99.05,0.0
stock,Apollo Pipes,APOLLOPIPE.NS,Plastic Products - Industrial,Capital Goods,2164.57,0.14,-0.13,-89.88,347.02,10.24,,1.23,,not_stage_2,3,490.3,418.11,6.63,0.02063,"{'price_above_30w_ma': True, '30w_ma_rising': True, 'price_above_10w_ma': False, 'relative_strength_positive': False, 'near_52w_high': True}",lagging,improving,99.81,98.37,0.37,-2.36,False,False,2026-07-20 ratio=99.45 momentum=100.72; 2026-07-21 ratio=99.52 momentum=100.85; 2026-07-22 ratio=99.59 momentum=100.74; 2026-07-23 ratio=99.54 momentum=99.33; 2026-07-24 ratio=99.81 momentum=98.37,73.26
stock,Jai Corp,JAICORPLTD.NS,Plastic Products - Industrial,Capital Goods,1759.45,0.5,20.79,-11.25,120.62,-10.9,10.3,13.27,,not_stage_2,0,100.33,111.61,-2.49,0.00422,"{'price_above_30w_ma': False, '30w_ma_rising': False, 'price_above_10w_ma': False, 'relative_strength_positive': False, 'near_52w_high': False}",lagging,lagging,97.55,98.18,-0.2,-1.2,False,False,2026-07-20 ratio=97.75 momentum=99.39; 2026-07-21 ratio=97.56 momentum=100.53; 2026-07-22 ratio=97.25 momentum=100.56; 2026-07-23 ratio=97.50 momentum=99.56; 2026-07-24 ratio=97.55 momentum=98.18,0.0
stock,Knowledge Realty,KRT.NS,Real Estate Investment Trusts (REITs),Realty,51807.4,4.07,107.37,,1196.55,,143.66,5.22,,insufficient_data,0,,,,,{},insufficient_data,insufficient_data,,,,,False,False,,0.0
stock,Embassy Off.REIT,EMBASSY.NS,Real Estate Investment Trusts (REITs),Realty,41586.29,0.19,-430.02,-77.05,1204.68,10.95,151.47,5.61,,stage_2,5,442.79,433.82,0.4,0.01863,"{'price_above_30w_ma': True, '30w_ma_rising': True, 'price_above_10w_ma': True, 'relative_strength_positive': True, 'near_52w_high': True}",weakening,leading,100.98,99.26,-0.22,-1.08,False,False,2026-07-17 ratio=101.20 momentum=100.34; 2026-07-20 ratio=101.01 momentum=100.38; 2026-07-21 ratio=100.63 momentum=99.37; 2026-07-22 ratio=101.17 momentum=96.70; 2026-07-23 ratio=100.98 momentum=99.26,130.7
stock,Bagmane Prime REIT,BAGMANE.NS,Real Estate Investment Trusts (REITs),Realty,35591.2,0.0,253.94,,623.27,,39.71,33.22,,insufficient_data,0,,,,,{},insufficient_data,insufficient_data,,,,,False,False,,0.0
stock,Mindspace Busine,MINDSPACE.NS,Real Estate Investment Trusts (REITs),Realty,32123.32,8.77,208.74,127.77,889.95,30.67,47.47,7.64,,stage_2,5,491.68,473.8,0.33,0.02069,"{'price_above_30w_ma': True, '30w_ma_rising': True, 'price_above_10w_ma': True, 'relative_strength_positive': True, 'near_52w_high': True}",weakening,weakening,101.88,97.77,0.43,-0.86,False,False,2026-07-17 ratio=101.45 momentum=98.63; 2026-07-20 ratio=101.83 momentum=100.72; 2026-07-21 ratio=102.04 momentum=100.57; 2026-07-22 ratio=102.32 momentum=99.15; 2026-07-23 ratio=101.88 momentum=97.77,135.06
stock,Brookfield India,BIRET.NS,Real Estate Investment Trusts (REITs),Realty,28195.62,7.41,53.86,-50.2,959.58,54.71,58.81,5.36,,stage_2,5,337.49,334.74,0.04,0.0142,"{'price_above_30w_ma': True, '30w_ma_rising': True, 'price_above_10w_ma': True, 'relative_strength_positive': True, 'near_52w_high': True}",weakening,weakening,101.52,98.25,0.37,-0.09,False,False,2026-07-17 ratio=101.15 momentum=98.34; 2026-07-20 ratio=101.48 momentum=99.49; 2026-07-21 ratio=101.52 momentum=99.31; 2026-07-22 ratio=101.99 momentum=98.20; 2026-07-23 ratio=101.52 momentum=98.25,132.68
stock,Nexus Select,NXST.NS,Real Estate Investment Trusts (REITs),Realty,25203.57,5.47,12.18,-89.34,652.37,12.41,68.64,5.83,,stage_2,5,165.99,158.23,0.34,0.00698,"{'price_above_30w_ma': True, '30w_ma_rising': True, 'price_above_10w_ma': True, 'relative_strength_positive': True, 'near_52w_high': True}",weakening,leading,101.87,99.43,0.4,-2.12,False,False,2026-07-17 ratio=101.46 momentum=101.55; 2026-07-20 ratio=101.91 momentum=103.18; 2026-07-21 ratio=101.91 momentum=103.03; 2026-07-22 ratio=102.28 momentum=102.13; 2026-07-23 ratio=101.87 momentum=99.43,135.03
stock,Apcotex Industri,APCOTEXIND.NS,Rubber,Capital Goods,2914.48,1.43,34.74,107.28,397.58,13.79,29.05,19.8,,stage_2,5,561.05,427.85,5.08,0.02361,"{'price_above_30w_ma': True, '30w_ma_rising': True, 'price_above_10w_ma': True, 'relative_strength_positive': True, 'near_52w_high': True}",leading,leading,102.04,102.92,0.51,0.07,False,False,2026-07-20 ratio=101.53 momentum=102.85; 2026-07-21 ratio=101.80 momentum=102.84; 2026-07-22 ratio=101.76 momentum=102.64; 2026-07-23 ratio=102.03 momentum=102.61; 2026-07-24 ratio=102.04 momentum=102.92,179.96
stock,Pix Transmission,PIXTRANS.NS,Rubber,Capital Goods,2409.68,0.51,20.22,-10.73,170.77,4.91,22.67,21.73,,stage_2,5,1766.1,1525.97,3.16,0.07431,"{'price_above_30w_ma': True, '30w_ma_rising': True, 'price_above_10w_ma': True, 'relative_strength_positive': True, 'near_52w_high': True}",weakening,leading,100.83,98.0,-0.69,-2.12,False,False,2026-07-20 ratio=101.52 momentum=100.12; 2026-07-21 ratio=101.39 momentum=101.09; 2026-07-22 ratio=101.22 momentum=99.75; 2026-07-23 ratio=101.02 momentum=98.51; 2026-07-24 ratio=100.83 momentum=98.00,135.47
stock,Tinna Rubber,TINNARUBR.NS,Rubber,Capital Goods,1976.0,0.36,20.57,75.21,156.18,19.89,32.04,22.31,,stage_2,5,1098.85,763.62,3.72,0.04623,"{'price_above_30w_ma': True, '30w_ma_rising': True, 'price_above_10w_ma': True, 'relative_strength_positive': True, 'near_52w_high': True}",leading,leading,101.98,100.84,-1.41,-2.49,False,False,2026-07-20 ratio=103.38 momentum=103.34; 2026-07-21 ratio=102.67 momentum=102.39; 2026-07-22 ratio=102.01 momentum=101.82; 2026-07-23 ratio=101.85 momentum=100.59; 2026-07-24 ratio=101.98 momentum=100.84,166.54
stock,GRP,GRPLTD.NS,Rubber,Capital Goods,1081.55,0.17,4.2,140.0,156.83,26.73,157.89,6.94,,stage_2,5,2007.5,1829.28,1.4,0.08446,"{'price_above_30w_ma': True, '30w_ma_rising': True, 'price_above_10w_ma': True, 'relative_strength_positive': True, 'near_52w_high': True}",leading,leading,102.08,102.07,1.4,0.36,False,False,2026-07-20 ratio=100.68 momentum=101.71; 2026-07-21 ratio=101.26 momentum=104.82; 2026-07-22 ratio=100.78 momentum=99.24; 2026-07-23 ratio=101.74 momentum=100.87; 2026-07-24 ratio=102.08 momentum=102.07,168.55
stock,Harri. Malayalam,HARRMALAYA.NS,Rubber,Capital Goods,402.61,0.0,9.11,75.53,147.13,7.62,13.82,15.28,,stage_2,5,216.96,192.26,3.51,0.00913,"{'price_above_30w_ma': True, '30w_ma_rising': True, 'price_above_10w_ma': True, 'relative_strength_positive': True, 'near_52w_high': True}",leading,leading,101.25,106.23,0.49,4.49,False,False,2026-07-20 ratio=100.76 momentum=101.74; 2026-07-21 ratio=101.06 momentum=102.45; 2026-07-22 ratio=101.28 momentum=102.66; 2026-07-23 ratio=101.77 momentum=103.63; 2026-07-24 ratio=101.25 momentum=106.23,189.42
stock,Rubfila Intl.,RUBFILA.NS,Rubber,Capital Goods,398.73,2.74,6.42,-22.74,160.6,8.9,14.98,12.29,,not_stage_2,2,73.08,70.84,-0.02,0.00307,"{'price_above_30w_ma': True, '30w_ma_rising': False, 'price_above_10w_ma': False, 'relative_strength_positive': False, 'near_52w_high': True}",lagging,lagging,99.76,97.67,0.52,-2.21,False,False,2026-07-20 ratio=99.24 momentum=99.88; 2026-07-21 ratio=99.51 momentum=99.55; 2026-07-22 ratio=99.44 momentum=99.59; 2026-07-23 ratio=99.55 momentum=94.21; 2026-07-24 ratio=99.76 momentum=97.67,40.0
stock,Gayatri Rubbers,GRCL.NS,Rubber,Capital Goods,341.99,0.0,2.95,86.71,24.48,33.99,61.18,39.54,,stage_2,5,607.4,453.69,7.42,0.02556,"{'price_above_30w_ma': True, '30w_ma_rising': True, 'price_above_10w_ma': True, 'relative_strength_positive': True, 'near_52w_high': True}",weakening,weakening,101.09,98.89,0.15,-0.99,False,False,2026-07-17 ratio=100.94 momentum=99.87; 2026-07-20 ratio=100.97 momentum=100.24; 2026-07-21 ratio=100.95 momentum=100.21; 2026-07-22 ratio=101.04 momentum=99.17; 2026-07-23 ratio=101.09 momentum=98.89,145.29
stock,Elgi Rubber Co,ELGIRUBCO.NS,Rubber,Capital Goods,273.44,0.0,-204.05,-179.7,86.34,-11.19,,-12.92,,stage_2,4,54.58,46.54,2.43,0.0023,"{'price_above_30w_ma': True, '30w_ma_rising': True, 'price_above_10w_ma': True, 'relative_strength_positive': True, 'near_52w_high': False}",weakening,weakening,100.73,97.76,-0.75,2.04,False,False,2026-07-20 ratio=101.48 momentum=95.72; 2026-07-21 ratio=101.40 momentum=97.86; 2026-07-22 ratio=101.25 momentum=96.31; 2026-07-23 ratio=101.04 momentum=96.47; 2026-07-24 ratio=100.73 momentum=97.76,113.51
stock,Sampann Utpadan,SAMPANN.NS,Rubber,Capital Goods,132.91,0.0,1.2,-37.5,38.75,19.67,19.6,8.18,,not_stage_2,2,27.57,29.37,-1.87,0.00116,"{'price_above_30w_ma': False, '30w_ma_rising': False, 'price_above_10w_ma': True, 'relative_strength_positive': True, 'near_52w_high': False}",leading,lagging,100.34,100.41,2.01,2.81,True,False,2026-07-20 ratio=98.33 momentum=97.60; 2026-07-21 ratio=98.34 momentum=97.88; 2026-07-22 ratio=99.54 momentum=99.89; 2026-07-23 ratio=99.62 momentum=99.05; 2026-07-24 ratio=100.34 momentum=100.41,73.75
stock,Lead Reclaim,LRRPL.NS,Rubber,Capital Goods,74.35,0.0,3.1,219.59,17.92,-18.25,18.18,21.28,,not_stage_2,3,86.05,76.9,2.34,0.00362,"{'price_above_30w_ma': True, '30w_ma_rising': True, 'price_above_10w_ma': False, 'relative_strength_positive': False, 'near_52w_high': True}",lagging,leading,99.43,96.91,-1.5,-3.12,False,False,2026-07-17 ratio=100.93 momentum=100.03; 2026-07-20 ratio=100.21 momentum=101.91; 2026-07-21 ratio=100.62 momentum=100.67; 2026-07-22 ratio=99.83 momentum=96.89; 2026-07-23 ratio=99.43 momentum=96.91,64.68
stock,KIOCL,KIOCL.NS,Sponge Iron,Metals & Mining,21204.38,0.0,53.39,244.77,220.33,-10.6,1279.68,1.38,,not_stage_2,1,348.75,369.94,0.67,0.01467,"{'price_above_30w_ma': False, '30w_ma_rising': True, 'price_above_10w_ma': False, 'relative_strength_positive': False, 'near_52w_high': False}",lagging,lagging,97.66,98.57,-0.38,-1.43,False,False,2026-07-20 ratio=98.04 momentum=99.99; 2026-07-21 ratio=98.01 momentum=99.73; 2026-07-22 ratio=97.58 momentum=99.02; 2026-07-23 ratio=97.52 momentum=98.35; 2026-07-24 ratio=97.66 momentum=98.57,21.34
stock,S.A.L Steel,SALSTEEL.NS,Sponge Iron,Metals & Mining,817.5,0.0,-1.02,82.91,11.97,-89.76,,1.08,,not_stage_2,3,56.71,50.1,4.62,0.00239,"{'price_above_30w_ma': True, '30w_ma_rising': True, 'price_above_10w_ma': False, 'relative_strength_positive': False, 'near_52w_high': True}",improving,lagging,99.7,101.23,1.88,2.59,False,True,2026-07-20 ratio=97.83 momentum=98.64; 2026-07-21 ratio=98.72 momentum=98.97; 2026-07-22 ratio=99.58 momentum=98.70; 2026-07-23 ratio=99.51 momentum=99.93; 2026-07-24 ratio=99.70 momentum=101.23,75.39
stock,Vraj Iron,VRAJ.NS,Sponge Iron,Metals & Mining,428.29,0.0,15.57,55.54,170.21,11.24,13.38,10.51,,not_stage_2,4,129.21,123.81,-0.06,0.00544,"{'price_above_30w_ma': True, '30w_ma_rising': False, 'price_above_10w_ma': True, 'relative_strength_positive': True, 'near_52w_high': True}",leading,leading,100.91,102.06,0.0,0.44,False,False,2026-07-20 ratio=100.91 momentum=101.63; 2026-07-21 ratio=100.91 momentum=101.83; 2026-07-22 ratio=101.03 momentum=101.89; 2026-07-23 ratio=101.18 momentum=102.26; 2026-07-24 ratio=100.91 momentum=102.06,114.85
stock,Chaman Metallics,CMNL.NS,Sponge Iron,Metals & Mining,253.42,0.0,-1.62,-78.12,344.75,326.41,,5.37,,not_stage_2,0,105.0,110.56,-2.86,0.00442,"{'price_above_30w_ma': False, '30w_ma_rising': False, 'price_above_10w_ma': False, 'relative_strength_positive': False, 'near_52w_high': False}",improving,lagging,99.75,102.47,1.1,2.94,False,True,2026-07-17 ratio=98.66 momentum=99.53; 2026-07-20 ratio=98.73 momentum=99.57; 2026-07-21 ratio=99.36 momentum=102.52; 2026-07-22 ratio=99.67 momentum=102.01; 2026-07-23 ratio=99.75 momentum=102.47,12.35
stock,Vaswani Industri,VASWANI.NS,Sponge Iron,Metals & Mining,173.8,0.0,5.39,22.78,143.89,24.69,40.99,8.76,,not_stage_2,1,52.52,55.89,-1.06,0.00221,"{'price_above_30w_ma': False, '30w_ma_rising': False, 'price_above_10w_ma': False, 'relative_strength_positive': False, 'near_52w_high': True}",improving,lagging,99.01,100.36,0.42,2.31,False,True,2026-07-20 ratio=98.59 momentum=98.06; 2026-07-21 ratio=98.78 momentum=100.43; 2026-07-22 ratio=98.82 momentum=100.37; 2026-07-23 ratio=98.85 momentum=99.27; 2026-07-24 ratio=99.01 momentum=100.36,21.8
stock,Shri Hare-Krish.,SHKSIL.NS,Sponge Iron,Metals & Mining,76.76,0.0,1.55,-64.85,27.21,-35.63,12.38,7.76,,insufficient_data,0,,,,,{},insufficient_data,insufficient_data,,,,,False,False,,0.0
stock,DOMS Industries,DOMS.NS,Stationary,Fast Moving Consumer Goods,13458.97,0.14,58.2,17.13,603.98,18.72,58.47,24.33,,not_stage_2,1,2221.0,2314.9,-1.64,0.09345,"{'price_above_30w_ma': False, '30w_ma_rising': False, 'price_above_10w_ma': False, 'relative_strength_positive': False, 'near_52w_high': True}",lagging,lagging,99.55,96.27,0.06,-2.72,False,False,2026-07-20 ratio=99.49 momentum=98.99; 2026-07-21 ratio=99.70 momentum=99.75; 2026-07-22 ratio=99.98 momentum=100.38; 2026-07-23 ratio=99.53 momentum=97.93; 2026-07-24 ratio=99.55 momentum=96.27,20.0
stock,Navneet Educat.,NAVNETEDUL.NS,Stationary,Fast Moving Consumer Goods,3186.84,2.08,39.0,-47.07,430.0,-0.92,20.48,10.23,,stage_2,4,143.97,143.27,0.42,0.00606,"{'price_above_30w_ma': True, '30w_ma_rising': True, 'price_above_10w_ma': False, 'relative_strength_positive': True, 'near_52w_high': True}",weakening,weakening,100.26,98.67,-0.17,-0.73,False,False,2026-07-20 ratio=100.43 momentum=99.40; 2026-07-21 ratio=100.10 momentum=98.49; 2026-07-22 ratio=99.84 momentum=98.00; 2026-07-23 ratio=98.97 momentum=97.10; 2026-07-24 ratio=100.26 momentum=98.67,107.14
stock,Flair Writing,FLAIR.NS,Stationary,Fast Moving Consumer Goods,2661.23,0.4,36.53,16.15,322.95,8.35,19.04,16.8,,not_stage_2,0,252.5,299.31,-1.68,0.01062,"{'price_above_30w_ma': False, '30w_ma_rising': False, 'price_above_10w_ma': False, 'relative_strength_positive': False, 'near_52w_high': False}",improving,improving,99.0,103.25,0.32,0.51,False,True,2026-07-20 ratio=98.69 momentum=102.74; 2026-07-21 ratio=98.59 momentum=101.58; 2026-07-22 ratio=98.73 momentum=101.72; 2026-07-23 ratio=98.67 momentum=99.21; 2026-07-24 ratio=99.00 momentum=103.25,16.25
stock,Kokuyo Camlin,KOKUYOCMLN.NS,Stationary,Fast Moving Consumer Goods,834.41,0.36,2.88,-34.4,226.23,13.1,33.62,10.21,,not_stage_2,0,83.87,85.41,-0.56,0.00353,"{'price_above_30w_ma': False, '30w_ma_rising': False, 'price_above_10w_ma': False, 'relative_strength_positive': False, 'near_52w_high': False}",lagging,lagging,98.99,98.6,0.37,-0.35,False,False,2026-07-20 ratio=98.62 momentum=98.94; 2026-07-21 ratio=99.03 momentum=100.48; 2026-07-22 ratio=99.26 momentum=100.44; 2026-07-23 ratio=99.03 momentum=98.26; 2026-07-24 ratio=98.99 momentum=98.60,0.0
stock,Linc,LINC.NS,Stationary,Fast Moving Consumer Goods,614.1,1.46,11.66,-7.9,136.66,-9.55,16.77,19.21,,not_stage_2,1,102.67,104.79,-0.73,0.00432,"{'price_above_30w_ma': False, '30w_ma_rising': False, 'price_above_10w_ma': False, 'relative_strength_positive': False, 'near_52w_high': True}",lagging,weakening,99.8,98.6,-0.5,-0.35,False,False,2026-07-20 ratio=100.29 momentum=98.95; 2026-07-21 ratio=100.03 momentum=99.31; 2026-07-22 ratio=100.16 momentum=100.73; 2026-07-23 ratio=99.85 momentum=99.38; 2026-07-24 ratio=99.80 momentum=98.60,20.0
stock,Sundaram Multi.,SUNDARAM.NS,Stationary,Fast Moving Consumer Goods,61.13,0.0,1.17,211.58,44.35,11.85,22.15,3.8,,not_stage_2,0,1.28,1.43,-4.28,5e-05,"{'price_above_30w_ma': False, '30w_ma_rising': False, 'price_above_10w_ma': False, 'relative_strength_positive': False, 'near_52w_high': False}",improving,improving,99.14,102.77,0.92,-0.52,False,False,2026-07-20 ratio=98.22 momentum=103.29; 2026-07-21 ratio=98.49 momentum=103.24; 2026-07-22 ratio=98.55 momentum=103.06; 2026-07-23 ratio=99.18 momentum=104.51; 2026-07-24 ratio=99.14 momentum=102.77,13.85
stock,Indus Towers,INDUSTOWER.NS,Telecom - Infrastructure,Telecommunic ation,104128.58,0.0,1792.9,0.78,8101.0,4.84,14.57,19.49,,not_stage_2,1,394.6,426.05,-0.6,0.0166,"{'price_above_30w_ma': False, '30w_ma_rising': False, 'price_above_10w_ma': False, 'relative_strength_positive': False, 'near_52w_high': True}",lagging,improving,99.22,99.42,0.1,-2.98,False,False,2026-07-20 ratio=99.12 momentum=102.40; 2026-07-21 ratio=99.28 momentum=105.61; 2026-07-22 ratio=99.00 momentum=101.58; 2026-07-23 ratio=98.90 momentum=98.87; 2026-07-24 ratio=99.22 momentum=99.42,20.0
stock,HFCL,HFCL.NS,Telecom - Infrastructure,Telecommunic ation,30124.09,0.05,245.64,809.06,1914.98,119.85,52.61,10.86,,stage_2,5,196.85,120.16,19.2,0.00828,"{'price_above_30w_ma': True, '30w_ma_rising': True, 'price_above_10w_ma': True, 'relative_strength_positive': True, 'near_52w_high': True}",weakening,weakening,100.24,97.07,-0.44,0.56,False,False,2026-07-20 ratio=100.68 momentum=96.51; 2026-07-21 ratio=101.03 momentum=97.75; 2026-07-22 ratio=101.06 momentum=98.89; 2026-07-23 ratio=100.64 momentum=97.57; 2026-07-24 ratio=100.24 momentum=97.07,164.6
stock,Pace Digitek,PACEDIGITK.NS,Telecom - Infrastructure,Telecommunic ation,4216.42,0.0,105.92,73.27,1096.78,60.52,14.17,21.26,,not_stage_2,3,195.25,180.82,0.63,0.00822,"{'price_above_30w_ma': True, '30w_ma_rising': True, 'price_above_10w_ma': False, 'relative_strength_positive': False, 'near_52w_high': True}",weakening,weakening,100.05,95.91,-0.38,-1.45,False,False,2026-07-20 ratio=100.44 momentum=97.36; 2026-07-21 ratio=100.72 momentum=98.65; 2026-07-22 ratio=100.19 momentum=97.78; 2026-07-23 ratio=100.17 momentum=96.88; 2026-07-24 ratio=100.05 momentum=95.91,61.51
stock,GTL Infra.,GTLINFRA.NS,Telecom - Infrastructure,Telecommunic ation,1562.71,0.0,1185.58,94.92,330.36,-1.98,,,,not_stage_2,2,1.22,1.23,0.52,5e-05,"{'price_above_30w_ma': False, '30w_ma_rising': True, 'price_above_10w_ma': False, 'relative_strength_positive': False, 'near_52w_high': True}",lagging,lagging,98.59,97.17,0.19,-0.5,False,False,2026-07-20 ratio=98.40 momentum=97.67; 2026-07-21 ratio=98.48 momentum=98.43; 2026-07-22 ratio=98.46 momentum=97.68; 2026-07-23 ratio=98.39 momentum=97.01; 2026-07-24 ratio=98.59 momentum=97.17,41.04
stock,Suyog Telematics,SUYOG.NS,Telecom - Infrastructure,Telecommunic ation,997.79,0.21,14.14,202.61,52.74,5.35,16.02,14.42,,stage_2,5,850.45,722.12,4.62,0.03578,"{'price_above_30w_ma': True, '30w_ma_rising': True, 'price_above_10w_ma': True, 'relative_strength_positive': True, 'near_52w_high': True}",weakening,weakening,101.03,98.41,0.39,1.19,False,False,2026-07-20 ratio=100.64 momentum=97.22; 2026-07-21 ratio=100.61 momentum=96.39; 2026-07-22 ratio=100.95 momentum=97.38; 2026-07-23 ratio=100.80 momentum=96.81; 2026-07-24 ratio=101.03 momentum=98.41,139.39
stock,Sar Televenture,SARTELE.NS,Telecom - Infrastructure,Telecommunic ation,586.72,0.0,36.23,25.49,280.35,35.3,8.17,8.84,,not_stage_2,0,118.1,171.49,-7.38,0.00497,"{'price_above_30w_ma': False, '30w_ma_rising': False, 'price_above_10w_ma': False, 'relative_strength_positive': False, 'near_52w_high': False}",lagging,lagging,98.58,96.36,-0.0,-0.09,False,False,2026-07-17 ratio=98.58 momentum=96.45; 2026-07-20 ratio=98.51 momentum=98.37; 2026-07-21 ratio=98.42 momentum=98.08; 2026-07-22 ratio=98.45 momentum=96.85; 2026-07-23 ratio=98.58 momentum=96.36,0.0
stock,Kore Digital,KDL.NS,Telecom - Infrastructure,Telecommunic ation,142.06,0.0,11.91,-51.61,150.42,-36.24,3.87,38.1,,not_stage_2,0,113.25,137.39,-4.39,0.00476,"{'price_above_30w_ma': False, '30w_ma_rising': False, 'price_above_10w_ma': False, 'relative_strength_positive': False, 'near_52w_high': False}",improving,improving,99.03,101.72,0.01,1.06,False,True,2026-07-17 ratio=99.02 momentum=100.66; 2026-07-20 ratio=98.96 momentum=98.17; 2026-07-21 ratio=99.00 momentum=96.63; 2026-07-22 ratio=98.89 momentum=96.87; 2026-07-23 ratio=99.03 momentum=101.72,8.6
stock,Rama Telecom,RTL.NS,Telecom - Infrastructure,Telecommunic ation,102.95,0.0,0.48,-86.7,27.75,18.69,35.38,11.91,,insufficient_data,0,,,,,{},insufficient_data,insufficient_data,,,,,False,False,,0.0
