level,name,symbol,parent,sector,market_cap_cr,dividend_yield_pct,np_qtr_cr,qtr_profit_var_pct,sales_qtr_cr,qtr_sales_var_pct,pe,roce,error,stage,stage2_score,close,weekly_ma,weekly_ma_slope_4w_pct,rs_vs_benchmark,checks,rrg_quadrant,rrg_quadrant_5d_ago,rs_ratio,rs_momentum,rs_ratio_5d_delta,rs_momentum_5d_delta,moving_to_leading,improving_toward_leading,rrg_tail,stock_score
stock,Bajaj Auto,BAJAJ-AUTO.NS,2/3 Wheelers,Automobile and Auto Components,324458.02,1.27,3188.75,45.93,21688.83,65.14,27.53,28.24,,stage_2,5,11880.0,10351.88,3.03,0.50264,"{'price_above_30w_ma': True, '30w_ma_rising': True, 'price_above_10w_ma': True, 'relative_strength_positive': True, 'near_52w_high': True}",weakening,leading,101.26,99.29,-0.3,-1.27,False,False,2026-09-02 ratio=101.56 momentum=100.56; 2026-09-03 ratio=101.27 momentum=98.88; 2026-09-04 ratio=101.21 momentum=99.60; 2026-09-07 ratio=101.09 momentum=98.69; 2026-09-08 ratio=101.26 momentum=99.29,137.36
stock,Eicher Motors,EICHERMOT.NS,2/3 Wheelers,Automobile and Auto Components,212512.59,1.06,1462.51,21.35,6632.42,31.55,36.54,30.53,,stage_2,4,7747.5,7428.08,0.96,0.3278,"{'price_above_30w_ma': True, '30w_ma_rising': True, 'price_above_10w_ma': False, 'relative_strength_positive': True, 'near_52w_high': True}",weakening,weakening,100.68,98.59,-0.37,1.78,False,False,2026-09-01 ratio=101.05 momentum=96.80; 2026-09-02 ratio=100.25 momentum=96.33; 2026-09-03 ratio=100.20 momentum=97.10; 2026-09-04 ratio=99.94 momentum=97.56; 2026-09-08 ratio=100.68 momentum=98.59,110.32
stock,TVS Motor Co.,TVSMOTOR.NS,2/3 Wheelers,Automobile and Auto Components,196654.36,0.29,1057.61,67.11,16295.52,33.46,56.85,17.37,,stage_2,5,4133.2,3735.16,1.92,0.17488,"{'price_above_30w_ma': True, '30w_ma_rising': True, 'price_above_10w_ma': True, 'relative_strength_positive': True, 'near_52w_high': True}",weakening,weakening,100.5,97.59,-0.17,0.5,False,False,2026-09-02 ratio=100.67 momentum=97.08; 2026-09-03 ratio=100.66 momentum=97.39; 2026-09-04 ratio=100.42 momentum=97.15; 2026-09-07 ratio=100.45 momentum=97.66; 2026-09-08 ratio=100.50 momentum=97.59,131.34
stock,Hero Motocorp,HEROMOTOCO.NS,2/3 Wheelers,Automobile and Auto Components,104600.38,3.55,1417.93,-17.18,13126.35,34.94,18.89,35.22,,not_stage_2,3,5333.5,5219.91,-0.18,0.22566,"{'price_above_30w_ma': True, '30w_ma_rising': False, 'price_above_10w_ma': False, 'relative_strength_positive': True, 'near_52w_high': True}",weakening,weakening,100.4,98.1,0.19,1.89,False,False,2026-09-02 ratio=100.21 momentum=96.21; 2026-09-03 ratio=100.24 momentum=96.55; 2026-09-04 ratio=100.17 momentum=96.52; 2026-09-07 ratio=100.13 momentum=96.73; 2026-09-08 ratio=100.40 momentum=98.10,62.0
stock,Ather Energy,ATHERENERG.NS,2/3 Wheelers,Automobile and Auto Components,62548.44,0.0,-50.87,71.46,1216.92,88.79,,-19.77,,stage_2,5,1578.0,1058.1,12.73,0.06677,"{'price_above_30w_ma': True, '30w_ma_rising': True, 'price_above_10w_ma': True, 'relative_strength_positive': True, 'near_52w_high': True}",leading,leading,101.35,100.81,-0.73,-0.75,False,False,2026-09-02 ratio=102.09 momentum=101.56; 2026-09-03 ratio=101.77 momentum=101.04; 2026-09-04 ratio=101.40 momentum=100.28; 2026-09-07 ratio=101.48 momentum=100.66; 2026-09-08 ratio=101.35 momentum=100.81,181.26
stock,Ola Electric,OLAELEC.NS,2/3 Wheelers,Automobile and Auto Components,17273.18,0.0,-336.0,21.5,455.0,-45.05,,-19.56,,not_stage_2,2,37.63,36.24,2.42,0.00159,"{'price_above_30w_ma': True, '30w_ma_rising': True, 'price_above_10w_ma': False, 'relative_strength_positive': False, 'near_52w_high': False}",improving,improving,99.57,102.69,-0.3,1.2,False,False,2026-09-02 ratio=99.87 momentum=101.48; 2026-09-03 ratio=99.24 momentum=100.48; 2026-09-04 ratio=99.59 momentum=101.06; 2026-09-07 ratio=99.59 momentum=101.30; 2026-09-08 ratio=99.57 momentum=102.69,58.29
stock,Ebix,EBIX.NS,2/3 Wheelers,Automobile and Auto Components,418.59,0.0,82.0,92.94,573.24,-5.08,,5.95,,insufficient_data,0,,,,,{},insufficient_data,insufficient_data,,,,,False,False,,0.0
stock,Wardwizard Inno.,WARDINMOBI.NS,2/3 Wheelers,Automobile and Auto Components,171.77,1.75,0.19,-83.04,61.64,91.01,168.4,7.04,,insufficient_data,0,,,,,{},insufficient_data,insufficient_data,,,,,False,False,,0.0
stock,Tunwal E-Motors,TUNWAL.NS,2/3 Wheelers,Automobile and Auto Components,145.67,0.4,4.23,-34.72,132.45,27.15,11.44,13.28,,not_stage_2,0,25.35,28.99,-1.71,0.00107,"{'price_above_30w_ma': False, '30w_ma_rising': False, 'price_above_10w_ma': False, 'relative_strength_positive': False, 'near_52w_high': False}",improving,lagging,99.61,101.23,1.05,3.2,False,True,2026-09-02 ratio=98.56 momentum=98.03; 2026-09-03 ratio=98.90 momentum=98.69; 2026-09-04 ratio=98.67 momentum=98.21; 2026-09-07 ratio=98.60 momentum=97.94; 2026-09-08 ratio=99.61 momentum=101.23,6.15
stock,Delta Auto.,DELTIC.NS,2/3 Wheelers,Automobile and Auto Components,54.89,0.0,3.1,-47.28,37.54,-28.28,8.37,11.81,,insufficient_data,0,,,,,{},insufficient_data,insufficient_data,,,,,False,False,,0.0
stock,Timken India,TIMKEN.NS,Abrasives & Bearings,Capital Goods,23847.21,0.08,115.13,10.47,929.09,14.87,58.27,18.26,,not_stage_2,2,3098.9,3380.33,0.23,0.13111,"{'price_above_30w_ma': False, '30w_ma_rising': True, 'price_above_10w_ma': False, 'relative_strength_positive': False, 'near_52w_high': True}",improving,lagging,99.73,103.03,0.15,3.05,False,True,2026-09-02 ratio=99.58 momentum=99.98; 2026-09-03 ratio=99.57 momentum=101.02; 2026-09-04 ratio=99.58 momentum=101.67; 2026-09-07 ratio=99.50 momentum=102.59; 2026-09-08 ratio=99.73 momentum=103.03,55.61
stock,Grindwell Norton,GRINDWELL.NS,Abrasives & Bearings,Capital Goods,20945.15,1.0,115.31,22.3,803.3,14.19,48.01,21.18,,not_stage_2,3,1922.8,1834.61,3.07,0.08135,"{'price_above_30w_ma': True, '30w_ma_rising': True, 'price_above_10w_ma': False, 'relative_strength_positive': False, 'near_52w_high': True}",lagging,lagging,98.47,97.57,-0.19,1.99,False,False,2026-09-01 ratio=98.66 momentum=95.57; 2026-09-02 ratio=98.66 momentum=97.40; 2026-09-03 ratio=98.86 momentum=98.19; 2026-09-04 ratio=98.68 momentum=97.79; 2026-09-08 ratio=98.47 momentum=97.57,66.14
stock,Carborundum Uni.,CARBORUNIV.NS,Abrasives & Bearings,Capital Goods,20853.65,0.37,80.34,23.44,1426.63,17.03,83.16,10.52,,stage_2,4,1095.9,1006.43,4.53,0.04637,"{'price_above_30w_ma': True, '30w_ma_rising': True, 'price_above_10w_ma': False, 'relative_strength_positive': True, 'near_52w_high': True}",leading,lagging,100.61,101.94,1.18,2.48,True,False,2026-09-02 ratio=99.43 momentum=99.47; 2026-09-03 ratio=99.68 momentum=98.07; 2026-09-04 ratio=101.05 momentum=100.07; 2026-09-07 ratio=100.57 momentum=101.02; 2026-09-08 ratio=100.61 momentum=101.94,156.81
stock,SKF India Indus.,SKFINDUS.NS,Abrasives & Bearings,Capital Goods,14691.98,0.67,61.92,-13.84,970.77,18.3,38.22,29.89,,stage_2,5,2953.8,2496.26,1.84,0.12498,"{'price_above_30w_ma': True, '30w_ma_rising': True, 'price_above_10w_ma': True, 'relative_strength_positive': True, 'near_52w_high': True}",leading,leading,101.82,104.38,-0.97,2.44,False,False,2026-09-02 ratio=102.79 momentum=101.94; 2026-09-03 ratio=102.78 momentum=102.40; 2026-09-04 ratio=102.12 momentum=101.95; 2026-09-07 ratio=102.24 momentum=102.55; 2026-09-08 ratio=101.82 momentum=104.38,179.68
stock,SKF India,SKFINDIA.NS,Abrasives & Bearings,Capital Goods,7577.36,2.61,61.84,32.31,587.79,27.09,51.02,13.33,,not_stage_2,1,1534.8,1609.45,-1.3,0.06494,"{'price_above_30w_ma': False, '30w_ma_rising': False, 'price_above_10w_ma': False, 'relative_strength_positive': True, 'near_52w_high': False}",leading,lagging,100.4,102.5,0.5,7.37,True,False,2026-09-02 ratio=99.90 momentum=95.13; 2026-09-03 ratio=100.11 momentum=98.51; 2026-09-04 ratio=100.32 momentum=100.17; 2026-09-07 ratio=100.38 momentum=100.93; 2026-09-08 ratio=100.40 momentum=102.50,64.5
stock,Wendt India,WENDT.NS,Abrasives & Bearings,Capital Goods,1641.97,0.36,6.18,63.49,71.28,36.63,96.87,7.82,,stage_2,5,8419.0,7374.7,2.54,0.35621,"{'price_above_30w_ma': True, '30w_ma_rising': True, 'price_above_10w_ma': True, 'relative_strength_positive': True, 'near_52w_high': True}",leading,leading,102.44,101.43,1.69,1.25,False,False,2026-09-01 ratio=100.75 momentum=100.18; 2026-09-02 ratio=100.45 momentum=100.04; 2026-09-03 ratio=101.81 momentum=102.21; 2026-09-04 ratio=101.10 momentum=99.97; 2026-09-08 ratio=102.44 momentum=101.43,169.43
stock,SKP Bearing,SKP.NS,Abrasives & Bearings,Capital Goods,280.04,0.66,0.04,-89.47,22.11,-0.05,474.65,11.38,,not_stage_2,3,167.3,156.8,-0.81,0.00708,"{'price_above_30w_ma': True, '30w_ma_rising': False, 'price_above_10w_ma': True, 'relative_strength_positive': True, 'near_52w_high': False}",leading,lagging,102.86,102.69,3.95,5.39,True,False,2026-09-01 ratio=98.91 momentum=97.31; 2026-09-02 ratio=98.71 momentum=98.78; 2026-09-03 ratio=98.50 momentum=97.94; 2026-09-04 ratio=99.51 momentum=101.07; 2026-09-08 ratio=102.86 momentum=102.69,117.75
stock,NRB Indl Bearing,NIBL.NS,Abrasives & Bearings,Capital Goods,73.93,0.0,-6.59,-29.47,18.9,1.89,,-18.17,,not_stage_2,2,30.36,31.16,0.32,0.00128,"{'price_above_30w_ma': False, '30w_ma_rising': True, 'price_above_10w_ma': False, 'relative_strength_positive': False, 'near_52w_high': True}",lagging,lagging,99.23,98.85,-0.01,0.1,False,False,2026-09-01 ratio=99.24 momentum=98.76; 2026-09-02 ratio=99.44 momentum=100.36; 2026-09-03 ratio=99.29 momentum=97.83; 2026-09-04 ratio=99.28 momentum=100.47; 2026-09-08 ratio=99.23 momentum=98.85,40.64
stock,Signpost India,SIGNPOST.NS,Advertising & Media Agencies,"Media, Entertainment & Publication",1453.48,0.18,18.69,22.32,152.26,10.61,19.79,25.13,,not_stage_2,2,264.55,265.57,2.17,0.01119,"{'price_above_30w_ma': False, '30w_ma_rising': True, 'price_above_10w_ma': False, 'relative_strength_positive': False, 'near_52w_high': True}",improving,lagging,99.46,101.7,0.99,5.29,False,True,2026-09-02 ratio=98.47 momentum=96.41; 2026-09-03 ratio=98.62 momentum=97.31; 2026-09-04 ratio=98.57 momentum=97.33; 2026-09-07 ratio=99.59 momentum=101.38; 2026-09-08 ratio=99.46 momentum=101.70,52.84
stock,R K Swamy,RKSWAMY.NS,Advertising & Media Agencies,"Media, Entertainment & Publication",470.76,2.15,3.47,20.91,83.62,7.8,19.25,12.26,,not_stage_2,0,94.34,95.33,-1.75,0.00399,"{'price_above_30w_ma': False, '30w_ma_rising': False, 'price_above_10w_ma': False, 'relative_strength_positive': False, 'near_52w_high': False}",improving,improving,99.27,102.73,0.96,-0.49,False,False,2026-09-02 ratio=98.31 momentum=103.23; 2026-09-03 ratio=98.40 momentum=101.76; 2026-09-04 ratio=98.95 momentum=102.76; 2026-09-07 ratio=98.95 momentum=102.14; 2026-09-08 ratio=99.27 momentum=102.73,13.65
stock,Vertoz,VERTOZ.NS,Advertising & Media Agencies,"Media, Entertainment & Publication",324.72,0.26,7.36,5.02,81.64,15.82,12.3,14.16,,not_stage_2,2,38.38,41.16,-5.61,0.00162,"{'price_above_30w_ma': False, '30w_ma_rising': False, 'price_above_10w_ma': True, 'relative_strength_positive': True, 'near_52w_high': False}",leading,leading,101.23,103.59,0.83,1.93,False,False,2026-09-01 ratio=100.39 momentum=101.66; 2026-09-02 ratio=101.06 momentum=102.67; 2026-09-03 ratio=101.14 momentum=103.70; 2026-09-04 ratio=100.55 momentum=103.02; 2026-09-08 ratio=101.23 momentum=103.59,84.1
stock,Simca Advertis.,SIMCA.NS,Advertising & Media Agencies,"Media, Entertainment & Publication",313.66,0.0,9.04,1164.71,78.51,107.37,18.86,97.5,,insufficient_data,0,,,,,{},insufficient_data,insufficient_data,,,,,False,False,,0.0
stock,Yaap Digital,YAAP.NS,Advertising & Media Agencies,"Media, Entertainment & Publication",275.79,0.0,19.0,84.08,135.66,28.14,14.94,30.86,,insufficient_data,0,,,,,{},insufficient_data,insufficient_data,,,,,False,False,,0.0
stock,Cash UR Drive,CUDML.NS,Advertising & Media Agencies,"Media, Entertainment & Publication",189.61,0.0,18.52,94.54,108.79,43.71,6.45,40.31,,insufficient_data,0,,,,,{},insufficient_data,insufficient_data,,,,,False,False,,0.0
stock,Digicontent,DGCONTENT.NS,Advertising & Media Agencies,"Media, Entertainment & Publication",143.49,0.0,-1.93,17.17,123.3,11.63,8.43,23.95,,not_stage_2,1,24.54,26.39,-1.17,0.00104,"{'price_above_30w_ma': False, '30w_ma_rising': False, 'price_above_10w_ma': False, 'relative_strength_positive': True, 'near_52w_high': False}",leading,improving,100.13,101.39,0.88,0.55,True,False,2026-09-01 ratio=99.24 momentum=100.84; 2026-09-02 ratio=100.08 momentum=103.38; 2026-09-03 ratio=99.66 momentum=102.12; 2026-09-04 ratio=100.10 momentum=101.51; 2026-09-08 ratio=100.13 momentum=101.39,57.6
stock,Pramara Promotio,PRAMARA.NS,Advertising & Media Agencies,"Media, Entertainment & Publication",135.81,0.0,3.91,5.96,59.27,6.49,13.53,14.95,,not_stage_2,0,100.0,225.25,-12.53,0.00423,"{'price_above_30w_ma': False, '30w_ma_rising': False, 'price_above_10w_ma': False, 'relative_strength_positive': False, 'near_52w_high': False}",lagging,lagging,98.19,95.95,-0.6,-3.92,False,False,2026-09-01 ratio=98.80 momentum=99.88; 2026-09-02 ratio=98.29 momentum=96.82; 2026-09-03 ratio=98.20 momentum=96.90; 2026-09-04 ratio=98.19 momentum=97.41; 2026-09-08 ratio=98.19 momentum=95.95,0.0
stock,Value 360 Commu.,VALUE360.NS,Advertising & Media Agencies,"Media, Entertainment & Publication",114.72,0.0,4.99,131.34,35.84,16.97,11.56,38.64,,insufficient_data,0,,,,,{},insufficient_data,insufficient_data,,,,,False,False,,0.0
stock,Crayons Advertis,CRAYONS.NS,Advertising & Media Agencies,"Media, Entertainment & Publication",61.56,0.0,0.68,-94.03,171.88,26.88,16.37,5.55,,not_stage_2,0,24.0,31.05,-5.34,0.00102,"{'price_above_30w_ma': False, '30w_ma_rising': False, 'price_above_10w_ma': False, 'relative_strength_positive': False, 'near_52w_high': False}",lagging,lagging,98.2,97.1,-1.1,-2.34,False,False,2026-09-01 ratio=99.30 momentum=99.44; 2026-09-02 ratio=99.46 momentum=97.57; 2026-09-03 ratio=99.51 momentum=97.39; 2026-09-04 ratio=98.79 momentum=97.51; 2026-09-08 ratio=98.20 momentum=97.10,0.0
stock,Hind.Aeronautics,HAL.NS,Aerospace & Defense,Capital Goods,334560.59,0.9,1589.66,14.88,5515.17,14.45,35.89,31.97,,stage_2,5,5031.1,4385.37,1.97,0.21287,"{'price_above_30w_ma': True, '30w_ma_rising': True, 'price_above_10w_ma': True, 'relative_strength_positive': True, 'near_52w_high': True}",leading,weakening,102.03,101.88,1.24,6.1,True,False,2026-09-01 ratio=100.79 momentum=95.79; 2026-09-02 ratio=100.76 momentum=96.09; 2026-09-03 ratio=100.70 momentum=96.30; 2026-09-04 ratio=101.06 momentum=96.64; 2026-09-08 ratio=102.03 momentum=101.88,178.49
stock,Bharat Electron,BEL.NS,Aerospace & Defense,Capital Goods,296813.17,0.62,1054.53,8.7,5546.98,24.94,48.29,36.44,,not_stage_2,3,410.55,421.85,-0.65,0.01737,"{'price_above_30w_ma': False, '30w_ma_rising': False, 'price_above_10w_ma': True, 'relative_strength_positive': True, 'near_52w_high': True}",leading,leading,101.3,103.1,0.96,2.39,False,False,2026-09-02 ratio=100.34 momentum=100.71; 2026-09-03 ratio=100.70 momentum=102.58; 2026-09-04 ratio=100.34 momentum=99.96; 2026-09-07 ratio=100.41 momentum=101.68; 2026-09-08 ratio=101.30 momentum=103.10,102.0
stock,Bharat Dynamics,BDL.NS,Aerospace & Defense,Capital Goods,44618.66,0.4,118.79,547.36,572.24,130.81,85.68,13.84,,not_stage_2,1,1242.5,1302.88,-0.75,0.05257,"{'price_above_30w_ma': False, '30w_ma_rising': False, 'price_above_10w_ma': False, 'relative_strength_positive': False, 'near_52w_high': True}",lagging,lagging,99.31,97.6,0.39,1.46,False,False,2026-09-01 ratio=98.92 momentum=96.14; 2026-09-02 ratio=99.15 momentum=97.70; 2026-09-03 ratio=99.30 momentum=98.95; 2026-09-04 ratio=99.26 momentum=97.98; 2026-09-08 ratio=99.31 momentum=97.60,20.0
stock,Garden Reach Sh.,GRSE.NS,Aerospace & Defense,Capital Goods,28551.73,0.52,172.84,43.82,1814.62,38.53,35.66,42.82,,not_stage_2,2,2525.7,2599.19,0.57,0.10686,"{'price_above_30w_ma': False, '30w_ma_rising': True, 'price_above_10w_ma': False, 'relative_strength_positive': False, 'near_52w_high': True}",improving,lagging,99.6,100.51,0.69,4.49,False,True,2026-09-01 ratio=98.92 momentum=96.02; 2026-09-02 ratio=98.65 momentum=96.76; 2026-09-03 ratio=98.93 momentum=98.49; 2026-09-04 ratio=99.26 momentum=99.72; 2026-09-08 ratio=99.60 momentum=100.51,43.69
stock,Data Pattern,DATAPATTNS.NS,Aerospace & Defense,Capital Goods,27346.13,0.2,22.06,-13.49,116.03,16.81,101.18,21.92,,stage_2,5,4932.3,4031.76,7.68,0.20869,"{'price_above_30w_ma': True, '30w_ma_rising': True, 'price_above_10w_ma': True, 'relative_strength_positive': True, 'near_52w_high': True}",leading,weakening,102.66,102.27,2.37,4.27,True,False,2026-09-01 ratio=100.29 momentum=98.00; 2026-09-02 ratio=100.48 momentum=97.71; 2026-09-03 ratio=100.89 momentum=99.81; 2026-09-04 ratio=100.84 momentum=98.19; 2026-09-08 ratio=102.66 momentum=102.27,195.01
stock,Astra Microwave,ASTRAMICRO.NS,Aerospace & Defense,Capital Goods,16211.03,0.14,12.35,-24.09,176.66,-11.55,85.75,20.28,,stage_2,4,1757.3,1384.93,8.22,0.07435,"{'price_above_30w_ma': True, '30w_ma_rising': True, 'price_above_10w_ma': False, 'relative_strength_positive': True, 'near_52w_high': True}",leading,lagging,100.92,102.21,2.42,6.9,True,False,2026-09-02 ratio=98.50 momentum=95.31; 2026-09-03 ratio=98.96 momentum=97.87; 2026-09-04 ratio=100.07 momentum=102.32; 2026-09-07 ratio=99.91 momentum=101.81; 2026-09-08 ratio=100.92 momentum=102.21,167.09
stock,Zen Technologies,ZENTEC.NS,Aerospace & Defense,Capital Goods,15896.19,0.06,31.85,-23.2,141.64,-10.48,87.49,16.18,,stage_2,5,1825.0,1655.67,4.26,0.07722,"{'price_above_30w_ma': True, '30w_ma_rising': True, 'price_above_10w_ma': True, 'relative_strength_positive': True, 'near_52w_high': True}",weakening,lagging,100.84,99.56,0.88,3.49,False,False,2026-09-01 ratio=99.96 momentum=96.07; 2026-09-02 ratio=100.67 momentum=98.13; 2026-09-03 ratio=100.49 momentum=98.51; 2026-09-04 ratio=100.35 momentum=97.38; 2026-09-08 ratio=100.84 momentum=99.56,137.72
stock,Apollo Micro Sys,APOLLO.NS,Aerospace & Defense,Capital Goods,15698.22,0.06,25.21,45.38,251.29,88.12,129.4,14.47,,stage_2,5,417.9,334.24,6.62,0.01768,"{'price_above_30w_ma': True, '30w_ma_rising': True, 'price_above_10w_ma': True, 'relative_strength_positive': True, 'near_52w_high': True}",leading,improving,102.14,103.12,2.74,1.65,True,False,2026-09-02 ratio=99.40 momentum=101.47; 2026-09-03 ratio=99.50 momentum=102.48; 2026-09-04 ratio=99.85 momentum=104.00; 2026-09-07 ratio=101.00 momentum=103.67; 2026-09-08 ratio=102.14 momentum=103.12,194.54
stock,Aequs,AEQUS.NS,Aerospace & Defense,Capital Goods,15438.9,0.0,-53.23,-1457.91,395.55,54.77,,1.69,,not_stage_2,3,231.9,196.04,7.83,0.00981,"{'price_above_30w_ma': True, '30w_ma_rising': True, 'price_above_10w_ma': False, 'relative_strength_positive': False, 'near_52w_high': True}",lagging,weakening,99.57,96.56,-1.12,-0.6,False,False,2026-09-02 ratio=100.68 momentum=97.16; 2026-09-03 ratio=100.84 momentum=97.88; 2026-09-04 ratio=100.31 momentum=96.10; 2026-09-07 ratio=99.62 momentum=95.77; 2026-09-08 ratio=99.57 momentum=96.56,75.66
stock,Sigma Advanced System,SIGMAADV.NS,Aerospace & Defense,Capital Goods,14344.31,0.0,35.41,-81.87,374.28,7083.88,86.25,60.82,,stage_2,5,777.15,423.36,21.94,0.03288,"{'price_above_30w_ma': True, '30w_ma_rising': True, 'price_above_10w_ma': True, 'relative_strength_positive': True, 'near_52w_high': True}",leading,leading,101.81,101.09,-0.2,0.5,False,False,2026-09-02 ratio=102.01 momentum=100.59; 2026-09-03 ratio=101.70 momentum=101.11; 2026-09-04 ratio=101.70 momentum=100.48; 2026-09-07 ratio=101.40 momentum=101.01; 2026-09-08 ratio=101.81 momentum=101.09,203.38
stock,Hindalco Inds.,HINDALCO.NS,Aluminium,Metals & Mining,230277.02,0.49,7013.0,116.7,84825.0,32.06,11.06,13.21,,stage_2,5,1009.0,996.39,1.11,0.04269,"{'price_above_30w_ma': True, '30w_ma_rising': True, 'price_above_10w_ma': True, 'relative_strength_positive': True, 'near_52w_high': True}",weakening,weakening,100.93,97.11,0.23,-1.59,False,False,2026-09-01 ratio=100.70 momentum=98.70; 2026-09-02 ratio=100.72 momentum=98.41; 2026-09-03 ratio=100.75 momentum=99.37; 2026-09-04 ratio=100.72 momentum=98.96; 2026-09-08 ratio=100.93 momentum=97.11,131.87
stock,Vedanta Aluminium Metal,VAML.NS,Aluminium,Metals & Mining,174149.52,1.8,6597.0,216.06,21393.0,45.99,11.0,,,insufficient_data,0,,,,,{},improving,improving,99.8,100.52,0.05,0.45,False,True,2026-09-07 ratio=99.74 momentum=100.07; 2026-09-08 ratio=99.80 momentum=100.52,2.6
stock,Natl. Aluminium,NATIONALUM.NS,Aluminium,Metals & Mining,69341.87,3.05,2003.14,90.87,5302.38,39.28,10.27,39.59,,not_stage_2,4,371.05,382.02,0.65,0.0157,"{'price_above_30w_ma': False, '30w_ma_rising': True, 'price_above_10w_ma': True, 'relative_strength_positive': True, 'near_52w_high': True}",weakening,weakening,100.6,97.78,0.15,-0.44,False,False,2026-09-02 ratio=100.45 momentum=98.22; 2026-09-03 ratio=100.64 momentum=98.98; 2026-09-04 ratio=100.60 momentum=98.15; 2026-09-07 ratio=100.27 momentum=96.56; 2026-09-08 ratio=100.60 momentum=97.78,84.3
stock,Arfin India,ARFIN.NS,Aluminium,Metals & Mining,1499.56,0.12,3.53,246.08,207.96,91.23,93.08,13.96,,stage_2,5,91.36,86.88,1.74,0.00387,"{'price_above_30w_ma': True, '30w_ma_rising': True, 'price_above_10w_ma': True, 'relative_strength_positive': True, 'near_52w_high': True}",leading,leading,101.89,102.42,1.28,-0.65,False,False,2026-09-02 ratio=100.61 momentum=103.07; 2026-09-03 ratio=101.14 momentum=103.66; 2026-09-04 ratio=100.48 momentum=101.70; 2026-09-07 ratio=103.08 momentum=103.57; 2026-09-08 ratio=101.89 momentum=102.42,170.03
stock,MMP Industries,MMP.NS,Aluminium,Metals & Mining,1169.16,0.43,13.7,15.32,232.6,26.9,26.22,12.49,,stage_2,5,478.5,284.73,8.66,0.02025,"{'price_above_30w_ma': True, '30w_ma_rising': True, 'price_above_10w_ma': True, 'relative_strength_positive': True, 'near_52w_high': True}",leading,weakening,102.97,101.21,1.5,4.41,True,False,2026-09-01 ratio=101.48 momentum=96.81; 2026-09-02 ratio=101.47 momentum=96.45; 2026-09-03 ratio=101.65 momentum=96.05; 2026-09-04 ratio=101.72 momentum=96.55; 2026-09-08 ratio=102.97 momentum=101.21,193.22
stock,Maan Aluminium,MAANALU.NS,Aluminium,Metals & Mining,664.49,0.0,3.1,13.55,231.86,9.79,49.59,7.73,,not_stage_2,0,114.34,129.98,-3.03,0.00484,"{'price_above_30w_ma': False, '30w_ma_rising': False, 'price_above_10w_ma': False, 'relative_strength_positive': False, 'near_52w_high': False}",lagging,improving,99.08,99.46,-0.76,-1.62,False,False,2026-09-01 ratio=99.84 momentum=101.08; 2026-09-02 ratio=99.73 momentum=100.80; 2026-09-03 ratio=100.58 momentum=102.74; 2026-09-04 ratio=99.74 momentum=100.72; 2026-09-08 ratio=99.08 momentum=99.46,0.0
stock,Jainik Power,JAINIK.NS,Aluminium,Metals & Mining,311.34,0.0,7.85,64.57,208.91,9.73,22.21,29.88,,insufficient_data,0,,,,,{},insufficient_data,insufficient_data,,,,,False,False,,0.0
stock,Manaksia Alumi.,MANAKALUCO.NS,Aluminium,Metals & Mining,249.05,0.13,2.85,82.69,139.59,3.85,28.14,10.15,,not_stage_2,3,39.22,33.94,-0.31,0.00166,"{'price_above_30w_ma': True, '30w_ma_rising': False, 'price_above_10w_ma': True, 'relative_strength_positive': True, 'near_52w_high': False}",leading,leading,101.43,104.33,0.7,2.89,False,False,2026-09-01 ratio=100.73 momentum=101.44; 2026-09-02 ratio=100.22 momentum=100.12; 2026-09-03 ratio=100.53 momentum=101.57; 2026-09-04 ratio=100.71 momentum=101.37; 2026-09-08 ratio=101.43 momentum=104.33,108.8
stock,Hind Aluminium,HINDALUMI.NS,Aluminium,Metals & Mining,62.26,0.0,1.91,-51.03,5.36,405.66,16.78,-2.7,,insufficient_data,0,,,,,{},insufficient_data,insufficient_data,,,,,False,False,,0.0
stock,Prec. Wires (I),PRECWIRE.NS,"Aluminium, Copper & Zinc Products",Capital Goods,8675.11,0.26,46.45,71.47,1779.24,59.49,49.68,32.94,,stage_2,5,480.2,386.06,8.76,0.02032,"{'price_above_30w_ma': True, '30w_ma_rising': True, 'price_above_10w_ma': True, 'relative_strength_positive': True, 'near_52w_high': True}",leading,leading,101.81,101.04,-0.63,0.65,False,False,2026-09-01 ratio=102.44 momentum=100.39; 2026-09-02 ratio=102.02 momentum=100.99; 2026-09-03 ratio=102.06 momentum=100.94; 2026-09-04 ratio=101.61 momentum=100.42; 2026-09-08 ratio=101.81 momentum=101.04,176.77
stock,CMR Green Tech.,CMRGREEN.NS,"Aluminium, Copper & Zinc Products",Capital Goods,4761.15,0.0,68.18,16.41,3122.73,64.92,21.54,13.98,,insufficient_data,0,,,,,{},leading,leading,100.53,102.92,0.35,0.65,False,False,2026-09-02 ratio=100.19 momentum=102.27; 2026-09-03 ratio=100.85 momentum=103.22; 2026-09-04 ratio=100.67 momentum=103.24; 2026-09-07 ratio=100.14 momentum=101.22; 2026-09-08 ratio=100.53 momentum=102.92,37.25
stock,Vidya Wires,VIDYAWIRES.NS,"Aluminium, Copper & Zinc Products",Capital Goods,1908.27,0.0,17.14,41.42,549.71,33.5,30.45,20.59,,not_stage_2,3,89.09,81.8,7.27,0.00377,"{'price_above_30w_ma': True, '30w_ma_rising': True, 'price_above_10w_ma': False, 'relative_strength_positive': False, 'near_52w_high': True}",improving,improving,99.83,104.06,0.53,3.1,False,True,2026-09-02 ratio=99.31 momentum=100.96; 2026-09-03 ratio=99.59 momentum=101.89; 2026-09-04 ratio=99.76 momentum=102.58; 2026-09-07 ratio=99.41 momentum=101.84; 2026-09-08 ratio=99.83 momentum=104.06,94.84
stock,Sunlite Recycli.,SUNLITE.NS,"Aluminium, Copper & Zinc Products",Capital Goods,905.05,0.0,25.8,257.84,1642.41,116.13,22.54,46.52,,insufficient_data,0,,,,,{},insufficient_data,insufficient_data,,,,,False,False,,0.0
stock,Baheti Recycling,BAHETI.NS,"Aluminium, Copper & Zinc Products",Capital Goods,863.28,0.0,17.79,61.87,409.72,53.38,31.9,21.66,,stage_2,5,829.5,655.96,5.02,0.0351,"{'price_above_30w_ma': True, '30w_ma_rising': True, 'price_above_10w_ma': True, 'relative_strength_positive': True, 'near_52w_high': True}",weakening,leading,101.64,97.52,-0.44,-4.77,False,False,2026-09-01 ratio=102.08 momentum=102.29; 2026-09-02 ratio=102.00 momentum=99.98; 2026-09-03 ratio=102.06 momentum=101.07; 2026-09-04 ratio=101.86 momentum=99.04; 2026-09-08 ratio=101.64 momentum=97.52,143.24
stock,Shera Energy,SHERA.NS,"Aluminium, Copper & Zinc Products",Capital Goods,450.78,0.0,12.64,88.26,487.67,26.1,13.18,19.54,,stage_2,5,186.0,150.39,5.68,0.00787,"{'price_above_30w_ma': True, '30w_ma_rising': True, 'price_above_10w_ma': True, 'relative_strength_positive': True, 'near_52w_high': True}",leading,weakening,102.2,102.54,1.2,5.86,True,False,2026-09-01 ratio=101.00 momentum=96.68; 2026-09-02 ratio=101.27 momentum=97.24; 2026-09-03 ratio=101.88 momentum=102.41; 2026-09-04 ratio=101.75 momentum=100.22; 2026-09-08 ratio=102.20 momentum=102.54,190.06
stock,ANB Metal,AMCL.NS,"Aluminium, Copper & Zinc Products",Capital Goods,426.11,0.0,12.97,199.54,137.39,115.08,19.86,29.63,,insufficient_data,0,,,,,{},insufficient_data,insufficient_data,,,,,False,False,,0.0
stock,Euro Panel,EUROBOND.NS,"Aluminium, Copper & Zinc Products",Capital Goods,369.37,0.0,4.96,-13.29,119.62,14.1,13.97,16.95,,not_stage_2,0,154.63,165.93,-1.8,0.00654,"{'price_above_30w_ma': False, '30w_ma_rising': False, 'price_above_10w_ma': False, 'relative_strength_positive': False, 'near_52w_high': False}",improving,lagging,99.59,101.36,1.74,3.81,False,True,2026-09-01 ratio=97.85 momentum=97.55; 2026-09-02 ratio=98.38 momentum=98.70; 2026-09-03 ratio=98.65 momentum=99.30; 2026-09-04 ratio=98.65 momentum=99.53; 2026-09-08 ratio=99.59 momentum=101.36,6.8
stock,Century Extrus.,CENTEXT.NS,"Aluminium, Copper & Zinc Products",Capital Goods,176.43,0.0,3.77,59.75,138.36,32.85,13.75,19.29,,not_stage_2,3,21.39,20.22,-0.52,0.00091,"{'price_above_30w_ma': True, '30w_ma_rising': False, 'price_above_10w_ma': True, 'relative_strength_positive': True, 'near_52w_high': False}",weakening,weakening,100.89,98.45,-0.46,-1.13,False,False,2026-09-01 ratio=101.35 momentum=99.58; 2026-09-02 ratio=101.51 momentum=99.70; 2026-09-03 ratio=100.70 momentum=100.69; 2026-09-04 ratio=100.00 momentum=99.20; 2026-09-08 ratio=100.89 momentum=98.45,64.45
stock,M Tek Copper,MCL.NS,"Aluminium, Copper & Zinc Products",Capital Goods,160.0,0.0,1.05,0.96,80.26,73.72,35.4,12.62,,not_stage_2,2,59.35,59.4,-4.58,0.00251,"{'price_above_30w_ma': False, '30w_ma_rising': False, 'price_above_10w_ma': True, 'relative_strength_positive': True, 'near_52w_high': False}",leading,weakening,102.02,103.02,1.59,4.74,True,False,2026-09-02 ratio=100.43 momentum=98.29; 2026-09-03 ratio=101.55 momentum=101.62; 2026-09-04 ratio=101.40 momentum=101.48; 2026-09-07 ratio=100.92 momentum=99.71; 2026-09-08 ratio=102.02 momentum=103.02,95.2
stock,Wonderla Holiday,WONDERLA.NS,Amusement Parks/ Other Recreation,Consumer Services,3281.15,0.39,72.8,38.48,242.63,44.22,31.02,6.2,,stage_2,5,518.4,499.51,0.7,0.02193,"{'price_above_30w_ma': True, '30w_ma_rising': True, 'price_above_10w_ma': True, 'relative_strength_positive': True, 'near_52w_high': True}",weakening,leading,101.63,98.98,-0.8,-3.95,False,False,2026-09-01 ratio=102.44 momentum=102.93; 2026-09-02 ratio=102.14 momentum=102.80; 2026-09-03 ratio=101.88 momentum=102.51; 2026-09-04 ratio=102.11 momentum=98.50; 2026-09-08 ratio=101.63 momentum=98.98,134.55
stock,Imagica. Enter.,IMAGICAA.NS,Amusement Parks/ Other Recreation,Consumer Services,3094.1,0.0,57.57,26.19,177.6,19.92,242.86,1.86,,stage_2,5,54.43,46.24,1.35,0.0023,"{'price_above_30w_ma': True, '30w_ma_rising': True, 'price_above_10w_ma': True, 'relative_strength_positive': True, 'near_52w_high': True}",leading,leading,101.77,100.34,-0.31,-0.41,False,False,2026-09-02 ratio=102.09 momentum=100.75; 2026-09-03 ratio=101.99 momentum=101.39; 2026-09-04 ratio=102.09 momentum=100.91; 2026-09-07 ratio=101.90 momentum=100.41; 2026-09-08 ratio=101.77 momentum=100.34,158.25
stock,Delta Corp,DELTACORP.NS,Amusement Parks/ Other Recreation,Consumer Services,1478.1,0.9,-212.57,219.62,168.55,-8.48,9.59,5.08,,not_stage_2,0,55.44,63.27,-1.72,0.00235,"{'price_above_30w_ma': False, '30w_ma_rising': False, 'price_above_10w_ma': False, 'relative_strength_positive': False, 'near_52w_high': False}",lagging,lagging,98.11,97.24,0.17,-2.59,False,False,2026-09-02 ratio=97.95 momentum=99.82; 2026-09-03 ratio=97.84 momentum=99.89; 2026-09-04 ratio=97.91 momentum=100.68; 2026-09-07 ratio=98.16 momentum=100.60; 2026-09-08 ratio=98.11 momentum=97.24,0.0
stock,Nicco Parks,NICCOPAR.NS,Amusement Parks/ Other Recreation,Consumer Services,384.47,1.56,5.47,68.83,19.05,-27.54,65.05,13.52,,insufficient_data,0,,,,,{},insufficient_data,insufficient_data,,,,,False,False,,0.0
stock,Godrej Agrovet,GODREJAGRO.NS,Animal Feed,Fast Moving Consumer Goods,12985.85,1.63,128.31,-16.21,2855.22,9.22,27.68,19.16,,stage_2,5,673.6,586.35,1.45,0.0285,"{'price_above_30w_ma': True, '30w_ma_rising': True, 'price_above_10w_ma': True, 'relative_strength_positive': True, 'near_52w_high': True}",leading,leading,103.05,104.83,-0.66,3.05,False,False,2026-09-01 ratio=103.71 momentum=101.77; 2026-09-02 ratio=103.77 momentum=102.57; 2026-09-03 ratio=103.01 momentum=101.73; 2026-09-04 ratio=102.33 momentum=101.97; 2026-09-08 ratio=103.05 momentum=104.83,187.3
stock,Avanti Feeds,AVANTIFEED.NS,Animal Feed,Fast Moving Consumer Goods,10995.75,1.24,116.3,-42.0,1899.86,18.32,20.44,24.38,,not_stage_2,0,837.15,1119.39,-2.02,0.03542,"{'price_above_30w_ma': False, '30w_ma_rising': False, 'price_above_10w_ma': False, 'relative_strength_positive': False, 'near_52w_high': False}",improving,lagging,99.28,103.38,0.99,5.93,False,True,2026-09-02 ratio=98.29 momentum=97.45; 2026-09-03 ratio=98.31 momentum=98.42; 2026-09-04 ratio=98.42 momentum=100.34; 2026-09-07 ratio=98.38 momentum=98.84; 2026-09-08 ratio=99.28 momentum=103.38,16.9
stock,Mukka Proteins,MUKKA.NS,Animal Feed,Fast Moving Consumer Goods,895.8,0.0,18.64,1142.76,489.65,186.73,12.96,11.61,,stage_2,5,30.72,23.76,2.67,0.0013,"{'price_above_30w_ma': True, '30w_ma_rising': True, 'price_above_10w_ma': True, 'relative_strength_positive': True, 'near_52w_high': True}",leading,weakening,102.76,101.41,0.72,1.57,True,False,2026-09-02 ratio=102.05 momentum=99.84; 2026-09-03 ratio=103.03 momentum=101.70; 2026-09-04 ratio=103.84 momentum=101.90; 2026-09-07 ratio=103.64 momentum=102.04; 2026-09-08 ratio=102.76 momentum=101.41,181.19
stock,KSE,KSE.NS,Animal Feed,Fast Moving Consumer Goods,565.96,7.03,0.94,-98.44,453.67,9.06,12.28,33.55,,insufficient_data,0,,,,,{},insufficient_data,insufficient_data,,,,,False,False,,0.0
stock,Narmada Agrobase,NARMADA.NS,Animal Feed,Fast Moving Consumer Goods,111.38,0.0,0.75,-26.47,22.26,100.9,31.02,8.95,,not_stage_2,0,14.78,16.91,-0.97,0.00063,"{'price_above_30w_ma': False, '30w_ma_rising': False, 'price_above_10w_ma': False, 'relative_strength_positive': False, 'near_52w_high': False}",improving,improving,99.55,103.06,0.73,2.49,False,True,2026-09-01 ratio=98.82 momentum=100.57; 2026-09-02 ratio=98.81 momentum=100.76; 2026-09-03 ratio=98.85 momentum=102.07; 2026-09-04 ratio=98.81 momentum=104.43; 2026-09-08 ratio=99.55 momentum=103.06,15.3
stock,Ajooni Biotech,AJOONI.NS,Animal Feed,Fast Moving Consumer Goods,60.28,0.0,0.43,-44.87,63.49,103.04,15.22,6.49,,not_stage_2,0,3.44,4.04,-2.35,0.00015,"{'price_above_30w_ma': False, '30w_ma_rising': False, 'price_above_10w_ma': False, 'relative_strength_positive': False, 'near_52w_high': False}",lagging,lagging,97.98,99.38,-1.45,-0.39,False,False,2026-09-02 ratio=99.43 momentum=99.77; 2026-09-03 ratio=99.37 momentum=100.28; 2026-09-04 ratio=99.34 momentum=100.60; 2026-09-07 ratio=98.07 momentum=98.07; 2026-09-08 ratio=97.98 momentum=99.38,0.0
stock,ICICI AMC,ICICIAMC.NS,Asset Management Company,Financial Services,148384.06,0.91,964.63,23.1,1564.22,17.55,42.57,115.1,,not_stage_2,2,3013.0,3159.03,0.61,0.12748,"{'price_above_30w_ma': False, '30w_ma_rising': True, 'price_above_10w_ma': False, 'relative_strength_positive': False, 'near_52w_high': True}",lagging,lagging,99.45,97.58,0.86,0.57,False,False,2026-09-02 ratio=98.59 momentum=97.01; 2026-09-03 ratio=98.73 momentum=97.94; 2026-09-04 ratio=98.66 momentum=97.34; 2026-09-07 ratio=99.25 momentum=98.45; 2026-09-08 ratio=99.45 momentum=97.58,41.22
stock,SBI Funds Mgt.,SBIFUNDS.NS,Asset Management Company,Financial Services,112534.9,0.0,880.26,3.7,1152.73,15.16,36.32,56.5,,insufficient_data,0,,,,,{},insufficient_data,insufficient_data,,,,,False,False,,0.0
stock,HDFC AMC,HDFCAMC.NS,Asset Management Company,Financial Services,104301.6,2.21,838.36,12.09,1098.5,13.51,35.36,42.88,,not_stage_2,1,2447.3,2598.22,-0.5,0.10355,"{'price_above_30w_ma': False, '30w_ma_rising': False, 'price_above_10w_ma': False, 'relative_strength_positive': False, 'near_52w_high': True}",lagging,improving,98.98,98.37,-0.45,-2.46,False,False,2026-09-01 ratio=99.43 momentum=100.83; 2026-09-02 ratio=99.41 momentum=99.87; 2026-09-03 ratio=99.32 momentum=98.40; 2026-09-04 ratio=98.77 momentum=98.03; 2026-09-08 ratio=98.98 momentum=98.37,20.0
stock,Nippon Life Ind.,NAM-INDIA.NS,Asset Management Company,Financial Services,74515.49,1.85,503.7,27.16,766.87,26.42,45.52,43.8,,stage_2,5,1188.9,1065.82,4.1,0.0503,"{'price_above_30w_ma': True, '30w_ma_rising': True, 'price_above_10w_ma': True, 'relative_strength_positive': True, 'near_52w_high': True}",weakening,weakening,101.07,99.68,1.01,1.49,False,False,2026-09-02 ratio=100.06 momentum=98.20; 2026-09-03 ratio=99.89 momentum=97.82; 2026-09-04 ratio=99.65 momentum=96.53; 2026-09-07 ratio=101.07 momentum=97.93; 2026-09-08 ratio=101.07 momentum=99.68,138.55
stock,Aditya AMC,ABSLAMC.NS,Asset Management Company,Financial Services,30912.2,2.39,309.49,11.68,462.96,3.48,30.62,32.23,,stage_2,4,1037.8,1031.0,3.11,0.04391,"{'price_above_30w_ma': True, '30w_ma_rising': True, 'price_above_10w_ma': False, 'relative_strength_positive': True, 'near_52w_high': True}",leading,improving,100.05,103.35,0.51,1.8,True,False,2026-09-01 ratio=99.54 momentum=101.55; 2026-09-02 ratio=99.56 momentum=101.78; 2026-09-03 ratio=99.95 momentum=103.29; 2026-09-04 ratio=100.21 momentum=103.21; 2026-09-08 ratio=100.05 momentum=103.35,158.22
stock,UTI AMC,UTIAMC.NS,Asset Management Company,Financial Services,11575.58,4.44,293.86,24.07,583.51,6.7,21.68,15.57,,not_stage_2,1,900.45,943.95,-1.79,0.0381,"{'price_above_30w_ma': False, '30w_ma_rising': False, 'price_above_10w_ma': False, 'relative_strength_positive': True, 'near_52w_high': False}",leading,improving,100.09,103.52,1.0,2.43,True,False,2026-09-02 ratio=99.09 momentum=101.09; 2026-09-03 ratio=99.25 momentum=101.83; 2026-09-04 ratio=99.26 momentum=102.09; 2026-09-07 ratio=99.64 momentum=103.50; 2026-09-08 ratio=100.09 momentum=103.52,68.05
stock,Canara Robeco,CRAMC.NS,Asset Management Company,Financial Services,4762.06,1.68,75.6,23.98,145.37,20.07,21.8,40.11,,not_stage_2,1,242.25,251.54,0.07,0.01025,"{'price_above_30w_ma': False, '30w_ma_rising': True, 'price_above_10w_ma': False, 'relative_strength_positive': False, 'near_52w_high': False}",lagging,improving,98.15,98.0,-1.54,-3.01,False,False,2026-09-02 ratio=99.69 momentum=101.00; 2026-09-03 ratio=99.44 momentum=96.55; 2026-09-04 ratio=99.42 momentum=96.01; 2026-09-07 ratio=99.19 momentum=97.67; 2026-09-08 ratio=98.15 momentum=98.00,20.14
stock,Gaja Alternative Asset,GAJA.NS,Asset Management Company,Financial Services,2237.54,0.47,62.09,,99.3,,28.23,17.02,,insufficient_data,0,,,,,{},insufficient_data,insufficient_data,,,,,False,False,,0.0
stock,IL&FS Inv.Manag.,IVC.NS,Asset Management Company,Financial Services,306.96,12.04,1.21,23.86,8.17,40.86,75.42,4.11,,stage_2,5,10.02,7.95,2.72,0.00042,"{'price_above_30w_ma': True, '30w_ma_rising': True, 'price_above_10w_ma': True, 'relative_strength_positive': True, 'near_52w_high': True}",leading,leading,103.25,101.96,-1.18,-0.43,False,False,2026-09-01 ratio=104.43 momentum=102.38; 2026-09-02 ratio=104.46 momentum=102.03; 2026-09-03 ratio=104.57 momentum=102.08; 2026-09-04 ratio=103.97 momentum=101.88; 2026-09-08 ratio=103.25 momentum=101.96,176.49
stock,Samvardh. Mothe.,MOTHERSON.NS,Auto Components & Equipments,Automobile and Auto Components,172618.2,0.37,1075.66,81.52,35243.77,16.65,37.77,13.43,,stage_2,5,163.85,139.19,4.74,0.00693,"{'price_above_30w_ma': True, '30w_ma_rising': True, 'price_above_10w_ma': True, 'relative_strength_positive': True, 'near_52w_high': True}",weakening,weakening,101.12,99.04,0.1,3.27,False,False,2026-09-02 ratio=101.01 momentum=95.76; 2026-09-03 ratio=100.88 momentum=96.27; 2026-09-04 ratio=100.71 momentum=96.26; 2026-09-07 ratio=100.89 momentum=96.79; 2026-09-08 ratio=101.12 momentum=99.04,140.08
stock,Bosch,BOSCHLTD.NS,Auto Components & Equipments,Automobile and Auto Components,144744.26,0.55,706.1,5.2,5841.9,22.0,61.25,21.54,,stage_2,5,48785.0,39007.67,4.33,2.06409,"{'price_above_30w_ma': True, '30w_ma_rising': True, 'price_above_10w_ma': True, 'relative_strength_positive': True, 'near_52w_high': True}",weakening,weakening,101.7,98.88,0.41,3.59,False,False,2026-09-02 ratio=101.29 momentum=95.29; 2026-09-03 ratio=101.19 momentum=95.88; 2026-09-04 ratio=101.07 momentum=97.05; 2026-09-07 ratio=101.46 momentum=98.33; 2026-09-08 ratio=101.70 momentum=98.88,142.16
stock,Bharat Forge,BHARATFORG.NS,Auto Components & Equipments,Automobile and Auto Components,94533.91,0.43,-89.89,-57.72,4639.94,18.71,93.62,12.61,,not_stage_2,3,2003.7,1959.06,3.37,0.08478,"{'price_above_30w_ma': True, '30w_ma_rising': True, 'price_above_10w_ma': False, 'relative_strength_positive': False, 'near_52w_high': True}",improving,lagging,99.06,100.94,0.25,1.92,False,True,2026-09-02 ratio=98.81 momentum=99.02; 2026-09-03 ratio=98.09 momentum=98.36; 2026-09-04 ratio=97.80 momentum=98.07; 2026-09-07 ratio=98.05 momentum=99.27; 2026-09-08 ratio=99.06 momentum=100.94,71.44
stock,Uno Minda,UNOMINDA.NS,Auto Components & Equipments,Automobile and Auto Components,71336.92,0.22,315.51,1.76,5556.85,23.79,58.36,19.65,,stage_2,5,1237.0,1141.81,0.91,0.05234,"{'price_above_30w_ma': True, '30w_ma_rising': True, 'price_above_10w_ma': True, 'relative_strength_positive': True, 'near_52w_high': True}",weakening,weakening,101.04,99.22,0.09,4.3,False,False,2026-09-02 ratio=100.95 momentum=94.92; 2026-09-03 ratio=101.48 momentum=99.17; 2026-09-04 ratio=101.09 momentum=97.67; 2026-09-07 ratio=101.02 momentum=98.65; 2026-09-08 ratio=101.04 momentum=99.22,132.02
stock,Schaeffler India,SCHAEFFLER.NS,Auto Components & Equipments,Automobile and Auto Components,61510.07,0.89,336.73,13.67,2681.41,17.5,47.64,27.9,,not_stage_2,2,3954.6,4077.85,0.94,0.16732,"{'price_above_30w_ma': False, '30w_ma_rising': True, 'price_above_10w_ma': False, 'relative_strength_positive': False, 'near_52w_high': True}",improving,lagging,99.55,102.32,0.44,3.19,False,True,2026-09-01 ratio=99.11 momentum=99.12; 2026-09-02 ratio=98.98 momentum=96.35; 2026-09-03 ratio=98.89 momentum=99.20; 2026-09-04 ratio=98.95 momentum=100.83; 2026-09-08 ratio=99.55 momentum=102.32,53.48
stock,Tube Investments,TIINDIA.NS,Auto Components & Equipments,Automobile and Auto Components,51907.43,0.13,293.96,-15.25,6215.33,17.07,82.82,17.14,,not_stage_2,2,2638.7,2840.56,2.03,0.11164,"{'price_above_30w_ma': False, '30w_ma_rising': True, 'price_above_10w_ma': False, 'relative_strength_positive': False, 'near_52w_high': True}",lagging,lagging,98.6,97.17,-0.59,0.47,False,False,2026-09-01 ratio=99.20 momentum=96.70; 2026-09-02 ratio=98.98 momentum=95.80; 2026-09-03 ratio=99.16 momentum=97.32; 2026-09-04 ratio=98.83 momentum=97.43; 2026-09-08 ratio=98.60 momentum=97.17,44.06
stock,Sona BLW Precis.,SONACOMS.NS,Auto Components & Equipments,Automobile and Auto Components,49961.21,0.43,220.11,73.37,1157.24,50.82,64.26,15.11,,stage_2,5,804.0,633.94,6.93,0.03402,"{'price_above_30w_ma': True, '30w_ma_rising': True, 'price_above_10w_ma': True, 'relative_strength_positive': True, 'near_52w_high': True}",weakening,weakening,101.15,99.64,0.37,4.16,False,False,2026-09-02 ratio=100.79 momentum=95.48; 2026-09-03 ratio=101.04 momentum=97.01; 2026-09-04 ratio=100.82 momentum=96.68; 2026-09-07 ratio=100.84 momentum=97.22; 2026-09-08 ratio=101.15 momentum=99.64,144.61
stock,Endurance Tech.,ENDURANCE.NS,Auto Components & Equipments,Automobile and Auto Components,38786.57,0.42,244.52,8.03,4314.89,30.01,39.39,17.8,,not_stage_2,3,2735.3,2595.83,2.32,0.11573,"{'price_above_30w_ma': True, '30w_ma_rising': True, 'price_above_10w_ma': False, 'relative_strength_positive': False, 'near_52w_high': True}",lagging,weakening,99.89,97.25,-0.54,0.97,False,False,2026-09-01 ratio=100.43 momentum=96.28; 2026-09-02 ratio=99.84 momentum=96.59; 2026-09-03 ratio=99.86 momentum=97.09; 2026-09-04 ratio=100.05 momentum=97.05; 2026-09-08 ratio=99.89 momentum=97.25,64.64
stock,Exide Inds.,EXIDEIND.NS,Auto Components & Equipments,Automobile and Auto Components,34934.64,0.49,351.3,28.38,5528.38,17.75,37.23,8.54,,not_stage_2,3,418.15,380.84,3.92,0.01769,"{'price_above_30w_ma': True, '30w_ma_rising': True, 'price_above_10w_ma': False, 'relative_strength_positive': False, 'near_52w_high': True}",lagging,lagging,99.29,96.85,-0.33,0.4,False,False,2026-09-02 ratio=99.62 momentum=96.45; 2026-09-03 ratio=99.51 momentum=96.10; 2026-09-04 ratio=99.49 momentum=96.36; 2026-09-07 ratio=99.59 momentum=96.89; 2026-09-08 ratio=99.29 momentum=96.85,67.84
stock,Dhoot Transmission,DHOOTTRANS.NS,Auto Components & Equipments,Automobile and Auto Components,32644.86,0.0,132.68,36.89,1446.42,49.68,72.88,24.36,,insufficient_data,0,,,,,{},insufficient_data,insufficient_data,,,,,False,False,,0.0
stock,United Spirits,UNITDSPR.NS,Breweries & Distilleries,Fast Moving Consumer Goods,102331.7,1.21,463.0,-20.54,2708.0,-10.36,55.22,26.39,,not_stage_2,3,1440.0,1369.0,1.24,0.06093,"{'price_above_30w_ma': True, '30w_ma_rising': True, 'price_above_10w_ma': False, 'relative_strength_positive': False, 'near_52w_high': True}",weakening,weakening,100.05,96.82,-0.33,-0.9,False,False,2026-09-02 ratio=100.38 momentum=97.72; 2026-09-03 ratio=100.69 momentum=98.16; 2026-09-04 ratio=100.37 momentum=97.14; 2026-09-07 ratio=99.93 momentum=96.29; 2026-09-08 ratio=100.05 momentum=96.82,62.73
stock,Radico Khaitan,RADICO.NS,Breweries & Distilleries,Fast Moving Consumer Goods,59404.74,0.2,229.6,69.15,1683.69,11.8,83.58,24.15,,stage_2,5,4485.0,3599.76,6.84,0.18976,"{'price_above_30w_ma': True, '30w_ma_rising': True, 'price_above_10w_ma': True, 'relative_strength_positive': True, 'near_52w_high': True}",weakening,weakening,100.96,98.41,0.11,2.01,False,False,2026-09-02 ratio=100.85 momentum=96.41; 2026-09-03 ratio=101.17 momentum=97.64; 2026-09-04 ratio=100.86 momentum=97.24; 2026-09-07 ratio=100.72 momentum=97.40; 2026-09-08 ratio=100.96 momentum=98.41,143.48
stock,United Breweries,UBL.NS,Breweries & Distilleries,Fast Moving Consumer Goods,33497.55,0.79,166.28,-9.54,3066.86,7.07,96.92,10.68,,not_stage_2,0,1252.5,1423.3,-1.95,0.05299,"{'price_above_30w_ma': False, '30w_ma_rising': False, 'price_above_10w_ma': False, 'relative_strength_positive': False, 'near_52w_high': False}",lagging,lagging,97.91,97.62,-0.57,0.24,False,False,2026-09-01 ratio=98.48 momentum=97.38; 2026-09-02 ratio=98.05 momentum=96.51; 2026-09-03 ratio=98.24 momentum=98.66; 2026-09-04 ratio=98.15 momentum=97.96; 2026-09-08 ratio=97.91 momentum=97.62,0.0
stock,Allied Blenders,ABDL.NS,Breweries & Distilleries,Fast Moving Consumer Goods,16905.8,0.89,45.42,-12.98,978.94,6.08,75.79,18.38,,not_stage_2,3,594.5,559.48,2.63,0.02515,"{'price_above_30w_ma': True, '30w_ma_rising': True, 'price_above_10w_ma': False, 'relative_strength_positive': False, 'near_52w_high': True}",lagging,improving,99.36,96.19,-0.03,-5.16,False,False,2026-09-02 ratio=99.39 momentum=101.35; 2026-09-03 ratio=99.64 momentum=102.95; 2026-09-04 ratio=99.64 momentum=104.48; 2026-09-07 ratio=99.40 momentum=100.83; 2026-09-08 ratio=99.36 momentum=96.19,65.26
stock,Tilaknagar Inds.,TI.NS,Breweries & Distilleries,Fast Moving Consumer Goods,13142.04,0.19,31.59,-30.28,1046.03,155.67,58.14,11.78,,stage_2,5,540.35,464.59,3.67,0.02286,"{'price_above_30w_ma': True, '30w_ma_rising': True, 'price_above_10w_ma': True, 'relative_strength_positive': True, 'near_52w_high': True}",weakening,weakening,101.03,96.32,-0.09,0.54,False,False,2026-09-01 ratio=101.13 momentum=95.78; 2026-09-02 ratio=101.26 momentum=96.67; 2026-09-03 ratio=101.08 momentum=96.06; 2026-09-04 ratio=100.86 momentum=96.30; 2026-09-08 ratio=101.03 momentum=96.32,137.49
stock,Piccadily Agro,PICCADIL.NS,Breweries & Distilleries,Fast Moving Consumer Goods,5906.53,0.17,21.44,16.33,251.18,17.42,42.03,18.01,,not_stage_2,2,608.3,612.84,1.28,0.02574,"{'price_above_30w_ma': False, '30w_ma_rising': True, 'price_above_10w_ma': False, 'relative_strength_positive': False, 'near_52w_high': True}",lagging,lagging,98.56,96.43,-0.4,-0.47,False,False,2026-09-02 ratio=98.95 momentum=96.90; 2026-09-03 ratio=98.88 momentum=96.68; 2026-09-04 ratio=98.72 momentum=95.95; 2026-09-07 ratio=98.75 momentum=96.61; 2026-09-08 ratio=98.56 momentum=96.43,42.56
stock,Globus Spirits,GLOBUSSPR.NS,Breweries & Distilleries,Fast Moving Consumer Goods,2672.03,0.77,26.48,49.05,788.78,12.71,26.58,11.25,,not_stage_2,0,861.45,907.14,-0.57,0.03645,"{'price_above_30w_ma': False, '30w_ma_rising': False, 'price_above_10w_ma': False, 'relative_strength_positive': False, 'near_52w_high': False}",lagging,leading,99.16,97.31,-1.56,-5.82,False,False,2026-09-01 ratio=100.72 momentum=103.13; 2026-09-02 ratio=100.67 momentum=100.86; 2026-09-03 ratio=101.09 momentum=104.05; 2026-09-04 ratio=100.82 momentum=103.23; 2026-09-08 ratio=99.16 momentum=97.31,0.0
stock,G M Breweries,GMBREW.NS,Breweries & Distilleries,Fast Moving Consumer Goods,2097.45,0.98,37.74,45.94,199.58,22.55,12.43,17.96,,not_stage_2,2,927.75,944.31,-1.2,0.03925,"{'price_above_30w_ma': False, '30w_ma_rising': False, 'price_above_10w_ma': True, 'relative_strength_positive': True, 'near_52w_high': False}",leading,improving,101.2,103.34,2.18,1.91,True,False,2026-09-01 ratio=99.02 momentum=101.43; 2026-09-02 ratio=99.50 momentum=103.59; 2026-09-03 ratio=100.35 momentum=103.58; 2026-09-04 ratio=100.62 momentum=102.89; 2026-09-08 ratio=101.20 momentum=103.34,92.7
stock,India Glycols,INDIAGLYCO.NS,Breweries & Distilleries,Fast Moving Consumer Goods,1976.48,2.49,96.83,32.19,1130.39,8.64,6.24,12.4,,not_stage_2,0,287.0,962.19,-2.23,0.01214,"{'price_above_30w_ma': False, '30w_ma_rising': False, 'price_above_10w_ma': False, 'relative_strength_positive': False, 'near_52w_high': False}",lagging,weakening,96.82,98.33,-3.39,-0.0,False,False,2026-09-01 ratio=100.20 momentum=98.34; 2026-09-02 ratio=93.72 momentum=96.94; 2026-09-03 ratio=95.38 momentum=98.14; 2026-09-04 ratio=96.22 momentum=98.34; 2026-09-08 ratio=96.82 momentum=98.33,0.0
stock,Som Distilleries,SDBL.NS,Breweries & Distilleries,Fast Moving Consumer Goods,1490.65,0.0,1.56,-98.91,268.63,-49.16,,5.68,,not_stage_2,2,72.39,77.0,-2.28,0.00306,"{'price_above_30w_ma': False, '30w_ma_rising': False, 'price_above_10w_ma': True, 'relative_strength_positive': True, 'near_52w_high': False}",leading,leading,100.92,101.65,0.06,-0.41,False,False,2026-09-02 ratio=100.86 momentum=102.06; 2026-09-03 ratio=100.90 momentum=101.95; 2026-09-04 ratio=101.32 momentum=102.47; 2026-09-07 ratio=101.73 momentum=102.93; 2026-09-08 ratio=100.92 momentum=101.65,72.85
stock,eClerx Services,ECLERX.NS,Business Process Outsourcing (BPO)/ Knowledge Process Outsourcing (KPO),Services,18088.24,0.05,164.24,15.99,1152.36,23.31,24.82,34.42,,not_stage_2,4,1945.1,1625.92,-1.6,0.0823,"{'price_above_30w_ma': True, '30w_ma_rising': False, 'price_above_10w_ma': True, 'relative_strength_positive': True, 'near_52w_high': True}",leading,leading,101.09,102.73,-0.09,0.76,False,False,2026-09-01 ratio=101.19 momentum=101.97; 2026-09-02 ratio=101.36 momentum=101.96; 2026-09-03 ratio=101.17 momentum=102.31; 2026-09-04 ratio=100.78 momentum=100.71; 2026-09-08 ratio=101.09 momentum=102.73,119.1
stock,Firstsour.Solu.,FSL.NS,Business Process Outsourcing (BPO)/ Knowledge Process Outsourcing (KPO),Services,18008.04,2.16,165.92,30.01,2724.87,22.87,22.56,16.8,,not_stage_2,1,257.8,247.17,-1.47,0.01091,"{'price_above_30w_ma': True, '30w_ma_rising': False, 'price_above_10w_ma': False, 'relative_strength_positive': False, 'near_52w_high': False}",lagging,weakening,99.7,96.08,-0.58,-2.6,False,False,2026-09-02 ratio=100.28 momentum=98.68; 2026-09-03 ratio=100.04 momentum=98.01; 2026-09-04 ratio=99.96 momentum=96.32; 2026-09-07 ratio=99.76 momentum=96.61; 2026-09-08 ratio=99.70 momentum=96.08,20.0
stock,RPSG Ventures,RPSGVENT.NS,Business Process Outsourcing (BPO)/ Knowledge Process Outsourcing (KPO),Services,2859.42,0.0,253.09,34.95,3576.44,20.36,,10.61,,not_stage_2,2,819.05,857.15,2.11,0.03465,"{'price_above_30w_ma': False, '30w_ma_rising': True, 'price_above_10w_ma': False, 'relative_strength_positive': False, 'near_52w_high': True}",lagging,lagging,98.41,98.16,-0.09,2.4,False,False,2026-09-01 ratio=98.50 momentum=95.76; 2026-09-02 ratio=98.62 momentum=98.23; 2026-09-03 ratio=98.49 momentum=97.76; 2026-09-04 ratio=98.46 momentum=98.14; 2026-09-08 ratio=98.41 momentum=98.16,44.22
stock,Hinduja Global,HGS.NS,Business Process Outsourcing (BPO)/ Knowledge Process Outsourcing (KPO),Services,1791.02,1.3,-66.26,-45.26,1050.36,-0.56,,1.46,,not_stage_2,0,387.95,403.49,-0.4,0.01641,"{'price_above_30w_ma': False, '30w_ma_rising': False, 'price_above_10w_ma': False, 'relative_strength_positive': False, 'near_52w_high': False}",improving,lagging,98.67,100.99,0.31,2.99,False,True,2026-09-01 ratio=98.37 momentum=98.01; 2026-09-02 ratio=98.57 momentum=97.60; 2026-09-03 ratio=98.67 momentum=99.99; 2026-09-04 ratio=99.16 momentum=103.34; 2026-09-08 ratio=98.67 momentum=100.99,4.95
stock,One Point One,ONEPOINT.NS,Business Process Outsourcing (BPO)/ Knowledge Process Outsourcing (KPO),Services,1529.04,0.0,16.31,72.78,158.32,129.42,33.2,10.88,,stage_2,5,56.36,54.5,1.58,0.00238,"{'price_above_30w_ma': True, '30w_ma_rising': True, 'price_above_10w_ma': True, 'relative_strength_positive': True, 'near_52w_high': True}",leading,lagging,100.91,102.22,1.63,4.17,True,False,2026-09-02 ratio=99.28 momentum=98.05; 2026-09-03 ratio=99.38 momentum=98.14; 2026-09-04 ratio=100.95 momentum=102.71; 2026-09-07 ratio=101.58 momentum=102.83; 2026-09-08 ratio=100.91 momentum=102.22,173.81
stock,Alldigi Tech,ALLDIGI.NS,Business Process Outsourcing (BPO)/ Knowledge Process Outsourcing (KPO),Services,1227.29,7.47,18.12,21.69,150.28,4.43,13.32,27.89,,not_stage_2,2,804.9,808.83,-0.7,0.03406,"{'price_above_30w_ma': False, '30w_ma_rising': False, 'price_above_10w_ma': False, 'relative_strength_positive': True, 'near_52w_high': True}",leading,lagging,100.32,101.72,0.56,1.76,True,False,2026-09-01 ratio=99.76 momentum=99.96; 2026-09-02 ratio=99.45 momentum=98.66; 2026-09-03 ratio=99.78 momentum=102.71; 2026-09-04 ratio=99.94 momentum=100.87; 2026-09-08 ratio=100.32 momentum=101.72,80.2
stock,Kandarp Digi,KANDARP.NS,Business Process Outsourcing (BPO)/ Knowledge Process Outsourcing (KPO),Services,71.61,0.0,1.13,-15.67,16.35,4.01,38.71,11.22,,not_stage_2,0,88.65,124.88,-5.28,0.00375,"{'price_above_30w_ma': False, '30w_ma_rising': False, 'price_above_10w_ma': False, 'relative_strength_positive': False, 'near_52w_high': False}",lagging,lagging,97.91,97.69,-0.07,0.28,False,False,2026-09-01 ratio=97.98 momentum=97.41; 2026-09-02 ratio=99.91 momentum=99.98; 2026-09-03 ratio=98.66 momentum=98.53; 2026-09-04 ratio=99.75 momentum=99.76; 2026-09-08 ratio=97.91 momentum=97.69,0.0
stock,Cadsys (India),CADSYS.NS,Business Process Outsourcing (BPO)/ Knowledge Process Outsourcing (KPO),Services,46.41,0.0,-8.6,110.64,47.31,16.3,,-14.11,,not_stage_2,0,46.4,57.78,-0.2,0.00196,"{'price_above_30w_ma': False, '30w_ma_rising': False, 'price_above_10w_ma': False, 'relative_strength_positive': False, 'near_52w_high': False}",improving,improving,98.75,101.14,0.3,0.46,False,True,2026-09-01 ratio=98.45 momentum=100.68; 2026-09-02 ratio=98.54 momentum=100.70; 2026-09-03 ratio=98.61 momentum=101.05; 2026-09-04 ratio=98.65 momentum=100.94; 2026-09-08 ratio=98.75 momentum=101.14,5.7
stock,We Win Ltd,WEWIN.NS,Business Process Outsourcing (BPO)/ Knowledge Process Outsourcing (KPO),Services,43.77,0.0,0.91,-15.74,30.77,51.65,9.81,10.9,,not_stage_2,1,41.85,48.95,0.33,0.00177,"{'price_above_30w_ma': False, '30w_ma_rising': True, 'price_above_10w_ma': False, 'relative_strength_positive': False, 'near_52w_high': False}",lagging,lagging,97.99,98.61,-0.53,0.44,False,False,2026-09-01 ratio=98.52 momentum=98.17; 2026-09-02 ratio=97.96 momentum=97.32; 2026-09-03 ratio=97.93 momentum=98.00; 2026-09-04 ratio=97.63 momentum=97.29; 2026-09-08 ratio=97.99 momentum=98.61,20.66
stock,HRH Next,HRHNEXT.NS,Business Process Outsourcing (BPO)/ Knowledge Process Outsourcing (KPO),Services,34.53,0.0,2.78,152.73,35.92,24.68,7.1,15.84,,not_stage_2,1,26.15,27.0,-1.71,0.00111,"{'price_above_30w_ma': False, '30w_ma_rising': False, 'price_above_10w_ma': False, 'relative_strength_positive': True, 'near_52w_high': False}",weakening,lagging,100.13,97.88,1.44,-0.74,False,False,2026-09-02 ratio=98.69 momentum=98.62; 2026-09-03 ratio=98.86 momentum=98.73; 2026-09-04 ratio=99.32 momentum=99.29; 2026-09-07 ratio=99.28 momentum=98.31; 2026-09-08 ratio=100.13 momentum=97.88,20.65
stock,Polycab India,POLYCAB.NS,Cables - Electricals,Capital Goods,126000.61,0.56,796.66,32.46,8209.73,39.01,43.99,33.21,,not_stage_2,2,8373.5,8668.63,2.27,0.35428,"{'price_above_30w_ma': False, '30w_ma_rising': True, 'price_above_10w_ma': False, 'relative_strength_positive': False, 'near_52w_high': True}",lagging,lagging,97.97,98.69,-0.93,-0.14,False,False,2026-09-02 ratio=98.91 momentum=98.83; 2026-09-03 ratio=99.00 momentum=99.37; 2026-09-04 ratio=97.33 momentum=97.97; 2026-09-07 ratio=97.45 momentum=98.12; 2026-09-08 ratio=97.97 momentum=98.69,44.54
stock,KEI Industries,KEI.NS,Cables - Electricals,Capital Goods,44571.43,0.1,274.14,40.05,3185.34,22.97,44.71,20.05,,not_stage_2,2,4697.5,4991.17,2.6,0.19875,"{'price_above_30w_ma': False, '30w_ma_rising': True, 'price_above_10w_ma': False, 'relative_strength_positive': False, 'near_52w_high': True}",lagging,lagging,98.53,97.82,-1.21,1.35,False,False,2026-09-02 ratio=99.74 momentum=96.47; 2026-09-03 ratio=100.31 momentum=98.07; 2026-09-04 ratio=98.72 momentum=97.29; 2026-09-07 ratio=98.39 momentum=97.67; 2026-09-08 ratio=98.53 momentum=97.82,45.2
stock,R R Kabel,RRKABEL.NS,Cables - Electricals,Capital Goods,27372.06,0.39,205.2,117.32,3168.2,53.9,44.76,28.1,,not_stage_2,3,2448.5,2037.81,9.17,0.1036,"{'price_above_30w_ma': True, '30w_ma_rising': True, 'price_above_10w_ma': False, 'relative_strength_positive': False, 'near_52w_high': True}",lagging,weakening,99.66,97.37,-1.74,-1.42,False,False,2026-09-01 ratio=101.40 momentum=98.78; 2026-09-02 ratio=100.37 momentum=95.78; 2026-09-03 ratio=100.32 momentum=96.80; 2026-09-04 ratio=99.56 momentum=96.49; 2026-09-08 ratio=99.66 momentum=97.37,78.34
stock,Finolex Cables,FINCABLES.NS,Cables - Electricals,Capital Goods,20679.75,0.66,249.04,53.14,2013.15,44.26,25.85,16.01,,stage_2,5,1302.3,1033.64,7.1,0.0551,"{'price_above_30w_ma': True, '30w_ma_rising': True, 'price_above_10w_ma': True, 'relative_strength_positive': True, 'near_52w_high': True}",leading,weakening,101.6,100.83,0.9,5.76,True,False,2026-09-02 ratio=100.70 momentum=95.07; 2026-09-03 ratio=101.36 momentum=98.08; 2026-09-04 ratio=100.89 momentum=97.97; 2026-09-07 ratio=100.98 momentum=97.35; 2026-09-08 ratio=101.60 momentum=100.83,181.35
stock,KSH Internationa,KSHINTL.NS,Cables - Electricals,Capital Goods,7860.23,0.0,42.22,86.16,1164.24,108.38,60.05,21.46,,stage_2,5,1176.75,727.95,14.73,0.04979,"{'price_above_30w_ma': True, '30w_ma_rising': True, 'price_above_10w_ma': True, 'relative_strength_positive': True, 'near_52w_high': True}",leading,weakening,103.29,102.33,2.46,5.62,True,False,2026-09-02 ratio=100.83 momentum=96.71; 2026-09-03 ratio=101.97 momentum=99.54; 2026-09-04 ratio=102.70 momentum=101.22; 2026-09-07 ratio=102.74 momentum=101.80; 2026-09-08 ratio=103.29 momentum=102.33,212.56
stock,Universal Cables,UNIVCABLES.NS,Cables - Electricals,Capital Goods,5393.42,0.29,70.14,108.75,945.06,57.46,26.96,11.68,,stage_2,5,1524.7,1086.76,12.2,0.06451,"{'price_above_30w_ma': True, '30w_ma_rising': True, 'price_above_10w_ma': True, 'relative_strength_positive': True, 'near_52w_high': True}",weakening,weakening,100.67,98.31,-0.54,2.64,False,False,2026-09-02 ratio=101.21 momentum=95.67; 2026-09-03 ratio=101.17 momentum=96.10; 2026-09-04 ratio=100.89 momentum=97.42; 2026-09-07 ratio=100.48 momentum=96.34; 2026-09-08 ratio=100.67 momentum=98.31,152.75
stock,V-Marc India,VMARCIND.NS,Cables - Electricals,Capital Goods,4823.58,0.0,28.55,163.62,555.51,102.42,41.23,41.37,,not_stage_2,2,321.8,746.55,-4.22,0.01362,"{'price_above_30w_ma': False, '30w_ma_rising': False, 'price_above_10w_ma': True, 'relative_strength_positive': True, 'near_52w_high': False}",leading,improving,100.32,103.1,0.47,-0.68,False,False,2026-09-01 ratio=99.85 momentum=103.78; 2026-09-02 ratio=99.85 momentum=103.24; 2026-09-03 ratio=100.08 momentum=104.21; 2026-09-04 ratio=100.23 momentum=103.61; 2026-09-08 ratio=100.32 momentum=103.10,77.1
stock,Laser Power,LASERPOWER.NS,Cables - Electricals,Capital Goods,4168.81,0.0,20.73,3.75,521.55,14.84,37.95,20.51,,insufficient_data,0,,,,,{},insufficient_data,insufficient_data,,,,,False,False,,0.0
stock,Lumino Inds,LUMINO.NS,Cables - Electricals,Capital Goods,3235.02,0.0,63.7,,947.62,,20.25,26.61,,insufficient_data,0,,,,,{},insufficient_data,insufficient_data,,,,,False,False,,0.0
stock,Dynamic Cables,DYCL.NS,Cables - Electricals,Capital Goods,2212.85,0.11,24.95,37.01,349.1,33.22,24.27,26.21,,stage_2,5,460.6,355.97,7.24,0.01949,"{'price_above_30w_ma': True, '30w_ma_rising': True, 'price_above_10w_ma': True, 'relative_strength_positive': True, 'near_52w_high': True}",weakening,leading,101.0,99.93,-2.22,-2.17,False,False,2026-09-01 ratio=103.23 momentum=102.10; 2026-09-02 ratio=102.83 momentum=101.66; 2026-09-03 ratio=102.76 momentum=101.42; 2026-09-04 ratio=101.50 momentum=99.67; 2026-09-08 ratio=101.00 momentum=99.93,144.48
stock,Godfrey Phillips,GODFRYPHLP.NS,Cigarettes & Tobacco Products,Fast Moving Consumer Goods,30845.64,2.53,198.39,-44.32,1205.51,-18.89,22.56,30.25,,not_stage_2,0,2010.0,2167.5,-0.0,0.08504,"{'price_above_30w_ma': False, '30w_ma_rising': False, 'price_above_10w_ma': False, 'relative_strength_positive': False, 'near_52w_high': False}",lagging,improving,98.67,99.15,-0.36,-0.95,False,False,2026-09-01 ratio=99.04 momentum=100.11; 2026-09-02 ratio=98.43 momentum=97.61; 2026-09-03 ratio=98.84 momentum=99.62; 2026-09-04 ratio=98.94 momentum=99.38; 2026-09-08 ratio=98.67 momentum=99.15,0.0
stock,VST Industries,VSTIND.NS,Cigarettes & Tobacco Products,Fast Moving Consumer Goods,3541.25,5.75,42.42,-24.43,256.46,-13.91,12.71,28.13,,not_stage_2,1,206.74,236.93,-1.55,0.00875,"{'price_above_30w_ma': False, '30w_ma_rising': False, 'price_above_10w_ma': False, 'relative_strength_positive': False, 'near_52w_high': True}",improving,improving,99.2,104.76,0.21,1.62,False,True,2026-09-02 ratio=98.98 momentum=103.13; 2026-09-03 ratio=99.05 momentum=102.97; 2026-09-04 ratio=99.09 momentum=102.78; 2026-09-07 ratio=99.11 momentum=103.30; 2026-09-08 ratio=99.20 momentum=104.76,43.8
stock,Elitecon Inter.,ELITECON.NS,Cigarettes & Tobacco Products,Fast Moving Consumer Goods,1189.36,0.67,103.57,676.39,1741.26,1750.04,3.71,,,insufficient_data,0,,,,,{},insufficient_data,insufficient_data,,,,,False,False,,0.0
stock,NTC Industries,NTCIND.NS,Cigarettes & Tobacco Products,Fast Moving Consumer Goods,194.81,0.0,6.12,7.94,25.23,-10.25,9.74,11.14,,insufficient_data,0,,,,,{},insufficient_data,insufficient_data,,,,,False,False,,0.0
stock,Shanthala FMCG,SHANTHALA.NS,Cigarettes & Tobacco Products,Fast Moving Consumer Goods,11.15,0.0,0.72,71.43,25.82,-0.12,8.78,5.98,,not_stage_2,0,16.6,23.86,-8.49,0.0007,"{'price_above_30w_ma': False, '30w_ma_rising': False, 'price_above_10w_ma': False, 'relative_strength_positive': False, 'near_52w_high': False}",improving,improving,99.29,101.94,0.19,-0.51,False,False,2026-09-02 ratio=99.10 momentum=102.45; 2026-09-03 ratio=99.14 momentum=102.42; 2026-09-04 ratio=99.16 momentum=101.77; 2026-09-07 ratio=99.22 momentum=101.89; 2026-09-08 ratio=99.29 momentum=101.94,9.7
stock,Marc Technocrats,MARC.NS,Consulting Services,Services,253.04,0.0,4.81,,37.53,,24.01,29.22,,stage_2,5,140.0,92.87,14.73,0.00592,"{'price_above_30w_ma': True, '30w_ma_rising': True, 'price_above_10w_ma': True, 'relative_strength_positive': True, 'near_52w_high': True}",weakening,leading,101.16,96.5,-0.56,-8.06,False,False,2026-09-01 ratio=101.72 momentum=104.56; 2026-09-02 ratio=101.70 momentum=105.54; 2026-09-03 ratio=101.63 momentum=98.92; 2026-09-04 ratio=101.55 momentum=97.40; 2026-09-08 ratio=101.16 momentum=96.50,160.26
stock,EKI Energy,EKI.NS,Consulting Services,Services,195.67,2.8,-15.93,-2094.44,10.46,-29.99,,-3.84,,insufficient_data,0,,,,,{},insufficient_data,insufficient_data,,,,,False,False,,0.0
stock,Mitcon Consult.,MITCON.NS,Consulting Services,Services,143.31,0.0,2.75,151.38,67.58,176.63,14.71,8.83,,stage_2,5,80.74,73.33,3.72,0.00342,"{'price_above_30w_ma': True, '30w_ma_rising': True, 'price_above_10w_ma': True, 'relative_strength_positive': True, 'near_52w_high': True}",leading,leading,102.25,101.87,1.35,1.32,False,False,2026-09-01 ratio=100.90 momentum=100.55; 2026-09-02 ratio=100.93 momentum=100.83; 2026-09-03 ratio=100.77 momentum=100.32; 2026-09-04 ratio=100.74 momentum=100.31; 2026-09-08 ratio=102.25 momentum=101.87,173.04
stock,AAA Technologies,AAATECH.NS,Consulting Services,Services,117.83,1.63,0.87,12.99,3.76,1.62,56.65,8.16,,not_stage_2,2,92.64,95.04,-1.43,0.00392,"{'price_above_30w_ma': False, '30w_ma_rising': False, 'price_above_10w_ma': True, 'relative_strength_positive': True, 'near_52w_high': False}",leading,leading,100.54,100.45,0.24,-0.97,False,False,2026-09-01 ratio=100.30 momentum=101.42; 2026-09-02 ratio=100.28 momentum=100.34; 2026-09-03 ratio=100.37 momentum=101.01; 2026-09-04 ratio=99.86 momentum=98.73; 2026-09-08 ratio=100.54 momentum=100.45,64.95
stock,Dhruv Consultanc,DHRUV.NS,Consulting Services,Services,44.48,0.87,-4.74,-396.25,15.55,-26.09,,-32.46,,not_stage_2,0,23.4,28.28,-5.46,0.00099,"{'price_above_30w_ma': False, '30w_ma_rising': False, 'price_above_10w_ma': False, 'relative_strength_positive': False, 'near_52w_high': False}",improving,lagging,99.27,102.54,0.32,3.47,False,True,2026-09-01 ratio=98.95 momentum=99.07; 2026-09-02 ratio=98.97 momentum=97.44; 2026-09-03 ratio=99.05 momentum=98.07; 2026-09-04 ratio=98.26 momentum=97.58; 2026-09-08 ratio=99.27 momentum=102.54,12.7
stock,Manglam Infra,MIEL.NS,Consulting Services,Services,21.11,0.0,1.6,1700.0,21.86,-21.42,6.72,9.5,,insufficient_data,0,,,,,{},insufficient_data,insufficient_data,,,,,False,False,,0.0
stock,Physicswallah,PWL.NS,E-Learning,Consumer Services,36362.68,0.0,-88.28,35.6,1053.95,24.42,595.02,4.02,,stage_2,4,126.63,111.88,0.72,0.00536,"{'price_above_30w_ma': True, '30w_ma_rising': True, 'price_above_10w_ma': False, 'relative_strength_positive': True, 'near_52w_high': True}",leading,lagging,100.14,101.51,1.42,3.61,True,False,2026-09-02 ratio=98.72 momentum=97.91; 2026-09-03 ratio=99.34 momentum=99.79; 2026-09-04 ratio=99.98 momentum=101.57; 2026-09-07 ratio=100.41 momentum=101.89; 2026-09-08 ratio=100.14 momentum=101.51,144.69
stock,Veranda Learning,VERANDA.NS,E-Learning,Consumer Services,2250.72,0.0,33.87,854.4,149.54,41.52,34.89,12.83,,not_stage_2,3,232.73,210.35,2.75,0.00985,"{'price_above_30w_ma': True, '30w_ma_rising': True, 'price_above_10w_ma': False, 'relative_strength_positive': False, 'near_52w_high': True}",lagging,leading,99.53,96.18,-0.72,-4.13,False,False,2026-09-01 ratio=100.25 momentum=100.31; 2026-09-02 ratio=100.52 momentum=101.80; 2026-09-03 ratio=100.37 momentum=97.60; 2026-09-04 ratio=100.36 momentum=94.95; 2026-09-08 ratio=99.53 momentum=96.18,65.5
stock,Jaro Institute,JARO.NS,E-Learning,Consumer Services,975.55,1.14,11.17,48.34,70.75,16.61,17.25,22.09,,not_stage_2,0,441.4,472.93,-1.13,0.01868,"{'price_above_30w_ma': False, '30w_ma_rising': False, 'price_above_10w_ma': False, 'relative_strength_positive': False, 'near_52w_high': False}",lagging,improving,99.22,98.84,-0.18,-3.54,False,False,2026-09-02 ratio=99.40 momentum=102.38; 2026-09-03 ratio=99.43 momentum=103.00; 2026-09-04 ratio=99.12 momentum=102.01; 2026-09-07 ratio=99.16 momentum=102.66; 2026-09-08 ratio=99.22 momentum=98.84,0.0
stock,Addictive Learn,ADDICTIVE.NS,E-Learning,Consumer Services,68.57,0.0,0.31,-75.97,22.69,8.41,,-0.11,,insufficient_data,0,,,,,{},insufficient_data,insufficient_data,,,,,False,False,,0.0
stock,G-Tec Janix,GTECJAINX.NS,E-Learning,Consumer Services,27.38,0.0,0.3,100.0,2.25,-10.36,,-36.32,,stage_2,4,28.05,24.17,5.55,0.00119,"{'price_above_30w_ma': True, '30w_ma_rising': True, 'price_above_10w_ma': False, 'relative_strength_positive': True, 'near_52w_high': True}",weakening,lagging,100.11,97.95,0.19,0.01,False,False,2026-09-01 ratio=99.92 momentum=97.94; 2026-09-02 ratio=100.47 momentum=100.58; 2026-09-03 ratio=100.45 momentum=100.50; 2026-09-04 ratio=100.74 momentum=99.54; 2026-09-08 ratio=100.11 momentum=97.95,116.65
stock,Usha Mart. Edu.,UMESLTD.NS,E-Learning,Consumer Services,13.39,0.0,0.02,0.0,0.12,-7.69,32.67,5.23,,not_stage_2,2,5.08,5.6,1.41,0.00021,"{'price_above_30w_ma': False, '30w_ma_rising': True, 'price_above_10w_ma': False, 'relative_strength_positive': False, 'near_52w_high': True}",lagging,lagging,98.72,97.46,1.31,0.51,False,False,2026-09-01 ratio=97.42 momentum=96.96; 2026-09-02 ratio=97.62 momentum=97.47; 2026-09-03 ratio=98.17 momentum=97.06; 2026-09-04 ratio=98.52 momentum=99.55; 2026-09-08 ratio=98.72 momentum=97.46,42.82
stock,Docmode Health,DHTL.NS,E-Learning,Consumer Services,10.75,0.0,-0.07,95.57,7.67,-64.07,,6.12,,not_stage_2,1,34.2,40.23,-9.79,0.00145,"{'price_above_30w_ma': False, '30w_ma_rising': False, 'price_above_10w_ma': False, 'relative_strength_positive': True, 'near_52w_high': False}",leading,improving,100.11,102.73,0.88,-0.18,False,False,2026-09-02 ratio=99.22 momentum=102.91; 2026-09-03 ratio=99.27 momentum=101.46; 2026-09-04 ratio=99.29 momentum=103.53; 2026-09-07 ratio=99.97 momentum=104.54; 2026-09-08 ratio=100.11 momentum=102.73,54.2
stock,PVR Inox,PVRINOX.NS,"Film Production, Distribution & Exhibition","Media, Entertainment & Publication",11509.11,0.0,56.5,220.3,1622.2,11.91,36.28,6.79,,stage_2,5,1231.3,1039.43,3.08,0.0521,"{'price_above_30w_ma': True, '30w_ma_rising': True, 'price_above_10w_ma': True, 'relative_strength_positive': True, 'near_52w_high': True}",weakening,weakening,101.48,99.21,0.17,1.88,False,False,2026-09-02 ratio=101.31 momentum=97.33; 2026-09-03 ratio=101.65 momentum=98.58; 2026-09-04 ratio=101.36 momentum=98.01; 2026-09-07 ratio=100.65 momentum=96.31; 2026-09-08 ratio=101.48 momentum=99.21,138.56
stock,Media Matrix,MMWL.NS,"Film Production, Distribution & Exhibition","Media, Entertainment & Publication",1556.57,0.0,3.58,84.46,428.45,83.37,219.24,9.78,,insufficient_data,0,,,,,{},weakening,weakening,100.04,96.39,-0.05,-2.79,False,False,2026-09-02 ratio=100.09 momentum=99.17; 2026-09-03 ratio=100.03 momentum=99.87; 2026-09-04 ratio=100.58 momentum=99.42; 2026-09-07 ratio=100.40 momentum=97.91; 2026-09-08 ratio=100.04 momentum=96.39,0.2
stock,Sunshine Picture,SUNSHINE.NS,"Film Production, Distribution & Exhibition","Media, Entertainment & Publication",1498.88,0.0,,,,,37.87,40.96,,insufficient_data,0,,,,,{},insufficient_data,insufficient_data,,,,,False,False,,0.0
stock,Panorama Studios,PANORAMA.NS,"Film Production, Distribution & Exhibition","Media, Entertainment & Publication",1242.19,0.12,12.71,165.95,183.07,34.26,51.46,8.7,,insufficient_data,0,,,,,{},insufficient_data,insufficient_data,,,,,False,False,,0.0
stock,Connplex Cinemas,CONNPLEX.NS,"Film Production, Distribution & Exhibition","Media, Entertainment & Publication",508.82,0.0,13.03,38.91,83.46,51.97,19.65,43.55,,insufficient_data,0,,,,,{},insufficient_data,insufficient_data,,,,,False,False,,0.0
stock,Cineline India,CINELINE.NS,"Film Production, Distribution & Exhibition","Media, Entertainment & Publication",359.69,1.33,-1.21,74.27,59.27,30.87,26.72,10.86,,stage_2,5,95.39,84.75,1.0,0.00404,"{'price_above_30w_ma': True, '30w_ma_rising': True, 'price_above_10w_ma': True, 'relative_strength_positive': True, 'near_52w_high': True}",leading,weakening,102.2,101.03,1.08,1.98,True,False,2026-09-02 ratio=101.12 momentum=99.06; 2026-09-03 ratio=101.44 momentum=102.35; 2026-09-04 ratio=102.39 momentum=103.05; 2026-09-07 ratio=102.89 momentum=102.35; 2026-09-08 ratio=102.20 momentum=101.03,173.15
stock,UFO Moviez,UFO.NS,"Film Production, Distribution & Exhibition","Media, Entertainment & Publication",248.98,0.0,5.64,-13.5,110.69,3.81,10.36,11.19,,not_stage_2,1,64.83,69.2,-1.77,0.00274,"{'price_above_30w_ma': False, '30w_ma_rising': False, 'price_above_10w_ma': False, 'relative_strength_positive': False, 'near_52w_high': True}",improving,improving,99.36,102.55,0.54,2.5,False,True,2026-09-01 ratio=98.82 momentum=100.05; 2026-09-02 ratio=99.18 momentum=102.56; 2026-09-03 ratio=99.27 momentum=101.50; 2026-09-04 ratio=99.10 momentum=102.90; 2026-09-08 ratio=99.36 momentum=102.55,32.75
stock,Tips Films,TIPSFILMS.NS,"Film Production, Distribution & Exhibition","Media, Entertainment & Publication",140.97,0.0,-29.41,-720.46,47.96,-49.71,,-6.69,,not_stage_2,0,331.1,352.26,-1.56,0.01401,"{'price_above_30w_ma': False, '30w_ma_rising': False, 'price_above_10w_ma': False, 'relative_strength_positive': False, 'near_52w_high': False}",lagging,improving,99.56,98.27,0.16,-1.91,False,False,2026-09-01 ratio=99.40 momentum=100.18; 2026-09-02 ratio=99.36 momentum=97.83; 2026-09-03 ratio=99.43 momentum=95.76; 2026-09-04 ratio=99.40 momentum=96.12; 2026-09-08 ratio=99.56 momentum=98.27,0.0
stock,Mukta Arts,MUKTAARTS.NS,"Film Production, Distribution & Exhibition","Media, Entertainment & Publication",133.09,0.0,-2.15,64.7,40.59,10.51,,11.17,,not_stage_2,4,57.05,54.87,-0.57,0.00241,"{'price_above_30w_ma': True, '30w_ma_rising': False, 'price_above_10w_ma': True, 'relative_strength_positive': True, 'near_52w_high': True}",leading,leading,101.09,102.15,0.69,-0.89,False,False,2026-09-01 ratio=100.40 momentum=103.05; 2026-09-02 ratio=100.82 momentum=103.07; 2026-09-03 ratio=100.31 momentum=100.48; 2026-09-04 ratio=101.62 momentum=103.72; 2026-09-08 ratio=101.09 momentum=102.15,116.2
stock,Baweja Studios L,BAWEJA.NS,"Film Production, Distribution & Exhibition","Media, Entertainment & Publication",43.58,0.0,4.57,-13.28,33.44,-22.93,7.17,7.94,,not_stage_2,1,25.6,28.75,-2.46,0.00108,"{'price_above_30w_ma': False, '30w_ma_rising': False, 'price_above_10w_ma': False, 'relative_strength_positive': True, 'near_52w_high': False}",improving,improving,99.92,102.61,0.15,-1.68,False,False,2026-09-02 ratio=99.77 momentum=104.29; 2026-09-03 ratio=99.87 momentum=103.14; 2026-09-04 ratio=99.95 momentum=102.84; 2026-09-07 ratio=100.04 momentum=102.57; 2026-09-08 ratio=99.92 momentum=102.61,33.05
stock,Metro Brands,METROBRAND.NS,Footwear,Consumer Durables,26196.87,0.63,95.26,-4.79,720.36,14.66,64.45,20.12,,not_stage_2,0,948.55,1001.66,-1.48,0.04013,"{'price_above_30w_ma': False, '30w_ma_rising': False, 'price_above_10w_ma': False, 'relative_strength_positive': False, 'near_52w_high': False}",improving,improving,99.64,104.55,1.01,2.38,False,True,2026-09-01 ratio=98.63 momentum=102.17; 2026-09-02 ratio=98.49 momentum=101.55; 2026-09-03 ratio=98.83 momentum=103.32; 2026-09-04 ratio=99.09 momentum=104.06; 2026-09-08 ratio=99.64 momentum=104.55,22.75
stock,Bata India,BATAINDIA.NS,Footwear,Consumer Durables,8489.28,3.78,63.98,15.88,978.95,3.94,48.83,12.74,,not_stage_2,0,663.85,705.23,-3.18,0.02809,"{'price_above_30w_ma': False, '30w_ma_rising': False, 'price_above_10w_ma': False, 'relative_strength_positive': False, 'near_52w_high': False}",improving,lagging,99.06,100.53,0.19,5.52,False,True,2026-09-02 ratio=98.87 momentum=95.01; 2026-09-03 ratio=99.35 momentum=96.32; 2026-09-04 ratio=99.09 momentum=94.84; 2026-09-07 ratio=99.12 momentum=99.54; 2026-09-08 ratio=99.06 momentum=100.53,2.65
stock,Relaxo Footwear,RELAXO.NS,Footwear,Consumer Durables,8115.45,1.07,54.94,12.35,705.05,7.73,43.79,11.18,,not_stage_2,0,333.7,342.05,-0.64,0.01412,"{'price_above_30w_ma': False, '30w_ma_rising': False, 'price_above_10w_ma': False, 'relative_strength_positive': False, 'near_52w_high': False}",lagging,lagging,97.82,94.84,-0.49,-2.12,False,False,2026-09-01 ratio=98.31 momentum=96.96; 2026-09-02 ratio=97.86 momentum=97.05; 2026-09-03 ratio=97.87 momentum=97.23; 2026-09-04 ratio=98.01 momentum=96.99; 2026-09-08 ratio=97.82 momentum=94.84,0.0
stock,Campus Activewe.,CAMPUS.NS,Footwear,Consumer Durables,6562.08,0.7,26.14,17.75,385.2,12.21,42.6,21.22,,not_stage_2,1,216.81,235.9,-2.15,0.00917,"{'price_above_30w_ma': False, '30w_ma_rising': False, 'price_above_10w_ma': False, 'relative_strength_positive': False, 'near_52w_high': True}",lagging,improving,99.52,97.28,-0.42,-7.54,False,False,2026-09-01 ratio=99.94 momentum=104.82; 2026-09-02 ratio=99.70 momentum=100.98; 2026-09-03 ratio=100.29 momentum=104.64; 2026-09-04 ratio=100.18 momentum=100.80; 2026-09-08 ratio=99.52 momentum=97.28,20.0
stock,Redtape,REDTAPE.NS,Footwear,Consumer Durables,6448.54,1.72,44.48,15.23,481.28,3.65,26.17,24.48,,not_stage_2,0,115.58,127.12,-0.22,0.00489,"{'price_above_30w_ma': False, '30w_ma_rising': False, 'price_above_10w_ma': False, 'relative_strength_positive': False, 'near_52w_high': False}",improving,improving,98.15,100.44,-0.46,-0.48,False,False,2026-09-01 ratio=98.62 momentum=100.91; 2026-09-02 ratio=98.25 momentum=99.00; 2026-09-03 ratio=98.13 momentum=99.95; 2026-09-04 ratio=98.68 momentum=101.65; 2026-09-08 ratio=98.15 momentum=100.44,2.2
stock,Sreeleathers,SREEL.NS,Footwear,Consumer Durables,799.46,0.58,6.99,138.57,59.63,19.74,24.34,8.0,,stage_2,5,287.51,207.39,3.23,0.01216,"{'price_above_30w_ma': True, '30w_ma_rising': True, 'price_above_10w_ma': True, 'relative_strength_positive': True, 'near_52w_high': True}",leading,weakening,103.06,101.87,1.56,5.65,True,False,2026-09-01 ratio=101.50 momentum=96.22; 2026-09-02 ratio=101.72 momentum=98.17; 2026-09-03 ratio=101.93 momentum=100.04; 2026-09-04 ratio=102.12 momentum=101.43; 2026-09-08 ratio=103.06 momentum=101.87,186.11
stock,Liberty Shoes,LIBERTSHOE.NS,Footwear,Consumer Durables,398.43,0.0,0.68,-76.97,169.86,-1.7,46.76,7.91,,not_stage_2,0,226.85,250.16,-0.84,0.0096,"{'price_above_30w_ma': False, '30w_ma_rising': False, 'price_above_10w_ma': False, 'relative_strength_positive': False, 'near_52w_high': False}",lagging,lagging,98.15,98.03,-0.38,-0.18,False,False,2026-09-01 ratio=98.54 momentum=98.21; 2026-09-02 ratio=98.34 momentum=97.60; 2026-09-03 ratio=98.41 momentum=99.91; 2026-09-04 ratio=98.38 momentum=97.63; 2026-09-08 ratio=98.15 momentum=98.03,0.0
stock,Brandman Retail,BRANDMAN.NS,Footwear,Consumer Durables,316.82,0.0,4.76,1152.63,45.19,287.56,10.67,36.81,,insufficient_data,0,,,,,{},insufficient_data,insufficient_data,,,,,False,False,,0.0
stock,Khadim India,KHADIM.NS,Footwear,Consumer Durables,224.19,0.0,0.52,-39.53,77.84,-18.66,49.71,6.87,,not_stage_2,3,118.32,103.95,-6.18,0.00501,"{'price_above_30w_ma': True, '30w_ma_rising': False, 'price_above_10w_ma': True, 'relative_strength_positive': True, 'near_52w_high': False}",leading,leading,102.24,104.24,-0.16,1.78,False,False,2026-09-01 ratio=102.40 momentum=102.45; 2026-09-02 ratio=102.08 momentum=102.17; 2026-09-03 ratio=101.89 momentum=102.86; 2026-09-04 ratio=102.07 momentum=103.79; 2026-09-08 ratio=102.24 momentum=104.24,112.4
stock,ICICI Lombard,ICICIGI.NS,General Insurance,Financial Services,73815.5,0.92,403.17,-46.03,7088.22,10.83,30.4,21.88,,not_stage_2,0,1484.4,1744.64,-2.27,0.0628,"{'price_above_30w_ma': False, '30w_ma_rising': False, 'price_above_10w_ma': False, 'relative_strength_positive': False, 'near_52w_high': False}",lagging,lagging,98.37,96.68,-0.45,-2.12,False,False,2026-09-01 ratio=98.82 momentum=98.80; 2026-09-02 ratio=98.62 momentum=97.44; 2026-09-03 ratio=98.51 momentum=96.99; 2026-09-04 ratio=98.41 momentum=97.24; 2026-09-08 ratio=98.37 momentum=96.68,0.0
stock,General Insuranc,GICRE.NS,General Insurance,Financial Services,61448.24,3.79,1743.67,-31.1,14400.9,-1.52,6.92,17.35,,not_stage_2,1,348.1,372.15,-0.92,0.01473,"{'price_above_30w_ma': False, '30w_ma_rising': False, 'price_above_10w_ma': False, 'relative_strength_positive': False, 'near_52w_high': True}",improving,lagging,99.7,100.26,-0.0,0.39,False,False,2026-09-01 ratio=99.71 momentum=99.87; 2026-09-02 ratio=100.20 momentum=100.61; 2026-09-03 ratio=100.45 momentum=101.18; 2026-09-04 ratio=100.78 momentum=102.03; 2026-09-08 ratio=99.70 momentum=100.26,21.3
stock,New India Assura,NIACL.NS,General Insurance,Financial Services,33863.1,0.73,-239.15,-160.61,11899.69,1.54,44.02,4.29,,stage_2,5,205.22,166.37,4.46,0.00868,"{'price_above_30w_ma': True, '30w_ma_rising': True, 'price_above_10w_ma': True, 'relative_strength_positive': True, 'near_52w_high': True}",leading,leading,102.01,100.92,-0.93,-2.04,False,False,2026-09-02 ratio=102.93 momentum=102.96; 2026-09-03 ratio=102.33 momentum=102.36; 2026-09-04 ratio=104.91 momentum=103.25; 2026-09-07 ratio=104.09 momentum=102.42; 2026-09-08 ratio=102.01 momentum=100.92,168.57
stock,Star Health Insu,STARHEALTH.NS,General Insurance,Financial Services,33672.22,0.0,549.73,25.46,5522.07,13.15,39.89,9.69,,stage_2,4,572.1,529.74,2.98,0.02421,"{'price_above_30w_ma': True, '30w_ma_rising': True, 'price_above_10w_ma': False, 'relative_strength_positive': True, 'near_52w_high': True}",leading,lagging,100.16,100.99,2.03,4.17,True,False,2026-09-01 ratio=98.13 momentum=96.82; 2026-09-02 ratio=98.71 momentum=97.59; 2026-09-03 ratio=98.53 momentum=98.32; 2026-09-04 ratio=98.38 momentum=98.01; 2026-09-08 ratio=100.16 momentum=100.99,146.71
stock,Go Digit General,GODIGIT.NS,General Insurance,Financial Services,23424.72,0.0,86.39,-37.55,2427.02,8.54,47.57,13.1,,not_stage_2,0,259.15,301.28,-2.67,0.01096,"{'price_above_30w_ma': False, '30w_ma_rising': False, 'price_above_10w_ma': False, 'relative_strength_positive': False, 'near_52w_high': False}",improving,improving,99.62,104.2,0.3,-0.23,False,False,2026-09-02 ratio=99.32 momentum=104.44; 2026-09-03 ratio=99.35 momentum=104.11; 2026-09-04 ratio=99.39 momentum=102.14; 2026-09-07 ratio=99.40 momentum=102.53; 2026-09-08 ratio=99.62 momentum=104.20,21.0
stock,Niva Bupa Health,NIVABUPA.NS,General Insurance,Financial Services,14727.2,0.0,137.8,92.89,2471.26,27.93,84.52,3.15,,not_stage_2,3,80.55,80.44,0.64,0.00341,"{'price_above_30w_ma': True, '30w_ma_rising': True, 'price_above_10w_ma': False, 'relative_strength_positive': False, 'near_52w_high': True}",improving,lagging,98.89,102.07,0.69,4.98,False,True,2026-09-02 ratio=98.20 momentum=97.09; 2026-09-03 ratio=98.36 momentum=101.72; 2026-09-04 ratio=98.10 momentum=101.06; 2026-09-07 ratio=98.66 momentum=102.68; 2026-09-08 ratio=98.89 momentum=102.07,71.63
stock,LG Electronics,LGEINDIA.NS,Household Appliances,Consumer Durables,111851.46,0.0,652.86,27.2,7233.35,15.49,61.3,32.27,,stage_2,5,1672.2,1563.55,1.63,0.07075,"{'price_above_30w_ma': True, '30w_ma_rising': True, 'price_above_10w_ma': True, 'relative_strength_positive': True, 'near_52w_high': True}",weakening,weakening,101.81,99.0,0.34,0.15,False,False,2026-09-02 ratio=101.46 momentum=98.86; 2026-09-03 ratio=101.59 momentum=100.61; 2026-09-04 ratio=101.16 momentum=100.20; 2026-09-07 ratio=101.35 momentum=98.49; 2026-09-08 ratio=101.81 momentum=99.00,137.31
stock,Voltas,VOLTAS.NS,Household Appliances,Consumer Durables,37846.6,0.35,212.76,52.19,4673.5,18.66,81.05,9.04,,not_stage_2,0,1144.8,1325.1,-2.1,0.04844,"{'price_above_30w_ma': False, '30w_ma_rising': False, 'price_above_10w_ma': False, 'relative_strength_positive': False, 'near_52w_high': False}",lagging,lagging,98.15,98.78,0.57,-0.42,False,False,2026-09-02 ratio=97.58 momentum=99.21; 2026-09-03 ratio=98.25 momentum=102.23; 2026-09-04 ratio=98.18 momentum=100.04; 2026-09-07 ratio=98.33 momentum=99.46; 2026-09-08 ratio=98.15 momentum=98.78,0.0
stock,Blue Star,BLUESTARCO.NS,Household Appliances,Consumer Durables,29995.02,0.58,102.51,-21.03,3377.92,13.27,56.68,21.24,,not_stage_2,0,1460.9,1667.88,-2.83,0.06181,"{'price_above_30w_ma': False, '30w_ma_rising': False, 'price_above_10w_ma': False, 'relative_strength_positive': False, 'near_52w_high': False}",improving,improving,99.01,102.05,0.14,-2.77,False,False,2026-09-01 ratio=98.88 momentum=104.82; 2026-09-02 ratio=98.53 momentum=101.63; 2026-09-03 ratio=99.05 momentum=103.12; 2026-09-04 ratio=99.05 momentum=102.30; 2026-09-08 ratio=99.01 momentum=102.05,10.25
stock,Amber Enterp.,AMBER.NS,Household Appliances,Consumer Durables,25435.02,0.0,3.09,-3.37,3887.72,12.72,123.27,10.29,,not_stage_2,2,7308.0,7525.37,1.87,0.3092,"{'price_above_30w_ma': False, '30w_ma_rising': True, 'price_above_10w_ma': False, 'relative_strength_positive': False, 'near_52w_high': True}",leading,leading,100.08,101.59,-0.2,0.13,False,False,2026-09-01 ratio=100.28 momentum=101.46; 2026-09-02 ratio=100.12 momentum=101.72; 2026-09-03 ratio=100.19 momentum=102.21; 2026-09-04 ratio=100.44 momentum=102.51; 2026-09-08 ratio=100.08 momentum=101.59,72.09
stock,Crompton Gr. Con,CROMPTON.NS,Household Appliances,Consumer Durables,14897.86,1.29,140.32,12.12,2022.47,11.2,32.82,18.98,,not_stage_2,0,231.9,258.07,-0.13,0.00981,"{'price_above_30w_ma': False, '30w_ma_rising': False, 'price_above_10w_ma': False, 'relative_strength_positive': False, 'near_52w_high': False}",improving,lagging,98.71,100.36,0.69,1.27,False,True,2026-09-01 ratio=98.02 momentum=99.09; 2026-09-02 ratio=97.96 momentum=98.47; 2026-09-03 ratio=97.99 momentum=96.84; 2026-09-04 ratio=98.50 momentum=97.44; 2026-09-08 ratio=98.71 momentum=100.36,1.8
stock,V-Guard Industri,VGUARD.NS,Household Appliances,Consumer Durables,14289.27,0.46,130.25,76.37,1810.65,23.5,37.6,18.38,,stage_2,5,330.05,317.18,0.08,0.01396,"{'price_above_30w_ma': True, '30w_ma_rising': True, 'price_above_10w_ma': True, 'relative_strength_positive': True, 'near_52w_high': True}",weakening,weakening,101.3,98.82,-0.82,-0.06,False,False,2026-09-01 ratio=102.12 momentum=98.89; 2026-09-02 ratio=102.00 momentum=98.70; 2026-09-03 ratio=101.81 momentum=98.09; 2026-09-04 ratio=101.47 momentum=98.93; 2026-09-08 ratio=101.30 momentum=98.82,131.66
stock,Whirlpool India,WHIRLPOOL.NS,Household Appliances,Consumer Durables,10077.55,0.63,102.88,-29.4,2726.75,12.1,36.96,10.67,,not_stage_2,2,805.0,836.51,-0.5,0.03406,"{'price_above_30w_ma': False, '30w_ma_rising': False, 'price_above_10w_ma': True, 'relative_strength_positive': True, 'near_52w_high': False}",leading,leading,101.67,102.42,0.89,0.9,False,False,2026-09-01 ratio=100.78 momentum=101.53; 2026-09-02 ratio=101.01 momentum=102.25; 2026-09-03 ratio=101.31 momentum=101.67; 2026-09-04 ratio=101.83 momentum=102.41; 2026-09-08 ratio=101.67 momentum=102.42,80.45
stock,Eureka Forbes,EUREKAFORB.NS,Household Appliances,Consumer Durables,7725.22,0.0,55.44,6.98,700.77,15.31,38.63,5.86,,not_stage_2,0,408.55,460.06,-2.99,0.01729,"{'price_above_30w_ma': False, '30w_ma_rising': False, 'price_above_10w_ma': False, 'relative_strength_positive': False, 'near_52w_high': False}",improving,improving,98.52,103.48,-0.34,1.46,False,False,2026-09-02 ratio=98.86 momentum=102.02; 2026-09-03 ratio=99.31 momentum=103.09; 2026-09-04 ratio=98.99 momentum=102.83; 2026-09-07 ratio=98.17 momentum=100.74; 2026-09-08 ratio=98.52 momentum=103.48,17.4
stock,TTK Prestige,TTKPRESTIG.NS,Household Appliances,Consumer Durables,7411.3,1.39,58.97,103.94,813.85,33.57,35.81,12.1,,not_stage_2,2,549.2,548.11,-0.03,0.02324,"{'price_above_30w_ma': True, '30w_ma_rising': False, 'price_above_10w_ma': False, 'relative_strength_positive': False, 'near_52w_high': True}",lagging,lagging,98.22,97.76,-0.63,0.44,False,False,2026-09-01 ratio=98.85 momentum=97.32; 2026-09-02 ratio=99.11 momentum=99.00; 2026-09-03 ratio=99.04 momentum=98.54; 2026-09-04 ratio=98.38 momentum=97.38; 2026-09-08 ratio=98.22 momentum=97.76,40.0
stock,IFB Industries,IFBIND.NS,Household Appliances,Consumer Durables,5123.19,0.0,38.06,50.08,1523.52,17.1,32.78,18.22,,not_stage_2,2,1296.0,1204.26,1.35,0.05483,"{'price_above_30w_ma': True, '30w_ma_rising': True, 'price_above_10w_ma': False, 'relative_strength_positive': False, 'near_52w_high': False}",lagging,lagging,99.57,95.96,0.25,-0.39,False,False,2026-09-01 ratio=99.32 momentum=96.35; 2026-09-02 ratio=99.35 momentum=96.96; 2026-09-03 ratio=99.70 momentum=97.44; 2026-09-04 ratio=99.51 momentum=97.39; 2026-09-08 ratio=99.57 momentum=95.96,42.7
stock,Adani Total Gas,ATGL.NS,LPG/CNG/PNG/LNG Supplier,"Oil, Gas & Consumable Fuels",67396.67,0.04,133.03,-17.97,1743.48,27.1,110.9,15.09,,not_stage_2,2,609.4,634.73,2.13,0.02578,"{'price_above_30w_ma': False, '30w_ma_rising': True, 'price_above_10w_ma': False, 'relative_strength_positive': False, 'near_52w_high': True}",improving,lagging,98.73,100.84,0.4,2.3,False,True,2026-09-01 ratio=98.33 momentum=98.53; 2026-09-02 ratio=98.53 momentum=96.56; 2026-09-03 ratio=98.59 momentum=97.87; 2026-09-04 ratio=98.59 momentum=99.46; 2026-09-08 ratio=98.73 momentum=100.84,48.46
stock,Petronet LNG,PETRONET.NS,LPG/CNG/PNG/LNG Supplier,"Oil, Gas & Consumable Fuels",42542.63,3.5,1137.14,35.07,5557.84,-53.22,10.11,22.55,,stage_2,5,285.8,279.06,0.06,0.01209,"{'price_above_30w_ma': True, '30w_ma_rising': True, 'price_above_10w_ma': True, 'relative_strength_positive': True, 'near_52w_high': True}",weakening,leading,101.43,98.18,-0.36,-3.07,False,False,2026-09-01 ratio=101.79 momentum=101.25; 2026-09-02 ratio=101.56 momentum=99.82; 2026-09-03 ratio=101.64 momentum=99.68; 2026-09-04 ratio=101.36 momentum=98.88; 2026-09-08 ratio=101.43 momentum=98.18,132.27
stock,Gujarat Energy,GUJENERGY.NS,LPG/CNG/PNG/LNG Supplier,"Oil, Gas & Consumable Fuels",24304.84,3.44,1007.4,69.8,9544.98,63.12,12.43,18.49,,not_stage_2,0,260.18,335.76,-5.96,0.01101,"{'price_above_30w_ma': False, '30w_ma_rising': False, 'price_above_10w_ma': False, 'relative_strength_positive': False, 'near_52w_high': False}",improving,improving,99.51,101.85,0.11,0.39,False,True,2026-09-02 ratio=99.41 momentum=101.46; 2026-09-03 ratio=99.52 momentum=101.59; 2026-09-04 ratio=99.51 momentum=101.53; 2026-09-07 ratio=99.51 momentum=101.63; 2026-09-08 ratio=99.51 momentum=101.85,9.25
stock,Indraprastha Gas,IGL.NS,LPG/CNG/PNG/LNG Supplier,"Oil, Gas & Consumable Fuels",21411.6,2.13,237.92,-43.97,4586.73,17.19,15.73,17.52,,not_stage_2,2,154.02,157.96,-1.82,0.00652,"{'price_above_30w_ma': False, '30w_ma_rising': False, 'price_above_10w_ma': True, 'relative_strength_positive': True, 'near_52w_high': False}",leading,improving,101.67,102.63,2.13,0.72,True,False,2026-09-01 ratio=99.54 momentum=101.91; 2026-09-02 ratio=99.37 momentum=99.34; 2026-09-03 ratio=99.76 momentum=101.90; 2026-09-04 ratio=102.00 momentum=103.60; 2026-09-08 ratio=101.67 momentum=102.63,91.5
stock,Mahanagar Gas,MGL.NS,LPG/CNG/PNG/LNG Supplier,"Oil, Gas & Consumable Fuels",10716.78,2.77,193.7,-39.39,2371.71,13.95,14.86,17.14,,stage_2,4,1103.2,1099.37,0.05,0.04668,"{'price_above_30w_ma': True, '30w_ma_rising': True, 'price_above_10w_ma': False, 'relative_strength_positive': True, 'near_52w_high': True}",leading,lagging,100.82,101.48,1.9,2.94,True,False,2026-09-01 ratio=98.91 momentum=98.53; 2026-09-02 ratio=98.63 momentum=96.94; 2026-09-03 ratio=98.70 momentum=96.56; 2026-09-04 ratio=99.94 momentum=100.94; 2026-09-08 ratio=100.82 momentum=101.48,146.6
stock,Confidence Petro,CONFIPET.NS,LPG/CNG/PNG/LNG Supplier,"Oil, Gas & Consumable Fuels",3007.0,0.11,62.55,207.04,2408.53,116.6,22.34,9.23,,stage_2,5,82.49,62.05,11.46,0.00349,"{'price_above_30w_ma': True, '30w_ma_rising': True, 'price_above_10w_ma': True, 'relative_strength_positive': True, 'near_52w_high': True}",leading,leading,101.83,103.03,-0.24,0.25,False,False,2026-09-02 ratio=102.06 momentum=102.79; 2026-09-03 ratio=102.39 momentum=103.52; 2026-09-04 ratio=101.79 momentum=102.22; 2026-09-07 ratio=101.72 momentum=105.31; 2026-09-08 ratio=101.83 momentum=103.03,192.22
stock,IRM Energy,IRMENERGY.NS,LPG/CNG/PNG/LNG Supplier,"Oil, Gas & Consumable Fuels",1163.43,0.53,33.81,142.89,325.85,24.13,15.91,8.63,,stage_2,5,282.25,258.85,2.09,0.01194,"{'price_above_30w_ma': True, '30w_ma_rising': True, 'price_above_10w_ma': True, 'relative_strength_positive': True, 'near_52w_high': True}",leading,weakening,101.06,105.1,0.03,6.58,True,False,2026-09-02 ratio=101.03 momentum=98.52; 2026-09-03 ratio=101.08 momentum=99.89; 2026-09-04 ratio=100.84 momentum=98.94; 2026-09-07 ratio=101.14 momentum=101.56; 2026-09-08 ratio=101.06 momentum=105.10,189.98
stock,Life Insurance,LICI.NS,Life Insurance,Financial Services,516367.3,2.45,13584.25,23.98,239865.7,6.76,8.59,35.14,,not_stage_2,1,410.75,411.12,-0.2,0.01738,"{'price_above_30w_ma': False, '30w_ma_rising': False, 'price_above_10w_ma': False, 'relative_strength_positive': False, 'near_52w_high': True}",leading,lagging,100.01,100.54,0.55,1.02,True,False,2026-09-02 ratio=99.47 momentum=99.52; 2026-09-03 ratio=100.09 momentum=101.64; 2026-09-04 ratio=99.97 momentum=100.32; 2026-09-07 ratio=99.87 momentum=99.91; 2026-09-08 ratio=100.01 momentum=100.54,52.75
stock,SBI Life Insuran,SBILIFE.NS,Life Insurance,Financial Services,168626.14,0.16,724.93,21.97,46336.78,18.82,64.83,14.95,,not_stage_2,1,1696.6,1844.09,-1.79,0.07178,"{'price_above_30w_ma': False, '30w_ma_rising': False, 'price_above_10w_ma': False, 'relative_strength_positive': False, 'near_52w_high': True}",improving,lagging,98.34,100.65,0.02,3.19,False,True,2026-09-02 ratio=98.31 momentum=97.46; 2026-09-03 ratio=98.33 momentum=98.16; 2026-09-04 ratio=99.61 momentum=101.05; 2026-09-07 ratio=98.84 momentum=101.04; 2026-09-08 ratio=98.34 momentum=100.65,23.25
stock,HDFC Life Insur.,HDFCLIFE.NS,Life Insurance,Financial Services,111629.25,0.41,611.19,11.46,33758.51,14.58,56.52,10.3,,not_stage_2,0,533.8,591.5,-3.59,0.02259,"{'price_above_30w_ma': False, '30w_ma_rising': False, 'price_above_10w_ma': False, 'relative_strength_positive': False, 'near_52w_high': False}",improving,improving,99.69,101.78,0.57,0.82,False,True,2026-09-02 ratio=99.12 momentum=100.96; 2026-09-03 ratio=99.22 momentum=100.87; 2026-09-04 ratio=100.06 momentum=101.56; 2026-09-07 ratio=99.37 momentum=99.09; 2026-09-08 ratio=99.69 momentum=101.78,8.9
stock,ICICI Pru Life,ICICIPRULI.NS,Life Insurance,Financial Services,67131.82,0.36,623.91,61.94,3185.46,-79.69,41.75,10.14,,not_stage_2,0,469.3,526.66,-3.57,0.01986,"{'price_above_30w_ma': False, '30w_ma_rising': False, 'price_above_10w_ma': False, 'relative_strength_positive': False, 'near_52w_high': False}",lagging,lagging,97.73,96.99,-1.76,-2.47,False,False,2026-09-01 ratio=99.49 momentum=99.46; 2026-09-02 ratio=100.22 momentum=100.23; 2026-09-03 ratio=99.84 momentum=99.77; 2026-09-04 ratio=99.72 momentum=97.79; 2026-09-08 ratio=97.73 momentum=96.99,0.0
stock,Max Financial,MFSL.NS,Life Insurance,Financial Services,50300.84,0.0,118.29,36.38,14969.51,16.75,463.58,2.87,,not_stage_2,1,1498.7,1609.99,-1.12,0.06341,"{'price_above_30w_ma': False, '30w_ma_rising': False, 'price_above_10w_ma': False, 'relative_strength_positive': False, 'near_52w_high': True}",lagging,lagging,99.57,98.99,-0.08,0.94,False,False,2026-09-01 ratio=99.66 momentum=98.05; 2026-09-02 ratio=99.27 momentum=98.81; 2026-09-03 ratio=100.05 momentum=100.24; 2026-09-04 ratio=100.30 momentum=100.53; 2026-09-08 ratio=99.57 momentum=98.99,20.0
stock,Canara HSBC,CANHLIFE.NS,Life Insurance,Financial Services,14197.87,0.27,28.14,20.15,4350.86,19.81,108.11,8.35,,stage_2,5,154.16,144.85,0.71,0.00652,"{'price_above_30w_ma': True, '30w_ma_rising': True, 'price_above_10w_ma': True, 'relative_strength_positive': True, 'near_52w_high': True}",leading,weakening,101.65,102.34,0.41,3.08,True,False,2026-09-02 ratio=101.24 momentum=99.26; 2026-09-03 ratio=101.55 momentum=100.99; 2026-09-04 ratio=102.05 momentum=100.52; 2026-09-07 ratio=101.49 momentum=99.32; 2026-09-08 ratio=101.65 momentum=102.34,176.37
stock,Container Corpn.,CONCOR.NS,Logistics Solution Provider,Services,38611.77,1.49,268.9,0.08,2159.76,0.28,31.09,12.64,,stage_2,4,502.0,487.86,0.35,0.02124,"{'price_above_30w_ma': True, '30w_ma_rising': True, 'price_above_10w_ma': False, 'relative_strength_positive': True, 'near_52w_high': True}",weakening,weakening,100.63,99.04,-0.23,0.24,False,False,2026-09-02 ratio=100.86 momentum=98.79; 2026-09-03 ratio=100.81 momentum=98.50; 2026-09-04 ratio=100.71 momentum=98.95; 2026-09-07 ratio=100.59 momentum=98.34; 2026-09-08 ratio=100.63 momentum=99.04,108.85
stock,Delhivery,DELHIVERY.NS,Logistics Solution Provider,Services,33985.45,0.0,31.91,-64.95,2930.73,27.76,284.92,1.01,,not_stage_2,2,454.9,457.18,1.23,0.01925,"{'price_above_30w_ma': False, '30w_ma_rising': True, 'price_above_10w_ma': False, 'relative_strength_positive': False, 'near_52w_high': True}",improving,improving,99.53,102.82,0.14,1.46,False,True,2026-09-01 ratio=99.38 momentum=101.36; 2026-09-02 ratio=99.26 momentum=101.06; 2026-09-03 ratio=99.74 momentum=102.33; 2026-09-04 ratio=99.43 momentum=101.66; 2026-09-08 ratio=99.53 momentum=102.82,56.56
stock,Shadowfax Technologies,SHADOWFAX.NS,Logistics Solution Provider,Services,14735.73,0.0,66.2,624.29,1323.85,66.33,85.56,10.3,,insufficient_data,0,,,,,{},weakening,weakening,101.07,98.62,-0.28,1.68,False,False,2026-09-02 ratio=101.35 momentum=96.95; 2026-09-03 ratio=101.68 momentum=99.18; 2026-09-04 ratio=101.57 momentum=99.58; 2026-09-07 ratio=101.05 momentum=97.61; 2026-09-08 ratio=101.07 momentum=98.62,5.35
stock,Blue Dart Expres,BLUEDART.NS,Logistics Solution Provider,Services,11699.09,0.51,88.49,81.22,1657.72,14.97,36.09,15.77,,not_stage_2,2,4987.2,5099.08,-1.54,0.21101,"{'price_above_30w_ma': False, '30w_ma_rising': False, 'price_above_10w_ma': False, 'relative_strength_positive': True, 'near_52w_high': True}",leading,leading,100.84,100.74,-0.33,0.36,False,False,2026-09-01 ratio=101.17 momentum=100.38; 2026-09-02 ratio=100.63 momentum=99.43; 2026-09-03 ratio=100.80 momentum=100.21; 2026-09-04 ratio=100.40 momentum=99.44; 2026-09-08 ratio=100.84 momentum=100.74,67.9
stock,Shiprocket,SHIPROCKET.NS,Logistics Solution Provider,Services,9607.42,0.0,-13.71,23.96,592.09,33.81,,-2.68,,insufficient_data,0,,,,,{},insufficient_data,insufficient_data,,,,,False,False,,0.0
stock,Transport Corp.,TCI.NS,Logistics Solution Provider,Services,6658.64,1.15,106.6,-0.75,1248.5,9.58,14.58,19.45,,not_stage_2,0,872.5,941.12,-2.25,0.03692,"{'price_above_30w_ma': False, '30w_ma_rising': False, 'price_above_10w_ma': False, 'relative_strength_positive': False, 'near_52w_high': False}",improving,lagging,98.83,101.21,0.61,2.78,False,True,2026-09-01 ratio=98.22 momentum=98.43; 2026-09-02 ratio=97.84 momentum=97.54; 2026-09-03 ratio=98.13 momentum=99.11; 2026-09-04 ratio=98.06 momentum=98.62; 2026-09-08 ratio=98.83 momentum=101.21,6.05
stock,TVS Supply,TVSSCS.NS,Logistics Solution Provider,Services,5496.83,0.0,22.48,-84.26,3335.22,28.66,77.56,10.06,,not_stage_2,3,127.23,122.16,2.47,0.00538,"{'price_above_30w_ma': True, '30w_ma_rising': True, 'price_above_10w_ma': False, 'relative_strength_positive': False, 'near_52w_high': True}",lagging,improving,99.6,99.44,0.87,-1.79,False,False,2026-09-01 ratio=98.72 momentum=101.24; 2026-09-02 ratio=98.80 momentum=101.53; 2026-09-03 ratio=99.77 momentum=102.52; 2026-09-04 ratio=99.90 momentum=104.57; 2026-09-08 ratio=99.60 momentum=99.44,64.94
stock,VRL Logistics,VRLLOG.NS,Logistics Solution Provider,Services,5041.73,1.73,80.53,60.93,878.84,18.07,18.86,18.27,,stage_2,5,293.75,257.71,1.05,0.01243,"{'price_above_30w_ma': True, '30w_ma_rising': True, 'price_above_10w_ma': True, 'relative_strength_positive': True, 'near_52w_high': True}",weakening,weakening,101.21,99.13,-0.27,1.98,False,False,2026-09-01 ratio=101.47 momentum=97.15; 2026-09-02 ratio=101.47 momentum=97.32; 2026-09-03 ratio=101.36 momentum=96.97; 2026-09-04 ratio=101.28 momentum=99.22; 2026-09-08 ratio=101.21 momentum=99.13,133.15
stock,Mahindra Logis.,MAHLOG.NS,Logistics Solution Provider,Services,3985.06,0.62,27.83,335.09,2002.88,23.29,101.13,7.36,,stage_2,5,408.85,385.22,1.69,0.0173,"{'price_above_30w_ma': True, '30w_ma_rising': True, 'price_above_10w_ma': True, 'relative_strength_positive': True, 'near_52w_high': True}",leading,lagging,101.86,101.78,2.52,4.83,True,False,2026-09-01 ratio=99.34 momentum=96.95; 2026-09-02 ratio=100.00 momentum=97.79; 2026-09-03 ratio=100.73 momentum=99.83; 2026-09-04 ratio=101.14 momentum=101.30; 2026-09-08 ratio=101.86 momentum=101.78,176.58
stock,Gateway Distri,GATEWAY.NS,Logistics Solution Provider,Services,2674.59,3.74,51.26,-20.79,549.3,-0.21,10.91,10.83,,not_stage_2,1,53.94,56.72,-1.09,0.00228,"{'price_above_30w_ma': False, '30w_ma_rising': False, 'price_above_10w_ma': False, 'relative_strength_positive': False, 'near_52w_high': True}",improving,improving,99.34,102.4,0.92,1.37,False,True,2026-09-01 ratio=98.42 momentum=101.03; 2026-09-02 ratio=98.68 momentum=101.40; 2026-09-03 ratio=99.30 momentum=102.02; 2026-09-04 ratio=99.39 momentum=103.20; 2026-09-08 ratio=99.34 momentum=102.40,32.0
stock,Castrol India,CASTROLIND.NS,Lubricants,"Oil, Gas & Consumable Fuels",18726.05,4.63,347.7,42.5,1871.47,25.03,17.36,60.27,,stage_2,5,189.46,184.69,0.26,0.00802,"{'price_above_30w_ma': True, '30w_ma_rising': True, 'price_above_10w_ma': True, 'relative_strength_positive': True, 'near_52w_high': True}",leading,weakening,102.91,102.45,1.77,3.41,True,False,2026-09-02 ratio=101.14 momentum=99.05; 2026-09-03 ratio=101.47 momentum=100.82; 2026-09-04 ratio=102.95 momentum=102.44; 2026-09-07 ratio=102.57 momentum=102.03; 2026-09-08 ratio=102.91 momentum=102.45,182.32
stock,Gulf Oil Lubric.,GULFOILLUB.NS,Lubricants,"Oil, Gas & Consumable Fuels",5358.71,4.72,127.52,31.93,1320.36,32.52,13.49,27.23,,not_stage_2,3,1057.6,1015.69,0.09,0.04475,"{'price_above_30w_ma': True, '30w_ma_rising': True, 'price_above_10w_ma': False, 'relative_strength_positive': False, 'near_52w_high': True}",lagging,weakening,99.76,97.71,-0.96,0.51,False,False,2026-09-02 ratio=100.72 momentum=97.19; 2026-09-03 ratio=100.52 momentum=97.45; 2026-09-04 ratio=99.73 momentum=97.22; 2026-09-07 ratio=99.57 momentum=96.69; 2026-09-08 ratio=99.76 momentum=97.71,60.18
stock,Savita Oil Tech,SOTL.NS,Lubricants,"Oil, Gas & Consumable Fuels",4729.66,0.73,292.25,395.59,1479.77,49.6,11.07,13.96,,stage_2,5,681.35,500.25,10.18,0.02883,"{'price_above_30w_ma': True, '30w_ma_rising': True, 'price_above_10w_ma': True, 'relative_strength_positive': True, 'near_52w_high': True}",weakening,leading,100.73,99.78,-1.13,-0.99,False,False,2026-09-02 ratio=101.85 momentum=100.77; 2026-09-03 ratio=101.57 momentum=100.81; 2026-09-04 ratio=101.54 momentum=101.32; 2026-09-07 ratio=101.06 momentum=100.04; 2026-09-08 ratio=100.73 momentum=99.78,149.01
stock,Panama Petrochem,PANAMAPET.NS,Lubricants,"Oil, Gas & Consumable Fuels",3015.0,0.6,308.91,624.8,1735.15,150.3,6.3,19.15,,stage_2,5,483.15,366.7,7.38,0.02044,"{'price_above_30w_ma': True, '30w_ma_rising': True, 'price_above_10w_ma': True, 'relative_strength_positive': True, 'near_52w_high': True}",leading,weakening,100.93,101.28,-0.17,1.39,False,False,2026-09-02 ratio=101.10 momentum=99.89; 2026-09-03 ratio=100.94 momentum=100.02; 2026-09-04 ratio=101.22 momentum=101.13; 2026-09-07 ratio=100.82 momentum=100.08; 2026-09-08 ratio=100.93 momentum=101.28,170.81
stock,Gandhar Oil Ref.,GANDHAR.NS,Lubricants,"Oil, Gas & Consumable Fuels",2600.65,0.75,205.89,633.09,1731.93,91.81,8.63,13.33,,stage_2,5,264.05,180.63,8.59,0.01117,"{'price_above_30w_ma': True, '30w_ma_rising': True, 'price_above_10w_ma': True, 'relative_strength_positive': True, 'near_52w_high': True}",leading,leading,101.29,101.14,-0.14,-0.7,False,False,2026-09-02 ratio=101.43 momentum=101.85; 2026-09-03 ratio=101.44 momentum=101.42; 2026-09-04 ratio=101.40 momentum=102.43; 2026-09-07 ratio=101.31 momentum=100.19; 2026-09-08 ratio=101.29 momentum=101.14,174.33
stock,Veedol Corporat,VEEDOL.NS,Lubricants,"Oil, Gas & Consumable Fuels",2503.31,4.04,77.92,56.88,608.57,18.49,11.39,24.09,,not_stage_2,3,1454.0,1423.79,0.38,0.06152,"{'price_above_30w_ma': True, '30w_ma_rising': True, 'price_above_10w_ma': False, 'relative_strength_positive': True, 'near_52w_high': False}",leading,weakening,100.75,100.79,-0.27,1.98,False,False,2026-09-01 ratio=101.02 momentum=98.81; 2026-09-02 ratio=100.83 momentum=97.21; 2026-09-03 ratio=100.63 momentum=97.73; 2026-09-04 ratio=100.92 momentum=99.39; 2026-09-08 ratio=100.75 momentum=100.79,88.46
stock,GP Petroleums,GULFPETRO.NS,Lubricants,"Oil, Gas & Consumable Fuels",343.2,0.74,21.19,229.04,230.33,45.6,7.89,10.84,,stage_2,5,64.62,41.04,12.12,0.00273,"{'price_above_30w_ma': True, '30w_ma_rising': True, 'price_above_10w_ma': True, 'relative_strength_positive': True, 'near_52w_high': True}",weakening,weakening,101.13,95.37,-0.38,-2.38,False,False,2026-09-01 ratio=101.51 momentum=97.74; 2026-09-02 ratio=101.48 momentum=97.50; 2026-09-03 ratio=101.36 momentum=96.70; 2026-09-04 ratio=101.23 momentum=96.98; 2026-09-08 ratio=101.13 momentum=95.37,154.89
stock,Arabian Petrol.,ARABIAN.NS,Lubricants,"Oil, Gas & Consumable Fuels",92.47,0.0,5.21,3.37,200.25,36.98,8.21,18.41,,stage_2,5,86.25,73.05,3.06,0.00365,"{'price_above_30w_ma': True, '30w_ma_rising': True, 'price_above_10w_ma': True, 'relative_strength_positive': True, 'near_52w_high': True}",leading,weakening,101.3,100.47,-0.24,1.61,False,False,2026-09-01 ratio=101.54 momentum=98.85; 2026-09-02 ratio=101.33 momentum=98.06; 2026-09-03 ratio=101.30 momentum=99.01; 2026-09-04 ratio=101.24 momentum=100.60; 2026-09-08 ratio=101.30 momentum=100.47,159.97
stock,Sundrex Oil,SOCL.NS,Lubricants,"Oil, Gas & Consumable Fuels",38.17,0.0,2.9,-16.18,67.25,96.29,7.18,21.24,,insufficient_data,0,,,,,{},insufficient_data,insufficient_data,,,,,False,False,,0.0
stock,Venky's (India),VENKEYS.NS,Meat Products including Poultry,Fast Moving Consumer Goods,2388.22,0.59,49.99,215.79,1118.38,29.17,13.77,11.89,,stage_2,5,1709.0,1462.58,0.9,0.07231,"{'price_above_30w_ma': True, '30w_ma_rising': True, 'price_above_10w_ma': True, 'relative_strength_positive': True, 'near_52w_high': True}",leading,leading,102.87,101.88,0.37,0.06,False,False,2026-09-01 ratio=102.50 momentum=101.82; 2026-09-02 ratio=102.58 momentum=102.20; 2026-09-03 ratio=102.65 momentum=102.53; 2026-09-04 ratio=102.21 momentum=102.92; 2026-09-08 ratio=102.87 momentum=101.88,170.55
stock,SKM Egg Prod.,SKMEGGPROD.NS,Meat Products including Poultry,Fast Moving Consumer Goods,1322.54,0.5,23.82,46.5,184.26,4.87,11.88,30.0,,not_stage_2,3,253.35,220.29,4.3,0.01072,"{'price_above_30w_ma': True, '30w_ma_rising': True, 'price_above_10w_ma': False, 'relative_strength_positive': False, 'near_52w_high': True}",improving,improving,99.39,100.08,-0.08,-1.15,False,False,2026-09-02 ratio=99.47 momentum=101.23; 2026-09-03 ratio=99.51 momentum=101.50; 2026-09-04 ratio=99.36 momentum=99.52; 2026-09-07 ratio=99.14 momentum=98.53; 2026-09-08 ratio=99.39 momentum=100.08,69.0
stock,HMA Agro Inds.,HMAAGRO.NS,Meat Products including Poultry,Fast Moving Consumer Goods,1002.54,1.5,50.51,6158.02,2110.32,87.98,4.67,15.99,,not_stage_2,0,20.01,23.16,-3.23,0.00085,"{'price_above_30w_ma': False, '30w_ma_rising': False, 'price_above_10w_ma': False, 'relative_strength_positive': False, 'near_52w_high': False}",lagging,lagging,98.38,97.26,-0.67,-0.78,False,False,2026-09-01 ratio=99.05 momentum=98.04; 2026-09-02 ratio=99.22 momentum=97.95; 2026-09-03 ratio=99.36 momentum=98.30; 2026-09-04 ratio=99.22 momentum=95.97; 2026-09-08 ratio=98.38 momentum=97.26,0.0
stock,Prime Focus,PFOCUS.NS,Media & Entertainment,"Media, Entertainment & Publication",24628.68,0.0,-45.78,-90.56,1266.81,23.81,137.96,11.5,,stage_2,5,313.15,278.38,3.01,0.01325,"{'price_above_30w_ma': True, '30w_ma_rising': True, 'price_above_10w_ma': True, 'relative_strength_positive': True, 'near_52w_high': True}",leading,weakening,101.83,100.75,1.24,1.92,True,False,2026-09-01 ratio=100.59 momentum=98.83; 2026-09-02 ratio=100.39 momentum=99.13; 2026-09-03 ratio=100.82 momentum=100.33; 2026-09-04 ratio=101.43 momentum=100.68; 2026-09-08 ratio=101.83 momentum=100.75,173.92
stock,Saregama India,SAREGAMA.NS,Media & Entertainment,"Media, Entertainment & Publication",9641.38,0.9,51.88,40.64,263.6,27.48,42.25,17.29,,stage_2,4,497.1,423.2,5.36,0.02103,"{'price_above_30w_ma': True, '30w_ma_rising': True, 'price_above_10w_ma': False, 'relative_strength_positive': True, 'near_52w_high': True}",weakening,lagging,100.29,99.6,0.6,1.55,False,False,2026-09-01 ratio=99.68 momentum=98.05; 2026-09-02 ratio=98.96 momentum=97.27; 2026-09-03 ratio=99.84 momentum=97.73; 2026-09-04 ratio=99.75 momentum=98.75; 2026-09-08 ratio=100.29 momentum=99.60,117.17
stock,Tips Music,TIPSMUSIC.NS,Media & Entertainment,"Media, Entertainment & Publication",8316.7,2.0,43.7,-4.67,106.51,20.94,38.75,118.47,,not_stage_2,3,644.9,622.75,2.13,0.02729,"{'price_above_30w_ma': True, '30w_ma_rising': True, 'price_above_10w_ma': False, 'relative_strength_positive': False, 'near_52w_high': True}",improving,lagging,99.64,102.06,0.48,3.52,False,True,2026-09-01 ratio=99.16 momentum=98.54; 2026-09-02 ratio=98.84 momentum=97.55; 2026-09-03 ratio=99.72 momentum=101.62; 2026-09-04 ratio=99.58 momentum=101.10; 2026-09-08 ratio=99.64 momentum=102.06,74.56
stock,Netwrk.18 Media,NETWORK18.NS,Media & Entertainment,"Media, Entertainment & Publication",4151.06,0.0,-38.36,-2074.55,516.26,10.34,,3.01,,not_stage_2,0,27.3,31.58,-3.57,0.00116,"{'price_above_30w_ma': False, '30w_ma_rising': False, 'price_above_10w_ma': False, 'relative_strength_positive': False, 'near_52w_high': False}",lagging,lagging,98.79,97.91,0.38,-1.69,False,False,2026-09-02 ratio=98.41 momentum=99.59; 2026-09-03 ratio=98.67 momentum=97.88; 2026-09-04 ratio=99.24 momentum=99.56; 2026-09-07 ratio=98.87 momentum=98.22; 2026-09-08 ratio=98.79 momentum=97.91,0.0
stock,Balaji Telefilms,BALAJITELE.NS,Media & Entertainment,"Media, Entertainment & Publication",1133.56,0.0,22.39,489.25,240.29,229.93,,-9.54,,stage_2,4,93.42,93.14,0.9,0.00395,"{'price_above_30w_ma': True, '30w_ma_rising': True, 'price_above_10w_ma': True, 'relative_strength_positive': True, 'near_52w_high': False}",weakening,weakening,101.42,99.42,0.72,0.23,False,False,2026-09-02 ratio=100.71 momentum=99.19; 2026-09-03 ratio=100.78 momentum=99.68; 2026-09-04 ratio=101.19 momentum=96.47; 2026-09-07 ratio=100.92 momentum=96.88; 2026-09-08 ratio=101.42 momentum=99.42,113.9
stock,Basilic Fly Stud,BASILIC.NS,Media & Entertainment,"Media, Entertainment & Publication",479.53,0.0,6.7,-9.37,103.5,9.87,9.96,22.32,,not_stage_2,0,185.55,209.53,-4.7,0.00785,"{'price_above_30w_ma': False, '30w_ma_rising': False, 'price_above_10w_ma': False, 'relative_strength_positive': False, 'near_52w_high': False}",lagging,improving,99.14,99.99,-0.72,-2.99,False,False,2026-09-01 ratio=99.87 momentum=102.98; 2026-09-02 ratio=99.66 momentum=101.52; 2026-09-03 ratio=100.00 momentum=101.72; 2026-09-04 ratio=99.26 momentum=100.72; 2026-09-08 ratio=99.14 momentum=99.99,0.0
stock,Ent.Network,ENIL.NS,Media & Entertainment,"Media, Entertainment & Publication",479.23,1.99,-6.01,-11.5,113.69,-2.79,358.66,-0.75,,not_stage_2,0,100.21,107.95,-1.19,0.00424,"{'price_above_30w_ma': False, '30w_ma_rising': False, 'price_above_10w_ma': False, 'relative_strength_positive': False, 'near_52w_high': False}",improving,improving,99.27,101.45,0.5,0.99,False,True,2026-09-01 ratio=98.77 momentum=100.46; 2026-09-02 ratio=98.79 momentum=100.15; 2026-09-03 ratio=98.67 momentum=100.22; 2026-09-04 ratio=99.70 momentum=101.51; 2026-09-08 ratio=99.27 momentum=101.45,7.25
stock,Shemaroo Entert.,SHEMAROO.NS,Media & Entertainment,"Media, Entertainment & Publication",356.61,0.0,-8.07,82.43,131.68,-5.62,,-39.34,,stage_2,5,125.31,111.12,3.23,0.0053,"{'price_above_30w_ma': True, '30w_ma_rising': True, 'price_above_10w_ma': True, 'relative_strength_positive': True, 'near_52w_high': True}",leading,weakening,100.77,102.48,0.35,2.73,True,False,2026-09-01 ratio=100.42 momentum=99.75; 2026-09-02 ratio=100.73 momentum=97.77; 2026-09-03 ratio=100.57 momentum=94.64; 2026-09-04 ratio=100.72 momentum=101.19; 2026-09-08 ratio=100.77 momentum=102.48,177.71
stock,Gretex Industrie,GRETEX.NS,Media & Entertainment,"Media, Entertainment & Publication",349.12,0.0,0.1,-92.09,27.6,43.97,249.37,3.01,,not_stage_2,1,225.15,275.07,2.79,0.00953,"{'price_above_30w_ma': False, '30w_ma_rising': True, 'price_above_10w_ma': False, 'relative_strength_positive': False, 'near_52w_high': False}",lagging,lagging,96.48,96.94,-1.16,0.09,False,False,2026-09-01 ratio=97.64 momentum=96.85; 2026-09-02 ratio=97.82 momentum=97.26; 2026-09-03 ratio=97.04 momentum=97.12; 2026-09-04 ratio=96.61 momentum=97.06; 2026-09-08 ratio=96.48 momentum=96.94,25.58
stock,Optimystix Entertainment,OPTIMYSTIX.NS,Media & Entertainment,"Media, Entertainment & Publication",344.85,0.0,,,,,14.39,27.26,,insufficient_data,0,,,,,{},insufficient_data,insufficient_data,,,,,False,False,,0.0
stock,Poly Medicure,POLYMED.NS,Medical Equipment & Supplies,Healthcare,17473.71,0.2,85.28,-7.57,525.38,30.3,54.6,12.5,,stage_2,5,1730.1,1527.05,2.45,0.0732,"{'price_above_30w_ma': True, '30w_ma_rising': True, 'price_above_10w_ma': True, 'relative_strength_positive': True, 'near_52w_high': True}",leading,leading,101.07,101.03,-0.8,0.04,False,False,2026-09-02 ratio=101.87 momentum=100.99; 2026-09-03 ratio=101.55 momentum=100.63; 2026-09-04 ratio=100.19 momentum=99.52; 2026-09-07 ratio=100.31 momentum=99.28; 2026-09-08 ratio=101.07 momentum=101.03,160.4
stock,Molbio Diagnosti,MOLBIO.NS,Medical Equipment & Supplies,Healthcare,14463.04,0.0,52.75,347.79,408.38,309.57,57.93,18.48,,insufficient_data,0,,,,,{},insufficient_data,insufficient_data,,,,,False,False,,0.0
stock,Fischer Medical,FISCHER.NS,Medical Equipment & Supplies,Healthcare,2432.77,0.14,3.79,-22.02,81.92,249.49,99.38,11.38,,not_stage_2,0,35.56,37.49,-1.27,0.0015,"{'price_above_30w_ma': False, '30w_ma_rising': False, 'price_above_10w_ma': False, 'relative_strength_positive': False, 'near_52w_high': False}",lagging,weakening,98.84,99.44,-1.27,0.31,False,False,2026-09-02 ratio=100.11 momentum=99.12; 2026-09-03 ratio=99.62 momentum=98.49; 2026-09-04 ratio=98.87 momentum=98.00; 2026-09-07 ratio=98.82 momentum=99.71; 2026-09-08 ratio=98.84 momentum=99.44,0.0
stock,Tarsons Products,TARSONS.NS,Medical Equipment & Supplies,Healthcare,1705.32,0.0,-1.44,-180.9,110.24,20.67,144.03,4.56,,stage_2,5,325.15,248.16,7.59,0.01376,"{'price_above_30w_ma': True, '30w_ma_rising': True, 'price_above_10w_ma': True, 'relative_strength_positive': True, 'near_52w_high': True}",weakening,leading,100.71,96.7,-0.66,-3.37,False,False,2026-09-01 ratio=101.37 momentum=100.07; 2026-09-02 ratio=101.44 momentum=99.66; 2026-09-03 ratio=101.10 momentum=99.28; 2026-09-04 ratio=101.02 momentum=98.07; 2026-09-08 ratio=100.71 momentum=96.70,143.73
stock,Q-Line Biotech,QLINE.NS,Medical Equipment & Supplies,Healthcare,1576.29,0.0,34.41,147.29,197.94,-8.59,27.91,22.46,,insufficient_data,0,,,,,{},insufficient_data,insufficient_data,,,,,False,False,,0.0
stock,Laxmi Dental,LAXMIDENTL.NS,Medical Equipment & Supplies,Healthcare,1107.97,0.0,10.32,22.77,74.7,13.87,31.86,14.86,,not_stage_2,1,199.25,205.06,0.07,0.00843,"{'price_above_30w_ma': False, '30w_ma_rising': True, 'price_above_10w_ma': False, 'relative_strength_positive': False, 'near_52w_high': False}",improving,improving,99.39,104.16,0.77,0.91,False,True,2026-09-02 ratio=98.61 momentum=103.25; 2026-09-03 ratio=99.09 momentum=103.10; 2026-09-04 ratio=99.11 momentum=102.55; 2026-09-07 ratio=99.10 momentum=102.94; 2026-09-08 ratio=99.39 momentum=104.16,40.94
stock,Vasa Denticity,DENTALKART.NS,Medical Equipment & Supplies,Healthcare,692.35,0.0,4.19,45.99,82.17,36.9,57.22,9.21,,not_stage_2,1,404.4,405.2,-5.08,0.01711,"{'price_above_30w_ma': False, '30w_ma_rising': False, 'price_above_10w_ma': False, 'relative_strength_positive': True, 'near_52w_high': False}",weakening,weakening,100.74,99.56,0.63,-0.04,False,False,2026-09-01 ratio=100.11 momentum=99.60; 2026-09-02 ratio=100.28 momentum=100.08; 2026-09-03 ratio=100.34 momentum=100.12; 2026-09-04 ratio=100.94 momentum=102.30; 2026-09-08 ratio=100.74 momentum=99.56,23.7
stock,OSEL Devices,OSELDEVICE.NS,Medical Equipment & Supplies,Healthcare,663.83,0.0,14.06,16.78,145.81,47.1,22.69,24.4,,insufficient_data,0,,,,,{},insufficient_data,insufficient_data,,,,,False,False,,0.0
stock,Nureca,NURECA.NS,Medical Equipment & Supplies,Healthcare,320.16,0.0,3.07,279.01,40.34,18.02,73.77,3.3,,stage_2,5,318.1,276.28,1.97,0.01346,"{'price_above_30w_ma': True, '30w_ma_rising': True, 'price_above_10w_ma': True, 'relative_strength_positive': True, 'near_52w_high': True}",leading,weakening,100.64,100.87,-0.53,1.05,False,False,2026-09-01 ratio=101.17 momentum=99.82; 2026-09-02 ratio=101.12 momentum=100.66; 2026-09-03 ratio=100.99 momentum=100.33; 2026-09-04 ratio=100.70 momentum=100.47; 2026-09-08 ratio=100.64 momentum=100.87,156.49
stock,QMS Medical,QMSMEDI.NS,Medical Equipment & Supplies,Healthcare,293.54,0.33,3.96,24.57,56.87,22.3,27.31,13.23,,stage_2,5,155.17,101.42,9.5,0.00657,"{'price_above_30w_ma': True, '30w_ma_rising': True, 'price_above_10w_ma': True, 'relative_strength_positive': True, 'near_52w_high': True}",weakening,weakening,101.76,96.68,-0.71,-1.77,False,False,2026-09-01 ratio=102.47 momentum=98.44; 2026-09-02 ratio=102.20 momentum=98.55; 2026-09-03 ratio=102.10 momentum=97.31; 2026-09-04 ratio=101.97 momentum=95.16; 2026-09-08 ratio=101.76 momentum=96.68,152.8
stock,CreditAcc. Gram.,CREDITACC.NS,Microfinance Institutions,Financial Services,22401.31,0.0,493.39,719.72,1783.49,21.92,18.5,9.98,,not_stage_2,3,1417.1,1358.77,1.16,0.05996,"{'price_above_30w_ma': True, '30w_ma_rising': True, 'price_above_10w_ma': False, 'relative_strength_positive': False, 'near_52w_high': True}",improving,lagging,98.94,100.47,0.87,2.82,False,True,2026-09-01 ratio=98.07 momentum=97.65; 2026-09-02 ratio=98.36 momentum=97.62; 2026-09-03 ratio=99.05 momentum=97.74; 2026-09-04 ratio=99.13 momentum=98.82; 2026-09-08 ratio=98.94 momentum=100.47,64.67
stock,Muthoot Microfin,MUTHOOTMF.NS,Microfinance Institutions,Financial Services,3359.9,0.0,81.34,1216.18,668.64,19.69,13.69,9.31,,not_stage_2,3,201.57,193.45,1.71,0.00853,"{'price_above_30w_ma': True, '30w_ma_rising': True, 'price_above_10w_ma': False, 'relative_strength_positive': False, 'near_52w_high': True}",lagging,lagging,99.05,99.18,0.1,0.52,False,False,2026-09-02 ratio=98.95 momentum=98.66; 2026-09-03 ratio=99.20 momentum=98.94; 2026-09-04 ratio=99.10 momentum=99.23; 2026-09-07 ratio=98.76 momentum=97.86; 2026-09-08 ratio=99.05 momentum=99.18,63.42
stock,Fusion Finance,FUSION.NS,Microfinance Institutions,Financial Services,3162.56,0.0,62.41,167.65,458.17,3.59,18.77,5.92,,not_stage_2,3,202.06,189.05,1.18,0.00855,"{'price_above_30w_ma': True, '30w_ma_rising': True, 'price_above_10w_ma': False, 'relative_strength_positive': False, 'near_52w_high': True}",lagging,lagging,99.71,99.93,0.64,0.64,False,False,2026-09-01 ratio=99.07 momentum=99.29; 2026-09-02 ratio=99.01 momentum=98.76; 2026-09-03 ratio=99.44 momentum=98.37; 2026-09-04 ratio=99.66 momentum=100.17; 2026-09-08 ratio=99.71 momentum=99.93,62.36
stock,Satin Creditcare,SATIN.NS,Microfinance Institutions,Financial Services,2381.35,0.0,122.65,172.0,762.14,8.39,5.81,13.84,,not_stage_2,3,217.49,204.4,4.43,0.0092,"{'price_above_30w_ma': True, '30w_ma_rising': True, 'price_above_10w_ma': False, 'relative_strength_positive': False, 'near_52w_high': True}",improving,lagging,98.98,101.52,0.37,3.96,False,True,2026-09-01 ratio=98.61 momentum=97.56; 2026-09-02 ratio=98.80 momentum=99.80; 2026-09-03 ratio=98.91 momentum=100.07; 2026-09-04 ratio=99.00 momentum=101.72; 2026-09-08 ratio=98.98 momentum=101.52,76.46
stock,Spandana Sphoort,SPANDANA.NS,Microfinance Institutions,Financial Services,1659.94,0.0,11.88,103.3,283.91,-5.51,,-5.78,,not_stage_2,1,239.74,247.01,-0.4,0.01014,"{'price_above_30w_ma': False, '30w_ma_rising': False, 'price_above_10w_ma': False, 'relative_strength_positive': False, 'near_52w_high': True}",improving,lagging,99.17,103.28,0.44,3.54,False,True,2026-09-01 ratio=98.73 momentum=99.74; 2026-09-02 ratio=98.80 momentum=100.44; 2026-09-03 ratio=98.88 momentum=100.02; 2026-09-04 ratio=99.04 momentum=102.59; 2026-09-08 ratio=99.17 momentum=103.28,36.4
stock,Bajaj Finance,BAJFINANCE.NS,Non Banking Financial Company (NBFC),Financial Services,646511.43,0.52,6080.6,27.37,23165.45,18.65,31.57,10.87,,stage_2,4,1054.1,972.7,1.48,0.0446,"{'price_above_30w_ma': True, '30w_ma_rising': True, 'price_above_10w_ma': False, 'relative_strength_positive': True, 'near_52w_high': True}",weakening,weakening,100.4,98.79,0.18,0.89,False,False,2026-09-02 ratio=100.22 momentum=97.90; 2026-09-03 ratio=100.05 momentum=97.05; 2026-09-04 ratio=100.31 momentum=97.63; 2026-09-07 ratio=100.42 momentum=99.20; 2026-09-08 ratio=100.40 momentum=98.79,109.96
stock,Shriram Finance,SHRIRAMFIN.NS,Non Banking Financial Company (NBFC),Financial Services,241898.68,1.05,3452.77,59.89,13400.43,16.16,21.37,11.49,,not_stage_2,3,1029.0,1012.03,0.65,0.04354,"{'price_above_30w_ma': True, '30w_ma_rising': True, 'price_above_10w_ma': False, 'relative_strength_positive': False, 'near_52w_high': True}",lagging,lagging,99.44,96.84,-0.21,-0.78,False,False,2026-09-02 ratio=99.65 momentum=97.62; 2026-09-03 ratio=99.60 momentum=97.37; 2026-09-04 ratio=99.46 momentum=97.23; 2026-09-07 ratio=99.49 momentum=97.59; 2026-09-08 ratio=99.44 momentum=96.84,61.3
stock,Cholaman.Inv.&Fn,CHOLAFIN.NS,Non Banking Financial Company (NBFC),Financial Services,156080.27,0.11,1656.22,45.56,8856.29,21.87,27.14,9.71,,stage_2,4,1823.4,1667.75,1.34,0.07715,"{'price_above_30w_ma': True, '30w_ma_rising': True, 'price_above_10w_ma': False, 'relative_strength_positive': True, 'near_52w_high': True}",leading,lagging,100.76,100.37,0.79,3.41,True,False,2026-09-01 ratio=99.97 momentum=96.96; 2026-09-02 ratio=100.42 momentum=97.99; 2026-09-03 ratio=100.99 momentum=99.39; 2026-09-04 ratio=100.69 momentum=99.49; 2026-09-08 ratio=100.76 momentum=100.37,143.33
stock,Tata Capital,TATACAP.NS,Non Banking Financial Company (NBFC),Financial Services,154193.48,0.16,1628.18,56.32,8821.93,15.1,28.37,8.58,,stage_2,5,368.05,339.57,0.9,0.01557,"{'price_above_30w_ma': True, '30w_ma_rising': True, 'price_above_10w_ma': True, 'relative_strength_positive': True, 'near_52w_high': True}",leading,weakening,101.73,103.1,0.66,3.3,True,False,2026-09-02 ratio=101.07 momentum=99.80; 2026-09-03 ratio=101.94 momentum=101.62; 2026-09-04 ratio=102.16 momentum=102.22; 2026-09-07 ratio=101.74 momentum=101.71; 2026-09-08 ratio=101.73 momentum=103.10,180.95
stock,Muthoot Finance,MUTHOOTFIN.NS,Non Banking Financial Company (NBFC),Financial Services,113130.42,1.07,2824.84,38.83,8671.6,34.44,9.95,15.8,,not_stage_2,0,2899.7,3199.31,-3.03,0.12269,"{'price_above_30w_ma': False, '30w_ma_rising': False, 'price_above_10w_ma': False, 'relative_strength_positive': False, 'near_52w_high': False}",lagging,improving,99.78,97.68,0.05,-3.49,False,False,2026-09-02 ratio=99.74 momentum=101.17; 2026-09-03 ratio=99.71 momentum=100.17; 2026-09-04 ratio=99.57 momentum=99.51; 2026-09-07 ratio=99.41 momentum=97.28; 2026-09-08 ratio=99.78 momentum=97.68,0.0
stock,L&T Finance Ltd,LTF.NS,Non Banking Financial Company (NBFC),Financial Services,77746.75,0.89,915.99,28.72,5212.92,22.38,24.28,8.4,,stage_2,4,308.3,290.37,1.27,0.01304,"{'price_above_30w_ma': True, '30w_ma_rising': True, 'price_above_10w_ma': False, 'relative_strength_positive': True, 'near_52w_high': True}",weakening,weakening,100.09,98.72,-0.26,-0.5,False,False,2026-09-02 ratio=100.35 momentum=99.22; 2026-09-03 ratio=100.96 momentum=101.13; 2026-09-04 ratio=100.47 momentum=99.65; 2026-09-07 ratio=100.45 momentum=99.84; 2026-09-08 ratio=100.09 momentum=98.72,107.99
stock,SBI Cards,SBICARD.NS,Non Banking Financial Company (NBFC),Financial Services,63555.5,0.37,664.44,19.51,5040.55,3.36,27.93,10.1,,not_stage_2,3,668.0,655.7,-2.11,0.02826,"{'price_above_30w_ma': True, '30w_ma_rising': False, 'price_above_10w_ma': True, 'relative_strength_positive': True, 'near_52w_high': False}",leading,leading,102.19,101.95,2.08,0.23,False,False,2026-09-01 ratio=100.12 momentum=101.72; 2026-09-02 ratio=100.42 momentum=101.50; 2026-09-03 ratio=101.73 momentum=101.95; 2026-09-04 ratio=101.48 momentum=101.21; 2026-09-08 ratio=102.19 momentum=101.95,100.7
stock,HDB FINANC SER,HDBFS.NS,Non Banking Financial Company (NBFC),Financial Services,56113.64,0.59,785.2,38.31,4937.9,10.58,20.32,9.09,,not_stage_2,3,683.1,677.51,-0.46,0.0289,"{'price_above_30w_ma': True, '30w_ma_rising': False, 'price_above_10w_ma': False, 'relative_strength_positive': True, 'near_52w_high': True}",improving,lagging,99.91,102.53,0.63,2.67,False,True,2026-09-02 ratio=99.28 momentum=99.86; 2026-09-03 ratio=99.91 momentum=102.03; 2026-09-04 ratio=99.58 momentum=100.32; 2026-09-07 ratio=99.80 momentum=101.92; 2026-09-08 ratio=99.91 momentum=102.53,72.65
stock,Sundaram Finance,SUNDARMFIN.NS,Non Banking Financial Company (NBFC),Financial Services,52627.62,0.85,636.19,33.88,2644.13,12.57,23.11,9.44,,not_stage_2,4,4712.7,4662.46,-1.8,0.19939,"{'price_above_30w_ma': True, '30w_ma_rising': False, 'price_above_10w_ma': True, 'relative_strength_positive': True, 'near_52w_high': True}",leading,weakening,102.87,103.49,2.62,4.96,True,False,2026-09-01 ratio=100.25 momentum=98.53; 2026-09-02 ratio=100.76 momentum=101.74; 2026-09-03 ratio=101.10 momentum=102.42; 2026-09-04 ratio=101.83 momentum=102.66; 2026-09-08 ratio=102.87 momentum=103.49,141.8
stock,M & M Fin. Serv.,M&MFIN.NS,Non Banking Financial Company (NBFC),Financial Services,50588.48,2.06,927.48,75.43,5717.91,14.57,15.09,8.72,,stage_2,5,374.35,335.23,0.26,0.01584,"{'price_above_30w_ma': True, '30w_ma_rising': True, 'price_above_10w_ma': True, 'relative_strength_positive': True, 'near_52w_high': True}",weakening,weakening,100.59,99.25,0.23,2.81,False,False,2026-09-02 ratio=100.36 momentum=96.44; 2026-09-03 ratio=100.60 momentum=98.60; 2026-09-04 ratio=100.47 momentum=98.24; 2026-09-07 ratio=100.46 momentum=98.62; 2026-09-08 ratio=100.59 momentum=99.25,128.47
stock,Dolphin Offshore,DOLPHIN.NS,Offshore Support Solution Drilling,"Oil, Gas & Consumable Fuels",2742.9,0.0,14.81,30.71,42.85,160.64,38.09,14.92,,stage_2,5,687.75,438.33,7.61,0.0291,"{'price_above_30w_ma': True, '30w_ma_rising': True, 'price_above_10w_ma': True, 'relative_strength_positive': True, 'near_52w_high': True}",weakening,weakening,102.13,98.66,0.69,2.87,False,False,2026-09-01 ratio=101.45 momentum=95.79; 2026-09-02 ratio=101.61 momentum=96.42; 2026-09-03 ratio=101.69 momentum=96.91; 2026-09-04 ratio=102.08 momentum=96.87; 2026-09-08 ratio=102.13 momentum=98.66,150.87
stock,Jindal Drilling,JINDRILL.NS,Offshore Support Solution Drilling,"Oil, Gas & Consumable Fuels",1951.23,0.15,47.14,-28.69,275.39,8.38,10.02,13.67,,stage_2,5,678.0,569.45,4.13,0.02869,"{'price_above_30w_ma': True, '30w_ma_rising': True, 'price_above_10w_ma': True, 'relative_strength_positive': True, 'near_52w_high': True}",leading,weakening,102.71,102.16,1.99,6.37,True,False,2026-09-01 ratio=100.73 momentum=95.80; 2026-09-02 ratio=101.72 momentum=100.10; 2026-09-03 ratio=101.91 momentum=101.52; 2026-09-04 ratio=102.20 momentum=100.86; 2026-09-08 ratio=102.71 momentum=102.16,187.61
stock,Alphageo (India),ALPHAGEO.NS,Offshore Support Solution Drilling,"Oil, Gas & Consumable Fuels",206.28,1.54,14.86,1660.49,82.13,101.1,,-7.2,,stage_2,5,323.1,225.77,6.92,0.01367,"{'price_above_30w_ma': True, '30w_ma_rising': True, 'price_above_10w_ma': True, 'relative_strength_positive': True, 'near_52w_high': True}",weakening,weakening,101.44,98.31,0.57,2.69,False,False,2026-09-01 ratio=100.88 momentum=95.62; 2026-09-02 ratio=101.13 momentum=96.00; 2026-09-03 ratio=101.37 momentum=97.49; 2026-09-04 ratio=101.46 momentum=97.41; 2026-09-08 ratio=101.44 momentum=98.31,146.04
stock,Aakash Explor.,AAKASH.NS,Offshore Support Solution Drilling,"Oil, Gas & Consumable Fuels",85.96,0.0,0.52,-3.7,27.89,16.89,24.7,7.63,,not_stage_2,2,8.49,8.8,1.25,0.00036,"{'price_above_30w_ma': False, '30w_ma_rising': True, 'price_above_10w_ma': False, 'relative_strength_positive': False, 'near_52w_high': True}",lagging,lagging,99.04,99.58,-0.14,3.45,False,False,2026-09-01 ratio=99.18 momentum=96.13; 2026-09-02 ratio=99.40 momentum=104.13; 2026-09-03 ratio=100.00 momentum=104.62; 2026-09-04 ratio=99.86 momentum=102.42; 2026-09-08 ratio=99.04 momentum=99.58,42.5
stock,Aban Offshore,ABAN.NS,Offshore Support Solution Drilling,"Oil, Gas & Consumable Fuels",85.56,0.0,1.8,100.73,99.12,-14.34,,,,not_stage_2,0,14.55,18.02,-4.28,0.00062,"{'price_above_30w_ma': False, '30w_ma_rising': False, 'price_above_10w_ma': False, 'relative_strength_positive': False, 'near_52w_high': False}",lagging,lagging,99.39,96.1,0.07,-0.33,False,False,2026-09-01 ratio=99.32 momentum=96.42; 2026-09-02 ratio=99.53 momentum=96.73; 2026-09-03 ratio=99.49 momentum=96.78; 2026-09-04 ratio=99.59 momentum=96.96; 2026-09-08 ratio=99.39 momentum=96.10,0.0
stock,Deep Industries,DEEPINDS.NS,Oil Equipment & Services,"Oil, Gas & Consumable Fuels",5077.62,0.32,89.14,45.12,278.92,39.81,12.24,16.47,,stage_2,5,818.7,506.02,10.69,0.03464,"{'price_above_30w_ma': True, '30w_ma_rising': True, 'price_above_10w_ma': True, 'relative_strength_positive': True, 'near_52w_high': True}",leading,weakening,102.34,101.95,1.2,8.34,True,False,2026-09-01 ratio=101.14 momentum=93.61; 2026-09-02 ratio=101.42 momentum=98.20; 2026-09-03 ratio=101.86 momentum=101.58; 2026-09-04 ratio=102.13 momentum=101.25; 2026-09-08 ratio=102.34 momentum=101.95,197.83
stock,Asian Energy,ASIANENE.NS,Oil Equipment & Services,"Oil, Gas & Consumable Fuels",2598.26,0.23,12.76,115.5,271.19,135.06,40.23,16.51,,stage_2,5,553.55,352.94,10.29,0.02342,"{'price_above_30w_ma': True, '30w_ma_rising': True, 'price_above_10w_ma': True, 'relative_strength_positive': True, 'near_52w_high': True}",leading,weakening,102.58,101.29,0.62,3.83,True,False,2026-09-01 ratio=101.96 momentum=97.46; 2026-09-02 ratio=102.17 momentum=96.79; 2026-09-03 ratio=102.35 momentum=97.09; 2026-09-04 ratio=102.09 momentum=98.43; 2026-09-08 ratio=102.58 momentum=101.29,194.93
stock,Oil Country,OILCOUNTUB.NS,Oil Equipment & Services,"Oil, Gas & Consumable Fuels",317.3,0.0,-15.11,-71.51,17.44,-29.02,,-25.38,,stage_2,5,63.0,54.86,3.48,0.00267,"{'price_above_30w_ma': True, '30w_ma_rising': True, 'price_above_10w_ma': True, 'relative_strength_positive': True, 'near_52w_high': True}",leading,leading,101.65,100.7,-1.95,-1.65,False,False,2026-09-01 ratio=103.60 momentum=102.36; 2026-09-02 ratio=103.37 momentum=102.05; 2026-09-03 ratio=102.67 momentum=101.73; 2026-09-04 ratio=102.10 momentum=101.84; 2026-09-08 ratio=101.65 momentum=100.70,163.71
stock,Teja Engineering,TEJA.NS,Oil Equipment & Services,"Oil, Gas & Consumable Fuels",152.12,0.0,3.32,36.63,43.98,48.03,24.34,33.1,,insufficient_data,0,,,,,{},insufficient_data,insufficient_data,,,,,False,False,,0.0
stock,O N G C,ONGC.NS,Oil Exploration & Production,"Oil, Gas & Consumable Fuels",294154.41,5.66,6554.44,20.84,204987.35,25.68,6.73,14.15,,not_stage_2,2,236.0,261.7,-1.4,0.00999,"{'price_above_30w_ma': False, '30w_ma_rising': False, 'price_above_10w_ma': False, 'relative_strength_positive': True, 'near_52w_high': True}",leading,improving,100.18,102.85,0.2,1.59,True,False,2026-09-02 ratio=99.99 momentum=101.26; 2026-09-03 ratio=99.82 momentum=101.03; 2026-09-04 ratio=99.54 momentum=101.15; 2026-09-07 ratio=99.57 momentum=100.97; 2026-09-08 ratio=100.18 momentum=102.85,85.15
stock,Oil India,OIL.NS,Oil Exploration & Production,"Oil, Gas & Consumable Fuels",81200.57,2.3,4026.83,91.4,12503.32,57.7,9.72,11.51,,stage_2,5,495.4,465.74,0.31,0.02096,"{'price_above_30w_ma': True, '30w_ma_rising': True, 'price_above_10w_ma': True, 'relative_strength_positive': True, 'near_52w_high': True}",leading,leading,102.09,103.18,-0.26,2.4,False,False,2026-09-02 ratio=102.35 momentum=100.78; 2026-09-03 ratio=101.92 momentum=99.53; 2026-09-04 ratio=101.75 momentum=100.20; 2026-09-07 ratio=101.72 momentum=100.01; 2026-09-08 ratio=102.09 momentum=103.18,171.97
stock,Vedanta Oil and Gas,VOGL.NS,Oil Exploration & Production,"Oil, Gas & Consumable Fuels",14190.72,0.0,945.0,2691.59,2507.0,8.48,66.01,,,insufficient_data,0,,,,,{},weakening,weakening,100.05,98.63,-0.07,0.65,False,False,2026-09-07 ratio=100.12 momentum=97.98; 2026-09-08 ratio=100.05 momentum=98.63,0.25
stock,Antelopus Selan,ANTELOPUS.NS,Oil Exploration & Production,"Oil, Gas & Consumable Fuels",4120.13,0.0,54.32,450.71,131.04,158.82,29.39,21.22,,stage_2,5,1099.15,733.9,7.14,0.0465,"{'price_above_30w_ma': True, '30w_ma_rising': True, 'price_above_10w_ma': True, 'relative_strength_positive': True, 'near_52w_high': True}",leading,leading,104.07,102.3,0.43,-0.84,False,False,2026-09-02 ratio=103.64 momentum=103.13; 2026-09-03 ratio=104.18 momentum=102.58; 2026-09-04 ratio=102.69 momentum=101.63; 2026-09-07 ratio=102.96 momentum=101.68; 2026-09-08 ratio=104.07 momentum=102.30,191.13
stock,Prabha Energy,PRABHA.NS,Oil Exploration & Production,"Oil, Gas & Consumable Fuels",3376.48,0.0,0.29,226.09,1.69,49.56,3069.53,-0.09,,stage_2,5,253.55,167.0,6.07,0.01073,"{'price_above_30w_ma': True, '30w_ma_rising': True, 'price_above_10w_ma': True, 'relative_strength_positive': True, 'near_52w_high': True}",leading,weakening,102.68,100.71,0.55,3.59,True,False,2026-09-02 ratio=102.13 momentum=97.12; 2026-09-03 ratio=102.17 momentum=96.27; 2026-09-04 ratio=102.33 momentum=95.61; 2026-09-07 ratio=102.57 momentum=97.12; 2026-09-08 ratio=102.68 momentum=100.71,184.09
stock,Hind.Oil Explor.,HINDOILEXP.NS,Oil Exploration & Production,"Oil, Gas & Consumable Fuels",2593.2,0.0,6.24,-47.91,114.18,45.17,103.23,3.49,,stage_2,5,193.66,156.07,2.12,0.00819,"{'price_above_30w_ma': True, '30w_ma_rising': True, 'price_above_10w_ma': True, 'relative_strength_positive': True, 'near_52w_high': True}",leading,leading,103.78,102.66,1.61,-0.02,False,False,2026-09-02 ratio=102.16 momentum=102.68; 2026-09-03 ratio=104.79 momentum=103.11; 2026-09-04 ratio=103.95 momentum=102.81; 2026-09-07 ratio=103.82 momentum=102.53; 2026-09-08 ratio=103.78 momentum=102.66,181.44
stock,Guj.Nat.Resour.,GNRL.NS,Oil Exploration & Production,"Oil, Gas & Consumable Fuels",1662.17,0.0,11.35,488.08,5.72,70.75,86.08,7.25,,insufficient_data,0,,,,,{},insufficient_data,insufficient_data,,,,,False,False,,0.0
stock,L T Foods,LTFOODS.NS,Other Agricultural Products,Fast Moving Consumer Goods,15711.69,0.66,183.45,8.87,3151.83,27.92,24.54,17.74,,stage_2,5,455.25,404.29,1.79,0.01926,"{'price_above_30w_ma': True, '30w_ma_rising': True, 'price_above_10w_ma': True, 'relative_strength_positive': True, 'near_52w_high': True}",weakening,weakening,102.03,99.01,0.28,0.54,False,False,2026-09-02 ratio=101.75 momentum=98.47; 2026-09-03 ratio=101.69 momentum=98.90; 2026-09-04 ratio=101.67 momentum=99.57; 2026-09-07 ratio=101.81 momentum=94.73; 2026-09-08 ratio=102.03 momentum=99.01,138.73
stock,KRBL,KRBL.NS,Other Agricultural Products,Fast Moving Consumer Goods,9953.36,1.04,260.74,73.16,1495.86,-5.59,13.13,15.16,,stage_2,5,431.05,359.76,2.88,0.01824,"{'price_above_30w_ma': True, '30w_ma_rising': True, 'price_above_10w_ma': True, 'relative_strength_positive': True, 'near_52w_high': True}",weakening,weakening,101.96,96.76,0.16,-3.21,False,False,2026-09-01 ratio=101.81 momentum=99.97; 2026-09-02 ratio=101.82 momentum=99.40; 2026-09-03 ratio=101.79 momentum=100.06; 2026-09-04 ratio=101.60 momentum=99.05; 2026-09-08 ratio=101.96 momentum=96.76,140.56
stock,Guj. Ambuja Exp,GAEL.NS,Other Agricultural Products,Fast Moving Consumer Goods,7629.54,0.18,176.77,171.87,1594.22,23.47,18.21,12.46,,stage_2,5,167.3,155.32,3.01,0.00708,"{'price_above_30w_ma': True, '30w_ma_rising': True, 'price_above_10w_ma': True, 'relative_strength_positive': True, 'near_52w_high': True}",weakening,weakening,100.59,97.45,-0.21,-1.34,False,False,2026-09-02 ratio=100.79 momentum=98.79; 2026-09-03 ratio=100.80 momentum=96.66; 2026-09-04 ratio=100.48 momentum=97.50; 2026-09-07 ratio=100.33 momentum=95.76; 2026-09-08 ratio=100.59 momentum=97.45,133.97
stock,Kaveri Seed Co.,KSCL.NS,Other Agricultural Products,Fast Moving Consumer Goods,3712.38,0.69,279.84,-14.18,742.5,-13.51,14.87,18.79,,not_stage_2,0,728.5,845.41,-1.91,0.03082,"{'price_above_30w_ma': False, '30w_ma_rising': False, 'price_above_10w_ma': False, 'relative_strength_positive': False, 'near_52w_high': False}",lagging,improving,98.75,99.72,-0.22,-1.55,False,False,2026-09-01 ratio=98.97 momentum=101.27; 2026-09-02 ratio=98.68 momentum=99.64; 2026-09-03 ratio=98.85 momentum=100.36; 2026-09-04 ratio=98.85 momentum=101.39; 2026-09-08 ratio=98.75 momentum=99.72,0.0
stock,TruAlt Bioenergy,TRUALT.NS,Other Agricultural Products,Fast Moving Consumer Goods,3618.87,0.0,59.27,1108.25,626.88,106.29,23.14,10.44,,not_stage_2,2,415.7,445.63,1.32,0.01759,"{'price_above_30w_ma': False, '30w_ma_rising': True, 'price_above_10w_ma': False, 'relative_strength_positive': False, 'near_52w_high': True}",lagging,lagging,99.03,99.32,-0.3,3.41,False,False,2026-09-02 ratio=99.32 momentum=95.91; 2026-09-03 ratio=99.27 momentum=94.11; 2026-09-04 ratio=99.22 momentum=97.37; 2026-09-07 ratio=99.30 momentum=98.86; 2026-09-08 ratio=99.03 momentum=99.32,42.64
stock,Sanstar,SANSTAR.NS,Other Agricultural Products,Fast Moving Consumer Goods,2188.11,0.0,9.21,2808.82,206.16,21.51,49.73,5.69,,stage_2,4,109.62,101.96,2.47,0.00464,"{'price_above_30w_ma': True, '30w_ma_rising': True, 'price_above_10w_ma': False, 'relative_strength_positive': True, 'near_52w_high': True}",leading,improving,100.25,103.4,0.48,0.71,True,False,2026-09-02 ratio=99.77 momentum=102.68; 2026-09-03 ratio=99.44 momentum=102.91; 2026-09-04 ratio=100.22 momentum=104.21; 2026-09-07 ratio=100.10 momentum=103.48; 2026-09-08 ratio=100.25 momentum=103.40,158.19
stock,A C J K Exports,AEROPLANE.NS,Other Agricultural Products,Fast Moving Consumer Goods,2063.58,0.0,36.63,127.52,663.73,55.1,16.66,15.7,,insufficient_data,0,,,,,{},leading,weakening,101.87,102.17,1.6,3.45,True,False,2026-09-02 ratio=100.26 momentum=98.71; 2026-09-03 ratio=100.79 momentum=101.01; 2026-09-04 ratio=101.21 momentum=102.49; 2026-09-07 ratio=101.63 momentum=102.55; 2026-09-08 ratio=101.87 momentum=102.17,50.2
stock,GRM Overseas,GRMOVER.NS,Other Agricultural Products,Fast Moving Consumer Goods,1826.97,0.0,21.04,10.21,426.51,30.52,23.9,13.99,,not_stage_2,1,88.17,128.06,-7.4,0.00373,"{'price_above_30w_ma': False, '30w_ma_rising': False, 'price_above_10w_ma': False, 'relative_strength_positive': True, 'near_52w_high': False}",improving,lagging,99.82,100.91,1.4,1.22,False,True,2026-09-01 ratio=98.42 momentum=99.68; 2026-09-02 ratio=98.84 momentum=99.54; 2026-09-03 ratio=98.86 momentum=102.03; 2026-09-04 ratio=99.35 momentum=103.26; 2026-09-08 ratio=99.82 momentum=100.91,24.55
stock,Chamanlal Setia,CLSEL.NS,Other Agricultural Products,Fast Moving Consumer Goods,1517.62,0.98,31.99,47.83,345.92,12.58,12.13,18.32,,stage_2,5,305.65,275.36,1.82,0.01293,"{'price_above_30w_ma': True, '30w_ma_rising': True, 'price_above_10w_ma': True, 'relative_strength_positive': True, 'near_52w_high': True}",weakening,leading,102.13,98.54,0.44,-3.2,False,False,2026-09-01 ratio=101.70 momentum=101.74; 2026-09-02 ratio=101.71 momentum=101.85; 2026-09-03 ratio=102.00 momentum=103.03; 2026-09-04 ratio=101.62 momentum=101.68; 2026-09-08 ratio=102.13 momentum=98.54,139.29
stock,AVT Natural Prod,AVTNPL.NS,Other Agricultural Products,Fast Moving Consumer Goods,1418.86,0.87,31.1,156.6,241.21,82.16,16.94,14.22,,stage_2,5,90.35,70.28,4.42,0.00382,"{'price_above_30w_ma': True, '30w_ma_rising': True, 'price_above_10w_ma': True, 'relative_strength_positive': True, 'near_52w_high': True}",weakening,weakening,101.87,97.47,-0.03,1.52,False,False,2026-09-01 ratio=101.90 momentum=95.96; 2026-09-02 ratio=101.71 momentum=96.35; 2026-09-03 ratio=102.16 momentum=96.73; 2026-09-04 ratio=101.95 momentum=97.04; 2026-09-08 ratio=101.87 momentum=97.47,143.19
stock,AU Small Finance,AUBANK.NS,Other Bank,Financial Services,79569.16,0.09,795.95,37.03,5302.74,21.11,27.86,7.66,,stage_2,5,1073.7,1009.44,1.3,0.04543,"{'price_above_30w_ma': True, '30w_ma_rising': True, 'price_above_10w_ma': True, 'relative_strength_positive': True, 'near_52w_high': True}",weakening,weakening,101.28,97.93,0.32,-1.23,False,False,2026-09-01 ratio=100.96 momentum=99.16; 2026-09-02 ratio=101.09 momentum=99.32; 2026-09-03 ratio=100.94 momentum=98.84; 2026-09-04 ratio=100.64 momentum=97.39; 2026-09-08 ratio=101.28 momentum=97.93,134.0
stock,Ujjivan Small,UJJIVANSFB.NS,Other Bank,Financial Services,12499.82,0.0,316.54,206.67,2024.92,25.08,13.8,7.73,,not_stage_2,3,64.86,60.41,0.93,0.00274,"{'price_above_30w_ma': True, '30w_ma_rising': True, 'price_above_10w_ma': False, 'relative_strength_positive': False, 'near_52w_high': True}",lagging,lagging,99.72,97.8,-0.05,1.48,False,False,2026-09-01 ratio=99.77 momentum=96.32; 2026-09-02 ratio=99.42 momentum=96.47; 2026-09-03 ratio=99.24 momentum=96.69; 2026-09-04 ratio=99.49 momentum=96.98; 2026-09-08 ratio=99.72 momentum=97.80,61.86
stock,Equitas Sma. Fin,EQUITASBNK.NS,Other Bank,Financial Services,8323.27,0.0,183.61,182.06,1960.4,18.89,16.31,6.43,,not_stage_2,3,72.54,69.6,1.03,0.00307,"{'price_above_30w_ma': True, '30w_ma_rising': True, 'price_above_10w_ma': False, 'relative_strength_positive': False, 'near_52w_high': True}",improving,lagging,99.2,100.38,0.27,2.65,False,True,2026-09-01 ratio=98.93 momentum=97.74; 2026-09-02 ratio=99.15 momentum=99.84; 2026-09-03 ratio=99.07 momentum=96.15; 2026-09-04 ratio=99.03 momentum=93.72; 2026-09-08 ratio=99.20 momentum=100.38,63.96
stock,Jana Small Finan,JSFB.NS,Other Bank,Financial Services,5639.86,0.0,155.23,52.29,1514.53,22.08,14.85,7.45,,stage_2,4,539.8,462.52,5.51,0.02284,"{'price_above_30w_ma': True, '30w_ma_rising': True, 'price_above_10w_ma': False, 'relative_strength_positive': True, 'near_52w_high': True}",weakening,weakening,100.53,96.44,0.44,-0.7,False,False,2026-09-02 ratio=100.09 momentum=97.15; 2026-09-03 ratio=100.34 momentum=98.31; 2026-09-04 ratio=100.31 momentum=96.99; 2026-09-07 ratio=100.44 momentum=96.21; 2026-09-08 ratio=100.53 momentum=96.44,118.67
stock,Utkarsh Small F.,UTKARSHBNK.NS,Other Bank,Financial Services,2833.05,0.0,-33.92,85.84,883.56,0.3,,1.46,,stage_2,4,15.69,13.83,1.12,0.00066,"{'price_above_30w_ma': True, '30w_ma_rising': True, 'price_above_10w_ma': True, 'relative_strength_positive': True, 'near_52w_high': False}",leading,leading,103.23,103.5,2.13,1.45,False,False,2026-09-01 ratio=101.09 momentum=102.05; 2026-09-02 ratio=101.00 momentum=102.62; 2026-09-03 ratio=101.35 momentum=104.93; 2026-09-04 ratio=100.49 momentum=101.49; 2026-09-08 ratio=103.23 momentum=103.50,160.89
stock,ESAF Small Fin,ESAFSFB.NS,Other Bank,Financial Services,2122.63,0.0,80.08,198.6,1097.77,32.54,,5.65,,stage_2,5,41.47,31.52,6.31,0.00175,"{'price_above_30w_ma': True, '30w_ma_rising': True, 'price_above_10w_ma': True, 'relative_strength_positive': True, 'near_52w_high': True}",weakening,weakening,101.01,98.17,-0.26,-0.43,False,False,2026-09-02 ratio=101.28 momentum=98.60; 2026-09-03 ratio=101.06 momentum=97.61; 2026-09-04 ratio=100.94 momentum=97.14; 2026-09-07 ratio=101.06 momentum=97.84; 2026-09-08 ratio=101.01 momentum=98.17,142.67
stock,Suryoday Small,SURYODAY.NS,Other Bank,Financial Services,1629.33,0.98,75.18,113.1,622.36,25.69,8.49,7.33,,not_stage_2,2,154.86,155.43,1.84,0.00655,"{'price_above_30w_ma': False, '30w_ma_rising': True, 'price_above_10w_ma': False, 'relative_strength_positive': False, 'near_52w_high': True}",improving,improving,99.33,102.17,0.61,-0.13,False,False,2026-09-01 ratio=98.73 momentum=102.30; 2026-09-02 ratio=98.89 momentum=103.07; 2026-09-03 ratio=99.07 momentum=102.95; 2026-09-04 ratio=98.99 momentum=100.49; 2026-09-08 ratio=99.33 momentum=102.17,54.53
stock,Capital Small,CAPITALSFB.NS,Other Bank,Financial Services,1272.83,1.79,41.3,29.02,288.18,16.63,8.45,7.07,,not_stage_2,3,277.0,273.31,0.97,0.01172,"{'price_above_30w_ma': True, '30w_ma_rising': True, 'price_above_10w_ma': False, 'relative_strength_positive': False, 'near_52w_high': True}",lagging,lagging,98.99,98.64,-0.45,-0.63,False,False,2026-09-02 ratio=99.44 momentum=99.27; 2026-09-03 ratio=99.30 momentum=99.93; 2026-09-04 ratio=99.12 momentum=100.96; 2026-09-07 ratio=98.89 momentum=99.06; 2026-09-08 ratio=98.99 momentum=98.64,61.94
stock,Fino Payments,FINOPB.NS,Other Bank,Financial Services,1144.36,0.0,-13.72,-177.25,72.23,18.43,46.8,4.53,,not_stage_2,0,139.97,146.96,-6.67,0.00592,"{'price_above_30w_ma': False, '30w_ma_rising': False, 'price_above_10w_ma': False, 'relative_strength_positive': False, 'near_52w_high': False}",lagging,lagging,99.27,98.64,0.57,3.21,False,False,2026-09-01 ratio=98.70 momentum=95.43; 2026-09-02 ratio=99.13 momentum=98.18; 2026-09-03 ratio=99.15 momentum=98.89; 2026-09-04 ratio=99.08 momentum=98.74; 2026-09-08 ratio=99.27 momentum=98.64,0.0
stock,Ramco Inds.,RAMCOIND.NS,Other Construction Materials,Construction Materials,2768.56,0.39,86.59,21.91,613.81,15.48,8.8,4.57,,not_stage_2,3,321.5,302.44,0.89,0.0136,"{'price_above_30w_ma': True, '30w_ma_rising': True, 'price_above_10w_ma': False, 'relative_strength_positive': False, 'near_52w_high': True}",lagging,lagging,98.98,98.24,0.1,1.02,False,False,2026-09-01 ratio=98.88 momentum=97.21; 2026-09-02 ratio=98.62 momentum=97.62; 2026-09-03 ratio=98.87 momentum=97.25; 2026-09-04 ratio=98.83 momentum=97.69; 2026-09-08 ratio=98.98 momentum=98.24,61.78
stock,BirlaNu Ltd,BIRLANU.NS,Other Construction Materials,Construction Materials,1065.55,1.07,9.4,812.12,1174.02,11.57,,-4.29,,not_stage_2,3,1433.2,1409.18,-1.93,0.06064,"{'price_above_30w_ma': True, '30w_ma_rising': False, 'price_above_10w_ma': True, 'relative_strength_positive': True, 'near_52w_high': False}",weakening,weakening,100.41,98.14,0.15,1.9,False,False,2026-09-01 ratio=100.26 momentum=96.24; 2026-09-02 ratio=100.19 momentum=96.07; 2026-09-03 ratio=100.22 momentum=96.76; 2026-09-04 ratio=100.42 momentum=97.98; 2026-09-08 ratio=100.41 momentum=98.14,62.05
stock,Arisinfra Solu.,ARIS.NS,Other Construction Materials,Construction Materials,1045.9,0.0,20.04,306.31,290.81,37.12,15.83,15.57,,stage_2,4,127.22,121.46,4.28,0.00538,"{'price_above_30w_ma': True, '30w_ma_rising': True, 'price_above_10w_ma': False, 'relative_strength_positive': True, 'near_52w_high': True}",weakening,weakening,100.3,97.92,-0.06,0.06,False,False,2026-09-02 ratio=100.36 momentum=97.86; 2026-09-03 ratio=100.45 momentum=98.03; 2026-09-04 ratio=100.34 momentum=97.67; 2026-09-07 ratio=100.19 momentum=97.61; 2026-09-08 ratio=100.30 momentum=97.92,115.06
stock,Everest Inds.,EVERESTIND.NS,Other Construction Materials,Construction Materials,664.13,0.24,102.09,1505.52,435.86,-12.95,,-8.5,,not_stage_2,2,426.3,407.11,0.16,0.01804,"{'price_above_30w_ma': True, '30w_ma_rising': True, 'price_above_10w_ma': False, 'relative_strength_positive': False, 'near_52w_high': False}",lagging,lagging,99.0,99.77,0.38,3.83,False,False,2026-09-01 ratio=98.62 momentum=95.94; 2026-09-02 ratio=98.83 momentum=97.63; 2026-09-03 ratio=98.77 momentum=96.42; 2026-09-04 ratio=98.75 momentum=96.19; 2026-09-08 ratio=99.00 momentum=99.77,40.32
stock,Sahyadri Industr,SAHYADRI.NS,Other Construction Materials,Construction Materials,413.8,0.66,26.52,146.24,258.58,20.51,9.17,9.72,,stage_2,5,385.0,284.87,6.0,0.01629,"{'price_above_30w_ma': True, '30w_ma_rising': True, 'price_above_10w_ma': True, 'relative_strength_positive': True, 'near_52w_high': True}",leading,weakening,101.92,101.55,0.74,4.31,True,False,2026-09-01 ratio=101.19 momentum=97.24; 2026-09-02 ratio=101.29 momentum=96.80; 2026-09-03 ratio=101.34 momentum=96.97; 2026-09-04 ratio=102.12 momentum=100.09; 2026-09-08 ratio=101.92 momentum=101.55,184.35
stock,Teamtech Formwork,TEAMTECH.NS,Other Construction Materials,Construction Materials,413.37,0.0,7.33,,31.74,,35.67,41.17,,insufficient_data,0,,,,,{},insufficient_data,insufficient_data,,,,,False,False,,0.0
stock,Vishnusurya Pro.,VISHNUINFR.NS,Other Construction Materials,Construction Materials,392.52,0.66,5.92,116.06,61.87,25.02,9.3,19.92,,not_stage_2,1,155.0,159.12,-2.61,0.00656,"{'price_above_30w_ma': False, '30w_ma_rising': False, 'price_above_10w_ma': False, 'relative_strength_positive': True, 'near_52w_high': False}",leading,improving,100.09,100.25,0.35,-2.56,False,False,2026-09-01 ratio=99.73 momentum=102.81; 2026-09-02 ratio=100.90 momentum=101.92; 2026-09-03 ratio=100.93 momentum=103.76; 2026-09-04 ratio=100.35 momentum=102.59; 2026-09-08 ratio=100.09 momentum=100.25,41.7
stock,MCON Rasayan,MCON.NS,Other Construction Materials,Construction Materials,30.3,0.0,1.8,76.47,36.86,26.32,9.97,11.06,,not_stage_2,0,42.5,45.96,-2.25,0.0018,"{'price_above_30w_ma': False, '30w_ma_rising': False, 'price_above_10w_ma': False, 'relative_strength_positive': False, 'near_52w_high': False}",lagging,weakening,99.81,96.65,-0.23,-1.72,False,False,2026-09-01 ratio=100.04 momentum=98.37; 2026-09-02 ratio=99.51 momentum=97.43; 2026-09-03 ratio=99.58 momentum=97.59; 2026-09-04 ratio=100.25 momentum=98.44; 2026-09-08 ratio=99.81 momentum=96.65,0.0
stock,SIS,SIS.NS,Other Consumer Services,Consumer Services,6033.41,1.64,101.66,9.37,4603.58,29.73,15.02,13.68,,stage_2,4,427.75,378.43,3.47,0.0181,"{'price_above_30w_ma': True, '30w_ma_rising': True, 'price_above_10w_ma': False, 'relative_strength_positive': True, 'near_52w_high': True}",leading,leading,100.97,102.46,0.87,-0.1,False,False,2026-09-01 ratio=100.10 momentum=102.55; 2026-09-02 ratio=100.64 momentum=102.53; 2026-09-03 ratio=101.36 momentum=103.38; 2026-09-04 ratio=100.79 momentum=102.34; 2026-09-08 ratio=100.97 momentum=102.46,149.09
stock,E Factor Experie,EFACTOR.NS,Other Consumer Services,Consumer Services,220.61,0.71,14.61,-26.66,138.84,-9.5,11.21,24.71,,not_stage_2,0,168.0,196.46,-5.43,0.00711,"{'price_above_30w_ma': False, '30w_ma_rising': False, 'price_above_10w_ma': False, 'relative_strength_positive': False, 'near_52w_high': False}",lagging,weakening,99.54,96.76,-0.75,-0.24,False,False,2026-09-01 ratio=100.29 momentum=97.00; 2026-09-02 ratio=100.36 momentum=96.87; 2026-09-03 ratio=99.89 momentum=96.60; 2026-09-04 ratio=99.75 momentum=96.83; 2026-09-08 ratio=99.54 momentum=96.76,0.0
stock,Party Cruisers,PARTYCRUS.NS,Other Consumer Services,Consumer Services,107.91,0.0,10.04,62.85,111.27,32.28,8.59,34.58,,not_stage_2,3,86.0,88.68,-0.2,0.00364,"{'price_above_30w_ma': False, '30w_ma_rising': False, 'price_above_10w_ma': True, 'relative_strength_positive': True, 'near_52w_high': True}",leading,improving,100.84,102.64,0.91,0.76,True,False,2026-09-01 ratio=99.92 momentum=101.88; 2026-09-02 ratio=100.09 momentum=102.65; 2026-09-03 ratio=98.72 momentum=100.87; 2026-09-04 ratio=98.73 momentum=101.22; 2026-09-08 ratio=100.84 momentum=102.64,107.4
stock,Touchwood Enter.,TOUCHWOOD.NS,Other Consumer Services,Consumer Services,67.59,0.0,0.38,-70.77,3.96,-76.57,20.36,13.52,,not_stage_2,0,61.06,69.84,-5.64,0.00258,"{'price_above_30w_ma': False, '30w_ma_rising': False, 'price_above_10w_ma': False, 'relative_strength_positive': False, 'near_52w_high': False}",improving,improving,99.06,101.09,0.95,0.06,False,True,2026-09-01 ratio=98.11 momentum=101.03; 2026-09-02 ratio=97.83 momentum=99.33; 2026-09-03 ratio=98.25 momentum=100.90; 2026-09-04 ratio=99.35 momentum=102.21; 2026-09-08 ratio=99.06 momentum=101.09,5.45
stock,Blue Pebble,BLUEPEBBLE.NS,Other Consumer Services,Consumer Services,32.11,0.64,-0.26,,11.14,,65.52,2.38,,not_stage_2,2,76.6,97.5,-9.44,0.00324,"{'price_above_30w_ma': False, '30w_ma_rising': False, 'price_above_10w_ma': True, 'relative_strength_positive': True, 'near_52w_high': False}",leading,improving,101.79,101.96,2.05,1.3,True,False,2026-09-02 ratio=99.74 momentum=100.66; 2026-09-03 ratio=100.05 momentum=101.09; 2026-09-04 ratio=103.40 momentum=103.21; 2026-09-07 ratio=101.65 momentum=101.92; 2026-09-08 ratio=101.79 momentum=101.96,88.75
stock,Thinking Hats,THESL.NS,Other Consumer Services,Consumer Services,18.23,0.0,0.51,-80.08,15.16,-61.15,14.7,5.96,,insufficient_data,0,,,,,{},insufficient_data,insufficient_data,,,,,False,False,,0.0
stock,HBL Engineering,HBLENGINE.NS,Other Industrial Products,Capital Goods,20231.09,0.41,109.14,-25.07,638.03,6.03,25.24,58.45,,not_stage_2,2,731.25,740.13,-1.04,0.03094,"{'price_above_30w_ma': False, '30w_ma_rising': False, 'price_above_10w_ma': True, 'relative_strength_positive': True, 'near_52w_high': False}",leading,improving,100.71,102.65,1.9,1.05,True,False,2026-09-02 ratio=98.81 momentum=101.59; 2026-09-03 ratio=98.97 momentum=98.13; 2026-09-04 ratio=99.62 momentum=102.00; 2026-09-07 ratio=99.91 momentum=102.42; 2026-09-08 ratio=100.71 momentum=102.65,86.8
stock,Inox India,INOXINDIA.NS,Other Industrial Products,Capital Goods,19852.49,0.09,58.07,-4.99,370.79,9.18,77.2,33.48,,stage_2,5,2215.9,1639.72,8.9,0.09375,"{'price_above_30w_ma': True, '30w_ma_rising': True, 'price_above_10w_ma': True, 'relative_strength_positive': True, 'near_52w_high': True}",leading,leading,102.43,103.44,0.51,2.19,False,False,2026-09-02 ratio=101.92 momentum=101.25; 2026-09-03 ratio=102.61 momentum=101.94; 2026-09-04 ratio=102.98 momentum=102.21; 2026-09-07 ratio=102.66 momentum=101.98; 2026-09-08 ratio=102.43 momentum=103.44,192.15
stock,KRN Heat Exchan,KRN.NS,Other Industrial Products,Capital Goods,10459.78,0.0,32.9,164.9,252.32,118.88,107.9,16.06,,stage_2,5,1660.2,1193.27,11.55,0.07024,"{'price_above_30w_ma': True, '30w_ma_rising': True, 'price_above_10w_ma': True, 'relative_strength_positive': True, 'near_52w_high': True}",weakening,weakening,102.24,99.92,0.5,3.86,False,False,2026-09-02 ratio=101.74 momentum=96.06; 2026-09-03 ratio=101.48 momentum=95.59; 2026-09-04 ratio=101.88 momentum=98.92; 2026-09-07 ratio=102.12 momentum=100.46; 2026-09-08 ratio=102.24 momentum=99.92,159.3
stock,Esab India,ESABINDIA.NS,Other Industrial Products,Capital Goods,9113.94,1.26,56.14,37.13,421.12,19.63,44.03,64.68,,stage_2,5,6067.0,5871.0,1.3,0.25669,"{'price_above_30w_ma': True, '30w_ma_rising': True, 'price_above_10w_ma': True, 'relative_strength_positive': True, 'near_52w_high': True}",weakening,weakening,101.41,95.61,-0.07,-0.79,False,False,2026-09-01 ratio=101.47 momentum=96.39; 2026-09-02 ratio=101.14 momentum=97.97; 2026-09-03 ratio=101.30 momentum=97.74; 2026-09-04 ratio=101.19 momentum=96.43; 2026-09-08 ratio=101.41 momentum=95.61,134.65
stock,Subros,SUBROS.NS,Other Industrial Products,Capital Goods,4750.58,0.41,41.52,1.69,1032.11,17.52,27.64,19.16,,not_stage_2,0,697.85,753.65,-1.22,0.02953,"{'price_above_30w_ma': False, '30w_ma_rising': False, 'price_above_10w_ma': False, 'relative_strength_positive': False, 'near_52w_high': False}",improving,lagging,98.43,102.04,0.13,6.25,False,True,2026-09-01 ratio=98.30 momentum=95.79; 2026-09-02 ratio=98.22 momentum=95.40; 2026-09-03 ratio=98.31 momentum=98.85; 2026-09-04 ratio=98.46 momentum=101.75; 2026-09-08 ratio=98.43 momentum=102.04,10.2
stock,Harsha Engg Intl,HARSHA.NS,Other Industrial Products,Capital Goods,4131.48,0.33,37.38,-1.45,457.43,25.22,26.72,13.0,,stage_2,5,466.8,399.48,2.43,0.01975,"{'price_above_30w_ma': True, '30w_ma_rising': True, 'price_above_10w_ma': True, 'relative_strength_positive': True, 'near_52w_high': True}",leading,leading,102.95,101.53,0.5,0.22,False,False,2026-09-01 ratio=102.45 momentum=101.32; 2026-09-02 ratio=102.30 momentum=100.96; 2026-09-03 ratio=102.23 momentum=101.07; 2026-09-04 ratio=102.24 momentum=101.24; 2026-09-08 ratio=102.95 momentum=101.53,172.26
stock,Ador Welding,ADOR.NS,Other Industrial Products,Capital Goods,2823.46,1.41,27.35,890.46,308.63,23.19,23.58,22.71,,stage_2,5,1626.2,1212.85,7.07,0.0688,"{'price_above_30w_ma': True, '30w_ma_rising': True, 'price_above_10w_ma': True, 'relative_strength_positive': True, 'near_52w_high': True}",weakening,leading,101.36,99.2,-0.69,-1.64,False,False,2026-09-01 ratio=102.05 momentum=100.84; 2026-09-02 ratio=102.22 momentum=100.13; 2026-09-03 ratio=102.01 momentum=99.33; 2026-09-04 ratio=101.63 momentum=99.81; 2026-09-08 ratio=101.36 momentum=99.20,145.94
stock,Diffusion Eng,DIFFNKG.NS,Other Industrial Products,Capital Goods,1649.74,0.34,16.68,36.26,110.11,36.49,29.84,15.78,,stage_2,5,442.5,343.03,7.44,0.01872,"{'price_above_30w_ma': True, '30w_ma_rising': True, 'price_above_10w_ma': True, 'relative_strength_positive': True, 'near_52w_high': True}",leading,leading,101.42,101.3,-1.68,-0.12,False,False,2026-09-02 ratio=103.10 momentum=101.42; 2026-09-03 ratio=102.83 momentum=101.48; 2026-09-04 ratio=102.48 momentum=101.33; 2026-09-07 ratio=101.77 momentum=100.93; 2026-09-08 ratio=101.42 momentum=101.30,173.48
stock,MIC Electronics,MICEL.NS,Other Industrial Products,Capital Goods,1065.35,0.0,2.13,27.54,43.72,276.57,,8.67,,not_stage_2,0,36.32,39.27,-0.67,0.00154,"{'price_above_30w_ma': False, '30w_ma_rising': False, 'price_above_10w_ma': False, 'relative_strength_positive': False, 'near_52w_high': False}",improving,leading,99.77,100.85,-1.08,-0.83,False,False,2026-09-01 ratio=100.85 momentum=101.67; 2026-09-02 ratio=100.62 momentum=101.56; 2026-09-03 ratio=100.24 momentum=101.49; 2026-09-04 ratio=99.75 momentum=100.76; 2026-09-08 ratio=99.77 momentum=100.85,4.25
stock,Vilas Transcore,VILAS.NS,Other Industrial Products,Capital Goods,855.45,0.0,15.18,-26.24,231.91,21.66,21.62,16.12,,not_stage_2,2,353.6,384.85,0.64,0.01496,"{'price_above_30w_ma': False, '30w_ma_rising': True, 'price_above_10w_ma': False, 'relative_strength_positive': True, 'near_52w_high': False}",improving,improving,99.86,100.33,0.68,-0.09,False,False,2026-09-02 ratio=99.19 momentum=100.42; 2026-09-03 ratio=99.71 momentum=102.36; 2026-09-04 ratio=99.56 momentum=103.84; 2026-09-07 ratio=99.88 momentum=103.83; 2026-09-08 ratio=99.86 momentum=100.33,42.93
stock,Maruti Suzuki,MARUTI.NS,Passenger Cars & Utility Vehicles,Automobile and Auto Components,396838.74,1.11,3446.9,-9.11,52469.8,35.91,27.69,18.87,,not_stage_2,0,12641.0,13473.07,-1.95,0.53484,"{'price_above_30w_ma': False, '30w_ma_rising': False, 'price_above_10w_ma': False, 'relative_strength_positive': False, 'near_52w_high': False}",lagging,lagging,97.89,98.09,0.43,1.11,False,False,2026-09-02 ratio=97.45 momentum=96.98; 2026-09-03 ratio=97.66 momentum=96.96; 2026-09-04 ratio=97.37 momentum=98.07; 2026-09-07 ratio=97.88 momentum=98.26; 2026-09-08 ratio=97.89 momentum=98.09,0.0
stock,M & M,M&M.NS,Passenger Cars & Utility Vehicles,Automobile and Auto Components,391711.58,1.05,5997.56,33.8,58187.57,27.8,20.43,15.1,,not_stage_2,1,3160.0,3190.72,-1.04,0.1337,"{'price_above_30w_ma': False, '30w_ma_rising': False, 'price_above_10w_ma': False, 'relative_strength_positive': False, 'near_52w_high': True}",lagging,lagging,99.61,97.02,-0.01,0.39,False,False,2026-09-02 ratio=99.62 momentum=96.64; 2026-09-03 ratio=99.29 momentum=96.84; 2026-09-04 ratio=99.44 momentum=97.39; 2026-09-07 ratio=99.47 momentum=97.33; 2026-09-08 ratio=99.61 momentum=97.02,20.0
stock,Hyundai Motor I,HYUNDAI.NS,Passenger Cars & Utility Vehicles,Automobile and Auto Components,177540.89,0.96,888.62,-35.1,16334.63,-0.48,35.86,38.4,,stage_2,5,2220.0,2002.09,0.14,0.09393,"{'price_above_30w_ma': True, '30w_ma_rising': True, 'price_above_10w_ma': True, 'relative_strength_positive': True, 'near_52w_high': True}",weakening,weakening,101.45,99.63,0.61,1.75,False,False,2026-09-02 ratio=100.84 momentum=97.88; 2026-09-03 ratio=100.81 momentum=97.19; 2026-09-04 ratio=101.21 momentum=98.74; 2026-09-07 ratio=101.30 momentum=99.42; 2026-09-08 ratio=101.45 momentum=99.63,132.53
stock,Tata Motors PVeh,TMPV.NS,Passenger Cars & Utility Vehicles,Automobile and Auto Components,111591.61,0.99,859.0,-69.83,95799.0,9.26,111.99,2.73,,not_stage_2,0,306.45,344.29,-1.8,0.01297,"{'price_above_30w_ma': False, '30w_ma_rising': False, 'price_above_10w_ma': False, 'relative_strength_positive': False, 'near_52w_high': False}",improving,lagging,98.51,101.6,-0.03,2.68,False,False,2026-09-02 ratio=98.55 momentum=98.93; 2026-09-03 ratio=98.58 momentum=99.64; 2026-09-04 ratio=98.55 momentum=100.06; 2026-09-07 ratio=98.37 momentum=100.12; 2026-09-08 ratio=98.51 momentum=101.60,8.0
stock,Force Motors,FORCEMOT.NS,Passenger Cars & Utility Vehicles,Automobile and Auto Components,22892.73,0.29,216.59,22.82,2440.01,6.21,20.81,36.05,,not_stage_2,1,17625.0,19679.53,-2.23,0.74571,"{'price_above_30w_ma': False, '30w_ma_rising': False, 'price_above_10w_ma': False, 'relative_strength_positive': True, 'near_52w_high': False}",leading,lagging,100.04,102.49,0.53,3.74,True,False,2026-09-01 ratio=99.51 momentum=98.76; 2026-09-02 ratio=99.49 momentum=100.38; 2026-09-03 ratio=99.36 momentum=100.36; 2026-09-04 ratio=99.35 momentum=100.93; 2026-09-08 ratio=100.04 momentum=102.49,62.65
stock,Olectra Greentec,OLECTRA.NS,Passenger Cars & Utility Vehicles,Automobile and Auto Components,9898.56,0.05,26.66,-0.31,575.51,65.75,55.79,21.05,,not_stage_2,1,1213.7,1235.46,2.65,0.05135,"{'price_above_30w_ma': False, '30w_ma_rising': True, 'price_above_10w_ma': False, 'relative_strength_positive': False, 'near_52w_high': False}",lagging,lagging,98.38,98.73,0.02,1.72,False,False,2026-09-01 ratio=98.36 momentum=97.01; 2026-09-02 ratio=98.39 momentum=98.03; 2026-09-03 ratio=98.54 momentum=99.50; 2026-09-04 ratio=98.35 momentum=97.87; 2026-09-08 ratio=98.38 momentum=98.73,25.3
stock,Mercury EV-Tech,MERCURYEV.NS,Passenger Cars & Utility Vehicles,Automobile and Auto Components,719.98,0.0,1.65,29.92,33.38,47.9,157.89,2.64,,insufficient_data,0,,,,,{},leading,weakening,101.91,101.19,1.22,3.3,True,False,2026-09-02 ratio=100.69 momentum=97.89; 2026-09-03 ratio=100.72 momentum=96.76; 2026-09-04 ratio=100.71 momentum=96.77; 2026-09-07 ratio=101.21 momentum=97.90; 2026-09-08 ratio=101.91 momentum=101.19,45.5
stock,Supreme Inds.,SUPREMEIND.NS,Plastic Products - Industrial,Capital Goods,45067.94,1.02,280.72,38.76,2717.66,4.16,43.65,20.73,,not_stage_2,3,3553.0,3608.9,-0.14,0.15033,"{'price_above_30w_ma': False, '30w_ma_rising': False, 'price_above_10w_ma': True, 'relative_strength_positive': True, 'near_52w_high': True}",leading,leading,101.41,100.71,0.04,0.53,False,False,2026-09-01 ratio=101.37 momentum=100.18; 2026-09-02 ratio=100.97 momentum=98.07; 2026-09-03 ratio=100.85 momentum=96.96; 2026-09-04 ratio=100.56 momentum=96.53; 2026-09-08 ratio=101.41 momentum=100.71,90.6
stock,Astral,ASTRAL.NS,Plastic Products - Industrial,Capital Goods,39694.59,0.27,120.2,48.21,1578.0,15.93,67.01,19.22,,not_stage_2,4,1500.8,1536.76,0.27,0.0635,"{'price_above_30w_ma': False, '30w_ma_rising': True, 'price_above_10w_ma': True, 'relative_strength_positive': True, 'near_52w_high': True}",leading,leading,101.21,101.75,0.27,0.67,False,False,2026-09-01 ratio=100.94 momentum=101.07; 2026-09-02 ratio=100.81 momentum=95.77; 2026-09-03 ratio=100.98 momentum=100.15; 2026-09-04 ratio=100.91 momentum=99.96; 2026-09-08 ratio=101.21 momentum=101.75,115.34
stock,Garware Hi Tech,GRWRHITECH.NS,Plastic Products - Industrial,Capital Goods,15692.18,0.18,132.65,59.78,633.08,27.9,40.46,18.08,,stage_2,4,6975.5,5592.5,9.09,0.29513,"{'price_above_30w_ma': True, '30w_ma_rising': True, 'price_above_10w_ma': False, 'relative_strength_positive': True, 'near_52w_high': True}",weakening,leading,100.69,97.96,-0.92,-3.93,False,False,2026-09-01 ratio=101.61 momentum=101.89; 2026-09-02 ratio=101.76 momentum=102.14; 2026-09-03 ratio=101.12 momentum=100.77; 2026-09-04 ratio=100.95 momentum=100.28; 2026-09-08 ratio=100.69 momentum=97.96,126.63
stock,Finolex Inds.,FINPIPE.NS,Plastic Products - Industrial,Capital Goods,9714.88,1.28,114.52,16.67,883.58,-15.3,15.79,11.83,,not_stage_2,0,157.86,170.66,-1.41,0.00668,"{'price_above_30w_ma': False, '30w_ma_rising': False, 'price_above_10w_ma': False, 'relative_strength_positive': False, 'near_52w_high': False}",lagging,improving,99.49,99.26,0.92,-0.81,False,False,2026-09-01 ratio=98.57 momentum=100.07; 2026-09-02 ratio=99.10 momentum=101.48; 2026-09-03 ratio=99.33 momentum=102.53; 2026-09-04 ratio=99.27 momentum=101.36; 2026-09-08 ratio=99.49 momentum=99.26,0.0
stock,Time Technoplast,TIMETECHNO.NS,Plastic Products - Industrial,Capital Goods,9143.52,0.81,117.86,22.21,1692.71,25.14,18.67,16.52,,not_stage_2,3,186.54,183.88,0.08,0.00789,"{'price_above_30w_ma': True, '30w_ma_rising': True, 'price_above_10w_ma': False, 'relative_strength_positive': False, 'near_52w_high': True}",improving,lagging,99.69,102.56,-0.01,4.08,False,False,2026-09-02 ratio=99.70 momentum=98.49; 2026-09-03 ratio=99.82 momentum=99.31; 2026-09-04 ratio=99.71 momentum=100.70; 2026-09-07 ratio=99.42 momentum=100.24; 2026-09-08 ratio=99.69 momentum=102.56,72.96
stock,Kingfa Science,KINGFA.NS,Plastic Products - Industrial,Capital Goods,8354.02,0.32,80.21,101.58,688.57,49.06,37.02,23.2,,stage_2,5,6037.0,5019.52,4.79,0.25543,"{'price_above_30w_ma': True, '30w_ma_rising': True, 'price_above_10w_ma': True, 'relative_strength_positive': True, 'near_52w_high': True}",leading,weakening,101.76,101.15,-0.03,6.28,False,False,2026-09-01 ratio=101.78 momentum=94.87; 2026-09-02 ratio=101.54 momentum=97.77; 2026-09-03 ratio=101.39 momentum=97.26; 2026-09-04 ratio=101.42 momentum=98.65; 2026-09-08 ratio=101.76 momentum=101.15,169.13
stock,Prince Pipes,PRINCEPIPE.NS,Plastic Products - Industrial,Capital Goods,3101.29,0.36,33.75,600.21,609.42,5.0,29.77,6.03,,stage_2,5,285.75,263.08,1.8,0.01209,"{'price_above_30w_ma': True, '30w_ma_rising': True, 'price_above_10w_ma': True, 'relative_strength_positive': True, 'near_52w_high': True}",leading,leading,101.48,101.3,-0.11,1.21,False,False,2026-09-01 ratio=101.60 momentum=100.09; 2026-09-02 ratio=101.14 momentum=100.28; 2026-09-03 ratio=101.60 momentum=101.60; 2026-09-04 ratio=100.97 momentum=100.28; 2026-09-08 ratio=101.48 momentum=101.30,162.5
stock,Apollo Pipes,APOLLOPIPE.NS,Plastic Products - Industrial,Capital Goods,2548.32,0.12,-11.12,-205.28,295.43,7.43,,1.23,,stage_2,5,591.2,482.17,9.51,0.02501,"{'price_above_30w_ma': True, '30w_ma_rising': True, 'price_above_10w_ma': True, 'relative_strength_positive': True, 'near_52w_high': True}",weakening,weakening,101.21,95.6,-0.28,-1.52,False,False,2026-09-02 ratio=101.49 momentum=97.12; 2026-09-03 ratio=101.71 momentum=97.03; 2026-09-04 ratio=101.45 momentum=97.59; 2026-09-07 ratio=101.37 momentum=97.71; 2026-09-08 ratio=101.21 momentum=95.60,150.07
stock,Jain Irrigation,JISLJALEQS.NS,Plastic Products - Industrial,Capital Goods,2221.33,0.0,-17.8,-207.18,1508.37,-2.41,,5.3,,not_stage_2,2,31.12,31.62,-2.64,0.00132,"{'price_above_30w_ma': False, '30w_ma_rising': False, 'price_above_10w_ma': True, 'relative_strength_positive': True, 'near_52w_high': False}",leading,improving,100.72,103.32,1.64,1.38,True,False,2026-09-01 ratio=99.08 momentum=101.94; 2026-09-02 ratio=99.23 momentum=101.57; 2026-09-03 ratio=99.25 momentum=101.55; 2026-09-04 ratio=100.41 momentum=103.82; 2026-09-08 ratio=100.72 momentum=103.32,90.2
stock,Jai Corp,JAICORPLTD.NS,Plastic Products - Industrial,Capital Goods,1710.47,0.51,28.2,-72.91,157.58,20.06,18.11,11.75,,not_stage_2,0,98.3,107.87,-1.41,0.00416,"{'price_above_30w_ma': False, '30w_ma_rising': False, 'price_above_10w_ma': False, 'relative_strength_positive': False, 'near_52w_high': False}",improving,improving,99.26,101.28,0.38,0.41,False,True,2026-09-01 ratio=98.88 momentum=100.87; 2026-09-02 ratio=98.93 momentum=102.47; 2026-09-03 ratio=99.18 momentum=102.84; 2026-09-04 ratio=99.25 momentum=101.08; 2026-09-08 ratio=99.26 momentum=101.28,6.4
stock,Knowledge Realty,KRT.NS,Real Estate Investment Trusts (REITs),Realty,50237.21,1.5,250.8,,1243.06,,80.1,5.22,,insufficient_data,0,,,,,{},insufficient_data,insufficient_data,,,,,False,False,,0.0
stock,Embassy Off.REIT,EMBASSY.NS,Real Estate Investment Trusts (REITs),Realty,41666.57,0.05,195.22,25.81,1240.81,17.08,169.86,5.61,,not_stage_2,3,439.87,433.89,-0.0,0.01861,"{'price_above_30w_ma': True, '30w_ma_rising': False, 'price_above_10w_ma': False, 'relative_strength_positive': True, 'near_52w_high': True}",leading,leading,101.4,103.49,1.31,3.25,False,False,2026-09-01 ratio=100.09 momentum=100.24; 2026-09-02 ratio=99.93 momentum=100.82; 2026-09-03 ratio=100.55 momentum=103.10; 2026-09-04 ratio=100.47 momentum=102.59; 2026-09-08 ratio=101.40 momentum=103.49,104.45
stock,Bagmane Prime REIT,BAGMANE.NS,Real Estate Investment Trusts (REITs),Realty,36448.0,1.4,58.51,-77.18,437.01,-29.88,,0.0,,insufficient_data,0,,,,,{},insufficient_data,insufficient_data,,,,,False,False,,0.0
stock,Mindspace Busine,MINDSPACE.NS,Real Estate Investment Trusts (REITs),Realty,32977.88,2.37,271.81,67.1,946.44,27.85,42.31,7.64,,stage_2,5,497.67,474.94,0.06,0.02106,"{'price_above_30w_ma': True, '30w_ma_rising': True, 'price_above_10w_ma': True, 'relative_strength_positive': True, 'near_52w_high': True}",leading,leading,102.43,101.78,1.07,1.31,False,False,2026-09-01 ratio=101.36 momentum=100.47; 2026-09-02 ratio=102.02 momentum=101.25; 2026-09-03 ratio=102.05 momentum=101.49; 2026-09-04 ratio=102.19 momentum=101.94; 2026-09-08 ratio=102.43 momentum=101.78,166.17
stock,Brookfield India,BIRET.NS,Real Estate Investment Trusts (REITs),Realty,28324.63,1.93,221.34,44.36,973.83,51.78,52.8,5.36,,not_stage_2,4,341.89,334.01,-0.36,0.01447,"{'price_above_30w_ma': True, '30w_ma_rising': False, 'price_above_10w_ma': True, 'relative_strength_positive': True, 'near_52w_high': True}",leading,leading,102.6,102.64,1.75,2.64,False,False,2026-09-01 ratio=100.85 momentum=100.00; 2026-09-02 ratio=101.15 momentum=100.65; 2026-09-03 ratio=101.55 momentum=102.07; 2026-09-04 ratio=101.42 momentum=102.16; 2026-09-08 ratio=102.60 momentum=102.64,126.2
stock,Nexus Select,NXST.NS,Real Estate Investment Trusts (REITs),Realty,25345.95,1.46,156.52,30.89,680.53,10.91,57.55,5.83,,stage_2,5,167.46,159.93,0.64,0.00709,"{'price_above_30w_ma': True, '30w_ma_rising': True, 'price_above_10w_ma': True, 'relative_strength_positive': True, 'near_52w_high': True}",leading,weakening,102.36,102.55,1.3,2.69,True,False,2026-09-01 ratio=101.06 momentum=99.86; 2026-09-02 ratio=101.54 momentum=100.40; 2026-09-03 ratio=101.86 momentum=102.21; 2026-09-04 ratio=100.79 momentum=100.60; 2026-09-08 ratio=102.36 momentum=102.55,180.83
stock,Apcotex Industri,APCOTEXIND.NS,Rubber,Capital Goods,3193.93,1.3,78.94,312.0,525.63,39.88,19.84,19.8,,stage_2,5,612.15,487.04,7.59,0.0259,"{'price_above_30w_ma': True, '30w_ma_rising': True, 'price_above_10w_ma': True, 'relative_strength_positive': True, 'near_52w_high': True}",weakening,weakening,100.86,98.74,-0.54,0.4,False,False,2026-09-01 ratio=101.40 momentum=98.34; 2026-09-02 ratio=101.20 momentum=98.79; 2026-09-03 ratio=101.60 momentum=101.96; 2026-09-04 ratio=101.23 momentum=99.51; 2026-09-08 ratio=100.86 momentum=98.74,144.48
stock,Pix Transmission,PIXTRANS.NS,Rubber,Capital Goods,2368.24,0.52,52.75,89.34,149.25,22.8,17.97,21.73,,not_stage_2,3,1722.0,1624.22,3.57,0.07286,"{'price_above_30w_ma': True, '30w_ma_rising': True, 'price_above_10w_ma': False, 'relative_strength_positive': False, 'near_52w_high': True}",lagging,lagging,99.39,98.25,-0.51,2.81,False,False,2026-09-01 ratio=99.89 momentum=95.44; 2026-09-02 ratio=99.75 momentum=97.59; 2026-09-03 ratio=100.16 momentum=99.19; 2026-09-04 ratio=100.03 momentum=99.26; 2026-09-08 ratio=99.39 momentum=98.25,67.14
stock,Tinna Rubber,TINNARUBR.NS,Rubber,Capital Goods,1885.93,0.31,20.57,75.21,156.18,19.89,30.58,22.46,,not_stage_2,3,1019.0,845.91,5.57,0.04311,"{'price_above_30w_ma': True, '30w_ma_rising': True, 'price_above_10w_ma': False, 'relative_strength_positive': False, 'near_52w_high': True}",leading,lagging,100.01,100.4,0.06,2.61,True,False,2026-09-02 ratio=99.95 momentum=97.79; 2026-09-03 ratio=100.20 momentum=99.27; 2026-09-04 ratio=100.03 momentum=99.22; 2026-09-07 ratio=99.83 momentum=98.70; 2026-09-08 ratio=100.01 momentum=100.40,103.19
stock,GRP,GRPLTD.NS,Rubber,Capital Goods,1081.77,0.17,4.2,140.0,156.83,26.73,157.92,6.94,,stage_2,5,2001.4,1893.73,2.0,0.08468,"{'price_above_30w_ma': True, '30w_ma_rising': True, 'price_above_10w_ma': True, 'relative_strength_positive': True, 'near_52w_high': True}",leading,leading,101.36,101.85,-0.01,0.86,False,False,2026-09-01 ratio=101.37 momentum=100.99; 2026-09-02 ratio=101.24 momentum=100.97; 2026-09-03 ratio=100.79 momentum=99.88; 2026-09-04 ratio=101.25 momentum=99.94; 2026-09-08 ratio=101.36 momentum=101.85,165.05
stock,Rubfila Intl.,RUBFILA.NS,Rubber,Capital Goods,366.49,2.95,6.0,0.67,110.17,-10.71,13.91,12.59,,not_stage_2,2,70.18,70.31,-0.46,0.00297,"{'price_above_30w_ma': False, '30w_ma_rising': False, 'price_above_10w_ma': False, 'relative_strength_positive': True, 'near_52w_high': True}",leading,lagging,100.26,103.51,1.72,3.88,True,False,2026-09-02 ratio=98.54 momentum=99.63; 2026-09-03 ratio=98.71 momentum=100.72; 2026-09-04 ratio=100.17 momentum=101.77; 2026-09-07 ratio=100.37 momentum=103.15; 2026-09-08 ratio=100.26 momentum=103.51,88.85
stock,Harri. Malayalam,HARRMALAYA.NS,Rubber,Capital Goods,345.47,0.0,3.93,-34.06,124.92,7.26,12.75,15.28,,not_stage_2,2,189.92,201.2,2.15,0.00804,"{'price_above_30w_ma': False, '30w_ma_rising': True, 'price_above_10w_ma': False, 'relative_strength_positive': False, 'near_52w_high': True}",lagging,improving,98.8,99.22,0.2,-4.31,False,False,2026-09-01 ratio=98.60 momentum=103.53; 2026-09-02 ratio=98.38 momentum=101.35; 2026-09-03 ratio=98.68 momentum=101.31; 2026-09-04 ratio=98.84 momentum=101.00; 2026-09-08 ratio=98.80 momentum=99.22,44.3
stock,Gayatri Rubbers,GRCL.NS,Rubber,Capital Goods,321.91,0.0,2.95,86.71,24.48,33.99,57.59,37.86,,stage_2,5,575.0,495.79,5.43,0.02433,"{'price_above_30w_ma': True, '30w_ma_rising': True, 'price_above_10w_ma': True, 'relative_strength_positive': True, 'near_52w_high': True}",leading,leading,100.47,102.77,0.12,-0.07,False,False,2026-09-01 ratio=100.36 momentum=102.84; 2026-09-02 ratio=100.67 momentum=103.51; 2026-09-03 ratio=100.23 momentum=104.17; 2026-09-04 ratio=100.33 momentum=104.46; 2026-09-08 ratio=100.47 momentum=102.77,172.06
stock,Elgi Rubber Co,ELGIRUBCO.NS,Rubber,Capital Goods,314.73,0.0,40.85,293.38,70.09,-18.1,,-12.92,,stage_2,4,59.12,50.74,5.03,0.0025,"{'price_above_30w_ma': True, '30w_ma_rising': True, 'price_above_10w_ma': False, 'relative_strength_positive': True, 'near_52w_high': True}",weakening,leading,100.67,99.93,-0.21,-1.89,False,False,2026-09-01 ratio=100.88 momentum=101.83; 2026-09-02 ratio=100.98 momentum=103.18; 2026-09-03 ratio=100.55 momentum=99.21; 2026-09-04 ratio=100.40 momentum=97.91; 2026-09-08 ratio=100.67 momentum=99.93,118.41
stock,Sampann Utpadan,SAMPANN.NS,Rubber,Capital Goods,122.61,0.0,2.05,12.02,41.7,27.6,17.52,8.18,,not_stage_2,0,24.35,27.76,-3.23,0.00103,"{'price_above_30w_ma': False, '30w_ma_rising': False, 'price_above_10w_ma': False, 'relative_strength_positive': False, 'near_52w_high': False}",lagging,lagging,98.26,99.4,0.6,2.36,False,False,2026-09-01 ratio=97.66 momentum=97.04; 2026-09-02 ratio=97.72 momentum=98.35; 2026-09-03 ratio=98.12 momentum=99.31; 2026-09-04 ratio=98.68 momentum=100.83; 2026-09-08 ratio=98.26 momentum=99.40,0.0
stock,Lead Reclaim,LRRPL.NS,Rubber,Capital Goods,79.49,0.0,3.1,219.59,17.92,-18.25,19.44,21.28,,stage_2,5,91.85,81.41,3.77,0.00389,"{'price_above_30w_ma': True, '30w_ma_rising': True, 'price_above_10w_ma': True, 'relative_strength_positive': True, 'near_52w_high': True}",leading,improving,101.75,103.71,1.98,1.12,True,False,2026-09-01 ratio=99.77 momentum=102.59; 2026-09-02 ratio=99.77 momentum=102.59; 2026-09-03 ratio=99.99 momentum=100.94; 2026-09-04 ratio=100.31 momentum=102.11; 2026-09-08 ratio=101.75 momentum=103.71,189.84
stock,KIOCL,KIOCL.NS,Sponge Iron,Metals & Mining,22720.72,0.0,-15.48,59.04,158.01,73.75,584.38,1.38,,not_stage_2,3,377.1,374.4,1.17,0.01596,"{'price_above_30w_ma': True, '30w_ma_rising': True, 'price_above_10w_ma': False, 'relative_strength_positive': True, 'near_52w_high': False}",leading,leading,100.62,106.38,0.21,3.18,False,False,2026-09-02 ratio=100.41 momentum=103.20; 2026-09-03 ratio=100.51 momentum=102.02; 2026-09-04 ratio=100.64 momentum=101.68; 2026-09-07 ratio=100.32 momentum=100.21; 2026-09-08 ratio=100.62 momentum=106.38,117.34
stock,S.A.L Steel,SALSTEEL.NS,Sponge Iron,Metals & Mining,1145.26,0.0,3.09,131.95,87.37,-31.57,,1.08,,stage_2,5,79.63,56.81,9.1,0.00337,"{'price_above_30w_ma': True, '30w_ma_rising': True, 'price_above_10w_ma': True, 'relative_strength_positive': True, 'near_52w_high': True}",weakening,weakening,101.74,97.49,-0.7,-1.45,False,False,2026-09-01 ratio=102.45 momentum=98.94; 2026-09-02 ratio=102.27 momentum=96.85; 2026-09-03 ratio=102.13 momentum=97.04; 2026-09-04 ratio=101.93 momentum=96.76; 2026-09-08 ratio=101.74 momentum=97.49,151.9
stock,Vraj Iron,VRAJ.NS,Sponge Iron,Metals & Mining,409.92,0.0,11.51,51.65,193.83,40.14,11.41,10.49,,not_stage_2,2,121.44,122.26,-0.44,0.00514,"{'price_above_30w_ma': False, '30w_ma_rising': False, 'price_above_10w_ma': False, 'relative_strength_positive': True, 'near_52w_high': True}",leading,leading,100.04,101.8,0.01,0.81,False,False,2026-09-02 ratio=100.03 momentum=100.99; 2026-09-03 ratio=100.09 momentum=100.80; 2026-09-04 ratio=99.92 momentum=100.80; 2026-09-07 ratio=100.05 momentum=101.18; 2026-09-08 ratio=100.04 momentum=101.80,69.2
stock,Chaman Metallics,CMNL.NS,Sponge Iron,Metals & Mining,284.07,0.0,-1.62,-78.12,344.75,326.41,,5.37,,stage_2,4,118.0,109.42,0.41,0.00499,"{'price_above_30w_ma': True, '30w_ma_rising': True, 'price_above_10w_ma': True, 'relative_strength_positive': True, 'near_52w_high': False}",leading,leading,101.93,100.03,0.13,-1.3,False,False,2026-09-01 ratio=101.80 momentum=101.33; 2026-09-02 ratio=102.44 momentum=101.99; 2026-09-03 ratio=102.52 momentum=102.69; 2026-09-04 ratio=101.59 momentum=99.59; 2026-09-08 ratio=101.93 momentum=100.03,135.62
stock,Vaswani Industri,VASWANI.NS,Sponge Iron,Metals & Mining,149.67,0.0,1.16,-78.79,117.79,3.07,,8.76,,not_stage_2,0,46.5,54.36,-1.77,0.00197,"{'price_above_30w_ma': False, '30w_ma_rising': False, 'price_above_10w_ma': False, 'relative_strength_positive': False, 'near_52w_high': False}",improving,improving,98.66,102.91,-0.42,1.04,False,False,2026-09-01 ratio=99.08 momentum=101.86; 2026-09-02 ratio=98.76 momentum=100.86; 2026-09-03 ratio=98.38 momentum=101.33; 2026-09-04 ratio=98.60 momentum=101.86; 2026-09-08 ratio=98.66 momentum=102.91,14.55
stock,Shri Hare-Krish.,SHKSIL.NS,Sponge Iron,Metals & Mining,63.33,0.0,1.55,-64.85,27.21,-35.63,10.21,7.76,,insufficient_data,0,,,,,{},insufficient_data,insufficient_data,,,,,False,False,,0.0
stock,DOMS Industries,DOMS.NS,Stationary,Fast Moving Consumer Goods,13298.33,0.17,45.28,-22.33,670.51,19.25,61.17,24.32,,not_stage_2,1,2191.4,2257.68,-1.09,0.09272,"{'price_above_30w_ma': False, '30w_ma_rising': False, 'price_above_10w_ma': False, 'relative_strength_positive': False, 'near_52w_high': True}",improving,improving,99.8,103.21,0.32,1.07,False,True,2026-09-02 ratio=99.48 momentum=102.14; 2026-09-03 ratio=99.62 momentum=102.24; 2026-09-04 ratio=99.61 momentum=102.41; 2026-09-07 ratio=99.69 momentum=102.75; 2026-09-08 ratio=99.80 momentum=103.21,36.05
stock,Navneet Educat.,NAVNETEDUL.NS,Stationary,Fast Moving Consumer Goods,2807.47,2.36,141.0,-16.66,788.0,-0.76,22.44,10.23,,not_stage_2,1,130.16,139.72,-1.61,0.00551,"{'price_above_30w_ma': False, '30w_ma_rising': False, 'price_above_10w_ma': False, 'relative_strength_positive': False, 'near_52w_high': True}",improving,improving,99.26,101.51,-0.09,-0.72,False,False,2026-09-01 ratio=99.35 momentum=102.23; 2026-09-02 ratio=99.47 momentum=102.19; 2026-09-03 ratio=99.28 momentum=101.74; 2026-09-04 ratio=99.18 momentum=101.23; 2026-09-08 ratio=99.26 momentum=101.51,27.55
stock,Flair Writing,FLAIR.NS,Stationary,Fast Moving Consumer Goods,2504.38,0.42,29.08,-0.28,319.25,10.64,17.93,16.83,,not_stage_2,0,236.96,285.01,-2.85,0.01003,"{'price_above_30w_ma': False, '30w_ma_rising': False, 'price_above_10w_ma': False, 'relative_strength_positive': False, 'near_52w_high': False}",lagging,improving,98.29,97.83,-0.99,-3.7,False,False,2026-09-02 ratio=99.28 momentum=101.53; 2026-09-03 ratio=99.51 momentum=101.30; 2026-09-04 ratio=98.83 momentum=99.43; 2026-09-07 ratio=98.51 momentum=97.50; 2026-09-08 ratio=98.29 momentum=97.83,0.0
stock,Kokuyo Camlin,KOKUYOCMLN.NS,Stationary,Fast Moving Consumer Goods,797.75,0.38,7.3,-27.44,229.18,0.79,36.23,10.21,,not_stage_2,0,79.04,84.26,-0.74,0.00334,"{'price_above_30w_ma': False, '30w_ma_rising': False, 'price_above_10w_ma': False, 'relative_strength_positive': False, 'near_52w_high': False}",improving,improving,99.07,103.75,0.8,2.89,False,True,2026-09-02 ratio=98.27 momentum=100.85; 2026-09-03 ratio=98.53 momentum=102.37; 2026-09-04 ratio=99.22 momentum=103.29; 2026-09-07 ratio=99.01 momentum=100.44; 2026-09-08 ratio=99.07 momentum=103.75,18.75
stock,Linc,LINC.NS,Stationary,Fast Moving Consumer Goods,585.26,1.53,5.1,-30.42,135.65,1.01,17.02,19.12,,not_stage_2,2,98.31,101.69,-1.68,0.00416,"{'price_above_30w_ma': False, '30w_ma_rising': False, 'price_above_10w_ma': False, 'relative_strength_positive': True, 'near_52w_high': True}",improving,improving,99.79,103.44,1.03,0.67,False,True,2026-09-01 ratio=98.76 momentum=102.77; 2026-09-02 ratio=99.11 momentum=102.56; 2026-09-03 ratio=98.97 momentum=103.84; 2026-09-04 ratio=99.04 momentum=102.42; 2026-09-08 ratio=99.79 momentum=103.44,57.2
stock,Sundaram Multi.,SUNDARAM.NS,Stationary,Fast Moving Consumer Goods,56.87,0.0,0.32,138.89,49.6,21.99,16.2,3.8,,not_stage_2,1,1.21,1.32,-3.68,5e-05,"{'price_above_30w_ma': False, '30w_ma_rising': False, 'price_above_10w_ma': False, 'relative_strength_positive': True, 'near_52w_high': False}",improving,improving,99.84,100.72,0.32,0.1,False,True,2026-09-01 ratio=99.52 momentum=100.62; 2026-09-02 ratio=99.84 momentum=98.57; 2026-09-03 ratio=99.91 momentum=100.77; 2026-09-04 ratio=99.92 momentum=102.59; 2026-09-08 ratio=99.84 momentum=100.72,23.6
stock,Vasa Retail,VASA.NS,Stationary,Fast Moving Consumer Goods,2.13,0.0,-0.05,28.57,0.0,,,-1.93,,not_stage_2,0,3.7,4.53,-2.69,0.00016,"{'price_above_30w_ma': False, '30w_ma_rising': False, 'price_above_10w_ma': False, 'relative_strength_positive': False, 'near_52w_high': False}",lagging,lagging,96.0,97.88,-0.72,-1.39,False,False,2026-09-01 ratio=96.72 momentum=99.26; 2026-09-02 ratio=97.25 momentum=99.67; 2026-09-03 ratio=97.53 momentum=100.69; 2026-09-04 ratio=97.68 momentum=100.92; 2026-09-08 ratio=96.00 momentum=97.88,0.0
stock,Indus Towers,INDUSTOWER.NS,Telecom - Infrastructure,Telecommunic ation,98733.71,3.75,1745.8,0.52,8431.1,4.64,13.8,19.48,,not_stage_2,1,373.05,412.4,-2.07,0.01578,"{'price_above_30w_ma': False, '30w_ma_rising': False, 'price_above_10w_ma': False, 'relative_strength_positive': False, 'near_52w_high': True}",improving,improving,99.62,100.23,-0.03,-1.75,False,False,2026-09-02 ratio=99.65 momentum=101.98; 2026-09-03 ratio=99.39 momentum=102.58; 2026-09-04 ratio=99.54 momentum=102.04; 2026-09-07 ratio=99.69 momentum=103.13; 2026-09-08 ratio=99.62 momentum=100.23,21.15
stock,HFCL,HFCL.NS,Telecom - Infrastructure,Telecommunic ation,37657.18,0.08,245.64,809.06,1914.98,119.85,65.77,10.86,,stage_2,5,250.76,157.35,17.16,0.01061,"{'price_above_30w_ma': True, '30w_ma_rising': True, 'price_above_10w_ma': True, 'relative_strength_positive': True, 'near_52w_high': True}",leading,weakening,102.27,100.38,1.46,1.4,True,False,2026-09-02 ratio=100.82 momentum=98.97; 2026-09-03 ratio=100.43 momentum=99.02; 2026-09-04 ratio=101.12 momentum=99.60; 2026-09-07 ratio=101.86 momentum=99.53; 2026-09-08 ratio=102.27 momentum=100.38,202.57
stock,Pace Digitek,PACEDIGITK.NS,Telecom - Infrastructure,Telecommunic ation,3467.43,0.0,62.5,13.24,555.36,51.29,11.54,21.4,,not_stage_2,0,160.31,180.49,-0.42,0.00678,"{'price_above_30w_ma': False, '30w_ma_rising': False, 'price_above_10w_ma': False, 'relative_strength_positive': False, 'near_52w_high': False}",lagging,lagging,98.3,97.86,0.17,-1.47,False,False,2026-09-02 ratio=98.13 momentum=99.33; 2026-09-03 ratio=98.32 momentum=100.10; 2026-09-04 ratio=98.48 momentum=99.11; 2026-09-07 ratio=98.20 momentum=97.99; 2026-09-08 ratio=98.30 momentum=97.86,0.0
stock,GTL Infra.,GTLINFRA.NS,Telecom - Infrastructure,Telecommunic ation,1485.89,0.0,69.39,129.86,327.31,-2.16,,,,not_stage_2,1,1.18,1.25,0.89,5e-05,"{'price_above_30w_ma': False, '30w_ma_rising': True, 'price_above_10w_ma': False, 'relative_strength_positive': False, 'near_52w_high': False}",improving,lagging,99.36,100.64,0.82,3.05,False,True,2026-09-01 ratio=98.54 momentum=97.58; 2026-09-02 ratio=98.76 momentum=98.49; 2026-09-03 ratio=98.78 momentum=98.79; 2026-09-04 ratio=98.78 momentum=97.81; 2026-09-08 ratio=99.36 momentum=100.64,24.98
stock,Suyog Telematics,SUYOG.NS,Telecom - Infrastructure,Telecommunic ation,811.24,0.15,13.93,-18.11,65.27,2.16,13.7,14.42,,not_stage_2,2,713.65,769.05,2.68,0.03019,"{'price_above_30w_ma': False, '30w_ma_rising': True, 'price_above_10w_ma': False, 'relative_strength_positive': False, 'near_52w_high': True}",improving,lagging,98.32,104.73,0.14,5.97,False,True,2026-09-02 ratio=98.17 momentum=98.76; 2026-09-03 ratio=98.39 momentum=102.26; 2026-09-04 ratio=98.33 momentum=101.69; 2026-09-07 ratio=98.24 momentum=102.01; 2026-09-08 ratio=98.32 momentum=104.73,69.01
stock,Sar Televenture,SARTELE.NS,Telecom - Infrastructure,Telecommunic ation,428.76,0.0,36.23,25.49,280.35,35.3,5.97,8.84,,not_stage_2,0,87.2,142.55,-9.94,0.00369,"{'price_above_30w_ma': False, '30w_ma_rising': False, 'price_above_10w_ma': False, 'relative_strength_positive': False, 'near_52w_high': False}",lagging,lagging,98.33,98.82,0.17,0.75,False,False,2026-09-02 ratio=98.16 momentum=98.07; 2026-09-03 ratio=98.35 momentum=99.28; 2026-09-04 ratio=98.29 momentum=96.64; 2026-09-07 ratio=98.42 momentum=99.55; 2026-09-08 ratio=98.33 momentum=98.82,0.0
stock,Rama Telecom,RTL.NS,Telecom - Infrastructure,Telecommunic ation,110.61,0.0,0.48,-86.7,27.75,18.69,38.01,11.89,,insufficient_data,0,,,,,{},insufficient_data,insufficient_data,,,,,False,False,,0.0
stock,Kore Digital,KDL.NS,Telecom - Infrastructure,Telecommunic ation,105.99,0.0,11.91,-51.61,150.42,-36.24,2.89,38.1,,not_stage_2,0,90.75,122.29,-6.15,0.00384,"{'price_above_30w_ma': False, '30w_ma_rising': False, 'price_above_10w_ma': False, 'relative_strength_positive': False, 'near_52w_high': False}",improving,improving,98.95,100.06,0.32,-1.41,False,False,2026-09-01 ratio=98.63 momentum=101.47; 2026-09-02 ratio=98.57 momentum=101.05; 2026-09-03 ratio=98.77 momentum=101.47; 2026-09-04 ratio=98.97 momentum=102.07; 2026-09-08 ratio=98.95 momentum=100.06,0.3
