level,name,symbol,parent,sector,market_cap_cr,dividend_yield_pct,np_qtr_cr,qtr_profit_var_pct,sales_qtr_cr,qtr_sales_var_pct,pe,roce,error,stage,stage2_score,close,weekly_ma,weekly_ma_slope_4w_pct,rs_vs_benchmark,checks,rrg_quadrant,rrg_quadrant_5d_ago,rs_ratio,rs_momentum,rs_ratio_5d_delta,rs_momentum_5d_delta,moving_to_leading,improving_toward_leading,rrg_tail,stock_score
stock,Bajaj Auto,BAJAJ-AUTO.NS,2/3 Wheelers,Automobile and Auto Components,310089.21,1.33,3188.75,45.93,21688.83,65.14,26.31,28.24,,stage_2,4,11208.0,10439.9,2.34,0.48597,"{'price_above_30w_ma': True, '30w_ma_rising': True, 'price_above_10w_ma': False, 'relative_strength_positive': True, 'near_52w_high': True}",weakening,weakening,100.27,96.79,-0.27,0.11,False,False,2026-09-18 ratio=100.54 momentum=96.68; 2026-09-21 ratio=100.53 momentum=97.32; 2026-09-22 ratio=100.40 momentum=97.63; 2026-09-23 ratio=100.32 momentum=96.94; 2026-09-24 ratio=100.27 momentum=96.79,111.03
stock,Eicher Motors,EICHERMOT.NS,2/3 Wheelers,Automobile and Auto Components,201613.9,1.11,1462.51,21.35,6632.42,31.55,34.66,30.53,,not_stage_2,1,7338.5,7384.42,-0.53,0.31819,"{'price_above_30w_ma': False, '30w_ma_rising': False, 'price_above_10w_ma': False, 'relative_strength_positive': False, 'near_52w_high': True}",lagging,lagging,98.91,96.0,-0.89,-2.9,False,False,2026-09-18 ratio=99.80 momentum=98.90; 2026-09-21 ratio=99.61 momentum=99.16; 2026-09-22 ratio=99.17 momentum=97.87; 2026-09-23 ratio=99.08 momentum=96.96; 2026-09-24 ratio=98.91 momentum=96.00,20.0
stock,TVS Motor Co.,TVSMOTOR.NS,2/3 Wheelers,Automobile and Auto Components,197507.97,0.29,1057.61,67.11,16295.52,33.46,57.09,17.37,,stage_2,4,4091.0,3754.1,1.09,0.17738,"{'price_above_30w_ma': True, '30w_ma_rising': True, 'price_above_10w_ma': False, 'relative_strength_positive': True, 'near_52w_high': True}",weakening,weakening,100.37,97.34,-0.25,-2.25,False,False,2026-09-18 ratio=100.62 momentum=99.59; 2026-09-21 ratio=100.47 momentum=100.50; 2026-09-22 ratio=100.44 momentum=99.94; 2026-09-23 ratio=100.29 momentum=98.29; 2026-09-24 ratio=100.37 momentum=97.34,109.03
stock,Hero Motocorp,HEROMOTOCO.NS,2/3 Wheelers,Automobile and Auto Components,107580.39,3.45,1417.93,-17.18,13126.35,34.94,19.43,35.22,,not_stage_2,3,5296.0,5196.39,-0.9,0.22963,"{'price_above_30w_ma': True, '30w_ma_rising': False, 'price_above_10w_ma': False, 'relative_strength_positive': True, 'near_52w_high': True}",leading,leading,100.41,101.47,0.15,1.28,False,False,2026-09-18 ratio=100.26 momentum=100.19; 2026-09-21 ratio=100.67 momentum=102.84; 2026-09-22 ratio=100.54 momentum=102.23; 2026-09-23 ratio=100.48 momentum=100.45; 2026-09-24 ratio=100.41 momentum=101.47,89.4
stock,Ather Energy,ATHERENERG.NS,2/3 Wheelers,Automobile and Auto Components,59355.74,0.0,-50.87,71.46,1216.92,88.79,,-19.77,,stage_2,5,1499.0,1118.01,11.82,0.065,"{'price_above_30w_ma': True, '30w_ma_rising': True, 'price_above_10w_ma': True, 'relative_strength_positive': True, 'near_52w_high': True}",weakening,weakening,100.57,98.04,-0.88,-0.51,False,False,2026-09-18 ratio=101.46 momentum=98.56; 2026-09-21 ratio=101.10 momentum=98.70; 2026-09-22 ratio=100.80 momentum=97.60; 2026-09-23 ratio=100.44 momentum=97.60; 2026-09-24 ratio=100.57 momentum=98.04,151.49
stock,Ola Electric,OLAELEC.NS,2/3 Wheelers,Automobile and Auto Components,17805.93,0.0,-336.0,21.5,455.0,-45.05,,-19.87,,stage_2,4,42.52,37.18,3.84,0.00184,"{'price_above_30w_ma': True, '30w_ma_rising': True, 'price_above_10w_ma': True, 'relative_strength_positive': True, 'near_52w_high': False}",leading,lagging,103.79,102.77,4.71,3.07,True,False,2026-09-18 ratio=99.07 momentum=99.70; 2026-09-21 ratio=99.54 momentum=99.91; 2026-09-22 ratio=100.38 momentum=101.42; 2026-09-23 ratio=103.37 momentum=103.31; 2026-09-24 ratio=103.79 momentum=102.77,175.48
stock,Ebix,EBIX.NS,2/3 Wheelers,Automobile and Auto Components,376.27,0.0,82.0,92.94,573.24,-5.08,,5.95,,insufficient_data,0,,,,,{},insufficient_data,insufficient_data,,,,,False,False,,0.0
stock,Wardwizard Inno.,WARDINMOBI.NS,2/3 Wheelers,Automobile and Auto Components,167.56,1.8,0.19,-83.04,61.64,91.01,164.27,7.04,,insufficient_data,0,,,,,{},insufficient_data,insufficient_data,,,,,False,False,,0.0
stock,Tunwal E-Motors,TUNWAL.NS,2/3 Wheelers,Automobile and Auto Components,146.83,0.39,4.23,-34.72,132.45,27.15,11.53,13.28,,not_stage_2,1,25.45,28.69,-1.85,0.0011,"{'price_above_30w_ma': False, '30w_ma_rising': False, 'price_above_10w_ma': False, 'relative_strength_positive': True, 'near_52w_high': False}",leading,leading,101.29,101.54,0.15,-0.86,False,False,2026-09-18 ratio=101.14 momentum=102.40; 2026-09-21 ratio=100.19 momentum=101.72; 2026-09-22 ratio=100.16 momentum=101.95; 2026-09-23 ratio=100.85 momentum=101.48; 2026-09-24 ratio=101.29 momentum=101.54,54.15
stock,Delta Auto.,DELTIC.NS,2/3 Wheelers,Automobile and Auto Components,53.05,0.0,3.1,-47.28,37.54,-28.28,8.09,11.81,,insufficient_data,0,,,,,{},insufficient_data,insufficient_data,,,,,False,False,,0.0
stock,Carborundum Uni.,CARBORUNIV.NS,Abrasives & Bearings,Capital Goods,24383.38,0.31,80.34,23.44,1426.63,17.03,97.23,10.52,,stage_2,5,1296.5,1030.88,4.61,0.05622,"{'price_above_30w_ma': True, '30w_ma_rising': True, 'price_above_10w_ma': True, 'relative_strength_positive': True, 'near_52w_high': True}",leading,leading,104.01,101.86,2.01,-1.66,False,False,2026-09-18 ratio=101.99 momentum=103.52; 2026-09-21 ratio=103.17 momentum=102.11; 2026-09-22 ratio=103.57 momentum=102.34; 2026-09-23 ratio=103.87 momentum=102.17; 2026-09-24 ratio=104.01 momentum=101.86,183.57
stock,Timken India,TIMKEN.NS,Abrasives & Bearings,Capital Goods,24130.7,0.08,115.13,10.47,929.09,14.87,58.96,18.26,,not_stage_2,3,3256.9,3378.88,-0.12,0.14122,"{'price_above_30w_ma': False, '30w_ma_rising': False, 'price_above_10w_ma': True, 'relative_strength_positive': True, 'near_52w_high': True}",leading,leading,102.29,101.54,1.75,0.75,False,False,2026-09-18 ratio=100.53 momentum=100.79; 2026-09-21 ratio=100.56 momentum=100.88; 2026-09-22 ratio=101.19 momentum=101.75; 2026-09-23 ratio=102.19 momentum=103.01; 2026-09-24 ratio=102.29 momentum=101.54,99.15
stock,Grindwell Norton,GRINDWELL.NS,Abrasives & Bearings,Capital Goods,21809.26,0.96,115.31,22.3,803.3,14.19,49.99,21.18,,stage_2,4,1981.0,1851.44,2.05,0.08589,"{'price_above_30w_ma': True, '30w_ma_rising': True, 'price_above_10w_ma': False, 'relative_strength_positive': True, 'near_52w_high': True}",leading,improving,100.4,102.62,1.5,2.43,True,False,2026-09-18 ratio=98.90 momentum=100.19; 2026-09-21 ratio=99.80 momentum=102.47; 2026-09-22 ratio=99.57 momentum=102.08; 2026-09-23 ratio=99.91 momentum=102.17; 2026-09-24 ratio=100.40 momentum=102.62,154.2
stock,SKF India Indus.,SKFINDUS.NS,Abrasives & Bearings,Capital Goods,14417.42,0.69,61.92,-13.84,970.77,18.3,37.5,29.89,,stage_2,5,2939.7,2523.24,2.46,0.12746,"{'price_above_30w_ma': True, '30w_ma_rising': True, 'price_above_10w_ma': True, 'relative_strength_positive': True, 'near_52w_high': True}",weakening,weakening,101.57,98.82,-0.23,1.81,False,False,2026-09-18 ratio=101.80 momentum=97.01; 2026-09-21 ratio=101.00 momentum=96.98; 2026-09-22 ratio=100.44 momentum=96.13; 2026-09-23 ratio=100.95 momentum=98.17; 2026-09-24 ratio=101.57 momentum=98.82,137.77
stock,SKF India,SKFINDIA.NS,Abrasives & Bearings,Capital Goods,7616.9,2.6,61.84,32.31,587.79,27.09,51.29,13.33,,not_stage_2,2,1542.0,1597.54,-1.49,0.06686,"{'price_above_30w_ma': False, '30w_ma_rising': False, 'price_above_10w_ma': True, 'relative_strength_positive': True, 'near_52w_high': False}",leading,leading,101.37,101.97,0.11,-1.33,False,False,2026-09-18 ratio=101.26 momentum=103.30; 2026-09-21 ratio=100.76 momentum=101.39; 2026-09-22 ratio=100.36 momentum=99.95; 2026-09-23 ratio=100.47 momentum=100.21; 2026-09-24 ratio=101.37 momentum=101.97,76.7
stock,Wendt India,WENDT.NS,Abrasives & Bearings,Capital Goods,1725.44,0.35,6.18,63.49,71.28,36.63,101.8,7.82,,stage_2,5,8525.5,7508.02,3.01,0.36966,"{'price_above_30w_ma': True, '30w_ma_rising': True, 'price_above_10w_ma': True, 'relative_strength_positive': True, 'near_52w_high': True}",weakening,leading,101.55,99.52,-0.71,-1.23,False,False,2026-09-18 ratio=102.25 momentum=100.75; 2026-09-21 ratio=101.77 momentum=101.42; 2026-09-22 ratio=101.72 momentum=99.52; 2026-09-23 ratio=101.65 momentum=98.63; 2026-09-24 ratio=101.55 momentum=99.52,138.77
stock,SKP Bearing,SKP.NS,Abrasives & Bearings,Capital Goods,264.36,0.7,0.04,-89.47,22.11,-0.05,448.06,11.38,,not_stage_2,3,167.5,157.04,-0.32,0.00726,"{'price_above_30w_ma': True, '30w_ma_rising': False, 'price_above_10w_ma': True, 'relative_strength_positive': True, 'near_52w_high': False}",weakening,leading,101.99,98.76,0.92,-3.62,False,False,2026-09-18 ratio=101.07 momentum=102.38; 2026-09-21 ratio=101.23 momentum=102.15; 2026-09-22 ratio=100.88 momentum=98.52; 2026-09-23 ratio=101.24 momentum=98.22; 2026-09-24 ratio=101.99 momentum=98.76,69.95
stock,NRB Indl Bearing,NIBL.NS,Abrasives & Bearings,Capital Goods,79.4,0.0,-6.59,-29.47,18.9,1.89,,-18.17,,stage_2,4,32.61,31.28,0.56,0.00141,"{'price_above_30w_ma': True, '30w_ma_rising': True, 'price_above_10w_ma': False, 'relative_strength_positive': True, 'near_52w_high': True}",leading,improving,100.54,101.93,1.0,1.33,True,False,2026-09-18 ratio=99.54 momentum=100.60; 2026-09-21 ratio=99.29 momentum=100.03; 2026-09-22 ratio=100.61 momentum=102.62; 2026-09-23 ratio=100.74 momentum=102.74; 2026-09-24 ratio=100.54 momentum=101.93,148.47
stock,Signpost India,SIGNPOST.NS,Advertising & Media Agencies,"Media, Entertainment & Publication",1450.9,0.18,18.69,22.32,152.26,10.61,19.76,25.13,,stage_2,5,272.8,267.61,1.53,0.01183,"{'price_above_30w_ma': True, '30w_ma_rising': True, 'price_above_10w_ma': True, 'relative_strength_positive': True, 'near_52w_high': True}",leading,leading,100.42,102.44,0.4,-1.07,False,False,2026-09-18 ratio=100.03 momentum=103.51; 2026-09-21 ratio=99.92 momentum=107.14; 2026-09-22 ratio=99.91 momentum=101.70; 2026-09-23 ratio=100.21 momentum=104.11; 2026-09-24 ratio=100.42 momentum=102.44,162.36
stock,R K Swamy,RKSWAMY.NS,Advertising & Media Agencies,"Media, Entertainment & Publication",448.69,2.21,3.47,20.91,83.62,7.8,18.35,12.26,,not_stage_2,0,91.72,94.52,-1.84,0.00398,"{'price_above_30w_ma': False, '30w_ma_rising': False, 'price_above_10w_ma': False, 'relative_strength_positive': False, 'near_52w_high': False}",improving,improving,99.69,101.15,0.99,0.13,False,True,2026-09-18 ratio=98.70 momentum=101.02; 2026-09-21 ratio=98.56 momentum=98.76; 2026-09-22 ratio=98.48 momentum=98.56; 2026-09-23 ratio=99.48 momentum=100.59; 2026-09-24 ratio=99.69 momentum=101.15,5.75
stock,Simca Advertis.,SIMCA.NS,Advertising & Media Agencies,"Media, Entertainment & Publication",337.42,0.0,9.04,1164.71,78.51,107.37,20.19,109.69,,insufficient_data,0,,,,,{},insufficient_data,insufficient_data,,,,,False,False,,0.0
stock,Vertoz,VERTOZ.NS,Advertising & Media Agencies,"Media, Entertainment & Publication",309.3,0.28,7.36,5.02,81.64,15.82,11.72,14.16,,not_stage_2,1,36.73,40.42,-4.08,0.00159,"{'price_above_30w_ma': False, '30w_ma_rising': False, 'price_above_10w_ma': False, 'relative_strength_positive': True, 'near_52w_high': False}",weakening,weakening,100.75,98.76,0.1,-0.12,False,False,2026-09-18 ratio=100.64 momentum=98.88; 2026-09-21 ratio=100.53 momentum=99.95; 2026-09-22 ratio=100.58 momentum=100.63; 2026-09-23 ratio=100.47 momentum=98.19; 2026-09-24 ratio=100.75 momentum=98.76,23.75
stock,Yaap Digital,YAAP.NS,Advertising & Media Agencies,"Media, Entertainment & Publication",257.9,0.0,19.0,84.08,135.66,28.14,16.31,28.46,,insufficient_data,0,,,,,{},insufficient_data,insufficient_data,,,,,False,False,,0.0
stock,Cash UR Drive,CUDML.NS,Advertising & Media Agencies,"Media, Entertainment & Publication",178.49,0.0,18.52,94.54,108.79,43.71,6.94,37.56,,insufficient_data,0,,,,,{},insufficient_data,insufficient_data,,,,,False,False,,0.0
stock,Pramara Promotio,PRAMARA.NS,Advertising & Media Agencies,"Media, Entertainment & Publication",143.06,0.0,3.91,5.96,59.27,6.49,14.25,14.95,,not_stage_2,0,97.75,206.7,-14.52,0.00424,"{'price_above_30w_ma': False, '30w_ma_rising': False, 'price_above_10w_ma': False, 'relative_strength_positive': False, 'near_52w_high': False}",improving,lagging,99.3,102.06,1.27,2.73,False,True,2026-09-18 ratio=98.02 momentum=99.34; 2026-09-21 ratio=98.13 momentum=99.74; 2026-09-22 ratio=98.50 momentum=100.94; 2026-09-23 ratio=98.82 momentum=101.45; 2026-09-24 ratio=99.30 momentum=102.06,10.3
stock,Digicontent,DGCONTENT.NS,Advertising & Media Agencies,"Media, Entertainment & Publication",134.92,0.0,-1.93,17.17,123.3,11.63,7.92,23.95,,not_stage_2,1,23.77,26.13,-1.25,0.00103,"{'price_above_30w_ma': False, '30w_ma_rising': False, 'price_above_10w_ma': False, 'relative_strength_positive': True, 'near_52w_high': False}",weakening,leading,100.22,98.76,-0.46,-4.77,False,False,2026-09-18 ratio=100.69 momentum=103.53; 2026-09-21 ratio=100.00 momentum=99.65; 2026-09-22 ratio=99.95 momentum=99.95; 2026-09-23 ratio=101.30 momentum=102.41; 2026-09-24 ratio=100.22 momentum=98.76,21.1
stock,Value 360 Commu.,VALUE360.NS,Advertising & Media Agencies,"Media, Entertainment & Publication",96.46,0.0,4.99,131.34,35.84,16.97,9.72,38.64,,insufficient_data,0,,,,,{},insufficient_data,insufficient_data,,,,,False,False,,0.0
stock,Crayons Advertis,CRAYONS.NS,Advertising & Media Agencies,"Media, Entertainment & Publication",59.85,0.0,0.68,-94.03,171.88,26.88,17.48,5.53,,not_stage_2,0,24.5,30.01,-6.33,0.00106,"{'price_above_30w_ma': False, '30w_ma_rising': False, 'price_above_10w_ma': False, 'relative_strength_positive': False, 'near_52w_high': False}",improving,lagging,99.77,100.49,1.24,2.38,False,True,2026-09-18 ratio=98.53 momentum=98.11; 2026-09-21 ratio=98.67 momentum=99.78; 2026-09-22 ratio=99.44 momentum=102.40; 2026-09-23 ratio=99.36 momentum=101.86; 2026-09-24 ratio=99.77 momentum=100.49,2.45
stock,Hind.Aeronautics,HAL.NS,Aerospace & Defense,Capital Goods,320790.26,0.94,1589.66,14.88,5515.17,14.45,34.41,31.97,,stage_2,4,4774.2,4430.88,2.29,0.20701,"{'price_above_30w_ma': True, '30w_ma_rising': True, 'price_above_10w_ma': False, 'relative_strength_positive': True, 'near_52w_high': True}",weakening,leading,100.9,96.53,0.04,-3.8,False,False,2026-09-18 ratio=100.86 momentum=100.33; 2026-09-21 ratio=100.88 momentum=99.63; 2026-09-22 ratio=100.81 momentum=99.36; 2026-09-23 ratio=100.84 momentum=97.26; 2026-09-24 ratio=100.90 momentum=96.53,114.08
stock,Bharat Electron,BEL.NS,Aerospace & Defense,Capital Goods,286944.34,0.64,1054.53,8.7,5546.98,24.94,46.68,36.44,,not_stage_2,2,392.0,418.29,-1.23,0.017,"{'price_above_30w_ma': False, '30w_ma_rising': False, 'price_above_10w_ma': False, 'relative_strength_positive': True, 'near_52w_high': True}",weakening,weakening,100.52,98.67,0.38,-0.43,False,False,2026-09-18 ratio=100.14 momentum=99.10; 2026-09-21 ratio=100.56 momentum=100.37; 2026-09-22 ratio=100.65 momentum=100.38; 2026-09-23 ratio=100.26 momentum=98.18; 2026-09-24 ratio=100.52 momentum=98.67,42.6
stock,Bharat Dynamics,BDL.NS,Aerospace & Defense,Capital Goods,41788.13,0.43,118.79,547.36,572.24,130.81,80.24,13.86,,not_stage_2,0,1155.0,1293.66,-0.74,0.05008,"{'price_above_30w_ma': False, '30w_ma_rising': False, 'price_above_10w_ma': False, 'relative_strength_positive': False, 'near_52w_high': False}",lagging,lagging,98.81,99.19,-0.34,-0.52,False,False,2026-09-18 ratio=99.15 momentum=99.71; 2026-09-21 ratio=98.70 momentum=98.86; 2026-09-22 ratio=98.70 momentum=99.02; 2026-09-23 ratio=98.51 momentum=97.91; 2026-09-24 ratio=98.81 momentum=99.19,0.0
stock,Garden Reach Sh.,GRSE.NS,Aerospace & Defense,Capital Goods,26584.46,0.85,172.84,43.82,1814.62,38.53,33.21,42.82,,not_stage_2,1,2344.0,2590.73,-0.04,0.10163,"{'price_above_30w_ma': False, '30w_ma_rising': False, 'price_above_10w_ma': False, 'relative_strength_positive': False, 'near_52w_high': True}",lagging,lagging,98.36,97.85,-0.34,-1.89,False,False,2026-09-18 ratio=98.70 momentum=99.74; 2026-09-21 ratio=98.00 momentum=98.49; 2026-09-22 ratio=98.68 momentum=99.49; 2026-09-23 ratio=98.24 momentum=97.94; 2026-09-24 ratio=98.36 momentum=97.85,20.0
stock,Data Pattern,DATAPATTNS.NS,Aerospace & Defense,Capital Goods,24740.16,0.23,22.06,-13.49,116.03,16.81,91.54,21.92,,stage_2,4,4395.5,4118.79,5.68,0.19059,"{'price_above_30w_ma': True, '30w_ma_rising': True, 'price_above_10w_ma': False, 'relative_strength_positive': True, 'near_52w_high': True}",weakening,weakening,100.23,96.76,-0.38,-2.93,False,False,2026-09-18 ratio=100.61 momentum=99.70; 2026-09-21 ratio=100.53 momentum=99.67; 2026-09-22 ratio=100.45 momentum=99.47; 2026-09-23 ratio=100.05 momentum=96.95; 2026-09-24 ratio=100.23 momentum=96.76,117.51
stock,Sigma Advanced System,SIGMAADV.NS,Aerospace & Defense,Capital Goods,17950.26,0.0,35.41,-81.87,374.28,7083.88,107.94,11.74,,stage_2,5,949.65,474.44,23.37,0.04118,"{'price_above_30w_ma': True, '30w_ma_rising': True, 'price_above_10w_ma': True, 'relative_strength_positive': True, 'near_52w_high': True}",leading,leading,102.27,103.47,0.18,1.89,False,False,2026-09-18 ratio=102.09 momentum=101.59; 2026-09-21 ratio=102.31 momentum=102.23; 2026-09-22 ratio=102.49 momentum=104.04; 2026-09-23 ratio=102.19 momentum=101.45; 2026-09-24 ratio=102.27 momentum=103.47,220.44
stock,Aequs,AEQUS.NS,Aerospace & Defense,Capital Goods,16497.65,0.0,-53.23,-1457.91,395.55,54.77,,1.69,,stage_2,5,242.79,202.11,6.58,0.01053,"{'price_above_30w_ma': True, '30w_ma_rising': True, 'price_above_10w_ma': True, 'relative_strength_positive': True, 'near_52w_high': True}",leading,lagging,101.32,101.97,1.41,4.28,True,False,2026-09-18 ratio=99.91 momentum=97.68; 2026-09-21 ratio=99.85 momentum=98.61; 2026-09-22 ratio=101.12 momentum=102.53; 2026-09-23 ratio=101.07 momentum=102.06; 2026-09-24 ratio=101.32 momentum=101.97,184.61
stock,Astra Microwave,ASTRAMICRO.NS,Aerospace & Defense,Capital Goods,15434.82,0.15,12.35,-24.09,176.66,-11.55,81.65,20.28,,not_stage_2,3,1596.2,1427.67,7.43,0.06921,"{'price_above_30w_ma': True, '30w_ma_rising': True, 'price_above_10w_ma': False, 'relative_strength_positive': False, 'near_52w_high': True}",lagging,improving,99.0,97.42,-0.18,-2.9,False,False,2026-09-18 ratio=99.18 momentum=100.32; 2026-09-21 ratio=99.65 momentum=99.38; 2026-09-22 ratio=98.94 momentum=98.61; 2026-09-23 ratio=98.55 momentum=95.92; 2026-09-24 ratio=99.00 momentum=97.42,74.86
stock,Zen Technologies,ZENTEC.NS,Aerospace & Defense,Capital Goods,15195.06,0.06,31.85,-23.2,141.64,-10.48,83.63,16.18,,not_stage_2,2,1645.7,1673.96,3.15,0.07136,"{'price_above_30w_ma': False, '30w_ma_rising': True, 'price_above_10w_ma': False, 'relative_strength_positive': False, 'near_52w_high': True}",lagging,lagging,99.37,96.58,-0.16,-1.6,False,False,2026-09-18 ratio=99.53 momentum=98.18; 2026-09-21 ratio=99.50 momentum=98.34; 2026-09-22 ratio=99.43 momentum=98.12; 2026-09-23 ratio=99.34 momentum=95.65; 2026-09-24 ratio=99.37 momentum=96.58,46.3
stock,Apollo Micro Sys,APOLLO.NS,Aerospace & Defense,Capital Goods,14709.69,0.06,25.21,45.38,251.29,88.12,121.25,14.47,,stage_2,5,399.05,344.35,6.58,0.0173,"{'price_above_30w_ma': True, '30w_ma_rising': True, 'price_above_10w_ma': True, 'relative_strength_positive': True, 'near_52w_high': True}",weakening,lagging,101.59,99.17,2.36,-0.63,False,False,2026-09-18 ratio=99.23 momentum=99.79; 2026-09-21 ratio=100.28 momentum=100.34; 2026-09-22 ratio=101.91 momentum=100.70; 2026-09-23 ratio=101.56 momentum=99.55; 2026-09-24 ratio=101.59 momentum=99.17,146.11
stock,Hindalco Inds.,HINDALCO.NS,Aluminium,Metals & Mining,219330.68,0.51,7013.0,116.7,84825.0,32.06,10.53,13.21,,not_stage_2,3,982.0,999.08,0.84,0.04258,"{'price_above_30w_ma': False, '30w_ma_rising': True, 'price_above_10w_ma': False, 'relative_strength_positive': True, 'near_52w_high': True}",weakening,weakening,100.53,96.89,0.12,-2.36,False,False,2026-09-18 ratio=100.41 momentum=99.24; 2026-09-21 ratio=100.16 momentum=98.80; 2026-09-22 ratio=100.00 momentum=98.60; 2026-09-23 ratio=100.72 momentum=99.63; 2026-09-24 ratio=100.53 momentum=96.89,64.33
stock,Vedanta Aluminium Metal,VAML.NS,Aluminium,Metals & Mining,166973.02,1.87,6597.0,216.06,21393.0,45.99,10.55,,,insufficient_data,0,,,,,{},weakening,lagging,100.46,99.37,1.79,-0.15,False,False,2026-09-18 ratio=98.67 momentum=99.51; 2026-09-21 ratio=98.31 momentum=99.06; 2026-09-22 ratio=99.60 momentum=99.87; 2026-09-23 ratio=100.43 momentum=100.54; 2026-09-24 ratio=100.46 momentum=99.37,2.3
stock,Natl. Aluminium,NATIONALUM.NS,Aluminium,Metals & Mining,66138.33,3.21,2003.14,90.87,5302.38,39.28,9.8,39.59,,not_stage_2,3,358.4,382.12,0.39,0.01554,"{'price_above_30w_ma': False, '30w_ma_rising': True, 'price_above_10w_ma': False, 'relative_strength_positive': True, 'near_52w_high': True}",weakening,lagging,100.2,97.55,0.63,-0.02,False,False,2026-09-18 ratio=99.57 momentum=97.57; 2026-09-21 ratio=99.61 momentum=97.89; 2026-09-22 ratio=99.65 momentum=98.73; 2026-09-23 ratio=100.17 momentum=99.06; 2026-09-24 ratio=100.20 momentum=97.55,61.78
stock,Arfin India,ARFIN.NS,Aluminium,Metals & Mining,1521.35,0.13,3.53,246.08,207.96,91.23,94.44,13.96,,stage_2,5,89.42,87.91,2.23,0.00388,"{'price_above_30w_ma': True, '30w_ma_rising': True, 'price_above_10w_ma': True, 'relative_strength_positive': True, 'near_52w_high': True}",leading,leading,101.62,100.42,-0.08,-0.16,False,False,2026-09-18 ratio=101.70 momentum=100.58; 2026-09-21 ratio=102.00 momentum=101.55; 2026-09-22 ratio=101.46 momentum=97.91; 2026-09-23 ratio=101.85 momentum=99.95; 2026-09-24 ratio=101.62 momentum=100.42,159.66
stock,MMP Industries,MMP.NS,Aluminium,Metals & Mining,1169.15,0.43,13.7,15.32,232.6,26.9,26.22,12.56,,stage_2,5,453.95,298.56,9.62,0.01968,"{'price_above_30w_ma': True, '30w_ma_rising': True, 'price_above_10w_ma': True, 'relative_strength_positive': True, 'near_52w_high': True}",weakening,leading,101.36,96.11,-0.4,-4.21,False,False,2026-09-18 ratio=101.76 momentum=100.32; 2026-09-21 ratio=101.79 momentum=100.23; 2026-09-22 ratio=101.51 momentum=97.43; 2026-09-23 ratio=101.46 momentum=94.94; 2026-09-24 ratio=101.36 momentum=96.11,151.04
stock,Maan Aluminium,MAANALU.NS,Aluminium,Metals & Mining,601.04,0.0,3.1,13.55,231.86,9.79,44.85,7.74,,not_stage_2,0,102.62,127.4,-3.57,0.00445,"{'price_above_30w_ma': False, '30w_ma_rising': False, 'price_above_10w_ma': False, 'relative_strength_positive': False, 'near_52w_high': False}",lagging,lagging,98.08,98.95,0.35,2.33,False,False,2026-09-18 ratio=97.74 momentum=96.62; 2026-09-21 ratio=97.90 momentum=97.35; 2026-09-22 ratio=98.04 momentum=98.16; 2026-09-23 ratio=97.88 momentum=97.39; 2026-09-24 ratio=98.08 momentum=98.95,0.0
stock,Jainik Power,JAINIK.NS,Aluminium,Metals & Mining,294.13,0.0,7.85,64.57,208.91,9.73,20.98,29.88,,insufficient_data,0,,,,,{},insufficient_data,insufficient_data,,,,,False,False,,0.0
stock,Manaksia Alumi.,MANAKALUCO.NS,Aluminium,Metals & Mining,232.9,0.14,2.85,82.69,139.59,3.85,26.32,10.15,,not_stage_2,2,35.31,34.33,2.7,0.00153,"{'price_above_30w_ma': True, '30w_ma_rising': True, 'price_above_10w_ma': False, 'relative_strength_positive': False, 'near_52w_high': False}",lagging,lagging,99.65,95.76,-0.09,-3.11,False,False,2026-09-18 ratio=99.74 momentum=98.87; 2026-09-21 ratio=99.42 momentum=98.29; 2026-09-22 ratio=99.46 momentum=97.19; 2026-09-23 ratio=99.69 momentum=97.04; 2026-09-24 ratio=99.65 momentum=95.76,45.4
stock,Hind Aluminium,HINDALUMI.NS,Aluminium,Metals & Mining,58.77,0.0,1.91,-51.03,5.36,405.66,15.84,-2.7,,insufficient_data,0,,,,,{},insufficient_data,insufficient_data,,,,,False,False,,0.0
stock,Prec. Wires (I),PRECWIRE.NS,"Aluminium, Copper & Zinc Products",Capital Goods,9221.88,0.25,46.45,71.47,1779.24,59.49,52.81,32.94,,stage_2,5,488.9,397.77,7.16,0.0212,"{'price_above_30w_ma': True, '30w_ma_rising': True, 'price_above_10w_ma': True, 'relative_strength_positive': True, 'near_52w_high': True}",weakening,weakening,101.52,99.64,0.06,1.47,False,False,2026-09-18 ratio=101.47 momentum=98.17; 2026-09-21 ratio=101.28 momentum=98.93; 2026-09-22 ratio=101.61 momentum=100.87; 2026-09-23 ratio=101.63 momentum=99.61; 2026-09-24 ratio=101.52 momentum=99.64,146.92
stock,CMR Green Tech.,CMRGREEN.NS,"Aluminium, Copper & Zinc Products",Capital Goods,4916.91,0.0,68.18,16.41,3122.73,64.92,20.67,14.06,,insufficient_data,0,,,,,{},leading,leading,101.27,100.99,-1.73,-1.55,False,False,2026-09-18 ratio=103.01 momentum=102.55; 2026-09-21 ratio=102.38 momentum=101.70; 2026-09-22 ratio=102.31 momentum=102.00; 2026-09-23 ratio=101.80 momentum=101.15; 2026-09-24 ratio=101.27 momentum=100.99,31.3
stock,Vidya Wires,VIDYAWIRES.NS,"Aluminium, Copper & Zinc Products",Capital Goods,1922.82,0.0,17.14,41.42,549.71,33.5,30.68,20.59,,stage_2,4,86.23,84.12,6.37,0.00374,"{'price_above_30w_ma': True, '30w_ma_rising': True, 'price_above_10w_ma': False, 'relative_strength_positive': True, 'near_52w_high': True}",weakening,improving,100.06,99.59,0.34,-0.75,False,False,2026-09-18 ratio=99.73 momentum=100.35; 2026-09-21 ratio=99.16 momentum=98.62; 2026-09-22 ratio=99.05 momentum=99.22; 2026-09-23 ratio=100.45 momentum=101.16; 2026-09-24 ratio=100.06 momentum=99.59,118.04
stock,Sunlite Recycli.,SUNLITE.NS,"Aluminium, Copper & Zinc Products",Capital Goods,844.99,0.16,25.8,257.84,1642.41,116.13,21.05,46.52,,insufficient_data,0,,,,,{},insufficient_data,insufficient_data,,,,,False,False,,0.0
stock,Baheti Recycling,BAHETI.NS,"Aluminium, Copper & Zinc Products",Capital Goods,795.43,0.0,17.79,61.87,409.72,53.38,29.44,21.55,,not_stage_2,3,750.2,666.58,4.14,0.03253,"{'price_above_30w_ma': True, '30w_ma_rising': True, 'price_above_10w_ma': False, 'relative_strength_positive': False, 'near_52w_high': True}",weakening,weakening,100.08,97.19,-0.41,-0.4,False,False,2026-09-18 ratio=100.50 momentum=97.60; 2026-09-21 ratio=100.22 momentum=97.41; 2026-09-22 ratio=100.25 momentum=98.04; 2026-09-23 ratio=100.08 momentum=97.52; 2026-09-24 ratio=100.08 momentum=97.19,68.68
stock,Shera Energy,SHERA.NS,"Aluminium, Copper & Zinc Products",Capital Goods,434.77,0.0,12.64,88.26,487.67,26.1,12.71,19.53,,stage_2,4,176.0,154.71,5.85,0.00763,"{'price_above_30w_ma': True, '30w_ma_rising': True, 'price_above_10w_ma': False, 'relative_strength_positive': True, 'near_52w_high': True}",weakening,weakening,100.74,97.76,-0.92,-1.72,False,False,2026-09-18 ratio=101.67 momentum=99.47; 2026-09-21 ratio=101.64 momentum=99.73; 2026-09-22 ratio=101.20 momentum=99.03; 2026-09-23 ratio=101.03 momentum=97.80; 2026-09-24 ratio=100.74 momentum=97.76,120.4
stock,ANB Metal,AMCL.NS,"Aluminium, Copper & Zinc Products",Capital Goods,411.26,0.0,12.97,199.54,137.39,115.08,19.16,29.6,,insufficient_data,0,,,,,{},insufficient_data,insufficient_data,,,,,False,False,,0.0
stock,Euro Panel,EUROBOND.NS,"Aluminium, Copper & Zinc Products",Capital Goods,358.2,0.0,4.96,-13.29,119.62,14.1,13.55,16.72,,not_stage_2,0,148.57,164.5,-1.88,0.00644,"{'price_above_30w_ma': False, '30w_ma_rising': False, 'price_above_10w_ma': False, 'relative_strength_positive': False, 'near_52w_high': False}",improving,improving,99.56,101.08,0.57,-0.15,False,False,2026-09-18 ratio=98.99 momentum=101.23; 2026-09-21 ratio=100.06 momentum=103.96; 2026-09-22 ratio=100.18 momentum=103.35; 2026-09-23 ratio=99.82 momentum=100.40; 2026-09-24 ratio=99.56 momentum=101.08,5.4
stock,Cubex Tubings,CUBEXTUB.NS,"Aluminium, Copper & Zinc Products",Capital Goods,218.1,0.0,1.32,7.32,64.97,30.28,28.93,11.49,,not_stage_2,4,138.4,87.51,-2.5,0.006,"{'price_above_30w_ma': True, '30w_ma_rising': False, 'price_above_10w_ma': True, 'relative_strength_positive': True, 'near_52w_high': True}",leading,leading,105.07,101.31,0.92,-1.85,False,False,2026-09-18 ratio=104.15 momentum=103.16; 2026-09-21 ratio=104.03 momentum=102.73; 2026-09-22 ratio=105.84 momentum=103.27; 2026-09-23 ratio=105.71 momentum=102.11; 2026-09-24 ratio=105.07 momentum=101.31,131.9
stock,Century Extrus.,CENTEXT.NS,"Aluminium, Copper & Zinc Products",Capital Goods,204.16,0.0,3.77,59.75,138.36,32.85,15.91,19.29,,not_stage_2,0,18.82,20.09,-1.0,0.00082,"{'price_above_30w_ma': False, '30w_ma_rising': False, 'price_above_10w_ma': False, 'relative_strength_positive': False, 'near_52w_high': False}",lagging,lagging,99.32,98.46,-0.13,1.59,False,False,2026-09-18 ratio=99.46 momentum=96.87; 2026-09-21 ratio=99.53 momentum=98.86; 2026-09-22 ratio=99.06 momentum=99.43; 2026-09-23 ratio=99.09 momentum=98.86; 2026-09-24 ratio=99.32 momentum=98.46,0.0
stock,Wonderla Holiday,WONDERLA.NS,Amusement Parks/ Other Recreation,Consumer Services,3240.54,0.39,72.8,38.48,242.63,44.22,30.63,6.2,,stage_2,5,509.95,502.12,0.87,0.02211,"{'price_above_30w_ma': True, '30w_ma_rising': True, 'price_above_10w_ma': True, 'relative_strength_positive': True, 'near_52w_high': True}",weakening,weakening,101.07,98.14,-0.56,-0.5,False,False,2026-09-18 ratio=101.63 momentum=98.65; 2026-09-21 ratio=100.99 momentum=94.61; 2026-09-22 ratio=100.99 momentum=96.56; 2026-09-23 ratio=100.85 momentum=97.60; 2026-09-24 ratio=101.07 momentum=98.14,132.09
stock,Imagica. Enter.,IMAGICAA.NS,Amusement Parks/ Other Recreation,Consumer Services,2975.65,0.0,57.57,26.19,177.6,19.92,233.57,1.81,,stage_2,5,51.48,46.67,1.92,0.00223,"{'price_above_30w_ma': True, '30w_ma_rising': True, 'price_above_10w_ma': True, 'relative_strength_positive': True, 'near_52w_high': True}",weakening,weakening,100.8,94.65,-0.33,-3.44,False,False,2026-09-18 ratio=101.13 momentum=98.09; 2026-09-21 ratio=101.06 momentum=97.41; 2026-09-22 ratio=100.95 momentum=97.36; 2026-09-23 ratio=100.96 momentum=97.40; 2026-09-24 ratio=100.80 momentum=94.65,132.84
stock,Delta Corp,DELTACORP.NS,Amusement Parks/ Other Recreation,Consumer Services,2058.4,0.65,-212.57,219.62,168.55,-8.48,13.35,5.08,,not_stage_2,4,72.68,63.37,-1.02,0.00315,"{'price_above_30w_ma': True, '30w_ma_rising': False, 'price_above_10w_ma': True, 'relative_strength_positive': True, 'near_52w_high': True}",leading,improving,104.16,102.81,4.3,-0.66,False,False,2026-09-18 ratio=99.86 momentum=103.47; 2026-09-21 ratio=101.02 momentum=103.35; 2026-09-22 ratio=101.18 momentum=102.63; 2026-09-23 ratio=103.33 momentum=103.14; 2026-09-24 ratio=104.16 momentum=102.81,134.85
stock,Nicco Parks,NICCOPAR.NS,Amusement Parks/ Other Recreation,Consumer Services,385.96,1.52,5.47,68.83,19.05,-27.54,65.31,13.52,,insufficient_data,0,,,,,{},insufficient_data,insufficient_data,,,,,False,False,,0.0
stock,Godrej Agrovet,GODREJAGRO.NS,Animal Feed,Fast Moving Consumer Goods,12674.63,1.67,128.31,-16.21,2855.22,9.22,27.01,19.16,,stage_2,5,676.05,588.47,1.01,0.02931,"{'price_above_30w_ma': True, '30w_ma_rising': True, 'price_above_10w_ma': True, 'relative_strength_positive': True, 'near_52w_high': True}",weakening,weakening,101.79,97.16,0.11,0.04,False,False,2026-09-18 ratio=101.68 momentum=97.11; 2026-09-21 ratio=101.54 momentum=98.43; 2026-09-22 ratio=101.39 momentum=97.21; 2026-09-23 ratio=101.56 momentum=97.09; 2026-09-24 ratio=101.79 momentum=97.16,135.97
stock,Avanti Feeds,AVANTIFEED.NS,Animal Feed,Fast Moving Consumer Goods,10258.61,1.33,116.3,-42.0,1899.86,18.32,19.07,24.38,,not_stage_2,0,749.75,1081.13,-5.7,0.03251,"{'price_above_30w_ma': False, '30w_ma_rising': False, 'price_above_10w_ma': False, 'relative_strength_positive': False, 'near_52w_high': False}",lagging,improving,98.77,98.59,-0.02,-3.2,False,False,2026-09-18 ratio=98.79 momentum=101.80; 2026-09-21 ratio=98.70 momentum=101.17; 2026-09-22 ratio=98.60 momentum=101.10; 2026-09-23 ratio=98.80 momentum=96.66; 2026-09-24 ratio=98.77 momentum=98.59,0.0
stock,Mukka Proteins,MUKKA.NS,Animal Feed,Fast Moving Consumer Goods,820.18,0.0,18.64,1142.76,489.65,186.73,11.86,11.61,,stage_2,5,27.04,24.07,3.09,0.00117,"{'price_above_30w_ma': True, '30w_ma_rising': True, 'price_above_10w_ma': True, 'relative_strength_positive': True, 'near_52w_high': True}",weakening,weakening,100.68,97.9,0.02,0.4,False,False,2026-09-18 ratio=100.66 momentum=97.50; 2026-09-21 ratio=101.02 momentum=96.80; 2026-09-22 ratio=100.74 momentum=96.31; 2026-09-23 ratio=100.58 momentum=97.22; 2026-09-24 ratio=100.68 momentum=97.90,134.58
stock,KSE,KSE.NS,Animal Feed,Fast Moving Consumer Goods,581.35,6.92,0.94,-98.44,453.67,9.06,12.61,33.55,,insufficient_data,0,,,,,{},insufficient_data,insufficient_data,,,,,False,False,,0.0
stock,Narmada Agrobase,NARMADA.NS,Animal Feed,Fast Moving Consumer Goods,100.99,0.0,0.75,-26.47,22.26,100.9,28.13,8.95,,not_stage_2,0,13.24,16.7,-2.02,0.00057,"{'price_above_30w_ma': False, '30w_ma_rising': False, 'price_above_10w_ma': False, 'relative_strength_positive': False, 'near_52w_high': False}",lagging,improving,99.25,96.97,-0.05,-5.14,False,False,2026-09-18 ratio=99.30 momentum=102.11; 2026-09-21 ratio=99.16 momentum=102.64; 2026-09-22 ratio=99.20 momentum=99.22; 2026-09-23 ratio=99.15 momentum=96.79; 2026-09-24 ratio=99.25 momentum=96.97,0.0
stock,Ajooni Biotech,AJOONI.NS,Animal Feed,Fast Moving Consumer Goods,54.94,0.0,0.43,-44.87,63.49,103.04,13.87,6.11,,not_stage_2,0,3.18,3.95,-4.41,0.00014,"{'price_above_30w_ma': False, '30w_ma_rising': False, 'price_above_10w_ma': False, 'relative_strength_positive': False, 'near_52w_high': False}",lagging,lagging,98.14,98.75,0.19,1.89,False,False,2026-09-18 ratio=97.95 momentum=96.87; 2026-09-21 ratio=97.59 momentum=95.19; 2026-09-22 ratio=97.71 momentum=99.07; 2026-09-23 ratio=98.26 momentum=100.73; 2026-09-24 ratio=98.14 momentum=98.75,0.0
stock,ICICI AMC,ICICIAMC.NS,Asset Management Company,Financial Services,157433.86,0.86,964.63,23.1,1564.22,17.55,45.17,115.1,,stage_2,5,3169.2,3167.98,0.19,0.13741,"{'price_above_30w_ma': True, '30w_ma_rising': True, 'price_above_10w_ma': True, 'relative_strength_positive': True, 'near_52w_high': True}",leading,leading,102.03,103.2,-0.39,-0.18,False,False,2026-09-18 ratio=102.42 momentum=103.38; 2026-09-21 ratio=102.17 momentum=103.30; 2026-09-22 ratio=101.58 momentum=102.39; 2026-09-23 ratio=101.66 momentum=102.56; 2026-09-24 ratio=102.03 momentum=103.20,171.53
stock,SBI Funds Mgt.,SBIFUNDS.NS,Asset Management Company,Financial Services,108196.16,0.0,880.26,3.7,1152.73,15.16,34.92,56.5,,insufficient_data,0,,,,,{},insufficient_data,insufficient_data,,,,,False,False,,0.0
stock,HDFC AMC,HDFCAMC.NS,Asset Management Company,Financial Services,101832.58,2.27,838.36,12.09,1098.5,13.51,34.52,42.88,,not_stage_2,1,2380.3,2576.47,-1.63,0.10321,"{'price_above_30w_ma': False, '30w_ma_rising': False, 'price_above_10w_ma': False, 'relative_strength_positive': False, 'near_52w_high': True}",lagging,improving,99.13,99.69,-0.22,-0.44,False,False,2026-09-18 ratio=99.35 momentum=100.12; 2026-09-21 ratio=99.49 momentum=102.84; 2026-09-22 ratio=99.49 momentum=103.45; 2026-09-23 ratio=99.63 momentum=102.19; 2026-09-24 ratio=99.13 momentum=99.69,20.0
stock,Nippon Life Ind.,NAM-INDIA.NS,Asset Management Company,Financial Services,74030.23,1.86,503.7,27.16,766.87,26.42,45.22,43.8,,stage_2,4,1144.9,1079.57,2.95,0.04964,"{'price_above_30w_ma': True, '30w_ma_rising': True, 'price_above_10w_ma': False, 'relative_strength_positive': True, 'near_52w_high': True}",weakening,leading,100.58,99.99,0.17,-0.7,False,False,2026-09-18 ratio=100.40 momentum=100.69; 2026-09-21 ratio=100.01 momentum=100.51; 2026-09-22 ratio=100.61 momentum=99.32; 2026-09-23 ratio=100.61 momentum=99.30; 2026-09-24 ratio=100.58 momentum=99.99,113.8
stock,Aditya AMC,ABSLAMC.NS,Asset Management Company,Financial Services,29375.75,2.51,309.49,11.68,462.96,3.48,29.1,32.23,,not_stage_2,3,1024.2,1042.51,2.5,0.04441,"{'price_above_30w_ma': False, '30w_ma_rising': True, 'price_above_10w_ma': False, 'relative_strength_positive': True, 'near_52w_high': True}",weakening,leading,100.68,99.88,-0.2,-1.92,False,False,2026-09-18 ratio=100.88 momentum=101.80; 2026-09-21 ratio=100.37 momentum=100.32; 2026-09-22 ratio=100.37 momentum=100.75; 2026-09-23 ratio=100.30 momentum=100.49; 2026-09-24 ratio=100.68 momentum=99.88,68.4
stock,UTI AMC,UTIAMC.NS,Asset Management Company,Financial Services,11576.46,4.44,293.86,24.07,583.51,6.7,21.68,15.57,,not_stage_2,2,907.9,935.87,-2.07,0.03937,"{'price_above_30w_ma': False, '30w_ma_rising': False, 'price_above_10w_ma': True, 'relative_strength_positive': True, 'near_52w_high': False}",leading,leading,101.91,103.19,1.48,0.87,False,False,2026-09-18 ratio=100.43 momentum=102.32; 2026-09-21 ratio=101.44 momentum=104.64; 2026-09-22 ratio=101.67 momentum=104.28; 2026-09-23 ratio=101.24 momentum=102.63; 2026-09-24 ratio=101.91 momentum=103.19,85.5
stock,Canara Robeco,CRAMC.NS,Asset Management Company,Financial Services,4600.6,1.74,75.6,23.98,145.37,20.07,21.06,40.11,,not_stage_2,0,228.8,249.83,-0.92,0.00992,"{'price_above_30w_ma': False, '30w_ma_rising': False, 'price_above_10w_ma': False, 'relative_strength_positive': False, 'near_52w_high': False}",improving,lagging,98.2,100.69,0.24,3.02,False,True,2026-09-18 ratio=97.96 momentum=97.68; 2026-09-21 ratio=97.61 momentum=96.45; 2026-09-22 ratio=97.49 momentum=95.05; 2026-09-23 ratio=97.81 momentum=98.96; 2026-09-24 ratio=98.20 momentum=100.69,3.45
stock,Gaja Alternative Asset,GAJA.NS,Asset Management Company,Financial Services,2007.25,0.53,27.21,35.66,15.64,-49.15,23.26,17.02,,insufficient_data,0,,,,,{},insufficient_data,insufficient_data,,,,,False,False,,0.0
stock,IL&FS Inv.Manag.,IVC.NS,Asset Management Company,Financial Services,245.27,15.38,1.21,23.86,8.17,40.86,60.26,4.11,,not_stage_2,2,7.7,7.95,2.02,0.00033,"{'price_above_30w_ma': False, '30w_ma_rising': True, 'price_above_10w_ma': False, 'relative_strength_positive': False, 'near_52w_high': True}",lagging,lagging,99.32,96.38,-0.13,-0.68,False,False,2026-09-18 ratio=99.45 momentum=97.07; 2026-09-21 ratio=99.32 momentum=97.11; 2026-09-22 ratio=99.29 momentum=97.02; 2026-09-23 ratio=99.31 momentum=97.11; 2026-09-24 ratio=99.32 momentum=96.38,44.04
stock,Samvardh. Mothe.,MOTHERSON.NS,Auto Components & Equipments,Automobile and Auto Components,174575.37,0.36,1075.66,81.52,35243.77,16.65,38.2,13.43,,stage_2,5,162.5,141.28,3.37,0.00705,"{'price_above_30w_ma': True, '30w_ma_rising': True, 'price_above_10w_ma': True, 'relative_strength_positive': True, 'near_52w_high': True}",weakening,leading,100.98,98.63,0.07,-1.56,False,False,2026-09-18 ratio=100.91 momentum=100.19; 2026-09-21 ratio=100.87 momentum=100.89; 2026-09-22 ratio=100.78 momentum=99.40; 2026-09-23 ratio=100.93 momentum=98.92; 2026-09-24 ratio=100.98 momentum=98.63,136.64
stock,Bosch,BOSCHLTD.NS,Auto Components & Equipments,Automobile and Auto Components,142357.59,0.56,706.1,5.2,5841.9,22.0,60.24,21.54,,stage_2,5,47750.0,39764.67,4.04,2.07041,"{'price_above_30w_ma': True, '30w_ma_rising': True, 'price_above_10w_ma': True, 'relative_strength_positive': True, 'near_52w_high': True}",weakening,weakening,101.12,96.56,0.21,-2.44,False,False,2026-09-18 ratio=100.91 momentum=99.00; 2026-09-21 ratio=100.99 momentum=99.73; 2026-09-22 ratio=101.20 momentum=99.11; 2026-09-23 ratio=101.00 momentum=97.45; 2026-09-24 ratio=101.12 momentum=96.56,138.68
stock,Bharat Forge,BHARATFORG.NS,Auto Components & Equipments,Automobile and Auto Components,98071.09,0.42,-89.89,-57.72,4639.94,18.71,97.12,12.61,,stage_2,4,1998.9,1966.09,1.5,0.08667,"{'price_above_30w_ma': True, '30w_ma_rising': True, 'price_above_10w_ma': False, 'relative_strength_positive': True, 'near_52w_high': True}",leading,improving,100.1,101.62,0.92,-0.77,False,False,2026-09-18 ratio=99.18 momentum=102.39; 2026-09-21 ratio=99.22 momentum=103.28; 2026-09-22 ratio=99.90 momentum=103.52; 2026-09-23 ratio=99.70 momentum=101.10; 2026-09-24 ratio=100.10 momentum=101.62,136.6
stock,Uno Minda,UNOMINDA.NS,Auto Components & Equipments,Automobile and Auto Components,70329.76,0.22,315.51,1.76,5556.85,23.79,57.54,19.65,,stage_2,4,1224.4,1144.79,0.51,0.05309,"{'price_above_30w_ma': True, '30w_ma_rising': True, 'price_above_10w_ma': False, 'relative_strength_positive': True, 'near_52w_high': True}",weakening,leading,101.04,99.98,-1.02,-1.09,False,False,2026-09-18 ratio=102.06 momentum=101.07; 2026-09-21 ratio=100.82 momentum=99.49; 2026-09-22 ratio=100.84 momentum=99.66; 2026-09-23 ratio=100.63 momentum=99.22; 2026-09-24 ratio=101.04 momentum=99.98,111.22
stock,Schaeffler India,SCHAEFFLER.NS,Auto Components & Equipments,Automobile and Auto Components,62623.14,0.87,336.73,13.67,2681.41,17.5,48.51,27.9,,not_stage_2,3,4024.2,4077.57,0.26,0.17449,"{'price_above_30w_ma': False, '30w_ma_rising': True, 'price_above_10w_ma': False, 'relative_strength_positive': True, 'near_52w_high': True}",leading,leading,101.53,101.55,-2.11,-2.32,False,False,2026-09-18 ratio=103.64 momentum=103.87; 2026-09-21 ratio=102.06 momentum=102.50; 2026-09-22 ratio=101.41 momentum=101.28; 2026-09-23 ratio=101.51 momentum=101.64; 2026-09-24 ratio=101.53 momentum=101.55,95.92
stock,Sona BLW Precis.,SONACOMS.NS,Auto Components & Equipments,Automobile and Auto Components,51478.3,0.41,220.11,73.37,1157.24,50.82,66.21,15.11,,stage_2,5,816.3,652.0,5.92,0.03539,"{'price_above_30w_ma': True, '30w_ma_rising': True, 'price_above_10w_ma': True, 'relative_strength_positive': True, 'near_52w_high': True}",leading,leading,101.6,101.26,0.36,0.34,False,False,2026-09-18 ratio=101.24 momentum=100.92; 2026-09-21 ratio=100.90 momentum=100.34; 2026-09-22 ratio=101.24 momentum=101.81; 2026-09-23 ratio=101.68 momentum=101.76; 2026-09-24 ratio=101.60 momentum=101.26,171.14
stock,Tube Investments,TIINDIA.NS,Auto Components & Equipments,Automobile and Auto Components,48598.38,0.14,293.96,-15.25,6215.33,17.07,77.54,17.14,,not_stage_2,2,2540.5,2832.85,0.35,0.11015,"{'price_above_30w_ma': False, '30w_ma_rising': True, 'price_above_10w_ma': False, 'relative_strength_positive': False, 'near_52w_high': True}",lagging,lagging,98.7,97.44,-0.12,-1.37,False,False,2026-09-18 ratio=98.82 momentum=98.81; 2026-09-21 ratio=98.65 momentum=99.35; 2026-09-22 ratio=98.65 momentum=99.28; 2026-09-23 ratio=98.61 momentum=99.95; 2026-09-24 ratio=98.70 momentum=97.44,40.7
stock,Endurance Tech.,ENDURANCE.NS,Auto Components & Equipments,Automobile and Auto Components,37236.16,0.43,244.52,8.03,4314.89,30.01,37.82,17.8,,not_stage_2,3,2663.2,2603.35,1.05,0.11547,"{'price_above_30w_ma': True, '30w_ma_rising': True, 'price_above_10w_ma': False, 'relative_strength_positive': False, 'near_52w_high': True}",lagging,improving,99.51,97.87,-0.47,-2.47,False,False,2026-09-18 ratio=99.98 momentum=100.34; 2026-09-21 ratio=100.12 momentum=100.18; 2026-09-22 ratio=99.53 momentum=98.73; 2026-09-23 ratio=99.11 momentum=98.04; 2026-09-24 ratio=99.51 momentum=97.87,62.1
stock,Exide Inds.,EXIDEIND.NS,Auto Components & Equipments,Automobile and Auto Components,36022.92,0.47,351.3,28.38,5528.38,17.75,38.39,8.54,,not_stage_2,3,426.55,387.05,3.19,0.01849,"{'price_above_30w_ma': True, '30w_ma_rising': True, 'price_above_10w_ma': False, 'relative_strength_positive': False, 'near_52w_high': True}",leading,leading,100.02,102.42,-0.33,0.03,False,False,2026-09-18 ratio=100.35 momentum=102.38; 2026-09-21 ratio=100.18 momentum=101.63; 2026-09-22 ratio=99.96 momentum=100.84; 2026-09-23 ratio=99.59 momentum=100.69; 2026-09-24 ratio=100.02 momentum=102.42,98.58
stock,Dhoot Transmission,DHOOTTRANS.NS,Auto Components & Equipments,Automobile and Auto Components,31855.52,0.0,132.68,36.89,1446.42,49.68,71.12,24.36,,insufficient_data,0,,,,,{},insufficient_data,insufficient_data,,,,,False,False,,0.0
stock,United Spirits,UNITDSPR.NS,Breweries & Distilleries,Fast Moving Consumer Goods,103411.27,1.19,463.0,-20.54,2708.0,-10.36,55.8,26.39,,stage_2,4,1423.3,1368.64,0.3,0.06171,"{'price_above_30w_ma': True, '30w_ma_rising': True, 'price_above_10w_ma': False, 'relative_strength_positive': True, 'near_52w_high': True}",leading,lagging,100.2,101.61,1.27,6.01,True,False,2026-09-18 ratio=98.93 momentum=95.61; 2026-09-21 ratio=99.32 momentum=96.61; 2026-09-22 ratio=99.39 momentum=97.97; 2026-09-23 ratio=100.11 momentum=100.22; 2026-09-24 ratio=100.20 momentum=101.61,144.65
stock,Radico Khaitan,RADICO.NS,Breweries & Distilleries,Fast Moving Consumer Goods,61077.88,0.2,229.6,69.15,1683.69,11.8,85.94,24.15,,stage_2,5,4481.3,3717.9,6.7,0.19431,"{'price_above_30w_ma': True, '30w_ma_rising': True, 'price_above_10w_ma': True, 'relative_strength_positive': True, 'near_52w_high': True}",leading,leading,101.15,101.29,-0.11,0.86,False,False,2026-09-18 ratio=101.26 momentum=100.43; 2026-09-21 ratio=100.88 momentum=100.12; 2026-09-22 ratio=100.78 momentum=100.32; 2026-09-23 ratio=101.43 momentum=101.73; 2026-09-24 ratio=101.15 momentum=101.29,170.6
stock,United Breweries,UBL.NS,Breweries & Distilleries,Fast Moving Consumer Goods,33014.84,0.8,166.28,-9.54,3066.86,7.07,95.52,10.68,,not_stage_2,0,1270.2,1400.56,-3.01,0.05507,"{'price_above_30w_ma': False, '30w_ma_rising': False, 'price_above_10w_ma': False, 'relative_strength_positive': False, 'near_52w_high': False}",improving,improving,99.65,102.27,0.88,0.33,False,True,2026-09-18 ratio=98.77 momentum=101.94; 2026-09-21 ratio=98.25 momentum=100.39; 2026-09-22 ratio=98.17 momentum=98.14; 2026-09-23 ratio=98.65 momentum=102.90; 2026-09-24 ratio=99.65 momentum=102.27,11.35
stock,Allied Blenders,ABDL.NS,Breweries & Distilleries,Fast Moving Consumer Goods,19972.63,0.76,45.42,-12.98,978.94,6.08,89.54,18.38,,stage_2,5,712.15,573.51,3.5,0.03088,"{'price_above_30w_ma': True, '30w_ma_rising': True, 'price_above_10w_ma': True, 'relative_strength_positive': True, 'near_52w_high': True}",leading,leading,104.12,104.4,1.65,2.27,False,False,2026-09-18 ratio=102.47 momentum=102.14; 2026-09-21 ratio=102.63 momentum=102.26; 2026-09-22 ratio=102.18 momentum=102.35; 2026-09-23 ratio=102.25 momentum=103.11; 2026-09-24 ratio=104.12 momentum=104.40,194.6
stock,Tilaknagar Inds.,TI.NS,Breweries & Distilleries,Fast Moving Consumer Goods,14425.13,0.17,31.59,-30.28,1046.03,155.67,63.82,11.78,,stage_2,5,587.55,472.35,2.94,0.02548,"{'price_above_30w_ma': True, '30w_ma_rising': True, 'price_above_10w_ma': True, 'relative_strength_positive': True, 'near_52w_high': True}",leading,leading,101.65,101.8,0.21,0.29,False,False,2026-09-18 ratio=101.43 momentum=101.50; 2026-09-21 ratio=101.54 momentum=102.24; 2026-09-22 ratio=101.43 momentum=101.76; 2026-09-23 ratio=101.80 momentum=101.96; 2026-09-24 ratio=101.65 momentum=101.80,168.13
stock,Piccadily Agro,PICCADIL.NS,Breweries & Distilleries,Fast Moving Consumer Goods,6045.99,0.16,21.44,16.33,251.18,17.42,43.03,18.01,,not_stage_2,2,601.55,613.95,0.48,0.02608,"{'price_above_30w_ma': False, '30w_ma_rising': True, 'price_above_10w_ma': False, 'relative_strength_positive': False, 'near_52w_high': True}",improving,lagging,99.01,102.13,0.55,5.53,False,True,2026-09-18 ratio=98.46 momentum=96.60; 2026-09-21 ratio=98.52 momentum=98.18; 2026-09-22 ratio=99.06 momentum=101.66; 2026-09-23 ratio=99.16 momentum=102.32; 2026-09-24 ratio=99.01 momentum=102.13,51.61
stock,Globus Spirits,GLOBUSSPR.NS,Breweries & Distilleries,Fast Moving Consumer Goods,2617.59,0.78,26.48,49.05,788.78,12.71,26.04,11.25,,not_stage_2,0,836.5,900.09,-1.27,0.03627,"{'price_above_30w_ma': False, '30w_ma_rising': False, 'price_above_10w_ma': False, 'relative_strength_positive': False, 'near_52w_high': False}",improving,lagging,99.52,101.53,1.17,5.18,False,True,2026-09-18 ratio=98.36 momentum=96.35; 2026-09-21 ratio=98.72 momentum=95.82; 2026-09-22 ratio=98.55 momentum=93.49; 2026-09-23 ratio=98.73 momentum=98.02; 2026-09-24 ratio=99.52 momentum=101.53,7.65
stock,G M Breweries,GMBREW.NS,Breweries & Distilleries,Fast Moving Consumer Goods,2233.95,0.92,37.74,45.94,199.58,22.55,13.24,17.96,,not_stage_2,4,967.25,940.56,-1.09,0.04194,"{'price_above_30w_ma': True, '30w_ma_rising': False, 'price_above_10w_ma': True, 'relative_strength_positive': True, 'near_52w_high': True}",leading,leading,102.8,102.38,-0.14,-1.54,False,False,2026-09-18 ratio=102.94 momentum=103.92; 2026-09-21 ratio=102.41 momentum=102.83; 2026-09-22 ratio=102.38 momentum=101.43; 2026-09-23 ratio=102.64 momentum=102.11; 2026-09-24 ratio=102.80 momentum=102.38,125.9
stock,India Glycols,INDIAGLYCO.NS,Breweries & Distilleries,Fast Moving Consumer Goods,2057.99,2.42,96.83,32.19,1130.39,8.64,6.49,12.4,,not_stage_2,0,306.0,917.82,-8.7,0.01327,"{'price_above_30w_ma': False, '30w_ma_rising': False, 'price_above_10w_ma': False, 'relative_strength_positive': False, 'near_52w_high': False}",improving,improving,98.65,104.12,0.44,-0.56,False,False,2026-09-18 ratio=98.21 momentum=104.68; 2026-09-21 ratio=98.28 momentum=104.51; 2026-09-22 ratio=98.37 momentum=104.45; 2026-09-23 ratio=98.45 momentum=104.33; 2026-09-24 ratio=98.65 momentum=104.12,20.6
stock,Som Distilleries,SDBL.NS,Breweries & Distilleries,Fast Moving Consumer Goods,1547.34,0.0,1.56,-98.91,268.63,-49.16,,5.67,,not_stage_2,0,67.24,76.0,-2.22,0.00292,"{'price_above_30w_ma': False, '30w_ma_rising': False, 'price_above_10w_ma': False, 'relative_strength_positive': False, 'near_52w_high': False}",lagging,lagging,99.2,96.41,-0.23,-1.75,False,False,2026-09-18 ratio=99.43 momentum=98.16; 2026-09-21 ratio=99.32 momentum=97.45; 2026-09-22 ratio=99.10 momentum=95.89; 2026-09-23 ratio=99.09 momentum=96.86; 2026-09-24 ratio=99.20 momentum=96.41,0.0
stock,Firstsour.Solu.,FSL.NS,Business Process Outsourcing (BPO)/ Knowledge Process Outsourcing (KPO),Services,18312.41,2.12,165.92,30.01,2724.87,22.87,22.94,16.8,,not_stage_2,3,262.15,249.47,0.63,0.01137,"{'price_above_30w_ma': True, '30w_ma_rising': True, 'price_above_10w_ma': False, 'relative_strength_positive': True, 'near_52w_high': False}",improving,leading,99.96,100.54,-0.58,-0.18,False,False,2026-09-18 ratio=100.53 momentum=100.72; 2026-09-21 ratio=100.21 momentum=100.36; 2026-09-22 ratio=100.26 momentum=100.74; 2026-09-23 ratio=100.06 momentum=100.53; 2026-09-24 ratio=99.96 momentum=100.54,63.96
stock,eClerx Services,ECLERX.NS,Business Process Outsourcing (BPO)/ Knowledge Process Outsourcing (KPO),Services,17831.0,0.05,164.24,15.99,1152.36,23.31,24.46,34.42,,stage_2,5,1890.1,1639.17,0.66,0.08195,"{'price_above_30w_ma': True, '30w_ma_rising': True, 'price_above_10w_ma': True, 'relative_strength_positive': True, 'near_52w_high': True}",weakening,weakening,100.94,99.41,-0.12,-0.12,False,False,2026-09-18 ratio=101.06 momentum=99.53; 2026-09-21 ratio=101.39 momentum=102.63; 2026-09-22 ratio=101.15 momentum=102.24; 2026-09-23 ratio=101.00 momentum=99.50; 2026-09-24 ratio=100.94 momentum=99.41,131.02
stock,RPSG Ventures,RPSGVENT.NS,Business Process Outsourcing (BPO)/ Knowledge Process Outsourcing (KPO),Services,2777.39,0.0,253.09,34.95,3576.44,20.36,,10.61,,not_stage_2,3,844.45,867.47,2.16,0.03661,"{'price_above_30w_ma': False, '30w_ma_rising': True, 'price_above_10w_ma': False, 'relative_strength_positive': True, 'near_52w_high': True}",weakening,improving,100.07,99.71,0.48,-2.27,False,False,2026-09-18 ratio=99.59 momentum=101.98; 2026-09-21 ratio=99.52 momentum=101.98; 2026-09-22 ratio=99.59 momentum=103.31; 2026-09-23 ratio=99.82 momentum=103.95; 2026-09-24 ratio=100.07 momentum=99.71,64.67
stock,One Point One,ONEPOINT.NS,Business Process Outsourcing (BPO)/ Knowledge Process Outsourcing (KPO),Services,1830.56,0.0,16.31,72.78,158.32,129.42,39.75,10.88,,stage_2,5,69.31,55.62,3.12,0.00301,"{'price_above_30w_ma': True, '30w_ma_rising': True, 'price_above_10w_ma': True, 'relative_strength_positive': True, 'near_52w_high': True}",leading,leading,104.07,101.68,1.4,-3.49,False,False,2026-09-18 ratio=102.68 momentum=105.17; 2026-09-21 ratio=102.58 momentum=102.64; 2026-09-22 ratio=103.63 momentum=102.60; 2026-09-23 ratio=104.40 momentum=103.76; 2026-09-24 ratio=104.07 momentum=101.68,179.99
stock,Hinduja Global,HGS.NS,Business Process Outsourcing (BPO)/ Knowledge Process Outsourcing (KPO),Services,1750.55,1.33,-66.26,-45.26,1050.36,-0.56,,1.46,,not_stage_2,0,374.55,402.83,-0.43,0.01624,"{'price_above_30w_ma': False, '30w_ma_rising': False, 'price_above_10w_ma': False, 'relative_strength_positive': False, 'near_52w_high': False}",improving,improving,98.77,100.0,0.08,-0.07,False,False,2026-09-18 ratio=98.69 momentum=100.08; 2026-09-21 ratio=98.56 momentum=97.51; 2026-09-22 ratio=98.83 momentum=99.02; 2026-09-23 ratio=98.60 momentum=99.55; 2026-09-24 ratio=98.77 momentum=100.00,0.0
stock,Alldigi Tech,ALLDIGI.NS,Business Process Outsourcing (BPO)/ Knowledge Process Outsourcing (KPO),Services,1179.44,7.72,18.12,21.69,150.28,4.43,12.8,27.89,,not_stage_2,1,771.65,804.29,-1.01,0.03346,"{'price_above_30w_ma': False, '30w_ma_rising': False, 'price_above_10w_ma': False, 'relative_strength_positive': False, 'near_52w_high': True}",lagging,lagging,99.55,98.04,0.28,-0.73,False,False,2026-09-18 ratio=99.26 momentum=98.77; 2026-09-21 ratio=99.72 momentum=99.51; 2026-09-22 ratio=99.72 momentum=98.63; 2026-09-23 ratio=99.32 momentum=98.06; 2026-09-24 ratio=99.55 momentum=98.04,20.0
stock,Kandarp Digi,KANDARP.NS,Business Process Outsourcing (BPO)/ Knowledge Process Outsourcing (KPO),Services,65.64,0.0,1.13,-15.67,16.35,4.01,35.48,11.23,,not_stage_2,0,76.95,118.6,-7.58,0.00334,"{'price_above_30w_ma': False, '30w_ma_rising': False, 'price_above_10w_ma': False, 'relative_strength_positive': False, 'near_52w_high': False}",improving,lagging,98.73,102.67,1.12,3.44,False,True,2026-09-18 ratio=97.61 momentum=99.23; 2026-09-21 ratio=98.04 momentum=98.54; 2026-09-22 ratio=98.17 momentum=97.17; 2026-09-23 ratio=98.27 momentum=100.45; 2026-09-24 ratio=98.73 momentum=102.67,13.35
stock,We Win Ltd,WEWIN.NS,Business Process Outsourcing (BPO)/ Knowledge Process Outsourcing (KPO),Services,52.84,0.0,0.91,-15.74,30.77,51.65,11.77,10.9,,not_stage_2,3,49.01,49.15,0.25,0.00213,"{'price_above_30w_ma': False, '30w_ma_rising': True, 'price_above_10w_ma': True, 'relative_strength_positive': True, 'near_52w_high': False}",leading,improving,103.59,103.2,4.08,0.67,True,False,2026-09-18 ratio=99.50 momentum=102.53; 2026-09-21 ratio=99.03 momentum=102.61; 2026-09-22 ratio=99.59 momentum=103.31; 2026-09-23 ratio=102.07 momentum=103.95; 2026-09-24 ratio=103.59 momentum=103.20,124.45
stock,Cadsys (India),CADSYS.NS,Business Process Outsourcing (BPO)/ Knowledge Process Outsourcing (KPO),Services,43.71,0.0,-8.6,110.64,47.31,16.3,,-13.98,,not_stage_2,0,46.0,57.57,-0.64,0.00199,"{'price_above_30w_ma': False, '30w_ma_rising': False, 'price_above_10w_ma': False, 'relative_strength_positive': False, 'near_52w_high': False}",improving,improving,99.29,102.26,0.2,-0.7,False,False,2026-09-18 ratio=99.09 momentum=102.97; 2026-09-21 ratio=99.10 momentum=102.82; 2026-09-22 ratio=99.16 momentum=102.73; 2026-09-23 ratio=99.14 momentum=102.19; 2026-09-24 ratio=99.29 momentum=102.26,11.3
stock,HRH Next,HRHNEXT.NS,Business Process Outsourcing (BPO)/ Knowledge Process Outsourcing (KPO),Services,32.08,0.0,2.78,152.73,35.92,24.68,6.6,15.84,,not_stage_2,0,23.2,26.84,-1.12,0.00101,"{'price_above_30w_ma': False, '30w_ma_rising': False, 'price_above_10w_ma': False, 'relative_strength_positive': False, 'near_52w_high': False}",lagging,leading,98.61,97.42,-2.13,-5.56,False,False,2026-09-18 ratio=100.74 momentum=102.98; 2026-09-21 ratio=99.74 momentum=100.67; 2026-09-22 ratio=98.91 momentum=99.43; 2026-09-23 ratio=98.86 momentum=98.10; 2026-09-24 ratio=98.61 momentum=97.42,0.0
stock,Polycab India,POLYCAB.NS,Cables - Electricals,Capital Goods,126057.71,0.56,796.66,32.46,8209.73,39.01,44.01,33.21,,not_stage_2,2,8366.5,8673.78,0.63,0.36277,"{'price_above_30w_ma': False, '30w_ma_rising': True, 'price_above_10w_ma': False, 'relative_strength_positive': False, 'near_52w_high': True}",improving,lagging,99.39,102.4,0.42,2.49,False,True,2026-09-18 ratio=98.97 momentum=99.92; 2026-09-21 ratio=98.81 momentum=103.56; 2026-09-22 ratio=98.90 momentum=103.74; 2026-09-23 ratio=99.01 momentum=102.50; 2026-09-24 ratio=99.39 momentum=102.40,53.26
stock,KEI Industries,KEI.NS,Cables - Electricals,Capital Goods,44263.66,0.1,274.14,40.05,3185.34,22.97,44.4,20.05,,not_stage_2,1,4636.5,4968.86,-0.1,0.20104,"{'price_above_30w_ma': False, '30w_ma_rising': False, 'price_above_10w_ma': False, 'relative_strength_positive': False, 'near_52w_high': True}",improving,lagging,99.15,102.13,0.24,11.99,False,True,2026-09-18 ratio=98.91 momentum=90.14; 2026-09-21 ratio=98.76 momentum=100.30; 2026-09-22 ratio=98.79 momentum=102.84; 2026-09-23 ratio=99.15 momentum=103.04; 2026-09-24 ratio=99.15 momentum=102.13,30.65
stock,R R Kabel,RRKABEL.NS,Cables - Electricals,Capital Goods,28569.92,0.38,205.2,117.32,3168.2,53.9,46.72,28.1,,not_stage_2,3,2529.8,2102.84,6.74,0.10969,"{'price_above_30w_ma': True, '30w_ma_rising': True, 'price_above_10w_ma': False, 'relative_strength_positive': False, 'near_52w_high': True}",leading,lagging,100.13,102.48,0.5,8.84,True,False,2026-09-18 ratio=99.62 momentum=93.64; 2026-09-21 ratio=99.32 momentum=98.12; 2026-09-22 ratio=99.69 momentum=103.10; 2026-09-23 ratio=99.61 momentum=99.53; 2026-09-24 ratio=100.13 momentum=102.48,116.53
stock,Finolex Cables,FINCABLES.NS,Cables - Electricals,Capital Goods,22371.63,0.62,249.04,53.14,2013.15,44.26,27.96,16.01,,stage_2,5,1480.0,1077.21,7.48,0.06417,"{'price_above_30w_ma': True, '30w_ma_rising': True, 'price_above_10w_ma': True, 'relative_strength_positive': True, 'near_52w_high': True}",weakening,leading,101.86,99.46,0.13,-1.41,False,False,2026-09-18 ratio=101.73 momentum=100.87; 2026-09-21 ratio=101.56 momentum=101.93; 2026-09-22 ratio=101.90 momentum=103.84; 2026-09-23 ratio=101.77 momentum=100.75; 2026-09-24 ratio=101.86 momentum=99.46,149.26
stock,KSH Internationa,KSHINTL.NS,Cables - Electricals,Capital Goods,7022.54,0.0,42.22,86.16,1164.24,108.38,53.65,21.46,,stage_2,5,1036.0,772.57,14.1,0.04492,"{'price_above_30w_ma': True, '30w_ma_rising': True, 'price_above_10w_ma': True, 'relative_strength_positive': True, 'near_52w_high': True}",weakening,weakening,100.97,97.1,-0.14,-1.77,False,False,2026-09-18 ratio=101.11 momentum=98.87; 2026-09-21 ratio=100.89 momentum=97.85; 2026-09-22 ratio=100.98 momentum=97.93; 2026-09-23 ratio=100.95 momentum=96.80; 2026-09-24 ratio=100.97 momentum=97.10,158.05
stock,Universal Cables,UNIVCABLES.NS,Cables - Electricals,Capital Goods,5179.05,0.3,70.14,108.75,945.06,57.46,25.89,11.68,,stage_2,5,1517.0,1139.57,10.46,0.06578,"{'price_above_30w_ma': True, '30w_ma_rising': True, 'price_above_10w_ma': True, 'relative_strength_positive': True, 'near_52w_high': True}",weakening,weakening,100.55,98.84,0.23,1.83,False,False,2026-09-18 ratio=100.32 momentum=97.02; 2026-09-21 ratio=100.27 momentum=97.58; 2026-09-22 ratio=100.27 momentum=99.20; 2026-09-23 ratio=100.38 momentum=98.79; 2026-09-24 ratio=100.55 momentum=98.84,148.67
stock,V-Marc India,VMARCIND.NS,Cables - Electricals,Capital Goods,4724.68,0.0,28.55,163.62,555.51,102.42,40.39,41.37,,not_stage_2,1,329.2,722.73,-5.55,0.01427,"{'price_above_30w_ma': False, '30w_ma_rising': False, 'price_above_10w_ma': False, 'relative_strength_positive': True, 'near_52w_high': False}",weakening,leading,100.31,99.32,-0.43,-2.65,False,False,2026-09-18 ratio=100.74 momentum=101.97; 2026-09-21 ratio=100.09 momentum=99.61; 2026-09-22 ratio=100.33 momentum=101.62; 2026-09-23 ratio=100.43 momentum=100.46; 2026-09-24 ratio=100.31 momentum=99.32,21.55
stock,Laser Power,LASERPOWER.NS,Cables - Electricals,Capital Goods,3819.42,0.0,20.73,3.75,521.55,14.84,34.77,20.51,,insufficient_data,0,,,,,{},insufficient_data,insufficient_data,,,,,False,False,,0.0
stock,Lumino Inds,LUMINO.NS,Cables - Electricals,Capital Goods,3208.12,0.0,40.3,32.87,521.43,19.29,18.9,26.59,,insufficient_data,0,,,,,{},insufficient_data,insufficient_data,,,,,False,False,,0.0
stock,Dynamic Cables,DYCL.NS,Cables - Electricals,Capital Goods,2212.68,0.11,24.95,37.01,349.1,33.22,24.27,26.21,,stage_2,5,473.2,367.65,6.75,0.02052,"{'price_above_30w_ma': True, '30w_ma_rising': True, 'price_above_10w_ma': True, 'relative_strength_positive': True, 'near_52w_high': True}",leading,weakening,101.21,101.08,0.39,7.42,True,False,2026-09-18 ratio=100.82 momentum=93.66; 2026-09-21 ratio=100.76 momentum=96.43; 2026-09-22 ratio=100.68 momentum=98.56; 2026-09-23 ratio=101.15 momentum=100.82; 2026-09-24 ratio=101.21 momentum=101.08,179.95
stock,Godfrey Phillips,GODFRYPHLP.NS,Cigarettes & Tobacco Products,Fast Moving Consumer Goods,30734.65,2.54,198.39,-44.32,1205.51,-18.89,22.48,30.25,,not_stage_2,0,1974.0,2144.36,-1.38,0.08559,"{'price_above_30w_ma': False, '30w_ma_rising': False, 'price_above_10w_ma': False, 'relative_strength_positive': False, 'near_52w_high': False}",improving,improving,99.39,101.62,-0.24,-0.21,False,False,2026-09-18 ratio=99.62 momentum=101.82; 2026-09-21 ratio=99.00 momentum=100.14; 2026-09-22 ratio=98.98 momentum=100.44; 2026-09-23 ratio=99.32 momentum=101.23; 2026-09-24 ratio=99.39 momentum=101.62,8.1
stock,VST Industries,VSTIND.NS,Cigarettes & Tobacco Products,Fast Moving Consumer Goods,3472.49,5.87,42.42,-24.43,256.46,-13.91,12.47,28.13,,not_stage_2,2,206.69,234.94,-1.7,0.00896,"{'price_above_30w_ma': False, '30w_ma_rising': False, 'price_above_10w_ma': False, 'relative_strength_positive': True, 'near_52w_high': True}",improving,improving,99.95,102.24,0.22,-1.6,False,False,2026-09-18 ratio=99.73 momentum=103.84; 2026-09-21 ratio=99.48 momentum=102.34; 2026-09-22 ratio=99.47 momentum=102.38; 2026-09-23 ratio=99.75 momentum=103.17; 2026-09-24 ratio=99.95 momentum=102.24,51.2
stock,Elitecon Inter.,ELITECON.NS,Cigarettes & Tobacco Products,Fast Moving Consumer Goods,1448.41,0.55,-85.05,-269.56,1880.69,500.55,8.94,46.33,,insufficient_data,0,,,,,{},insufficient_data,insufficient_data,,,,,False,False,,0.0
stock,NTC Industries,NTCIND.NS,Cigarettes & Tobacco Products,Fast Moving Consumer Goods,203.0,0.0,6.12,7.94,25.23,-10.25,10.15,11.14,,insufficient_data,0,,,,,{},insufficient_data,insufficient_data,,,,,False,False,,0.0
stock,Shanthala FMCG,SHANTHALA.NS,Cigarettes & Tobacco Products,Fast Moving Consumer Goods,10.32,0.0,0.72,71.43,25.82,-0.12,8.12,5.98,,not_stage_2,0,15.6,22.67,-9.25,0.00068,"{'price_above_30w_ma': False, '30w_ma_rising': False, 'price_above_10w_ma': False, 'relative_strength_positive': False, 'near_52w_high': False}",lagging,improving,99.36,99.82,0.15,-0.66,False,False,2026-09-18 ratio=99.21 momentum=100.48; 2026-09-21 ratio=99.17 momentum=100.08; 2026-09-22 ratio=99.22 momentum=100.02; 2026-09-23 ratio=99.21 momentum=99.45; 2026-09-24 ratio=99.36 momentum=99.82,0.0
stock,EKI Energy,EKI.NS,Consulting Services,Services,277.59,1.98,-15.93,-2094.44,10.46,-29.99,,-3.84,,insufficient_data,0,,,,,{},insufficient_data,insufficient_data,,,,,False,False,,0.0
stock,Marc Technocrats,MARC.NS,Consulting Services,Services,256.33,0.0,4.81,,37.53,,24.32,29.22,,stage_2,5,150.95,99.07,13.69,0.00655,"{'price_above_30w_ma': True, '30w_ma_rising': True, 'price_above_10w_ma': True, 'relative_strength_positive': True, 'near_52w_high': True}",weakening,weakening,101.34,99.37,-0.29,-0.28,False,False,2026-09-18 ratio=101.63 momentum=99.65; 2026-09-21 ratio=101.27 momentum=98.09; 2026-09-22 ratio=101.28 momentum=98.59; 2026-09-23 ratio=101.08 momentum=99.60; 2026-09-24 ratio=101.34 momentum=99.37,159.08
stock,Mitcon Consult.,MITCON.NS,Consulting Services,Services,151.14,0.0,2.75,151.38,67.58,176.63,15.52,8.83,,stage_2,5,89.25,75.07,4.23,0.00387,"{'price_above_30w_ma': True, '30w_ma_rising': True, 'price_above_10w_ma': True, 'relative_strength_positive': True, 'near_52w_high': True}",leading,leading,103.61,101.03,2.08,-0.32,False,False,2026-09-18 ratio=101.53 momentum=101.35; 2026-09-21 ratio=101.35 momentum=101.40; 2026-09-22 ratio=101.45 momentum=98.80; 2026-09-23 ratio=101.94 momentum=99.40; 2026-09-24 ratio=103.61 momentum=101.03,176.66
stock,AAA Technologies,AAATECH.NS,Consulting Services,Services,130.38,0.99,0.87,12.99,3.76,1.62,62.68,8.96,,not_stage_2,2,91.84,94.01,-2.06,0.00398,"{'price_above_30w_ma': False, '30w_ma_rising': False, 'price_above_10w_ma': True, 'relative_strength_positive': True, 'near_52w_high': False}",leading,lagging,101.25,100.51,2.27,1.93,True,False,2026-09-18 ratio=98.98 momentum=98.59; 2026-09-21 ratio=101.71 momentum=101.74; 2026-09-22 ratio=101.63 momentum=101.33; 2026-09-23 ratio=101.36 momentum=100.67; 2026-09-24 ratio=101.25 momentum=100.51,78.8
stock,Dhruv Consultanc,DHRUV.NS,Consulting Services,Services,38.92,0.93,-4.74,-396.25,15.55,-26.09,,-32.46,,not_stage_2,0,20.94,27.85,-3.49,0.00091,"{'price_above_30w_ma': False, '30w_ma_rising': False, 'price_above_10w_ma': False, 'relative_strength_positive': False, 'near_52w_high': False}",lagging,lagging,98.23,97.03,0.01,-0.87,False,False,2026-09-18 ratio=98.22 momentum=97.89; 2026-09-21 ratio=97.91 momentum=99.20; 2026-09-22 ratio=98.52 momentum=99.61; 2026-09-23 ratio=98.04 momentum=96.76; 2026-09-24 ratio=98.23 momentum=97.03,0.0
stock,Manglam Infra,MIEL.NS,Consulting Services,Services,22.7,0.0,1.6,1700.0,21.86,-21.42,7.23,9.5,,insufficient_data,0,,,,,{},insufficient_data,insufficient_data,,,,,False,False,,0.0
stock,Physicswallah,PWL.NS,E-Learning,Consumer Services,39043.48,0.0,-88.28,35.6,1053.95,24.42,638.89,3.99,,stage_2,5,132.64,114.93,3.64,0.00575,"{'price_above_30w_ma': True, '30w_ma_rising': True, 'price_above_10w_ma': True, 'relative_strength_positive': True, 'near_52w_high': True}",leading,leading,101.61,102.57,-0.19,-1.87,False,False,2026-09-18 ratio=101.80 momentum=104.44; 2026-09-21 ratio=101.59 momentum=102.77; 2026-09-22 ratio=101.90 momentum=102.27; 2026-09-23 ratio=101.81 momentum=102.56; 2026-09-24 ratio=101.61 momentum=102.57,173.18
stock,Veranda Learning,VERANDA.NS,E-Learning,Consumer Services,2242.33,0.0,33.87,854.4,149.54,41.52,34.76,12.83,,not_stage_2,3,232.46,212.85,2.51,0.01008,"{'price_above_30w_ma': True, '30w_ma_rising': True, 'price_above_10w_ma': False, 'relative_strength_positive': False, 'near_52w_high': True}",leading,lagging,100.35,100.7,1.45,2.67,True,False,2026-09-18 ratio=98.89 momentum=98.03; 2026-09-21 ratio=99.64 momentum=98.93; 2026-09-22 ratio=99.83 momentum=99.05; 2026-09-23 ratio=99.83 momentum=100.50; 2026-09-24 ratio=100.35 momentum=100.70,100.27
stock,Jaro Institute,JARO.NS,E-Learning,Consumer Services,987.12,1.13,11.17,48.34,70.75,16.61,17.46,22.09,,not_stage_2,1,457.7,474.41,-0.15,0.01985,"{'price_above_30w_ma': False, '30w_ma_rising': False, 'price_above_10w_ma': False, 'relative_strength_positive': True, 'near_52w_high': False}",leading,leading,100.88,104.34,0.18,2.61,False,False,2026-09-18 ratio=100.70 momentum=101.72; 2026-09-21 ratio=101.18 momentum=102.75; 2026-09-22 ratio=100.63 momentum=102.20; 2026-09-23 ratio=100.66 momentum=102.62; 2026-09-24 ratio=100.88 momentum=104.34,66.1
stock,Addictive Learn,ADDICTIVE.NS,E-Learning,Consumer Services,73.66,0.0,0.31,-75.97,22.69,8.41,,0.9,,insufficient_data,0,,,,,{},insufficient_data,insufficient_data,,,,,False,False,,0.0
stock,G-Tec Janix,GTECJAINX.NS,E-Learning,Consumer Services,27.02,0.0,0.3,100.0,2.25,-10.36,,-36.32,,not_stage_2,3,26.48,24.59,4.6,0.00115,"{'price_above_30w_ma': True, '30w_ma_rising': True, 'price_above_10w_ma': False, 'relative_strength_positive': False, 'near_52w_high': True}",lagging,lagging,98.93,99.4,-0.43,0.94,False,False,2026-09-18 ratio=99.36 momentum=98.46; 2026-09-21 ratio=98.84 momentum=97.56; 2026-09-22 ratio=100.64 momentum=99.64; 2026-09-23 ratio=100.14 momentum=100.03; 2026-09-24 ratio=98.93 momentum=99.40,69.2
stock,Usha Mart. Edu.,UMESLTD.NS,E-Learning,Consumer Services,12.04,0.0,0.02,0.0,0.12,-7.69,29.37,18.01,,not_stage_2,1,4.51,5.62,0.8,0.0002,"{'price_above_30w_ma': False, '30w_ma_rising': True, 'price_above_10w_ma': False, 'relative_strength_positive': False, 'near_52w_high': False}",lagging,lagging,98.64,99.59,0.78,-0.03,False,False,2026-09-18 ratio=97.86 momentum=99.61; 2026-09-21 ratio=97.66 momentum=98.93; 2026-09-22 ratio=98.54 momentum=99.85; 2026-09-23 ratio=98.62 momentum=99.80; 2026-09-24 ratio=98.64 momentum=99.59,21.6
stock,Docmode Health,DHTL.NS,E-Learning,Consumer Services,8.07,0.0,-0.07,95.57,7.67,-64.07,,6.12,,not_stage_2,0,27.0,39.01,-7.25,0.00117,"{'price_above_30w_ma': False, '30w_ma_rising': False, 'price_above_10w_ma': False, 'relative_strength_positive': False, 'near_52w_high': False}",lagging,lagging,98.08,97.15,0.18,-1.18,False,False,2026-09-18 ratio=97.90 momentum=98.33; 2026-09-21 ratio=98.35 momentum=98.93; 2026-09-22 ratio=97.95 momentum=97.78; 2026-09-23 ratio=97.83 momentum=97.48; 2026-09-24 ratio=98.08 momentum=97.15,0.0
stock,PVR Inox,PVRINOX.NS,"Film Production, Distribution & Exhibition","Media, Entertainment & Publication",12333.42,0.0,56.5,220.3,1622.2,11.91,38.88,6.79,,stage_2,5,1256.7,1057.06,3.01,0.05449,"{'price_above_30w_ma': True, '30w_ma_rising': True, 'price_above_10w_ma': True, 'relative_strength_positive': True, 'near_52w_high': True}",leading,leading,101.28,101.24,-0.91,-0.06,False,False,2026-09-18 ratio=102.20 momentum=101.31; 2026-09-21 ratio=102.28 momentum=101.89; 2026-09-22 ratio=102.06 momentum=103.50; 2026-09-23 ratio=101.74 momentum=100.65; 2026-09-24 ratio=101.28 momentum=101.24,163.62
stock,Media Matrix,MMWL.NS,"Film Production, Distribution & Exhibition","Media, Entertainment & Publication",1730.97,0.0,3.58,84.46,428.45,83.37,243.8,9.71,,insufficient_data,0,,,,,{},leading,lagging,100.98,101.48,2.43,3.74,True,False,2026-09-18 ratio=98.55 momentum=97.73; 2026-09-21 ratio=98.91 momentum=97.29; 2026-09-22 ratio=99.10 momentum=97.62; 2026-09-23 ratio=99.59 momentum=99.11; 2026-09-24 ratio=100.98 momentum=101.48,42.3
stock,Panorama Studios,PANORAMA.NS,"Film Production, Distribution & Exhibition","Media, Entertainment & Publication",1574.67,0.09,12.71,165.95,183.07,34.26,65.23,8.7,,insufficient_data,0,,,,,{},insufficient_data,insufficient_data,,,,,False,False,,0.0
stock,Sunshine Picture,SUNSHINE.NS,"Film Production, Distribution & Exhibition","Media, Entertainment & Publication",1364.48,0.0,0.25,123.15,6.48,16100.0,33.35,40.96,,insufficient_data,0,,,,,{},insufficient_data,insufficient_data,,,,,False,False,,0.0
stock,Connplex Cinemas,CONNPLEX.NS,"Film Production, Distribution & Exhibition","Media, Entertainment & Publication",489.92,0.0,13.03,38.91,83.46,51.97,18.92,43.55,,insufficient_data,0,,,,,{},insufficient_data,insufficient_data,,,,,False,False,,0.0
stock,Cineline India,CINELINE.NS,"Film Production, Distribution & Exhibition","Media, Entertainment & Publication",332.32,1.4,-1.21,74.27,59.27,30.87,24.69,10.86,,stage_2,4,89.17,85.05,1.15,0.00387,"{'price_above_30w_ma': True, '30w_ma_rising': True, 'price_above_10w_ma': False, 'relative_strength_positive': True, 'near_52w_high': True}",weakening,weakening,100.83,97.53,-0.14,-1.62,False,False,2026-09-18 ratio=100.97 momentum=99.16; 2026-09-21 ratio=100.88 momentum=97.48; 2026-09-22 ratio=100.71 momentum=95.75; 2026-09-23 ratio=100.75 momentum=97.03; 2026-09-24 ratio=100.83 momentum=97.53,111.45
stock,UFO Moviez,UFO.NS,"Film Production, Distribution & Exhibition","Media, Entertainment & Publication",229.58,0.0,5.64,-13.5,110.69,3.81,9.55,11.19,,not_stage_2,0,59.53,68.36,-2.06,0.00258,"{'price_above_30w_ma': False, '30w_ma_rising': False, 'price_above_10w_ma': False, 'relative_strength_positive': False, 'near_52w_high': False}",lagging,lagging,97.86,96.9,-0.07,-0.3,False,False,2026-09-18 ratio=97.93 momentum=97.20; 2026-09-21 ratio=97.88 momentum=97.50; 2026-09-22 ratio=97.93 momentum=97.75; 2026-09-23 ratio=97.83 momentum=95.67; 2026-09-24 ratio=97.86 momentum=96.90,0.0
stock,Tips Films,TIPSFILMS.NS,"Film Production, Distribution & Exhibition","Media, Entertainment & Publication",149.48,0.0,-29.41,-720.46,47.96,-49.71,,-6.69,,not_stage_2,0,311.5,348.48,-2.08,0.01351,"{'price_above_30w_ma': False, '30w_ma_rising': False, 'price_above_10w_ma': False, 'relative_strength_positive': False, 'near_52w_high': False}",lagging,lagging,99.01,97.5,-0.22,-1.19,False,False,2026-09-18 ratio=99.22 momentum=98.68; 2026-09-21 ratio=99.20 momentum=98.79; 2026-09-22 ratio=99.05 momentum=98.44; 2026-09-23 ratio=98.91 momentum=96.69; 2026-09-24 ratio=99.01 momentum=97.50,0.0
stock,Mukta Arts,MUKTAARTS.NS,"Film Production, Distribution & Exhibition","Media, Entertainment & Publication",124.04,0.0,-2.15,64.7,40.59,10.51,,11.17,,not_stage_2,4,57.4,55.0,-0.15,0.00249,"{'price_above_30w_ma': True, '30w_ma_rising': False, 'price_above_10w_ma': True, 'relative_strength_positive': True, 'near_52w_high': True}",weakening,leading,101.38,99.27,-0.01,-3.04,False,False,2026-09-18 ratio=101.40 momentum=102.31; 2026-09-21 ratio=100.50 momentum=97.86; 2026-09-22 ratio=100.52 momentum=96.48; 2026-09-23 ratio=101.19 momentum=100.30; 2026-09-24 ratio=101.38 momentum=99.27,86.9
stock,Baweja Studios L,BAWEJA.NS,"Film Production, Distribution & Exhibition","Media, Entertainment & Publication",48.74,0.0,4.57,-13.28,33.44,-22.93,8.02,7.94,,not_stage_2,2,25.85,28.32,-2.62,0.00112,"{'price_above_30w_ma': False, '30w_ma_rising': False, 'price_above_10w_ma': True, 'relative_strength_positive': True, 'near_52w_high': False}",leading,lagging,100.75,102.52,2.1,5.24,True,False,2026-09-18 ratio=98.66 momentum=97.28; 2026-09-21 ratio=99.66 momentum=99.31; 2026-09-22 ratio=99.78 momentum=99.31; 2026-09-23 ratio=100.53 momentum=101.23; 2026-09-24 ratio=100.75 momentum=102.52,86.35
stock,Metro Brands,METROBRAND.NS,Footwear,Consumer Durables,24048.41,0.68,95.26,-4.79,720.36,14.66,59.17,20.12,,not_stage_2,0,884.55,992.47,-1.66,0.03835,"{'price_above_30w_ma': False, '30w_ma_rising': False, 'price_above_10w_ma': False, 'relative_strength_positive': False, 'near_52w_high': False}",lagging,improving,99.07,97.07,-0.8,-6.18,False,False,2026-09-18 ratio=99.87 momentum=103.25; 2026-09-21 ratio=99.81 momentum=103.19; 2026-09-22 ratio=99.53 momentum=101.38; 2026-09-23 ratio=99.28 momentum=98.43; 2026-09-24 ratio=99.07 momentum=97.07,0.0
stock,Bata India,BATAINDIA.NS,Footwear,Consumer Durables,8094.67,3.97,63.98,15.88,978.95,3.94,46.56,12.74,,not_stage_2,0,627.0,693.53,-3.32,0.02719,"{'price_above_30w_ma': False, '30w_ma_rising': False, 'price_above_10w_ma': False, 'relative_strength_positive': False, 'near_52w_high': False}",lagging,lagging,98.53,96.5,0.11,-0.87,False,False,2026-09-18 ratio=98.41 momentum=97.36; 2026-09-21 ratio=98.26 momentum=97.71; 2026-09-22 ratio=98.29 momentum=97.59; 2026-09-23 ratio=98.46 momentum=98.06; 2026-09-24 ratio=98.53 momentum=96.50,0.0
stock,Relaxo Footwear,RELAXO.NS,Footwear,Consumer Durables,7385.88,1.18,54.94,12.35,705.05,7.73,39.86,11.18,,not_stage_2,0,291.7,337.65,-1.77,0.01265,"{'price_above_30w_ma': False, '30w_ma_rising': False, 'price_above_10w_ma': False, 'relative_strength_positive': False, 'near_52w_high': False}",improving,lagging,98.2,101.58,0.67,3.65,False,True,2026-09-18 ratio=97.53 momentum=97.93; 2026-09-21 ratio=97.76 momentum=98.50; 2026-09-22 ratio=97.91 momentum=99.97; 2026-09-23 ratio=98.15 momentum=101.07; 2026-09-24 ratio=98.20 momentum=101.58,7.9
stock,Redtape,REDTAPE.NS,Footwear,Consumer Durables,6687.9,1.65,44.48,15.23,481.28,3.65,27.14,24.48,,not_stage_2,2,122.13,127.0,-0.66,0.0053,"{'price_above_30w_ma': False, '30w_ma_rising': False, 'price_above_10w_ma': False, 'relative_strength_positive': True, 'near_52w_high': True}",leading,improving,100.46,103.15,1.42,1.16,True,False,2026-09-18 ratio=99.05 momentum=101.99; 2026-09-21 ratio=98.84 momentum=100.35; 2026-09-22 ratio=99.42 momentum=101.81; 2026-09-23 ratio=99.80 momentum=103.40; 2026-09-24 ratio=100.46 momentum=103.15,88.05
stock,Campus Activewe.,CAMPUS.NS,Footwear,Consumer Durables,6422.01,0.71,26.14,17.75,385.2,12.21,41.69,21.22,,not_stage_2,0,210.95,232.43,-2.93,0.00915,"{'price_above_30w_ma': False, '30w_ma_rising': False, 'price_above_10w_ma': False, 'relative_strength_positive': False, 'near_52w_high': False}",improving,lagging,99.83,100.85,0.53,4.56,False,True,2026-09-18 ratio=99.30 momentum=96.29; 2026-09-21 ratio=98.94 momentum=94.85; 2026-09-22 ratio=99.22 momentum=98.29; 2026-09-23 ratio=98.89 momentum=97.68; 2026-09-24 ratio=99.83 momentum=100.85,4.25
stock,Sreeleathers,SREEL.NS,Footwear,Consumer Durables,700.0,0.67,6.99,138.57,59.63,19.74,21.31,6.97,,stage_2,5,299.57,214.82,5.85,0.01299,"{'price_above_30w_ma': True, '30w_ma_rising': True, 'price_above_10w_ma': True, 'relative_strength_positive': True, 'near_52w_high': True}",weakening,weakening,101.41,96.96,0.31,-2.22,False,False,2026-09-18 ratio=101.10 momentum=99.19; 2026-09-21 ratio=100.93 momentum=98.93; 2026-09-22 ratio=100.94 momentum=98.56; 2026-09-23 ratio=101.21 momentum=98.67; 2026-09-24 ratio=101.41 momentum=96.96,143.75
stock,Liberty Shoes,LIBERTSHOE.NS,Footwear,Consumer Durables,402.75,0.0,0.68,-76.97,169.86,-1.7,47.27,7.91,,not_stage_2,1,237.84,249.12,-1.41,0.01031,"{'price_above_30w_ma': False, '30w_ma_rising': False, 'price_above_10w_ma': False, 'relative_strength_positive': True, 'near_52w_high': False}",leading,improving,100.19,101.94,1.7,1.62,True,False,2026-09-18 ratio=98.49 momentum=100.32; 2026-09-21 ratio=98.45 momentum=100.27; 2026-09-22 ratio=98.41 momentum=100.10; 2026-09-23 ratio=99.67 momentum=103.32; 2026-09-24 ratio=100.19 momentum=101.94,60.65
stock,Brandman Retail,BRANDMAN.NS,Footwear,Consumer Durables,308.42,0.0,4.76,1152.63,45.19,287.56,10.39,36.81,,insufficient_data,0,,,,,{},insufficient_data,insufficient_data,,,,,False,False,,0.0
stock,Khadim India,KHADIM.NS,Footwear,Consumer Durables,212.7,0.0,0.52,-39.53,77.84,-18.66,47.16,7.79,,not_stage_2,3,120.49,103.6,-2.88,0.00522,"{'price_above_30w_ma': True, '30w_ma_rising': False, 'price_above_10w_ma': True, 'relative_strength_positive': True, 'near_52w_high': False}",weakening,leading,101.38,96.87,-0.67,-4.03,False,False,2026-09-18 ratio=102.05 momentum=100.90; 2026-09-21 ratio=102.06 momentum=99.90; 2026-09-22 ratio=101.79 momentum=99.33; 2026-09-23 ratio=101.48 momentum=97.51; 2026-09-24 ratio=101.38 momentum=96.87,66.9
stock,ICICI Lombard,ICICIGI.NS,General Insurance,Financial Services,77702.97,0.87,403.17,-46.03,7088.22,10.83,32.0,21.88,,not_stage_2,3,1577.0,1717.07,-3.03,0.06838,"{'price_above_30w_ma': False, '30w_ma_rising': False, 'price_above_10w_ma': True, 'relative_strength_positive': True, 'near_52w_high': True}",leading,improving,101.15,103.38,2.49,2.64,True,False,2026-09-18 ratio=98.66 momentum=100.75; 2026-09-21 ratio=99.31 momentum=103.02; 2026-09-22 ratio=98.97 momentum=102.01; 2026-09-23 ratio=99.18 momentum=102.31; 2026-09-24 ratio=101.15 momentum=103.38,112.65
stock,General Insuranc,GICRE.NS,General Insurance,Financial Services,59219.73,3.93,1743.67,-31.1,14400.9,-1.52,6.67,17.35,,not_stage_2,1,339.25,369.74,-1.22,0.01471,"{'price_above_30w_ma': False, '30w_ma_rising': False, 'price_above_10w_ma': False, 'relative_strength_positive': False, 'near_52w_high': True}",lagging,leading,99.89,98.83,-1.27,-2.14,False,False,2026-09-18 ratio=101.16 momentum=100.97; 2026-09-21 ratio=100.11 momentum=99.00; 2026-09-22 ratio=99.43 momentum=99.71; 2026-09-23 ratio=99.70 momentum=99.94; 2026-09-24 ratio=99.89 momentum=98.83,20.0
stock,Star Health Insu,STARHEALTH.NS,General Insurance,Financial Services,32883.9,0.0,549.73,25.46,5522.07,13.15,38.95,9.69,,stage_2,4,550.4,535.38,2.37,0.02386,"{'price_above_30w_ma': True, '30w_ma_rising': True, 'price_above_10w_ma': False, 'relative_strength_positive': True, 'near_52w_high': True}",lagging,improving,99.83,99.01,1.1,-1.24,False,False,2026-09-18 ratio=98.74 momentum=100.25; 2026-09-21 ratio=98.30 momentum=99.91; 2026-09-22 ratio=98.67 momentum=99.23; 2026-09-23 ratio=98.87 momentum=98.48; 2026-09-24 ratio=99.83 momentum=99.01,109.74
stock,New India Assura,NIACL.NS,General Insurance,Financial Services,29071.45,0.85,-239.15,-160.61,11899.69,1.54,37.79,4.29,,not_stage_2,3,180.4,168.51,4.1,0.00782,"{'price_above_30w_ma': True, '30w_ma_rising': True, 'price_above_10w_ma': False, 'relative_strength_positive': False, 'near_52w_high': True}",weakening,weakening,100.19,95.46,-0.41,-3.32,False,False,2026-09-18 ratio=100.61 momentum=98.78; 2026-09-21 ratio=100.48 momentum=95.76; 2026-09-22 ratio=100.57 momentum=93.95; 2026-09-23 ratio=100.73 momentum=97.46; 2026-09-24 ratio=100.19 momentum=95.46,69.15
stock,Go Digit General,GODIGIT.NS,General Insurance,Financial Services,23466.56,0.0,86.39,-37.55,2427.02,8.54,47.66,13.1,,not_stage_2,1,250.3,295.21,-3.27,0.01085,"{'price_above_30w_ma': False, '30w_ma_rising': False, 'price_above_10w_ma': False, 'relative_strength_positive': True, 'near_52w_high': False}",leading,lagging,100.06,101.35,1.3,3.38,True,False,2026-09-18 ratio=98.76 momentum=97.97; 2026-09-21 ratio=98.86 momentum=98.48; 2026-09-22 ratio=98.96 momentum=98.83; 2026-09-23 ratio=99.08 momentum=98.57; 2026-09-24 ratio=100.06 momentum=101.35,57.05
stock,Niva Bupa Health,NIVABUPA.NS,General Insurance,Financial Services,14272.36,0.0,137.8,92.89,2471.26,27.93,81.91,3.15,,not_stage_2,2,76.13,80.54,0.41,0.0033,"{'price_above_30w_ma': False, '30w_ma_rising': True, 'price_above_10w_ma': False, 'relative_strength_positive': False, 'near_52w_high': True}",lagging,improving,97.9,98.56,-1.23,-2.81,False,False,2026-09-18 ratio=99.13 momentum=101.37; 2026-09-21 ratio=99.49 momentum=102.88; 2026-09-22 ratio=99.85 momentum=102.45; 2026-09-23 ratio=99.36 momentum=100.99; 2026-09-24 ratio=97.90 momentum=98.56,40.82
stock,LG Electronics,LGEINDIA.NS,Household Appliances,Consumer Durables,117105.04,0.0,652.86,27.2,7233.35,15.49,64.18,32.27,,stage_2,5,1697.7,1570.92,1.12,0.07361,"{'price_above_30w_ma': True, '30w_ma_rising': True, 'price_above_10w_ma': True, 'relative_strength_positive': True, 'near_52w_high': True}",leading,leading,101.89,101.39,-0.03,-0.07,False,False,2026-09-18 ratio=101.92 momentum=101.46; 2026-09-21 ratio=101.24 momentum=100.35; 2026-09-22 ratio=101.36 momentum=100.02; 2026-09-23 ratio=101.58 momentum=98.82; 2026-09-24 ratio=101.89 momentum=101.39,163.64
stock,Voltas,VOLTAS.NS,Household Appliances,Consumer Durables,36880.29,0.36,212.76,52.19,4673.5,18.66,78.98,9.04,,not_stage_2,0,1113.4,1296.31,-3.74,0.04828,"{'price_above_30w_ma': False, '30w_ma_rising': False, 'price_above_10w_ma': False, 'relative_strength_positive': False, 'near_52w_high': False}",improving,improving,98.76,101.9,0.47,1.75,False,True,2026-09-18 ratio=98.29 momentum=100.15; 2026-09-21 ratio=98.78 momentum=102.64; 2026-09-22 ratio=98.28 momentum=99.80; 2026-09-23 ratio=98.69 momentum=102.76; 2026-09-24 ratio=98.76 momentum=101.90,9.5
stock,Blue Star,BLUESTARCO.NS,Household Appliances,Consumer Durables,32178.72,0.54,102.51,-21.03,3377.92,13.27,60.81,21.24,,not_stage_2,2,1525.0,1642.69,-3.31,0.06612,"{'price_above_30w_ma': False, '30w_ma_rising': False, 'price_above_10w_ma': False, 'relative_strength_positive': True, 'near_52w_high': True}",leading,leading,100.37,104.83,0.29,2.67,False,False,2026-09-18 ratio=100.09 momentum=102.16; 2026-09-21 ratio=100.42 momentum=102.85; 2026-09-22 ratio=100.06 momentum=101.69; 2026-09-23 ratio=100.10 momentum=102.96; 2026-09-24 ratio=100.37 momentum=104.83,86.0
stock,Amber Enterp.,AMBER.NS,Household Appliances,Consumer Durables,24549.91,0.0,3.09,-3.37,3887.72,12.72,118.98,10.29,,not_stage_2,1,6911.0,7470.32,-0.55,0.29966,"{'price_above_30w_ma': False, '30w_ma_rising': False, 'price_above_10w_ma': False, 'relative_strength_positive': False, 'near_52w_high': True}",lagging,lagging,99.29,98.14,-0.47,-0.88,False,False,2026-09-18 ratio=99.75 momentum=99.01; 2026-09-21 ratio=99.57 momentum=97.85; 2026-09-22 ratio=99.28 momentum=96.85; 2026-09-23 ratio=99.44 momentum=98.17; 2026-09-24 ratio=99.29 momentum=98.14,20.0
stock,Crompton Gr. Con,CROMPTON.NS,Household Appliances,Consumer Durables,14053.6,1.37,140.32,12.12,2022.47,11.2,30.96,18.98,,not_stage_2,0,219.8,255.49,-1.61,0.00953,"{'price_above_30w_ma': False, '30w_ma_rising': False, 'price_above_10w_ma': False, 'relative_strength_positive': False, 'near_52w_high': False}",lagging,improving,98.63,97.18,-0.22,-7.56,False,False,2026-09-18 ratio=98.85 momentum=104.74; 2026-09-21 ratio=98.64 momentum=100.85; 2026-09-22 ratio=98.49 momentum=99.79; 2026-09-23 ratio=98.58 momentum=99.05; 2026-09-24 ratio=98.63 momentum=97.18,0.0
stock,V-Guard Industri,VGUARD.NS,Household Appliances,Consumer Durables,13288.9,0.49,130.25,76.37,1810.65,23.5,34.97,18.38,,not_stage_2,2,308.6,317.15,0.05,0.01338,"{'price_above_30w_ma': False, '30w_ma_rising': True, 'price_above_10w_ma': False, 'relative_strength_positive': False, 'near_52w_high': True}",lagging,weakening,99.98,97.14,-0.92,2.44,False,False,2026-09-18 ratio=100.89 momentum=94.70; 2026-09-21 ratio=100.78 momentum=96.16; 2026-09-22 ratio=100.55 momentum=96.57; 2026-09-23 ratio=100.17 momentum=96.74; 2026-09-24 ratio=99.98 momentum=97.14,40.1
stock,Whirlpool India,WHIRLPOOL.NS,Household Appliances,Consumer Durables,11629.64,0.54,102.88,-29.4,2726.75,12.1,42.65,10.67,,not_stage_2,3,853.45,825.72,-1.81,0.03701,"{'price_above_30w_ma': True, '30w_ma_rising': False, 'price_above_10w_ma': True, 'relative_strength_positive': True, 'near_52w_high': False}",leading,lagging,103.32,100.9,5.43,3.17,True,False,2026-09-18 ratio=97.88 momentum=97.72; 2026-09-21 ratio=98.17 momentum=97.60; 2026-09-22 ratio=98.27 momentum=97.43; 2026-09-23 ratio=103.76 momentum=101.16; 2026-09-24 ratio=103.32 momentum=100.90,111.1
stock,Eureka Forbes,EUREKAFORB.NS,Household Appliances,Consumer Durables,7186.28,0.0,55.44,6.98,700.77,15.31,35.94,5.86,,not_stage_2,0,375.1,451.91,-3.18,0.01626,"{'price_above_30w_ma': False, '30w_ma_rising': False, 'price_above_10w_ma': False, 'relative_strength_positive': False, 'near_52w_high': False}",lagging,lagging,98.21,99.72,0.16,4.53,False,False,2026-09-18 ratio=98.06 momentum=95.19; 2026-09-21 ratio=97.79 momentum=94.38; 2026-09-22 ratio=97.94 momentum=98.99; 2026-09-23 ratio=97.99 momentum=97.56; 2026-09-24 ratio=98.21 momentum=99.72,0.0
stock,TTK Prestige,TTKPRESTIG.NS,Household Appliances,Consumer Durables,7116.23,1.43,58.97,103.94,813.85,33.57,34.39,12.1,,not_stage_2,1,515.3,547.35,-0.26,0.02234,"{'price_above_30w_ma': False, '30w_ma_rising': False, 'price_above_10w_ma': False, 'relative_strength_positive': False, 'near_52w_high': True}",improving,lagging,98.54,101.38,0.04,3.98,False,True,2026-09-18 ratio=98.50 momentum=97.40; 2026-09-21 ratio=98.39 momentum=100.07; 2026-09-22 ratio=98.33 momentum=101.27; 2026-09-23 ratio=98.53 momentum=101.24; 2026-09-24 ratio=98.54 momentum=101.38,26.9
stock,IFB Industries,IFBIND.NS,Household Appliances,Consumer Durables,4966.14,0.0,38.06,50.08,1523.52,17.1,31.78,18.22,,not_stage_2,2,1222.3,1210.76,1.17,0.053,"{'price_above_30w_ma': True, '30w_ma_rising': True, 'price_above_10w_ma': False, 'relative_strength_positive': False, 'near_52w_high': False}",lagging,lagging,98.56,99.27,0.68,1.71,False,False,2026-09-18 ratio=97.89 momentum=97.56; 2026-09-21 ratio=97.87 momentum=97.97; 2026-09-22 ratio=97.85 momentum=97.61; 2026-09-23 ratio=98.91 momentum=99.17; 2026-09-24 ratio=98.56 momentum=99.27,42.34
stock,Adani Total Gas,ATGL.NS,LPG/CNG/PNG/LNG Supplier,"Oil, Gas & Consumable Fuels",67280.87,0.04,133.03,-17.97,1743.48,27.1,110.71,15.09,,not_stage_2,2,612.4,642.31,2.04,0.02655,"{'price_above_30w_ma': False, '30w_ma_rising': True, 'price_above_10w_ma': False, 'relative_strength_positive': False, 'near_52w_high': True}",improving,leading,99.76,100.87,-1.19,-2.47,False,False,2026-09-18 ratio=100.96 momentum=103.34; 2026-09-21 ratio=100.22 momentum=102.04; 2026-09-22 ratio=99.93 momentum=101.78; 2026-09-23 ratio=99.83 momentum=101.27; 2026-09-24 ratio=99.76 momentum=100.87,48.43
stock,Petronet LNG,PETRONET.NS,LPG/CNG/PNG/LNG Supplier,"Oil, Gas & Consumable Fuels",43087.76,3.49,1137.14,35.07,5557.84,-53.22,10.24,22.55,,not_stage_2,4,286.6,277.41,-0.74,0.01243,"{'price_above_30w_ma': True, '30w_ma_rising': False, 'price_above_10w_ma': True, 'relative_strength_positive': True, 'near_52w_high': True}",weakening,leading,101.55,99.85,-0.5,-1.66,False,False,2026-09-18 ratio=102.06 momentum=101.50; 2026-09-21 ratio=101.31 momentum=99.83; 2026-09-22 ratio=100.74 momentum=96.86; 2026-09-23 ratio=101.00 momentum=99.08; 2026-09-24 ratio=101.55 momentum=99.85,87.75
stock,Gujarat Energy,GUJENERGY.NS,LPG/CNG/PNG/LNG Supplier,"Oil, Gas & Consumable Fuels",22131.92,3.77,1007.4,69.8,9544.98,63.12,11.32,11.73,,not_stage_2,0,235.72,324.07,-6.51,0.01022,"{'price_above_30w_ma': False, '30w_ma_rising': False, 'price_above_10w_ma': False, 'relative_strength_positive': False, 'near_52w_high': False}",lagging,lagging,98.41,97.27,-0.27,-1.15,False,False,2026-09-18 ratio=98.67 momentum=98.42; 2026-09-21 ratio=98.07 momentum=97.46; 2026-09-22 ratio=97.52 momentum=96.87; 2026-09-23 ratio=98.14 momentum=97.61; 2026-09-24 ratio=98.41 momentum=97.27,0.0
stock,Indraprastha Gas,IGL.NS,LPG/CNG/PNG/LNG Supplier,"Oil, Gas & Consumable Fuels",20298.59,2.24,237.92,-43.97,4586.73,17.19,14.91,17.52,,not_stage_2,1,145.74,156.4,-1.62,0.00632,"{'price_above_30w_ma': False, '30w_ma_rising': False, 'price_above_10w_ma': False, 'relative_strength_positive': True, 'near_52w_high': False}",weakening,leading,100.2,97.37,-0.35,-3.97,False,False,2026-09-18 ratio=100.56 momentum=101.34; 2026-09-21 ratio=100.51 momentum=97.76; 2026-09-22 ratio=99.94 momentum=97.89; 2026-09-23 ratio=99.83 momentum=97.26; 2026-09-24 ratio=100.20 momentum=97.37,21.0
stock,Mahanagar Gas,MGL.NS,LPG/CNG/PNG/LNG Supplier,"Oil, Gas & Consumable Fuels",10585.99,2.8,193.7,-39.39,2371.71,13.95,14.68,17.14,,not_stage_2,2,1079.6,1092.33,-0.82,0.04681,"{'price_above_30w_ma': False, '30w_ma_rising': False, 'price_above_10w_ma': False, 'relative_strength_positive': True, 'near_52w_high': True}",leading,leading,101.46,101.66,0.69,-2.79,False,False,2026-09-18 ratio=100.77 momentum=104.45; 2026-09-21 ratio=100.35 momentum=100.99; 2026-09-22 ratio=99.94 momentum=99.82; 2026-09-23 ratio=101.22 momentum=100.42; 2026-09-24 ratio=101.46 momentum=101.66,75.6
stock,Confidence Petro,CONFIPET.NS,LPG/CNG/PNG/LNG Supplier,"Oil, Gas & Consumable Fuels",2928.28,0.11,62.55,207.04,2408.53,116.6,21.75,9.23,,stage_2,5,86.29,66.11,12.65,0.00374,"{'price_above_30w_ma': True, '30w_ma_rising': True, 'price_above_10w_ma': True, 'relative_strength_positive': True, 'near_52w_high': True}",weakening,leading,101.44,95.05,-1.12,-5.27,False,False,2026-09-18 ratio=102.56 momentum=100.32; 2026-09-21 ratio=101.89 momentum=100.20; 2026-09-22 ratio=101.51 momentum=99.60; 2026-09-23 ratio=101.72 momentum=99.81; 2026-09-24 ratio=101.44 momentum=95.05,157.5
stock,IRM Energy,IRMENERGY.NS,LPG/CNG/PNG/LNG Supplier,"Oil, Gas & Consumable Fuels",1099.99,0.56,33.81,142.89,325.85,24.13,15.05,8.63,,not_stage_2,3,267.6,260.85,1.68,0.0116,"{'price_above_30w_ma': True, '30w_ma_rising': True, 'price_above_10w_ma': False, 'relative_strength_positive': True, 'near_52w_high': False}",weakening,weakening,100.18,97.07,-0.03,-1.08,False,False,2026-09-18 ratio=100.22 momentum=98.15; 2026-09-21 ratio=100.25 momentum=98.79; 2026-09-22 ratio=100.05 momentum=97.70; 2026-09-23 ratio=100.28 momentum=98.25; 2026-09-24 ratio=100.18 momentum=97.07,64.26
stock,Life Insurance,LICI.NS,Life Insurance,Financial Services,517448.06,2.44,13584.25,23.98,239865.7,6.76,8.61,35.14,,not_stage_2,2,406.0,409.31,-0.89,0.0176,"{'price_above_30w_ma': False, '30w_ma_rising': False, 'price_above_10w_ma': False, 'relative_strength_positive': True, 'near_52w_high': True}",leading,leading,100.77,101.8,0.45,0.89,False,False,2026-09-18 ratio=100.32 momentum=100.91; 2026-09-21 ratio=99.70 momentum=98.95; 2026-09-22 ratio=100.20 momentum=101.18; 2026-09-23 ratio=100.30 momentum=100.96; 2026-09-24 ratio=100.77 momentum=101.80,72.85
stock,SBI Life Insuran,SBILIFE.NS,Life Insurance,Financial Services,174494.88,0.15,724.93,21.97,46336.78,18.82,67.09,14.95,,not_stage_2,2,1755.0,1822.65,-2.15,0.0761,"{'price_above_30w_ma': False, '30w_ma_rising': False, 'price_above_10w_ma': False, 'relative_strength_positive': True, 'near_52w_high': True}",leading,improving,100.76,102.82,1.05,0.8,True,False,2026-09-18 ratio=99.72 momentum=102.02; 2026-09-21 ratio=100.15 momentum=100.72; 2026-09-22 ratio=100.31 momentum=101.79; 2026-09-23 ratio=100.22 momentum=102.34; 2026-09-24 ratio=100.76 momentum=102.82,87.9
stock,HDFC Life Insur.,HDFCLIFE.NS,Life Insurance,Financial Services,115200.49,0.4,611.19,11.46,33758.51,14.58,58.32,10.3,,not_stage_2,1,526.9,579.17,-3.82,0.02285,"{'price_above_30w_ma': False, '30w_ma_rising': False, 'price_above_10w_ma': False, 'relative_strength_positive': True, 'near_52w_high': False}",leading,leading,100.26,101.46,-1.44,-0.8,False,False,2026-09-18 ratio=101.70 momentum=102.26; 2026-09-21 ratio=102.16 momentum=101.66; 2026-09-22 ratio=102.24 momentum=102.14; 2026-09-23 ratio=102.09 momentum=101.75; 2026-09-24 ratio=100.26 momentum=101.46,48.6
stock,ICICI Pru Life,ICICIPRULI.NS,Life Insurance,Financial Services,67191.92,0.36,623.91,61.94,3185.46,-79.69,41.79,10.14,,not_stage_2,0,464.5,515.09,-4.2,0.02014,"{'price_above_30w_ma': False, '30w_ma_rising': False, 'price_above_10w_ma': False, 'relative_strength_positive': False, 'near_52w_high': False}",improving,leading,98.57,100.83,-2.06,0.11,False,False,2026-09-18 ratio=100.62 momentum=100.72; 2026-09-21 ratio=100.59 momentum=100.73; 2026-09-22 ratio=100.18 momentum=102.23; 2026-09-23 ratio=99.74 momentum=101.74; 2026-09-24 ratio=98.57 momentum=100.83,4.15
stock,Max Financial,MFSL.NS,Life Insurance,Financial Services,50568.78,0.0,118.29,36.38,14969.51,16.75,466.05,2.87,,not_stage_2,1,1410.0,1586.14,-2.46,0.06114,"{'price_above_30w_ma': False, '30w_ma_rising': False, 'price_above_10w_ma': False, 'relative_strength_positive': False, 'near_52w_high': True}",lagging,leading,98.45,99.41,-3.22,-2.32,False,False,2026-09-18 ratio=101.67 momentum=101.73; 2026-09-21 ratio=101.83 momentum=101.41; 2026-09-22 ratio=101.64 momentum=101.54; 2026-09-23 ratio=101.68 momentum=101.75; 2026-09-24 ratio=98.45 momentum=99.41,20.0
stock,Canara HSBC,CANHLIFE.NS,Life Insurance,Financial Services,14317.44,0.27,28.14,20.15,4350.86,19.81,109.02,8.35,,stage_2,4,151.51,145.19,0.58,0.00657,"{'price_above_30w_ma': True, '30w_ma_rising': True, 'price_above_10w_ma': False, 'relative_strength_positive': True, 'near_52w_high': True}",leading,weakening,101.3,101.12,-0.23,1.16,False,False,2026-09-18 ratio=101.53 momentum=99.95; 2026-09-21 ratio=101.25 momentum=97.48; 2026-09-22 ratio=101.41 momentum=99.75; 2026-09-23 ratio=100.82 momentum=97.81; 2026-09-24 ratio=101.30 momentum=101.12,138.26
stock,Container Corpn.,CONCOR.NS,Logistics Solution Provider,Services,35171.29,1.86,268.9,0.08,2159.76,0.28,28.32,12.64,,not_stage_2,1,466.3,486.85,-0.19,0.02022,"{'price_above_30w_ma': False, '30w_ma_rising': False, 'price_above_10w_ma': False, 'relative_strength_positive': False, 'near_52w_high': True}",lagging,leading,98.5,97.56,-2.5,-2.95,False,False,2026-09-18 ratio=101.00 momentum=100.51; 2026-09-21 ratio=99.59 momentum=97.66; 2026-09-22 ratio=97.98 momentum=97.05; 2026-09-23 ratio=97.72 momentum=97.46; 2026-09-24 ratio=98.50 momentum=97.56,20.0
stock,Delhivery,DELHIVERY.NS,Logistics Solution Provider,Services,31672.67,0.0,31.91,-64.95,2930.73,27.76,265.53,1.01,,not_stage_2,2,426.3,456.32,0.22,0.01848,"{'price_above_30w_ma': False, '30w_ma_rising': True, 'price_above_10w_ma': False, 'relative_strength_positive': False, 'near_52w_high': True}",lagging,lagging,98.88,97.45,0.16,-0.14,False,False,2026-09-18 ratio=98.72 momentum=97.59; 2026-09-21 ratio=99.04 momentum=99.05; 2026-09-22 ratio=98.88 momentum=98.80; 2026-09-23 ratio=99.00 momentum=98.44; 2026-09-24 ratio=98.88 momentum=97.45,40.44
stock,Shadowfax Technologies,SHADOWFAX.NS,Logistics Solution Provider,Services,16582.45,0.0,66.2,624.29,1323.85,66.33,96.28,10.3,,stage_2,5,285.8,198.47,10.66,0.01239,"{'price_above_30w_ma': True, '30w_ma_rising': True, 'price_above_10w_ma': True, 'relative_strength_positive': True, 'near_52w_high': True}",leading,weakening,102.45,101.83,1.4,4.42,True,False,2026-09-18 ratio=101.05 momentum=97.41; 2026-09-21 ratio=102.06 momentum=101.39; 2026-09-22 ratio=102.46 momentum=102.72; 2026-09-23 ratio=102.37 momentum=102.17; 2026-09-24 ratio=102.45 momentum=101.83,197.72
stock,Blue Dart Expres,BLUEDART.NS,Logistics Solution Provider,Services,11237.07,0.53,88.49,81.22,1657.72,14.97,34.66,15.77,,not_stage_2,0,4793.0,5036.65,-2.3,0.20782,"{'price_above_30w_ma': False, '30w_ma_rising': False, 'price_above_10w_ma': False, 'relative_strength_positive': False, 'near_52w_high': False}",lagging,lagging,99.87,98.17,0.29,1.14,False,False,2026-09-18 ratio=99.58 momentum=97.04; 2026-09-21 ratio=99.25 momentum=97.67; 2026-09-22 ratio=99.22 momentum=97.43; 2026-09-23 ratio=99.09 momentum=96.58; 2026-09-24 ratio=99.87 momentum=98.17,0.0
stock,Transport Corp.,TCI.NS,Logistics Solution Provider,Services,6788.75,1.13,106.6,-0.75,1248.5,9.58,14.87,19.45,,not_stage_2,0,833.45,928.14,-2.69,0.03614,"{'price_above_30w_ma': False, '30w_ma_rising': False, 'price_above_10w_ma': False, 'relative_strength_positive': False, 'near_52w_high': False}",lagging,lagging,98.99,99.81,1.09,0.27,False,False,2026-09-18 ratio=97.91 momentum=99.54; 2026-09-21 ratio=97.08 momentum=98.40; 2026-09-22 ratio=97.65 momentum=99.21; 2026-09-23 ratio=98.25 momentum=98.89; 2026-09-24 ratio=98.99 momentum=99.81,0.0
stock,TVS Supply,TVSSCS.NS,Logistics Solution Provider,Services,5746.06,0.0,22.48,-84.26,3335.22,28.66,81.07,10.06,,stage_2,5,130.47,123.17,1.54,0.00566,"{'price_above_30w_ma': True, '30w_ma_rising': True, 'price_above_10w_ma': True, 'relative_strength_positive': True, 'near_52w_high': True}",leading,leading,101.07,103.67,-0.25,0.77,False,False,2026-09-18 ratio=101.31 momentum=102.90; 2026-09-21 ratio=101.08 momentum=101.98; 2026-09-22 ratio=101.08 momentum=102.09; 2026-09-23 ratio=101.01 momentum=102.38; 2026-09-24 ratio=101.07 momentum=103.67,171.78
stock,VRL Logistics,VRLLOG.NS,Logistics Solution Provider,Services,5067.93,1.73,80.53,60.93,878.84,18.07,18.96,18.27,,stage_2,5,291.65,258.36,0.45,0.01265,"{'price_above_30w_ma': True, '30w_ma_rising': True, 'price_above_10w_ma': True, 'relative_strength_positive': True, 'near_52w_high': True}",leading,weakening,101.02,100.04,-0.03,2.45,False,False,2026-09-18 ratio=101.05 momentum=97.59; 2026-09-21 ratio=100.92 momentum=96.24; 2026-09-22 ratio=100.92 momentum=97.82; 2026-09-23 ratio=100.83 momentum=94.77; 2026-09-24 ratio=101.02 momentum=100.04,151.2
stock,Mahindra Logis.,MAHLOG.NS,Logistics Solution Provider,Services,4175.61,0.59,27.83,335.09,2002.88,23.29,105.97,7.36,,stage_2,5,420.05,384.31,0.19,0.01821,"{'price_above_30w_ma': True, '30w_ma_rising': True, 'price_above_10w_ma': True, 'relative_strength_positive': True, 'near_52w_high': True}",leading,weakening,103.42,101.89,2.94,2.35,True,False,2026-09-18 ratio=100.48 momentum=99.53; 2026-09-21 ratio=101.06 momentum=99.85; 2026-09-22 ratio=101.33 momentum=100.42; 2026-09-23 ratio=102.76 momentum=101.23; 2026-09-24 ratio=103.42 momentum=101.89,181.93
stock,Gateway Distri,GATEWAY.NS,Logistics Solution Provider,Services,2621.12,3.81,51.26,-20.79,549.3,-0.21,10.69,10.83,,not_stage_2,1,52.37,56.25,-1.45,0.00227,"{'price_above_30w_ma': False, '30w_ma_rising': False, 'price_above_10w_ma': False, 'relative_strength_positive': False, 'near_52w_high': True}",improving,improving,99.62,101.43,0.23,0.34,False,True,2026-09-18 ratio=99.39 momentum=101.09; 2026-09-21 ratio=99.16 momentum=97.78; 2026-09-22 ratio=99.17 momentum=99.53; 2026-09-23 ratio=99.26 momentum=98.97; 2026-09-24 ratio=99.62 momentum=101.43,27.15
stock,TCI Express,TCIEXP.NS,Logistics Solution Provider,Services,1922.71,1.4,22.38,6.37,311.95,8.79,21.09,14.63,,not_stage_2,0,492.75,526.73,-1.32,0.02137,"{'price_above_30w_ma': False, '30w_ma_rising': False, 'price_above_10w_ma': False, 'relative_strength_positive': False, 'near_52w_high': False}",lagging,lagging,98.54,97.86,1.25,-0.14,False,False,2026-09-18 ratio=97.29 momentum=98.00; 2026-09-21 ratio=97.33 momentum=97.66; 2026-09-22 ratio=97.78 momentum=97.91; 2026-09-23 ratio=98.70 momentum=98.17; 2026-09-24 ratio=98.54 momentum=97.86,0.0
stock,Castrol India,CASTROLIND.NS,Lubricants,"Oil, Gas & Consumable Fuels",19963.0,4.34,347.7,42.5,1871.47,25.03,18.51,60.27,,stage_2,5,194.8,185.22,0.45,0.00845,"{'price_above_30w_ma': True, '30w_ma_rising': True, 'price_above_10w_ma': True, 'relative_strength_positive': True, 'near_52w_high': True}",weakening,leading,102.59,98.92,-0.94,-7.04,False,False,2026-09-18 ratio=103.53 momentum=105.96; 2026-09-21 ratio=102.38 momentum=98.42; 2026-09-22 ratio=102.71 momentum=100.39; 2026-09-23 ratio=101.92 momentum=97.68; 2026-09-24 ratio=102.59 momentum=98.92,138.85
stock,Gulf Oil Lubric.,GULFOILLUB.NS,Lubricants,"Oil, Gas & Consumable Fuels",5488.85,4.61,127.52,31.93,1320.36,32.52,13.81,27.23,,not_stage_2,3,1090.8,1015.0,-0.44,0.0473,"{'price_above_30w_ma': True, '30w_ma_rising': False, 'price_above_10w_ma': False, 'relative_strength_positive': True, 'near_52w_high': True}",leading,weakening,100.65,101.24,0.55,3.23,True,False,2026-09-18 ratio=100.10 momentum=98.01; 2026-09-21 ratio=99.80 momentum=100.38; 2026-09-22 ratio=99.72 momentum=100.82; 2026-09-23 ratio=100.49 momentum=103.40; 2026-09-24 ratio=100.65 momentum=101.24,99.45
stock,Savita Oil Tech,SOTL.NS,Lubricants,"Oil, Gas & Consumable Fuels",4889.72,0.7,292.25,395.59,1479.77,49.6,11.45,13.96,,stage_2,5,726.5,524.51,10.08,0.0315,"{'price_above_30w_ma': True, '30w_ma_rising': True, 'price_above_10w_ma': True, 'relative_strength_positive': True, 'near_52w_high': True}",leading,weakening,101.4,102.67,0.32,4.87,True,False,2026-09-18 ratio=101.08 momentum=97.79; 2026-09-21 ratio=101.29 momentum=98.56; 2026-09-22 ratio=101.28 momentum=101.19; 2026-09-23 ratio=101.02 momentum=101.82; 2026-09-24 ratio=101.40 momentum=102.67,195.51
stock,Panama Petrochem,PANAMAPET.NS,Lubricants,"Oil, Gas & Consumable Fuels",2865.26,0.63,308.91,624.8,1735.15,150.3,5.98,19.15,,stage_2,4,480.6,379.83,7.35,0.02084,"{'price_above_30w_ma': True, '30w_ma_rising': True, 'price_above_10w_ma': False, 'relative_strength_positive': True, 'near_52w_high': True}",weakening,weakening,100.98,98.7,0.52,-0.38,False,False,2026-09-18 ratio=100.46 momentum=99.08; 2026-09-21 ratio=100.56 momentum=98.67; 2026-09-22 ratio=100.83 momentum=100.02; 2026-09-23 ratio=100.69 momentum=99.49; 2026-09-24 ratio=100.98 momentum=98.70,124.6
stock,Gandhar Oil Ref.,GANDHAR.NS,Lubricants,"Oil, Gas & Consumable Fuels",2562.0,0.76,205.89,633.09,1731.93,91.81,8.5,13.33,,stage_2,5,262.7,189.41,9.6,0.01139,"{'price_above_30w_ma': True, '30w_ma_rising': True, 'price_above_10w_ma': True, 'relative_strength_positive': True, 'near_52w_high': True}",weakening,leading,101.06,98.35,-0.59,-2.82,False,False,2026-09-18 ratio=101.65 momentum=101.18; 2026-09-21 ratio=101.20 momentum=98.90; 2026-09-22 ratio=101.27 momentum=99.80; 2026-09-23 ratio=101.15 momentum=99.25; 2026-09-24 ratio=101.06 momentum=98.35,149.5
stock,Veedol Corporat,VEEDOL.NS,Lubricants,"Oil, Gas & Consumable Fuels",2429.73,4.16,77.92,56.88,608.57,18.49,11.05,24.09,,not_stage_2,0,1364.3,1420.49,-0.2,0.05916,"{'price_above_30w_ma': False, '30w_ma_rising': False, 'price_above_10w_ma': False, 'relative_strength_positive': False, 'near_52w_high': False}",lagging,lagging,99.46,97.91,0.16,0.21,False,False,2026-09-18 ratio=99.29 momentum=97.70; 2026-09-21 ratio=98.74 momentum=96.72; 2026-09-22 ratio=99.19 momentum=97.89; 2026-09-23 ratio=98.95 momentum=97.19; 2026-09-24 ratio=99.46 momentum=97.91,0.0
stock,GP Petroleums,GULFPETRO.NS,Lubricants,"Oil, Gas & Consumable Fuels",310.2,0.82,21.19,229.04,230.33,45.6,7.13,10.84,,stage_2,5,63.55,43.03,10.52,0.00276,"{'price_above_30w_ma': True, '30w_ma_rising': True, 'price_above_10w_ma': True, 'relative_strength_positive': True, 'near_52w_high': True}",weakening,weakening,100.76,96.58,0.1,-0.44,False,False,2026-09-18 ratio=100.66 momentum=97.02; 2026-09-21 ratio=100.59 momentum=97.36; 2026-09-22 ratio=100.74 momentum=98.22; 2026-09-23 ratio=100.96 momentum=99.42; 2026-09-24 ratio=100.76 momentum=96.58,149.84
stock,Arabian Petrol.,ARABIAN.NS,Lubricants,"Oil, Gas & Consumable Fuels",95.85,0.0,5.21,3.37,200.25,36.98,8.51,18.46,,stage_2,5,87.0,73.78,2.39,0.00377,"{'price_above_30w_ma': True, '30w_ma_rising': True, 'price_above_10w_ma': True, 'relative_strength_positive': True, 'near_52w_high': True}",leading,weakening,101.17,100.09,0.09,0.7,True,False,2026-09-18 ratio=101.08 momentum=99.39; 2026-09-21 ratio=101.74 momentum=101.16; 2026-09-22 ratio=101.26 momentum=100.05; 2026-09-23 ratio=101.22 momentum=99.92; 2026-09-24 ratio=101.17 momentum=100.09,166.08
stock,Sundrex Oil,SOCL.NS,Lubricants,"Oil, Gas & Consumable Fuels",38.85,0.0,2.9,-16.18,67.25,96.29,7.3,21.24,,insufficient_data,0,,,,,{},insufficient_data,insufficient_data,,,,,False,False,,0.0
stock,Venky's (India),VENKEYS.NS,Meat Products including Poultry,Fast Moving Consumer Goods,2328.84,0.61,49.99,215.79,1118.38,29.17,13.43,11.9,,stage_2,5,1664.1,1484.71,2.28,0.07215,"{'price_above_30w_ma': True, '30w_ma_rising': True, 'price_above_10w_ma': True, 'relative_strength_positive': True, 'near_52w_high': True}",weakening,weakening,101.42,98.14,0.14,0.69,False,False,2026-09-18 ratio=101.28 momentum=97.44; 2026-09-21 ratio=101.12 momentum=98.24; 2026-09-22 ratio=101.48 momentum=99.14; 2026-09-23 ratio=101.49 momentum=97.98; 2026-09-24 ratio=101.42 momentum=98.14,136.66
stock,HMA Agro Inds.,HMAAGRO.NS,Meat Products including Poultry,Fast Moving Consumer Goods,1199.82,1.25,50.51,6158.02,2110.32,87.98,5.59,16.19,,not_stage_2,3,23.22,22.95,-2.96,0.00101,"{'price_above_30w_ma': True, '30w_ma_rising': False, 'price_above_10w_ma': True, 'relative_strength_positive': True, 'near_52w_high': False}",leading,leading,101.93,102.0,-0.97,0.28,False,False,2026-09-18 ratio=102.90 momentum=101.72; 2026-09-21 ratio=102.72 momentum=101.66; 2026-09-22 ratio=102.39 momentum=101.57; 2026-09-23 ratio=102.05 momentum=101.97; 2026-09-24 ratio=101.93 momentum=102.00,99.65
stock,SKM Egg Prod.,SKMEGGPROD.NS,Meat Products including Poultry,Fast Moving Consumer Goods,1159.59,0.57,23.82,46.5,184.26,4.87,10.42,30.7,,not_stage_2,1,223.2,223.56,3.57,0.00968,"{'price_above_30w_ma': False, '30w_ma_rising': True, 'price_above_10w_ma': False, 'relative_strength_positive': False, 'near_52w_high': False}",lagging,lagging,98.98,96.72,-0.04,-0.21,False,False,2026-09-18 ratio=99.03 momentum=96.93; 2026-09-21 ratio=99.03 momentum=97.82; 2026-09-22 ratio=98.82 momentum=98.29; 2026-09-23 ratio=99.06 momentum=98.02; 2026-09-24 ratio=98.98 momentum=96.72,27.14
stock,Prime Focus,PFOCUS.NS,Media & Entertainment,"Media, Entertainment & Publication",24566.42,0.0,-45.78,-90.56,1266.81,23.81,137.61,11.28,,stage_2,5,318.75,283.27,2.94,0.01382,"{'price_above_30w_ma': True, '30w_ma_rising': True, 'price_above_10w_ma': True, 'relative_strength_positive': True, 'near_52w_high': True}",weakening,leading,101.3,98.76,-1.64,-5.84,False,False,2026-09-18 ratio=102.95 momentum=104.60; 2026-09-21 ratio=102.99 momentum=103.21; 2026-09-22 ratio=102.94 momentum=102.48; 2026-09-23 ratio=101.89 momentum=100.16; 2026-09-24 ratio=101.30 momentum=98.76,137.38
stock,Saregama India,SAREGAMA.NS,Media & Entertainment,"Media, Entertainment & Publication",9578.78,0.91,51.88,40.64,263.6,27.48,41.97,17.29,,stage_2,4,498.45,434.22,5.24,0.02161,"{'price_above_30w_ma': True, '30w_ma_rising': True, 'price_above_10w_ma': False, 'relative_strength_positive': True, 'near_52w_high': True}",leading,leading,100.88,100.41,0.24,-1.61,False,False,2026-09-18 ratio=100.65 momentum=102.02; 2026-09-21 ratio=99.66 momentum=99.77; 2026-09-22 ratio=100.89 momentum=102.16; 2026-09-23 ratio=100.94 momentum=101.45; 2026-09-24 ratio=100.88 momentum=100.41,141.93
stock,Tips Music,TIPSMUSIC.NS,Media & Entertainment,"Media, Entertainment & Publication",8510.8,1.94,43.7,-4.67,106.51,20.94,39.66,118.47,,stage_2,5,662.05,630.84,2.17,0.02871,"{'price_above_30w_ma': True, '30w_ma_rising': True, 'price_above_10w_ma': True, 'relative_strength_positive': True, 'near_52w_high': True}",leading,leading,101.26,104.16,0.7,2.42,False,False,2026-09-18 ratio=100.56 momentum=101.73; 2026-09-21 ratio=100.62 momentum=102.35; 2026-09-22 ratio=100.87 momentum=104.11; 2026-09-23 ratio=101.18 momentum=105.67; 2026-09-24 ratio=101.26 momentum=104.16,176.44
stock,Netwrk.18 Media,NETWORK18.NS,Media & Entertainment,"Media, Entertainment & Publication",4121.79,0.0,-38.36,-2074.55,516.26,10.34,,3.01,,not_stage_2,0,26.97,31.04,-3.65,0.00117,"{'price_above_30w_ma': False, '30w_ma_rising': False, 'price_above_10w_ma': False, 'relative_strength_positive': False, 'near_52w_high': False}",improving,improving,99.49,102.12,0.4,0.63,False,True,2026-09-18 ratio=99.09 momentum=101.49; 2026-09-21 ratio=98.87 momentum=98.41; 2026-09-22 ratio=99.09 momentum=100.86; 2026-09-23 ratio=99.18 momentum=101.33; 2026-09-24 ratio=99.49 momentum=102.12,10.6
stock,Balaji Telefilms,BALAJITELE.NS,Media & Entertainment,"Media, Entertainment & Publication",1142.11,0.0,22.39,489.25,240.29,229.93,,-10.07,,not_stage_2,3,93.82,92.41,-0.57,0.00407,"{'price_above_30w_ma': True, '30w_ma_rising': False, 'price_above_10w_ma': True, 'relative_strength_positive': True, 'near_52w_high': False}",weakening,leading,101.41,99.97,-0.24,-2.19,False,False,2026-09-18 ratio=101.66 momentum=102.16; 2026-09-21 ratio=101.20 momentum=100.02; 2026-09-22 ratio=101.26 momentum=100.89; 2026-09-23 ratio=101.22 momentum=99.49; 2026-09-24 ratio=101.41 momentum=99.97,67.05
stock,Ent.Network,ENIL.NS,Media & Entertainment,"Media, Entertainment & Publication",472.27,2.02,-6.01,-11.5,113.69,-2.79,353.45,-0.75,,not_stage_2,1,99.66,107.62,-0.82,0.00432,"{'price_above_30w_ma': False, '30w_ma_rising': False, 'price_above_10w_ma': False, 'relative_strength_positive': True, 'near_52w_high': False}",leading,leading,100.16,101.41,-0.31,-3.82,False,False,2026-09-18 ratio=100.47 momentum=105.23; 2026-09-21 ratio=99.65 momentum=99.86; 2026-09-22 ratio=99.66 momentum=100.67; 2026-09-23 ratio=99.70 momentum=101.56; 2026-09-24 ratio=100.16 momentum=101.41,47.85
stock,Basilic Fly Stud,BASILIC.NS,Media & Entertainment,"Media, Entertainment & Publication",422.69,0.0,6.7,-9.37,103.5,9.87,8.78,21.51,,not_stage_2,0,165.9,206.1,-4.15,0.00719,"{'price_above_30w_ma': False, '30w_ma_rising': False, 'price_above_10w_ma': False, 'relative_strength_positive': False, 'near_52w_high': False}",lagging,lagging,97.53,97.67,-0.99,-0.28,False,False,2026-09-18 ratio=98.52 momentum=97.95; 2026-09-21 ratio=98.02 momentum=98.54; 2026-09-22 ratio=97.87 momentum=98.56; 2026-09-23 ratio=97.90 momentum=98.77; 2026-09-24 ratio=97.53 momentum=97.67,0.0
stock,Shemaroo Entert.,SHEMAROO.NS,Media & Entertainment,"Media, Entertainment & Publication",357.46,0.0,-8.07,82.43,131.68,-5.62,,-39.34,,stage_2,5,122.91,112.38,2.52,0.00533,"{'price_above_30w_ma': True, '30w_ma_rising': True, 'price_above_10w_ma': True, 'relative_strength_positive': True, 'near_52w_high': True}",leading,lagging,100.94,100.53,1.68,2.49,True,False,2026-09-18 ratio=99.26 momentum=98.04; 2026-09-21 ratio=99.74 momentum=98.42; 2026-09-22 ratio=100.33 momentum=99.73; 2026-09-23 ratio=100.72 momentum=99.89; 2026-09-24 ratio=100.94 momentum=100.53,167.39
stock,Gretex Industrie,GRETEX.NS,Media & Entertainment,"Media, Entertainment & Publication",331.83,0.0,0.1,-92.09,27.6,43.97,237.02,3.01,,not_stage_2,0,225.0,272.33,-0.51,0.00976,"{'price_above_30w_ma': False, '30w_ma_rising': False, 'price_above_10w_ma': False, 'relative_strength_positive': False, 'near_52w_high': False}",improving,improving,98.66,103.42,0.41,1.51,False,True,2026-09-18 ratio=98.25 momentum=101.91; 2026-09-21 ratio=98.32 momentum=102.78; 2026-09-22 ratio=98.43 momentum=104.04; 2026-09-23 ratio=98.47 momentum=103.68; 2026-09-24 ratio=98.66 momentum=103.42,17.1
stock,Optimystix Entertainment,OPTIMYSTIX.NS,Media & Entertainment,"Media, Entertainment & Publication",308.2,0.0,,,,,12.86,27.26,,insufficient_data,0,,,,,{},insufficient_data,insufficient_data,,,,,False,False,,0.0
stock,Poly Medicure,POLYMED.NS,Medical Equipment & Supplies,Healthcare,17495.09,0.2,85.28,-7.57,525.38,30.3,54.67,12.5,,stage_2,4,1716.0,1558.34,3.76,0.0744,"{'price_above_30w_ma': True, '30w_ma_rising': True, 'price_above_10w_ma': False, 'relative_strength_positive': True, 'near_52w_high': True}",leading,weakening,101.2,100.0,0.11,1.15,True,False,2026-09-18 ratio=101.09 momentum=98.86; 2026-09-21 ratio=100.56 momentum=101.08; 2026-09-22 ratio=100.51 momentum=100.66; 2026-09-23 ratio=100.87 momentum=99.36; 2026-09-24 ratio=101.20 momentum=100.00,148.52
stock,Molbio Diagnosti,MOLBIO.NS,Medical Equipment & Supplies,Healthcare,14358.91,0.0,56.63,522.3,399.38,318.99,66.13,17.96,,insufficient_data,0,,,,,{},insufficient_data,insufficient_data,,,,,False,False,,0.0
stock,Fischer Medical,FISCHER.NS,Medical Equipment & Supplies,Healthcare,2392.3,0.15,3.79,-22.02,81.92,249.49,97.72,11.45,,not_stage_2,0,34.23,37.15,-2.12,0.00148,"{'price_above_30w_ma': False, '30w_ma_rising': False, 'price_above_10w_ma': False, 'relative_strength_positive': False, 'near_52w_high': False}",improving,lagging,99.19,101.13,1.37,4.63,False,True,2026-09-18 ratio=97.82 momentum=96.50; 2026-09-21 ratio=97.72 momentum=97.89; 2026-09-22 ratio=98.00 momentum=98.47; 2026-09-23 ratio=99.31 momentum=100.78; 2026-09-24 ratio=99.19 momentum=101.13,5.65
stock,Tarsons Products,TARSONS.NS,Medical Equipment & Supplies,Healthcare,1770.7,0.0,-1.44,-180.9,110.24,20.67,149.55,4.59,,stage_2,5,335.45,256.2,6.7,0.01454,"{'price_above_30w_ma': True, '30w_ma_rising': True, 'price_above_10w_ma': True, 'relative_strength_positive': True, 'near_52w_high': True}",leading,lagging,101.43,101.11,1.75,4.07,True,False,2026-09-18 ratio=99.68 momentum=97.04; 2026-09-21 ratio=101.64 momentum=101.04; 2026-09-22 ratio=101.09 momentum=100.51; 2026-09-23 ratio=101.17 momentum=100.73; 2026-09-24 ratio=101.43 momentum=101.11,181.1
stock,Q-Line Biotech,QLINE.NS,Medical Equipment & Supplies,Healthcare,1559.37,0.0,34.41,147.29,197.94,-8.59,27.61,22.46,,insufficient_data,0,,,,,{},insufficient_data,insufficient_data,,,,,False,False,,0.0
stock,Laxmi Dental,LAXMIDENTL.NS,Medical Equipment & Supplies,Healthcare,1097.14,0.0,10.32,22.77,74.7,13.87,31.55,15.05,,not_stage_2,2,197.05,205.45,0.24,0.00854,"{'price_above_30w_ma': False, '30w_ma_rising': True, 'price_above_10w_ma': False, 'relative_strength_positive': True, 'near_52w_high': False}",improving,improving,99.98,100.84,0.32,-1.09,False,False,2026-09-18 ratio=99.66 momentum=101.93; 2026-09-21 ratio=99.31 momentum=100.75; 2026-09-22 ratio=99.23 momentum=100.52; 2026-09-23 ratio=99.36 momentum=99.91; 2026-09-24 ratio=99.98 momentum=100.84,44.68
stock,Vasa Denticity,DENTALKART.NS,Medical Equipment & Supplies,Healthcare,718.02,0.0,4.19,45.99,82.17,36.9,59.34,7.54,,not_stage_2,3,413.25,401.47,-2.93,0.01792,"{'price_above_30w_ma': True, '30w_ma_rising': False, 'price_above_10w_ma': True, 'relative_strength_positive': True, 'near_52w_high': False}",leading,leading,101.57,101.57,-0.24,-1.04,False,False,2026-09-18 ratio=101.80 momentum=102.61; 2026-09-21 ratio=101.23 momentum=100.49; 2026-09-22 ratio=100.76 momentum=99.03; 2026-09-23 ratio=101.21 momentum=100.90; 2026-09-24 ratio=101.57 momentum=101.57,95.7
stock,OSEL Devices,OSELDEVICE.NS,Medical Equipment & Supplies,Healthcare,686.69,0.0,14.06,16.78,145.81,47.1,23.48,24.4,,insufficient_data,0,,,,,{},insufficient_data,insufficient_data,,,,,False,False,,0.0
stock,QMS Medical,QMSMEDI.NS,Medical Equipment & Supplies,Healthcare,380.25,0.25,3.96,24.57,56.87,22.3,35.37,12.92,,stage_2,5,192.54,108.06,11.63,0.00835,"{'price_above_30w_ma': True, '30w_ma_rising': True, 'price_above_10w_ma': True, 'relative_strength_positive': True, 'near_52w_high': True}",leading,leading,102.16,102.16,0.05,2.14,False,False,2026-09-18 ratio=102.11 momentum=100.02; 2026-09-21 ratio=102.30 momentum=101.18; 2026-09-22 ratio=102.40 momentum=101.15; 2026-09-23 ratio=102.28 momentum=101.85; 2026-09-24 ratio=102.16 momentum=102.16,189.86
stock,Nureca,NURECA.NS,Medical Equipment & Supplies,Healthcare,331.86,0.0,3.07,279.01,40.34,18.02,76.47,3.3,,stage_2,5,342.35,280.15,2.42,0.01484,"{'price_above_30w_ma': True, '30w_ma_rising': True, 'price_above_10w_ma': True, 'relative_strength_positive': True, 'near_52w_high': True}",leading,leading,101.6,102.24,0.13,0.55,False,False,2026-09-18 ratio=101.47 momentum=101.69; 2026-09-21 ratio=101.19 momentum=101.78; 2026-09-22 ratio=101.14 momentum=102.19; 2026-09-23 ratio=101.02 momentum=102.23; 2026-09-24 ratio=101.60 momentum=102.24,169.04
stock,CreditAcc. Gram.,CREDITACC.NS,Microfinance Institutions,Financial Services,20848.49,0.0,493.39,719.72,1783.49,21.92,17.22,9.98,,not_stage_2,2,1315.1,1364.06,1.13,0.05702,"{'price_above_30w_ma': False, '30w_ma_rising': True, 'price_above_10w_ma': False, 'relative_strength_positive': False, 'near_52w_high': True}",lagging,lagging,98.22,98.63,-0.77,-1.14,False,False,2026-09-18 ratio=98.98 momentum=99.78; 2026-09-21 ratio=99.05 momentum=99.71; 2026-09-22 ratio=98.55 momentum=98.76; 2026-09-23 ratio=98.35 momentum=98.44; 2026-09-24 ratio=98.22 momentum=98.63,42.26
stock,Muthoot Microfin,MUTHOOTMF.NS,Microfinance Institutions,Financial Services,3092.09,0.0,81.34,1216.18,668.64,19.69,12.6,9.31,,not_stage_2,1,183.4,193.98,0.9,0.00795,"{'price_above_30w_ma': False, '30w_ma_rising': True, 'price_above_10w_ma': False, 'relative_strength_positive': False, 'near_52w_high': False}",lagging,lagging,98.76,98.28,0.01,1.06,False,False,2026-09-18 ratio=98.74 momentum=97.21; 2026-09-21 ratio=98.74 momentum=97.42; 2026-09-22 ratio=98.80 momentum=100.31; 2026-09-23 ratio=98.85 momentum=98.16; 2026-09-24 ratio=98.76 momentum=98.28,21.8
stock,Fusion Finance,FUSION.NS,Microfinance Institutions,Financial Services,2864.06,0.0,62.41,167.65,458.17,3.59,17.0,5.92,,not_stage_2,2,176.8,188.33,0.09,0.00767,"{'price_above_30w_ma': False, '30w_ma_rising': True, 'price_above_10w_ma': False, 'relative_strength_positive': False, 'near_52w_high': True}",lagging,lagging,98.32,95.1,-0.46,-3.15,False,False,2026-09-18 ratio=98.79 momentum=98.25; 2026-09-21 ratio=98.73 momentum=97.25; 2026-09-22 ratio=98.71 momentum=97.45; 2026-09-23 ratio=98.70 momentum=94.77; 2026-09-24 ratio=98.32 momentum=95.10,40.18
stock,Satin Creditcare,SATIN.NS,Microfinance Institutions,Financial Services,2614.29,0.0,122.65,172.0,762.14,8.39,6.38,13.84,,stage_2,4,226.15,208.91,4.31,0.00981,"{'price_above_30w_ma': True, '30w_ma_rising': True, 'price_above_10w_ma': False, 'relative_strength_positive': True, 'near_52w_high': True}",leading,improving,100.26,103.82,0.76,1.15,True,False,2026-09-18 ratio=99.51 momentum=102.67; 2026-09-21 ratio=99.60 momentum=102.53; 2026-09-22 ratio=99.82 momentum=103.75; 2026-09-23 ratio=99.92 momentum=103.29; 2026-09-24 ratio=100.26 momentum=103.82,164.02
stock,Spandana Sphoort,SPANDANA.NS,Microfinance Institutions,Financial Services,1999.62,0.0,11.88,103.3,283.91,-5.51,,-5.78,,not_stage_2,0,225.61,245.08,-1.14,0.00978,"{'price_above_30w_ma': False, '30w_ma_rising': False, 'price_above_10w_ma': False, 'relative_strength_positive': False, 'near_52w_high': False}",improving,improving,99.17,101.45,0.04,-1.67,False,False,2026-09-18 ratio=99.13 momentum=103.12; 2026-09-21 ratio=99.09 momentum=100.73; 2026-09-22 ratio=99.10 momentum=100.28; 2026-09-23 ratio=99.30 momentum=101.06; 2026-09-24 ratio=99.17 momentum=101.45,7.25
stock,Bajaj Finance,BAJFINANCE.NS,Non Banking Financial Company (NBFC),Financial Services,619939.38,0.54,6080.6,27.37,23165.45,18.65,30.27,10.87,,not_stage_2,3,982.0,971.92,0.29,0.04258,"{'price_above_30w_ma': True, '30w_ma_rising': True, 'price_above_10w_ma': False, 'relative_strength_positive': False, 'near_52w_high': True}",lagging,leading,98.15,96.72,-2.07,-3.71,False,False,2026-09-18 ratio=100.22 momentum=100.44; 2026-09-21 ratio=99.34 momentum=97.77; 2026-09-22 ratio=98.95 momentum=96.96; 2026-09-23 ratio=100.08 momentum=99.28; 2026-09-24 ratio=98.15 momentum=96.72,60.58
stock,Shriram Finance,SHRIRAMFIN.NS,Non Banking Financial Company (NBFC),Financial Services,233562.33,1.09,3452.77,59.89,13400.43,16.16,20.64,11.49,,not_stage_2,1,990.0,1007.4,-0.45,0.04293,"{'price_above_30w_ma': False, '30w_ma_rising': False, 'price_above_10w_ma': False, 'relative_strength_positive': False, 'near_52w_high': True}",lagging,lagging,99.04,98.33,-0.25,-0.96,False,False,2026-09-18 ratio=99.29 momentum=99.28; 2026-09-21 ratio=99.26 momentum=99.52; 2026-09-22 ratio=99.20 momentum=99.32; 2026-09-23 ratio=99.16 momentum=99.35; 2026-09-24 ratio=99.04 momentum=98.33,20.0
stock,Tata Capital,TATACAP.NS,Non Banking Financial Company (NBFC),Financial Services,143900.54,0.17,1628.18,56.32,8821.93,15.1,26.47,8.58,,not_stage_2,2,336.25,339.7,0.47,0.01458,"{'price_above_30w_ma': False, '30w_ma_rising': True, 'price_above_10w_ma': False, 'relative_strength_positive': False, 'near_52w_high': True}",lagging,weakening,98.82,97.14,-1.26,-0.92,False,False,2026-09-18 ratio=100.08 momentum=98.06; 2026-09-21 ratio=99.05 momentum=96.94; 2026-09-22 ratio=98.92 momentum=97.33; 2026-09-23 ratio=99.77 momentum=97.95; 2026-09-24 ratio=98.82 momentum=97.14,40.94
stock,Cholaman.Inv.&Fn,CHOLAFIN.NS,Non Banking Financial Company (NBFC),Financial Services,142020.88,0.12,1656.22,45.56,8856.29,21.87,24.69,9.71,,not_stage_2,3,1681.7,1671.21,0.63,0.07292,"{'price_above_30w_ma': True, '30w_ma_rising': True, 'price_above_10w_ma': False, 'relative_strength_positive': False, 'near_52w_high': True}",lagging,weakening,98.31,96.96,-2.17,-2.13,False,False,2026-09-18 ratio=100.48 momentum=99.08; 2026-09-21 ratio=99.56 momentum=98.31; 2026-09-22 ratio=99.59 momentum=97.96; 2026-09-23 ratio=99.70 momentum=98.64; 2026-09-24 ratio=98.31 momentum=96.96,61.26
stock,Muthoot Finance,MUTHOOTFIN.NS,Non Banking Financial Company (NBFC),Financial Services,113426.89,1.06,2824.84,38.83,8671.6,34.44,9.97,15.8,,not_stage_2,0,2825.3,3157.49,-2.8,0.1225,"{'price_above_30w_ma': False, '30w_ma_rising': False, 'price_above_10w_ma': False, 'relative_strength_positive': False, 'near_52w_high': False}",leading,improving,100.04,102.04,0.28,1.88,True,False,2026-09-18 ratio=99.76 momentum=100.16; 2026-09-21 ratio=99.83 momentum=100.77; 2026-09-22 ratio=99.73 momentum=100.90; 2026-09-23 ratio=99.86 momentum=100.20; 2026-09-24 ratio=100.04 momentum=102.04,40.4
stock,L&T Finance Ltd,LTF.NS,Non Banking Financial Company (NBFC),Financial Services,70928.89,0.97,915.99,28.72,5212.92,22.38,22.15,8.4,,not_stage_2,2,282.0,290.83,0.76,0.01223,"{'price_above_30w_ma': False, '30w_ma_rising': True, 'price_above_10w_ma': False, 'relative_strength_positive': False, 'near_52w_high': True}",lagging,leading,97.06,97.07,-4.71,-3.99,False,False,2026-09-18 ratio=101.77 momentum=101.06; 2026-09-21 ratio=100.71 momentum=100.32; 2026-09-22 ratio=100.43 momentum=99.98; 2026-09-23 ratio=101.09 momentum=101.25; 2026-09-24 ratio=97.06 momentum=97.07,41.52
stock,SBI Cards,SBICARD.NS,Non Banking Financial Company (NBFC),Financial Services,57920.9,0.41,664.44,19.51,5040.55,3.36,25.46,10.1,,not_stage_2,0,618.4,645.59,-2.49,0.02681,"{'price_above_30w_ma': False, '30w_ma_rising': False, 'price_above_10w_ma': False, 'relative_strength_positive': False, 'near_52w_high': False}",lagging,weakening,99.83,96.59,-1.66,-3.12,False,False,2026-09-18 ratio=101.49 momentum=99.71; 2026-09-21 ratio=100.49 momentum=98.84; 2026-09-22 ratio=100.48 momentum=97.76; 2026-09-23 ratio=100.26 momentum=97.68; 2026-09-24 ratio=99.83 momentum=96.59,0.0
stock,HDB FINANC SER,HDBFS.NS,Non Banking Financial Company (NBFC),Financial Services,53766.6,0.62,785.2,38.31,4937.9,10.58,19.47,9.09,,not_stage_2,2,661.0,674.87,-0.71,0.02866,"{'price_above_30w_ma': False, '30w_ma_rising': False, 'price_above_10w_ma': False, 'relative_strength_positive': True, 'near_52w_high': True}",leading,leading,100.07,100.56,-1.02,-2.23,False,False,2026-09-18 ratio=101.10 momentum=102.78; 2026-09-21 ratio=100.34 momentum=101.92; 2026-09-22 ratio=100.24 momentum=101.15; 2026-09-23 ratio=99.94 momentum=100.10; 2026-09-24 ratio=100.07 momentum=100.56,63.15
stock,Sundaram Finance,SUNDARMFIN.NS,Non Banking Financial Company (NBFC),Financial Services,50027.88,0.89,636.19,33.88,2644.13,12.57,21.97,9.44,,not_stage_2,2,4592.0,4616.9,-1.94,0.19911,"{'price_above_30w_ma': False, '30w_ma_rising': False, 'price_above_10w_ma': False, 'relative_strength_positive': True, 'near_52w_high': True}",weakening,leading,101.24,96.22,-0.87,-6.83,False,False,2026-09-18 ratio=102.11 momentum=103.05; 2026-09-21 ratio=101.58 momentum=99.33; 2026-09-22 ratio=102.05 momentum=98.60; 2026-09-23 ratio=101.21 momentum=96.82; 2026-09-24 ratio=101.24 momentum=96.22,46.2
stock,Authum Invest,AIIL.NS,Non Banking Financial Company (NBFC),Financial Services,47539.9,0.02,1114.81,18.43,1448.22,19.65,22.71,13.63,,stage_2,5,551.6,510.8,1.29,0.02392,"{'price_above_30w_ma': True, '30w_ma_rising': True, 'price_above_10w_ma': True, 'relative_strength_positive': True, 'near_52w_high': True}",leading,leading,101.49,102.8,-0.17,-0.29,False,False,2026-09-18 ratio=101.66 momentum=103.09; 2026-09-21 ratio=101.54 momentum=102.70; 2026-09-22 ratio=100.93 momentum=102.32; 2026-09-23 ratio=101.54 momentum=102.13; 2026-09-24 ratio=101.49 momentum=102.80,169.03
stock,Dolphin Offshore,DOLPHIN.NS,Offshore Support Solution Drilling,"Oil, Gas & Consumable Fuels",2751.72,0.0,14.81,30.71,42.85,160.64,38.21,14.92,,stage_2,5,685.3,453.64,7.8,0.02971,"{'price_above_30w_ma': True, '30w_ma_rising': True, 'price_above_10w_ma': True, 'relative_strength_positive': True, 'near_52w_high': True}",weakening,weakening,101.3,95.11,-0.05,-3.89,False,False,2026-09-18 ratio=101.34 momentum=99.00; 2026-09-21 ratio=101.41 momentum=97.98; 2026-09-22 ratio=101.67 momentum=96.87; 2026-09-23 ratio=101.56 momentum=97.55; 2026-09-24 ratio=101.30 momentum=95.11,147.1
stock,Jindal Drilling,JINDRILL.NS,Offshore Support Solution Drilling,"Oil, Gas & Consumable Fuels",1718.81,0.17,47.14,-28.69,275.39,8.38,8.82,13.67,,not_stage_2,3,591.95,577.09,3.72,0.02567,"{'price_above_30w_ma': True, '30w_ma_rising': True, 'price_above_10w_ma': False, 'relative_strength_positive': False, 'near_52w_high': True}",weakening,lagging,100.05,96.69,0.17,-1.52,False,False,2026-09-18 ratio=99.88 momentum=98.21; 2026-09-21 ratio=99.17 momentum=97.53; 2026-09-22 ratio=99.65 momentum=97.86; 2026-09-23 ratio=100.23 momentum=97.64; 2026-09-24 ratio=100.05 momentum=96.69,67.69
stock,Alphageo (India),ALPHAGEO.NS,Offshore Support Solution Drilling,"Oil, Gas & Consumable Fuels",175.69,1.77,14.86,1660.49,82.13,101.1,,-7.2,,stage_2,5,285.45,231.02,5.65,0.01238,"{'price_above_30w_ma': True, '30w_ma_rising': True, 'price_above_10w_ma': True, 'relative_strength_positive': True, 'near_52w_high': True}",weakening,weakening,100.4,96.02,-0.19,-1.6,False,False,2026-09-18 ratio=100.59 momentum=97.62; 2026-09-21 ratio=100.63 momentum=97.46; 2026-09-22 ratio=100.61 momentum=97.36; 2026-09-23 ratio=100.48 momentum=96.96; 2026-09-24 ratio=100.40 momentum=96.02,138.3
stock,Aakash Explor.,AAKASH.NS,Offshore Support Solution Drilling,"Oil, Gas & Consumable Fuels",90.32,0.0,0.52,-3.7,27.89,16.89,25.95,7.63,,stage_2,5,9.09,8.86,1.23,0.00039,"{'price_above_30w_ma': True, '30w_ma_rising': True, 'price_above_10w_ma': True, 'relative_strength_positive': True, 'near_52w_high': True}",leading,leading,102.4,106.08,1.25,5.12,False,False,2026-09-18 ratio=101.15 momentum=100.96; 2026-09-21 ratio=101.37 momentum=101.29; 2026-09-22 ratio=101.57 momentum=102.19; 2026-09-23 ratio=102.06 momentum=103.77; 2026-09-24 ratio=102.40 momentum=106.08,189.86
stock,Aban Offshore,ABAN.NS,Offshore Support Solution Drilling,"Oil, Gas & Consumable Fuels",80.84,0.0,83.72,133.12,165.26,44.43,,,,not_stage_2,0,13.95,17.63,-4.36,0.0006,"{'price_above_30w_ma': False, '30w_ma_rising': False, 'price_above_10w_ma': False, 'relative_strength_positive': False, 'near_52w_high': False}",lagging,lagging,99.11,97.45,-0.3,-1.7,False,False,2026-09-18 ratio=99.41 momentum=99.14; 2026-09-21 ratio=99.22 momentum=96.33; 2026-09-22 ratio=99.10 momentum=96.68; 2026-09-23 ratio=98.98 momentum=97.77; 2026-09-24 ratio=99.11 momentum=97.45,0.0
stock,Deep Industries,DEEPINDS.NS,Oil Equipment & Services,"Oil, Gas & Consumable Fuels",4995.45,0.32,89.14,45.12,278.92,39.81,12.04,16.47,,stage_2,5,766.0,530.85,10.89,0.03321,"{'price_above_30w_ma': True, '30w_ma_rising': True, 'price_above_10w_ma': True, 'relative_strength_positive': True, 'near_52w_high': True}",weakening,weakening,101.31,97.04,0.13,-1.25,False,False,2026-09-18 ratio=101.17 momentum=98.28; 2026-09-21 ratio=100.96 momentum=97.18; 2026-09-22 ratio=101.27 momentum=98.04; 2026-09-23 ratio=101.29 momentum=96.73; 2026-09-24 ratio=101.31 momentum=97.04,153.33
stock,Asian Energy,ASIANENE.NS,Oil Equipment & Services,"Oil, Gas & Consumable Fuels",2374.52,0.26,12.76,115.5,271.19,135.06,36.76,16.33,,stage_2,5,474.65,364.5,8.76,0.02058,"{'price_above_30w_ma': True, '30w_ma_rising': True, 'price_above_10w_ma': True, 'relative_strength_positive': True, 'near_52w_high': True}",weakening,weakening,100.76,96.49,-0.33,-0.86,False,False,2026-09-18 ratio=101.09 momentum=97.35; 2026-09-21 ratio=100.90 momentum=97.66; 2026-09-22 ratio=100.98 momentum=98.22; 2026-09-23 ratio=100.91 momentum=96.45; 2026-09-24 ratio=100.76 momentum=96.49,146.32
stock,Oil Country,OILCOUNTUB.NS,Oil Equipment & Services,"Oil, Gas & Consumable Fuels",376.42,0.0,-15.11,-71.51,17.44,-29.02,,-25.38,,stage_2,5,70.89,56.12,4.19,0.00307,"{'price_above_30w_ma': True, '30w_ma_rising': True, 'price_above_10w_ma': True, 'relative_strength_positive': True, 'near_52w_high': True}",leading,weakening,102.69,102.6,0.74,4.72,True,False,2026-09-18 ratio=101.94 momentum=97.88; 2026-09-21 ratio=102.08 momentum=99.94; 2026-09-22 ratio=102.29 momentum=101.35; 2026-09-23 ratio=102.35 momentum=101.67; 2026-09-24 ratio=102.69 momentum=102.60,189.83
stock,Teja Engineering,TEJA.NS,Oil Equipment & Services,"Oil, Gas & Consumable Fuels",142.46,0.0,3.32,36.63,43.98,48.03,22.79,33.1,,insufficient_data,0,,,,,{},insufficient_data,insufficient_data,,,,,False,False,,0.0
stock,O N G C,ONGC.NS,Oil Exploration & Production,"Oil, Gas & Consumable Fuels",298027.79,5.62,6554.44,20.84,204987.35,25.68,6.82,14.15,,not_stage_2,3,239.0,258.7,-1.97,0.01036,"{'price_above_30w_ma': False, '30w_ma_rising': False, 'price_above_10w_ma': True, 'relative_strength_positive': True, 'near_52w_high': True}",leading,leading,101.75,103.12,1.66,2.55,False,False,2026-09-18 ratio=100.09 momentum=100.57; 2026-09-21 ratio=100.47 momentum=102.20; 2026-09-22 ratio=100.72 momentum=103.24; 2026-09-23 ratio=100.69 momentum=101.42; 2026-09-24 ratio=101.75 momentum=103.12,104.35
stock,Oil India,OIL.NS,Oil Exploration & Production,"Oil, Gas & Consumable Fuels",77288.27,2.42,4026.83,91.4,12503.32,57.7,9.25,11.51,,stage_2,5,479.0,465.39,0.15,0.02077,"{'price_above_30w_ma': True, '30w_ma_rising': True, 'price_above_10w_ma': True, 'relative_strength_positive': True, 'near_52w_high': True}",weakening,weakening,101.24,97.94,0.26,0.35,False,False,2026-09-18 ratio=100.97 momentum=97.58; 2026-09-21 ratio=100.99 momentum=98.29; 2026-09-22 ratio=100.56 momentum=97.88; 2026-09-23 ratio=100.56 momentum=97.37; 2026-09-24 ratio=101.24 momentum=97.94,131.5
stock,Vedanta Oil and Gas,VOGL.NS,Oil Exploration & Production,"Oil, Gas & Consumable Fuels",13436.11,0.0,945.0,2691.59,2507.0,8.48,62.5,,,insufficient_data,0,,,,,{},lagging,lagging,99.67,99.07,0.45,2.06,False,False,2026-09-18 ratio=99.22 momentum=97.01; 2026-09-21 ratio=99.00 momentum=96.43; 2026-09-22 ratio=99.69 momentum=98.96; 2026-09-23 ratio=100.06 momentum=100.03; 2026-09-24 ratio=99.67 momentum=99.07,0.0
stock,Antelopus Selan,ANTELOPUS.NS,Oil Exploration & Production,"Oil, Gas & Consumable Fuels",4454.83,0.0,54.32,450.71,131.04,158.82,31.78,19.92,,stage_2,5,1130.95,772.2,9.88,0.04904,"{'price_above_30w_ma': True, '30w_ma_rising': True, 'price_above_10w_ma': True, 'relative_strength_positive': True, 'near_52w_high': True}",weakening,weakening,101.78,95.3,-0.14,-1.48,False,False,2026-09-18 ratio=101.92 momentum=96.78; 2026-09-21 ratio=101.76 momentum=98.81; 2026-09-22 ratio=101.76 momentum=98.58; 2026-09-23 ratio=101.96 momentum=97.12; 2026-09-24 ratio=101.78 momentum=95.30,153.66
stock,Prabha Energy,PRABHA.NS,Oil Exploration & Production,"Oil, Gas & Consumable Fuels",3599.74,0.0,0.29,226.09,1.69,49.56,3272.49,-0.09,,stage_2,5,225.76,169.83,5.13,0.00979,"{'price_above_30w_ma': True, '30w_ma_rising': True, 'price_above_10w_ma': True, 'relative_strength_positive': True, 'near_52w_high': True}",weakening,weakening,101.08,96.46,-0.33,-2.01,False,False,2026-09-18 ratio=101.41 momentum=98.47; 2026-09-21 ratio=101.26 momentum=97.98; 2026-09-22 ratio=101.36 momentum=97.55; 2026-09-23 ratio=101.26 momentum=96.48; 2026-09-24 ratio=101.08 momentum=96.46,140.66
stock,Hind.Oil Explor.,HINDOILEXP.NS,Oil Exploration & Production,"Oil, Gas & Consumable Fuels",2286.35,0.0,6.24,-47.91,114.18,45.17,91.02,3.49,,stage_2,5,172.81,158.79,3.54,0.00749,"{'price_above_30w_ma': True, '30w_ma_rising': True, 'price_above_10w_ma': True, 'relative_strength_positive': True, 'near_52w_high': True}",weakening,weakening,100.94,95.05,-0.56,-1.61,False,False,2026-09-18 ratio=101.49 momentum=96.66; 2026-09-21 ratio=101.13 momentum=97.10; 2026-09-22 ratio=101.01 momentum=96.89; 2026-09-23 ratio=100.82 momentum=96.15; 2026-09-24 ratio=100.94 momentum=95.05,136.78
stock,Guj.Nat.Resour.,GNRL.NS,Oil Exploration & Production,"Oil, Gas & Consumable Fuels",1536.31,0.0,11.35,488.08,5.72,70.75,79.56,7.25,,insufficient_data,0,,,,,{},insufficient_data,insufficient_data,,,,,False,False,,0.0
stock,L T Foods,LTFOODS.NS,Other Agricultural Products,Fast Moving Consumer Goods,14676.6,0.71,183.45,8.87,3151.83,27.92,22.92,17.6,,stage_2,5,424.5,404.76,0.65,0.01841,"{'price_above_30w_ma': True, '30w_ma_rising': True, 'price_above_10w_ma': True, 'relative_strength_positive': True, 'near_52w_high': True}",weakening,weakening,100.82,95.69,0.11,-2.41,False,False,2026-09-18 ratio=100.70 momentum=98.11; 2026-09-21 ratio=100.90 momentum=98.53; 2026-09-22 ratio=100.58 momentum=97.62; 2026-09-23 ratio=100.79 momentum=97.10; 2026-09-24 ratio=100.82 momentum=95.69,130.4
stock,KRBL,KRBL.NS,Other Agricultural Products,Fast Moving Consumer Goods,9115.54,1.13,260.74,73.16,1495.86,-5.59,12.02,15.16,,stage_2,5,398.2,362.34,1.9,0.01727,"{'price_above_30w_ma': True, '30w_ma_rising': True, 'price_above_10w_ma': True, 'relative_strength_positive': True, 'near_52w_high': True}",weakening,weakening,100.7,96.58,0.22,-0.99,False,False,2026-09-18 ratio=100.48 momentum=97.57; 2026-09-21 ratio=100.45 momentum=98.01; 2026-09-22 ratio=100.37 momentum=97.62; 2026-09-23 ratio=100.73 momentum=97.80; 2026-09-24 ratio=100.70 momentum=96.58,132.3
stock,Guj. Ambuja Exp,GAEL.NS,Other Agricultural Products,Fast Moving Consumer Goods,7518.09,0.18,176.77,171.87,1594.22,23.47,17.94,12.46,,stage_2,4,162.59,156.23,2.09,0.00705,"{'price_above_30w_ma': True, '30w_ma_rising': True, 'price_above_10w_ma': False, 'relative_strength_positive': True, 'near_52w_high': True}",weakening,lagging,100.37,99.0,0.65,2.65,False,False,2026-09-18 ratio=99.73 momentum=96.35; 2026-09-21 ratio=100.07 momentum=98.59; 2026-09-22 ratio=99.69 momentum=98.02; 2026-09-23 ratio=100.19 momentum=98.61; 2026-09-24 ratio=100.37 momentum=99.00,111.03
stock,Kaveri Seed Co.,KSCL.NS,Other Agricultural Products,Fast Moving Consumer Goods,4137.21,0.62,279.84,-14.18,742.5,-13.51,16.58,18.79,,not_stage_2,2,783.85,841.51,-1.56,0.03399,"{'price_above_30w_ma': False, '30w_ma_rising': False, 'price_above_10w_ma': True, 'relative_strength_positive': True, 'near_52w_high': False}",leading,lagging,101.17,103.08,2.67,5.48,True,False,2026-09-18 ratio=98.51 momentum=97.60; 2026-09-21 ratio=98.84 momentum=99.89; 2026-09-22 ratio=98.66 momentum=99.49; 2026-09-23 ratio=98.89 momentum=100.66; 2026-09-24 ratio=101.17 momentum=103.08,91.25
stock,TruAlt Bioenergy,TRUALT.NS,Other Agricultural Products,Fast Moving Consumer Goods,3790.74,0.0,59.27,1108.25,626.88,106.29,24.24,10.44,,not_stage_2,3,429.0,446.98,0.27,0.0186,"{'price_above_30w_ma': False, '30w_ma_rising': True, 'price_above_10w_ma': False, 'relative_strength_positive': True, 'near_52w_high': True}",leading,improving,100.49,102.07,0.69,0.32,True,False,2026-09-18 ratio=99.79 momentum=101.74; 2026-09-21 ratio=99.35 momentum=100.47; 2026-09-22 ratio=99.41 momentum=100.40; 2026-09-23 ratio=100.67 momentum=104.13; 2026-09-24 ratio=100.49 momentum=102.07,103.34
stock,Sanstar,SANSTAR.NS,Other Agricultural Products,Fast Moving Consumer Goods,2181.28,0.0,9.21,2808.82,206.16,21.51,49.57,5.69,,stage_2,4,109.4,103.69,3.15,0.00474,"{'price_above_30w_ma': True, '30w_ma_rising': True, 'price_above_10w_ma': False, 'relative_strength_positive': True, 'near_52w_high': True}",leading,leading,100.96,100.64,-1.7,-2.27,False,False,2026-09-18 ratio=102.66 momentum=102.91; 2026-09-21 ratio=101.46 momentum=101.16; 2026-09-22 ratio=101.61 momentum=101.54; 2026-09-23 ratio=100.98 momentum=100.79; 2026-09-24 ratio=100.96 momentum=100.64,139.3
stock,A C J K Exports,AEROPLANE.NS,Other Agricultural Products,Fast Moving Consumer Goods,2170.49,0.0,36.63,127.52,663.73,55.1,17.53,15.7,,insufficient_data,0,,,,,{},weakening,leading,101.72,99.22,-0.1,-3.07,False,False,2026-09-18 ratio=101.82 momentum=102.29; 2026-09-21 ratio=101.64 momentum=101.07; 2026-09-22 ratio=101.93 momentum=100.76; 2026-09-23 ratio=101.83 momentum=99.91; 2026-09-24 ratio=101.72 momentum=99.22,8.6
stock,GRM Overseas,GRMOVER.NS,Other Agricultural Products,Fast Moving Consumer Goods,1670.11,0.0,21.04,10.21,426.51,30.52,21.85,13.99,,not_stage_2,0,79.87,122.58,-7.94,0.00346,"{'price_above_30w_ma': False, '30w_ma_rising': False, 'price_above_10w_ma': False, 'relative_strength_positive': False, 'near_52w_high': False}",lagging,lagging,98.08,96.64,-0.15,-2.47,False,False,2026-09-18 ratio=98.23 momentum=99.11; 2026-09-21 ratio=98.42 momentum=98.70; 2026-09-22 ratio=97.86 momentum=98.55; 2026-09-23 ratio=98.14 momentum=97.68; 2026-09-24 ratio=98.08 momentum=96.64,0.0
stock,Chamanlal Setia,CLSEL.NS,Other Agricultural Products,Fast Moving Consumer Goods,1463.91,1.02,31.99,47.83,345.92,12.58,11.7,18.18,,stage_2,5,292.4,276.59,1.03,0.01268,"{'price_above_30w_ma': True, '30w_ma_rising': True, 'price_above_10w_ma': True, 'relative_strength_positive': True, 'near_52w_high': True}",weakening,weakening,101.02,96.96,-0.06,-1.11,False,False,2026-09-18 ratio=101.08 momentum=98.07; 2026-09-21 ratio=100.87 momentum=98.50; 2026-09-22 ratio=100.92 momentum=98.89; 2026-09-23 ratio=100.99 momentum=97.67; 2026-09-24 ratio=101.02 momentum=96.96,132.16
stock,AVT Natural Prod,AVTNPL.NS,Other Agricultural Products,Fast Moving Consumer Goods,1413.34,0.86,31.1,156.6,241.21,82.16,16.87,14.22,,stage_2,5,92.93,71.88,4.6,0.00403,"{'price_above_30w_ma': True, '30w_ma_rising': True, 'price_above_10w_ma': True, 'relative_strength_positive': True, 'near_52w_high': True}",weakening,weakening,101.48,98.6,0.54,1.78,False,False,2026-09-18 ratio=100.94 momentum=96.81; 2026-09-21 ratio=101.32 momentum=98.23; 2026-09-22 ratio=102.08 momentum=100.75; 2026-09-23 ratio=101.79 momentum=100.03; 2026-09-24 ratio=101.48 momentum=98.60,141.6
stock,AU Small Finance,AUBANK.NS,Other Bank,Financial Services,76416.5,0.1,795.95,37.03,5302.74,21.11,26.75,7.66,,not_stage_2,2,1000.1,1011.31,0.69,0.04336,"{'price_above_30w_ma': False, '30w_ma_rising': True, 'price_above_10w_ma': False, 'relative_strength_positive': False, 'near_52w_high': True}",lagging,leading,99.47,96.21,-1.54,-4.03,False,False,2026-09-18 ratio=101.01 momentum=100.24; 2026-09-21 ratio=100.25 momentum=98.85; 2026-09-22 ratio=100.31 momentum=99.75; 2026-09-23 ratio=100.65 momentum=97.95; 2026-09-24 ratio=99.47 momentum=96.21,41.38
stock,Ujjivan Small,UJJIVANSFB.NS,Other Bank,Financial Services,12611.02,0.0,316.54,206.67,2024.92,25.08,13.92,7.73,,not_stage_2,3,62.69,60.67,0.72,0.00272,"{'price_above_30w_ma': True, '30w_ma_rising': True, 'price_above_10w_ma': False, 'relative_strength_positive': False, 'near_52w_high': True}",lagging,improving,98.84,97.94,-0.73,-3.38,False,False,2026-09-18 ratio=99.56 momentum=101.32; 2026-09-21 ratio=99.36 momentum=99.49; 2026-09-22 ratio=99.44 momentum=99.09; 2026-09-23 ratio=99.82 momentum=100.52; 2026-09-24 ratio=98.84 momentum=97.94,61.44
stock,Equitas Sma. Fin,EQUITASBNK.NS,Other Bank,Financial Services,7671.27,0.0,183.61,182.06,1960.4,18.89,15.03,6.43,,not_stage_2,3,70.21,70.04,1.21,0.00304,"{'price_above_30w_ma': True, '30w_ma_rising': True, 'price_above_10w_ma': False, 'relative_strength_positive': False, 'near_52w_high': True}",lagging,leading,99.08,98.67,-1.24,-4.54,False,False,2026-09-18 ratio=100.31 momentum=103.22; 2026-09-21 ratio=99.58 momentum=101.63; 2026-09-22 ratio=99.96 momentum=101.88; 2026-09-23 ratio=99.51 momentum=100.98; 2026-09-24 ratio=99.08 momentum=98.67,62.42
stock,Jana Small Finan,JSFB.NS,Other Bank,Financial Services,5678.25,0.0,155.23,52.29,1514.53,22.08,14.95,7.45,,not_stage_2,3,522.7,471.64,4.49,0.02266,"{'price_above_30w_ma': True, '30w_ma_rising': True, 'price_above_10w_ma': False, 'relative_strength_positive': False, 'near_52w_high': True}",weakening,weakening,100.01,98.88,-0.14,-0.64,False,False,2026-09-18 ratio=100.15 momentum=99.52; 2026-09-21 ratio=100.21 momentum=99.72; 2026-09-22 ratio=100.36 momentum=99.80; 2026-09-23 ratio=100.83 momentum=100.70; 2026-09-24 ratio=100.01 momentum=98.88,69.03
stock,Utkarsh Small F.,UTKARSHBNK.NS,Other Bank,Financial Services,2446.92,0.0,-33.92,85.84,883.56,0.3,,1.46,,not_stage_2,3,13.86,13.8,0.41,0.0006,"{'price_above_30w_ma': True, '30w_ma_rising': True, 'price_above_10w_ma': False, 'relative_strength_positive': True, 'near_52w_high': False}",lagging,weakening,99.88,93.1,-0.2,-5.86,False,False,2026-09-18 ratio=100.08 momentum=98.97; 2026-09-21 ratio=99.67 momentum=99.37; 2026-09-22 ratio=99.57 momentum=98.37; 2026-09-23 ratio=99.82 momentum=96.99; 2026-09-24 ratio=99.88 momentum=93.10,60.82
stock,ESAF Small Fin,ESAFSFB.NS,Other Bank,Financial Services,2216.43,0.0,80.08,198.6,1097.77,32.54,,5.65,,stage_2,4,40.82,32.31,5.33,0.00177,"{'price_above_30w_ma': True, '30w_ma_rising': True, 'price_above_10w_ma': False, 'relative_strength_positive': True, 'near_52w_high': True}",leading,weakening,100.95,100.19,0.71,2.58,True,False,2026-09-18 ratio=100.23 momentum=97.61; 2026-09-21 ratio=100.22 momentum=97.92; 2026-09-22 ratio=100.28 momentum=97.41; 2026-09-23 ratio=100.65 momentum=98.56; 2026-09-24 ratio=100.95 momentum=100.19,151.36
stock,Suryoday Small,SURYODAY.NS,Other Bank,Financial Services,1596.52,1.01,75.18,113.1,622.36,25.69,8.32,7.33,,not_stage_2,2,145.34,156.46,1.58,0.0063,"{'price_above_30w_ma': False, '30w_ma_rising': True, 'price_above_10w_ma': False, 'relative_strength_positive': False, 'near_52w_high': True}",lagging,improving,99.31,99.41,0.15,-1.19,False,False,2026-09-18 ratio=99.16 momentum=100.59; 2026-09-21 ratio=99.18 momentum=101.42; 2026-09-22 ratio=99.21 momentum=100.91; 2026-09-23 ratio=99.41 momentum=100.27; 2026-09-24 ratio=99.31 momentum=99.41,43.16
stock,Capital Small,CAPITALSFB.NS,Other Bank,Financial Services,1285.3,1.77,41.3,29.02,288.18,16.63,8.53,7.07,,stage_2,4,280.55,274.25,0.63,0.01216,"{'price_above_30w_ma': True, '30w_ma_rising': True, 'price_above_10w_ma': False, 'relative_strength_positive': True, 'near_52w_high': True}",leading,improving,100.62,101.27,0.82,0.27,True,False,2026-09-18 ratio=99.81 momentum=101.01; 2026-09-21 ratio=100.15 momentum=101.77; 2026-09-22 ratio=100.22 momentum=102.11; 2026-09-23 ratio=100.52 momentum=102.20; 2026-09-24 ratio=100.62 momentum=101.27,145.71
stock,Fino Payments,FINOPB.NS,Other Bank,Financial Services,1066.29,0.0,-13.72,-177.25,72.23,18.43,43.61,4.41,,not_stage_2,0,129.28,142.28,-6.85,0.00561,"{'price_above_30w_ma': False, '30w_ma_rising': False, 'price_above_10w_ma': False, 'relative_strength_positive': False, 'near_52w_high': False}",lagging,lagging,98.57,97.8,-0.3,-0.32,False,False,2026-09-18 ratio=98.88 momentum=98.12; 2026-09-21 ratio=98.76 momentum=98.30; 2026-09-22 ratio=98.70 momentum=98.16; 2026-09-23 ratio=98.64 momentum=97.45; 2026-09-24 ratio=98.57 momentum=97.80,0.0
stock,Ramco Inds.,RAMCOIND.NS,Other Construction Materials,Construction Materials,2777.2,0.39,86.59,21.91,613.81,15.48,8.83,4.57,,stage_2,4,321.8,304.33,0.81,0.01395,"{'price_above_30w_ma': True, '30w_ma_rising': True, 'price_above_10w_ma': False, 'relative_strength_positive': True, 'near_52w_high': True}",improving,leading,99.87,102.6,-0.3,-0.99,False,False,2026-09-18 ratio=100.17 momentum=103.59; 2026-09-21 ratio=99.70 momentum=102.45; 2026-09-22 ratio=99.41 momentum=101.42; 2026-09-23 ratio=99.73 momentum=102.29; 2026-09-24 ratio=99.87 momentum=102.60,119.62
stock,Glass Wall Syst.,GLASSWALL.NS,Other Construction Materials,Construction Materials,2408.17,0.0,,,,,29.45,50.32,,insufficient_data,0,,,,,{},insufficient_data,insufficient_data,,,,,False,False,,0.0
stock,Arisinfra Solu.,ARIS.NS,Other Construction Materials,Construction Materials,1149.67,0.0,20.04,306.31,290.81,37.12,17.4,15.57,,stage_2,5,141.92,122.98,3.24,0.00615,"{'price_above_30w_ma': True, '30w_ma_rising': True, 'price_above_10w_ma': True, 'relative_strength_positive': True, 'near_52w_high': True}",leading,leading,101.76,101.63,0.91,0.53,False,False,2026-09-18 ratio=100.86 momentum=101.10; 2026-09-21 ratio=101.65 momentum=102.28; 2026-09-22 ratio=101.46 momentum=101.92; 2026-09-23 ratio=101.73 momentum=101.89; 2026-09-24 ratio=101.76 momentum=101.63,168.43
stock,BirlaNu Ltd,BIRLANU.NS,Other Construction Materials,Construction Materials,1090.94,1.04,9.4,812.12,1174.02,11.57,,-4.29,,not_stage_2,2,1421.3,1400.33,-1.98,0.06163,"{'price_above_30w_ma': True, '30w_ma_rising': False, 'price_above_10w_ma': False, 'relative_strength_positive': True, 'near_52w_high': False}",leading,lagging,100.41,100.62,0.49,1.99,True,False,2026-09-18 ratio=99.92 momentum=98.63; 2026-09-21 ratio=99.94 momentum=97.98; 2026-09-22 ratio=99.94 momentum=97.71; 2026-09-23 ratio=100.05 momentum=98.47; 2026-09-24 ratio=100.41 momentum=100.62,75.15
stock,Everest Inds.,EVERESTIND.NS,Other Construction Materials,Construction Materials,679.07,0.23,102.09,1505.52,435.86,-12.95,,-8.5,,not_stage_2,3,431.75,408.48,0.38,0.01872,"{'price_above_30w_ma': True, '30w_ma_rising': True, 'price_above_10w_ma': False, 'relative_strength_positive': True, 'near_52w_high': False}",improving,improving,99.96,101.53,0.87,-0.48,False,False,2026-09-18 ratio=99.10 momentum=102.00; 2026-09-21 ratio=99.34 momentum=102.74; 2026-09-22 ratio=99.76 momentum=102.92; 2026-09-23 ratio=100.14 momentum=102.33; 2026-09-24 ratio=99.96 momentum=101.53,68.41
stock,Teamtech Formwork,TEAMTECH.NS,Other Construction Materials,Construction Materials,404.68,0.0,7.33,,31.74,,34.92,41.17,,insufficient_data,0,,,,,{},insufficient_data,insufficient_data,,,,,False,False,,0.0
stock,Sahyadri Industr,SAHYADRI.NS,Other Construction Materials,Construction Materials,396.22,0.69,26.52,146.24,258.58,20.51,8.78,9.72,,stage_2,5,366.85,292.48,5.84,0.01591,"{'price_above_30w_ma': True, '30w_ma_rising': True, 'price_above_10w_ma': True, 'relative_strength_positive': True, 'near_52w_high': True}",weakening,weakening,101.02,98.1,0.01,-1.13,False,False,2026-09-18 ratio=101.01 momentum=99.23; 2026-09-21 ratio=101.08 momentum=97.41; 2026-09-22 ratio=100.81 momentum=96.45; 2026-09-23 ratio=100.97 momentum=97.47; 2026-09-24 ratio=101.02 momentum=98.10,141.78
stock,Vishnusurya Pro.,VISHNUINFR.NS,Other Construction Materials,Construction Materials,383.18,0.68,5.92,116.06,61.87,25.02,9.08,19.92,,not_stage_2,1,150.0,157.92,-1.55,0.0065,"{'price_above_30w_ma': False, '30w_ma_rising': False, 'price_above_10w_ma': False, 'relative_strength_positive': True, 'near_52w_high': False}",improving,lagging,99.94,100.52,0.37,2.91,False,True,2026-09-18 ratio=99.57 momentum=97.61; 2026-09-21 ratio=100.30 momentum=99.92; 2026-09-22 ratio=99.60 momentum=98.79; 2026-09-23 ratio=99.43 momentum=98.99; 2026-09-24 ratio=99.94 momentum=100.52,22.6
stock,MCON Rasayan,MCON.NS,Other Construction Materials,Construction Materials,30.45,0.0,1.8,76.47,36.86,26.32,10.02,11.06,,not_stage_2,0,41.0,45.6,-1.69,0.00178,"{'price_above_30w_ma': False, '30w_ma_rising': False, 'price_above_10w_ma': False, 'relative_strength_positive': False, 'near_52w_high': False}",improving,lagging,99.68,100.59,0.72,2.04,False,True,2026-09-18 ratio=98.96 momentum=98.56; 2026-09-21 ratio=98.49 momentum=95.90; 2026-09-22 ratio=99.46 momentum=99.39; 2026-09-23 ratio=99.37 momentum=98.78; 2026-09-24 ratio=99.68 momentum=100.59,2.95
stock,SIS,SIS.NS,Other Consumer Services,Consumer Services,5909.69,1.67,101.66,9.37,4603.58,29.73,14.71,13.68,,stage_2,4,418.45,386.3,3.82,0.01814,"{'price_above_30w_ma': True, '30w_ma_rising': True, 'price_above_10w_ma': False, 'relative_strength_positive': True, 'near_52w_high': True}",weakening,leading,100.92,99.24,-0.52,-0.98,False,False,2026-09-18 ratio=101.44 momentum=100.23; 2026-09-21 ratio=100.45 momentum=99.01; 2026-09-22 ratio=100.99 momentum=100.56; 2026-09-23 ratio=100.47 momentum=98.70; 2026-09-24 ratio=100.92 momentum=99.24,117.24
stock,E Factor Experie,EFACTOR.NS,Other Consumer Services,Consumer Services,224.74,0.7,14.61,-26.66,138.84,-9.5,11.42,24.71,,not_stage_2,0,161.95,191.4,-5.89,0.00702,"{'price_above_30w_ma': False, '30w_ma_rising': False, 'price_above_10w_ma': False, 'relative_strength_positive': False, 'near_52w_high': False}",lagging,lagging,99.35,99.19,-0.13,1.4,False,False,2026-09-18 ratio=99.48 momentum=97.79; 2026-09-21 ratio=99.40 momentum=98.09; 2026-09-22 ratio=98.80 momentum=96.29; 2026-09-23 ratio=98.37 momentum=97.10; 2026-09-24 ratio=99.35 momentum=99.19,0.0
stock,Party Cruisers,PARTYCRUS.NS,Other Consumer Services,Consumer Services,138.43,0.0,10.04,62.85,111.27,32.28,11.07,34.5,,stage_2,5,98.95,90.18,1.88,0.00429,"{'price_above_30w_ma': True, '30w_ma_rising': True, 'price_above_10w_ma': True, 'relative_strength_positive': True, 'near_52w_high': True}",leading,leading,102.26,100.3,-0.23,-2.6,False,False,2026-09-18 ratio=102.50 momentum=102.90; 2026-09-21 ratio=102.33 momentum=104.31; 2026-09-22 ratio=102.13 momentum=101.88; 2026-09-23 ratio=102.18 momentum=102.49; 2026-09-24 ratio=102.26 momentum=100.30,161.56
stock,Touchwood Enter.,TOUCHWOOD.NS,Other Consumer Services,Consumer Services,66.64,0.0,0.38,-70.77,3.96,-76.57,20.07,13.52,,not_stage_2,1,61.78,68.63,-4.48,0.00268,"{'price_above_30w_ma': False, '30w_ma_rising': False, 'price_above_10w_ma': False, 'relative_strength_positive': True, 'near_52w_high': False}",leading,improving,100.24,103.88,0.76,-1.83,False,False,2026-09-18 ratio=99.48 momentum=105.70; 2026-09-21 ratio=99.75 momentum=101.71; 2026-09-22 ratio=99.84 momentum=102.49; 2026-09-23 ratio=99.82 momentum=103.54; 2026-09-24 ratio=100.24 momentum=103.88,60.6
stock,Blue Pebble,BLUEPEBBLE.NS,Other Consumer Services,Consumer Services,29.07,0.7,-0.26,,11.14,,59.33,2.42,,not_stage_2,1,71.25,93.03,-8.79,0.00309,"{'price_above_30w_ma': False, '30w_ma_rising': False, 'price_above_10w_ma': False, 'relative_strength_positive': True, 'near_52w_high': False}",weakening,leading,100.38,96.8,-1.58,-7.06,False,False,2026-09-18 ratio=101.97 momentum=103.86; 2026-09-21 ratio=101.82 momentum=93.92; 2026-09-22 ratio=101.11 momentum=98.49; 2026-09-23 ratio=100.84 momentum=98.02; 2026-09-24 ratio=100.38 momentum=96.80,21.9
stock,Thinking Hats,THESL.NS,Other Consumer Services,Consumer Services,17.48,0.0,0.51,-80.08,15.16,-61.15,14.09,5.96,,insufficient_data,0,,,,,{},insufficient_data,insufficient_data,,,,,False,False,,0.0
stock,HBL Engineering,HBLENGINE.NS,Other Industrial Products,Capital Goods,22344.79,0.37,109.14,-25.07,638.03,6.03,27.88,59.3,,stage_2,4,775.3,744.17,0.0,0.03362,"{'price_above_30w_ma': True, '30w_ma_rising': True, 'price_above_10w_ma': True, 'relative_strength_positive': True, 'near_52w_high': False}",leading,leading,102.59,102.4,0.32,-1.64,False,False,2026-09-18 ratio=102.27 momentum=104.03; 2026-09-21 ratio=101.86 momentum=103.08; 2026-09-22 ratio=102.38 momentum=103.65; 2026-09-23 ratio=102.08 momentum=102.08; 2026-09-24 ratio=102.59 momentum=102.40,149.95
stock,Inox India,INOXINDIA.NS,Other Industrial Products,Capital Goods,19573.5,0.09,58.07,-4.99,370.79,9.18,76.11,33.48,,stage_2,5,2064.8,1703.01,8.67,0.08953,"{'price_above_30w_ma': True, '30w_ma_rising': True, 'price_above_10w_ma': True, 'relative_strength_positive': True, 'near_52w_high': True}",weakening,weakening,100.86,98.22,-0.24,-0.25,False,False,2026-09-18 ratio=101.11 momentum=98.47; 2026-09-21 ratio=100.96 momentum=97.78; 2026-09-22 ratio=101.29 momentum=98.38; 2026-09-23 ratio=101.41 momentum=98.69; 2026-09-24 ratio=100.86 momentum=98.22,146.64
stock,KRN Heat Exchan,KRN.NS,Other Industrial Products,Capital Goods,9049.89,0.0,32.9,164.9,252.32,118.88,93.36,16.06,,stage_2,4,1401.6,1223.41,8.11,0.06077,"{'price_above_30w_ma': True, '30w_ma_rising': True, 'price_above_10w_ma': False, 'relative_strength_positive': True, 'near_52w_high': True}",weakening,weakening,100.36,97.11,-0.26,-1.55,False,False,2026-09-18 ratio=100.63 momentum=98.66; 2026-09-21 ratio=100.39 momentum=97.81; 2026-09-22 ratio=100.42 momentum=97.42; 2026-09-23 ratio=100.31 momentum=96.61; 2026-09-24 ratio=100.36 momentum=97.11,123.02
stock,Esab India,ESABINDIA.NS,Other Industrial Products,Capital Goods,8499.03,1.36,56.14,37.13,421.12,19.63,41.06,64.68,,not_stage_2,2,5528.0,5870.36,0.51,0.23969,"{'price_above_30w_ma': False, '30w_ma_rising': True, 'price_above_10w_ma': False, 'relative_strength_positive': False, 'near_52w_high': True}",lagging,lagging,99.53,96.85,-0.18,-0.45,False,False,2026-09-18 ratio=99.70 momentum=97.30; 2026-09-21 ratio=99.36 momentum=97.24; 2026-09-22 ratio=99.82 momentum=97.45; 2026-09-23 ratio=99.48 momentum=96.45; 2026-09-24 ratio=99.53 momentum=96.85,41.02
stock,Subros,SUBROS.NS,Other Industrial Products,Capital Goods,4707.1,0.42,41.52,1.69,1032.11,17.52,27.38,19.16,,not_stage_2,0,720.1,748.64,-1.47,0.03122,"{'price_above_30w_ma': False, '30w_ma_rising': False, 'price_above_10w_ma': False, 'relative_strength_positive': False, 'near_52w_high': False}",improving,improving,99.94,100.98,0.38,-2.23,False,False,2026-09-18 ratio=99.57 momentum=103.21; 2026-09-21 ratio=99.39 momentum=102.32; 2026-09-22 ratio=99.66 momentum=102.68; 2026-09-23 ratio=99.89 momentum=103.04; 2026-09-24 ratio=99.94 momentum=100.98,4.9
stock,Harsha Engg Intl,HARSHA.NS,Other Industrial Products,Capital Goods,4202.56,0.32,37.38,-1.45,457.43,25.22,27.17,13.0,,stage_2,5,457.55,403.71,2.38,0.01984,"{'price_above_30w_ma': True, '30w_ma_rising': True, 'price_above_10w_ma': True, 'relative_strength_positive': True, 'near_52w_high': True}",weakening,weakening,101.78,99.3,0.55,0.86,False,False,2026-09-18 ratio=101.23 momentum=98.45; 2026-09-21 ratio=102.30 momentum=100.09; 2026-09-22 ratio=102.10 momentum=99.74; 2026-09-23 ratio=101.86 momentum=98.20; 2026-09-24 ratio=101.78 momentum=99.30,138.66
stock,Ador Welding,ADOR.NS,Other Industrial Products,Capital Goods,2850.91,1.4,27.35,890.46,308.63,23.19,23.81,22.71,,stage_2,5,1612.9,1247.76,6.38,0.06993,"{'price_above_30w_ma': True, '30w_ma_rising': True, 'price_above_10w_ma': True, 'relative_strength_positive': True, 'near_52w_high': True}",weakening,weakening,101.25,99.36,0.3,2.72,False,False,2026-09-18 ratio=100.95 momentum=96.64; 2026-09-21 ratio=100.74 momentum=96.85; 2026-09-22 ratio=100.94 momentum=98.13; 2026-09-23 ratio=100.86 momentum=98.13; 2026-09-24 ratio=101.25 momentum=99.36,144.01
stock,Diffusion Eng,DIFFNKG.NS,Other Industrial Products,Capital Goods,1610.45,0.35,16.68,36.26,110.11,36.49,29.13,15.78,,stage_2,5,427.25,354.46,7.5,0.01853,"{'price_above_30w_ma': True, '30w_ma_rising': True, 'price_above_10w_ma': True, 'relative_strength_positive': True, 'near_52w_high': True}",weakening,weakening,100.78,97.51,-0.56,1.12,False,False,2026-09-18 ratio=101.33 momentum=96.39; 2026-09-21 ratio=101.19 momentum=94.88; 2026-09-22 ratio=101.12 momentum=97.04; 2026-09-23 ratio=100.95 momentum=98.00; 2026-09-24 ratio=100.78 momentum=97.51,143.9
stock,Sahasra Electro.,SAHASRA.NS,Other Industrial Products,Capital Goods,1071.82,0.23,6.31,384.57,78.12,57.66,75.53,6.04,,insufficient_data,0,,,,,{},insufficient_data,insufficient_data,,,,,False,False,,0.0
stock,MIC Electronics,MICEL.NS,Other Industrial Products,Capital Goods,1071.13,0.0,2.13,27.54,43.72,276.57,,8.67,,not_stage_2,1,35.4,38.95,-1.59,0.00153,"{'price_above_30w_ma': False, '30w_ma_rising': False, 'price_above_10w_ma': False, 'relative_strength_positive': True, 'near_52w_high': False}",leading,lagging,100.16,100.47,2.16,3.97,True,False,2026-09-18 ratio=97.99 momentum=96.50; 2026-09-21 ratio=98.04 momentum=97.66; 2026-09-22 ratio=98.72 momentum=97.92; 2026-09-23 ratio=99.15 momentum=98.93; 2026-09-24 ratio=100.16 momentum=100.47,53.15
stock,M & M,M&M.NS,Passenger Cars & Utility Vehicles,Automobile and Auto Components,379664.01,1.09,5997.56,33.8,58187.57,27.8,19.8,15.1,,not_stage_2,1,2982.7,3163.1,-1.67,0.12933,"{'price_above_30w_ma': False, '30w_ma_rising': False, 'price_above_10w_ma': False, 'relative_strength_positive': False, 'near_52w_high': True}",lagging,lagging,98.45,96.01,-0.38,-2.25,False,False,2026-09-18 ratio=98.83 momentum=98.26; 2026-09-21 ratio=98.76 momentum=97.82; 2026-09-22 ratio=98.76 momentum=97.90; 2026-09-23 ratio=98.50 momentum=96.92; 2026-09-24 ratio=98.45 momentum=96.01,20.0
stock,Maruti Suzuki,MARUTI.NS,Passenger Cars & Utility Vehicles,Automobile and Auto Components,378589.42,1.16,3446.9,-9.11,52469.8,35.91,26.41,18.87,,not_stage_2,0,11990.0,13273.67,-2.66,0.51988,"{'price_above_30w_ma': False, '30w_ma_rising': False, 'price_above_10w_ma': False, 'relative_strength_positive': False, 'near_52w_high': False}",improving,lagging,98.19,100.05,0.59,0.28,False,True,2026-09-18 ratio=97.61 momentum=99.77; 2026-09-21 ratio=97.81 momentum=102.33; 2026-09-22 ratio=98.12 momentum=101.22; 2026-09-23 ratio=98.18 momentum=101.37; 2026-09-24 ratio=98.19 momentum=100.05,0.25
stock,Hyundai Motor I,HYUNDAI.NS,Passenger Cars & Utility Vehicles,Automobile and Auto Components,171735.76,0.99,888.62,-35.1,16334.63,-0.48,34.69,38.4,,not_stage_2,2,2060.6,1994.24,-0.29,0.08935,"{'price_above_30w_ma': True, '30w_ma_rising': False, 'price_above_10w_ma': False, 'relative_strength_positive': False, 'near_52w_high': True}",lagging,leading,99.99,97.43,-1.32,-5.62,False,False,2026-09-18 ratio=101.31 momentum=103.05; 2026-09-21 ratio=100.60 momentum=97.46; 2026-09-22 ratio=100.22 momentum=96.95; 2026-09-23 ratio=100.02 momentum=96.68; 2026-09-24 ratio=99.99 momentum=97.43,40.0
stock,Tata Motors PVeh,TMPV.NS,Passenger Cars & Utility Vehicles,Automobile and Auto Components,106755.38,1.03,859.0,-69.83,95799.0,9.26,107.14,2.73,,not_stage_2,0,295.0,338.71,-2.86,0.01279,"{'price_above_30w_ma': False, '30w_ma_rising': False, 'price_above_10w_ma': False, 'relative_strength_positive': False, 'near_52w_high': False}",improving,improving,98.69,100.46,-0.25,-0.3,False,False,2026-09-18 ratio=98.94 momentum=100.76; 2026-09-21 ratio=98.72 momentum=100.35; 2026-09-22 ratio=98.73 momentum=100.79; 2026-09-23 ratio=98.69 momentum=100.39; 2026-09-24 ratio=98.69 momentum=100.46,2.3
stock,Force Motors,FORCEMOT.NS,Passenger Cars & Utility Vehicles,Automobile and Auto Components,22774.05,0.29,216.59,22.82,2440.01,6.21,20.7,36.05,,not_stage_2,1,17142.0,19209.33,-4.03,0.74327,"{'price_above_30w_ma': False, '30w_ma_rising': False, 'price_above_10w_ma': False, 'relative_strength_positive': True, 'near_52w_high': False}",leading,leading,100.1,100.49,-0.33,-1.2,False,False,2026-09-18 ratio=100.43 momentum=101.69; 2026-09-21 ratio=100.29 momentum=101.77; 2026-09-22 ratio=99.90 momentum=99.38; 2026-09-23 ratio=99.87 momentum=99.64; 2026-09-24 ratio=100.10 momentum=100.49,42.95
stock,Olectra Greentec,OLECTRA.NS,Passenger Cars & Utility Vehicles,Automobile and Auto Components,9907.99,0.05,26.66,-0.31,575.51,65.75,55.84,21.05,,not_stage_2,3,1244.0,1249.69,2.25,0.05394,"{'price_above_30w_ma': False, '30w_ma_rising': True, 'price_above_10w_ma': False, 'relative_strength_positive': True, 'near_52w_high': True}",improving,improving,99.98,102.2,1.36,1.79,False,True,2026-09-18 ratio=98.61 momentum=100.41; 2026-09-21 ratio=98.71 momentum=101.89; 2026-09-22 ratio=99.06 momentum=103.32; 2026-09-23 ratio=100.18 momentum=103.10; 2026-09-24 ratio=99.98 momentum=102.20,75.5
stock,Mercury EV-Tech,MERCURYEV.NS,Passenger Cars & Utility Vehicles,Automobile and Auto Components,752.86,0.0,1.65,29.92,33.38,47.9,165.1,2.64,,insufficient_data,0,,,,,{},weakening,leading,101.23,99.44,-0.48,-1.76,False,False,2026-09-18 ratio=101.71 momentum=101.20; 2026-09-21 ratio=101.54 momentum=101.15; 2026-09-22 ratio=101.57 momentum=100.52; 2026-09-23 ratio=100.97 momentum=98.78; 2026-09-24 ratio=101.23 momentum=99.44,6.15
stock,Supreme Inds.,SUPREMEIND.NS,Plastic Products - Industrial,Capital Goods,44971.44,1.01,280.72,38.76,2717.66,4.16,43.56,20.73,,not_stage_2,2,3434.0,3573.31,-1.37,0.1489,"{'price_above_30w_ma': False, '30w_ma_rising': False, 'price_above_10w_ma': False, 'relative_strength_positive': True, 'near_52w_high': True}",weakening,leading,100.88,99.51,-1.26,-1.97,False,False,2026-09-18 ratio=102.14 momentum=101.48; 2026-09-21 ratio=101.13 momentum=100.65; 2026-09-22 ratio=100.80 momentum=99.07; 2026-09-23 ratio=100.98 momentum=99.54; 2026-09-24 ratio=100.88 momentum=99.51,44.4
stock,Astral,ASTRAL.NS,Plastic Products - Industrial,Capital Goods,37605.77,0.29,120.2,48.21,1578.0,15.93,63.48,19.22,,not_stage_2,1,1392.0,1517.62,-1.41,0.06036,"{'price_above_30w_ma': False, '30w_ma_rising': False, 'price_above_10w_ma': False, 'relative_strength_positive': False, 'near_52w_high': True}",lagging,weakening,99.71,96.7,-0.48,-1.89,False,False,2026-09-18 ratio=100.19 momentum=98.59; 2026-09-21 ratio=99.62 momentum=97.76; 2026-09-22 ratio=99.30 momentum=97.00; 2026-09-23 ratio=99.36 momentum=96.41; 2026-09-24 ratio=99.71 momentum=96.70,20.0
stock,Garware Hi Tech,GRWRHITECH.NS,Plastic Products - Industrial,Capital Goods,15390.04,0.18,132.65,59.78,633.08,27.9,39.68,18.08,,not_stage_2,3,6342.5,5746.1,6.28,0.27501,"{'price_above_30w_ma': True, '30w_ma_rising': True, 'price_above_10w_ma': False, 'relative_strength_positive': False, 'near_52w_high': True}",lagging,lagging,97.86,98.76,-1.52,0.21,False,False,2026-09-18 ratio=99.38 momentum=98.54; 2026-09-21 ratio=97.44 momentum=97.20; 2026-09-22 ratio=97.28 momentum=97.81; 2026-09-23 ratio=98.27 momentum=98.00; 2026-09-24 ratio=97.86 momentum=98.76,72.56
stock,Finolex Inds.,FINPIPE.NS,Plastic Products - Industrial,Capital Goods,9573.98,1.3,114.52,16.67,883.58,-15.3,15.56,11.83,,not_stage_2,1,154.04,168.3,-2.23,0.00668,"{'price_above_30w_ma': False, '30w_ma_rising': False, 'price_above_10w_ma': False, 'relative_strength_positive': True, 'near_52w_high': False}",leading,improving,100.08,100.97,0.65,0.7,True,False,2026-09-18 ratio=99.43 momentum=100.27; 2026-09-21 ratio=98.52 momentum=98.23; 2026-09-22 ratio=98.99 momentum=99.59; 2026-09-23 ratio=99.17 momentum=99.13; 2026-09-24 ratio=100.08 momentum=100.97,55.25
stock,Time Technoplast,TIMETECHNO.NS,Plastic Products - Industrial,Capital Goods,8933.71,0.83,117.86,22.21,1692.71,25.14,18.24,16.52,,not_stage_2,1,179.31,182.97,-0.79,0.00777,"{'price_above_30w_ma': False, '30w_ma_rising': False, 'price_above_10w_ma': False, 'relative_strength_positive': False, 'near_52w_high': True}",lagging,lagging,99.24,98.53,0.23,0.49,False,False,2026-09-18 ratio=99.00 momentum=98.03; 2026-09-21 ratio=99.05 momentum=98.29; 2026-09-22 ratio=99.15 momentum=99.31; 2026-09-23 ratio=99.18 momentum=98.50; 2026-09-24 ratio=99.24 momentum=98.53,20.0
stock,Kingfa Science,KINGFA.NS,Plastic Products - Industrial,Capital Goods,8428.45,0.32,80.21,101.58,688.57,49.06,37.35,23.2,,stage_2,5,6228.5,5145.1,4.87,0.27006,"{'price_above_30w_ma': True, '30w_ma_rising': True, 'price_above_10w_ma': True, 'relative_strength_positive': True, 'near_52w_high': True}",weakening,weakening,101.67,99.18,0.78,0.44,False,False,2026-09-18 ratio=100.89 momentum=98.74; 2026-09-21 ratio=101.32 momentum=99.74; 2026-09-22 ratio=101.53 momentum=99.54; 2026-09-23 ratio=101.55 momentum=99.70; 2026-09-24 ratio=101.67 momentum=99.18,143.09
stock,Prince Pipes,PRINCEPIPE.NS,Plastic Products - Industrial,Capital Goods,2892.82,0.38,33.75,600.21,609.42,5.0,27.77,6.03,,not_stage_2,2,259.8,263.03,0.47,0.01126,"{'price_above_30w_ma': False, '30w_ma_rising': True, 'price_above_10w_ma': False, 'relative_strength_positive': False, 'near_52w_high': True}",lagging,weakening,99.64,96.71,-0.65,-1.64,False,False,2026-09-18 ratio=100.29 momentum=98.35; 2026-09-21 ratio=99.87 momentum=98.61; 2026-09-22 ratio=99.87 momentum=98.25; 2026-09-23 ratio=99.78 momentum=97.24; 2026-09-24 ratio=99.64 momentum=96.71,40.94
stock,Apollo Pipes,APOLLOPIPE.NS,Plastic Products - Industrial,Capital Goods,2255.27,0.14,-11.12,-205.28,295.43,7.43,,1.23,,not_stage_2,3,510.5,493.08,6.41,0.02213,"{'price_above_30w_ma': True, '30w_ma_rising': True, 'price_above_10w_ma': False, 'relative_strength_positive': False, 'near_52w_high': True}",lagging,weakening,99.69,96.22,-0.59,-1.37,False,False,2026-09-18 ratio=100.28 momentum=97.59; 2026-09-21 ratio=100.15 momentum=97.59; 2026-09-22 ratio=99.90 momentum=96.96; 2026-09-23 ratio=99.77 momentum=96.56; 2026-09-24 ratio=99.69 momentum=96.22,72.82
stock,Jain Irrigation,JISLJALEQS.NS,Plastic Products - Industrial,Capital Goods,2051.64,0.0,-17.8,-207.18,1508.37,-2.41,,5.3,,not_stage_2,1,28.58,31.17,-2.6,0.00124,"{'price_above_30w_ma': False, '30w_ma_rising': False, 'price_above_10w_ma': False, 'relative_strength_positive': True, 'near_52w_high': False}",weakening,leading,100.19,98.79,-0.89,-7.13,False,False,2026-09-18 ratio=101.08 momentum=105.92; 2026-09-21 ratio=101.38 momentum=102.71; 2026-09-22 ratio=100.16 momentum=97.05; 2026-09-23 ratio=100.07 momentum=98.22; 2026-09-24 ratio=100.19 momentum=98.79,20.95
stock,Jai Corp,JAICORPLTD.NS,Plastic Products - Industrial,Capital Goods,1657.29,0.53,28.2,-72.91,157.58,20.06,17.54,11.75,,not_stage_2,0,94.46,106.54,-2.08,0.0041,"{'price_above_30w_ma': False, '30w_ma_rising': False, 'price_above_10w_ma': False, 'relative_strength_positive': False, 'near_52w_high': False}",lagging,lagging,99.18,99.6,0.4,0.68,False,False,2026-09-18 ratio=98.78 momentum=98.92; 2026-09-21 ratio=98.89 momentum=98.94; 2026-09-22 ratio=98.72 momentum=98.59; 2026-09-23 ratio=99.45 momentum=100.48; 2026-09-24 ratio=99.18 momentum=99.60,0.0
stock,Knowledge Realty,KRT.NS,Real Estate Investment Trusts (REITs),Realty,50543.33,1.49,250.8,,1243.06,,80.59,5.22,,insufficient_data,0,,,,,{},insufficient_data,insufficient_data,,,,,False,False,,0.0
stock,Embassy Off.REIT,EMBASSY.NS,Real Estate Investment Trusts (REITs),Realty,41504.39,0.05,195.22,25.81,1240.81,17.08,169.2,5.61,,stage_2,4,439.77,434.61,0.14,0.01907,"{'price_above_30w_ma': True, '30w_ma_rising': True, 'price_above_10w_ma': False, 'relative_strength_positive': True, 'near_52w_high': True}",leading,leading,102.06,100.42,0.24,-1.87,False,False,2026-09-18 ratio=101.83 momentum=102.29; 2026-09-21 ratio=101.36 momentum=102.11; 2026-09-22 ratio=101.74 momentum=103.01; 2026-09-23 ratio=100.98 momentum=98.92; 2026-09-24 ratio=102.06 momentum=100.42,137.68
stock,Bagmane Prime REIT,BAGMANE.NS,Real Estate Investment Trusts (REITs),Realty,37756.38,1.35,58.51,-77.18,437.01,-29.88,,0.0,,insufficient_data,0,,,,,{},insufficient_data,insufficient_data,,,,,False,False,,0.0
stock,Mindspace Busine,MINDSPACE.NS,Real Estate Investment Trusts (REITs),Realty,33637.23,2.32,271.81,67.1,946.44,27.85,43.16,7.64,,stage_2,5,504.59,476.61,0.42,0.02188,"{'price_above_30w_ma': True, '30w_ma_rising': True, 'price_above_10w_ma': True, 'relative_strength_positive': True, 'near_52w_high': True}",weakening,leading,102.46,99.23,-0.22,-2.33,False,False,2026-09-18 ratio=102.67 momentum=101.57; 2026-09-21 ratio=102.29 momentum=100.26; 2026-09-22 ratio=102.26 momentum=100.55; 2026-09-23 ratio=101.69 momentum=98.51; 2026-09-24 ratio=102.46 momentum=99.23,138.14
stock,Brookfield India,BIRET.NS,Real Estate Investment Trusts (REITs),Realty,28049.98,1.95,221.34,44.36,973.83,51.78,52.28,5.36,,not_stage_2,3,336.98,332.27,-0.75,0.01461,"{'price_above_30w_ma': True, '30w_ma_rising': False, 'price_above_10w_ma': False, 'relative_strength_positive': True, 'near_52w_high': True}",weakening,leading,101.98,98.21,0.24,-2.13,False,False,2026-09-18 ratio=101.74 momentum=100.34; 2026-09-21 ratio=101.56 momentum=100.26; 2026-09-22 ratio=101.74 momentum=99.78; 2026-09-23 ratio=101.26 momentum=97.85; 2026-09-24 ratio=101.98 momentum=98.21,69.9
stock,Nexus Select,NXST.NS,Real Estate Investment Trusts (REITs),Realty,25136.89,1.47,156.52,30.89,680.53,10.91,57.07,5.83,,stage_2,4,166.42,160.25,0.42,0.00722,"{'price_above_30w_ma': True, '30w_ma_rising': True, 'price_above_10w_ma': False, 'relative_strength_positive': True, 'near_52w_high': True}",weakening,weakening,102.1,98.92,0.47,-0.68,False,False,2026-09-18 ratio=101.63 momentum=99.60; 2026-09-21 ratio=101.33 momentum=101.16; 2026-09-22 ratio=101.57 momentum=99.68; 2026-09-23 ratio=101.14 momentum=97.99; 2026-09-24 ratio=102.10 momentum=98.92,116.34
stock,Apcotex Industri,APCOTEXIND.NS,Rubber,Capital Goods,3106.81,1.33,78.94,312.0,525.63,39.88,19.29,19.8,,stage_2,4,602.85,502.42,6.85,0.02614,"{'price_above_30w_ma': True, '30w_ma_rising': True, 'price_above_10w_ma': False, 'relative_strength_positive': True, 'near_52w_high': True}",weakening,weakening,100.71,98.72,0.07,1.53,False,False,2026-09-18 ratio=100.64 momentum=97.19; 2026-09-21 ratio=100.67 momentum=98.10; 2026-09-22 ratio=100.74 momentum=98.17; 2026-09-23 ratio=100.63 momentum=99.19; 2026-09-24 ratio=100.71 momentum=98.72,122.25
stock,Pix Transmission,PIXTRANS.NS,Rubber,Capital Goods,2363.25,0.52,52.75,89.34,149.25,22.8,17.93,21.73,,stage_2,4,1745.8,1641.29,2.39,0.0757,"{'price_above_30w_ma': True, '30w_ma_rising': True, 'price_above_10w_ma': False, 'relative_strength_positive': True, 'near_52w_high': True}",leading,lagging,100.39,101.99,0.44,3.05,True,False,2026-09-18 ratio=99.95 momentum=98.94; 2026-09-21 ratio=99.74 momentum=98.45; 2026-09-22 ratio=99.88 momentum=101.04; 2026-09-23 ratio=100.13 momentum=104.67; 2026-09-24 ratio=100.39 momentum=101.99,151.68
stock,Tinna Rubber,TINNARUBR.NS,Rubber,Capital Goods,1755.78,0.33,20.57,75.21,156.18,19.89,28.47,22.46,,not_stage_2,3,982.8,864.43,4.62,0.04261,"{'price_above_30w_ma': True, '30w_ma_rising': True, 'price_above_10w_ma': False, 'relative_strength_positive': False, 'near_52w_high': True}",lagging,lagging,99.28,96.23,-0.68,-3.06,False,False,2026-09-18 ratio=99.96 momentum=99.29; 2026-09-21 ratio=100.09 momentum=100.18; 2026-09-22 ratio=99.67 momentum=99.55; 2026-09-23 ratio=99.51 momentum=98.69; 2026-09-24 ratio=99.28 momentum=96.23,69.24
stock,GRP,GRPLTD.NS,Rubber,Capital Goods,1056.99,0.18,4.2,140.0,156.83,26.73,154.3,6.94,,stage_2,4,1987.8,1904.14,1.26,0.08619,"{'price_above_30w_ma': True, '30w_ma_rising': True, 'price_above_10w_ma': False, 'relative_strength_positive': True, 'near_52w_high': True}",weakening,leading,101.38,99.07,-0.1,-2.18,False,False,2026-09-18 ratio=101.48 momentum=101.24; 2026-09-21 ratio=101.07 momentum=99.69; 2026-09-22 ratio=101.28 momentum=100.11; 2026-09-23 ratio=101.09 momentum=99.61; 2026-09-24 ratio=101.38 momentum=99.07,114.42
stock,Gayatri Rubbers,GRCL.NS,Rubber,Capital Goods,343.07,0.0,2.95,86.71,24.48,33.99,61.37,37.86,,stage_2,5,572.0,507.69,4.83,0.0248,"{'price_above_30w_ma': True, '30w_ma_rising': True, 'price_above_10w_ma': True, 'relative_strength_positive': True, 'near_52w_high': True}",leading,leading,100.88,102.2,0.29,0.9,False,False,2026-09-18 ratio=100.60 momentum=101.30; 2026-09-21 ratio=100.88 momentum=101.81; 2026-09-22 ratio=100.59 momentum=103.35; 2026-09-23 ratio=99.94 momentum=98.14; 2026-09-24 ratio=100.88 momentum=102.20,170.06
stock,Rubfila Intl.,RUBFILA.NS,Rubber,Capital Goods,343.03,3.16,6.0,0.67,110.17,-10.71,13.02,12.59,,not_stage_2,1,63.79,70.2,-0.32,0.00277,"{'price_above_30w_ma': False, '30w_ma_rising': False, 'price_above_10w_ma': False, 'relative_strength_positive': False, 'near_52w_high': True}",lagging,improving,98.78,98.11,-1.0,-3.8,False,False,2026-09-18 ratio=99.78 momentum=101.91; 2026-09-21 ratio=99.94 momentum=99.58; 2026-09-22 ratio=99.70 momentum=98.62; 2026-09-23 ratio=99.22 momentum=97.62; 2026-09-24 ratio=98.78 momentum=98.11,20.0
stock,Harri. Malayalam,HARRMALAYA.NS,Rubber,Capital Goods,317.48,0.0,3.93,-34.06,124.92,7.26,11.72,11.77,,not_stage_2,2,174.88,200.58,0.57,0.00758,"{'price_above_30w_ma': False, '30w_ma_rising': True, 'price_above_10w_ma': False, 'relative_strength_positive': False, 'near_52w_high': True}",lagging,lagging,98.52,97.96,0.15,-0.29,False,False,2026-09-18 ratio=98.37 momentum=98.24; 2026-09-21 ratio=98.38 momentum=97.48; 2026-09-22 ratio=98.38 momentum=98.40; 2026-09-23 ratio=98.48 momentum=97.95; 2026-09-24 ratio=98.52 momentum=97.96,41.14
stock,Elgi Rubber Co,ELGIRUBCO.NS,Rubber,Capital Goods,275.35,0.0,40.85,293.38,70.09,-18.1,,-12.92,,stage_2,4,57.15,52.03,4.85,0.00248,"{'price_above_30w_ma': True, '30w_ma_rising': True, 'price_above_10w_ma': False, 'relative_strength_positive': True, 'near_52w_high': True}",weakening,leading,100.18,97.39,-2.08,-4.42,False,False,2026-09-18 ratio=102.26 momentum=101.80; 2026-09-21 ratio=101.22 momentum=100.87; 2026-09-22 ratio=101.23 momentum=101.19; 2026-09-23 ratio=100.83 momentum=100.15; 2026-09-24 ratio=100.18 momentum=97.39,115.6
stock,Sampann Utpadan,SAMPANN.NS,Rubber,Capital Goods,124.28,0.0,2.05,12.02,41.7,27.6,17.75,8.3,,not_stage_2,0,24.08,27.35,-3.33,0.00104,"{'price_above_30w_ma': False, '30w_ma_rising': False, 'price_above_10w_ma': False, 'relative_strength_positive': False, 'near_52w_high': False}",improving,improving,99.08,103.33,-0.13,-0.36,False,False,2026-09-18 ratio=99.21 momentum=103.70; 2026-09-21 ratio=98.58 momentum=99.63; 2026-09-22 ratio=98.73 momentum=101.58; 2026-09-23 ratio=98.89 momentum=102.13; 2026-09-24 ratio=99.08 momentum=103.33,16.65
stock,Lead Reclaim,LRRPL.NS,Rubber,Capital Goods,80.79,0.0,3.1,219.59,17.92,-18.25,19.66,21.34,,stage_2,5,98.0,83.4,4.7,0.00425,"{'price_above_30w_ma': True, '30w_ma_rising': True, 'price_above_10w_ma': True, 'relative_strength_positive': True, 'near_52w_high': True}",leading,leading,102.9,101.47,1.65,-0.51,False,False,2026-09-18 ratio=101.25 momentum=101.98; 2026-09-21 ratio=102.23 momentum=103.49; 2026-09-22 ratio=101.36 momentum=102.15; 2026-09-23 ratio=102.25 momentum=100.96; 2026-09-24 ratio=102.90 momentum=101.47,176.25
stock,KIOCL,KIOCL.NS,Sponge Iron,Metals & Mining,20715.2,0.0,-15.48,59.04,158.01,73.75,532.8,1.35,,not_stage_2,1,340.65,373.8,0.34,0.01477,"{'price_above_30w_ma': False, '30w_ma_rising': True, 'price_above_10w_ma': False, 'relative_strength_positive': False, 'near_52w_high': False}",lagging,lagging,98.81,97.59,0.57,-0.65,False,False,2026-09-18 ratio=98.24 momentum=98.24; 2026-09-21 ratio=98.28 momentum=98.08; 2026-09-22 ratio=98.56 momentum=98.47; 2026-09-23 ratio=98.98 momentum=98.34; 2026-09-24 ratio=98.81 momentum=97.59,20.68
stock,S.A.L Steel,SALSTEEL.NS,Sponge Iron,Metals & Mining,1358.36,0.0,3.09,131.95,87.37,-31.57,,1.08,,stage_2,5,89.27,59.27,8.67,0.00387,"{'price_above_30w_ma': True, '30w_ma_rising': True, 'price_above_10w_ma': True, 'relative_strength_positive': True, 'near_52w_high': True}",leading,weakening,102.03,101.28,0.43,2.71,True,False,2026-09-18 ratio=101.60 momentum=98.57; 2026-09-21 ratio=101.51 momentum=98.73; 2026-09-22 ratio=101.36 momentum=98.04; 2026-09-23 ratio=101.62 momentum=99.91; 2026-09-24 ratio=102.03 momentum=101.28,188.89
stock,Vraj Iron,VRAJ.NS,Sponge Iron,Metals & Mining,417.0,0.0,11.51,51.65,193.83,40.14,11.61,10.49,,not_stage_2,4,126.19,122.31,-0.44,0.00547,"{'price_above_30w_ma': True, '30w_ma_rising': False, 'price_above_10w_ma': True, 'relative_strength_positive': True, 'near_52w_high': True}",leading,leading,101.13,102.06,0.1,-0.48,False,False,2026-09-18 ratio=101.03 momentum=102.54; 2026-09-21 ratio=101.08 momentum=103.27; 2026-09-22 ratio=100.65 momentum=101.97; 2026-09-23 ratio=100.90 momentum=103.77; 2026-09-24 ratio=101.13 momentum=102.06,115.95
stock,Chaman Metallics,CMNL.NS,Sponge Iron,Metals & Mining,282.13,0.0,-1.62,-78.12,344.75,326.41,,5.37,,stage_2,4,111.5,109.71,0.42,0.00483,"{'price_above_30w_ma': True, '30w_ma_rising': True, 'price_above_10w_ma': True, 'relative_strength_positive': True, 'near_52w_high': False}",weakening,weakening,100.84,96.04,0.03,1.72,False,False,2026-09-18 ratio=100.81 momentum=94.33; 2026-09-21 ratio=100.74 momentum=97.64; 2026-09-22 ratio=101.27 momentum=98.89; 2026-09-23 ratio=100.88 momentum=96.90; 2026-09-24 ratio=100.84 momentum=96.04,110.04
stock,Vaswani Industri,VASWANI.NS,Sponge Iron,Metals & Mining,149.34,0.0,1.16,-78.79,117.79,3.07,,8.76,,not_stage_2,0,45.08,53.31,-3.12,0.00195,"{'price_above_30w_ma': False, '30w_ma_rising': False, 'price_above_10w_ma': False, 'relative_strength_positive': False, 'near_52w_high': False}",improving,improving,99.08,102.01,-0.18,-1.86,False,False,2026-09-18 ratio=99.27 momentum=103.87; 2026-09-21 ratio=99.11 momentum=101.99; 2026-09-22 ratio=99.02 momentum=103.09; 2026-09-23 ratio=98.99 momentum=101.22; 2026-09-24 ratio=99.08 momentum=102.01,10.05
stock,Shri Hare-Krish.,SHKSIL.NS,Sponge Iron,Metals & Mining,64.86,0.0,1.55,-64.85,27.21,-35.63,10.46,7.76,,insufficient_data,0,,,,,{},insufficient_data,insufficient_data,,,,,False,False,,0.0
stock,DOMS Industries,DOMS.NS,Stationary,Fast Moving Consumer Goods,12627.01,0.18,45.28,-22.33,670.51,19.25,58.08,24.32,,not_stage_2,1,2109.0,2240.97,-1.3,0.09144,"{'price_above_30w_ma': False, '30w_ma_rising': False, 'price_above_10w_ma': False, 'relative_strength_positive': False, 'near_52w_high': True}",lagging,lagging,99.54,98.77,0.93,0.55,False,False,2026-09-18 ratio=98.61 momentum=98.22; 2026-09-21 ratio=97.84 momentum=97.49; 2026-09-22 ratio=98.43 momentum=98.21; 2026-09-23 ratio=99.43 momentum=99.45; 2026-09-24 ratio=99.54 momentum=98.77,20.0
stock,Navneet Educat.,NAVNETEDUL.NS,Stationary,Fast Moving Consumer Goods,2705.75,2.44,141.0,-16.66,788.0,-0.76,21.62,10.23,,not_stage_2,1,123.4,137.99,-2.48,0.00535,"{'price_above_30w_ma': False, '30w_ma_rising': False, 'price_above_10w_ma': False, 'relative_strength_positive': False, 'near_52w_high': True}",improving,improving,99.13,100.48,-0.18,0.23,False,False,2026-09-18 ratio=99.31 momentum=100.25; 2026-09-21 ratio=99.28 momentum=100.77; 2026-09-22 ratio=98.81 momentum=96.32; 2026-09-23 ratio=98.84 momentum=97.30; 2026-09-24 ratio=99.13 momentum=100.48,22.4
stock,Flair Writing,FLAIR.NS,Stationary,Fast Moving Consumer Goods,2504.61,0.42,29.08,-0.28,319.25,10.64,17.93,16.83,,not_stage_2,1,242.96,280.14,-3.36,0.01053,"{'price_above_30w_ma': False, '30w_ma_rising': False, 'price_above_10w_ma': False, 'relative_strength_positive': True, 'near_52w_high': False}",leading,lagging,101.18,102.82,2.49,5.97,True,False,2026-09-18 ratio=98.69 momentum=96.85; 2026-09-21 ratio=99.28 momentum=101.43; 2026-09-22 ratio=99.99 momentum=103.07; 2026-09-23 ratio=99.67 momentum=102.79; 2026-09-24 ratio=101.18 momentum=102.82,70.0
stock,Kokuyo Camlin,KOKUYOCMLN.NS,Stationary,Fast Moving Consumer Goods,756.88,0.39,7.3,-27.44,229.18,0.79,34.37,10.21,,not_stage_2,0,76.64,83.78,-1.09,0.00332,"{'price_above_30w_ma': False, '30w_ma_rising': False, 'price_above_10w_ma': False, 'relative_strength_positive': False, 'near_52w_high': False}",improving,improving,99.33,100.19,0.12,-3.69,False,False,2026-09-18 ratio=99.22 momentum=103.88; 2026-09-21 ratio=98.61 momentum=97.20; 2026-09-22 ratio=98.56 momentum=98.27; 2026-09-23 ratio=98.70 momentum=98.59; 2026-09-24 ratio=99.33 momentum=100.19,0.95
stock,Linc,LINC.NS,Stationary,Fast Moving Consumer Goods,553.54,1.61,5.1,-30.42,135.65,1.01,16.1,19.12,,not_stage_2,0,92.24,100.56,-2.02,0.004,"{'price_above_30w_ma': False, '30w_ma_rising': False, 'price_above_10w_ma': False, 'relative_strength_positive': False, 'near_52w_high': False}",lagging,improving,99.45,98.55,0.46,-1.48,False,False,2026-09-18 ratio=98.99 momentum=100.03; 2026-09-21 ratio=98.92 momentum=99.72; 2026-09-22 ratio=99.17 momentum=99.43; 2026-09-23 ratio=99.44 momentum=99.08; 2026-09-24 ratio=99.45 momentum=98.55,0.0
stock,Sundaram Multi.,SUNDARAM.NS,Stationary,Fast Moving Consumer Goods,54.02,0.0,0.32,138.89,49.6,21.99,15.39,4.22,,not_stage_2,1,1.16,1.3,-4.14,5e-05,"{'price_above_30w_ma': False, '30w_ma_rising': False, 'price_above_10w_ma': False, 'relative_strength_positive': True, 'near_52w_high': False}",lagging,lagging,99.7,98.83,0.39,1.86,False,False,2026-09-18 ratio=99.30 momentum=96.97; 2026-09-21 ratio=99.47 momentum=97.81; 2026-09-22 ratio=99.58 momentum=100.33; 2026-09-23 ratio=99.48 momentum=98.06; 2026-09-24 ratio=99.70 momentum=98.83,20.0
stock,Vasa Retail,VASA.NS,Stationary,Fast Moving Consumer Goods,2.13,0.0,-0.05,28.57,0.0,,,-1.93,,not_stage_2,0,3.55,4.44,-3.47,0.00015,"{'price_above_30w_ma': False, '30w_ma_rising': False, 'price_above_10w_ma': False, 'relative_strength_positive': False, 'near_52w_high': False}",improving,improving,98.48,104.45,0.57,3.8,False,True,2026-09-18 ratio=97.92 momentum=100.65; 2026-09-21 ratio=98.01 momentum=100.52; 2026-09-22 ratio=98.16 momentum=102.31; 2026-09-23 ratio=98.20 momentum=103.07; 2026-09-24 ratio=98.48 momentum=104.45,22.25
stock,Indus Towers,INDUSTOWER.NS,Telecom - Infrastructure,Telecommunic ation,98799.75,3.74,1745.8,0.52,8431.1,4.64,13.81,19.48,,not_stage_2,2,379.85,407.11,-2.54,0.01647,"{'price_above_30w_ma': False, '30w_ma_rising': False, 'price_above_10w_ma': False, 'relative_strength_positive': True, 'near_52w_high': True}",leading,leading,101.23,102.73,1.0,1.23,False,False,2026-09-18 ratio=100.23 momentum=101.50; 2026-09-21 ratio=100.32 momentum=101.52; 2026-09-22 ratio=100.91 momentum=102.41; 2026-09-23 ratio=101.03 momentum=103.06; 2026-09-24 ratio=101.23 momentum=102.73,79.8
stock,HFCL,HFCL.NS,Telecom - Infrastructure,Telecommunic ation,32144.8,0.09,245.64,809.06,1914.98,119.85,56.14,10.76,,not_stage_2,3,210.69,166.34,13.95,0.00914,"{'price_above_30w_ma': True, '30w_ma_rising': True, 'price_above_10w_ma': False, 'relative_strength_positive': False, 'near_52w_high': True}",lagging,weakening,99.96,95.71,-0.17,-3.93,False,False,2026-09-18 ratio=100.13 momentum=99.64; 2026-09-21 ratio=100.01 momentum=98.71; 2026-09-22 ratio=100.43 momentum=98.24; 2026-09-23 ratio=100.14 momentum=96.70; 2026-09-24 ratio=99.96 momentum=95.71,87.9
stock,Pace Digitek,PACEDIGITK.NS,Telecom - Infrastructure,Telecommunic ation,3598.43,0.0,62.5,13.24,555.36,51.29,11.98,21.4,,not_stage_2,0,167.36,179.36,-1.44,0.00726,"{'price_above_30w_ma': False, '30w_ma_rising': False, 'price_above_10w_ma': False, 'relative_strength_positive': False, 'near_52w_high': False}",improving,improving,99.64,102.25,1.02,-0.43,False,False,2026-09-18 ratio=98.62 momentum=102.69; 2026-09-21 ratio=98.55 momentum=100.58; 2026-09-22 ratio=99.47 momentum=103.95; 2026-09-23 ratio=99.55 momentum=102.92; 2026-09-24 ratio=99.64 momentum=102.25,11.25
stock,GTL Infra.,GTLINFRA.NS,Telecom - Infrastructure,Telecommunic ation,1434.65,0.0,69.39,129.86,327.31,-2.16,,,,not_stage_2,0,1.11,1.25,-0.29,5e-05,"{'price_above_30w_ma': False, '30w_ma_rising': False, 'price_above_10w_ma': False, 'relative_strength_positive': False, 'near_52w_high': False}",lagging,improving,98.46,97.87,-0.77,-3.5,False,False,2026-09-18 ratio=99.23 momentum=101.37; 2026-09-21 ratio=98.54 momentum=99.34; 2026-09-22 ratio=98.35 momentum=96.67; 2026-09-23 ratio=98.84 momentum=98.43; 2026-09-24 ratio=98.46 momentum=97.87,0.0
stock,Suyog Telematics,SUYOG.NS,Telecom - Infrastructure,Telecommunic ation,763.94,0.15,13.93,-18.11,65.27,2.16,12.9,14.42,,not_stage_2,1,660.15,765.38,0.41,0.02862,"{'price_above_30w_ma': False, '30w_ma_rising': True, 'price_above_10w_ma': False, 'relative_strength_positive': False, 'near_52w_high': False}",improving,lagging,98.74,102.06,0.57,3.13,False,True,2026-09-18 ratio=98.17 momentum=98.93; 2026-09-21 ratio=98.22 momentum=99.47; 2026-09-22 ratio=98.29 momentum=100.28; 2026-09-23 ratio=98.70 momentum=101.45; 2026-09-24 ratio=98.74 momentum=102.06,31.12
stock,Sar Televenture,SARTELE.NS,Telecom - Infrastructure,Telecommunic ation,459.6,0.0,36.23,25.49,280.35,35.3,6.4,8.84,,not_stage_2,1,98.4,133.61,-11.53,0.00427,"{'price_above_30w_ma': False, '30w_ma_rising': False, 'price_above_10w_ma': False, 'relative_strength_positive': True, 'near_52w_high': False}",leading,lagging,100.05,102.86,1.98,4.54,True,False,2026-09-18 ratio=98.07 momentum=98.32; 2026-09-21 ratio=98.03 momentum=98.47; 2026-09-22 ratio=98.30 momentum=99.14; 2026-09-23 ratio=98.82 momentum=101.99; 2026-09-24 ratio=100.05 momentum=102.86,64.55
stock,Rama Telecom,RTL.NS,Telecom - Infrastructure,Telecommunic ation,108.89,0.0,0.48,-86.7,27.75,18.69,37.42,11.89,,insufficient_data,0,,,,,{},insufficient_data,insufficient_data,,,,,False,False,,0.0
stock,Kore Digital,KDL.NS,Telecom - Infrastructure,Telecommunic ation,69.56,0.0,11.91,-51.61,150.42,-36.24,1.95,38.1,,not_stage_2,0,60.85,117.96,-6.19,0.00264,"{'price_above_30w_ma': False, '30w_ma_rising': False, 'price_above_10w_ma': False, 'relative_strength_positive': False, 'near_52w_high': False}",lagging,lagging,97.44,98.12,-0.79,-0.04,False,False,2026-09-18 ratio=98.23 momentum=98.15; 2026-09-21 ratio=97.62 momentum=97.25; 2026-09-22 ratio=97.52 momentum=97.66; 2026-09-23 ratio=97.42 momentum=97.78; 2026-09-24 ratio=97.44 momentum=98.12,0.0
