level,name,symbol,parent,sector,market_cap_cr,dividend_yield_pct,np_qtr_cr,qtr_profit_var_pct,sales_qtr_cr,qtr_sales_var_pct,pe,roce,error,stage,stage2_score,close,weekly_ma,weekly_ma_slope_4w_pct,rs_vs_benchmark,checks,rrg_quadrant,rrg_quadrant_5d_ago,rs_ratio,rs_momentum,rs_ratio_5d_delta,rs_momentum_5d_delta,moving_to_leading,improving_toward_leading,rrg_tail,stock_score
stock,Bajaj Auto,BAJAJ-AUTO.NS,2/3 Wheelers,Automobile and Auto Components,320915.92,1.28,3188.75,45.93,21688.83,65.14,27.23,28.24,,stage_2,5,11678.0,10345.15,2.96,0.4991,"{'price_above_30w_ma': True, '30w_ma_rising': True, 'price_above_10w_ma': True, 'relative_strength_positive': True, 'near_52w_high': True}",weakening,weakening,101.05,98.78,-0.05,0.09,False,False,2026-09-07 ratio=101.09 momentum=98.69; 2026-09-08 ratio=101.26 momentum=99.29; 2026-09-09 ratio=101.24 momentum=100.26; 2026-09-10 ratio=101.14 momentum=99.74; 2026-09-11 ratio=101.05 momentum=98.78,136.17
stock,Eicher Motors,EICHERMOT.NS,2/3 Wheelers,Automobile and Auto Components,206714.85,1.09,1462.51,21.35,6632.42,31.55,35.54,30.53,,not_stage_2,3,7530.0,7420.83,0.86,0.32182,"{'price_above_30w_ma': True, '30w_ma_rising': True, 'price_above_10w_ma': False, 'relative_strength_positive': False, 'near_52w_high': True}",lagging,lagging,99.98,96.33,0.04,-1.23,False,False,2026-09-04 ratio=99.94 momentum=97.56; 2026-09-08 ratio=100.68 momentum=98.59; 2026-09-09 ratio=100.86 momentum=99.21; 2026-09-10 ratio=100.62 momentum=98.62; 2026-09-11 ratio=99.98 momentum=96.33,61.72
stock,TVS Motor Co.,TVSMOTOR.NS,2/3 Wheelers,Automobile and Auto Components,195973.43,0.29,1057.61,67.11,16295.52,33.46,56.65,17.37,,stage_2,5,4125.0,3734.89,1.91,0.1763,"{'price_above_30w_ma': True, '30w_ma_rising': True, 'price_above_10w_ma': True, 'relative_strength_positive': True, 'near_52w_high': True}",weakening,weakening,100.52,97.57,0.07,-0.09,False,False,2026-09-07 ratio=100.45 momentum=97.66; 2026-09-08 ratio=100.50 momentum=97.59; 2026-09-09 ratio=100.65 momentum=97.02; 2026-09-10 ratio=100.49 momentum=95.82; 2026-09-11 ratio=100.52 momentum=97.57,131.42
stock,Hero Motocorp,HEROMOTOCO.NS,2/3 Wheelers,Automobile and Auto Components,104503.73,3.54,1417.93,-17.18,13126.35,34.94,18.87,35.22,,not_stage_2,3,5221.5,5216.18,-0.25,0.22316,"{'price_above_30w_ma': True, '30w_ma_rising': False, 'price_above_10w_ma': False, 'relative_strength_positive': True, 'near_52w_high': True}",weakening,weakening,100.12,96.25,-0.01,-0.48,False,False,2026-09-07 ratio=100.13 momentum=96.73; 2026-09-08 ratio=100.40 momentum=98.10; 2026-09-09 ratio=100.15 momentum=97.35; 2026-09-10 ratio=100.29 momentum=97.79; 2026-09-11 ratio=100.12 momentum=96.25,60.6
stock,Ather Energy,ATHERENERG.NS,2/3 Wheelers,Automobile and Auto Components,65677.58,0.0,-50.87,71.46,1216.92,88.79,,-19.77,,stage_2,5,1656.0,1060.7,13.0,0.07077,"{'price_above_30w_ma': True, '30w_ma_rising': True, 'price_above_10w_ma': True, 'relative_strength_positive': True, 'near_52w_high': True}",weakening,leading,101.7,99.34,0.22,-1.32,False,False,2026-09-07 ratio=101.48 momentum=100.66; 2026-09-08 ratio=101.35 momentum=100.81; 2026-09-09 ratio=101.39 momentum=100.13; 2026-09-10 ratio=101.75 momentum=101.08; 2026-09-11 ratio=101.70 momentum=99.34,159.5
stock,Ola Electric,OLAELEC.NS,2/3 Wheelers,Automobile and Auto Components,17837.89,0.0,-336.0,21.5,455.0,-45.05,,-19.56,,not_stage_2,3,38.54,36.27,2.5,0.00165,"{'price_above_30w_ma': True, '30w_ma_rising': True, 'price_above_10w_ma': False, 'relative_strength_positive': True, 'near_52w_high': False}",leading,improving,100.58,101.8,0.99,0.5,True,False,2026-09-07 ratio=99.59 momentum=101.30; 2026-09-08 ratio=99.57 momentum=102.69; 2026-09-09 ratio=99.60 momentum=101.05; 2026-09-10 ratio=100.77 momentum=103.39; 2026-09-11 ratio=100.58 momentum=101.80,106.9
stock,Ebix,EBIX.NS,2/3 Wheelers,Automobile and Auto Components,428.37,0.0,82.0,92.94,573.24,-5.08,,5.95,,insufficient_data,0,,,,,{},insufficient_data,insufficient_data,,,,,False,False,,0.0
stock,Wardwizard Inno.,WARDINMOBI.NS,2/3 Wheelers,Automobile and Auto Components,172.07,1.75,0.19,-83.04,61.64,91.01,168.7,7.04,,insufficient_data,0,,,,,{},insufficient_data,insufficient_data,,,,,False,False,,0.0
stock,Tunwal E-Motors,TUNWAL.NS,2/3 Wheelers,Automobile and Auto Components,141.35,0.41,4.23,-34.72,132.45,27.15,11.1,13.28,,not_stage_2,0,24.5,28.96,-1.81,0.00105,"{'price_above_30w_ma': False, '30w_ma_rising': False, 'price_above_10w_ma': False, 'relative_strength_positive': False, 'near_52w_high': False}",lagging,lagging,98.48,98.8,-0.12,0.86,False,False,2026-09-07 ratio=98.60 momentum=97.94; 2026-09-08 ratio=99.61 momentum=101.23; 2026-09-09 ratio=99.88 momentum=100.42; 2026-09-10 ratio=98.66 momentum=99.75; 2026-09-11 ratio=98.48 momentum=98.80,0.0
stock,Delta Auto.,DELTIC.NS,2/3 Wheelers,Automobile and Auto Components,51.3,0.0,3.1,-47.28,37.54,-28.28,7.82,11.81,,insufficient_data,0,,,,,{},insufficient_data,insufficient_data,,,,,False,False,,0.0
stock,Timken India,TIMKEN.NS,Abrasives & Bearings,Capital Goods,24840.23,0.08,115.13,10.47,929.09,14.87,60.7,18.26,,not_stage_2,4,3302.4,3387.12,0.43,0.14114,"{'price_above_30w_ma': False, '30w_ma_rising': True, 'price_above_10w_ma': True, 'relative_strength_positive': True, 'near_52w_high': True}",leading,improving,102.93,102.72,3.43,0.13,True,False,2026-09-07 ratio=99.50 momentum=102.59; 2026-09-08 ratio=99.73 momentum=103.03; 2026-09-09 ratio=101.03 momentum=104.34; 2026-09-10 ratio=102.77 momentum=103.14; 2026-09-11 ratio=102.93 momentum=102.72,139.11
stock,Grindwell Norton,GRINDWELL.NS,Abrasives & Bearings,Capital Goods,20879.58,1.01,115.31,22.3,803.3,14.19,47.86,21.18,,not_stage_2,3,1885.8,1833.38,3.0,0.0806,"{'price_above_30w_ma': True, '30w_ma_rising': True, 'price_above_10w_ma': False, 'relative_strength_positive': False, 'near_52w_high': True}",lagging,lagging,98.38,97.9,-0.3,0.1,False,False,2026-09-04 ratio=98.68 momentum=97.79; 2026-09-08 ratio=98.47 momentum=97.57; 2026-09-09 ratio=98.33 momentum=99.50; 2026-09-10 ratio=98.55 momentum=97.48; 2026-09-11 ratio=98.38 momentum=97.90,66.0
stock,Carborundum Uni.,CARBORUNIV.NS,Abrasives & Bearings,Capital Goods,20483.14,0.37,80.34,23.44,1426.63,17.03,81.68,10.52,,stage_2,4,1075.2,1005.74,4.46,0.04595,"{'price_above_30w_ma': True, '30w_ma_rising': True, 'price_above_10w_ma': False, 'relative_strength_positive': True, 'near_52w_high': True}",leading,leading,100.38,100.61,-0.19,-0.41,False,False,2026-09-07 ratio=100.57 momentum=101.02; 2026-09-08 ratio=100.61 momentum=101.94; 2026-09-09 ratio=100.91 momentum=102.21; 2026-09-10 ratio=100.74 momentum=101.72; 2026-09-11 ratio=100.38 momentum=100.61,138.87
stock,SKF India Indus.,SKFINDUS.NS,Abrasives & Bearings,Capital Goods,14276.2,0.69,61.92,-13.84,970.77,18.3,37.14,29.89,,stage_2,5,2887.7,2494.06,1.75,0.12342,"{'price_above_30w_ma': True, '30w_ma_rising': True, 'price_above_10w_ma': True, 'relative_strength_positive': True, 'near_52w_high': True}",weakening,leading,101.31,98.25,-0.93,-4.3,False,False,2026-09-07 ratio=102.24 momentum=102.55; 2026-09-08 ratio=101.82 momentum=104.38; 2026-09-09 ratio=102.06 momentum=102.43; 2026-09-10 ratio=101.65 momentum=100.26; 2026-09-11 ratio=101.31 momentum=98.25,135.05
stock,SKF India,SKFINDIA.NS,Abrasives & Bearings,Capital Goods,7553.13,2.62,61.84,32.31,587.79,27.09,50.86,13.33,,not_stage_2,1,1527.8,1609.22,-1.31,0.0653,"{'price_above_30w_ma': False, '30w_ma_rising': False, 'price_above_10w_ma': False, 'relative_strength_positive': True, 'near_52w_high': False}",leading,leading,100.73,101.83,0.35,0.89,False,False,2026-09-07 ratio=100.38 momentum=100.93; 2026-09-08 ratio=100.40 momentum=102.50; 2026-09-09 ratio=100.69 momentum=101.58; 2026-09-10 ratio=100.67 momentum=101.88; 2026-09-11 ratio=100.73 momentum=101.83,52.8
stock,Wendt India,WENDT.NS,Abrasives & Bearings,Capital Goods,1762.5,0.34,6.18,63.49,71.28,36.63,103.98,7.82,,stage_2,5,8812.5,7387.82,2.72,0.37663,"{'price_above_30w_ma': True, '30w_ma_rising': True, 'price_above_10w_ma': True, 'relative_strength_positive': True, 'near_52w_high': True}",leading,weakening,103.33,101.36,2.23,1.39,True,False,2026-09-04 ratio=101.10 momentum=99.97; 2026-09-08 ratio=102.44 momentum=101.43; 2026-09-09 ratio=101.90 momentum=101.59; 2026-09-10 ratio=103.21 momentum=102.88; 2026-09-11 ratio=103.33 momentum=101.36,183.89
stock,SKP Bearing,SKP.NS,Abrasives & Bearings,Capital Goods,283.86,0.65,0.04,-89.47,22.11,-0.05,481.12,11.38,,not_stage_2,3,171.0,156.92,-0.73,0.00731,"{'price_above_30w_ma': True, '30w_ma_rising': False, 'price_above_10w_ma': True, 'relative_strength_positive': True, 'near_52w_high': False}",leading,improving,102.77,101.58,3.26,0.51,True,False,2026-09-04 ratio=99.51 momentum=101.07; 2026-09-08 ratio=102.86 momentum=102.69; 2026-09-09 ratio=103.02 momentum=101.92; 2026-09-10 ratio=103.01 momentum=101.96; 2026-09-11 ratio=102.77 momentum=101.58,111.75
stock,NRB Indl Bearing,NIBL.NS,Abrasives & Bearings,Capital Goods,80.58,0.0,-6.59,-29.47,18.9,1.89,,-18.17,,stage_2,5,33.23,31.25,0.63,0.00142,"{'price_above_30w_ma': True, '30w_ma_rising': True, 'price_above_10w_ma': True, 'relative_strength_positive': True, 'near_52w_high': True}",leading,improving,100.7,103.68,1.42,3.21,True,False,2026-09-04 ratio=99.28 momentum=100.47; 2026-09-08 ratio=99.23 momentum=98.85; 2026-09-09 ratio=99.45 momentum=100.82; 2026-09-10 ratio=99.39 momentum=102.76; 2026-09-11 ratio=100.70 momentum=103.68,178.16
stock,Signpost India,SIGNPOST.NS,Advertising & Media Agencies,"Media, Entertainment & Publication",1476.56,0.18,18.69,22.32,152.26,10.61,20.11,25.13,,stage_2,4,276.25,265.96,2.32,0.01181,"{'price_above_30w_ma': True, '30w_ma_rising': True, 'price_above_10w_ma': False, 'relative_strength_positive': True, 'near_52w_high': True}",leading,improving,100.11,101.86,0.51,0.48,True,False,2026-09-07 ratio=99.59 momentum=101.38; 2026-09-08 ratio=99.46 momentum=101.70; 2026-09-09 ratio=99.83 momentum=101.67; 2026-09-10 ratio=99.71 momentum=101.15; 2026-09-11 ratio=100.11 momentum=101.86,149.49
stock,R K Swamy,RKSWAMY.NS,Advertising & Media Agencies,"Media, Entertainment & Publication",469.26,2.15,3.47,20.91,83.62,7.8,19.19,12.26,,not_stage_2,0,92.94,95.28,-1.8,0.00397,"{'price_above_30w_ma': False, '30w_ma_rising': False, 'price_above_10w_ma': False, 'relative_strength_positive': False, 'near_52w_high': False}",improving,improving,99.27,102.04,0.33,-0.1,False,False,2026-09-07 ratio=98.95 momentum=102.14; 2026-09-08 ratio=99.27 momentum=102.73; 2026-09-09 ratio=99.19 momentum=102.72; 2026-09-10 ratio=98.82 momentum=101.13; 2026-09-11 ratio=99.27 momentum=102.04,10.2
stock,Vertoz,VERTOZ.NS,Advertising & Media Agencies,"Media, Entertainment & Publication",327.11,0.26,7.36,5.02,81.64,15.82,12.4,14.16,,not_stage_2,2,38.38,41.16,-5.61,0.00164,"{'price_above_30w_ma': False, '30w_ma_rising': False, 'price_above_10w_ma': True, 'relative_strength_positive': True, 'near_52w_high': False}",leading,leading,101.34,100.44,0.79,-2.58,False,False,2026-09-04 ratio=100.55 momentum=103.02; 2026-09-08 ratio=101.23 momentum=103.59; 2026-09-09 ratio=101.25 momentum=101.19; 2026-09-10 ratio=101.92 momentum=101.70; 2026-09-11 ratio=101.34 momentum=100.44,68.9
stock,Simca Advertis.,SIMCA.NS,Advertising & Media Agencies,"Media, Entertainment & Publication",313.42,0.0,9.04,1164.71,78.51,107.37,18.85,97.5,,insufficient_data,0,,,,,{},insufficient_data,insufficient_data,,,,,False,False,,0.0
stock,Yaap Digital,YAAP.NS,Advertising & Media Agencies,"Media, Entertainment & Publication",262.71,0.0,19.0,84.08,135.66,28.14,14.23,30.86,,insufficient_data,0,,,,,{},insufficient_data,insufficient_data,,,,,False,False,,0.0
stock,Cash UR Drive,CUDML.NS,Advertising & Media Agencies,"Media, Entertainment & Publication",185.28,0.0,18.52,94.54,108.79,43.71,6.3,40.31,,insufficient_data,0,,,,,{},insufficient_data,insufficient_data,,,,,False,False,,0.0
stock,Digicontent,DGCONTENT.NS,Advertising & Media Agencies,"Media, Entertainment & Publication",140.35,0.0,-1.93,17.17,123.3,11.63,8.24,23.95,,not_stage_2,1,24.12,26.37,-1.22,0.00103,"{'price_above_30w_ma': False, '30w_ma_rising': False, 'price_above_10w_ma': False, 'relative_strength_positive': True, 'near_52w_high': False}",leading,leading,100.03,102.19,-0.07,0.69,False,False,2026-09-04 ratio=100.10 momentum=101.51; 2026-09-08 ratio=100.13 momentum=101.39; 2026-09-09 ratio=100.69 momentum=102.53; 2026-09-10 ratio=99.85 momentum=101.53; 2026-09-11 ratio=100.03 momentum=102.19,51.1
stock,Pramara Promotio,PRAMARA.NS,Advertising & Media Agencies,"Media, Entertainment & Publication",117.27,0.0,3.91,5.96,59.27,6.49,11.68,14.95,,not_stage_2,0,84.1,224.72,-12.73,0.00359,"{'price_above_30w_ma': False, '30w_ma_rising': False, 'price_above_10w_ma': False, 'relative_strength_positive': False, 'near_52w_high': False}",lagging,lagging,97.41,97.77,-0.79,0.36,False,False,2026-09-04 ratio=98.19 momentum=97.41; 2026-09-08 ratio=98.19 momentum=95.95; 2026-09-09 ratio=98.13 momentum=95.94; 2026-09-10 ratio=97.47 momentum=96.74; 2026-09-11 ratio=97.41 momentum=97.77,0.0
stock,Value 360 Commu.,VALUE360.NS,Advertising & Media Agencies,"Media, Entertainment & Publication",111.75,0.0,4.99,131.34,35.84,16.97,11.27,38.64,,insufficient_data,0,,,,,{},insufficient_data,insufficient_data,,,,,False,False,,0.0
stock,Crayons Advertis,CRAYONS.NS,Advertising & Media Agencies,"Media, Entertainment & Publication",58.51,0.0,0.68,-94.03,171.88,26.88,15.56,5.55,,not_stage_2,0,23.95,31.05,-5.34,0.00102,"{'price_above_30w_ma': False, '30w_ma_rising': False, 'price_above_10w_ma': False, 'relative_strength_positive': False, 'near_52w_high': False}",lagging,lagging,98.43,99.49,-0.36,1.98,False,False,2026-09-04 ratio=98.79 momentum=97.51; 2026-09-08 ratio=98.20 momentum=97.10; 2026-09-09 ratio=99.39 momentum=100.08; 2026-09-10 ratio=99.38 momentum=100.34; 2026-09-11 ratio=98.43 momentum=99.49,0.0
stock,Hind.Aeronautics,HAL.NS,Aerospace & Defense,Capital Goods,328034.14,0.92,1589.66,14.88,5515.17,14.45,35.19,31.97,,stage_2,5,4905.0,4381.17,1.87,0.20963,"{'price_above_30w_ma': True, '30w_ma_rising': True, 'price_above_10w_ma': True, 'relative_strength_positive': True, 'near_52w_high': True}",leading,weakening,101.42,100.3,0.36,3.66,True,False,2026-09-04 ratio=101.06 momentum=96.64; 2026-09-08 ratio=102.03 momentum=101.88; 2026-09-09 ratio=101.97 momentum=101.77; 2026-09-10 ratio=101.61 momentum=101.13; 2026-09-11 ratio=101.42 momentum=100.30,167.34
stock,Bharat Electron,BEL.NS,Aerospace & Defense,Capital Goods,295570.91,0.62,1054.53,8.7,5546.98,24.94,48.09,36.44,,not_stage_2,2,404.35,421.64,-0.7,0.01728,"{'price_above_30w_ma': False, '30w_ma_rising': False, 'price_above_10w_ma': False, 'relative_strength_positive': True, 'near_52w_high': True}",leading,leading,101.08,102.09,0.67,0.41,False,False,2026-09-07 ratio=100.41 momentum=101.68; 2026-09-08 ratio=101.30 momentum=103.10; 2026-09-09 ratio=101.20 momentum=103.97; 2026-09-10 ratio=101.01 momentum=101.86; 2026-09-11 ratio=101.08 momentum=102.09,75.85
stock,Bharat Dynamics,BDL.NS,Aerospace & Defense,Capital Goods,43620.94,0.41,118.79,547.36,572.24,130.81,83.76,13.84,,not_stage_2,0,1190.0,1301.13,-0.88,0.05086,"{'price_above_30w_ma': False, '30w_ma_rising': False, 'price_above_10w_ma': False, 'relative_strength_positive': False, 'near_52w_high': False}",lagging,lagging,98.65,93.96,-0.6,-4.02,False,False,2026-09-04 ratio=99.26 momentum=97.98; 2026-09-08 ratio=99.31 momentum=97.60; 2026-09-09 ratio=99.08 momentum=97.46; 2026-09-10 ratio=98.62 momentum=95.77; 2026-09-11 ratio=98.65 momentum=93.96,0.0
stock,Garden Reach Sh.,GRSE.NS,Aerospace & Defense,Capital Goods,27807.5,0.53,172.84,43.82,1814.62,38.53,34.73,42.82,,not_stage_2,2,2427.5,2595.92,0.44,0.10375,"{'price_above_30w_ma': False, '30w_ma_rising': True, 'price_above_10w_ma': False, 'relative_strength_positive': False, 'near_52w_high': True}",lagging,lagging,98.45,96.24,-0.82,-3.48,False,False,2026-09-04 ratio=99.26 momentum=99.72; 2026-09-08 ratio=99.60 momentum=100.51; 2026-09-09 ratio=99.47 momentum=100.18; 2026-09-10 ratio=98.45 momentum=97.21; 2026-09-11 ratio=98.45 momentum=96.24,40.88
stock,Data Pattern,DATAPATTNS.NS,Aerospace & Defense,Capital Goods,27035.78,0.21,22.06,-13.49,116.03,16.81,100.04,21.92,,stage_2,5,4829.2,4028.32,7.59,0.20639,"{'price_above_30w_ma': True, '30w_ma_rising': True, 'price_above_10w_ma': True, 'relative_strength_positive': True, 'near_52w_high': True}",leading,weakening,102.0,101.33,1.16,3.14,True,False,2026-09-04 ratio=100.84 momentum=98.19; 2026-09-08 ratio=102.66 momentum=102.27; 2026-09-09 ratio=102.42 momentum=102.93; 2026-09-10 ratio=101.80 momentum=100.68; 2026-09-11 ratio=102.00 momentum=101.33,186.83
stock,Astra Microwave,ASTRAMICRO.NS,Aerospace & Defense,Capital Goods,15956.46,0.14,12.35,-24.09,176.66,-11.55,84.41,20.28,,not_stage_2,3,1680.6,1382.37,8.02,0.07183,"{'price_above_30w_ma': True, '30w_ma_rising': True, 'price_above_10w_ma': False, 'relative_strength_positive': False, 'near_52w_high': True}",improving,improving,99.89,100.81,-0.02,-1.0,False,False,2026-09-07 ratio=99.91 momentum=101.81; 2026-09-08 ratio=100.92 momentum=102.21; 2026-09-09 ratio=100.26 momentum=101.41; 2026-09-10 ratio=100.05 momentum=101.31; 2026-09-11 ratio=99.89 momentum=100.81,80.09
stock,Sigma Advanced System,SIGMAADV.NS,Aerospace & Defense,Capital Goods,15810.64,0.0,35.41,-81.87,374.28,7083.88,95.07,60.82,,stage_2,5,832.45,425.2,22.47,0.03558,"{'price_above_30w_ma': True, '30w_ma_rising': True, 'price_above_10w_ma': True, 'relative_strength_positive': True, 'near_52w_high': True}",weakening,leading,102.19,99.21,0.79,-1.8,False,False,2026-09-07 ratio=101.40 momentum=101.01; 2026-09-08 ratio=101.81 momentum=101.09; 2026-09-09 ratio=101.54 momentum=98.85; 2026-09-10 ratio=101.86 momentum=98.23; 2026-09-11 ratio=102.19 momentum=99.21,180.89
stock,Apollo Micro Sys,APOLLO.NS,Aerospace & Defense,Capital Goods,15690.79,0.06,25.21,45.38,251.29,88.12,129.33,14.47,,stage_2,5,422.25,334.39,6.67,0.01805,"{'price_above_30w_ma': True, '30w_ma_rising': True, 'price_above_10w_ma': True, 'relative_strength_positive': True, 'near_52w_high': True}",leading,leading,102.92,102.48,1.92,-1.18,False,False,2026-09-07 ratio=101.00 momentum=103.67; 2026-09-08 ratio=102.14 momentum=103.12; 2026-09-09 ratio=102.58 momentum=102.70; 2026-09-10 ratio=102.02 momentum=102.06; 2026-09-11 ratio=102.92 momentum=102.48,185.34
stock,Zen Technologies,ZENTEC.NS,Aerospace & Defense,Capital Goods,15553.42,0.06,31.85,-23.2,141.64,-10.48,85.6,16.18,,not_stage_2,3,1722.6,1652.26,4.04,0.07362,"{'price_above_30w_ma': True, '30w_ma_rising': True, 'price_above_10w_ma': False, 'relative_strength_positive': False, 'near_52w_high': True}",lagging,weakening,99.83,98.55,-0.53,1.17,False,False,2026-09-04 ratio=100.35 momentum=97.38; 2026-09-08 ratio=100.84 momentum=99.56; 2026-09-09 ratio=100.28 momentum=98.86; 2026-09-10 ratio=100.08 momentum=97.96; 2026-09-11 ratio=99.83 momentum=98.55,68.08
stock,Aequs,AEQUS.NS,Aerospace & Defense,Capital Goods,15155.03,0.0,-53.23,-1457.91,395.55,54.77,,1.69,,not_stage_2,3,225.97,195.84,7.72,0.00966,"{'price_above_30w_ma': True, '30w_ma_rising': True, 'price_above_10w_ma': False, 'relative_strength_positive': False, 'near_52w_high': True}",lagging,lagging,99.2,97.68,-0.42,1.91,False,False,2026-09-07 ratio=99.62 momentum=95.77; 2026-09-08 ratio=99.57 momentum=96.56; 2026-09-09 ratio=99.63 momentum=97.17; 2026-09-10 ratio=99.51 momentum=97.72; 2026-09-11 ratio=99.20 momentum=97.68,75.44
stock,Hindalco Inds.,HINDALCO.NS,Aluminium,Metals & Mining,220565.28,0.51,7013.0,116.7,84825.0,32.06,10.59,13.21,,not_stage_2,3,981.5,995.47,1.01,0.04195,"{'price_above_30w_ma': False, '30w_ma_rising': True, 'price_above_10w_ma': False, 'relative_strength_positive': True, 'near_52w_high': True}",weakening,weakening,100.33,98.09,-0.39,-0.87,False,False,2026-09-04 ratio=100.72 momentum=98.96; 2026-09-08 ratio=100.93 momentum=97.11; 2026-09-09 ratio=101.56 momentum=100.25; 2026-09-10 ratio=101.13 momentum=98.21; 2026-09-11 ratio=100.33 momentum=98.09,63.67
stock,Vedanta Aluminium Metal,VAML.NS,Aluminium,Metals & Mining,164920.62,1.9,6597.0,216.06,21393.0,45.99,10.42,,,insufficient_data,0,,,,,{},lagging,improving,98.71,97.6,-1.03,-2.48,False,False,2026-09-07 ratio=99.74 momentum=100.07; 2026-09-08 ratio=99.80 momentum=100.52; 2026-09-09 ratio=101.14 momentum=100.17; 2026-09-10 ratio=100.18 momentum=99.59; 2026-09-11 ratio=98.71 momentum=97.60,0.0
stock,Natl. Aluminium,NATIONALUM.NS,Aluminium,Metals & Mining,66302.41,3.19,2003.14,90.87,5302.38,39.28,9.82,39.59,,not_stage_2,3,361.0,381.68,0.57,0.01543,"{'price_above_30w_ma': False, '30w_ma_rising': True, 'price_above_10w_ma': False, 'relative_strength_positive': True, 'near_52w_high': True}",weakening,weakening,100.17,94.97,-0.1,-1.58,False,False,2026-09-07 ratio=100.27 momentum=96.56; 2026-09-08 ratio=100.60 momentum=97.78; 2026-09-09 ratio=101.04 momentum=98.14; 2026-09-10 ratio=100.76 momentum=98.36; 2026-09-11 ratio=100.17 momentum=94.97,61.99
stock,Arfin India,ARFIN.NS,Aluminium,Metals & Mining,1450.68,0.13,3.53,246.08,207.96,91.23,90.05,13.96,,not_stage_2,3,85.98,86.7,1.53,0.00367,"{'price_above_30w_ma': False, '30w_ma_rising': True, 'price_above_10w_ma': False, 'relative_strength_positive': True, 'near_52w_high': True}",leading,leading,100.51,101.05,-2.57,-2.53,False,False,2026-09-07 ratio=103.08 momentum=103.57; 2026-09-08 ratio=101.89 momentum=102.42; 2026-09-09 ratio=101.29 momentum=102.00; 2026-09-10 ratio=101.05 momentum=101.53; 2026-09-11 ratio=100.51 momentum=101.05,90.86
stock,MMP Industries,MMP.NS,Aluminium,Metals & Mining,1193.8,0.43,13.7,15.32,232.6,26.9,26.77,12.49,,stage_2,5,469.95,284.44,8.55,0.02008,"{'price_above_30w_ma': True, '30w_ma_rising': True, 'price_above_10w_ma': True, 'relative_strength_positive': True, 'near_52w_high': True}",leading,weakening,102.32,100.2,0.6,3.65,True,False,2026-09-04 ratio=101.72 momentum=96.55; 2026-09-08 ratio=102.97 momentum=101.21; 2026-09-09 ratio=102.48 momentum=100.77; 2026-09-10 ratio=102.10 momentum=99.60; 2026-09-11 ratio=102.32 momentum=100.20,184.7
stock,Maan Aluminium,MAANALU.NS,Aluminium,Metals & Mining,662.23,0.0,3.1,13.55,231.86,9.79,49.42,7.74,,not_stage_2,0,110.4,129.85,-3.13,0.00472,"{'price_above_30w_ma': False, '30w_ma_rising': False, 'price_above_10w_ma': False, 'relative_strength_positive': False, 'near_52w_high': False}",lagging,improving,98.42,99.18,-1.31,-1.53,False,False,2026-09-04 ratio=99.74 momentum=100.72; 2026-09-08 ratio=99.08 momentum=99.46; 2026-09-09 ratio=98.50 momentum=99.01; 2026-09-10 ratio=98.37 momentum=98.54; 2026-09-11 ratio=98.42 momentum=99.18,0.0
stock,Jainik Power,JAINIK.NS,Aluminium,Metals & Mining,290.33,0.0,7.85,64.57,208.91,9.73,20.71,29.88,,insufficient_data,0,,,,,{},insufficient_data,insufficient_data,,,,,False,False,,0.0
stock,Manaksia Alumi.,MANAKALUCO.NS,Aluminium,Metals & Mining,241.62,0.14,2.85,82.69,139.59,3.85,27.3,10.15,,not_stage_2,2,36.87,33.87,-0.54,0.00158,"{'price_above_30w_ma': True, '30w_ma_rising': False, 'price_above_10w_ma': False, 'relative_strength_positive': True, 'near_52w_high': False}",weakening,leading,100.35,98.18,-0.37,-3.2,False,False,2026-09-04 ratio=100.71 momentum=101.37; 2026-09-08 ratio=101.43 momentum=104.33; 2026-09-09 ratio=101.30 momentum=100.25; 2026-09-10 ratio=100.71 momentum=99.31; 2026-09-11 ratio=100.35 momentum=98.18,41.75
stock,Hind Aluminium,HINDALUMI.NS,Aluminium,Metals & Mining,60.6,0.0,1.91,-51.03,5.36,405.66,16.33,-2.7,,insufficient_data,0,,,,,{},insufficient_data,insufficient_data,,,,,False,False,,0.0
stock,Prec. Wires (I),PRECWIRE.NS,"Aluminium, Copper & Zinc Products",Capital Goods,8455.78,0.27,46.45,71.47,1779.24,59.49,48.42,32.94,,stage_2,5,462.55,385.48,8.59,0.01977,"{'price_above_30w_ma': True, '30w_ma_rising': True, 'price_above_10w_ma': True, 'relative_strength_positive': True, 'near_52w_high': True}",leading,leading,101.31,100.94,-0.3,0.52,False,False,2026-09-04 ratio=101.61 momentum=100.42; 2026-09-08 ratio=101.81 momentum=101.04; 2026-09-09 ratio=101.68 momentum=102.02; 2026-09-10 ratio=101.38 momentum=100.55; 2026-09-11 ratio=101.31 momentum=100.94,173.43
stock,CMR Green Tech.,CMRGREEN.NS,"Aluminium, Copper & Zinc Products",Capital Goods,4744.3,0.0,68.18,16.41,3122.73,64.92,21.46,13.98,,insufficient_data,0,,,,,{},leading,leading,100.31,101.74,0.16,0.52,False,False,2026-09-07 ratio=100.14 momentum=101.22; 2026-09-08 ratio=100.53 momentum=102.92; 2026-09-09 ratio=100.22 momentum=102.53; 2026-09-10 ratio=100.68 momentum=103.71; 2026-09-11 ratio=100.31 momentum=101.74,30.25
stock,Vidya Wires,VIDYAWIRES.NS,"Aluminium, Copper & Zinc Products",Capital Goods,1877.01,0.0,17.14,41.42,549.71,33.5,29.95,20.59,,not_stage_2,3,88.25,81.78,7.23,0.00377,"{'price_above_30w_ma': True, '30w_ma_rising': True, 'price_above_10w_ma': False, 'relative_strength_positive': False, 'near_52w_high': True}",improving,improving,99.95,101.67,0.54,-0.17,False,False,2026-09-07 ratio=99.41 momentum=101.84; 2026-09-08 ratio=99.83 momentum=104.06; 2026-09-09 ratio=100.27 momentum=103.86; 2026-09-10 ratio=100.41 momentum=104.89; 2026-09-11 ratio=99.95 momentum=101.67,82.81
stock,Sunlite Recycli.,SUNLITE.NS,"Aluminium, Copper & Zinc Products",Capital Goods,943.84,0.0,25.8,257.84,1642.41,116.13,23.51,46.52,,insufficient_data,0,,,,,{},insufficient_data,insufficient_data,,,,,False,False,,0.0
stock,Baheti Recycling,BAHETI.NS,"Aluminium, Copper & Zinc Products",Capital Goods,857.53,0.0,17.79,61.87,409.72,53.38,31.69,21.66,,stage_2,5,820.85,655.67,4.97,0.03508,"{'price_above_30w_ma': True, '30w_ma_rising': True, 'price_above_10w_ma': True, 'relative_strength_positive': True, 'near_52w_high': True}",weakening,weakening,101.41,97.29,-0.46,-1.75,False,False,2026-09-04 ratio=101.86 momentum=99.04; 2026-09-08 ratio=101.64 momentum=97.52; 2026-09-09 ratio=101.63 momentum=97.37; 2026-09-10 ratio=101.56 momentum=97.91; 2026-09-11 ratio=101.41 momentum=97.29,141.99
stock,Shera Energy,SHERA.NS,"Aluminium, Copper & Zinc Products",Capital Goods,476.69,0.0,12.64,88.26,487.67,26.1,13.93,19.54,,stage_2,5,195.05,150.69,5.89,0.00834,"{'price_above_30w_ma': True, '30w_ma_rising': True, 'price_above_10w_ma': True, 'relative_strength_positive': True, 'near_52w_high': True}",leading,leading,102.63,102.93,0.89,2.7,False,False,2026-09-04 ratio=101.75 momentum=100.22; 2026-09-08 ratio=102.20 momentum=102.54; 2026-09-09 ratio=102.06 momentum=100.99; 2026-09-10 ratio=102.43 momentum=103.08; 2026-09-11 ratio=102.63 momentum=102.93,184.58
stock,ANB Metal,AMCL.NS,"Aluminium, Copper & Zinc Products",Capital Goods,437.24,0.0,12.97,199.54,137.39,115.08,20.37,29.63,,insufficient_data,0,,,,,{},insufficient_data,insufficient_data,,,,,False,False,,0.0
stock,Euro Panel,EUROBOND.NS,"Aluminium, Copper & Zinc Products",Capital Goods,368.63,0.0,4.96,-13.29,119.62,14.1,13.94,16.95,,not_stage_2,0,150.46,165.8,-1.89,0.00643,"{'price_above_30w_ma': False, '30w_ma_rising': False, 'price_above_10w_ma': False, 'relative_strength_positive': False, 'near_52w_high': False}",improving,lagging,99.23,101.95,0.59,2.41,False,True,2026-09-04 ratio=98.65 momentum=99.53; 2026-09-08 ratio=99.59 momentum=101.36; 2026-09-09 ratio=99.07 momentum=101.57; 2026-09-10 ratio=99.02 momentum=100.67; 2026-09-11 ratio=99.23 momentum=101.95,9.75
stock,Century Extrus.,CENTEXT.NS,"Aluminium, Copper & Zinc Products",Capital Goods,178.96,0.0,3.77,59.75,138.36,32.85,13.95,19.29,,not_stage_2,3,22.37,20.25,-0.36,0.00096,"{'price_above_30w_ma': True, '30w_ma_rising': False, 'price_above_10w_ma': True, 'relative_strength_positive': True, 'near_52w_high': False}",weakening,lagging,101.46,99.46,1.46,0.27,False,False,2026-09-04 ratio=100.00 momentum=99.20; 2026-09-08 ratio=100.89 momentum=98.45; 2026-09-09 ratio=101.32 momentum=99.80; 2026-09-10 ratio=101.75 momentum=100.25; 2026-09-11 ratio=101.46 momentum=99.46,67.3
stock,M Tek Copper,MCL.NS,"Aluminium, Copper & Zinc Products",Capital Goods,157.21,0.0,1.05,0.96,80.26,73.72,34.78,12.62,,not_stage_2,2,57.92,59.35,-4.65,0.00248,"{'price_above_30w_ma': False, '30w_ma_rising': False, 'price_above_10w_ma': True, 'relative_strength_positive': True, 'near_52w_high': False}",weakening,weakening,101.36,99.91,0.45,0.21,False,False,2026-09-07 ratio=100.92 momentum=99.71; 2026-09-08 ratio=102.02 momentum=103.02; 2026-09-09 ratio=101.96 momentum=100.82; 2026-09-10 ratio=102.14 momentum=102.14; 2026-09-11 ratio=101.36 momentum=99.91,46.8
stock,Wonderla Holiday,WONDERLA.NS,Amusement Parks/ Other Recreation,Consumer Services,3306.22,0.38,72.8,38.48,242.63,44.22,31.26,6.2,,stage_2,5,520.95,499.6,0.72,0.02226,"{'price_above_30w_ma': True, '30w_ma_rising': True, 'price_above_10w_ma': True, 'relative_strength_positive': True, 'near_52w_high': True}",weakening,weakening,101.72,95.54,-0.39,-2.96,False,False,2026-09-04 ratio=102.11 momentum=98.50; 2026-09-08 ratio=101.63 momentum=98.98; 2026-09-09 ratio=101.69 momentum=99.41; 2026-09-10 ratio=101.66 momentum=99.02; 2026-09-11 ratio=101.72 momentum=95.54,135.04
stock,Imagica. Enter.,IMAGICAA.NS,Amusement Parks/ Other Recreation,Consumer Services,2961.15,0.0,57.57,26.19,177.6,19.92,232.43,1.81,,stage_2,5,52.33,46.17,1.2,0.00224,"{'price_above_30w_ma': True, '30w_ma_rising': True, 'price_above_10w_ma': True, 'relative_strength_positive': True, 'near_52w_high': True}",weakening,leading,101.14,94.12,-0.76,-6.29,False,False,2026-09-07 ratio=101.90 momentum=100.41; 2026-09-08 ratio=101.77 momentum=100.34; 2026-09-09 ratio=101.89 momentum=100.10; 2026-09-10 ratio=101.37 momentum=93.35; 2026-09-11 ratio=101.14 momentum=94.12,133.1
stock,Delta Corp,DELTACORP.NS,Amusement Parks/ Other Recreation,Consumer Services,1449.98,0.92,-212.57,219.62,168.55,-8.48,9.41,5.08,,not_stage_2,0,54.15,63.22,-1.79,0.00231,"{'price_above_30w_ma': False, '30w_ma_rising': False, 'price_above_10w_ma': False, 'relative_strength_positive': False, 'near_52w_high': False}",lagging,improving,98.1,97.75,-0.06,-2.85,False,False,2026-09-07 ratio=98.16 momentum=100.60; 2026-09-08 ratio=98.11 momentum=97.24; 2026-09-09 ratio=98.31 momentum=97.89; 2026-09-10 ratio=98.01 momentum=96.66; 2026-09-11 ratio=98.10 momentum=97.75,0.0
stock,Nicco Parks,NICCOPAR.NS,Amusement Parks/ Other Recreation,Consumer Services,388.44,1.51,5.47,68.83,19.05,-27.54,65.73,13.52,,insufficient_data,0,,,,,{},insufficient_data,insufficient_data,,,,,False,False,,0.0
stock,Godrej Agrovet,GODREJAGRO.NS,Animal Feed,Fast Moving Consumer Goods,13004.12,1.63,128.31,-16.21,2855.22,9.22,27.71,19.16,,stage_2,5,675.85,586.42,1.46,0.02888,"{'price_above_30w_ma': True, '30w_ma_rising': True, 'price_above_10w_ma': True, 'relative_strength_positive': True, 'near_52w_high': True}",weakening,leading,102.47,99.48,0.14,-2.5,False,False,2026-09-04 ratio=102.33 momentum=101.97; 2026-09-08 ratio=103.05 momentum=104.83; 2026-09-09 ratio=102.89 momentum=100.22; 2026-09-10 ratio=102.57 momentum=98.16; 2026-09-11 ratio=102.47 momentum=99.48,140.27
stock,Avanti Feeds,AVANTIFEED.NS,Animal Feed,Fast Moving Consumer Goods,10880.58,1.25,116.3,-42.0,1899.86,18.32,20.22,24.38,,not_stage_2,0,798.6,1118.11,-2.13,0.03413,"{'price_above_30w_ma': False, '30w_ma_rising': False, 'price_above_10w_ma': False, 'relative_strength_positive': False, 'near_52w_high': False}",improving,lagging,98.93,101.67,0.55,2.83,False,True,2026-09-07 ratio=98.38 momentum=98.84; 2026-09-08 ratio=99.28 momentum=103.38; 2026-09-09 ratio=98.96 momentum=101.81; 2026-09-10 ratio=99.10 momentum=101.38; 2026-09-11 ratio=98.93 momentum=101.67,8.35
stock,Mukka Proteins,MUKKA.NS,Animal Feed,Fast Moving Consumer Goods,965.1,0.0,18.64,1142.76,489.65,186.73,13.96,11.61,,stage_2,5,32.17,23.81,2.88,0.00137,"{'price_above_30w_ma': True, '30w_ma_rising': True, 'price_above_10w_ma': True, 'relative_strength_positive': True, 'near_52w_high': True}",leading,leading,102.73,102.29,-0.92,0.25,False,False,2026-09-07 ratio=103.64 momentum=102.04; 2026-09-08 ratio=102.76 momentum=101.41; 2026-09-09 ratio=102.32 momentum=101.00; 2026-09-10 ratio=102.37 momentum=101.37; 2026-09-11 ratio=102.73 momentum=102.29,175.86
stock,KSE,KSE.NS,Animal Feed,Fast Moving Consumer Goods,567.1,7.05,0.94,-98.44,453.67,9.06,12.3,33.55,,insufficient_data,0,,,,,{},insufficient_data,insufficient_data,,,,,False,False,,0.0
stock,Narmada Agrobase,NARMADA.NS,Animal Feed,Fast Moving Consumer Goods,109.11,0.0,0.75,-26.47,22.26,100.9,30.39,8.95,,not_stage_2,0,14.38,16.89,-1.05,0.00061,"{'price_above_30w_ma': False, '30w_ma_rising': False, 'price_above_10w_ma': False, 'relative_strength_positive': False, 'near_52w_high': False}",improving,improving,99.51,102.49,0.69,-1.95,False,False,2026-09-04 ratio=98.81 momentum=104.43; 2026-09-08 ratio=99.55 momentum=103.06; 2026-09-09 ratio=99.55 momentum=103.13; 2026-09-10 ratio=99.27 momentum=102.01; 2026-09-11 ratio=99.51 momentum=102.49,12.45
stock,Ajooni Biotech,AJOONI.NS,Animal Feed,Fast Moving Consumer Goods,59.77,0.0,0.43,-44.87,63.49,103.04,15.09,6.49,,not_stage_2,0,3.47,4.04,-2.33,0.00015,"{'price_above_30w_ma': False, '30w_ma_rising': False, 'price_above_10w_ma': False, 'relative_strength_positive': False, 'near_52w_high': False}",lagging,lagging,98.54,98.02,0.48,-0.06,False,False,2026-09-07 ratio=98.07 momentum=98.07; 2026-09-08 ratio=97.98 momentum=99.38; 2026-09-09 ratio=98.59 momentum=97.61; 2026-09-10 ratio=98.60 momentum=98.35; 2026-09-11 ratio=98.54 momentum=98.02,0.0
stock,ICICI AMC,ICICIAMC.NS,Asset Management Company,Financial Services,150328.73,0.9,964.63,23.1,1564.22,17.55,43.13,115.1,,not_stage_2,3,3041.5,3159.98,0.64,0.12999,"{'price_above_30w_ma': False, '30w_ma_rising': True, 'price_above_10w_ma': False, 'relative_strength_positive': True, 'near_52w_high': True}",leading,lagging,100.28,101.18,1.03,2.73,True,False,2026-09-07 ratio=99.25 momentum=98.45; 2026-09-08 ratio=99.45 momentum=97.58; 2026-09-09 ratio=99.66 momentum=98.56; 2026-09-10 ratio=99.99 momentum=101.46; 2026-09-11 ratio=100.28 momentum=101.18,98.58
stock,SBI Funds Mgt.,SBIFUNDS.NS,Asset Management Company,Financial Services,110864.53,0.0,880.26,3.7,1152.73,15.16,35.78,56.5,,insufficient_data,0,,,,,{},insufficient_data,insufficient_data,,,,,False,False,,0.0
stock,HDFC AMC,HDFCAMC.NS,Asset Management Company,Financial Services,103081.76,2.25,838.36,12.09,1098.5,13.51,34.95,42.88,,not_stage_2,1,2403.9,2596.77,-0.56,0.10274,"{'price_above_30w_ma': False, '30w_ma_rising': False, 'price_above_10w_ma': False, 'relative_strength_positive': False, 'near_52w_high': True}",lagging,lagging,98.87,98.02,0.1,-0.01,False,False,2026-09-04 ratio=98.77 momentum=98.03; 2026-09-08 ratio=98.98 momentum=98.37; 2026-09-09 ratio=99.17 momentum=97.04; 2026-09-10 ratio=99.08 momentum=96.39; 2026-09-11 ratio=98.87 momentum=98.02,20.0
stock,Nippon Life Ind.,NAM-INDIA.NS,Asset Management Company,Financial Services,76108.42,1.81,503.7,27.16,766.87,26.42,46.49,43.8,,stage_2,5,1189.6,1065.84,4.1,0.05084,"{'price_above_30w_ma': True, '30w_ma_rising': True, 'price_above_10w_ma': True, 'relative_strength_positive': True, 'near_52w_high': True}",leading,weakening,101.48,101.71,0.41,3.77,True,False,2026-09-07 ratio=101.07 momentum=97.93; 2026-09-08 ratio=101.07 momentum=99.68; 2026-09-09 ratio=100.58 momentum=98.44; 2026-09-10 ratio=101.21 momentum=100.59; 2026-09-11 ratio=101.48 momentum=101.71,179.15
stock,Aditya AMC,ABSLAMC.NS,Asset Management Company,Financial Services,32115.9,2.3,309.49,11.68,462.96,3.48,31.81,32.23,,stage_2,5,1109.9,1033.4,3.35,0.04744,"{'price_above_30w_ma': True, '30w_ma_rising': True, 'price_above_10w_ma': True, 'relative_strength_positive': True, 'near_52w_high': True}",leading,leading,101.5,102.9,1.29,-0.31,False,False,2026-09-04 ratio=100.21 momentum=103.21; 2026-09-08 ratio=100.05 momentum=103.35; 2026-09-09 ratio=100.69 momentum=104.84; 2026-09-10 ratio=101.03 momentum=103.39; 2026-09-11 ratio=101.50 momentum=102.90,173.7
stock,UTI AMC,UTIAMC.NS,Asset Management Company,Financial Services,11697.07,4.4,293.86,24.07,583.51,6.7,21.91,15.57,,not_stage_2,1,910.0,944.26,-1.76,0.03889,"{'price_above_30w_ma': False, '30w_ma_rising': False, 'price_above_10w_ma': False, 'relative_strength_positive': True, 'near_52w_high': False}",leading,improving,100.64,102.32,1.0,-1.18,False,False,2026-09-07 ratio=99.64 momentum=103.50; 2026-09-08 ratio=100.09 momentum=103.52; 2026-09-09 ratio=100.33 momentum=102.40; 2026-09-10 ratio=100.84 momentum=102.62; 2026-09-11 ratio=100.64 momentum=102.32,54.8
stock,Canara Robeco,CRAMC.NS,Asset Management Company,Financial Services,4764.08,1.67,75.6,23.98,145.37,20.07,21.81,40.11,,not_stage_2,1,238.9,251.43,0.03,0.01021,"{'price_above_30w_ma': False, '30w_ma_rising': True, 'price_above_10w_ma': False, 'relative_strength_positive': False, 'near_52w_high': False}",lagging,lagging,98.24,97.31,-0.96,-0.36,False,False,2026-09-07 ratio=99.19 momentum=97.67; 2026-09-08 ratio=98.15 momentum=98.00; 2026-09-09 ratio=97.96 momentum=96.97; 2026-09-10 ratio=98.21 momentum=97.43; 2026-09-11 ratio=98.24 momentum=97.31,20.06
stock,Gaja Alternative Asset,GAJA.NS,Asset Management Company,Financial Services,2151.82,0.49,27.21,35.66,15.64,-49.15,24.93,17.02,,insufficient_data,0,,,,,{},insufficient_data,insufficient_data,,,,,False,False,,0.0
stock,IL&FS Inv.Manag.,IVC.NS,Asset Management Company,Financial Services,286.08,13.17,1.21,23.86,8.17,40.86,70.29,4.11,,stage_2,5,9.11,7.92,2.33,0.00039,"{'price_above_30w_ma': True, '30w_ma_rising': True, 'price_above_10w_ma': True, 'relative_strength_positive': True, 'near_52w_high': True}",leading,leading,101.34,100.29,-2.63,-1.6,False,False,2026-09-04 ratio=103.97 momentum=101.88; 2026-09-08 ratio=103.25 momentum=101.96; 2026-09-09 ratio=102.95 momentum=102.40; 2026-09-10 ratio=102.25 momentum=102.78; 2026-09-11 ratio=101.34 momentum=100.29,157.81
stock,Samvardh. Mothe.,MOTHERSON.NS,Auto Components & Equipments,Automobile and Auto Components,173567.81,0.36,1075.66,81.52,35243.77,16.65,37.98,13.43,,stage_2,5,164.45,139.21,4.75,0.00703,"{'price_above_30w_ma': True, '30w_ma_rising': True, 'price_above_10w_ma': True, 'relative_strength_positive': True, 'near_52w_high': True}",weakening,weakening,101.19,99.82,0.3,3.02,False,False,2026-09-07 ratio=100.89 momentum=96.79; 2026-09-08 ratio=101.12 momentum=99.04; 2026-09-09 ratio=101.19 momentum=99.71; 2026-09-10 ratio=101.06 momentum=98.75; 2026-09-11 ratio=101.19 momentum=99.82,140.45
stock,Bosch,BOSCHLTD.NS,Auto Components & Equipments,Automobile and Auto Components,142716.88,0.56,706.1,5.2,5841.9,22.0,60.39,21.54,,stage_2,5,48385.0,38994.33,4.3,2.0679,"{'price_above_30w_ma': True, '30w_ma_rising': True, 'price_above_10w_ma': True, 'relative_strength_positive': True, 'near_52w_high': True}",weakening,weakening,101.47,98.8,0.02,0.47,False,False,2026-09-07 ratio=101.46 momentum=98.33; 2026-09-08 ratio=101.70 momentum=98.88; 2026-09-09 ratio=101.82 momentum=99.06; 2026-09-10 ratio=101.61 momentum=98.60; 2026-09-11 ratio=101.47 momentum=98.80,140.95
stock,Bharat Forge,BHARATFORG.NS,Auto Components & Equipments,Automobile and Auto Components,92983.46,0.44,-89.89,-57.72,4639.94,18.71,92.08,12.61,,not_stage_2,2,1944.9,1957.1,3.26,0.08312,"{'price_above_30w_ma': False, '30w_ma_rising': True, 'price_above_10w_ma': False, 'relative_strength_positive': False, 'near_52w_high': True}",improving,lagging,98.61,100.23,0.55,0.95,False,True,2026-09-07 ratio=98.05 momentum=99.27; 2026-09-08 ratio=99.06 momentum=100.94; 2026-09-09 ratio=98.99 momentum=101.94; 2026-09-10 ratio=98.60 momentum=99.56; 2026-09-11 ratio=98.61 momentum=100.23,47.67
stock,Uno Minda,UNOMINDA.NS,Auto Components & Equipments,Automobile and Auto Components,69388.46,0.22,315.51,1.76,5556.85,23.79,56.77,19.65,,stage_2,4,1201.6,1140.63,0.81,0.05135,"{'price_above_30w_ma': True, '30w_ma_rising': True, 'price_above_10w_ma': False, 'relative_strength_positive': True, 'near_52w_high': True}",weakening,weakening,100.51,96.58,-0.51,-2.07,False,False,2026-09-07 ratio=101.02 momentum=98.65; 2026-09-08 ratio=101.04 momentum=99.22; 2026-09-09 ratio=101.05 momentum=98.72; 2026-09-10 ratio=100.90 momentum=96.63; 2026-09-11 ratio=100.51 momentum=96.58,109.17
stock,Schaeffler India,SCHAEFFLER.NS,Auto Components & Equipments,Automobile and Auto Components,61747.76,0.89,336.73,13.67,2681.41,17.5,47.83,27.9,,not_stage_2,3,3950.5,4077.71,0.94,0.16884,"{'price_above_30w_ma': False, '30w_ma_rising': True, 'price_above_10w_ma': False, 'relative_strength_positive': True, 'near_52w_high': True}",leading,improving,100.14,101.51,1.18,0.68,True,False,2026-09-04 ratio=98.95 momentum=100.83; 2026-09-08 ratio=99.55 momentum=102.32; 2026-09-09 ratio=99.77 momentum=104.17; 2026-09-10 ratio=99.78 momentum=102.83; 2026-09-11 ratio=100.14 momentum=101.51,100.13
stock,Tube Investments,TIINDIA.NS,Auto Components & Equipments,Automobile and Auto Components,50446.88,0.13,293.96,-15.25,6215.33,17.07,80.49,17.14,,not_stage_2,2,2606.1,2839.47,1.99,0.11138,"{'price_above_30w_ma': False, '30w_ma_rising': True, 'price_above_10w_ma': False, 'relative_strength_positive': False, 'near_52w_high': True}",lagging,lagging,98.55,95.88,-0.29,-1.55,False,False,2026-09-04 ratio=98.83 momentum=97.43; 2026-09-08 ratio=98.60 momentum=97.17; 2026-09-09 ratio=99.22 momentum=98.76; 2026-09-10 ratio=98.92 momentum=97.91; 2026-09-11 ratio=98.55 momentum=95.88,43.98
stock,Sona BLW Precis.,SONACOMS.NS,Auto Components & Equipments,Automobile and Auto Components,49181.32,0.43,220.11,73.37,1157.24,50.82,63.26,15.11,,stage_2,5,788.0,633.41,6.84,0.03368,"{'price_above_30w_ma': True, '30w_ma_rising': True, 'price_above_10w_ma': True, 'relative_strength_positive': True, 'near_52w_high': True}",weakening,weakening,100.91,97.87,0.07,0.64,False,False,2026-09-07 ratio=100.84 momentum=97.22; 2026-09-08 ratio=101.15 momentum=99.64; 2026-09-09 ratio=101.17 momentum=100.60; 2026-09-10 ratio=101.17 momentum=98.70; 2026-09-11 ratio=100.91 momentum=97.87,143.23
stock,Endurance Tech.,ENDURANCE.NS,Auto Components & Equipments,Automobile and Auto Components,37874.88,0.43,244.52,8.03,4314.89,30.01,38.47,17.8,,not_stage_2,3,2692.6,2594.41,2.26,0.11508,"{'price_above_30w_ma': True, '30w_ma_rising': True, 'price_above_10w_ma': False, 'relative_strength_positive': False, 'near_52w_high': True}",lagging,weakening,99.66,96.1,-0.39,-0.95,False,False,2026-09-04 ratio=100.05 momentum=97.05; 2026-09-08 ratio=99.89 momentum=97.25; 2026-09-09 ratio=100.25 momentum=97.86; 2026-09-10 ratio=99.82 momentum=96.57; 2026-09-11 ratio=99.66 momentum=96.10,64.52
stock,Dhoot Transmission,DHOOTTRANS.NS,Auto Components & Equipments,Automobile and Auto Components,35360.22,0.0,132.68,36.89,1446.42,49.68,78.94,24.36,,insufficient_data,0,,,,,{},insufficient_data,insufficient_data,,,,,False,False,,0.0
stock,Exide Inds.,EXIDEIND.NS,Auto Components & Equipments,Automobile and Auto Components,35075.25,0.48,351.3,28.38,5528.38,17.75,37.38,8.54,,not_stage_2,3,412.65,380.66,3.86,0.01764,"{'price_above_30w_ma': True, '30w_ma_rising': True, 'price_above_10w_ma': False, 'relative_strength_positive': False, 'near_52w_high': True}",lagging,lagging,99.11,96.45,-0.49,-0.44,False,False,2026-09-07 ratio=99.59 momentum=96.89; 2026-09-08 ratio=99.29 momentum=96.85; 2026-09-09 ratio=99.02 momentum=96.75; 2026-09-10 ratio=99.49 momentum=98.25; 2026-09-11 ratio=99.11 momentum=96.45,67.72
stock,United Spirits,UNITDSPR.NS,Breweries & Distilleries,Fast Moving Consumer Goods,101465.44,1.22,463.0,-20.54,2708.0,-10.36,54.75,26.39,,not_stage_2,3,1395.0,1367.5,1.13,0.05962,"{'price_above_30w_ma': True, '30w_ma_rising': True, 'price_above_10w_ma': False, 'relative_strength_positive': False, 'near_52w_high': True}",lagging,lagging,99.39,96.79,-0.54,0.5,False,False,2026-09-07 ratio=99.93 momentum=96.29; 2026-09-08 ratio=100.05 momentum=96.82; 2026-09-09 ratio=99.61 momentum=96.07; 2026-09-10 ratio=99.43 momentum=96.14; 2026-09-11 ratio=99.39 momentum=96.79,62.26
stock,Radico Khaitan,RADICO.NS,Breweries & Distilleries,Fast Moving Consumer Goods,58524.85,0.21,229.6,69.15,1683.69,11.8,82.35,24.15,,stage_2,4,4368.1,3595.86,6.73,0.18669,"{'price_above_30w_ma': True, '30w_ma_rising': True, 'price_above_10w_ma': False, 'relative_strength_positive': True, 'near_52w_high': True}",weakening,weakening,100.55,95.63,-0.17,-1.77,False,False,2026-09-07 ratio=100.72 momentum=97.40; 2026-09-08 ratio=100.96 momentum=98.41; 2026-09-09 ratio=100.79 momentum=97.46; 2026-09-10 ratio=100.92 momentum=97.50; 2026-09-11 ratio=100.55 momentum=95.63,121.21
stock,United Breweries,UBL.NS,Breweries & Distilleries,Fast Moving Consumer Goods,33211.93,0.8,166.28,-9.54,3066.86,7.07,96.09,10.68,,not_stage_2,0,1256.1,1423.42,-1.94,0.05368,"{'price_above_30w_ma': False, '30w_ma_rising': False, 'price_above_10w_ma': False, 'relative_strength_positive': False, 'near_52w_high': False}",lagging,lagging,98.54,96.74,0.39,-1.23,False,False,2026-09-04 ratio=98.15 momentum=97.96; 2026-09-08 ratio=97.91 momentum=97.62; 2026-09-09 ratio=98.62 momentum=99.05; 2026-09-10 ratio=98.38 momentum=97.45; 2026-09-11 ratio=98.54 momentum=96.74,0.0
stock,Allied Blenders,ABDL.NS,Breweries & Distilleries,Fast Moving Consumer Goods,17691.67,0.85,45.42,-12.98,978.94,6.08,79.31,18.38,,stage_2,5,632.5,560.75,2.87,0.02703,"{'price_above_30w_ma': True, '30w_ma_rising': True, 'price_above_10w_ma': True, 'relative_strength_positive': True, 'near_52w_high': True}",leading,improving,101.4,103.56,1.99,2.73,True,False,2026-09-07 ratio=99.40 momentum=100.83; 2026-09-08 ratio=99.36 momentum=96.19; 2026-09-09 ratio=100.02 momentum=102.79; 2026-09-10 ratio=100.34 momentum=103.43; 2026-09-11 ratio=101.40 momentum=103.56,185.54
stock,Tilaknagar Inds.,TI.NS,Breweries & Distilleries,Fast Moving Consumer Goods,12930.35,0.19,31.59,-30.28,1046.03,155.67,57.21,11.78,,stage_2,5,521.6,463.96,3.53,0.02229,"{'price_above_30w_ma': True, '30w_ma_rising': True, 'price_above_10w_ma': True, 'relative_strength_positive': True, 'near_52w_high': True}",weakening,weakening,100.67,96.77,-0.19,0.47,False,False,2026-09-04 ratio=100.86 momentum=96.30; 2026-09-08 ratio=101.03 momentum=96.32; 2026-09-09 ratio=100.91 momentum=96.27; 2026-09-10 ratio=100.94 momentum=97.35; 2026-09-11 ratio=100.67 momentum=96.77,135.41
stock,Piccadily Agro,PICCADIL.NS,Breweries & Distilleries,Fast Moving Consumer Goods,5935.52,0.17,21.44,16.33,251.18,17.42,42.24,18.01,,not_stage_2,2,602.15,612.63,1.25,0.02573,"{'price_above_30w_ma': False, '30w_ma_rising': True, 'price_above_10w_ma': False, 'relative_strength_positive': False, 'near_52w_high': True}",lagging,lagging,98.52,96.55,-0.22,-0.06,False,False,2026-09-07 ratio=98.75 momentum=96.61; 2026-09-08 ratio=98.56 momentum=96.43; 2026-09-09 ratio=98.42 momentum=96.32; 2026-09-10 ratio=98.42 momentum=96.49; 2026-09-11 ratio=98.52 momentum=96.55,42.5
stock,Globus Spirits,GLOBUSSPR.NS,Breweries & Distilleries,Fast Moving Consumer Goods,2641.96,0.78,26.48,49.05,788.78,12.71,26.28,11.25,,not_stage_2,0,839.75,906.42,-0.65,0.03589,"{'price_above_30w_ma': False, '30w_ma_rising': False, 'price_above_10w_ma': False, 'relative_strength_positive': False, 'near_52w_high': False}",lagging,leading,98.8,98.07,-2.02,-5.16,False,False,2026-09-04 ratio=100.82 momentum=103.23; 2026-09-08 ratio=99.16 momentum=97.31; 2026-09-09 ratio=99.03 momentum=97.75; 2026-09-10 ratio=98.56 momentum=97.64; 2026-09-11 ratio=98.80 momentum=98.07,0.0
stock,G M Breweries,GMBREW.NS,Breweries & Distilleries,Fast Moving Consumer Goods,2081.13,0.99,37.74,45.94,199.58,22.55,12.34,17.96,,not_stage_2,2,910.9,943.75,-1.26,0.03893,"{'price_above_30w_ma': False, '30w_ma_rising': False, 'price_above_10w_ma': True, 'relative_strength_positive': True, 'near_52w_high': False}",leading,leading,101.12,101.97,0.5,-0.92,False,False,2026-09-04 ratio=100.62 momentum=102.89; 2026-09-08 ratio=101.20 momentum=103.34; 2026-09-09 ratio=101.17 momentum=102.72; 2026-09-10 ratio=100.99 momentum=101.99; 2026-09-11 ratio=101.12 momentum=101.97,75.45
stock,India Glycols,INDIAGLYCO.NS,Breweries & Distilleries,Fast Moving Consumer Goods,1976.62,2.54,96.83,32.19,1130.39,8.64,6.24,12.4,,not_stage_2,0,294.9,962.45,-2.2,0.0126,"{'price_above_30w_ma': False, '30w_ma_rising': False, 'price_above_10w_ma': False, 'relative_strength_positive': False, 'near_52w_high': False}",lagging,lagging,97.62,98.25,1.4,-0.09,False,False,2026-09-04 ratio=96.22 momentum=98.34; 2026-09-08 ratio=96.82 momentum=98.33; 2026-09-09 ratio=97.20 momentum=98.58; 2026-09-10 ratio=97.47 momentum=98.47; 2026-09-11 ratio=97.62 momentum=98.25,0.0
stock,Som Distilleries,SDBL.NS,Breweries & Distilleries,Fast Moving Consumer Goods,1456.76,0.0,1.56,-98.91,268.63,-49.16,,5.68,,not_stage_2,1,70.07,76.92,-2.38,0.00299,"{'price_above_30w_ma': False, '30w_ma_rising': False, 'price_above_10w_ma': False, 'relative_strength_positive': True, 'near_52w_high': False}",weakening,leading,100.26,98.68,-1.48,-4.25,False,False,2026-09-07 ratio=101.73 momentum=102.93; 2026-09-08 ratio=100.92 momentum=101.65; 2026-09-09 ratio=100.85 momentum=101.42; 2026-09-10 ratio=100.48 momentum=100.65; 2026-09-11 ratio=100.26 momentum=98.68,21.3
stock,eClerx Services,ECLERX.NS,Business Process Outsourcing (BPO)/ Knowledge Process Outsourcing (KPO),Services,17865.87,0.05,164.24,15.99,1152.36,23.31,24.51,34.42,,not_stage_2,4,1899.6,1624.41,-1.69,0.08119,"{'price_above_30w_ma': True, '30w_ma_rising': False, 'price_above_10w_ma': True, 'relative_strength_positive': True, 'near_52w_high': True}",weakening,leading,100.91,98.64,0.14,-2.07,False,False,2026-09-04 ratio=100.78 momentum=100.71; 2026-09-08 ratio=101.09 momentum=102.73; 2026-09-09 ratio=101.05 momentum=101.49; 2026-09-10 ratio=100.88 momentum=98.24; 2026-09-11 ratio=100.91 momentum=98.64,84.55
stock,Firstsour.Solu.,FSL.NS,Business Process Outsourcing (BPO)/ Knowledge Process Outsourcing (KPO),Services,17506.01,2.22,165.92,30.01,2724.87,22.87,21.93,16.8,,not_stage_2,1,247.6,246.83,-1.6,0.01058,"{'price_above_30w_ma': True, '30w_ma_rising': False, 'price_above_10w_ma': False, 'relative_strength_positive': False, 'near_52w_high': False}",lagging,lagging,99.16,96.93,-0.6,0.32,False,False,2026-09-07 ratio=99.76 momentum=96.61; 2026-09-08 ratio=99.70 momentum=96.08; 2026-09-09 ratio=99.61 momentum=97.09; 2026-09-10 ratio=99.36 momentum=96.86; 2026-09-11 ratio=99.16 momentum=96.93,20.0
stock,RPSG Ventures,RPSGVENT.NS,Business Process Outsourcing (BPO)/ Knowledge Process Outsourcing (KPO),Services,2752.13,0.0,253.09,34.95,3576.44,20.36,,10.61,,not_stage_2,2,831.8,857.58,2.16,0.03555,"{'price_above_30w_ma': False, '30w_ma_rising': True, 'price_above_10w_ma': False, 'relative_strength_positive': False, 'near_52w_high': True}",lagging,lagging,99.04,100.0,0.58,1.86,False,False,2026-09-04 ratio=98.46 momentum=98.14; 2026-09-08 ratio=98.41 momentum=98.16; 2026-09-09 ratio=100.16 momentum=102.66; 2026-09-10 ratio=99.27 momentum=100.27; 2026-09-11 ratio=99.04 momentum=100.00,44.32
stock,Hinduja Global,HGS.NS,Business Process Outsourcing (BPO)/ Knowledge Process Outsourcing (KPO),Services,1774.52,1.31,-66.26,-45.26,1050.36,-0.56,,1.46,,not_stage_2,0,381.45,403.27,-0.46,0.0163,"{'price_above_30w_ma': False, '30w_ma_rising': False, 'price_above_10w_ma': False, 'relative_strength_positive': False, 'near_52w_high': False}",lagging,improving,98.64,98.92,-0.52,-4.42,False,False,2026-09-04 ratio=99.16 momentum=103.34; 2026-09-08 ratio=98.67 momentum=100.99; 2026-09-09 ratio=98.74 momentum=102.18; 2026-09-10 ratio=98.67 momentum=100.37; 2026-09-11 ratio=98.64 momentum=98.92,0.0
stock,One Point One,ONEPOINT.NS,Business Process Outsourcing (BPO)/ Knowledge Process Outsourcing (KPO),Services,1482.7,0.0,16.31,72.78,158.32,129.42,32.2,10.88,,stage_2,5,56.39,54.5,1.59,0.00241,"{'price_above_30w_ma': True, '30w_ma_rising': True, 'price_above_10w_ma': True, 'relative_strength_positive': True, 'near_52w_high': True}",leading,leading,101.25,101.84,-0.33,-0.99,False,False,2026-09-07 ratio=101.58 momentum=102.83; 2026-09-08 ratio=100.91 momentum=102.22; 2026-09-09 ratio=102.32 momentum=102.67; 2026-09-10 ratio=101.99 momentum=102.02; 2026-09-11 ratio=101.25 momentum=101.84,163.63
stock,Alldigi Tech,ALLDIGI.NS,Business Process Outsourcing (BPO)/ Knowledge Process Outsourcing (KPO),Services,1214.95,7.53,18.12,21.69,150.28,4.43,13.18,27.89,,not_stage_2,2,797.3,808.58,-0.73,0.03408,"{'price_above_30w_ma': False, '30w_ma_rising': False, 'price_above_10w_ma': False, 'relative_strength_positive': True, 'near_52w_high': True}",leading,improving,100.3,103.38,0.37,2.51,True,False,2026-09-04 ratio=99.94 momentum=100.87; 2026-09-08 ratio=100.32 momentum=101.72; 2026-09-09 ratio=100.54 momentum=102.44; 2026-09-10 ratio=100.44 momentum=101.43; 2026-09-11 ratio=100.30 momentum=103.38,88.4
stock,Kandarp Digi,KANDARP.NS,Business Process Outsourcing (BPO)/ Knowledge Process Outsourcing (KPO),Services,65.37,0.0,1.13,-15.67,16.35,4.01,35.34,11.22,,not_stage_2,0,72.85,124.36,-5.68,0.00311,"{'price_above_30w_ma': False, '30w_ma_rising': False, 'price_above_10w_ma': False, 'relative_strength_positive': False, 'near_52w_high': False}",lagging,lagging,96.58,98.11,-3.17,-1.64,False,False,2026-09-04 ratio=99.75 momentum=99.76; 2026-09-08 ratio=97.91 momentum=97.69; 2026-09-09 ratio=96.44 momentum=96.40; 2026-09-10 ratio=95.78 momentum=96.71; 2026-09-11 ratio=96.58 momentum=98.11,0.0
stock,Cadsys (India),CADSYS.NS,Business Process Outsourcing (BPO)/ Knowledge Process Outsourcing (KPO),Services,44.11,0.0,-8.6,110.64,47.31,16.3,,-14.11,,not_stage_2,0,44.1,57.7,-0.33,0.00188,"{'price_above_30w_ma': False, '30w_ma_rising': False, 'price_above_10w_ma': False, 'relative_strength_positive': False, 'near_52w_high': False}",lagging,improving,98.62,98.83,-0.03,-2.11,False,False,2026-09-04 ratio=98.65 momentum=100.94; 2026-09-08 ratio=98.75 momentum=101.14; 2026-09-09 ratio=98.84 momentum=101.42; 2026-09-10 ratio=98.87 momentum=100.93; 2026-09-11 ratio=98.62 momentum=98.83,0.0
stock,We Win Ltd,WEWIN.NS,Business Process Outsourcing (BPO)/ Knowledge Process Outsourcing (KPO),Services,43.14,0.0,0.91,-15.74,30.77,51.65,9.61,10.9,,not_stage_2,1,42.46,48.97,0.37,0.00181,"{'price_above_30w_ma': False, '30w_ma_rising': True, 'price_above_10w_ma': False, 'relative_strength_positive': False, 'near_52w_high': False}",lagging,lagging,98.82,98.54,1.19,1.25,False,False,2026-09-04 ratio=97.63 momentum=97.29; 2026-09-08 ratio=97.99 momentum=98.61; 2026-09-09 ratio=98.42 momentum=98.19; 2026-09-10 ratio=99.04 momentum=99.83; 2026-09-11 ratio=98.82 momentum=98.54,20.74
stock,HRH Next,HRHNEXT.NS,Business Process Outsourcing (BPO)/ Knowledge Process Outsourcing (KPO),Services,31.23,0.0,2.78,152.73,35.92,24.68,6.43,15.84,,not_stage_2,0,23.65,26.92,-2.01,0.00101,"{'price_above_30w_ma': False, '30w_ma_rising': False, 'price_above_10w_ma': False, 'relative_strength_positive': False, 'near_52w_high': False}",lagging,lagging,98.5,98.81,-0.78,0.5,False,False,2026-09-07 ratio=99.28 momentum=98.31; 2026-09-08 ratio=100.13 momentum=97.88; 2026-09-09 ratio=100.30 momentum=99.06; 2026-09-10 ratio=99.29 momentum=98.26; 2026-09-11 ratio=98.50 momentum=98.81,0.0
stock,Polycab India,POLYCAB.NS,Cables - Electricals,Capital Goods,124184.94,0.57,796.66,32.46,8209.73,39.01,43.36,33.21,,not_stage_2,2,8241.0,8664.22,2.22,0.35221,"{'price_above_30w_ma': False, '30w_ma_rising': True, 'price_above_10w_ma': False, 'relative_strength_positive': False, 'near_52w_high': True}",lagging,lagging,97.95,98.37,0.49,0.25,False,False,2026-09-07 ratio=97.45 momentum=98.12; 2026-09-08 ratio=97.97 momentum=98.69; 2026-09-09 ratio=98.20 momentum=98.88; 2026-09-10 ratio=98.20 momentum=98.64; 2026-09-11 ratio=97.95 momentum=98.37,44.44
stock,KEI Industries,KEI.NS,Cables - Electricals,Capital Goods,43765.95,0.1,274.14,40.05,3185.34,22.97,43.91,20.05,,not_stage_2,2,4578.0,4987.19,2.51,0.19566,"{'price_above_30w_ma': False, '30w_ma_rising': True, 'price_above_10w_ma': False, 'relative_strength_positive': False, 'near_52w_high': True}",lagging,lagging,98.49,97.66,0.1,-0.01,False,False,2026-09-07 ratio=98.39 momentum=97.67; 2026-09-08 ratio=98.53 momentum=97.82; 2026-09-09 ratio=98.63 momentum=98.06; 2026-09-10 ratio=98.57 momentum=97.91; 2026-09-11 ratio=98.49 momentum=97.66,45.02
stock,R R Kabel,RRKABEL.NS,Cables - Electricals,Capital Goods,27421.3,0.39,205.2,117.32,3168.2,53.9,44.84,28.1,,not_stage_2,3,2424.4,2037.0,9.12,0.10362,"{'price_above_30w_ma': True, '30w_ma_rising': True, 'price_above_10w_ma': False, 'relative_strength_positive': False, 'near_52w_high': True}",lagging,lagging,99.63,97.9,0.07,1.41,False,False,2026-09-04 ratio=99.56 momentum=96.49; 2026-09-08 ratio=99.66 momentum=97.37; 2026-09-09 ratio=99.62 momentum=98.05; 2026-09-10 ratio=99.67 momentum=98.09; 2026-09-11 ratio=99.63 momentum=97.90,78.24
stock,Finolex Cables,FINCABLES.NS,Cables - Electricals,Capital Goods,21778.56,0.63,249.04,53.14,2013.15,44.26,27.22,16.01,,stage_2,5,1424.0,1037.69,7.52,0.06086,"{'price_above_30w_ma': True, '30w_ma_rising': True, 'price_above_10w_ma': True, 'relative_strength_positive': True, 'near_52w_high': True}",leading,weakening,102.19,101.21,1.22,3.86,True,False,2026-09-07 ratio=100.98 momentum=97.35; 2026-09-08 ratio=101.60 momentum=100.83; 2026-09-09 ratio=101.98 momentum=101.12; 2026-09-10 ratio=102.28 momentum=101.47; 2026-09-11 ratio=102.19 momentum=101.21,187.04
stock,KSH Internationa,KSHINTL.NS,Cables - Electricals,Capital Goods,7933.51,0.0,42.22,86.16,1164.24,108.38,60.61,21.46,,stage_2,5,1170.9,727.75,14.7,0.05004,"{'price_above_30w_ma': True, '30w_ma_rising': True, 'price_above_10w_ma': True, 'relative_strength_positive': True, 'near_52w_high': True}",leading,leading,102.51,101.64,-0.23,-0.16,False,False,2026-09-07 ratio=102.74 momentum=101.80; 2026-09-08 ratio=103.29 momentum=102.33; 2026-09-09 ratio=102.80 momentum=102.09; 2026-09-10 ratio=102.73 momentum=101.73; 2026-09-11 ratio=102.51 momentum=101.64,195.15
stock,V-Marc India,VMARCIND.NS,Cables - Electricals,Capital Goods,5249.96,0.0,28.55,163.62,555.51,102.42,44.88,41.37,,not_stage_2,2,358.3,747.76,-4.07,0.01531,"{'price_above_30w_ma': False, '30w_ma_rising': False, 'price_above_10w_ma': True, 'relative_strength_positive': True, 'near_52w_high': False}",leading,leading,101.1,102.95,0.88,-0.66,False,False,2026-09-04 ratio=100.23 momentum=103.61; 2026-09-08 ratio=100.32 momentum=103.10; 2026-09-09 ratio=100.52 momentum=103.15; 2026-09-10 ratio=100.91 momentum=103.28; 2026-09-11 ratio=101.10 momentum=102.95,80.25
stock,Universal Cables,UNIVCABLES.NS,Cables - Electricals,Capital Goods,5178.29,0.3,70.14,108.75,945.06,57.46,25.89,11.68,,stage_2,5,1492.5,1085.69,12.09,0.06379,"{'price_above_30w_ma': True, '30w_ma_rising': True, 'price_above_10w_ma': True, 'relative_strength_positive': True, 'near_52w_high': True}",weakening,weakening,100.49,96.38,0.02,0.04,False,False,2026-09-07 ratio=100.48 momentum=96.34; 2026-09-08 ratio=100.67 momentum=98.31; 2026-09-09 ratio=100.79 momentum=98.94; 2026-09-10 ratio=100.81 momentum=98.59; 2026-09-11 ratio=100.49 momentum=96.38,151.63
stock,Laser Power,LASERPOWER.NS,Cables - Electricals,Capital Goods,4067.17,0.0,20.73,3.75,521.55,14.84,37.02,20.51,,insufficient_data,0,,,,,{},insufficient_data,insufficient_data,,,,,False,False,,0.0
stock,Lumino Inds,LUMINO.NS,Cables - Electricals,Capital Goods,3313.85,0.0,63.7,,947.62,,20.74,26.61,,insufficient_data,0,,,,,{},insufficient_data,insufficient_data,,,,,False,False,,0.0
stock,Dynamic Cables,DYCL.NS,Cables - Electricals,Capital Goods,2207.05,0.11,24.95,37.01,349.1,33.22,24.21,26.21,,stage_2,5,455.45,355.8,7.18,0.01947,"{'price_above_30w_ma': True, '30w_ma_rising': True, 'price_above_10w_ma': True, 'relative_strength_positive': True, 'near_52w_high': True}",weakening,weakening,100.88,99.39,-0.62,-0.29,False,False,2026-09-04 ratio=101.50 momentum=99.67; 2026-09-08 ratio=101.00 momentum=99.93; 2026-09-09 ratio=100.96 momentum=100.18; 2026-09-10 ratio=100.87 momentum=99.00; 2026-09-11 ratio=100.88 momentum=99.39,143.76
stock,Godfrey Phillips,GODFRYPHLP.NS,Cigarettes & Tobacco Products,Fast Moving Consumer Goods,30057.69,2.59,198.39,-44.32,1205.51,-18.89,21.98,30.25,,not_stage_2,0,1927.0,2164.73,-0.13,0.08236,"{'price_above_30w_ma': False, '30w_ma_rising': False, 'price_above_10w_ma': False, 'relative_strength_positive': False, 'near_52w_high': False}",lagging,lagging,97.9,96.61,-1.04,-2.77,False,False,2026-09-04 ratio=98.94 momentum=99.38; 2026-09-08 ratio=98.67 momentum=99.15; 2026-09-09 ratio=98.49 momentum=98.85; 2026-09-10 ratio=98.40 momentum=96.46; 2026-09-11 ratio=97.90 momentum=96.61,0.0
stock,VST Industries,VSTIND.NS,Cigarettes & Tobacco Products,Fast Moving Consumer Goods,3463.98,5.88,42.42,-24.43,256.46,-13.91,12.44,28.13,,not_stage_2,1,203.93,236.84,-1.59,0.00872,"{'price_above_30w_ma': False, '30w_ma_rising': False, 'price_above_10w_ma': False, 'relative_strength_positive': False, 'near_52w_high': True}",improving,improving,99.22,102.09,0.11,-1.22,False,False,2026-09-07 ratio=99.11 momentum=103.30; 2026-09-08 ratio=99.20 momentum=104.76; 2026-09-09 ratio=99.43 momentum=103.89; 2026-09-10 ratio=99.31 momentum=102.33; 2026-09-11 ratio=99.22 momentum=102.09,30.45
stock,Elitecon Inter.,ELITECON.NS,Cigarettes & Tobacco Products,Fast Moving Consumer Goods,1307.57,0.61,103.57,676.39,1741.26,1750.04,4.08,,,insufficient_data,0,,,,,{},insufficient_data,insufficient_data,,,,,False,False,,0.0
stock,NTC Industries,NTCIND.NS,Cigarettes & Tobacco Products,Fast Moving Consumer Goods,195.88,0.0,6.12,7.94,25.23,-10.25,9.79,11.14,,insufficient_data,0,,,,,{},insufficient_data,insufficient_data,,,,,False,False,,0.0
stock,Shanthala FMCG,SHANTHALA.NS,Cigarettes & Tobacco Products,Fast Moving Consumer Goods,11.15,0.0,0.72,71.43,25.82,-0.12,8.78,5.98,,not_stage_2,0,16.65,23.87,-8.49,0.00071,"{'price_above_30w_ma': False, '30w_ma_rising': False, 'price_above_10w_ma': False, 'relative_strength_positive': False, 'near_52w_high': False}",improving,improving,99.46,104.15,0.24,2.26,False,True,2026-09-07 ratio=99.22 momentum=101.89; 2026-09-08 ratio=99.29 momentum=101.94; 2026-09-09 ratio=99.38 momentum=107.46; 2026-09-10 ratio=99.40 momentum=103.59; 2026-09-11 ratio=99.46 momentum=104.15,20.75
stock,Marc Technocrats,MARC.NS,Consulting Services,Services,247.84,0.0,4.81,,37.53,,23.51,29.22,,stage_2,5,143.15,92.97,14.86,0.00612,"{'price_above_30w_ma': True, '30w_ma_rising': True, 'price_above_10w_ma': True, 'relative_strength_positive': True, 'near_52w_high': True}",weakening,weakening,101.22,96.92,-0.33,-0.48,False,False,2026-09-04 ratio=101.55 momentum=97.40; 2026-09-08 ratio=101.16 momentum=96.50; 2026-09-09 ratio=101.47 momentum=98.11; 2026-09-10 ratio=101.63 momentum=98.61; 2026-09-11 ratio=101.22 momentum=96.92,160.82
stock,EKI Energy,EKI.NS,Consulting Services,Services,191.81,2.89,-15.93,-2094.44,10.46,-29.99,,-3.84,,insufficient_data,0,,,,,{},insufficient_data,insufficient_data,,,,,False,False,,0.0
stock,Mitcon Consult.,MITCON.NS,Consulting Services,Services,139.61,0.0,2.75,151.38,67.58,176.63,14.33,8.83,,stage_2,5,80.15,73.31,3.7,0.00343,"{'price_above_30w_ma': True, '30w_ma_rising': True, 'price_above_10w_ma': True, 'relative_strength_positive': True, 'near_52w_high': True}",leading,leading,102.02,102.35,1.28,2.04,False,False,2026-09-04 ratio=100.74 momentum=100.31; 2026-09-08 ratio=102.25 momentum=101.87; 2026-09-09 ratio=102.92 momentum=103.03; 2026-09-10 ratio=102.56 momentum=103.01; 2026-09-11 ratio=102.02 momentum=102.35,174.25
stock,AAA Technologies,AAATECH.NS,Consulting Services,Services,117.85,1.09,0.87,12.99,3.76,1.62,56.66,8.16,,not_stage_2,1,91.88,95.01,-1.45,0.00393,"{'price_above_30w_ma': False, '30w_ma_rising': False, 'price_above_10w_ma': False, 'relative_strength_positive': True, 'near_52w_high': False}",leading,lagging,100.75,103.99,0.89,5.26,True,False,2026-09-04 ratio=99.86 momentum=98.73; 2026-09-08 ratio=100.54 momentum=100.45; 2026-09-09 ratio=100.60 momentum=103.03; 2026-09-10 ratio=100.92 momentum=104.51; 2026-09-11 ratio=100.75 momentum=103.99,73.7
stock,Dhruv Consultanc,DHRUV.NS,Consulting Services,Services,41.42,0.92,-4.74,-396.25,15.55,-26.09,,-32.46,,not_stage_2,0,21.84,28.22,-5.64,0.00093,"{'price_above_30w_ma': False, '30w_ma_rising': False, 'price_above_10w_ma': False, 'relative_strength_positive': False, 'near_52w_high': False}",lagging,lagging,98.22,96.99,-0.04,-0.58,False,False,2026-09-04 ratio=98.26 momentum=97.58; 2026-09-08 ratio=99.27 momentum=102.54; 2026-09-09 ratio=99.13 momentum=101.77; 2026-09-10 ratio=98.94 momentum=98.71; 2026-09-11 ratio=98.22 momentum=96.99,0.0
stock,Manglam Infra,MIEL.NS,Consulting Services,Services,21.64,0.0,1.6,1700.0,21.86,-21.42,6.89,9.5,,insufficient_data,0,,,,,{},insufficient_data,insufficient_data,,,,,False,False,,0.0
stock,Physicswallah,PWL.NS,E-Learning,Consumer Services,39481.07,0.0,-88.28,35.6,1053.95,24.42,646.05,4.02,,stage_2,5,136.1,112.19,1.0,0.00582,"{'price_above_30w_ma': True, '30w_ma_rising': True, 'price_above_10w_ma': True, 'relative_strength_positive': True, 'near_52w_high': True}",leading,leading,101.35,102.81,0.94,0.92,False,False,2026-09-07 ratio=100.41 momentum=101.89; 2026-09-08 ratio=100.14 momentum=101.51; 2026-09-09 ratio=100.12 momentum=100.60; 2026-09-10 ratio=100.26 momentum=101.03; 2026-09-11 ratio=101.35 momentum=102.81,167.8
stock,Veranda Learning,VERANDA.NS,E-Learning,Consumer Services,2173.71,0.0,33.87,854.4,149.54,41.52,33.7,12.83,,not_stage_2,3,225.24,210.1,2.63,0.00963,"{'price_above_30w_ma': True, '30w_ma_rising': True, 'price_above_10w_ma': False, 'relative_strength_positive': False, 'near_52w_high': True}",lagging,weakening,98.98,97.63,-1.38,2.68,False,False,2026-09-04 ratio=100.36 momentum=94.95; 2026-09-08 ratio=99.53 momentum=96.18; 2026-09-09 ratio=99.89 momentum=98.22; 2026-09-10 ratio=99.46 momentum=98.41; 2026-09-11 ratio=98.98 momentum=97.63,65.26
stock,Jaro Institute,JARO.NS,E-Learning,Consumer Services,1011.19,1.1,11.17,48.34,70.75,16.61,17.88,22.09,,not_stage_2,1,454.05,473.35,-1.04,0.01941,"{'price_above_30w_ma': False, '30w_ma_rising': False, 'price_above_10w_ma': False, 'relative_strength_positive': True, 'near_52w_high': False}",improving,improving,99.99,101.21,0.83,-1.45,False,False,2026-09-07 ratio=99.16 momentum=102.66; 2026-09-08 ratio=99.22 momentum=98.84; 2026-09-09 ratio=99.26 momentum=99.94; 2026-09-10 ratio=99.98 momentum=102.24; 2026-09-11 ratio=99.99 momentum=101.21,26.05
stock,Addictive Learn,ADDICTIVE.NS,E-Learning,Consumer Services,75.57,0.0,0.31,-75.97,22.69,8.41,,-0.11,,insufficient_data,0,,,,,{},insufficient_data,insufficient_data,,,,,False,False,,0.0
stock,G-Tec Janix,GTECJAINX.NS,E-Learning,Consumer Services,27.15,0.0,0.3,100.0,2.25,-10.36,,-36.32,,not_stage_2,3,26.65,24.12,5.34,0.00114,"{'price_above_30w_ma': True, '30w_ma_rising': True, 'price_above_10w_ma': False, 'relative_strength_positive': False, 'near_52w_high': True}",lagging,weakening,99.29,97.35,-1.44,-2.19,False,False,2026-09-04 ratio=100.74 momentum=99.54; 2026-09-08 ratio=100.11 momentum=97.95; 2026-09-09 ratio=99.41 momentum=98.79; 2026-09-10 ratio=100.20 momentum=98.57; 2026-09-11 ratio=99.29 momentum=97.35,70.68
stock,Usha Mart. Edu.,UMESLTD.NS,E-Learning,Consumer Services,13.13,0.0,0.02,0.0,0.12,-7.69,32.02,5.23,,not_stage_2,1,4.97,5.6,1.35,0.00021,"{'price_above_30w_ma': False, '30w_ma_rising': True, 'price_above_10w_ma': False, 'relative_strength_positive': False, 'near_52w_high': False}",improving,lagging,98.63,101.27,0.11,1.72,False,True,2026-09-04 ratio=98.52 momentum=99.55; 2026-09-08 ratio=98.72 momentum=97.46; 2026-09-09 ratio=98.91 momentum=98.97; 2026-09-10 ratio=98.69 momentum=98.26; 2026-09-11 ratio=98.63 momentum=101.27,29.05
stock,Docmode Health,DHTL.NS,E-Learning,Consumer Services,10.21,0.0,-0.07,95.57,7.67,-64.07,,6.12,,not_stage_2,0,32.5,40.17,-9.91,0.00139,"{'price_above_30w_ma': False, '30w_ma_rising': False, 'price_above_10w_ma': False, 'relative_strength_positive': False, 'near_52w_high': False}",improving,improving,99.6,101.36,-0.37,-3.18,False,False,2026-09-07 ratio=99.97 momentum=104.54; 2026-09-08 ratio=100.11 momentum=102.73; 2026-09-09 ratio=100.29 momentum=102.44; 2026-09-10 ratio=100.30 momentum=103.28; 2026-09-11 ratio=99.60 momentum=101.36,6.8
stock,PVR Inox,PVRINOX.NS,"Film Production, Distribution & Exhibition","Media, Entertainment & Publication",12148.32,0.0,56.5,220.3,1622.2,11.91,38.3,6.79,,stage_2,5,1237.1,1039.62,3.1,0.05287,"{'price_above_30w_ma': True, '30w_ma_rising': True, 'price_above_10w_ma': True, 'relative_strength_positive': True, 'near_52w_high': True}",leading,weakening,101.53,100.26,0.89,3.95,True,False,2026-09-07 ratio=100.65 momentum=96.31; 2026-09-08 ratio=101.48 momentum=99.21; 2026-09-09 ratio=100.88 momentum=96.56; 2026-09-10 ratio=101.38 momentum=98.76; 2026-09-11 ratio=101.53 momentum=100.26,170.15
stock,Media Matrix,MMWL.NS,"Film Production, Distribution & Exhibition","Media, Entertainment & Publication",1524.67,0.0,3.58,84.46,428.45,83.37,214.74,9.78,,insufficient_data,0,,,,,{},lagging,weakening,99.43,95.76,-0.97,-2.15,False,False,2026-09-07 ratio=100.40 momentum=97.91; 2026-09-08 ratio=100.04 momentum=96.39; 2026-09-09 ratio=99.96 momentum=95.00; 2026-09-10 ratio=99.95 momentum=96.16; 2026-09-11 ratio=99.43 momentum=95.76,0.0
stock,Panorama Studios,PANORAMA.NS,"Film Production, Distribution & Exhibition","Media, Entertainment & Publication",1401.16,0.11,12.71,165.95,183.07,34.26,58.04,8.7,,insufficient_data,0,,,,,{},insufficient_data,insufficient_data,,,,,False,False,,0.0
stock,Sunshine Picture,SUNSHINE.NS,"Film Production, Distribution & Exhibition","Media, Entertainment & Publication",1270.25,0.0,,,,,32.09,40.96,,insufficient_data,0,,,,,{},insufficient_data,insufficient_data,,,,,False,False,,0.0
stock,Connplex Cinemas,CONNPLEX.NS,"Film Production, Distribution & Exhibition","Media, Entertainment & Publication",505.58,0.0,13.03,38.91,83.46,51.97,19.52,43.55,,insufficient_data,0,,,,,{},insufficient_data,insufficient_data,,,,,False,False,,0.0
stock,Cineline India,CINELINE.NS,"Film Production, Distribution & Exhibition","Media, Entertainment & Publication",367.06,1.3,-1.21,74.27,59.27,30.87,27.27,10.86,,stage_2,5,96.31,84.79,1.04,0.00412,"{'price_above_30w_ma': True, '30w_ma_rising': True, 'price_above_10w_ma': True, 'relative_strength_positive': True, 'near_52w_high': True}",leading,leading,102.14,101.96,-0.75,-0.38,False,False,2026-09-07 ratio=102.89 momentum=102.35; 2026-09-08 ratio=102.20 momentum=101.03; 2026-09-09 ratio=101.96 momentum=100.80; 2026-09-10 ratio=101.76 momentum=100.55; 2026-09-11 ratio=102.14 momentum=101.96,167.58
stock,UFO Moviez,UFO.NS,"Film Production, Distribution & Exhibition","Media, Entertainment & Publication",243.16,0.0,5.64,-13.5,110.69,3.81,10.12,11.19,,not_stage_2,0,62.63,69.12,-1.88,0.00268,"{'price_above_30w_ma': False, '30w_ma_rising': False, 'price_above_10w_ma': False, 'relative_strength_positive': False, 'near_52w_high': False}",lagging,improving,98.63,98.67,-0.47,-4.23,False,False,2026-09-04 ratio=99.10 momentum=102.90; 2026-09-08 ratio=99.36 momentum=102.55; 2026-09-09 ratio=98.81 momentum=100.57; 2026-09-10 ratio=98.75 momentum=98.04; 2026-09-11 ratio=98.63 momentum=98.67,0.0
stock,Tips Films,TIPSFILMS.NS,"Film Production, Distribution & Exhibition","Media, Entertainment & Publication",141.57,0.0,-29.41,-720.46,47.96,-49.71,,-6.69,,not_stage_2,0,327.5,352.14,-1.59,0.014,"{'price_above_30w_ma': False, '30w_ma_rising': False, 'price_above_10w_ma': False, 'relative_strength_positive': False, 'near_52w_high': False}",lagging,lagging,99.54,97.2,0.14,1.07,False,False,2026-09-04 ratio=99.40 momentum=96.12; 2026-09-08 ratio=99.56 momentum=98.27; 2026-09-09 ratio=99.49 momentum=98.16; 2026-09-10 ratio=99.49 momentum=98.52; 2026-09-11 ratio=99.54 momentum=97.20,0.0
stock,Mukta Arts,MUKTAARTS.NS,"Film Production, Distribution & Exhibition","Media, Entertainment & Publication",132.28,0.0,-2.15,64.7,40.59,10.51,,11.17,,not_stage_2,4,58.57,54.92,-0.47,0.0025,"{'price_above_30w_ma': True, '30w_ma_rising': False, 'price_above_10w_ma': True, 'relative_strength_positive': True, 'near_52w_high': True}",leading,leading,101.92,101.88,0.3,-1.84,False,False,2026-09-04 ratio=101.62 momentum=103.72; 2026-09-08 ratio=101.09 momentum=102.15; 2026-09-09 ratio=101.82 momentum=103.34; 2026-09-10 ratio=101.14 momentum=101.08; 2026-09-11 ratio=101.92 momentum=101.88,119.0
stock,Baweja Studios L,BAWEJA.NS,"Film Production, Distribution & Exhibition","Media, Entertainment & Publication",44.5,0.0,4.57,-13.28,33.44,-22.93,7.32,7.94,,not_stage_2,0,24.15,28.7,-2.62,0.00103,"{'price_above_30w_ma': False, '30w_ma_rising': False, 'price_above_10w_ma': False, 'relative_strength_positive': False, 'near_52w_high': False}",improving,leading,99.45,102.93,-0.59,0.36,False,False,2026-09-07 ratio=100.04 momentum=102.57; 2026-09-08 ratio=99.92 momentum=102.61; 2026-09-09 ratio=99.14 momentum=100.82; 2026-09-10 ratio=99.15 momentum=100.98; 2026-09-11 ratio=99.45 momentum=102.93,14.65
stock,Metro Brands,METROBRAND.NS,Footwear,Consumer Durables,25629.17,0.64,95.26,-4.79,720.36,14.66,63.06,20.12,,not_stage_2,0,940.2,1001.38,-1.5,0.04018,"{'price_above_30w_ma': False, '30w_ma_rising': False, 'price_above_10w_ma': False, 'relative_strength_positive': False, 'near_52w_high': False}",improving,improving,99.7,102.21,0.61,-1.85,False,False,2026-09-04 ratio=99.09 momentum=104.06; 2026-09-08 ratio=99.64 momentum=104.55; 2026-09-09 ratio=99.98 momentum=103.73; 2026-09-10 ratio=99.84 momentum=101.94; 2026-09-11 ratio=99.70 momentum=102.21,11.05
stock,Bata India,BATAINDIA.NS,Footwear,Consumer Durables,8336.94,3.85,63.98,15.88,978.95,3.94,47.96,12.74,,not_stage_2,0,648.65,704.72,-3.25,0.02772,"{'price_above_30w_ma': False, '30w_ma_rising': False, 'price_above_10w_ma': False, 'relative_strength_positive': False, 'near_52w_high': False}",lagging,lagging,98.69,98.47,-0.43,-1.07,False,False,2026-09-07 ratio=99.12 momentum=99.54; 2026-09-08 ratio=99.06 momentum=100.53; 2026-09-09 ratio=99.23 momentum=100.42; 2026-09-10 ratio=98.77 momentum=97.68; 2026-09-11 ratio=98.69 momentum=98.47,0.0
stock,Relaxo Footwear,RELAXO.NS,Footwear,Consumer Durables,8089.26,1.08,54.94,12.35,705.05,7.73,43.65,11.18,,not_stage_2,0,324.95,341.75,-0.73,0.01389,"{'price_above_30w_ma': False, '30w_ma_rising': False, 'price_above_10w_ma': False, 'relative_strength_positive': False, 'near_52w_high': False}",lagging,lagging,98.02,99.55,0.01,2.55,False,False,2026-09-04 ratio=98.01 momentum=96.99; 2026-09-08 ratio=97.82 momentum=94.84; 2026-09-09 ratio=97.78 momentum=96.69; 2026-09-10 ratio=97.93 momentum=96.39; 2026-09-11 ratio=98.02 momentum=99.55,0.0
stock,Campus Activewe.,CAMPUS.NS,Footwear,Consumer Durables,6552.55,0.7,26.14,17.75,385.2,12.21,42.54,21.22,,not_stage_2,1,214.36,235.82,-2.18,0.00916,"{'price_above_30w_ma': False, '30w_ma_rising': False, 'price_above_10w_ma': False, 'relative_strength_positive': False, 'near_52w_high': True}",lagging,leading,99.57,98.9,-0.62,-1.9,False,False,2026-09-04 ratio=100.18 momentum=100.80; 2026-09-08 ratio=99.52 momentum=97.28; 2026-09-09 ratio=99.54 momentum=99.23; 2026-09-10 ratio=99.25 momentum=98.33; 2026-09-11 ratio=99.57 momentum=98.90,20.0
stock,Redtape,REDTAPE.NS,Footwear,Consumer Durables,6418.1,1.72,44.48,15.23,481.28,3.65,26.04,24.48,,not_stage_2,0,116.1,127.13,-0.21,0.00496,"{'price_above_30w_ma': False, '30w_ma_rising': False, 'price_above_10w_ma': False, 'relative_strength_positive': False, 'near_52w_high': False}",lagging,improving,98.63,99.36,-0.05,-2.29,False,False,2026-09-04 ratio=98.68 momentum=101.65; 2026-09-08 ratio=98.15 momentum=100.44; 2026-09-09 ratio=98.56 momentum=102.38; 2026-09-10 ratio=98.33 momentum=99.96; 2026-09-11 ratio=98.63 momentum=99.36,0.0
stock,Sreeleathers,SREEL.NS,Footwear,Consumer Durables,771.69,0.6,6.99,138.57,59.63,19.74,23.49,6.97,,stage_2,5,333.27,208.92,3.99,0.01424,"{'price_above_30w_ma': True, '30w_ma_rising': True, 'price_above_10w_ma': True, 'relative_strength_positive': True, 'near_52w_high': True}",leading,leading,102.84,100.29,0.72,-1.14,False,False,2026-09-04 ratio=102.12 momentum=101.43; 2026-09-08 ratio=103.06 momentum=101.87; 2026-09-09 ratio=104.51 momentum=102.36; 2026-09-10 ratio=104.25 momentum=101.68; 2026-09-11 ratio=102.84 momentum=100.29,168.63
stock,Liberty Shoes,LIBERTSHOE.NS,Footwear,Consumer Durables,389.67,0.0,0.68,-76.97,169.86,-1.7,45.74,7.91,,not_stage_2,0,228.68,250.22,-0.81,0.00977,"{'price_above_30w_ma': False, '30w_ma_rising': False, 'price_above_10w_ma': False, 'relative_strength_positive': False, 'near_52w_high': False}",lagging,lagging,98.66,99.1,0.27,1.47,False,False,2026-09-04 ratio=98.38 momentum=97.63; 2026-09-08 ratio=98.15 momentum=98.03; 2026-09-09 ratio=98.87 momentum=100.04; 2026-09-10 ratio=98.59 momentum=98.06; 2026-09-11 ratio=98.66 momentum=99.10,0.0
stock,Brandman Retail,BRANDMAN.NS,Footwear,Consumer Durables,318.39,0.0,4.76,1152.63,45.19,287.56,10.73,36.81,,insufficient_data,0,,,,,{},insufficient_data,insufficient_data,,,,,False,False,,0.0
stock,Khadim India,KHADIM.NS,Footwear,Consumer Durables,222.4,0.0,0.52,-39.53,77.84,-18.66,49.31,6.87,,not_stage_2,3,121.01,104.04,-6.1,0.00517,"{'price_above_30w_ma': True, '30w_ma_rising': False, 'price_above_10w_ma': True, 'relative_strength_positive': True, 'near_52w_high': False}",leading,leading,102.19,100.69,0.12,-3.1,False,False,2026-09-04 ratio=102.07 momentum=103.79; 2026-09-08 ratio=102.24 momentum=104.24; 2026-09-09 ratio=102.46 momentum=104.28; 2026-09-10 ratio=102.50 momentum=106.46; 2026-09-11 ratio=102.19 momentum=100.69,94.4
stock,ICICI Lombard,ICICIGI.NS,General Insurance,Financial Services,72932.02,0.92,403.17,-46.03,7088.22,10.83,30.04,21.88,,not_stage_2,0,1459.8,1743.82,-2.31,0.06239,"{'price_above_30w_ma': False, '30w_ma_rising': False, 'price_above_10w_ma': False, 'relative_strength_positive': False, 'near_52w_high': False}",lagging,lagging,98.46,97.0,0.05,-0.25,False,False,2026-09-04 ratio=98.41 momentum=97.24; 2026-09-08 ratio=98.37 momentum=96.68; 2026-09-09 ratio=98.47 momentum=97.46; 2026-09-10 ratio=98.39 momentum=97.35; 2026-09-11 ratio=98.46 momentum=97.00,0.0
stock,General Insuranc,GICRE.NS,General Insurance,Financial Services,61298.74,3.79,1743.67,-31.1,14400.9,-1.52,6.91,17.35,,not_stage_2,2,349.4,372.19,-0.91,0.01493,"{'price_above_30w_ma': False, '30w_ma_rising': False, 'price_above_10w_ma': False, 'relative_strength_positive': True, 'near_52w_high': True}",leading,leading,100.63,102.74,-0.15,0.71,False,False,2026-09-04 ratio=100.78 momentum=102.03; 2026-09-08 ratio=99.70 momentum=100.26; 2026-09-09 ratio=100.61 momentum=103.15; 2026-09-10 ratio=99.36 momentum=101.43; 2026-09-11 ratio=100.63 momentum=102.74,76.85
stock,Star Health Insu,STARHEALTH.NS,General Insurance,Financial Services,33121.85,0.0,549.73,25.46,5522.07,13.15,39.24,9.69,,stage_2,4,562.7,529.43,2.92,0.02405,"{'price_above_30w_ma': True, '30w_ma_rising': True, 'price_above_10w_ma': False, 'relative_strength_positive': True, 'near_52w_high': True}",lagging,lagging,99.86,99.54,1.49,1.53,False,False,2026-09-04 ratio=98.38 momentum=98.01; 2026-09-08 ratio=100.16 momentum=100.99; 2026-09-09 ratio=100.59 momentum=100.96; 2026-09-10 ratio=100.86 momentum=100.95; 2026-09-11 ratio=99.86 momentum=99.54,110.84
stock,New India Assura,NIACL.NS,General Insurance,Financial Services,32694.67,0.76,-239.15,-160.61,11899.69,1.54,42.5,4.29,,stage_2,5,198.39,166.14,4.32,0.00848,"{'price_above_30w_ma': True, '30w_ma_rising': True, 'price_above_10w_ma': True, 'relative_strength_positive': True, 'near_52w_high': True}",leading,leading,101.42,100.66,-2.67,-1.76,False,False,2026-09-07 ratio=104.09 momentum=102.42; 2026-09-08 ratio=102.01 momentum=100.92; 2026-09-09 ratio=102.03 momentum=100.95; 2026-09-10 ratio=101.36 momentum=100.59; 2026-09-11 ratio=101.42 momentum=100.66,164.04
stock,Go Digit General,GODIGIT.NS,General Insurance,Financial Services,23688.33,0.0,86.39,-37.55,2427.02,8.54,48.11,13.1,,not_stage_2,0,256.2,301.18,-2.7,0.01095,"{'price_above_30w_ma': False, '30w_ma_rising': False, 'price_above_10w_ma': False, 'relative_strength_positive': False, 'near_52w_high': False}",improving,improving,99.72,102.94,0.32,0.41,False,True,2026-09-07 ratio=99.40 momentum=102.53; 2026-09-08 ratio=99.62 momentum=104.20; 2026-09-09 ratio=99.47 momentum=102.87; 2026-09-10 ratio=99.35 momentum=102.14; 2026-09-11 ratio=99.72 momentum=102.94,14.7
stock,Niva Bupa Health,NIVABUPA.NS,General Insurance,Financial Services,14780.92,0.0,137.8,92.89,2471.26,27.93,84.83,3.15,,not_stage_2,2,79.93,80.42,0.61,0.00342,"{'price_above_30w_ma': False, '30w_ma_rising': True, 'price_above_10w_ma': False, 'relative_strength_positive': False, 'near_52w_high': True}",improving,improving,99.12,103.12,0.47,0.44,False,True,2026-09-07 ratio=98.66 momentum=102.68; 2026-09-08 ratio=98.89 momentum=102.07; 2026-09-09 ratio=98.80 momentum=102.59; 2026-09-10 ratio=98.70 momentum=100.62; 2026-09-11 ratio=99.12 momentum=103.12,56.82
stock,LG Electronics,LGEINDIA.NS,Household Appliances,Consumer Durables,111101.47,0.0,652.86,27.2,7233.35,15.49,60.89,32.27,,stage_2,5,1636.8,1562.37,1.55,0.06995,"{'price_above_30w_ma': True, '30w_ma_rising': True, 'price_above_10w_ma': True, 'relative_strength_positive': True, 'near_52w_high': True}",weakening,weakening,101.31,97.39,-0.05,-1.1,False,False,2026-09-07 ratio=101.35 momentum=98.49; 2026-09-08 ratio=101.81 momentum=99.00; 2026-09-09 ratio=101.57 momentum=99.01; 2026-09-10 ratio=101.48 momentum=96.78; 2026-09-11 ratio=101.31 momentum=97.39,134.65
stock,Voltas,VOLTAS.NS,Household Appliances,Consumer Durables,38548.07,0.34,212.76,52.19,4673.5,18.66,82.55,9.04,,not_stage_2,0,1165.0,1325.77,-2.05,0.04979,"{'price_above_30w_ma': False, '30w_ma_rising': False, 'price_above_10w_ma': False, 'relative_strength_positive': False, 'near_52w_high': False}",improving,lagging,98.9,102.83,0.57,3.37,False,True,2026-09-07 ratio=98.33 momentum=99.46; 2026-09-08 ratio=98.15 momentum=98.78; 2026-09-09 ratio=98.39 momentum=101.34; 2026-09-10 ratio=98.67 momentum=101.31; 2026-09-11 ratio=98.90 momentum=102.83,14.15
stock,Blue Star,BLUESTARCO.NS,Household Appliances,Consumer Durables,32034.78,0.55,102.51,-21.03,3377.92,13.27,60.54,21.24,,not_stage_2,2,1558.0,1671.11,-2.64,0.06659,"{'price_above_30w_ma': False, '30w_ma_rising': False, 'price_above_10w_ma': False, 'relative_strength_positive': True, 'near_52w_high': True}",leading,improving,100.31,102.89,1.27,0.59,True,False,2026-09-04 ratio=99.05 momentum=102.30; 2026-09-08 ratio=99.01 momentum=102.05; 2026-09-09 ratio=99.14 momentum=101.94; 2026-09-10 ratio=99.76 momentum=103.60; 2026-09-11 ratio=100.31 momentum=102.89,86.0
stock,Amber Enterp.,AMBER.NS,Household Appliances,Consumer Durables,25551.5,0.0,3.09,-3.37,3887.72,12.72,123.84,10.29,,not_stage_2,3,7245.0,7523.27,1.84,0.30964,"{'price_above_30w_ma': False, '30w_ma_rising': True, 'price_above_10w_ma': False, 'relative_strength_positive': True, 'near_52w_high': True}",weakening,leading,100.13,96.95,-0.31,-5.56,False,False,2026-09-04 ratio=100.44 momentum=102.51; 2026-09-08 ratio=100.08 momentum=101.59; 2026-09-09 ratio=99.94 momentum=101.17; 2026-09-10 ratio=100.19 momentum=101.18; 2026-09-11 ratio=100.13 momentum=96.95,64.33
stock,Crompton Gr. Con,CROMPTON.NS,Household Appliances,Consumer Durables,14874.43,1.3,140.32,12.12,2022.47,11.2,32.77,18.98,,not_stage_2,0,231.0,258.04,-0.14,0.00987,"{'price_above_30w_ma': False, '30w_ma_rising': False, 'price_above_10w_ma': False, 'relative_strength_positive': False, 'near_52w_high': False}",improving,lagging,98.93,101.6,0.43,4.17,False,True,2026-09-04 ratio=98.50 momentum=97.44; 2026-09-08 ratio=98.71 momentum=100.36; 2026-09-09 ratio=99.00 momentum=101.95; 2026-09-10 ratio=98.74 momentum=101.66; 2026-09-11 ratio=98.93 momentum=101.60,8.0
stock,V-Guard Industri,VGUARD.NS,Household Appliances,Consumer Durables,14142.94,0.46,130.25,76.37,1810.65,23.5,37.22,18.38,,stage_2,5,323.7,316.97,0.02,0.01383,"{'price_above_30w_ma': True, '30w_ma_rising': True, 'price_above_10w_ma': True, 'relative_strength_positive': True, 'near_52w_high': True}",weakening,weakening,100.97,98.56,-0.5,-0.37,False,False,2026-09-04 ratio=101.47 momentum=98.93; 2026-09-08 ratio=101.30 momentum=98.82; 2026-09-09 ratio=101.23 momentum=99.05; 2026-09-10 ratio=101.25 momentum=99.58; 2026-09-11 ratio=100.97 momentum=98.56,129.89
stock,Whirlpool India,WHIRLPOOL.NS,Household Appliances,Consumer Durables,9672.07,0.66,102.88,-29.4,2726.75,12.1,35.47,10.67,,not_stage_2,0,762.35,835.09,-0.66,0.03258,"{'price_above_30w_ma': False, '30w_ma_rising': False, 'price_above_10w_ma': False, 'relative_strength_positive': False, 'near_52w_high': False}",lagging,leading,99.82,94.42,-2.01,-7.99,False,False,2026-09-04 ratio=101.83 momentum=102.41; 2026-09-08 ratio=101.67 momentum=102.42; 2026-09-09 ratio=101.52 momentum=103.30; 2026-09-10 ratio=101.45 momentum=104.45; 2026-09-11 ratio=99.82 momentum=94.42,0.0
stock,Eureka Forbes,EUREKAFORB.NS,Household Appliances,Consumer Durables,7625.57,0.0,55.44,6.98,700.77,15.31,38.13,5.86,,not_stage_2,0,394.15,459.58,-3.09,0.01685,"{'price_above_30w_ma': False, '30w_ma_rising': False, 'price_above_10w_ma': False, 'relative_strength_positive': False, 'near_52w_high': False}",lagging,improving,98.14,98.5,-0.03,-2.24,False,False,2026-09-07 ratio=98.17 momentum=100.74; 2026-09-08 ratio=98.52 momentum=103.48; 2026-09-09 ratio=98.27 momentum=99.35; 2026-09-10 ratio=98.17 momentum=97.52; 2026-09-11 ratio=98.14 momentum=98.50,0.0
stock,TTK Prestige,TTKPRESTIG.NS,Household Appliances,Consumer Durables,7359.2,1.4,58.97,103.94,813.85,33.57,35.56,12.1,,not_stage_2,1,537.3,547.72,-0.11,0.02296,"{'price_above_30w_ma': False, '30w_ma_rising': False, 'price_above_10w_ma': False, 'relative_strength_positive': False, 'near_52w_high': True}",lagging,lagging,98.32,96.46,-0.05,-0.92,False,False,2026-09-04 ratio=98.38 momentum=97.38; 2026-09-08 ratio=98.22 momentum=97.76; 2026-09-09 ratio=98.23 momentum=97.83; 2026-09-10 ratio=98.26 momentum=96.90; 2026-09-11 ratio=98.32 momentum=96.46,20.0
stock,IFB Industries,IFBIND.NS,Household Appliances,Consumer Durables,5268.01,0.0,38.06,50.08,1523.52,17.1,33.71,18.22,,not_stage_2,2,1300.1,1204.4,1.36,0.05556,"{'price_above_30w_ma': True, '30w_ma_rising': True, 'price_above_10w_ma': False, 'relative_strength_positive': False, 'near_52w_high': False}",lagging,lagging,99.94,98.41,0.43,1.01,False,False,2026-09-04 ratio=99.51 momentum=97.39; 2026-09-08 ratio=99.57 momentum=95.96; 2026-09-09 ratio=99.14 momentum=96.95; 2026-09-10 ratio=99.46 momentum=96.63; 2026-09-11 ratio=99.94 momentum=98.41,42.72
stock,Adani Total Gas,ATGL.NS,LPG/CNG/PNG/LNG Supplier,"Oil, Gas & Consumable Fuels",65416.7,0.04,133.03,-17.97,1743.48,27.1,107.64,15.09,,not_stage_2,2,594.8,634.25,2.05,0.02542,"{'price_above_30w_ma': False, '30w_ma_rising': True, 'price_above_10w_ma': False, 'relative_strength_positive': False, 'near_52w_high': True}",lagging,lagging,98.57,97.56,-0.02,-1.89,False,False,2026-09-04 ratio=98.59 momentum=99.46; 2026-09-08 ratio=98.73 momentum=100.84; 2026-09-09 ratio=98.99 momentum=102.00; 2026-09-10 ratio=98.71 momentum=99.46; 2026-09-11 ratio=98.57 momentum=97.56,44.1
stock,Petronet LNG,PETRONET.NS,LPG/CNG/PNG/LNG Supplier,"Oil, Gas & Consumable Fuels",43080.0,3.48,1137.14,35.07,5557.84,-53.22,10.24,22.55,,stage_2,5,287.2,279.1,0.07,0.01227,"{'price_above_30w_ma': True, '30w_ma_rising': True, 'price_above_10w_ma': True, 'relative_strength_positive': True, 'near_52w_high': True}",weakening,weakening,101.72,99.83,0.37,0.95,False,False,2026-09-04 ratio=101.36 momentum=98.88; 2026-09-08 ratio=101.43 momentum=98.18; 2026-09-09 ratio=101.70 momentum=100.39; 2026-09-10 ratio=101.88 momentum=101.45; 2026-09-11 ratio=101.72 momentum=99.83,133.74
stock,Gujarat Energy,GUJENERGY.NS,LPG/CNG/PNG/LNG Supplier,"Oil, Gas & Consumable Fuels",22666.72,3.68,1007.4,69.8,9544.98,63.12,11.59,18.49,,not_stage_2,0,241.59,335.14,-6.13,0.01033,"{'price_above_30w_ma': False, '30w_ma_rising': False, 'price_above_10w_ma': False, 'relative_strength_positive': False, 'near_52w_high': False}",lagging,improving,98.15,97.95,-1.36,-3.68,False,False,2026-09-07 ratio=99.51 momentum=101.63; 2026-09-08 ratio=99.51 momentum=101.85; 2026-09-09 ratio=99.61 momentum=102.17; 2026-09-10 ratio=99.23 momentum=101.11; 2026-09-11 ratio=98.15 momentum=97.95,0.0
stock,Indraprastha Gas,IGL.NS,LPG/CNG/PNG/LNG Supplier,"Oil, Gas & Consumable Fuels",21277.22,2.14,237.92,-43.97,4586.73,17.19,15.63,17.52,,not_stage_2,2,151.98,157.9,-1.86,0.0065,"{'price_above_30w_ma': False, '30w_ma_rising': False, 'price_above_10w_ma': True, 'relative_strength_positive': True, 'near_52w_high': False}",leading,leading,101.91,102.21,-0.09,-1.39,False,False,2026-09-04 ratio=102.00 momentum=103.60; 2026-09-08 ratio=101.67 momentum=102.63; 2026-09-09 ratio=102.23 momentum=102.65; 2026-09-10 ratio=102.32 momentum=102.40; 2026-09-11 ratio=101.91 momentum=102.21,80.6
stock,Mahanagar Gas,MGL.NS,LPG/CNG/PNG/LNG Supplier,"Oil, Gas & Consumable Fuels",10710.47,2.77,193.7,-39.39,2371.71,13.95,14.86,17.14,,not_stage_2,2,1084.3,1098.74,-0.01,0.04634,"{'price_above_30w_ma': False, '30w_ma_rising': False, 'price_above_10w_ma': False, 'relative_strength_positive': True, 'near_52w_high': True}",leading,improving,100.75,101.49,0.81,0.54,True,False,2026-09-04 ratio=99.94 momentum=100.94; 2026-09-08 ratio=100.82 momentum=101.48; 2026-09-09 ratio=100.51 momentum=101.85; 2026-09-10 ratio=101.45 momentum=101.89; 2026-09-11 ratio=100.75 momentum=101.49,81.2
stock,Confidence Petro,CONFIPET.NS,LPG/CNG/PNG/LNG Supplier,"Oil, Gas & Consumable Fuels",2964.25,0.11,62.55,207.04,2408.53,116.6,22.02,9.23,,stage_2,5,89.22,62.28,11.87,0.00381,"{'price_above_30w_ma': True, '30w_ma_rising': True, 'price_above_10w_ma': True, 'relative_strength_positive': True, 'near_52w_high': True}",leading,leading,102.65,102.33,0.92,-2.97,False,False,2026-09-07 ratio=101.72 momentum=105.31; 2026-09-08 ratio=101.83 momentum=103.03; 2026-09-09 ratio=103.48 momentum=103.49; 2026-09-10 ratio=102.57 momentum=102.31; 2026-09-11 ratio=102.65 momentum=102.33,193.64
stock,IRM Energy,IRMENERGY.NS,LPG/CNG/PNG/LNG Supplier,"Oil, Gas & Consumable Fuels",1150.7,0.54,33.81,142.89,325.85,24.13,15.74,8.63,,stage_2,5,280.25,258.79,2.06,0.01198,"{'price_above_30w_ma': True, '30w_ma_rising': True, 'price_above_10w_ma': True, 'relative_strength_positive': True, 'near_52w_high': True}",leading,leading,101.01,101.18,-0.13,-0.38,False,False,2026-09-07 ratio=101.14 momentum=101.56; 2026-09-08 ratio=101.06 momentum=105.10; 2026-09-09 ratio=101.24 momentum=100.29; 2026-09-10 ratio=101.05 momentum=100.78; 2026-09-11 ratio=101.01 momentum=101.18,160.07
stock,Life Insurance,LICI.NS,Life Insurance,Financial Services,511186.31,2.47,13584.25,23.98,239865.7,6.76,8.51,35.14,,not_stage_2,1,404.1,410.9,-0.26,0.01727,"{'price_above_30w_ma': False, '30w_ma_rising': False, 'price_above_10w_ma': False, 'relative_strength_positive': False, 'near_52w_high': True}",lagging,lagging,99.89,99.72,0.02,-0.19,False,False,2026-09-07 ratio=99.87 momentum=99.91; 2026-09-08 ratio=100.01 momentum=100.54; 2026-09-09 ratio=100.06 momentum=102.51; 2026-09-10 ratio=99.89 momentum=101.72; 2026-09-11 ratio=99.89 momentum=99.72,20.0
stock,SBI Life Insuran,SBILIFE.NS,Life Insurance,Financial Services,169034.3,0.16,724.93,21.97,46336.78,18.82,64.99,14.95,,not_stage_2,1,1684.7,1843.69,-1.81,0.072,"{'price_above_30w_ma': False, '30w_ma_rising': False, 'price_above_10w_ma': False, 'relative_strength_positive': False, 'near_52w_high': True}",lagging,improving,98.59,99.92,-0.25,-1.13,False,False,2026-09-07 ratio=98.84 momentum=101.04; 2026-09-08 ratio=98.34 momentum=100.65; 2026-09-09 ratio=98.45 momentum=99.44; 2026-09-10 ratio=98.77 momentum=99.30; 2026-09-11 ratio=98.59 momentum=99.92,20.0
stock,HDFC Life Insur.,HDFCLIFE.NS,Life Insurance,Financial Services,115147.22,0.4,611.19,11.46,33758.51,14.58,58.3,10.3,,not_stage_2,0,530.0,591.38,-3.61,0.02265,"{'price_above_30w_ma': False, '30w_ma_rising': False, 'price_above_10w_ma': False, 'relative_strength_positive': False, 'near_52w_high': False}",improving,lagging,99.95,100.99,0.57,1.91,False,True,2026-09-07 ratio=99.37 momentum=99.09; 2026-09-08 ratio=99.69 momentum=101.78; 2026-09-09 ratio=98.55 momentum=96.98; 2026-09-10 ratio=99.46 momentum=99.61; 2026-09-11 ratio=99.95 momentum=100.99,4.95
stock,ICICI Pru Life,ICICIPRULI.NS,Life Insurance,Financial Services,68424.98,0.35,623.91,61.94,3185.46,-79.69,42.56,10.14,,not_stage_2,0,471.5,526.74,-3.56,0.02015,"{'price_above_30w_ma': False, '30w_ma_rising': False, 'price_above_10w_ma': False, 'relative_strength_positive': False, 'near_52w_high': False}",lagging,lagging,98.65,98.14,-1.07,0.35,False,False,2026-09-04 ratio=99.72 momentum=97.79; 2026-09-08 ratio=97.73 momentum=96.99; 2026-09-09 ratio=97.61 momentum=97.79; 2026-09-10 ratio=98.41 momentum=97.80; 2026-09-11 ratio=98.65 momentum=98.14,0.0
stock,Max Financial,MFSL.NS,Life Insurance,Financial Services,50973.45,0.0,118.29,36.38,14969.51,16.75,469.78,2.87,,not_stage_2,1,1477.0,1609.27,-1.16,0.06312,"{'price_above_30w_ma': False, '30w_ma_rising': False, 'price_above_10w_ma': False, 'relative_strength_positive': False, 'near_52w_high': True}",lagging,leading,99.51,98.48,-0.78,-2.04,False,False,2026-09-04 ratio=100.30 momentum=100.53; 2026-09-08 ratio=99.57 momentum=98.99; 2026-09-09 ratio=99.20 momentum=97.60; 2026-09-10 ratio=99.43 momentum=97.33; 2026-09-11 ratio=99.51 momentum=98.48,20.0
stock,Canara HSBC,CANHLIFE.NS,Life Insurance,Financial Services,14432.4,0.26,28.14,20.15,4350.86,19.81,109.89,8.35,,stage_2,5,151.92,144.78,0.65,0.00649,"{'price_above_30w_ma': True, '30w_ma_rising': True, 'price_above_10w_ma': True, 'relative_strength_positive': True, 'near_52w_high': True}",weakening,weakening,101.38,99.97,-0.11,0.66,False,False,2026-09-07 ratio=101.49 momentum=99.32; 2026-09-08 ratio=101.65 momentum=102.34; 2026-09-09 ratio=100.92 momentum=98.45; 2026-09-10 ratio=101.41 momentum=97.63; 2026-09-11 ratio=101.38 momentum=99.97,133.2
stock,Container Corpn.,CONCOR.NS,Logistics Solution Provider,Services,38023.78,1.72,268.9,0.08,2159.76,0.28,30.61,12.64,,stage_2,4,499.25,487.77,0.33,0.02134,"{'price_above_30w_ma': True, '30w_ma_rising': True, 'price_above_10w_ma': False, 'relative_strength_positive': True, 'near_52w_high': True}",weakening,weakening,100.64,98.09,0.04,-0.26,False,False,2026-09-07 ratio=100.59 momentum=98.34; 2026-09-08 ratio=100.63 momentum=99.04; 2026-09-09 ratio=101.25 momentum=100.62; 2026-09-10 ratio=100.84 momentum=104.88; 2026-09-11 ratio=100.64 momentum=98.09,108.86
stock,Delhivery,DELHIVERY.NS,Logistics Solution Provider,Services,32894.02,0.0,31.91,-64.95,2930.73,27.76,275.77,1.01,,not_stage_2,2,439.0,456.65,1.12,0.01876,"{'price_above_30w_ma': False, '30w_ma_rising': True, 'price_above_10w_ma': False, 'relative_strength_positive': False, 'near_52w_high': True}",lagging,improving,99.07,97.58,-0.36,-4.08,False,False,2026-09-04 ratio=99.43 momentum=101.66; 2026-09-08 ratio=99.53 momentum=102.82; 2026-09-09 ratio=99.55 momentum=103.48; 2026-09-10 ratio=99.38 momentum=103.67; 2026-09-11 ratio=99.07 momentum=97.58,42.24
stock,Shadowfax Technologies,SHADOWFAX.NS,Logistics Solution Provider,Services,14871.74,0.0,66.2,624.29,1323.85,66.33,86.35,10.3,,insufficient_data,0,,,,,{},leading,weakening,101.27,101.87,0.22,4.26,True,False,2026-09-07 ratio=101.05 momentum=97.61; 2026-09-08 ratio=101.07 momentum=98.62; 2026-09-09 ratio=101.24 momentum=100.79; 2026-09-10 ratio=101.37 momentum=103.20; 2026-09-11 ratio=101.27 momentum=101.87,45.7
stock,Blue Dart Expres,BLUEDART.NS,Logistics Solution Provider,Services,11463.73,0.52,88.49,81.22,1657.72,14.97,35.36,15.77,,not_stage_2,0,4830.9,5093.87,-1.64,0.20647,"{'price_above_30w_ma': False, '30w_ma_rising': False, 'price_above_10w_ma': False, 'relative_strength_positive': False, 'near_52w_high': False}",lagging,weakening,99.77,99.14,-0.63,-0.3,False,False,2026-09-04 ratio=100.40 momentum=99.44; 2026-09-08 ratio=100.84 momentum=100.74; 2026-09-09 ratio=100.66 momentum=101.95; 2026-09-10 ratio=100.12 momentum=100.18; 2026-09-11 ratio=99.77 momentum=99.14,0.0
stock,Shiprocket,SHIPROCKET.NS,Logistics Solution Provider,Services,9748.81,0.0,-13.71,23.96,592.09,33.81,,-2.68,,insufficient_data,0,,,,,{},insufficient_data,insufficient_data,,,,,False,False,,0.0
stock,Transport Corp.,TCI.NS,Logistics Solution Provider,Services,6598.64,1.16,106.6,-0.75,1248.5,9.58,14.45,19.45,,not_stage_2,0,858.85,940.67,-2.3,0.03671,"{'price_above_30w_ma': False, '30w_ma_rising': False, 'price_above_10w_ma': False, 'relative_strength_positive': False, 'near_52w_high': False}",improving,lagging,98.73,100.29,0.67,1.67,False,True,2026-09-04 ratio=98.06 momentum=98.62; 2026-09-08 ratio=98.83 momentum=101.21; 2026-09-09 ratio=99.03 momentum=102.67; 2026-09-10 ratio=98.43 momentum=99.61; 2026-09-11 ratio=98.73 momentum=100.29,1.45
stock,TVS Supply,TVSSCS.NS,Logistics Solution Provider,Services,5757.53,0.0,22.48,-84.26,3335.22,28.66,81.24,10.06,,stage_2,4,130.49,122.27,2.56,0.00558,"{'price_above_30w_ma': True, '30w_ma_rising': True, 'price_above_10w_ma': False, 'relative_strength_positive': True, 'near_52w_high': True}",leading,improving,100.49,101.62,0.59,-2.95,False,False,2026-09-04 ratio=99.90 momentum=104.57; 2026-09-08 ratio=99.60 momentum=99.44; 2026-09-09 ratio=99.35 momentum=98.09; 2026-09-10 ratio=100.07 momentum=100.78; 2026-09-11 ratio=100.49 momentum=101.62,140.67
stock,VRL Logistics,VRLLOG.NS,Logistics Solution Provider,Services,5043.43,1.73,80.53,60.93,878.84,18.07,18.87,18.27,,stage_2,5,288.3,257.53,0.98,0.01232,"{'price_above_30w_ma': True, '30w_ma_rising': True, 'price_above_10w_ma': True, 'relative_strength_positive': True, 'near_52w_high': True}",weakening,weakening,100.99,97.86,-0.29,-1.35,False,False,2026-09-04 ratio=101.28 momentum=99.22; 2026-09-08 ratio=101.21 momentum=99.13; 2026-09-09 ratio=101.06 momentum=98.69; 2026-09-10 ratio=101.01 momentum=99.30; 2026-09-11 ratio=100.99 momentum=97.86,131.91
stock,Mahindra Logis.,MAHLOG.NS,Logistics Solution Provider,Services,3943.3,0.63,27.83,335.09,2002.88,23.29,100.07,7.36,,stage_2,4,397.2,384.84,1.59,0.01698,"{'price_above_30w_ma': True, '30w_ma_rising': True, 'price_above_10w_ma': False, 'relative_strength_positive': True, 'near_52w_high': True}",leading,leading,101.0,101.39,-0.14,0.09,False,False,2026-09-04 ratio=101.14 momentum=101.30; 2026-09-08 ratio=101.86 momentum=101.78; 2026-09-09 ratio=101.46 momentum=101.52; 2026-09-10 ratio=101.20 momentum=101.07; 2026-09-11 ratio=101.00 momentum=101.39,140.13
stock,Gateway Distri,GATEWAY.NS,Logistics Solution Provider,Services,2665.6,3.75,51.26,-20.79,549.3,-0.21,10.87,10.83,,not_stage_2,1,53.35,56.7,-1.13,0.00228,"{'price_above_30w_ma': False, '30w_ma_rising': False, 'price_above_10w_ma': False, 'relative_strength_positive': False, 'near_52w_high': True}",improving,improving,99.41,102.12,0.02,-1.08,False,False,2026-09-04 ratio=99.39 momentum=103.20; 2026-09-08 ratio=99.34 momentum=102.40; 2026-09-09 ratio=99.39 momentum=103.59; 2026-09-10 ratio=99.43 momentum=102.85; 2026-09-11 ratio=99.41 momentum=102.12,30.6
stock,Castrol India,CASTROLIND.NS,Lubricants,"Oil, Gas & Consumable Fuels",18598.47,4.65,347.7,42.5,1871.47,25.03,17.24,60.27,,stage_2,5,188.03,184.64,0.24,0.00804,"{'price_above_30w_ma': True, '30w_ma_rising': True, 'price_above_10w_ma': True, 'relative_strength_positive': True, 'near_52w_high': True}",leading,leading,102.33,102.45,-0.23,0.42,False,False,2026-09-07 ratio=102.57 momentum=102.03; 2026-09-08 ratio=102.91 momentum=102.45; 2026-09-09 ratio=103.03 momentum=102.06; 2026-09-10 ratio=102.32 momentum=101.83; 2026-09-11 ratio=102.33 momentum=102.45,169.38
stock,Gulf Oil Lubric.,GULFOILLUB.NS,Lubricants,"Oil, Gas & Consumable Fuels",5256.35,4.81,127.52,31.93,1320.36,32.52,13.23,27.23,,stage_2,4,1060.7,1015.8,0.1,0.04533,"{'price_above_30w_ma': True, '30w_ma_rising': True, 'price_above_10w_ma': False, 'relative_strength_positive': True, 'near_52w_high': True}",lagging,lagging,99.95,97.67,0.38,0.98,False,False,2026-09-07 ratio=99.57 momentum=96.69; 2026-09-08 ratio=99.76 momentum=97.71; 2026-09-09 ratio=100.32 momentum=98.12; 2026-09-10 ratio=100.12 momentum=97.62; 2026-09-11 ratio=99.95 momentum=97.67,105.2
stock,Savita Oil Tech,SOTL.NS,Lubricants,"Oil, Gas & Consumable Fuels",4910.64,0.7,292.25,395.59,1479.77,49.6,11.5,13.96,,stage_2,5,716.25,501.41,10.44,0.03061,"{'price_above_30w_ma': True, '30w_ma_rising': True, 'price_above_10w_ma': True, 'relative_strength_positive': True, 'near_52w_high': True}",leading,leading,101.31,100.5,0.26,0.46,False,False,2026-09-07 ratio=101.06 momentum=100.04; 2026-09-08 ratio=100.73 momentum=99.78; 2026-09-09 ratio=100.92 momentum=99.40; 2026-09-10 ratio=100.99 momentum=100.07; 2026-09-11 ratio=101.31 momentum=100.50,174.93
stock,Panama Petrochem,PANAMAPET.NS,Lubricants,"Oil, Gas & Consumable Fuels",2922.75,0.62,308.91,624.8,1735.15,150.3,6.1,19.15,,stage_2,5,483.15,366.7,7.38,0.02065,"{'price_above_30w_ma': True, '30w_ma_rising': True, 'price_above_10w_ma': True, 'relative_strength_positive': True, 'near_52w_high': True}",leading,leading,100.95,102.85,0.13,2.77,False,False,2026-09-07 ratio=100.82 momentum=100.08; 2026-09-08 ratio=100.93 momentum=101.28; 2026-09-09 ratio=101.51 momentum=102.22; 2026-09-10 ratio=101.21 momentum=102.13; 2026-09-11 ratio=100.95 momentum=102.85,178.76
stock,Gandhar Oil Ref.,GANDHAR.NS,Lubricants,"Oil, Gas & Consumable Fuels",2669.17,0.73,205.89,633.09,1731.93,91.81,8.86,13.33,,stage_2,5,272.7,180.92,8.76,0.01165,"{'price_above_30w_ma': True, '30w_ma_rising': True, 'price_above_10w_ma': True, 'relative_strength_positive': True, 'near_52w_high': True}",leading,leading,101.58,103.72,0.27,3.54,False,False,2026-09-07 ratio=101.31 momentum=100.19; 2026-09-08 ratio=101.29 momentum=101.14; 2026-09-09 ratio=101.40 momentum=102.14; 2026-09-10 ratio=101.54 momentum=103.22; 2026-09-11 ratio=101.58 momentum=103.72,189.02
stock,Veedol Corporat,VEEDOL.NS,Lubricants,"Oil, Gas & Consumable Fuels",2489.02,4.06,77.92,56.88,608.57,18.49,11.32,24.09,,not_stage_2,3,1428.5,1422.94,0.32,0.06105,"{'price_above_30w_ma': True, '30w_ma_rising': True, 'price_above_10w_ma': False, 'relative_strength_positive': True, 'near_52w_high': False}",weakening,weakening,100.44,97.0,-0.48,-2.39,False,False,2026-09-04 ratio=100.92 momentum=99.39; 2026-09-08 ratio=100.75 momentum=100.79; 2026-09-09 ratio=100.62 momentum=102.15; 2026-09-10 ratio=100.55 momentum=95.79; 2026-09-11 ratio=100.44 momentum=97.00,62.84
stock,GP Petroleums,GULFPETRO.NS,Lubricants,"Oil, Gas & Consumable Fuels",326.71,0.78,21.19,229.04,230.33,45.6,7.51,10.84,,stage_2,5,64.08,41.02,12.07,0.00274,"{'price_above_30w_ma': True, '30w_ma_rising': True, 'price_above_10w_ma': True, 'relative_strength_positive': True, 'near_52w_high': True}",weakening,weakening,101.0,96.93,-0.23,-0.06,False,False,2026-09-04 ratio=101.23 momentum=96.98; 2026-09-08 ratio=101.13 momentum=95.37; 2026-09-09 ratio=101.34 momentum=96.70; 2026-09-10 ratio=101.16 momentum=96.02; 2026-09-11 ratio=101.00 momentum=96.93,154.14
stock,Arabian Petrol.,ARABIAN.NS,Lubricants,"Oil, Gas & Consumable Fuels",85.07,0.0,5.21,3.37,200.25,36.98,7.56,18.41,,stage_2,4,78.1,72.78,2.68,0.00334,"{'price_above_30w_ma': True, '30w_ma_rising': True, 'price_above_10w_ma': False, 'relative_strength_positive': True, 'near_52w_high': True}",weakening,leading,100.3,98.23,-0.94,-2.38,False,False,2026-09-04 ratio=101.24 momentum=100.60; 2026-09-08 ratio=101.30 momentum=100.47; 2026-09-09 ratio=101.18 momentum=100.96; 2026-09-10 ratio=100.67 momentum=98.80; 2026-09-11 ratio=100.30 momentum=98.23,111.86
stock,Sundrex Oil,SOCL.NS,Lubricants,"Oil, Gas & Consumable Fuels",38.84,0.0,2.9,-16.18,67.25,96.29,7.3,21.24,,insufficient_data,0,,,,,{},insufficient_data,insufficient_data,,,,,False,False,,0.0
stock,Venky's (India),VENKEYS.NS,Meat Products including Poultry,Fast Moving Consumer Goods,2517.69,0.56,49.99,215.79,1118.38,29.17,14.52,11.9,,stage_2,5,1787.2,1465.19,1.08,0.07638,"{'price_above_30w_ma': True, '30w_ma_rising': True, 'price_above_10w_ma': True, 'relative_strength_positive': True, 'near_52w_high': True}",leading,leading,103.13,102.6,0.92,-0.33,False,False,2026-09-04 ratio=102.21 momentum=102.92; 2026-09-08 ratio=102.87 momentum=101.88; 2026-09-09 ratio=102.62 momentum=101.66; 2026-09-10 ratio=102.51 momentum=100.68; 2026-09-11 ratio=103.13 momentum=102.60,175.81
stock,SKM Egg Prod.,SKMEGGPROD.NS,Meat Products including Poultry,Fast Moving Consumer Goods,1270.69,0.52,23.82,46.5,184.26,4.87,11.41,30.0,,not_stage_2,2,241.3,219.89,4.11,0.01031,"{'price_above_30w_ma': True, '30w_ma_rising': True, 'price_above_10w_ma': False, 'relative_strength_positive': False, 'near_52w_high': False}",lagging,lagging,99.2,99.1,0.07,0.57,False,False,2026-09-07 ratio=99.14 momentum=98.53; 2026-09-08 ratio=99.39 momentum=100.08; 2026-09-09 ratio=99.41 momentum=98.29; 2026-09-10 ratio=99.34 momentum=97.68; 2026-09-11 ratio=99.20 momentum=99.10,48.22
stock,HMA Agro Inds.,HMAAGRO.NS,Meat Products including Poultry,Fast Moving Consumer Goods,1005.04,1.49,50.51,6158.02,2110.32,87.98,4.68,15.99,,not_stage_2,0,20.07,23.17,-3.22,0.00086,"{'price_above_30w_ma': False, '30w_ma_rising': False, 'price_above_10w_ma': False, 'relative_strength_positive': False, 'near_52w_high': False}",improving,lagging,98.93,100.29,-0.29,4.33,False,False,2026-09-04 ratio=99.22 momentum=95.97; 2026-09-08 ratio=98.38 momentum=97.26; 2026-09-09 ratio=98.71 momentum=99.63; 2026-09-10 ratio=98.65 momentum=99.65; 2026-09-11 ratio=98.93 momentum=100.29,1.45
stock,Prime Focus,PFOCUS.NS,Media & Entertainment,"Media, Entertainment & Publication",24208.19,0.0,-45.78,-90.56,1266.81,23.81,135.61,11.28,,stage_2,5,310.85,278.31,2.98,0.01329,"{'price_above_30w_ma': True, '30w_ma_rising': True, 'price_above_10w_ma': True, 'relative_strength_positive': True, 'near_52w_high': True}",leading,leading,101.69,101.19,0.27,0.51,False,False,2026-09-04 ratio=101.43 momentum=100.68; 2026-09-08 ratio=101.83 momentum=100.75; 2026-09-09 ratio=102.05 momentum=101.57; 2026-09-10 ratio=101.83 momentum=101.07; 2026-09-11 ratio=101.69 momentum=101.19,165.36
stock,Saregama India,SAREGAMA.NS,Media & Entertainment,"Media, Entertainment & Publication",9746.52,0.89,51.88,40.64,263.6,27.48,42.71,17.29,,stage_2,5,505.5,423.48,5.43,0.0216,"{'price_above_30w_ma': True, '30w_ma_rising': True, 'price_above_10w_ma': True, 'relative_strength_positive': True, 'near_52w_high': True}",leading,lagging,100.95,102.2,1.2,3.45,True,False,2026-09-04 ratio=99.75 momentum=98.75; 2026-09-08 ratio=100.29 momentum=99.60; 2026-09-09 ratio=100.70 momentum=101.22; 2026-09-10 ratio=100.87 momentum=101.66; 2026-09-11 ratio=100.95 momentum=102.20,181.61
stock,Tips Music,TIPSMUSIC.NS,Media & Entertainment,"Media, Entertainment & Publication",8456.7,1.97,43.7,-4.67,106.51,20.94,39.4,118.47,,stage_2,4,661.55,623.3,2.22,0.02827,"{'price_above_30w_ma': True, '30w_ma_rising': True, 'price_above_10w_ma': False, 'relative_strength_positive': True, 'near_52w_high': True}",leading,improving,100.61,101.49,1.03,0.4,True,False,2026-09-04 ratio=99.58 momentum=101.10; 2026-09-08 ratio=99.64 momentum=102.06; 2026-09-09 ratio=100.11 momentum=103.10; 2026-09-10 ratio=100.37 momentum=102.44; 2026-09-11 ratio=100.61 momentum=101.49,149.94
stock,Netwrk.18 Media,NETWORK18.NS,Media & Entertainment,"Media, Entertainment & Publication",4107.89,0.0,-38.36,-2074.55,516.26,10.34,,3.01,,not_stage_2,0,26.64,31.56,-3.64,0.00114,"{'price_above_30w_ma': False, '30w_ma_rising': False, 'price_above_10w_ma': False, 'relative_strength_positive': False, 'near_52w_high': False}",lagging,lagging,98.55,97.95,-0.32,-0.27,False,False,2026-09-07 ratio=98.87 momentum=98.22; 2026-09-08 ratio=98.79 momentum=97.91; 2026-09-09 ratio=98.71 momentum=96.23; 2026-09-10 ratio=98.61 momentum=97.50; 2026-09-11 ratio=98.55 momentum=97.95,0.0
stock,Balaji Telefilms,BALAJITELE.NS,Media & Entertainment,"Media, Entertainment & Publication",1104.8,0.0,22.39,489.25,240.29,229.93,,-9.54,,not_stage_2,3,90.63,93.05,0.8,0.00387,"{'price_above_30w_ma': False, '30w_ma_rising': True, 'price_above_10w_ma': True, 'relative_strength_positive': True, 'near_52w_high': False}",weakening,weakening,100.85,98.24,-0.07,1.36,False,False,2026-09-07 ratio=100.92 momentum=96.88; 2026-09-08 ratio=101.42 momentum=99.42; 2026-09-09 ratio=101.43 momentum=98.82; 2026-09-10 ratio=101.09 momentum=99.18; 2026-09-11 ratio=100.85 momentum=98.24,65.85
stock,Basilic Fly Stud,BASILIC.NS,Media & Entertainment,"Media, Entertainment & Publication",482.81,0.0,6.7,-9.37,103.5,9.87,10.03,22.32,,not_stage_2,1,191.1,209.72,-4.61,0.00817,"{'price_above_30w_ma': False, '30w_ma_rising': False, 'price_above_10w_ma': False, 'relative_strength_positive': True, 'near_52w_high': False}",leading,improving,100.31,103.56,1.05,2.84,True,False,2026-09-04 ratio=99.26 momentum=100.72; 2026-09-08 ratio=99.14 momentum=99.99; 2026-09-09 ratio=100.02 momentum=102.21; 2026-09-10 ratio=100.59 momentum=103.76; 2026-09-11 ratio=100.31 momentum=103.56,69.35
stock,Ent.Network,ENIL.NS,Media & Entertainment,"Media, Entertainment & Publication",482.62,1.98,-6.01,-11.5,113.69,-2.79,361.19,-0.75,,not_stage_2,1,101.24,107.99,-1.15,0.00433,"{'price_above_30w_ma': False, '30w_ma_rising': False, 'price_above_10w_ma': False, 'relative_strength_positive': True, 'near_52w_high': False}",leading,improving,100.03,100.54,0.33,-0.97,False,False,2026-09-04 ratio=99.70 momentum=101.51; 2026-09-08 ratio=99.27 momentum=101.45; 2026-09-09 ratio=99.77 momentum=101.97; 2026-09-10 ratio=100.08 momentum=99.39; 2026-09-11 ratio=100.03 momentum=100.54,42.85
stock,Shemaroo Entert.,SHEMAROO.NS,Media & Entertainment,"Media, Entertainment & Publication",346.4,0.0,-8.07,82.43,131.68,-5.62,,-39.34,,stage_2,4,120.57,110.96,3.09,0.00515,"{'price_above_30w_ma': True, '30w_ma_rising': True, 'price_above_10w_ma': False, 'relative_strength_positive': True, 'near_52w_high': True}",weakening,leading,100.05,97.58,-0.67,-3.6,False,False,2026-09-04 ratio=100.72 momentum=101.19; 2026-09-08 ratio=100.77 momentum=102.48; 2026-09-09 ratio=100.59 momentum=100.05; 2026-09-10 ratio=100.27 momentum=98.48; 2026-09-11 ratio=100.05 momentum=97.58,111.43
stock,Optimystix Entertainment,OPTIMYSTIX.NS,Media & Entertainment,"Media, Entertainment & Publication",344.38,0.0,,,,,14.37,27.26,,insufficient_data,0,,,,,{},insufficient_data,insufficient_data,,,,,False,False,,0.0
stock,Gretex Industrie,GRETEX.NS,Media & Entertainment,"Media, Entertainment & Publication",333.38,0.0,0.1,-92.09,27.6,43.97,238.13,3.01,,not_stage_2,1,215.0,274.73,2.66,0.00919,"{'price_above_30w_ma': False, '30w_ma_rising': True, 'price_above_10w_ma': False, 'relative_strength_positive': False, 'near_52w_high': False}",lagging,lagging,97.11,97.09,0.5,0.03,False,False,2026-09-04 ratio=96.61 momentum=97.06; 2026-09-08 ratio=96.48 momentum=96.94; 2026-09-09 ratio=96.98 momentum=97.03; 2026-09-10 ratio=97.26 momentum=97.83; 2026-09-11 ratio=97.11 momentum=97.09,25.32
stock,Poly Medicure,POLYMED.NS,Medical Equipment & Supplies,Healthcare,17621.69,0.2,85.28,-7.57,525.38,30.3,55.06,12.5,,stage_2,5,1738.5,1527.33,2.47,0.0743,"{'price_above_30w_ma': True, '30w_ma_rising': True, 'price_above_10w_ma': True, 'relative_strength_positive': True, 'near_52w_high': True}",leading,weakening,101.41,101.53,1.1,2.25,True,False,2026-09-07 ratio=100.31 momentum=99.28; 2026-09-08 ratio=101.07 momentum=101.03; 2026-09-09 ratio=101.19 momentum=101.75; 2026-09-10 ratio=101.54 momentum=102.20; 2026-09-11 ratio=101.41 momentum=101.53,174.64
stock,Molbio Diagnosti,MOLBIO.NS,Medical Equipment & Supplies,Healthcare,16573.82,0.0,52.75,347.79,408.38,309.57,66.39,18.48,,insufficient_data,0,,,,,{},insufficient_data,insufficient_data,,,,,False,False,,0.0
stock,Fischer Medical,FISCHER.NS,Medical Equipment & Supplies,Healthcare,2506.18,0.14,3.79,-22.02,81.92,249.49,102.38,11.38,,not_stage_2,0,35.87,37.5,-1.24,0.00153,"{'price_above_30w_ma': False, '30w_ma_rising': False, 'price_above_10w_ma': False, 'relative_strength_positive': False, 'near_52w_high': False}",improving,lagging,99.52,102.26,0.71,2.55,False,True,2026-09-07 ratio=98.82 momentum=99.71; 2026-09-08 ratio=98.84 momentum=99.44; 2026-09-09 ratio=98.45 momentum=99.67; 2026-09-10 ratio=98.56 momentum=100.65; 2026-09-11 ratio=99.52 momentum=102.26,11.3
stock,Q-Line Biotech,QLINE.NS,Medical Equipment & Supplies,Healthcare,1694.09,0.0,34.41,147.29,197.94,-8.59,29.99,22.46,,insufficient_data,0,,,,,{},insufficient_data,insufficient_data,,,,,False,False,,0.0
stock,Tarsons Products,TARSONS.NS,Medical Equipment & Supplies,Healthcare,1655.78,0.0,-1.44,-180.9,110.24,20.67,139.85,4.59,,not_stage_2,3,311.2,247.69,7.39,0.0133,"{'price_above_30w_ma': True, '30w_ma_rising': True, 'price_above_10w_ma': False, 'relative_strength_positive': False, 'near_52w_high': True}",weakening,weakening,100.12,97.91,-0.9,-0.16,False,False,2026-09-04 ratio=101.02 momentum=98.07; 2026-09-08 ratio=100.71 momentum=96.70; 2026-09-09 ratio=100.64 momentum=96.88; 2026-09-10 ratio=100.41 momentum=96.71; 2026-09-11 ratio=100.12 momentum=97.91,75.38
stock,Laxmi Dental,LAXMIDENTL.NS,Medical Equipment & Supplies,Healthcare,1116.22,0.0,10.32,22.77,74.7,13.87,32.09,14.86,,not_stage_2,2,202.84,205.18,0.13,0.00867,"{'price_above_30w_ma': False, '30w_ma_rising': True, 'price_above_10w_ma': False, 'relative_strength_positive': True, 'near_52w_high': False}",leading,improving,100.01,102.36,0.91,-0.58,False,False,2026-09-07 ratio=99.10 momentum=102.94; 2026-09-08 ratio=99.39 momentum=104.16; 2026-09-09 ratio=99.76 momentum=103.36; 2026-09-10 ratio=99.88 momentum=103.27; 2026-09-11 ratio=100.01 momentum=102.36,72.11
stock,Vasa Denticity,DENTALKART.NS,Medical Equipment & Supplies,Healthcare,676.4,0.0,4.19,45.99,82.17,36.9,55.9,9.21,,not_stage_2,0,390.0,404.72,-5.19,0.01667,"{'price_above_30w_ma': False, '30w_ma_rising': False, 'price_above_10w_ma': False, 'relative_strength_positive': False, 'near_52w_high': False}",weakening,leading,100.08,97.62,-0.86,-4.68,False,False,2026-09-04 ratio=100.94 momentum=102.30; 2026-09-08 ratio=100.74 momentum=99.56; 2026-09-09 ratio=100.61 momentum=98.71; 2026-09-10 ratio=100.03 momentum=95.14; 2026-09-11 ratio=100.08 momentum=97.62,0.4
stock,OSEL Devices,OSELDEVICE.NS,Medical Equipment & Supplies,Healthcare,662.23,0.0,14.06,16.78,145.81,47.1,22.64,24.4,,insufficient_data,0,,,,,{},insufficient_data,insufficient_data,,,,,False,False,,0.0
stock,Nureca,NURECA.NS,Medical Equipment & Supplies,Healthcare,317.51,0.0,3.07,279.01,40.34,18.02,73.16,3.3,,stage_2,5,332.75,276.77,2.15,0.01422,"{'price_above_30w_ma': True, '30w_ma_rising': True, 'price_above_10w_ma': True, 'relative_strength_positive': True, 'near_52w_high': True}",leading,leading,101.0,100.97,0.3,0.5,False,False,2026-09-04 ratio=100.70 momentum=100.47; 2026-09-08 ratio=100.64 momentum=100.87; 2026-09-09 ratio=101.10 momentum=103.76; 2026-09-10 ratio=101.30 momentum=104.29; 2026-09-11 ratio=101.00 momentum=100.97,159.15
stock,QMS Medical,QMSMEDI.NS,Medical Equipment & Supplies,Healthcare,305.49,0.32,3.96,24.57,56.87,22.3,28.42,13.23,,stage_2,5,157.98,101.51,9.6,0.00675,"{'price_above_30w_ma': True, '30w_ma_rising': True, 'price_above_10w_ma': True, 'relative_strength_positive': True, 'near_52w_high': True}",weakening,weakening,101.74,97.84,-0.22,2.67,False,False,2026-09-04 ratio=101.97 momentum=95.16; 2026-09-08 ratio=101.76 momentum=96.68; 2026-09-09 ratio=101.58 momentum=96.86; 2026-09-10 ratio=101.43 momentum=96.40; 2026-09-11 ratio=101.74 momentum=97.84,152.9
stock,CreditAcc. Gram.,CREDITACC.NS,Microfinance Institutions,Financial Services,22856.2,0.0,493.39,719.72,1783.49,21.92,18.88,9.98,,not_stage_2,3,1424.2,1359.01,1.18,0.06087,"{'price_above_30w_ma': True, '30w_ma_rising': True, 'price_above_10w_ma': False, 'relative_strength_positive': False, 'near_52w_high': True}",improving,lagging,99.43,101.55,0.3,2.73,False,True,2026-09-04 ratio=99.13 momentum=98.82; 2026-09-08 ratio=98.94 momentum=100.47; 2026-09-09 ratio=98.82 momentum=101.50; 2026-09-10 ratio=98.93 momentum=100.58; 2026-09-11 ratio=99.43 momentum=101.55,70.11
stock,Muthoot Microfin,MUTHOOTMF.NS,Microfinance Institutions,Financial Services,3349.83,0.0,81.34,1216.18,668.64,19.69,13.65,9.31,,not_stage_2,3,196.48,193.28,1.62,0.0084,"{'price_above_30w_ma': True, '30w_ma_rising': True, 'price_above_10w_ma': False, 'relative_strength_positive': False, 'near_52w_high': True}",lagging,lagging,98.97,99.24,0.21,1.38,False,False,2026-09-07 ratio=98.76 momentum=97.86; 2026-09-08 ratio=99.05 momentum=99.18; 2026-09-09 ratio=98.93 momentum=97.54; 2026-09-10 ratio=98.88 momentum=99.64; 2026-09-11 ratio=98.97 momentum=99.24,63.24
stock,Fusion Finance,FUSION.NS,Microfinance Institutions,Financial Services,3071.79,0.0,62.41,167.65,458.17,3.59,18.23,5.92,,not_stage_2,3,189.72,188.64,0.96,0.00811,"{'price_above_30w_ma': True, '30w_ma_rising': True, 'price_above_10w_ma': False, 'relative_strength_positive': False, 'near_52w_high': True}",lagging,improving,98.92,98.65,-0.74,-1.52,False,False,2026-09-04 ratio=99.66 momentum=100.17; 2026-09-08 ratio=99.71 momentum=99.93; 2026-09-09 ratio=99.26 momentum=99.03; 2026-09-10 ratio=98.91 momentum=96.33; 2026-09-11 ratio=98.92 momentum=98.65,61.92
stock,Satin Creditcare,SATIN.NS,Microfinance Institutions,Financial Services,2393.68,0.0,122.65,172.0,762.14,8.39,5.84,13.84,,not_stage_2,3,216.68,204.38,4.42,0.00926,"{'price_above_30w_ma': True, '30w_ma_rising': True, 'price_above_10w_ma': False, 'relative_strength_positive': False, 'near_52w_high': True}",improving,improving,99.17,100.85,0.17,-0.87,False,False,2026-09-04 ratio=99.00 momentum=101.72; 2026-09-08 ratio=98.98 momentum=101.52; 2026-09-09 ratio=98.98 momentum=103.19; 2026-09-10 ratio=99.12 momentum=100.77; 2026-09-11 ratio=99.17 momentum=100.85,73.09
stock,Spandana Sphoort,SPANDANA.NS,Microfinance Institutions,Financial Services,1678.31,0.0,11.88,103.3,283.91,-5.51,,-5.78,,not_stage_2,1,235.37,246.87,-0.46,0.01006,"{'price_above_30w_ma': False, '30w_ma_rising': False, 'price_above_10w_ma': False, 'relative_strength_positive': False, 'near_52w_high': True}",improving,improving,99.19,102.04,0.15,-0.54,False,False,2026-09-04 ratio=99.04 momentum=102.59; 2026-09-08 ratio=99.17 momentum=103.28; 2026-09-09 ratio=98.99 momentum=102.00; 2026-09-10 ratio=98.99 momentum=99.80; 2026-09-11 ratio=99.19 momentum=102.04,30.2
stock,Bajaj Finance,BAJFINANCE.NS,Non Banking Financial Company (NBFC),Financial Services,644074.97,0.52,6080.6,27.37,23165.45,18.65,31.45,10.87,,stage_2,4,1034.5,972.05,1.41,0.04421,"{'price_above_30w_ma': True, '30w_ma_rising': True, 'price_above_10w_ma': False, 'relative_strength_positive': True, 'near_52w_high': True}",weakening,weakening,100.02,95.63,-0.39,-3.57,False,False,2026-09-07 ratio=100.42 momentum=99.20; 2026-09-08 ratio=100.40 momentum=98.79; 2026-09-09 ratio=100.19 momentum=97.57; 2026-09-10 ratio=100.23 momentum=96.65; 2026-09-11 ratio=100.02 momentum=95.63,107.92
stock,Shriram Finance,SHRIRAMFIN.NS,Non Banking Financial Company (NBFC),Financial Services,242034.21,1.05,3452.77,59.89,13400.43,16.16,21.38,11.49,,not_stage_2,3,1028.6,1012.02,0.65,0.04396,"{'price_above_30w_ma': True, '30w_ma_rising': True, 'price_above_10w_ma': False, 'relative_strength_positive': False, 'near_52w_high': True}",lagging,lagging,99.73,98.35,0.24,0.76,False,False,2026-09-07 ratio=99.49 momentum=97.59; 2026-09-08 ratio=99.44 momentum=96.84; 2026-09-09 ratio=99.70 momentum=97.41; 2026-09-10 ratio=99.90 momentum=97.91; 2026-09-11 ratio=99.73 momentum=98.35,61.3
stock,Cholaman.Inv.&Fn,CHOLAFIN.NS,Non Banking Financial Company (NBFC),Financial Services,157652.04,0.11,1656.22,45.56,8856.29,21.87,27.41,9.71,,stage_2,5,1845.9,1668.5,1.39,0.07889,"{'price_above_30w_ma': True, '30w_ma_rising': True, 'price_above_10w_ma': True, 'relative_strength_positive': True, 'near_52w_high': True}",leading,weakening,101.48,100.52,0.8,1.04,True,False,2026-09-04 ratio=100.69 momentum=99.49; 2026-09-08 ratio=100.76 momentum=100.37; 2026-09-09 ratio=101.20 momentum=100.84; 2026-09-10 ratio=101.70 momentum=101.66; 2026-09-11 ratio=101.48 momentum=100.52,167.78
stock,Tata Capital,TATACAP.NS,Non Banking Financial Company (NBFC),Financial Services,154046.3,0.16,1628.18,56.32,8821.93,15.1,28.34,8.58,,stage_2,4,362.9,339.4,0.84,0.01551,"{'price_above_30w_ma': True, '30w_ma_rising': True, 'price_above_10w_ma': False, 'relative_strength_positive': True, 'near_52w_high': True}",weakening,leading,101.39,97.94,-0.35,-3.77,False,False,2026-09-07 ratio=101.74 momentum=101.71; 2026-09-08 ratio=101.73 momentum=103.10; 2026-09-09 ratio=101.46 momentum=99.84; 2026-09-10 ratio=101.33 momentum=97.09; 2026-09-11 ratio=101.39 momentum=97.94,113.63
stock,Muthoot Finance,MUTHOOTFIN.NS,Non Banking Financial Company (NBFC),Financial Services,112094.01,1.07,2824.84,38.83,8671.6,34.44,9.86,15.8,,not_stage_2,0,2792.1,3195.72,-3.14,0.11933,"{'price_above_30w_ma': False, '30w_ma_rising': False, 'price_above_10w_ma': False, 'relative_strength_positive': False, 'near_52w_high': False}",lagging,lagging,99.06,93.64,-0.35,-3.64,False,False,2026-09-07 ratio=99.41 momentum=97.28; 2026-09-08 ratio=99.78 momentum=97.68; 2026-09-09 ratio=99.20 momentum=95.27; 2026-09-10 ratio=99.41 momentum=96.80; 2026-09-11 ratio=99.06 momentum=93.64,0.0
stock,L&T Finance Ltd,LTF.NS,Non Banking Financial Company (NBFC),Financial Services,77471.36,0.89,915.99,28.72,5212.92,22.38,24.19,8.4,,stage_2,4,309.1,290.4,1.28,0.01321,"{'price_above_30w_ma': True, '30w_ma_rising': True, 'price_above_10w_ma': False, 'relative_strength_positive': True, 'near_52w_high': True}",leading,weakening,100.69,101.09,0.24,1.25,True,False,2026-09-07 ratio=100.45 momentum=99.84; 2026-09-08 ratio=100.09 momentum=98.72; 2026-09-09 ratio=100.81 momentum=99.38; 2026-09-10 ratio=100.83 momentum=99.17; 2026-09-11 ratio=100.69 momentum=101.09,146.46
stock,SBI Cards,SBICARD.NS,Non Banking Financial Company (NBFC),Financial Services,62351.66,0.38,664.44,19.51,5040.55,3.36,27.41,10.1,,not_stage_2,2,655.2,655.27,-2.18,0.028,"{'price_above_30w_ma': False, '30w_ma_rising': False, 'price_above_10w_ma': True, 'relative_strength_positive': True, 'near_52w_high': False}",leading,leading,101.59,101.07,0.11,-0.14,False,False,2026-09-04 ratio=101.48 momentum=101.21; 2026-09-08 ratio=102.19 momentum=101.95; 2026-09-09 ratio=102.34 momentum=102.08; 2026-09-10 ratio=102.07 momentum=100.86; 2026-09-11 ratio=101.59 momentum=101.07,73.3
stock,HDB FINANC SER,HDBFS.NS,Non Banking Financial Company (NBFC),Financial Services,55594.79,0.6,785.2,38.31,4937.9,10.58,20.14,9.09,,not_stage_2,1,669.2,677.05,-0.53,0.0286,"{'price_above_30w_ma': False, '30w_ma_rising': False, 'price_above_10w_ma': False, 'relative_strength_positive': False, 'near_52w_high': True}",improving,improving,99.74,102.25,-0.05,0.33,False,False,2026-09-07 ratio=99.80 momentum=101.92; 2026-09-08 ratio=99.91 momentum=102.53; 2026-09-09 ratio=99.87 momentum=101.85; 2026-09-10 ratio=99.94 momentum=101.85; 2026-09-11 ratio=99.74 momentum=102.25,31.25
stock,Sundaram Finance,SUNDARMFIN.NS,Non Banking Financial Company (NBFC),Financial Services,52337.7,0.85,636.19,33.88,2644.13,12.57,22.98,9.44,,not_stage_2,4,4710.7,4662.4,-1.8,0.20133,"{'price_above_30w_ma': True, '30w_ma_rising': False, 'price_above_10w_ma': True, 'relative_strength_positive': True, 'near_52w_high': True}",leading,leading,102.51,101.08,0.67,-1.59,False,False,2026-09-04 ratio=101.83 momentum=102.66; 2026-09-08 ratio=102.87 momentum=103.49; 2026-09-09 ratio=103.07 momentum=103.44; 2026-09-10 ratio=102.51 momentum=102.44; 2026-09-11 ratio=102.51 momentum=101.08,117.95
stock,M & M Fin. Serv.,M&MFIN.NS,Non Banking Financial Company (NBFC),Financial Services,49511.66,2.11,927.48,75.43,5717.91,14.57,14.77,8.72,,not_stage_2,3,356.15,334.62,0.08,0.01522,"{'price_above_30w_ma': True, '30w_ma_rising': True, 'price_above_10w_ma': False, 'relative_strength_positive': False, 'near_52w_high': True}",lagging,weakening,99.91,97.07,-0.56,-1.55,False,False,2026-09-07 ratio=100.46 momentum=98.62; 2026-09-08 ratio=100.59 momentum=99.25; 2026-09-09 ratio=100.27 momentum=96.60; 2026-09-10 ratio=100.02 momentum=95.53; 2026-09-11 ratio=99.91 momentum=97.07,60.16
stock,Dolphin Offshore,DOLPHIN.NS,Offshore Support Solution Drilling,"Oil, Gas & Consumable Fuels",2596.3,0.0,14.81,30.71,42.85,160.64,36.05,14.92,,stage_2,5,649.0,437.03,7.29,0.02774,"{'price_above_30w_ma': True, '30w_ma_rising': True, 'price_above_10w_ma': True, 'relative_strength_positive': True, 'near_52w_high': True}",weakening,weakening,101.55,97.33,-0.53,0.46,False,False,2026-09-04 ratio=102.08 momentum=96.87; 2026-09-08 ratio=102.13 momentum=98.66; 2026-09-09 ratio=102.02 momentum=99.26; 2026-09-10 ratio=101.65 momentum=98.10; 2026-09-11 ratio=101.55 momentum=97.33,147.33
stock,Jindal Drilling,JINDRILL.NS,Offshore Support Solution Drilling,"Oil, Gas & Consumable Fuels",1835.16,0.16,47.14,-28.69,275.39,8.38,9.42,13.67,,stage_2,5,633.25,567.96,3.85,0.02706,"{'price_above_30w_ma': True, '30w_ma_rising': True, 'price_above_10w_ma': True, 'relative_strength_positive': True, 'near_52w_high': True}",weakening,leading,101.22,99.82,-0.98,-1.04,False,False,2026-09-04 ratio=102.20 momentum=100.86; 2026-09-08 ratio=102.71 momentum=102.16; 2026-09-09 ratio=102.56 momentum=102.93; 2026-09-10 ratio=101.84 momentum=100.76; 2026-09-11 ratio=101.22 momentum=99.82,138.8
stock,Alphageo (India),ALPHAGEO.NS,Offshore Support Solution Drilling,"Oil, Gas & Consumable Fuels",197.47,1.61,14.86,1660.49,82.13,101.1,,-7.2,,stage_2,5,310.25,225.34,6.71,0.01326,"{'price_above_30w_ma': True, '30w_ma_rising': True, 'price_above_10w_ma': True, 'relative_strength_positive': True, 'near_52w_high': True}",weakening,weakening,101.1,98.02,-0.36,0.61,False,False,2026-09-04 ratio=101.46 momentum=97.41; 2026-09-08 ratio=101.44 momentum=98.31; 2026-09-09 ratio=101.46 momentum=98.98; 2026-09-10 ratio=101.33 momentum=98.13; 2026-09-11 ratio=101.10 momentum=98.02,143.92
stock,Aakash Explor.,AAKASH.NS,Offshore Support Solution Drilling,"Oil, Gas & Consumable Fuels",92.14,0.0,0.52,-3.7,27.89,16.89,26.48,7.63,,stage_2,5,9.1,8.82,1.48,0.00039,"{'price_above_30w_ma': True, '30w_ma_rising': True, 'price_above_10w_ma': True, 'relative_strength_positive': True, 'near_52w_high': True}",leading,improving,102.28,102.36,2.43,-0.06,False,False,2026-09-04 ratio=99.86 momentum=102.42; 2026-09-08 ratio=99.04 momentum=99.58; 2026-09-09 ratio=99.41 momentum=100.80; 2026-09-10 ratio=102.48 momentum=103.49; 2026-09-11 ratio=102.28 momentum=102.36,171.16
stock,Aban Offshore,ABAN.NS,Offshore Support Solution Drilling,"Oil, Gas & Consumable Fuels",83.99,0.0,1.8,100.73,99.12,-14.34,,,,not_stage_2,0,14.39,18.02,-4.31,0.00062,"{'price_above_30w_ma': False, '30w_ma_rising': False, 'price_above_10w_ma': False, 'relative_strength_positive': False, 'near_52w_high': False}",lagging,lagging,99.32,95.3,-0.27,-1.67,False,False,2026-09-04 ratio=99.59 momentum=96.96; 2026-09-08 ratio=99.39 momentum=96.10; 2026-09-09 ratio=99.55 momentum=96.90; 2026-09-10 ratio=99.32 momentum=95.51; 2026-09-11 ratio=99.32 momentum=95.30,0.0
stock,Deep Industries,DEEPINDS.NS,Oil Equipment & Services,"Oil, Gas & Consumable Fuels",4956.16,0.32,89.14,45.12,278.92,39.81,11.95,16.47,,stage_2,5,774.4,504.54,10.36,0.0331,"{'price_above_30w_ma': True, '30w_ma_rising': True, 'price_above_10w_ma': True, 'relative_strength_positive': True, 'near_52w_high': True}",leading,leading,101.69,101.0,-0.43,-0.25,False,False,2026-09-04 ratio=102.13 momentum=101.25; 2026-09-08 ratio=102.34 momentum=101.95; 2026-09-09 ratio=102.03 momentum=102.18; 2026-09-10 ratio=101.83 momentum=101.32; 2026-09-11 ratio=101.69 momentum=101.00,179.17
stock,Asian Energy,ASIANENE.NS,Oil Equipment & Services,"Oil, Gas & Consumable Fuels",2603.11,0.23,12.76,115.5,271.19,135.06,40.3,16.51,,stage_2,5,535.1,352.33,10.1,0.02287,"{'price_above_30w_ma': True, '30w_ma_rising': True, 'price_above_10w_ma': True, 'relative_strength_positive': True, 'near_52w_high': True}",weakening,weakening,101.94,97.91,-0.15,-0.52,False,False,2026-09-04 ratio=102.09 momentum=98.43; 2026-09-08 ratio=102.58 momentum=101.29; 2026-09-09 ratio=102.19 momentum=102.19; 2026-09-10 ratio=102.02 momentum=99.08; 2026-09-11 ratio=101.94 momentum=97.91,154.9
stock,Oil Country,OILCOUNTUB.NS,Oil Equipment & Services,"Oil, Gas & Consumable Fuels",318.18,0.0,-15.11,-71.51,17.44,-29.02,,-25.38,,stage_2,5,61.2,54.8,3.36,0.00262,"{'price_above_30w_ma': True, '30w_ma_rising': True, 'price_above_10w_ma': True, 'relative_strength_positive': True, 'near_52w_high': True}",leading,leading,101.19,100.0,-0.91,-1.84,False,False,2026-09-04 ratio=102.10 momentum=101.84; 2026-09-08 ratio=101.65 momentum=100.70; 2026-09-09 ratio=101.40 momentum=101.29; 2026-09-10 ratio=100.98 momentum=99.93; 2026-09-11 ratio=101.19 momentum=100.00,157.67
stock,Teja Engineering,TEJA.NS,Oil Equipment & Services,"Oil, Gas & Consumable Fuels",143.27,0.0,3.32,36.63,43.98,48.03,22.92,33.1,,insufficient_data,0,,,,,{},insufficient_data,insufficient_data,,,,,False,False,,0.0
stock,O N G C,ONGC.NS,Oil Exploration & Production,"Oil, Gas & Consumable Fuels",292491.49,5.7,6554.44,20.84,204987.35,25.68,6.69,14.15,,not_stage_2,2,232.5,261.58,-1.44,0.00994,"{'price_above_30w_ma': False, '30w_ma_rising': False, 'price_above_10w_ma': False, 'relative_strength_positive': True, 'near_52w_high': True}",improving,improving,99.94,102.73,0.37,1.76,False,True,2026-09-07 ratio=99.57 momentum=100.97; 2026-09-08 ratio=100.18 momentum=102.85; 2026-09-09 ratio=100.18 momentum=103.02; 2026-09-10 ratio=100.62 momentum=103.32; 2026-09-11 ratio=99.94 momentum=102.73,53.65
stock,Oil India,OIL.NS,Oil Exploration & Production,"Oil, Gas & Consumable Fuels",79671.25,2.35,4026.83,91.4,12503.32,57.7,9.54,11.51,,stage_2,5,489.8,465.55,0.27,0.02093,"{'price_above_30w_ma': True, '30w_ma_rising': True, 'price_above_10w_ma': True, 'relative_strength_positive': True, 'near_52w_high': True}",weakening,leading,101.72,99.66,-0.01,-0.35,False,False,2026-09-07 ratio=101.72 momentum=100.01; 2026-09-08 ratio=102.09 momentum=103.18; 2026-09-09 ratio=102.27 momentum=103.67; 2026-09-10 ratio=102.15 momentum=103.86; 2026-09-11 ratio=101.72 momentum=99.66,134.14
stock,Vedanta Oil and Gas,VOGL.NS,Oil Exploration & Production,"Oil, Gas & Consumable Fuels",14355.03,0.0,945.0,2691.59,2507.0,8.48,66.78,,,insufficient_data,0,,,,,{},weakening,weakening,100.43,96.42,0.31,-1.56,False,False,2026-09-07 ratio=100.12 momentum=97.98; 2026-09-08 ratio=100.05 momentum=98.63; 2026-09-09 ratio=100.04 momentum=97.07; 2026-09-10 ratio=100.12 momentum=95.12; 2026-09-11 ratio=100.43 momentum=96.42,2.15
stock,Antelopus Selan,ANTELOPUS.NS,Oil Exploration & Production,"Oil, Gas & Consumable Fuels",4006.22,0.0,54.32,450.71,131.04,158.82,28.58,19.92,,stage_2,5,1139.35,735.24,7.33,0.04869,"{'price_above_30w_ma': True, '30w_ma_rising': True, 'price_above_10w_ma': True, 'relative_strength_positive': True, 'near_52w_high': True}",leading,leading,102.96,102.19,0.0,0.51,False,False,2026-09-07 ratio=102.96 momentum=101.68; 2026-09-08 ratio=104.07 momentum=102.30; 2026-09-09 ratio=104.14 momentum=102.20; 2026-09-10 ratio=103.13 momentum=102.01; 2026-09-11 ratio=102.96 momentum=102.19,185.41
stock,Prabha Energy,PRABHA.NS,Oil Exploration & Production,"Oil, Gas & Consumable Fuels",3582.0,0.0,0.29,226.09,1.69,49.56,3256.36,-0.09,,stage_2,5,244.64,166.71,5.88,0.01046,"{'price_above_30w_ma': True, '30w_ma_rising': True, 'price_above_10w_ma': True, 'relative_strength_positive': True, 'near_52w_high': True}",weakening,weakening,101.99,99.59,-0.58,2.48,False,False,2026-09-07 ratio=102.57 momentum=97.12; 2026-09-08 ratio=102.68 momentum=100.71; 2026-09-09 ratio=102.33 momentum=99.44; 2026-09-10 ratio=102.18 momentum=99.81; 2026-09-11 ratio=101.99 momentum=99.59,146.71
stock,Hind.Oil Explor.,HINDOILEXP.NS,Oil Exploration & Production,"Oil, Gas & Consumable Fuels",2449.41,0.0,6.24,-47.91,114.18,45.17,97.51,3.49,,stage_2,5,185.22,155.79,1.93,0.00792,"{'price_above_30w_ma': True, '30w_ma_rising': True, 'price_above_10w_ma': True, 'relative_strength_positive': True, 'near_52w_high': True}",leading,leading,102.19,101.11,-1.63,-1.42,False,False,2026-09-07 ratio=103.82 momentum=102.53; 2026-09-08 ratio=103.78 momentum=102.66; 2026-09-09 ratio=103.54 momentum=102.92; 2026-09-10 ratio=102.52 momentum=100.93; 2026-09-11 ratio=102.19 momentum=101.11,165.36
stock,Guj.Nat.Resour.,GNRL.NS,Oil Exploration & Production,"Oil, Gas & Consumable Fuels",1599.84,0.0,11.35,488.08,5.72,70.75,82.85,7.25,,insufficient_data,0,,,,,{},insufficient_data,insufficient_data,,,,,False,False,,0.0
stock,L T Foods,LTFOODS.NS,Other Agricultural Products,Fast Moving Consumer Goods,15213.15,0.68,183.45,8.87,3151.83,27.92,23.76,17.74,,stage_2,5,438.1,403.72,1.64,0.01872,"{'price_above_30w_ma': True, '30w_ma_rising': True, 'price_above_10w_ma': True, 'relative_strength_positive': True, 'near_52w_high': True}",weakening,weakening,101.33,98.32,-0.48,3.59,False,False,2026-09-07 ratio=101.81 momentum=94.73; 2026-09-08 ratio=102.03 momentum=99.01; 2026-09-09 ratio=101.99 momentum=97.13; 2026-09-10 ratio=101.46 momentum=98.10; 2026-09-11 ratio=101.33 momentum=98.32,134.93
stock,KRBL,KRBL.NS,Other Agricultural Products,Fast Moving Consumer Goods,9637.41,1.07,260.74,73.16,1495.86,-5.59,12.71,15.16,,stage_2,5,421.05,359.42,2.78,0.018,"{'price_above_30w_ma': True, '30w_ma_rising': True, 'price_above_10w_ma': True, 'relative_strength_positive': True, 'near_52w_high': True}",weakening,weakening,101.5,95.98,-0.1,-3.07,False,False,2026-09-04 ratio=101.60 momentum=99.05; 2026-09-08 ratio=101.96 momentum=96.76; 2026-09-09 ratio=102.07 momentum=99.23; 2026-09-10 ratio=101.59 momentum=94.36; 2026-09-11 ratio=101.50 momentum=95.98,138.06
stock,Guj. Ambuja Exp,GAEL.NS,Other Agricultural Products,Fast Moving Consumer Goods,7480.0,0.18,176.77,171.87,1594.22,23.47,17.85,12.46,,stage_2,4,163.08,155.18,2.91,0.00697,"{'price_above_30w_ma': True, '30w_ma_rising': True, 'price_above_10w_ma': False, 'relative_strength_positive': True, 'near_52w_high': True}",weakening,weakening,100.31,99.9,-0.02,4.14,False,False,2026-09-07 ratio=100.33 momentum=95.76; 2026-09-08 ratio=100.59 momentum=97.45; 2026-09-09 ratio=100.62 momentum=98.78; 2026-09-10 ratio=100.43 momentum=99.54; 2026-09-11 ratio=100.31 momentum=99.90,112.37
stock,Kaveri Seed Co.,KSCL.NS,Other Agricultural Products,Fast Moving Consumer Goods,3682.27,0.7,279.84,-14.18,742.5,-13.51,14.75,18.79,,not_stage_2,0,715.85,844.99,-1.96,0.03059,"{'price_above_30w_ma': False, '30w_ma_rising': False, 'price_above_10w_ma': False, 'relative_strength_positive': False, 'near_52w_high': False}",lagging,improving,98.75,96.98,-0.1,-4.41,False,False,2026-09-04 ratio=98.85 momentum=101.39; 2026-09-08 ratio=98.75 momentum=99.72; 2026-09-09 ratio=98.78 momentum=98.47; 2026-09-10 ratio=98.72 momentum=97.75; 2026-09-11 ratio=98.75 momentum=96.98,0.0
stock,TruAlt Bioenergy,TRUALT.NS,Other Agricultural Products,Fast Moving Consumer Goods,3570.31,0.0,59.27,1108.25,626.88,106.29,22.83,10.44,,not_stage_2,2,416.35,445.65,1.32,0.01779,"{'price_above_30w_ma': False, '30w_ma_rising': True, 'price_above_10w_ma': False, 'relative_strength_positive': False, 'near_52w_high': True}",improving,lagging,99.37,100.8,0.07,1.94,False,True,2026-09-07 ratio=99.30 momentum=98.86; 2026-09-08 ratio=99.03 momentum=99.32; 2026-09-09 ratio=99.54 momentum=100.13; 2026-09-10 ratio=99.45 momentum=101.16; 2026-09-11 ratio=99.37 momentum=100.80,46.64
stock,Sanstar,SANSTAR.NS,Other Agricultural Products,Fast Moving Consumer Goods,2213.57,0.0,9.21,2808.82,206.16,21.51,50.31,5.69,,stage_2,5,110.53,101.99,2.5,0.00472,"{'price_above_30w_ma': True, '30w_ma_rising': True, 'price_above_10w_ma': True, 'relative_strength_positive': True, 'near_52w_high': True}",leading,leading,101.14,103.74,1.04,0.26,False,False,2026-09-07 ratio=100.10 momentum=103.48; 2026-09-08 ratio=100.25 momentum=103.40; 2026-09-09 ratio=100.41 momentum=102.21; 2026-09-10 ratio=99.89 momentum=101.19; 2026-09-11 ratio=101.14 momentum=103.74,174.4
stock,A C J K Exports,AEROPLANE.NS,Other Agricultural Products,Fast Moving Consumer Goods,2124.15,0.0,36.63,127.52,663.73,55.1,17.15,15.7,,insufficient_data,0,,,,,{},leading,leading,102.43,102.53,0.8,-0.01,False,False,2026-09-07 ratio=101.63 momentum=102.55; 2026-09-08 ratio=101.87 momentum=102.17; 2026-09-09 ratio=102.03 momentum=102.39; 2026-09-10 ratio=102.66 momentum=102.94; 2026-09-11 ratio=102.43 momentum=102.53,44.8
stock,GRM Overseas,GRMOVER.NS,Other Agricultural Products,Fast Moving Consumer Goods,1749.89,0.0,21.04,10.21,426.51,30.52,22.89,13.99,,not_stage_2,0,84.45,127.93,-7.49,0.00361,"{'price_above_30w_ma': False, '30w_ma_rising': False, 'price_above_10w_ma': False, 'relative_strength_positive': False, 'near_52w_high': False}",improving,improving,99.04,100.21,-0.31,-3.05,False,False,2026-09-04 ratio=99.35 momentum=103.26; 2026-09-08 ratio=99.82 momentum=100.91; 2026-09-09 ratio=100.04 momentum=102.04; 2026-09-10 ratio=99.81 momentum=101.29; 2026-09-11 ratio=99.04 momentum=100.21,1.05
stock,Chamanlal Setia,CLSEL.NS,Other Agricultural Products,Fast Moving Consumer Goods,1474.36,1.01,31.99,47.83,345.92,12.58,11.78,18.18,,stage_2,5,296.5,275.05,1.71,0.01267,"{'price_above_30w_ma': True, '30w_ma_rising': True, 'price_above_10w_ma': True, 'relative_strength_positive': True, 'near_52w_high': True}",leading,leading,101.35,100.86,-0.27,-0.83,False,False,2026-09-04 ratio=101.62 momentum=101.68; 2026-09-08 ratio=102.13 momentum=98.54; 2026-09-09 ratio=102.17 momentum=97.95; 2026-09-10 ratio=101.80 momentum=98.13; 2026-09-11 ratio=101.35 momentum=100.86,159.47
stock,AVT Natural Prod,AVTNPL.NS,Other Agricultural Products,Fast Moving Consumer Goods,1372.68,0.89,31.1,156.6,241.21,82.16,16.38,14.22,,stage_2,5,90.13,70.28,4.41,0.00385,"{'price_above_30w_ma': True, '30w_ma_rising': True, 'price_above_10w_ma': True, 'relative_strength_positive': True, 'near_52w_high': True}",weakening,weakening,101.64,99.03,-0.31,1.99,False,False,2026-09-04 ratio=101.95 momentum=97.04; 2026-09-08 ratio=101.87 momentum=97.47; 2026-09-09 ratio=102.07 momentum=99.21; 2026-09-10 ratio=101.74 momentum=98.32; 2026-09-11 ratio=101.64 momentum=99.03,142.02
stock,AU Small Finance,AUBANK.NS,Other Bank,Financial Services,79478.71,0.09,795.95,37.03,5302.74,21.11,27.83,7.66,,stage_2,4,1058.9,1008.95,1.25,0.04526,"{'price_above_30w_ma': True, '30w_ma_rising': True, 'price_above_10w_ma': False, 'relative_strength_positive': True, 'near_52w_high': True}",weakening,weakening,101.04,97.93,0.4,0.54,False,False,2026-09-04 ratio=100.64 momentum=97.39; 2026-09-08 ratio=101.28 momentum=97.93; 2026-09-09 ratio=101.10 momentum=96.15; 2026-09-10 ratio=100.82 momentum=94.44; 2026-09-11 ratio=101.04 momentum=97.93,112.7
stock,Ujjivan Small,UJJIVANSFB.NS,Other Bank,Financial Services,12770.73,0.0,316.54,206.67,2024.92,25.08,14.1,7.73,,not_stage_2,3,65.54,60.43,0.97,0.0028,"{'price_above_30w_ma': True, '30w_ma_rising': True, 'price_above_10w_ma': False, 'relative_strength_positive': False, 'near_52w_high': True}",lagging,lagging,99.98,98.68,0.49,1.71,False,False,2026-09-04 ratio=99.49 momentum=96.98; 2026-09-08 ratio=99.72 momentum=97.80; 2026-09-09 ratio=99.62 momentum=97.97; 2026-09-10 ratio=100.24 momentum=99.28; 2026-09-11 ratio=99.98 momentum=98.68,61.94
stock,Equitas Sma. Fin,EQUITASBNK.NS,Other Bank,Financial Services,8369.29,0.0,183.61,182.06,1960.4,18.89,16.4,6.43,,not_stage_2,3,73.15,69.62,1.06,0.00313,"{'price_above_30w_ma': True, '30w_ma_rising': True, 'price_above_10w_ma': False, 'relative_strength_positive': False, 'near_52w_high': True}",improving,lagging,99.78,102.6,0.75,8.88,False,True,2026-09-04 ratio=99.03 momentum=93.72; 2026-09-08 ratio=99.20 momentum=100.38; 2026-09-09 ratio=99.52 momentum=102.59; 2026-09-10 ratio=99.46 momentum=100.68; 2026-09-11 ratio=99.78 momentum=102.60,75.12
stock,Jana Small Finan,JSFB.NS,Other Bank,Financial Services,5465.82,0.0,155.23,52.29,1514.53,22.08,14.39,7.45,,not_stage_2,3,516.85,461.75,5.34,0.02209,"{'price_above_30w_ma': True, '30w_ma_rising': True, 'price_above_10w_ma': False, 'relative_strength_positive': False, 'near_52w_high': True}",lagging,weakening,99.95,97.67,-0.49,1.46,False,False,2026-09-07 ratio=100.44 momentum=96.21; 2026-09-08 ratio=100.53 momentum=96.44; 2026-09-09 ratio=100.47 momentum=98.95; 2026-09-10 ratio=99.88 momentum=96.26; 2026-09-11 ratio=99.95 momentum=97.67,70.68
stock,Utkarsh Small F.,UTKARSHBNK.NS,Other Bank,Financial Services,2583.87,0.0,-33.92,85.84,883.56,0.3,,1.46,,stage_2,4,14.52,13.8,0.84,0.00062,"{'price_above_30w_ma': True, '30w_ma_rising': True, 'price_above_10w_ma': True, 'relative_strength_positive': True, 'near_52w_high': False}",weakening,leading,100.75,99.6,0.26,-1.89,False,False,2026-09-04 ratio=100.49 momentum=101.49; 2026-09-08 ratio=103.23 momentum=103.50; 2026-09-09 ratio=103.42 momentum=103.12; 2026-09-10 ratio=101.19 momentum=100.13; 2026-09-11 ratio=100.75 momentum=99.60,110.43
stock,ESAF Small Fin,ESAFSFB.NS,Other Bank,Financial Services,2044.31,0.0,80.08,198.6,1097.77,32.54,,5.65,,stage_2,4,39.61,31.46,6.1,0.00169,"{'price_above_30w_ma': True, '30w_ma_rising': True, 'price_above_10w_ma': False, 'relative_strength_positive': True, 'near_52w_high': True}",weakening,weakening,100.47,94.21,-0.59,-3.64,False,False,2026-09-07 ratio=101.06 momentum=97.84; 2026-09-08 ratio=101.01 momentum=98.17; 2026-09-09 ratio=100.90 momentum=97.11; 2026-09-10 ratio=100.70 momentum=96.45; 2026-09-11 ratio=100.47 momentum=94.21,119.55
stock,Suryoday Small,SURYODAY.NS,Other Bank,Financial Services,1573.72,1.01,75.18,113.1,622.36,25.69,8.2,7.33,,not_stage_2,2,148.05,155.2,1.69,0.00633,"{'price_above_30w_ma': False, '30w_ma_rising': True, 'price_above_10w_ma': False, 'relative_strength_positive': False, 'near_52w_high': True}",improving,improving,99.05,100.7,0.06,0.21,False,True,2026-09-04 ratio=98.99 momentum=100.49; 2026-09-08 ratio=99.33 momentum=102.17; 2026-09-09 ratio=99.35 momentum=105.09; 2026-09-10 ratio=99.20 momentum=100.82; 2026-09-11 ratio=99.05 momentum=100.70,46.88
stock,Capital Small,CAPITALSFB.NS,Other Bank,Financial Services,1233.7,1.84,41.3,29.02,288.18,16.63,8.19,7.07,,not_stage_2,2,271.35,273.12,0.9,0.0116,"{'price_above_30w_ma': False, '30w_ma_rising': True, 'price_above_10w_ma': False, 'relative_strength_positive': False, 'near_52w_high': True}",lagging,lagging,98.56,99.38,-0.33,0.32,False,False,2026-09-07 ratio=98.89 momentum=99.06; 2026-09-08 ratio=98.99 momentum=98.64; 2026-09-09 ratio=99.65 momentum=103.46; 2026-09-10 ratio=98.48 momentum=97.80; 2026-09-11 ratio=98.56 momentum=99.38,41.8
stock,Fino Payments,FINOPB.NS,Other Bank,Financial Services,1163.64,0.0,-13.72,-177.25,72.23,18.43,47.59,4.41,,not_stage_2,0,139.83,146.96,-6.67,0.00598,"{'price_above_30w_ma': False, '30w_ma_rising': False, 'price_above_10w_ma': False, 'relative_strength_positive': False, 'near_52w_high': False}",improving,lagging,99.35,101.25,0.28,2.51,False,True,2026-09-04 ratio=99.08 momentum=98.74; 2026-09-08 ratio=99.27 momentum=98.64; 2026-09-09 ratio=99.18 momentum=99.71; 2026-09-10 ratio=99.34 momentum=100.38; 2026-09-11 ratio=99.35 momentum=101.25,6.25
stock,Ramco Inds.,RAMCOIND.NS,Other Construction Materials,Construction Materials,2798.47,0.39,86.59,21.91,613.81,15.48,8.89,4.57,,not_stage_2,3,322.25,302.47,0.9,0.01377,"{'price_above_30w_ma': True, '30w_ma_rising': True, 'price_above_10w_ma': False, 'relative_strength_positive': False, 'near_52w_high': True}",lagging,lagging,99.31,97.14,0.48,-0.55,False,False,2026-09-04 ratio=98.83 momentum=97.69; 2026-09-08 ratio=98.98 momentum=98.24; 2026-09-09 ratio=99.06 momentum=97.73; 2026-09-10 ratio=99.04 momentum=96.58; 2026-09-11 ratio=99.31 momentum=97.14,61.8
stock,BirlaNu Ltd,BIRLANU.NS,Other Construction Materials,Construction Materials,1092.22,1.04,9.4,812.12,1174.02,11.57,,-4.29,,not_stage_2,3,1448.4,1409.68,-1.89,0.0619,"{'price_above_30w_ma': True, '30w_ma_rising': False, 'price_above_10w_ma': True, 'relative_strength_positive': True, 'near_52w_high': False}",leading,weakening,100.64,102.0,0.22,4.03,True,False,2026-09-04 ratio=100.42 momentum=97.98; 2026-09-08 ratio=100.41 momentum=98.14; 2026-09-09 ratio=100.28 momentum=93.85; 2026-09-10 ratio=100.49 momentum=98.95; 2026-09-11 ratio=100.64 momentum=102.00,103.2
stock,Arisinfra Solu.,ARIS.NS,Other Construction Materials,Construction Materials,1026.19,0.0,20.04,306.31,290.81,37.12,15.54,15.57,,not_stage_2,3,125.46,121.4,4.23,0.00536,"{'price_above_30w_ma': True, '30w_ma_rising': True, 'price_above_10w_ma': False, 'relative_strength_positive': True, 'near_52w_high': False}",weakening,weakening,100.16,94.17,-0.03,-3.45,False,False,2026-09-07 ratio=100.19 momentum=97.61; 2026-09-08 ratio=100.30 momentum=97.92; 2026-09-09 ratio=100.42 momentum=97.43; 2026-09-10 ratio=100.29 momentum=97.58; 2026-09-11 ratio=100.16 momentum=94.17,69.26
stock,Everest Inds.,EVERESTIND.NS,Other Construction Materials,Construction Materials,646.91,0.25,102.09,1505.52,435.86,-12.95,,-8.5,,not_stage_2,2,408.0,406.5,0.01,0.01744,"{'price_above_30w_ma': True, '30w_ma_rising': True, 'price_above_10w_ma': False, 'relative_strength_positive': False, 'near_52w_high': False}",lagging,lagging,98.69,96.82,-0.06,0.63,False,False,2026-09-04 ratio=98.75 momentum=96.19; 2026-09-08 ratio=99.00 momentum=99.77; 2026-09-09 ratio=99.11 momentum=101.63; 2026-09-10 ratio=98.83 momentum=98.63; 2026-09-11 ratio=98.69 momentum=96.82,40.02
stock,Sahyadri Industr,SAHYADRI.NS,Other Construction Materials,Construction Materials,427.89,0.64,26.52,146.24,258.58,20.51,9.48,9.72,,stage_2,5,390.9,285.07,6.07,0.01671,"{'price_above_30w_ma': True, '30w_ma_rising': True, 'price_above_10w_ma': True, 'relative_strength_positive': True, 'near_52w_high': True}",leading,leading,101.88,101.97,-0.24,1.87,False,False,2026-09-04 ratio=102.12 momentum=100.09; 2026-09-08 ratio=101.92 momentum=101.55; 2026-09-09 ratio=101.70 momentum=101.62; 2026-09-10 ratio=101.76 momentum=102.38; 2026-09-11 ratio=101.88 momentum=101.97,176.39
stock,Vishnusurya Pro.,VISHNUINFR.NS,Other Construction Materials,Construction Materials,406.77,0.64,5.92,116.06,61.87,25.02,9.64,19.92,,not_stage_2,2,156.9,159.18,-2.57,0.00671,"{'price_above_30w_ma': False, '30w_ma_rising': False, 'price_above_10w_ma': True, 'relative_strength_positive': True, 'near_52w_high': False}",leading,leading,100.99,100.67,0.64,-1.92,False,False,2026-09-04 ratio=100.35 momentum=102.59; 2026-09-08 ratio=100.09 momentum=100.25; 2026-09-09 ratio=99.59 momentum=99.16; 2026-09-10 ratio=100.69 momentum=102.98; 2026-09-11 ratio=100.99 momentum=100.67,68.3
stock,Teamtech Formwork,TEAMTECH.NS,Other Construction Materials,Construction Materials,386.84,0.0,7.33,,31.74,,33.38,41.17,,insufficient_data,0,,,,,{},insufficient_data,insufficient_data,,,,,False,False,,0.0
stock,MCON Rasayan,MCON.NS,Other Construction Materials,Construction Materials,30.22,0.0,1.8,76.47,36.86,26.32,9.94,11.06,,not_stage_2,0,41.2,45.91,-2.34,0.00176,"{'price_above_30w_ma': False, '30w_ma_rising': False, 'price_above_10w_ma': False, 'relative_strength_positive': False, 'near_52w_high': False}",lagging,weakening,99.44,98.87,-0.81,0.42,False,False,2026-09-04 ratio=100.25 momentum=98.44; 2026-09-08 ratio=99.81 momentum=96.65; 2026-09-09 ratio=99.43 momentum=99.57; 2026-09-10 ratio=99.58 momentum=99.42; 2026-09-11 ratio=99.44 momentum=98.87,0.0
stock,SIS,SIS.NS,Other Consumer Services,Consumer Services,5926.01,1.67,101.66,9.37,4603.58,29.73,14.75,13.68,,stage_2,4,419.3,378.15,3.4,0.01792,"{'price_above_30w_ma': True, '30w_ma_rising': True, 'price_above_10w_ma': False, 'relative_strength_positive': True, 'near_52w_high': True}",leading,leading,100.42,102.42,-0.37,0.08,False,False,2026-09-04 ratio=100.79 momentum=102.34; 2026-09-08 ratio=100.97 momentum=102.46; 2026-09-09 ratio=101.20 momentum=104.55; 2026-09-10 ratio=100.68 momentum=102.80; 2026-09-11 ratio=100.42 momentum=102.42,146.0
stock,E Factor Experie,EFACTOR.NS,Other Consumer Services,Consumer Services,217.98,0.72,14.61,-26.66,138.84,-9.5,11.08,24.71,,not_stage_2,0,166.0,196.4,-5.46,0.00709,"{'price_above_30w_ma': False, '30w_ma_rising': False, 'price_above_10w_ma': False, 'relative_strength_positive': False, 'near_52w_high': False}",lagging,lagging,99.55,97.1,-0.2,0.26,False,False,2026-09-04 ratio=99.75 momentum=96.83; 2026-09-08 ratio=99.54 momentum=96.76; 2026-09-09 ratio=99.66 momentum=97.25; 2026-09-10 ratio=99.84 momentum=96.92; 2026-09-11 ratio=99.55 momentum=97.10,0.0
stock,Party Cruisers,PARTYCRUS.NS,Other Consumer Services,Consumer Services,139.83,0.0,10.04,62.85,111.27,32.28,11.13,34.58,,stage_2,5,99.95,89.14,0.32,0.00427,"{'price_above_30w_ma': True, '30w_ma_rising': True, 'price_above_10w_ma': True, 'relative_strength_positive': True, 'near_52w_high': True}",leading,improving,103.89,103.51,5.16,2.29,True,False,2026-09-04 ratio=98.73 momentum=101.22; 2026-09-08 ratio=100.84 momentum=102.64; 2026-09-09 ratio=102.13 momentum=102.76; 2026-09-10 ratio=102.05 momentum=102.19; 2026-09-11 ratio=103.89 momentum=103.51,192.64
stock,Touchwood Enter.,TOUCHWOOD.NS,Other Consumer Services,Consumer Services,67.77,0.0,0.38,-70.77,3.96,-76.57,20.41,13.52,,not_stage_2,0,61.16,69.84,-5.64,0.00261,"{'price_above_30w_ma': False, '30w_ma_rising': False, 'price_above_10w_ma': False, 'relative_strength_positive': False, 'near_52w_high': False}",improving,improving,99.38,101.77,0.03,-0.43,False,False,2026-09-04 ratio=99.35 momentum=102.21; 2026-09-08 ratio=99.06 momentum=101.09; 2026-09-09 ratio=99.24 momentum=101.95; 2026-09-10 ratio=99.29 momentum=101.15; 2026-09-11 ratio=99.38 momentum=101.77,8.85
stock,Blue Pebble,BLUEPEBBLE.NS,Other Consumer Services,Consumer Services,32.23,0.63,-0.26,,11.14,,65.78,2.38,,not_stage_2,2,79.0,97.58,-9.37,0.00338,"{'price_above_30w_ma': False, '30w_ma_rising': False, 'price_above_10w_ma': True, 'relative_strength_positive': True, 'near_52w_high': False}",leading,leading,102.15,102.44,0.5,0.51,False,False,2026-09-07 ratio=101.65 momentum=101.92; 2026-09-08 ratio=101.79 momentum=101.96; 2026-09-09 ratio=102.34 momentum=101.75; 2026-09-10 ratio=102.24 momentum=102.16; 2026-09-11 ratio=102.15 momentum=102.44,82.95
stock,Thinking Hats,THESL.NS,Other Consumer Services,Consumer Services,17.36,0.0,0.51,-80.08,15.16,-61.15,14.0,5.96,,insufficient_data,0,,,,,{},insufficient_data,insufficient_data,,,,,False,False,,0.0
stock,Inox India,INOXINDIA.NS,Other Industrial Products,Capital Goods,20390.93,0.09,58.07,-4.99,370.79,9.18,79.29,33.48,,stage_2,5,2246.6,1640.75,8.97,0.09602,"{'price_above_30w_ma': True, '30w_ma_rising': True, 'price_above_10w_ma': True, 'relative_strength_positive': True, 'near_52w_high': True}",weakening,leading,102.26,99.4,-0.4,-2.58,False,False,2026-09-07 ratio=102.66 momentum=101.98; 2026-09-08 ratio=102.43 momentum=103.44; 2026-09-09 ratio=102.17 momentum=105.88; 2026-09-10 ratio=102.75 momentum=97.63; 2026-09-11 ratio=102.26 momentum=99.40,154.24
stock,HBL Engineering,HBLENGINE.NS,Other Industrial Products,Capital Goods,20019.02,0.42,109.14,-25.07,638.03,6.03,24.98,59.3,,not_stage_2,2,722.2,739.83,-1.08,0.03087,"{'price_above_30w_ma': False, '30w_ma_rising': False, 'price_above_10w_ma': True, 'relative_strength_positive': True, 'near_52w_high': False}",leading,improving,100.96,102.3,1.05,-0.13,False,False,2026-09-07 ratio=99.91 momentum=102.42; 2026-09-08 ratio=100.71 momentum=102.65; 2026-09-09 ratio=100.93 momentum=102.46; 2026-09-10 ratio=100.75 momentum=102.36; 2026-09-11 ratio=100.96 momentum=102.30,76.3
stock,KRN Heat Exchan,KRN.NS,Other Industrial Products,Capital Goods,10431.46,0.0,32.9,164.9,252.32,118.88,107.61,16.06,,stage_2,5,1593.6,1191.05,11.34,0.06811,"{'price_above_30w_ma': True, '30w_ma_rising': True, 'price_above_10w_ma': True, 'relative_strength_positive': True, 'near_52w_high': True}",weakening,leading,101.64,96.01,-0.48,-4.45,False,False,2026-09-07 ratio=102.12 momentum=100.46; 2026-09-08 ratio=102.24 momentum=99.92; 2026-09-09 ratio=101.82 momentum=99.13; 2026-09-10 ratio=101.63 momentum=98.15; 2026-09-11 ratio=101.64 momentum=96.01,155.88
stock,Esab India,ESABINDIA.NS,Other Industrial Products,Capital Goods,9057.25,1.27,56.14,37.13,421.12,19.63,43.75,64.68,,stage_2,4,5884.0,5864.9,1.2,0.25147,"{'price_above_30w_ma': True, '30w_ma_rising': True, 'price_above_10w_ma': False, 'relative_strength_positive': True, 'near_52w_high': True}",weakening,weakening,100.81,98.04,-0.38,1.62,False,False,2026-09-04 ratio=101.19 momentum=96.43; 2026-09-08 ratio=101.41 momentum=95.61; 2026-09-09 ratio=101.02 momentum=96.77; 2026-09-10 ratio=100.51 momentum=96.02; 2026-09-11 ratio=100.81 momentum=98.04,111.45
stock,Subros,SUBROS.NS,Other Industrial Products,Capital Goods,4590.97,0.43,41.52,1.69,1032.11,17.52,26.71,19.16,,not_stage_2,0,703.75,753.85,-1.19,0.03008,"{'price_above_30w_ma': False, '30w_ma_rising': False, 'price_above_10w_ma': False, 'relative_strength_positive': False, 'near_52w_high': False}",improving,improving,98.84,101.09,0.38,-0.66,False,False,2026-09-04 ratio=98.46 momentum=101.75; 2026-09-08 ratio=98.43 momentum=102.04; 2026-09-09 ratio=99.38 momentum=103.59; 2026-09-10 ratio=98.97 momentum=101.65; 2026-09-11 ratio=98.84 momentum=101.09,5.45
stock,Harsha Engg Intl,HARSHA.NS,Other Industrial Products,Capital Goods,4051.46,0.34,37.38,-1.45,457.43,25.22,26.2,13.0,,stage_2,5,445.0,398.75,2.25,0.01902,"{'price_above_30w_ma': True, '30w_ma_rising': True, 'price_above_10w_ma': True, 'relative_strength_positive': True, 'near_52w_high': True}",leading,leading,101.64,100.1,-0.6,-1.14,False,False,2026-09-04 ratio=102.24 momentum=101.24; 2026-09-08 ratio=102.95 momentum=101.53; 2026-09-09 ratio=102.24 momentum=102.87; 2026-09-10 ratio=101.76 momentum=102.50; 2026-09-11 ratio=101.64 momentum=100.10,158.2
stock,Ador Welding,ADOR.NS,Other Industrial Products,Capital Goods,2790.89,1.43,27.35,890.46,308.63,23.19,23.31,22.71,,stage_2,5,1603.7,1212.1,7.01,0.06854,"{'price_above_30w_ma': True, '30w_ma_rising': True, 'price_above_10w_ma': True, 'relative_strength_positive': True, 'near_52w_high': True}",leading,weakening,101.17,100.36,-0.47,0.55,False,False,2026-09-04 ratio=101.63 momentum=99.81; 2026-09-08 ratio=101.36 momentum=99.20; 2026-09-09 ratio=101.42 momentum=100.35; 2026-09-10 ratio=101.32 momentum=101.02; 2026-09-11 ratio=101.17 momentum=100.36,166.67
stock,Diffusion Eng,DIFFNKG.NS,Other Industrial Products,Capital Goods,1682.31,0.33,16.68,36.26,110.11,36.49,30.43,15.78,,stage_2,5,449.5,343.27,7.51,0.01921,"{'price_above_30w_ma': True, '30w_ma_rising': True, 'price_above_10w_ma': True, 'relative_strength_positive': True, 'near_52w_high': True}",leading,leading,101.61,100.83,-0.16,-0.1,False,False,2026-09-07 ratio=101.77 momentum=100.93; 2026-09-08 ratio=101.42 momentum=101.30; 2026-09-09 ratio=101.43 momentum=101.66; 2026-09-10 ratio=101.63 momentum=101.16; 2026-09-11 ratio=101.61 momentum=100.83,172.22
stock,MIC Electronics,MICEL.NS,Other Industrial Products,Capital Goods,1057.19,0.0,2.13,27.54,43.72,276.57,,8.67,,not_stage_2,0,35.49,39.25,-0.74,0.00152,"{'price_above_30w_ma': False, '30w_ma_rising': False, 'price_above_10w_ma': False, 'relative_strength_positive': False, 'near_52w_high': False}",lagging,improving,99.5,98.11,-0.25,-2.66,False,False,2026-09-04 ratio=99.75 momentum=100.76; 2026-09-08 ratio=99.77 momentum=100.85; 2026-09-09 ratio=99.81 momentum=101.27; 2026-09-10 ratio=99.67 momentum=99.75; 2026-09-11 ratio=99.50 momentum=98.11,0.0
stock,Tankup Engi.,TANKUP.NS,Other Industrial Products,Capital Goods,873.65,0.0,2.74,174.0,35.6,162.73,182.77,18.95,,insufficient_data,0,,,,,{},insufficient_data,insufficient_data,,,,,False,False,,0.0
stock,Maruti Suzuki,MARUTI.NS,Passenger Cars & Utility Vehicles,Automobile and Auto Components,389859.19,1.13,3446.9,-9.11,52469.8,35.91,27.2,18.87,,not_stage_2,0,12400.0,13465.03,-2.01,0.52996,"{'price_above_30w_ma': False, '30w_ma_rising': False, 'price_above_10w_ma': False, 'relative_strength_positive': False, 'near_52w_high': False}",lagging,lagging,97.82,98.8,-0.07,0.53,False,False,2026-09-07 ratio=97.88 momentum=98.26; 2026-09-08 ratio=97.89 momentum=98.09; 2026-09-09 ratio=98.18 momentum=98.88; 2026-09-10 ratio=98.11 momentum=98.69; 2026-09-11 ratio=97.82 momentum=98.80,0.0
stock,M & M,M&M.NS,Passenger Cars & Utility Vehicles,Automobile and Auto Components,386364.41,1.06,5997.56,33.8,58187.57,27.8,20.15,15.1,,not_stage_2,1,3107.0,3188.95,-1.1,0.13279,"{'price_above_30w_ma': False, '30w_ma_rising': False, 'price_above_10w_ma': False, 'relative_strength_positive': False, 'near_52w_high': True}",lagging,lagging,99.35,95.84,-0.12,-1.49,False,False,2026-09-07 ratio=99.47 momentum=97.33; 2026-09-08 ratio=99.61 momentum=97.02; 2026-09-09 ratio=99.75 momentum=97.07; 2026-09-10 ratio=99.43 momentum=96.87; 2026-09-11 ratio=99.35 momentum=95.84,20.0
stock,Hyundai Motor I,HYUNDAI.NS,Passenger Cars & Utility Vehicles,Automobile and Auto Components,176646.44,0.97,888.62,-35.1,16334.63,-0.48,35.68,38.4,,stage_2,5,2174.0,2000.56,0.07,0.09291,"{'price_above_30w_ma': True, '30w_ma_rising': True, 'price_above_10w_ma': True, 'relative_strength_positive': True, 'near_52w_high': True}",weakening,weakening,101.09,96.8,-0.21,-2.63,False,False,2026-09-07 ratio=101.30 momentum=99.42; 2026-09-08 ratio=101.45 momentum=99.63; 2026-09-09 ratio=101.24 momentum=98.36; 2026-09-10 ratio=101.35 momentum=98.37; 2026-09-11 ratio=101.09 momentum=96.80,130.59
stock,Tata Motors PVeh,TMPV.NS,Passenger Cars & Utility Vehicles,Automobile and Auto Components,110891.86,1.0,859.0,-69.83,95799.0,9.26,111.29,2.73,,not_stage_2,0,301.1,344.11,-1.85,0.01287,"{'price_above_30w_ma': False, '30w_ma_rising': False, 'price_above_10w_ma': False, 'relative_strength_positive': False, 'near_52w_high': False}",lagging,improving,98.5,99.33,0.13,-0.79,False,False,2026-09-07 ratio=98.37 momentum=100.12; 2026-09-08 ratio=98.51 momentum=101.60; 2026-09-09 ratio=98.49 momentum=102.26; 2026-09-10 ratio=98.28 momentum=99.33; 2026-09-11 ratio=98.50 momentum=99.33,0.0
stock,Force Motors,FORCEMOT.NS,Passenger Cars & Utility Vehicles,Automobile and Auto Components,23328.57,0.28,216.59,22.82,2440.01,6.21,21.2,36.05,,not_stage_2,1,17705.0,19682.2,-2.22,0.75669,"{'price_above_30w_ma': False, '30w_ma_rising': False, 'price_above_10w_ma': False, 'relative_strength_positive': True, 'near_52w_high': False}",leading,improving,100.76,102.62,1.41,1.69,True,False,2026-09-04 ratio=99.35 momentum=100.93; 2026-09-08 ratio=100.04 momentum=102.49; 2026-09-09 ratio=99.81 momentum=103.13; 2026-09-10 ratio=101.56 momentum=103.73; 2026-09-11 ratio=100.76 momentum=102.62,66.9
stock,Olectra Greentec,OLECTRA.NS,Passenger Cars & Utility Vehicles,Automobile and Auto Components,9927.67,0.05,26.66,-0.31,575.51,65.75,55.96,21.05,,not_stage_2,1,1209.5,1235.32,2.64,0.05169,"{'price_above_30w_ma': False, '30w_ma_rising': True, 'price_above_10w_ma': False, 'relative_strength_positive': False, 'near_52w_high': False}",lagging,lagging,98.49,96.24,0.14,-1.63,False,False,2026-09-04 ratio=98.35 momentum=97.87; 2026-09-08 ratio=98.38 momentum=98.73; 2026-09-09 ratio=98.45 momentum=99.40; 2026-09-10 ratio=98.41 momentum=97.52; 2026-09-11 ratio=98.49 momentum=96.24,25.28
stock,Mercury EV-Tech,MERCURYEV.NS,Passenger Cars & Utility Vehicles,Automobile and Auto Components,795.23,0.0,1.65,29.92,33.38,47.9,174.39,2.64,,insufficient_data,0,,,,,{},leading,weakening,103.24,101.35,2.02,3.45,True,False,2026-09-07 ratio=101.21 momentum=97.90; 2026-09-08 ratio=101.91 momentum=101.19; 2026-09-09 ratio=101.69 momentum=99.27; 2026-09-10 ratio=103.50 momentum=101.49; 2026-09-11 ratio=103.24 momentum=101.35,52.95
stock,Supreme Inds.,SUPREMEIND.NS,Plastic Products - Industrial,Capital Goods,42736.92,1.07,280.72,38.76,2717.66,4.16,41.4,20.73,,not_stage_2,1,3364.4,3602.61,-0.31,0.14379,"{'price_above_30w_ma': False, '30w_ma_rising': False, 'price_above_10w_ma': False, 'relative_strength_positive': False, 'near_52w_high': True}",weakening,weakening,100.05,97.21,-0.51,0.68,False,False,2026-09-04 ratio=100.56 momentum=96.53; 2026-09-08 ratio=101.41 momentum=100.71; 2026-09-09 ratio=101.33 momentum=101.03; 2026-09-10 ratio=101.17 momentum=101.46; 2026-09-11 ratio=100.05 momentum=97.21,20.25
stock,Astral,ASTRAL.NS,Plastic Products - Industrial,Capital Goods,37917.28,0.28,120.2,48.21,1578.0,15.93,64.01,19.22,,not_stage_2,2,1411.4,1533.78,0.08,0.06032,"{'price_above_30w_ma': False, '30w_ma_rising': True, 'price_above_10w_ma': False, 'relative_strength_positive': False, 'near_52w_high': True}",weakening,weakening,100.04,96.51,-0.88,-3.45,False,False,2026-09-04 ratio=100.91 momentum=99.96; 2026-09-08 ratio=101.21 momentum=101.75; 2026-09-09 ratio=100.98 momentum=99.65; 2026-09-10 ratio=100.68 momentum=98.08; 2026-09-11 ratio=100.04 momentum=96.51,40.36
stock,Garware Hi Tech,GRWRHITECH.NS,Plastic Products - Industrial,Capital Goods,16080.3,0.17,132.65,59.78,633.08,27.9,41.46,18.08,,stage_2,4,6921.5,5590.7,9.05,0.29581,"{'price_above_30w_ma': True, '30w_ma_rising': True, 'price_above_10w_ma': False, 'relative_strength_positive': True, 'near_52w_high': True}",leading,leading,100.77,100.13,-0.19,-0.15,False,False,2026-09-04 ratio=100.95 momentum=100.28; 2026-09-08 ratio=100.69 momentum=97.96; 2026-09-09 ratio=99.38 momentum=96.81; 2026-09-10 ratio=100.48 momentum=99.48; 2026-09-11 ratio=100.77 momentum=100.13,147.6
stock,Finolex Inds.,FINPIPE.NS,Plastic Products - Industrial,Capital Goods,9521.22,1.3,114.52,16.67,883.58,-15.3,15.47,11.83,,not_stage_2,0,153.45,170.51,-1.5,0.00656,"{'price_above_30w_ma': False, '30w_ma_rising': False, 'price_above_10w_ma': False, 'relative_strength_positive': False, 'near_52w_high': False}",lagging,improving,98.86,98.99,-0.42,-2.37,False,False,2026-09-04 ratio=99.27 momentum=101.36; 2026-09-08 ratio=99.49 momentum=99.26; 2026-09-09 ratio=99.57 momentum=101.29; 2026-09-10 ratio=99.61 momentum=101.47; 2026-09-11 ratio=98.86 momentum=98.99,0.0
stock,Time Technoplast,TIMETECHNO.NS,Plastic Products - Industrial,Capital Goods,8924.93,0.83,117.86,22.21,1692.71,25.14,18.22,16.52,,not_stage_2,1,180.8,183.69,-0.03,0.00773,"{'price_above_30w_ma': False, '30w_ma_rising': False, 'price_above_10w_ma': False, 'relative_strength_positive': False, 'near_52w_high': True}",lagging,improving,99.24,98.83,-0.17,-1.41,False,False,2026-09-07 ratio=99.42 momentum=100.24; 2026-09-08 ratio=99.69 momentum=102.56; 2026-09-09 ratio=99.66 momentum=101.99; 2026-09-10 ratio=99.60 momentum=101.00; 2026-09-11 ratio=99.24 momentum=98.83,20.0
stock,Kingfa Science,KINGFA.NS,Plastic Products - Industrial,Capital Goods,8397.79,0.32,80.21,101.58,688.57,49.06,37.21,23.2,,stage_2,5,6197.0,5024.85,4.9,0.26485,"{'price_above_30w_ma': True, '30w_ma_rising': True, 'price_above_10w_ma': True, 'relative_strength_positive': True, 'near_52w_high': True}",leading,weakening,101.91,100.09,0.48,1.44,True,False,2026-09-04 ratio=101.42 momentum=98.65; 2026-09-08 ratio=101.76 momentum=101.15; 2026-09-09 ratio=102.05 momentum=100.90; 2026-09-10 ratio=102.04 momentum=99.25; 2026-09-11 ratio=101.91 momentum=100.09,174.8
stock,Prince Pipes,PRINCEPIPE.NS,Plastic Products - Industrial,Capital Goods,2948.11,0.38,33.75,600.21,609.42,5.0,28.3,6.03,,stage_2,4,266.65,262.45,1.55,0.0114,"{'price_above_30w_ma': True, '30w_ma_rising': True, 'price_above_10w_ma': False, 'relative_strength_positive': True, 'near_52w_high': True}",lagging,leading,100.0,95.82,-0.97,-4.46,False,False,2026-09-04 ratio=100.97 momentum=100.28; 2026-09-08 ratio=101.48 momentum=101.30; 2026-09-09 ratio=101.26 momentum=100.33; 2026-09-10 ratio=101.10 momentum=96.36; 2026-09-11 ratio=100.00 momentum=95.82,108.1
stock,Apollo Pipes,APOLLOPIPE.NS,Plastic Products - Industrial,Capital Goods,2444.23,0.13,-11.12,-205.28,295.43,7.43,,1.23,,stage_2,5,554.9,480.96,9.23,0.02372,"{'price_above_30w_ma': True, '30w_ma_rising': True, 'price_above_10w_ma': True, 'relative_strength_positive': True, 'near_52w_high': True}",weakening,weakening,100.55,96.02,-0.82,-1.7,False,False,2026-09-07 ratio=101.37 momentum=97.71; 2026-09-08 ratio=101.21 momentum=95.60; 2026-09-09 ratio=101.01 momentum=95.47; 2026-09-10 ratio=100.81 momentum=95.68; 2026-09-11 ratio=100.55 momentum=96.02,146.21
stock,Jain Irrigation,JISLJALEQS.NS,Plastic Products - Industrial,Capital Goods,2163.16,0.0,-17.8,-207.18,1508.37,-2.41,,5.3,,not_stage_2,1,29.71,31.57,-2.78,0.00127,"{'price_above_30w_ma': False, '30w_ma_rising': False, 'price_above_10w_ma': False, 'relative_strength_positive': True, 'near_52w_high': False}",leading,leading,100.41,101.25,0.01,-2.56,False,False,2026-09-04 ratio=100.41 momentum=103.82; 2026-09-08 ratio=100.72 momentum=103.32; 2026-09-09 ratio=100.65 momentum=102.99; 2026-09-10 ratio=100.45 momentum=101.25; 2026-09-11 ratio=100.41 momentum=101.25,48.3
stock,Jai Corp,JAICORPLTD.NS,Plastic Products - Industrial,Capital Goods,1680.11,0.52,28.2,-72.91,157.58,20.06,17.78,11.75,,not_stage_2,0,95.73,107.78,-1.49,0.00409,"{'price_above_30w_ma': False, '30w_ma_rising': False, 'price_above_10w_ma': False, 'relative_strength_positive': False, 'near_52w_high': False}",lagging,improving,98.95,99.35,-0.3,-1.73,False,False,2026-09-04 ratio=99.25 momentum=101.08; 2026-09-08 ratio=99.26 momentum=101.28; 2026-09-09 ratio=99.29 momentum=101.68; 2026-09-10 ratio=99.13 momentum=99.38; 2026-09-11 ratio=98.95 momentum=99.35,0.0
stock,Knowledge Realty,KRT.NS,Real Estate Investment Trusts (REITs),Realty,50126.45,1.5,250.8,,1243.06,,79.93,5.22,,insufficient_data,0,,,,,{},insufficient_data,insufficient_data,,,,,False,False,,0.0
stock,Embassy Off.REIT,EMBASSY.NS,Real Estate Investment Trusts (REITs),Realty,41619.17,0.05,195.22,25.81,1240.81,17.08,169.67,5.61,,not_stage_2,3,439.07,433.87,-0.01,0.01877,"{'price_above_30w_ma': True, '30w_ma_rising': False, 'price_above_10w_ma': False, 'relative_strength_positive': True, 'near_52w_high': True}",leading,leading,101.79,102.38,1.32,-0.21,False,False,2026-09-04 ratio=100.47 momentum=102.59; 2026-09-08 ratio=101.40 momentum=103.49; 2026-09-09 ratio=101.89 momentum=104.15; 2026-09-10 ratio=101.61 momentum=102.13; 2026-09-11 ratio=101.79 momentum=102.38,100.85
stock,Bagmane Prime REIT,BAGMANE.NS,Real Estate Investment Trusts (REITs),Realty,36988.6,1.38,58.51,-77.18,437.01,-29.88,,0.0,,insufficient_data,0,,,,,{},insufficient_data,insufficient_data,,,,,False,False,,0.0
stock,Mindspace Busine,MINDSPACE.NS,Real Estate Investment Trusts (REITs),Realty,32547.57,2.4,271.81,67.1,946.44,27.85,41.76,7.64,,stage_2,4,491.66,474.74,0.02,0.02101,"{'price_above_30w_ma': True, '30w_ma_rising': True, 'price_above_10w_ma': False, 'relative_strength_positive': True, 'near_52w_high': True}",leading,leading,101.87,102.58,-0.32,0.64,False,False,2026-09-04 ratio=102.19 momentum=101.94; 2026-09-08 ratio=102.43 momentum=101.78; 2026-09-09 ratio=102.86 momentum=102.58; 2026-09-10 ratio=101.84 momentum=102.25; 2026-09-11 ratio=101.87 momentum=102.58,147.29
stock,Brookfield India,BIRET.NS,Real Estate Investment Trusts (REITs),Realty,27835.03,1.96,221.34,44.36,973.83,51.78,51.88,5.36,,not_stage_2,3,335.41,333.79,-0.42,0.01433,"{'price_above_30w_ma': True, '30w_ma_rising': False, 'price_above_10w_ma': False, 'relative_strength_positive': True, 'near_52w_high': True}",leading,leading,101.32,100.84,-0.1,-1.32,False,False,2026-09-04 ratio=101.42 momentum=102.16; 2026-09-08 ratio=102.60 momentum=102.64; 2026-09-09 ratio=102.96 momentum=103.13; 2026-09-10 ratio=101.68 momentum=101.45; 2026-09-11 ratio=101.32 momentum=100.84,90.8
stock,Nexus Select,NXST.NS,Real Estate Investment Trusts (REITs),Realty,25297.47,1.46,156.52,30.89,680.53,10.91,57.44,5.83,,stage_2,5,166.98,159.91,0.63,0.00714,"{'price_above_30w_ma': True, '30w_ma_rising': True, 'price_above_10w_ma': True, 'relative_strength_positive': True, 'near_52w_high': True}",leading,leading,102.27,101.99,1.48,1.39,False,False,2026-09-04 ratio=100.79 momentum=100.60; 2026-09-08 ratio=102.36 momentum=102.55; 2026-09-09 ratio=102.72 momentum=103.05; 2026-09-10 ratio=102.63 momentum=102.73; 2026-09-11 ratio=102.27 momentum=101.99,167.56
stock,Apcotex Industri,APCOTEXIND.NS,Rubber,Capital Goods,3116.66,1.33,78.94,312.0,525.63,39.88,19.36,19.8,,stage_2,5,601.15,486.67,7.5,0.02569,"{'price_above_30w_ma': True, '30w_ma_rising': True, 'price_above_10w_ma': True, 'relative_strength_positive': True, 'near_52w_high': True}",weakening,weakening,100.65,99.01,-0.58,-0.5,False,False,2026-09-04 ratio=101.23 momentum=99.51; 2026-09-08 ratio=100.86 momentum=98.74; 2026-09-09 ratio=101.00 momentum=99.88; 2026-09-10 ratio=100.69 momentum=99.16; 2026-09-11 ratio=100.65 momentum=99.01,143.25
stock,Pix Transmission,PIXTRANS.NS,Rubber,Capital Goods,2347.22,0.52,52.75,89.34,149.25,22.8,17.81,21.73,,not_stage_2,3,1722.1,1624.23,3.57,0.0736,"{'price_above_30w_ma': True, '30w_ma_rising': True, 'price_above_10w_ma': False, 'relative_strength_positive': False, 'near_52w_high': True}",lagging,weakening,99.67,96.32,-0.37,-2.94,False,False,2026-09-04 ratio=100.03 momentum=99.26; 2026-09-08 ratio=99.39 momentum=98.25; 2026-09-09 ratio=99.94 momentum=99.92; 2026-09-10 ratio=99.66 momentum=98.61; 2026-09-11 ratio=99.67 momentum=96.32,67.14
stock,Tinna Rubber,TINNARUBR.NS,Rubber,Capital Goods,1862.92,0.31,20.57,75.21,156.18,19.89,30.2,22.46,,stage_2,4,1034.05,846.41,5.64,0.04419,"{'price_above_30w_ma': True, '30w_ma_rising': True, 'price_above_10w_ma': False, 'relative_strength_positive': True, 'near_52w_high': True}",leading,lagging,100.34,102.87,0.5,4.17,True,False,2026-09-07 ratio=99.83 momentum=98.70; 2026-09-08 ratio=100.01 momentum=100.40; 2026-09-09 ratio=100.60 momentum=102.42; 2026-09-10 ratio=100.21 momentum=101.83; 2026-09-11 ratio=100.34 momentum=102.87,162.33
stock,GRP,GRPLTD.NS,Rubber,Capital Goods,1026.72,0.18,4.2,140.0,156.83,26.73,149.89,6.94,,not_stage_2,3,1925.1,1891.19,1.86,0.08228,"{'price_above_30w_ma': True, '30w_ma_rising': True, 'price_above_10w_ma': False, 'relative_strength_positive': False, 'near_52w_high': True}",weakening,weakening,100.3,99.07,-0.95,-0.87,False,False,2026-09-04 ratio=101.25 momentum=99.94; 2026-09-08 ratio=101.36 momentum=101.85; 2026-09-09 ratio=101.93 momentum=103.68; 2026-09-10 ratio=101.27 momentum=102.20; 2026-09-11 ratio=100.30 momentum=99.07,65.22
stock,Rubfila Intl.,RUBFILA.NS,Rubber,Capital Goods,371.79,2.92,6.0,0.67,110.17,-10.71,14.12,12.59,,not_stage_2,1,68.51,70.26,-0.54,0.00293,"{'price_above_30w_ma': False, '30w_ma_rising': False, 'price_above_10w_ma': False, 'relative_strength_positive': False, 'near_52w_high': True}",improving,leading,99.96,101.56,-0.41,-1.59,False,False,2026-09-07 ratio=100.37 momentum=103.15; 2026-09-08 ratio=100.26 momentum=103.51; 2026-09-09 ratio=99.68 momentum=102.58; 2026-09-10 ratio=99.72 momentum=102.26; 2026-09-11 ratio=99.96 momentum=101.56,27.8
stock,Harri. Malayalam,HARRMALAYA.NS,Rubber,Capital Goods,343.01,0.0,3.93,-34.06,124.92,7.26,12.66,11.77,,not_stage_2,2,185.81,201.06,2.08,0.00794,"{'price_above_30w_ma': False, '30w_ma_rising': True, 'price_above_10w_ma': False, 'relative_strength_positive': False, 'near_52w_high': True}",improving,improving,98.71,100.9,-0.13,-0.1,False,False,2026-09-04 ratio=98.84 momentum=101.00; 2026-09-08 ratio=98.80 momentum=99.22; 2026-09-09 ratio=98.78 momentum=100.24; 2026-09-10 ratio=98.71 momentum=96.18; 2026-09-11 ratio=98.71 momentum=100.90,48.66
stock,Gayatri Rubbers,GRCL.NS,Rubber,Capital Goods,331.37,0.0,2.95,86.71,24.48,33.99,59.28,37.86,,stage_2,5,577.5,495.88,5.44,0.02468,"{'price_above_30w_ma': True, '30w_ma_rising': True, 'price_above_10w_ma': True, 'relative_strength_positive': True, 'near_52w_high': True}",leading,leading,100.66,103.81,0.33,-0.66,False,False,2026-09-04 ratio=100.33 momentum=104.46; 2026-09-08 ratio=100.47 momentum=102.77; 2026-09-09 ratio=100.25 momentum=99.07; 2026-09-10 ratio=100.25 momentum=100.05; 2026-09-11 ratio=100.66 momentum=103.81,178.23
stock,Elgi Rubber Co,ELGIRUBCO.NS,Rubber,Capital Goods,292.98,0.0,40.85,293.38,70.09,-18.1,,-12.92,,stage_2,4,58.48,50.72,4.99,0.0025,"{'price_above_30w_ma': True, '30w_ma_rising': True, 'price_above_10w_ma': False, 'relative_strength_positive': True, 'near_52w_high': True}",leading,weakening,100.7,100.69,0.3,2.78,True,False,2026-09-04 ratio=100.40 momentum=97.91; 2026-09-08 ratio=100.67 momentum=99.93; 2026-09-09 ratio=101.98 momentum=102.85; 2026-09-10 ratio=101.09 momentum=101.48; 2026-09-11 ratio=100.70 momentum=100.69,151.93
stock,Sampann Utpadan,SAMPANN.NS,Rubber,Capital Goods,125.02,0.0,2.05,12.02,41.7,27.6,17.86,8.3,,not_stage_2,0,24.46,27.77,-3.21,0.00105,"{'price_above_30w_ma': False, '30w_ma_rising': False, 'price_above_10w_ma': False, 'relative_strength_positive': False, 'near_52w_high': False}",improving,improving,98.74,100.82,0.05,-0.01,False,False,2026-09-04 ratio=98.68 momentum=100.83; 2026-09-08 ratio=98.26 momentum=99.40; 2026-09-09 ratio=98.22 momentum=98.42; 2026-09-10 ratio=98.35 momentum=99.17; 2026-09-11 ratio=98.74 momentum=100.82,4.1
stock,Lead Reclaim,LRRPL.NS,Rubber,Capital Goods,80.36,0.0,3.1,219.59,17.92,-18.25,19.65,21.28,,stage_2,5,93.0,81.45,3.82,0.00397,"{'price_above_30w_ma': True, '30w_ma_rising': True, 'price_above_10w_ma': True, 'relative_strength_positive': True, 'near_52w_high': True}",leading,leading,102.14,102.36,1.83,0.25,False,False,2026-09-04 ratio=100.31 momentum=102.11; 2026-09-08 ratio=101.75 momentum=103.71; 2026-09-09 ratio=102.01 momentum=103.90; 2026-09-10 ratio=102.19 momentum=103.05; 2026-09-11 ratio=102.14 momentum=102.36,175.14
stock,KIOCL,KIOCL.NS,Sponge Iron,Metals & Mining,21629.86,0.0,-15.48,59.04,158.01,73.75,556.32,1.35,,not_stage_2,1,355.9,373.69,0.98,0.01521,"{'price_above_30w_ma': False, '30w_ma_rising': True, 'price_above_10w_ma': False, 'relative_strength_positive': False, 'near_52w_high': False}",lagging,leading,98.99,97.02,-1.33,-3.19,False,False,2026-09-07 ratio=100.32 momentum=100.21; 2026-09-08 ratio=100.62 momentum=106.38; 2026-09-09 ratio=100.62 momentum=101.19; 2026-09-10 ratio=100.00 momentum=99.13; 2026-09-11 ratio=98.99 momentum=97.02,21.96
stock,S.A.L Steel,SALSTEEL.NS,Sponge Iron,Metals & Mining,1083.0,0.0,3.09,131.95,87.37,-31.57,,1.08,,stage_2,5,74.81,56.65,8.79,0.0032,"{'price_above_30w_ma': True, '30w_ma_rising': True, 'price_above_10w_ma': True, 'relative_strength_positive': True, 'near_52w_high': True}",weakening,weakening,101.13,99.1,-0.8,2.34,False,False,2026-09-04 ratio=101.93 momentum=96.76; 2026-09-08 ratio=101.74 momentum=97.49; 2026-09-09 ratio=101.68 momentum=99.16; 2026-09-10 ratio=101.34 momentum=99.47; 2026-09-11 ratio=101.13 momentum=99.10,148.23
stock,Vraj Iron,VRAJ.NS,Sponge Iron,Metals & Mining,413.93,0.0,11.51,51.65,193.83,40.14,11.52,10.49,,not_stage_2,4,125.5,122.4,-0.33,0.00536,"{'price_above_30w_ma': True, '30w_ma_rising': False, 'price_above_10w_ma': True, 'relative_strength_positive': True, 'near_52w_high': True}",leading,leading,100.72,101.35,0.67,0.17,False,False,2026-09-07 ratio=100.05 momentum=101.18; 2026-09-08 ratio=100.04 momentum=101.80; 2026-09-09 ratio=100.61 momentum=102.86; 2026-09-10 ratio=100.81 momentum=100.70; 2026-09-11 ratio=100.72 momentum=101.35,110.35
stock,Chaman Metallics,CMNL.NS,Sponge Iron,Metals & Mining,274.41,0.0,-1.62,-78.12,344.75,326.41,,5.37,,stage_2,4,113.7,109.27,0.27,0.00486,"{'price_above_30w_ma': True, '30w_ma_rising': True, 'price_above_10w_ma': True, 'relative_strength_positive': True, 'near_52w_high': False}",weakening,weakening,101.31,95.51,-0.28,-4.08,False,False,2026-09-04 ratio=101.59 momentum=99.59; 2026-09-08 ratio=101.93 momentum=100.03; 2026-09-09 ratio=101.90 momentum=100.37; 2026-09-10 ratio=101.50 momentum=98.32; 2026-09-11 ratio=101.31 momentum=95.51,112.09
stock,Vaswani Industri,VASWANI.NS,Sponge Iron,Metals & Mining,151.16,0.0,1.16,-78.79,117.79,3.07,,8.76,,not_stage_2,0,45.88,54.34,-1.8,0.00196,"{'price_above_30w_ma': False, '30w_ma_rising': False, 'price_above_10w_ma': False, 'relative_strength_positive': False, 'near_52w_high': False}",improving,improving,98.75,100.16,0.14,-1.7,False,False,2026-09-04 ratio=98.60 momentum=101.86; 2026-09-08 ratio=98.66 momentum=102.91; 2026-09-09 ratio=98.58 momentum=104.17; 2026-09-10 ratio=98.84 momentum=101.44; 2026-09-11 ratio=98.75 momentum=100.16,0.8
stock,Shri Hare-Krish.,SHKSIL.NS,Sponge Iron,Metals & Mining,69.28,0.0,1.55,-64.85,27.21,-35.63,11.17,7.76,,insufficient_data,0,,,,,{},insufficient_data,insufficient_data,,,,,False,False,,0.0
stock,DOMS Industries,DOMS.NS,Stationary,Fast Moving Consumer Goods,12872.0,0.17,45.28,-22.33,670.51,19.25,59.21,24.32,,not_stage_2,1,2121.0,2255.33,-1.19,0.09065,"{'price_above_30w_ma': False, '30w_ma_rising': False, 'price_above_10w_ma': False, 'relative_strength_positive': False, 'near_52w_high': True}",lagging,improving,98.73,99.91,-0.96,-2.85,False,False,2026-09-07 ratio=99.69 momentum=102.75; 2026-09-08 ratio=99.80 momentum=103.21; 2026-09-09 ratio=100.24 momentum=104.13; 2026-09-10 ratio=99.59 momentum=101.12; 2026-09-11 ratio=98.73 momentum=99.91,20.0
stock,Navneet Educat.,NAVNETEDUL.NS,Stationary,Fast Moving Consumer Goods,2828.21,2.35,141.0,-16.66,788.0,-0.76,22.6,10.23,,not_stage_2,1,127.85,139.64,-1.66,0.00546,"{'price_above_30w_ma': False, '30w_ma_rising': False, 'price_above_10w_ma': False, 'relative_strength_positive': False, 'near_52w_high': True}",lagging,improving,99.23,99.98,0.05,-1.25,False,False,2026-09-04 ratio=99.18 momentum=101.23; 2026-09-08 ratio=99.26 momentum=101.51; 2026-09-09 ratio=99.03 momentum=100.29; 2026-09-10 ratio=99.12 momentum=100.45; 2026-09-11 ratio=99.23 momentum=99.98,20.0
stock,Flair Writing,FLAIR.NS,Stationary,Fast Moving Consumer Goods,2488.17,0.42,29.08,-0.28,319.25,10.64,17.81,16.83,,not_stage_2,0,236.08,284.98,-2.86,0.01009,"{'price_above_30w_ma': False, '30w_ma_rising': False, 'price_above_10w_ma': False, 'relative_strength_positive': False, 'near_52w_high': False}",lagging,lagging,98.58,98.42,0.07,0.91,False,False,2026-09-07 ratio=98.51 momentum=97.50; 2026-09-08 ratio=98.29 momentum=97.83; 2026-09-09 ratio=98.89 momentum=99.17; 2026-09-10 ratio=98.82 momentum=99.19; 2026-09-11 ratio=98.58 momentum=98.42,0.0
stock,Kokuyo Camlin,KOKUYOCMLN.NS,Stationary,Fast Moving Consumer Goods,781.47,0.39,7.3,-27.44,229.18,0.79,35.49,10.21,,not_stage_2,0,77.91,84.22,-0.79,0.00333,"{'price_above_30w_ma': False, '30w_ma_rising': False, 'price_above_10w_ma': False, 'relative_strength_positive': False, 'near_52w_high': False}",improving,improving,99.03,101.31,0.03,0.87,False,True,2026-09-07 ratio=99.01 momentum=100.44; 2026-09-08 ratio=99.07 momentum=103.75; 2026-09-09 ratio=99.28 momentum=102.73; 2026-09-10 ratio=99.27 momentum=101.07; 2026-09-11 ratio=99.03 momentum=101.31,6.55
stock,Linc,LINC.NS,Stationary,Fast Moving Consumer Goods,568.78,1.57,5.1,-30.42,135.65,1.01,16.54,19.12,,not_stage_2,0,95.61,101.6,-1.77,0.00409,"{'price_above_30w_ma': False, '30w_ma_rising': False, 'price_above_10w_ma': False, 'relative_strength_positive': False, 'near_52w_high': False}",improving,improving,99.57,101.89,0.52,-0.54,False,False,2026-09-04 ratio=99.04 momentum=102.42; 2026-09-08 ratio=99.79 momentum=103.44; 2026-09-09 ratio=99.95 momentum=103.08; 2026-09-10 ratio=99.80 momentum=101.85; 2026-09-11 ratio=99.57 momentum=101.89,9.45
stock,Sundaram Multi.,SUNDARAM.NS,Stationary,Fast Moving Consumer Goods,56.39,0.0,0.32,138.89,49.6,21.99,16.07,3.8,,not_stage_2,1,1.19,1.32,-3.73,5e-05,"{'price_above_30w_ma': False, '30w_ma_rising': False, 'price_above_10w_ma': False, 'relative_strength_positive': True, 'near_52w_high': False}",improving,improving,99.77,101.33,-0.15,-1.26,False,False,2026-09-04 ratio=99.92 momentum=102.59; 2026-09-08 ratio=99.84 momentum=100.72; 2026-09-09 ratio=99.88 momentum=101.95; 2026-09-10 ratio=99.86 momentum=102.40; 2026-09-11 ratio=99.77 momentum=101.33,26.65
stock,Vasa Retail,VASA.NS,Stationary,Fast Moving Consumer Goods,2.13,0.0,-0.05,28.57,0.0,,,-1.93,,not_stage_2,0,3.55,4.52,-2.79,0.00015,"{'price_above_30w_ma': False, '30w_ma_rising': False, 'price_above_10w_ma': False, 'relative_strength_positive': False, 'near_52w_high': False}",lagging,improving,97.02,98.45,-0.66,-2.47,False,False,2026-09-04 ratio=97.68 momentum=100.92; 2026-09-08 ratio=96.00 momentum=97.88; 2026-09-09 ratio=96.05 momentum=98.32; 2026-09-10 ratio=96.58 momentum=98.46; 2026-09-11 ratio=97.02 momentum=98.45,0.0
stock,Indus Towers,INDUSTOWER.NS,Telecom - Infrastructure,Telecommunic ation,102360.71,3.61,1745.8,0.52,8431.1,4.64,14.31,19.48,,not_stage_2,2,388.0,412.9,-1.95,0.01658,"{'price_above_30w_ma': False, '30w_ma_rising': False, 'price_above_10w_ma': False, 'relative_strength_positive': True, 'near_52w_high': True}",leading,improving,101.25,103.51,1.56,0.38,True,False,2026-09-07 ratio=99.69 momentum=103.13; 2026-09-08 ratio=99.62 momentum=100.23; 2026-09-09 ratio=99.97 momentum=103.12; 2026-09-10 ratio=99.75 momentum=101.30; 2026-09-11 ratio=101.25 momentum=103.51,93.8
stock,HFCL,HFCL.NS,Telecom - Infrastructure,Telecommunic ation,35768.65,0.09,245.64,809.06,1914.98,119.85,62.47,10.76,,stage_2,5,233.69,156.78,16.73,0.00999,"{'price_above_30w_ma': True, '30w_ma_rising': True, 'price_above_10w_ma': True, 'relative_strength_positive': True, 'near_52w_high': True}",weakening,weakening,101.17,97.54,-0.68,-1.98,False,False,2026-09-07 ratio=101.86 momentum=99.53; 2026-09-08 ratio=102.27 momentum=100.38; 2026-09-09 ratio=101.95 momentum=100.14; 2026-09-10 ratio=101.15 momentum=97.98; 2026-09-11 ratio=101.17 momentum=97.54,164.31
stock,Pace Digitek,PACEDIGITK.NS,Telecom - Infrastructure,Telecommunic ation,3417.57,0.0,62.5,13.24,555.36,51.29,11.38,21.4,,not_stage_2,0,158.33,180.42,-0.46,0.00677,"{'price_above_30w_ma': False, '30w_ma_rising': False, 'price_above_10w_ma': False, 'relative_strength_positive': False, 'near_52w_high': False}",lagging,lagging,98.48,99.32,0.28,1.34,False,False,2026-09-07 ratio=98.20 momentum=97.99; 2026-09-08 ratio=98.30 momentum=97.86; 2026-09-09 ratio=98.49 momentum=98.03; 2026-09-10 ratio=98.43 momentum=97.49; 2026-09-11 ratio=98.48 momentum=99.32,0.0
stock,GTL Infra.,GTLINFRA.NS,Telecom - Infrastructure,Telecommunic ation,1485.89,0.0,69.39,129.86,327.31,-2.16,,,,not_stage_2,1,1.16,1.25,0.84,5e-05,"{'price_above_30w_ma': False, '30w_ma_rising': True, 'price_above_10w_ma': False, 'relative_strength_positive': False, 'near_52w_high': False}",improving,lagging,99.26,100.47,0.49,2.66,False,True,2026-09-04 ratio=98.78 momentum=97.81; 2026-09-08 ratio=99.36 momentum=100.64; 2026-09-09 ratio=99.20 momentum=100.47; 2026-09-10 ratio=99.16 momentum=100.00; 2026-09-11 ratio=99.26 momentum=100.47,24.03
stock,Suyog Telematics,SUYOG.NS,Telecom - Infrastructure,Telecommunic ation,762.2,0.15,13.93,-18.11,65.27,2.16,12.88,14.42,,not_stage_2,1,650.5,766.95,2.4,0.0278,"{'price_above_30w_ma': False, '30w_ma_rising': True, 'price_above_10w_ma': False, 'relative_strength_positive': False, 'near_52w_high': False}",lagging,improving,97.75,98.81,-0.49,-3.2,False,False,2026-09-07 ratio=98.24 momentum=102.01; 2026-09-08 ratio=98.32 momentum=104.73; 2026-09-09 ratio=98.10 momentum=100.34; 2026-09-10 ratio=97.86 momentum=96.64; 2026-09-11 ratio=97.75 momentum=98.81,24.8
stock,Sar Televenture,SARTELE.NS,Telecom - Infrastructure,Telecommunic ation,400.68,0.0,36.23,25.49,280.35,35.3,5.58,8.84,,not_stage_2,0,79.9,142.31,-10.1,0.00341,"{'price_above_30w_ma': False, '30w_ma_rising': False, 'price_above_10w_ma': False, 'relative_strength_positive': False, 'near_52w_high': False}",lagging,lagging,98.04,96.84,-0.38,-2.7,False,False,2026-09-07 ratio=98.42 momentum=99.55; 2026-09-08 ratio=98.33 momentum=98.82; 2026-09-09 ratio=98.31 momentum=97.85; 2026-09-10 ratio=98.21 momentum=98.33; 2026-09-11 ratio=98.04 momentum=96.84,0.0
stock,Kore Digital,KDL.NS,Telecom - Infrastructure,Telecommunic ation,112.36,0.0,11.91,-51.61,150.42,-36.24,3.06,38.1,,not_stage_2,0,93.45,122.38,-6.08,0.00399,"{'price_above_30w_ma': False, '30w_ma_rising': False, 'price_above_10w_ma': False, 'relative_strength_positive': False, 'near_52w_high': False}",improving,improving,99.4,101.19,0.43,-0.88,False,False,2026-09-04 ratio=98.97 momentum=102.07; 2026-09-08 ratio=98.95 momentum=100.06; 2026-09-09 ratio=98.84 momentum=97.28; 2026-09-10 ratio=98.74 momentum=96.17; 2026-09-11 ratio=99.40 momentum=101.19,5.95
stock,Rama Telecom,RTL.NS,Telecom - Infrastructure,Telecommunic ation,102.95,0.0,0.48,-86.7,27.75,18.69,35.38,11.89,,insufficient_data,0,,,,,{},insufficient_data,insufficient_data,,,,,False,False,,0.0
