level,name,symbol,parent,sector,market_cap_cr,dividend_yield_pct,np_qtr_cr,qtr_profit_var_pct,sales_qtr_cr,qtr_sales_var_pct,pe,roce,error,stage,stage2_score,close,weekly_ma,weekly_ma_slope_4w_pct,rs_vs_benchmark,checks,rrg_quadrant,rrg_quadrant_5d_ago,rs_ratio,rs_momentum,rs_ratio_5d_delta,rs_momentum_5d_delta,moving_to_leading,improving_toward_leading,rrg_tail,stock_score
stock,Bajaj Auto,BAJAJ-AUTO.NS,2/3 Wheelers,Automobile and Auto Components,307380.72,1.34,3188.75,45.93,21688.83,65.14,26.08,28.24,,stage_2,5,11183.5,9892.98,2.18,0.46606,"{'price_above_30w_ma': True, '30w_ma_rising': True, 'price_above_10w_ma': True, 'relative_strength_positive': True, 'near_52w_high': True}",leading,leading,102.26,102.5,1.89,-1.58,False,False,2026-07-20 ratio=100.37 momentum=104.09; 2026-07-21 ratio=100.10 momentum=103.32; 2026-07-22 ratio=102.10 momentum=103.11; 2026-07-23 ratio=102.86 momentum=102.92; 2026-07-27 ratio=102.26 momentum=102.50,173.16
stock,Eicher Motors,EICHERMOT.NS,2/3 Wheelers,Automobile and Auto Components,213259.68,1.06,1519.95,11.58,6080.09,16.01,38.37,30.52,,stage_2,5,7769.5,7313.5,0.56,0.32378,"{'price_above_30w_ma': True, '30w_ma_rising': True, 'price_above_10w_ma': True, 'relative_strength_positive': True, 'near_52w_high': True}",leading,leading,101.99,102.4,1.13,1.02,False,False,2026-07-20 ratio=100.86 momentum=101.38; 2026-07-21 ratio=101.57 momentum=101.67; 2026-07-22 ratio=101.52 momentum=101.08; 2026-07-23 ratio=102.08 momentum=102.15; 2026-07-27 ratio=101.99 momentum=102.40,168.07
stock,TVS Motor Co.,TVSMOTOR.NS,2/3 Wheelers,Automobile and Auto Components,184169.9,0.31,1057.61,67.11,16295.52,33.46,53.24,17.37,,stage_2,5,3876.4,3606.24,0.17,0.16154,"{'price_above_30w_ma': True, '30w_ma_rising': True, 'price_above_10w_ma': True, 'relative_strength_positive': True, 'near_52w_high': True}",leading,weakening,102.68,101.41,2.11,4.08,True,False,2026-07-20 ratio=100.57 momentum=97.33; 2026-07-21 ratio=102.69 momentum=101.16; 2026-07-22 ratio=103.63 momentum=101.82; 2026-07-23 ratio=103.44 momentum=101.68; 2026-07-27 ratio=102.68 momentum=101.41,175.79
stock,Hero Motocorp,HEROMOTOCO.NS,2/3 Wheelers,Automobile and Auto Components,102329.65,3.62,1473.92,25.72,12978.28,30.18,17.81,35.22,,not_stage_2,3,5113.8,5217.39,-2.08,0.21311,"{'price_above_30w_ma': False, '30w_ma_rising': False, 'price_above_10w_ma': True, 'relative_strength_positive': True, 'near_52w_high': True}",leading,improving,101.6,102.03,2.08,-2.72,False,False,2026-07-20 ratio=99.52 momentum=104.75; 2026-07-21 ratio=100.19 momentum=102.78; 2026-07-22 ratio=100.19 momentum=102.12; 2026-07-23 ratio=102.55 momentum=103.18; 2026-07-27 ratio=101.60 momentum=102.03,98.15
stock,Ather Energy,ATHERENERG.NS,2/3 Wheelers,Automobile and Auto Components,47862.49,0.0,-100.23,57.23,1174.66,73.75,,-19.77,,stage_2,5,1214.9,879.11,8.8,0.05063,"{'price_above_30w_ma': True, '30w_ma_rising': True, 'price_above_10w_ma': True, 'relative_strength_positive': True, 'near_52w_high': True}",weakening,leading,101.22,96.98,-0.94,-4.39,False,False,2026-07-20 ratio=102.16 momentum=101.37; 2026-07-21 ratio=101.99 momentum=100.48; 2026-07-22 ratio=101.79 momentum=96.87; 2026-07-23 ratio=101.48 momentum=96.35; 2026-07-27 ratio=101.22 momentum=96.98,148.7
stock,Ola Electric,OLAELEC.NS,2/3 Wheelers,Automobile and Auto Components,17254.73,0.0,-500.0,42.53,265.0,-56.63,,-19.56,,not_stage_2,2,37.27,35.24,0.65,0.00155,"{'price_above_30w_ma': True, '30w_ma_rising': True, 'price_above_10w_ma': False, 'relative_strength_positive': False, 'near_52w_high': False}",lagging,lagging,98.84,97.59,-0.48,1.24,False,False,2026-07-20 ratio=99.32 momentum=96.35; 2026-07-21 ratio=99.19 momentum=95.98; 2026-07-22 ratio=98.69 momentum=96.05; 2026-07-23 ratio=98.83 momentum=97.18; 2026-07-27 ratio=98.84 momentum=97.59,41.3
stock,Tunwal E-Motors,TUNWAL.NS,2/3 Wheelers,Automobile and Auto Components,151.15,0.38,4.23,-34.72,132.45,27.15,11.87,13.28,,not_stage_2,0,26.5,30.16,-5.03,0.00111,"{'price_above_30w_ma': False, '30w_ma_rising': False, 'price_above_10w_ma': False, 'relative_strength_positive': False, 'near_52w_high': False}",improving,improving,99.3,102.55,0.58,-1.66,False,False,2026-07-17 ratio=98.72 momentum=104.20; 2026-07-20 ratio=99.05 momentum=103.23; 2026-07-21 ratio=99.26 momentum=103.17; 2026-07-22 ratio=99.31 momentum=102.43; 2026-07-23 ratio=99.30 momentum=102.55,12.75
stock,Delta Auto.,DELTIC.NS,2/3 Wheelers,Automobile and Auto Components,53.82,0.0,3.1,-47.28,37.54,-28.28,8.2,11.81,,insufficient_data,0,,,,,{},insufficient_data,insufficient_data,,,,,False,False,,0.0
stock,Victory Ele.,VICTORYEV.NS,2/3 Wheelers,Automobile and Auto Components,39.75,0.0,0.53,-86.91,15.27,-52.67,18.49,10.52,,insufficient_data,0,,,,,{},insufficient_data,insufficient_data,,,,,False,False,,0.0
stock,Timken India,TIMKEN.NS,Abrasives & Bearings,Capital Goods,23514.88,0.08,154.79,-17.15,1073.14,14.19,59.03,18.26,,not_stage_2,2,3126.9,3348.87,0.47,0.13031,"{'price_above_30w_ma': False, '30w_ma_rising': True, 'price_above_10w_ma': False, 'relative_strength_positive': False, 'near_52w_high': True}",improving,improving,98.49,103.52,0.55,1.45,False,True,2026-07-20 ratio=97.94 momentum=102.07; 2026-07-21 ratio=97.94 momentum=104.61; 2026-07-22 ratio=98.08 momentum=103.69; 2026-07-23 ratio=98.29 momentum=102.90; 2026-07-27 ratio=98.49 momentum=103.52,58.54
stock,Grindwell Norton,GRINDWELL.NS,Abrasives & Bearings,Capital Goods,22303.99,0.94,115.31,22.3,803.3,14.19,51.12,21.18,,not_stage_2,3,2014.6,1739.3,3.75,0.08396,"{'price_above_30w_ma': True, '30w_ma_rising': True, 'price_above_10w_ma': False, 'relative_strength_positive': False, 'near_52w_high': True}",lagging,leading,99.91,99.15,-0.94,-1.03,False,False,2026-07-20 ratio=100.85 momentum=100.18; 2026-07-21 ratio=100.60 momentum=100.22; 2026-07-22 ratio=100.04 momentum=99.28; 2026-07-23 ratio=99.95 momentum=99.26; 2026-07-27 ratio=99.91 momentum=99.15,67.5
stock,Carborundum Uni.,CARBORUNIV.NS,Abrasives & Bearings,Capital Goods,20444.74,0.37,-40.01,-17.82,1398.35,14.89,79.49,10.52,,not_stage_2,3,1073.1,942.09,3.1,0.04472,"{'price_above_30w_ma': True, '30w_ma_rising': True, 'price_above_10w_ma': False, 'relative_strength_positive': False, 'near_52w_high': True}",lagging,lagging,99.57,97.84,-0.12,1.25,False,False,2026-07-20 ratio=99.69 momentum=96.59; 2026-07-21 ratio=99.65 momentum=98.02; 2026-07-22 ratio=99.51 momentum=97.62; 2026-07-23 ratio=99.35 momentum=96.49; 2026-07-27 ratio=99.57 momentum=97.84,66.2
stock,SKF India Indus.,SKFINDUS.NS,Abrasives & Bearings,Capital Goods,13417.96,0.37,118.97,-1.93,945.72,31.24,36.12,29.89,,insufficient_data,0,,,,,{},weakening,weakening,100.63,97.03,0.22,-0.25,False,False,2026-07-20 ratio=100.41 momentum=97.28; 2026-07-21 ratio=101.01 momentum=98.77; 2026-07-22 ratio=100.78 momentum=96.90; 2026-07-23 ratio=100.89 momentum=97.81; 2026-07-27 ratio=100.63 momentum=97.03,3.15
stock,SKF India,SKFINDIA.NS,Abrasives & Bearings,Capital Goods,7310.45,2.7,-20.23,-128.78,594.54,20.68,24.72,13.33,,not_stage_2,0,1481.4,1649.73,-2.34,0.06174,"{'price_above_30w_ma': False, '30w_ma_rising': False, 'price_above_10w_ma': False, 'relative_strength_positive': False, 'near_52w_high': False}",improving,lagging,98.14,100.95,0.73,1.11,False,True,2026-07-20 ratio=97.41 momentum=99.84; 2026-07-21 ratio=97.33 momentum=100.31; 2026-07-22 ratio=98.19 momentum=99.86; 2026-07-23 ratio=98.00 momentum=101.25; 2026-07-27 ratio=98.14 momentum=100.95,4.75
stock,Wendt India,WENDT.NS,Abrasives & Bearings,Capital Goods,1660.88,0.36,6.18,63.49,71.28,36.63,97.99,7.82,,not_stage_2,4,8302.5,7148.08,-0.12,0.346,"{'price_above_30w_ma': True, '30w_ma_rising': False, 'price_above_10w_ma': True, 'relative_strength_positive': True, 'near_52w_high': True}",leading,weakening,101.93,101.7,1.79,5.9,True,False,2026-07-20 ratio=100.14 momentum=95.80; 2026-07-21 ratio=100.14 momentum=97.31; 2026-07-22 ratio=100.15 momentum=98.04; 2026-07-23 ratio=100.02 momentum=97.81; 2026-07-27 ratio=101.93 momentum=101.70,128.15
stock,SKP Bearing,SKP.NS,Abrasives & Bearings,Capital Goods,263.94,0.7,-0.95,,37.99,,299.93,11.38,,not_stage_2,2,159.0,159.02,-1.91,0.00666,"{'price_above_30w_ma': False, '30w_ma_rising': False, 'price_above_10w_ma': True, 'relative_strength_positive': True, 'near_52w_high': False}",leading,improving,100.12,102.09,0.75,0.82,True,False,2026-07-17 ratio=99.37 momentum=101.27; 2026-07-20 ratio=99.47 momentum=101.42; 2026-07-21 ratio=99.66 momentum=101.95; 2026-07-22 ratio=99.80 momentum=102.25; 2026-07-23 ratio=100.12 momentum=102.09,81.05
stock,NRB Indl Bearing,NIBL.NS,Abrasives & Bearings,Capital Goods,90.69,0.0,-6.74,3.16,20.58,27.75,,-18.17,,stage_2,5,36.91,31.03,1.65,0.00154,"{'price_above_30w_ma': True, '30w_ma_rising': True, 'price_above_10w_ma': True, 'relative_strength_positive': True, 'near_52w_high': True}",leading,leading,103.19,105.25,0.38,3.08,False,False,2026-07-20 ratio=102.81 momentum=102.17; 2026-07-21 ratio=102.95 momentum=102.05; 2026-07-22 ratio=102.23 momentum=102.12; 2026-07-23 ratio=102.80 momentum=102.97; 2026-07-27 ratio=103.19 momentum=105.25,190.5
stock,Signpost India,SIGNPOST.NS,Advertising & Media Agencies,"Media, Entertainment & Publication",1635.55,0.16,21.01,2183.7,161.92,46.08,23.36,25.13,,stage_2,5,305.65,256.47,5.09,0.01274,"{'price_above_30w_ma': True, '30w_ma_rising': True, 'price_above_10w_ma': True, 'relative_strength_positive': True, 'near_52w_high': True}",weakening,leading,100.85,98.32,-0.53,-4.26,False,False,2026-07-20 ratio=101.38 momentum=102.58; 2026-07-21 ratio=100.76 momentum=99.68; 2026-07-22 ratio=100.29 momentum=97.17; 2026-07-23 ratio=100.74 momentum=97.38; 2026-07-27 ratio=100.85 momentum=98.32,139.43
stock,R K Swamy,RKSWAMY.NS,Advertising & Media Agencies,"Media, Entertainment & Publication",536.78,1.87,15.94,29.28,100.88,20.8,22.04,12.26,,not_stage_2,3,106.71,97.8,-1.21,0.00445,"{'price_above_30w_ma': True, '30w_ma_rising': False, 'price_above_10w_ma': True, 'relative_strength_positive': True, 'near_52w_high': False}",leading,weakening,101.88,102.06,1.8,6.14,True,False,2026-07-20 ratio=100.07 momentum=95.92; 2026-07-21 ratio=100.23 momentum=96.56; 2026-07-22 ratio=99.89 momentum=95.71; 2026-07-23 ratio=100.08 momentum=98.12; 2026-07-27 ratio=101.88 momentum=102.06,109.7
stock,Yaap Digital,YAAP.NS,Advertising & Media Agencies,"Media, Entertainment & Publication",325.08,0.0,19.0,84.08,135.66,28.14,17.61,30.86,,insufficient_data,0,,,,,{},insufficient_data,insufficient_data,,,,,False,False,,0.0
stock,Vertoz,VERTOZ.NS,Advertising & Media Agencies,"Media, Entertainment & Publication",302.99,0.28,6.25,-2.33,73.69,13.06,11.62,14.16,,not_stage_2,0,35.55,45.81,-9.65,0.00148,"{'price_above_30w_ma': False, '30w_ma_rising': False, 'price_above_10w_ma': False, 'relative_strength_positive': False, 'near_52w_high': False}",lagging,improving,98.51,99.66,0.06,-2.67,False,False,2026-07-20 ratio=98.45 momentum=102.33; 2026-07-21 ratio=98.23 momentum=98.56; 2026-07-22 ratio=98.33 momentum=97.71; 2026-07-23 ratio=98.44 momentum=99.92; 2026-07-27 ratio=98.51 momentum=99.66,0.0
stock,Simca Advertis.,SIMCA.NS,Advertising & Media Agencies,"Media, Entertainment & Publication",249.67,0.0,9.04,1164.71,78.51,107.37,15.01,97.5,,insufficient_data,0,,,,,{},insufficient_data,insufficient_data,,,,,False,False,,0.0
stock,Cash UR Drive,CUDML.NS,Advertising & Media Agencies,"Media, Entertainment & Publication",238.92,0.0,18.52,94.54,108.79,43.71,8.13,40.31,,insufficient_data,0,,,,,{},insufficient_data,insufficient_data,,,,,False,False,,0.0
stock,Pramara Promotio,PRAMARA.NS,Advertising & Media Agencies,"Media, Entertainment & Publication",179.46,0.0,3.91,5.96,59.27,6.49,17.87,14.95,,not_stage_2,0,127.8,280.49,-9.35,0.00535,"{'price_above_30w_ma': False, '30w_ma_rising': False, 'price_above_10w_ma': False, 'relative_strength_positive': False, 'near_52w_high': False}",improving,improving,99.47,103.74,0.03,0.61,False,True,2026-07-17 ratio=99.44 momentum=103.12; 2026-07-20 ratio=99.46 momentum=103.22; 2026-07-21 ratio=99.49 momentum=103.29; 2026-07-22 ratio=99.44 momentum=102.82; 2026-07-23 ratio=99.47 momentum=103.74,18.7
stock,Digicontent,DGCONTENT.NS,Advertising & Media Agencies,"Media, Entertainment & Publication",145.41,0.0,0.9,-85.53,118.35,3.34,38.88,23.95,,not_stage_2,0,24.99,27.14,-3.44,0.00104,"{'price_above_30w_ma': False, '30w_ma_rising': False, 'price_above_10w_ma': False, 'relative_strength_positive': False, 'near_52w_high': False}",lagging,improving,98.67,99.26,0.0,-1.49,False,False,2026-07-20 ratio=98.67 momentum=100.75; 2026-07-21 ratio=98.23 momentum=100.44; 2026-07-22 ratio=98.03 momentum=99.14; 2026-07-23 ratio=98.23 momentum=98.21; 2026-07-27 ratio=98.67 momentum=99.26,0.0
stock,Value 360 Commu.,VALUE360.NS,Advertising & Media Agencies,"Media, Entertainment & Publication",127.11,0.0,4.99,131.34,35.84,16.97,12.81,38.64,,insufficient_data,0,,,,,{},insufficient_data,insufficient_data,,,,,False,False,,0.0
stock,Crayons Advertis,CRAYONS.NS,Advertising & Media Agencies,"Media, Entertainment & Publication",61.68,0.0,0.68,-94.03,171.88,26.88,16.4,5.55,,not_stage_2,0,24.05,33.94,-4.69,0.00101,"{'price_above_30w_ma': False, '30w_ma_rising': False, 'price_above_10w_ma': False, 'relative_strength_positive': False, 'near_52w_high': False}",lagging,improving,98.32,97.9,-0.5,-4.63,False,False,2026-07-17 ratio=98.82 momentum=102.53; 2026-07-20 ratio=98.46 momentum=101.28; 2026-07-21 ratio=98.35 momentum=98.44; 2026-07-22 ratio=98.17 momentum=98.54; 2026-07-23 ratio=98.32 momentum=97.90,0.0
stock,Hind.Aeronautics,HAL.NS,Aerospace & Defense,Capital Goods,309194.5,0.97,4196.04,5.52,13942.4,1.77,33.92,31.96,,stage_2,5,4619.0,4264.71,0.6,0.19249,"{'price_above_30w_ma': True, '30w_ma_rising': True, 'price_above_10w_ma': True, 'relative_strength_positive': True, 'near_52w_high': True}",leading,leading,102.45,102.25,2.28,0.04,False,False,2026-07-20 ratio=100.17 momentum=102.21; 2026-07-21 ratio=101.16 momentum=104.55; 2026-07-22 ratio=101.66 momentum=103.29; 2026-07-23 ratio=102.22 momentum=103.23; 2026-07-27 ratio=102.45 momentum=102.25,169.7
stock,Bharat Electron,BEL.NS,Aerospace & Defense,Capital Goods,297580.9,0.59,1054.53,8.7,5546.98,24.94,48.42,36.53,,not_stage_2,2,407.15,425.83,0.41,0.01697,"{'price_above_30w_ma': False, '30w_ma_rising': True, 'price_above_10w_ma': False, 'relative_strength_positive': False, 'near_52w_high': True}",improving,lagging,98.84,100.29,0.47,5.07,False,True,2026-07-20 ratio=98.37 momentum=95.22; 2026-07-21 ratio=98.71 momentum=99.85; 2026-07-22 ratio=98.73 momentum=101.35; 2026-07-23 ratio=98.87 momentum=103.17; 2026-07-27 ratio=98.84 momentum=100.29,42.27
stock,Bharat Dynamics,BDL.NS,Aerospace & Defense,Capital Goods,46077.16,0.37,113.18,-58.51,480.2,-72.98,109.62,13.84,,not_stage_2,1,1256.4,1324.34,-1.63,0.05236,"{'price_above_30w_ma': False, '30w_ma_rising': False, 'price_above_10w_ma': False, 'relative_strength_positive': False, 'near_52w_high': True}",lagging,lagging,99.25,95.39,0.31,-1.5,False,False,2026-07-20 ratio=98.94 momentum=96.89; 2026-07-21 ratio=99.25 momentum=97.13; 2026-07-22 ratio=99.06 momentum=97.17; 2026-07-23 ratio=99.05 momentum=97.23; 2026-07-27 ratio=99.25 momentum=95.39,20.0
stock,Garden Reach Sh.,GRSE.NS,Aerospace & Defense,Capital Goods,30331.78,0.52,303.2,24.14,2119.21,29.06,40.55,42.96,,not_stage_2,3,2647.5,2574.75,1.15,0.11033,"{'price_above_30w_ma': True, '30w_ma_rising': True, 'price_above_10w_ma': False, 'relative_strength_positive': False, 'near_52w_high': True}",improving,lagging,99.43,101.48,1.29,6.64,False,True,2026-07-20 ratio=98.14 momentum=94.85; 2026-07-21 ratio=98.76 momentum=99.37; 2026-07-22 ratio=98.62 momentum=99.27; 2026-07-23 ratio=98.64 momentum=99.18; 2026-07-27 ratio=99.43 momentum=101.48,69.7
stock,Data Pattern,DATAPATTNS.NS,Aerospace & Defense,Capital Goods,25645.69,0.22,138.38,21.3,344.85,-12.96,103.77,21.92,,stage_2,5,4578.9,3632.72,7.01,0.19082,"{'price_above_30w_ma': True, '30w_ma_rising': True, 'price_above_10w_ma': True, 'relative_strength_positive': True, 'near_52w_high': True}",leading,lagging,100.85,100.95,2.1,5.72,True,False,2026-07-20 ratio=98.76 momentum=95.23; 2026-07-21 ratio=99.67 momentum=98.86; 2026-07-22 ratio=101.63 momentum=102.11; 2026-07-23 ratio=101.03 momentum=101.26; 2026-07-27 ratio=100.85 momentum=100.95,178.02
stock,Astra Microwave,ASTRAMICRO.NS,Aerospace & Defense,Capital Goods,17097.77,0.12,105.98,44.21,488.24,19.71,88.6,20.25,,stage_2,5,1801.8,1222.52,10.16,0.07509,"{'price_above_30w_ma': True, '30w_ma_rising': True, 'price_above_10w_ma': True, 'relative_strength_positive': True, 'near_52w_high': True}",weakening,weakening,101.1,96.38,0.14,-0.65,False,False,2026-07-20 ratio=100.96 momentum=97.03; 2026-07-21 ratio=100.92 momentum=98.04; 2026-07-22 ratio=100.99 momentum=97.11; 2026-07-23 ratio=101.10 momentum=96.18; 2026-07-27 ratio=101.10 momentum=96.38,150.82
stock,Aequs,AEQUS.NS,Aerospace & Defense,Capital Goods,15424.01,0.0,-53.72,-739.04,367.1,47.26,,1.55,,insufficient_data,0,,,,,{},weakening,weakening,100.6,96.85,-0.49,-2.72,False,False,2026-07-20 ratio=101.10 momentum=99.57; 2026-07-21 ratio=101.00 momentum=98.63; 2026-07-22 ratio=100.79 momentum=96.46; 2026-07-23 ratio=100.31 momentum=94.99; 2026-07-27 ratio=100.60 momentum=96.85,3.0
stock,Zen Technologies,ZENTEC.NS,Aerospace & Defense,Capital Goods,15235.93,0.06,31.85,-23.2,141.64,-10.48,83.85,16.18,,not_stage_2,3,1688.2,1558.27,3.58,0.07035,"{'price_above_30w_ma': True, '30w_ma_rising': True, 'price_above_10w_ma': False, 'relative_strength_positive': False, 'near_52w_high': True}",lagging,lagging,99.21,95.74,-0.56,-1.57,False,False,2026-07-20 ratio=99.78 momentum=97.31; 2026-07-21 ratio=100.42 momentum=98.67; 2026-07-22 ratio=100.49 momentum=99.02; 2026-07-23 ratio=100.42 momentum=99.13; 2026-07-27 ratio=99.21 momentum=95.74,67.16
stock,Apollo Micro Sys,APOLLO.NS,Aerospace & Defense,Capital Goods,14609.41,0.06,36.79,168.71,293.26,81.28,129.38,14.47,,not_stage_2,3,392.95,303.4,6.81,0.01638,"{'price_above_30w_ma': True, '30w_ma_rising': True, 'price_above_10w_ma': False, 'relative_strength_positive': False, 'near_52w_high': True}",lagging,lagging,99.71,96.79,-0.12,1.8,False,False,2026-07-20 ratio=99.83 momentum=94.98; 2026-07-21 ratio=99.76 momentum=97.50; 2026-07-22 ratio=100.17 momentum=99.46; 2026-07-23 ratio=99.92 momentum=98.13; 2026-07-27 ratio=99.71 momentum=96.79,73.62
stock,Sigma Advanced System,SIGMAADV.NS,Aerospace & Defense,Capital Goods,10437.11,0.0,128.45,1400.69,322.82,469.05,37.63,60.82,,stage_2,5,549.15,312.16,18.2,0.02289,"{'price_above_30w_ma': True, '30w_ma_rising': True, 'price_above_10w_ma': True, 'relative_strength_positive': True, 'near_52w_high': True}",weakening,weakening,100.75,98.15,0.13,0.32,False,False,2026-07-20 ratio=100.62 momentum=97.83; 2026-07-21 ratio=100.47 momentum=97.87; 2026-07-22 ratio=100.54 momentum=98.42; 2026-07-23 ratio=100.25 momentum=97.33; 2026-07-27 ratio=100.75 momentum=98.15,165.15
stock,Hindalco Inds.,HINDALCO.NS,Aluminium,Metals & Mining,212430.36,0.53,2597.0,-22.12,78133.0,20.41,12.59,13.21,,not_stage_2,2,945.25,976.07,1.02,0.03939,"{'price_above_30w_ma': False, '30w_ma_rising': True, 'price_above_10w_ma': False, 'relative_strength_positive': False, 'near_52w_high': True}",improving,improving,98.95,101.56,0.25,0.59,False,True,2026-07-20 ratio=98.70 momentum=100.97; 2026-07-21 ratio=98.82 momentum=103.11; 2026-07-22 ratio=98.93 momentum=100.55; 2026-07-23 ratio=99.10 momentum=102.40; 2026-07-27 ratio=98.95 momentum=101.56,49.84
stock,Vedanta Aluminium Metal,VAML.NS,Aluminium,Metals & Mining,170922.99,0.0,,,,,,,,insufficient_data,0,,,,,{},insufficient_data,insufficient_data,,,,,False,False,,0.0
stock,Natl. Aluminium,NATIONALUM.NS,Aluminium,Metals & Mining,62317.04,3.09,1722.44,-16.68,5012.82,-4.84,10.75,39.59,,not_stage_2,2,339.35,377.6,1.65,0.01414,"{'price_above_30w_ma': False, '30w_ma_rising': True, 'price_above_10w_ma': False, 'relative_strength_positive': False, 'near_52w_high': True}",improving,improving,98.91,100.24,0.17,-0.85,False,False,2026-07-20 ratio=98.74 momentum=101.09; 2026-07-21 ratio=98.81 momentum=102.47; 2026-07-22 ratio=98.92 momentum=100.75; 2026-07-23 ratio=99.11 momentum=101.62; 2026-07-27 ratio=98.91 momentum=100.24,44.5
stock,Arfin India,ARFIN.NS,Aluminium,Metals & Mining,1542.94,0.12,5.71,957.41,191.7,24.99,113.45,13.97,,stage_2,5,91.17,85.02,3.46,0.0038,"{'price_above_30w_ma': True, '30w_ma_rising': True, 'price_above_10w_ma': True, 'relative_strength_positive': True, 'near_52w_high': True}",leading,lagging,100.1,101.71,1.56,3.44,True,False,2026-07-20 ratio=98.54 momentum=98.27; 2026-07-21 ratio=98.76 momentum=98.45; 2026-07-22 ratio=99.41 momentum=103.19; 2026-07-23 ratio=99.97 momentum=102.07; 2026-07-27 ratio=100.10 momentum=101.71,170.97
stock,MMP Industries,MMP.NS,Aluminium,Metals & Mining,724.1,0.7,17.99,14.36,249.68,11.9,18.78,12.49,,stage_2,5,285.05,256.41,1.52,0.01188,"{'price_above_30w_ma': True, '30w_ma_rising': True, 'price_above_10w_ma': True, 'relative_strength_positive': True, 'near_52w_high': True}",leading,leading,100.98,100.27,0.47,-1.86,False,False,2026-07-20 ratio=100.51 momentum=102.13; 2026-07-21 ratio=100.58 momentum=107.25; 2026-07-22 ratio=100.98 momentum=101.10; 2026-07-23 ratio=101.29 momentum=101.60; 2026-07-27 ratio=100.98 momentum=100.27,154.29
stock,Maan Aluminium,MAANALU.NS,Aluminium,Metals & Mining,688.75,0.0,1.7,-56.85,254.57,3.54,52.86,7.73,,not_stage_2,0,114.21,135.39,-4.24,0.00476,"{'price_above_30w_ma': False, '30w_ma_rising': False, 'price_above_10w_ma': False, 'relative_strength_positive': False, 'near_52w_high': False}",lagging,lagging,98.51,99.5,0.45,1.58,False,False,2026-07-20 ratio=98.07 momentum=97.92; 2026-07-21 ratio=98.33 momentum=98.92; 2026-07-22 ratio=98.48 momentum=99.71; 2026-07-23 ratio=98.51 momentum=99.49; 2026-07-27 ratio=98.51 momentum=99.50,0.0
stock,Jainik Power,JAINIK.NS,Aluminium,Metals & Mining,255.96,0.0,7.85,64.57,208.91,9.73,18.26,29.88,,insufficient_data,0,,,,,{},insufficient_data,insufficient_data,,,,,False,False,,0.0
stock,Manaksia Alumi.,MANAKALUCO.NS,Aluminium,Metals & Mining,231.67,0.2,3.24,62.0,155.66,13.56,30.64,10.15,,not_stage_2,2,35.2,34.63,3.91,0.00147,"{'price_above_30w_ma': True, '30w_ma_rising': True, 'price_above_10w_ma': False, 'relative_strength_positive': False, 'near_52w_high': False}",improving,improving,99.32,100.7,-0.59,-0.83,False,False,2026-07-20 ratio=99.92 momentum=101.53; 2026-07-21 ratio=99.91 momentum=102.07; 2026-07-22 ratio=99.90 momentum=101.88; 2026-07-23 ratio=99.64 momentum=102.21; 2026-07-27 ratio=99.32 momentum=100.70,51.32
stock,Prec. Wires (I),PRECWIRE.NS,"Aluminium, Copper & Zinc Products",Capital Goods,6830.61,0.33,54.87,85.5,1762.85,67.19,44.43,32.94,,not_stage_2,3,373.95,340.99,5.58,0.01558,"{'price_above_30w_ma': True, '30w_ma_rising': True, 'price_above_10w_ma': False, 'relative_strength_positive': False, 'near_52w_high': True}",improving,lagging,98.88,100.7,0.75,0.88,False,True,2026-07-20 ratio=98.13 momentum=99.83; 2026-07-21 ratio=98.06 momentum=100.78; 2026-07-22 ratio=98.73 momentum=101.31; 2026-07-23 ratio=98.69 momentum=99.25; 2026-07-27 ratio=98.88 momentum=100.70,74.66
stock,CMR Green Tech.,CMRGREEN.NS,"Aluminium, Copper & Zinc Products",Capital Goods,4797.3,0.0,65.98,141.95,2364.67,45.38,22.59,13.98,,insufficient_data,0,,,,,{},insufficient_data,insufficient_data,,,,,False,False,,0.0
stock,Vidya Wires,VIDYAWIRES.NS,"Aluminium, Copper & Zinc Products",Capital Goods,1938.82,0.0,19.61,54.53,598.78,57.73,33.62,20.69,,insufficient_data,0,,,,,{},lagging,lagging,99.05,97.75,0.02,1.95,False,False,2026-07-20 ratio=99.03 momentum=95.80; 2026-07-21 ratio=98.81 momentum=97.51; 2026-07-22 ratio=98.84 momentum=97.81; 2026-07-23 ratio=98.62 momentum=96.53; 2026-07-27 ratio=99.05 momentum=97.75,0.0
stock,Baheti Recycling,BAHETI.NS,"Aluminium, Copper & Zinc Products",Capital Goods,738.86,0.0,17.79,61.87,409.72,53.38,27.3,21.66,,stage_2,5,709.9,608.46,2.43,0.02974,"{'price_above_30w_ma': True, '30w_ma_rising': True, 'price_above_10w_ma': True, 'relative_strength_positive': True, 'near_52w_high': True}",weakening,weakening,100.9,96.49,0.25,0.79,False,False,2026-07-17 ratio=100.66 momentum=95.70; 2026-07-20 ratio=100.94 momentum=97.68; 2026-07-21 ratio=100.88 momentum=97.85; 2026-07-22 ratio=100.83 momentum=96.37; 2026-07-23 ratio=100.90 momentum=96.49,134.36
stock,Sunlite Recycli.,SUNLITE.NS,"Aluminium, Copper & Zinc Products",Capital Goods,615.33,0.0,25.8,257.84,1642.41,116.13,15.33,46.52,,insufficient_data,0,,,,,{},insufficient_data,insufficient_data,,,,,False,False,,0.0
stock,ANB Metal,AMCL.NS,"Aluminium, Copper & Zinc Products",Capital Goods,486.58,0.0,12.97,199.54,137.39,115.08,22.67,29.63,,insufficient_data,0,,,,,{},insufficient_data,insufficient_data,,,,,False,False,,0.0
stock,Shera Energy,SHERA.NS,"Aluminium, Copper & Zinc Products",Capital Goods,420.35,0.0,12.64,88.26,487.67,26.1,12.29,19.54,,stage_2,5,177.15,138.6,3.92,0.00742,"{'price_above_30w_ma': True, '30w_ma_rising': True, 'price_above_10w_ma': True, 'relative_strength_positive': True, 'near_52w_high': True}",leading,leading,101.58,102.84,0.76,-0.29,False,False,2026-07-17 ratio=100.82 momentum=103.13; 2026-07-20 ratio=101.19 momentum=102.52; 2026-07-21 ratio=101.14 momentum=102.39; 2026-07-22 ratio=101.26 momentum=103.13; 2026-07-23 ratio=101.58 momentum=102.84,174.94
stock,Euro Panel,EUROBOND.NS,"Aluminium, Copper & Zinc Products",Capital Goods,383.84,0.0,8.81,41.19,141.04,19.92,14.11,16.95,,not_stage_2,0,158.99,169.96,-1.2,0.00663,"{'price_above_30w_ma': False, '30w_ma_rising': False, 'price_above_10w_ma': False, 'relative_strength_positive': False, 'near_52w_high': False}",lagging,improving,98.26,95.14,-0.06,-5.09,False,False,2026-07-20 ratio=98.31 momentum=100.23; 2026-07-21 ratio=98.62 momentum=100.48; 2026-07-22 ratio=98.73 momentum=102.20; 2026-07-23 ratio=98.46 momentum=100.09; 2026-07-27 ratio=98.26 momentum=95.14,0.0
stock,Rajputana Indu.,RAJINDLTD.NS,"Aluminium, Copper & Zinc Products",Capital Goods,159.61,0.0,3.69,32.26,204.08,22.12,12.15,19.73,,insufficient_data,0,,,,,{},insufficient_data,insufficient_data,,,,,False,False,,0.0
stock,Century Extrus.,CENTEXT.NS,"Aluminium, Copper & Zinc Products",Capital Goods,150.08,0.0,2.95,27.34,142.22,18.72,12.94,19.29,,not_stage_2,0,18.7,20.3,-1.66,0.00078,"{'price_above_30w_ma': False, '30w_ma_rising': False, 'price_above_10w_ma': False, 'relative_strength_positive': False, 'near_52w_high': False}",improving,improving,98.57,101.1,0.11,-0.9,False,False,2026-07-20 ratio=98.47 momentum=102.00; 2026-07-21 ratio=98.58 momentum=103.49; 2026-07-22 ratio=98.79 momentum=100.57; 2026-07-23 ratio=99.07 momentum=102.27; 2026-07-27 ratio=98.57 momentum=101.10,5.5
stock,Wonderla Holiday,WONDERLA.NS,Amusement Parks/ Other Recreation,Consumer Services,2972.95,0.43,16.42,24.52,135.85,40.37,34.95,6.42,,not_stage_2,0,467.75,498.52,-1.53,0.01949,"{'price_above_30w_ma': False, '30w_ma_rising': False, 'price_above_10w_ma': False, 'relative_strength_positive': False, 'near_52w_high': False}",improving,lagging,98.48,100.2,0.44,3.93,False,True,2026-07-20 ratio=98.03 momentum=96.28; 2026-07-21 ratio=98.34 momentum=96.17; 2026-07-22 ratio=98.73 momentum=102.49; 2026-07-23 ratio=98.34 momentum=99.84; 2026-07-27 ratio=98.48 momentum=100.20,1.0
stock,Imagica. Enter.,IMAGICAA.NS,Amusement Parks/ Other Recreation,Consumer Services,2587.12,0.0,0.4,-97.76,91.86,-2.69,4106.54,1.86,,not_stage_2,1,45.72,45.56,-0.38,0.00191,"{'price_above_30w_ma': True, '30w_ma_rising': False, 'price_above_10w_ma': False, 'relative_strength_positive': False, 'near_52w_high': False}",weakening,weakening,100.06,99.09,-0.03,1.09,False,False,2026-07-20 ratio=100.09 momentum=98.00; 2026-07-21 ratio=100.56 momentum=101.04; 2026-07-22 ratio=100.98 momentum=102.50; 2026-07-23 ratio=100.80 momentum=101.23; 2026-07-27 ratio=100.06 momentum=99.09,20.3
stock,Delta Corp,DELTACORP.NS,Amusement Parks/ Other Recreation,Consumer Services,1678.93,1.99,16.45,-28.81,161.25,-11.72,18.78,5.02,,not_stage_2,0,62.71,64.82,-1.28,0.00261,"{'price_above_30w_ma': False, '30w_ma_rising': False, 'price_above_10w_ma': False, 'relative_strength_positive': False, 'near_52w_high': False}",lagging,improving,98.9,99.53,-0.0,-1.16,False,False,2026-07-20 ratio=98.91 momentum=100.70; 2026-07-21 ratio=98.85 momentum=100.79; 2026-07-22 ratio=98.87 momentum=101.47; 2026-07-23 ratio=98.90 momentum=99.16; 2026-07-27 ratio=98.90 momentum=99.53,0.0
stock,Avanti Feeds,AVANTIFEED.NS,Animal Feed,Fast Moving Consumer Goods,13330.93,1.02,138.86,-12.84,1467.72,6.19,23.95,24.38,,not_stage_2,1,979.55,1139.85,1.57,0.04082,"{'price_above_30w_ma': False, '30w_ma_rising': True, 'price_above_10w_ma': False, 'relative_strength_positive': False, 'near_52w_high': False}",improving,improving,99.35,103.05,-0.15,0.34,False,False,2026-07-20 ratio=99.50 momentum=102.70; 2026-07-21 ratio=99.36 momentum=102.07; 2026-07-22 ratio=99.38 momentum=102.53; 2026-07-23 ratio=99.22 momentum=102.05; 2026-07-27 ratio=99.35 momentum=103.05,38.39
stock,Godrej Agrovet,GODREJAGRO.NS,Animal Feed,Fast Moving Consumer Goods,11039.54,1.92,102.28,48.14,2332.65,9.33,23.95,19.16,,not_stage_2,2,574.35,577.71,-0.14,0.02394,"{'price_above_30w_ma': False, '30w_ma_rising': False, 'price_above_10w_ma': True, 'relative_strength_positive': True, 'near_52w_high': False}",leading,improving,100.12,103.48,0.72,1.66,True,False,2026-07-20 ratio=99.40 momentum=101.82; 2026-07-21 ratio=99.79 momentum=103.49; 2026-07-22 ratio=99.68 momentum=102.75; 2026-07-23 ratio=99.32 momentum=100.85; 2026-07-27 ratio=100.12 momentum=103.48,88.0
stock,Mukka Proteins,MUKKA.NS,Animal Feed,Fast Moving Consumer Goods,678.9,0.0,21.36,51.73,380.61,-0.25,13.04,11.61,,not_stage_2,1,22.62,22.98,-0.76,0.00094,"{'price_above_30w_ma': False, '30w_ma_rising': False, 'price_above_10w_ma': False, 'relative_strength_positive': False, 'near_52w_high': True}",lagging,improving,99.01,99.79,-0.67,-0.87,False,False,2026-07-20 ratio=99.68 momentum=100.66; 2026-07-21 ratio=99.33 momentum=99.84; 2026-07-22 ratio=99.42 momentum=101.29; 2026-07-23 ratio=99.28 momentum=99.00; 2026-07-27 ratio=99.01 momentum=99.79,20.0
stock,Narmada Agrobase,NARMADA.NS,Animal Feed,Fast Moving Consumer Goods,124.82,0.0,0.8,2.56,34.0,16.04,32.34,8.95,,not_stage_2,2,32.98,33.96,5.87,0.00137,"{'price_above_30w_ma': False, '30w_ma_rising': True, 'price_above_10w_ma': False, 'relative_strength_positive': False, 'near_52w_high': True}",lagging,leading,98.14,99.24,-2.48,-2.28,False,False,2026-07-20 ratio=100.62 momentum=101.51; 2026-07-21 ratio=99.53 momentum=100.52; 2026-07-22 ratio=99.35 momentum=100.49; 2026-07-23 ratio=99.20 momentum=100.36; 2026-07-27 ratio=98.14 momentum=99.24,51.74
stock,Ajooni Biotech,AJOONI.NS,Animal Feed,Fast Moving Consumer Goods,68.38,0.0,0.95,-38.31,60.62,107.11,15.83,6.49,,not_stage_2,2,3.97,4.16,-1.25,0.00017,"{'price_above_30w_ma': False, '30w_ma_rising': False, 'price_above_10w_ma': True, 'relative_strength_positive': True, 'near_52w_high': False}",leading,leading,100.08,101.66,-0.69,-0.11,False,False,2026-07-20 ratio=100.76 momentum=101.77; 2026-07-21 ratio=100.98 momentum=102.14; 2026-07-22 ratio=100.31 momentum=101.70; 2026-07-23 ratio=100.04 momentum=101.36; 2026-07-27 ratio=100.08 momentum=101.66,68.7
stock,ICICI AMC,ICICIAMC.NS,Asset Management Company,Financial Services,155375.02,0.87,964.63,23.1,1564.22,17.55,44.57,115.1,,insufficient_data,0,,,,,{},improving,lagging,98.83,103.0,0.7,7.13,False,True,2026-07-20 ratio=98.13 momentum=95.87; 2026-07-21 ratio=98.53 momentum=102.29; 2026-07-22 ratio=98.53 momentum=100.98; 2026-07-23 ratio=98.83 momentum=100.89; 2026-07-27 ratio=98.83 momentum=103.00,15.0
stock,SBI Funds Mgt.,SBIFUNDS.NS,Asset Management Company,Financial Services,118808.02,0.0,,,,,38.73,56.5,,insufficient_data,0,,,,,{},insufficient_data,insufficient_data,,,,,False,False,,0.0
stock,HDFC AMC,HDFCAMC.NS,Asset Management Company,Financial Services,109443.53,2.12,838.36,12.09,1098.5,13.51,37.1,42.88,,not_stage_2,1,2552.4,2612.22,-0.23,0.10637,"{'price_above_30w_ma': False, '30w_ma_rising': False, 'price_above_10w_ma': False, 'relative_strength_positive': False, 'near_52w_high': True}",lagging,lagging,98.64,97.41,-0.59,-0.78,False,False,2026-07-20 ratio=99.23 momentum=98.19; 2026-07-21 ratio=98.52 momentum=97.21; 2026-07-22 ratio=98.40 momentum=98.36; 2026-07-23 ratio=98.19 momentum=97.11; 2026-07-27 ratio=98.64 momentum=97.41,20.0
stock,Nippon Life Ind.,NAM-INDIA.NS,Asset Management Company,Financial Services,73758.41,1.86,503.7,27.16,766.87,26.42,45.06,43.8,,stage_2,4,1153.9,1004.15,3.96,0.04809,"{'price_above_30w_ma': True, '30w_ma_rising': True, 'price_above_10w_ma': True, 'relative_strength_positive': False, 'near_52w_high': True}",weakening,weakening,100.23,97.99,-0.52,-0.61,False,False,2026-07-20 ratio=100.75 momentum=98.60; 2026-07-21 ratio=100.39 momentum=98.60; 2026-07-22 ratio=100.12 momentum=98.34; 2026-07-23 ratio=99.17 momentum=96.10; 2026-07-27 ratio=100.23 momentum=97.99,114.07
stock,Aditya AMC,ABSLAMC.NS,Asset Management Company,Financial Services,28616.78,2.58,309.49,11.68,462.96,3.48,28.35,32.23,,not_stage_2,3,989.2,985.71,4.18,0.04122,"{'price_above_30w_ma': True, '30w_ma_rising': True, 'price_above_10w_ma': False, 'relative_strength_positive': False, 'near_52w_high': True}",lagging,weakening,98.14,97.81,-1.89,0.97,False,False,2026-07-20 ratio=100.03 momentum=96.84; 2026-07-21 ratio=98.71 momentum=96.66; 2026-07-22 ratio=98.20 momentum=97.33; 2026-07-23 ratio=98.09 momentum=97.55; 2026-07-27 ratio=98.14 momentum=97.81,68.36
stock,UTI AMC,UTIAMC.NS,Asset Management Company,Financial Services,11629.24,4.42,293.86,24.07,583.51,6.7,21.78,15.57,,not_stage_2,0,904.0,973.3,-2.68,0.03767,"{'price_above_30w_ma': False, '30w_ma_rising': False, 'price_above_10w_ma': False, 'relative_strength_positive': False, 'near_52w_high': False}",lagging,lagging,97.85,97.45,-0.32,-0.87,False,False,2026-07-20 ratio=98.17 momentum=98.32; 2026-07-21 ratio=97.89 momentum=98.44; 2026-07-22 ratio=97.90 momentum=98.24; 2026-07-23 ratio=97.96 momentum=97.98; 2026-07-27 ratio=97.85 momentum=97.45,0.0
stock,Canara Robeco,CRAMC.NS,Asset Management Company,Financial Services,5239.07,1.52,75.6,23.98,145.37,20.07,23.99,40.11,,not_stage_2,4,262.87,253.84,-2.36,0.01095,"{'price_above_30w_ma': True, '30w_ma_rising': False, 'price_above_10w_ma': True, 'relative_strength_positive': True, 'near_52w_high': True}",leading,leading,101.65,101.35,1.22,0.53,False,False,2026-07-20 ratio=100.43 momentum=100.82; 2026-07-21 ratio=99.89 momentum=100.44; 2026-07-22 ratio=102.55 momentum=103.36; 2026-07-23 ratio=102.44 momentum=101.56; 2026-07-27 ratio=101.65 momentum=101.35,115.0
stock,IL&FS Inv.Manag.,IVC.NS,Asset Management Company,Financial Services,258.14,6.05,3.96,-81.92,35.21,364.51,66.88,4.07,,stage_2,5,8.27,7.72,0.21,0.00034,"{'price_above_30w_ma': True, '30w_ma_rising': True, 'price_above_10w_ma': True, 'relative_strength_positive': True, 'near_52w_high': True}",leading,leading,100.34,101.62,0.1,-0.14,False,False,2026-07-20 ratio=100.25 momentum=101.76; 2026-07-21 ratio=100.33 momentum=101.82; 2026-07-22 ratio=100.36 momentum=100.56; 2026-07-23 ratio=100.46 momentum=101.19; 2026-07-27 ratio=100.34 momentum=101.62,155.22
stock,Samvardh. Mothe.,MOTHERSON.NS,Auto Components & Equipments,Automobile and Auto Components,157229.53,0.4,1561.56,55.33,34309.31,17.03,36.87,13.43,,stage_2,5,148.97,129.29,2.6,0.00621,"{'price_above_30w_ma': True, '30w_ma_rising': True, 'price_above_10w_ma': True, 'relative_strength_positive': True, 'near_52w_high': True}",leading,lagging,101.07,102.67,1.12,6.6,True,False,2026-07-20 ratio=99.96 momentum=96.07; 2026-07-21 ratio=100.28 momentum=100.41; 2026-07-22 ratio=100.17 momentum=99.47; 2026-07-23 ratio=100.61 momentum=101.30; 2026-07-27 ratio=101.07 momentum=102.67,178.9
stock,Bosch,BOSCHLTD.NS,Auto Components & Equipments,Automobile and Auto Components,121638.35,0.65,570.0,2.98,5565.7,13.34,58.27,21.54,,stage_2,5,41250.0,36885.33,1.63,1.71904,"{'price_above_30w_ma': True, '30w_ma_rising': True, 'price_above_10w_ma': True, 'relative_strength_positive': True, 'near_52w_high': True}",weakening,weakening,101.0,98.25,0.2,0.84,False,False,2026-07-20 ratio=100.80 momentum=97.41; 2026-07-21 ratio=100.77 momentum=97.85; 2026-07-22 ratio=101.29 momentum=98.33; 2026-07-23 ratio=101.71 momentum=98.86; 2026-07-27 ratio=101.00 momentum=98.25,133.26
stock,Bharat Forge,BHARATFORG.NS,Auto Components & Equipments,Automobile and Auto Components,104273.36,0.39,233.45,2.05,4528.04,17.53,92.38,12.61,,stage_2,5,2181.3,1847.04,5.43,0.0909,"{'price_above_30w_ma': True, '30w_ma_rising': True, 'price_above_10w_ma': True, 'relative_strength_positive': True, 'near_52w_high': True}",leading,leading,101.45,101.17,-0.4,-0.62,False,False,2026-07-20 ratio=101.85 momentum=101.79; 2026-07-21 ratio=101.72 momentum=102.30; 2026-07-22 ratio=101.65 momentum=100.97; 2026-07-23 ratio=101.58 momentum=100.18; 2026-07-27 ratio=101.45 momentum=101.17,168.96
stock,Uno Minda,UNOMINDA.NS,Auto Components & Equipments,Automobile and Auto Components,67062.3,0.23,351.76,22.39,5336.41,17.85,55.26,19.65,,not_stage_2,4,1162.4,1127.86,-1.45,0.04844,"{'price_above_30w_ma': True, '30w_ma_rising': False, 'price_above_10w_ma': True, 'relative_strength_positive': True, 'near_52w_high': True}",leading,leading,101.96,100.93,1.07,-0.57,False,False,2026-07-20 ratio=100.89 momentum=101.50; 2026-07-21 ratio=100.77 momentum=102.73; 2026-07-22 ratio=100.55 momentum=98.92; 2026-07-23 ratio=100.83 momentum=97.30; 2026-07-27 ratio=101.96 momentum=100.93,114.45
stock,Schaeffler India,SCHAEFFLER.NS,Auto Components & Equipments,Automobile and Auto Components,65481.48,0.84,336.73,13.67,2681.41,17.5,50.72,27.9,,stage_2,5,4185.5,4027.57,0.98,0.17443,"{'price_above_30w_ma': True, '30w_ma_rising': True, 'price_above_10w_ma': True, 'relative_strength_positive': True, 'near_52w_high': True}",leading,improving,100.73,103.92,1.1,1.84,True,False,2026-07-20 ratio=99.63 momentum=102.08; 2026-07-21 ratio=100.12 momentum=103.65; 2026-07-22 ratio=100.89 momentum=102.18; 2026-07-23 ratio=99.69 momentum=101.89; 2026-07-27 ratio=100.73 momentum=103.92,180.21
stock,Tube Investments,TIINDIA.NS,Auto Components & Equipments,Automobile and Auto Components,55155.41,0.12,234.01,81.73,6214.74,20.68,83.45,17.14,,not_stage_2,3,2849.3,2763.56,1.19,0.11874,"{'price_above_30w_ma': True, '30w_ma_rising': True, 'price_above_10w_ma': False, 'relative_strength_positive': False, 'near_52w_high': True}",lagging,lagging,98.6,98.16,0.13,1.0,False,False,2026-07-20 ratio=98.47 momentum=97.16; 2026-07-21 ratio=98.72 momentum=99.19; 2026-07-22 ratio=98.88 momentum=100.56; 2026-07-23 ratio=98.48 momentum=98.25; 2026-07-27 ratio=98.60 momentum=98.16,62.38
stock,Sona BLW Precis.,SONACOMS.NS,Auto Components & Equipments,Automobile and Auto Components,44905.87,0.47,220.11,73.37,1157.24,50.82,57.76,15.11,,stage_2,5,720.9,568.24,5.28,0.03004,"{'price_above_30w_ma': True, '30w_ma_rising': True, 'price_above_10w_ma': True, 'relative_strength_positive': True, 'near_52w_high': True}",leading,leading,102.19,100.33,-0.54,-0.55,False,False,2026-07-20 ratio=102.73 momentum=100.89; 2026-07-21 ratio=103.02 momentum=101.43; 2026-07-22 ratio=102.72 momentum=100.45; 2026-07-23 ratio=102.43 momentum=99.55; 2026-07-27 ratio=102.19 momentum=100.33,168.16
stock,Endurance Tech.,ENDURANCE.NS,Auto Components & Equipments,Automobile and Auto Components,38391.51,0.42,276.45,17.32,4085.95,37.88,41.13,17.8,,stage_2,5,2732.8,2514.35,0.48,0.11389,"{'price_above_30w_ma': True, '30w_ma_rising': True, 'price_above_10w_ma': True, 'relative_strength_positive': True, 'near_52w_high': True}",leading,leading,100.98,102.04,0.13,-0.39,False,False,2026-07-20 ratio=100.84 momentum=102.44; 2026-07-21 ratio=101.06 momentum=102.91; 2026-07-22 ratio=101.14 momentum=101.64; 2026-07-23 ratio=101.05 momentum=100.68; 2026-07-27 ratio=100.98 momentum=102.04,161.06
stock,Exide Inds.,EXIDEIND.NS,Auto Components & Equipments,Automobile and Auto Components,36299.1,0.47,216.73,15.19,4735.13,9.22,43.7,8.54,,stage_2,5,427.0,356.55,2.49,0.01779,"{'price_above_30w_ma': True, '30w_ma_rising': True, 'price_above_10w_ma': True, 'relative_strength_positive': True, 'near_52w_high': True}",weakening,leading,101.1,98.4,-0.5,-3.01,False,False,2026-07-20 ratio=101.60 momentum=101.41; 2026-07-21 ratio=101.80 momentum=102.69; 2026-07-22 ratio=101.98 momentum=100.76; 2026-07-23 ratio=101.69 momentum=99.51; 2026-07-27 ratio=101.10 momentum=98.40,135.48
stock,Motherson Wiring,MSUMI.NS,Auto Components & Equipments,Automobile and Auto Components,27694.37,1.39,167.3,1.44,3334.62,32.88,44.34,38.86,,not_stage_2,4,41.74,40.74,-2.1,0.00174,"{'price_above_30w_ma': True, '30w_ma_rising': False, 'price_above_10w_ma': True, 'relative_strength_positive': True, 'near_52w_high': True}",leading,lagging,102.0,103.11,2.27,5.0,True,False,2026-07-20 ratio=99.73 momentum=98.11; 2026-07-21 ratio=100.22 momentum=98.68; 2026-07-22 ratio=100.60 momentum=99.01; 2026-07-23 ratio=100.58 momentum=100.65; 2026-07-27 ratio=102.00 momentum=103.11,135.55
stock,United Spirits,UNITDSPR.NS,Breweries & Distilleries,Fast Moving Consumer Goods,107719.98,1.15,463.0,-20.54,2708.0,-10.36,58.13,26.39,,stage_2,5,1482.0,1338.83,0.12,0.06176,"{'price_above_30w_ma': True, '30w_ma_rising': True, 'price_above_10w_ma': True, 'relative_strength_positive': True, 'near_52w_high': True}",leading,weakening,103.05,102.7,1.74,4.48,True,False,2026-07-20 ratio=101.31 momentum=98.22; 2026-07-21 ratio=101.22 momentum=96.99; 2026-07-22 ratio=101.73 momentum=97.45; 2026-07-23 ratio=102.11 momentum=101.42; 2026-07-27 ratio=103.05 momentum=102.70,183.99
stock,Radico Khaitan,RADICO.NS,Breweries & Distilleries,Fast Moving Consumer Goods,55604.83,0.22,179.46,94.92,1503.71,15.31,90.44,24.15,,stage_2,5,4149.5,3252.41,3.82,0.17293,"{'price_above_30w_ma': True, '30w_ma_rising': True, 'price_above_10w_ma': True, 'relative_strength_positive': True, 'near_52w_high': True}",weakening,weakening,101.66,98.02,-0.04,0.32,False,False,2026-07-20 ratio=101.70 momentum=97.70; 2026-07-21 ratio=101.47 momentum=97.37; 2026-07-22 ratio=101.81 momentum=96.92; 2026-07-23 ratio=101.46 momentum=94.37; 2026-07-27 ratio=101.66 momentum=98.02,140.94
stock,United Breweries,UBL.NS,Breweries & Distilleries,Fast Moving Consumer Goods,37780.96,0.7,101.87,-58.32,2250.07,-3.14,110.52,10.68,,not_stage_2,2,1428.7,1461.59,-2.17,0.05954,"{'price_above_30w_ma': False, '30w_ma_rising': False, 'price_above_10w_ma': True, 'relative_strength_positive': True, 'near_52w_high': False}",leading,improving,102.79,102.73,3.38,2.4,True,False,2026-07-20 ratio=99.41 momentum=100.33; 2026-07-21 ratio=101.40 momentum=103.06; 2026-07-22 ratio=102.70 momentum=103.01; 2026-07-23 ratio=101.97 momentum=102.18; 2026-07-27 ratio=102.79 momentum=102.73,97.6
stock,Allied Blenders,ABDL.NS,Breweries & Distilleries,Fast Moving Consumer Goods,17491.89,0.86,45.42,-12.98,978.94,6.08,78.42,18.38,,stage_2,5,624.3,537.81,0.43,0.02602,"{'price_above_30w_ma': True, '30w_ma_rising': True, 'price_above_10w_ma': True, 'relative_strength_positive': True, 'near_52w_high': True}",weakening,weakening,100.34,96.55,0.04,-0.29,False,False,2026-07-20 ratio=100.30 momentum=96.84; 2026-07-21 ratio=100.16 momentum=96.98; 2026-07-22 ratio=100.18 momentum=96.07; 2026-07-23 ratio=99.94 momentum=94.20; 2026-07-27 ratio=100.34 momentum=96.55,127.56
stock,Tilaknagar Inds.,TI.NS,Breweries & Distilleries,Fast Moving Consumer Goods,11052.16,0.22,31.59,-30.28,1046.03,155.67,48.9,11.78,,not_stage_2,4,446.7,440.77,-0.48,0.01862,"{'price_above_30w_ma': True, '30w_ma_rising': False, 'price_above_10w_ma': True, 'relative_strength_positive': True, 'near_52w_high': True}",leading,lagging,100.65,102.45,1.09,4.42,True,False,2026-07-20 ratio=99.56 momentum=98.03; 2026-07-21 ratio=99.91 momentum=100.36; 2026-07-22 ratio=100.01 momentum=100.79; 2026-07-23 ratio=99.86 momentum=98.61; 2026-07-27 ratio=100.65 momentum=102.45,125.5
stock,India Glycols,INDIAGLYCO.NS,Breweries & Distilleries,Fast Moving Consumer Goods,7936.93,0.63,86.88,35.71,976.35,13.11,27.05,12.43,,stage_2,5,1184.45,974.86,1.4,0.04936,"{'price_above_30w_ma': True, '30w_ma_rising': True, 'price_above_10w_ma': True, 'relative_strength_positive': True, 'near_52w_high': True}",leading,leading,102.39,104.37,0.59,2.81,False,False,2026-07-20 ratio=101.80 momentum=101.56; 2026-07-21 ratio=102.02 momentum=101.75; 2026-07-22 ratio=101.91 momentum=102.46; 2026-07-23 ratio=102.42 momentum=103.95; 2026-07-27 ratio=102.39 momentum=104.37,181.6
stock,Piccadily Agro,PICCADIL.NS,Breweries & Distilleries,Fast Moving Consumer Goods,7478.64,0.0,44.7,12.14,335.47,31.44,54.39,18.01,,stage_2,5,757.05,598.09,3.49,0.03155,"{'price_above_30w_ma': True, '30w_ma_rising': True, 'price_above_10w_ma': True, 'relative_strength_positive': True, 'near_52w_high': True}",weakening,leading,102.2,99.08,-0.51,-1.36,False,False,2026-07-20 ratio=102.71 momentum=100.44; 2026-07-21 ratio=102.55 momentum=101.02; 2026-07-22 ratio=102.31 momentum=100.92; 2026-07-23 ratio=102.08 momentum=100.15; 2026-07-27 ratio=102.20 momentum=99.08,142.98
stock,Globus Spirits,GLOBUSSPR.NS,Breweries & Distilleries,Fast Moving Consumer Goods,2589.05,0.31,26.48,49.05,788.78,12.71,25.75,11.45,,not_stage_2,1,889.45,920.23,-1.38,0.03707,"{'price_above_30w_ma': False, '30w_ma_rising': False, 'price_above_10w_ma': True, 'relative_strength_positive': False, 'near_52w_high': False}",lagging,leading,99.82,99.79,-0.37,-1.14,False,False,2026-07-20 ratio=100.19 momentum=100.93; 2026-07-21 ratio=99.74 momentum=100.34; 2026-07-22 ratio=99.34 momentum=99.61; 2026-07-23 ratio=98.88 momentum=98.38; 2026-07-27 ratio=99.82 momentum=99.79,20.0
stock,G M Breweries,GMBREW.NS,Breweries & Distilleries,Fast Moving Consumer Goods,2065.36,0.99,37.74,45.94,199.58,22.55,12.24,17.96,,not_stage_2,0,905.6,965.11,-2.55,0.03774,"{'price_above_30w_ma': False, '30w_ma_rising': False, 'price_above_10w_ma': False, 'relative_strength_positive': False, 'near_52w_high': False}",lagging,lagging,99.04,97.81,-0.22,-0.28,False,False,2026-07-20 ratio=99.26 momentum=98.09; 2026-07-21 ratio=98.89 momentum=97.82; 2026-07-22 ratio=99.43 momentum=97.83; 2026-07-23 ratio=99.18 momentum=95.01; 2026-07-27 ratio=99.04 momentum=97.81,0.0
stock,Assoc.Alcohols,ASALCBR.NS,Breweries & Distilleries,Fast Moving Consumer Goods,1583.12,0.25,17.92,-24.26,280.86,5.31,19.13,17.98,,not_stage_2,0,791.7,827.42,-2.21,0.03299,"{'price_above_30w_ma': False, '30w_ma_rising': False, 'price_above_10w_ma': False, 'relative_strength_positive': False, 'near_52w_high': False}",lagging,lagging,98.06,98.71,-0.4,2.56,False,False,2026-07-20 ratio=98.46 momentum=96.15; 2026-07-21 ratio=97.79 momentum=94.10; 2026-07-22 ratio=97.63 momentum=97.50; 2026-07-23 ratio=98.69 momentum=100.50; 2026-07-27 ratio=98.06 momentum=98.71,0.0
stock,Firstsour.Solu.,FSL.NS,Business Process Outsourcing (BPO)/ Knowledge Process Outsourcing (KPO),Services,18524.33,2.1,205.24,27.72,2583.45,19.52,24.77,16.8,,not_stage_2,3,262.23,252.78,-4.15,0.01093,"{'price_above_30w_ma': True, '30w_ma_rising': False, 'price_above_10w_ma': True, 'relative_strength_positive': True, 'near_52w_high': False}",leading,leading,100.59,100.63,-0.13,-0.98,False,False,2026-07-20 ratio=100.72 momentum=101.61; 2026-07-21 ratio=100.74 momentum=102.50; 2026-07-22 ratio=100.75 momentum=104.04; 2026-07-23 ratio=100.25 momentum=103.14; 2026-07-27 ratio=100.59 momentum=100.63,86.1
stock,eClerx Services,ECLERX.NS,Business Process Outsourcing (BPO)/ Knowledge Process Outsourcing (KPO),Services,17039.17,0.03,189.65,24.45,1107.29,23.27,24.13,34.81,,not_stage_2,3,1811.7,1682.81,-3.69,0.0755,"{'price_above_30w_ma': True, '30w_ma_rising': False, 'price_above_10w_ma': True, 'relative_strength_positive': True, 'near_52w_high': False}",leading,leading,101.68,100.52,-0.92,-1.94,False,False,2026-07-20 ratio=102.60 momentum=102.47; 2026-07-21 ratio=102.74 momentum=102.90; 2026-07-22 ratio=102.78 momentum=103.74; 2026-07-23 ratio=102.32 momentum=102.49; 2026-07-27 ratio=101.68 momentum=100.52,91.0
stock,RPSG Ventures,RPSGVENT.NS,Business Process Outsourcing (BPO)/ Knowledge Process Outsourcing (KPO),Services,2986.34,0.0,-72.0,-327.88,2927.03,15.18,,10.61,,stage_2,5,898.7,825.48,2.37,0.03745,"{'price_above_30w_ma': True, '30w_ma_rising': True, 'price_above_10w_ma': True, 'relative_strength_positive': True, 'near_52w_high': True}",improving,improving,99.89,101.64,0.14,-1.52,False,False,2026-07-20 ratio=99.75 momentum=103.17; 2026-07-21 ratio=100.02 momentum=102.28; 2026-07-22 ratio=100.11 momentum=99.64; 2026-07-23 ratio=100.03 momentum=100.77; 2026-07-27 ratio=99.89 momentum=101.64,137.94
stock,Hinduja Global,HGS.NS,Business Process Outsourcing (BPO)/ Knowledge Process Outsourcing (KPO),Services,1963.15,0.0,-13.58,-430.06,1084.67,-6.58,,1.42,,not_stage_2,4,422.55,405.75,-0.83,0.01761,"{'price_above_30w_ma': True, '30w_ma_rising': False, 'price_above_10w_ma': True, 'relative_strength_positive': True, 'near_52w_high': True}",leading,leading,100.17,101.07,-0.2,-0.32,False,False,2026-07-20 ratio=100.37 momentum=101.39; 2026-07-21 ratio=100.56 momentum=101.54; 2026-07-22 ratio=100.60 momentum=101.43; 2026-07-23 ratio=100.61 momentum=101.33; 2026-07-27 ratio=100.17 momentum=101.07,106.2
stock,One Point One,ONEPOINT.NS,Business Process Outsourcing (BPO)/ Knowledge Process Outsourcing (KPO),Services,1464.77,0.0,10.27,18.08,96.2,43.48,37.3,10.88,,not_stage_2,2,55.44,53.3,-0.04,0.00231,"{'price_above_30w_ma': True, '30w_ma_rising': False, 'price_above_10w_ma': False, 'relative_strength_positive': False, 'near_52w_high': True}",improving,lagging,99.06,103.76,1.0,8.49,False,True,2026-07-20 ratio=98.05 momentum=95.27; 2026-07-21 ratio=98.14 momentum=98.99; 2026-07-22 ratio=98.55 momentum=98.97; 2026-07-23 ratio=98.65 momentum=101.34; 2026-07-27 ratio=99.06 momentum=103.76,58.8
stock,Alldigi Tech,ALLDIGI.NS,Business Process Outsourcing (BPO)/ Knowledge Process Outsourcing (KPO),Services,1332.17,6.88,18.12,21.69,150.28,4.43,14.45,27.89,,not_stage_2,4,872.05,816.99,-0.17,0.03634,"{'price_above_30w_ma': True, '30w_ma_rising': False, 'price_above_10w_ma': True, 'relative_strength_positive': True, 'near_52w_high': True}",leading,leading,102.46,103.65,2.09,1.33,False,False,2026-07-20 ratio=100.37 momentum=102.33; 2026-07-21 ratio=99.78 momentum=101.99; 2026-07-22 ratio=101.71 momentum=103.70; 2026-07-23 ratio=100.95 momentum=102.87; 2026-07-27 ratio=102.46 momentum=103.65,130.55
stock,Kandarp Digi,KANDARP.NS,Business Process Outsourcing (BPO)/ Knowledge Process Outsourcing (KPO),Services,86.77,0.0,1.13,-15.67,16.35,4.01,46.9,11.22,,not_stage_2,0,91.35,136.31,-3.19,0.00383,"{'price_above_30w_ma': False, '30w_ma_rising': False, 'price_above_10w_ma': False, 'relative_strength_positive': False, 'near_52w_high': False}",improving,improving,98.92,102.34,0.04,-0.81,False,False,2026-07-17 ratio=98.88 momentum=103.15; 2026-07-20 ratio=98.75 momentum=101.20; 2026-07-21 ratio=98.90 momentum=102.22; 2026-07-22 ratio=98.90 momentum=103.27; 2026-07-23 ratio=98.92 momentum=102.34,11.7
stock,Cadsys (India),CADSYS.NS,Business Process Outsourcing (BPO)/ Knowledge Process Outsourcing (KPO),Services,59.21,0.0,-8.6,110.64,47.31,16.3,,-14.11,,not_stage_2,3,59.2,57.22,5.88,0.00248,"{'price_above_30w_ma': True, '30w_ma_rising': True, 'price_above_10w_ma': False, 'relative_strength_positive': False, 'near_52w_high': True}",lagging,lagging,97.11,97.14,-0.68,0.16,False,False,2026-07-17 ratio=97.79 momentum=96.98; 2026-07-20 ratio=98.02 momentum=98.14; 2026-07-21 ratio=97.12 momentum=97.21; 2026-07-22 ratio=96.68 momentum=96.39; 2026-07-23 ratio=97.11 momentum=97.14,71.76
stock,We Win Ltd,WEWIN.NS,Business Process Outsourcing (BPO)/ Knowledge Process Outsourcing (KPO),Services,47.25,0.0,0.95,-12.84,30.77,51.65,10.5,10.91,,not_stage_2,1,46.5,48.73,0.29,0.00194,"{'price_above_30w_ma': False, '30w_ma_rising': True, 'price_above_10w_ma': False, 'relative_strength_positive': False, 'near_52w_high': False}",improving,lagging,99.01,102.47,0.26,2.82,False,True,2026-07-20 ratio=98.75 momentum=99.65; 2026-07-21 ratio=98.80 momentum=102.05; 2026-07-22 ratio=98.84 momentum=102.67; 2026-07-23 ratio=99.19 momentum=102.14; 2026-07-27 ratio=99.01 momentum=102.47,32.93
stock,HRH Next,HRHNEXT.NS,Business Process Outsourcing (BPO)/ Knowledge Process Outsourcing (KPO),Services,35.72,0.0,2.78,152.73,35.92,24.68,7.35,15.84,,not_stage_2,0,27.05,28.12,-0.33,0.00113,"{'price_above_30w_ma': False, '30w_ma_rising': False, 'price_above_10w_ma': False, 'relative_strength_positive': False, 'near_52w_high': False}",improving,improving,99.76,101.88,0.1,1.11,False,True,2026-07-17 ratio=99.67 momentum=100.78; 2026-07-20 ratio=100.62 momentum=103.94; 2026-07-21 ratio=99.78 momentum=100.94; 2026-07-22 ratio=99.09 momentum=100.19; 2026-07-23 ratio=99.76 momentum=101.88,9.4
stock,Polycab India,POLYCAB.NS,Cables - Electricals,Capital Goods,135769.44,0.52,796.66,32.46,8209.73,39.01,47.4,33.21,,not_stage_2,3,9010.0,8351.0,2.42,0.37548,"{'price_above_30w_ma': True, '30w_ma_rising': True, 'price_above_10w_ma': False, 'relative_strength_positive': False, 'near_52w_high': True}",lagging,lagging,98.54,98.9,0.77,1.82,False,False,2026-07-20 ratio=97.78 momentum=97.08; 2026-07-21 ratio=97.94 momentum=97.82; 2026-07-22 ratio=98.72 momentum=98.67; 2026-07-23 ratio=98.45 momentum=98.83; 2026-07-27 ratio=98.54 momentum=98.90,64.84
stock,KEI Industries,KEI.NS,Cables - Electricals,Capital Goods,46570.86,0.09,284.31,25.5,3476.4,19.27,50.71,20.07,,not_stage_2,3,4873.0,4774.02,1.81,0.20308,"{'price_above_30w_ma': True, '30w_ma_rising': True, 'price_above_10w_ma': False, 'relative_strength_positive': False, 'near_52w_high': True}",lagging,lagging,98.14,97.7,0.21,1.16,False,False,2026-07-20 ratio=97.93 momentum=96.55; 2026-07-21 ratio=98.27 momentum=98.79; 2026-07-22 ratio=98.50 momentum=99.04; 2026-07-23 ratio=98.32 momentum=99.20; 2026-07-27 ratio=98.14 momentum=97.70,63.62
stock,R R Kabel,RRKABEL.NS,Cables - Electricals,Capital Goods,28523.64,0.38,205.2,117.32,3168.2,53.9,46.64,28.1,,stage_2,5,2525.3,1778.74,7.33,0.10524,"{'price_above_30w_ma': True, '30w_ma_rising': True, 'price_above_10w_ma': True, 'relative_strength_positive': True, 'near_52w_high': True}",leading,leading,101.88,103.79,1.15,3.69,False,False,2026-07-20 ratio=100.72 momentum=100.10; 2026-07-21 ratio=100.80 momentum=101.77; 2026-07-22 ratio=101.42 momentum=102.94; 2026-07-23 ratio=101.11 momentum=102.08; 2026-07-27 ratio=101.88 momentum=103.79,188.01
stock,Finolex Cables,FINCABLES.NS,Cables - Electricals,Capital Goods,15277.87,0.8,224.43,17.07,1951.08,22.36,21.41,16.01,,not_stage_2,3,998.6,941.47,3.63,0.04162,"{'price_above_30w_ma': True, '30w_ma_rising': True, 'price_above_10w_ma': False, 'relative_strength_positive': False, 'near_52w_high': True}",lagging,lagging,98.66,98.05,0.14,2.19,False,False,2026-07-20 ratio=98.52 momentum=95.87; 2026-07-21 ratio=98.46 momentum=98.10; 2026-07-22 ratio=98.83 momentum=99.07; 2026-07-23 ratio=98.31 momentum=97.08; 2026-07-27 ratio=98.66 momentum=98.05,67.26
stock,KSH Internationa,KSHINTL.NS,Cables - Electricals,Capital Goods,6015.68,0.0,34.53,87.16,1018.34,100.52,54.02,21.36,,insufficient_data,0,,,,,{},leading,leading,100.88,101.01,-0.1,0.53,False,False,2026-07-20 ratio=100.98 momentum=100.47; 2026-07-21 ratio=101.11 momentum=103.40; 2026-07-22 ratio=101.02 momentum=105.09; 2026-07-23 ratio=100.73 momentum=99.38; 2026-07-27 ratio=100.88 momentum=101.01,29.45
stock,Universal Cables,UNIVCABLES.NS,Cables - Electricals,Capital Goods,4361.97,0.36,55.32,11.33,840.27,24.66,26.75,11.68,,stage_2,5,1256.2,915.97,4.56,0.05235,"{'price_above_30w_ma': True, '30w_ma_rising': True, 'price_above_10w_ma': True, 'relative_strength_positive': True, 'near_52w_high': True}",leading,leading,100.96,104.04,0.69,3.25,False,False,2026-07-20 ratio=100.26 momentum=100.79; 2026-07-21 ratio=100.27 momentum=101.71; 2026-07-22 ratio=100.40 momentum=102.72; 2026-07-23 ratio=100.46 momentum=102.88; 2026-07-27 ratio=100.96 momentum=104.04,179.12
stock,Laser Power,LASERPOWER.NS,Cables - Electricals,Capital Goods,4282.63,0.0,,,,,39.25,20.51,,insufficient_data,0,,,,,{},insufficient_data,insufficient_data,,,,,False,False,,0.0
stock,V-Marc India,VMARCIND.NS,Cables - Electricals,Capital Goods,4088.03,0.0,63.63,157.3,1105.46,97.52,40.85,41.38,,not_stage_2,0,280.0,812.96,-6.23,0.01173,"{'price_above_30w_ma': False, '30w_ma_rising': False, 'price_above_10w_ma': False, 'relative_strength_positive': False, 'near_52w_high': False}",improving,improving,98.79,103.73,0.22,-0.04,False,False,2026-07-17 ratio=98.57 momentum=103.77; 2026-07-20 ratio=98.64 momentum=103.88; 2026-07-21 ratio=98.70 momentum=103.47; 2026-07-22 ratio=98.74 momentum=103.56; 2026-07-23 ratio=98.79 momentum=103.73,18.65
stock,Paramount Comm.,PARACABLES.NS,Cables - Electricals,Capital Goods,2059.33,0.0,20.52,9.5,573.31,13.07,34.48,12.35,,not_stage_2,3,62.9,47.84,7.9,0.00262,"{'price_above_30w_ma': True, '30w_ma_rising': True, 'price_above_10w_ma': False, 'relative_strength_positive': False, 'near_52w_high': True}",lagging,lagging,99.37,97.04,-0.42,1.21,False,False,2026-07-20 ratio=99.79 momentum=95.82; 2026-07-21 ratio=99.98 momentum=97.49; 2026-07-22 ratio=99.51 momentum=97.20; 2026-07-23 ratio=99.32 momentum=96.53; 2026-07-27 ratio=99.37 momentum=97.04,75.8
stock,Dynamic Cables,DYCL.NS,Cables - Electricals,Capital Goods,2009.8,0.12,24.95,37.01,349.1,33.22,22.04,26.21,,stage_2,5,414.9,325.17,2.3,0.01729,"{'price_above_30w_ma': True, '30w_ma_rising': True, 'price_above_10w_ma': True, 'relative_strength_positive': True, 'near_52w_high': True}",leading,leading,101.89,102.25,-1.08,-1.05,False,False,2026-07-20 ratio=102.97 momentum=103.30; 2026-07-21 ratio=102.60 momentum=102.93; 2026-07-22 ratio=101.88 momentum=102.11; 2026-07-23 ratio=101.80 momentum=101.79; 2026-07-27 ratio=101.89 momentum=102.25,170.3
stock,Godfrey Phillips,GODFRYPHLP.NS,Cigarettes & Tobacco Products,Fast Moving Consumer Goods,34520.3,1.43,198.39,-44.32,1205.51,-18.89,25.24,32.84,,not_stage_2,2,2210.5,2166.42,-3.24,0.09212,"{'price_above_30w_ma': True, '30w_ma_rising': False, 'price_above_10w_ma': True, 'relative_strength_positive': False, 'near_52w_high': False}",improving,improving,99.8,103.46,1.08,0.96,False,True,2026-07-20 ratio=98.72 momentum=102.49; 2026-07-21 ratio=98.79 momentum=102.45; 2026-07-22 ratio=98.48 momentum=101.59; 2026-07-23 ratio=98.42 momentum=100.87; 2026-07-27 ratio=99.80 momentum=103.46,57.3
stock,VST Industries,VSTIND.NS,Cigarettes & Tobacco Products,Fast Moving Consumer Goods,3986.65,5.11,116.69,120.17,457.06,30.87,13.69,28.13,,not_stage_2,1,234.7,242.71,-0.92,0.00978,"{'price_above_30w_ma': False, '30w_ma_rising': False, 'price_above_10w_ma': False, 'relative_strength_positive': False, 'near_52w_high': True}",improving,lagging,98.24,102.51,1.22,4.2,False,True,2026-07-20 ratio=97.01 momentum=98.32; 2026-07-21 ratio=97.58 momentum=98.50; 2026-07-22 ratio=97.74 momentum=97.31; 2026-07-23 ratio=97.65 momentum=94.93; 2026-07-27 ratio=98.24 momentum=102.51,32.55
stock,Elitecon Inter.,ELITECON.NS,Cigarettes & Tobacco Products,Fast Moving Consumer Goods,2547.83,0.31,103.57,676.39,1741.26,1750.04,7.95,,,insufficient_data,0,,,,,{},improving,lagging,97.97,101.92,0.15,3.77,False,True,2026-07-20 ratio=97.82 momentum=98.15; 2026-07-21 ratio=97.90 momentum=99.86; 2026-07-22 ratio=97.85 momentum=99.01; 2026-07-23 ratio=97.88 momentum=99.73; 2026-07-27 ratio=97.97 momentum=101.92,9.6
stock,Shanthala FMCG,SHANTHALA.NS,Cigarettes & Tobacco Products,Fast Moving Consumer Goods,12.06,0.0,0.72,71.43,25.82,-0.12,9.5,5.98,,not_stage_2,0,18.0,27.61,-2.71,0.00075,"{'price_above_30w_ma': False, '30w_ma_rising': False, 'price_above_10w_ma': False, 'relative_strength_positive': False, 'near_52w_high': False}",lagging,lagging,96.56,97.77,-2.78,-1.05,False,False,2026-07-17 ratio=99.34 momentum=98.82; 2026-07-20 ratio=99.44 momentum=99.45; 2026-07-21 ratio=99.51 momentum=99.51; 2026-07-22 ratio=96.48 momentum=96.99; 2026-07-23 ratio=96.56 momentum=97.77,0.0
stock,Marc Technocrats,MARC.NS,Consulting Services,Services,200.05,0.0,4.81,,37.53,,18.98,29.22,,insufficient_data,0,,,,,{},leading,leading,103.13,101.77,2.1,0.38,False,False,2026-07-17 ratio=101.02 momentum=101.40; 2026-07-20 ratio=102.76 momentum=102.33; 2026-07-21 ratio=103.21 momentum=102.15; 2026-07-22 ratio=102.68 momentum=101.64; 2026-07-23 ratio=103.13 momentum=101.77,44.5
stock,Mitcon Consult.,MITCON.NS,Consulting Services,Services,127.42,0.0,5.64,179.29,45.23,18.62,15.75,8.83,,not_stage_2,3,73.15,69.63,1.05,0.00305,"{'price_above_30w_ma': True, '30w_ma_rising': True, 'price_above_10w_ma': False, 'relative_strength_positive': False, 'near_52w_high': True}",improving,improving,98.64,101.66,0.5,1.65,False,True,2026-07-20 ratio=98.14 momentum=100.02; 2026-07-21 ratio=98.91 momentum=101.08; 2026-07-22 ratio=98.59 momentum=100.62; 2026-07-23 ratio=98.45 momentum=99.76; 2026-07-27 ratio=98.64 momentum=101.66,70.4
stock,AAA Technologies,AAATECH.NS,Consulting Services,Services,115.27,1.64,-0.35,-135.0,3.38,-68.02,55.96,8.93,,not_stage_2,0,91.4,97.68,-0.73,0.00381,"{'price_above_30w_ma': False, '30w_ma_rising': False, 'price_above_10w_ma': False, 'relative_strength_positive': False, 'near_52w_high': False}",lagging,lagging,98.51,99.1,0.14,-0.66,False,False,2026-07-20 ratio=98.36 momentum=99.76; 2026-07-21 ratio=97.94 momentum=98.81; 2026-07-22 ratio=98.11 momentum=97.74; 2026-07-23 ratio=98.30 momentum=98.16; 2026-07-27 ratio=98.51 momentum=99.10,0.0
stock,Dhruv Consultanc,DHRUV.NS,Consulting Services,Services,44.93,0.83,-0.06,-103.02,8.32,-69.86,,-32.69,,not_stage_2,0,23.99,31.21,-9.04,0.001,"{'price_above_30w_ma': False, '30w_ma_rising': False, 'price_above_10w_ma': False, 'relative_strength_positive': False, 'near_52w_high': False}",lagging,improving,98.1,98.3,-0.49,-2.42,False,False,2026-07-20 ratio=98.59 momentum=100.72; 2026-07-21 ratio=98.50 momentum=101.09; 2026-07-22 ratio=98.63 momentum=101.52; 2026-07-23 ratio=98.41 momentum=98.85; 2026-07-27 ratio=98.10 momentum=98.30,0.0
stock,Manglam Infra,MIEL.NS,Consulting Services,Services,21.82,0.0,1.6,1700.0,21.86,-21.42,6.95,9.52,,insufficient_data,0,,,,,{},insufficient_data,insufficient_data,,,,,False,False,,0.0
stock,Physicswallah,PWL.NS,E-Learning,Consumer Services,35526.67,0.0,-69.14,80.56,918.8,50.72,,4.02,,stage_2,4,123.09,111.28,0.1,0.00513,"{'price_above_30w_ma': True, '30w_ma_rising': True, 'price_above_10w_ma': True, 'relative_strength_positive': False, 'near_52w_high': True}",weakening,weakening,100.11,95.37,-0.75,-2.98,False,False,2026-07-20 ratio=100.87 momentum=98.35; 2026-07-21 ratio=100.91 momentum=96.89; 2026-07-22 ratio=100.81 momentum=96.81; 2026-07-23 ratio=100.93 momentum=95.82; 2026-07-27 ratio=100.11 momentum=95.37,105.75
stock,Veranda Learning,VERANDA.NS,E-Learning,Consumer Services,2239.03,0.0,15.69,103.09,132.39,51.6,96.06,12.83,,not_stage_2,3,232.95,201.47,2.83,0.00971,"{'price_above_30w_ma': True, '30w_ma_rising': True, 'price_above_10w_ma': False, 'relative_strength_positive': False, 'near_52w_high': True}",lagging,lagging,99.34,98.63,1.08,1.58,False,False,2026-07-20 ratio=98.26 momentum=97.05; 2026-07-21 ratio=99.79 momentum=98.56; 2026-07-22 ratio=99.40 momentum=98.39; 2026-07-23 ratio=100.01 momentum=98.61; 2026-07-27 ratio=99.34 momentum=98.63,65.66
stock,Jaro Institute,JARO.NS,E-Learning,Consumer Services,1068.22,1.04,21.33,17.26,72.79,-1.79,24.32,22.09,,not_stage_2,0,478.55,478.65,-0.71,0.01994,"{'price_above_30w_ma': False, '30w_ma_rising': False, 'price_above_10w_ma': False, 'relative_strength_positive': False, 'near_52w_high': False}",lagging,lagging,98.61,97.33,-0.54,-0.61,False,False,2026-07-20 ratio=99.15 momentum=97.94; 2026-07-21 ratio=98.83 momentum=97.45; 2026-07-22 ratio=98.63 momentum=97.04; 2026-07-23 ratio=98.24 momentum=96.43; 2026-07-27 ratio=98.61 momentum=97.33,0.0
stock,Addictive Learn,ADDICTIVE.NS,E-Learning,Consumer Services,66.66,0.0,-4.65,-205.92,33.83,-12.74,,-0.11,,insufficient_data,0,,,,,{},insufficient_data,insufficient_data,,,,,False,False,,0.0
stock,G-Tec Janix,GTECJAINX.NS,E-Learning,Consumer Services,29.18,0.0,-0.66,7.04,1.57,-9.25,,-36.32,,stage_2,5,28.64,22.34,1.56,0.00119,"{'price_above_30w_ma': True, '30w_ma_rising': True, 'price_above_10w_ma': True, 'relative_strength_positive': True, 'near_52w_high': True}",leading,weakening,100.41,101.89,0.14,3.83,True,False,2026-07-20 ratio=100.27 momentum=98.06; 2026-07-21 ratio=100.35 momentum=99.73; 2026-07-22 ratio=100.47 momentum=100.81; 2026-07-23 ratio=100.57 momentum=101.97; 2026-07-27 ratio=100.41 momentum=101.89,169.62
stock,Usha Mart. Edu.,UMESLTD.NS,E-Learning,Consumer Services,14.13,0.0,0.2,69.23,0.32,166.67,34.47,5.23,,not_stage_2,2,5.36,5.47,1.07,0.00022,"{'price_above_30w_ma': False, '30w_ma_rising': True, 'price_above_10w_ma': False, 'relative_strength_positive': False, 'near_52w_high': True}",lagging,lagging,99.39,97.77,0.15,-0.34,False,False,2026-07-20 ratio=99.24 momentum=98.11; 2026-07-21 ratio=99.73 momentum=98.49; 2026-07-22 ratio=100.19 momentum=100.25; 2026-07-23 ratio=99.58 momentum=97.67; 2026-07-27 ratio=99.39 momentum=97.77,42.14
stock,Docmode Health,DHTL.NS,E-Learning,Consumer Services,11.79,0.0,-0.09,82.69,17.85,-12.59,,-0.29,,not_stage_2,0,37.5,48.3,-7.54,0.00157,"{'price_above_30w_ma': False, '30w_ma_rising': False, 'price_above_10w_ma': False, 'relative_strength_positive': False, 'near_52w_high': False}",improving,improving,99.08,103.07,0.28,1.07,False,True,2026-07-17 ratio=98.80 momentum=102.00; 2026-07-20 ratio=98.87 momentum=103.69; 2026-07-21 ratio=98.92 momentum=105.07; 2026-07-22 ratio=99.01 momentum=103.47; 2026-07-23 ratio=99.08 momentum=103.07,15.35
stock,PVR Inox,PVRINOX.NS,"Film Production, Distribution & Exhibition","Media, Entertainment & Publication",11036.04,0.0,56.5,220.3,1622.2,11.91,34.79,6.96,,stage_2,5,1123.2,998.27,0.15,0.04681,"{'price_above_30w_ma': True, '30w_ma_rising': True, 'price_above_10w_ma': True, 'relative_strength_positive': True, 'near_52w_high': True}",leading,leading,104.66,103.6,4.07,1.61,False,False,2026-07-20 ratio=100.59 momentum=101.99; 2026-07-21 ratio=100.05 momentum=101.48; 2026-07-22 ratio=100.06 momentum=102.25; 2026-07-23 ratio=100.98 momentum=103.57; 2026-07-27 ratio=104.66 momentum=103.60,186.6
stock,Media Matrix,MMWL.NS,"Film Production, Distribution & Exhibition","Media, Entertainment & Publication",1522.56,0.0,2.08,805.0,300.67,10.63,260.27,9.78,,insufficient_data,0,,,,,{},leading,leading,100.2,100.63,-0.71,-1.67,False,False,2026-07-20 ratio=100.91 momentum=102.29; 2026-07-21 ratio=100.63 momentum=101.79; 2026-07-22 ratio=102.23 momentum=102.79; 2026-07-23 ratio=100.99 momentum=101.31; 2026-07-27 ratio=100.20 momentum=100.63,24.15
stock,Connplex Cinemas,CONNPLEX.NS,"Film Production, Distribution & Exhibition","Media, Entertainment & Publication",391.07,0.0,13.03,38.91,83.46,51.97,15.0,43.57,,insufficient_data,0,,,,,{},insufficient_data,insufficient_data,,,,,False,False,,0.0
stock,Cineline India,CINELINE.NS,"Film Production, Distribution & Exhibition","Media, Entertainment & Publication",280.71,0.0,-1.21,74.27,59.27,30.87,20.86,10.86,,not_stage_2,3,82.29,83.26,-1.07,0.00343,"{'price_above_30w_ma': False, '30w_ma_rising': False, 'price_above_10w_ma': True, 'relative_strength_positive': True, 'near_52w_high': True}",leading,lagging,101.06,102.39,2.41,3.93,True,False,2026-07-20 ratio=98.65 momentum=98.46; 2026-07-21 ratio=98.76 momentum=98.38; 2026-07-22 ratio=99.20 momentum=99.51; 2026-07-23 ratio=100.27 momentum=101.41; 2026-07-27 ratio=101.06 momentum=102.39,107.25
stock,UFO Moviez,UFO.NS,"Film Production, Distribution & Exhibition","Media, Entertainment & Publication",263.82,0.0,4.48,730.99,133.22,43.19,10.59,12.18,,not_stage_2,1,68.45,71.32,-2.6,0.00285,"{'price_above_30w_ma': False, '30w_ma_rising': False, 'price_above_10w_ma': False, 'relative_strength_positive': False, 'near_52w_high': True}",improving,lagging,98.68,102.08,0.89,3.89,False,True,2026-07-20 ratio=97.79 momentum=98.18; 2026-07-21 ratio=98.11 momentum=99.44; 2026-07-22 ratio=98.12 momentum=100.32; 2026-07-23 ratio=98.37 momentum=100.36; 2026-07-27 ratio=98.68 momentum=102.08,30.4
stock,Tips Films,TIPSFILMS.NS,"Film Production, Distribution & Exhibition","Media, Entertainment & Publication",164.45,0.0,-3.47,89.39,2.36,-96.09,,-6.69,,not_stage_2,4,377.25,360.52,-2.27,0.01572,"{'price_above_30w_ma': True, '30w_ma_rising': False, 'price_above_10w_ma': True, 'relative_strength_positive': True, 'near_52w_high': True}",leading,improving,101.06,102.5,2.43,-0.5,False,False,2026-07-20 ratio=98.63 momentum=103.00; 2026-07-21 ratio=98.59 momentum=104.54; 2026-07-22 ratio=98.34 momentum=100.20; 2026-07-23 ratio=101.04 momentum=103.37; 2026-07-27 ratio=101.06 momentum=102.50,117.8
stock,Mukta Arts,MUKTAARTS.NS,"Film Production, Distribution & Exhibition","Media, Entertainment & Publication",132.12,0.0,-0.7,124.32,45.39,19.1,,11.17,,not_stage_2,1,58.5,55.86,-1.66,0.00244,"{'price_above_30w_ma': True, '30w_ma_rising': False, 'price_above_10w_ma': False, 'relative_strength_positive': False, 'near_52w_high': False}",improving,lagging,99.87,102.35,1.1,2.73,False,True,2026-07-20 ratio=98.77 momentum=99.62; 2026-07-21 ratio=99.29 momentum=102.67; 2026-07-22 ratio=99.48 momentum=101.64; 2026-07-23 ratio=99.79 momentum=101.97; 2026-07-27 ratio=99.87 momentum=102.35,31.75
stock,Vels Film,VELS.NS,"Film Production, Distribution & Exhibition","Media, Entertainment & Publication",94.23,0.0,-20.14,-12.07,31.38,486.54,,-12.43,,stage_2,5,73.0,62.36,2.71,0.00306,"{'price_above_30w_ma': True, '30w_ma_rising': True, 'price_above_10w_ma': True, 'relative_strength_positive': True, 'near_52w_high': True}",leading,leading,102.61,101.49,0.39,-0.2,False,False,2026-07-17 ratio=102.22 momentum=101.69; 2026-07-20 ratio=102.34 momentum=102.22; 2026-07-21 ratio=102.31 momentum=102.37; 2026-07-22 ratio=102.56 momentum=101.18; 2026-07-23 ratio=102.61 momentum=101.49,170.92
stock,Baweja Studios L,BAWEJA.NS,"Film Production, Distribution & Exhibition","Media, Entertainment & Publication",50.03,0.0,4.57,-13.28,33.44,-22.93,8.23,7.94,,not_stage_2,0,28.55,31.04,-4.67,0.0012,"{'price_above_30w_ma': False, '30w_ma_rising': False, 'price_above_10w_ma': False, 'relative_strength_positive': False, 'near_52w_high': False}",improving,improving,99.73,101.1,0.79,0.69,False,True,2026-07-17 ratio=98.94 momentum=100.40; 2026-07-20 ratio=99.22 momentum=103.60; 2026-07-21 ratio=99.26 momentum=102.14; 2026-07-22 ratio=100.30 momentum=103.38; 2026-07-23 ratio=99.73 momentum=101.10,5.5
stock,Prit Nandy Comm.,PNC.NS,"Film Production, Distribution & Exhibition","Media, Entertainment & Publication",27.4,0.0,-2.06,-379.07,2.49,-68.04,5.51,-0.13,,not_stage_2,0,19.6,21.72,-4.46,0.00082,"{'price_above_30w_ma': False, '30w_ma_rising': False, 'price_above_10w_ma': False, 'relative_strength_positive': False, 'near_52w_high': False}",lagging,lagging,99.33,99.22,0.49,2.16,False,False,2026-07-20 ratio=98.84 momentum=97.06; 2026-07-21 ratio=99.64 momentum=99.89; 2026-07-22 ratio=99.39 momentum=99.44; 2026-07-23 ratio=99.14 momentum=97.47; 2026-07-27 ratio=99.33 momentum=99.22,0.0
stock,Metro Brands,METROBRAND.NS,Footwear,Consumer Durables,28150.87,0.53,117.73,23.07,772.98,20.26,68.47,20.18,,not_stage_2,2,1031.7,1025.1,-1.45,0.04299,"{'price_above_30w_ma': True, '30w_ma_rising': False, 'price_above_10w_ma': False, 'relative_strength_positive': False, 'near_52w_high': True}",lagging,leading,99.46,98.49,-1.19,-4.16,False,False,2026-07-20 ratio=100.65 momentum=102.65; 2026-07-21 ratio=100.95 momentum=101.62; 2026-07-22 ratio=100.75 momentum=100.13; 2026-07-23 ratio=99.37 momentum=97.12; 2026-07-27 ratio=99.46 momentum=98.49,40.0
stock,Relaxo Footwear,RELAXO.NS,Footwear,Consumer Durables,9971.36,0.75,67.67,20.37,751.1,8.05,55.62,11.07,,stage_2,5,401.4,343.13,0.25,0.01673,"{'price_above_30w_ma': True, '30w_ma_rising': True, 'price_above_10w_ma': True, 'relative_strength_positive': True, 'near_52w_high': True}",weakening,leading,101.01,99.42,-0.93,-1.4,False,False,2026-07-20 ratio=101.94 momentum=100.82; 2026-07-21 ratio=101.28 momentum=99.94; 2026-07-22 ratio=101.09 momentum=99.60; 2026-07-23 ratio=100.97 momentum=99.42; 2026-07-27 ratio=101.01 momentum=99.42,130.55
stock,Bata India,BATAINDIA.NS,Footwear,Consumer Durables,9006.79,1.29,2.21,-58.62,827.63,5.0,53.49,12.74,,not_stage_2,2,699.65,740.24,-4.47,0.02916,"{'price_above_30w_ma': False, '30w_ma_rising': False, 'price_above_10w_ma': True, 'relative_strength_positive': True, 'near_52w_high': False}",leading,improving,100.31,102.45,0.4,-0.49,False,False,2026-07-20 ratio=99.91 momentum=102.93; 2026-07-21 ratio=99.93 momentum=103.02; 2026-07-22 ratio=100.00 momentum=103.37; 2026-07-23 ratio=99.33 momentum=101.70; 2026-07-27 ratio=100.31 momentum=102.45,73.8
stock,Redtape,REDTAPE.NS,Footwear,Consumer Durables,7020.63,1.57,69.88,69.53,675.51,33.51,29.19,24.11,,not_stage_2,3,127.28,126.51,0.78,0.0053,"{'price_above_30w_ma': True, '30w_ma_rising': True, 'price_above_10w_ma': False, 'relative_strength_positive': False, 'near_52w_high': True}",lagging,lagging,98.09,96.76,-0.74,0.0,False,False,2026-07-20 ratio=98.83 momentum=96.75; 2026-07-21 ratio=98.88 momentum=97.66; 2026-07-22 ratio=98.57 momentum=97.50; 2026-07-23 ratio=98.28 momentum=96.88; 2026-07-27 ratio=98.09 momentum=96.76,61.56
stock,Campus Activewe.,CAMPUS.NS,Footwear,Consumer Durables,6700.1,0.68,44.14,26.01,455.63,12.3,44.77,21.22,,not_stage_2,1,219.44,243.07,-1.98,0.00914,"{'price_above_30w_ma': False, '30w_ma_rising': False, 'price_above_10w_ma': False, 'relative_strength_positive': False, 'near_52w_high': True}",lagging,improving,98.32,99.14,-0.0,-1.13,False,False,2026-07-20 ratio=98.32 momentum=100.28; 2026-07-21 ratio=98.26 momentum=100.29; 2026-07-22 ratio=98.33 momentum=98.88; 2026-07-23 ratio=98.32 momentum=99.66; 2026-07-27 ratio=98.32 momentum=99.14,20.0
stock,Sreeleathers,SREEL.NS,Footwear,Consumer Durables,517.54,0.45,9.67,82.8,62.69,17.95,17.98,8.0,,stage_2,5,222.71,200.31,0.01,0.00928,"{'price_above_30w_ma': True, '30w_ma_rising': True, 'price_above_10w_ma': True, 'relative_strength_positive': True, 'near_52w_high': True}",leading,weakening,101.77,101.49,0.9,2.51,True,False,2026-07-20 ratio=100.88 momentum=98.98; 2026-07-21 ratio=102.62 momentum=103.11; 2026-07-22 ratio=102.20 momentum=102.24; 2026-07-23 ratio=101.94 momentum=101.21; 2026-07-27 ratio=101.77 momentum=101.49,171.32
stock,Liberty Shoes,LIBERTSHOE.NS,Footwear,Consumer Durables,458.02,0.0,5.3,-10.69,212.05,13.0,41.34,7.91,,not_stage_2,3,269.0,252.78,-0.48,0.01121,"{'price_above_30w_ma': True, '30w_ma_rising': False, 'price_above_10w_ma': True, 'relative_strength_positive': True, 'near_52w_high': False}",weakening,weakening,101.28,98.55,0.04,-0.76,False,False,2026-07-20 ratio=101.23 momentum=99.30; 2026-07-21 ratio=100.92 momentum=98.88; 2026-07-22 ratio=100.73 momentum=97.67; 2026-07-23 ratio=100.39 momentum=96.67; 2026-07-27 ratio=101.28 momentum=98.55,66.4
stock,Brandman Retail,BRANDMAN.NS,Footwear,Consumer Durables,345.52,0.0,5.64,37.9,67.1,137.69,13.66,36.81,,insufficient_data,0,,,,,{},insufficient_data,insufficient_data,,,,,False,False,,0.0
stock,Khadim India,KHADIM.NS,Footwear,Consumer Durables,170.92,0.0,0.77,-86.1,83.56,-10.92,40.89,6.87,,not_stage_2,0,93.71,115.61,-7.57,0.00391,"{'price_above_30w_ma': False, '30w_ma_rising': False, 'price_above_10w_ma': False, 'relative_strength_positive': False, 'near_52w_high': False}",lagging,lagging,98.02,99.01,-0.18,0.92,False,False,2026-07-20 ratio=98.20 momentum=98.09; 2026-07-21 ratio=98.16 momentum=98.05; 2026-07-22 ratio=97.94 momentum=96.85; 2026-07-23 ratio=97.92 momentum=95.02; 2026-07-27 ratio=98.02 momentum=99.01,0.0
stock,ICICI Lombard,ICICIGI.NS,General Insurance,Financial Services,83957.38,0.8,403.17,-46.03,7088.22,10.83,34.58,21.88,,not_stage_2,1,1681.0,1803.6,-1.88,0.07005,"{'price_above_30w_ma': False, '30w_ma_rising': False, 'price_above_10w_ma': False, 'relative_strength_positive': False, 'near_52w_high': True}",lagging,lagging,98.71,98.93,1.83,0.09,False,False,2026-07-20 ratio=96.88 momentum=98.84; 2026-07-21 ratio=97.27 momentum=98.92; 2026-07-22 ratio=97.18 momentum=98.07; 2026-07-23 ratio=97.94 momentum=98.73; 2026-07-27 ratio=98.71 momentum=98.93,20.0
stock,General Insuranc,GICRE.NS,General Insurance,Financial Services,63035.68,2.78,2532.59,1.35,13018.27,-1.44,6.52,17.35,,not_stage_2,1,359.2,376.29,-0.48,0.01497,"{'price_above_30w_ma': False, '30w_ma_rising': False, 'price_above_10w_ma': False, 'relative_strength_positive': False, 'near_52w_high': True}",improving,improving,99.06,101.58,0.31,-1.25,False,False,2026-07-20 ratio=98.75 momentum=102.83; 2026-07-21 ratio=98.93 momentum=103.23; 2026-07-22 ratio=99.12 momentum=104.30; 2026-07-23 ratio=99.18 momentum=102.02; 2026-07-27 ratio=99.06 momentum=101.58,27.9
stock,Star Health Insu,STARHEALTH.NS,General Insurance,Financial Services,34801.76,0.0,111.34,21731.37,4648.07,13.89,62.48,8.57,,stage_2,5,592.05,505.29,3.59,0.02467,"{'price_above_30w_ma': True, '30w_ma_rising': True, 'price_above_10w_ma': True, 'relative_strength_positive': True, 'near_52w_high': True}",weakening,weakening,101.17,98.09,0.42,-0.69,False,False,2026-07-20 ratio=100.74 momentum=98.78; 2026-07-21 ratio=101.00 momentum=98.79; 2026-07-22 ratio=100.82 momentum=98.16; 2026-07-23 ratio=100.79 momentum=96.72; 2026-07-27 ratio=101.17 momentum=98.09,138.03
stock,New India Assura,NIACL.NS,General Insurance,Financial Services,27285.94,0.91,-239.15,-160.61,11899.69,1.54,35.47,4.29,,not_stage_2,3,165.57,157.09,1.27,0.0069,"{'price_above_30w_ma': True, '30w_ma_rising': True, 'price_above_10w_ma': False, 'relative_strength_positive': False, 'near_52w_high': True}",lagging,weakening,99.52,95.69,-0.76,-1.6,False,False,2026-07-20 ratio=100.28 momentum=97.29; 2026-07-21 ratio=100.39 momentum=97.85; 2026-07-22 ratio=100.25 momentum=97.94; 2026-07-23 ratio=100.15 momentum=96.36; 2026-07-27 ratio=99.52 momentum=95.69,62.54
stock,Go Digit General,GODIGIT.NS,General Insurance,Financial Services,23531.33,0.0,86.39,-37.55,2427.02,8.54,47.79,13.1,,not_stage_2,0,254.8,313.87,-2.81,0.01062,"{'price_above_30w_ma': False, '30w_ma_rising': False, 'price_above_10w_ma': False, 'relative_strength_positive': False, 'near_52w_high': False}",lagging,lagging,96.2,96.35,-0.67,-1.61,False,False,2026-07-20 ratio=96.86 momentum=97.96; 2026-07-21 ratio=97.57 momentum=98.57; 2026-07-22 ratio=97.76 momentum=98.90; 2026-07-23 ratio=97.86 momentum=99.19; 2026-07-27 ratio=96.20 momentum=96.35,0.0
stock,Niva Bupa Health,NIVABUPA.NS,General Insurance,Financial Services,16077.25,0.0,345.13,67.47,2138.56,28.0,122.93,3.15,,stage_2,5,86.92,79.55,1.91,0.00362,"{'price_above_30w_ma': True, '30w_ma_rising': True, 'price_above_10w_ma': True, 'relative_strength_positive': True, 'near_52w_high': True}",leading,weakening,101.17,100.89,1.05,1.14,True,False,2026-07-20 ratio=100.13 momentum=99.74; 2026-07-21 ratio=100.17 momentum=99.27; 2026-07-22 ratio=99.79 momentum=98.54; 2026-07-23 ratio=99.99 momentum=98.68; 2026-07-27 ratio=101.17 momentum=100.89,169.12
stock,LG Electronics,LGEINDIA.NS,Household Appliances,Consumer Durables,103767.46,0.0,692.73,-8.19,8053.55,8.12,61.58,32.23,,not_stage_2,3,1526.8,1522.25,0.1,0.06363,"{'price_above_30w_ma': True, '30w_ma_rising': True, 'price_above_10w_ma': False, 'relative_strength_positive': False, 'near_52w_high': True}",lagging,leading,98.79,98.54,-1.33,-3.48,False,False,2026-07-20 ratio=100.12 momentum=102.03; 2026-07-21 ratio=99.73 momentum=100.43; 2026-07-22 ratio=98.85 momentum=98.51; 2026-07-23 ratio=99.13 momentum=98.22; 2026-07-27 ratio=98.79 momentum=98.54,60.2
stock,Voltas,VOLTAS.NS,Household Appliances,Consumer Durables,43650.33,0.3,113.43,-51.8,4887.83,2.52,111.12,9.04,,not_stage_2,3,1319.3,1362.33,-0.7,0.05498,"{'price_above_30w_ma': False, '30w_ma_rising': False, 'price_above_10w_ma': True, 'relative_strength_positive': True, 'near_52w_high': True}",leading,leading,100.37,101.85,-0.8,-0.1,False,False,2026-07-20 ratio=101.17 momentum=101.96; 2026-07-21 ratio=101.27 momentum=102.07; 2026-07-22 ratio=100.06 momentum=101.16; 2026-07-23 ratio=100.32 momentum=101.46; 2026-07-27 ratio=100.37 momentum=101.85,91.1
stock,Blue Star,BLUESTARCO.NS,Household Appliances,Consumer Durables,33790.75,0.52,227.18,10.41,4072.06,1.32,60.46,21.24,,not_stage_2,3,1643.2,1734.67,-1.01,0.06848,"{'price_above_30w_ma': False, '30w_ma_rising': False, 'price_above_10w_ma': True, 'relative_strength_positive': True, 'near_52w_high': True}",improving,leading,99.88,100.08,-1.21,-2.12,False,False,2026-07-20 ratio=101.09 momentum=102.20; 2026-07-21 ratio=100.90 momentum=102.16; 2026-07-22 ratio=100.25 momentum=101.74; 2026-07-23 ratio=99.85 momentum=100.72; 2026-07-27 ratio=99.88 momentum=100.08,60.4
stock,Amber Enterp.,AMBER.NS,Household Appliances,Consumer Durables,25679.35,0.0,161.96,-19.47,4147.52,10.49,129.69,10.25,,not_stage_2,2,7280.5,7308.92,1.71,0.30341,"{'price_above_30w_ma': False, '30w_ma_rising': True, 'price_above_10w_ma': False, 'relative_strength_positive': False, 'near_52w_high': True}",lagging,leading,98.57,97.75,-1.48,-4.64,False,False,2026-07-20 ratio=100.05 momentum=102.39; 2026-07-21 ratio=99.46 momentum=100.85; 2026-07-22 ratio=99.22 momentum=100.45; 2026-07-23 ratio=99.22 momentum=99.33; 2026-07-27 ratio=98.57 momentum=97.75,43.42
stock,Crompton Gr. Con,CROMPTON.NS,Household Appliances,Consumer Durables,16052.75,1.2,-536.81,-31.74,2083.3,10.9,45.83,18.98,,not_stage_2,1,249.1,258.21,-0.02,0.01038,"{'price_above_30w_ma': False, '30w_ma_rising': False, 'price_above_10w_ma': False, 'relative_strength_positive': False, 'near_52w_high': True}",lagging,lagging,98.3,99.11,-0.49,1.31,False,False,2026-07-20 ratio=98.79 momentum=97.81; 2026-07-21 ratio=98.62 momentum=98.49; 2026-07-22 ratio=98.63 momentum=101.16; 2026-07-23 ratio=98.55 momentum=101.26; 2026-07-27 ratio=98.30 momentum=99.11,20.0
stock,V-Guard Industri,VGUARD.NS,Household Appliances,Consumer Durables,12853.23,0.51,112.13,23.04,1755.27,14.12,39.95,18.38,,not_stage_2,1,294.4,315.42,-1.34,0.01227,"{'price_above_30w_ma': False, '30w_ma_rising': False, 'price_above_10w_ma': False, 'relative_strength_positive': False, 'near_52w_high': True}",lagging,improving,98.23,97.13,-0.44,-3.3,False,False,2026-07-20 ratio=98.67 momentum=100.43; 2026-07-21 ratio=98.77 momentum=100.80; 2026-07-22 ratio=98.34 momentum=97.48; 2026-07-23 ratio=98.48 momentum=96.52; 2026-07-27 ratio=98.23 momentum=97.13,20.0
stock,Whirlpool India,WHIRLPOOL.NS,Household Appliances,Consumer Durables,10081.82,0.63,80.5,-29.67,2180.77,8.78,32.09,11.07,,not_stage_2,1,794.8,842.24,-2.06,0.03312,"{'price_above_30w_ma': False, '30w_ma_rising': False, 'price_above_10w_ma': True, 'relative_strength_positive': False, 'near_52w_high': False}",improving,lagging,99.51,101.52,0.89,3.13,False,True,2026-07-20 ratio=98.62 momentum=98.39; 2026-07-21 ratio=98.53 momentum=97.75; 2026-07-22 ratio=98.37 momentum=97.61; 2026-07-23 ratio=98.89 momentum=99.04; 2026-07-27 ratio=99.51 momentum=101.52,27.6
stock,TTK Prestige,TTKPRESTIG.NS,Household Appliances,Consumer Durables,8977.49,1.14,36.08,212.18,729.17,12.26,51.88,12.1,,stage_2,5,655.35,548.6,0.64,0.02731,"{'price_above_30w_ma': True, '30w_ma_rising': True, 'price_above_10w_ma': True, 'relative_strength_positive': True, 'near_52w_high': True}",weakening,weakening,101.44,98.93,-0.36,0.22,False,False,2026-07-20 ratio=101.80 momentum=98.70; 2026-07-21 ratio=101.56 momentum=97.74; 2026-07-22 ratio=101.61 momentum=99.28; 2026-07-23 ratio=101.38 momentum=98.30; 2026-07-27 ratio=101.44 momentum=98.93,133.48
stock,Eureka Forbes,EUREKAFORB.NS,Household Appliances,Consumer Durables,8499.7,0.0,51.09,3.84,683.83,11.64,44.74,5.86,,not_stage_2,0,439.7,482.2,-5.05,0.01832,"{'price_above_30w_ma': False, '30w_ma_rising': False, 'price_above_10w_ma': False, 'relative_strength_positive': False, 'near_52w_high': False}",lagging,improving,98.71,99.29,-0.81,-1.52,False,False,2026-07-20 ratio=99.53 momentum=100.81; 2026-07-21 ratio=99.68 momentum=101.91; 2026-07-22 ratio=99.12 momentum=101.24; 2026-07-23 ratio=98.57 momentum=98.54; 2026-07-27 ratio=98.71 momentum=99.29,0.0
stock,IFB Industries,IFBIND.NS,Household Appliances,Consumer Durables,5356.23,0.0,42.67,128.46,1498.2,12.33,37.08,19.51,,not_stage_2,3,1323.8,1190.35,-2.87,0.05517,"{'price_above_30w_ma': True, '30w_ma_rising': False, 'price_above_10w_ma': True, 'relative_strength_positive': True, 'near_52w_high': False}",weakening,leading,100.71,97.86,-0.2,-2.97,False,False,2026-07-20 ratio=100.92 momentum=100.83; 2026-07-21 ratio=101.03 momentum=101.90; 2026-07-22 ratio=100.73 momentum=100.43; 2026-07-23 ratio=100.58 momentum=99.70; 2026-07-27 ratio=100.71 momentum=97.86,63.55
stock,Adani Total Gas,ATGL.NS,LPG/CNG/PNG/LNG Supplier,"Oil, Gas & Consumable Fuels",72603.53,0.04,133.03,-17.97,1743.48,27.1,119.46,15.09,,not_stage_2,3,660.5,614.87,2.35,0.02753,"{'price_above_30w_ma': True, '30w_ma_rising': True, 'price_above_10w_ma': False, 'relative_strength_positive': False, 'near_52w_high': True}",lagging,lagging,98.84,96.94,-1.14,-0.87,False,False,2026-07-20 ratio=99.98 momentum=97.81; 2026-07-21 ratio=99.72 momentum=98.18; 2026-07-22 ratio=99.41 momentum=97.55; 2026-07-23 ratio=99.01 momentum=97.43; 2026-07-27 ratio=98.84 momentum=96.94,64.7
stock,Petronet LNG,PETRONET.NS,LPG/CNG/PNG/LNG Supplier,"Oil, Gas & Consumable Fuels",40927.55,3.66,1370.74,25.19,9442.09,-23.33,10.46,22.74,,not_stage_2,1,272.9,278.93,-0.18,0.01137,"{'price_above_30w_ma': False, '30w_ma_rising': False, 'price_above_10w_ma': False, 'relative_strength_positive': False, 'near_52w_high': True}",lagging,improving,99.21,99.03,0.19,-2.08,False,False,2026-07-20 ratio=99.02 momentum=101.11; 2026-07-21 ratio=99.42 momentum=100.13; 2026-07-22 ratio=100.33 momentum=102.92; 2026-07-23 ratio=98.83 momentum=97.90; 2026-07-27 ratio=99.21 momentum=99.03,20.0
stock,Gujarat Energy,GUJENERGY.NS,LPG/CNG/PNG/LNG Supplier,"Oil, Gas & Consumable Fuels",24928.81,2.19,151.8,-27.01,5791.85,41.2,14.0,18.49,,not_stage_2,0,265.55,366.3,-4.52,0.01107,"{'price_above_30w_ma': False, '30w_ma_rising': False, 'price_above_10w_ma': False, 'relative_strength_positive': False, 'near_52w_high': False}",improving,improving,98.42,104.14,0.31,1.04,False,True,2026-07-20 ratio=98.11 momentum=103.10; 2026-07-21 ratio=98.14 momentum=104.48; 2026-07-22 ratio=98.24 momentum=103.86; 2026-07-23 ratio=98.32 momentum=104.33; 2026-07-27 ratio=98.42 momentum=104.14,20.7
stock,Indraprastha Gas,IGL.NS,LPG/CNG/PNG/LNG Supplier,"Oil, Gas & Consumable Fuels",21042.05,2.83,338.75,-25.18,4162.69,5.45,13.58,17.9,,not_stage_2,0,150.27,162.97,-3.2,0.00626,"{'price_above_30w_ma': False, '30w_ma_rising': False, 'price_above_10w_ma': False, 'relative_strength_positive': False, 'near_52w_high': False}",improving,improving,98.66,101.54,-0.18,-2.74,False,False,2026-07-20 ratio=98.84 momentum=104.28; 2026-07-21 ratio=98.80 momentum=104.37; 2026-07-22 ratio=98.70 momentum=103.63; 2026-07-23 ratio=98.66 momentum=102.48; 2026-07-27 ratio=98.66 momentum=101.54,7.7
stock,Mahanagar Gas,MGL.NS,LPG/CNG/PNG/LNG Supplier,"Oil, Gas & Consumable Fuels",10856.89,2.73,131.92,-45.56,2051.22,4.52,12.82,18.28,,not_stage_2,2,1098.0,1092.81,-0.46,0.04576,"{'price_above_30w_ma': True, '30w_ma_rising': False, 'price_above_10w_ma': False, 'relative_strength_positive': False, 'near_52w_high': True}",lagging,lagging,99.47,99.2,0.48,0.7,False,False,2026-07-20 ratio=98.99 momentum=98.50; 2026-07-21 ratio=98.87 momentum=97.70; 2026-07-22 ratio=99.11 momentum=99.45; 2026-07-23 ratio=98.92 momentum=97.08; 2026-07-27 ratio=99.47 momentum=99.20,40.0
stock,Confidence Petro,CONFIPET.NS,LPG/CNG/PNG/LNG Supplier,"Oil, Gas & Consumable Fuels",2697.65,0.12,34.39,37.5,1215.69,31.45,29.04,9.23,,stage_2,5,81.04,52.89,11.7,0.00338,"{'price_above_30w_ma': True, '30w_ma_rising': True, 'price_above_10w_ma': True, 'relative_strength_positive': True, 'near_52w_high': True}",leading,leading,101.76,102.04,0.8,0.93,False,False,2026-07-20 ratio=100.96 momentum=101.11; 2026-07-21 ratio=100.81 momentum=102.10; 2026-07-22 ratio=100.73 momentum=102.09; 2026-07-23 ratio=100.72 momentum=100.16; 2026-07-27 ratio=101.76 momentum=102.04,187.4
stock,IRM Energy,IRMENERGY.NS,LPG/CNG/PNG/LNG Supplier,"Oil, Gas & Consumable Fuels",1061.37,0.58,12.76,190.66,279.67,4.41,19.95,8.63,,not_stage_2,1,258.8,251.75,-1.22,0.01079,"{'price_above_30w_ma': True, '30w_ma_rising': False, 'price_above_10w_ma': False, 'relative_strength_positive': False, 'near_52w_high': False}",lagging,lagging,98.93,98.89,0.08,1.05,False,False,2026-07-20 ratio=98.85 momentum=97.83; 2026-07-21 ratio=98.90 momentum=99.20; 2026-07-22 ratio=98.71 momentum=98.22; 2026-07-23 ratio=98.71 momentum=97.58; 2026-07-27 ratio=98.93 momentum=98.89,20.0
stock,Life Insurance,LICI.NS,Life Insurance,Financial Services,536738.86,2.36,23467.18,23.26,276743.77,13.82,9.34,35.14,,stage_2,5,424.35,412.53,0.05,0.01768,"{'price_above_30w_ma': True, '30w_ma_rising': True, 'price_above_10w_ma': True, 'relative_strength_positive': True, 'near_52w_high': True}",weakening,leading,100.21,97.1,-0.45,-2.99,False,False,2026-07-20 ratio=100.66 momentum=100.09; 2026-07-21 ratio=100.45 momentum=98.54; 2026-07-22 ratio=100.19 momentum=98.15; 2026-07-23 ratio=100.18 momentum=97.05; 2026-07-27 ratio=100.21 momentum=97.10,126.15
stock,SBI Life Insuran,SBILIFE.NS,Life Insurance,Financial Services,187384.55,0.14,724.93,21.97,46336.78,18.82,72.05,14.95,,not_stage_2,3,1866.8,1893.81,-1.26,0.0778,"{'price_above_30w_ma': False, '30w_ma_rising': False, 'price_above_10w_ma': True, 'relative_strength_positive': True, 'near_52w_high': True}",leading,improving,100.95,100.99,1.36,-1.44,False,False,2026-07-20 ratio=99.59 momentum=102.43; 2026-07-21 ratio=99.76 momentum=100.52; 2026-07-22 ratio=99.65 momentum=100.54; 2026-07-23 ratio=100.86 momentum=101.91; 2026-07-27 ratio=100.95 momentum=100.99,89.7
stock,HDFC Life Insur.,HDFCLIFE.NS,Life Insurance,Financial Services,120094.46,0.38,611.19,11.46,33758.51,14.58,60.8,10.3,,not_stage_2,0,552.85,627.22,-4.12,0.02304,"{'price_above_30w_ma': False, '30w_ma_rising': False, 'price_above_10w_ma': False, 'relative_strength_positive': False, 'near_52w_high': False}",improving,improving,98.68,100.36,-0.06,-2.71,False,False,2026-07-20 ratio=98.74 momentum=103.07; 2026-07-21 ratio=98.69 momentum=101.04; 2026-07-22 ratio=98.59 momentum=101.32; 2026-07-23 ratio=98.68 momentum=103.27; 2026-07-27 ratio=98.68 momentum=100.36,1.8
stock,ICICI Pru Life,ICICIPRULI.NS,Life Insurance,Financial Services,73998.9,0.32,623.91,61.94,3185.46,-79.69,46.02,10.14,,not_stage_2,2,509.8,557.77,-3.51,0.02125,"{'price_above_30w_ma': False, '30w_ma_rising': False, 'price_above_10w_ma': True, 'relative_strength_positive': True, 'near_52w_high': False}",leading,improving,100.46,101.56,1.02,-0.1,False,False,2026-07-20 ratio=99.44 momentum=101.65; 2026-07-21 ratio=99.60 momentum=101.88; 2026-07-22 ratio=99.78 momentum=102.38; 2026-07-23 ratio=100.07 momentum=102.31; 2026-07-27 ratio=100.46 momentum=101.56,70.1
stock,Max Financial,MFSL.NS,Life Insurance,Financial Services,52110.75,0.0,-31.52,-184.35,10801.94,-12.72,627.24,2.95,,not_stage_2,1,1511.1,1638.45,-1.11,0.06297,"{'price_above_30w_ma': False, '30w_ma_rising': False, 'price_above_10w_ma': False, 'relative_strength_positive': False, 'near_52w_high': True}",lagging,lagging,97.98,97.75,0.19,-2.01,False,False,2026-07-20 ratio=97.79 momentum=99.75; 2026-07-21 ratio=97.91 momentum=98.99; 2026-07-22 ratio=97.95 momentum=99.52; 2026-07-23 ratio=97.86 momentum=99.01; 2026-07-27 ratio=97.98 momentum=97.75,20.0
stock,Canara HSBC,CANHLIFE.NS,Life Insurance,Financial Services,13772.21,0.0,28.14,20.15,4350.86,19.81,104.87,8.35,,stage_2,5,145.01,143.37,0.84,0.00604,"{'price_above_30w_ma': True, '30w_ma_rising': True, 'price_above_10w_ma': True, 'relative_strength_positive': True, 'near_52w_high': True}",weakening,leading,100.6,99.61,-1.29,-2.48,False,False,2026-07-20 ratio=101.89 momentum=102.09; 2026-07-21 ratio=102.94 momentum=102.59; 2026-07-22 ratio=102.27 momentum=101.34; 2026-07-23 ratio=102.57 momentum=102.59; 2026-07-27 ratio=100.60 momentum=99.61,129.68
stock,Container Corpn.,CONCOR.NS,Logistics Solution Provider,Services,38860.25,1.49,268.9,0.08,2159.76,0.28,31.29,12.41,,not_stage_2,4,510.5,485.67,-0.82,0.02127,"{'price_above_30w_ma': True, '30w_ma_rising': False, 'price_above_10w_ma': True, 'relative_strength_positive': True, 'near_52w_high': True}",leading,leading,101.59,104.39,1.12,2.67,False,False,2026-07-20 ratio=100.47 momentum=101.72; 2026-07-21 ratio=100.25 momentum=101.80; 2026-07-22 ratio=100.02 momentum=102.34; 2026-07-23 ratio=100.15 momentum=102.60; 2026-07-27 ratio=101.59 momentum=104.39,129.9
stock,Delhivery,DELHIVERY.NS,Logistics Solution Provider,Services,35205.57,0.0,72.4,-2.29,2850.0,30.04,197.23,2.82,,not_stage_2,3,470.0,447.03,2.41,0.01959,"{'price_above_30w_ma': True, '30w_ma_rising': True, 'price_above_10w_ma': False, 'relative_strength_positive': False, 'near_52w_high': True}",lagging,weakening,99.85,96.72,-0.53,-0.07,False,False,2026-07-20 ratio=100.38 momentum=96.79; 2026-07-21 ratio=100.32 momentum=97.18; 2026-07-22 ratio=99.73 momentum=97.35; 2026-07-23 ratio=99.75 momentum=96.72; 2026-07-27 ratio=99.85 momentum=96.72,64.82
stock,Shadowfax Technologies,SHADOWFAX.NS,Logistics Solution Provider,Services,12275.74,0.0,55.27,648.31,1205.81,73.62,106.58,9.66,,insufficient_data,0,,,,,{},lagging,weakening,99.78,96.32,-0.81,-2.13,False,False,2026-07-20 ratio=100.59 momentum=98.45; 2026-07-21 ratio=100.47 momentum=98.61; 2026-07-22 ratio=100.41 momentum=98.88; 2026-07-23 ratio=100.55 momentum=99.26; 2026-07-27 ratio=99.78 momentum=96.32,0.0
stock,Blue Dart Expres,BLUEDART.NS,Logistics Solution Provider,Services,12172.55,0.49,48.85,-11.26,1533.47,8.2,43.4,16.64,,not_stage_2,3,5114.2,5195.96,-1.25,0.21313,"{'price_above_30w_ma': False, '30w_ma_rising': False, 'price_above_10w_ma': True, 'relative_strength_positive': True, 'near_52w_high': True}",leading,improving,102.79,103.18,3.41,3.07,True,False,2026-07-20 ratio=99.38 momentum=100.11; 2026-07-21 ratio=99.30 momentum=100.96; 2026-07-22 ratio=99.12 momentum=99.78; 2026-07-23 ratio=98.83 momentum=98.00; 2026-07-27 ratio=102.79 momentum=103.18,119.85
stock,Transport Corp.,TCI.NS,Logistics Solution Provider,Services,7160.24,1.07,124.5,8.23,1323.8,12.3,15.78,19.45,,not_stage_2,2,932.3,970.98,-1.76,0.03885,"{'price_above_30w_ma': False, '30w_ma_rising': False, 'price_above_10w_ma': True, 'relative_strength_positive': False, 'near_52w_high': True}",improving,improving,99.99,101.55,0.53,0.05,False,True,2026-07-20 ratio=99.46 momentum=101.51; 2026-07-21 ratio=99.61 momentum=97.21; 2026-07-22 ratio=99.73 momentum=98.22; 2026-07-23 ratio=100.12 momentum=102.21; 2026-07-27 ratio=99.99 momentum=101.55,47.75
stock,TVS Supply,TVSSCS.NS,Logistics Solution Provider,Services,6021.97,0.0,18.36,543.4,3032.22,21.35,32.36,10.06,,stage_2,5,136.62,117.7,3.19,0.00569,"{'price_above_30w_ma': True, '30w_ma_rising': True, 'price_above_10w_ma': True, 'relative_strength_positive': True, 'near_52w_high': True}",weakening,weakening,100.79,97.51,0.11,-0.71,False,False,2026-07-20 ratio=100.68 momentum=98.22; 2026-07-21 ratio=100.59 momentum=97.90; 2026-07-22 ratio=100.51 momentum=98.43; 2026-07-23 ratio=100.39 momentum=96.36; 2026-07-27 ratio=100.79 momentum=97.51,135.33
stock,VRL Logistics,VRLLOG.NS,Logistics Solution Provider,Services,4590.05,2.85,72.14,-2.87,852.85,5.42,18.99,18.27,,not_stage_2,4,262.75,252.4,-1.31,0.01095,"{'price_above_30w_ma': True, '30w_ma_rising': False, 'price_above_10w_ma': True, 'relative_strength_positive': True, 'near_52w_high': True}",leading,lagging,103.31,103.31,4.77,7.08,True,False,2026-07-20 ratio=98.55 momentum=96.23; 2026-07-21 ratio=100.20 momentum=103.05; 2026-07-22 ratio=100.47 momentum=102.54; 2026-07-23 ratio=100.55 momentum=102.46; 2026-07-27 ratio=103.31 momentum=103.31,143.1
stock,Mahindra Logis.,MAHLOG.NS,Logistics Solution Provider,Services,4161.41,0.6,27.83,335.09,2002.88,23.29,105.61,7.36,,stage_2,5,419.1,372.45,3.06,0.01747,"{'price_above_30w_ma': True, '30w_ma_rising': True, 'price_above_10w_ma': True, 'relative_strength_positive': True, 'near_52w_high': True}",leading,leading,102.8,103.39,1.49,1.79,False,False,2026-07-20 ratio=101.31 momentum=101.60; 2026-07-21 ratio=101.26 momentum=102.12; 2026-07-22 ratio=102.08 momentum=103.53; 2026-07-23 ratio=101.54 momentum=101.33; 2026-07-27 ratio=102.80 momentum=103.39,182.07
stock,Gateway Distri,GATEWAY.NS,Logistics Solution Provider,Services,2925.51,3.42,63.7,25.51,533.65,-0.24,11.35,10.83,,not_stage_2,4,58.5,57.45,-0.57,0.00244,"{'price_above_30w_ma': True, '30w_ma_rising': False, 'price_above_10w_ma': True, 'relative_strength_positive': True, 'near_52w_high': True}",leading,lagging,100.03,100.47,0.54,4.27,True,False,2026-07-20 ratio=99.49 momentum=96.20; 2026-07-21 ratio=99.61 momentum=97.70; 2026-07-22 ratio=99.52 momentum=99.19; 2026-07-23 ratio=99.36 momentum=99.29; 2026-07-27 ratio=100.03 momentum=100.47,112.5
stock,TCI Express,TCIEXP.NS,Logistics Solution Provider,Services,2168.63,1.43,16.03,-9.5,328.08,6.77,26.29,13.76,,not_stage_2,4,561.35,529.95,-0.32,0.02339,"{'price_above_30w_ma': True, '30w_ma_rising': False, 'price_above_10w_ma': True, 'relative_strength_positive': True, 'near_52w_high': True}",weakening,leading,101.06,99.2,-0.64,-3.58,False,False,2026-07-20 ratio=101.70 momentum=102.78; 2026-07-21 ratio=102.03 momentum=104.09; 2026-07-22 ratio=101.91 momentum=111.04; 2026-07-23 ratio=101.25 momentum=99.66; 2026-07-27 ratio=101.06 momentum=99.20,85.3
stock,Castrol India,CASTROLIND.NS,Lubricants,"Oil, Gas & Consumable Fuels",18225.58,4.75,242.18,3.74,1545.24,8.67,18.7,60.27,,not_stage_2,3,184.32,184.01,-0.26,0.00768,"{'price_above_30w_ma': True, '30w_ma_rising': False, 'price_above_10w_ma': True, 'relative_strength_positive': False, 'near_52w_high': True}",improving,improving,99.65,101.66,0.86,-0.49,False,False,2026-07-20 ratio=98.78 momentum=102.15; 2026-07-21 ratio=99.19 momentum=103.06; 2026-07-22 ratio=100.30 momentum=101.58; 2026-07-23 ratio=100.52 momentum=101.85; 2026-07-27 ratio=99.65 momentum=101.66,68.3
stock,Gulf Oil Lubric.,GULFOILLUB.NS,Lubricants,"Oil, Gas & Consumable Fuels",5198.76,4.58,90.02,-1.75,1040.24,13.68,14.15,27.46,,not_stage_2,4,1048.2,1011.19,-2.1,0.04368,"{'price_above_30w_ma': True, '30w_ma_rising': False, 'price_above_10w_ma': True, 'relative_strength_positive': True, 'near_52w_high': True}",leading,lagging,101.03,100.06,1.04,3.73,True,False,2026-07-20 ratio=99.99 momentum=96.33; 2026-07-21 ratio=99.84 momentum=96.50; 2026-07-22 ratio=99.86 momentum=97.19; 2026-07-23 ratio=100.94 momentum=99.44; 2026-07-27 ratio=101.03 momentum=100.06,115.45
stock,Savita Oil Tech,SOTL.NS,Lubricants,"Oil, Gas & Consumable Fuels",4445.43,0.62,50.34,45.79,1223.96,21.71,22.93,15.68,,stage_2,5,649.35,431.03,8.19,0.02706,"{'price_above_30w_ma': True, '30w_ma_rising': True, 'price_above_10w_ma': True, 'relative_strength_positive': True, 'near_52w_high': True}",leading,weakening,101.62,100.91,0.71,1.88,True,False,2026-07-20 ratio=100.91 momentum=99.03; 2026-07-21 ratio=101.06 momentum=101.36; 2026-07-22 ratio=101.00 momentum=101.03; 2026-07-23 ratio=101.68 momentum=102.09; 2026-07-27 ratio=101.62 momentum=100.91,184.03
stock,Panama Petrochem,PANAMAPET.NS,Lubricants,"Oil, Gas & Consumable Fuels",2947.53,0.62,71.08,60.56,822.77,18.35,13.87,19.15,,stage_2,5,487.1,329.56,7.36,0.0203,"{'price_above_30w_ma': True, '30w_ma_rising': True, 'price_above_10w_ma': True, 'relative_strength_positive': True, 'near_52w_high': True}",leading,weakening,101.74,101.57,0.43,2.15,True,False,2026-07-20 ratio=101.31 momentum=99.42; 2026-07-21 ratio=101.38 momentum=100.82; 2026-07-22 ratio=101.36 momentum=101.68; 2026-07-23 ratio=102.12 momentum=102.44; 2026-07-27 ratio=101.74 momentum=101.57,186.27
stock,Veedol Corporat,VEEDOL.NS,Lubricants,"Oil, Gas & Consumable Fuels",2415.75,4.17,57.46,-3.75,606.98,14.04,12.61,24.23,,not_stage_2,0,1392.3,1420.9,-2.15,0.05802,"{'price_above_30w_ma': False, '30w_ma_rising': False, 'price_above_10w_ma': False, 'relative_strength_positive': False, 'near_52w_high': False}",lagging,lagging,98.06,98.19,0.64,0.25,False,False,2026-07-20 ratio=97.41 momentum=97.95; 2026-07-21 ratio=97.93 momentum=97.82; 2026-07-22 ratio=97.87 momentum=98.06; 2026-07-23 ratio=98.37 momentum=98.85; 2026-07-27 ratio=98.06 momentum=98.19,0.0
stock,Gandhar Oil Ref.,GANDHAR.NS,Lubricants,"Oil, Gas & Consumable Fuels",2396.37,0.81,205.89,633.09,1731.93,91.81,7.95,13.19,,stage_2,5,245.47,160.97,8.22,0.01023,"{'price_above_30w_ma': True, '30w_ma_rising': True, 'price_above_10w_ma': True, 'relative_strength_positive': True, 'near_52w_high': True}",leading,leading,102.41,100.11,-0.41,-4.0,False,False,2026-07-20 ratio=102.82 momentum=104.11; 2026-07-21 ratio=102.55 momentum=102.36; 2026-07-22 ratio=102.81 momentum=103.14; 2026-07-23 ratio=104.07 momentum=103.67; 2026-07-27 ratio=102.41 momentum=100.11,174.04
stock,GP Petroleums,GULFPETRO.NS,Lubricants,"Oil, Gas & Consumable Fuels",231.89,1.1,21.19,229.04,230.33,45.6,5.33,10.9,,stage_2,5,45.44,34.75,2.17,0.00189,"{'price_above_30w_ma': True, '30w_ma_rising': True, 'price_above_10w_ma': True, 'relative_strength_positive': True, 'near_52w_high': True}",leading,lagging,102.31,102.6,2.94,5.1,True,False,2026-07-20 ratio=99.37 momentum=97.49; 2026-07-21 ratio=99.97 momentum=98.31; 2026-07-22 ratio=100.38 momentum=100.35; 2026-07-23 ratio=101.08 momentum=101.99; 2026-07-27 ratio=102.31 momentum=102.60,183.89
stock,Arabian Petrol.,ARABIAN.NS,Lubricants,"Oil, Gas & Consumable Fuels",75.64,0.0,5.21,3.37,200.25,36.98,6.72,18.41,,not_stage_2,3,69.45,69.96,-0.15,0.00291,"{'price_above_30w_ma': False, '30w_ma_rising': False, 'price_above_10w_ma': True, 'relative_strength_positive': True, 'near_52w_high': True}",weakening,lagging,100.39,98.76,1.52,1.19,False,False,2026-07-17 ratio=98.87 momentum=97.57; 2026-07-20 ratio=99.00 momentum=98.04; 2026-07-21 ratio=99.09 momentum=98.11; 2026-07-22 ratio=99.32 momentum=97.60; 2026-07-23 ratio=100.39 momentum=98.76,61.95
stock,Sundrex Oil,SOCL.NS,Lubricants,"Oil, Gas & Consumable Fuels",36.16,0.0,2.9,-16.18,67.25,96.29,6.8,21.24,,insufficient_data,0,,,,,{},insufficient_data,insufficient_data,,,,,False,False,,0.0
stock,Venky's (India),VENKEYS.NS,Meat Products including Poultry,Fast Moving Consumer Goods,2123.18,0.67,101.37,662.18,1100.47,30.52,15.25,11.89,,stage_2,5,1503.7,1448.13,0.07,0.06266,"{'price_above_30w_ma': True, '30w_ma_rising': True, 'price_above_10w_ma': True, 'relative_strength_positive': True, 'near_52w_high': True}",leading,leading,100.71,102.48,0.39,-0.39,False,False,2026-07-20 ratio=100.31 momentum=102.87; 2026-07-21 ratio=100.45 momentum=103.38; 2026-07-22 ratio=100.35 momentum=103.18; 2026-07-23 ratio=100.69 momentum=104.74; 2026-07-27 ratio=100.71 momentum=102.48,161.09
stock,SKM Egg Prod.,SKMEGGPROD.NS,Meat Products including Poultry,Fast Moving Consumer Goods,1672.87,0.24,32.79,414.65,186.65,58.93,16.12,30.0,,stage_2,5,318.8,208.13,7.53,0.01329,"{'price_above_30w_ma': True, '30w_ma_rising': True, 'price_above_10w_ma': True, 'relative_strength_positive': True, 'near_52w_high': True}",weakening,weakening,101.09,98.49,-0.12,0.85,False,False,2026-07-20 ratio=101.21 momentum=97.64; 2026-07-21 ratio=101.08 momentum=98.28; 2026-07-22 ratio=101.09 momentum=99.00; 2026-07-23 ratio=101.23 momentum=98.65; 2026-07-27 ratio=101.09 momentum=98.49,145.51
stock,HMA Agro Inds.,HMAAGRO.NS,Meat Products including Poultry,Fast Moving Consumer Goods,1074.63,1.39,8.23,-39.71,1579.1,5.3,6.52,15.99,,not_stage_2,0,21.53,24.25,-3.89,0.0009,"{'price_above_30w_ma': False, '30w_ma_rising': False, 'price_above_10w_ma': False, 'relative_strength_positive': False, 'near_52w_high': False}",improving,improving,98.87,103.56,0.21,0.1,False,True,2026-07-20 ratio=98.65 momentum=103.47; 2026-07-21 ratio=98.78 momentum=105.21; 2026-07-22 ratio=98.79 momentum=102.74; 2026-07-23 ratio=98.70 momentum=102.38; 2026-07-27 ratio=98.87 momentum=103.56,17.8
stock,Prime Focus,PFOCUS.NS,Media & Entertainment,"Media, Entertainment & Publication",22358.2,0.0,117.7,-24.77,1384.47,41.42,95.2,11.5,,stage_2,5,287.75,267.21,2.88,0.01199,"{'price_above_30w_ma': True, '30w_ma_rising': True, 'price_above_10w_ma': True, 'relative_strength_positive': True, 'near_52w_high': True}",leading,leading,101.97,103.61,0.4,0.93,False,False,2026-07-20 ratio=101.57 momentum=102.67; 2026-07-21 ratio=101.89 momentum=103.12; 2026-07-22 ratio=101.85 momentum=103.34; 2026-07-23 ratio=102.02 momentum=103.61; 2026-07-27 ratio=101.97 momentum=103.61,178.66
stock,Saregama India,SAREGAMA.NS,Media & Entertainment,"Media, Entertainment & Publication",9926.8,0.87,74.14,35.42,287.44,19.36,46.55,17.76,,stage_2,5,514.85,390.35,5.06,0.02146,"{'price_above_30w_ma': True, '30w_ma_rising': True, 'price_above_10w_ma': True, 'relative_strength_positive': True, 'near_52w_high': True}",leading,leading,101.59,103.05,0.22,1.72,False,False,2026-07-20 ratio=101.37 momentum=101.33; 2026-07-21 ratio=101.41 momentum=103.36; 2026-07-22 ratio=100.84 momentum=102.17; 2026-07-23 ratio=100.89 momentum=100.01; 2026-07-27 ratio=101.59 momentum=103.05,178.32
stock,Tips Music,TIPSMUSIC.NS,Media & Entertainment,"Media, Entertainment & Publication",9107.34,1.82,43.7,-4.67,106.51,20.94,42.44,122.19,,stage_2,5,712.55,602.51,3.59,0.02969,"{'price_above_30w_ma': True, '30w_ma_rising': True, 'price_above_10w_ma': True, 'relative_strength_positive': True, 'near_52w_high': True}",weakening,leading,101.87,99.74,0.13,-1.02,False,False,2026-07-20 ratio=101.73 momentum=100.77; 2026-07-21 ratio=101.78 momentum=101.22; 2026-07-22 ratio=98.14 momentum=98.11; 2026-07-23 ratio=100.59 momentum=98.31; 2026-07-27 ratio=101.87 momentum=99.74,141.53
stock,Netwrk.18 Media,NETWORK18.NS,Media & Entertainment,"Media, Entertainment & Publication",4448.67,0.0,-38.36,-2074.55,516.26,10.34,,3.02,,not_stage_2,0,28.85,33.51,-5.08,0.0012,"{'price_above_30w_ma': False, '30w_ma_rising': False, 'price_above_10w_ma': False, 'relative_strength_positive': False, 'near_52w_high': False}",lagging,lagging,97.95,99.13,0.1,1.51,False,False,2026-07-20 ratio=97.85 momentum=97.62; 2026-07-21 ratio=97.77 momentum=98.26; 2026-07-22 ratio=97.52 momentum=98.30; 2026-07-23 ratio=97.40 momentum=98.57; 2026-07-27 ratio=97.95 momentum=99.13,0.0
stock,Balaji Telefilms,BALAJITELE.NS,Media & Entertainment,"Media, Entertainment & Publication",1020.09,0.0,-14.16,-114.98,47.62,-28.12,,-9.54,,not_stage_2,0,83.8,93.24,-2.86,0.00349,"{'price_above_30w_ma': False, '30w_ma_rising': False, 'price_above_10w_ma': False, 'relative_strength_positive': False, 'near_52w_high': False}",lagging,lagging,98.33,96.73,-0.97,-2.39,False,False,2026-07-20 ratio=99.30 momentum=99.12; 2026-07-21 ratio=99.17 momentum=98.60; 2026-07-22 ratio=98.94 momentum=97.62; 2026-07-23 ratio=98.94 momentum=97.55; 2026-07-27 ratio=98.33 momentum=96.73,0.0
stock,Ent.Network,ENIL.NS,Media & Entertainment,"Media, Entertainment & Publication",505.59,1.89,8.27,-18.52,142.14,-10.16,259.28,-0.75,,not_stage_2,0,106.06,110.29,-0.86,0.00442,"{'price_above_30w_ma': False, '30w_ma_rising': False, 'price_above_10w_ma': False, 'relative_strength_positive': False, 'near_52w_high': False}",improving,improving,99.11,102.27,-0.22,-1.04,False,False,2026-07-20 ratio=99.33 momentum=103.31; 2026-07-21 ratio=99.14 momentum=99.13; 2026-07-22 ratio=99.30 momentum=101.47; 2026-07-23 ratio=99.34 momentum=102.58; 2026-07-27 ratio=99.11 momentum=102.27,11.35
stock,Basilic Fly Stud,BASILIC.NS,Media & Entertainment,"Media, Entertainment & Publication",484.71,0.0,15.4,-29.81,113.4,-15.12,9.49,22.32,,not_stage_2,0,190.3,231.03,-6.95,0.00797,"{'price_above_30w_ma': False, '30w_ma_rising': False, 'price_above_10w_ma': False, 'relative_strength_positive': False, 'near_52w_high': False}",lagging,lagging,98.72,97.58,-0.06,-0.79,False,False,2026-07-17 ratio=98.77 momentum=98.37; 2026-07-20 ratio=98.78 momentum=104.70; 2026-07-21 ratio=98.78 momentum=100.70; 2026-07-22 ratio=98.81 momentum=98.69; 2026-07-23 ratio=98.72 momentum=97.58,0.0
stock,Gretex Industrie,GRETEX.NS,Media & Entertainment,"Media, Entertainment & Publication",465.18,0.0,0.1,-92.09,27.6,43.97,332.27,3.01,,stage_2,5,300.0,257.98,5.83,0.01257,"{'price_above_30w_ma': True, '30w_ma_rising': True, 'price_above_10w_ma': True, 'relative_strength_positive': True, 'near_52w_high': True}",leading,leading,101.65,101.04,-0.11,-1.14,False,False,2026-07-17 ratio=101.76 momentum=102.18; 2026-07-20 ratio=101.77 momentum=102.77; 2026-07-21 ratio=101.74 momentum=103.41; 2026-07-22 ratio=101.62 momentum=100.70; 2026-07-23 ratio=101.65 momentum=101.04,170.11
stock,Shemaroo Entert.,SHEMAROO.NS,Media & Entertainment,"Media, Entertainment & Publication",333.24,0.0,-8.07,82.43,131.68,-5.62,,-39.34,,not_stage_2,3,118.97,106.43,1.93,0.00496,"{'price_above_30w_ma': True, '30w_ma_rising': True, 'price_above_10w_ma': False, 'relative_strength_positive': False, 'near_52w_high': True}",weakening,weakening,100.09,96.29,-0.2,-1.72,False,False,2026-07-20 ratio=100.29 momentum=98.02; 2026-07-21 ratio=100.78 momentum=100.28; 2026-07-22 ratio=100.70 momentum=100.13; 2026-07-23 ratio=100.78 momentum=99.84; 2026-07-27 ratio=100.09 momentum=96.29,64.31
stock,Phantom Digital,PHANTOMFX.NS,Media & Entertainment,"Media, Entertainment & Publication",298.16,0.0,20.69,150.18,84.98,139.11,9.14,17.61,,not_stage_2,0,171.35,195.83,-4.42,0.00718,"{'price_above_30w_ma': False, '30w_ma_rising': False, 'price_above_10w_ma': False, 'relative_strength_positive': False, 'near_52w_high': False}",lagging,improving,98.89,96.9,-0.58,-5.65,False,False,2026-07-17 ratio=99.47 momentum=102.55; 2026-07-20 ratio=99.85 momentum=99.90; 2026-07-21 ratio=99.68 momentum=99.00; 2026-07-22 ratio=99.16 momentum=98.98; 2026-07-23 ratio=98.89 momentum=96.90,0.0
stock,Poly Medicure,POLYMED.NS,Medical Equipment & Supplies,Healthcare,17009.93,0.21,65.04,-27.81,534.51,21.25,51.98,14.04,,not_stage_2,4,1680.7,1487.87,-1.18,0.07004,"{'price_above_30w_ma': True, '30w_ma_rising': False, 'price_above_10w_ma': True, 'relative_strength_positive': True, 'near_52w_high': True}",leading,leading,101.02,100.28,-0.22,-0.18,False,False,2026-07-20 ratio=101.23 momentum=100.47; 2026-07-21 ratio=101.02 momentum=100.38; 2026-07-22 ratio=100.94 momentum=101.15; 2026-07-23 ratio=100.64 momentum=98.80; 2026-07-27 ratio=101.02 momentum=100.28,106.5
stock,Fischer Medical,FISCHER.NS,Medical Equipment & Supplies,Healthcare,2452.01,0.01,-7.1,-641.98,97.73,98.76,79.05,11.43,,not_stage_2,2,37.7,37.97,-1.82,0.00157,"{'price_above_30w_ma': False, '30w_ma_rising': False, 'price_above_10w_ma': True, 'relative_strength_positive': True, 'near_52w_high': False}",weakening,leading,100.44,98.42,-1.07,-4.81,False,False,2026-07-20 ratio=101.51 momentum=103.24; 2026-07-21 ratio=101.52 momentum=104.03; 2026-07-22 ratio=101.11 momentum=102.73; 2026-07-23 ratio=101.21 momentum=101.51; 2026-07-27 ratio=100.44 momentum=98.42,42.2
stock,Tarsons Products,TARSONS.NS,Medical Equipment & Supplies,Healthcare,1708.49,0.0,4.18,-60.59,120.93,7.31,113.45,4.56,,stage_2,5,320.9,222.85,4.69,0.01337,"{'price_above_30w_ma': True, '30w_ma_rising': True, 'price_above_10w_ma': True, 'relative_strength_positive': True, 'near_52w_high': True}",weakening,weakening,101.82,98.83,0.83,1.91,False,False,2026-07-20 ratio=101.00 momentum=96.92; 2026-07-21 ratio=101.81 momentum=98.58; 2026-07-22 ratio=101.63 momentum=98.52; 2026-07-23 ratio=101.86 momentum=99.54; 2026-07-27 ratio=101.82 momentum=98.83,143.48
stock,Laxmi Dental,LAXMIDENTL.NS,Medical Equipment & Supplies,Healthcare,1199.5,0.0,10.1,149.5,73.95,21.89,35.87,14.86,,not_stage_2,1,218.05,207.42,-2.86,0.00909,"{'price_above_30w_ma': True, '30w_ma_rising': False, 'price_above_10w_ma': False, 'relative_strength_positive': False, 'near_52w_high': False}",lagging,lagging,99.41,98.98,-0.42,0.46,False,False,2026-07-20 ratio=99.83 momentum=98.52; 2026-07-21 ratio=99.91 momentum=100.65; 2026-07-22 ratio=99.44 momentum=99.31; 2026-07-23 ratio=99.28 momentum=98.46; 2026-07-27 ratio=99.41 momentum=98.98,20.0
stock,Q-Line Biotech,QLINE.NS,Medical Equipment & Supplies,Healthcare,1167.11,0.0,34.41,147.29,197.94,-8.59,20.66,22.46,,insufficient_data,0,,,,,{},insufficient_data,insufficient_data,,,,,False,False,,0.0
stock,Vasa Denticity,DENTALKART.NS,Medical Equipment & Supplies,Healthcare,748.55,0.0,1.36,-68.52,72.41,-0.54,69.44,9.21,,not_stage_2,2,425.45,444.65,-5.02,0.01782,"{'price_above_30w_ma': False, '30w_ma_rising': False, 'price_above_10w_ma': True, 'relative_strength_positive': True, 'near_52w_high': False}",leading,leading,100.82,101.81,-0.13,-1.35,False,False,2026-07-17 ratio=100.95 momentum=103.17; 2026-07-20 ratio=100.57 momentum=102.77; 2026-07-21 ratio=101.04 momentum=102.75; 2026-07-22 ratio=100.78 momentum=101.89; 2026-07-23 ratio=100.82 momentum=101.81,73.15
stock,OSEL Devices,OSELDEVICE.NS,Medical Equipment & Supplies,Healthcare,746.93,0.0,14.06,16.78,145.81,47.1,25.54,24.4,,insufficient_data,0,,,,,{},insufficient_data,insufficient_data,,,,,False,False,,0.0
stock,Nureca,NURECA.NS,Medical Equipment & Supplies,Healthcare,302.13,0.0,3.07,279.01,40.34,18.02,69.61,3.3,,not_stage_2,4,315.7,266.86,-0.48,0.01316,"{'price_above_30w_ma': True, '30w_ma_rising': False, 'price_above_10w_ma': True, 'relative_strength_positive': True, 'near_52w_high': True}",leading,leading,102.58,104.11,1.31,1.5,False,False,2026-07-20 ratio=101.27 momentum=102.62; 2026-07-21 ratio=101.76 momentum=103.06; 2026-07-22 ratio=102.63 momentum=103.45; 2026-07-23 ratio=101.98 momentum=103.01; 2026-07-27 ratio=102.58 momentum=104.11,133.45
stock,Aprameya Enginee,APRAMEYA.NS,Medical Equipment & Supplies,Healthcare,284.27,0.0,-1.72,-109.64,12.61,-90.03,56.4,12.64,,insufficient_data,0,,,,,{},insufficient_data,insufficient_data,,,,,False,False,,0.0
stock,QMS Medical,QMSMEDI.NS,Medical Equipment & Supplies,Healthcare,216.83,0.45,2.02,-48.5,44.42,-0.36,21.4,13.18,,stage_2,5,112.13,90.21,2.63,0.00467,"{'price_above_30w_ma': True, '30w_ma_rising': True, 'price_above_10w_ma': True, 'relative_strength_positive': True, 'near_52w_high': True}",leading,weakening,101.53,100.36,0.32,2.82,True,False,2026-07-20 ratio=101.21 momentum=97.54; 2026-07-21 ratio=101.06 momentum=99.44; 2026-07-22 ratio=101.58 momentum=100.55; 2026-07-23 ratio=101.23 momentum=99.22; 2026-07-27 ratio=101.53 momentum=100.36,169.71
stock,CreditAcc. Gram.,CREDITACC.NS,Microfinance Institutions,Financial Services,25518.7,0.0,493.39,719.72,1783.49,21.92,21.08,9.98,,stage_2,5,1591.1,1328.13,2.57,0.06631,"{'price_above_30w_ma': True, '30w_ma_rising': True, 'price_above_10w_ma': True, 'relative_strength_positive': True, 'near_52w_high': True}",leading,weakening,101.91,101.46,1.03,4.1,True,False,2026-07-20 ratio=100.88 momentum=97.36; 2026-07-21 ratio=101.31 momentum=98.25; 2026-07-22 ratio=100.93 momentum=97.55; 2026-07-23 ratio=101.15 momentum=97.72; 2026-07-27 ratio=101.91 momentum=101.46,176.99
stock,Muthoot Microfin,MUTHOOTMF.NS,Microfinance Institutions,Financial Services,4342.16,0.0,71.12,117.73,631.81,13.83,25.43,9.31,,stage_2,5,255.03,188.65,5.09,0.01063,"{'price_above_30w_ma': True, '30w_ma_rising': True, 'price_above_10w_ma': True, 'relative_strength_positive': True, 'near_52w_high': True}",weakening,leading,102.05,98.27,-0.39,-3.2,False,False,2026-07-20 ratio=102.44 momentum=101.48; 2026-07-21 ratio=102.32 momentum=101.73; 2026-07-22 ratio=102.08 momentum=102.24; 2026-07-23 ratio=101.65 momentum=101.18; 2026-07-27 ratio=102.05 momentum=98.27,145.43
stock,Fusion Finance,FUSION.NS,Microfinance Institutions,Financial Services,3576.29,0.0,114.19,169.39,424.02,-9.02,258.22,5.92,,stage_2,5,220.7,185.11,4.81,0.0092,"{'price_above_30w_ma': True, '30w_ma_rising': True, 'price_above_10w_ma': True, 'relative_strength_positive': True, 'near_52w_high': True}",weakening,weakening,101.11,96.64,-0.21,-0.93,False,False,2026-07-20 ratio=101.32 momentum=97.57; 2026-07-21 ratio=101.40 momentum=98.22; 2026-07-22 ratio=101.11 momentum=98.09; 2026-07-23 ratio=101.21 momentum=97.27; 2026-07-27 ratio=101.11 momentum=96.64,140.17
stock,Satin Creditcare,SATIN.NS,Microfinance Institutions,Financial Services,2891.29,0.0,162.04,640.16,919.5,49.48,8.7,13.84,,stage_2,5,261.51,191.23,8.96,0.0109,"{'price_above_30w_ma': True, '30w_ma_rising': True, 'price_above_10w_ma': True, 'relative_strength_positive': True, 'near_52w_high': True}",leading,weakening,101.45,100.59,0.38,1.2,True,False,2026-07-20 ratio=101.07 momentum=99.39; 2026-07-21 ratio=101.23 momentum=99.16; 2026-07-22 ratio=100.88 momentum=99.36; 2026-07-23 ratio=101.24 momentum=99.77; 2026-07-27 ratio=101.45 momentum=100.59,183.12
stock,Spandana Sphoort,SPANDANA.NS,Microfinance Institutions,Financial Services,2149.21,0.0,11.88,103.3,283.91,-5.51,,-5.78,,not_stage_2,3,266.0,247.56,0.73,0.01109,"{'price_above_30w_ma': True, '30w_ma_rising': True, 'price_above_10w_ma': False, 'relative_strength_positive': False, 'near_52w_high': True}",lagging,weakening,99.82,96.44,-0.89,0.65,False,False,2026-07-20 ratio=100.71 momentum=95.79; 2026-07-21 ratio=101.57 momentum=99.49; 2026-07-22 ratio=100.79 momentum=98.26; 2026-07-23 ratio=101.17 momentum=97.70; 2026-07-27 ratio=99.82 momentum=96.44,61.46
stock,Bajaj Finance,BAJFINANCE.NS,Non Banking Financial Company (NBFC),Financial Services,652763.46,0.52,5553.3,21.99,21605.79,18.1,33.96,10.87,,stage_2,5,1048.3,946.92,0.43,0.04369,"{'price_above_30w_ma': True, '30w_ma_rising': True, 'price_above_10w_ma': True, 'relative_strength_positive': True, 'near_52w_high': True}",weakening,weakening,101.57,99.62,-0.54,-0.36,False,False,2026-07-20 ratio=102.11 momentum=99.98; 2026-07-21 ratio=102.12 momentum=98.99; 2026-07-22 ratio=101.98 momentum=100.14; 2026-07-23 ratio=101.59 momentum=100.04; 2026-07-27 ratio=101.57 momentum=99.62,133.71
stock,Shriram Finance,SHRIRAMFIN.NS,Non Banking Financial Company (NBFC),Financial Services,244307.42,1.04,3452.77,59.89,13400.43,16.16,21.59,11.49,,stage_2,5,1038.2,996.38,1.36,0.04327,"{'price_above_30w_ma': True, '30w_ma_rising': True, 'price_above_10w_ma': True, 'relative_strength_positive': True, 'near_52w_high': True}",weakening,weakening,101.02,98.87,0.12,1.48,False,False,2026-07-20 ratio=100.91 momentum=97.39; 2026-07-21 ratio=101.51 momentum=98.79; 2026-07-22 ratio=101.57 momentum=101.63; 2026-07-23 ratio=100.91 momentum=98.48; 2026-07-27 ratio=101.02 momentum=98.87,132.82
stock,Cholaman.Inv.&Fn,CHOLAFIN.NS,Non Banking Financial Company (NBFC),Financial Services,152101.85,0.11,1645.2,30.62,8416.71,19.46,29.04,9.71,,stage_2,5,1785.2,1632.06,0.53,0.0744,"{'price_above_30w_ma': True, '30w_ma_rising': True, 'price_above_10w_ma': True, 'relative_strength_positive': True, 'near_52w_high': True}",weakening,weakening,101.03,98.48,0.08,2.45,False,False,2026-07-20 ratio=100.95 momentum=96.02; 2026-07-21 ratio=100.74 momentum=94.95; 2026-07-22 ratio=100.57 momentum=97.05; 2026-07-23 ratio=100.54 momentum=96.81; 2026-07-27 ratio=101.03 momentum=98.48,131.21
stock,Tata Capital,TATACAP.NS,Non Banking Financial Company (NBFC),Financial Services,148999.99,0.16,1466.27,42.82,8160.1,9.12,30.56,8.58,,stage_2,5,350.55,335.56,0.61,0.01461,"{'price_above_30w_ma': True, '30w_ma_rising': True, 'price_above_10w_ma': True, 'relative_strength_positive': True, 'near_52w_high': True}",weakening,weakening,100.69,97.64,-0.05,-2.2,False,False,2026-07-20 ratio=100.74 momentum=99.84; 2026-07-21 ratio=100.63 momentum=98.94; 2026-07-22 ratio=100.58 momentum=98.75; 2026-07-23 ratio=100.36 momentum=96.91; 2026-07-27 ratio=100.69 momentum=97.64,129.67
stock,Muthoot Finance,MUTHOOTFIN.NS,Non Banking Financial Company (NBFC),Financial Services,121504.76,0.99,3397.48,126.67,9288.71,65.23,11.47,15.77,,not_stage_2,1,3025.9,3363.56,-2.99,0.1261,"{'price_above_30w_ma': False, '30w_ma_rising': False, 'price_above_10w_ma': False, 'relative_strength_positive': False, 'near_52w_high': True}",lagging,lagging,99.19,99.9,0.52,1.46,False,False,2026-07-20 ratio=98.68 momentum=98.44; 2026-07-21 ratio=99.28 momentum=101.56; 2026-07-22 ratio=99.20 momentum=100.38; 2026-07-23 ratio=99.18 momentum=100.92; 2026-07-27 ratio=99.19 momentum=99.90,20.0
stock,L&T Finance Ltd,LTF.NS,Non Banking Financial Company (NBFC),Financial Services,78239.24,0.88,915.99,28.72,5212.92,22.38,24.43,8.4,,stage_2,5,312.25,286.16,0.2,0.01301,"{'price_above_30w_ma': True, '30w_ma_rising': True, 'price_above_10w_ma': True, 'relative_strength_positive': True, 'near_52w_high': True}",weakening,weakening,101.01,98.07,0.47,2.09,False,False,2026-07-20 ratio=100.54 momentum=95.98; 2026-07-21 ratio=100.62 momentum=95.93; 2026-07-22 ratio=100.70 momentum=97.94; 2026-07-23 ratio=100.72 momentum=97.05; 2026-07-27 ratio=101.01 momentum=98.07,130.45
stock,SBI Cards,SBICARD.NS,Non Banking Financial Company (NBFC),Financial Services,61361.11,0.39,664.44,19.51,5040.55,3.36,26.97,10.1,,not_stage_2,2,645.0,683.05,-4.45,0.02688,"{'price_above_30w_ma': False, '30w_ma_rising': False, 'price_above_10w_ma': True, 'relative_strength_positive': True, 'near_52w_high': False}",leading,leading,101.6,104.17,0.49,2.08,False,False,2026-07-20 ratio=101.11 momentum=102.10; 2026-07-21 ratio=101.19 momentum=102.16; 2026-07-22 ratio=100.50 momentum=102.24; 2026-07-23 ratio=100.44 momentum=103.01; 2026-07-27 ratio=101.60 momentum=104.17,88.85
stock,HDB FINANC SER,HDBFS.NS,Non Banking Financial Company (NBFC),Financial Services,57013.49,0.58,785.2,38.31,4937.9,10.58,20.65,9.09,,not_stage_2,2,686.3,686.02,-0.97,0.0286,"{'price_above_30w_ma': True, '30w_ma_rising': False, 'price_above_10w_ma': False, 'relative_strength_positive': False, 'near_52w_high': True}",lagging,weakening,99.53,96.97,-1.03,-0.75,False,False,2026-07-20 ratio=100.56 momentum=97.71; 2026-07-21 ratio=100.37 momentum=98.26; 2026-07-22 ratio=100.14 momentum=97.94; 2026-07-23 ratio=99.81 momentum=97.59; 2026-07-27 ratio=99.53 momentum=96.97,40.0
stock,M & M Fin. Serv.,M&MFIN.NS,Non Banking Financial Company (NBFC),Financial Services,50463.03,2.07,927.48,75.43,5717.91,14.57,15.06,8.72,,not_stage_2,4,363.0,330.47,-1.35,0.01513,"{'price_above_30w_ma': True, '30w_ma_rising': False, 'price_above_10w_ma': True, 'relative_strength_positive': True, 'near_52w_high': True}",leading,weakening,102.34,100.54,1.91,2.06,True,False,2026-07-20 ratio=100.43 momentum=98.49; 2026-07-21 ratio=102.17 momentum=101.60; 2026-07-22 ratio=103.61 momentum=102.11; 2026-07-23 ratio=102.98 momentum=101.12; 2026-07-27 ratio=102.34 momentum=100.54,124.4
stock,Sundaram Finance,SUNDARMFIN.NS,Non Banking Financial Company (NBFC),Financial Services,49072.9,0.91,554.17,1.41,2560.4,13.34,23.27,9.44,,not_stage_2,3,4416.8,4781.72,-1.57,0.18406,"{'price_above_30w_ma': False, '30w_ma_rising': False, 'price_above_10w_ma': True, 'relative_strength_positive': True, 'near_52w_high': True}",lagging,lagging,99.67,97.6,0.35,-1.32,False,False,2026-07-20 ratio=99.32 momentum=98.92; 2026-07-21 ratio=99.72 momentum=97.33; 2026-07-22 ratio=99.64 momentum=96.61; 2026-07-23 ratio=99.80 momentum=96.43; 2026-07-27 ratio=99.67 momentum=97.60,60.0
stock,Jindal Drilling,JINDRILL.NS,Offshore Support Solution Drilling,"Oil, Gas & Consumable Fuels",1721.57,0.17,45.38,-32.23,262.87,7.29,8.06,15.4,,stage_2,5,594.35,540.67,1.56,0.02477,"{'price_above_30w_ma': True, '30w_ma_rising': True, 'price_above_10w_ma': True, 'relative_strength_positive': True, 'near_52w_high': True}",lagging,improving,99.75,99.08,-0.09,-2.72,False,False,2026-07-20 ratio=99.84 momentum=101.80; 2026-07-21 ratio=99.63 momentum=102.23; 2026-07-22 ratio=99.62 momentum=98.37; 2026-07-23 ratio=100.29 momentum=99.04; 2026-07-27 ratio=99.75 momentum=99.08,128.12
stock,Dolphin Offshore,DOLPHIN.NS,Offshore Support Solution Drilling,"Oil, Gas & Consumable Fuels",1516.37,0.0,14.81,30.71,42.85,160.64,21.05,14.92,,not_stage_2,1,379.15,406.34,-1.28,0.0158,"{'price_above_30w_ma': False, '30w_ma_rising': False, 'price_above_10w_ma': False, 'relative_strength_positive': False, 'near_52w_high': True}",improving,improving,99.21,100.39,0.39,-1.58,False,False,2026-07-20 ratio=98.82 momentum=101.97; 2026-07-21 ratio=98.76 momentum=103.88; 2026-07-22 ratio=99.15 momentum=100.18; 2026-07-23 ratio=100.30 momentum=102.22; 2026-07-27 ratio=99.21 momentum=100.39,21.95
stock,Alphageo (India),ALPHAGEO.NS,Offshore Support Solution Drilling,"Oil, Gas & Consumable Fuels",129.17,3.95,-2.99,18.25,49.29,-30.14,,-6.96,,not_stage_2,1,202.31,207.4,-1.49,0.00843,"{'price_above_30w_ma': False, '30w_ma_rising': False, 'price_above_10w_ma': False, 'relative_strength_positive': False, 'near_52w_high': True}",improving,improving,99.44,103.47,0.44,0.46,False,True,2026-07-20 ratio=99.00 momentum=103.01; 2026-07-21 ratio=99.16 momentum=103.40; 2026-07-22 ratio=99.07 momentum=104.80; 2026-07-23 ratio=99.38 momentum=103.44; 2026-07-27 ratio=99.44 momentum=103.47,37.35
stock,Aakash Explor.,AAKASH.NS,Offshore Support Solution Drilling,"Oil, Gas & Consumable Fuels",91.13,0.0,1.88,571.43,32.65,26.7,26.04,7.93,,not_stage_2,3,9.0,8.67,0.32,0.00038,"{'price_above_30w_ma': True, '30w_ma_rising': True, 'price_above_10w_ma': False, 'relative_strength_positive': False, 'near_52w_high': True}",improving,improving,99.54,100.05,0.09,-0.2,False,False,2026-07-20 ratio=99.46 momentum=100.25; 2026-07-21 ratio=99.44 momentum=100.06; 2026-07-22 ratio=99.75 momentum=100.12; 2026-07-23 ratio=99.95 momentum=100.75; 2026-07-27 ratio=99.54 momentum=100.05,60.89
stock,Aban Offshore,ABAN.NS,Offshore Support Solution Drilling,"Oil, Gas & Consumable Fuels",86.45,0.0,29.56,110.69,91.31,-21.49,,,,not_stage_2,0,14.96,18.81,-6.17,0.00062,"{'price_above_30w_ma': False, '30w_ma_rising': False, 'price_above_10w_ma': False, 'relative_strength_positive': False, 'near_52w_high': False}",improving,lagging,99.63,104.95,0.18,5.07,False,True,2026-07-20 ratio=99.45 momentum=99.88; 2026-07-21 ratio=99.60 momentum=101.21; 2026-07-22 ratio=99.57 momentum=101.58; 2026-07-23 ratio=99.58 momentum=102.89; 2026-07-27 ratio=99.63 momentum=104.95,24.75
stock,Deep Industries,DEEPINDS.NS,Oil Equipment & Services,"Oil, Gas & Consumable Fuels",3305.28,0.59,-7.22,417.4,248.71,48.72,8.93,16.48,,stage_2,5,516.45,436.83,1.21,0.02152,"{'price_above_30w_ma': True, '30w_ma_rising': True, 'price_above_10w_ma': True, 'relative_strength_positive': True, 'near_52w_high': True}",leading,improving,101.27,103.5,1.62,0.93,True,False,2026-07-20 ratio=99.64 momentum=102.57; 2026-07-21 ratio=99.47 momentum=104.29; 2026-07-22 ratio=99.55 momentum=103.08; 2026-07-23 ratio=99.28 momentum=101.55; 2026-07-27 ratio=101.27 momentum=103.50,181.27
stock,Asian Energy,ASIANENE.NS,Oil Equipment & Services,"Oil, Gas & Consumable Fuels",1862.48,0.26,32.65,50.57,338.23,56.99,32.25,16.51,,stage_2,5,383.8,310.78,2.9,0.01599,"{'price_above_30w_ma': True, '30w_ma_rising': True, 'price_above_10w_ma': True, 'relative_strength_positive': True, 'near_52w_high': True}",leading,leading,101.36,103.95,1.3,2.29,False,False,2026-07-20 ratio=100.06 momentum=101.66; 2026-07-21 ratio=99.86 momentum=101.22; 2026-07-22 ratio=99.92 momentum=102.17; 2026-07-23 ratio=99.94 momentum=101.24; 2026-07-27 ratio=101.36 momentum=103.95,177.35
stock,Teja Engineering,TEJA.NS,Oil Equipment & Services,"Oil, Gas & Consumable Fuels",429.57,0.0,3.32,36.63,43.98,48.03,68.73,33.1,,insufficient_data,0,,,,,{},insufficient_data,insufficient_data,,,,,False,False,,0.0
stock,Oil Country,OILCOUNTUB.NS,Oil Equipment & Services,"Oil, Gas & Consumable Fuels",290.66,0.0,-13.64,-29.41,29.86,-13.02,,-25.38,,not_stage_2,1,56.65,52.74,-1.78,0.00236,"{'price_above_30w_ma': True, '30w_ma_rising': False, 'price_above_10w_ma': False, 'relative_strength_positive': False, 'near_52w_high': False}",improving,lagging,99.75,101.38,0.78,2.57,False,True,2026-07-20 ratio=98.98 momentum=98.81; 2026-07-21 ratio=99.61 momentum=100.62; 2026-07-22 ratio=99.47 momentum=100.75; 2026-07-23 ratio=100.80 momentum=102.49; 2026-07-27 ratio=99.75 momentum=101.38,26.9
stock,O N G C,ONGC.NS,Oil Exploration & Production,"Oil, Gas & Consumable Fuels",300127.21,5.13,13677.87,47.8,173805.19,3.61,7.2,14.15,,not_stage_2,2,238.56,265.49,0.41,0.00994,"{'price_above_30w_ma': False, '30w_ma_rising': True, 'price_above_10w_ma': False, 'relative_strength_positive': False, 'near_52w_high': True}",improving,improving,99.06,100.47,-0.28,-3.56,False,False,2026-07-20 ratio=99.34 momentum=104.04; 2026-07-21 ratio=99.40 momentum=104.96; 2026-07-22 ratio=99.59 momentum=102.72; 2026-07-23 ratio=99.71 momentum=103.54; 2026-07-27 ratio=99.06 momentum=100.47,43.17
stock,Oil India,OIL.NS,Oil Exploration & Production,"Oil, Gas & Consumable Fuels",71856.13,2.6,2424.46,60.26,9293.27,5.51,10.85,11.56,,not_stage_2,4,442.0,462.32,0.81,0.01842,"{'price_above_30w_ma': False, '30w_ma_rising': True, 'price_above_10w_ma': True, 'relative_strength_positive': True, 'near_52w_high': True}",improving,improving,99.68,102.42,-0.12,-1.3,False,False,2026-07-20 ratio=99.80 momentum=103.72; 2026-07-21 ratio=99.62 momentum=103.49; 2026-07-22 ratio=99.87 momentum=102.29; 2026-07-23 ratio=100.14 momentum=103.39; 2026-07-27 ratio=99.68 momentum=102.42,93.72
stock,Vedanta Oil and Gas,VOGL.NS,Oil Exploration & Production,"Oil, Gas & Consumable Fuels",13647.72,0.0,,,,,,,,insufficient_data,0,,,,,{},insufficient_data,insufficient_data,,,,,False,False,,0.0
stock,Antelopus Selan,ANTELOPUS.NS,Oil Exploration & Production,"Oil, Gas & Consumable Fuels",3070.58,0.0,54.32,450.71,131.04,158.82,21.9,21.22,,stage_2,5,875.55,662.66,9.8,0.03649,"{'price_above_30w_ma': True, '30w_ma_rising': True, 'price_above_10w_ma': True, 'relative_strength_positive': True, 'near_52w_high': True}",leading,leading,101.1,101.76,0.24,0.13,False,False,2026-07-20 ratio=100.86 momentum=101.63; 2026-07-21 ratio=100.99 momentum=102.94; 2026-07-22 ratio=101.32 momentum=101.75; 2026-07-23 ratio=101.58 momentum=103.21; 2026-07-27 ratio=101.10 momentum=101.76,178.9
stock,Hind.Oil Explor.,HINDOILEXP.NS,Oil Exploration & Production,"Oil, Gas & Consumable Fuels",2087.76,0.0,7.77,-84.81,-205.89,-574.51,66.03,3.41,,not_stage_2,3,157.98,152.47,0.26,0.00658,"{'price_above_30w_ma': True, '30w_ma_rising': True, 'price_above_10w_ma': False, 'relative_strength_positive': False, 'near_52w_high': True}",improving,improving,99.25,101.41,-0.23,-1.01,False,False,2026-07-20 ratio=99.47 momentum=102.42; 2026-07-21 ratio=99.58 momentum=102.78; 2026-07-22 ratio=99.92 momentum=101.90; 2026-07-23 ratio=100.42 momentum=103.02; 2026-07-27 ratio=99.25 momentum=101.41,67.57
stock,Prabha Energy,PRABHA.NS,Oil Exploration & Production,"Oil, Gas & Consumable Fuels",1938.92,0.0,0.1,111.24,1.44,41.18,3401.62,0.1,,not_stage_2,0,142.02,157.86,-3.37,0.00592,"{'price_above_30w_ma': False, '30w_ma_rising': False, 'price_above_10w_ma': False, 'relative_strength_positive': False, 'near_52w_high': False}",lagging,improving,98.39,97.39,0.08,-5.52,False,False,2026-07-20 ratio=98.31 momentum=102.91; 2026-07-21 ratio=98.47 momentum=100.51; 2026-07-22 ratio=98.32 momentum=97.27; 2026-07-23 ratio=98.25 momentum=98.19; 2026-07-27 ratio=98.39 momentum=97.39,0.0
stock,Guj.Nat.Resour.,GNRL.NS,Oil Exploration & Production,"Oil, Gas & Consumable Fuels",1413.9,0.0,1.05,166.04,11.2,158.66,142.96,7.25,,insufficient_data,0,,,,,{},lagging,weakening,99.14,96.08,-0.94,-0.82,False,False,2026-07-20 ratio=100.08 momentum=96.90; 2026-07-21 ratio=99.90 momentum=97.04; 2026-07-22 ratio=99.70 momentum=96.22; 2026-07-23 ratio=99.16 momentum=95.57; 2026-07-27 ratio=99.14 momentum=96.08,0.0
stock,L T Foods,LTFOODS.NS,Other Agricultural Products,Fast Moving Consumer Goods,13074.08,0.8,135.67,-15.48,2906.7,30.44,20.91,17.74,,not_stage_2,1,376.4,392.18,-0.43,0.01569,"{'price_above_30w_ma': False, '30w_ma_rising': False, 'price_above_10w_ma': False, 'relative_strength_positive': False, 'near_52w_high': True}",lagging,improving,99.05,97.89,-0.25,-5.82,False,False,2026-07-20 ratio=99.30 momentum=103.71; 2026-07-21 ratio=99.02 momentum=102.04; 2026-07-22 ratio=99.16 momentum=100.43; 2026-07-23 ratio=98.95 momentum=96.36; 2026-07-27 ratio=99.05 momentum=97.89,20.0
stock,KRBL,KRBL.NS,Other Agricultural Products,Fast Moving Consumer Goods,8026.02,1.0,155.38,0.76,1525.5,5.77,12.39,15.16,,not_stage_2,1,350.55,347.96,-1.5,0.01461,"{'price_above_30w_ma': True, '30w_ma_rising': False, 'price_above_10w_ma': False, 'relative_strength_positive': False, 'near_52w_high': False}",lagging,lagging,99.17,97.41,0.03,0.08,False,False,2026-07-20 ratio=99.14 momentum=97.34; 2026-07-21 ratio=99.19 momentum=97.87; 2026-07-22 ratio=99.08 momentum=98.41; 2026-07-23 ratio=98.79 momentum=94.99; 2026-07-27 ratio=99.17 momentum=97.41,20.0
stock,Guj. Ambuja Exp,GAEL.NS,Other Agricultural Products,Fast Moving Consumer Goods,7214.87,0.16,135.32,322.57,1466.51,15.78,23.48,12.51,,stage_2,5,157.31,147.94,2.41,0.00656,"{'price_above_30w_ma': True, '30w_ma_rising': True, 'price_above_10w_ma': True, 'relative_strength_positive': True, 'near_52w_high': True}",improving,lagging,99.87,102.23,2.73,4.83,False,True,2026-07-20 ratio=97.14 momentum=97.40; 2026-07-21 ratio=97.27 momentum=97.58; 2026-07-22 ratio=97.90 momentum=97.21; 2026-07-23 ratio=97.39 momentum=93.92; 2026-07-27 ratio=99.87 momentum=102.23,140.97
stock,Kaveri Seed Co.,KSCL.NS,Other Agricultural Products,Fast Moving Consumer Goods,4290.52,0.6,-27.81,-21.23,107.11,18.68,14.5,18.79,,not_stage_2,0,832.7,870.82,-1.77,0.0347,"{'price_above_30w_ma': False, '30w_ma_rising': False, 'price_above_10w_ma': False, 'relative_strength_positive': False, 'near_52w_high': False}",lagging,lagging,98.39,98.96,-0.03,1.99,False,False,2026-07-20 ratio=98.42 momentum=96.97; 2026-07-21 ratio=99.04 momentum=99.08; 2026-07-22 ratio=98.93 momentum=100.68; 2026-07-23 ratio=98.36 momentum=98.61; 2026-07-27 ratio=98.39 momentum=98.96,0.0
stock,TruAlt Bioenergy,TRUALT.NS,Other Agricultural Products,Fast Moving Consumer Goods,3608.54,0.0,60.94,-46.39,595.52,-34.34,37.61,10.44,,not_stage_2,2,421.25,432.84,0.62,0.01756,"{'price_above_30w_ma': False, '30w_ma_rising': True, 'price_above_10w_ma': False, 'relative_strength_positive': False, 'near_52w_high': True}",improving,lagging,98.53,101.28,0.43,2.92,False,True,2026-07-20 ratio=98.10 momentum=98.36; 2026-07-21 ratio=98.21 momentum=99.09; 2026-07-22 ratio=98.70 momentum=101.79; 2026-07-23 ratio=98.84 momentum=101.32; 2026-07-27 ratio=98.53 momentum=101.28,47.64
stock,Sanstar,SANSTAR.NS,Other Agricultural Products,Fast Moving Consumer Goods,2345.57,0.0,20.49,271.2,216.78,-4.47,68.09,5.69,,stage_2,4,116.24,98.4,2.72,0.00484,"{'price_above_30w_ma': True, '30w_ma_rising': True, 'price_above_10w_ma': True, 'relative_strength_positive': False, 'near_52w_high': True}",leading,lagging,100.21,100.33,1.1,2.94,True,False,2026-07-20 ratio=99.11 momentum=97.39; 2026-07-21 ratio=98.85 momentum=95.96; 2026-07-22 ratio=98.72 momentum=97.28; 2026-07-23 ratio=98.67 momentum=97.01; 2026-07-27 ratio=100.21 momentum=100.33,143.14
stock,A C J K Exports,AEROPLANE.NS,Other Agricultural Products,Fast Moving Consumer Goods,1980.8,0.0,19.96,65.64,694.68,19.7,19.18,15.7,,insufficient_data,0,,,,,{},weakening,weakening,101.92,96.17,-0.66,-0.53,False,False,2026-07-20 ratio=102.59 momentum=96.70; 2026-07-21 ratio=102.10 momentum=95.65; 2026-07-22 ratio=101.94 momentum=97.55; 2026-07-23 ratio=102.10 momentum=96.82; 2026-07-27 ratio=101.92 momentum=96.17,9.6
stock,GRM Overseas,GRMOVER.NS,Other Agricultural Products,Fast Moving Consumer Goods,1867.17,0.0,21.61,5.52,597.2,104.95,25.12,13.99,,not_stage_2,0,90.12,143.6,-5.87,0.00376,"{'price_above_30w_ma': False, '30w_ma_rising': False, 'price_above_10w_ma': False, 'relative_strength_positive': False, 'near_52w_high': False}",improving,improving,99.2,102.57,0.14,-1.85,False,False,2026-07-20 ratio=99.06 momentum=104.42; 2026-07-21 ratio=99.11 momentum=103.90; 2026-07-22 ratio=99.14 momentum=104.02; 2026-07-23 ratio=99.18 momentum=102.61; 2026-07-27 ratio=99.20 momentum=102.57,12.85
stock,Chamanlal Setia,CLSEL.NS,Other Agricultural Products,Fast Moving Consumer Goods,1393.32,0.9,38.27,55.89,428.37,16.5,12.14,18.32,,not_stage_2,3,279.3,268.92,0.96,0.01164,"{'price_above_30w_ma': True, '30w_ma_rising': True, 'price_above_10w_ma': False, 'relative_strength_positive': False, 'near_52w_high': True}",lagging,lagging,99.54,99.22,1.63,1.73,False,False,2026-07-20 ratio=97.91 momentum=97.49; 2026-07-21 ratio=99.26 momentum=98.96; 2026-07-22 ratio=99.80 momentum=99.04; 2026-07-23 ratio=99.74 momentum=98.96; 2026-07-27 ratio=99.54 momentum=99.22,61.92
stock,Gulshan Polyols,GULPOLY.NS,Other Agricultural Products,Fast Moving Consumer Goods,1233.75,0.15,37.54,434.76,550.82,6.98,11.5,18.31,,stage_2,5,197.74,170.87,4.11,0.00824,"{'price_above_30w_ma': True, '30w_ma_rising': True, 'price_above_10w_ma': True, 'relative_strength_positive': True, 'near_52w_high': True}",leading,lagging,100.29,101.56,1.49,4.71,True,False,2026-07-20 ratio=98.79 momentum=96.86; 2026-07-21 ratio=98.71 momentum=98.16; 2026-07-22 ratio=99.36 momentum=100.46; 2026-07-23 ratio=99.43 momentum=100.83; 2026-07-27 ratio=100.29 momentum=101.56,172.47
stock,AU Small Finance,AUBANK.NS,Other Bank,Financial Services,79009.47,0.1,795.95,37.03,5302.74,21.11,27.66,7.66,,stage_2,5,1052.2,992.48,0.78,0.04385,"{'price_above_30w_ma': True, '30w_ma_rising': True, 'price_above_10w_ma': True, 'relative_strength_positive': True, 'near_52w_high': True}",weakening,lagging,101.36,99.46,2.93,2.21,False,False,2026-07-20 ratio=98.43 momentum=97.25; 2026-07-21 ratio=98.98 momentum=97.75; 2026-07-22 ratio=98.42 momentum=97.68; 2026-07-23 ratio=98.63 momentum=97.70; 2026-07-27 ratio=101.36 momentum=99.46,133.36
stock,Ujjivan Small,UJJIVANSFB.NS,Other Bank,Financial Services,13932.21,0.0,316.54,206.67,2024.92,25.08,15.38,7.73,,stage_2,5,71.57,59.09,3.3,0.00298,"{'price_above_30w_ma': True, '30w_ma_rising': True, 'price_above_10w_ma': True, 'relative_strength_positive': True, 'near_52w_high': True}",leading,leading,102.86,100.49,0.94,-1.93,False,False,2026-07-20 ratio=101.93 momentum=102.42; 2026-07-21 ratio=101.90 momentum=100.91; 2026-07-22 ratio=101.80 momentum=101.81; 2026-07-23 ratio=102.61 momentum=101.25; 2026-07-27 ratio=102.86 momentum=100.49,168.35
stock,Equitas Sma. Fin,EQUITASBNK.NS,Other Bank,Financial Services,9019.51,0.0,212.68,405.06,1836.35,11.7,87.5,6.44,,stage_2,5,79.0,68.55,3.72,0.00329,"{'price_above_30w_ma': True, '30w_ma_rising': True, 'price_above_10w_ma': True, 'relative_strength_positive': True, 'near_52w_high': True}",weakening,leading,100.93,97.47,-0.05,-2.69,False,False,2026-07-20 ratio=100.98 momentum=100.16; 2026-07-21 ratio=101.50 momentum=100.39; 2026-07-22 ratio=101.01 momentum=99.86; 2026-07-23 ratio=100.93 momentum=99.24; 2026-07-27 ratio=100.93 momentum=97.47,137.09
stock,Jana Small Finan,JSFB.NS,Other Bank,Financial Services,5670.53,0.0,155.23,52.29,1514.53,22.08,14.93,7.45,,stage_2,5,537.25,426.49,2.81,0.02239,"{'price_above_30w_ma': True, '30w_ma_rising': True, 'price_above_10w_ma': True, 'relative_strength_positive': True, 'near_52w_high': True}",leading,leading,102.1,102.03,-0.64,-1.2,False,False,2026-07-20 ratio=102.75 momentum=103.24; 2026-07-21 ratio=103.72 momentum=103.62; 2026-07-22 ratio=103.08 momentum=103.42; 2026-07-23 ratio=102.51 momentum=102.82; 2026-07-27 ratio=102.10 momentum=102.03,171.27
stock,Utkarsh Small F.,UTKARSHBNK.NS,Other Bank,Financial Services,2578.52,0.0,-188.02,-6430.64,836.75,-4.87,,1.46,,not_stage_2,3,14.51,13.7,-0.42,0.0006,"{'price_above_30w_ma': True, '30w_ma_rising': False, 'price_above_10w_ma': True, 'relative_strength_positive': True, 'near_52w_high': False}",weakening,leading,100.68,99.89,-0.49,-1.45,False,False,2026-07-20 ratio=101.17 momentum=101.35; 2026-07-21 ratio=101.12 momentum=101.44; 2026-07-22 ratio=100.63 momentum=101.43; 2026-07-23 ratio=100.73 momentum=102.08; 2026-07-27 ratio=100.68 momentum=99.89,63.4
stock,ESAF Small Fin,ESAFSFB.NS,Other Bank,Financial Services,1974.25,0.0,23.51,112.83,995.08,11.55,,5.65,,stage_2,5,38.29,28.72,5.32,0.0016,"{'price_above_30w_ma': True, '30w_ma_rising': True, 'price_above_10w_ma': True, 'relative_strength_positive': True, 'near_52w_high': True}",leading,weakening,102.12,100.92,0.76,1.51,True,False,2026-07-20 ratio=101.36 momentum=99.40; 2026-07-21 ratio=101.58 momentum=101.28; 2026-07-22 ratio=101.45 momentum=101.74; 2026-07-23 ratio=101.40 momentum=98.53; 2026-07-27 ratio=102.12 momentum=100.92,180.84
stock,Suryoday Small,SURYODAY.NS,Other Bank,Financial Services,1967.42,0.81,75.18,113.1,622.36,25.69,10.25,7.33,,stage_2,5,184.62,152.37,4.17,0.00769,"{'price_above_30w_ma': True, '30w_ma_rising': True, 'price_above_10w_ma': True, 'relative_strength_positive': True, 'near_52w_high': True}",weakening,weakening,101.23,99.57,0.22,-0.41,False,False,2026-07-20 ratio=101.01 momentum=99.99; 2026-07-21 ratio=102.03 momentum=102.48; 2026-07-22 ratio=100.94 momentum=100.26; 2026-07-23 ratio=102.67 momentum=102.75; 2026-07-27 ratio=101.23 momentum=99.57,139.49
stock,Fino Payments,FINOPB.NS,Other Bank,Financial Services,1380.79,0.0,7.1,-65.04,64.1,21.45,24.71,4.53,,not_stage_2,3,166.46,163.12,-7.48,0.00694,"{'price_above_30w_ma': True, '30w_ma_rising': False, 'price_above_10w_ma': True, 'relative_strength_positive': True, 'near_52w_high': False}",leading,leading,101.55,102.71,-0.49,1.11,False,False,2026-07-20 ratio=102.04 momentum=101.60; 2026-07-21 ratio=102.21 momentum=101.85; 2026-07-22 ratio=102.04 momentum=102.13; 2026-07-23 ratio=101.92 momentum=102.09; 2026-07-27 ratio=101.55 momentum=102.71,101.3
stock,Capital Small,CAPITALSFB.NS,Other Bank,Financial Services,1362.34,1.67,41.3,29.02,288.18,16.63,9.04,7.07,,stage_2,5,299.85,269.05,1.62,0.0125,"{'price_above_30w_ma': True, '30w_ma_rising': True, 'price_above_10w_ma': True, 'relative_strength_positive': True, 'near_52w_high': True}",leading,leading,101.65,101.29,-0.68,-1.44,False,False,2026-07-20 ratio=102.33 momentum=102.73; 2026-07-21 ratio=102.26 momentum=101.81; 2026-07-22 ratio=101.95 momentum=105.31; 2026-07-23 ratio=101.89 momentum=102.46; 2026-07-27 ratio=101.65 momentum=101.29,162.94
stock,Ramco Inds.,RAMCOIND.NS,Other Construction Materials,Construction Materials,2925.7,0.37,87.63,128.93,501.83,18.74,9.73,4.57,,stage_2,5,336.85,297.93,1.38,0.01404,"{'price_above_30w_ma': True, '30w_ma_rising': True, 'price_above_10w_ma': True, 'relative_strength_positive': True, 'near_52w_high': True}",weakening,weakening,100.69,97.04,-0.62,-1.3,False,False,2026-07-20 ratio=101.31 momentum=98.34; 2026-07-21 ratio=101.12 momentum=97.60; 2026-07-22 ratio=100.87 momentum=98.03; 2026-07-23 ratio=100.68 momentum=96.43; 2026-07-27 ratio=100.69 momentum=97.04,131.21
stock,BirlaNu Ltd,BIRLANU.NS,Other Construction Materials,Construction Materials,1035.88,1.1,-22.35,-63.54,1010.13,8.74,,-4.29,,not_stage_2,2,1368.0,1449.55,-2.3,0.05701,"{'price_above_30w_ma': False, '30w_ma_rising': False, 'price_above_10w_ma': True, 'relative_strength_positive': True, 'near_52w_high': False}",leading,lagging,100.27,102.03,1.48,2.5,True,False,2026-07-20 ratio=98.78 momentum=99.52; 2026-07-21 ratio=99.56 momentum=101.50; 2026-07-22 ratio=99.65 momentum=100.86; 2026-07-23 ratio=99.93 momentum=101.38; 2026-07-27 ratio=100.27 momentum=102.03,81.5
stock,Arisinfra Solu.,ARIS.NS,Other Construction Materials,Construction Materials,1019.88,0.0,21.66,1332.3,343.36,55.26,18.74,15.57,,not_stage_2,3,124.78,115.58,-1.5,0.0052,"{'price_above_30w_ma': True, '30w_ma_rising': False, 'price_above_10w_ma': True, 'relative_strength_positive': True, 'near_52w_high': False}",leading,improving,100.9,102.98,1.44,0.84,True,False,2026-07-20 ratio=99.46 momentum=102.13; 2026-07-21 ratio=99.87 momentum=102.91; 2026-07-22 ratio=99.94 momentum=102.78; 2026-07-23 ratio=100.50 momentum=102.84; 2026-07-27 ratio=100.90 momentum=102.98,109.4
stock,Everest Inds.,EVERESTIND.NS,Other Construction Materials,Construction Materials,861.52,0.18,-47.17,-31346.67,327.17,-27.72,,-8.5,,not_stage_2,4,540.65,408.99,-0.3,0.02253,"{'price_above_30w_ma': True, '30w_ma_rising': False, 'price_above_10w_ma': True, 'relative_strength_positive': True, 'near_52w_high': True}",leading,weakening,101.86,100.43,0.7,3.22,True,False,2026-07-20 ratio=101.15 momentum=97.22; 2026-07-21 ratio=101.14 momentum=97.76; 2026-07-22 ratio=101.05 momentum=98.81; 2026-07-23 ratio=101.34 momentum=99.11; 2026-07-27 ratio=101.86 momentum=100.43,121.45
stock,Vishnusurya Pro.,VISHNUINFR.NS,Other Construction Materials,Construction Materials,418.31,0.62,8.01,7.23,127.38,35.93,11.75,19.92,,not_stage_2,0,155.0,165.2,-0.52,0.00649,"{'price_above_30w_ma': False, '30w_ma_rising': False, 'price_above_10w_ma': False, 'relative_strength_positive': False, 'near_52w_high': False}",improving,lagging,99.44,101.2,0.38,2.85,False,True,2026-07-17 ratio=99.06 momentum=98.35; 2026-07-20 ratio=99.21 momentum=95.58; 2026-07-21 ratio=98.20 momentum=96.58; 2026-07-22 ratio=99.43 momentum=100.98; 2026-07-23 ratio=99.44 momentum=101.20,6.0
stock,Teamtech Formwork,TEAMTECH.NS,Other Construction Materials,Construction Materials,376.2,0.0,7.33,,31.74,,32.46,41.17,,insufficient_data,0,,,,,{},insufficient_data,insufficient_data,,,,,False,False,,0.0
stock,Sahyadri Industr,SAHYADRI.NS,Other Construction Materials,Construction Materials,321.67,0.51,10.55,147.07,194.52,28.46,10.92,9.72,,stage_2,5,292.25,261.74,1.57,0.01218,"{'price_above_30w_ma': True, '30w_ma_rising': True, 'price_above_10w_ma': True, 'relative_strength_positive': True, 'near_52w_high': True}",leading,lagging,100.42,103.73,0.99,4.6,True,False,2026-07-20 ratio=99.43 momentum=99.13; 2026-07-21 ratio=99.65 momentum=99.13; 2026-07-22 ratio=99.51 momentum=101.25; 2026-07-23 ratio=99.53 momentum=100.37; 2026-07-27 ratio=100.42 momentum=103.73,178.89
stock,MCON Rasayan,MCON.NS,Other Construction Materials,Construction Materials,33.89,0.0,1.8,76.47,36.86,26.32,11.15,11.06,,not_stage_2,0,44.0,48.96,-5.53,0.00184,"{'price_above_30w_ma': False, '30w_ma_rising': False, 'price_above_10w_ma': False, 'relative_strength_positive': False, 'near_52w_high': False}",improving,improving,99.62,102.69,0.14,-0.46,False,False,2026-07-17 ratio=99.47 momentum=103.15; 2026-07-20 ratio=99.48 momentum=101.75; 2026-07-21 ratio=99.42 momentum=103.10; 2026-07-22 ratio=99.53 momentum=104.18; 2026-07-23 ratio=99.62 momentum=102.69,13.45
stock,SIS,SIS.NS,Other Consumer Services,Consumer Services,6165.93,1.61,102.5,92.24,4489.3,30.96,17.87,13.68,,stage_2,5,435.4,359.39,3.91,0.01814,"{'price_above_30w_ma': True, '30w_ma_rising': True, 'price_above_10w_ma': True, 'relative_strength_positive': True, 'near_52w_high': True}",weakening,leading,100.84,99.63,0.09,-1.54,False,False,2026-07-20 ratio=100.75 momentum=101.17; 2026-07-21 ratio=101.08 momentum=102.67; 2026-07-22 ratio=101.00 momentum=100.17; 2026-07-23 ratio=101.22 momentum=99.90; 2026-07-27 ratio=100.84 momentum=99.63,137.02
stock,E Factor Experie,EFACTOR.NS,Other Consumer Services,Consumer Services,229.8,0.69,14.61,-26.66,138.84,-9.5,11.68,24.71,,not_stage_2,0,173.2,220.98,-9.09,0.00726,"{'price_above_30w_ma': False, '30w_ma_rising': False, 'price_above_10w_ma': False, 'relative_strength_positive': False, 'near_52w_high': False}",improving,lagging,98.9,102.67,0.28,4.14,False,True,2026-07-17 ratio=98.62 momentum=98.53; 2026-07-20 ratio=98.66 momentum=100.56; 2026-07-21 ratio=98.66 momentum=100.38; 2026-07-22 ratio=98.48 momentum=100.36; 2026-07-23 ratio=98.90 momentum=102.67,13.35
stock,Party Cruisers,PARTYCRUS.NS,Other Consumer Services,Consumer Services,107.41,0.0,2.82,33.02,33.33,11.58,8.71,39.65,,not_stage_2,3,90.0,89.34,0.99,0.00377,"{'price_above_30w_ma': True, '30w_ma_rising': True, 'price_above_10w_ma': False, 'relative_strength_positive': False, 'near_52w_high': True}",improving,lagging,99.43,102.58,0.67,2.58,False,True,2026-07-17 ratio=98.77 momentum=99.99; 2026-07-20 ratio=98.84 momentum=103.53; 2026-07-21 ratio=99.25 momentum=102.46; 2026-07-22 ratio=99.35 momentum=102.54; 2026-07-23 ratio=99.43 momentum=102.58,74.88
stock,Touchwood Enter.,TOUCHWOOD.NS,Other Consumer Services,Consumer Services,74.25,0.0,0.7,-50.0,27.94,12.03,17.47,13.39,,not_stage_2,0,67.0,76.37,-6.0,0.00279,"{'price_above_30w_ma': False, '30w_ma_rising': False, 'price_above_10w_ma': False, 'relative_strength_positive': False, 'near_52w_high': False}",lagging,improving,98.46,99.43,0.17,-1.79,False,False,2026-07-20 ratio=98.29 momentum=101.22; 2026-07-21 ratio=98.37 momentum=98.97; 2026-07-22 ratio=98.63 momentum=102.32; 2026-07-23 ratio=98.22 momentum=99.92; 2026-07-27 ratio=98.46 momentum=99.43,0.0
stock,Blue Pebble,BLUEPEBBLE.NS,Other Consumer Services,Consumer Services,28.56,0.71,-0.26,,11.14,,58.29,2.38,,not_stage_2,0,70.0,113.0,-4.16,0.00293,"{'price_above_30w_ma': False, '30w_ma_rising': False, 'price_above_10w_ma': False, 'relative_strength_positive': False, 'near_52w_high': False}",improving,improving,98.95,100.31,-0.05,-2.77,False,False,2026-07-17 ratio=99.00 momentum=103.09; 2026-07-20 ratio=98.77 momentum=103.68; 2026-07-21 ratio=98.59 momentum=98.45; 2026-07-22 ratio=98.66 momentum=98.05; 2026-07-23 ratio=98.95 momentum=100.31,1.55
stock,Thinking Hats,THESL.NS,Other Consumer Services,Consumer Services,23.73,0.0,0.51,-80.08,15.16,-61.15,19.14,5.96,,insufficient_data,0,,,,,{},insufficient_data,insufficient_data,,,,,False,False,,0.0
stock,HBL Engineering,HBLENGINE.NS,Other Industrial Products,Capital Goods,19786.21,0.28,63.73,44.18,604.12,27.03,23.61,58.45,,not_stage_2,0,713.75,756.7,-2.46,0.02974,"{'price_above_30w_ma': False, '30w_ma_rising': False, 'price_above_10w_ma': False, 'relative_strength_positive': False, 'near_52w_high': False}",lagging,lagging,97.94,99.01,0.33,6.41,False,False,2026-07-20 ratio=97.61 momentum=92.60; 2026-07-21 ratio=97.74 momentum=97.60; 2026-07-22 ratio=97.56 momentum=98.23; 2026-07-23 ratio=97.64 momentum=97.97; 2026-07-27 ratio=97.94 momentum=99.01,0.0
stock,Inox India,INOXINDIA.NS,Other Industrial Products,Capital Goods,18028.78,0.1,75.24,11.19,460.65,24.7,69.3,33.48,,stage_2,5,1985.9,1453.22,8.6,0.08276,"{'price_above_30w_ma': True, '30w_ma_rising': True, 'price_above_10w_ma': True, 'relative_strength_positive': True, 'near_52w_high': True}",weakening,leading,100.99,98.39,-0.2,-2.41,False,False,2026-07-20 ratio=101.19 momentum=100.80; 2026-07-21 ratio=101.56 momentum=103.58; 2026-07-22 ratio=101.34 momentum=100.85; 2026-07-23 ratio=101.20 momentum=98.01; 2026-07-27 ratio=100.99 momentum=98.39,147.15
stock,Esab India,ESABINDIA.NS,Other Industrial Products,Capital Goods,8645.69,1.33,43.55,-8.18,395.75,7.62,44.85,64.68,,not_stage_2,1,5621.5,5782.5,-1.11,0.23427,"{'price_above_30w_ma': False, '30w_ma_rising': False, 'price_above_10w_ma': False, 'relative_strength_positive': False, 'near_52w_high': True}",improving,improving,99.14,100.71,-0.32,-3.35,False,False,2026-07-20 ratio=99.46 momentum=104.07; 2026-07-21 ratio=99.49 momentum=103.55; 2026-07-22 ratio=99.42 momentum=102.16; 2026-07-23 ratio=99.38 momentum=102.05; 2026-07-27 ratio=99.14 momentum=100.71,23.55
stock,KRN Heat Exchan,KRN.NS,Other Industrial Products,Capital Goods,8122.93,0.0,23.36,57.09,179.48,36.49,106.22,16.06,,stage_2,5,1244.6,1030.45,6.69,0.05187,"{'price_above_30w_ma': True, '30w_ma_rising': True, 'price_above_10w_ma': True, 'relative_strength_positive': True, 'near_52w_high': True}",leading,leading,100.69,101.35,-0.16,-0.63,False,False,2026-07-20 ratio=100.85 momentum=101.99; 2026-07-21 ratio=100.70 momentum=101.42; 2026-07-22 ratio=100.61 momentum=101.45; 2026-07-23 ratio=100.57 momentum=101.29; 2026-07-27 ratio=100.69 momentum=101.35,168.58
stock,Subros,SUBROS.NS,Other Industrial Products,Capital Goods,5123.22,0.33,49.33,6.77,1049.76,15.55,29.88,19.75,,not_stage_2,3,788.0,764.7,-1.29,0.03284,"{'price_above_30w_ma': True, '30w_ma_rising': False, 'price_above_10w_ma': True, 'relative_strength_positive': True, 'near_52w_high': False}",weakening,weakening,100.28,97.2,-0.23,1.6,False,False,2026-07-20 ratio=100.50 momentum=95.60; 2026-07-21 ratio=100.48 momentum=97.42; 2026-07-22 ratio=100.45 momentum=99.12; 2026-07-23 ratio=100.11 momentum=96.62; 2026-07-27 ratio=100.28 momentum=97.20,61.4
stock,Harsha Engg Intl,HARSHA.NS,Other Industrial Products,Capital Goods,3691.38,0.37,47.23,200.64,473.91,27.06,26.44,13.0,,not_stage_2,3,405.75,388.0,1.3,0.01691,"{'price_above_30w_ma': True, '30w_ma_rising': True, 'price_above_10w_ma': False, 'relative_strength_positive': False, 'near_52w_high': True}",lagging,weakening,99.0,97.16,-1.05,-0.41,False,False,2026-07-20 ratio=100.05 momentum=97.57; 2026-07-21 ratio=99.45 momentum=96.39; 2026-07-22 ratio=99.47 momentum=97.90; 2026-07-23 ratio=98.97 momentum=97.30; 2026-07-27 ratio=99.00 momentum=97.16,62.6
stock,Ador Welding,ADOR.NS,Other Industrial Products,Capital Goods,2658.64,1.51,27.35,890.46,308.63,23.19,22.2,22.71,,stage_2,5,1523.0,1104.52,4.91,0.06347,"{'price_above_30w_ma': True, '30w_ma_rising': True, 'price_above_10w_ma': True, 'relative_strength_positive': True, 'near_52w_high': True}",leading,leading,102.49,101.82,-0.03,-0.4,False,False,2026-07-20 ratio=102.52 momentum=102.22; 2026-07-21 ratio=102.79 momentum=103.12; 2026-07-22 ratio=102.43 momentum=101.87; 2026-07-23 ratio=102.22 momentum=100.28; 2026-07-27 ratio=102.49 momentum=101.82,176.37
stock,Diffusion Eng,DIFFNKG.NS,Other Industrial Products,Capital Goods,1510.49,0.37,15.97,22.81,141.57,38.08,29.7,16.42,,stage_2,5,404.05,311.86,3.06,0.01684,"{'price_above_30w_ma': True, '30w_ma_rising': True, 'price_above_10w_ma': True, 'relative_strength_positive': True, 'near_52w_high': True}",weakening,weakening,101.11,99.15,0.51,2.99,False,False,2026-07-20 ratio=100.60 momentum=96.16; 2026-07-21 ratio=100.87 momentum=98.79; 2026-07-22 ratio=100.84 momentum=99.61; 2026-07-23 ratio=100.64 momentum=96.90; 2026-07-27 ratio=101.11 momentum=99.15,136.67
stock,MIC Electronics,MICEL.NS,Other Industrial Products,Capital Goods,881.91,0.0,-18.35,-614.01,50.79,13.24,,8.55,,not_stage_2,0,36.41,39.66,-2.45,0.00152,"{'price_above_30w_ma': False, '30w_ma_rising': False, 'price_above_10w_ma': False, 'relative_strength_positive': False, 'near_52w_high': False}",improving,improving,98.39,100.97,-0.2,-0.42,False,False,2026-07-20 ratio=98.59 momentum=101.39; 2026-07-21 ratio=98.67 momentum=101.96; 2026-07-22 ratio=98.45 momentum=101.64; 2026-07-23 ratio=98.41 momentum=101.34; 2026-07-27 ratio=98.39 momentum=100.97,4.85
stock,Vilas Transcore,VILAS.NS,Other Industrial Products,Capital Goods,865.86,0.0,15.18,-26.24,231.91,21.66,21.89,16.12,,not_stage_2,0,357.55,383.93,-0.79,0.01498,"{'price_above_30w_ma': False, '30w_ma_rising': False, 'price_above_10w_ma': False, 'relative_strength_positive': False, 'near_52w_high': False}",lagging,lagging,98.58,97.51,-0.46,3.01,False,False,2026-07-17 ratio=99.03 momentum=94.50; 2026-07-20 ratio=99.10 momentum=98.70; 2026-07-21 ratio=98.83 momentum=97.65; 2026-07-22 ratio=98.30 momentum=97.58; 2026-07-23 ratio=98.58 momentum=97.51,0.0
stock,Maruti Suzuki,MARUTI.NS,Passenger Cars & Utility Vehicles,Automobile and Auto Components,431469.3,1.02,3659.0,-6.45,52462.5,28.21,29.39,19.02,,not_stage_2,3,13730.0,13873.43,-2.73,0.57218,"{'price_above_30w_ma': False, '30w_ma_rising': False, 'price_above_10w_ma': True, 'relative_strength_positive': True, 'near_52w_high': True}",weakening,lagging,100.54,99.83,1.1,3.23,False,False,2026-07-20 ratio=99.44 momentum=96.61; 2026-07-21 ratio=99.80 momentum=95.41; 2026-07-22 ratio=99.98 momentum=96.07; 2026-07-23 ratio=99.76 momentum=97.38; 2026-07-27 ratio=100.54 momentum=99.83,62.7
stock,M & M,M&M.NS,Passenger Cars & Utility Vehicles,Automobile and Auto Components,402780.2,1.02,5259.91,48.85,54981.91,29.07,23.29,15.1,,not_stage_2,4,3238.6,3232.57,-2.02,0.13496,"{'price_above_30w_ma': True, '30w_ma_rising': False, 'price_above_10w_ma': True, 'relative_strength_positive': True, 'near_52w_high': True}",leading,weakening,102.66,102.44,2.48,2.57,True,False,2026-07-20 ratio=100.18 momentum=99.87; 2026-07-21 ratio=101.16 momentum=101.68; 2026-07-22 ratio=101.29 momentum=102.11; 2026-07-23 ratio=103.01 momentum=103.25; 2026-07-27 ratio=102.66 momentum=102.44,135.5
stock,Hyundai Motor I,HYUNDAI.NS,Passenger Cars & Utility Vehicles,Automobile and Auto Components,161207.38,1.06,1255.63,-22.22,18916.15,5.44,29.68,38.42,,not_stage_2,2,1984.6,1999.54,-2.17,0.08271,"{'price_above_30w_ma': False, '30w_ma_rising': False, 'price_above_10w_ma': True, 'relative_strength_positive': True, 'near_52w_high': False}",leading,weakening,100.85,100.07,0.53,1.58,True,False,2026-07-20 ratio=100.32 momentum=98.48; 2026-07-21 ratio=100.11 momentum=98.90; 2026-07-22 ratio=100.15 momentum=99.82; 2026-07-23 ratio=100.50 momentum=100.59; 2026-07-27 ratio=100.85 momentum=100.07,74.6
stock,Tata Motors PVeh,TMPV.NS,Passenger Cars & Utility Vehicles,Automobile and Auto Components,120641.2,0.92,5878.0,-24.63,105447.0,7.19,1.4,2.73,,not_stage_2,0,327.65,351.06,-0.98,0.01365,"{'price_above_30w_ma': False, '30w_ma_rising': False, 'price_above_10w_ma': False, 'relative_strength_positive': False, 'near_52w_high': False}",lagging,lagging,98.73,99.89,-0.08,0.49,False,False,2026-07-20 ratio=98.80 momentum=99.40; 2026-07-21 ratio=98.76 momentum=100.63; 2026-07-22 ratio=98.66 momentum=100.62; 2026-07-23 ratio=98.64 momentum=100.67; 2026-07-27 ratio=98.73 momentum=99.89,0.0
stock,Force Motors,FORCEMOT.NS,Passenger Cars & Utility Vehicles,Automobile and Auto Components,22743.6,0.23,278.54,56.59,2549.84,8.23,21.53,36.08,,not_stage_2,0,17268.0,20188.47,-0.59,0.71962,"{'price_above_30w_ma': False, '30w_ma_rising': False, 'price_above_10w_ma': False, 'relative_strength_positive': False, 'near_52w_high': False}",lagging,lagging,98.43,98.72,-0.36,-0.13,False,False,2026-07-20 ratio=98.79 momentum=98.85; 2026-07-21 ratio=98.62 momentum=97.97; 2026-07-22 ratio=98.52 momentum=99.34; 2026-07-23 ratio=98.66 momentum=98.85; 2026-07-27 ratio=98.43 momentum=98.72,0.0
stock,Olectra Greentec,OLECTRA.NS,Passenger Cars & Utility Vehicles,Automobile and Auto Components,10917.89,0.03,57.39,164.38,644.72,43.62,61.51,21.05,,not_stage_2,3,1328.1,1189.12,1.6,0.05535,"{'price_above_30w_ma': True, '30w_ma_rising': True, 'price_above_10w_ma': False, 'relative_strength_positive': False, 'near_52w_high': True}",lagging,lagging,99.73,96.51,-0.05,0.94,False,False,2026-07-20 ratio=99.78 momentum=95.57; 2026-07-21 ratio=99.90 momentum=97.92; 2026-07-22 ratio=99.92 momentum=97.73; 2026-07-23 ratio=99.70 momentum=97.27; 2026-07-27 ratio=99.73 momentum=96.51,63.2
stock,Mercury EV-Tech,MERCURYEV.NS,Passenger Cars & Utility Vehicles,Automobile and Auto Components,687.28,0.0,0.3,-80.65,20.21,-34.13,164.42,2.64,,insufficient_data,0,,,,,{},insufficient_data,insufficient_data,,,,,False,False,,0.0
stock,Hindustan Motors,HINDMOTORS.NS,Passenger Cars & Utility Vehicles,Automobile and Auto Components,326.97,0.0,-4.29,671.83,0.0,,39.25,20.28,,insufficient_data,0,,,,,{},insufficient_data,insufficient_data,,,,,False,False,,0.0
stock,Supreme Inds.,SUPREMEIND.NS,Plastic Products - Industrial,Capital Goods,42399.82,1.08,433.57,47.5,3527.66,16.54,45.46,20.73,,not_stage_2,1,3338.2,3609.08,0.14,0.13912,"{'price_above_30w_ma': False, '30w_ma_rising': True, 'price_above_10w_ma': False, 'relative_strength_positive': False, 'near_52w_high': False}",improving,improving,99.17,101.52,-0.3,-1.02,False,False,2026-07-20 ratio=99.48 momentum=102.53; 2026-07-21 ratio=99.32 momentum=103.09; 2026-07-22 ratio=99.84 momentum=103.59; 2026-07-23 ratio=99.75 momentum=103.57; 2026-07-27 ratio=99.17 momentum=101.52,27.88
stock,Astral,ASTRAL.NS,Plastic Products - Industrial,Capital Goods,39382.76,0.26,213.0,21.24,2088.5,24.21,71.44,19.86,,not_stage_2,1,1465.8,1530.26,-0.08,0.06109,"{'price_above_30w_ma': False, '30w_ma_rising': False, 'price_above_10w_ma': False, 'relative_strength_positive': False, 'near_52w_high': True}",improving,improving,99.87,103.72,0.96,1.05,False,True,2026-07-20 ratio=98.91 momentum=102.67; 2026-07-21 ratio=99.17 momentum=103.35; 2026-07-22 ratio=99.46 momentum=103.11; 2026-07-23 ratio=99.39 momentum=103.34; 2026-07-27 ratio=99.87 momentum=103.72,38.6
stock,Garware Hi Tech,GRWRHITECH.NS,Plastic Products - Industrial,Capital Goods,16626.44,0.17,108.21,39.09,596.69,8.9,49.16,18.02,,stage_2,5,7160.0,4855.32,11.19,0.29838,"{'price_above_30w_ma': True, '30w_ma_rising': True, 'price_above_10w_ma': True, 'relative_strength_positive': True, 'near_52w_high': True}",leading,weakening,101.44,101.35,0.46,4.36,True,False,2026-07-20 ratio=100.98 momentum=96.99; 2026-07-21 ratio=100.96 momentum=98.17; 2026-07-22 ratio=100.66 momentum=97.37; 2026-07-23 ratio=100.95 momentum=98.63; 2026-07-27 ratio=101.44 momentum=101.35,191.33
stock,Time Technoplast,TIMETECHNO.NS,Plastic Products - Industrial,Capital Goods,10191.23,0.6,134.31,20.38,1676.67,14.16,21.74,16.71,,stage_2,5,206.75,182.39,0.83,0.00862,"{'price_above_30w_ma': True, '30w_ma_rising': True, 'price_above_10w_ma': True, 'relative_strength_positive': True, 'near_52w_high': True}",leading,leading,102.55,101.47,-1.7,-1.03,False,False,2026-07-20 ratio=104.26 momentum=102.50; 2026-07-21 ratio=103.18 momentum=102.46; 2026-07-22 ratio=102.57 momentum=102.23; 2026-07-23 ratio=102.18 momentum=102.12; 2026-07-27 ratio=102.55 momentum=101.47,166.76
stock,Finolex Inds.,FINPIPE.NS,Plastic Products - Industrial,Capital Goods,10169.63,1.22,261.25,58.74,1313.88,12.12,16.98,12.71,,not_stage_2,1,163.83,174.06,-0.35,0.00683,"{'price_above_30w_ma': False, '30w_ma_rising': False, 'price_above_10w_ma': False, 'relative_strength_positive': False, 'near_52w_high': True}",lagging,lagging,98.63,99.94,0.36,3.22,False,False,2026-07-20 ratio=98.27 momentum=96.71; 2026-07-21 ratio=98.50 momentum=100.34; 2026-07-22 ratio=98.54 momentum=102.48; 2026-07-23 ratio=98.11 momentum=98.21; 2026-07-27 ratio=98.63 momentum=99.94,20.0
stock,Kingfa Science,KINGFA.NS,Plastic Products - Industrial,Capital Goods,6928.36,0.0,59.15,41.17,578.47,23.2,37.4,23.2,,not_stage_2,3,5128.5,4694.88,2.97,0.21372,"{'price_above_30w_ma': True, '30w_ma_rising': True, 'price_above_10w_ma': False, 'relative_strength_positive': False, 'near_52w_high': True}",improving,lagging,99.64,100.08,0.86,1.38,False,True,2026-07-20 ratio=98.78 momentum=98.70; 2026-07-21 ratio=98.88 momentum=98.42; 2026-07-22 ratio=99.24 momentum=99.80; 2026-07-23 ratio=99.18 momentum=99.12; 2026-07-27 ratio=99.64 momentum=100.08,66.34
stock,Prince Pipes,PRINCEPIPE.NS,Plastic Products - Industrial,Capital Goods,2934.81,0.19,56.11,132.05,850.07,18.12,39.01,6.12,,not_stage_2,3,265.65,256.18,0.62,0.01107,"{'price_above_30w_ma': True, '30w_ma_rising': True, 'price_above_10w_ma': False, 'relative_strength_positive': False, 'near_52w_high': True}",lagging,lagging,99.24,99.43,-0.06,1.42,False,False,2026-07-20 ratio=99.30 momentum=98.02; 2026-07-21 ratio=99.09 momentum=98.16; 2026-07-22 ratio=98.88 momentum=98.82; 2026-07-23 ratio=98.61 momentum=97.32; 2026-07-27 ratio=99.24 momentum=99.43,61.24
stock,Apollo Pipes,APOLLOPIPE.NS,Plastic Products - Industrial,Capital Goods,2229.84,0.14,-0.13,-89.88,347.02,10.24,,1.23,,stage_2,5,505.35,425.29,6.77,0.02106,"{'price_above_30w_ma': True, '30w_ma_rising': True, 'price_above_10w_ma': True, 'relative_strength_positive': True, 'near_52w_high': True}",weakening,improving,100.39,99.55,0.94,-1.17,False,False,2026-07-20 ratio=99.45 momentum=100.72; 2026-07-21 ratio=99.52 momentum=100.85; 2026-07-22 ratio=99.59 momentum=100.74; 2026-07-23 ratio=99.54 momentum=99.33; 2026-07-27 ratio=100.39 momentum=99.55,140.49
stock,Jain Irrigation,JISLJALEQS.NS,Plastic Products - Industrial,Capital Goods,2210.6,0.0,-19.04,-164.41,1823.97,4.3,,5.3,,not_stage_2,0,30.43,33.14,-3.94,0.00127,"{'price_above_30w_ma': False, '30w_ma_rising': False, 'price_above_10w_ma': False, 'relative_strength_positive': False, 'near_52w_high': False}",lagging,lagging,99.21,98.58,0.19,2.73,False,False,2026-07-20 ratio=99.02 momentum=95.85; 2026-07-21 ratio=98.91 momentum=96.68; 2026-07-22 ratio=98.95 momentum=97.48; 2026-07-23 ratio=98.76 momentum=96.85; 2026-07-27 ratio=99.21 momentum=98.58,0.0
stock,Jai Corp,JAICORPLTD.NS,Plastic Products - Industrial,Capital Goods,1801.0,0.49,20.79,-11.25,120.62,-10.9,10.55,13.27,,not_stage_2,0,102.69,110.63,-2.97,0.00428,"{'price_above_30w_ma': False, '30w_ma_rising': False, 'price_above_10w_ma': False, 'relative_strength_positive': False, 'near_52w_high': False}",lagging,lagging,97.79,99.01,0.04,-0.38,False,False,2026-07-20 ratio=97.75 momentum=99.39; 2026-07-21 ratio=97.56 momentum=100.53; 2026-07-22 ratio=97.25 momentum=100.56; 2026-07-23 ratio=97.50 momentum=99.56; 2026-07-27 ratio=97.79 momentum=99.01,0.0
stock,Knowledge Realty,KRT.NS,Real Estate Investment Trusts (REITs),Realty,52321.24,4.02,107.37,,1196.55,,145.09,5.22,,insufficient_data,0,,,,,{},insufficient_data,insufficient_data,,,,,False,False,,0.0
stock,Embassy Off.REIT,EMBASSY.NS,Real Estate Investment Trusts (REITs),Realty,41467.56,0.19,-430.02,-77.05,1204.68,10.95,151.04,5.61,,stage_2,5,437.98,433.66,0.36,0.01835,"{'price_above_30w_ma': True, '30w_ma_rising': True, 'price_above_10w_ma': True, 'relative_strength_positive': True, 'near_52w_high': True}",weakening,leading,100.98,99.26,-0.22,-1.08,False,False,2026-07-17 ratio=101.20 momentum=100.34; 2026-07-20 ratio=101.01 momentum=100.38; 2026-07-21 ratio=100.63 momentum=99.37; 2026-07-22 ratio=101.17 momentum=96.70; 2026-07-23 ratio=100.98 momentum=99.26,130.62
stock,Bagmane Prime REIT,BAGMANE.NS,Real Estate Investment Trusts (REITs),Realty,35655.88,0.0,253.94,,623.27,,39.78,33.22,,insufficient_data,0,,,,,{},insufficient_data,insufficient_data,,,,,False,False,,0.0
stock,Mindspace Busine,MINDSPACE.NS,Real Estate Investment Trusts (REITs),Realty,32730.07,8.6,208.74,127.77,889.95,30.67,48.36,7.64,,stage_2,5,484.59,473.57,0.28,0.0203,"{'price_above_30w_ma': True, '30w_ma_rising': True, 'price_above_10w_ma': True, 'relative_strength_positive': True, 'near_52w_high': True}",weakening,weakening,101.88,97.77,0.43,-0.86,False,False,2026-07-17 ratio=101.45 momentum=98.63; 2026-07-20 ratio=101.83 momentum=100.72; 2026-07-21 ratio=102.04 momentum=100.57; 2026-07-22 ratio=102.32 momentum=99.15; 2026-07-23 ratio=101.88 momentum=97.77,134.96
stock,Brookfield India,BIRET.NS,Real Estate Investment Trusts (REITs),Realty,28473.71,7.32,53.86,-50.2,959.58,54.71,59.39,5.36,,stage_2,5,339.01,334.79,0.06,0.0142,"{'price_above_30w_ma': True, '30w_ma_rising': True, 'price_above_10w_ma': True, 'relative_strength_positive': True, 'near_52w_high': True}",weakening,weakening,101.52,98.25,0.37,-0.09,False,False,2026-07-17 ratio=101.15 momentum=98.34; 2026-07-20 ratio=101.48 momentum=99.49; 2026-07-21 ratio=101.52 momentum=99.31; 2026-07-22 ratio=101.99 momentum=98.20; 2026-07-23 ratio=101.52 momentum=98.25,132.72
stock,Nexus Select,NXST.NS,Real Estate Investment Trusts (REITs),Realty,25377.78,5.43,12.18,-89.34,652.37,12.41,69.12,5.83,,stage_2,5,166.28,158.24,0.34,0.00697,"{'price_above_30w_ma': True, '30w_ma_rising': True, 'price_above_10w_ma': True, 'relative_strength_positive': True, 'near_52w_high': True}",weakening,leading,101.87,99.43,0.4,-2.12,False,False,2026-07-17 ratio=101.46 momentum=101.55; 2026-07-20 ratio=101.91 momentum=103.18; 2026-07-21 ratio=101.91 momentum=103.03; 2026-07-22 ratio=102.28 momentum=102.13; 2026-07-23 ratio=101.87 momentum=99.43,135.03
stock,Apcotex Industri,APCOTEXIND.NS,Rubber,Capital Goods,3056.25,1.36,34.74,107.28,397.58,13.79,30.46,19.8,,stage_2,5,588.5,435.11,5.64,0.02452,"{'price_above_30w_ma': True, '30w_ma_rising': True, 'price_above_10w_ma': True, 'relative_strength_positive': True, 'near_52w_high': True}",leading,leading,102.87,103.45,1.33,0.6,False,False,2026-07-20 ratio=101.53 momentum=102.85; 2026-07-21 ratio=101.80 momentum=102.84; 2026-07-22 ratio=101.76 momentum=102.64; 2026-07-23 ratio=102.03 momentum=102.61; 2026-07-27 ratio=102.87 momentum=103.45,187.88
stock,Pix Transmission,PIXTRANS.NS,Rubber,Capital Goods,2444.33,0.5,20.22,-10.73,170.77,4.91,23.0,21.73,,stage_2,5,1796.7,1539.05,3.22,0.07488,"{'price_above_30w_ma': True, '30w_ma_rising': True, 'price_above_10w_ma': True, 'relative_strength_positive': True, 'near_52w_high': True}",weakening,leading,100.95,98.21,-0.57,-1.91,False,False,2026-07-20 ratio=101.52 momentum=100.12; 2026-07-21 ratio=101.39 momentum=101.09; 2026-07-22 ratio=101.22 momentum=99.75; 2026-07-23 ratio=101.02 momentum=98.51; 2026-07-27 ratio=100.95 momentum=98.21,136.19
stock,Tinna Rubber,TINNARUBR.NS,Rubber,Capital Goods,2053.19,0.35,20.57,75.21,156.18,19.89,33.29,22.31,,stage_2,5,1139.3,775.46,4.67,0.04748,"{'price_above_30w_ma': True, '30w_ma_rising': True, 'price_above_10w_ma': True, 'relative_strength_positive': True, 'near_52w_high': True}",leading,leading,102.23,101.26,-1.15,-2.08,False,False,2026-07-20 ratio=103.38 momentum=103.34; 2026-07-21 ratio=102.67 momentum=102.39; 2026-07-22 ratio=102.01 momentum=101.82; 2026-07-23 ratio=101.85 momentum=100.59; 2026-07-27 ratio=102.23 momentum=101.26,171.79
stock,GRP,GRPLTD.NS,Rubber,Capital Goods,1078.35,0.17,4.2,140.0,156.83,26.73,157.42,6.94,,stage_2,5,2021.1,1838.65,1.69,0.08423,"{'price_above_30w_ma': True, '30w_ma_rising': True, 'price_above_10w_ma': True, 'relative_strength_positive': True, 'near_52w_high': True}",leading,leading,102.02,102.02,1.34,0.3,False,False,2026-07-20 ratio=100.68 momentum=101.71; 2026-07-21 ratio=101.26 momentum=104.82; 2026-07-22 ratio=100.78 momentum=99.24; 2026-07-23 ratio=101.74 momentum=100.87; 2026-07-27 ratio=102.02 momentum=102.02,168.58
stock,Rubfila Intl.,RUBFILA.NS,Rubber,Capital Goods,393.11,2.76,6.42,-22.74,160.6,8.9,14.77,12.29,,not_stage_2,2,72.34,70.79,-0.02,0.00301,"{'price_above_30w_ma': True, '30w_ma_rising': False, 'price_above_10w_ma': False, 'relative_strength_positive': False, 'near_52w_high': True}",lagging,lagging,99.31,94.85,0.06,-5.03,False,False,2026-07-20 ratio=99.24 momentum=99.88; 2026-07-21 ratio=99.51 momentum=99.55; 2026-07-22 ratio=99.44 momentum=99.59; 2026-07-23 ratio=99.55 momentum=94.21; 2026-07-27 ratio=99.31 momentum=94.85,40.0
stock,Harri. Malayalam,HARRMALAYA.NS,Rubber,Capital Goods,390.32,0.0,9.11,75.53,147.13,7.62,13.4,15.28,,stage_2,5,214.89,193.7,3.56,0.00896,"{'price_above_30w_ma': True, '30w_ma_rising': True, 'price_above_10w_ma': True, 'relative_strength_positive': True, 'near_52w_high': True}",leading,leading,100.74,104.4,-0.02,2.66,False,False,2026-07-20 ratio=100.76 momentum=101.74; 2026-07-21 ratio=101.06 momentum=102.45; 2026-07-22 ratio=101.28 momentum=102.66; 2026-07-23 ratio=101.77 momentum=103.63; 2026-07-27 ratio=100.74 momentum=104.40,177.82
stock,Gayatri Rubbers,GRCL.NS,Rubber,Capital Goods,335.67,0.0,2.95,86.71,24.48,33.99,60.05,39.54,,stage_2,5,596.0,453.31,7.33,0.02497,"{'price_above_30w_ma': True, '30w_ma_rising': True, 'price_above_10w_ma': True, 'relative_strength_positive': True, 'near_52w_high': True}",weakening,weakening,101.09,98.89,0.15,-0.99,False,False,2026-07-17 ratio=100.94 momentum=99.87; 2026-07-20 ratio=100.97 momentum=100.24; 2026-07-21 ratio=100.95 momentum=100.21; 2026-07-22 ratio=101.04 momentum=99.17; 2026-07-23 ratio=101.09 momentum=98.89,145.11
stock,Elgi Rubber Co,ELGIRUBCO.NS,Rubber,Capital Goods,283.67,0.0,-204.05,-179.7,86.34,-11.19,,-12.92,,stage_2,4,56.62,46.91,2.85,0.00236,"{'price_above_30w_ma': True, '30w_ma_rising': True, 'price_above_10w_ma': True, 'relative_strength_positive': True, 'near_52w_high': False}",weakening,weakening,101.03,98.2,-0.45,2.49,False,False,2026-07-20 ratio=101.48 momentum=95.72; 2026-07-21 ratio=101.40 momentum=97.86; 2026-07-22 ratio=101.25 momentum=96.31; 2026-07-23 ratio=101.04 momentum=96.47; 2026-07-27 ratio=101.03 momentum=98.20,115.85
stock,Sampann Utpadan,SAMPANN.NS,Rubber,Capital Goods,133.75,0.0,1.2,-37.5,38.75,19.67,19.73,8.18,,not_stage_2,2,27.64,29.19,-2.29,0.00115,"{'price_above_30w_ma': False, '30w_ma_rising': False, 'price_above_10w_ma': True, 'relative_strength_positive': True, 'near_52w_high': False}",leading,lagging,100.03,100.07,1.7,2.47,True,False,2026-07-20 ratio=98.33 momentum=97.60; 2026-07-21 ratio=98.34 momentum=97.88; 2026-07-22 ratio=99.54 momentum=99.89; 2026-07-23 ratio=99.62 momentum=99.05; 2026-07-27 ratio=100.03 momentum=100.07,70.5
stock,Lead Reclaim,LRRPL.NS,Rubber,Capital Goods,74.31,0.0,3.1,219.59,17.92,-18.25,18.17,21.28,,not_stage_2,3,86.05,76.9,2.34,0.00361,"{'price_above_30w_ma': True, '30w_ma_rising': True, 'price_above_10w_ma': False, 'relative_strength_positive': False, 'near_52w_high': True}",lagging,leading,99.43,96.91,-1.5,-3.12,False,False,2026-07-17 ratio=100.93 momentum=100.03; 2026-07-20 ratio=100.21 momentum=101.91; 2026-07-21 ratio=100.62 momentum=100.67; 2026-07-22 ratio=99.83 momentum=96.89; 2026-07-23 ratio=99.43 momentum=96.91,64.68
stock,KIOCL,KIOCL.NS,Sponge Iron,Metals & Mining,21553.17,0.0,53.39,244.77,220.33,-10.6,1300.73,1.38,,not_stage_2,0,355.35,368.36,-0.2,0.01481,"{'price_above_30w_ma': False, '30w_ma_rising': False, 'price_above_10w_ma': False, 'relative_strength_positive': False, 'near_52w_high': False}",lagging,lagging,97.83,98.97,-0.21,-1.03,False,False,2026-07-20 ratio=98.04 momentum=99.99; 2026-07-21 ratio=98.01 momentum=99.73; 2026-07-22 ratio=97.58 momentum=99.02; 2026-07-23 ratio=97.52 momentum=98.35; 2026-07-27 ratio=97.83 momentum=98.97,0.0
stock,S.A.L Steel,SALSTEEL.NS,Sponge Iron,Metals & Mining,854.41,0.0,-1.02,82.91,11.97,-89.76,,1.08,,stage_2,5,59.54,50.62,4.26,0.00248,"{'price_above_30w_ma': True, '30w_ma_rising': True, 'price_above_10w_ma': True, 'relative_strength_positive': True, 'near_52w_high': True}",leading,lagging,100.43,102.01,2.6,3.37,True,False,2026-07-20 ratio=97.83 momentum=98.64; 2026-07-21 ratio=98.72 momentum=98.97; 2026-07-22 ratio=99.58 momentum=98.70; 2026-07-23 ratio=99.51 momentum=99.93; 2026-07-27 ratio=100.43 momentum=102.01,175.72
stock,Vraj Iron,VRAJ.NS,Sponge Iron,Metals & Mining,421.9,0.0,15.57,55.54,170.21,11.24,13.18,10.51,,stage_2,5,128.5,123.7,0.19,0.00536,"{'price_above_30w_ma': True, '30w_ma_rising': True, 'price_above_10w_ma': True, 'relative_strength_positive': True, 'near_52w_high': True}",leading,leading,100.65,101.79,-0.26,0.17,False,False,2026-07-20 ratio=100.91 momentum=101.63; 2026-07-21 ratio=100.91 momentum=101.83; 2026-07-22 ratio=101.03 momentum=101.89; 2026-07-23 ratio=101.18 momentum=102.26; 2026-07-27 ratio=100.65 momentum=101.79,157.58
stock,Chaman Metallics,CMNL.NS,Sponge Iron,Metals & Mining,248.95,0.0,-1.62,-78.12,344.75,326.41,,5.37,,not_stage_2,0,105.0,110.56,-2.86,0.0044,"{'price_above_30w_ma': False, '30w_ma_rising': False, 'price_above_10w_ma': False, 'relative_strength_positive': False, 'near_52w_high': False}",improving,lagging,99.75,102.47,1.1,2.94,False,True,2026-07-17 ratio=98.66 momentum=99.53; 2026-07-20 ratio=98.73 momentum=99.57; 2026-07-21 ratio=99.36 momentum=102.52; 2026-07-22 ratio=99.67 momentum=102.01; 2026-07-23 ratio=99.75 momentum=102.47,12.35
stock,Vaswani Industri,VASWANI.NS,Sponge Iron,Metals & Mining,170.54,0.0,5.39,22.78,143.89,24.69,40.22,8.76,,not_stage_2,1,52.68,55.64,-1.58,0.0022,"{'price_above_30w_ma': False, '30w_ma_rising': False, 'price_above_10w_ma': False, 'relative_strength_positive': False, 'near_52w_high': True}",lagging,lagging,98.89,99.64,0.3,1.58,False,False,2026-07-20 ratio=98.59 momentum=98.06; 2026-07-21 ratio=98.78 momentum=100.43; 2026-07-22 ratio=98.82 momentum=100.37; 2026-07-23 ratio=98.85 momentum=99.27; 2026-07-27 ratio=98.89 momentum=99.64,20.0
stock,Shri Hare-Krish.,SHKSIL.NS,Sponge Iron,Metals & Mining,76.76,0.0,1.55,-64.85,27.21,-35.63,12.38,7.76,,insufficient_data,0,,,,,{},insufficient_data,insufficient_data,,,,,False,False,,0.0
stock,DOMS Industries,DOMS.NS,Stationary,Fast Moving Consumer Goods,13731.55,0.14,58.2,17.13,603.98,18.72,59.66,24.33,,not_stage_2,3,2263.5,2301.22,-1.82,0.09433,"{'price_above_30w_ma': False, '30w_ma_rising': False, 'price_above_10w_ma': True, 'relative_strength_positive': True, 'near_52w_high': True}",lagging,lagging,99.95,97.0,0.46,-1.99,False,False,2026-07-20 ratio=99.49 momentum=98.99; 2026-07-21 ratio=99.70 momentum=99.75; 2026-07-22 ratio=99.98 momentum=100.38; 2026-07-23 ratio=99.53 momentum=97.93; 2026-07-27 ratio=99.95 momentum=97.00,60.0
stock,Navneet Educat.,NAVNETEDUL.NS,Stationary,Fast Moving Consumer Goods,3197.86,2.08,39.0,-47.07,430.0,-0.92,20.55,10.23,,stage_2,5,144.54,143.17,0.18,0.00602,"{'price_above_30w_ma': True, '30w_ma_rising': True, 'price_above_10w_ma': True, 'relative_strength_positive': True, 'near_52w_high': True}",weakening,weakening,100.0,98.37,-0.43,-1.02,False,False,2026-07-20 ratio=100.43 momentum=99.40; 2026-07-21 ratio=100.10 momentum=98.49; 2026-07-22 ratio=99.84 momentum=98.00; 2026-07-23 ratio=98.97 momentum=97.10; 2026-07-27 ratio=100.00 momentum=98.37,125.36
stock,Flair Writing,FLAIR.NS,Stationary,Fast Moving Consumer Goods,2699.61,0.39,36.53,16.15,322.95,8.35,19.31,16.8,,not_stage_2,1,256.75,297.39,-2.02,0.0107,"{'price_above_30w_ma': False, '30w_ma_rising': False, 'price_above_10w_ma': False, 'relative_strength_positive': False, 'near_52w_high': True}",improving,improving,99.07,103.42,0.38,0.68,False,True,2026-07-20 ratio=98.69 momentum=102.74; 2026-07-21 ratio=98.59 momentum=101.58; 2026-07-22 ratio=98.73 momentum=101.72; 2026-07-23 ratio=98.67 momentum=99.21; 2026-07-27 ratio=99.07 momentum=103.42,37.1
stock,Kokuyo Camlin,KOKUYOCMLN.NS,Stationary,Fast Moving Consumer Goods,855.09,0.35,2.88,-34.4,226.23,13.1,34.45,10.21,,not_stage_2,1,85.86,85.2,-0.71,0.00358,"{'price_above_30w_ma': True, '30w_ma_rising': False, 'price_above_10w_ma': False, 'relative_strength_positive': False, 'near_52w_high': False}",improving,lagging,99.51,100.12,0.89,1.17,False,True,2026-07-20 ratio=98.62 momentum=98.94; 2026-07-21 ratio=99.03 momentum=100.48; 2026-07-22 ratio=99.26 momentum=100.44; 2026-07-23 ratio=99.03 momentum=98.26; 2026-07-27 ratio=99.51 momentum=100.12,20.6
stock,Linc,LINC.NS,Stationary,Fast Moving Consumer Goods,612.75,1.46,11.66,-7.9,136.66,-9.55,16.74,19.21,,not_stage_2,1,102.83,104.31,-1.01,0.00429,"{'price_above_30w_ma': False, '30w_ma_rising': False, 'price_above_10w_ma': False, 'relative_strength_positive': False, 'near_52w_high': True}",lagging,weakening,99.64,98.37,-0.65,-0.57,False,False,2026-07-20 ratio=100.29 momentum=98.95; 2026-07-21 ratio=100.03 momentum=99.31; 2026-07-22 ratio=100.16 momentum=100.73; 2026-07-23 ratio=99.85 momentum=99.38; 2026-07-27 ratio=99.64 momentum=98.37,20.0
stock,Sundaram Multi.,SUNDARAM.NS,Stationary,Fast Moving Consumer Goods,60.19,0.0,1.17,211.58,44.35,11.85,21.81,3.8,,not_stage_2,0,1.28,1.42,-4.43,5e-05,"{'price_above_30w_ma': False, '30w_ma_rising': False, 'price_above_10w_ma': False, 'relative_strength_positive': False, 'near_52w_high': False}",improving,improving,98.95,102.5,0.73,-0.78,False,False,2026-07-20 ratio=98.22 momentum=103.29; 2026-07-21 ratio=98.49 momentum=103.24; 2026-07-22 ratio=98.55 momentum=103.06; 2026-07-23 ratio=99.18 momentum=104.51; 2026-07-27 ratio=98.95 momentum=102.50,12.5
stock,Indus Towers,INDUSTOWER.NS,Telecom - Infrastructure,Telecommunic ation,102254.25,0.0,1792.9,0.78,8101.0,4.84,14.31,19.49,,not_stage_2,1,387.4,424.23,-0.78,0.01614,"{'price_above_30w_ma': False, '30w_ma_rising': False, 'price_above_10w_ma': False, 'relative_strength_positive': False, 'near_52w_high': True}",lagging,improving,98.72,97.6,-0.4,-4.8,False,False,2026-07-20 ratio=99.12 momentum=102.40; 2026-07-21 ratio=99.28 momentum=105.61; 2026-07-22 ratio=99.00 momentum=101.58; 2026-07-23 ratio=98.90 momentum=98.87; 2026-07-27 ratio=98.72 momentum=97.60,20.0
stock,HFCL,HFCL.NS,Telecom - Infrastructure,Telecommunic ation,29470.22,0.05,245.64,809.06,1914.98,119.85,51.47,10.86,,not_stage_2,3,192.54,124.32,17.66,0.00802,"{'price_above_30w_ma': True, '30w_ma_rising': True, 'price_above_10w_ma': False, 'relative_strength_positive': False, 'near_52w_high': True}",lagging,weakening,99.99,96.86,-0.68,0.35,False,False,2026-07-20 ratio=100.68 momentum=96.51; 2026-07-21 ratio=101.03 momentum=97.75; 2026-07-22 ratio=101.06 momentum=98.89; 2026-07-23 ratio=100.64 momentum=97.57; 2026-07-27 ratio=99.99 momentum=96.86,95.32
stock,Pace Digitek,PACEDIGITK.NS,Telecom - Infrastructure,Telecommunic ation,4279.41,0.0,105.92,73.27,1096.78,60.52,14.38,21.26,,stage_2,5,197.8,181.11,0.67,0.00824,"{'price_above_30w_ma': True, '30w_ma_rising': True, 'price_above_10w_ma': True, 'relative_strength_positive': True, 'near_52w_high': True}",weakening,weakening,100.12,95.98,-0.32,-1.38,False,False,2026-07-20 ratio=100.44 momentum=97.36; 2026-07-21 ratio=100.72 momentum=98.65; 2026-07-22 ratio=100.19 momentum=97.78; 2026-07-23 ratio=100.17 momentum=96.88; 2026-07-27 ratio=100.12 momentum=95.98,126.94
stock,GTL Infra.,GTLINFRA.NS,Telecom - Infrastructure,Telecommunic ation,1550.01,0.0,1185.58,94.92,330.36,-1.98,,,,not_stage_2,2,1.22,1.23,0.3,5e-05,"{'price_above_30w_ma': False, '30w_ma_rising': True, 'price_above_10w_ma': False, 'relative_strength_positive': False, 'near_52w_high': True}",lagging,lagging,98.5,96.75,0.1,-0.91,False,False,2026-07-20 ratio=98.40 momentum=97.67; 2026-07-21 ratio=98.48 momentum=98.43; 2026-07-22 ratio=98.46 momentum=97.68; 2026-07-23 ratio=98.39 momentum=97.01; 2026-07-27 ratio=98.50 momentum=96.75,40.6
stock,Suyog Telematics,SUYOG.NS,Telecom - Infrastructure,Telecommunic ation,1032.76,0.2,14.14,202.61,52.74,5.35,16.58,14.42,,stage_2,5,885.4,731.07,4.66,0.0369,"{'price_above_30w_ma': True, '30w_ma_rising': True, 'price_above_10w_ma': True, 'relative_strength_positive': True, 'near_52w_high': True}",weakening,weakening,101.55,99.99,0.91,2.77,False,False,2026-07-20 ratio=100.64 momentum=97.22; 2026-07-21 ratio=100.61 momentum=96.39; 2026-07-22 ratio=100.95 momentum=97.38; 2026-07-23 ratio=100.80 momentum=96.81; 2026-07-27 ratio=101.55 momentum=99.99,142.07
stock,Sar Televenture,SARTELE.NS,Telecom - Infrastructure,Telecommunic ation,590.74,0.0,36.23,25.49,280.35,35.3,8.23,8.84,,not_stage_2,0,117.0,171.46,-7.39,0.0049,"{'price_above_30w_ma': False, '30w_ma_rising': False, 'price_above_10w_ma': False, 'relative_strength_positive': False, 'near_52w_high': False}",lagging,lagging,98.58,96.36,-0.0,-0.09,False,False,2026-07-17 ratio=98.58 momentum=96.45; 2026-07-20 ratio=98.51 momentum=98.37; 2026-07-21 ratio=98.42 momentum=98.08; 2026-07-22 ratio=98.45 momentum=96.85; 2026-07-23 ratio=98.58 momentum=96.36,0.0
stock,Kore Digital,KDL.NS,Telecom - Infrastructure,Telecommunic ation,137.43,0.0,11.91,-51.61,150.42,-36.24,3.74,38.1,,not_stage_2,0,118.15,137.55,-4.28,0.00495,"{'price_above_30w_ma': False, '30w_ma_rising': False, 'price_above_10w_ma': False, 'relative_strength_positive': False, 'near_52w_high': False}",improving,improving,99.03,101.72,0.01,1.06,False,True,2026-07-17 ratio=99.02 momentum=100.66; 2026-07-20 ratio=98.96 momentum=98.17; 2026-07-21 ratio=99.00 momentum=96.63; 2026-07-22 ratio=98.89 momentum=96.87; 2026-07-23 ratio=99.03 momentum=101.72,8.6
stock,Rama Telecom,RTL.NS,Telecom - Infrastructure,Telecommunic ation,105.59,0.0,0.48,-86.7,27.75,18.69,36.29,11.91,,insufficient_data,0,,,,,{},insufficient_data,insufficient_data,,,,,False,False,,0.0
