level,name,symbol,parent,sector,market_cap_cr,dividend_yield_pct,np_qtr_cr,qtr_profit_var_pct,sales_qtr_cr,qtr_sales_var_pct,pe,roce,error,stage,stage2_score,close,weekly_ma,weekly_ma_slope_4w_pct,rs_vs_benchmark,checks,rrg_quadrant,rrg_quadrant_5d_ago,rs_ratio,rs_momentum,rs_ratio_5d_delta,rs_momentum_5d_delta,moving_to_leading,improving_toward_leading,rrg_tail,stock_score
stock,Bajaj Auto,BAJAJ-AUTO.NS,2/3 Wheelers,Automobile and Auto Components,313007.86,1.31,3188.75,45.93,21688.83,65.14,26.55,28.24,,stage_2,5,11593.0,10404.68,2.77,0.49818,"{'price_above_30w_ma': True, '30w_ma_rising': True, 'price_above_10w_ma': True, 'relative_strength_positive': True, 'near_52w_high': True}",weakening,leading,101.01,95.42,-0.23,-4.84,False,False,2026-09-09 ratio=101.24 momentum=100.26; 2026-09-10 ratio=101.14 momentum=99.74; 2026-09-11 ratio=101.05 momentum=98.78; 2026-09-15 ratio=100.84 momentum=97.03; 2026-09-16 ratio=101.01 momentum=95.42,135.59
stock,Eicher Motors,EICHERMOT.NS,2/3 Wheelers,Automobile and Auto Components,205868.97,1.09,1462.51,21.35,6632.42,31.55,35.39,30.53,,not_stage_2,3,7493.5,7406.07,0.19,0.32202,"{'price_above_30w_ma': True, '30w_ma_rising': True, 'price_above_10w_ma': False, 'relative_strength_positive': False, 'near_52w_high': True}",lagging,weakening,99.85,98.85,-0.75,1.28,False,False,2026-09-10 ratio=100.60 momentum=97.57; 2026-09-11 ratio=99.94 momentum=96.52; 2026-09-15 ratio=99.96 momentum=97.27; 2026-09-16 ratio=100.00 momentum=96.70; 2026-09-17 ratio=99.85 momentum=98.85,60.38
stock,TVS Motor Co.,TVSMOTOR.NS,2/3 Wheelers,Automobile and Auto Components,197758.45,0.29,1057.61,67.11,16295.52,33.46,57.17,17.37,,stage_2,4,4101.7,3744.41,1.4,0.17626,"{'price_above_30w_ma': True, '30w_ma_rising': True, 'price_above_10w_ma': False, 'relative_strength_positive': True, 'near_52w_high': True}",weakening,weakening,100.43,97.93,-0.06,2.11,False,False,2026-09-10 ratio=100.49 momentum=95.82; 2026-09-11 ratio=100.52 momentum=97.57; 2026-09-15 ratio=100.40 momentum=93.52; 2026-09-16 ratio=100.24 momentum=96.88; 2026-09-17 ratio=100.43 momentum=97.93,109.95
stock,Hero Motocorp,HEROMOTOCO.NS,2/3 Wheelers,Automobile and Auto Components,105784.63,3.5,1417.93,-17.18,13126.35,34.94,19.1,35.22,,not_stage_2,3,5325.0,5211.51,-0.57,0.22883,"{'price_above_30w_ma': True, '30w_ma_rising': False, 'price_above_10w_ma': False, 'relative_strength_positive': True, 'near_52w_high': True}",leading,weakening,100.5,102.37,0.21,4.58,True,False,2026-09-10 ratio=100.29 momentum=97.79; 2026-09-11 ratio=100.12 momentum=96.25; 2026-09-15 ratio=100.11 momentum=97.82; 2026-09-16 ratio=100.25 momentum=92.64; 2026-09-17 ratio=100.50 momentum=102.37,104.35
stock,Ather Energy,ATHERENERG.NS,2/3 Wheelers,Automobile and Auto Components,65043.01,0.0,-50.87,71.46,1216.92,88.79,,-19.77,,stage_2,5,1550.0,1088.74,12.63,0.06661,"{'price_above_30w_ma': True, '30w_ma_rising': True, 'price_above_10w_ma': True, 'relative_strength_positive': True, 'near_52w_high': True}",weakening,leading,101.0,95.52,-0.76,-5.56,False,False,2026-09-10 ratio=101.75 momentum=101.08; 2026-09-11 ratio=101.70 momentum=99.34; 2026-09-15 ratio=101.25 momentum=96.46; 2026-09-16 ratio=101.17 momentum=95.53; 2026-09-17 ratio=101.00 momentum=95.52,155.26
stock,Ola Electric,OLAELEC.NS,2/3 Wheelers,Automobile and Auto Components,16838.2,0.0,-336.0,21.5,455.0,-45.05,,-19.87,,not_stage_2,2,36.79,36.62,2.91,0.00158,"{'price_above_30w_ma': True, '30w_ma_rising': True, 'price_above_10w_ma': False, 'relative_strength_positive': False, 'near_52w_high': False}",lagging,leading,99.48,99.25,-1.28,-4.14,False,False,2026-09-10 ratio=100.77 momentum=103.39; 2026-09-11 ratio=100.58 momentum=101.80; 2026-09-15 ratio=100.60 momentum=99.93; 2026-09-16 ratio=99.89 momentum=98.98; 2026-09-17 ratio=99.48 momentum=99.25,45.82
stock,Ebix,EBIX.NS,2/3 Wheelers,Automobile and Auto Components,411.87,0.0,82.0,92.94,573.24,-5.08,,5.95,,insufficient_data,0,,,,,{},insufficient_data,insufficient_data,,,,,False,False,,0.0
stock,Wardwizard Inno.,WARDINMOBI.NS,2/3 Wheelers,Automobile and Auto Components,172.06,1.75,0.19,-83.04,61.64,91.01,168.69,7.04,,insufficient_data,0,,,,,{},insufficient_data,insufficient_data,,,,,False,False,,0.0
stock,Tunwal E-Motors,TUNWAL.NS,2/3 Wheelers,Automobile and Auto Components,147.98,0.39,4.23,-34.72,132.45,27.15,11.62,13.28,,not_stage_2,1,25.45,28.84,-1.69,0.00109,"{'price_above_30w_ma': False, '30w_ma_rising': False, 'price_above_10w_ma': False, 'relative_strength_positive': True, 'near_52w_high': False}",leading,lagging,100.9,102.93,2.24,3.18,True,False,2026-09-10 ratio=98.66 momentum=99.75; 2026-09-11 ratio=98.48 momentum=98.80; 2026-09-15 ratio=100.22 momentum=102.29; 2026-09-16 ratio=100.01 momentum=102.51; 2026-09-17 ratio=100.90 momentum=102.93,69.15
stock,Delta Auto.,DELTIC.NS,2/3 Wheelers,Automobile and Auto Components,50.76,0.0,3.1,-47.28,37.54,-28.28,7.74,11.81,,insufficient_data,0,,,,,{},insufficient_data,insufficient_data,,,,,False,False,,0.0
stock,Timken India,TIMKEN.NS,Abrasives & Bearings,Capital Goods,23524.21,0.08,115.13,10.47,929.09,14.87,57.48,18.26,,not_stage_2,3,3185.1,3388.11,0.36,0.13687,"{'price_above_30w_ma': False, '30w_ma_rising': True, 'price_above_10w_ma': False, 'relative_strength_positive': True, 'near_52w_high': True}",leading,leading,101.44,101.43,-1.33,-1.71,False,False,2026-09-10 ratio=102.77 momentum=103.14; 2026-09-11 ratio=102.93 momentum=102.72; 2026-09-15 ratio=101.41 momentum=101.49; 2026-09-16 ratio=102.27 momentum=101.76; 2026-09-17 ratio=101.44 momentum=101.43,95.07
stock,Carborundum Uni.,CARBORUNIV.NS,Abrasives & Bearings,Capital Goods,21419.43,0.36,80.34,23.44,1426.63,17.03,85.41,10.52,,not_stage_2,3,1051.6,1012.68,3.92,0.04519,"{'price_above_30w_ma': True, '30w_ma_rising': True, 'price_above_10w_ma': False, 'relative_strength_positive': False, 'near_52w_high': True}",lagging,leading,99.91,99.93,-1.01,-2.27,False,False,2026-09-09 ratio=100.91 momentum=102.21; 2026-09-10 ratio=100.74 momentum=101.72; 2026-09-11 ratio=100.38 momentum=100.61; 2026-09-15 ratio=99.38 momentum=98.93; 2026-09-16 ratio=99.91 momentum=99.93,67.84
stock,Grindwell Norton,GRINDWELL.NS,Abrasives & Bearings,Capital Goods,20987.52,1.0,115.31,22.3,803.3,14.19,48.1,21.18,,not_stage_2,3,1862.2,1839.7,2.37,0.08002,"{'price_above_30w_ma': True, '30w_ma_rising': True, 'price_above_10w_ma': False, 'relative_strength_positive': False, 'near_52w_high': True}",lagging,lagging,98.48,99.19,-0.12,0.73,False,False,2026-09-10 ratio=98.60 momentum=98.45; 2026-09-11 ratio=98.44 momentum=95.06; 2026-09-15 ratio=98.00 momentum=94.74; 2026-09-16 ratio=98.34 momentum=98.58; 2026-09-17 ratio=98.48 momentum=99.19,64.74
stock,SKF India Indus.,SKFINDUS.NS,Abrasives & Bearings,Capital Goods,14754.28,0.67,61.92,-13.84,970.77,18.3,38.38,29.89,,stage_2,5,2940.3,2509.2,2.21,0.12635,"{'price_above_30w_ma': True, '30w_ma_rising': True, 'price_above_10w_ma': True, 'relative_strength_positive': True, 'near_52w_high': True}",weakening,leading,101.65,97.48,-0.0,-2.78,False,False,2026-09-10 ratio=101.65 momentum=100.26; 2026-09-11 ratio=101.31 momentum=98.25; 2026-09-15 ratio=101.13 momentum=97.58; 2026-09-16 ratio=101.77 momentum=99.62; 2026-09-17 ratio=101.65 momentum=97.48,137.67
stock,SKF India,SKFINDIA.NS,Abrasives & Bearings,Capital Goods,7675.99,2.58,61.84,32.31,587.79,27.09,51.69,13.33,,not_stage_2,2,1546.3,1603.85,-1.34,0.06645,"{'price_above_30w_ma': False, '30w_ma_rising': False, 'price_above_10w_ma': True, 'relative_strength_positive': True, 'near_52w_high': False}",leading,leading,101.33,104.25,0.65,2.68,False,False,2026-09-09 ratio=100.69 momentum=101.58; 2026-09-10 ratio=100.67 momentum=101.88; 2026-09-11 ratio=100.73 momentum=101.83; 2026-09-15 ratio=100.72 momentum=102.14; 2026-09-16 ratio=101.33 momentum=104.25,87.9
stock,Wendt India,WENDT.NS,Abrasives & Bearings,Capital Goods,1757.13,0.34,6.18,63.49,71.28,36.63,103.67,7.82,,stage_2,5,8765.0,7452.23,2.88,0.37666,"{'price_above_30w_ma': True, '30w_ma_rising': True, 'price_above_10w_ma': True, 'relative_strength_positive': True, 'near_52w_high': True}",leading,leading,102.49,103.36,-0.61,1.95,False,False,2026-09-10 ratio=103.11 momentum=101.40; 2026-09-11 ratio=103.24 momentum=102.20; 2026-09-15 ratio=102.57 momentum=101.71; 2026-09-16 ratio=102.49 momentum=102.12; 2026-09-17 ratio=102.49 momentum=103.36,180.01
stock,SKP Bearing,SKP.NS,Abrasives & Bearings,Capital Goods,267.18,0.69,0.04,-89.47,22.11,-0.05,452.85,11.38,,not_stage_2,3,160.0,156.86,-0.71,0.00688,"{'price_above_30w_ma': True, '30w_ma_rising': False, 'price_above_10w_ma': True, 'relative_strength_positive': True, 'near_52w_high': False}",leading,leading,101.13,101.33,-1.76,-0.74,False,False,2026-09-09 ratio=102.89 momentum=102.06; 2026-09-10 ratio=102.92 momentum=101.74; 2026-09-11 ratio=102.69 momentum=102.36; 2026-09-15 ratio=102.06 momentum=102.20; 2026-09-16 ratio=101.13 momentum=101.33,92.3
stock,NRB Indl Bearing,NIBL.NS,Abrasives & Bearings,Capital Goods,75.18,0.0,-6.59,-29.47,18.9,1.89,,-18.17,,not_stage_2,2,30.88,31.24,0.57,0.00133,"{'price_above_30w_ma': False, '30w_ma_rising': True, 'price_above_10w_ma': False, 'relative_strength_positive': False, 'near_52w_high': True}",improving,improving,99.62,100.91,0.18,-2.43,False,False,2026-09-09 ratio=99.43 momentum=103.34; 2026-09-10 ratio=99.38 momentum=102.78; 2026-09-11 ratio=100.70 momentum=103.80; 2026-09-15 ratio=99.79 momentum=101.28; 2026-09-16 ratio=99.62 momentum=100.91,45.69
stock,Signpost India,SIGNPOST.NS,Advertising & Media Agencies,"Media, Entertainment & Publication",1445.65,0.18,18.69,22.32,152.26,10.61,19.69,25.13,,not_stage_2,2,263.55,266.65,1.83,0.01133,"{'price_above_30w_ma': False, '30w_ma_rising': True, 'price_above_10w_ma': False, 'relative_strength_positive': False, 'near_52w_high': True}",improving,improving,99.69,101.61,-0.15,-0.05,False,False,2026-09-09 ratio=99.83 momentum=101.67; 2026-09-10 ratio=99.71 momentum=101.15; 2026-09-11 ratio=100.11 momentum=101.86; 2026-09-15 ratio=99.76 momentum=101.56; 2026-09-16 ratio=99.69 momentum=101.61,51.71
stock,R K Swamy,RKSWAMY.NS,Advertising & Media Agencies,"Media, Entertainment & Publication",449.8,2.24,3.47,20.91,83.62,7.8,18.4,12.26,,not_stage_2,0,88.33,94.75,-1.99,0.0038,"{'price_above_30w_ma': False, '30w_ma_rising': False, 'price_above_10w_ma': False, 'relative_strength_positive': False, 'near_52w_high': False}",improving,improving,98.44,102.07,-0.75,-0.65,False,False,2026-09-09 ratio=99.19 momentum=102.72; 2026-09-10 ratio=98.82 momentum=101.13; 2026-09-11 ratio=99.27 momentum=102.04; 2026-09-15 ratio=98.74 momentum=101.91; 2026-09-16 ratio=98.44 momentum=102.07,10.35
stock,Simca Advertis.,SIMCA.NS,Advertising & Media Agencies,"Media, Entertainment & Publication",322.63,0.0,9.04,1164.71,78.51,107.37,19.4,97.5,,insufficient_data,0,,,,,{},insufficient_data,insufficient_data,,,,,False,False,,0.0
stock,Vertoz,VERTOZ.NS,Advertising & Media Agencies,"Media, Entertainment & Publication",315.69,0.27,7.36,5.02,81.64,15.82,11.96,14.16,,not_stage_2,2,37.69,40.82,-4.4,0.00162,"{'price_above_30w_ma': False, '30w_ma_rising': False, 'price_above_10w_ma': True, 'relative_strength_positive': True, 'near_52w_high': False}",leading,leading,101.11,101.73,-0.17,1.52,False,False,2026-09-09 ratio=101.28 momentum=100.21; 2026-09-10 ratio=101.92 momentum=101.62; 2026-09-11 ratio=101.36 momentum=100.92; 2026-09-15 ratio=101.09 momentum=101.12; 2026-09-16 ratio=101.11 momentum=101.73,74.2
stock,Yaap Digital,YAAP.NS,Advertising & Media Agencies,"Media, Entertainment & Publication",264.38,0.0,19.0,84.08,135.66,28.14,16.73,28.46,,insufficient_data,0,,,,,{},insufficient_data,insufficient_data,,,,,False,False,,0.0
stock,Cash UR Drive,CUDML.NS,Advertising & Media Agencies,"Media, Entertainment & Publication",190.57,0.0,18.52,94.54,108.79,43.71,7.41,37.56,,insufficient_data,0,,,,,{},insufficient_data,insufficient_data,,,,,False,False,,0.0
stock,Digicontent,DGCONTENT.NS,Advertising & Media Agencies,"Media, Entertainment & Publication",145.35,0.0,-1.93,17.17,123.3,11.63,8.53,23.95,,not_stage_2,1,23.88,26.24,-1.1,0.00103,"{'price_above_30w_ma': False, '30w_ma_rising': False, 'price_above_10w_ma': False, 'relative_strength_positive': True, 'near_52w_high': False}",improving,leading,99.98,102.72,-0.77,-0.29,False,False,2026-09-09 ratio=100.75 momentum=103.01; 2026-09-10 ratio=99.88 momentum=101.84; 2026-09-11 ratio=100.06 momentum=103.51; 2026-09-15 ratio=99.94 momentum=99.67; 2026-09-16 ratio=99.98 momentum=102.72,33.6
stock,Pramara Promotio,PRAMARA.NS,Advertising & Media Agencies,"Media, Entertainment & Publication",117.55,0.0,3.91,5.96,59.27,6.49,11.71,14.95,,not_stage_2,0,88.15,215.61,-13.68,0.00379,"{'price_above_30w_ma': False, '30w_ma_rising': False, 'price_above_10w_ma': False, 'relative_strength_positive': False, 'near_52w_high': False}",lagging,lagging,98.1,97.51,-0.11,-0.53,False,False,2026-09-09 ratio=98.21 momentum=98.04; 2026-09-10 ratio=97.55 momentum=97.46; 2026-09-11 ratio=97.47 momentum=97.07; 2026-09-15 ratio=98.03 momentum=98.07; 2026-09-16 ratio=98.10 momentum=97.51,0.0
stock,Value 360 Commu.,VALUE360.NS,Advertising & Media Agencies,"Media, Entertainment & Publication",105.47,0.0,4.99,131.34,35.84,16.97,10.63,38.64,,insufficient_data,0,,,,,{},insufficient_data,insufficient_data,,,,,False,False,,0.0
stock,Crayons Advertis,CRAYONS.NS,Advertising & Media Agencies,"Media, Entertainment & Publication",57.41,0.0,0.68,-94.03,171.88,26.88,15.27,5.55,,not_stage_2,0,22.8,30.44,-6.33,0.00098,"{'price_above_30w_ma': False, '30w_ma_rising': False, 'price_above_10w_ma': False, 'relative_strength_positive': False, 'near_52w_high': False}",lagging,improving,97.95,97.82,-1.52,-2.63,False,False,2026-09-09 ratio=99.46 momentum=100.45; 2026-09-10 ratio=99.45 momentum=101.54; 2026-09-11 ratio=98.52 momentum=97.97; 2026-09-15 ratio=98.08 momentum=97.97; 2026-09-16 ratio=97.95 momentum=97.82,0.0
stock,Hind.Aeronautics,HAL.NS,Aerospace & Defense,Capital Goods,321804.99,0.94,1589.66,14.88,5515.17,14.45,34.52,31.97,,stage_2,4,4788.0,4401.77,1.8,0.20575,"{'price_above_30w_ma': True, '30w_ma_rising': True, 'price_above_10w_ma': False, 'relative_strength_positive': True, 'near_52w_high': True}",leading,leading,100.91,100.3,-0.67,-0.36,False,False,2026-09-10 ratio=101.58 momentum=100.66; 2026-09-11 ratio=101.40 momentum=100.89; 2026-09-15 ratio=100.67 momentum=99.80; 2026-09-16 ratio=100.55 momentum=99.53; 2026-09-17 ratio=100.91 momentum=100.30,134.65
stock,Bharat Electron,BEL.NS,Aerospace & Defense,Capital Goods,287384.59,0.64,1054.53,8.7,5546.98,24.94,46.76,36.44,,not_stage_2,2,395.45,420.12,-1.09,0.01699,"{'price_above_30w_ma': False, '30w_ma_rising': False, 'price_above_10w_ma': False, 'relative_strength_positive': True, 'near_52w_high': True}",leading,leading,100.49,100.24,-0.52,-1.62,False,False,2026-09-10 ratio=101.01 momentum=101.86; 2026-09-11 ratio=101.08 momentum=102.09; 2026-09-15 ratio=99.43 momentum=97.44; 2026-09-16 ratio=99.58 momentum=98.36; 2026-09-17 ratio=100.49 momentum=100.24,63.65
stock,Bharat Dynamics,BDL.NS,Aerospace & Defense,Capital Goods,43935.33,0.41,118.79,547.36,572.24,130.81,84.37,13.86,,not_stage_2,0,1151.9,1295.85,-1.16,0.0495,"{'price_above_30w_ma': False, '30w_ma_rising': False, 'price_above_10w_ma': False, 'relative_strength_positive': False, 'near_52w_high': False}",lagging,lagging,98.29,98.37,-0.35,5.49,False,False,2026-09-10 ratio=98.64 momentum=92.88; 2026-09-11 ratio=98.67 momentum=95.67; 2026-09-15 ratio=97.91 momentum=96.66; 2026-09-16 ratio=97.93 momentum=98.09; 2026-09-17 ratio=98.29 momentum=98.37,0.0
stock,Garden Reach Sh.,GRSE.NS,Aerospace & Defense,Capital Goods,27627.06,0.81,172.84,43.82,1814.62,38.53,34.51,42.82,,not_stage_2,1,2339.8,2591.33,-0.21,0.10055,"{'price_above_30w_ma': False, '30w_ma_rising': False, 'price_above_10w_ma': False, 'relative_strength_positive': False, 'near_52w_high': True}",lagging,lagging,97.51,98.69,-0.88,2.89,False,False,2026-09-10 ratio=98.39 momentum=95.80; 2026-09-11 ratio=98.42 momentum=96.87; 2026-09-15 ratio=97.68 momentum=97.08; 2026-09-16 ratio=96.93 momentum=97.52; 2026-09-17 ratio=97.51 momentum=98.69,20.0
stock,Data Pattern,DATAPATTNS.NS,Aerospace & Defense,Capital Goods,25277.56,0.22,22.06,-13.49,116.03,16.81,93.53,21.92,,stage_2,4,4411.1,4075.87,6.35,0.18956,"{'price_above_30w_ma': True, '30w_ma_rising': True, 'price_above_10w_ma': False, 'relative_strength_positive': True, 'near_52w_high': True}",weakening,leading,100.26,99.76,-1.54,-1.4,False,False,2026-09-10 ratio=101.80 momentum=101.16; 2026-09-11 ratio=101.98 momentum=101.64; 2026-09-15 ratio=100.19 momentum=99.93; 2026-09-16 ratio=99.94 momentum=99.61; 2026-09-17 ratio=100.26 momentum=99.76,119.0
stock,Sigma Advanced System,SIGMAADV.NS,Aerospace & Defense,Capital Goods,16486.28,0.0,35.41,-81.87,374.28,7083.88,99.13,60.82,,stage_2,5,817.05,446.47,22.55,0.03511,"{'price_above_30w_ma': True, '30w_ma_rising': True, 'price_above_10w_ma': True, 'relative_strength_positive': True, 'near_52w_high': True}",weakening,weakening,101.89,98.62,0.35,-0.23,False,False,2026-09-09 ratio=101.54 momentum=98.85; 2026-09-10 ratio=101.86 momentum=98.23; 2026-09-11 ratio=102.19 momentum=99.21; 2026-09-15 ratio=101.79 momentum=97.66; 2026-09-16 ratio=101.89 momentum=98.62,179.55
stock,Aequs,AEQUS.NS,Aerospace & Defense,Capital Goods,15535.96,0.0,-53.23,-1457.91,395.55,54.77,,1.69,,not_stage_2,3,229.33,198.66,6.83,0.00985,"{'price_above_30w_ma': True, '30w_ma_rising': True, 'price_above_10w_ma': False, 'relative_strength_positive': False, 'near_52w_high': True}",lagging,lagging,99.71,98.26,0.2,0.54,False,False,2026-09-10 ratio=99.51 momentum=97.72; 2026-09-11 ratio=99.20 momentum=97.68; 2026-09-15 ratio=99.01 momentum=97.75; 2026-09-16 ratio=98.87 momentum=97.07; 2026-09-17 ratio=99.71 momentum=98.26,73.66
stock,Astra Microwave,ASTRAMICRO.NS,Aerospace & Defense,Capital Goods,15475.4,0.15,12.35,-24.09,176.66,-11.55,81.86,20.28,,not_stage_2,3,1607.8,1405.97,7.76,0.06909,"{'price_above_30w_ma': True, '30w_ma_rising': True, 'price_above_10w_ma': False, 'relative_strength_positive': False, 'near_52w_high': True}",improving,leading,98.8,100.42,-1.25,-0.89,False,False,2026-09-10 ratio=100.05 momentum=101.31; 2026-09-11 ratio=99.89 momentum=100.81; 2026-09-15 ratio=98.66 momentum=99.95; 2026-09-16 ratio=99.10 momentum=100.02; 2026-09-17 ratio=98.80 momentum=100.42,77.62
stock,Zen Technologies,ZENTEC.NS,Aerospace & Defense,Capital Goods,15231.97,0.06,31.85,-23.2,141.64,-10.48,83.83,16.18,,not_stage_2,2,1662.8,1663.61,3.37,0.07145,"{'price_above_30w_ma': False, '30w_ma_rising': True, 'price_above_10w_ma': False, 'relative_strength_positive': False, 'near_52w_high': True}",lagging,weakening,99.31,98.8,-0.95,0.25,False,False,2026-09-09 ratio=100.26 momentum=98.54; 2026-09-10 ratio=100.07 momentum=99.24; 2026-09-11 ratio=99.81 momentum=98.80; 2026-09-15 ratio=99.08 momentum=98.30; 2026-09-16 ratio=99.31 momentum=98.80,46.74
stock,Apollo Micro Sys,APOLLO.NS,Aerospace & Defense,Capital Goods,13777.01,0.07,25.21,45.38,251.29,88.12,113.56,14.47,,not_stage_2,3,370.35,338.97,6.3,0.01591,"{'price_above_30w_ma': True, '30w_ma_rising': True, 'price_above_10w_ma': False, 'relative_strength_positive': False, 'near_52w_high': True}",improving,leading,99.32,100.23,-3.26,-2.46,False,False,2026-09-09 ratio=102.58 momentum=102.70; 2026-09-10 ratio=102.02 momentum=102.06; 2026-09-11 ratio=102.92 momentum=102.48; 2026-09-15 ratio=100.67 momentum=100.94; 2026-09-16 ratio=99.32 momentum=100.23,73.75
stock,Hindalco Inds.,HINDALCO.NS,Aluminium,Metals & Mining,220945.28,0.51,7013.0,116.7,84825.0,32.06,10.61,13.21,,not_stage_2,3,972.7,996.71,0.85,0.0418,"{'price_above_30w_ma': False, '30w_ma_rising': True, 'price_above_10w_ma': False, 'relative_strength_positive': True, 'near_52w_high': True}",weakening,weakening,100.22,98.88,-1.33,-0.89,False,False,2026-09-09 ratio=101.55 momentum=99.77; 2026-09-10 ratio=101.10 momentum=100.58; 2026-09-11 ratio=100.29 momentum=97.14; 2026-09-15 ratio=99.97 momentum=98.17; 2026-09-16 ratio=100.22 momentum=98.88,62.8
stock,Vedanta Aluminium Metal,VAML.NS,Aluminium,Metals & Mining,162807.26,1.92,6597.0,216.06,21393.0,45.99,10.29,,,insufficient_data,0,,,,,{},lagging,weakening,97.56,98.48,-2.63,-1.11,False,False,2026-09-10 ratio=100.18 momentum=99.59; 2026-09-11 ratio=98.71 momentum=97.60; 2026-09-15 ratio=97.67 momentum=98.85; 2026-09-16 ratio=97.96 momentum=99.25; 2026-09-17 ratio=97.56 momentum=98.48,0.0
stock,Natl. Aluminium,NATIONALUM.NS,Aluminium,Metals & Mining,64410.16,3.28,2003.14,90.87,5302.38,39.28,9.54,39.59,,not_stage_2,3,355.7,382.17,0.48,0.01529,"{'price_above_30w_ma': False, '30w_ma_rising': True, 'price_above_10w_ma': False, 'relative_strength_positive': True, 'near_52w_high': True}",lagging,weakening,99.93,98.63,-0.83,0.28,False,False,2026-09-10 ratio=100.76 momentum=98.36; 2026-09-11 ratio=100.17 momentum=94.97; 2026-09-15 ratio=99.83 momentum=96.72; 2026-09-16 ratio=100.01 momentum=98.72; 2026-09-17 ratio=99.93 momentum=98.63,60.96
stock,Arfin India,ARFIN.NS,Aluminium,Metals & Mining,1509.17,0.12,3.53,246.08,207.96,91.23,93.68,13.96,,stage_2,5,87.88,87.26,1.9,0.00378,"{'price_above_30w_ma': True, '30w_ma_rising': True, 'price_above_10w_ma': True, 'relative_strength_positive': True, 'near_52w_high': True}",leading,leading,101.3,100.73,0.25,-0.8,False,False,2026-09-10 ratio=101.05 momentum=101.53; 2026-09-11 ratio=100.51 momentum=101.05; 2026-09-15 ratio=99.80 momentum=99.72; 2026-09-16 ratio=99.70 momentum=100.07; 2026-09-17 ratio=101.30 momentum=100.73,158.95
stock,MMP Industries,MMP.NS,Aluminium,Metals & Mining,1185.92,0.43,13.7,15.32,232.6,26.9,26.6,12.49,,stage_2,5,456.35,291.39,9.03,0.01961,"{'price_above_30w_ma': True, '30w_ma_rising': True, 'price_above_10w_ma': True, 'relative_strength_positive': True, 'near_52w_high': True}",leading,leading,101.84,100.95,-0.51,0.8,False,False,2026-09-09 ratio=102.34 momentum=100.15; 2026-09-10 ratio=101.99 momentum=99.42; 2026-09-11 ratio=102.22 momentum=100.35; 2026-09-15 ratio=101.99 momentum=100.55; 2026-09-16 ratio=101.84 momentum=100.95,177.01
stock,Maan Aluminium,MAANALU.NS,Aluminium,Metals & Mining,632.39,0.0,3.1,13.55,231.86,9.79,47.19,7.74,,not_stage_2,0,102.89,128.44,-3.65,0.00442,"{'price_above_30w_ma': False, '30w_ma_rising': False, 'price_above_10w_ma': False, 'relative_strength_positive': False, 'near_52w_high': False}",lagging,lagging,97.17,97.58,-1.21,-1.45,False,False,2026-09-10 ratio=98.38 momentum=99.03; 2026-09-11 ratio=98.41 momentum=98.12; 2026-09-15 ratio=97.66 momentum=96.51; 2026-09-16 ratio=97.05 momentum=97.19; 2026-09-17 ratio=97.17 momentum=97.58,0.0
stock,Jainik Power,JAINIK.NS,Aluminium,Metals & Mining,285.52,0.0,7.85,64.57,208.91,9.73,20.37,29.88,,insufficient_data,0,,,,,{},insufficient_data,insufficient_data,,,,,False,False,,0.0
stock,Manaksia Alumi.,MANAKALUCO.NS,Aluminium,Metals & Mining,236.26,0.14,2.85,82.69,139.59,3.85,26.7,10.15,,not_stage_2,2,35.0,34.07,1.54,0.0015,"{'price_above_30w_ma': True, '30w_ma_rising': True, 'price_above_10w_ma': False, 'relative_strength_positive': False, 'near_52w_high': False}",lagging,leading,99.45,97.95,-1.79,-2.84,False,False,2026-09-09 ratio=101.24 momentum=100.80; 2026-09-10 ratio=100.66 momentum=99.03; 2026-09-11 ratio=100.30 momentum=97.93; 2026-09-15 ratio=99.80 momentum=98.05; 2026-09-16 ratio=99.45 momentum=97.95,43.08
stock,Hind Aluminium,HINDALUMI.NS,Aluminium,Metals & Mining,59.06,0.0,1.91,-51.03,5.36,405.66,15.92,-2.7,,insufficient_data,0,,,,,{},insufficient_data,insufficient_data,,,,,False,False,,0.0
stock,Prec. Wires (I),PRECWIRE.NS,"Aluminium, Copper & Zinc Products",Capital Goods,8739.7,0.26,46.45,71.47,1779.24,59.49,50.05,32.94,,stage_2,5,449.25,390.91,7.86,0.01931,"{'price_above_30w_ma': True, '30w_ma_rising': True, 'price_above_10w_ma': True, 'relative_strength_positive': True, 'near_52w_high': True}",weakening,leading,100.93,97.24,-0.41,-3.72,False,False,2026-09-10 ratio=101.33 momentum=100.96; 2026-09-11 ratio=101.27 momentum=96.12; 2026-09-15 ratio=100.86 momentum=95.44; 2026-09-16 ratio=100.77 momentum=95.99; 2026-09-17 ratio=100.93 momentum=97.24,145.37
stock,CMR Green Tech.,CMRGREEN.NS,"Aluminium, Copper & Zinc Products",Capital Goods,5067.6,0.0,68.18,16.41,3122.73,64.92,22.93,13.98,,insufficient_data,0,,,,,{},weakening,leading,100.1,99.69,-0.58,-4.02,False,False,2026-09-10 ratio=100.68 momentum=103.71; 2026-09-11 ratio=100.31 momentum=101.74; 2026-09-15 ratio=100.15 momentum=98.89; 2026-09-16 ratio=99.90 momentum=97.84; 2026-09-17 ratio=100.10 momentum=99.69,0.5
stock,Vidya Wires,VIDYAWIRES.NS,"Aluminium, Copper & Zinc Products",Capital Goods,1848.75,0.0,17.14,41.42,549.71,33.5,29.5,20.59,,not_stage_2,3,85.34,82.97,6.88,0.00367,"{'price_above_30w_ma': True, '30w_ma_rising': True, 'price_above_10w_ma': False, 'relative_strength_positive': False, 'near_52w_high': True}",lagging,leading,99.27,99.9,-1.15,-4.99,False,False,2026-09-10 ratio=100.41 momentum=104.89; 2026-09-11 ratio=99.95 momentum=101.67; 2026-09-15 ratio=99.31 momentum=99.45; 2026-09-16 ratio=99.16 momentum=98.51; 2026-09-17 ratio=99.27 momentum=99.90,73.76
stock,Sunlite Recycli.,SUNLITE.NS,"Aluminium, Copper & Zinc Products",Capital Goods,890.34,0.0,25.8,257.84,1642.41,116.13,22.18,46.52,,insufficient_data,0,,,,,{},insufficient_data,insufficient_data,,,,,False,False,,0.0
stock,Baheti Recycling,BAHETI.NS,"Aluminium, Copper & Zinc Products",Capital Goods,810.78,0.0,17.79,61.87,409.72,53.38,30.01,21.55,,not_stage_2,3,744.5,660.43,4.43,0.03199,"{'price_above_30w_ma': True, '30w_ma_rising': True, 'price_above_10w_ma': False, 'relative_strength_positive': False, 'near_52w_high': True}",weakening,weakening,100.04,96.47,-1.53,-1.59,False,False,2026-09-09 ratio=101.57 momentum=98.06; 2026-09-10 ratio=101.50 momentum=97.60; 2026-09-11 ratio=101.35 momentum=97.03; 2026-09-15 ratio=100.77 momentum=95.12; 2026-09-16 ratio=100.04 momentum=96.47,69.06
stock,ANB Metal,AMCL.NS,"Aluminium, Copper & Zinc Products",Capital Goods,454.93,0.0,12.97,199.54,137.39,115.08,21.2,29.63,,insufficient_data,0,,,,,{},insufficient_data,insufficient_data,,,,,False,False,,0.0
stock,Shera Energy,SHERA.NS,"Aluminium, Copper & Zinc Products",Capital Goods,454.57,0.0,12.64,88.26,487.67,26.1,13.29,19.53,,stage_2,5,182.45,152.69,5.87,0.00784,"{'price_above_30w_ma': True, '30w_ma_rising': True, 'price_above_10w_ma': True, 'relative_strength_positive': True, 'near_52w_high': True}",leading,leading,101.51,101.31,-0.48,-1.36,False,False,2026-09-09 ratio=101.98 momentum=102.67; 2026-09-10 ratio=102.37 momentum=103.01; 2026-09-11 ratio=102.63 momentum=101.64; 2026-09-15 ratio=101.69 momentum=101.14; 2026-09-16 ratio=101.51 momentum=101.31,170.84
stock,Euro Panel,EUROBOND.NS,"Aluminium, Copper & Zinc Products",Capital Goods,362.72,0.0,4.96,-13.29,119.62,14.1,13.72,16.72,,not_stage_2,0,149.84,165.11,-2.01,0.00644,"{'price_above_30w_ma': False, '30w_ma_rising': False, 'price_above_10w_ma': False, 'relative_strength_positive': False, 'near_52w_high': False}",improving,improving,99.45,104.31,0.34,3.46,False,True,2026-09-09 ratio=99.11 momentum=100.84; 2026-09-10 ratio=99.07 momentum=101.68; 2026-09-11 ratio=99.27 momentum=102.45; 2026-09-15 ratio=98.98 momentum=101.82; 2026-09-16 ratio=99.45 momentum=104.31,21.55
stock,Century Extrus.,CENTEXT.NS,"Aluminium, Copper & Zinc Products",Capital Goods,211.2,0.0,3.77,59.75,138.36,32.85,16.46,19.29,,not_stage_2,0,19.49,20.13,-0.8,0.00084,"{'price_above_30w_ma': False, '30w_ma_rising': False, 'price_above_10w_ma': False, 'relative_strength_positive': False, 'near_52w_high': False}",lagging,weakening,99.78,97.32,-0.3,-0.82,False,False,2026-09-09 ratio=100.09 momentum=98.14; 2026-09-10 ratio=100.56 momentum=98.47; 2026-09-11 ratio=100.32 momentum=98.52; 2026-09-15 ratio=100.21 momentum=98.26; 2026-09-16 ratio=99.78 momentum=97.32,0.0
stock,M Tek Copper,MCL.NS,"Aluminium, Copper & Zinc Products",Capital Goods,151.84,0.0,1.05,0.96,80.26,73.72,33.59,12.65,,not_stage_2,1,54.96,59.1,-3.43,0.00236,"{'price_above_30w_ma': False, '30w_ma_rising': False, 'price_above_10w_ma': False, 'relative_strength_positive': True, 'near_52w_high': False}",weakening,leading,100.28,99.55,-1.68,-1.27,False,False,2026-09-09 ratio=101.96 momentum=100.82; 2026-09-10 ratio=102.14 momentum=102.14; 2026-09-11 ratio=101.36 momentum=99.91; 2026-09-15 ratio=101.03 momentum=100.33; 2026-09-16 ratio=100.28 momentum=99.55,21.4
stock,Wonderla Holiday,WONDERLA.NS,Amusement Parks/ Other Recreation,Consumer Services,3350.01,0.38,72.8,38.48,242.63,44.22,31.67,6.2,,stage_2,5,517.6,500.7,0.83,0.02224,"{'price_above_30w_ma': True, '30w_ma_rising': True, 'price_above_10w_ma': True, 'relative_strength_positive': True, 'near_52w_high': True}",weakening,weakening,101.52,95.85,-0.1,-3.11,False,False,2026-09-09 ratio=101.62 momentum=98.96; 2026-09-10 ratio=101.58 momentum=95.41; 2026-09-11 ratio=101.65 momentum=96.77; 2026-09-15 ratio=101.55 momentum=96.13; 2026-09-16 ratio=101.52 momentum=95.85,134.26
stock,Imagica. Enter.,IMAGICAA.NS,Amusement Parks/ Other Recreation,Consumer Services,2994.15,0.0,57.57,26.19,177.6,19.92,235.02,1.81,,stage_2,5,51.18,46.33,1.72,0.0022,"{'price_above_30w_ma': True, '30w_ma_rising': True, 'price_above_10w_ma': True, 'relative_strength_positive': True, 'near_52w_high': True}",weakening,weakening,100.79,97.22,-0.57,3.87,False,False,2026-09-10 ratio=101.37 momentum=93.35; 2026-09-11 ratio=101.14 momentum=94.12; 2026-09-15 ratio=100.77 momentum=95.37; 2026-09-16 ratio=101.33 momentum=97.84; 2026-09-17 ratio=100.79 momentum=97.22,132.39
stock,Delta Corp,DELTACORP.NS,Amusement Parks/ Other Recreation,Consumer Services,1563.01,0.86,-212.57,219.62,168.55,-8.48,10.14,5.08,,not_stage_2,0,56.15,62.91,-1.99,0.00241,"{'price_above_30w_ma': False, '30w_ma_rising': False, 'price_above_10w_ma': False, 'relative_strength_positive': False, 'near_52w_high': False}",improving,lagging,99.11,103.1,1.1,6.44,False,True,2026-09-10 ratio=98.01 momentum=96.66; 2026-09-11 ratio=98.10 momentum=97.75; 2026-09-15 ratio=98.29 momentum=100.61; 2026-09-16 ratio=98.77 momentum=103.51; 2026-09-17 ratio=99.11 momentum=103.10,15.5
stock,Nicco Parks,NICCOPAR.NS,Amusement Parks/ Other Recreation,Consumer Services,380.87,1.55,5.47,68.83,19.05,-27.54,64.45,13.52,,insufficient_data,0,,,,,{},insufficient_data,insufficient_data,,,,,False,False,,0.0
stock,Godrej Agrovet,GODREJAGRO.NS,Animal Feed,Fast Moving Consumer Goods,12734.81,1.66,128.31,-16.21,2855.22,9.22,27.14,19.16,,stage_2,5,647.35,586.8,1.17,0.02782,"{'price_above_30w_ma': True, '30w_ma_rising': True, 'price_above_10w_ma': True, 'relative_strength_positive': True, 'near_52w_high': True}",weakening,weakening,101.63,96.46,-1.07,-1.92,False,False,2026-09-09 ratio=102.70 momentum=98.39; 2026-09-10 ratio=102.41 momentum=99.37; 2026-09-11 ratio=102.34 momentum=100.33; 2026-09-15 ratio=101.73 momentum=98.83; 2026-09-16 ratio=101.63 momentum=96.46,135.49
stock,Avanti Feeds,AVANTIFEED.NS,Animal Feed,Fast Moving Consumer Goods,10548.8,1.29,116.3,-42.0,1899.86,18.32,19.61,24.38,,not_stage_2,0,770.35,1098.76,-4.08,0.0331,"{'price_above_30w_ma': False, '30w_ma_rising': False, 'price_above_10w_ma': False, 'relative_strength_positive': False, 'near_52w_high': False}",improving,improving,98.69,100.04,-0.27,-1.77,False,False,2026-09-09 ratio=98.96 momentum=101.81; 2026-09-10 ratio=99.10 momentum=101.38; 2026-09-11 ratio=98.93 momentum=101.67; 2026-09-15 ratio=98.71 momentum=100.78; 2026-09-16 ratio=98.69 momentum=100.04,0.2
stock,Mukka Proteins,MUKKA.NS,Animal Feed,Fast Moving Consumer Goods,810.77,0.0,18.64,1142.76,489.65,186.73,11.73,11.61,,stage_2,5,29.53,24.01,3.11,0.00127,"{'price_above_30w_ma': True, '30w_ma_rising': True, 'price_above_10w_ma': True, 'relative_strength_positive': True, 'near_52w_high': True}",weakening,leading,101.63,99.53,-0.69,-1.47,False,False,2026-09-09 ratio=102.32 momentum=101.00; 2026-09-10 ratio=102.37 momentum=101.37; 2026-09-11 ratio=102.73 momentum=102.29; 2026-09-15 ratio=102.38 momentum=102.96; 2026-09-16 ratio=101.63 momentum=99.53,139.37
stock,KSE,KSE.NS,Animal Feed,Fast Moving Consumer Goods,573.31,7.01,0.94,-98.44,453.67,9.06,12.44,33.55,,insufficient_data,0,,,,,{},insufficient_data,insufficient_data,,,,,False,False,,0.0
stock,Narmada Agrobase,NARMADA.NS,Animal Feed,Fast Moving Consumer Goods,104.7,0.0,0.75,-26.47,22.26,100.9,29.16,8.95,,not_stage_2,0,13.77,16.81,-1.48,0.00059,"{'price_above_30w_ma': False, '30w_ma_rising': False, 'price_above_10w_ma': False, 'relative_strength_positive': False, 'near_52w_high': False}",improving,improving,99.31,101.66,-0.27,-1.18,False,False,2026-09-09 ratio=99.58 momentum=102.84; 2026-09-10 ratio=99.30 momentum=101.91; 2026-09-11 ratio=99.54 momentum=102.35; 2026-09-15 ratio=99.36 momentum=101.89; 2026-09-16 ratio=99.31 momentum=101.66,8.3
stock,Ajooni Biotech,AJOONI.NS,Animal Feed,Fast Moving Consumer Goods,56.49,0.0,0.43,-44.87,63.49,103.04,14.27,6.11,,not_stage_2,0,3.3,3.99,-3.44,0.00014,"{'price_above_30w_ma': False, '30w_ma_rising': False, 'price_above_10w_ma': False, 'relative_strength_positive': False, 'near_52w_high': False}",lagging,lagging,97.89,97.08,-0.7,-0.53,False,False,2026-09-09 ratio=98.59 momentum=97.61; 2026-09-10 ratio=98.60 momentum=98.35; 2026-09-11 ratio=98.54 momentum=98.02; 2026-09-15 ratio=98.61 momentum=97.34; 2026-09-16 ratio=97.89 momentum=97.08,0.0
stock,ICICI AMC,ICICIAMC.NS,Asset Management Company,Financial Services,158534.82,0.85,964.63,23.1,1564.22,17.55,45.48,115.1,,not_stage_2,3,3098.0,3162.45,0.2,0.13313,"{'price_above_30w_ma': False, '30w_ma_rising': True, 'price_above_10w_ma': False, 'relative_strength_positive': True, 'near_52w_high': True}",leading,improving,101.25,102.85,1.26,1.39,True,False,2026-09-10 ratio=99.99 momentum=101.46; 2026-09-11 ratio=100.28 momentum=101.18; 2026-09-15 ratio=101.12 momentum=102.54; 2026-09-16 ratio=101.21 momentum=102.45; 2026-09-17 ratio=101.25 momentum=102.85,110.9
stock,SBI Funds Mgt.,SBIFUNDS.NS,Asset Management Company,Financial Services,114496.06,0.0,880.26,3.7,1152.73,15.16,36.95,56.5,,insufficient_data,0,,,,,{},insufficient_data,insufficient_data,,,,,False,False,,0.0
stock,HDFC AMC,HDFCAMC.NS,Asset Management Company,Financial Services,104126.1,2.23,838.36,12.09,1098.5,13.51,35.3,42.88,,not_stage_2,1,2373.1,2585.35,-1.22,0.10198,"{'price_above_30w_ma': False, '30w_ma_rising': False, 'price_above_10w_ma': False, 'relative_strength_positive': False, 'near_52w_high': True}",lagging,lagging,98.78,97.43,-0.44,0.35,False,False,2026-09-09 ratio=99.21 momentum=97.07; 2026-09-10 ratio=99.12 momentum=98.74; 2026-09-11 ratio=98.89 momentum=98.51; 2026-09-15 ratio=99.34 momentum=96.62; 2026-09-16 ratio=98.78 momentum=97.43,20.0
stock,Nippon Life Ind.,NAM-INDIA.NS,Asset Management Company,Financial Services,73980.29,1.86,503.7,27.16,766.87,26.42,45.19,43.8,,not_stage_2,3,1119.0,1071.24,3.2,0.04809,"{'price_above_30w_ma': True, '30w_ma_rising': True, 'price_above_10w_ma': False, 'relative_strength_positive': False, 'near_52w_high': True}",lagging,leading,99.25,98.94,-1.95,-1.66,False,False,2026-09-10 ratio=101.21 momentum=100.59; 2026-09-11 ratio=101.48 momentum=101.71; 2026-09-15 ratio=100.68 momentum=101.48; 2026-09-16 ratio=99.50 momentum=99.13; 2026-09-17 ratio=99.25 momentum=98.94,66.4
stock,Aditya AMC,ABSLAMC.NS,Asset Management Company,Financial Services,30668.1,2.4,309.49,11.68,462.96,3.48,30.38,32.23,,stage_2,5,1090.1,1039.14,3.15,0.04684,"{'price_above_30w_ma': True, '30w_ma_rising': True, 'price_above_10w_ma': True, 'relative_strength_positive': True, 'near_52w_high': True}",leading,leading,101.46,103.34,0.33,0.34,False,False,2026-09-10 ratio=101.13 momentum=103.00; 2026-09-11 ratio=101.59 momentum=102.99; 2026-09-15 ratio=100.59 momentum=101.25; 2026-09-16 ratio=100.91 momentum=102.32; 2026-09-17 ratio=101.46 momentum=103.34,175.3
stock,UTI AMC,UTIAMC.NS,Asset Management Company,Financial Services,11513.88,4.47,293.86,24.07,583.51,6.7,21.56,15.57,,not_stage_2,1,895.2,938.53,-2.08,0.03847,"{'price_above_30w_ma': False, '30w_ma_rising': False, 'price_above_10w_ma': False, 'relative_strength_positive': True, 'near_52w_high': False}",leading,leading,100.48,102.23,0.15,-0.17,False,False,2026-09-09 ratio=100.33 momentum=102.40; 2026-09-10 ratio=100.84 momentum=102.62; 2026-09-11 ratio=100.64 momentum=102.32; 2026-09-15 ratio=101.02 momentum=103.21; 2026-09-16 ratio=100.48 momentum=102.23,53.55
stock,Canara Robeco,CRAMC.NS,Asset Management Company,Financial Services,4668.36,1.71,75.6,23.98,145.37,20.07,21.37,40.11,,not_stage_2,0,234.35,250.6,-0.49,0.01007,"{'price_above_30w_ma': False, '30w_ma_rising': False, 'price_above_10w_ma': False, 'relative_strength_positive': False, 'near_52w_high': False}",lagging,lagging,98.0,97.69,-0.22,0.27,False,False,2026-09-10 ratio=98.21 momentum=97.43; 2026-09-11 ratio=98.24 momentum=97.31; 2026-09-15 ratio=97.69 momentum=96.28; 2026-09-16 ratio=97.11 momentum=96.64; 2026-09-17 ratio=98.00 momentum=97.69,0.0
stock,Gaja Alternative Asset,GAJA.NS,Asset Management Company,Financial Services,2009.81,0.53,27.21,35.66,15.64,-49.15,23.29,17.02,,insufficient_data,0,,,,,{},insufficient_data,insufficient_data,,,,,False,False,,0.0
stock,IL&FS Inv.Manag.,IVC.NS,Asset Management Company,Financial Services,249.04,15.19,1.21,23.86,8.17,40.86,61.19,4.11,,not_stage_2,2,7.76,7.93,2.17,0.00033,"{'price_above_30w_ma': False, '30w_ma_rising': True, 'price_above_10w_ma': False, 'relative_strength_positive': False, 'near_52w_high': True}",lagging,leading,99.31,97.13,-3.32,-5.99,False,False,2026-09-09 ratio=102.63 momentum=103.13; 2026-09-10 ratio=102.02 momentum=100.96; 2026-09-11 ratio=101.18 momentum=99.77; 2026-09-15 ratio=99.59 momentum=96.99; 2026-09-16 ratio=99.31 momentum=97.13,44.34
stock,Samvardh. Mothe.,MOTHERSON.NS,Auto Components & Equipments,Automobile and Auto Components,171445.88,0.37,1075.66,81.52,35243.77,16.65,37.52,13.43,,stage_2,5,161.87,140.29,3.98,0.00696,"{'price_above_30w_ma': True, '30w_ma_rising': True, 'price_above_10w_ma': True, 'relative_strength_positive': True, 'near_52w_high': True}",weakening,weakening,100.93,99.58,-0.13,0.82,False,False,2026-09-10 ratio=101.06 momentum=98.75; 2026-09-11 ratio=101.19 momentum=99.82; 2026-09-15 ratio=100.74 momentum=94.38; 2026-09-16 ratio=100.65 momentum=97.19; 2026-09-17 ratio=100.93 momentum=99.58,137.61
stock,Bosch,BOSCHLTD.NS,Auto Components & Equipments,Automobile and Auto Components,138327.11,0.57,706.1,5.2,5841.9,22.0,58.53,21.54,,stage_2,5,47555.0,39405.67,4.2,2.04357,"{'price_above_30w_ma': True, '30w_ma_rising': True, 'price_above_10w_ma': True, 'relative_strength_positive': True, 'near_52w_high': True}",weakening,weakening,101.23,98.14,-0.59,-0.92,False,False,2026-09-09 ratio=101.82 momentum=99.06; 2026-09-10 ratio=101.61 momentum=98.60; 2026-09-11 ratio=101.47 momentum=98.80; 2026-09-15 ratio=101.20 momentum=95.80; 2026-09-16 ratio=101.23 momentum=98.14,139.55
stock,Bharat Forge,BHARATFORG.NS,Auto Components & Equipments,Automobile and Auto Components,93791.11,0.43,-89.89,-57.72,4639.94,18.71,92.88,12.61,,not_stage_2,2,1885.0,1960.6,2.27,0.081,"{'price_above_30w_ma': False, '30w_ma_rising': True, 'price_above_10w_ma': False, 'relative_strength_positive': False, 'near_52w_high': True}",lagging,improving,98.14,98.2,-0.85,-3.74,False,False,2026-09-09 ratio=98.99 momentum=101.94; 2026-09-10 ratio=98.60 momentum=99.56; 2026-09-11 ratio=98.61 momentum=100.23; 2026-09-15 ratio=98.04 momentum=96.01; 2026-09-16 ratio=98.14 momentum=98.20,44.54
stock,Uno Minda,UNOMINDA.NS,Auto Components & Equipments,Automobile and Auto Components,74023.93,0.21,315.51,1.76,5556.85,23.79,60.56,19.65,,stage_2,4,1205.0,1140.96,0.45,0.05178,"{'price_above_30w_ma': True, '30w_ma_rising': True, 'price_above_10w_ma': False, 'relative_strength_positive': True, 'near_52w_high': True}",weakening,weakening,100.64,99.26,-0.26,2.62,False,False,2026-09-10 ratio=100.90 momentum=96.63; 2026-09-11 ratio=100.51 momentum=96.58; 2026-09-15 ratio=99.94 momentum=96.18; 2026-09-16 ratio=100.33 momentum=97.20; 2026-09-17 ratio=100.64 momentum=99.26,109.1
stock,Schaeffler India,SCHAEFFLER.NS,Auto Components & Equipments,Automobile and Auto Components,65912.72,0.83,336.73,13.67,2681.41,17.5,51.05,27.9,,not_stage_2,3,3898.9,4078.05,0.61,0.16755,"{'price_above_30w_ma': False, '30w_ma_rising': True, 'price_above_10w_ma': False, 'relative_strength_positive': True, 'near_52w_high': True}",improving,improving,99.84,101.5,0.05,-1.27,False,False,2026-09-09 ratio=99.79 momentum=102.77; 2026-09-10 ratio=99.79 momentum=100.73; 2026-09-11 ratio=100.16 momentum=102.17; 2026-09-15 ratio=100.36 momentum=102.27; 2026-09-16 ratio=99.84 momentum=101.50,68.72
stock,Sona BLW Precis.,SONACOMS.NS,Auto Components & Equipments,Automobile and Auto Components,50316.38,0.42,220.11,73.37,1157.24,50.82,64.72,15.11,,stage_2,4,777.9,641.6,6.06,0.03343,"{'price_above_30w_ma': True, '30w_ma_rising': True, 'price_above_10w_ma': False, 'relative_strength_positive': True, 'near_52w_high': True}",weakening,weakening,100.71,99.59,-0.47,0.9,False,False,2026-09-10 ratio=101.17 momentum=98.70; 2026-09-11 ratio=100.91 momentum=97.87; 2026-09-15 ratio=101.09 momentum=99.09; 2026-09-16 ratio=100.57 momentum=96.99; 2026-09-17 ratio=100.71 momentum=99.59,120.67
stock,Tube Investments,TIINDIA.NS,Auto Components & Equipments,Automobile and Auto Components,50064.87,0.13,293.96,-15.25,6215.33,17.07,79.88,17.14,,not_stage_2,2,2598.8,2839.91,1.2,0.11168,"{'price_above_30w_ma': False, '30w_ma_rising': True, 'price_above_10w_ma': False, 'relative_strength_positive': False, 'near_52w_high': True}",lagging,lagging,98.85,99.6,-0.08,2.87,False,False,2026-09-10 ratio=98.93 momentum=96.73; 2026-09-11 ratio=98.58 momentum=95.81; 2026-09-15 ratio=98.11 momentum=96.41; 2026-09-16 ratio=98.51 momentum=97.86; 2026-09-17 ratio=98.85 momentum=99.60,42.4
stock,Endurance Tech.,ENDURANCE.NS,Auto Components & Equipments,Automobile and Auto Components,38452.67,0.42,244.52,8.03,4314.89,30.01,39.05,17.8,,not_stage_2,3,2628.4,2599.85,1.58,0.11295,"{'price_above_30w_ma': True, '30w_ma_rising': True, 'price_above_10w_ma': False, 'relative_strength_positive': False, 'near_52w_high': True}",lagging,weakening,99.12,96.24,-1.1,-1.06,False,False,2026-09-09 ratio=100.22 momentum=97.30; 2026-09-10 ratio=99.79 momentum=96.19; 2026-09-11 ratio=99.62 momentum=95.20; 2026-09-15 ratio=99.13 momentum=95.36; 2026-09-16 ratio=99.12 momentum=96.24,63.16
stock,Exide Inds.,EXIDEIND.NS,Auto Components & Equipments,Automobile and Auto Components,37091.55,0.46,351.3,28.38,5528.38,17.75,39.53,8.54,,not_stage_2,3,418.6,383.4,3.35,0.01799,"{'price_above_30w_ma': True, '30w_ma_rising': True, 'price_above_10w_ma': False, 'relative_strength_positive': False, 'near_52w_high': True}",lagging,lagging,99.47,99.2,-0.02,0.95,False,False,2026-09-10 ratio=99.49 momentum=98.25; 2026-09-11 ratio=99.11 momentum=96.45; 2026-09-15 ratio=99.15 momentum=96.31; 2026-09-16 ratio=99.36 momentum=96.87; 2026-09-17 ratio=99.47 momentum=99.20,66.7
stock,Dhoot Transmission,DHOOTTRANS.NS,Auto Components & Equipments,Automobile and Auto Components,32623.16,0.0,132.68,36.89,1446.42,49.68,72.83,24.36,,insufficient_data,0,,,,,{},insufficient_data,insufficient_data,,,,,False,False,,0.0
stock,United Spirits,UNITDSPR.NS,Breweries & Distilleries,Fast Moving Consumer Goods,99867.09,1.24,463.0,-20.54,2708.0,-10.36,53.89,26.39,,not_stage_2,3,1390.0,1367.86,0.6,0.05973,"{'price_above_30w_ma': True, '30w_ma_rising': True, 'price_above_10w_ma': False, 'relative_strength_positive': False, 'near_52w_high': True}",lagging,lagging,99.41,97.89,-0.02,1.75,False,False,2026-09-10 ratio=99.43 momentum=96.14; 2026-09-11 ratio=99.39 momentum=96.79; 2026-09-15 ratio=99.23 momentum=97.13; 2026-09-16 ratio=99.47 momentum=98.29; 2026-09-17 ratio=99.41 momentum=97.89,61.2
stock,Radico Khaitan,RADICO.NS,Breweries & Distilleries,Fast Moving Consumer Goods,60573.45,0.2,229.6,69.15,1683.69,11.8,85.23,24.15,,stage_2,4,4380.0,3651.66,6.61,0.18822,"{'price_above_30w_ma': True, '30w_ma_rising': True, 'price_above_10w_ma': False, 'relative_strength_positive': True, 'near_52w_high': True}",weakening,weakening,100.61,98.74,-0.31,1.24,False,False,2026-09-10 ratio=100.92 momentum=97.50; 2026-09-11 ratio=100.55 momentum=95.63; 2026-09-15 ratio=100.73 momentum=99.36; 2026-09-16 ratio=101.11 momentum=101.90; 2026-09-17 ratio=100.61 momentum=98.74,121.27
stock,United Breweries,UBL.NS,Breweries & Distilleries,Fast Moving Consumer Goods,33117.52,0.8,166.28,-9.54,3066.86,7.07,95.82,10.68,,not_stage_2,0,1227.3,1410.91,-2.6,0.05274,"{'price_above_30w_ma': False, '30w_ma_rising': False, 'price_above_10w_ma': False, 'relative_strength_positive': False, 'near_52w_high': False}",lagging,lagging,98.25,99.05,-0.42,0.96,False,False,2026-09-09 ratio=98.67 momentum=98.10; 2026-09-10 ratio=98.42 momentum=96.42; 2026-09-11 ratio=98.56 momentum=98.38; 2026-09-15 ratio=98.63 momentum=100.99; 2026-09-16 ratio=98.25 momentum=99.05,0.0
stock,Allied Blenders,ABDL.NS,Breweries & Distilleries,Fast Moving Consumer Goods,18122.35,0.83,45.42,-12.98,978.94,6.08,81.24,18.38,,stage_2,5,653.1,565.82,2.88,0.02807,"{'price_above_30w_ma': True, '30w_ma_rising': True, 'price_above_10w_ma': True, 'relative_strength_positive': True, 'near_52w_high': True}",leading,leading,102.84,102.7,2.51,-0.74,False,False,2026-09-10 ratio=100.34 momentum=103.43; 2026-09-11 ratio=101.40 momentum=103.56; 2026-09-15 ratio=101.89 momentum=102.56; 2026-09-16 ratio=102.59 momentum=102.57; 2026-09-17 ratio=102.84 momentum=102.70,178.46
stock,Tilaknagar Inds.,TI.NS,Breweries & Distilleries,Fast Moving Consumer Goods,14090.18,0.18,31.59,-30.28,1046.03,155.67,62.34,11.78,,stage_2,5,543.85,467.07,2.8,0.02337,"{'price_above_30w_ma': True, '30w_ma_rising': True, 'price_above_10w_ma': True, 'relative_strength_positive': True, 'near_52w_high': True}",weakening,weakening,101.04,98.64,0.13,1.15,False,False,2026-09-10 ratio=100.91 momentum=97.49; 2026-09-11 ratio=100.64 momentum=95.69; 2026-09-15 ratio=100.52 momentum=95.54; 2026-09-16 ratio=100.76 momentum=98.16; 2026-09-17 ratio=101.04 momentum=98.64,135.8
stock,Piccadily Agro,PICCADIL.NS,Breweries & Distilleries,Fast Moving Consumer Goods,5811.78,0.17,21.44,16.33,251.18,17.42,41.36,18.01,,not_stage_2,2,600.55,612.96,0.71,0.02581,"{'price_above_30w_ma': False, '30w_ma_rising': True, 'price_above_10w_ma': False, 'relative_strength_positive': False, 'near_52w_high': True}",lagging,lagging,98.68,98.22,0.26,1.74,False,False,2026-09-10 ratio=98.42 momentum=96.49; 2026-09-11 ratio=98.52 momentum=96.55; 2026-09-15 ratio=98.38 momentum=96.70; 2026-09-16 ratio=98.52 momentum=96.78; 2026-09-17 ratio=98.68 momentum=98.22,41.42
stock,Globus Spirits,GLOBUSSPR.NS,Breweries & Distilleries,Fast Moving Consumer Goods,2578.58,0.8,26.48,49.05,788.78,12.71,25.65,11.25,,not_stage_2,0,830.75,902.4,-1.06,0.0357,"{'price_above_30w_ma': False, '30w_ma_rising': False, 'price_above_10w_ma': False, 'relative_strength_positive': False, 'near_52w_high': False}",lagging,lagging,98.78,97.9,0.22,0.32,False,False,2026-09-10 ratio=98.56 momentum=97.58; 2026-09-11 ratio=98.80 momentum=98.03; 2026-09-15 ratio=98.52 momentum=97.69; 2026-09-16 ratio=99.11 momentum=98.29; 2026-09-17 ratio=98.78 momentum=97.90,0.0
stock,G M Breweries,GMBREW.NS,Breweries & Distilleries,Fast Moving Consumer Goods,2176.93,0.94,37.74,45.94,199.58,22.55,12.9,17.96,,not_stage_2,2,937.05,940.93,-1.34,0.04027,"{'price_above_30w_ma': False, '30w_ma_rising': False, 'price_above_10w_ma': True, 'relative_strength_positive': True, 'near_52w_high': False}",leading,leading,102.49,105.46,1.45,3.67,False,False,2026-09-10 ratio=101.03 momentum=101.78; 2026-09-11 ratio=101.15 momentum=102.11; 2026-09-15 ratio=101.44 momentum=103.08; 2026-09-16 ratio=101.62 momentum=104.27; 2026-09-17 ratio=102.49 momentum=105.46,99.75
stock,India Glycols,INDIAGLYCO.NS,Breweries & Distilleries,Fast Moving Consumer Goods,1765.02,2.84,96.83,32.19,1130.39,8.64,5.57,12.4,,not_stage_2,0,266.2,939.77,-5.58,0.01144,"{'price_above_30w_ma': False, '30w_ma_rising': False, 'price_above_10w_ma': False, 'relative_strength_positive': False, 'near_52w_high': False}",lagging,lagging,98.0,98.3,0.53,-0.16,False,False,2026-09-09 ratio=97.46 momentum=98.47; 2026-09-10 ratio=97.69 momentum=98.28; 2026-09-11 ratio=97.80 momentum=98.29; 2026-09-15 ratio=97.91 momentum=98.25; 2026-09-16 ratio=98.00 momentum=98.30,0.0
stock,Som Distilleries,SDBL.NS,Breweries & Distilleries,Fast Moving Consumer Goods,1413.1,0.0,1.56,-98.91,268.63,-49.16,,5.68,,not_stage_2,0,67.29,76.42,-2.34,0.00289,"{'price_above_30w_ma': False, '30w_ma_rising': False, 'price_above_10w_ma': False, 'relative_strength_positive': False, 'near_52w_high': False}",lagging,leading,99.35,98.75,-1.5,-2.67,False,False,2026-09-09 ratio=100.85 momentum=101.42; 2026-09-10 ratio=100.48 momentum=100.65; 2026-09-11 ratio=100.26 momentum=98.68; 2026-09-15 ratio=99.82 momentum=98.28; 2026-09-16 ratio=99.35 momentum=98.75,0.0
stock,Firstsour.Solu.,FSL.NS,Business Process Outsourcing (BPO)/ Knowledge Process Outsourcing (KPO),Services,19337.22,2.01,165.92,30.01,2724.87,22.87,24.23,16.8,,not_stage_2,4,273.1,247.83,-0.71,0.01174,"{'price_above_30w_ma': True, '30w_ma_rising': False, 'price_above_10w_ma': True, 'relative_strength_positive': True, 'near_52w_high': True}",leading,lagging,100.6,100.47,1.24,3.61,True,False,2026-09-10 ratio=99.36 momentum=96.86; 2026-09-11 ratio=99.16 momentum=96.93; 2026-09-15 ratio=101.37 momentum=102.42; 2026-09-16 ratio=100.94 momentum=101.41; 2026-09-17 ratio=100.60 momentum=100.47,115.35
stock,eClerx Services,ECLERX.NS,Business Process Outsourcing (BPO)/ Knowledge Process Outsourcing (KPO),Services,18001.84,0.05,164.24,15.99,1152.36,23.31,24.7,34.42,,not_stage_2,4,1923.0,1629.28,-0.7,0.08264,"{'price_above_30w_ma': True, '30w_ma_rising': False, 'price_above_10w_ma': True, 'relative_strength_positive': True, 'near_52w_high': True}",weakening,weakening,101.19,99.29,0.31,0.63,False,False,2026-09-10 ratio=100.88 momentum=98.66; 2026-09-11 ratio=100.91 momentum=98.85; 2026-09-15 ratio=101.04 momentum=98.98; 2026-09-16 ratio=101.55 momentum=101.49; 2026-09-17 ratio=101.19 momentum=99.29,85.95
stock,RPSG Ventures,RPSGVENT.NS,Business Process Outsourcing (BPO)/ Knowledge Process Outsourcing (KPO),Services,2786.15,0.0,253.09,34.95,3576.44,20.36,,10.61,,not_stage_2,2,823.7,861.39,1.98,0.0354,"{'price_above_30w_ma': False, '30w_ma_rising': True, 'price_above_10w_ma': False, 'relative_strength_positive': False, 'near_52w_high': True}",improving,leading,98.99,100.89,-1.17,-1.08,False,False,2026-09-09 ratio=100.17 momentum=101.97; 2026-09-10 ratio=99.28 momentum=100.44; 2026-09-11 ratio=99.03 momentum=100.44; 2026-09-15 ratio=99.30 momentum=101.17; 2026-09-16 ratio=98.99 momentum=100.89,48.41
stock,Hinduja Global,HGS.NS,Business Process Outsourcing (BPO)/ Knowledge Process Outsourcing (KPO),Services,1752.5,1.32,-66.26,-45.26,1050.36,-0.56,,1.46,,not_stage_2,0,386.05,403.1,-0.48,0.01659,"{'price_above_30w_ma': False, '30w_ma_rising': False, 'price_above_10w_ma': False, 'relative_strength_positive': False, 'near_52w_high': False}",improving,improving,99.26,103.85,0.49,3.04,False,True,2026-09-09 ratio=98.77 momentum=100.81; 2026-09-10 ratio=98.70 momentum=99.29; 2026-09-11 ratio=98.67 momentum=99.46; 2026-09-15 ratio=99.04 momentum=101.01; 2026-09-16 ratio=99.26 momentum=103.85,19.25
stock,One Point One,ONEPOINT.NS,Business Process Outsourcing (BPO)/ Knowledge Process Outsourcing (KPO),Services,1568.16,0.0,16.31,72.78,158.32,129.42,34.05,10.88,,stage_2,4,56.28,54.77,1.77,0.00242,"{'price_above_30w_ma': True, '30w_ma_rising': True, 'price_above_10w_ma': False, 'relative_strength_positive': True, 'near_52w_high': True}",leading,leading,101.35,102.29,-0.97,-0.38,False,False,2026-09-09 ratio=102.32 momentum=102.67; 2026-09-10 ratio=101.99 momentum=102.02; 2026-09-11 ratio=101.25 momentum=101.84; 2026-09-15 ratio=101.83 momentum=102.44; 2026-09-16 ratio=101.35 momentum=102.29,146.74
stock,Alldigi Tech,ALLDIGI.NS,Business Process Outsourcing (BPO)/ Knowledge Process Outsourcing (KPO),Services,1182.04,7.73,18.12,21.69,150.28,4.43,12.82,27.89,,not_stage_2,2,792.5,806.56,-1.07,0.03406,"{'price_above_30w_ma': False, '30w_ma_rising': False, 'price_above_10w_ma': False, 'relative_strength_positive': True, 'near_52w_high': True}",leading,leading,100.32,101.46,-0.21,-0.24,False,False,2026-09-09 ratio=100.52 momentum=101.70; 2026-09-10 ratio=100.44 momentum=103.79; 2026-09-11 ratio=100.29 momentum=101.34; 2026-09-15 ratio=100.86 momentum=102.13; 2026-09-16 ratio=100.32 momentum=101.46,68.9
stock,Kandarp Digi,KANDARP.NS,Business Process Outsourcing (BPO)/ Knowledge Process Outsourcing (KPO),Services,63.75,0.0,1.13,-15.67,16.35,4.01,34.46,11.22,,not_stage_2,0,70.95,121.32,-6.74,0.00305,"{'price_above_30w_ma': False, '30w_ma_rising': False, 'price_above_10w_ma': False, 'relative_strength_positive': False, 'near_52w_high': False}",lagging,lagging,97.18,99.49,0.75,2.77,False,False,2026-09-09 ratio=96.43 momentum=96.72; 2026-09-10 ratio=95.78 momentum=97.61; 2026-09-11 ratio=96.58 momentum=98.49; 2026-09-15 ratio=96.69 momentum=98.55; 2026-09-16 ratio=97.18 momentum=99.49,0.0
stock,We Win Ltd,WEWIN.NS,Business Process Outsourcing (BPO)/ Knowledge Process Outsourcing (KPO),Services,46.44,0.0,0.91,-15.74,30.77,51.65,10.34,10.9,,not_stage_2,1,41.87,48.93,0.0,0.0018,"{'price_above_30w_ma': False, '30w_ma_rising': True, 'price_above_10w_ma': False, 'relative_strength_positive': False, 'near_52w_high': False}",improving,lagging,98.84,100.67,0.31,1.5,False,True,2026-09-09 ratio=98.52 momentum=99.17; 2026-09-10 ratio=99.12 momentum=99.01; 2026-09-11 ratio=98.90 momentum=97.43; 2026-09-15 ratio=98.18 momentum=98.86; 2026-09-16 ratio=98.84 momentum=100.67,23.35
stock,Cadsys (India),CADSYS.NS,Business Process Outsourcing (BPO)/ Knowledge Process Outsourcing (KPO),Services,46.06,0.0,-8.6,110.64,47.31,16.3,,-14.11,,not_stage_2,0,46.05,57.62,-0.6,0.00198,"{'price_above_30w_ma': False, '30w_ma_rising': False, 'price_above_10w_ma': False, 'relative_strength_positive': False, 'near_52w_high': False}",improving,improving,99.07,104.06,0.19,2.99,False,True,2026-09-09 ratio=98.88 momentum=101.07; 2026-09-10 ratio=98.91 momentum=100.67; 2026-09-11 ratio=98.66 momentum=100.86; 2026-09-15 ratio=98.78 momentum=102.90; 2026-09-16 ratio=99.07 momentum=104.06,20.3
stock,HRH Next,HRHNEXT.NS,Business Process Outsourcing (BPO)/ Knowledge Process Outsourcing (KPO),Services,35.06,0.0,2.78,152.73,35.92,24.68,7.21,15.84,,not_stage_2,0,24.4,26.84,-1.63,0.00105,"{'price_above_30w_ma': False, '30w_ma_rising': False, 'price_above_10w_ma': False, 'relative_strength_positive': False, 'near_52w_high': False}",improving,weakening,99.25,102.96,-1.05,3.9,False,False,2026-09-09 ratio=100.30 momentum=99.06; 2026-09-10 ratio=99.29 momentum=98.26; 2026-09-11 ratio=98.50 momentum=98.81; 2026-09-15 ratio=99.30 momentum=101.15; 2026-09-16 ratio=99.25 momentum=102.96,14.8
stock,Polycab India,POLYCAB.NS,Cables - Electricals,Capital Goods,126327.0,0.56,796.66,32.46,8209.73,39.01,44.1,33.21,,not_stage_2,2,8208.5,8675.53,1.46,0.35274,"{'price_above_30w_ma': False, '30w_ma_rising': True, 'price_above_10w_ma': False, 'relative_strength_positive': False, 'near_52w_high': True}",lagging,lagging,98.3,98.61,0.09,-0.03,False,False,2026-09-10 ratio=98.20 momentum=98.64; 2026-09-11 ratio=97.95 momentum=98.37; 2026-09-15 ratio=98.04 momentum=95.35; 2026-09-16 ratio=97.95 momentum=97.85; 2026-09-17 ratio=98.30 momentum=98.61,42.92
stock,KEI Industries,KEI.NS,Cables - Electricals,Capital Goods,44551.98,0.1,274.14,40.05,3185.34,22.97,44.69,20.05,,not_stage_2,2,4560.0,4980.65,1.19,0.19596,"{'price_above_30w_ma': False, '30w_ma_rising': True, 'price_above_10w_ma': False, 'relative_strength_positive': False, 'near_52w_high': True}",lagging,lagging,98.67,98.0,0.1,0.09,False,False,2026-09-10 ratio=98.57 momentum=97.91; 2026-09-11 ratio=98.49 momentum=97.66; 2026-09-15 ratio=98.48 momentum=95.90; 2026-09-16 ratio=98.50 momentum=97.21; 2026-09-17 ratio=98.67 momentum=98.00,42.38
stock,R R Kabel,RRKABEL.NS,Cables - Electricals,Capital Goods,27725.12,0.39,205.2,117.32,3168.2,53.9,45.34,28.1,,not_stage_2,3,2390.5,2068.59,7.8,0.10273,"{'price_above_30w_ma': True, '30w_ma_rising': True, 'price_above_10w_ma': False, 'relative_strength_positive': False, 'near_52w_high': True}",lagging,lagging,99.39,96.18,-0.27,-1.82,False,False,2026-09-10 ratio=99.66 momentum=98.00; 2026-09-11 ratio=99.62 momentum=97.42; 2026-09-15 ratio=99.52 momentum=96.30; 2026-09-16 ratio=99.50 momentum=94.22; 2026-09-17 ratio=99.39 momentum=96.18,75.6
stock,Finolex Cables,FINCABLES.NS,Cables - Electricals,Capital Goods,21599.82,0.64,249.04,53.14,2013.15,44.26,27.0,16.01,,stage_2,5,1395.8,1057.82,7.6,0.05998,"{'price_above_30w_ma': True, '30w_ma_rising': True, 'price_above_10w_ma': True, 'relative_strength_positive': True, 'near_52w_high': True}",leading,leading,101.76,102.41,-0.52,0.94,False,False,2026-09-10 ratio=102.28 momentum=101.47; 2026-09-11 ratio=102.19 momentum=101.21; 2026-09-15 ratio=101.63 momentum=100.95; 2026-09-16 ratio=101.66 momentum=101.02; 2026-09-17 ratio=101.76 momentum=102.41,181.05
stock,KSH Internationa,KSHINTL.NS,Cables - Electricals,Capital Goods,7090.3,0.0,42.22,86.16,1164.24,108.38,54.17,21.46,,stage_2,5,1045.55,750.45,14.31,0.04493,"{'price_above_30w_ma': True, '30w_ma_rising': True, 'price_above_10w_ma': True, 'relative_strength_positive': True, 'near_52w_high': True}",leading,leading,101.17,100.5,-1.56,-1.23,False,False,2026-09-10 ratio=102.73 momentum=101.73; 2026-09-11 ratio=102.51 momentum=101.64; 2026-09-15 ratio=101.47 momentum=100.81; 2026-09-16 ratio=101.38 momentum=100.67; 2026-09-17 ratio=101.17 momentum=100.50,181.97
stock,Universal Cables,UNIVCABLES.NS,Cables - Electricals,Capital Goods,5133.6,0.3,70.14,108.75,945.06,57.46,25.67,11.68,,stage_2,4,1438.8,1110.89,11.15,0.06183,"{'price_above_30w_ma': True, '30w_ma_rising': True, 'price_above_10w_ma': False, 'relative_strength_positive': True, 'near_52w_high': True}",weakening,weakening,100.17,96.98,-0.64,-1.61,False,False,2026-09-10 ratio=100.81 momentum=98.59; 2026-09-11 ratio=100.49 momentum=96.38; 2026-09-15 ratio=100.18 momentum=96.54; 2026-09-16 ratio=100.05 momentum=96.58; 2026-09-17 ratio=100.17 momentum=96.98,128.15
stock,V-Marc India,VMARCIND.NS,Cables - Electricals,Capital Goods,5080.73,0.0,28.55,163.62,555.51,102.42,43.43,41.37,,not_stage_2,2,331.8,734.67,-4.85,0.01426,"{'price_above_30w_ma': False, '30w_ma_rising': False, 'price_above_10w_ma': True, 'relative_strength_positive': True, 'near_52w_high': False}",leading,leading,100.49,101.65,-0.01,-1.52,False,False,2026-09-09 ratio=100.51 momentum=103.17; 2026-09-10 ratio=100.91 momentum=103.19; 2026-09-11 ratio=101.10 momentum=102.92; 2026-09-15 ratio=100.57 momentum=101.72; 2026-09-16 ratio=100.49 momentum=101.65,70.7
stock,Laser Power,LASERPOWER.NS,Cables - Electricals,Capital Goods,3938.65,0.0,20.73,3.75,521.55,14.84,35.85,20.51,,insufficient_data,0,,,,,{},insufficient_data,insufficient_data,,,,,False,False,,0.0
stock,Lumino Inds,LUMINO.NS,Cables - Electricals,Capital Goods,3387.85,0.0,63.7,,947.62,,21.2,26.61,,insufficient_data,0,,,,,{},insufficient_data,insufficient_data,,,,,False,False,,0.0
stock,Dynamic Cables,DYCL.NS,Cables - Electricals,Capital Goods,2216.75,0.11,24.95,37.01,349.1,33.22,24.31,26.21,,stage_2,4,433.0,360.82,6.78,0.01861,"{'price_above_30w_ma': True, '30w_ma_rising': True, 'price_above_10w_ma': False, 'relative_strength_positive': True, 'near_52w_high': True}",weakening,weakening,100.38,96.56,-0.55,-2.51,False,False,2026-09-09 ratio=100.93 momentum=99.07; 2026-09-10 ratio=100.83 momentum=99.33; 2026-09-11 ratio=100.85 momentum=98.37; 2026-09-15 ratio=100.44 momentum=98.00; 2026-09-16 ratio=100.38 momentum=96.56,120.46
stock,Godfrey Phillips,GODFRYPHLP.NS,Cigarettes & Tobacco Products,Fast Moving Consumer Goods,31557.52,2.48,198.39,-44.32,1205.51,-18.89,23.08,30.25,,not_stage_2,0,1934.0,2146.27,-1.16,0.08311,"{'price_above_30w_ma': False, '30w_ma_rising': False, 'price_above_10w_ma': False, 'relative_strength_positive': False, 'near_52w_high': False}",lagging,lagging,98.46,98.0,-0.09,1.57,False,False,2026-09-09 ratio=98.54 momentum=96.43; 2026-09-10 ratio=98.44 momentum=97.08; 2026-09-11 ratio=97.94 momentum=95.81; 2026-09-15 ratio=98.22 momentum=96.40; 2026-09-16 ratio=98.46 momentum=98.00,0.0
stock,VST Industries,VSTIND.NS,Cigarettes & Tobacco Products,Fast Moving Consumer Goods,3548.05,5.74,42.42,-24.43,256.46,-13.91,12.74,28.13,,not_stage_2,1,202.14,235.62,-1.75,0.00869,"{'price_above_30w_ma': False, '30w_ma_rising': False, 'price_above_10w_ma': False, 'relative_strength_positive': False, 'near_52w_high': True}",improving,improving,99.23,102.4,-0.2,-1.49,False,False,2026-09-09 ratio=99.43 momentum=103.89; 2026-09-10 ratio=99.31 momentum=102.33; 2026-09-11 ratio=99.22 momentum=102.09; 2026-09-15 ratio=99.37 momentum=102.67; 2026-09-16 ratio=99.23 momentum=102.40,32.0
stock,Elitecon Inter.,ELITECON.NS,Cigarettes & Tobacco Products,Fast Moving Consumer Goods,1275.56,0.63,103.57,676.39,1741.26,1750.04,3.98,,,insufficient_data,0,,,,,{},insufficient_data,insufficient_data,,,,,False,False,,0.0
stock,NTC Industries,NTCIND.NS,Cigarettes & Tobacco Products,Fast Moving Consumer Goods,191.33,0.0,6.12,7.94,25.23,-10.25,9.56,11.14,,insufficient_data,0,,,,,{},insufficient_data,insufficient_data,,,,,False,False,,0.0
stock,Shanthala FMCG,SHANTHALA.NS,Cigarettes & Tobacco Products,Fast Moving Consumer Goods,10.52,0.0,0.72,71.43,25.82,-0.12,8.28,5.98,,not_stage_2,0,15.55,23.23,-9.1,0.00067,"{'price_above_30w_ma': False, '30w_ma_rising': False, 'price_above_10w_ma': False, 'relative_strength_positive': False, 'near_52w_high': False}",improving,improving,99.12,100.57,-0.26,-6.89,False,False,2026-09-09 ratio=99.38 momentum=107.46; 2026-09-10 ratio=99.40 momentum=103.59; 2026-09-11 ratio=99.46 momentum=104.15; 2026-09-15 ratio=99.56 momentum=103.50; 2026-09-16 ratio=99.12 momentum=100.57,2.85
stock,Marc Technocrats,MARC.NS,Consulting Services,Services,269.92,0.0,4.81,,37.53,,25.61,29.22,,stage_2,5,156.0,96.07,14.39,0.0067,"{'price_above_30w_ma': True, '30w_ma_rising': True, 'price_above_10w_ma': True, 'relative_strength_positive': True, 'near_52w_high': True}",leading,weakening,101.73,100.02,0.1,1.41,True,False,2026-09-10 ratio=101.63 momentum=98.61; 2026-09-11 ratio=101.22 momentum=96.92; 2026-09-15 ratio=101.26 momentum=97.66; 2026-09-16 ratio=101.55 momentum=99.20; 2026-09-17 ratio=101.73 momentum=100.02,192.53
stock,EKI Energy,EKI.NS,Consulting Services,Services,191.6,2.93,-15.93,-2094.44,10.46,-29.99,,-3.84,,insufficient_data,0,,,,,{},insufficient_data,insufficient_data,,,,,False,False,,0.0
stock,Mitcon Consult.,MITCON.NS,Consulting Services,Services,139.37,0.0,2.75,151.38,67.58,176.63,14.31,8.83,,stage_2,5,80.26,74.05,3.58,0.00345,"{'price_above_30w_ma': True, '30w_ma_rising': True, 'price_above_10w_ma': True, 'relative_strength_positive': True, 'near_52w_high': True}",leading,leading,101.92,101.43,-1.05,-2.17,False,False,2026-09-09 ratio=102.97 momentum=103.59; 2026-09-10 ratio=102.49 momentum=102.84; 2026-09-11 ratio=101.93 momentum=102.79; 2026-09-15 ratio=102.07 momentum=101.83; 2026-09-16 ratio=101.92 momentum=101.43,168.91
stock,AAA Technologies,AAATECH.NS,Consulting Services,Services,111.86,1.15,0.87,12.99,3.76,1.62,53.78,8.96,,not_stage_2,0,84.57,94.28,-1.97,0.00363,"{'price_above_30w_ma': False, '30w_ma_rising': False, 'price_above_10w_ma': False, 'relative_strength_positive': False, 'near_52w_high': False}",lagging,leading,98.1,97.54,-2.89,-6.99,False,False,2026-09-10 ratio=100.99 momentum=104.53; 2026-09-11 ratio=100.81 momentum=100.80; 2026-09-15 ratio=101.27 momentum=101.63; 2026-09-16 ratio=101.32 momentum=102.24; 2026-09-17 ratio=98.10 momentum=97.54,0.0
stock,Dhruv Consultanc,DHRUV.NS,Consulting Services,Services,40.39,0.93,-4.74,-396.25,15.55,-26.09,,-32.46,,not_stage_2,0,21.46,28.07,-4.28,0.00092,"{'price_above_30w_ma': False, '30w_ma_rising': False, 'price_above_10w_ma': False, 'relative_strength_positive': False, 'near_52w_high': False}",lagging,lagging,98.23,98.09,-0.95,-1.48,False,False,2026-09-09 ratio=99.17 momentum=99.57; 2026-09-10 ratio=98.97 momentum=99.12; 2026-09-11 ratio=98.27 momentum=98.90; 2026-09-15 ratio=98.82 momentum=99.76; 2026-09-16 ratio=98.23 momentum=98.09,0.0
stock,Manglam Infra,MIEL.NS,Consulting Services,Services,21.64,0.0,1.6,1700.0,21.86,-21.42,6.89,9.5,,insufficient_data,0,,,,,{},insufficient_data,insufficient_data,,,,,False,False,,0.0
stock,Physicswallah,PWL.NS,E-Learning,Consumer Services,39610.61,0.0,-88.28,35.6,1053.95,24.42,648.17,3.99,,stage_2,5,127.8,113.1,2.0,0.00549,"{'price_above_30w_ma': True, '30w_ma_rising': True, 'price_above_10w_ma': True, 'relative_strength_positive': True, 'near_52w_high': True}",leading,leading,100.6,103.64,0.34,2.6,False,False,2026-09-10 ratio=100.26 momentum=101.03; 2026-09-11 ratio=101.35 momentum=102.81; 2026-09-15 ratio=100.91 momentum=102.71; 2026-09-16 ratio=100.53 momentum=102.85; 2026-09-17 ratio=100.60 momentum=103.64,170.2
stock,Veranda Learning,VERANDA.NS,E-Learning,Consumer Services,2132.87,0.0,33.87,854.4,149.54,41.52,33.07,12.83,,not_stage_2,3,217.97,211.03,2.21,0.00937,"{'price_above_30w_ma': True, '30w_ma_rising': True, 'price_above_10w_ma': False, 'relative_strength_positive': False, 'near_52w_high': True}",lagging,lagging,98.46,97.59,-1.41,-1.66,False,False,2026-09-09 ratio=99.87 momentum=99.25; 2026-09-10 ratio=99.46 momentum=98.11; 2026-09-11 ratio=98.98 momentum=98.41; 2026-09-15 ratio=98.54 momentum=96.27; 2026-09-16 ratio=98.46 momentum=97.59,64.42
stock,Jaro Institute,JARO.NS,E-Learning,Consumer Services,1038.67,1.07,11.17,48.34,70.75,16.61,18.37,22.09,,not_stage_2,2,471.05,474.13,-0.45,0.02024,"{'price_above_30w_ma': False, '30w_ma_rising': False, 'price_above_10w_ma': True, 'relative_strength_positive': True, 'near_52w_high': False}",leading,improving,100.93,102.14,0.95,-0.1,False,False,2026-09-10 ratio=99.98 momentum=102.24; 2026-09-11 ratio=99.99 momentum=101.21; 2026-09-15 ratio=100.91 momentum=102.84; 2026-09-16 ratio=100.78 momentum=102.46; 2026-09-17 ratio=100.93 momentum=102.14,75.35
stock,Addictive Learn,ADDICTIVE.NS,E-Learning,Consumer Services,69.04,0.0,0.31,-75.97,22.69,8.41,,-0.11,,insufficient_data,0,,,,,{},insufficient_data,insufficient_data,,,,,False,False,,0.0
stock,G-Tec Janix,GTECJAINX.NS,E-Learning,Consumer Services,27.37,0.0,0.3,100.0,2.25,-10.36,,-36.32,,not_stage_2,3,27.61,24.38,4.91,0.00119,"{'price_above_30w_ma': True, '30w_ma_rising': True, 'price_above_10w_ma': False, 'relative_strength_positive': False, 'near_52w_high': True}",leading,lagging,100.14,100.34,0.73,3.39,True,False,2026-09-09 ratio=99.41 momentum=96.95; 2026-09-10 ratio=100.19 momentum=99.33; 2026-09-11 ratio=99.28 momentum=98.09; 2026-09-15 ratio=101.59 momentum=102.81; 2026-09-16 ratio=100.14 momentum=100.34,102.22
stock,Usha Mart. Edu.,UMESLTD.NS,E-Learning,Consumer Services,11.06,0.0,0.02,0.0,0.12,-7.69,26.97,5.23,,not_stage_2,1,4.08,5.59,0.79,0.00018,"{'price_above_30w_ma': False, '30w_ma_rising': True, 'price_above_10w_ma': False, 'relative_strength_positive': False, 'near_52w_high': False}",lagging,lagging,96.54,98.79,-2.41,0.04,False,False,2026-09-09 ratio=98.96 momentum=98.75; 2026-09-10 ratio=98.71 momentum=101.38; 2026-09-11 ratio=98.67 momentum=100.17; 2026-09-15 ratio=97.53 momentum=96.81; 2026-09-16 ratio=96.54 momentum=98.79,21.58
stock,Docmode Health,DHTL.NS,E-Learning,Consumer Services,8.78,0.0,-0.07,95.57,7.67,-64.07,,6.12,,not_stage_2,0,29.4,39.66,-8.41,0.00126,"{'price_above_30w_ma': False, '30w_ma_rising': False, 'price_above_10w_ma': False, 'relative_strength_positive': False, 'near_52w_high': False}",lagging,leading,98.4,98.75,-1.89,-3.69,False,False,2026-09-09 ratio=100.29 momentum=102.44; 2026-09-10 ratio=100.30 momentum=103.28; 2026-09-11 ratio=99.60 momentum=101.36; 2026-09-15 ratio=99.07 momentum=100.07; 2026-09-16 ratio=98.40 momentum=98.75,0.0
stock,PVR Inox,PVRINOX.NS,"Film Production, Distribution & Exhibition","Media, Entertainment & Publication",13018.78,0.0,56.5,220.3,1622.2,11.91,41.04,6.79,,stage_2,5,1272.7,1047.51,2.91,0.05469,"{'price_above_30w_ma': True, '30w_ma_rising': True, 'price_above_10w_ma': True, 'relative_strength_positive': True, 'near_52w_high': True}",leading,weakening,101.8,101.42,0.42,2.66,True,False,2026-09-10 ratio=101.38 momentum=98.76; 2026-09-11 ratio=101.53 momentum=100.26; 2026-09-15 ratio=101.46 momentum=100.49; 2026-09-16 ratio=101.70 momentum=100.70; 2026-09-17 ratio=101.80 momentum=101.42,176.92
stock,Media Matrix,MMWL.NS,"Film Production, Distribution & Exhibition","Media, Entertainment & Publication",1486.32,0.0,3.58,84.46,428.45,83.37,209.34,9.78,,insufficient_data,0,,,,,{},lagging,lagging,98.83,97.65,-1.12,1.49,False,False,2026-09-10 ratio=99.95 momentum=96.16; 2026-09-11 ratio=99.43 momentum=95.76; 2026-09-15 ratio=100.07 momentum=98.19; 2026-09-16 ratio=99.01 momentum=97.63; 2026-09-17 ratio=98.83 momentum=97.65,0.0
stock,Panorama Studios,PANORAMA.NS,"Film Production, Distribution & Exhibition","Media, Entertainment & Publication",1386.82,0.11,12.71,165.95,183.07,34.26,57.45,8.7,,insufficient_data,0,,,,,{},insufficient_data,insufficient_data,,,,,False,False,,0.0
stock,Sunshine Picture,SUNSHINE.NS,"Film Production, Distribution & Exhibition","Media, Entertainment & Publication",1241.91,0.0,0.25,123.15,6.48,16100.0,30.36,40.96,,insufficient_data,0,,,,,{},insufficient_data,insufficient_data,,,,,False,False,,0.0
stock,Connplex Cinemas,CONNPLEX.NS,"Film Production, Distribution & Exhibition","Media, Entertainment & Publication",479.41,0.0,13.03,38.91,83.46,51.97,18.51,43.55,,insufficient_data,0,,,,,{},insufficient_data,insufficient_data,,,,,False,False,,0.0
stock,Cineline India,CINELINE.NS,"Film Production, Distribution & Exhibition","Media, Entertainment & Publication",338.74,1.38,-1.21,74.27,59.27,30.87,25.17,10.86,,stage_2,5,89.96,85.0,1.17,0.00387,"{'price_above_30w_ma': True, '30w_ma_rising': True, 'price_above_10w_ma': True, 'relative_strength_positive': True, 'near_52w_high': True}",weakening,leading,101.08,99.75,-0.88,-1.05,False,False,2026-09-09 ratio=101.96 momentum=100.80; 2026-09-10 ratio=101.76 momentum=100.55; 2026-09-11 ratio=102.14 momentum=101.96; 2026-09-15 ratio=101.50 momentum=100.81; 2026-09-16 ratio=101.08 momentum=99.75,132.74
stock,UFO Moviez,UFO.NS,"Film Production, Distribution & Exhibition","Media, Entertainment & Publication",237.07,0.0,5.64,-13.5,110.69,3.81,9.87,11.19,,not_stage_2,0,61.32,68.74,-1.83,0.00264,"{'price_above_30w_ma': False, '30w_ma_rising': False, 'price_above_10w_ma': False, 'relative_strength_positive': False, 'near_52w_high': False}",lagging,lagging,98.24,98.68,-0.58,0.48,False,False,2026-09-09 ratio=98.83 momentum=98.20; 2026-09-10 ratio=98.74 momentum=98.95; 2026-09-11 ratio=98.62 momentum=97.50; 2026-09-15 ratio=97.95 momentum=96.47; 2026-09-16 ratio=98.24 momentum=98.68,0.0
stock,Tips Films,TIPSFILMS.NS,"Film Production, Distribution & Exhibition","Media, Entertainment & Publication",138.7,0.0,-29.41,-720.46,47.96,-49.71,,-6.69,,not_stage_2,0,315.2,349.96,-1.82,0.01354,"{'price_above_30w_ma': False, '30w_ma_rising': False, 'price_above_10w_ma': False, 'relative_strength_positive': False, 'near_52w_high': False}",lagging,lagging,99.07,97.53,-0.42,-1.07,False,False,2026-09-09 ratio=99.49 momentum=98.59; 2026-09-10 ratio=99.49 momentum=96.49; 2026-09-11 ratio=99.53 momentum=102.73; 2026-09-15 ratio=99.33 momentum=98.21; 2026-09-16 ratio=99.07 momentum=97.53,0.0
stock,Mukta Arts,MUKTAARTS.NS,"Film Production, Distribution & Exhibition","Media, Entertainment & Publication",125.66,0.0,-2.15,64.7,40.59,10.51,,11.17,,not_stage_2,3,55.65,54.85,-0.48,0.00239,"{'price_above_30w_ma': True, '30w_ma_rising': False, 'price_above_10w_ma': False, 'relative_strength_positive': True, 'near_52w_high': True}",leading,leading,100.62,100.4,-1.08,-1.28,False,False,2026-09-09 ratio=101.70 momentum=101.68; 2026-09-10 ratio=101.05 momentum=100.64; 2026-09-11 ratio=101.81 momentum=102.79; 2026-09-15 ratio=101.44 momentum=102.59; 2026-09-16 ratio=100.62 momentum=100.40,85.1
stock,Baweja Studios L,BAWEJA.NS,"Film Production, Distribution & Exhibition","Media, Entertainment & Publication",40.72,0.0,4.57,-13.28,33.44,-22.93,6.7,7.94,,not_stage_2,0,23.0,28.51,-2.74,0.00099,"{'price_above_30w_ma': False, '30w_ma_rising': False, 'price_above_10w_ma': False, 'relative_strength_positive': False, 'near_52w_high': False}",lagging,improving,99.06,99.27,-0.08,-1.55,False,False,2026-09-09 ratio=99.14 momentum=100.82; 2026-09-10 ratio=99.15 momentum=100.98; 2026-09-11 ratio=99.45 momentum=102.93; 2026-09-15 ratio=99.07 momentum=100.68; 2026-09-16 ratio=99.06 momentum=99.27,0.0
stock,Metro Brands,METROBRAND.NS,Footwear,Consumer Durables,25647.3,0.64,95.26,-4.79,720.36,14.66,63.1,20.12,,not_stage_2,2,948.3,998.45,-1.44,0.04075,"{'price_above_30w_ma': False, '30w_ma_rising': False, 'price_above_10w_ma': False, 'relative_strength_positive': True, 'near_52w_high': True}",leading,leading,100.05,102.71,0.04,0.23,False,False,2026-09-09 ratio=100.01 momentum=102.48; 2026-09-10 ratio=99.87 momentum=102.59; 2026-09-11 ratio=99.73 momentum=101.78; 2026-09-15 ratio=100.03 momentum=102.64; 2026-09-16 ratio=100.05 momentum=102.71,73.8
stock,Bata India,BATAINDIA.NS,Footwear,Consumer Durables,8180.79,3.92,63.98,15.88,978.95,3.94,47.06,12.74,,not_stage_2,0,636.65,698.88,-3.38,0.02736,"{'price_above_30w_ma': False, '30w_ma_rising': False, 'price_above_10w_ma': False, 'relative_strength_positive': False, 'near_52w_high': False}",lagging,lagging,98.39,98.71,-0.38,1.03,False,False,2026-09-10 ratio=98.77 momentum=97.68; 2026-09-11 ratio=98.69 momentum=98.47; 2026-09-15 ratio=98.68 momentum=97.62; 2026-09-16 ratio=98.10 momentum=97.36; 2026-09-17 ratio=98.39 momentum=98.71,0.0
stock,Relaxo Footwear,RELAXO.NS,Footwear,Consumer Durables,7243.41,1.2,54.94,12.35,705.05,7.73,39.09,11.18,,not_stage_2,0,313.7,340.28,-1.33,0.01348,"{'price_above_30w_ma': False, '30w_ma_rising': False, 'price_above_10w_ma': False, 'relative_strength_positive': False, 'near_52w_high': False}",improving,lagging,98.12,103.05,0.09,3.53,False,True,2026-09-10 ratio=98.03 momentum=99.52; 2026-09-11 ratio=98.11 momentum=99.97; 2026-09-15 ratio=98.08 momentum=98.82; 2026-09-16 ratio=97.95 momentum=95.66; 2026-09-17 ratio=98.12 momentum=103.05,15.25
stock,Campus Activewe.,CAMPUS.NS,Footwear,Consumer Durables,6494.19,0.71,26.14,17.75,385.2,12.21,42.16,21.22,,not_stage_2,1,211.98,234.05,-2.62,0.00911,"{'price_above_30w_ma': False, '30w_ma_rising': False, 'price_above_10w_ma': False, 'relative_strength_positive': False, 'near_52w_high': True}",lagging,lagging,99.4,99.08,0.14,1.15,False,False,2026-09-10 ratio=99.27 momentum=97.93; 2026-09-11 ratio=99.60 momentum=98.67; 2026-09-15 ratio=99.88 momentum=98.89; 2026-09-16 ratio=99.37 momentum=98.18; 2026-09-17 ratio=99.40 momentum=99.08,20.0
stock,Redtape,REDTAPE.NS,Footwear,Consumer Durables,6489.93,1.7,44.48,15.23,481.28,3.65,26.34,24.48,,not_stage_2,1,117.34,126.85,-0.72,0.00504,"{'price_above_30w_ma': False, '30w_ma_rising': False, 'price_above_10w_ma': False, 'relative_strength_positive': False, 'near_52w_high': True}",improving,improving,99.1,101.01,0.49,0.13,False,True,2026-09-09 ratio=98.61 momentum=100.89; 2026-09-10 ratio=98.37 momentum=98.46; 2026-09-11 ratio=98.67 momentum=98.12; 2026-09-15 ratio=99.82 momentum=102.03; 2026-09-16 ratio=99.10 momentum=101.01,25.05
stock,Sreeleathers,SREEL.NS,Footwear,Consumer Durables,648.07,0.71,6.99,138.57,59.63,19.74,19.73,6.97,,stage_2,5,300.78,212.21,5.15,0.01293,"{'price_above_30w_ma': True, '30w_ma_rising': True, 'price_above_10w_ma': True, 'relative_strength_positive': True, 'near_52w_high': True}",leading,leading,101.7,100.23,-2.64,-2.02,False,False,2026-09-09 ratio=104.34 momentum=102.25; 2026-09-10 ratio=104.15 momentum=101.61; 2026-09-11 ratio=102.78 momentum=101.26; 2026-09-15 ratio=102.25 momentum=100.89; 2026-09-16 ratio=101.70 momentum=100.23,164.95
stock,Liberty Shoes,LIBERTSHOE.NS,Footwear,Consumer Durables,376.71,0.0,0.68,-76.97,169.86,-1.7,44.21,7.91,,not_stage_2,0,217.94,249.13,-1.48,0.00937,"{'price_above_30w_ma': False, '30w_ma_rising': False, 'price_above_10w_ma': False, 'relative_strength_positive': False, 'near_52w_high': False}",lagging,lagging,98.19,98.5,-0.75,-1.11,False,False,2026-09-09 ratio=98.93 momentum=99.61; 2026-09-10 ratio=98.66 momentum=99.12; 2026-09-11 ratio=98.72 momentum=99.87; 2026-09-15 ratio=98.22 momentum=97.89; 2026-09-16 ratio=98.19 momentum=98.50,0.0
stock,Brandman Retail,BRANDMAN.NS,Footwear,Consumer Durables,299.38,0.0,4.76,1152.63,45.19,287.56,10.09,36.81,,insufficient_data,0,,,,,{},insufficient_data,insufficient_data,,,,,False,False,,0.0
stock,Khadim India,KHADIM.NS,Footwear,Consumer Durables,230.11,0.0,0.52,-39.53,77.84,-18.66,51.02,6.87,,not_stage_2,3,120.97,103.43,-4.74,0.0052,"{'price_above_30w_ma': True, '30w_ma_rising': False, 'price_above_10w_ma': True, 'relative_strength_positive': True, 'near_52w_high': False}",weakening,leading,101.94,97.48,-0.44,-8.68,False,False,2026-09-09 ratio=102.38 momentum=106.16; 2026-09-10 ratio=102.43 momentum=101.85; 2026-09-11 ratio=102.13 momentum=98.05; 2026-09-15 ratio=102.34 momentum=100.60; 2026-09-16 ratio=101.94 momentum=97.48,69.7
stock,ICICI Lombard,ICICIGI.NS,General Insurance,Financial Services,73078.91,0.93,403.17,-46.03,7088.22,10.83,30.1,21.88,,not_stage_2,0,1440.0,1727.29,-2.92,0.06188,"{'price_above_30w_ma': False, '30w_ma_rising': False, 'price_above_10w_ma': False, 'relative_strength_positive': False, 'near_52w_high': False}",lagging,lagging,98.52,95.88,-0.01,-2.13,False,False,2026-09-09 ratio=98.53 momentum=98.01; 2026-09-10 ratio=98.45 momentum=96.84; 2026-09-11 ratio=98.51 momentum=99.21; 2026-09-15 ratio=98.40 momentum=97.03; 2026-09-16 ratio=98.52 momentum=95.88,0.0
stock,General Insuranc,GICRE.NS,General Insurance,Financial Services,61579.44,3.77,1743.67,-31.1,14400.9,-1.52,6.94,17.35,,not_stage_2,1,337.75,370.76,-1.16,0.01451,"{'price_above_30w_ma': False, '30w_ma_rising': False, 'price_above_10w_ma': False, 'relative_strength_positive': False, 'near_52w_high': True}",lagging,leading,99.02,98.87,-1.61,-4.9,False,False,2026-09-09 ratio=100.63 momentum=103.76; 2026-09-10 ratio=99.37 momentum=100.49; 2026-09-11 ratio=100.64 momentum=102.99; 2026-09-15 ratio=99.34 momentum=99.47; 2026-09-16 ratio=99.02 momentum=98.87,20.0
stock,Star Health Insu,STARHEALTH.NS,General Insurance,Financial Services,32232.28,0.0,549.73,25.46,5522.07,13.15,38.18,9.69,,not_stage_2,3,545.7,532.51,2.5,0.02345,"{'price_above_30w_ma': True, '30w_ma_rising': True, 'price_above_10w_ma': False, 'relative_strength_positive': False, 'near_52w_high': True}",improving,leading,98.84,100.8,-1.77,-0.01,False,False,2026-09-09 ratio=100.62 momentum=100.81; 2026-09-10 ratio=100.88 momentum=100.62; 2026-09-11 ratio=99.87 momentum=101.00; 2026-09-15 ratio=98.58 momentum=99.93; 2026-09-16 ratio=98.84 momentum=100.80,69.0
stock,New India Assura,NIACL.NS,General Insurance,Financial Services,30926.37,0.8,-239.15,-160.61,11899.69,1.54,40.2,4.29,,stage_2,5,197.05,167.72,4.42,0.00847,"{'price_above_30w_ma': True, '30w_ma_rising': True, 'price_above_10w_ma': True, 'relative_strength_positive': True, 'near_52w_high': True}",weakening,leading,101.32,98.8,-0.04,-1.79,False,False,2026-09-10 ratio=101.36 momentum=100.59; 2026-09-11 ratio=101.42 momentum=100.66; 2026-09-15 ratio=100.65 momentum=99.45; 2026-09-16 ratio=100.49 momentum=99.67; 2026-09-17 ratio=101.32 momentum=98.80,140.44
stock,Go Digit General,GODIGIT.NS,General Insurance,Financial Services,22106.67,0.0,86.39,-37.55,2427.02,8.54,44.89,13.1,,not_stage_2,1,255.5,298.61,-2.81,0.01098,"{'price_above_30w_ma': False, '30w_ma_rising': False, 'price_above_10w_ma': False, 'relative_strength_positive': True, 'near_52w_high': False}",improving,improving,99.89,103.27,0.54,1.14,False,True,2026-09-10 ratio=99.35 momentum=102.14; 2026-09-11 ratio=99.72 momentum=102.94; 2026-09-15 ratio=99.66 momentum=103.56; 2026-09-16 ratio=99.59 momentum=101.92; 2026-09-17 ratio=99.89 momentum=103.27,36.35
stock,Niva Bupa Health,NIVABUPA.NS,General Insurance,Financial Services,14712.51,0.0,137.8,92.89,2471.26,27.93,84.43,3.15,,not_stage_2,2,79.6,80.51,0.49,0.00342,"{'price_above_30w_ma': False, '30w_ma_rising': True, 'price_above_10w_ma': False, 'relative_strength_positive': False, 'near_52w_high': True}",improving,improving,99.23,101.73,0.54,1.11,False,True,2026-09-10 ratio=98.70 momentum=100.62; 2026-09-11 ratio=99.12 momentum=103.12; 2026-09-15 ratio=100.40 momentum=103.85; 2026-09-16 ratio=99.27 momentum=100.88; 2026-09-17 ratio=99.23 momentum=101.73,49.63
stock,LG Electronics,LGEINDIA.NS,Household Appliances,Consumer Durables,115243.64,0.0,652.86,27.2,7233.35,15.49,63.16,32.27,,stage_2,5,1652.9,1565.83,1.29,0.07103,"{'price_above_30w_ma': True, '30w_ma_rising': True, 'price_above_10w_ma': True, 'relative_strength_positive': True, 'near_52w_high': True}",leading,weakening,101.49,100.12,0.0,3.34,True,False,2026-09-10 ratio=101.48 momentum=96.78; 2026-09-11 ratio=101.31 momentum=97.39; 2026-09-15 ratio=101.43 momentum=95.69; 2026-09-16 ratio=101.25 momentum=98.27; 2026-09-17 ratio=101.49 momentum=100.12,165.63
stock,Voltas,VOLTAS.NS,Household Appliances,Consumer Durables,36703.01,0.36,212.76,52.19,4673.5,18.66,78.6,9.04,,not_stage_2,0,1135.0,1312.04,-2.88,0.04877,"{'price_above_30w_ma': False, '30w_ma_rising': False, 'price_above_10w_ma': False, 'relative_strength_positive': False, 'near_52w_high': False}",improving,improving,98.65,104.43,-0.02,3.13,False,False,2026-09-10 ratio=98.67 momentum=101.31; 2026-09-11 ratio=98.90 momentum=102.83; 2026-09-15 ratio=98.70 momentum=101.90; 2026-09-16 ratio=98.57 momentum=100.58; 2026-09-17 ratio=98.65 momentum=104.43,22.15
stock,Blue Star,BLUESTARCO.NS,Household Appliances,Consumer Durables,31749.58,0.55,102.51,-21.03,3377.92,13.27,60.0,21.24,,not_stage_2,0,1504.0,1655.63,-3.19,0.06463,"{'price_above_30w_ma': False, '30w_ma_rising': False, 'price_above_10w_ma': False, 'relative_strength_positive': False, 'near_52w_high': False}",improving,improving,99.86,101.97,0.7,-0.63,False,False,2026-09-09 ratio=99.16 momentum=102.60; 2026-09-10 ratio=99.78 momentum=102.76; 2026-09-11 ratio=100.32 momentum=103.41; 2026-09-15 ratio=99.69 momentum=102.41; 2026-09-16 ratio=99.86 momentum=101.97,9.85
stock,Amber Enterp.,AMBER.NS,Household Appliances,Consumer Durables,25059.82,0.0,3.09,-3.37,3887.72,12.72,121.45,10.29,,not_stage_2,2,6930.0,7499.25,0.71,0.2978,"{'price_above_30w_ma': False, '30w_ma_rising': True, 'price_above_10w_ma': False, 'relative_strength_positive': False, 'near_52w_high': True}",lagging,improving,99.03,97.02,-0.91,-3.28,False,False,2026-09-09 ratio=99.93 momentum=100.31; 2026-09-10 ratio=100.17 momentum=97.13; 2026-09-11 ratio=100.12 momentum=97.13; 2026-09-15 ratio=99.43 momentum=95.58; 2026-09-16 ratio=99.03 momentum=97.02,41.42
stock,Crompton Gr. Con,CROMPTON.NS,Household Appliances,Consumer Durables,14614.85,1.32,140.32,12.12,2022.47,11.2,32.2,18.98,,not_stage_2,0,223.4,256.64,-1.02,0.0096,"{'price_above_30w_ma': False, '30w_ma_rising': False, 'price_above_10w_ma': False, 'relative_strength_positive': False, 'near_52w_high': False}",improving,improving,98.51,101.38,-0.54,-1.16,False,False,2026-09-09 ratio=99.05 momentum=102.55; 2026-09-10 ratio=98.78 momentum=101.29; 2026-09-11 ratio=98.98 momentum=102.76; 2026-09-15 ratio=98.82 momentum=101.30; 2026-09-16 ratio=98.51 momentum=101.38,6.9
stock,V-Guard Industri,VGUARD.NS,Household Appliances,Consumer Durables,14204.31,0.46,130.25,76.37,1810.65,23.5,37.38,18.38,,not_stage_2,4,327.15,317.36,-0.08,0.01406,"{'price_above_30w_ma': True, '30w_ma_rising': False, 'price_above_10w_ma': True, 'relative_strength_positive': True, 'near_52w_high': True}",weakening,weakening,101.2,97.15,0.02,-2.25,False,False,2026-09-09 ratio=101.18 momentum=99.40; 2026-09-10 ratio=101.20 momentum=99.02; 2026-09-11 ratio=100.92 momentum=98.61; 2026-09-15 ratio=101.01 momentum=96.24; 2026-09-16 ratio=101.20 momentum=97.15,86.0
stock,Whirlpool India,WHIRLPOOL.NS,Household Appliances,Consumer Durables,9109.35,0.7,102.88,-29.4,2726.75,12.1,33.41,10.67,,not_stage_2,0,727.4,828.32,-1.36,0.03126,"{'price_above_30w_ma': False, '30w_ma_rising': False, 'price_above_10w_ma': False, 'relative_strength_positive': False, 'near_52w_high': False}",lagging,weakening,98.33,97.94,-3.06,1.91,False,False,2026-09-10 ratio=101.39 momentum=96.03; 2026-09-11 ratio=99.80 momentum=97.66; 2026-09-15 ratio=99.74 momentum=98.54; 2026-09-16 ratio=98.56 momentum=97.91; 2026-09-17 ratio=98.33 momentum=97.94,0.0
stock,Eureka Forbes,EUREKAFORB.NS,Household Appliances,Consumer Durables,7438.18,0.0,55.44,6.98,700.77,15.31,37.2,5.86,,not_stage_2,0,391.1,455.46,-3.23,0.01681,"{'price_above_30w_ma': False, '30w_ma_rising': False, 'price_above_10w_ma': False, 'relative_strength_positive': False, 'near_52w_high': False}",lagging,lagging,98.33,98.54,0.16,1.02,False,False,2026-09-10 ratio=98.17 momentum=97.52; 2026-09-11 ratio=98.14 momentum=98.50; 2026-09-15 ratio=98.49 momentum=98.76; 2026-09-16 ratio=98.46 momentum=98.69; 2026-09-17 ratio=98.33 momentum=98.54,0.0
stock,TTK Prestige,TTKPRESTIG.NS,Household Appliances,Consumer Durables,7272.2,1.41,58.97,103.94,813.85,33.57,35.14,12.1,,not_stage_2,1,541.1,547.94,-0.13,0.02325,"{'price_above_30w_ma': False, '30w_ma_rising': False, 'price_above_10w_ma': False, 'relative_strength_positive': False, 'near_52w_high': True}",lagging,lagging,98.72,99.59,0.4,2.57,False,False,2026-09-09 ratio=98.32 momentum=97.02; 2026-09-10 ratio=98.35 momentum=96.51; 2026-09-11 ratio=98.40 momentum=97.56; 2026-09-15 ratio=98.70 momentum=99.15; 2026-09-16 ratio=98.72 momentum=99.59,20.0
stock,IFB Industries,IFBIND.NS,Household Appliances,Consumer Durables,4960.24,0.0,38.06,50.08,1523.52,17.1,31.74,18.22,,not_stage_2,2,1241.9,1207.16,1.48,0.05337,"{'price_above_30w_ma': True, '30w_ma_rising': True, 'price_above_10w_ma': False, 'relative_strength_positive': False, 'near_52w_high': False}",lagging,lagging,98.47,97.81,-0.64,2.13,False,False,2026-09-09 ratio=99.11 momentum=95.68; 2026-09-10 ratio=99.43 momentum=96.39; 2026-09-11 ratio=99.91 momentum=99.82; 2026-09-15 ratio=99.54 momentum=98.24; 2026-09-16 ratio=98.47 momentum=97.81,42.96
stock,Adani Total Gas,ATGL.NS,LPG/CNG/PNG/LNG Supplier,"Oil, Gas & Consumable Fuels",72683.02,0.04,133.03,-17.97,1743.48,27.1,119.6,15.09,,not_stage_2,2,586.5,636.49,1.71,0.0252,"{'price_above_30w_ma': False, '30w_ma_rising': True, 'price_above_10w_ma': False, 'relative_strength_positive': False, 'near_52w_high': True}",improving,improving,98.61,101.7,-0.43,0.68,False,False,2026-09-09 ratio=99.04 momentum=101.03; 2026-09-10 ratio=98.75 momentum=98.77; 2026-09-11 ratio=98.62 momentum=99.39; 2026-09-15 ratio=98.43 momentum=99.94; 2026-09-16 ratio=98.61 momentum=101.70,51.92
stock,Petronet LNG,PETRONET.NS,LPG/CNG/PNG/LNG Supplier,"Oil, Gas & Consumable Fuels",43920.99,3.42,1137.14,35.07,5557.84,-53.22,10.44,22.55,,not_stage_2,3,283.45,278.33,-0.38,0.01218,"{'price_above_30w_ma': True, '30w_ma_rising': False, 'price_above_10w_ma': False, 'relative_strength_positive': True, 'near_52w_high': True}",weakening,leading,101.2,98.42,-0.6,-1.58,False,False,2026-09-10 ratio=101.80 momentum=100.00; 2026-09-11 ratio=101.65 momentum=99.75; 2026-09-15 ratio=101.59 momentum=91.14; 2026-09-16 ratio=101.17 momentum=96.89; 2026-09-17 ratio=101.20 momentum=98.42,66.0
stock,Gujarat Energy,GUJENERGY.NS,LPG/CNG/PNG/LNG Supplier,"Oil, Gas & Consumable Fuels",22936.59,3.64,1007.4,69.8,9544.98,63.12,11.73,11.73,,not_stage_2,0,239.43,329.62,-6.44,0.01029,"{'price_above_30w_ma': False, '30w_ma_rising': False, 'price_above_10w_ma': False, 'relative_strength_positive': False, 'near_52w_high': False}",lagging,improving,98.21,97.83,-1.02,-3.28,False,False,2026-09-10 ratio=99.23 momentum=101.11; 2026-09-11 ratio=98.15 momentum=97.95; 2026-09-15 ratio=98.64 momentum=99.60; 2026-09-16 ratio=98.66 momentum=99.20; 2026-09-17 ratio=98.21 momentum=97.83,0.0
stock,Indraprastha Gas,IGL.NS,LPG/CNG/PNG/LNG Supplier,"Oil, Gas & Consumable Fuels",20794.22,2.19,237.92,-43.97,4586.73,17.19,15.28,17.52,,not_stage_2,1,148.67,157.24,-1.71,0.00639,"{'price_above_30w_ma': False, '30w_ma_rising': False, 'price_above_10w_ma': False, 'relative_strength_positive': True, 'near_52w_high': False}",leading,leading,100.77,101.84,-1.49,-0.61,False,False,2026-09-10 ratio=102.26 momentum=102.45; 2026-09-11 ratio=101.81 momentum=102.28; 2026-09-15 ratio=101.67 momentum=101.84; 2026-09-16 ratio=100.95 momentum=101.43; 2026-09-17 ratio=100.77 momentum=101.84,53.05
stock,Mahanagar Gas,MGL.NS,LPG/CNG/PNG/LNG Supplier,"Oil, Gas & Consumable Fuels",10682.3,2.77,193.7,-39.39,2371.71,13.95,14.82,17.14,,not_stage_2,2,1071.2,1096.66,-0.31,0.04603,"{'price_above_30w_ma': False, '30w_ma_rising': False, 'price_above_10w_ma': False, 'relative_strength_positive': True, 'near_52w_high': True}",leading,leading,100.31,102.24,-1.25,-0.03,False,False,2026-09-10 ratio=101.56 momentum=102.27; 2026-09-11 ratio=100.78 momentum=101.54; 2026-09-15 ratio=100.79 momentum=102.12; 2026-09-16 ratio=101.02 momentum=102.25; 2026-09-17 ratio=100.31 momentum=102.24,72.75
stock,Confidence Petro,CONFIPET.NS,LPG/CNG/PNG/LNG Supplier,"Oil, Gas & Consumable Fuels",3056.36,0.11,62.55,207.04,2408.53,116.6,22.7,9.23,,stage_2,5,86.58,64.11,12.28,0.00372,"{'price_above_30w_ma': True, '30w_ma_rising': True, 'price_above_10w_ma': True, 'relative_strength_positive': True, 'near_52w_high': True}",leading,leading,102.02,101.2,-1.47,-2.29,False,False,2026-09-09 ratio=103.48 momentum=103.49; 2026-09-10 ratio=102.57 momentum=102.31; 2026-09-11 ratio=102.65 momentum=102.33; 2026-09-15 ratio=102.11 momentum=100.67; 2026-09-16 ratio=102.02 momentum=101.20,185.66
stock,IRM Energy,IRMENERGY.NS,LPG/CNG/PNG/LNG Supplier,"Oil, Gas & Consumable Fuels",1110.26,0.56,33.81,142.89,325.85,24.13,15.19,8.63,,not_stage_2,2,264.15,259.68,1.75,0.01135,"{'price_above_30w_ma': True, '30w_ma_rising': True, 'price_above_10w_ma': False, 'relative_strength_positive': False, 'near_52w_high': False}",lagging,leading,99.91,98.11,-1.33,-2.18,False,False,2026-09-09 ratio=101.24 momentum=100.29; 2026-09-10 ratio=101.05 momentum=100.78; 2026-09-11 ratio=101.01 momentum=101.18; 2026-09-15 ratio=100.20 momentum=97.08; 2026-09-16 ratio=99.91 momentum=98.11,43.5
stock,Life Insurance,LICI.NS,Life Insurance,Financial Services,517551.75,2.45,13584.25,23.98,239865.7,6.76,8.61,35.14,,not_stage_2,1,400.0,409.68,-0.72,0.01719,"{'price_above_30w_ma': False, '30w_ma_rising': False, 'price_above_10w_ma': False, 'relative_strength_positive': False, 'near_52w_high': True}",improving,improving,99.83,101.67,-0.06,-0.05,False,False,2026-09-10 ratio=99.89 momentum=101.72; 2026-09-11 ratio=99.89 momentum=99.72; 2026-09-15 ratio=99.36 momentum=98.11; 2026-09-16 ratio=99.55 momentum=100.10; 2026-09-17 ratio=99.83 momentum=101.67,28.35
stock,SBI Life Insuran,SBILIFE.NS,Life Insurance,Financial Services,174138.1,0.16,724.93,21.97,46336.78,18.82,66.95,14.95,,not_stage_2,2,1766.9,1833.26,-2.0,0.07593,"{'price_above_30w_ma': False, '30w_ma_rising': False, 'price_above_10w_ma': False, 'relative_strength_positive': True, 'near_52w_high': True}",leading,lagging,100.57,103.33,1.8,4.02,True,False,2026-09-10 ratio=98.77 momentum=99.30; 2026-09-11 ratio=98.59 momentum=99.92; 2026-09-15 ratio=98.41 momentum=100.13; 2026-09-16 ratio=99.21 momentum=101.86; 2026-09-17 ratio=100.57 momentum=103.33,89.5
stock,HDFC Life Insur.,HDFCLIFE.NS,Life Insurance,Financial Services,119752.54,0.38,611.19,11.46,33758.51,14.58,60.63,10.3,,not_stage_2,2,557.0,585.66,-3.72,0.02394,"{'price_above_30w_ma': False, '30w_ma_rising': False, 'price_above_10w_ma': True, 'relative_strength_positive': True, 'near_52w_high': False}",leading,lagging,102.4,103.36,2.94,3.75,True,False,2026-09-10 ratio=99.46 momentum=99.61; 2026-09-11 ratio=99.95 momentum=100.99; 2026-09-15 ratio=99.34 momentum=99.74; 2026-09-16 ratio=100.37 momentum=102.06; 2026-09-17 ratio=102.40 momentum=103.36,98.8
stock,ICICI Pru Life,ICICIPRULI.NS,Life Insurance,Financial Services,71175.07,0.34,623.91,61.94,3185.46,-79.69,44.27,10.14,,not_stage_2,1,490.5,521.38,-3.82,0.02108,"{'price_above_30w_ma': False, '30w_ma_rising': False, 'price_above_10w_ma': False, 'relative_strength_positive': True, 'near_52w_high': False}",leading,lagging,100.66,100.44,2.15,2.33,True,False,2026-09-10 ratio=98.51 momentum=98.11; 2026-09-11 ratio=98.68 momentum=98.64; 2026-09-15 ratio=97.92 momentum=95.98; 2026-09-16 ratio=98.86 momentum=99.31; 2026-09-17 ratio=100.66 momentum=100.44,55.5
stock,Max Financial,MFSL.NS,Life Insurance,Financial Services,53834.58,0.0,118.29,36.38,14969.51,16.75,496.15,2.87,,not_stage_2,2,1487.6,1597.21,-1.87,0.06393,"{'price_above_30w_ma': False, '30w_ma_rising': False, 'price_above_10w_ma': False, 'relative_strength_positive': True, 'near_52w_high': True}",leading,lagging,100.15,101.08,0.94,4.51,True,False,2026-09-09 ratio=99.21 momentum=96.58; 2026-09-10 ratio=99.45 momentum=98.27; 2026-09-11 ratio=99.53 momentum=98.78; 2026-09-15 ratio=98.72 momentum=96.31; 2026-09-16 ratio=100.15 momentum=101.08,76.15
stock,Canara HSBC,CANHLIFE.NS,Life Insurance,Financial Services,14601.39,0.26,28.14,20.15,4350.86,19.81,111.18,8.35,,stage_2,5,155.36,144.97,0.59,0.00668,"{'price_above_30w_ma': True, '30w_ma_rising': True, 'price_above_10w_ma': True, 'relative_strength_positive': True, 'near_52w_high': True}",leading,weakening,102.07,102.48,0.66,4.86,True,False,2026-09-10 ratio=101.41 momentum=97.63; 2026-09-11 ratio=101.38 momentum=99.97; 2026-09-15 ratio=101.70 momentum=99.66; 2026-09-16 ratio=101.95 momentum=101.81; 2026-09-17 ratio=102.07 momentum=102.48,178.93
stock,Container Corpn.,CONCOR.NS,Logistics Solution Provider,Services,38419.56,1.7,268.9,0.08,2159.76,0.28,30.93,12.64,,not_stage_2,2,488.15,487.28,-0.01,0.02098,"{'price_above_30w_ma': True, '30w_ma_rising': False, 'price_above_10w_ma': False, 'relative_strength_positive': False, 'near_52w_high': True}",weakening,leading,100.05,97.73,-0.79,-7.16,False,False,2026-09-10 ratio=100.84 momentum=104.88; 2026-09-11 ratio=100.64 momentum=98.09; 2026-09-15 ratio=100.07 momentum=97.29; 2026-09-16 ratio=100.21 momentum=97.68; 2026-09-17 ratio=100.05 momentum=97.73,40.25
stock,Delhivery,DELHIVERY.NS,Logistics Solution Provider,Services,31771.44,0.0,31.91,-64.95,2930.73,27.76,266.36,1.01,,not_stage_2,2,421.8,456.35,0.58,0.01813,"{'price_above_30w_ma': False, '30w_ma_rising': True, 'price_above_10w_ma': False, 'relative_strength_positive': False, 'near_52w_high': True}",lagging,improving,98.48,97.84,-1.11,-6.9,False,False,2026-09-09 ratio=99.59 momentum=104.73; 2026-09-10 ratio=99.41 momentum=99.07; 2026-09-11 ratio=99.09 momentum=96.92; 2026-09-15 ratio=98.46 momentum=98.01; 2026-09-16 ratio=98.48 momentum=97.84,41.16
stock,Shadowfax Technologies,SHADOWFAX.NS,Logistics Solution Provider,Services,14736.81,0.0,66.2,624.29,1323.85,66.33,85.56,10.3,,insufficient_data,0,,,,,{},weakening,leading,101.14,99.29,-0.23,-3.91,False,False,2026-09-10 ratio=101.37 momentum=103.20; 2026-09-11 ratio=101.27 momentum=101.87; 2026-09-15 ratio=100.71 momentum=96.44; 2026-09-16 ratio=100.77 momentum=97.40; 2026-09-17 ratio=101.14 momentum=99.29,5.7
stock,Blue Dart Expres,BLUEDART.NS,Logistics Solution Provider,Services,11447.72,0.52,88.49,81.22,1657.72,14.97,35.31,15.77,,not_stage_2,1,4850.5,5067.28,-2.02,0.20844,"{'price_above_30w_ma': False, '30w_ma_rising': False, 'price_above_10w_ma': False, 'relative_strength_positive': True, 'near_52w_high': False}",weakening,leading,100.23,97.09,-0.41,-4.19,False,False,2026-09-09 ratio=100.64 momentum=101.28; 2026-09-10 ratio=100.09 momentum=99.74; 2026-09-11 ratio=99.72 momentum=99.67; 2026-09-15 ratio=100.40 momentum=102.42; 2026-09-16 ratio=100.23 momentum=97.09,21.15
stock,Transport Corp.,TCI.NS,Logistics Solution Provider,Services,6363.52,1.21,106.6,-0.75,1248.5,9.58,13.94,19.45,,not_stage_2,0,827.0,933.75,-2.7,0.03554,"{'price_above_30w_ma': False, '30w_ma_rising': False, 'price_above_10w_ma': False, 'relative_strength_positive': False, 'near_52w_high': False}",lagging,improving,97.72,98.9,-1.38,-2.06,False,False,2026-09-09 ratio=99.10 momentum=100.96; 2026-09-10 ratio=98.51 momentum=99.84; 2026-09-11 ratio=98.81 momentum=101.58; 2026-09-15 ratio=98.70 momentum=103.66; 2026-09-16 ratio=97.72 momentum=98.90,0.0
stock,TVS Supply,TVSSCS.NS,Logistics Solution Provider,Services,5918.97,0.0,22.48,-84.26,3335.22,28.66,83.51,10.06,,stage_2,4,126.28,122.4,1.89,0.00543,"{'price_above_30w_ma': True, '30w_ma_rising': True, 'price_above_10w_ma': False, 'relative_strength_positive': True, 'near_52w_high': True}",improving,lagging,99.94,102.73,0.57,3.61,False,True,2026-09-09 ratio=99.37 momentum=99.12; 2026-09-10 ratio=100.10 momentum=101.05; 2026-09-11 ratio=100.51 momentum=101.50; 2026-09-15 ratio=100.19 momentum=102.14; 2026-09-16 ratio=99.94 momentum=102.73,122.43
stock,VRL Logistics,VRLLOG.NS,Logistics Solution Provider,Services,5133.48,1.7,80.53,60.93,878.84,18.07,19.2,18.27,,stage_2,5,286.05,257.63,0.51,0.01229,"{'price_above_30w_ma': True, '30w_ma_rising': True, 'price_above_10w_ma': True, 'relative_strength_positive': True, 'near_52w_high': True}",weakening,weakening,100.88,96.99,-0.14,-2.32,False,False,2026-09-09 ratio=101.01 momentum=99.31; 2026-09-10 ratio=100.97 momentum=97.77; 2026-09-11 ratio=100.95 momentum=97.97; 2026-09-15 ratio=100.87 momentum=96.21; 2026-09-16 ratio=100.88 momentum=96.99,130.42
stock,Mahindra Logis.,MAHLOG.NS,Logistics Solution Provider,Services,3890.63,0.64,27.83,335.09,2002.88,23.29,98.74,7.36,,not_stage_2,3,386.8,383.9,0.36,0.01662,"{'price_above_30w_ma': True, '30w_ma_rising': True, 'price_above_10w_ma': False, 'relative_strength_positive': False, 'near_52w_high': True}",leading,leading,100.11,101.38,-1.36,-0.03,False,False,2026-09-09 ratio=101.47 momentum=101.41; 2026-09-10 ratio=101.17 momentum=101.59; 2026-09-11 ratio=100.96 momentum=101.54; 2026-09-15 ratio=100.37 momentum=100.92; 2026-09-16 ratio=100.11 momentum=101.38,88.17
stock,Gateway Distri,GATEWAY.NS,Logistics Solution Provider,Services,2642.62,3.78,51.26,-20.79,549.3,-0.21,10.78,10.83,,not_stage_2,1,52.34,56.45,-1.39,0.00225,"{'price_above_30w_ma': False, '30w_ma_rising': False, 'price_above_10w_ma': False, 'relative_strength_positive': False, 'near_52w_high': True}",improving,improving,99.21,103.6,-0.21,0.68,False,False,2026-09-09 ratio=99.42 momentum=102.91; 2026-09-10 ratio=99.46 momentum=102.28; 2026-09-11 ratio=99.44 momentum=102.54; 2026-09-15 ratio=99.36 momentum=101.92; 2026-09-16 ratio=99.21 momentum=103.60,38.0
stock,TCI Express,TCIEXP.NS,Logistics Solution Provider,Services,1864.75,1.44,22.38,6.37,311.95,8.79,20.45,14.63,,not_stage_2,0,489.1,528.62,-0.88,0.02102,"{'price_above_30w_ma': False, '30w_ma_rising': False, 'price_above_10w_ma': False, 'relative_strength_positive': False, 'near_52w_high': False}",lagging,leading,97.44,97.78,-2.89,-3.28,False,False,2026-09-09 ratio=100.33 momentum=101.06; 2026-09-10 ratio=100.00 momentum=97.97; 2026-09-11 ratio=98.90 momentum=96.99; 2026-09-15 ratio=97.98 momentum=97.37; 2026-09-16 ratio=97.44 momentum=97.78,0.0
stock,Castrol India,CASTROLIND.NS,Lubricants,"Oil, Gas & Consumable Fuels",19506.68,4.44,347.7,42.5,1871.47,25.03,18.09,60.27,,stage_2,5,191.72,184.77,0.23,0.00824,"{'price_above_30w_ma': True, '30w_ma_rising': True, 'price_above_10w_ma': True, 'relative_strength_positive': True, 'near_52w_high': True}",leading,leading,102.91,104.03,0.6,2.21,False,False,2026-09-10 ratio=102.32 momentum=101.83; 2026-09-11 ratio=102.33 momentum=102.45; 2026-09-15 ratio=102.73 momentum=103.74; 2026-09-16 ratio=102.57 momentum=103.37; 2026-09-17 ratio=102.91 momentum=104.03,180.16
stock,Gulf Oil Lubric.,GULFOILLUB.NS,Lubricants,"Oil, Gas & Consumable Fuels",5297.46,4.77,127.52,31.93,1320.36,32.52,13.33,27.23,,not_stage_2,3,1057.2,1015.02,-0.26,0.04543,"{'price_above_30w_ma': True, '30w_ma_rising': False, 'price_above_10w_ma': False, 'relative_strength_positive': True, 'near_52w_high': True}",weakening,weakening,100.01,97.76,-0.31,-0.36,False,False,2026-09-09 ratio=100.32 momentum=98.12; 2026-09-10 ratio=100.12 momentum=97.62; 2026-09-11 ratio=99.95 momentum=97.67; 2026-09-15 ratio=100.10 momentum=98.77; 2026-09-16 ratio=100.01 momentum=97.76,60.05
stock,Savita Oil Tech,SOTL.NS,Lubricants,"Oil, Gas & Consumable Fuels",4853.02,0.71,292.25,395.59,1479.77,49.6,11.36,13.96,,stage_2,5,691.4,512.38,10.19,0.02971,"{'price_above_30w_ma': True, '30w_ma_rising': True, 'price_above_10w_ma': True, 'relative_strength_positive': True, 'near_52w_high': True}",weakening,leading,100.85,96.35,-0.14,-3.72,False,False,2026-09-10 ratio=100.99 momentum=100.07; 2026-09-11 ratio=101.31 momentum=100.50; 2026-09-15 ratio=100.94 momentum=99.81; 2026-09-16 ratio=100.96 momentum=96.46; 2026-09-17 ratio=100.85 momentum=96.35,149.63
stock,Panama Petrochem,PANAMAPET.NS,Lubricants,"Oil, Gas & Consumable Fuels",2842.24,0.64,308.91,624.8,1735.15,150.3,5.94,19.15,,not_stage_2,3,451.55,372.57,7.02,0.0194,"{'price_above_30w_ma': True, '30w_ma_rising': True, 'price_above_10w_ma': False, 'relative_strength_positive': False, 'near_52w_high': True}",lagging,leading,99.95,97.91,-1.57,-4.3,False,False,2026-09-09 ratio=101.51 momentum=102.22; 2026-09-10 ratio=101.21 momentum=102.13; 2026-09-11 ratio=100.95 momentum=102.85; 2026-09-15 ratio=100.02 momentum=98.87; 2026-09-16 ratio=99.95 momentum=97.91,74.04
stock,Gandhar Oil Ref.,GANDHAR.NS,Lubricants,"Oil, Gas & Consumable Fuels",2702.42,0.72,205.89,633.09,1731.93,91.81,8.97,13.33,,stage_2,5,269.4,185.11,9.36,0.01158,"{'price_above_30w_ma': True, '30w_ma_rising': True, 'price_above_10w_ma': True, 'relative_strength_positive': True, 'near_52w_high': True}",leading,leading,101.44,100.03,-0.1,-3.19,False,False,2026-09-10 ratio=101.54 momentum=103.22; 2026-09-11 ratio=101.58 momentum=103.72; 2026-09-15 ratio=101.19 momentum=100.06; 2026-09-16 ratio=101.05 momentum=98.44; 2026-09-17 ratio=101.44 momentum=100.03,171.07
stock,Veedol Corporat,VEEDOL.NS,Lubricants,"Oil, Gas & Consumable Fuels",2393.34,4.21,77.92,56.88,608.57,18.49,10.89,24.09,,not_stage_2,1,1375.3,1421.39,0.01,0.0591,"{'price_above_30w_ma': False, '30w_ma_rising': True, 'price_above_10w_ma': False, 'relative_strength_positive': False, 'near_52w_high': False}",lagging,weakening,99.4,96.54,-1.21,0.51,False,False,2026-09-09 ratio=100.61 momentum=96.02; 2026-09-10 ratio=100.54 momentum=97.31; 2026-09-11 ratio=100.42 momentum=96.77; 2026-09-15 ratio=99.71 momentum=97.48; 2026-09-16 ratio=99.40 momentum=96.54,20.02
stock,GP Petroleums,GULFPETRO.NS,Lubricants,"Oil, Gas & Consumable Fuels",317.65,0.81,21.19,229.04,230.33,45.6,7.3,10.84,,stage_2,5,61.1,41.96,11.01,0.00263,"{'price_above_30w_ma': True, '30w_ma_rising': True, 'price_above_10w_ma': True, 'relative_strength_positive': True, 'near_52w_high': True}",weakening,weakening,100.68,96.63,-0.62,-0.32,False,False,2026-09-09 ratio=101.30 momentum=96.95; 2026-09-10 ratio=101.12 momentum=97.38; 2026-09-11 ratio=100.96 momentum=96.41; 2026-09-15 ratio=100.73 momentum=96.20; 2026-09-16 ratio=100.68 momentum=96.63,150.42
stock,Arabian Petrol.,ARABIAN.NS,Lubricants,"Oil, Gas & Consumable Fuels",93.12,0.0,5.21,3.37,200.25,36.98,8.27,18.41,,stage_2,5,82.0,73.1,2.43,0.00352,"{'price_above_30w_ma': True, '30w_ma_rising': True, 'price_above_10w_ma': True, 'relative_strength_positive': True, 'near_52w_high': True}",weakening,leading,100.77,98.03,-0.36,-2.71,False,False,2026-09-09 ratio=101.13 momentum=100.74; 2026-09-10 ratio=100.62 momentum=98.60; 2026-09-11 ratio=100.26 momentum=96.58; 2026-09-15 ratio=100.36 momentum=97.05; 2026-09-16 ratio=100.77 momentum=98.03,133.71
stock,Sundrex Oil,SOCL.NS,Lubricants,"Oil, Gas & Consumable Fuels",38.17,0.0,2.9,-16.18,67.25,96.29,7.17,21.24,,insufficient_data,0,,,,,{},insufficient_data,insufficient_data,,,,,False,False,,0.0
stock,Venky's (India),VENKEYS.NS,Meat Products including Poultry,Fast Moving Consumer Goods,2322.29,0.61,49.99,215.79,1118.38,29.17,13.39,11.9,,stage_2,5,1655.6,1474.45,1.65,0.07115,"{'price_above_30w_ma': True, '30w_ma_rising': True, 'price_above_10w_ma': True, 'relative_strength_positive': True, 'near_52w_high': True}",weakening,leading,101.48,97.58,-0.96,-3.73,False,False,2026-09-10 ratio=102.44 momentum=101.31; 2026-09-11 ratio=103.08 momentum=103.67; 2026-09-15 ratio=102.34 momentum=95.27; 2026-09-16 ratio=101.73 momentum=97.88; 2026-09-17 ratio=101.48 momentum=97.58,135.7
stock,SKM Egg Prod.,SKMEGGPROD.NS,Meat Products including Poultry,Fast Moving Consumer Goods,1208.83,0.54,23.82,46.5,184.26,4.87,10.86,30.7,,not_stage_2,2,231.9,221.72,3.68,0.00997,"{'price_above_30w_ma': True, '30w_ma_rising': True, 'price_above_10w_ma': False, 'relative_strength_positive': False, 'near_52w_high': False}",lagging,lagging,99.08,97.66,-0.26,-0.01,False,False,2026-09-10 ratio=99.34 momentum=97.68; 2026-09-11 ratio=99.20 momentum=99.10; 2026-09-15 ratio=99.04 momentum=96.08; 2026-09-16 ratio=98.99 momentum=97.29; 2026-09-17 ratio=99.08 momentum=97.66,47.36
stock,HMA Agro Inds.,HMAAGRO.NS,Meat Products including Poultry,Fast Moving Consumer Goods,1190.33,1.26,50.51,6158.02,2110.32,87.98,5.55,15.99,,not_stage_2,3,23.04,23.01,-3.33,0.00099,"{'price_above_30w_ma': True, '30w_ma_rising': False, 'price_above_10w_ma': True, 'relative_strength_positive': True, 'near_52w_high': False}",leading,lagging,102.8,102.14,4.06,2.18,True,False,2026-09-09 ratio=98.74 momentum=99.97; 2026-09-10 ratio=98.68 momentum=99.38; 2026-09-11 ratio=98.96 momentum=100.26; 2026-09-15 ratio=103.72 momentum=103.21; 2026-09-16 ratio=102.80 momentum=102.14,114.7
stock,Prime Focus,PFOCUS.NS,Media & Entertainment,"Media, Entertainment & Publication",26837.11,0.0,-45.78,-90.56,1266.81,23.81,150.33,11.28,,stage_2,5,320.45,280.35,2.73,0.01377,"{'price_above_30w_ma': True, '30w_ma_rising': True, 'price_above_10w_ma': True, 'relative_strength_positive': True, 'near_52w_high': True}",leading,leading,102.17,102.86,0.16,1.41,False,False,2026-09-09 ratio=102.02 momentum=101.46; 2026-09-10 ratio=101.79 momentum=101.38; 2026-09-11 ratio=101.67 momentum=101.37; 2026-09-15 ratio=102.21 momentum=102.65; 2026-09-16 ratio=102.17 momentum=102.86,175.61
stock,Saregama India,SAREGAMA.NS,Media & Entertainment,"Media, Entertainment & Publication",9637.56,0.9,51.88,40.64,263.6,27.48,42.23,17.29,,not_stage_2,3,486.55,428.26,5.12,0.02091,"{'price_above_30w_ma': True, '30w_ma_rising': True, 'price_above_10w_ma': False, 'relative_strength_positive': False, 'near_52w_high': True}",leading,leading,100.01,100.58,-0.68,-1.08,False,False,2026-09-09 ratio=100.69 momentum=101.66; 2026-09-10 ratio=100.86 momentum=102.36; 2026-09-11 ratio=100.94 momentum=102.06; 2026-09-15 ratio=100.12 momentum=102.01; 2026-09-16 ratio=100.01 momentum=100.58,93.19
stock,Tips Music,TIPSMUSIC.NS,Media & Entertainment,"Media, Entertainment & Publication",8419.66,1.98,43.7,-4.67,106.51,20.94,39.23,118.47,,stage_2,4,654.55,626.66,2.07,0.02813,"{'price_above_30w_ma': True, '30w_ma_rising': True, 'price_above_10w_ma': False, 'relative_strength_positive': True, 'near_52w_high': True}",leading,leading,100.53,102.26,0.41,-0.08,False,False,2026-09-09 ratio=100.12 momentum=102.35; 2026-09-10 ratio=100.39 momentum=101.35; 2026-09-11 ratio=100.63 momentum=102.65; 2026-09-15 ratio=100.86 momentum=102.80; 2026-09-16 ratio=100.53 momentum=102.26,143.09
stock,Netwrk.18 Media,NETWORK18.NS,Media & Entertainment,"Media, Entertainment & Publication",4163.4,0.0,-38.36,-2074.55,516.26,10.34,,3.01,,not_stage_2,0,26.12,31.23,-4.01,0.00112,"{'price_above_30w_ma': False, '30w_ma_rising': False, 'price_above_10w_ma': False, 'relative_strength_positive': False, 'near_52w_high': False}",lagging,lagging,98.38,98.48,-0.33,2.25,False,False,2026-09-09 ratio=98.71 momentum=96.23; 2026-09-10 ratio=98.61 momentum=97.50; 2026-09-11 ratio=98.55 momentum=97.95; 2026-09-15 ratio=98.28 momentum=100.10; 2026-09-16 ratio=98.38 momentum=98.48,0.0
stock,Balaji Telefilms,BALAJITELE.NS,Media & Entertainment,"Media, Entertainment & Publication",1161.24,0.0,22.39,489.25,240.29,229.93,,-9.54,,stage_2,4,95.97,92.91,0.35,0.00412,"{'price_above_30w_ma': True, '30w_ma_rising': True, 'price_above_10w_ma': True, 'relative_strength_positive': True, 'near_52w_high': False}",leading,weakening,101.96,102.87,0.88,3.7,True,False,2026-09-10 ratio=101.09 momentum=99.18; 2026-09-11 ratio=100.85 momentum=98.24; 2026-09-15 ratio=102.17 momentum=103.27; 2026-09-16 ratio=101.23 momentum=100.83; 2026-09-17 ratio=101.96 momentum=102.87,159.85
stock,Ent.Network,ENIL.NS,Media & Entertainment,"Media, Entertainment & Publication",486.49,1.96,-6.01,-11.5,113.69,-2.79,364.09,-0.75,,not_stage_2,1,100.85,107.79,-0.97,0.00433,"{'price_above_30w_ma': False, '30w_ma_rising': False, 'price_above_10w_ma': False, 'relative_strength_positive': True, 'near_52w_high': False}",leading,leading,100.18,103.02,0.09,2.3,False,False,2026-09-10 ratio=100.10 momentum=100.72; 2026-09-11 ratio=100.04 momentum=100.47; 2026-09-15 ratio=100.18 momentum=102.10; 2026-09-16 ratio=100.05 momentum=102.47; 2026-09-17 ratio=100.18 momentum=103.02,56.0
stock,Basilic Fly Stud,BASILIC.NS,Media & Entertainment,"Media, Entertainment & Publication",449.97,0.0,6.7,-9.37,103.5,9.87,9.35,22.32,,not_stage_2,0,179.0,207.79,-4.39,0.00769,"{'price_above_30w_ma': False, '30w_ma_rising': False, 'price_above_10w_ma': False, 'relative_strength_positive': False, 'near_52w_high': False}",lagging,leading,98.72,98.04,-1.34,-5.36,False,False,2026-09-09 ratio=100.06 momentum=103.39; 2026-09-10 ratio=100.66 momentum=104.15; 2026-09-11 ratio=100.37 momentum=103.55; 2026-09-15 ratio=100.16 momentum=99.64; 2026-09-16 ratio=98.72 momentum=98.04,0.0
stock,Gretex Industrie,GRETEX.NS,Media & Entertainment,"Media, Entertainment & Publication",348.89,0.0,0.1,-92.09,27.6,43.97,249.21,3.01,,not_stage_2,1,225.0,273.83,1.03,0.00967,"{'price_above_30w_ma': False, '30w_ma_rising': True, 'price_above_10w_ma': False, 'relative_strength_positive': False, 'near_52w_high': False}",improving,lagging,98.1,100.85,0.79,2.95,False,True,2026-09-09 ratio=97.31 momentum=97.89; 2026-09-10 ratio=97.51 momentum=97.52; 2026-09-11 ratio=97.33 momentum=96.05; 2026-09-15 ratio=98.02 momentum=98.87; 2026-09-16 ratio=98.10 momentum=100.85,26.31
stock,Shemaroo Entert.,SHEMAROO.NS,Media & Entertainment,"Media, Entertainment & Publication",334.39,0.0,-8.07,82.43,131.68,-5.62,,-39.34,,not_stage_2,3,115.82,111.63,2.75,0.00498,"{'price_above_30w_ma': True, '30w_ma_rising': True, 'price_above_10w_ma': False, 'relative_strength_positive': False, 'near_52w_high': True}",lagging,weakening,99.25,97.96,-1.35,-1.96,False,False,2026-09-09 ratio=100.60 momentum=99.93; 2026-09-10 ratio=100.26 momentum=98.15; 2026-09-11 ratio=100.04 momentum=99.37; 2026-09-15 ratio=99.12 momentum=97.88; 2026-09-16 ratio=99.25 momentum=97.96,65.5
stock,Optimystix Entertainment,OPTIMYSTIX.NS,Media & Entertainment,"Media, Entertainment & Publication",324.49,0.0,,,,,13.54,27.26,,insufficient_data,0,,,,,{},insufficient_data,insufficient_data,,,,,False,False,,0.0
stock,Poly Medicure,POLYMED.NS,Medical Equipment & Supplies,Healthcare,17504.19,0.2,85.28,-7.57,525.38,30.3,54.7,12.5,,stage_2,4,1704.6,1542.29,3.17,0.07325,"{'price_above_30w_ma': True, '30w_ma_rising': True, 'price_above_10w_ma': False, 'relative_strength_positive': True, 'near_52w_high': True}",weakening,leading,100.93,99.45,-0.27,-2.3,False,False,2026-09-09 ratio=101.19 momentum=101.75; 2026-09-10 ratio=101.54 momentum=102.20; 2026-09-11 ratio=101.41 momentum=101.53; 2026-09-15 ratio=101.11 momentum=99.65; 2026-09-16 ratio=100.93 momentum=99.45,115.99
stock,Molbio Diagnosti,MOLBIO.NS,Medical Equipment & Supplies,Healthcare,14849.26,0.0,52.75,347.79,408.38,309.57,59.48,18.48,,insufficient_data,0,,,,,{},insufficient_data,insufficient_data,,,,,False,False,,0.0
stock,Fischer Medical,FISCHER.NS,Medical Equipment & Supplies,Healthcare,2321.72,0.15,3.79,-22.02,81.92,249.49,94.84,11.38,,not_stage_2,0,33.3,37.29,-2.02,0.00143,"{'price_above_30w_ma': False, '30w_ma_rising': False, 'price_above_10w_ma': False, 'relative_strength_positive': False, 'near_52w_high': False}",lagging,improving,97.85,95.95,-0.71,-4.7,False,False,2026-09-10 ratio=98.56 momentum=100.65; 2026-09-11 ratio=99.52 momentum=102.26; 2026-09-15 ratio=98.35 momentum=100.20; 2026-09-16 ratio=97.92 momentum=97.81; 2026-09-17 ratio=97.85 momentum=95.95,0.0
stock,Tarsons Products,TARSONS.NS,Medical Equipment & Supplies,Healthcare,1628.64,0.0,-1.44,-180.9,110.24,20.67,137.55,4.59,,not_stage_2,3,302.3,251.25,6.68,0.01299,"{'price_above_30w_ma': True, '30w_ma_rising': True, 'price_above_10w_ma': False, 'relative_strength_positive': False, 'near_52w_high': True}",lagging,weakening,99.64,96.87,-0.97,-0.07,False,False,2026-09-09 ratio=100.61 momentum=96.94; 2026-09-10 ratio=100.37 momentum=98.23; 2026-09-11 ratio=100.05 momentum=97.80; 2026-09-15 ratio=99.79 momentum=97.74; 2026-09-16 ratio=99.64 momentum=96.87,73.36
stock,Q-Line Biotech,QLINE.NS,Medical Equipment & Supplies,Healthcare,1625.86,0.0,34.41,147.29,197.94,-8.59,28.79,22.46,,insufficient_data,0,,,,,{},insufficient_data,insufficient_data,,,,,False,False,,0.0
stock,Laxmi Dental,LAXMIDENTL.NS,Medical Equipment & Supplies,Healthcare,1090.02,0.0,10.32,22.77,74.7,13.87,31.34,15.05,,not_stage_2,1,198.23,205.31,0.35,0.00852,"{'price_above_30w_ma': False, '30w_ma_rising': True, 'price_above_10w_ma': False, 'relative_strength_positive': False, 'near_52w_high': False}",improving,improving,99.73,103.42,-0.15,0.15,False,False,2026-09-10 ratio=99.88 momentum=103.27; 2026-09-11 ratio=100.01 momentum=102.36; 2026-09-15 ratio=99.74 momentum=102.45; 2026-09-16 ratio=99.46 momentum=102.77; 2026-09-17 ratio=99.73 momentum=103.42,37.8
stock,Vasa Denticity,DENTALKART.NS,Medical Equipment & Supplies,Healthcare,729.13,0.0,4.19,45.99,82.17,36.9,60.26,9.21,,not_stage_2,1,394.5,401.81,-4.34,0.01695,"{'price_above_30w_ma': False, '30w_ma_rising': False, 'price_above_10w_ma': False, 'relative_strength_positive': True, 'near_52w_high': False}",leading,weakening,100.41,100.77,-0.15,3.35,False,False,2026-09-09 ratio=100.57 momentum=97.42; 2026-09-10 ratio=99.98 momentum=97.86; 2026-09-11 ratio=100.03 momentum=98.50; 2026-09-15 ratio=100.05 momentum=99.16; 2026-09-16 ratio=100.41 momentum=100.77,45.9
stock,OSEL Devices,OSELDEVICE.NS,Medical Equipment & Supplies,Healthcare,647.54,0.0,14.06,16.78,145.81,47.1,22.14,24.4,,insufficient_data,0,,,,,{},insufficient_data,insufficient_data,,,,,False,False,,0.0
stock,QMS Medical,QMSMEDI.NS,Medical Equipment & Supplies,Healthcare,342.97,0.28,3.96,24.57,56.87,22.3,31.9,13.23,,stage_2,5,164.29,104.07,9.9,0.00706,"{'price_above_30w_ma': True, '30w_ma_rising': True, 'price_above_10w_ma': True, 'relative_strength_positive': True, 'near_52w_high': True}",weakening,weakening,101.8,97.5,0.32,1.33,False,False,2026-09-09 ratio=101.48 momentum=96.16; 2026-09-10 ratio=101.34 momentum=96.91; 2026-09-11 ratio=101.66 momentum=98.33; 2026-09-15 ratio=102.01 momentum=98.69; 2026-09-16 ratio=101.80 momentum=97.50,153.8
stock,Nureca,NURECA.NS,Medical Equipment & Supplies,Healthcare,330.46,0.0,3.07,279.01,40.34,18.02,76.14,3.3,,stage_2,5,338.3,278.32,2.41,0.01454,"{'price_above_30w_ma': True, '30w_ma_rising': True, 'price_above_10w_ma': True, 'relative_strength_positive': True, 'near_52w_high': True}",leading,leading,101.24,100.28,0.15,-2.91,False,False,2026-09-09 ratio=101.08 momentum=103.19; 2026-09-10 ratio=101.29 momentum=102.11; 2026-09-11 ratio=101.00 momentum=99.89; 2026-09-15 ratio=100.78 momentum=98.90; 2026-09-16 ratio=101.24 momentum=100.28,157.42
stock,CreditAcc. Gram.,CREDITACC.NS,Microfinance Institutions,Financial Services,22273.7,0.0,493.39,719.72,1783.49,21.92,18.4,9.98,,not_stage_2,3,1370.8,1361.84,1.13,0.05891,"{'price_above_30w_ma': True, '30w_ma_rising': True, 'price_above_10w_ma': False, 'relative_strength_positive': False, 'near_52w_high': True}",improving,improving,98.71,101.21,-0.26,0.36,False,False,2026-09-10 ratio=98.97 momentum=100.85; 2026-09-11 ratio=99.47 momentum=102.99; 2026-09-15 ratio=99.54 momentum=104.88; 2026-09-16 ratio=99.59 momentum=104.33; 2026-09-17 ratio=98.71 momentum=101.21,68.31
stock,Muthoot Microfin,MUTHOOTMF.NS,Microfinance Institutions,Financial Services,3225.18,0.0,81.34,1216.18,668.64,19.69,13.14,9.31,,not_stage_2,1,187.41,193.43,1.14,0.00805,"{'price_above_30w_ma': False, '30w_ma_rising': True, 'price_above_10w_ma': False, 'relative_strength_positive': False, 'near_52w_high': False}",improving,lagging,98.63,100.79,-0.3,3.25,False,False,2026-09-09 ratio=98.93 momentum=97.54; 2026-09-10 ratio=98.88 momentum=99.64; 2026-09-11 ratio=98.97 momentum=99.24; 2026-09-15 ratio=98.65 momentum=98.78; 2026-09-16 ratio=98.63 momentum=100.79,26.23
stock,Fusion Finance,FUSION.NS,Microfinance Institutions,Financial Services,2996.5,0.0,62.41,167.65,458.17,3.59,17.78,5.92,,not_stage_2,2,182.73,188.64,0.54,0.00785,"{'price_above_30w_ma': False, '30w_ma_rising': True, 'price_above_10w_ma': False, 'relative_strength_positive': False, 'near_52w_high': True}",lagging,lagging,98.59,98.6,-0.67,1.33,False,False,2026-09-09 ratio=99.26 momentum=97.26; 2026-09-10 ratio=98.93 momentum=98.51; 2026-09-11 ratio=98.94 momentum=98.32; 2026-09-15 ratio=99.04 momentum=98.40; 2026-09-16 ratio=98.59 momentum=98.60,41.08
stock,Satin Creditcare,SATIN.NS,Microfinance Institutions,Financial Services,2424.17,0.0,122.65,172.0,762.14,8.39,5.92,13.84,,not_stage_2,3,217.88,206.48,4.21,0.00936,"{'price_above_30w_ma': True, '30w_ma_rising': True, 'price_above_10w_ma': False, 'relative_strength_positive': False, 'near_52w_high': True}",improving,improving,99.44,104.39,0.42,4.37,False,True,2026-09-09 ratio=99.02 momentum=100.03; 2026-09-10 ratio=99.16 momentum=100.86; 2026-09-11 ratio=99.21 momentum=102.59; 2026-09-15 ratio=99.29 momentum=101.67; 2026-09-16 ratio=99.44 momentum=104.39,90.37
stock,Spandana Sphoort,SPANDANA.NS,Microfinance Institutions,Financial Services,2030.0,0.0,11.88,103.3,283.91,-5.51,,-5.78,,not_stage_2,0,225.8,245.88,-0.9,0.0097,"{'price_above_30w_ma': False, '30w_ma_rising': False, 'price_above_10w_ma': False, 'relative_strength_positive': False, 'near_52w_high': False}",improving,improving,98.97,101.96,-0.06,1.9,False,False,2026-09-09 ratio=99.02 momentum=100.05; 2026-09-10 ratio=99.03 momentum=100.92; 2026-09-11 ratio=99.22 momentum=101.77; 2026-09-15 ratio=99.02 momentum=100.99; 2026-09-16 ratio=98.97 momentum=101.96,9.8
stock,Bajaj Finance,BAJFINANCE.NS,Non Banking Financial Company (NBFC),Financial Services,647048.54,0.52,6080.6,27.37,23165.45,18.65,31.59,10.87,,not_stage_2,3,1006.2,971.25,0.74,0.04324,"{'price_above_30w_ma': True, '30w_ma_rising': True, 'price_above_10w_ma': False, 'relative_strength_positive': False, 'near_52w_high': True}",lagging,weakening,99.26,97.82,-0.93,0.25,False,False,2026-09-09 ratio=100.19 momentum=97.57; 2026-09-10 ratio=100.23 momentum=96.65; 2026-09-11 ratio=100.02 momentum=95.63; 2026-09-15 ratio=99.54 momentum=97.53; 2026-09-16 ratio=99.26 momentum=97.82,61.48
stock,Shriram Finance,SHRIRAMFIN.NS,Non Banking Financial Company (NBFC),Financial Services,237192.7,1.07,3452.77,59.89,13400.43,16.16,20.96,11.49,,not_stage_2,2,995.0,1009.88,0.01,0.04276,"{'price_above_30w_ma': False, '30w_ma_rising': True, 'price_above_10w_ma': False, 'relative_strength_positive': False, 'near_52w_high': True}",lagging,lagging,98.95,98.41,-0.95,0.5,False,False,2026-09-10 ratio=99.90 momentum=97.91; 2026-09-11 ratio=99.73 momentum=98.35; 2026-09-15 ratio=98.66 momentum=92.32; 2026-09-16 ratio=98.56 momentum=96.97; 2026-09-17 ratio=98.95 momentum=98.41,40.02
stock,Cholaman.Inv.&Fn,CHOLAFIN.NS,Non Banking Financial Company (NBFC),Financial Services,154037.8,0.11,1656.22,45.56,8856.29,21.87,26.78,9.71,,not_stage_2,3,1765.6,1671.7,1.13,0.07587,"{'price_above_30w_ma': True, '30w_ma_rising': True, 'price_above_10w_ma': False, 'relative_strength_positive': False, 'near_52w_high': True}",improving,leading,99.98,100.02,-1.18,-0.55,False,False,2026-09-09 ratio=101.16 momentum=100.57; 2026-09-10 ratio=101.66 momentum=101.01; 2026-09-11 ratio=101.45 momentum=101.28; 2026-09-15 ratio=100.72 momentum=99.67; 2026-09-16 ratio=99.98 momentum=100.02,62.36
stock,Tata Capital,TATACAP.NS,Non Banking Financial Company (NBFC),Financial Services,149035.05,0.16,1628.18,56.32,8821.93,15.1,27.42,8.58,,not_stage_2,3,343.65,339.36,0.7,0.01477,"{'price_above_30w_ma': True, '30w_ma_rising': True, 'price_above_10w_ma': False, 'relative_strength_positive': False, 'near_52w_high': True}",lagging,weakening,99.3,98.15,-2.04,1.05,False,False,2026-09-10 ratio=101.33 momentum=97.09; 2026-09-11 ratio=101.39 momentum=97.94; 2026-09-15 ratio=100.76 momentum=98.79; 2026-09-16 ratio=99.40 momentum=97.53; 2026-09-17 ratio=99.30 momentum=98.15,61.4
stock,Muthoot Finance,MUTHOOTFIN.NS,Non Banking Financial Company (NBFC),Financial Services,113987.15,1.06,2824.84,38.83,8671.6,34.44,10.02,15.8,,not_stage_2,0,2771.4,3172.77,-3.07,0.11909,"{'price_above_30w_ma': False, '30w_ma_rising': False, 'price_above_10w_ma': False, 'relative_strength_positive': False, 'near_52w_high': False}",lagging,lagging,99.15,99.72,-0.05,4.44,False,False,2026-09-09 ratio=99.20 momentum=95.27; 2026-09-10 ratio=99.41 momentum=96.80; 2026-09-11 ratio=99.06 momentum=93.64; 2026-09-15 ratio=98.75 momentum=96.53; 2026-09-16 ratio=99.15 momentum=99.72,0.0
stock,L&T Finance Ltd,LTF.NS,Non Banking Financial Company (NBFC),Financial Services,78476.59,0.88,915.99,28.72,5212.92,22.38,24.5,8.4,,not_stage_2,3,295.5,290.32,0.91,0.0127,"{'price_above_30w_ma': True, '30w_ma_rising': True, 'price_above_10w_ma': False, 'relative_strength_positive': False, 'near_52w_high': True}",lagging,weakening,98.91,98.78,-1.9,-0.59,False,False,2026-09-09 ratio=100.81 momentum=99.38; 2026-09-10 ratio=100.83 momentum=99.17; 2026-09-11 ratio=100.69 momentum=101.09; 2026-09-15 ratio=99.34 momentum=96.46; 2026-09-16 ratio=98.91 momentum=98.78,61.82
stock,SBI Cards,SBICARD.NS,Non Banking Financial Company (NBFC),Financial Services,61883.66,0.38,664.44,19.51,5040.55,3.36,27.2,10.1,,not_stage_2,1,636.95,650.32,-2.33,0.02737,"{'price_above_30w_ma': False, '30w_ma_rising': False, 'price_above_10w_ma': False, 'relative_strength_positive': True, 'near_52w_high': False}",leading,leading,100.79,100.45,-1.18,-1.07,False,False,2026-09-10 ratio=101.98 momentum=101.52; 2026-09-11 ratio=101.51 momentum=101.47; 2026-09-15 ratio=100.10 momentum=99.24; 2026-09-16 ratio=99.89 momentum=99.74; 2026-09-17 ratio=100.79 momentum=100.45,46.2
stock,HDB FINANC SER,HDBFS.NS,Non Banking Financial Company (NBFC),Financial Services,57927.12,0.57,785.2,38.31,4937.9,10.58,20.98,9.09,,not_stage_2,3,681.45,675.78,-0.72,0.02928,"{'price_above_30w_ma': True, '30w_ma_rising': False, 'price_above_10w_ma': False, 'relative_strength_positive': True, 'near_52w_high': True}",leading,improving,100.46,104.67,0.51,2.82,True,False,2026-09-10 ratio=99.94 momentum=101.85; 2026-09-11 ratio=99.74 momentum=102.25; 2026-09-15 ratio=99.91 momentum=102.25; 2026-09-16 ratio=100.35 momentum=104.69; 2026-09-17 ratio=100.46 momentum=104.67,115.65
stock,Sundaram Finance,SUNDARMFIN.NS,Non Banking Financial Company (NBFC),Financial Services,52582.48,0.85,636.19,33.88,2644.13,12.57,23.09,9.44,,not_stage_2,4,4672.4,4645.54,-1.82,0.20079,"{'price_above_30w_ma': True, '30w_ma_rising': False, 'price_above_10w_ma': True, 'relative_strength_positive': True, 'near_52w_high': True}",leading,leading,102.08,102.76,-0.82,-0.19,False,False,2026-09-09 ratio=102.90 momentum=102.95; 2026-09-10 ratio=102.39 momentum=101.01; 2026-09-11 ratio=102.39 momentum=102.02; 2026-09-15 ratio=102.50 momentum=102.65; 2026-09-16 ratio=102.08 momentum=102.76,124.2
stock,M & M Fin. Serv.,M&MFIN.NS,Non Banking Financial Company (NBFC),Financial Services,49101.25,2.12,927.48,75.43,5717.91,14.57,14.65,8.72,,not_stage_2,2,345.05,333.65,-0.42,0.01483,"{'price_above_30w_ma': True, '30w_ma_rising': False, 'price_above_10w_ma': False, 'relative_strength_positive': False, 'near_52w_high': True}",lagging,weakening,99.46,98.27,-0.81,1.67,False,False,2026-09-09 ratio=100.27 momentum=96.60; 2026-09-10 ratio=100.02 momentum=95.53; 2026-09-11 ratio=99.91 momentum=97.07; 2026-09-15 ratio=99.44 momentum=97.00; 2026-09-16 ratio=99.46 momentum=98.27,40.0
stock,Dolphin Offshore,DOLPHIN.NS,Offshore Support Solution Drilling,"Oil, Gas & Consumable Fuels",2642.3,0.0,14.81,30.71,42.85,160.64,36.69,14.92,,stage_2,5,635.1,443.62,6.75,0.02729,"{'price_above_30w_ma': True, '30w_ma_rising': True, 'price_above_10w_ma': True, 'relative_strength_positive': True, 'near_52w_high': True}",weakening,weakening,101.25,99.39,-0.64,0.29,False,False,2026-09-09 ratio=101.89 momentum=99.10; 2026-09-10 ratio=101.53 momentum=97.64; 2026-09-11 ratio=101.44 momentum=98.54; 2026-09-15 ratio=101.46 momentum=99.83; 2026-09-16 ratio=101.25 momentum=99.39,144.75
stock,Jindal Drilling,JINDRILL.NS,Offshore Support Solution Drilling,"Oil, Gas & Consumable Fuels",1723.57,0.17,47.14,-28.69,275.39,8.38,8.85,13.67,,not_stage_2,3,582.7,571.8,3.69,0.02504,"{'price_above_30w_ma': True, '30w_ma_rising': True, 'price_above_10w_ma': False, 'relative_strength_positive': False, 'near_52w_high': True}",lagging,leading,99.5,97.91,-2.26,-2.77,False,False,2026-09-10 ratio=101.76 momentum=100.68; 2026-09-11 ratio=101.15 momentum=100.04; 2026-09-15 ratio=100.26 momentum=99.11; 2026-09-16 ratio=100.00 momentum=99.14; 2026-09-17 ratio=99.50 momentum=97.91,67.38
stock,Alphageo (India),ALPHAGEO.NS,Offshore Support Solution Drilling,"Oil, Gas & Consumable Fuels",184.98,1.71,14.86,1660.49,82.13,101.1,,-7.2,,stage_2,5,294.95,228.27,5.89,0.01267,"{'price_above_30w_ma': True, '30w_ma_rising': True, 'price_above_10w_ma': True, 'relative_strength_positive': True, 'near_52w_high': True}",weakening,weakening,100.69,98.49,-0.59,-0.41,False,False,2026-09-10 ratio=101.28 momentum=98.90; 2026-09-11 ratio=101.05 momentum=98.63; 2026-09-15 ratio=100.87 momentum=99.32; 2026-09-16 ratio=100.73 momentum=99.40; 2026-09-17 ratio=100.69 momentum=98.49,140.23
stock,Aakash Explor.,AAKASH.NS,Offshore Support Solution Drilling,"Oil, Gas & Consumable Fuels",89.91,0.0,0.52,-3.7,27.89,16.89,25.84,7.63,,stage_2,5,8.92,8.83,1.29,0.00038,"{'price_above_30w_ma': True, '30w_ma_rising': True, 'price_above_10w_ma': True, 'relative_strength_positive': True, 'near_52w_high': True}",leading,leading,101.5,101.72,-1.01,-1.46,False,False,2026-09-10 ratio=102.51 momentum=103.18; 2026-09-11 ratio=102.29 momentum=102.53; 2026-09-15 ratio=101.47 momentum=102.02; 2026-09-16 ratio=101.20 momentum=101.64; 2026-09-17 ratio=101.50 momentum=101.72,163.68
stock,Aban Offshore,ABAN.NS,Offshore Support Solution Drilling,"Oil, Gas & Consumable Fuels",85.58,0.0,1.8,100.73,99.12,-14.34,,,,not_stage_2,0,14.6,17.82,-4.41,0.00063,"{'price_above_30w_ma': False, '30w_ma_rising': False, 'price_above_10w_ma': False, 'relative_strength_positive': False, 'near_52w_high': False}",improving,lagging,99.54,102.32,0.01,5.68,False,True,2026-09-09 ratio=99.53 momentum=96.64; 2026-09-10 ratio=99.31 momentum=94.94; 2026-09-11 ratio=99.32 momentum=96.89; 2026-09-15 ratio=99.43 momentum=99.34; 2026-09-16 ratio=99.54 momentum=102.32,11.6
stock,Deep Industries,DEEPINDS.NS,Oil Equipment & Services,"Oil, Gas & Consumable Fuels",4758.41,0.34,89.14,45.12,278.92,39.81,11.47,16.47,,stage_2,5,734.7,516.59,10.24,0.03157,"{'price_above_30w_ma': True, '30w_ma_rising': True, 'price_above_10w_ma': True, 'relative_strength_positive': True, 'near_52w_high': True}",weakening,leading,101.16,99.3,-0.58,-1.89,False,False,2026-09-10 ratio=101.74 momentum=101.19; 2026-09-11 ratio=101.62 momentum=100.91; 2026-09-15 ratio=101.26 momentum=99.46; 2026-09-16 ratio=101.22 momentum=100.25; 2026-09-17 ratio=101.16 momentum=99.30,151.28
stock,Asian Energy,ASIANENE.NS,Oil Equipment & Services,"Oil, Gas & Consumable Fuels",2394.91,0.25,12.76,115.5,271.19,135.06,37.08,16.33,,stage_2,5,486.2,358.21,9.33,0.02089,"{'price_above_30w_ma': True, '30w_ma_rising': True, 'price_above_10w_ma': True, 'relative_strength_positive': True, 'near_52w_high': True}",weakening,weakening,101.06,97.63,-0.87,-0.06,False,False,2026-09-10 ratio=101.94 momentum=97.69; 2026-09-11 ratio=101.88 momentum=99.52; 2026-09-15 ratio=101.18 momentum=98.35; 2026-09-16 ratio=101.24 momentum=98.20; 2026-09-17 ratio=101.06 momentum=97.63,148.96
stock,Oil Country,OILCOUNTUB.NS,Oil Equipment & Services,"Oil, Gas & Consumable Fuels",341.85,0.0,-15.11,-71.51,17.44,-29.02,,-25.38,,stage_2,5,63.0,55.25,3.46,0.00271,"{'price_above_30w_ma': True, '30w_ma_rising': True, 'price_above_10w_ma': True, 'relative_strength_positive': True, 'near_52w_high': True}",weakening,leading,101.6,97.14,0.27,-3.21,False,False,2026-09-09 ratio=101.33 momentum=100.35; 2026-09-10 ratio=100.91 momentum=99.68; 2026-09-11 ratio=101.13 momentum=99.48; 2026-09-15 ratio=101.59 momentum=98.57; 2026-09-16 ratio=101.60 momentum=97.14,139.92
stock,Teja Engineering,TEJA.NS,Oil Equipment & Services,"Oil, Gas & Consumable Fuels",150.8,0.0,3.32,36.63,43.98,48.03,24.13,33.1,,insufficient_data,0,,,,,{},insufficient_data,insufficient_data,,,,,False,False,,0.0
stock,O N G C,ONGC.NS,Oil Exploration & Production,"Oil, Gas & Consumable Fuels",292466.24,5.69,6554.44,20.84,204987.35,25.68,6.69,14.15,,not_stage_2,2,232.43,260.04,-1.91,0.00999,"{'price_above_30w_ma': False, '30w_ma_rising': False, 'price_above_10w_ma': False, 'relative_strength_positive': True, 'near_52w_high': True}",leading,leading,100.14,100.31,-0.49,-3.01,False,False,2026-09-10 ratio=100.62 momentum=103.32; 2026-09-11 ratio=99.94 momentum=102.73; 2026-09-15 ratio=100.99 momentum=104.93; 2026-09-16 ratio=100.94 momentum=102.78; 2026-09-17 ratio=100.14 momentum=100.31,62.25
stock,Oil India,OIL.NS,Oil Exploration & Production,"Oil, Gas & Consumable Fuels",77442.62,2.42,4026.83,91.4,12503.32,57.7,9.27,11.51,,stage_2,5,477.4,465.61,0.0,0.02052,"{'price_above_30w_ma': True, '30w_ma_rising': True, 'price_above_10w_ma': True, 'relative_strength_positive': True, 'near_52w_high': True}",weakening,leading,101.14,96.02,-1.01,-7.84,False,False,2026-09-10 ratio=102.15 momentum=103.86; 2026-09-11 ratio=101.72 momentum=99.66; 2026-09-15 ratio=101.71 momentum=99.60; 2026-09-16 ratio=101.64 momentum=98.47; 2026-09-17 ratio=101.14 momentum=96.02,130.7
stock,Vedanta Oil and Gas,VOGL.NS,Oil Exploration & Production,"Oil, Gas & Consumable Fuels",13393.14,0.0,945.0,2691.59,2507.0,8.48,62.3,,,insufficient_data,0,,,,,{},lagging,weakening,99.55,96.15,-0.57,1.03,False,False,2026-09-10 ratio=100.12 momentum=95.12; 2026-09-11 ratio=100.43 momentum=96.42; 2026-09-15 ratio=99.68 momentum=96.24; 2026-09-16 ratio=99.67 momentum=97.78; 2026-09-17 ratio=99.55 momentum=96.15,0.0
stock,Antelopus Selan,ANTELOPUS.NS,Oil Exploration & Production,"Oil, Gas & Consumable Fuels",3890.73,0.0,54.32,450.71,131.04,158.82,27.76,19.92,,stage_2,5,1130.85,752.53,8.3,0.0486,"{'price_above_30w_ma': True, '30w_ma_rising': True, 'price_above_10w_ma': True, 'relative_strength_positive': True, 'near_52w_high': True}",weakening,leading,102.28,98.08,-0.86,-3.93,False,False,2026-09-10 ratio=103.13 momentum=102.01; 2026-09-11 ratio=102.96 momentum=102.19; 2026-09-15 ratio=102.14 momentum=102.28; 2026-09-16 ratio=102.83 momentum=105.26; 2026-09-17 ratio=102.28 momentum=98.08,153.0
stock,Prabha Energy,PRABHA.NS,Oil Exploration & Production,"Oil, Gas & Consumable Fuels",3633.2,0.0,0.29,226.09,1.69,49.56,3302.9,-0.09,,stage_2,5,220.77,167.71,5.07,0.00949,"{'price_above_30w_ma': True, '30w_ma_rising': True, 'price_above_10w_ma': True, 'relative_strength_positive': True, 'near_52w_high': True}",weakening,weakening,101.17,97.92,-1.01,-1.89,False,False,2026-09-10 ratio=102.18 momentum=99.81; 2026-09-11 ratio=101.99 momentum=99.59; 2026-09-15 ratio=101.82 momentum=99.80; 2026-09-16 ratio=101.39 momentum=98.04; 2026-09-17 ratio=101.17 momentum=97.92,140.99
stock,Hind.Oil Explor.,HINDOILEXP.NS,Oil Exploration & Production,"Oil, Gas & Consumable Fuels",2380.27,0.0,6.24,-47.91,114.18,45.17,94.76,3.49,,stage_2,5,180.95,157.41,2.79,0.00778,"{'price_above_30w_ma': True, '30w_ma_rising': True, 'price_above_10w_ma': True, 'relative_strength_positive': True, 'near_52w_high': True}",weakening,leading,101.66,99.54,-0.86,-1.38,False,False,2026-09-10 ratio=102.52 momentum=100.93; 2026-09-11 ratio=102.19 momentum=101.11; 2026-09-15 ratio=101.52 momentum=100.49; 2026-09-16 ratio=101.74 momentum=99.02; 2026-09-17 ratio=101.66 momentum=99.54,138.88
stock,Guj.Nat.Resour.,GNRL.NS,Oil Exploration & Production,"Oil, Gas & Consumable Fuels",1508.45,0.0,11.35,488.08,5.72,70.75,78.12,7.25,,insufficient_data,0,,,,,{},insufficient_data,insufficient_data,,,,,False,False,,0.0
stock,L T Foods,LTFOODS.NS,Other Agricultural Products,Fast Moving Consumer Goods,14699.23,0.71,183.45,8.87,3151.83,27.92,22.96,17.6,,stage_2,4,417.75,403.83,0.98,0.01795,"{'price_above_30w_ma': True, '30w_ma_rising': True, 'price_above_10w_ma': False, 'relative_strength_positive': True, 'near_52w_high': True}",weakening,weakening,100.65,98.02,-1.34,0.89,False,False,2026-09-09 ratio=101.99 momentum=97.13; 2026-09-10 ratio=101.46 momentum=98.10; 2026-09-11 ratio=101.33 momentum=98.32; 2026-09-15 ratio=100.87 momentum=96.60; 2026-09-16 ratio=100.65 momentum=98.02,110.21
stock,KRBL,KRBL.NS,Other Agricultural Products,Fast Moving Consumer Goods,8965.78,1.15,260.74,73.16,1495.86,-5.59,11.83,15.16,,stage_2,5,394.85,360.47,2.28,0.01697,"{'price_above_30w_ma': True, '30w_ma_rising': True, 'price_above_10w_ma': True, 'relative_strength_positive': True, 'near_52w_high': True}",weakening,weakening,100.67,97.31,-1.31,1.94,False,False,2026-09-09 ratio=101.98 momentum=95.37; 2026-09-10 ratio=101.52 momentum=95.68; 2026-09-11 ratio=101.43 momentum=93.67; 2026-09-15 ratio=100.82 momentum=96.90; 2026-09-16 ratio=100.67 momentum=97.31,132.91
stock,Guj. Ambuja Exp,GAEL.NS,Other Agricultural Products,Fast Moving Consumer Goods,7203.81,0.19,176.77,171.87,1594.22,23.47,17.19,12.46,,not_stage_2,3,157.16,155.51,2.2,0.00675,"{'price_above_30w_ma': True, '30w_ma_rising': True, 'price_above_10w_ma': False, 'relative_strength_positive': False, 'near_52w_high': True}",lagging,weakening,99.85,96.57,-0.78,-2.22,False,False,2026-09-09 ratio=100.62 momentum=98.78; 2026-09-10 ratio=100.43 momentum=99.54; 2026-09-11 ratio=100.31 momentum=99.90; 2026-09-15 ratio=100.07 momentum=94.76; 2026-09-16 ratio=99.85 momentum=96.57,64.4
stock,TruAlt Bioenergy,TRUALT.NS,Other Agricultural Products,Fast Moving Consumer Goods,3616.19,0.0,59.27,1108.25,626.88,106.29,23.12,10.44,,not_stage_2,3,423.95,446.14,0.47,0.01822,"{'price_above_30w_ma': False, '30w_ma_rising': True, 'price_above_10w_ma': False, 'relative_strength_positive': True, 'near_52w_high': True}",improving,improving,99.99,102.27,0.54,1.11,False,True,2026-09-10 ratio=99.45 momentum=101.16; 2026-09-11 ratio=99.37 momentum=100.80; 2026-09-15 ratio=99.41 momentum=101.84; 2026-09-16 ratio=99.96 momentum=103.57; 2026-09-17 ratio=99.99 momentum=102.27,72.29
stock,Kaveri Seed Co.,KSCL.NS,Other Agricultural Products,Fast Moving Consumer Goods,3578.91,0.72,279.84,-14.18,742.5,-13.51,14.34,18.79,,not_stage_2,0,703.35,841.36,-2.16,0.03022,"{'price_above_30w_ma': False, '30w_ma_rising': False, 'price_above_10w_ma': False, 'relative_strength_positive': False, 'near_52w_high': False}",improving,lagging,98.69,100.01,-0.06,3.18,False,False,2026-09-10 ratio=98.74 momentum=96.83; 2026-09-11 ratio=98.77 momentum=94.77; 2026-09-15 ratio=98.59 momentum=95.90; 2026-09-16 ratio=98.38 momentum=95.68; 2026-09-17 ratio=98.69 momentum=100.01,0.05
stock,Sanstar,SANSTAR.NS,Other Agricultural Products,Fast Moving Consumer Goods,2316.9,0.0,9.21,2808.82,206.16,21.51,52.66,5.69,,stage_2,5,115.54,102.91,2.97,0.00497,"{'price_above_30w_ma': True, '30w_ma_rising': True, 'price_above_10w_ma': True, 'relative_strength_positive': True, 'near_52w_high': True}",leading,improving,102.95,102.92,3.06,1.72,True,False,2026-09-10 ratio=99.89 momentum=101.19; 2026-09-11 ratio=101.14 momentum=103.74; 2026-09-15 ratio=101.68 momentum=102.86; 2026-09-16 ratio=102.36 momentum=103.71; 2026-09-17 ratio=102.95 momentum=102.92,190.29
stock,A C J K Exports,AEROPLANE.NS,Other Agricultural Products,Fast Moving Consumer Goods,2092.4,0.0,36.63,127.52,663.73,55.1,16.9,15.7,,insufficient_data,0,,,,,{},leading,leading,101.24,101.79,-1.42,-1.15,False,False,2026-09-10 ratio=102.66 momentum=102.94; 2026-09-11 ratio=102.43 momentum=102.53; 2026-09-15 ratio=102.03 momentum=102.36; 2026-09-16 ratio=101.50 momentum=102.23; 2026-09-17 ratio=101.24 momentum=101.79,35.15
stock,GRM Overseas,GRMOVER.NS,Other Agricultural Products,Fast Moving Consumer Goods,1692.29,0.0,21.04,10.21,426.51,30.52,22.14,13.99,,not_stage_2,0,82.02,125.29,-7.73,0.00352,"{'price_above_30w_ma': False, '30w_ma_rising': False, 'price_above_10w_ma': False, 'relative_strength_positive': False, 'near_52w_high': False}",improving,leading,98.51,100.17,-1.56,-1.71,False,False,2026-09-09 ratio=100.07 momentum=101.88; 2026-09-10 ratio=99.85 momentum=101.61; 2026-09-11 ratio=99.07 momentum=101.11; 2026-09-15 ratio=98.85 momentum=100.36; 2026-09-16 ratio=98.51 momentum=100.17,0.85
stock,Chamanlal Setia,CLSEL.NS,Other Agricultural Products,Fast Moving Consumer Goods,1468.64,1.02,31.99,47.83,345.92,12.58,11.74,18.18,,stage_2,5,298.25,275.94,1.4,0.01282,"{'price_above_30w_ma': True, '30w_ma_rising': True, 'price_above_10w_ma': True, 'relative_strength_positive': True, 'near_52w_high': True}",weakening,weakening,101.54,99.66,-0.57,0.89,False,False,2026-09-09 ratio=102.11 momentum=98.77; 2026-09-10 ratio=101.76 momentum=101.98; 2026-09-11 ratio=101.31 momentum=102.49; 2026-09-15 ratio=100.39 momentum=97.56; 2026-09-16 ratio=101.54 momentum=99.66,135.5
stock,AVT Natural Prod,AVTNPL.NS,Other Agricultural Products,Fast Moving Consumer Goods,1309.5,0.93,31.1,156.6,241.21,82.16,15.63,14.22,,stage_2,5,85.72,70.94,4.16,0.00368,"{'price_above_30w_ma': True, '30w_ma_rising': True, 'price_above_10w_ma': True, 'relative_strength_positive': True, 'near_52w_high': True}",weakening,weakening,101.07,97.39,-0.91,-1.93,False,False,2026-09-09 ratio=101.98 momentum=99.32; 2026-09-10 ratio=101.67 momentum=99.13; 2026-09-11 ratio=101.57 momentum=99.57; 2026-09-15 ratio=101.21 momentum=94.72; 2026-09-16 ratio=101.07 momentum=97.39,138.67
stock,AU Small Finance,AUBANK.NS,Other Bank,Financial Services,79663.15,0.09,795.95,37.03,5302.74,21.11,27.89,7.66,,stage_2,4,1033.2,1009.07,0.79,0.0444,"{'price_above_30w_ma': True, '30w_ma_rising': True, 'price_above_10w_ma': False, 'relative_strength_positive': True, 'near_52w_high': True}",weakening,weakening,100.42,98.24,-0.67,1.66,False,False,2026-09-09 ratio=101.10 momentum=96.58; 2026-09-10 ratio=100.81 momentum=97.55; 2026-09-11 ratio=101.03 momentum=100.98; 2026-09-15 ratio=100.41 momentum=97.19; 2026-09-16 ratio=100.42 momentum=98.24,108.68
stock,Ujjivan Small,UJJIVANSFB.NS,Other Bank,Financial Services,12669.41,0.0,316.54,206.67,2024.92,25.08,13.98,7.73,,not_stage_2,3,64.83,60.51,0.59,0.00279,"{'price_above_30w_ma': True, '30w_ma_rising': True, 'price_above_10w_ma': False, 'relative_strength_positive': False, 'near_52w_high': True}",lagging,lagging,99.75,99.93,0.16,2.12,False,False,2026-09-09 ratio=99.59 momentum=97.81; 2026-09-10 ratio=100.22 momentum=99.27; 2026-09-11 ratio=99.94 momentum=99.04; 2026-09-15 ratio=99.64 momentum=96.37; 2026-09-16 ratio=99.75 momentum=99.93,61.18
stock,Equitas Sma. Fin,EQUITASBNK.NS,Other Bank,Financial Services,8469.79,0.0,183.61,182.06,1960.4,18.89,16.59,6.43,,not_stage_2,3,72.13,69.78,1.02,0.0031,"{'price_above_30w_ma': True, '30w_ma_rising': True, 'price_above_10w_ma': False, 'relative_strength_positive': False, 'near_52w_high': True}",improving,improving,99.59,101.34,0.11,-0.59,False,False,2026-09-10 ratio=99.48 momentum=101.93; 2026-09-11 ratio=99.79 momentum=103.44; 2026-09-15 ratio=99.44 momentum=101.37; 2026-09-16 ratio=100.19 momentum=103.71; 2026-09-17 ratio=99.59 momentum=101.34,68.74
stock,Jana Small Finan,JSFB.NS,Other Bank,Financial Services,5567.23,0.0,155.23,52.29,1514.53,22.08,14.66,7.45,,not_stage_2,3,506.6,465.89,4.62,0.02177,"{'price_above_30w_ma': True, '30w_ma_rising': True, 'price_above_10w_ma': False, 'relative_strength_positive': False, 'near_52w_high': True}",lagging,weakening,99.64,98.62,-0.83,-0.33,False,False,2026-09-09 ratio=100.47 momentum=98.95; 2026-09-10 ratio=99.88 momentum=96.26; 2026-09-11 ratio=99.95 momentum=97.67; 2026-09-15 ratio=99.22 momentum=96.86; 2026-09-16 ratio=99.64 momentum=98.62,69.24
stock,Utkarsh Small F.,UTKARSHBNK.NS,Other Bank,Financial Services,2519.79,0.0,-33.92,85.84,883.56,0.3,,1.46,,not_stage_2,3,14.05,13.8,0.65,0.0006,"{'price_above_30w_ma': True, '30w_ma_rising': True, 'price_above_10w_ma': False, 'relative_strength_positive': True, 'near_52w_high': False}",lagging,leading,99.95,99.12,-1.23,-0.91,False,False,2026-09-10 ratio=101.18 momentum=100.03; 2026-09-11 ratio=100.73 momentum=100.32; 2026-09-15 ratio=100.43 momentum=98.88; 2026-09-16 ratio=99.58 momentum=98.65; 2026-09-17 ratio=99.95 momentum=99.12,61.3
stock,ESAF Small Fin,ESAFSFB.NS,Other Bank,Financial Services,2030.02,0.0,80.08,198.6,1097.77,32.54,,5.65,,not_stage_2,3,38.96,31.84,5.57,0.00167,"{'price_above_30w_ma': True, '30w_ma_rising': True, 'price_above_10w_ma': False, 'relative_strength_positive': False, 'near_52w_high': True}",weakening,weakening,100.29,97.7,-0.6,0.59,False,False,2026-09-09 ratio=100.90 momentum=97.11; 2026-09-10 ratio=100.70 momentum=96.45; 2026-09-11 ratio=100.47 momentum=94.21; 2026-09-15 ratio=100.39 momentum=95.95; 2026-09-16 ratio=100.29 momentum=97.70,72.59
stock,Suryoday Small,SURYODAY.NS,Other Bank,Financial Services,1562.46,1.02,75.18,113.1,622.36,25.69,8.14,7.33,,not_stage_2,2,146.51,156.02,1.64,0.0063,"{'price_above_30w_ma': False, '30w_ma_rising': True, 'price_above_10w_ma': False, 'relative_strength_positive': False, 'near_52w_high': True}",improving,improving,99.15,101.75,-0.08,0.27,False,False,2026-09-10 ratio=99.23 momentum=101.48; 2026-09-11 ratio=99.09 momentum=101.38; 2026-09-15 ratio=99.02 momentum=100.44; 2026-09-16 ratio=98.93 momentum=101.21; 2026-09-17 ratio=99.15 momentum=101.75,52.03
stock,Capital Small,CAPITALSFB.NS,Other Bank,Financial Services,1276.92,1.79,41.3,29.02,288.18,16.63,8.47,7.07,,not_stage_2,2,273.25,273.44,0.64,0.01174,"{'price_above_30w_ma': False, '30w_ma_rising': True, 'price_above_10w_ma': False, 'relative_strength_positive': False, 'near_52w_high': True}",lagging,improving,99.21,99.56,-0.43,-3.89,False,False,2026-09-09 ratio=99.65 momentum=103.46; 2026-09-10 ratio=98.48 momentum=97.80; 2026-09-11 ratio=98.56 momentum=99.38; 2026-09-15 ratio=98.84 momentum=99.08; 2026-09-16 ratio=99.21 momentum=99.56,41.28
stock,Fino Payments,FINOPB.NS,Other Bank,Financial Services,1127.28,0.0,-13.72,-177.25,72.23,18.43,46.11,4.41,,not_stage_2,0,136.05,144.39,-6.98,0.00585,"{'price_above_30w_ma': False, '30w_ma_rising': False, 'price_above_10w_ma': False, 'relative_strength_positive': False, 'near_52w_high': False}",improving,lagging,99.05,103.48,-0.13,4.07,False,False,2026-09-09 ratio=99.18 momentum=99.41; 2026-09-10 ratio=99.33 momentum=101.26; 2026-09-11 ratio=99.34 momentum=101.92; 2026-09-15 ratio=99.27 momentum=102.23; 2026-09-16 ratio=99.05 momentum=103.48,17.4
stock,Ramco Inds.,RAMCOIND.NS,Other Construction Materials,Construction Materials,2893.93,0.38,86.59,21.91,613.81,15.48,9.2,4.57,,not_stage_2,3,320.9,302.92,0.56,0.01379,"{'price_above_30w_ma': True, '30w_ma_rising': True, 'price_above_10w_ma': False, 'relative_strength_positive': False, 'near_52w_high': True}",improving,lagging,99.41,103.68,0.36,7.69,False,True,2026-09-10 ratio=99.05 momentum=95.99; 2026-09-11 ratio=99.32 momentum=98.28; 2026-09-15 ratio=99.34 momentum=100.74; 2026-09-16 ratio=99.44 momentum=102.33; 2026-09-17 ratio=99.41 momentum=103.68,79.52
stock,Glass Wall Syst.,GLASSWALL.NS,Other Construction Materials,Construction Materials,2364.63,0.0,,,,,28.92,50.32,,insufficient_data,0,,,,,{},insufficient_data,insufficient_data,,,,,False,False,,0.0
stock,Arisinfra Solu.,ARIS.NS,Other Construction Materials,Construction Materials,1092.45,0.0,20.04,306.31,290.81,37.12,16.54,15.57,,stage_2,4,127.27,121.77,3.43,0.00547,"{'price_above_30w_ma': True, '30w_ma_rising': True, 'price_above_10w_ma': False, 'relative_strength_positive': True, 'near_52w_high': True}",weakening,weakening,100.33,99.92,0.04,2.34,False,False,2026-09-10 ratio=100.29 momentum=97.58; 2026-09-11 ratio=100.16 momentum=94.17; 2026-09-15 ratio=99.83 momentum=91.65; 2026-09-16 ratio=99.36 momentum=96.15; 2026-09-17 ratio=100.33 momentum=99.92,113.51
stock,BirlaNu Ltd,BIRLANU.NS,Other Construction Materials,Construction Materials,1039.36,1.09,9.4,812.12,1174.02,11.57,,-4.29,,not_stage_2,0,1387.1,1403.43,-2.09,0.05961,"{'price_above_30w_ma': False, '30w_ma_rising': False, 'price_above_10w_ma': False, 'relative_strength_positive': False, 'near_52w_high': False}",weakening,weakening,100.1,98.92,-0.16,2.47,False,False,2026-09-09 ratio=100.26 momentum=96.45; 2026-09-10 ratio=100.47 momentum=100.97; 2026-09-11 ratio=100.62 momentum=102.86; 2026-09-15 ratio=100.26 momentum=99.83; 2026-09-16 ratio=100.10 momentum=98.92,0.5
stock,Everest Inds.,EVERESTIND.NS,Other Construction Materials,Construction Materials,660.66,0.24,102.09,1505.52,435.86,-12.95,,-8.5,,not_stage_2,0,401.35,406.67,-0.05,0.01725,"{'price_above_30w_ma': False, '30w_ma_rising': False, 'price_above_10w_ma': False, 'relative_strength_positive': False, 'near_52w_high': False}",improving,improving,98.74,100.85,-0.41,0.38,False,False,2026-09-09 ratio=99.15 momentum=100.47; 2026-09-10 ratio=98.87 momentum=97.96; 2026-09-11 ratio=98.74 momentum=97.71; 2026-09-15 ratio=98.67 momentum=98.12; 2026-09-16 ratio=98.74 momentum=100.85,4.25
stock,Sahyadri Industr,SAHYADRI.NS,Other Construction Materials,Construction Materials,397.88,0.68,26.52,146.24,258.58,20.51,8.81,9.72,,stage_2,5,361.3,288.46,5.59,0.01553,"{'price_above_30w_ma': True, '30w_ma_rising': True, 'price_above_10w_ma': True, 'relative_strength_positive': True, 'near_52w_high': True}",weakening,leading,101.03,99.56,-0.57,-2.26,False,False,2026-09-09 ratio=101.60 momentum=101.82; 2026-09-10 ratio=101.66 momentum=101.32; 2026-09-11 ratio=101.79 momentum=102.60; 2026-09-15 ratio=101.16 momentum=99.50; 2026-09-16 ratio=101.03 momentum=99.56,141.33
stock,Teamtech Formwork,TEAMTECH.NS,Other Construction Materials,Construction Materials,395.39,0.0,7.33,,31.74,,34.11,41.17,,insufficient_data,0,,,,,{},insufficient_data,insufficient_data,,,,,False,False,,0.0
stock,Vishnusurya Pro.,VISHNUINFR.NS,Other Construction Materials,Construction Materials,390.31,0.66,5.92,116.06,61.87,25.02,9.25,19.92,,not_stage_2,1,154.95,158.65,-2.32,0.00666,"{'price_above_30w_ma': False, '30w_ma_rising': False, 'price_above_10w_ma': False, 'relative_strength_positive': True, 'near_52w_high': False}",leading,improving,100.88,102.33,1.27,1.24,True,False,2026-09-09 ratio=99.61 momentum=101.09; 2026-09-10 ratio=100.72 momentum=100.24; 2026-09-11 ratio=101.01 momentum=103.69; 2026-09-15 ratio=99.70 momentum=97.93; 2026-09-16 ratio=100.88 momentum=102.33,66.05
stock,MCON Rasayan,MCON.NS,Other Construction Materials,Construction Materials,29.38,0.0,1.8,76.47,36.86,26.32,9.66,11.06,,not_stage_2,0,39.45,45.7,-2.35,0.0017,"{'price_above_30w_ma': False, '30w_ma_rising': False, 'price_above_10w_ma': False, 'relative_strength_positive': False, 'near_52w_high': False}",lagging,lagging,98.76,96.39,-0.69,-2.71,False,False,2026-09-09 ratio=99.45 momentum=99.10; 2026-09-10 ratio=99.58 momentum=99.14; 2026-09-11 ratio=99.43 momentum=98.88; 2026-09-15 ratio=99.66 momentum=94.87; 2026-09-16 ratio=98.76 momentum=96.39,0.0
stock,SIS,SIS.NS,Other Consumer Services,Consumer Services,6056.11,1.63,101.66,9.37,4603.58,29.73,15.08,13.68,,stage_2,4,419.8,382.25,3.61,0.01804,"{'price_above_30w_ma': True, '30w_ma_rising': True, 'price_above_10w_ma': False, 'relative_strength_positive': True, 'near_52w_high': True}",leading,leading,100.66,100.07,0.0,-3.02,False,False,2026-09-10 ratio=100.65 momentum=103.09; 2026-09-11 ratio=100.39 momentum=100.42; 2026-09-15 ratio=100.43 momentum=100.77; 2026-09-16 ratio=100.33 momentum=100.71; 2026-09-17 ratio=100.66 momentum=100.07,135.87
stock,E Factor Experie,EFACTOR.NS,Other Consumer Services,Consumer Services,216.67,0.73,14.61,-26.66,138.84,-9.5,11.01,24.71,,not_stage_2,0,162.05,193.73,-5.88,0.00696,"{'price_above_30w_ma': False, '30w_ma_rising': False, 'price_above_10w_ma': False, 'relative_strength_positive': False, 'near_52w_high': False}",lagging,lagging,99.37,96.82,-0.3,0.21,False,False,2026-09-09 ratio=99.67 momentum=96.61; 2026-09-10 ratio=99.85 momentum=97.59; 2026-09-11 ratio=99.55 momentum=94.98; 2026-09-15 ratio=99.27 momentum=96.03; 2026-09-16 ratio=99.37 momentum=96.82,0.0
stock,Party Cruisers,PARTYCRUS.NS,Other Consumer Services,Consumer Services,136.12,0.0,10.04,62.85,111.27,32.28,10.88,34.5,,stage_2,5,94.5,89.49,1.22,0.00406,"{'price_above_30w_ma': True, '30w_ma_rising': True, 'price_above_10w_ma': True, 'relative_strength_positive': True, 'near_52w_high': True}",leading,leading,102.46,101.62,0.35,-0.95,False,False,2026-09-09 ratio=102.10 momentum=102.56; 2026-09-10 ratio=102.03 momentum=103.26; 2026-09-11 ratio=103.90 momentum=102.95; 2026-09-15 ratio=101.87 momentum=101.30; 2026-09-16 ratio=102.46 momentum=101.62,167.84
stock,Touchwood Enter.,TOUCHWOOD.NS,Other Consumer Services,Consumer Services,67.52,0.0,0.38,-70.77,3.96,-76.57,20.34,13.52,,not_stage_2,0,61.64,69.06,-5.33,0.00265,"{'price_above_30w_ma': False, '30w_ma_rising': False, 'price_above_10w_ma': False, 'relative_strength_positive': False, 'near_52w_high': False}",improving,improving,99.8,102.93,0.53,1.8,False,True,2026-09-09 ratio=99.27 momentum=101.13; 2026-09-10 ratio=99.32 momentum=101.69; 2026-09-11 ratio=99.42 momentum=102.00; 2026-09-15 ratio=99.61 momentum=102.94; 2026-09-16 ratio=99.80 momentum=102.93,14.65
stock,Blue Pebble,BLUEPEBBLE.NS,Other Consumer Services,Consumer Services,32.64,0.62,-0.26,,11.14,,66.61,2.38,,not_stage_2,2,76.5,95.1,-9.33,0.00329,"{'price_above_30w_ma': False, '30w_ma_rising': False, 'price_above_10w_ma': True, 'relative_strength_positive': True, 'near_52w_high': False}",leading,leading,101.54,103.28,-0.79,1.53,False,False,2026-09-09 ratio=102.34 momentum=101.75; 2026-09-10 ratio=102.24 momentum=102.16; 2026-09-11 ratio=102.15 momentum=102.44; 2026-09-15 ratio=102.28 momentum=102.83; 2026-09-16 ratio=101.54 momentum=103.28,84.1
stock,Thinking Hats,THESL.NS,Other Consumer Services,Consumer Services,15.8,0.0,0.51,-80.08,15.16,-61.15,12.74,5.96,,insufficient_data,0,,,,,{},insufficient_data,insufficient_data,,,,,False,False,,0.0
stock,HBL Engineering,HBLENGINE.NS,Other Industrial Products,Capital Goods,21083.53,0.39,109.14,-25.07,638.03,6.03,26.3,59.3,,not_stage_2,3,756.75,741.05,-0.9,0.03252,"{'price_above_30w_ma': True, '30w_ma_rising': False, 'price_above_10w_ma': True, 'relative_strength_positive': True, 'near_52w_high': False}",leading,leading,102.32,103.98,1.56,1.62,False,False,2026-09-10 ratio=100.75 momentum=102.36; 2026-09-11 ratio=100.96 momentum=102.30; 2026-09-15 ratio=101.26 momentum=102.85; 2026-09-16 ratio=100.71 momentum=102.44; 2026-09-17 ratio=102.32 momentum=103.98,111.5
stock,Inox India,INOXINDIA.NS,Other Industrial Products,Capital Goods,19043.3,0.1,58.07,-4.99,370.79,9.18,74.05,33.48,,stage_2,4,1978.9,1668.95,8.83,0.08504,"{'price_above_30w_ma': True, '30w_ma_rising': True, 'price_above_10w_ma': False, 'relative_strength_positive': True, 'near_52w_high': True}",weakening,leading,100.34,97.31,-1.83,-8.57,False,False,2026-09-09 ratio=102.17 momentum=105.88; 2026-09-10 ratio=102.75 momentum=97.63; 2026-09-11 ratio=102.26 momentum=99.40; 2026-09-15 ratio=100.53 momentum=97.11; 2026-09-16 ratio=100.34 momentum=97.31,124.36
stock,KRN Heat Exchan,KRN.NS,Other Industrial Products,Capital Goods,9476.81,0.0,32.9,164.9,252.32,118.88,97.76,16.06,,stage_2,4,1392.8,1208.18,9.91,0.05985,"{'price_above_30w_ma': True, '30w_ma_rising': True, 'price_above_10w_ma': False, 'relative_strength_positive': True, 'near_52w_high': True}",weakening,weakening,100.36,97.58,-1.28,-0.56,False,False,2026-09-10 ratio=101.63 momentum=98.15; 2026-09-11 ratio=101.64 momentum=96.01; 2026-09-15 ratio=101.21 momentum=97.21; 2026-09-16 ratio=100.68 momentum=97.58; 2026-09-17 ratio=100.36 momentum=97.58,126.62
stock,Esab India,ESABINDIA.NS,Other Industrial Products,Capital Goods,8627.95,1.33,56.14,37.13,421.12,19.63,41.68,64.68,,not_stage_2,2,5675.0,5871.2,0.86,0.24387,"{'price_above_30w_ma': False, '30w_ma_rising': True, 'price_above_10w_ma': False, 'relative_strength_positive': False, 'near_52w_high': True}",weakening,weakening,100.05,96.67,-0.92,0.88,False,False,2026-09-09 ratio=100.97 momentum=95.78; 2026-09-10 ratio=100.47 momentum=96.81; 2026-09-11 ratio=100.77 momentum=97.43; 2026-09-15 ratio=100.49 momentum=97.32; 2026-09-16 ratio=100.05 momentum=96.67,41.97
stock,Subros,SUBROS.NS,Other Industrial Products,Capital Goods,4699.62,0.42,41.52,1.69,1032.11,17.52,27.34,19.16,,not_stage_2,0,678.0,749.63,-1.69,0.02914,"{'price_above_30w_ma': False, '30w_ma_rising': False, 'price_above_10w_ma': False, 'relative_strength_positive': False, 'near_52w_high': False}",improving,improving,98.45,100.44,-0.98,-2.7,False,False,2026-09-09 ratio=99.44 momentum=103.14; 2026-09-10 ratio=99.02 momentum=101.55; 2026-09-11 ratio=98.88 momentum=101.47; 2026-09-15 ratio=98.59 momentum=100.98; 2026-09-16 ratio=98.45 momentum=100.44,2.2
stock,Harsha Engg Intl,HARSHA.NS,Other Industrial Products,Capital Goods,4006.81,0.34,37.38,-1.45,457.43,25.22,25.91,13.0,,stage_2,5,430.0,400.43,2.1,0.01848,"{'price_above_30w_ma': True, '30w_ma_rising': True, 'price_above_10w_ma': True, 'relative_strength_positive': True, 'near_52w_high': True}",weakening,leading,100.92,97.49,-1.2,-6.2,False,False,2026-09-09 ratio=102.12 momentum=103.69; 2026-09-10 ratio=101.66 momentum=100.17; 2026-09-11 ratio=101.55 momentum=100.20; 2026-09-15 ratio=100.77 momentum=96.36; 2026-09-16 ratio=100.92 momentum=97.49,133.8
stock,Ador Welding,ADOR.NS,Other Industrial Products,Capital Goods,2762.49,1.44,27.35,890.46,308.63,23.19,23.07,22.71,,stage_2,4,1536.2,1227.25,6.42,0.06601,"{'price_above_30w_ma': True, '30w_ma_rising': True, 'price_above_10w_ma': False, 'relative_strength_positive': True, 'near_52w_high': True}",weakening,leading,100.6,96.92,-0.78,-4.26,False,False,2026-09-09 ratio=101.38 momentum=101.18; 2026-09-10 ratio=101.28 momentum=100.68; 2026-09-11 ratio=101.12 momentum=98.56; 2026-09-15 ratio=100.79 momentum=96.75; 2026-09-16 ratio=100.60 momentum=96.92,120.84
stock,Diffusion Eng,DIFFNKG.NS,Other Industrial Products,Capital Goods,1668.84,0.34,16.68,36.26,110.11,36.49,30.19,15.78,,stage_2,5,435.85,348.69,7.6,0.01873,"{'price_above_30w_ma': True, '30w_ma_rising': True, 'price_above_10w_ma': True, 'relative_strength_positive': True, 'near_52w_high': True}",weakening,leading,101.13,96.57,-0.5,-4.59,False,False,2026-09-10 ratio=101.63 momentum=101.16; 2026-09-11 ratio=101.61 momentum=100.83; 2026-09-15 ratio=101.04 momentum=95.73; 2026-09-16 ratio=100.99 momentum=96.48; 2026-09-17 ratio=101.13 momentum=96.57,145.85
stock,MIC Electronics,MICEL.NS,Other Industrial Products,Capital Goods,1001.1,0.0,2.13,27.54,43.72,276.57,,8.67,,not_stage_2,0,34.3,39.03,-1.46,0.00147,"{'price_above_30w_ma': False, '30w_ma_rising': False, 'price_above_10w_ma': False, 'relative_strength_positive': False, 'near_52w_high': False}",lagging,lagging,98.77,95.7,-1.07,-4.28,False,False,2026-09-09 ratio=99.84 momentum=99.99; 2026-09-10 ratio=99.69 momentum=98.23; 2026-09-11 ratio=99.51 momentum=95.47; 2026-09-15 ratio=99.29 momentum=95.96; 2026-09-16 ratio=98.77 momentum=95.70,0.0
stock,Vilas Transcore,VILAS.NS,Other Industrial Products,Capital Goods,911.64,0.0,15.18,-26.24,231.91,21.66,23.61,15.87,,not_stage_2,0,331.6,381.64,-0.2,0.01425,"{'price_above_30w_ma': False, '30w_ma_rising': False, 'price_above_10w_ma': False, 'relative_strength_positive': False, 'near_52w_high': False}",lagging,improving,98.77,99.45,-1.07,-2.66,False,False,2026-09-10 ratio=99.84 momentum=102.12; 2026-09-11 ratio=99.66 momentum=100.32; 2026-09-15 ratio=98.55 momentum=97.71; 2026-09-16 ratio=97.45 momentum=97.84; 2026-09-17 ratio=98.77 momentum=99.45,0.0
stock,M & M,M&M.NS,Passenger Cars & Utility Vehicles,Automobile and Auto Components,379093.72,1.08,5997.56,33.8,58187.57,27.8,19.77,15.1,,not_stage_2,1,3076.5,3177.74,-1.31,0.13221,"{'price_above_30w_ma': False, '30w_ma_rising': False, 'price_above_10w_ma': False, 'relative_strength_positive': False, 'near_52w_high': True}",lagging,lagging,99.19,97.96,-0.25,1.09,False,False,2026-09-10 ratio=99.43 momentum=96.87; 2026-09-11 ratio=99.35 momentum=95.84; 2026-09-15 ratio=98.95 momentum=95.34; 2026-09-16 ratio=99.21 momentum=96.01; 2026-09-17 ratio=99.19 momentum=97.96,20.0
stock,Maruti Suzuki,MARUTI.NS,Passenger Cars & Utility Vehicles,Automobile and Auto Components,378925.95,1.16,3446.9,-9.11,52469.8,35.91,26.44,18.87,,not_stage_2,0,12338.0,13377.07,-2.19,0.5302,"{'price_above_30w_ma': False, '30w_ma_rising': False, 'price_above_10w_ma': False, 'relative_strength_positive': False, 'near_52w_high': False}",improving,lagging,98.14,102.89,0.03,4.2,False,True,2026-09-10 ratio=98.11 momentum=98.69; 2026-09-11 ratio=97.82 momentum=98.80; 2026-09-15 ratio=97.87 momentum=95.02; 2026-09-16 ratio=97.66 momentum=101.39; 2026-09-17 ratio=98.14 momentum=102.89,14.45
stock,Hyundai Motor I,HYUNDAI.NS,Passenger Cars & Utility Vehicles,Automobile and Auto Components,179196.16,0.95,888.62,-35.1,16334.63,-0.48,36.19,38.4,,not_stage_2,4,2160.0,1996.11,-0.08,0.09282,"{'price_above_30w_ma': True, '30w_ma_rising': False, 'price_above_10w_ma': True, 'relative_strength_positive': True, 'near_52w_high': True}",leading,weakening,100.96,100.64,-0.39,2.27,False,False,2026-09-10 ratio=101.35 momentum=98.37; 2026-09-11 ratio=101.09 momentum=96.80; 2026-09-15 ratio=100.98 momentum=98.83; 2026-09-16 ratio=100.99 momentum=100.06; 2026-09-17 ratio=100.96 momentum=100.64,108.0
stock,Tata Motors PVeh,TMPV.NS,Passenger Cars & Utility Vehicles,Automobile and Auto Components,111832.91,0.99,859.0,-69.83,95799.0,9.26,112.24,2.73,,not_stage_2,1,314.5,341.99,-2.2,0.01351,"{'price_above_30w_ma': False, '30w_ma_rising': False, 'price_above_10w_ma': False, 'relative_strength_positive': True, 'near_52w_high': False}",improving,lagging,99.99,103.03,1.71,3.7,False,True,2026-09-10 ratio=98.28 momentum=99.33; 2026-09-11 ratio=98.50 momentum=99.33; 2026-09-15 ratio=99.10 momentum=104.78; 2026-09-16 ratio=98.79 momentum=103.05; 2026-09-17 ratio=99.99 momentum=103.03,35.15
stock,Force Motors,FORCEMOT.NS,Passenger Cars & Utility Vehicles,Automobile and Auto Components,23012.66,0.29,216.59,22.82,2440.01,6.21,20.92,36.05,,not_stage_2,1,17650.0,19454.7,-3.1,0.75847,"{'price_above_30w_ma': False, '30w_ma_rising': False, 'price_above_10w_ma': False, 'relative_strength_positive': True, 'near_52w_high': False}",leading,leading,101.0,102.12,-0.79,-1.7,False,False,2026-09-10 ratio=101.79 momentum=103.83; 2026-09-11 ratio=100.82 momentum=102.92; 2026-09-15 ratio=100.21 momentum=101.62; 2026-09-16 ratio=100.41 momentum=101.27; 2026-09-17 ratio=101.00 momentum=102.12,55.6
stock,Olectra Greentec,OLECTRA.NS,Passenger Cars & Utility Vehicles,Automobile and Auto Components,9848.98,0.05,26.66,-0.31,575.51,65.75,55.51,21.05,,not_stage_2,2,1168.0,1240.43,2.13,0.05019,"{'price_above_30w_ma': False, '30w_ma_rising': True, 'price_above_10w_ma': False, 'relative_strength_positive': False, 'near_52w_high': True}",lagging,lagging,98.03,97.83,-0.44,0.01,False,False,2026-09-09 ratio=98.47 momentum=97.82; 2026-09-10 ratio=98.39 momentum=96.15; 2026-09-11 ratio=98.52 momentum=95.80; 2026-09-15 ratio=98.24 momentum=95.76; 2026-09-16 ratio=98.03 momentum=97.83,44.26
stock,Mercury EV-Tech,MERCURYEV.NS,Passenger Cars & Utility Vehicles,Automobile and Auto Components,753.02,0.0,1.65,29.92,33.38,47.9,165.14,2.64,,insufficient_data,0,,,,,{},leading,leading,102.27,101.71,-1.23,0.23,False,False,2026-09-10 ratio=103.50 momentum=101.49; 2026-09-11 ratio=103.24 momentum=101.35; 2026-09-15 ratio=102.70 momentum=100.59; 2026-09-16 ratio=101.68 momentum=100.47; 2026-09-17 ratio=102.27 momentum=101.71,39.9
stock,Supreme Inds.,SUPREMEIND.NS,Plastic Products - Industrial,Capital Goods,45647.32,1.01,280.72,38.76,2717.66,4.16,44.21,20.73,,not_stage_2,1,3300.0,3582.0,-1.02,0.14181,"{'price_above_30w_ma': False, '30w_ma_rising': False, 'price_above_10w_ma': False, 'relative_strength_positive': False, 'near_52w_high': True}",lagging,leading,99.49,97.28,-1.78,-4.38,False,False,2026-09-09 ratio=101.27 momentum=101.66; 2026-09-10 ratio=101.12 momentum=99.60; 2026-09-11 ratio=99.98 momentum=96.56; 2026-09-15 ratio=99.71 momentum=97.80; 2026-09-16 ratio=99.49 momentum=97.28,20.0
stock,Astral,ASTRAL.NS,Plastic Products - Industrial,Capital Goods,38440.37,0.28,120.2,48.21,1578.0,15.93,64.89,19.22,,not_stage_2,1,1398.9,1525.86,-0.75,0.06011,"{'price_above_30w_ma': False, '30w_ma_rising': False, 'price_above_10w_ma': False, 'relative_strength_positive': False, 'near_52w_high': True}",lagging,weakening,99.84,98.32,-0.8,1.62,False,False,2026-09-10 ratio=100.64 momentum=96.70; 2026-09-11 ratio=100.00 momentum=96.43; 2026-09-15 ratio=99.75 momentum=96.99; 2026-09-16 ratio=99.67 momentum=97.64; 2026-09-17 ratio=99.84 momentum=98.32,20.0
stock,Garware Hi Tech,GRWRHITECH.NS,Plastic Products - Industrial,Capital Goods,15622.14,0.18,132.65,59.78,633.08,27.9,40.28,18.08,,not_stage_2,3,6431.0,5665.37,7.58,0.27636,"{'price_above_30w_ma': True, '30w_ma_rising': True, 'price_above_10w_ma': False, 'relative_strength_positive': False, 'near_52w_high': True}",lagging,lagging,97.33,96.54,-2.04,-1.35,False,False,2026-09-09 ratio=99.36 momentum=97.89; 2026-09-10 ratio=100.46 momentum=99.68; 2026-09-11 ratio=100.75 momentum=98.73; 2026-09-15 ratio=98.79 momentum=97.33; 2026-09-16 ratio=97.33 momentum=96.54,75.16
stock,Finolex Inds.,FINPIPE.NS,Plastic Products - Industrial,Capital Goods,9621.22,1.29,114.52,16.67,883.58,-15.3,15.63,11.83,,not_stage_2,0,154.43,169.33,-1.93,0.00664,"{'price_above_30w_ma': False, '30w_ma_rising': False, 'price_above_10w_ma': False, 'relative_strength_positive': False, 'near_52w_high': False}",improving,improving,99.49,101.06,-0.17,-0.42,False,False,2026-09-10 ratio=99.66 momentum=101.47; 2026-09-11 ratio=98.84 momentum=99.12; 2026-09-15 ratio=98.77 momentum=99.75; 2026-09-16 ratio=98.54 momentum=99.91; 2026-09-17 ratio=99.49 momentum=101.06,5.3
stock,Time Technoplast,TIMETECHNO.NS,Plastic Products - Industrial,Capital Goods,8849.95,0.84,117.86,22.21,1692.71,25.14,18.07,16.52,,not_stage_2,1,173.53,182.93,-0.69,0.00746,"{'price_above_30w_ma': False, '30w_ma_rising': False, 'price_above_10w_ma': False, 'relative_strength_positive': False, 'near_52w_high': True}",lagging,improving,98.58,96.65,-1.09,-5.34,False,False,2026-09-09 ratio=99.66 momentum=101.99; 2026-09-10 ratio=99.60 momentum=101.00; 2026-09-11 ratio=99.24 momentum=98.83; 2026-09-15 ratio=98.98 momentum=97.74; 2026-09-16 ratio=98.58 momentum=96.65,20.0
stock,Kingfa Science,KINGFA.NS,Plastic Products - Industrial,Capital Goods,7903.48,0.34,80.21,101.58,688.57,49.06,35.02,23.2,,stage_2,5,5855.5,5085.2,4.78,0.25163,"{'price_above_30w_ma': True, '30w_ma_rising': True, 'price_above_10w_ma': True, 'relative_strength_positive': True, 'near_52w_high': True}",weakening,leading,101.03,98.54,-0.94,-1.89,False,False,2026-09-10 ratio=101.97 momentum=100.43; 2026-09-11 ratio=101.84 momentum=100.73; 2026-09-15 ratio=100.97 momentum=96.72; 2026-09-16 ratio=101.17 momentum=98.06; 2026-09-17 ratio=101.03 momentum=98.54,139.71
stock,Prince Pipes,PRINCEPIPE.NS,Plastic Products - Industrial,Capital Goods,2991.04,0.37,33.75,600.21,609.42,5.0,28.72,6.03,,not_stage_2,2,257.3,262.37,0.91,0.01106,"{'price_above_30w_ma': False, '30w_ma_rising': True, 'price_above_10w_ma': False, 'relative_strength_positive': False, 'near_52w_high': True}",lagging,weakening,99.32,97.06,-1.9,0.4,False,False,2026-09-09 ratio=101.22 momentum=96.67; 2026-09-10 ratio=101.07 momentum=96.38; 2026-09-11 ratio=99.98 momentum=96.41; 2026-09-15 ratio=99.58 momentum=96.52; 2026-09-16 ratio=99.32 momentum=97.06,41.82
stock,Apollo Pipes,APOLLOPIPE.NS,Plastic Products - Industrial,Capital Goods,2396.28,0.13,-11.12,-205.28,295.43,7.43,,1.23,,not_stage_2,3,508.9,486.84,7.88,0.02187,"{'price_above_30w_ma': True, '30w_ma_rising': True, 'price_above_10w_ma': False, 'relative_strength_positive': False, 'near_52w_high': True}",lagging,weakening,99.71,96.85,-1.3,1.38,False,False,2026-09-09 ratio=101.01 momentum=95.47; 2026-09-10 ratio=100.81 momentum=95.68; 2026-09-11 ratio=100.55 momentum=96.02; 2026-09-15 ratio=99.99 momentum=95.91; 2026-09-16 ratio=99.71 momentum=96.85,75.76
stock,Jain Irrigation,JISLJALEQS.NS,Plastic Products - Industrial,Capital Goods,2170.97,0.0,-17.8,-207.18,1508.37,-2.41,,5.3,,not_stage_2,1,29.07,31.34,-2.84,0.00125,"{'price_above_30w_ma': False, '30w_ma_rising': False, 'price_above_10w_ma': False, 'relative_strength_positive': True, 'near_52w_high': False}",leading,leading,100.28,102.01,-0.42,0.64,False,False,2026-09-09 ratio=100.70 momentum=101.37; 2026-09-10 ratio=100.49 momentum=101.17; 2026-09-11 ratio=100.45 momentum=101.62; 2026-09-15 ratio=100.42 momentum=101.85; 2026-09-16 ratio=100.28 momentum=102.01,51.45
stock,Jai Corp,JAICORPLTD.NS,Plastic Products - Industrial,Capital Goods,1655.52,0.53,28.2,-72.91,157.58,20.06,17.52,11.75,,not_stage_2,0,92.63,107.02,-2.01,0.00398,"{'price_above_30w_ma': False, '30w_ma_rising': False, 'price_above_10w_ma': False, 'relative_strength_positive': False, 'near_52w_high': False}",lagging,improving,98.34,98.39,-0.98,-2.24,False,False,2026-09-09 ratio=99.32 momentum=100.63; 2026-09-10 ratio=99.14 momentum=100.52; 2026-09-11 ratio=98.93 momentum=99.20; 2026-09-15 ratio=98.41 momentum=98.17; 2026-09-16 ratio=98.34 momentum=98.39,0.0
stock,Knowledge Realty,KRT.NS,Real Estate Investment Trusts (REITs),Realty,50343.75,1.5,250.8,,1243.06,,80.27,5.22,,insufficient_data,0,,,,,{},insufficient_data,insufficient_data,,,,,False,False,,0.0
stock,Embassy Off.REIT,EMBASSY.NS,Real Estate Investment Trusts (REITs),Realty,41806.85,0.05,195.22,25.81,1240.81,17.08,170.43,5.61,,stage_2,4,439.58,434.07,0.04,0.01889,"{'price_above_30w_ma': True, '30w_ma_rising': True, 'price_above_10w_ma': False, 'relative_strength_positive': True, 'near_52w_high': True}",leading,leading,102.06,102.55,0.16,-0.25,False,False,2026-09-09 ratio=101.90 momentum=102.80; 2026-09-10 ratio=101.61 momentum=102.38; 2026-09-11 ratio=101.78 momentum=103.00; 2026-09-15 ratio=102.45 momentum=103.02; 2026-09-16 ratio=102.06 momentum=102.55,148.13
stock,Bagmane Prime REIT,BAGMANE.NS,Real Estate Investment Trusts (REITs),Realty,36529.98,1.4,58.51,-77.18,437.01,-29.88,,0.0,,insufficient_data,0,,,,,{},insufficient_data,insufficient_data,,,,,False,False,,0.0
stock,Mindspace Busine,MINDSPACE.NS,Real Estate Investment Trusts (REITs),Realty,33429.55,2.33,271.81,67.1,946.44,27.85,42.89,7.64,,stage_2,5,498.78,474.97,0.03,0.02143,"{'price_above_30w_ma': True, '30w_ma_rising': True, 'price_above_10w_ma': True, 'relative_strength_positive': True, 'near_52w_high': True}",leading,leading,102.72,103.36,-0.06,-0.1,False,False,2026-09-09 ratio=102.78 momentum=103.46; 2026-09-10 ratio=101.77 momentum=102.48; 2026-09-11 ratio=101.80 momentum=102.80; 2026-09-15 ratio=103.00 momentum=104.24; 2026-09-16 ratio=102.72 momentum=103.36,175.46
stock,Brookfield India,BIRET.NS,Real Estate Investment Trusts (REITs),Realty,28099.77,1.95,221.34,44.36,973.83,51.78,52.38,5.36,,not_stage_2,3,340.28,333.4,-0.52,0.01462,"{'price_above_30w_ma': True, '30w_ma_rising': False, 'price_above_10w_ma': False, 'relative_strength_positive': True, 'near_52w_high': True}",leading,leading,102.92,103.2,0.03,0.11,False,False,2026-09-09 ratio=102.89 momentum=103.09; 2026-09-10 ratio=101.61 momentum=101.27; 2026-09-11 ratio=101.27 momentum=101.06; 2026-09-15 ratio=102.57 momentum=102.81; 2026-09-16 ratio=102.92 momentum=103.20,110.6
stock,Nexus Select,NXST.NS,Real Estate Investment Trusts (REITs),Realty,25218.72,1.47,156.52,30.89,680.53,10.91,57.26,5.83,,stage_2,4,166.46,160.1,0.59,0.00715,"{'price_above_30w_ma': True, '30w_ma_rising': True, 'price_above_10w_ma': False, 'relative_strength_positive': True, 'near_52w_high': True}",leading,leading,102.23,102.01,-0.43,-1.24,False,False,2026-09-09 ratio=102.66 momentum=103.25; 2026-09-10 ratio=102.57 momentum=102.57; 2026-09-11 ratio=102.26 momentum=102.67; 2026-09-15 ratio=102.85 momentum=102.60; 2026-09-16 ratio=102.23 momentum=102.01,147.38
stock,Apcotex Industri,APCOTEXIND.NS,Rubber,Capital Goods,3135.32,1.32,78.94,312.0,525.63,39.88,19.47,19.8,,stage_2,4,581.1,493.73,6.92,0.02497,"{'price_above_30w_ma': True, '30w_ma_rising': True, 'price_above_10w_ma': False, 'relative_strength_positive': True, 'near_52w_high': True}",weakening,leading,100.18,97.25,-0.78,-2.86,False,False,2026-09-09 ratio=100.96 momentum=100.11; 2026-09-10 ratio=100.65 momentum=98.91; 2026-09-11 ratio=100.60 momentum=98.34; 2026-09-15 ratio=100.17 momentum=96.47; 2026-09-16 ratio=100.18 momentum=97.25,119.74
stock,Pix Transmission,PIXTRANS.NS,Rubber,Capital Goods,2389.33,0.52,52.75,89.34,149.25,22.8,18.13,21.73,,stage_2,4,1724.6,1630.94,2.88,0.07411,"{'price_above_30w_ma': True, '30w_ma_rising': True, 'price_above_10w_ma': False, 'relative_strength_positive': True, 'near_52w_high': True}",improving,lagging,99.8,100.2,0.13,3.92,False,True,2026-09-10 ratio=99.67 momentum=96.27; 2026-09-11 ratio=99.67 momentum=96.64; 2026-09-15 ratio=100.12 momentum=99.18; 2026-09-16 ratio=99.86 momentum=99.86; 2026-09-17 ratio=99.80 momentum=100.20,111.76
stock,Tinna Rubber,TINNARUBR.NS,Rubber,Capital Goods,1837.38,0.32,20.57,75.21,156.18,19.89,29.79,22.46,,not_stage_2,3,1000.75,854.74,5.03,0.043,"{'price_above_30w_ma': True, '30w_ma_rising': True, 'price_above_10w_ma': False, 'relative_strength_positive': False, 'near_52w_high': True}",lagging,leading,99.69,99.27,-0.52,-2.55,False,False,2026-09-10 ratio=100.21 momentum=101.83; 2026-09-11 ratio=100.34 momentum=102.87; 2026-09-15 ratio=99.27 momentum=99.09; 2026-09-16 ratio=99.84 momentum=99.86; 2026-09-17 ratio=99.69 momentum=99.27,70.06
stock,GRP,GRPLTD.NS,Rubber,Capital Goods,1072.07,0.17,4.2,140.0,156.83,26.73,156.51,6.94,,stage_2,4,1979.3,1897.38,1.38,0.08506,"{'price_above_30w_ma': True, '30w_ma_rising': True, 'price_above_10w_ma': False, 'relative_strength_positive': True, 'near_52w_high': True}",weakening,leading,101.28,99.85,-0.6,-4.0,False,False,2026-09-09 ratio=101.88 momentum=103.84; 2026-09-10 ratio=101.24 momentum=101.40; 2026-09-11 ratio=100.24 momentum=98.28; 2026-09-15 ratio=102.53 momentum=103.75; 2026-09-16 ratio=101.28 momentum=99.85,114.16
stock,Rubfila Intl.,RUBFILA.NS,Rubber,Capital Goods,364.66,2.97,6.0,0.67,110.17,-10.71,13.84,12.59,,not_stage_2,1,65.72,70.2,-0.44,0.00282,"{'price_above_30w_ma': False, '30w_ma_rising': False, 'price_above_10w_ma': False, 'relative_strength_positive': False, 'near_52w_high': True}",improving,improving,99.23,101.1,-0.49,-1.16,False,False,2026-09-10 ratio=99.72 momentum=102.26; 2026-09-11 ratio=99.96 momentum=101.56; 2026-09-15 ratio=98.54 momentum=99.09; 2026-09-16 ratio=99.01 momentum=99.80; 2026-09-17 ratio=99.23 momentum=101.10,25.5
stock,Gayatri Rubbers,GRCL.NS,Rubber,Capital Goods,328.5,0.0,2.95,86.71,24.48,33.99,58.77,37.86,,stage_2,5,580.0,502.21,5.12,0.02492,"{'price_above_30w_ma': True, '30w_ma_rising': True, 'price_above_10w_ma': True, 'relative_strength_positive': True, 'near_52w_high': True}",leading,leading,100.83,101.61,0.57,1.53,False,False,2026-09-09 ratio=100.26 momentum=100.08; 2026-09-10 ratio=100.26 momentum=101.60; 2026-09-11 ratio=100.68 momentum=102.81; 2026-09-15 ratio=100.84 momentum=102.53; 2026-09-16 ratio=100.83 momentum=101.61,167.44
stock,Harri. Malayalam,HARRMALAYA.NS,Rubber,Capital Goods,328.33,0.0,3.93,-34.06,124.92,7.26,12.12,11.77,,not_stage_2,2,178.71,201.13,1.43,0.00768,"{'price_above_30w_ma': False, '30w_ma_rising': True, 'price_above_10w_ma': False, 'relative_strength_positive': False, 'near_52w_high': True}",lagging,lagging,98.34,98.43,-0.49,1.36,False,False,2026-09-09 ratio=98.83 momentum=97.08; 2026-09-10 ratio=98.73 momentum=101.06; 2026-09-11 ratio=98.74 momentum=99.50; 2026-09-15 ratio=98.69 momentum=98.37; 2026-09-16 ratio=98.34 momentum=98.43,42.86
stock,Elgi Rubber Co,ELGIRUBCO.NS,Rubber,Capital Goods,308.62,0.0,40.85,293.38,70.09,-18.1,,-12.92,,not_stage_2,3,56.68,51.3,4.75,0.00244,"{'price_above_30w_ma': True, '30w_ma_rising': True, 'price_above_10w_ma': False, 'relative_strength_positive': False, 'near_52w_high': True}",lagging,leading,99.94,98.72,-2.4,-4.62,False,False,2026-09-09 ratio=102.34 momentum=103.33; 2026-09-10 ratio=101.37 momentum=101.64; 2026-09-11 ratio=100.70 momentum=99.60; 2026-09-15 ratio=99.61 momentum=98.68; 2026-09-16 ratio=99.94 momentum=98.72,69.5
stock,Sampann Utpadan,SAMPANN.NS,Rubber,Capital Goods,125.41,0.0,2.05,12.02,41.7,27.6,17.92,8.3,,not_stage_2,0,24.28,27.53,-3.48,0.00104,"{'price_above_30w_ma': False, '30w_ma_rising': False, 'price_above_10w_ma': False, 'relative_strength_positive': False, 'near_52w_high': False}",improving,lagging,98.87,103.74,0.59,4.75,False,True,2026-09-09 ratio=98.28 momentum=98.99; 2026-09-10 ratio=98.35 momentum=99.91; 2026-09-11 ratio=98.78 momentum=99.76; 2026-09-15 ratio=98.57 momentum=98.98; 2026-09-16 ratio=98.87 momentum=103.74,18.7
stock,Lead Reclaim,LRRPL.NS,Rubber,Capital Goods,77.77,0.0,3.1,219.59,17.92,-18.25,19.01,21.28,,stage_2,5,89.0,82.25,4.08,0.00382,"{'price_above_30w_ma': True, '30w_ma_rising': True, 'price_above_10w_ma': True, 'relative_strength_positive': True, 'near_52w_high': True}",leading,leading,101.15,101.53,-0.94,-1.9,False,False,2026-09-09 ratio=102.09 momentum=103.43; 2026-09-10 ratio=102.19 momentum=102.61; 2026-09-11 ratio=102.18 momentum=102.73; 2026-09-15 ratio=101.58 momentum=101.88; 2026-09-16 ratio=101.15 momentum=101.53,166.56
stock,KIOCL,KIOCL.NS,Sponge Iron,Metals & Mining,20736.81,0.0,-15.48,59.04,158.01,73.75,533.35,1.35,,not_stage_2,1,326.85,373.23,0.42,0.01405,"{'price_above_30w_ma': False, '30w_ma_rising': True, 'price_above_10w_ma': False, 'relative_strength_positive': False, 'near_52w_high': False}",lagging,leading,97.0,97.15,-3.62,-4.04,False,False,2026-09-09 ratio=100.62 momentum=101.19; 2026-09-10 ratio=100.00 momentum=99.13; 2026-09-11 ratio=98.99 momentum=97.02; 2026-09-15 ratio=98.06 momentum=97.43; 2026-09-16 ratio=97.00 momentum=97.15,20.84
stock,S.A.L Steel,SALSTEEL.NS,Sponge Iron,Metals & Mining,1193.6,0.0,3.09,131.95,87.37,-31.57,,1.08,,stage_2,5,74.62,57.61,8.01,0.00321,"{'price_above_30w_ma': True, '30w_ma_rising': True, 'price_above_10w_ma': True, 'relative_strength_positive': True, 'near_52w_high': True}",weakening,leading,101.03,97.1,-0.56,-3.13,False,False,2026-09-09 ratio=101.59 momentum=100.23; 2026-09-10 ratio=101.26 momentum=99.33; 2026-09-11 ratio=101.06 momentum=98.19; 2026-09-15 ratio=100.74 momentum=97.21; 2026-09-16 ratio=101.03 momentum=97.10,146.17
stock,Vraj Iron,VRAJ.NS,Sponge Iron,Metals & Mining,422.14,0.0,11.51,51.65,193.83,40.14,11.75,10.49,,not_stage_2,3,123.99,122.21,-0.48,0.00533,"{'price_above_30w_ma': True, '30w_ma_rising': False, 'price_above_10w_ma': False, 'relative_strength_positive': True, 'near_52w_high': True}",leading,leading,100.5,101.39,-0.31,0.69,False,False,2026-09-10 ratio=100.81 momentum=100.70; 2026-09-11 ratio=100.72 momentum=101.35; 2026-09-15 ratio=100.85 momentum=100.95; 2026-09-16 ratio=100.29 momentum=100.03; 2026-09-17 ratio=100.50 momentum=101.39,89.45
stock,Chaman Metallics,CMNL.NS,Sponge Iron,Metals & Mining,268.5,0.0,-1.62,-78.12,344.75,326.41,,5.37,,stage_2,4,114.95,109.59,0.52,0.00494,"{'price_above_30w_ma': True, '30w_ma_rising': True, 'price_above_10w_ma': True, 'relative_strength_positive': True, 'near_52w_high': False}",weakening,weakening,101.39,99.06,-0.44,0.16,False,False,2026-09-09 ratio=101.83 momentum=98.89; 2026-09-10 ratio=101.44 momentum=95.52; 2026-09-11 ratio=101.25 momentum=96.22; 2026-09-15 ratio=101.18 momentum=97.25; 2026-09-16 ratio=101.39 momentum=99.06,112.99
stock,Vaswani Industri,VASWANI.NS,Sponge Iron,Metals & Mining,149.87,0.0,1.16,-78.79,117.79,3.07,,8.76,,not_stage_2,0,44.98,53.8,-2.44,0.00193,"{'price_above_30w_ma': False, '30w_ma_rising': False, 'price_above_10w_ma': False, 'relative_strength_positive': False, 'near_52w_high': False}",lagging,improving,98.71,97.77,0.06,-2.64,False,False,2026-09-09 ratio=98.65 momentum=100.41; 2026-09-10 ratio=98.90 momentum=100.82; 2026-09-11 ratio=98.81 momentum=99.70; 2026-09-15 ratio=98.61 momentum=98.41; 2026-09-16 ratio=98.71 momentum=97.77,0.0
stock,Shri Hare-Krish.,SHKSIL.NS,Sponge Iron,Metals & Mining,65.25,0.0,1.55,-64.85,27.21,-35.63,10.52,7.76,,insufficient_data,0,,,,,{},insufficient_data,insufficient_data,,,,,False,False,,0.0
stock,DOMS Industries,DOMS.NS,Stationary,Fast Moving Consumer Goods,12725.43,0.17,45.28,-22.33,670.51,19.25,58.53,24.32,,not_stage_2,1,2085.2,2247.74,-1.27,0.08961,"{'price_above_30w_ma': False, '30w_ma_rising': False, 'price_above_10w_ma': False, 'relative_strength_positive': False, 'near_52w_high': True}",lagging,leading,98.35,97.46,-1.89,-6.68,False,False,2026-09-09 ratio=100.24 momentum=104.13; 2026-09-10 ratio=99.59 momentum=101.12; 2026-09-11 ratio=98.73 momentum=99.91; 2026-09-15 ratio=99.37 momentum=99.20; 2026-09-16 ratio=98.35 momentum=97.46,20.0
stock,Navneet Educat.,NAVNETEDUL.NS,Stationary,Fast Moving Consumer Goods,2802.26,2.36,141.0,-16.66,788.0,-0.76,22.39,10.23,,not_stage_2,1,125.03,138.71,-2.17,0.00537,"{'price_above_30w_ma': False, '30w_ma_rising': False, 'price_above_10w_ma': False, 'relative_strength_positive': False, 'near_52w_high': True}",lagging,lagging,99.08,98.08,0.03,-1.81,False,False,2026-09-09 ratio=99.05 momentum=99.89; 2026-09-10 ratio=99.15 momentum=99.26; 2026-09-11 ratio=99.26 momentum=99.61; 2026-09-15 ratio=98.99 momentum=97.05; 2026-09-16 ratio=99.08 momentum=98.08,20.0
stock,Flair Writing,FLAIR.NS,Stationary,Fast Moving Consumer Goods,2481.1,0.43,29.08,-0.28,319.25,10.64,17.76,16.83,,not_stage_2,0,231.89,282.2,-3.22,0.00996,"{'price_above_30w_ma': False, '30w_ma_rising': False, 'price_above_10w_ma': False, 'relative_strength_positive': False, 'near_52w_high': False}",lagging,lagging,98.29,96.85,-0.61,-2.31,False,False,2026-09-09 ratio=98.89 momentum=99.17; 2026-09-10 ratio=98.82 momentum=99.19; 2026-09-11 ratio=98.58 momentum=98.42; 2026-09-15 ratio=98.72 momentum=98.59; 2026-09-16 ratio=98.29 momentum=96.85,0.0
stock,Kokuyo Camlin,KOKUYOCMLN.NS,Stationary,Fast Moving Consumer Goods,768.77,0.39,7.3,-27.44,229.18,0.79,34.91,10.21,,not_stage_2,0,76.6,83.93,-1.04,0.00329,"{'price_above_30w_ma': False, '30w_ma_rising': False, 'price_above_10w_ma': False, 'relative_strength_positive': False, 'near_52w_high': False}",improving,improving,98.86,101.84,-0.42,-0.9,False,False,2026-09-09 ratio=99.28 momentum=102.73; 2026-09-10 ratio=99.27 momentum=101.07; 2026-09-11 ratio=99.03 momentum=101.31; 2026-09-15 ratio=99.08 momentum=101.71; 2026-09-16 ratio=98.86 momentum=101.84,9.2
stock,Linc,LINC.NS,Stationary,Fast Moving Consumer Goods,546.53,1.63,5.1,-30.42,135.65,1.01,15.9,19.12,,not_stage_2,0,90.37,101.02,-2.07,0.00388,"{'price_above_30w_ma': False, '30w_ma_rising': False, 'price_above_10w_ma': False, 'relative_strength_positive': False, 'near_52w_high': False}",lagging,improving,98.7,99.84,-1.3,-2.54,False,False,2026-09-09 ratio=100.00 momentum=102.38; 2026-09-10 ratio=99.84 momentum=102.43; 2026-09-11 ratio=99.60 momentum=101.87; 2026-09-15 ratio=99.75 momentum=102.46; 2026-09-16 ratio=98.70 momentum=99.84,0.0
stock,Sundaram Multi.,SUNDARAM.NS,Stationary,Fast Moving Consumer Goods,54.51,0.0,0.32,138.89,49.6,21.99,15.53,3.8,,not_stage_2,0,1.17,1.31,-3.98,5e-05,"{'price_above_30w_ma': False, '30w_ma_rising': False, 'price_above_10w_ma': False, 'relative_strength_positive': False, 'near_52w_high': False}",improving,improving,99.61,100.67,-0.31,-1.66,False,False,2026-09-09 ratio=99.92 momentum=102.32; 2026-09-10 ratio=99.90 momentum=101.78; 2026-09-11 ratio=99.80 momentum=97.82; 2026-09-15 ratio=99.91 momentum=99.77; 2026-09-16 ratio=99.61 momentum=100.67,3.35
stock,Vasa Retail,VASA.NS,Stationary,Fast Moving Consumer Goods,2.13,0.0,-0.05,28.57,0.0,,,-1.93,,not_stage_2,0,3.55,4.48,-3.13,0.00015,"{'price_above_30w_ma': False, '30w_ma_rising': False, 'price_above_10w_ma': False, 'relative_strength_positive': False, 'near_52w_high': False}",improving,lagging,97.69,101.91,1.39,3.99,False,True,2026-09-09 ratio=96.31 momentum=97.91; 2026-09-10 ratio=96.76 momentum=97.91; 2026-09-11 ratio=97.15 momentum=98.38; 2026-09-15 ratio=97.57 momentum=98.17; 2026-09-16 ratio=97.69 momentum=101.91,9.55
stock,Indus Towers,INDUSTOWER.NS,Telecom - Infrastructure,Telecommunic ation,99455.42,3.72,1745.8,0.52,8431.1,4.64,13.9,19.48,,not_stage_2,2,375.6,409.61,-2.45,0.01614,"{'price_above_30w_ma': False, '30w_ma_rising': False, 'price_above_10w_ma': False, 'relative_strength_positive': True, 'near_52w_high': True}",leading,improving,100.37,102.17,0.4,-0.95,False,False,2026-09-09 ratio=99.97 momentum=103.12; 2026-09-10 ratio=99.75 momentum=101.30; 2026-09-11 ratio=101.25 momentum=103.51; 2026-09-15 ratio=100.83 momentum=101.10; 2026-09-16 ratio=100.37 momentum=102.17,72.7
stock,HFCL,HFCL.NS,Telecom - Infrastructure,Telecommunic ation,32993.0,0.09,245.64,809.06,1914.98,119.85,57.62,10.76,,not_stage_2,3,209.45,161.39,15.38,0.009,"{'price_above_30w_ma': True, '30w_ma_rising': True, 'price_above_10w_ma': False, 'relative_strength_positive': False, 'near_52w_high': True}",lagging,weakening,99.81,98.72,-1.34,0.74,False,False,2026-09-10 ratio=101.15 momentum=97.98; 2026-09-11 ratio=101.17 momentum=97.54; 2026-09-15 ratio=100.63 momentum=96.97; 2026-09-16 ratio=100.04 momentum=97.91; 2026-09-17 ratio=99.81 momentum=98.72,90.76
stock,Pace Digitek,PACEDIGITK.NS,Telecom - Infrastructure,Telecommunic ation,3366.78,0.0,62.5,13.24,555.36,51.29,11.21,21.4,,not_stage_2,0,153.31,179.4,-1.33,0.00659,"{'price_above_30w_ma': False, '30w_ma_rising': False, 'price_above_10w_ma': False, 'relative_strength_positive': False, 'near_52w_high': False}",improving,lagging,98.43,103.34,0.0,5.85,False,True,2026-09-10 ratio=98.43 momentum=97.49; 2026-09-11 ratio=98.48 momentum=99.32; 2026-09-15 ratio=98.36 momentum=100.17; 2026-09-16 ratio=98.33 momentum=102.37; 2026-09-17 ratio=98.43 momentum=103.34,16.7
stock,GTL Infra.,GTLINFRA.NS,Telecom - Infrastructure,Telecommunic ation,1473.08,0.0,69.39,129.86,327.31,-2.16,,,,not_stage_2,1,1.14,1.25,0.19,5e-05,"{'price_above_30w_ma': False, '30w_ma_rising': True, 'price_above_10w_ma': False, 'relative_strength_positive': False, 'near_52w_high': False}",improving,improving,99.05,100.88,-0.11,0.82,False,False,2026-09-10 ratio=99.16 momentum=100.06; 2026-09-11 ratio=99.27 momentum=100.52; 2026-09-15 ratio=98.91 momentum=100.33; 2026-09-16 ratio=98.35 momentum=99.45; 2026-09-17 ratio=99.05 momentum=100.88,24.78
stock,Suyog Telematics,SUYOG.NS,Telecom - Infrastructure,Telecommunic ation,763.78,0.15,13.93,-18.11,65.27,2.16,12.9,14.42,,not_stage_2,2,664.25,767.49,1.56,0.02854,"{'price_above_30w_ma': False, '30w_ma_rising': True, 'price_above_10w_ma': False, 'relative_strength_positive': False, 'near_52w_high': True}",improving,lagging,98.34,100.78,0.48,4.14,False,True,2026-09-10 ratio=97.86 momentum=96.64; 2026-09-11 ratio=97.75 momentum=98.81; 2026-09-15 ratio=97.90 momentum=99.28; 2026-09-16 ratio=98.18 momentum=100.42; 2026-09-17 ratio=98.34 momentum=100.78,47.02
stock,Sar Televenture,SARTELE.NS,Telecom - Infrastructure,Telecommunic ation,376.86,0.0,36.23,25.49,280.35,35.3,5.25,8.84,,not_stage_2,0,73.8,137.34,-11.07,0.00317,"{'price_above_30w_ma': False, '30w_ma_rising': False, 'price_above_10w_ma': False, 'relative_strength_positive': False, 'near_52w_high': False}",lagging,lagging,97.86,98.63,-0.44,0.78,False,False,2026-09-09 ratio=98.31 momentum=97.85; 2026-09-10 ratio=98.21 momentum=98.33; 2026-09-11 ratio=98.04 momentum=96.84; 2026-09-15 ratio=98.05 momentum=98.56; 2026-09-16 ratio=97.86 momentum=98.63,0.0
stock,Rama Telecom,RTL.NS,Telecom - Infrastructure,Telecommunic ation,103.61,0.0,0.48,-86.7,27.75,18.69,35.6,11.89,,insufficient_data,0,,,,,{},insufficient_data,insufficient_data,,,,,False,False,,0.0
stock,Kore Digital,KDL.NS,Telecom - Infrastructure,Telecommunic ation,94.69,0.0,11.91,-51.61,150.42,-36.24,2.58,38.1,,not_stage_2,0,87.6,120.67,-5.61,0.00376,"{'price_above_30w_ma': False, '30w_ma_rising': False, 'price_above_10w_ma': False, 'relative_strength_positive': False, 'near_52w_high': False}",improving,lagging,99.03,101.79,0.15,4.98,False,True,2026-09-09 ratio=98.88 momentum=96.82; 2026-09-10 ratio=98.78 momentum=98.57; 2026-09-11 ratio=99.44 momentum=100.59; 2026-09-15 ratio=99.14 momentum=102.21; 2026-09-16 ratio=99.03 momentum=101.79,8.95
