level,name,symbol,parent,sector,market_cap_cr,dividend_yield_pct,np_qtr_cr,qtr_profit_var_pct,sales_qtr_cr,qtr_sales_var_pct,pe,roce,error,stage,stage2_score,close,weekly_ma,weekly_ma_slope_4w_pct,rs_vs_benchmark,checks,rrg_quadrant,rrg_quadrant_5d_ago,rs_ratio,rs_momentum,rs_ratio_5d_delta,rs_momentum_5d_delta,moving_to_leading,improving_toward_leading,rrg_tail,stock_score
stock,Bajaj Auto,BAJAJ-AUTO.NS,2/3 Wheelers,Automobile and Auto Components,268341.21,1.53,3188.75,45.93,21688.83,65.14,22.76,28.24,,not_stage_2,2,9637.0,10475.37,1.26,0.43348,"{'price_above_30w_ma': False, '30w_ma_rising': True, 'price_above_10w_ma': False, 'relative_strength_positive': False, 'near_52w_high': True}",lagging,lagging,97.19,97.84,0.15,1.58,False,False,2026-10-01 ratio=97.04 momentum=96.26; 2026-10-05 ratio=97.07 momentum=97.26; 2026-10-06 ratio=97.03 momentum=97.52; 2026-10-07 ratio=97.13 momentum=97.77; 2026-10-08 ratio=97.19 momentum=97.84,42.52
stock,Eicher Motors,EICHERMOT.NS,2/3 Wheelers,Automobile and Auto Components,192896.48,1.16,1462.51,21.35,6632.42,31.55,33.16,30.53,,not_stage_2,1,6767.5,7362.67,-0.78,0.30441,"{'price_above_30w_ma': False, '30w_ma_rising': False, 'price_above_10w_ma': False, 'relative_strength_positive': False, 'near_52w_high': True}",lagging,lagging,97.35,96.99,0.22,0.72,False,False,2026-10-01 ratio=97.13 momentum=96.27; 2026-10-05 ratio=97.77 momentum=97.05; 2026-10-06 ratio=97.65 momentum=96.92; 2026-10-07 ratio=97.60 momentum=97.40; 2026-10-08 ratio=97.35 momentum=96.99,20.0
stock,TVS Motor Co.,TVSMOTOR.NS,2/3 Wheelers,Automobile and Auto Components,182726.29,0.31,1057.61,67.11,16295.52,33.46,52.82,17.37,,not_stage_2,3,3839.4,3781.38,1.24,0.1727,"{'price_above_30w_ma': True, '30w_ma_rising': True, 'price_above_10w_ma': False, 'relative_strength_positive': False, 'near_52w_high': True}",lagging,leading,98.38,97.7,-2.13,-2.71,False,False,2026-10-01 ratio=100.50 momentum=100.42; 2026-10-05 ratio=100.34 momentum=98.51; 2026-10-06 ratio=99.36 momentum=97.20; 2026-10-07 ratio=98.85 momentum=97.41; 2026-10-08 ratio=98.38 momentum=97.70,62.48
stock,Hero Motocorp,HEROMOTOCO.NS,2/3 Wheelers,Automobile and Auto Components,97908.57,3.78,1417.93,-17.18,13126.35,34.94,17.68,35.22,,not_stage_2,1,4856.5,5175.39,-0.78,0.21845,"{'price_above_30w_ma': False, '30w_ma_rising': False, 'price_above_10w_ma': False, 'relative_strength_positive': False, 'near_52w_high': True}",lagging,weakening,98.41,97.45,-1.89,-1.73,False,False,2026-10-01 ratio=100.30 momentum=99.18; 2026-10-05 ratio=99.63 momentum=98.19; 2026-10-06 ratio=99.17 momentum=97.05; 2026-10-07 ratio=98.89 momentum=97.47; 2026-10-08 ratio=98.41 momentum=97.45,20.0
stock,Ather Energy,ATHERENERG.NS,2/3 Wheelers,Automobile and Auto Components,57022.86,0.0,-50.87,71.46,1216.92,88.79,,-19.77,,not_stage_2,3,1406.0,1165.71,9.9,0.06324,"{'price_above_30w_ma': True, '30w_ma_rising': True, 'price_above_10w_ma': False, 'relative_strength_positive': False, 'near_52w_high': True}",lagging,weakening,100.0,97.73,-0.08,-0.17,False,False,2026-10-01 ratio=100.08 momentum=97.89; 2026-10-05 ratio=100.01 momentum=95.75; 2026-10-06 ratio=100.14 momentum=96.23; 2026-10-07 ratio=100.26 momentum=97.21; 2026-10-08 ratio=100.00 momentum=97.73,79.8
stock,Ola Electric,OLAELEC.NS,2/3 Wheelers,Automobile and Auto Components,16320.87,0.0,-336.0,21.5,455.0,-45.05,,-19.87,,not_stage_2,1,34.63,37.86,4.38,0.00156,"{'price_above_30w_ma': False, '30w_ma_rising': True, 'price_above_10w_ma': False, 'relative_strength_positive': False, 'near_52w_high': False}",lagging,leading,99.06,96.45,-1.62,-4.39,False,False,2026-10-01 ratio=100.68 momentum=100.84; 2026-10-05 ratio=100.21 momentum=100.87; 2026-10-06 ratio=99.44 momentum=99.92; 2026-10-07 ratio=99.87 momentum=99.63; 2026-10-08 ratio=99.06 momentum=96.45,28.76
stock,Ebix,EBIX.NS,2/3 Wheelers,Automobile and Auto Components,343.16,0.0,82.0,92.94,573.24,-5.08,,10.05,,insufficient_data,0,,,,,{},insufficient_data,insufficient_data,,,,,False,False,,0.0
stock,Wardwizard Inno.,WARDINMOBI.NS,2/3 Wheelers,Automobile and Auto Components,152.21,0.0,0.19,-83.04,61.64,91.01,149.22,7.04,,insufficient_data,0,,,,,{},insufficient_data,insufficient_data,,,,,False,False,,0.0
stock,Tunwal E-Motors,TUNWAL.NS,2/3 Wheelers,Automobile and Auto Components,145.38,0.4,4.23,-34.72,132.45,27.15,11.42,13.28,,not_stage_2,1,25.25,28.34,-2.15,0.00114,"{'price_above_30w_ma': False, '30w_ma_rising': False, 'price_above_10w_ma': False, 'relative_strength_positive': True, 'near_52w_high': False}",leading,leading,101.69,101.32,-1.24,-0.76,False,False,2026-10-01 ratio=102.93 momentum=102.08; 2026-10-05 ratio=103.00 momentum=101.75; 2026-10-06 ratio=102.23 momentum=102.17; 2026-10-07 ratio=101.89 momentum=102.32; 2026-10-08 ratio=101.69 momentum=101.32,55.05
stock,Delta Auto.,DELTIC.NS,2/3 Wheelers,Automobile and Auto Components,52.68,0.0,3.1,-47.28,37.54,-28.28,8.65,11.35,,insufficient_data,0,,,,,{},insufficient_data,insufficient_data,,,,,False,False,,0.0
stock,Carborundum Uni.,CARBORUNIV.NS,Abrasives & Bearings,Capital Goods,22894.66,0.33,80.34,23.44,1426.63,17.03,91.29,10.52,,stage_2,5,1209.4,1059.92,5.39,0.0544,"{'price_above_30w_ma': True, '30w_ma_rising': True, 'price_above_10w_ma': True, 'relative_strength_positive': True, 'near_52w_high': True}",weakening,leading,101.56,96.54,-0.75,-5.48,False,False,2026-10-01 ratio=102.31 momentum=102.02; 2026-10-05 ratio=102.37 momentum=100.56; 2026-10-06 ratio=102.10 momentum=98.49; 2026-10-07 ratio=101.94 momentum=97.72; 2026-10-08 ratio=101.56 momentum=96.54,143.58
stock,Timken India,TIMKEN.NS,Abrasives & Bearings,Capital Goods,22263.66,0.08,115.13,10.47,929.09,14.87,54.4,18.26,,not_stage_2,2,3015.6,3353.31,-1.0,0.13564,"{'price_above_30w_ma': False, '30w_ma_rising': False, 'price_above_10w_ma': False, 'relative_strength_positive': True, 'near_52w_high': True}",weakening,weakening,100.39,96.31,-0.82,-3.3,False,False,2026-10-01 ratio=101.20 momentum=99.60; 2026-10-05 ratio=101.32 momentum=101.49; 2026-10-06 ratio=101.20 momentum=101.39; 2026-10-07 ratio=101.14 momentum=99.88; 2026-10-08 ratio=100.39 momentum=96.31,41.95
stock,Grindwell Norton,GRINDWELL.NS,Abrasives & Bearings,Capital Goods,22053.65,0.95,115.31,22.3,803.3,14.19,50.55,21.18,,stage_2,4,2007.0,1883.8,2.75,0.09028,"{'price_above_30w_ma': True, '30w_ma_rising': True, 'price_above_10w_ma': False, 'relative_strength_positive': True, 'near_52w_high': True}",leading,leading,101.99,102.65,0.43,-1.18,False,False,2026-10-01 ratio=101.56 momentum=103.83; 2026-10-05 ratio=101.76 momentum=103.62; 2026-10-06 ratio=101.83 momentum=102.40; 2026-10-07 ratio=101.74 momentum=102.71; 2026-10-08 ratio=101.99 momentum=102.65,153.7
stock,SKF India Indus.,SKFINDUS.NS,Abrasives & Bearings,Capital Goods,13168.64,0.75,61.92,-13.84,970.77,18.3,34.26,29.89,,not_stage_2,3,2622.6,2549.73,2.23,0.11797,"{'price_above_30w_ma': True, '30w_ma_rising': True, 'price_above_10w_ma': False, 'relative_strength_positive': False, 'near_52w_high': True}",lagging,weakening,99.84,97.77,-0.7,0.32,False,False,2026-10-01 ratio=100.53 momentum=97.44; 2026-10-05 ratio=100.37 momentum=96.33; 2026-10-06 ratio=100.48 momentum=98.72; 2026-10-07 ratio=100.40 momentum=99.89; 2026-10-08 ratio=99.84 momentum=97.77,64.46
stock,SKF India,SKFINDIA.NS,Abrasives & Bearings,Capital Goods,6950.68,2.86,61.84,32.31,587.79,27.09,46.8,13.33,,not_stage_2,0,1407.7,1585.4,-1.48,0.06332,"{'price_above_30w_ma': False, '30w_ma_rising': False, 'price_above_10w_ma': False, 'relative_strength_positive': False, 'near_52w_high': False}",lagging,weakening,99.37,98.57,-0.77,1.08,False,False,2026-10-01 ratio=100.14 momentum=97.49; 2026-10-05 ratio=99.84 momentum=97.10; 2026-10-06 ratio=99.86 momentum=98.40; 2026-10-07 ratio=99.35 momentum=98.52; 2026-10-08 ratio=99.37 momentum=98.57,0.0
stock,Wendt India,WENDT.NS,Abrasives & Bearings,Capital Goods,1550.5,0.39,6.18,63.49,71.28,36.63,91.48,7.82,,not_stage_2,3,7712.0,7609.68,3.0,0.34689,"{'price_above_30w_ma': True, '30w_ma_rising': True, 'price_above_10w_ma': False, 'relative_strength_positive': False, 'near_52w_high': True}",lagging,weakening,99.93,97.05,-0.93,1.81,False,False,2026-10-01 ratio=100.86 momentum=95.24; 2026-10-05 ratio=100.46 momentum=95.50; 2026-10-06 ratio=100.45 momentum=97.15; 2026-10-07 ratio=100.32 momentum=97.25; 2026-10-08 ratio=99.93 momentum=97.05,66.0
stock,SKP Bearing,SKP.NS,Abrasives & Bearings,Capital Goods,274.23,0.0,0.04,-89.47,22.11,-0.05,464.8,11.38,,stage_2,4,166.65,157.45,0.33,0.0075,"{'price_above_30w_ma': True, '30w_ma_rising': True, 'price_above_10w_ma': True, 'relative_strength_positive': True, 'near_52w_high': False}",leading,leading,101.77,101.47,0.18,-0.59,False,False,2026-10-01 ratio=101.59 momentum=102.06; 2026-10-05 ratio=101.64 momentum=101.39; 2026-10-06 ratio=101.92 momentum=101.63; 2026-10-07 ratio=102.07 momentum=103.08; 2026-10-08 ratio=101.77 momentum=101.47,141.86
stock,NRB Indl Bearing,NIBL.NS,Abrasives & Bearings,Capital Goods,73.27,0.0,-6.59,-29.47,18.9,1.89,,-18.17,,not_stage_2,3,30.97,31.28,0.08,0.00139,"{'price_above_30w_ma': False, '30w_ma_rising': True, 'price_above_10w_ma': False, 'relative_strength_positive': True, 'near_52w_high': True}",weakening,leading,100.62,99.19,0.23,-2.92,False,False,2026-10-01 ratio=100.40 momentum=102.11; 2026-10-05 ratio=100.33 momentum=102.08; 2026-10-06 ratio=100.15 momentum=104.92; 2026-10-07 ratio=100.46 momentum=99.05; 2026-10-08 ratio=100.62 momentum=99.19,63.26
stock,Signpost India,SIGNPOST.NS,Advertising & Media Agencies,"Media, Entertainment & Publication",1381.5,0.19,18.69,22.32,152.26,10.61,18.81,25.13,,not_stage_2,3,260.75,269.14,1.19,0.01173,"{'price_above_30w_ma': False, '30w_ma_rising': True, 'price_above_10w_ma': False, 'relative_strength_positive': True, 'near_52w_high': True}",leading,leading,100.94,102.52,0.57,-1.28,False,False,2026-10-01 ratio=100.37 momentum=103.80; 2026-10-05 ratio=100.41 momentum=101.94; 2026-10-06 ratio=100.39 momentum=102.73; 2026-10-07 ratio=101.03 momentum=104.51; 2026-10-08 ratio=100.94 momentum=102.52,99.68
stock,R K Swamy,RKSWAMY.NS,Advertising & Media Agencies,"Media, Entertainment & Publication",444.04,2.29,3.47,20.91,83.62,7.8,18.16,12.26,,not_stage_2,0,87.4,93.8,-1.55,0.00393,"{'price_above_30w_ma': False, '30w_ma_rising': False, 'price_above_10w_ma': False, 'relative_strength_positive': False, 'near_52w_high': False}",improving,improving,99.75,100.97,0.6,-0.69,False,False,2026-10-01 ratio=99.15 momentum=101.65; 2026-10-05 ratio=98.96 momentum=100.59; 2026-10-06 ratio=99.23 momentum=101.81; 2026-10-07 ratio=99.51 momentum=104.08; 2026-10-08 ratio=99.75 momentum=100.97,4.85
stock,Simca Advertis.,SIMCA.NS,Advertising & Media Agencies,"Media, Entertainment & Publication",424.87,0.0,9.04,1164.71,78.51,107.37,25.43,109.69,,insufficient_data,0,,,,,{},insufficient_data,insufficient_data,,,,,False,False,,0.0
stock,Vertoz,VERTOZ.NS,Advertising & Media Agencies,"Media, Entertainment & Publication",274.35,0.31,7.36,5.02,81.64,15.82,10.4,14.16,,not_stage_2,0,32.43,40.11,-2.54,0.00146,"{'price_above_30w_ma': False, '30w_ma_rising': False, 'price_above_10w_ma': False, 'relative_strength_positive': False, 'near_52w_high': False}",lagging,weakening,98.82,97.79,-1.81,-1.07,False,False,2026-10-01 ratio=100.62 momentum=98.86; 2026-10-05 ratio=99.91 momentum=96.64; 2026-10-06 ratio=98.98 momentum=96.88; 2026-10-07 ratio=98.87 momentum=97.35; 2026-10-08 ratio=98.82 momentum=97.79,0.0
stock,Yaap Digital,YAAP.NS,Advertising & Media Agencies,"Media, Entertainment & Publication",243.56,0.0,19.0,84.08,135.66,28.14,15.41,28.46,,insufficient_data,0,,,,,{},insufficient_data,insufficient_data,,,,,False,False,,0.0
stock,Cash UR Drive,CUDML.NS,Advertising & Media Agencies,"Media, Entertainment & Publication",175.66,0.0,18.52,94.54,108.79,43.71,6.83,37.56,,insufficient_data,0,,,,,{},insufficient_data,insufficient_data,,,,,False,False,,0.0
stock,Digicontent,DGCONTENT.NS,Advertising & Media Agencies,"Media, Entertainment & Publication",140.8,0.0,-1.93,17.17,123.3,11.63,8.27,23.95,,not_stage_2,1,23.68,26.14,-0.87,0.00107,"{'price_above_30w_ma': False, '30w_ma_rising': False, 'price_above_10w_ma': False, 'relative_strength_positive': True, 'near_52w_high': False}",weakening,leading,100.91,99.69,-2.35,-2.56,False,False,2026-10-01 ratio=103.26 momentum=102.25; 2026-10-05 ratio=102.18 momentum=101.04; 2026-10-06 ratio=101.55 momentum=101.16; 2026-10-07 ratio=101.04 momentum=100.87; 2026-10-08 ratio=100.91 momentum=99.69,24.55
stock,Pramara Promotio,PRAMARA.NS,Advertising & Media Agencies,"Media, Entertainment & Publication",139.31,0.0,3.91,5.96,59.27,6.49,13.88,14.95,,not_stage_2,1,102.6,190.13,-15.39,0.00462,"{'price_above_30w_ma': False, '30w_ma_rising': False, 'price_above_10w_ma': False, 'relative_strength_positive': True, 'near_52w_high': False}",leading,improving,100.24,103.57,0.26,1.33,True,False,2026-10-01 ratio=99.98 momentum=102.24; 2026-10-05 ratio=99.89 momentum=102.32; 2026-10-06 ratio=100.12 momentum=103.03; 2026-10-07 ratio=100.56 momentum=103.76; 2026-10-08 ratio=100.24 momentum=103.57,69.05
stock,Value 360 Commu.,VALUE360.NS,Advertising & Media Agencies,"Media, Entertainment & Publication",127.6,0.0,4.99,131.34,35.84,16.97,12.86,38.64,,insufficient_data,0,,,,,{},insufficient_data,insufficient_data,,,,,False,False,,0.0
stock,Crayons Advertis,CRAYONS.NS,Advertising & Media Agencies,"Media, Entertainment & Publication",60.22,0.0,0.68,-94.03,171.88,26.88,17.59,5.53,,not_stage_2,0,23.55,29.15,-6.12,0.00106,"{'price_above_30w_ma': False, '30w_ma_rising': False, 'price_above_10w_ma': False, 'relative_strength_positive': False, 'near_52w_high': False}",improving,leading,99.68,100.49,-1.38,-2.76,False,False,2026-10-01 ratio=101.06 momentum=103.25; 2026-10-05 ratio=99.77 momentum=101.61; 2026-10-06 ratio=99.49 momentum=101.23; 2026-10-07 ratio=99.20 momentum=99.66; 2026-10-08 ratio=99.68 momentum=100.49,2.45
stock,Hind.Aeronautics,HAL.NS,Aerospace & Defense,Capital Goods,311421.9,0.97,1589.66,14.88,5515.17,14.45,33.41,31.97,,stage_2,4,4647.4,4475.41,2.15,0.20904,"{'price_above_30w_ma': True, '30w_ma_rising': True, 'price_above_10w_ma': False, 'relative_strength_positive': True, 'near_52w_high': True}",leading,weakening,100.92,100.24,0.41,1.52,True,False,2026-10-01 ratio=100.51 momentum=98.72; 2026-10-05 ratio=100.82 momentum=99.87; 2026-10-06 ratio=101.37 momentum=101.33; 2026-10-07 ratio=101.10 momentum=100.79; 2026-10-08 ratio=100.92 momentum=100.24,145.1
stock,Bharat Electron,BEL.NS,Aerospace & Defense,Capital Goods,269256.12,0.68,1054.53,8.7,5546.98,24.94,43.81,36.44,,not_stage_2,1,367.3,413.09,-2.03,0.01652,"{'price_above_30w_ma': False, '30w_ma_rising': False, 'price_above_10w_ma': False, 'relative_strength_positive': False, 'near_52w_high': True}",lagging,leading,99.33,97.87,-1.36,-3.05,False,False,2026-10-01 ratio=100.68 momentum=100.93; 2026-10-05 ratio=100.62 momentum=102.84; 2026-10-06 ratio=100.50 momentum=99.62; 2026-10-07 ratio=99.86 momentum=97.07; 2026-10-08 ratio=99.33 momentum=97.87,20.0
stock,Bharat Dynamics,BDL.NS,Aerospace & Defense,Capital Goods,39307.5,0.46,118.79,547.36,572.24,130.81,75.48,13.86,,not_stage_2,0,1050.5,1275.49,-1.97,0.04725,"{'price_above_30w_ma': False, '30w_ma_rising': False, 'price_above_10w_ma': False, 'relative_strength_positive': False, 'near_52w_high': False}",lagging,improving,98.29,98.85,-0.19,-1.84,False,False,2026-10-01 ratio=98.48 momentum=100.69; 2026-10-05 ratio=98.57 momentum=97.07; 2026-10-06 ratio=98.54 momentum=99.18; 2026-10-07 ratio=98.47 momentum=98.76; 2026-10-08 ratio=98.29 momentum=98.85,0.0
stock,Garden Reach Sh.,GRSE.NS,Aerospace & Defense,Capital Goods,23439.66,0.96,172.84,43.82,1814.62,38.53,29.28,42.82,,not_stage_2,0,2014.0,2566.32,-1.14,0.09059,"{'price_above_30w_ma': False, '30w_ma_rising': False, 'price_above_10w_ma': False, 'relative_strength_positive': False, 'near_52w_high': False}",lagging,lagging,97.24,97.29,0.19,-1.87,False,False,2026-10-01 ratio=97.05 momentum=99.16; 2026-10-05 ratio=97.20 momentum=97.12; 2026-10-06 ratio=97.50 momentum=99.04; 2026-10-07 ratio=97.50 momentum=97.16; 2026-10-08 ratio=97.24 momentum=97.29,0.0
stock,Data Pattern,DATAPATTNS.NS,Aerospace & Defense,Capital Goods,22871.4,0.24,22.06,-13.49,116.03,16.81,84.63,21.92,,not_stage_2,2,4097.1,4174.31,3.62,0.18429,"{'price_above_30w_ma': False, '30w_ma_rising': True, 'price_above_10w_ma': False, 'relative_strength_positive': False, 'near_52w_high': True}",lagging,lagging,99.29,97.29,-0.69,-1.85,False,False,2026-10-01 ratio=99.98 momentum=99.14; 2026-10-05 ratio=99.70 momentum=97.00; 2026-10-06 ratio=99.89 momentum=97.59; 2026-10-07 ratio=99.71 momentum=96.61; 2026-10-08 ratio=99.29 momentum=97.29,47.24
stock,Sigma Advanced System,SIGMAADV.NS,Aerospace & Defense,Capital Goods,19177.6,0.0,35.41,-81.87,374.28,7083.88,115.32,11.74,,stage_2,5,1037.1,534.6,25.73,0.04665,"{'price_above_30w_ma': True, '30w_ma_rising': True, 'price_above_10w_ma': True, 'relative_strength_positive': True, 'near_52w_high': True}",weakening,leading,101.84,98.77,-0.84,-3.71,False,False,2026-10-01 ratio=102.68 momentum=102.48; 2026-10-05 ratio=102.77 momentum=102.81; 2026-10-06 ratio=102.44 momentum=100.54; 2026-10-07 ratio=102.17 momentum=98.72; 2026-10-08 ratio=101.84 momentum=98.77,185.66
stock,Aequs,AEQUS.NS,Aerospace & Defense,Capital Goods,18342.71,0.0,-53.23,-1457.91,395.55,54.77,,1.69,,stage_2,5,268.0,211.83,8.17,0.01205,"{'price_above_30w_ma': True, '30w_ma_rising': True, 'price_above_10w_ma': True, 'relative_strength_positive': True, 'near_52w_high': True}",leading,leading,101.82,100.97,-1.23,-1.53,False,False,2026-10-01 ratio=103.05 momentum=102.49; 2026-10-05 ratio=103.14 momentum=102.63; 2026-10-06 ratio=102.77 momentum=102.99; 2026-10-07 ratio=102.71 momentum=101.82; 2026-10-08 ratio=101.82 momentum=100.97,175.29
stock,Astra Microwave,ASTRAMICRO.NS,Aerospace & Defense,Capital Goods,15694.42,0.15,12.35,-24.09,176.66,-11.55,83.02,20.28,,stage_2,4,1630.8,1469.83,6.33,0.07335,"{'price_above_30w_ma': True, '30w_ma_rising': True, 'price_above_10w_ma': False, 'relative_strength_positive': True, 'near_52w_high': True}",leading,leading,100.97,102.58,0.45,0.11,False,False,2026-10-01 ratio=100.52 momentum=102.46; 2026-10-05 ratio=100.91 momentum=102.19; 2026-10-06 ratio=101.75 momentum=102.12; 2026-10-07 ratio=101.92 momentum=102.74; 2026-10-08 ratio=100.97 momentum=102.58,155.41
stock,Apollo Micro Sys,APOLLO.NS,Aerospace & Defense,Capital Goods,14427.41,0.06,25.21,45.38,251.29,88.12,118.92,14.53,,stage_2,5,395.15,356.51,6.62,0.01777,"{'price_above_30w_ma': True, '30w_ma_rising': True, 'price_above_10w_ma': True, 'relative_strength_positive': True, 'near_52w_high': True}",weakening,leading,101.44,99.63,-0.11,-2.26,False,False,2026-10-01 ratio=101.54 momentum=101.89; 2026-10-05 ratio=101.78 momentum=104.76; 2026-10-06 ratio=101.82 momentum=105.22; 2026-10-07 ratio=102.21 momentum=100.95; 2026-10-08 ratio=101.44 momentum=99.63,145.44
stock,Zen Technologies,ZENTEC.NS,Aerospace & Defense,Capital Goods,13827.34,0.07,31.85,-23.2,141.64,-10.48,76.1,16.18,,not_stage_2,2,1514.2,1685.14,1.99,0.06811,"{'price_above_30w_ma': False, '30w_ma_rising': True, 'price_above_10w_ma': False, 'relative_strength_positive': False, 'near_52w_high': True}",lagging,lagging,98.62,97.52,-0.54,-0.27,False,False,2026-10-01 ratio=99.16 momentum=97.79; 2026-10-05 ratio=99.36 momentum=98.88; 2026-10-06 ratio=99.37 momentum=99.16; 2026-10-07 ratio=99.11 momentum=98.18; 2026-10-08 ratio=98.62 momentum=97.52,43.98
stock,Hindalco Inds.,HINDALCO.NS,Aluminium,Metals & Mining,201638.15,0.56,7013.0,116.7,84825.0,32.06,9.68,13.21,,not_stage_2,2,890.15,997.68,0.22,0.04004,"{'price_above_30w_ma': False, '30w_ma_rising': True, 'price_above_10w_ma': False, 'relative_strength_positive': False, 'near_52w_high': True}",lagging,lagging,97.9,96.53,-2.05,-2.05,False,False,2026-10-01 ratio=99.94 momentum=98.58; 2026-10-05 ratio=99.57 momentum=97.44; 2026-10-06 ratio=99.24 momentum=97.79; 2026-10-07 ratio=98.26 momentum=97.40; 2026-10-08 ratio=97.90 momentum=96.53,40.44
stock,Vedanta Aluminium Metal,VAML.NS,Aluminium,Metals & Mining,145446.1,2.15,6597.0,216.06,21393.0,45.99,9.19,,,insufficient_data,0,,,,,{},lagging,improving,97.22,97.42,-1.76,-4.16,False,False,2026-10-01 ratio=98.98 momentum=101.58; 2026-10-05 ratio=98.24 momentum=99.56; 2026-10-06 ratio=98.37 momentum=100.07; 2026-10-07 ratio=98.11 momentum=98.61; 2026-10-08 ratio=97.22 momentum=97.42,0.0
stock,Natl. Aluminium,NATIONALUM.NS,Aluminium,Metals & Mining,57982.16,3.64,2003.14,90.87,5302.38,39.28,8.59,39.59,,not_stage_2,0,313.1,377.61,-1.07,0.01408,"{'price_above_30w_ma': False, '30w_ma_rising': False, 'price_above_10w_ma': False, 'relative_strength_positive': False, 'near_52w_high': False}",lagging,lagging,97.8,96.95,-1.39,-0.74,False,False,2026-10-01 ratio=99.20 momentum=97.69; 2026-10-05 ratio=99.37 momentum=99.41; 2026-10-06 ratio=98.95 momentum=98.38; 2026-10-07 ratio=98.03 momentum=97.47; 2026-10-08 ratio=97.80 momentum=96.95,0.0
stock,Arfin India,ARFIN.NS,Aluminium,Metals & Mining,1777.75,0.11,3.53,246.08,207.96,91.23,110.35,13.96,,stage_2,5,107.52,89.36,3.07,0.00484,"{'price_above_30w_ma': True, '30w_ma_rising': True, 'price_above_10w_ma': True, 'relative_strength_positive': True, 'near_52w_high': True}",leading,leading,104.06,102.18,2.71,1.88,False,False,2026-10-01 ratio=101.35 momentum=100.30; 2026-10-05 ratio=101.26 momentum=98.00; 2026-10-06 ratio=102.97 momentum=102.10; 2026-10-07 ratio=103.87 momentum=103.05; 2026-10-08 ratio=104.06 momentum=102.18,182.34
stock,MMP Industries,MMP.NS,Aluminium,Metals & Mining,1273.56,0.4,13.7,15.32,232.6,26.9,28.56,12.56,,stage_2,5,483.25,315.09,10.78,0.02174,"{'price_above_30w_ma': True, '30w_ma_rising': True, 'price_above_10w_ma': True, 'relative_strength_positive': True, 'near_52w_high': True}",leading,weakening,101.52,100.38,0.31,3.7,True,False,2026-10-01 ratio=101.21 momentum=96.67; 2026-10-05 ratio=101.38 momentum=97.76; 2026-10-06 ratio=101.44 momentum=96.82; 2026-10-07 ratio=101.68 momentum=101.20; 2026-10-08 ratio=101.52 momentum=100.38,186.06
stock,Maan Aluminium,MAANALU.NS,Aluminium,Metals & Mining,616.97,0.0,3.1,13.55,231.86,9.79,46.04,7.74,,not_stage_2,0,98.97,125.25,-3.54,0.00445,"{'price_above_30w_ma': False, '30w_ma_rising': False, 'price_above_10w_ma': False, 'relative_strength_positive': False, 'near_52w_high': False}",improving,improving,98.64,101.46,0.18,-3.61,False,False,2026-10-01 ratio=98.45 momentum=105.06; 2026-10-05 ratio=99.38 momentum=103.69; 2026-10-06 ratio=99.23 momentum=102.57; 2026-10-07 ratio=99.20 momentum=102.08; 2026-10-08 ratio=98.64 momentum=101.46,7.3
stock,Jainik Power,JAINIK.NS,Aluminium,Metals & Mining,262.57,0.0,7.85,64.57,208.91,9.73,18.73,29.88,,insufficient_data,0,,,,,{},insufficient_data,insufficient_data,,,,,False,False,,0.0
stock,Manaksia Alumi.,MANAKALUCO.NS,Aluminium,Metals & Mining,209.26,0.16,2.85,82.69,139.59,3.85,23.65,10.15,,not_stage_2,1,31.22,34.66,2.34,0.0014,"{'price_above_30w_ma': False, '30w_ma_rising': True, 'price_above_10w_ma': False, 'relative_strength_positive': False, 'near_52w_high': False}",lagging,lagging,98.16,97.1,-1.18,0.26,False,False,2026-10-01 ratio=99.34 momentum=96.84; 2026-10-05 ratio=99.17 momentum=96.69; 2026-10-06 ratio=98.77 momentum=97.65; 2026-10-07 ratio=98.37 momentum=97.41; 2026-10-08 ratio=98.16 momentum=97.10,24.68
stock,Hind Aluminium,HINDALUMI.NS,Aluminium,Metals & Mining,56.36,0.0,1.91,-51.03,5.36,405.66,15.19,-2.7,,insufficient_data,0,,,,,{},insufficient_data,insufficient_data,,,,,False,False,,0.0
stock,Prec. Wires (I),PRECWIRE.NS,"Aluminium, Copper & Zinc Products",Capital Goods,8825.04,0.26,46.45,71.47,1779.24,59.49,50.54,32.94,,stage_2,5,493.15,410.83,6.58,0.02218,"{'price_above_30w_ma': True, '30w_ma_rising': True, 'price_above_10w_ma': True, 'relative_strength_positive': True, 'near_52w_high': True}",weakening,leading,101.36,98.03,-0.36,-7.53,False,False,2026-10-01 ratio=101.72 momentum=105.56; 2026-10-05 ratio=101.70 momentum=101.60; 2026-10-06 ratio=101.68 momentum=103.59; 2026-10-07 ratio=101.71 momentum=100.90; 2026-10-08 ratio=101.36 momentum=98.03,144.96
stock,CMR Green Tech.,CMRGREEN.NS,"Aluminium, Copper & Zinc Products",Capital Goods,4760.29,0.0,68.18,16.41,3122.73,64.92,20.01,14.06,,insufficient_data,0,,,,,{},weakening,leading,101.13,98.05,-0.8,-5.83,False,False,2026-10-01 ratio=101.93 momentum=103.88; 2026-10-05 ratio=101.46 momentum=95.83; 2026-10-06 ratio=101.72 momentum=98.03; 2026-10-07 ratio=101.64 momentum=97.70; 2026-10-08 ratio=101.13 momentum=98.05,5.65
stock,Vidya Wires,VIDYAWIRES.NS,"Aluminium, Copper & Zinc Products",Capital Goods,2086.94,0.0,17.14,41.42,549.71,33.5,33.3,20.59,,stage_2,5,98.03,87.09,6.49,0.00441,"{'price_above_30w_ma': True, '30w_ma_rising': True, 'price_above_10w_ma': True, 'relative_strength_positive': True, 'near_52w_high': True}",leading,leading,102.99,102.64,0.84,0.75,False,False,2026-10-01 ratio=102.15 momentum=101.89; 2026-10-05 ratio=101.95 momentum=101.51; 2026-10-06 ratio=102.75 momentum=102.71; 2026-10-07 ratio=103.61 momentum=104.15; 2026-10-08 ratio=102.99 momentum=102.64,186.13
stock,Sunlite Recycli.,SUNLITE.NS,"Aluminium, Copper & Zinc Products",Capital Goods,886.47,0.16,25.8,257.84,1642.41,116.13,22.08,46.52,,insufficient_data,0,,,,,{},insufficient_data,insufficient_data,,,,,False,False,,0.0
stock,Baheti Recycling,BAHETI.NS,"Aluminium, Copper & Zinc Products",Capital Goods,732.43,0.0,17.79,61.87,409.72,53.38,27.11,21.55,,not_stage_2,3,693.4,677.57,3.34,0.03119,"{'price_above_30w_ma': True, '30w_ma_rising': True, 'price_above_10w_ma': False, 'relative_strength_positive': False, 'near_52w_high': True}",lagging,lagging,99.01,97.84,-0.96,-2.16,False,False,2026-10-01 ratio=99.98 momentum=100.00; 2026-10-05 ratio=99.89 momentum=96.94; 2026-10-06 ratio=99.46 momentum=97.46; 2026-10-07 ratio=99.25 momentum=97.44; 2026-10-08 ratio=99.01 momentum=97.84,66.68
stock,Shera Energy,SHERA.NS,"Aluminium, Copper & Zinc Products",Capital Goods,476.57,0.0,12.64,88.26,487.67,26.1,13.93,19.53,,stage_2,5,194.65,160.05,6.21,0.00876,"{'price_above_30w_ma': True, '30w_ma_rising': True, 'price_above_10w_ma': True, 'relative_strength_positive': True, 'near_52w_high': True}",leading,leading,101.95,101.53,0.03,0.42,False,False,2026-10-01 ratio=101.92 momentum=101.11; 2026-10-05 ratio=101.51 momentum=99.75; 2026-10-06 ratio=101.91 momentum=100.42; 2026-10-07 ratio=102.11 momentum=101.43; 2026-10-08 ratio=101.95 momentum=101.53,174.82
stock,ANB Metal,AMCL.NS,"Aluminium, Copper & Zinc Products",Capital Goods,417.18,0.0,12.97,199.54,137.39,115.08,19.44,29.6,,insufficient_data,0,,,,,{},insufficient_data,insufficient_data,,,,,False,False,,0.0
stock,Euro Panel,EUROBOND.NS,"Aluminium, Copper & Zinc Products",Capital Goods,325.09,0.0,4.96,-13.29,119.62,14.1,12.3,16.72,,not_stage_2,0,134.54,163.69,-1.27,0.00605,"{'price_above_30w_ma': False, '30w_ma_rising': False, 'price_above_10w_ma': False, 'relative_strength_positive': False, 'near_52w_high': False}",lagging,leading,97.26,97.55,-3.62,-6.07,False,False,2026-10-01 ratio=100.88 momentum=103.62; 2026-10-05 ratio=99.40 momentum=101.00; 2026-10-06 ratio=98.68 momentum=97.58; 2026-10-07 ratio=98.11 momentum=97.28; 2026-10-08 ratio=97.26 momentum=97.55,0.0
stock,Cubex Tubings,CUBEXTUB.NS,"Aluminium, Copper & Zinc Products",Capital Goods,249.79,0.0,1.32,7.32,64.97,30.28,33.13,11.49,,stage_2,5,165.27,92.9,6.45,0.00743,"{'price_above_30w_ma': True, '30w_ma_rising': True, 'price_above_10w_ma': True, 'relative_strength_positive': True, 'near_52w_high': True}",weakening,weakening,102.15,96.84,-0.62,-2.72,False,False,2026-10-01 ratio=102.78 momentum=99.56; 2026-10-05 ratio=102.27 momentum=98.32; 2026-10-06 ratio=101.86 momentum=98.36; 2026-10-07 ratio=101.99 momentum=97.00; 2026-10-08 ratio=102.15 momentum=96.84,148.65
stock,Century Extrus.,CENTEXT.NS,"Aluminium, Copper & Zinc Products",Capital Goods,195.83,0.0,3.77,59.75,138.36,32.85,15.26,19.29,,not_stage_2,0,18.6,19.98,-1.02,0.00084,"{'price_above_30w_ma': False, '30w_ma_rising': False, 'price_above_10w_ma': False, 'relative_strength_positive': False, 'near_52w_high': False}",improving,lagging,99.58,101.84,0.43,3.3,False,True,2026-10-01 ratio=99.15 momentum=98.53; 2026-10-05 ratio=98.91 momentum=97.18; 2026-10-06 ratio=98.70 momentum=95.58; 2026-10-07 ratio=98.75 momentum=98.55; 2026-10-08 ratio=99.58 momentum=101.84,9.2
stock,Wonderla Holiday,WONDERLA.NS,Amusement Parks/ Other Recreation,Consumer Services,3225.94,0.39,72.8,38.48,242.63,44.22,30.5,6.2,,stage_2,4,509.45,501.81,0.44,0.02292,"{'price_above_30w_ma': True, '30w_ma_rising': True, 'price_above_10w_ma': False, 'relative_strength_positive': True, 'near_52w_high': True}",leading,weakening,101.35,102.61,0.5,5.08,True,False,2026-10-01 ratio=100.85 momentum=97.53; 2026-10-05 ratio=100.88 momentum=89.86; 2026-10-06 ratio=101.02 momentum=100.39; 2026-10-07 ratio=101.46 momentum=102.77; 2026-10-08 ratio=101.35 momentum=102.61,155.68
stock,Imagica. Enter.,IMAGICAA.NS,Amusement Parks/ Other Recreation,Consumer Services,2763.43,0.0,57.57,26.19,177.6,19.92,216.91,1.81,,not_stage_2,2,47.11,47.27,2.4,0.00212,"{'price_above_30w_ma': False, '30w_ma_rising': True, 'price_above_10w_ma': False, 'relative_strength_positive': False, 'near_52w_high': True}",lagging,leading,99.82,97.02,-0.98,-3.01,False,False,2026-10-01 ratio=100.80 momentum=100.03; 2026-10-05 ratio=100.17 momentum=95.82; 2026-10-06 ratio=100.33 momentum=97.14; 2026-10-07 ratio=100.08 momentum=97.20; 2026-10-08 ratio=99.82 momentum=97.02,44.8
stock,Delta Corp,DELTACORP.NS,Amusement Parks/ Other Recreation,Consumer Services,2170.59,0.61,-212.57,219.62,168.55,-8.48,14.08,5.08,,stage_2,5,78.32,64.78,2.46,0.00352,"{'price_above_30w_ma': True, '30w_ma_rising': True, 'price_above_10w_ma': True, 'relative_strength_positive': True, 'near_52w_high': True}",weakening,leading,102.03,98.21,-0.27,-4.06,False,False,2026-10-01 ratio=102.30 momentum=102.26; 2026-10-05 ratio=103.44 momentum=103.32; 2026-10-06 ratio=102.86 momentum=102.14; 2026-10-07 ratio=102.47 momentum=102.11; 2026-10-08 ratio=102.03 momentum=98.21,140.07
stock,Nicco Parks,NICCOPAR.NS,Amusement Parks/ Other Recreation,Consumer Services,355.35,1.65,5.47,68.83,19.05,-27.54,60.13,13.52,,insufficient_data,0,,,,,{},insufficient_data,insufficient_data,,,,,False,False,,0.0
stock,Godrej Agrovet,GODREJAGRO.NS,Animal Feed,Fast Moving Consumer Goods,12087.37,1.75,128.31,-16.21,2855.22,9.22,25.76,19.16,,stage_2,5,639.95,591.45,0.86,0.02879,"{'price_above_30w_ma': True, '30w_ma_rising': True, 'price_above_10w_ma': True, 'relative_strength_positive': True, 'near_52w_high': True}",weakening,weakening,101.14,98.28,0.07,0.24,False,False,2026-10-01 ratio=101.07 momentum=98.04; 2026-10-05 ratio=101.12 momentum=97.99; 2026-10-06 ratio=101.09 momentum=98.33; 2026-10-07 ratio=100.99 momentum=98.52; 2026-10-08 ratio=101.14 momentum=98.28,132.42
stock,Avanti Feeds,AVANTIFEED.NS,Animal Feed,Fast Moving Consumer Goods,9513.36,1.43,116.3,-42.0,1899.86,18.32,17.68,24.38,,not_stage_2,0,698.65,1049.7,-6.12,0.03143,"{'price_above_30w_ma': False, '30w_ma_rising': False, 'price_above_10w_ma': False, 'relative_strength_positive': False, 'near_52w_high': False}",lagging,lagging,98.38,97.81,-0.15,-0.76,False,False,2026-10-01 ratio=98.53 momentum=98.56; 2026-10-05 ratio=98.47 momentum=97.92; 2026-10-06 ratio=98.38 momentum=98.24; 2026-10-07 ratio=98.66 momentum=100.31; 2026-10-08 ratio=98.38 momentum=97.81,0.0
stock,Mukka Proteins,MUKKA.NS,Animal Feed,Fast Moving Consumer Goods,782.47,0.0,18.64,1142.76,489.65,186.73,11.32,11.61,,stage_2,4,26.39,24.35,2.27,0.00119,"{'price_above_30w_ma': True, '30w_ma_rising': True, 'price_above_10w_ma': False, 'relative_strength_positive': True, 'near_52w_high': True}",weakening,weakening,100.54,99.63,0.2,3.99,False,False,2026-10-01 ratio=100.34 momentum=95.64; 2026-10-05 ratio=100.59 momentum=99.63; 2026-10-06 ratio=100.58 momentum=96.67; 2026-10-07 ratio=100.61 momentum=98.92; 2026-10-08 ratio=100.54 momentum=99.63,112.24
stock,KSE,KSE.NS,Animal Feed,Fast Moving Consumer Goods,559.7,7.1,0.94,-98.44,453.67,9.06,12.14,33.55,,insufficient_data,0,,,,,{},insufficient_data,insufficient_data,,,,,False,False,,0.0
stock,Narmada Agrobase,NARMADA.NS,Animal Feed,Fast Moving Consumer Goods,84.07,0.0,0.75,-26.47,22.26,100.9,23.42,8.95,,not_stage_2,0,11.15,16.44,-2.7,0.0005,"{'price_above_30w_ma': False, '30w_ma_rising': False, 'price_above_10w_ma': False, 'relative_strength_positive': False, 'near_52w_high': False}",lagging,lagging,97.98,97.6,-0.9,1.59,False,False,2026-10-01 ratio=98.88 momentum=96.01; 2026-10-05 ratio=98.82 momentum=96.89; 2026-10-06 ratio=98.52 momentum=97.28; 2026-10-07 ratio=97.95 momentum=96.91; 2026-10-08 ratio=97.98 momentum=97.60,0.0
stock,Ajooni Biotech,AJOONI.NS,Animal Feed,Fast Moving Consumer Goods,52.19,0.0,0.43,-44.87,63.49,103.04,13.18,6.11,,not_stage_2,0,3.01,3.86,-4.5,0.00014,"{'price_above_30w_ma': False, '30w_ma_rising': False, 'price_above_10w_ma': False, 'relative_strength_positive': False, 'near_52w_high': False}",improving,improving,98.47,101.6,0.01,-0.67,False,False,2026-10-01 ratio=98.46 momentum=102.26; 2026-10-05 ratio=98.10 momentum=100.53; 2026-10-06 ratio=98.30 momentum=103.50; 2026-10-07 ratio=98.17 momentum=104.06; 2026-10-08 ratio=98.47 momentum=101.60,8.0
stock,ICICI AMC,ICICIAMC.NS,Asset Management Company,Financial Services,149614.14,0.9,964.63,23.1,1564.22,17.55,42.92,115.1,,not_stage_2,3,3066.4,3177.61,0.56,0.13793,"{'price_above_30w_ma': False, '30w_ma_rising': True, 'price_above_10w_ma': False, 'relative_strength_positive': True, 'near_52w_high': True}",weakening,leading,101.36,99.52,-0.07,-0.92,False,False,2026-10-01 ratio=101.43 momentum=100.44; 2026-10-05 ratio=101.02 momentum=97.04; 2026-10-06 ratio=100.83 momentum=97.58; 2026-10-07 ratio=100.90 momentum=98.88; 2026-10-08 ratio=101.36 momentum=99.52,67.92
stock,SBI Funds Mgt.,SBIFUNDS.NS,Asset Management Company,Financial Services,101861.76,0.0,880.26,3.7,1152.73,15.16,32.87,56.5,,insufficient_data,0,,,,,{},insufficient_data,insufficient_data,,,,,False,False,,0.0
stock,HDFC AMC,HDFCAMC.NS,Asset Management Company,Financial Services,96782.55,2.39,838.36,12.09,1098.5,13.51,32.81,42.88,,not_stage_2,1,2245.0,2565.34,-1.21,0.10098,"{'price_above_30w_ma': False, '30w_ma_rising': False, 'price_above_10w_ma': False, 'relative_strength_positive': False, 'near_52w_high': True}",lagging,improving,98.65,98.68,-0.71,-1.88,False,False,2026-10-01 ratio=99.35 momentum=100.56; 2026-10-05 ratio=99.81 momentum=100.59; 2026-10-06 ratio=99.53 momentum=100.05; 2026-10-07 ratio=99.19 momentum=99.61; 2026-10-08 ratio=98.65 momentum=98.68,20.0
stock,Nippon Life Ind.,NAM-INDIA.NS,Asset Management Company,Financial Services,66768.76,2.06,503.7,27.16,766.87,26.42,40.79,43.8,,not_stage_2,2,1039.4,1093.35,2.58,0.04675,"{'price_above_30w_ma': False, '30w_ma_rising': True, 'price_above_10w_ma': False, 'relative_strength_positive': False, 'near_52w_high': True}",lagging,lagging,98.4,97.62,0.16,-1.33,False,False,2026-10-01 ratio=98.24 momentum=98.95; 2026-10-05 ratio=98.50 momentum=98.11; 2026-10-06 ratio=98.56 momentum=98.60; 2026-10-07 ratio=98.02 momentum=97.49; 2026-10-08 ratio=98.40 momentum=97.62,45.16
stock,Aditya AMC,ABSLAMC.NS,Asset Management Company,Financial Services,29059.05,2.54,309.49,11.68,462.96,3.48,28.78,32.23,,not_stage_2,3,1004.9,1046.83,1.3,0.0452,"{'price_above_30w_ma': False, '30w_ma_rising': True, 'price_above_10w_ma': False, 'relative_strength_positive': True, 'near_52w_high': True}",leading,weakening,101.16,101.65,0.4,3.54,True,False,2026-10-01 ratio=100.76 momentum=98.11; 2026-10-05 ratio=101.52 momentum=101.32; 2026-10-06 ratio=100.74 momentum=100.76; 2026-10-07 ratio=101.05 momentum=101.35; 2026-10-08 ratio=101.16 momentum=101.65,106.65
stock,UTI AMC,UTIAMC.NS,Asset Management Company,Financial Services,11280.05,4.56,293.86,24.07,583.51,6.7,21.13,15.57,,not_stage_2,1,877.2,930.3,-1.48,0.03946,"{'price_above_30w_ma': False, '30w_ma_rising': False, 'price_above_10w_ma': False, 'relative_strength_positive': True, 'near_52w_high': False}",leading,leading,101.5,101.09,-0.25,-1.85,False,False,2026-10-01 ratio=101.75 momentum=102.93; 2026-10-05 ratio=101.72 momentum=105.22; 2026-10-06 ratio=101.21 momentum=99.13; 2026-10-07 ratio=101.59 momentum=99.70; 2026-10-08 ratio=101.50 momentum=101.09,52.95
stock,Canara Robeco,CRAMC.NS,Asset Management Company,Financial Services,4386.19,1.82,59.19,21.52,127.97,18.88,19.16,40.11,,not_stage_2,0,220.79,248.98,-0.97,0.00993,"{'price_above_30w_ma': False, '30w_ma_rising': False, 'price_above_10w_ma': False, 'relative_strength_positive': False, 'near_52w_high': False}",improving,lagging,98.83,102.64,0.91,2.85,False,True,2026-10-01 ratio=97.92 momentum=99.79; 2026-10-05 ratio=98.27 momentum=100.95; 2026-10-06 ratio=98.62 momentum=103.07; 2026-10-07 ratio=99.40 momentum=104.58; 2026-10-08 ratio=98.83 momentum=102.64,13.2
stock,Gaja Alternative Asset,GAJA.NS,Asset Management Company,Financial Services,2071.7,0.51,27.21,35.66,15.64,-49.15,24.0,17.02,,insufficient_data,0,,,,,{},insufficient_data,insufficient_data,,,,,False,False,,0.0
stock,IL&FS Inv.Manag.,IVC.NS,Asset Management Company,Financial Services,245.58,15.27,1.21,23.86,8.17,40.86,60.34,4.11,,not_stage_2,2,7.87,8.0,1.01,0.00035,"{'price_above_30w_ma': False, '30w_ma_rising': True, 'price_above_10w_ma': False, 'relative_strength_positive': False, 'near_52w_high': True}",improving,improving,99.99,103.14,0.17,0.85,False,True,2026-10-01 ratio=99.81 momentum=102.29; 2026-10-05 ratio=99.80 momentum=101.76; 2026-10-06 ratio=99.91 momentum=102.67; 2026-10-07 ratio=99.92 momentum=102.84; 2026-10-08 ratio=99.99 momentum=103.14,57.72
stock,Samvardh. Mothe.,MOTHERSON.NS,Auto Components & Equipments,Automobile and Auto Components,161041.13,0.39,1075.66,81.52,35243.77,16.65,35.24,13.43,,not_stage_2,3,153.08,143.84,3.33,0.00689,"{'price_above_30w_ma': True, '30w_ma_rising': True, 'price_above_10w_ma': False, 'relative_strength_positive': False, 'near_52w_high': True}",weakening,weakening,100.17,97.74,-0.52,-1.04,False,False,2026-10-01 ratio=100.69 momentum=98.78; 2026-10-05 ratio=100.46 momentum=98.20; 2026-10-06 ratio=100.70 momentum=99.36; 2026-10-07 ratio=100.73 momentum=99.81; 2026-10-08 ratio=100.17 momentum=97.74,67.51
stock,Bosch,BOSCHLTD.NS,Auto Components & Equipments,Automobile and Auto Components,128040.82,0.62,706.1,5.2,5841.9,22.0,54.18,21.54,,not_stage_2,3,43155.0,40618.5,4.17,1.94114,"{'price_above_30w_ma': True, '30w_ma_rising': True, 'price_above_10w_ma': False, 'relative_strength_positive': False, 'near_52w_high': True}",lagging,weakening,99.88,97.46,-0.77,0.38,False,False,2026-10-01 ratio=100.65 momentum=97.08; 2026-10-05 ratio=100.37 momentum=97.93; 2026-10-06 ratio=100.21 momentum=97.66; 2026-10-07 ratio=100.10 momentum=97.07; 2026-10-08 ratio=99.88 momentum=97.46,68.34
stock,Bharat Forge,BHARATFORG.NS,Auto Components & Equipments,Automobile and Auto Components,88568.93,0.47,-89.89,-57.72,4639.94,18.71,87.71,12.61,,not_stage_2,2,1790.6,1968.62,0.59,0.08054,"{'price_above_30w_ma': False, '30w_ma_rising': True, 'price_above_10w_ma': False, 'relative_strength_positive': False, 'near_52w_high': True}",lagging,improving,98.23,97.88,-0.95,-3.72,False,False,2026-10-01 ratio=99.18 momentum=101.60; 2026-10-05 ratio=98.38 momentum=98.42; 2026-10-06 ratio=98.88 momentum=99.37; 2026-10-07 ratio=98.52 momentum=97.74; 2026-10-08 ratio=98.23 momentum=97.88,41.18
stock,Uno Minda,UNOMINDA.NS,Auto Components & Equipments,Automobile and Auto Components,63983.36,0.24,315.51,1.76,5556.85,23.79,52.35,19.65,,not_stage_2,2,1085.0,1146.63,0.53,0.0488,"{'price_above_30w_ma': False, '30w_ma_rising': True, 'price_above_10w_ma': False, 'relative_strength_positive': False, 'near_52w_high': True}",lagging,lagging,98.27,97.7,-0.65,-0.08,False,False,2026-10-01 ratio=98.92 momentum=97.78; 2026-10-05 ratio=98.40 momentum=95.62; 2026-10-06 ratio=98.54 momentum=97.56; 2026-10-07 ratio=98.33 momentum=97.47; 2026-10-08 ratio=98.27 momentum=97.70,41.06
stock,Schaeffler India,SCHAEFFLER.NS,Auto Components & Equipments,Automobile and Auto Components,57346.65,0.95,336.73,13.67,2681.41,17.5,44.42,27.9,,not_stage_2,1,3736.7,4059.22,-0.45,0.16808,"{'price_above_30w_ma': False, '30w_ma_rising': False, 'price_above_10w_ma': False, 'relative_strength_positive': False, 'near_52w_high': True}",lagging,leading,99.84,97.42,-1.33,-2.65,False,False,2026-10-01 ratio=101.16 momentum=100.07; 2026-10-05 ratio=100.41 momentum=92.36; 2026-10-06 ratio=99.66 momentum=95.60; 2026-10-07 ratio=99.79 momentum=97.42; 2026-10-08 ratio=99.84 momentum=97.42,20.0
stock,Sona BLW Precis.,SONACOMS.NS,Auto Components & Equipments,Automobile and Auto Components,48798.95,0.43,220.11,73.37,1157.24,50.82,62.77,15.11,,stage_2,4,793.0,672.17,6.12,0.03567,"{'price_above_30w_ma': True, '30w_ma_rising': True, 'price_above_10w_ma': False, 'relative_strength_positive': True, 'near_52w_high': True}",weakening,leading,101.38,98.77,-0.26,-3.98,False,False,2026-10-01 ratio=101.64 momentum=102.75; 2026-10-05 ratio=101.25 momentum=100.02; 2026-10-06 ratio=101.63 momentum=102.87; 2026-10-07 ratio=101.51 momentum=101.18; 2026-10-08 ratio=101.38 momentum=98.77,124.14
stock,Tube Investments,TIINDIA.NS,Auto Components & Equipments,Automobile and Auto Components,42761.23,0.16,293.96,-15.25,6215.33,17.07,68.23,17.14,,not_stage_2,0,2241.0,2811.87,-0.97,0.1008,"{'price_above_30w_ma': False, '30w_ma_rising': False, 'price_above_10w_ma': False, 'relative_strength_positive': False, 'near_52w_high': False}",lagging,lagging,97.48,97.54,-0.27,0.43,False,False,2026-10-01 ratio=97.75 momentum=97.11; 2026-10-05 ratio=97.58 momentum=96.99; 2026-10-06 ratio=98.94 momentum=100.66; 2026-10-07 ratio=98.35 momentum=99.31; 2026-10-08 ratio=97.48 momentum=97.54,0.0
stock,Endurance Tech.,ENDURANCE.NS,Auto Components & Equipments,Automobile and Auto Components,33826.35,0.48,244.52,8.03,4314.89,30.01,34.36,17.8,,not_stage_2,2,2433.5,2608.77,0.55,0.10946,"{'price_above_30w_ma': False, '30w_ma_rising': True, 'price_above_10w_ma': False, 'relative_strength_positive': False, 'near_52w_high': True}",lagging,lagging,97.97,98.55,-1.58,-1.12,False,False,2026-10-01 ratio=99.55 momentum=99.68; 2026-10-05 ratio=98.51 momentum=97.03; 2026-10-06 ratio=98.11 momentum=96.75; 2026-10-07 ratio=98.35 momentum=98.26; 2026-10-08 ratio=97.97 momentum=98.55,41.1
stock,Exide Inds.,EXIDEIND.NS,Auto Components & Equipments,Automobile and Auto Components,33485.84,0.51,351.3,28.38,5528.38,17.75,35.68,8.54,,not_stage_2,3,394.9,393.34,3.33,0.01776,"{'price_above_30w_ma': True, '30w_ma_rising': True, 'price_above_10w_ma': False, 'relative_strength_positive': False, 'near_52w_high': True}",lagging,improving,98.98,98.15,-0.69,-2.41,False,False,2026-10-01 ratio=99.67 momentum=100.56; 2026-10-05 ratio=99.25 momentum=96.54; 2026-10-06 ratio=99.06 momentum=96.41; 2026-10-07 ratio=99.08 momentum=97.08; 2026-10-08 ratio=98.98 momentum=98.15,66.66
stock,Dhoot Transmission,DHOOTTRANS.NS,Auto Components & Equipments,Automobile and Auto Components,29504.89,0.0,132.68,36.89,1446.42,49.68,65.87,24.36,,insufficient_data,0,,,,,{},insufficient_data,insufficient_data,,,,,False,False,,0.0
stock,United Spirits,UNITDSPR.NS,Breweries & Distilleries,Fast Moving Consumer Goods,99711.65,1.24,463.0,-20.54,2708.0,-10.36,53.8,26.39,,not_stage_2,1,1318.2,1366.96,-0.04,0.05929,"{'price_above_30w_ma': False, '30w_ma_rising': False, 'price_above_10w_ma': False, 'relative_strength_positive': False, 'near_52w_high': True}",lagging,lagging,98.51,97.74,-0.03,-0.87,False,False,2026-10-01 ratio=98.54 momentum=98.61; 2026-10-05 ratio=99.31 momentum=100.62; 2026-10-06 ratio=98.61 momentum=98.92; 2026-10-07 ratio=98.56 momentum=98.83; 2026-10-08 ratio=98.51 momentum=97.74,20.0
stock,Radico Khaitan,RADICO.NS,Breweries & Distilleries,Fast Moving Consumer Goods,60758.59,0.2,229.6,69.15,1683.69,11.8,85.49,24.15,,stage_2,4,4415.0,3823.26,6.32,0.19859,"{'price_above_30w_ma': True, '30w_ma_rising': True, 'price_above_10w_ma': False, 'relative_strength_positive': True, 'near_52w_high': True}",leading,weakening,101.8,100.69,1.6,1.78,True,False,2026-10-01 ratio=100.20 momentum=98.90; 2026-10-05 ratio=100.35 momentum=97.80; 2026-10-06 ratio=101.34 momentum=101.06; 2026-10-07 ratio=101.92 momentum=102.23; 2026-10-08 ratio=101.80 momentum=100.69,160.09
stock,United Breweries,UBL.NS,Breweries & Distilleries,Fast Moving Consumer Goods,30899.77,0.86,166.28,-9.54,3066.86,7.07,89.4,10.68,,not_stage_2,0,1162.7,1364.95,-4.11,0.0523,"{'price_above_30w_ma': False, '30w_ma_rising': False, 'price_above_10w_ma': False, 'relative_strength_positive': False, 'near_52w_high': False}",improving,improving,98.74,100.23,-0.16,-1.61,False,False,2026-10-01 ratio=98.91 momentum=101.84; 2026-10-05 ratio=98.70 momentum=99.86; 2026-10-06 ratio=98.43 momentum=100.41; 2026-10-07 ratio=98.80 momentum=101.55; 2026-10-08 ratio=98.74 momentum=100.23,1.15
stock,Allied Blenders,ABDL.NS,Breweries & Distilleries,Fast Moving Consumer Goods,19879.84,0.76,45.42,-12.98,978.94,6.08,89.12,18.38,,stage_2,5,693.45,588.83,5.01,0.03119,"{'price_above_30w_ma': True, '30w_ma_rising': True, 'price_above_10w_ma': True, 'relative_strength_positive': True, 'near_52w_high': True}",weakening,weakening,101.84,99.49,-0.08,0.89,False,False,2026-10-01 ratio=101.91 momentum=98.59; 2026-10-05 ratio=102.06 momentum=99.42; 2026-10-06 ratio=102.14 momentum=99.32; 2026-10-07 ratio=101.74 momentum=99.42; 2026-10-08 ratio=101.84 momentum=99.49,144.22
stock,Tilaknagar Inds.,TI.NS,Breweries & Distilleries,Fast Moving Consumer Goods,13437.02,0.18,31.59,-30.28,1046.03,155.67,59.45,11.45,,stage_2,4,548.05,478.8,3.2,0.02465,"{'price_above_30w_ma': True, '30w_ma_rising': True, 'price_above_10w_ma': False, 'relative_strength_positive': True, 'near_52w_high': True}",weakening,weakening,101.03,97.33,0.14,-2.19,False,False,2026-10-01 ratio=100.88 momentum=99.52; 2026-10-05 ratio=100.74 momentum=98.08; 2026-10-06 ratio=100.75 momentum=97.89; 2026-10-07 ratio=100.91 momentum=98.61; 2026-10-08 ratio=101.03 momentum=97.33,116.55
stock,Piccadily Agro,PICCADIL.NS,Breweries & Distilleries,Fast Moving Consumer Goods,5730.58,0.17,21.44,16.33,251.18,17.42,40.78,18.01,,not_stage_2,2,573.1,616.96,0.71,0.02578,"{'price_above_30w_ma': False, '30w_ma_rising': True, 'price_above_10w_ma': False, 'relative_strength_positive': False, 'near_52w_high': True}",lagging,improving,99.15,99.84,0.06,-1.64,False,False,2026-10-01 ratio=99.09 momentum=101.49; 2026-10-05 ratio=99.21 momentum=103.56; 2026-10-06 ratio=99.24 momentum=108.33; 2026-10-07 ratio=99.25 momentum=102.44; 2026-10-08 ratio=99.15 momentum=99.84,41.42
stock,Globus Spirits,GLOBUSSPR.NS,Breweries & Distilleries,Fast Moving Consumer Goods,2457.29,0.84,26.48,49.05,788.78,12.71,24.44,11.25,,not_stage_2,0,783.45,895.85,-1.17,0.03524,"{'price_above_30w_ma': False, '30w_ma_rising': False, 'price_above_10w_ma': False, 'relative_strength_positive': False, 'near_52w_high': False}",improving,lagging,98.84,100.28,0.32,0.9,False,True,2026-10-01 ratio=98.52 momentum=99.38; 2026-10-05 ratio=98.50 momentum=100.34; 2026-10-06 ratio=99.20 momentum=101.12; 2026-10-07 ratio=98.82 momentum=100.64; 2026-10-08 ratio=98.84 momentum=100.28,1.4
stock,India Glycols,INDIAGLYCO.NS,Breweries & Distilleries,Fast Moving Consumer Goods,2204.57,2.28,96.83,32.19,1130.39,8.64,6.96,12.4,,not_stage_2,0,356.9,883.15,-8.24,0.01605,"{'price_above_30w_ma': False, '30w_ma_rising': False, 'price_above_10w_ma': False, 'relative_strength_positive': False, 'near_52w_high': False}",improving,improving,99.21,104.07,0.31,0.6,False,True,2026-10-01 ratio=98.91 momentum=103.47; 2026-10-05 ratio=98.96 momentum=103.32; 2026-10-06 ratio=99.03 momentum=103.67; 2026-10-07 ratio=99.23 momentum=104.23; 2026-10-08 ratio=99.21 momentum=104.07,20.35
stock,G M Breweries,GMBREW.NS,Breweries & Distilleries,Fast Moving Consumer Goods,2026.52,1.02,39.29,12.61,213.52,18.28,11.71,17.96,,not_stage_2,1,887.45,937.05,-0.71,0.03992,"{'price_above_30w_ma': False, '30w_ma_rising': False, 'price_above_10w_ma': False, 'relative_strength_positive': True, 'near_52w_high': False}",weakening,weakening,100.56,96.59,-1.5,-1.7,False,False,2026-10-01 ratio=102.06 momentum=98.29; 2026-10-05 ratio=101.75 momentum=96.07; 2026-10-06 ratio=102.11 momentum=99.02; 2026-10-07 ratio=102.17 momentum=99.33; 2026-10-08 ratio=100.56 momentum=96.59,22.8
stock,Som Distilleries,SDBL.NS,Breweries & Distilleries,Fast Moving Consumer Goods,1477.53,0.0,1.56,-98.91,268.63,-49.16,,5.67,,not_stage_2,1,70.48,75.97,-1.23,0.00317,"{'price_above_30w_ma': False, '30w_ma_rising': False, 'price_above_10w_ma': False, 'relative_strength_positive': True, 'near_52w_high': False}",leading,leading,100.8,101.11,-1.36,-0.15,False,False,2026-10-01 ratio=102.15 momentum=101.25; 2026-10-05 ratio=101.43 momentum=100.97; 2026-10-06 ratio=101.40 momentum=101.07; 2026-10-07 ratio=101.24 momentum=101.22; 2026-10-08 ratio=100.80 momentum=101.11,49.55
stock,Firstsour.Solu.,FSL.NS,Business Process Outsourcing (BPO)/ Knowledge Process Outsourcing (KPO),Services,18958.98,2.05,165.92,30.01,2724.87,22.87,23.75,16.8,,stage_2,4,266.35,251.78,2.01,0.01198,"{'price_above_30w_ma': True, '30w_ma_rising': True, 'price_above_10w_ma': True, 'relative_strength_positive': True, 'near_52w_high': False}",leading,lagging,100.79,102.05,1.17,4.96,True,False,2026-10-01 ratio=99.62 momentum=97.09; 2026-10-05 ratio=99.97 momentum=97.92; 2026-10-06 ratio=99.97 momentum=99.04; 2026-10-07 ratio=100.02 momentum=98.89; 2026-10-08 ratio=100.79 momentum=102.05,153.22
stock,eClerx Services,ECLERX.NS,Business Process Outsourcing (BPO)/ Knowledge Process Outsourcing (KPO),Services,17628.03,0.05,164.24,15.99,1152.36,23.31,24.19,34.42,,stage_2,4,1846.8,1658.2,2.08,0.08307,"{'price_above_30w_ma': True, '30w_ma_rising': True, 'price_above_10w_ma': False, 'relative_strength_positive': True, 'near_52w_high': True}",leading,weakening,101.07,100.12,0.63,1.64,True,False,2026-10-01 ratio=100.44 momentum=98.47; 2026-10-05 ratio=101.36 momentum=100.58; 2026-10-06 ratio=101.49 momentum=100.19; 2026-10-07 ratio=101.34 momentum=100.36; 2026-10-08 ratio=101.07 momentum=100.12,145.11
stock,RPSG Ventures,RPSGVENT.NS,Business Process Outsourcing (BPO)/ Knowledge Process Outsourcing (KPO),Services,2953.88,0.0,253.09,34.95,3576.44,20.36,,10.61,,not_stage_2,3,844.65,881.94,2.84,0.03799,"{'price_above_30w_ma': False, '30w_ma_rising': True, 'price_above_10w_ma': False, 'relative_strength_positive': True, 'near_52w_high': True}",leading,leading,101.32,102.51,0.85,-0.17,False,False,2026-10-01 ratio=100.47 momentum=102.68; 2026-10-05 ratio=100.45 momentum=101.97; 2026-10-06 ratio=100.12 momentum=101.55; 2026-10-07 ratio=101.79 momentum=103.84; 2026-10-08 ratio=101.32 momentum=102.51,104.83
stock,One Point One,ONEPOINT.NS,Business Process Outsourcing (BPO)/ Knowledge Process Outsourcing (KPO),Services,2115.39,0.0,16.31,72.78,158.32,129.42,45.94,9.59,,stage_2,5,78.45,57.69,5.85,0.00353,"{'price_above_30w_ma': True, '30w_ma_rising': True, 'price_above_10w_ma': True, 'relative_strength_positive': True, 'near_52w_high': True}",weakening,leading,102.53,95.51,-0.57,-5.1,False,False,2026-10-01 ratio=103.10 momentum=100.61; 2026-10-05 ratio=103.21 momentum=101.08; 2026-10-06 ratio=102.82 momentum=100.54; 2026-10-07 ratio=102.65 momentum=98.05; 2026-10-08 ratio=102.53 momentum=95.51,149.35
stock,Hinduja Global,HGS.NS,Business Process Outsourcing (BPO)/ Knowledge Process Outsourcing (KPO),Services,1654.72,1.41,-66.26,-45.26,1050.36,-0.56,,1.46,,not_stage_2,0,358.95,403.15,-0.03,0.01615,"{'price_above_30w_ma': False, '30w_ma_rising': False, 'price_above_10w_ma': False, 'relative_strength_positive': False, 'near_52w_high': False}",improving,lagging,98.81,100.71,-0.37,0.97,False,False,2026-10-01 ratio=99.18 momentum=99.75; 2026-10-05 ratio=98.78 momentum=100.43; 2026-10-06 ratio=98.10 momentum=98.44; 2026-10-07 ratio=98.58 momentum=99.16; 2026-10-08 ratio=98.81 momentum=100.71,3.55
stock,Alldigi Tech,ALLDIGI.NS,Business Process Outsourcing (BPO)/ Knowledge Process Outsourcing (KPO),Services,1209.29,7.58,18.12,21.69,150.28,4.43,13.12,27.89,,not_stage_2,2,782.75,804.52,-0.5,0.03521,"{'price_above_30w_ma': False, '30w_ma_rising': False, 'price_above_10w_ma': False, 'relative_strength_positive': True, 'near_52w_high': True}",leading,improving,102.47,103.54,2.56,3.23,True,False,2026-10-01 ratio=99.92 momentum=100.30; 2026-10-05 ratio=99.40 momentum=100.40; 2026-10-06 ratio=99.97 momentum=100.74; 2026-10-07 ratio=101.39 momentum=102.92; 2026-10-08 ratio=102.47 momentum=103.54,100.05
stock,Kandarp Digi,KANDARP.NS,Business Process Outsourcing (BPO)/ Knowledge Process Outsourcing (KPO),Services,57.16,0.0,1.13,-15.67,16.35,4.01,30.9,11.23,,not_stage_2,0,61.45,112.82,-9.28,0.00276,"{'price_above_30w_ma': False, '30w_ma_rising': False, 'price_above_10w_ma': False, 'relative_strength_positive': False, 'near_52w_high': False}",improving,improving,98.46,100.63,0.66,-0.6,False,False,2026-10-01 ratio=97.80 momentum=101.23; 2026-10-05 ratio=97.72 momentum=100.38; 2026-10-06 ratio=97.97 momentum=99.79; 2026-10-07 ratio=98.27 momentum=100.35; 2026-10-08 ratio=98.46 momentum=100.63,3.15
stock,We Win Ltd,WEWIN.NS,Business Process Outsourcing (BPO)/ Knowledge Process Outsourcing (KPO),Services,52.12,0.0,0.91,-15.74,30.77,51.65,11.61,10.9,,stage_2,4,51.36,49.82,1.74,0.00231,"{'price_above_30w_ma': True, '30w_ma_rising': True, 'price_above_10w_ma': True, 'relative_strength_positive': True, 'near_52w_high': False}",leading,leading,102.39,100.84,-1.02,-1.44,False,False,2026-10-01 ratio=103.42 momentum=102.29; 2026-10-05 ratio=102.78 momentum=102.14; 2026-10-06 ratio=102.67 momentum=103.33; 2026-10-07 ratio=102.79 momentum=107.30; 2026-10-08 ratio=102.39 momentum=100.84,144.63
stock,Cadsys (India),CADSYS.NS,Business Process Outsourcing (BPO)/ Knowledge Process Outsourcing (KPO),Services,37.96,0.0,-8.6,110.64,47.31,16.3,,-13.98,,not_stage_2,0,37.95,56.94,-1.32,0.00171,"{'price_above_30w_ma': False, '30w_ma_rising': False, 'price_above_10w_ma': False, 'relative_strength_positive': False, 'near_52w_high': False}",lagging,lagging,98.26,97.97,-0.15,0.01,False,False,2026-10-01 ratio=98.41 momentum=97.95; 2026-10-05 ratio=97.97 momentum=97.34; 2026-10-06 ratio=97.95 momentum=97.56; 2026-10-07 ratio=98.08 momentum=97.70; 2026-10-08 ratio=98.26 momentum=97.97,0.0
stock,HRH Next,HRHNEXT.NS,Business Process Outsourcing (BPO)/ Knowledge Process Outsourcing (KPO),Services,30.63,0.0,2.78,152.73,35.92,24.68,6.3,15.84,,not_stage_2,1,23.2,26.93,0.04,0.00104,"{'price_above_30w_ma': False, '30w_ma_rising': True, 'price_above_10w_ma': False, 'relative_strength_positive': False, 'near_52w_high': False}",improving,lagging,99.5,101.23,-0.37,1.53,False,False,2026-10-01 ratio=99.87 momentum=99.70; 2026-10-05 ratio=99.78 momentum=98.27; 2026-10-06 ratio=98.97 momentum=98.64; 2026-10-07 ratio=99.15 momentum=100.44; 2026-10-08 ratio=99.50 momentum=101.23,26.23
stock,Polycab India,POLYCAB.NS,Cables - Electricals,Capital Goods,124399.94,0.57,796.66,32.46,8209.73,39.01,43.43,33.21,,not_stage_2,3,8151.0,8688.37,0.28,0.36664,"{'price_above_30w_ma': False, '30w_ma_rising': True, 'price_above_10w_ma': False, 'relative_strength_positive': True, 'near_52w_high': True}",improving,improving,99.99,102.33,1.05,-0.51,False,False,2026-10-01 ratio=98.94 momentum=102.84; 2026-10-05 ratio=99.15 momentum=100.78; 2026-10-06 ratio=99.13 momentum=101.49; 2026-10-07 ratio=100.06 momentum=103.27; 2026-10-08 ratio=99.99 momentum=102.33,72.21
stock,KEI Industries,KEI.NS,Cables - Electricals,Capital Goods,43363.26,0.1,274.14,40.05,3185.34,22.97,43.5,20.05,,not_stage_2,1,4580.0,4970.19,-0.34,0.20601,"{'price_above_30w_ma': False, '30w_ma_rising': False, 'price_above_10w_ma': False, 'relative_strength_positive': False, 'near_52w_high': True}",improving,improving,99.52,101.58,0.32,-1.71,False,False,2026-10-01 ratio=99.20 momentum=103.29; 2026-10-05 ratio=99.50 momentum=102.73; 2026-10-06 ratio=99.17 momentum=102.11; 2026-10-07 ratio=99.58 momentum=103.80; 2026-10-08 ratio=99.52 momentum=101.58,27.9
stock,R R Kabel,RRKABEL.NS,Cables - Electricals,Capital Goods,30640.46,0.35,205.2,117.32,3168.2,53.9,50.11,28.1,,stage_2,5,2696.4,2180.89,7.06,0.12129,"{'price_above_30w_ma': True, '30w_ma_rising': True, 'price_above_10w_ma': True, 'relative_strength_positive': True, 'near_52w_high': True}",leading,leading,101.57,102.71,1.2,-0.27,False,False,2026-10-01 ratio=100.38 momentum=102.98; 2026-10-05 ratio=101.19 momentum=103.19; 2026-10-06 ratio=101.93 momentum=103.83; 2026-10-07 ratio=101.52 momentum=102.52; 2026-10-08 ratio=101.57 momentum=102.71,180.52
stock,Finolex Cables,FINCABLES.NS,Cables - Electricals,Capital Goods,21242.47,0.65,249.04,53.14,2013.15,44.26,26.55,16.01,,stage_2,5,1402.2,1111.11,7.08,0.06307,"{'price_above_30w_ma': True, '30w_ma_rising': True, 'price_above_10w_ma': True, 'relative_strength_positive': True, 'near_52w_high': True}",weakening,weakening,101.13,96.39,-0.48,-2.57,False,False,2026-10-01 ratio=101.60 momentum=98.96; 2026-10-05 ratio=101.54 momentum=98.70; 2026-10-06 ratio=101.44 momentum=99.25; 2026-10-07 ratio=101.49 momentum=97.00; 2026-10-08 ratio=101.13 momentum=96.39,144.81
stock,KSH Internationa,KSHINTL.NS,Cables - Electricals,Capital Goods,6779.07,0.0,42.22,86.16,1164.24,108.38,51.79,21.46,,stage_2,4,1017.7,815.46,12.05,0.04578,"{'price_above_30w_ma': True, '30w_ma_rising': True, 'price_above_10w_ma': False, 'relative_strength_positive': True, 'near_52w_high': True}",weakening,weakening,100.84,99.45,-0.18,0.38,False,False,2026-10-01 ratio=101.02 momentum=99.07; 2026-10-05 ratio=101.00 momentum=99.33; 2026-10-06 ratio=100.84 momentum=99.63; 2026-10-07 ratio=101.27 momentum=101.50; 2026-10-08 ratio=100.84 momentum=99.45,133.3
stock,Universal Cables,UNIVCABLES.NS,Cables - Electricals,Capital Goods,5270.56,0.3,70.14,108.75,945.06,57.46,26.35,11.68,,stage_2,5,1549.9,1196.13,10.17,0.06972,"{'price_above_30w_ma': True, '30w_ma_rising': True, 'price_above_10w_ma': True, 'relative_strength_positive': True, 'near_52w_high': True}",leading,leading,101.06,101.18,0.83,0.78,False,False,2026-10-01 ratio=100.23 momentum=100.40; 2026-10-05 ratio=100.71 momentum=102.01; 2026-10-06 ratio=101.68 momentum=103.13; 2026-10-07 ratio=101.62 momentum=102.40; 2026-10-08 ratio=101.06 momentum=101.18,176.54
stock,V-Marc India,VMARCIND.NS,Cables - Electricals,Capital Goods,4693.17,0.0,28.55,163.62,555.51,102.42,40.12,41.37,,not_stage_2,0,320.25,697.68,-6.7,0.01441,"{'price_above_30w_ma': False, '30w_ma_rising': False, 'price_above_10w_ma': False, 'relative_strength_positive': False, 'near_52w_high': False}",weakening,weakening,100.14,98.39,-0.18,-0.12,False,False,2026-10-01 ratio=100.32 momentum=98.50; 2026-10-05 ratio=100.14 momentum=96.93; 2026-10-06 ratio=100.06 momentum=99.84; 2026-10-07 ratio=100.22 momentum=99.43; 2026-10-08 ratio=100.14 momentum=98.39,0.7
stock,Laser Power,LASERPOWER.NS,Cables - Electricals,Capital Goods,3757.58,0.0,20.73,3.75,521.55,14.84,34.21,20.51,,insufficient_data,0,,,,,{},insufficient_data,insufficient_data,,,,,False,False,,0.0
stock,Lumino Inds,LUMINO.NS,Cables - Electricals,Capital Goods,3082.69,0.0,40.3,32.87,521.43,19.29,18.16,26.59,,insufficient_data,0,,,,,{},insufficient_data,insufficient_data,,,,,False,False,,0.0
stock,Quadrant Future,QUADFUTURE.NS,Cables - Electricals,Capital Goods,2044.19,0.0,-9.13,32.37,40.59,41.28,,-15.48,,stage_2,5,505.75,380.0,8.97,0.02275,"{'price_above_30w_ma': True, '30w_ma_rising': True, 'price_above_10w_ma': True, 'relative_strength_positive': True, 'near_52w_high': True}",weakening,weakening,101.21,96.99,-0.57,0.67,False,False,2026-10-01 ratio=101.77 momentum=96.32; 2026-10-05 ratio=101.62 momentum=95.98; 2026-10-06 ratio=101.69 momentum=95.96; 2026-10-07 ratio=101.51 momentum=97.01; 2026-10-08 ratio=101.21 momentum=96.99,148.99
stock,Godfrey Phillips,GODFRYPHLP.NS,Cigarettes & Tobacco Products,Fast Moving Consumer Goods,28234.78,2.76,198.39,-44.32,1205.51,-18.89,20.65,30.25,,not_stage_2,0,1771.0,2129.28,-1.64,0.07966,"{'price_above_30w_ma': False, '30w_ma_rising': False, 'price_above_10w_ma': False, 'relative_strength_positive': False, 'near_52w_high': False}",lagging,lagging,97.93,96.71,-0.65,-3.27,False,False,2026-10-01 ratio=98.57 momentum=99.97; 2026-10-05 ratio=98.82 momentum=97.53; 2026-10-06 ratio=98.94 momentum=99.82; 2026-10-07 ratio=98.67 momentum=99.07; 2026-10-08 ratio=97.93 momentum=96.71,0.0
stock,VST Industries,VSTIND.NS,Cigarettes & Tobacco Products,Fast Moving Consumer Goods,3425.94,5.95,42.42,-24.43,256.46,-13.91,12.3,28.13,,not_stage_2,1,200.86,233.68,-1.33,0.00903,"{'price_above_30w_ma': False, '30w_ma_rising': False, 'price_above_10w_ma': False, 'relative_strength_positive': True, 'near_52w_high': False}",leading,leading,101.58,103.72,1.32,0.33,False,False,2026-10-01 ratio=100.26 momentum=103.39; 2026-10-05 ratio=100.06 momentum=101.21; 2026-10-06 ratio=100.10 momentum=102.54; 2026-10-07 ratio=100.31 momentum=104.03; 2026-10-08 ratio=101.58 momentum=103.72,66.5
stock,Elitecon Inter.,ELITECON.NS,Cigarettes & Tobacco Products,Fast Moving Consumer Goods,1147.73,0.69,-85.05,-269.56,1880.69,500.55,7.09,46.33,,insufficient_data,0,,,,,{},insufficient_data,insufficient_data,,,,,False,False,,0.0
stock,NTC Industries,NTCIND.NS,Cigarettes & Tobacco Products,Fast Moving Consumer Goods,187.0,0.0,6.12,7.94,25.23,-10.25,9.35,11.14,,insufficient_data,0,,,,,{},insufficient_data,insufficient_data,,,,,False,False,,0.0
stock,Shanthala FMCG,SHANTHALA.NS,Cigarettes & Tobacco Products,Fast Moving Consumer Goods,9.24,0.0,0.72,71.43,25.82,-0.12,7.28,5.98,,not_stage_2,0,14.2,21.64,-9.32,0.00064,"{'price_above_30w_ma': False, '30w_ma_rising': False, 'price_above_10w_ma': False, 'relative_strength_positive': False, 'near_52w_high': False}",lagging,lagging,98.94,99.46,0.96,1.47,False,False,2026-10-01 ratio=97.98 momentum=98.00; 2026-10-05 ratio=98.28 momentum=98.40; 2026-10-06 ratio=98.50 momentum=98.81; 2026-10-07 ratio=98.66 momentum=98.94; 2026-10-08 ratio=98.94 momentum=99.46,0.0
stock,Marc Technocrats,MARC.NS,Consulting Services,Services,259.87,0.0,4.81,,37.53,,24.66,29.22,,stage_2,5,150.1,104.56,12.46,0.00675,"{'price_above_30w_ma': True, '30w_ma_rising': True, 'price_above_10w_ma': True, 'relative_strength_positive': True, 'near_52w_high': True}",leading,weakening,101.36,101.33,0.26,5.58,True,False,2026-10-01 ratio=101.10 momentum=95.76; 2026-10-05 ratio=100.77 momentum=94.49; 2026-10-06 ratio=101.12 momentum=99.05; 2026-10-07 ratio=101.64 momentum=101.72; 2026-10-08 ratio=101.36 momentum=101.33,193.37
stock,EKI Energy,EKI.NS,Consulting Services,Services,218.49,0.0,-15.93,-2094.44,10.46,-29.99,,-6.15,,insufficient_data,0,,,,,{},insufficient_data,insufficient_data,,,,,False,False,,0.0
stock,AAA Technologies,AAATECH.NS,Consulting Services,Services,138.61,0.93,0.87,12.99,3.76,1.62,66.64,8.96,,not_stage_2,4,103.44,94.71,-0.32,0.00465,"{'price_above_30w_ma': True, '30w_ma_rising': False, 'price_above_10w_ma': True, 'relative_strength_positive': True, 'near_52w_high': True}",leading,leading,102.79,101.59,1.4,-0.92,False,False,2026-10-01 ratio=101.38 momentum=102.51; 2026-10-05 ratio=101.81 momentum=103.14; 2026-10-06 ratio=103.10 momentum=101.49; 2026-10-07 ratio=103.41 momentum=101.84; 2026-10-08 ratio=102.79 momentum=101.59,121.9
stock,Mitcon Consult.,MITCON.NS,Consulting Services,Services,131.54,0.0,2.75,151.38,67.58,176.63,13.51,8.83,,stage_2,4,77.85,76.73,4.66,0.0035,"{'price_above_30w_ma': True, '30w_ma_rising': True, 'price_above_10w_ma': False, 'relative_strength_positive': True, 'near_52w_high': True}",weakening,weakening,100.83,98.7,-0.55,-0.73,False,False,2026-10-01 ratio=101.38 momentum=99.44; 2026-10-05 ratio=101.39 momentum=99.80; 2026-10-06 ratio=100.80 momentum=99.25; 2026-10-07 ratio=100.71 momentum=99.08; 2026-10-08 ratio=100.83 momentum=98.70,118.47
stock,Dhruv Consultanc,DHRUV.NS,Consulting Services,Services,43.25,0.0,-4.74,-396.25,15.55,-26.09,,-32.46,,not_stage_2,0,20.94,27.18,-3.71,0.00094,"{'price_above_30w_ma': False, '30w_ma_rising': False, 'price_above_10w_ma': False, 'relative_strength_positive': False, 'near_52w_high': False}",improving,lagging,99.57,102.59,1.68,4.14,False,True,2026-10-01 ratio=97.90 momentum=98.45; 2026-10-05 ratio=97.71 momentum=98.74; 2026-10-06 ratio=97.69 momentum=99.50; 2026-10-07 ratio=97.94 momentum=98.63; 2026-10-08 ratio=99.57 momentum=102.59,12.95
stock,Manglam Infra,MIEL.NS,Consulting Services,Services,20.59,0.0,1.6,1700.0,21.86,-21.42,6.56,9.5,,insufficient_data,0,,,,,{},insufficient_data,insufficient_data,,,,,False,False,,0.0
stock,Physicswallah,PWL.NS,E-Learning,Consumer Services,41818.54,0.0,-88.28,35.6,1053.95,24.42,684.3,3.99,,stage_2,5,140.48,118.11,5.27,0.00632,"{'price_above_30w_ma': True, '30w_ma_rising': True, 'price_above_10w_ma': True, 'relative_strength_positive': True, 'near_52w_high': True}",leading,weakening,102.7,101.19,2.41,1.74,True,False,2026-10-01 ratio=100.29 momentum=99.45; 2026-10-05 ratio=101.74 momentum=99.88; 2026-10-06 ratio=101.59 momentum=100.01; 2026-10-07 ratio=102.56 momentum=101.03; 2026-10-08 ratio=102.70 momentum=101.19,184.99
stock,Jaro Institute,JARO.NS,E-Learning,Consumer Services,902.46,1.23,11.17,48.34,70.75,16.61,15.96,22.09,,not_stage_2,0,404.0,471.88,-0.31,0.01817,"{'price_above_30w_ma': False, '30w_ma_rising': False, 'price_above_10w_ma': False, 'relative_strength_positive': False, 'near_52w_high': False}",lagging,lagging,98.82,97.3,0.13,-0.09,False,False,2026-10-01 ratio=98.69 momentum=97.38; 2026-10-05 ratio=98.38 momentum=97.56; 2026-10-06 ratio=98.75 momentum=97.19; 2026-10-07 ratio=99.03 momentum=98.00; 2026-10-08 ratio=98.82 momentum=97.30,0.0
stock,Veranda Learning,VERANDA.NS,E-Learning,Consumer Services,338.19,0.0,33.87,854.4,149.54,41.52,5.24,12.83,,not_stage_2,1,32.76,210.86,0.36,0.00147,"{'price_above_30w_ma': False, '30w_ma_rising': True, 'price_above_10w_ma': False, 'relative_strength_positive': False, 'near_52w_high': False}",lagging,improving,96.14,98.48,-2.54,-2.3,False,False,2026-10-01 ratio=98.68 momentum=100.78; 2026-10-05 ratio=98.45 momentum=99.43; 2026-10-06 ratio=93.28 momentum=96.95; 2026-10-07 ratio=95.23 momentum=98.05; 2026-10-08 ratio=96.14 momentum=98.48,20.72
stock,Addictive Learn,ADDICTIVE.NS,E-Learning,Consumer Services,67.62,0.0,0.31,-75.97,22.69,8.41,,0.9,,insufficient_data,0,,,,,{},insufficient_data,insufficient_data,,,,,False,False,,0.0
stock,G-Tec Janix,GTECJAINX.NS,E-Learning,Consumer Services,34.38,0.0,0.3,100.0,2.25,-10.36,,-36.32,,stage_2,5,35.51,25.67,6.42,0.0016,"{'price_above_30w_ma': True, '30w_ma_rising': True, 'price_above_10w_ma': True, 'relative_strength_positive': True, 'near_52w_high': True}",leading,leading,102.67,101.14,-2.42,-1.18,False,False,2026-10-01 ratio=105.09 momentum=102.32; 2026-10-05 ratio=104.51 momentum=102.11; 2026-10-06 ratio=103.21 momentum=101.88; 2026-10-07 ratio=102.80 momentum=100.94; 2026-10-08 ratio=102.67 momentum=101.14,176.89
stock,Usha Mart. Edu.,UMESLTD.NS,E-Learning,Consumer Services,11.42,0.0,0.02,0.0,0.12,-7.69,27.86,18.01,,not_stage_2,0,4.57,5.57,-0.58,0.00021,"{'price_above_30w_ma': False, '30w_ma_rising': False, 'price_above_10w_ma': False, 'relative_strength_positive': False, 'near_52w_high': False}",improving,improving,99.51,103.39,0.22,-1.53,False,False,2026-10-01 ratio=99.28 momentum=104.93; 2026-10-05 ratio=98.80 momentum=102.31; 2026-10-06 ratio=98.93 momentum=105.86; 2026-10-07 ratio=99.17 momentum=102.93; 2026-10-08 ratio=99.51 momentum=103.39,16.95
stock,Docmode Health,DHTL.NS,E-Learning,Consumer Services,7.03,0.0,-0.07,95.57,7.67,-64.07,,6.12,,not_stage_2,0,23.5,37.75,-6.03,0.00106,"{'price_above_30w_ma': False, '30w_ma_rising': False, 'price_above_10w_ma': False, 'relative_strength_positive': False, 'near_52w_high': False}",improving,lagging,98.06,101.16,0.37,4.74,False,True,2026-10-01 ratio=97.69 momentum=96.42; 2026-10-05 ratio=98.08 momentum=100.84; 2026-10-06 ratio=97.67 momentum=96.43; 2026-10-07 ratio=97.82 momentum=99.34; 2026-10-08 ratio=98.06 momentum=101.16,5.8
stock,PVR Inox,PVRINOX.NS,"Film Production, Distribution & Exhibition","Media, Entertainment & Publication",13033.1,0.0,56.5,220.3,1622.2,11.91,41.09,6.79,,stage_2,5,1309.2,1074.56,3.36,0.05889,"{'price_above_30w_ma': True, '30w_ma_rising': True, 'price_above_10w_ma': True, 'relative_strength_positive': True, 'near_52w_high': True}",leading,weakening,102.17,100.84,1.07,2.18,True,False,2026-10-01 ratio=101.10 momentum=98.66; 2026-10-05 ratio=101.20 momentum=97.87; 2026-10-06 ratio=101.24 momentum=97.13; 2026-10-07 ratio=102.48 momentum=100.91; 2026-10-08 ratio=102.17 momentum=100.84,176.77
stock,Media Matrix,MMWL.NS,"Film Production, Distribution & Exhibition","Media, Entertainment & Publication",2361.78,0.0,3.58,84.46,428.45,83.37,332.65,9.71,,insufficient_data,0,,,,,{},leading,leading,104.38,104.02,1.53,1.14,False,False,2026-10-01 ratio=102.84 momentum=102.88; 2026-10-05 ratio=103.28 momentum=103.32; 2026-10-06 ratio=103.47 momentum=103.27; 2026-10-07 ratio=103.76 momentum=103.63; 2026-10-08 ratio=104.38 momentum=104.02,62.0
stock,Panorama Studios,PANORAMA.NS,"Film Production, Distribution & Exhibition","Media, Entertainment & Publication",1613.79,0.0,12.71,165.95,183.07,34.26,66.85,8.7,,insufficient_data,0,,,,,{},insufficient_data,insufficient_data,,,,,False,False,,0.0
stock,Sunshine Picture,SUNSHINE.NS,"Film Production, Distribution & Exhibition","Media, Entertainment & Publication",1374.03,0.0,0.25,123.15,6.48,16100.0,33.59,40.96,,insufficient_data,0,,,,,{},insufficient_data,insufficient_data,,,,,False,False,,0.0
stock,Connplex Cinemas,CONNPLEX.NS,"Film Production, Distribution & Exhibition","Media, Entertainment & Publication",464.7,0.0,13.03,38.91,83.46,51.97,17.94,43.55,,insufficient_data,0,,,,,{},insufficient_data,insufficient_data,,,,,False,False,,0.0
stock,Cineline India,CINELINE.NS,"Film Production, Distribution & Exhibition","Media, Entertainment & Publication",346.51,1.37,-1.21,74.27,59.27,30.87,25.74,10.86,,stage_2,5,90.75,85.2,0.49,0.00408,"{'price_above_30w_ma': True, '30w_ma_rising': True, 'price_above_10w_ma': True, 'relative_strength_positive': True, 'near_52w_high': True}",leading,weakening,101.7,101.93,1.16,9.98,True,False,2026-10-01 ratio=100.54 momentum=91.95; 2026-10-05 ratio=100.45 momentum=95.98; 2026-10-06 ratio=100.59 momentum=97.55; 2026-10-07 ratio=102.01 momentum=103.11; 2026-10-08 ratio=101.70 momentum=101.93,174.13
stock,UFO Moviez,UFO.NS,"Film Production, Distribution & Exhibition","Media, Entertainment & Publication",215.24,0.0,5.64,-13.5,110.69,3.81,8.96,11.19,,not_stage_2,0,54.9,67.69,-2.08,0.00247,"{'price_above_30w_ma': False, '30w_ma_rising': False, 'price_above_10w_ma': False, 'relative_strength_positive': False, 'near_52w_high': False}",lagging,lagging,97.55,98.73,-0.09,1.73,False,False,2026-10-01 ratio=97.65 momentum=97.00; 2026-10-05 ratio=97.96 momentum=100.16; 2026-10-06 ratio=97.89 momentum=100.09; 2026-10-07 ratio=97.95 momentum=100.14; 2026-10-08 ratio=97.55 momentum=98.73,0.0
stock,Tips Films,TIPSFILMS.NS,"Film Production, Distribution & Exhibition","Media, Entertainment & Publication",136.66,0.0,-29.41,-720.46,47.96,-49.71,,-6.69,,not_stage_2,1,318.2,347.92,-1.2,0.01431,"{'price_above_30w_ma': False, '30w_ma_rising': False, 'price_above_10w_ma': False, 'relative_strength_positive': True, 'near_52w_high': False}",improving,improving,99.87,101.96,0.41,1.46,False,True,2026-10-01 ratio=99.46 momentum=100.50; 2026-10-05 ratio=99.23 momentum=100.02; 2026-10-06 ratio=100.31 momentum=101.92; 2026-10-07 ratio=100.16 momentum=101.97; 2026-10-08 ratio=99.87 momentum=101.96,29.8
stock,Mukta Arts,MUKTAARTS.NS,"Film Production, Distribution & Exhibition","Media, Entertainment & Publication",120.62,0.0,-2.15,64.7,40.59,10.51,,4.41,,stage_2,4,57.0,55.47,1.0,0.00256,"{'price_above_30w_ma': True, '30w_ma_rising': True, 'price_above_10w_ma': False, 'relative_strength_positive': True, 'near_52w_high': True}",leading,leading,102.0,101.9,0.66,0.42,False,False,2026-10-01 ratio=101.34 momentum=101.48; 2026-10-05 ratio=100.55 momentum=98.21; 2026-10-06 ratio=101.40 momentum=102.09; 2026-10-07 ratio=101.31 momentum=102.15; 2026-10-08 ratio=102.00 momentum=101.90,146.5
stock,Baweja Studios L,BAWEJA.NS,"Film Production, Distribution & Exhibition","Media, Entertainment & Publication",48.18,0.0,4.57,-13.28,33.44,-22.93,7.92,7.94,,not_stage_2,2,25.85,28.13,-2.0,0.00116,"{'price_above_30w_ma': False, '30w_ma_rising': False, 'price_above_10w_ma': True, 'relative_strength_positive': True, 'near_52w_high': False}",leading,leading,101.58,103.57,-0.15,0.49,False,False,2026-10-01 ratio=101.73 momentum=103.08; 2026-10-05 ratio=101.47 momentum=104.45; 2026-10-06 ratio=101.36 momentum=103.29; 2026-10-07 ratio=100.96 momentum=103.60; 2026-10-08 ratio=101.58 momentum=103.57,85.75
stock,Metro Brands,METROBRAND.NS,Footwear,Consumer Durables,23589.6,0.69,95.26,-4.79,720.36,14.66,58.04,20.12,,not_stage_2,0,840.65,984.59,-1.68,0.03781,"{'price_above_30w_ma': False, '30w_ma_rising': False, 'price_above_10w_ma': False, 'relative_strength_positive': False, 'near_52w_high': False}",lagging,lagging,99.18,99.79,0.63,3.36,False,False,2026-10-01 ratio=98.56 momentum=96.43; 2026-10-05 ratio=97.97 momentum=96.22; 2026-10-06 ratio=98.00 momentum=96.45; 2026-10-07 ratio=98.37 momentum=97.51; 2026-10-08 ratio=99.18 momentum=99.79,0.0
stock,Bata India,BATAINDIA.NS,Footwear,Consumer Durables,7881.95,4.08,63.98,15.88,978.95,3.94,45.34,12.74,,not_stage_2,0,603.35,686.07,-2.65,0.02714,"{'price_above_30w_ma': False, '30w_ma_rising': False, 'price_above_10w_ma': False, 'relative_strength_positive': False, 'near_52w_high': False}",improving,improving,98.89,103.3,-0.01,1.08,False,False,2026-10-01 ratio=98.90 momentum=102.23; 2026-10-05 ratio=98.71 momentum=101.30; 2026-10-06 ratio=98.87 momentum=103.10; 2026-10-07 ratio=98.92 momentum=103.94; 2026-10-08 ratio=98.89 momentum=103.30,16.5
stock,Relaxo Footwear,RELAXO.NS,Footwear,Consumer Durables,7109.55,1.22,54.94,12.35,705.05,7.73,38.37,11.18,,not_stage_2,0,281.8,336.18,-1.63,0.01268,"{'price_above_30w_ma': False, '30w_ma_rising': False, 'price_above_10w_ma': False, 'relative_strength_positive': False, 'near_52w_high': False}",improving,improving,98.77,103.68,0.2,2.39,False,True,2026-10-01 ratio=98.57 momentum=101.29; 2026-10-05 ratio=98.50 momentum=103.54; 2026-10-06 ratio=98.71 momentum=104.15; 2026-10-07 ratio=98.75 momentum=104.48; 2026-10-08 ratio=98.77 momentum=103.68,18.4
stock,Redtape,REDTAPE.NS,Footwear,Consumer Durables,6204.4,1.77,44.48,15.23,481.28,3.65,25.18,24.48,,not_stage_2,1,113.16,126.81,-0.26,0.00509,"{'price_above_30w_ma': False, '30w_ma_rising': False, 'price_above_10w_ma': False, 'relative_strength_positive': False, 'near_52w_high': True}",lagging,improving,99.64,99.64,-0.17,-1.3,False,False,2026-10-01 ratio=99.82 momentum=100.94; 2026-10-05 ratio=99.32 momentum=100.57; 2026-10-06 ratio=99.31 momentum=101.19; 2026-10-07 ratio=99.27 momentum=99.63; 2026-10-08 ratio=99.64 momentum=99.64,20.0
stock,Campus Activewe.,CAMPUS.NS,Footwear,Consumer Durables,6021.89,0.76,26.14,17.75,385.2,12.21,39.1,21.22,,not_stage_2,0,199.0,229.85,-2.53,0.00895,"{'price_above_30w_ma': False, '30w_ma_rising': False, 'price_above_10w_ma': False, 'relative_strength_positive': False, 'near_52w_high': False}",lagging,leading,98.51,99.44,-1.67,-1.7,False,False,2026-10-01 ratio=100.18 momentum=101.14; 2026-10-05 ratio=99.23 momentum=99.90; 2026-10-06 ratio=100.06 momentum=101.78; 2026-10-07 ratio=100.47 momentum=102.05; 2026-10-08 ratio=98.51 momentum=99.44,0.0
stock,Sreeleathers,SREEL.NS,Footwear,Consumer Durables,639.08,0.72,6.99,138.57,59.63,19.74,19.45,6.97,,stage_2,5,278.2,220.86,5.72,0.01251,"{'price_above_30w_ma': True, '30w_ma_rising': True, 'price_above_10w_ma': True, 'relative_strength_positive': True, 'near_52w_high': True}",weakening,weakening,100.74,97.73,-0.45,-0.61,False,False,2026-10-01 ratio=101.19 momentum=98.34; 2026-10-05 ratio=101.06 momentum=99.71; 2026-10-06 ratio=100.86 momentum=99.58; 2026-10-07 ratio=100.89 momentum=99.68; 2026-10-08 ratio=100.74 momentum=97.73,140.14
stock,Liberty Shoes,LIBERTSHOE.NS,Footwear,Consumer Durables,360.57,0.0,0.68,-76.97,169.86,-1.7,42.32,7.91,,not_stage_2,0,210.18,247.06,-1.27,0.00945,"{'price_above_30w_ma': False, '30w_ma_rising': False, 'price_above_10w_ma': False, 'relative_strength_positive': False, 'near_52w_high': False}",lagging,improving,98.72,98.08,-0.35,-3.53,False,False,2026-10-01 ratio=99.07 momentum=101.61; 2026-10-05 ratio=98.59 momentum=100.16; 2026-10-06 ratio=99.01 momentum=101.02; 2026-10-07 ratio=98.98 momentum=101.21; 2026-10-08 ratio=98.72 momentum=98.08,0.0
stock,Brandman Retail,BRANDMAN.NS,Footwear,Consumer Durables,343.39,0.0,4.76,1152.63,45.19,287.56,11.57,36.81,,insufficient_data,0,,,,,{},insufficient_data,insufficient_data,,,,,False,False,,0.0
stock,Khadim India,KHADIM.NS,Footwear,Consumer Durables,213.8,0.0,0.52,-39.53,77.84,-18.66,47.41,7.79,,stage_2,4,112.9,104.21,0.17,0.00508,"{'price_above_30w_ma': True, '30w_ma_rising': True, 'price_above_10w_ma': True, 'relative_strength_positive': True, 'near_52w_high': False}",weakening,weakening,100.78,96.27,-0.11,-1.07,False,False,2026-10-01 ratio=100.88 momentum=97.34; 2026-10-05 ratio=100.94 momentum=97.06; 2026-10-06 ratio=100.78 momentum=95.74; 2026-10-07 ratio=100.84 momentum=95.79; 2026-10-08 ratio=100.78 momentum=96.27,109.24
stock,ICICI Lombard,ICICIGI.NS,General Insurance,Financial Services,84847.46,0.8,403.17,-46.03,7088.22,10.83,34.94,21.88,,not_stage_2,3,1624.0,1698.62,-2.59,0.07305,"{'price_above_30w_ma': False, '30w_ma_rising': False, 'price_above_10w_ma': True, 'relative_strength_positive': True, 'near_52w_high': True}",leading,leading,102.72,105.09,1.13,2.8,False,False,2026-10-01 ratio=101.59 momentum=102.29; 2026-10-05 ratio=102.03 momentum=103.14; 2026-10-06 ratio=101.70 momentum=102.33; 2026-10-07 ratio=101.76 momentum=103.29; 2026-10-08 ratio=102.72 momentum=105.09,119.05
stock,General Insuranc,GICRE.NS,General Insurance,Financial Services,54869.17,4.24,1743.67,-31.1,14400.9,-1.52,6.18,17.35,,not_stage_2,1,309.1,366.67,-1.48,0.0139,"{'price_above_30w_ma': False, '30w_ma_rising': False, 'price_above_10w_ma': False, 'relative_strength_positive': False, 'near_52w_high': True}",lagging,lagging,97.37,97.94,-1.5,-1.65,False,False,2026-10-01 ratio=98.87 momentum=99.58; 2026-10-05 ratio=97.57 momentum=96.17; 2026-10-06 ratio=96.46 momentum=96.80; 2026-10-07 ratio=97.53 momentum=98.36; 2026-10-08 ratio=97.37 momentum=97.94,20.0
stock,Star Health Insu,STARHEALTH.NS,General Insurance,Financial Services,32512.81,0.0,549.73,25.46,5522.07,13.15,38.51,9.69,,stage_2,4,545.5,541.0,2.19,0.02454,"{'price_above_30w_ma': True, '30w_ma_rising': True, 'price_above_10w_ma': False, 'relative_strength_positive': True, 'near_52w_high': True}",leading,leading,101.51,103.59,1.33,3.38,False,False,2026-10-01 ratio=100.17 momentum=100.21; 2026-10-05 ratio=99.62 momentum=101.18; 2026-10-06 ratio=100.66 momentum=103.46; 2026-10-07 ratio=101.45 momentum=103.78; 2026-10-08 ratio=101.51 momentum=103.59,154.88
stock,New India Assura,NIACL.NS,General Insurance,Financial Services,26674.78,0.92,-239.15,-160.61,11899.69,1.54,34.67,4.29,,not_stage_2,1,158.14,169.88,2.25,0.00711,"{'price_above_30w_ma': False, '30w_ma_rising': True, 'price_above_10w_ma': False, 'relative_strength_positive': False, 'near_52w_high': False}",lagging,lagging,99.04,95.94,-0.06,-0.02,False,False,2026-10-01 ratio=99.09 momentum=95.96; 2026-10-05 ratio=98.91 momentum=97.17; 2026-10-06 ratio=98.98 momentum=97.53; 2026-10-07 ratio=98.95 momentum=97.16; 2026-10-08 ratio=99.04 momentum=95.94,24.5
stock,Go Digit General,GODIGIT.NS,General Insurance,Financial Services,25237.8,0.0,86.39,-37.55,2427.02,8.54,51.25,13.1,,not_stage_2,2,261.45,290.26,-3.63,0.01176,"{'price_above_30w_ma': False, '30w_ma_rising': False, 'price_above_10w_ma': True, 'relative_strength_positive': True, 'near_52w_high': False}",leading,leading,102.61,104.2,0.62,2.59,False,False,2026-10-01 ratio=102.00 momentum=101.61; 2026-10-05 ratio=101.90 momentum=102.46; 2026-10-06 ratio=101.80 momentum=102.52; 2026-10-07 ratio=102.68 momentum=103.47; 2026-10-08 ratio=102.61 momentum=104.20,94.05
stock,Niva Bupa Health,NIVABUPA.NS,General Insurance,Financial Services,14357.46,0.0,137.8,92.89,2471.26,27.93,82.4,3.15,,not_stage_2,3,77.83,80.8,0.48,0.0035,"{'price_above_30w_ma': False, '30w_ma_rising': True, 'price_above_10w_ma': False, 'relative_strength_positive': True, 'near_52w_high': True}",leading,lagging,101.02,101.61,3.1,3.32,True,False,2026-10-01 ratio=97.92 momentum=98.29; 2026-10-05 ratio=99.17 momentum=100.05; 2026-10-06 ratio=99.18 momentum=99.58; 2026-10-07 ratio=99.97 momentum=100.15; 2026-10-08 ratio=101.02 momentum=101.61,104.11
stock,LG Electronics,LGEINDIA.NS,Household Appliances,Consumer Durables,119253.38,0.0,652.86,27.2,7233.35,15.49,65.36,32.27,,stage_2,5,1723.0,1581.95,1.25,0.0775,"{'price_above_30w_ma': True, '30w_ma_rising': True, 'price_above_10w_ma': True, 'relative_strength_positive': True, 'near_52w_high': True}",leading,leading,101.73,100.86,-0.31,-0.8,False,False,2026-10-01 ratio=102.04 momentum=101.66; 2026-10-05 ratio=102.29 momentum=101.03; 2026-10-06 ratio=101.88 momentum=102.23; 2026-10-07 ratio=102.10 momentum=103.58; 2026-10-08 ratio=101.73 momentum=100.86,160.45
stock,Voltas,VOLTAS.NS,Household Appliances,Consumer Durables,34221.8,0.39,212.76,52.19,4673.5,18.66,73.29,9.04,,not_stage_2,0,1032.0,1269.56,-4.24,0.04642,"{'price_above_30w_ma': False, '30w_ma_rising': False, 'price_above_10w_ma': False, 'relative_strength_positive': False, 'near_52w_high': False}",lagging,lagging,98.37,98.92,-0.05,-0.34,False,False,2026-10-01 ratio=98.42 momentum=99.26; 2026-10-05 ratio=98.51 momentum=100.73; 2026-10-06 ratio=98.47 momentum=98.97; 2026-10-07 ratio=98.46 momentum=100.64; 2026-10-08 ratio=98.37 momentum=98.92,0.0
stock,Blue Star,BLUESTARCO.NS,Household Appliances,Consumer Durables,32342.48,0.54,102.51,-21.03,3377.92,13.27,61.12,21.24,,not_stage_2,3,1519.0,1617.25,-3.22,0.06833,"{'price_above_30w_ma': False, '30w_ma_rising': False, 'price_above_10w_ma': True, 'relative_strength_positive': True, 'near_52w_high': True}",leading,weakening,101.32,103.01,1.13,3.45,True,False,2026-10-01 ratio=100.19 momentum=99.56; 2026-10-05 ratio=100.83 momentum=101.85; 2026-10-06 ratio=101.53 momentum=102.28; 2026-10-07 ratio=101.09 momentum=102.31; 2026-10-08 ratio=101.32 momentum=103.01,111.65
stock,Amber Enterp.,AMBER.NS,Household Appliances,Consumer Durables,22625.83,0.0,3.09,-3.37,3887.72,12.72,109.66,10.29,,not_stage_2,0,6555.0,7429.83,-1.24,0.29485,"{'price_above_30w_ma': False, '30w_ma_rising': False, 'price_above_10w_ma': False, 'relative_strength_positive': False, 'near_52w_high': False}",lagging,lagging,98.92,99.34,0.78,1.42,False,False,2026-10-01 ratio=98.15 momentum=97.92; 2026-10-05 ratio=98.50 momentum=98.06; 2026-10-06 ratio=99.82 momentum=100.37; 2026-10-07 ratio=100.46 momentum=101.51; 2026-10-08 ratio=98.92 momentum=99.34,0.0
stock,Crompton Gr. Con,CROMPTON.NS,Household Appliances,Consumer Durables,13197.01,1.46,140.32,12.12,2022.47,11.2,29.07,18.98,,not_stage_2,0,204.34,252.55,-2.13,0.00919,"{'price_above_30w_ma': False, '30w_ma_rising': False, 'price_above_10w_ma': False, 'relative_strength_positive': False, 'near_52w_high': False}",lagging,lagging,98.5,99.7,0.58,2.4,False,False,2026-10-01 ratio=97.92 momentum=97.31; 2026-10-05 ratio=98.71 momentum=99.46; 2026-10-06 ratio=98.62 momentum=99.90; 2026-10-07 ratio=98.70 momentum=100.78; 2026-10-08 ratio=98.50 momentum=99.70,0.0
stock,V-Guard Industri,VGUARD.NS,Household Appliances,Consumer Durables,12583.26,0.52,130.25,76.37,1810.65,23.5,33.11,18.38,,not_stage_2,1,291.85,315.5,-0.46,0.01313,"{'price_above_30w_ma': False, '30w_ma_rising': False, 'price_above_10w_ma': False, 'relative_strength_positive': False, 'near_52w_high': True}",lagging,lagging,99.07,96.65,-0.34,0.41,False,False,2026-10-01 ratio=99.41 momentum=96.25; 2026-10-05 ratio=99.38 momentum=96.73; 2026-10-06 ratio=99.86 momentum=97.54; 2026-10-07 ratio=99.65 momentum=96.96; 2026-10-08 ratio=99.07 momentum=96.65,20.0
stock,Whirlpool India,WHIRLPOOL.NS,Household Appliances,Consumer Durables,10360.99,0.61,102.88,-29.4,2726.75,12.1,38.0,10.67,,not_stage_2,2,823.15,826.26,-1.06,0.03703,"{'price_above_30w_ma': False, '30w_ma_rising': False, 'price_above_10w_ma': True, 'relative_strength_positive': True, 'near_52w_high': False}",weakening,leading,101.2,97.34,-0.91,-4.22,False,False,2026-10-01 ratio=102.12 momentum=101.56; 2026-10-05 ratio=102.07 momentum=102.03; 2026-10-06 ratio=101.74 momentum=102.22; 2026-10-07 ratio=101.40 momentum=103.44; 2026-10-08 ratio=101.20 momentum=97.34,46.0
stock,TTK Prestige,TTKPRESTIG.NS,Household Appliances,Consumer Durables,7070.3,1.46,58.97,103.94,813.85,33.57,34.16,12.1,,not_stage_2,2,513.0,547.94,0.04,0.02308,"{'price_above_30w_ma': False, '30w_ma_rising': True, 'price_above_10w_ma': False, 'relative_strength_positive': False, 'near_52w_high': True}",improving,improving,99.25,103.0,0.4,2.83,False,True,2026-10-01 ratio=98.85 momentum=100.17; 2026-10-05 ratio=98.98 momentum=101.68; 2026-10-06 ratio=99.15 momentum=102.64; 2026-10-07 ratio=99.15 momentum=103.28; 2026-10-08 ratio=99.25 momentum=103.00,55.08
stock,Eureka Forbes,EUREKAFORB.NS,Household Appliances,Consumer Durables,6554.44,0.0,55.44,6.98,700.77,15.31,32.78,5.86,,not_stage_2,0,339.75,445.91,-2.97,0.01528,"{'price_above_30w_ma': False, '30w_ma_rising': False, 'price_above_10w_ma': False, 'relative_strength_positive': False, 'near_52w_high': False}",improving,lagging,98.1,100.64,0.02,2.54,False,True,2026-10-01 ratio=98.08 momentum=98.10; 2026-10-05 ratio=97.68 momentum=97.78; 2026-10-06 ratio=98.16 momentum=102.30; 2026-10-07 ratio=98.28 momentum=102.04; 2026-10-08 ratio=98.10 momentum=100.64,3.2
stock,Bosch Home Comfort,BOSCH-HCIL.NS,Household Appliances,Consumer Durables,5383.05,1.82,22.79,29.34,1095.52,28.49,266.62,4.78,,stage_2,5,1943.8,1481.51,4.7,0.08743,"{'price_above_30w_ma': True, '30w_ma_rising': True, 'price_above_10w_ma': True, 'relative_strength_positive': True, 'near_52w_high': True}",leading,leading,101.88,101.99,-0.38,-0.92,False,False,2026-10-01 ratio=102.27 momentum=102.92; 2026-10-05 ratio=102.25 momentum=102.59; 2026-10-06 ratio=101.94 momentum=102.44; 2026-10-07 ratio=101.80 momentum=101.99; 2026-10-08 ratio=101.88 momentum=101.99,173.75
stock,Adani Total Gas,ATGL.NS,LPG/CNG/PNG/LNG Supplier,"Oil, Gas & Consumable Fuels",61996.36,0.04,133.03,-17.97,1743.48,27.1,102.01,15.09,,not_stage_2,1,562.2,645.51,1.78,0.02529,"{'price_above_30w_ma': False, '30w_ma_rising': True, 'price_above_10w_ma': False, 'relative_strength_positive': False, 'near_52w_high': False}",lagging,improving,98.42,96.21,-0.87,-5.11,False,False,2026-10-01 ratio=99.29 momentum=101.32; 2026-10-05 ratio=99.12 momentum=94.64; 2026-10-06 ratio=99.12 momentum=96.29; 2026-10-07 ratio=99.02 momentum=96.81; 2026-10-08 ratio=98.42 momentum=96.21,23.56
stock,Petronet LNG,PETRONET.NS,LPG/CNG/PNG/LNG Supplier,"Oil, Gas & Consumable Fuels",43634.25,3.43,1137.14,35.07,5557.84,-53.22,10.37,22.55,,not_stage_2,4,288.5,277.31,-0.64,0.01298,"{'price_above_30w_ma': True, '30w_ma_rising': False, 'price_above_10w_ma': True, 'relative_strength_positive': True, 'near_52w_high': True}",leading,leading,101.9,102.55,0.01,0.9,False,False,2026-10-01 ratio=101.90 momentum=101.65; 2026-10-05 ratio=102.08 momentum=100.05; 2026-10-06 ratio=102.37 momentum=102.17; 2026-10-07 ratio=102.37 momentum=103.73; 2026-10-08 ratio=101.90 momentum=102.55,122.25
stock,Gujarat Energy,GUJENERGY.NS,LPG/CNG/PNG/LNG Supplier,"Oil, Gas & Consumable Fuels",20984.4,3.98,1007.4,69.8,9544.98,63.12,10.73,11.73,,not_stage_2,0,219.86,313.41,-6.48,0.00989,"{'price_above_30w_ma': False, '30w_ma_rising': False, 'price_above_10w_ma': False, 'relative_strength_positive': False, 'near_52w_high': False}",improving,improving,98.16,100.06,-0.54,-0.99,False,False,2026-10-01 ratio=98.70 momentum=101.05; 2026-10-05 ratio=98.82 momentum=100.31; 2026-10-06 ratio=98.45 momentum=100.82; 2026-10-07 ratio=98.54 momentum=103.37; 2026-10-08 ratio=98.16 momentum=100.06,0.3
stock,Indraprastha Gas,IGL.NS,LPG/CNG/PNG/LNG Supplier,"Oil, Gas & Consumable Fuels",20372.09,3.25,237.92,-43.97,4586.73,17.19,14.97,17.52,,not_stage_2,1,142.03,155.41,-1.57,0.00639,"{'price_above_30w_ma': False, '30w_ma_rising': False, 'price_above_10w_ma': False, 'relative_strength_positive': True, 'near_52w_high': False}",leading,weakening,100.72,101.39,0.1,1.72,True,False,2026-10-01 ratio=100.62 momentum=99.67; 2026-10-05 ratio=100.06 momentum=98.88; 2026-10-06 ratio=99.32 momentum=97.61; 2026-10-07 ratio=101.43 momentum=102.33; 2026-10-08 ratio=100.72 momentum=101.39,60.55
stock,Mahanagar Gas,MGL.NS,LPG/CNG/PNG/LNG Supplier,"Oil, Gas & Consumable Fuels",10312.89,2.88,193.7,-39.39,2371.71,13.95,14.3,17.14,,not_stage_2,2,1043.9,1092.23,-0.59,0.04696,"{'price_above_30w_ma': False, '30w_ma_rising': False, 'price_above_10w_ma': False, 'relative_strength_positive': True, 'near_52w_high': True}",leading,leading,101.49,100.46,0.43,-1.14,False,False,2026-10-01 ratio=101.06 momentum=101.60; 2026-10-05 ratio=100.50 momentum=99.42; 2026-10-06 ratio=99.53 momentum=98.61; 2026-10-07 ratio=100.18 momentum=100.43; 2026-10-08 ratio=101.49 momentum=100.46,69.75
stock,GSPL Transmission,GSPLTRANS.NS,LPG/CNG/PNG/LNG Supplier,"Oil, Gas & Consumable Fuels",3318.06,0.0,,,,,,,,insufficient_data,0,,,,,{},insufficient_data,insufficient_data,,,,,False,False,,0.0
stock,Confidence Petro,CONFIPET.NS,LPG/CNG/PNG/LNG Supplier,"Oil, Gas & Consumable Fuels",2777.9,0.12,62.55,207.04,2408.53,116.6,20.63,9.23,,stage_2,5,84.9,69.66,11.86,0.00382,"{'price_above_30w_ma': True, '30w_ma_rising': True, 'price_above_10w_ma': True, 'relative_strength_positive': True, 'near_52w_high': True}",weakening,weakening,101.11,97.28,-0.3,-1.21,False,False,2026-10-01 ratio=101.41 momentum=98.48; 2026-10-05 ratio=101.30 momentum=92.69; 2026-10-06 ratio=101.20 momentum=95.66; 2026-10-07 ratio=101.91 momentum=101.94; 2026-10-08 ratio=101.11 momentum=97.28,154.27
stock,IRM Energy,IRMENERGY.NS,LPG/CNG/PNG/LNG Supplier,"Oil, Gas & Consumable Fuels",1044.39,0.59,33.81,142.89,325.85,24.13,14.29,8.63,,not_stage_2,1,256.0,263.73,1.91,0.01152,"{'price_above_30w_ma': False, '30w_ma_rising': True, 'price_above_10w_ma': False, 'relative_strength_positive': False, 'near_52w_high': False}",lagging,lagging,99.64,97.45,-0.15,0.19,False,False,2026-10-01 ratio=99.79 momentum=97.27; 2026-10-05 ratio=99.77 momentum=97.75; 2026-10-06 ratio=99.73 momentum=97.69; 2026-10-07 ratio=99.99 momentum=99.74; 2026-10-08 ratio=99.64 momentum=97.45,23.82
stock,Axiom Gas Engi.,AXIOMGAS.NS,LPG/CNG/PNG/LNG Supplier,"Oil, Gas & Consumable Fuels",163.65,0.0,2.24,,21.23,,17.32,32.1,,insufficient_data,0,,,,,{},insufficient_data,insufficient_data,,,,,False,False,,0.0
stock,Life Insurance,LICI.NS,Life Insurance,Financial Services,498397.53,2.54,13584.25,23.98,239865.7,6.76,8.3,35.14,,not_stage_2,1,379.25,408.54,-0.58,0.01706,"{'price_above_30w_ma': False, '30w_ma_rising': False, 'price_above_10w_ma': False, 'relative_strength_positive': False, 'near_52w_high': True}",lagging,leading,99.86,98.93,-0.78,-3.22,False,False,2026-10-01 ratio=100.64 momentum=102.16; 2026-10-05 ratio=100.16 momentum=99.57; 2026-10-06 ratio=99.95 momentum=100.71; 2026-10-07 ratio=99.90 momentum=99.22; 2026-10-08 ratio=99.86 momentum=98.93,20.0
stock,SBI Life Insuran,SBILIFE.NS,Life Insurance,Financial Services,168383.8,0.16,724.93,21.97,46336.78,18.82,64.74,14.95,,not_stage_2,2,1682.5,1807.49,-1.96,0.07568,"{'price_above_30w_ma': False, '30w_ma_rising': False, 'price_above_10w_ma': False, 'relative_strength_positive': True, 'near_52w_high': True}",leading,leading,100.67,101.53,-0.41,0.22,False,False,2026-10-01 ratio=101.07 momentum=101.31; 2026-10-05 ratio=100.61 momentum=102.92; 2026-10-06 ratio=101.18 momentum=103.06; 2026-10-07 ratio=100.97 momentum=101.98; 2026-10-08 ratio=100.67 momentum=101.53,71.0
stock,HDFC Life Insur.,HDFCLIFE.NS,Life Insurance,Financial Services,120826.21,0.38,611.19,11.46,33758.51,14.58,61.17,10.3,,not_stage_2,2,544.5,572.12,-3.26,0.02449,"{'price_above_30w_ma': False, '30w_ma_rising': False, 'price_above_10w_ma': True, 'relative_strength_positive': True, 'near_52w_high': False}",leading,weakening,102.54,100.59,0.6,1.22,True,False,2026-10-01 ratio=101.94 momentum=99.37; 2026-10-05 ratio=101.42 momentum=99.61; 2026-10-06 ratio=101.92 momentum=99.66; 2026-10-07 ratio=102.22 momentum=99.97; 2026-10-08 ratio=102.54 momentum=100.59,85.65
stock,ICICI Pru Life,ICICIPRULI.NS,Life Insurance,Financial Services,67130.34,0.36,623.91,61.94,3185.46,-79.69,41.75,10.14,,not_stage_2,0,457.0,505.28,-4.07,0.02056,"{'price_above_30w_ma': False, '30w_ma_rising': False, 'price_above_10w_ma': False, 'relative_strength_positive': False, 'near_52w_high': False}",improving,lagging,99.94,100.29,1.29,2.19,False,True,2026-10-01 ratio=98.64 momentum=98.10; 2026-10-05 ratio=99.05 momentum=98.31; 2026-10-06 ratio=99.10 momentum=98.04; 2026-10-07 ratio=99.27 momentum=98.53; 2026-10-08 ratio=99.94 momentum=100.29,1.45
stock,Max Financial,MFSL.NS,Life Insurance,Financial Services,45280.15,0.0,118.29,36.38,14969.51,16.75,417.31,2.87,,not_stage_2,0,1322.4,1567.24,-2.61,0.05948,"{'price_above_30w_ma': False, '30w_ma_rising': False, 'price_above_10w_ma': False, 'relative_strength_positive': False, 'near_52w_high': False}",lagging,lagging,98.15,94.48,-1.02,-3.7,False,False,2026-10-01 ratio=99.17 momentum=98.18; 2026-10-05 ratio=97.96 momentum=97.38; 2026-10-06 ratio=98.08 momentum=97.11; 2026-10-07 ratio=98.06 momentum=96.72; 2026-10-08 ratio=98.15 momentum=94.48,0.0
stock,Canara HSBC,CANHLIFE.NS,Life Insurance,Financial Services,13208.66,0.29,43.05,5.49,2554.88,8.81,98.89,8.35,,stage_2,4,145.56,145.27,0.34,0.00655,"{'price_above_30w_ma': True, '30w_ma_rising': True, 'price_above_10w_ma': False, 'relative_strength_positive': True, 'near_52w_high': True}",leading,weakening,101.0,100.34,0.6,5.55,True,False,2026-10-01 ratio=100.40 momentum=94.78; 2026-10-05 ratio=99.90 momentum=96.36; 2026-10-06 ratio=99.76 momentum=97.29; 2026-10-07 ratio=100.60 momentum=98.41; 2026-10-08 ratio=101.00 momentum=100.34,142.38
stock,Container Corpn.,CONCOR.NS,Logistics Solution Provider,Services,33663.51,1.95,268.9,0.08,2159.76,0.28,27.1,12.64,,not_stage_2,1,434.0,484.78,-0.61,0.01952,"{'price_above_30w_ma': False, '30w_ma_rising': False, 'price_above_10w_ma': False, 'relative_strength_positive': False, 'near_52w_high': True}",improving,lagging,98.1,101.61,0.11,3.64,False,True,2026-10-01 ratio=97.99 momentum=97.98; 2026-10-05 ratio=97.85 momentum=94.28; 2026-10-06 ratio=97.92 momentum=93.14; 2026-10-07 ratio=97.90 momentum=99.65; 2026-10-08 ratio=98.10 momentum=101.61,28.05
stock,Delhivery,DELHIVERY.NS,Logistics Solution Provider,Services,29933.84,0.0,31.91,-64.95,2930.73,27.76,250.95,1.01,,not_stage_2,1,397.0,455.24,-0.31,0.01786,"{'price_above_30w_ma': False, '30w_ma_rising': False, 'price_above_10w_ma': False, 'relative_strength_positive': False, 'near_52w_high': True}",lagging,lagging,98.34,98.27,0.47,0.17,False,False,2026-10-01 ratio=97.87 momentum=98.10; 2026-10-05 ratio=97.83 momentum=98.14; 2026-10-06 ratio=98.21 momentum=98.13; 2026-10-07 ratio=97.82 momentum=97.62; 2026-10-08 ratio=98.34 momentum=98.27,20.0
stock,Shadowfax Technologies,SHADOWFAX.NS,Logistics Solution Provider,Services,17302.99,0.0,66.2,624.29,1323.85,66.33,100.46,10.3,,stage_2,5,286.1,209.42,11.1,0.01287,"{'price_above_30w_ma': True, '30w_ma_rising': True, 'price_above_10w_ma': True, 'relative_strength_positive': True, 'near_52w_high': True}",weakening,leading,102.0,98.13,0.3,-3.27,False,False,2026-10-01 ratio=101.70 momentum=101.40; 2026-10-05 ratio=102.22 momentum=104.92; 2026-10-06 ratio=101.95 momentum=99.55; 2026-10-07 ratio=102.16 momentum=98.61; 2026-10-08 ratio=102.00 momentum=98.13,157.2
stock,Blue Dart Expres,BLUEDART.NS,Logistics Solution Provider,Services,10827.41,0.55,88.49,81.22,1657.72,14.97,33.4,15.77,,not_stage_2,0,4557.0,4982.78,-2.18,0.20498,"{'price_above_30w_ma': False, '30w_ma_rising': False, 'price_above_10w_ma': False, 'relative_strength_positive': False, 'near_52w_high': False}",improving,lagging,99.2,100.14,1.39,2.96,False,True,2026-10-01 ratio=97.81 momentum=97.17; 2026-10-05 ratio=97.68 momentum=97.50; 2026-10-06 ratio=97.87 momentum=98.29; 2026-10-07 ratio=98.27 momentum=98.83; 2026-10-08 ratio=99.20 momentum=100.14,0.7
stock,Transport Corp.,TCI.NS,Logistics Solution Provider,Services,6542.54,1.17,106.6,-0.75,1248.5,9.58,14.33,19.45,,not_stage_2,1,877.05,923.65,-1.81,0.03945,"{'price_above_30w_ma': False, '30w_ma_rising': False, 'price_above_10w_ma': False, 'relative_strength_positive': True, 'near_52w_high': False}",leading,leading,102.02,104.46,0.18,2.04,False,False,2026-10-01 ratio=101.84 momentum=102.42; 2026-10-05 ratio=101.69 momentum=102.23; 2026-10-06 ratio=101.69 momentum=103.16; 2026-10-07 ratio=101.85 momentum=103.56; 2026-10-08 ratio=102.02 momentum=104.46,72.4
stock,TVS Supply,TVSSCS.NS,Logistics Solution Provider,Services,5493.69,0.0,22.48,-84.26,3335.22,28.66,77.51,10.06,,stage_2,4,125.92,124.44,1.78,0.00566,"{'price_above_30w_ma': True, '30w_ma_rising': True, 'price_above_10w_ma': False, 'relative_strength_positive': True, 'near_52w_high': True}",weakening,leading,100.96,99.78,-0.35,-3.21,False,False,2026-10-01 ratio=101.31 momentum=102.99; 2026-10-05 ratio=100.90 momentum=98.28; 2026-10-06 ratio=101.31 momentum=100.92; 2026-10-07 ratio=101.43 momentum=101.41; 2026-10-08 ratio=100.96 momentum=99.78,113.36
stock,VRL Logistics,VRLLOG.NS,Logistics Solution Provider,Services,4972.58,1.76,80.53,60.93,878.84,18.07,18.6,18.27,,stage_2,4,284.1,259.53,0.78,0.01278,"{'price_above_30w_ma': True, '30w_ma_rising': True, 'price_above_10w_ma': False, 'relative_strength_positive': True, 'near_52w_high': True}",leading,leading,101.18,102.55,0.11,0.88,False,False,2026-10-01 ratio=101.07 momentum=101.67; 2026-10-05 ratio=100.95 momentum=99.08; 2026-10-06 ratio=100.74 momentum=98.42; 2026-10-07 ratio=100.90 momentum=99.80; 2026-10-08 ratio=101.18 momentum=102.55,145.21
stock,Mahindra Logis.,MAHLOG.NS,Logistics Solution Provider,Services,3986.17,0.62,27.83,335.09,2002.88,23.29,101.16,7.36,,stage_2,4,395.4,386.01,0.3,0.01779,"{'price_above_30w_ma': True, '30w_ma_rising': True, 'price_above_10w_ma': False, 'relative_strength_positive': True, 'near_52w_high': True}",weakening,leading,100.98,98.08,-1.34,-3.84,False,False,2026-10-01 ratio=102.32 momentum=101.92; 2026-10-05 ratio=101.46 momentum=101.08; 2026-10-06 ratio=101.67 momentum=100.74; 2026-10-07 ratio=101.57 momentum=100.30; 2026-10-08 ratio=100.98 momentum=98.08,110.5
stock,Gateway Distri,GATEWAY.NS,Logistics Solution Provider,Services,2548.18,3.92,51.26,-20.79,549.3,-0.21,10.39,10.82,,not_stage_2,1,50.33,55.97,-1.29,0.00226,"{'price_above_30w_ma': False, '30w_ma_rising': False, 'price_above_10w_ma': False, 'relative_strength_positive': False, 'near_52w_high': True}",improving,leading,99.79,101.57,-0.67,-1.05,False,False,2026-10-01 ratio=100.45 momentum=102.62; 2026-10-05 ratio=99.98 momentum=101.45; 2026-10-06 ratio=99.22 momentum=100.15; 2026-10-07 ratio=100.13 momentum=102.55; 2026-10-08 ratio=99.79 momentum=101.57,27.85
stock,TCI Express,TCIEXP.NS,Logistics Solution Provider,Services,1784.41,1.5,22.38,6.37,311.95,8.79,19.57,14.63,,not_stage_2,0,477.2,525.86,-1.01,0.02146,"{'price_above_30w_ma': False, '30w_ma_rising': False, 'price_above_10w_ma': False, 'relative_strength_positive': False, 'near_52w_high': False}",improving,leading,98.8,100.13,-1.24,-1.96,False,False,2026-10-01 ratio=100.05 momentum=102.09; 2026-10-05 ratio=99.30 momentum=101.78; 2026-10-06 ratio=99.47 momentum=102.21; 2026-10-07 ratio=99.63 momentum=102.23; 2026-10-08 ratio=98.80 momentum=100.13,0.65
stock,Castrol India,CASTROLIND.NS,Lubricants,"Oil, Gas & Consumable Fuels",19258.19,4.49,347.7,42.5,1871.47,25.03,17.86,60.27,,stage_2,5,196.08,186.18,0.83,0.00882,"{'price_above_30w_ma': True, '30w_ma_rising': True, 'price_above_10w_ma': True, 'relative_strength_positive': True, 'near_52w_high': True}",weakening,weakening,101.84,99.85,-0.68,0.74,False,False,2026-10-01 ratio=102.52 momentum=99.11; 2026-10-05 ratio=102.25 momentum=96.68; 2026-10-06 ratio=101.98 momentum=99.06; 2026-10-07 ratio=101.72 momentum=98.01; 2026-10-08 ratio=101.84 momentum=99.85,135.86
stock,Gulf Oil Lubric.,GULFOILLUB.NS,Lubricants,"Oil, Gas & Consumable Fuels",5342.05,4.73,127.52,31.93,1320.36,32.52,13.44,27.23,,stage_2,4,1089.3,1021.22,0.53,0.049,"{'price_above_30w_ma': True, '30w_ma_rising': True, 'price_above_10w_ma': False, 'relative_strength_positive': True, 'near_52w_high': True}",leading,leading,101.26,101.91,0.06,0.12,False,False,2026-10-01 ratio=101.20 momentum=101.79; 2026-10-05 ratio=100.41 momentum=100.51; 2026-10-06 ratio=100.60 momentum=101.50; 2026-10-07 ratio=101.58 momentum=104.29; 2026-10-08 ratio=101.26 momentum=101.91,141.91
stock,Savita Oil Tech,SOTL.NS,Lubricants,"Oil, Gas & Consumable Fuels",5260.37,0.65,292.25,395.59,1479.77,49.6,12.32,13.96,,stage_2,5,764.2,551.12,9.91,0.03437,"{'price_above_30w_ma': True, '30w_ma_rising': True, 'price_above_10w_ma': True, 'relative_strength_positive': True, 'near_52w_high': True}",leading,leading,102.05,102.02,0.31,-1.98,False,False,2026-10-01 ratio=101.74 momentum=104.00; 2026-10-05 ratio=101.52 momentum=101.98; 2026-10-06 ratio=102.24 momentum=102.65; 2026-10-07 ratio=102.69 momentum=102.69; 2026-10-08 ratio=102.05 momentum=102.02,185.17
stock,Panama Petrochem,PANAMAPET.NS,Lubricants,"Oil, Gas & Consumable Fuels",2993.6,0.6,308.91,624.8,1735.15,150.3,6.25,19.15,,stage_2,5,501.3,394.34,7.54,0.02255,"{'price_above_30w_ma': True, '30w_ma_rising': True, 'price_above_10w_ma': True, 'relative_strength_positive': True, 'near_52w_high': True}",leading,leading,102.05,101.77,0.27,-1.98,False,False,2026-10-01 ratio=101.78 momentum=103.75; 2026-10-05 ratio=101.37 momentum=102.19; 2026-10-06 ratio=102.10 momentum=103.10; 2026-10-07 ratio=103.30 momentum=103.13; 2026-10-08 ratio=102.05 momentum=101.77,179.18
stock,Gandhar Oil Ref.,GANDHAR.NS,Lubricants,"Oil, Gas & Consumable Fuels",2914.19,0.67,205.89,633.09,1731.93,91.81,9.67,13.33,,stage_2,5,296.45,199.87,10.48,0.01333,"{'price_above_30w_ma': True, '30w_ma_rising': True, 'price_above_10w_ma': True, 'relative_strength_positive': True, 'near_52w_high': True}",leading,leading,102.41,102.41,0.26,0.61,False,False,2026-10-01 ratio=102.14 momentum=101.80; 2026-10-05 ratio=101.80 momentum=100.39; 2026-10-06 ratio=101.82 momentum=101.50; 2026-10-07 ratio=102.51 momentum=102.47; 2026-10-08 ratio=102.41 momentum=102.41,190.06
stock,Veedol Corporat,VEEDOL.NS,Lubricants,"Oil, Gas & Consumable Fuels",2357.55,4.29,77.92,56.88,608.57,18.49,10.72,24.09,,not_stage_2,3,1357.8,1424.04,0.08,0.06107,"{'price_above_30w_ma': False, '30w_ma_rising': True, 'price_above_10w_ma': False, 'relative_strength_positive': True, 'near_52w_high': True}",leading,leading,100.33,104.28,0.24,3.2,False,False,2026-10-01 ratio=100.10 momentum=101.08; 2026-10-05 ratio=99.71 momentum=100.87; 2026-10-06 ratio=100.43 momentum=103.82; 2026-10-07 ratio=100.43 momentum=102.85; 2026-10-08 ratio=100.33 momentum=104.28,103.21
stock,GP Petroleums,GULFPETRO.NS,Lubricants,"Oil, Gas & Consumable Fuels",311.8,0.81,21.19,229.04,230.33,45.6,7.16,10.84,,not_stage_2,3,59.08,44.94,9.55,0.00266,"{'price_above_30w_ma': True, '30w_ma_rising': True, 'price_above_10w_ma': False, 'relative_strength_positive': False, 'near_52w_high': True}",weakening,leading,100.18,95.15,-0.58,-5.22,False,False,2026-10-01 ratio=100.75 momentum=100.36; 2026-10-05 ratio=100.63 momentum=99.84; 2026-10-06 ratio=100.58 momentum=99.93; 2026-10-07 ratio=100.48 momentum=98.39; 2026-10-08 ratio=100.18 momentum=95.15,80.0
stock,Arabian Petrol.,ARABIAN.NS,Lubricants,"Oil, Gas & Consumable Fuels",113.27,0.0,5.21,3.37,200.25,36.98,10.06,18.46,,stage_2,5,95.45,75.03,3.09,0.00429,"{'price_above_30w_ma': True, '30w_ma_rising': True, 'price_above_10w_ma': True, 'relative_strength_positive': True, 'near_52w_high': True}",leading,leading,101.88,101.1,0.49,-2.47,False,False,2026-10-01 ratio=101.40 momentum=103.58; 2026-10-05 ratio=102.37 momentum=103.71; 2026-10-06 ratio=102.92 momentum=102.11; 2026-10-07 ratio=102.61 momentum=102.17; 2026-10-08 ratio=101.88 momentum=101.10,166.08
stock,Sundrex Oil,SOCL.NS,Lubricants,"Oil, Gas & Consumable Fuels",36.83,0.0,2.9,-16.18,67.25,96.29,6.92,21.5,,insufficient_data,0,,,,,{},insufficient_data,insufficient_data,,,,,False,False,,0.0
stock,Venky's (India),VENKEYS.NS,Meat Products including Poultry,Fast Moving Consumer Goods,2246.94,0.63,49.99,215.79,1118.38,29.17,12.96,11.9,,stage_2,4,1608.2,1508.31,2.94,0.07234,"{'price_above_30w_ma': True, '30w_ma_rising': True, 'price_above_10w_ma': False, 'relative_strength_positive': True, 'near_52w_high': True}",weakening,weakening,101.02,97.67,-0.13,-0.65,False,False,2026-10-01 ratio=101.14 momentum=98.31; 2026-10-05 ratio=101.30 momentum=100.07; 2026-10-06 ratio=101.58 momentum=102.13; 2026-10-07 ratio=101.26 momentum=98.94; 2026-10-08 ratio=101.02 momentum=97.67,115.98
stock,HMA Agro Inds.,HMAAGRO.NS,Meat Products including Poultry,Fast Moving Consumer Goods,1165.3,0.0,50.51,6158.02,2110.32,87.98,5.43,16.19,,not_stage_2,3,23.62,22.9,-1.17,0.00106,"{'price_above_30w_ma': True, '30w_ma_rising': False, 'price_above_10w_ma': True, 'relative_strength_positive': True, 'near_52w_high': False}",weakening,weakening,101.63,98.31,-0.24,0.51,False,False,2026-10-01 ratio=101.87 momentum=97.81; 2026-10-05 ratio=101.64 momentum=95.75; 2026-10-06 ratio=102.08 momentum=97.17; 2026-10-07 ratio=102.22 momentum=99.22; 2026-10-08 ratio=101.63 momentum=98.31,68.15
stock,SKM Egg Prod.,SKMEGGPROD.NS,Meat Products including Poultry,Fast Moving Consumer Goods,1089.91,0.6,23.82,46.5,184.26,4.87,9.79,30.7,,not_stage_2,1,207.1,226.97,3.22,0.00932,"{'price_above_30w_ma': False, '30w_ma_rising': True, 'price_above_10w_ma': False, 'relative_strength_positive': False, 'near_52w_high': False}",lagging,lagging,98.58,97.72,-0.01,0.76,False,False,2026-10-01 ratio=98.59 momentum=96.96; 2026-10-05 ratio=98.31 momentum=96.83; 2026-10-06 ratio=98.55 momentum=97.91; 2026-10-07 ratio=98.87 momentum=100.23; 2026-10-08 ratio=98.58 momentum=97.72,26.44
stock,Prime Focus,PFOCUS.NS,Media & Entertainment,"Media, Entertainment & Publication",20341.27,0.0,-45.78,-90.56,1266.81,23.81,113.95,11.28,,not_stage_2,2,271.95,284.51,2.23,0.01223,"{'price_above_30w_ma': False, '30w_ma_rising': True, 'price_above_10w_ma': False, 'relative_strength_positive': False, 'near_52w_high': True}",lagging,weakening,99.57,96.39,-1.16,-1.16,False,False,2026-10-01 ratio=100.73 momentum=97.55; 2026-10-05 ratio=100.00 momentum=96.64; 2026-10-06 ratio=100.16 momentum=96.42; 2026-10-07 ratio=99.88 momentum=95.16; 2026-10-08 ratio=99.57 momentum=96.39,44.46
stock,Saregama India,SAREGAMA.NS,Media & Entertainment,"Media, Entertainment & Publication",9375.48,0.93,51.88,40.64,263.6,27.48,41.08,17.29,,stage_2,4,481.85,444.56,4.98,0.02167,"{'price_above_30w_ma': True, '30w_ma_rising': True, 'price_above_10w_ma': False, 'relative_strength_positive': True, 'near_52w_high': True}",weakening,leading,100.63,99.36,-0.84,-3.01,False,False,2026-10-01 ratio=101.46 momentum=102.37; 2026-10-05 ratio=101.36 momentum=101.18; 2026-10-06 ratio=101.43 momentum=104.03; 2026-10-07 ratio=101.65 momentum=101.67; 2026-10-08 ratio=100.63 momentum=99.36,118.11
stock,Tips Music,TIPSMUSIC.NS,Media & Entertainment,"Media, Entertainment & Publication",8091.8,2.04,43.7,-4.67,106.51,20.94,37.7,118.47,,not_stage_2,3,618.15,639.77,2.64,0.0278,"{'price_above_30w_ma': False, '30w_ma_rising': True, 'price_above_10w_ma': False, 'relative_strength_positive': True, 'near_52w_high': True}",weakening,leading,100.24,97.57,-1.0,-4.46,False,False,2026-10-01 ratio=101.23 momentum=102.03; 2026-10-05 ratio=100.76 momentum=100.68; 2026-10-06 ratio=101.22 momentum=102.35; 2026-10-07 ratio=100.86 momentum=99.95; 2026-10-08 ratio=100.24 momentum=97.57,66.48
stock,Netwrk.18 Media,NETWORK18.NS,Media & Entertainment,"Media, Entertainment & Publication",3807.2,0.0,-38.36,-2074.55,516.26,10.34,,3.01,,not_stage_2,0,24.39,30.57,-3.14,0.0011,"{'price_above_30w_ma': False, '30w_ma_rising': False, 'price_above_10w_ma': False, 'relative_strength_positive': False, 'near_52w_high': False}",lagging,improving,97.98,96.95,-0.75,-3.34,False,False,2026-10-01 ratio=98.73 momentum=100.29; 2026-10-05 ratio=98.61 momentum=98.09; 2026-10-06 ratio=99.28 momentum=101.52; 2026-10-07 ratio=98.94 momentum=99.42; 2026-10-08 ratio=97.98 momentum=96.95,0.0
stock,Balaji Telefilms,BALAJITELE.NS,Media & Entertainment,"Media, Entertainment & Publication",1109.66,0.0,22.39,489.25,240.29,229.93,,-10.07,,not_stage_2,0,86.08,91.64,-1.52,0.00387,"{'price_above_30w_ma': False, '30w_ma_rising': False, 'price_above_10w_ma': False, 'relative_strength_positive': False, 'near_52w_high': False}",weakening,weakening,100.13,97.31,-0.8,2.25,False,False,2026-10-01 ratio=100.93 momentum=95.06; 2026-10-05 ratio=100.90 momentum=96.02; 2026-10-06 ratio=100.68 momentum=97.88; 2026-10-07 ratio=100.51 momentum=97.52; 2026-10-08 ratio=100.13 momentum=97.31,0.65
stock,Basilic Fly Stud,BASILIC.NS,Media & Entertainment,"Media, Entertainment & Publication",565.43,0.0,6.7,-9.37,103.5,9.87,11.75,21.51,,not_stage_2,3,212.0,205.09,-2.21,0.00954,"{'price_above_30w_ma': True, '30w_ma_rising': False, 'price_above_10w_ma': True, 'relative_strength_positive': True, 'near_52w_high': False}",leading,leading,103.37,102.49,3.11,0.66,False,False,2026-10-01 ratio=100.26 momentum=101.83; 2026-10-05 ratio=100.73 momentum=102.07; 2026-10-06 ratio=102.41 momentum=102.90; 2026-10-07 ratio=104.03 momentum=103.03; 2026-10-08 ratio=103.37 momentum=102.49,109.3
stock,Ent.Network,ENIL.NS,Media & Entertainment,"Media, Entertainment & Publication",421.68,2.22,-6.01,-11.5,113.69,-2.79,315.59,-1.77,,not_stage_2,0,91.51,106.73,-1.16,0.00412,"{'price_above_30w_ma': False, '30w_ma_rising': False, 'price_above_10w_ma': False, 'relative_strength_positive': False, 'near_52w_high': False}",lagging,lagging,98.71,98.6,-0.14,1.5,False,False,2026-10-01 ratio=98.84 momentum=97.10; 2026-10-05 ratio=97.98 momentum=95.72; 2026-10-06 ratio=97.95 momentum=97.58; 2026-10-07 ratio=98.23 momentum=98.05; 2026-10-08 ratio=98.71 momentum=98.60,0.0
stock,Optimystix Entertainment,OPTIMYSTIX.NS,Media & Entertainment,"Media, Entertainment & Publication",380.21,0.0,,,,,15.87,27.26,,insufficient_data,0,,,,,{},insufficient_data,insufficient_data,,,,,False,False,,0.0
stock,Gretex Industrie,GRETEX.NS,Media & Entertainment,"Media, Entertainment & Publication",331.83,0.0,0.1,-92.09,27.6,43.97,225.73,3.26,,not_stage_2,0,214.0,269.45,-1.92,0.00963,"{'price_above_30w_ma': False, '30w_ma_rising': False, 'price_above_10w_ma': False, 'relative_strength_positive': False, 'near_52w_high': False}",improving,improving,99.05,103.01,0.25,-0.61,False,False,2026-10-01 ratio=98.80 momentum=103.62; 2026-10-05 ratio=98.80 momentum=103.25; 2026-10-06 ratio=98.78 momentum=102.87; 2026-10-07 ratio=98.88 momentum=102.68; 2026-10-08 ratio=99.05 momentum=103.01,15.05
stock,Shemaroo Entert.,SHEMAROO.NS,Media & Entertainment,"Media, Entertainment & Publication",291.23,0.0,-8.07,82.43,131.68,-5.62,,-39.34,,not_stage_2,2,102.95,113.1,1.93,0.00463,"{'price_above_30w_ma': False, '30w_ma_rising': True, 'price_above_10w_ma': False, 'relative_strength_positive': False, 'near_52w_high': True}",lagging,improving,97.74,97.2,-2.22,-4.24,False,False,2026-10-01 ratio=99.96 momentum=101.44; 2026-10-05 ratio=98.86 momentum=99.39; 2026-10-06 ratio=98.91 momentum=98.92; 2026-10-07 ratio=98.96 momentum=98.39; 2026-10-08 ratio=97.74 momentum=97.20,43.86
stock,Molbio Diagnosti,MOLBIO.NS,Medical Equipment & Supplies,Healthcare,16576.74,0.0,56.63,522.3,399.38,318.99,76.35,17.96,,insufficient_data,0,,,,,{},insufficient_data,insufficient_data,,,,,False,False,,0.0
stock,Poly Medicure,POLYMED.NS,Medical Equipment & Supplies,Healthcare,16126.76,0.22,85.28,-7.57,525.38,30.3,50.39,12.5,,not_stage_2,3,1605.2,1579.52,3.42,0.0722,"{'price_above_30w_ma': True, '30w_ma_rising': True, 'price_above_10w_ma': False, 'relative_strength_positive': False, 'near_52w_high': True}",lagging,weakening,99.88,98.35,-0.53,-0.32,False,False,2026-10-01 ratio=100.41 momentum=98.67; 2026-10-05 ratio=99.75 momentum=97.22; 2026-10-06 ratio=99.69 momentum=98.40; 2026-10-07 ratio=99.53 momentum=98.39; 2026-10-08 ratio=99.88 momentum=98.35,66.84
stock,Fischer Medical,FISCHER.NS,Medical Equipment & Supplies,Healthcare,2133.93,0.16,3.79,-22.02,81.92,249.49,87.17,11.45,,not_stage_2,0,31.96,37.01,-1.31,0.00144,"{'price_above_30w_ma': False, '30w_ma_rising': False, 'price_above_10w_ma': False, 'relative_strength_positive': False, 'near_52w_high': False}",lagging,improving,98.68,97.73,-0.8,-4.67,False,False,2026-10-01 ratio=99.48 momentum=102.40; 2026-10-05 ratio=98.83 momentum=101.74; 2026-10-06 ratio=98.89 momentum=102.83; 2026-10-07 ratio=98.73 momentum=103.04; 2026-10-08 ratio=98.68 momentum=97.73,0.0
stock,Tarsons Products,TARSONS.NS,Medical Equipment & Supplies,Healthcare,1702.97,0.0,-1.44,-180.9,110.24,20.67,143.83,4.59,,stage_2,4,327.65,265.27,7.1,0.01474,"{'price_above_30w_ma': True, '30w_ma_rising': True, 'price_above_10w_ma': False, 'relative_strength_positive': True, 'near_52w_high': True}",leading,leading,101.26,100.26,-0.21,-2.58,False,False,2026-10-01 ratio=101.47 momentum=102.84; 2026-10-05 ratio=101.68 momentum=106.77; 2026-10-06 ratio=101.15 momentum=98.27; 2026-10-07 ratio=101.83 momentum=102.36; 2026-10-08 ratio=101.26 momentum=100.26,146.8
stock,Q-Line Biotech,QLINE.NS,Medical Equipment & Supplies,Healthcare,1484.14,0.0,34.41,147.29,197.94,-8.59,26.2,22.45,,insufficient_data,0,,,,,{},insufficient_data,insufficient_data,,,,,False,False,,0.0
stock,Laxmi Dental,LAXMIDENTL.NS,Medical Equipment & Supplies,Healthcare,1079.37,0.0,10.32,22.77,74.7,13.87,31.03,15.05,,not_stage_2,2,192.52,206.39,0.59,0.00866,"{'price_above_30w_ma': False, '30w_ma_rising': True, 'price_above_10w_ma': False, 'relative_strength_positive': True, 'near_52w_high': False}",leading,leading,100.84,103.35,0.3,1.28,False,False,2026-10-01 ratio=100.54 momentum=102.07; 2026-10-05 ratio=99.92 momentum=100.66; 2026-10-06 ratio=99.67 momentum=101.02; 2026-10-07 ratio=101.02 momentum=104.06; 2026-10-08 ratio=100.84 momentum=103.35,82.13
stock,Vasa Denticity,DENTALKART.NS,Medical Equipment & Supplies,Healthcare,791.9,0.0,4.19,45.99,82.17,36.9,65.45,7.54,,not_stage_2,4,458.0,404.7,-0.01,0.0206,"{'price_above_30w_ma': True, '30w_ma_rising': False, 'price_above_10w_ma': True, 'relative_strength_positive': True, 'near_52w_high': True}",leading,leading,102.26,101.42,-1.14,-1.68,False,False,2026-10-01 ratio=103.40 momentum=103.10; 2026-10-05 ratio=103.13 momentum=101.30; 2026-10-06 ratio=103.41 momentum=102.14; 2026-10-07 ratio=102.74 momentum=102.30; 2026-10-08 ratio=102.26 momentum=101.42,118.4
stock,OSEL Devices,OSELDEVICE.NS,Medical Equipment & Supplies,Healthcare,651.9,0.0,14.06,16.78,145.81,47.1,22.29,24.4,,insufficient_data,0,,,,,{},insufficient_data,insufficient_data,,,,,False,False,,0.0
stock,QMS Medical,QMSMEDI.NS,Medical Equipment & Supplies,Healthcare,362.71,0.27,3.96,24.57,56.87,22.3,33.74,12.92,,stage_2,5,192.52,115.69,13.97,0.00866,"{'price_above_30w_ma': True, '30w_ma_rising': True, 'price_above_10w_ma': True, 'relative_strength_positive': True, 'near_52w_high': True}",weakening,weakening,101.42,97.92,-0.31,-1.34,False,False,2026-10-01 ratio=101.73 momentum=99.26; 2026-10-05 ratio=101.33 momentum=97.74; 2026-10-06 ratio=101.42 momentum=97.81; 2026-10-07 ratio=101.65 momentum=98.09; 2026-10-08 ratio=101.42 momentum=97.92,160.04
stock,Nureca,NURECA.NS,Medical Equipment & Supplies,Healthcare,317.03,0.0,3.07,279.01,40.34,18.02,73.05,3.3,,stage_2,4,331.35,285.53,3.16,0.0149,"{'price_above_30w_ma': True, '30w_ma_rising': True, 'price_above_10w_ma': False, 'relative_strength_positive': True, 'near_52w_high': True}",weakening,leading,100.99,99.96,-0.95,-1.5,False,False,2026-10-01 ratio=101.93 momentum=101.46; 2026-10-05 ratio=101.25 momentum=99.66; 2026-10-06 ratio=101.02 momentum=99.75; 2026-10-07 ratio=100.88 momentum=99.62; 2026-10-08 ratio=100.99 momentum=99.96,116.27
stock,CreditAcc. Gram.,CREDITACC.NS,Microfinance Institutions,Financial Services,20378.78,0.0,493.39,719.72,1783.49,21.92,16.83,9.98,,not_stage_2,2,1263.4,1368.14,0.67,0.05683,"{'price_above_30w_ma': False, '30w_ma_rising': True, 'price_above_10w_ma': False, 'relative_strength_positive': False, 'near_52w_high': True}",improving,lagging,98.97,101.56,0.76,2.61,False,True,2026-10-01 ratio=98.21 momentum=98.95; 2026-10-05 ratio=98.37 momentum=98.54; 2026-10-06 ratio=98.47 momentum=98.29; 2026-10-07 ratio=98.30 momentum=99.22; 2026-10-08 ratio=98.97 momentum=101.56,49.14
stock,Muthoot Microfin,MUTHOOTMF.NS,Microfinance Institutions,Financial Services,2872.28,0.0,81.34,1216.18,668.64,19.69,11.7,9.31,,not_stage_2,1,168.21,195.17,0.98,0.00757,"{'price_above_30w_ma': False, '30w_ma_rising': True, 'price_above_10w_ma': False, 'relative_strength_positive': False, 'near_52w_high': False}",lagging,improving,98.46,96.42,-0.27,-4.62,False,False,2026-10-01 ratio=98.73 momentum=101.03; 2026-10-05 ratio=98.84 momentum=101.71; 2026-10-06 ratio=98.78 momentum=100.62; 2026-10-07 ratio=98.62 momentum=97.40; 2026-10-08 ratio=98.46 momentum=96.42,21.96
stock,Fusion Finance,FUSION.NS,Microfinance Institutions,Financial Services,2658.3,0.0,62.41,167.65,458.17,3.59,15.78,5.92,,not_stage_2,0,162.35,188.21,-0.23,0.0073,"{'price_above_30w_ma': False, '30w_ma_rising': False, 'price_above_10w_ma': False, 'relative_strength_positive': False, 'near_52w_high': False}",lagging,lagging,97.74,96.38,-0.7,-2.12,False,False,2026-10-01 ratio=98.43 momentum=98.50; 2026-10-05 ratio=97.92 momentum=96.59; 2026-10-06 ratio=97.94 momentum=97.09; 2026-10-07 ratio=98.04 momentum=97.43; 2026-10-08 ratio=97.74 momentum=96.38,0.0
stock,Satin Creditcare,SATIN.NS,Microfinance Institutions,Financial Services,2476.42,0.0,122.65,172.0,762.14,8.39,6.04,13.84,,stage_2,4,217.39,214.25,4.83,0.00978,"{'price_above_30w_ma': True, '30w_ma_rising': True, 'price_above_10w_ma': False, 'relative_strength_positive': True, 'near_52w_high': True}",leading,leading,100.64,101.77,-0.32,-0.26,False,False,2026-10-01 ratio=100.96 momentum=102.03; 2026-10-05 ratio=100.01 momentum=100.80; 2026-10-06 ratio=100.97 momentum=102.41; 2026-10-07 ratio=100.81 momentum=102.03; 2026-10-08 ratio=100.64 momentum=101.77,146.71
stock,Spandana Sphoort,SPANDANA.NS,Microfinance Institutions,Financial Services,1873.24,0.0,11.88,103.3,283.91,-5.51,,-5.78,,not_stage_2,0,209.1,244.12,-1.11,0.00941,"{'price_above_30w_ma': False, '30w_ma_rising': False, 'price_above_10w_ma': False, 'relative_strength_positive': False, 'near_52w_high': False}",lagging,lagging,98.06,97.33,-0.82,-1.92,False,False,2026-10-01 ratio=98.89 momentum=99.24; 2026-10-05 ratio=98.29 momentum=97.50; 2026-10-06 ratio=98.60 momentum=98.67; 2026-10-07 ratio=98.81 momentum=99.24; 2026-10-08 ratio=98.06 momentum=97.33,0.0
stock,Bajaj Finance,BAJFINANCE.NS,Non Banking Financial Company (NBFC),Financial Services,598913.31,0.56,6080.6,27.37,23165.45,18.65,29.24,10.87,,not_stage_2,2,955.95,975.72,0.38,0.043,"{'price_above_30w_ma': False, '30w_ma_rising': True, 'price_above_10w_ma': False, 'relative_strength_positive': False, 'near_52w_high': True}",lagging,lagging,98.9,95.94,0.75,-2.25,False,False,2026-10-01 ratio=98.15 momentum=98.19; 2026-10-05 ratio=98.82 momentum=97.56; 2026-10-06 ratio=98.19 momentum=97.96; 2026-10-07 ratio=98.56 momentum=99.30; 2026-10-08 ratio=98.90 momentum=95.94,40.76
stock,Shriram Finance,SHRIRAMFIN.NS,Non Banking Financial Company (NBFC),Financial Services,220630.65,1.15,3452.77,59.89,13400.43,16.16,19.49,11.49,,not_stage_2,1,917.25,1002.57,-0.93,0.04126,"{'price_above_30w_ma': False, '30w_ma_rising': False, 'price_above_10w_ma': False, 'relative_strength_positive': False, 'near_52w_high': True}",lagging,lagging,98.09,97.05,-0.45,-1.15,False,False,2026-10-01 ratio=98.54 momentum=98.20; 2026-10-05 ratio=99.17 momentum=99.43; 2026-10-06 ratio=98.69 momentum=97.61; 2026-10-07 ratio=98.45 momentum=97.32; 2026-10-08 ratio=98.09 momentum=97.05,20.0
stock,Cholaman.Inv.&Fn,CHOLAFIN.NS,Non Banking Financial Company (NBFC),Financial Services,135555.57,0.13,1656.22,45.56,8856.29,21.87,23.57,9.71,,not_stage_2,2,1544.0,1670.03,0.09,0.06945,"{'price_above_30w_ma': False, '30w_ma_rising': True, 'price_above_10w_ma': False, 'relative_strength_positive': False, 'near_52w_high': True}",lagging,lagging,97.62,91.58,0.07,-6.07,False,False,2026-10-01 ratio=97.55 momentum=97.65; 2026-10-05 ratio=97.90 momentum=96.75; 2026-10-06 ratio=97.79 momentum=97.52; 2026-10-07 ratio=97.38 momentum=96.34; 2026-10-08 ratio=97.62 momentum=91.58,40.18
stock,Tata Capital,TATACAP.NS,Non Banking Financial Company (NBFC),Financial Services,135198.11,0.18,1628.18,56.32,8821.93,15.1,24.87,8.58,,not_stage_2,2,314.9,339.89,0.14,0.01416,"{'price_above_30w_ma': False, '30w_ma_rising': True, 'price_above_10w_ma': False, 'relative_strength_positive': False, 'near_52w_high': True}",lagging,lagging,98.07,96.35,0.12,-1.37,False,False,2026-10-01 ratio=97.95 momentum=97.72; 2026-10-05 ratio=97.60 momentum=95.72; 2026-10-06 ratio=97.82 momentum=98.01; 2026-10-07 ratio=98.01 momentum=98.55; 2026-10-08 ratio=98.07 momentum=96.35,40.28
stock,Muthoot Finance,MUTHOOTFIN.NS,Non Banking Financial Company (NBFC),Financial Services,105315.83,1.14,2824.84,38.83,8671.6,34.44,9.26,15.8,,not_stage_2,0,2559.6,3113.96,-2.56,0.11513,"{'price_above_30w_ma': False, '30w_ma_rising': False, 'price_above_10w_ma': False, 'relative_strength_positive': False, 'near_52w_high': False}",lagging,improving,98.44,97.07,-1.13,-5.86,False,False,2026-10-01 ratio=99.57 momentum=102.94; 2026-10-05 ratio=99.63 momentum=99.25; 2026-10-06 ratio=99.03 momentum=97.06; 2026-10-07 ratio=98.95 momentum=97.78; 2026-10-08 ratio=98.44 momentum=97.07,0.0
stock,L&T Finance Ltd,LTF.NS,Non Banking Financial Company (NBFC),Financial Services,65543.6,1.05,915.99,28.72,5212.92,22.38,20.47,8.4,,not_stage_2,2,257.4,290.63,0.08,0.01158,"{'price_above_30w_ma': False, '30w_ma_rising': True, 'price_above_10w_ma': False, 'relative_strength_positive': False, 'near_52w_high': True}",lagging,lagging,97.67,90.21,0.53,-8.3,False,False,2026-10-01 ratio=97.15 momentum=98.51; 2026-10-05 ratio=97.20 momentum=97.28; 2026-10-06 ratio=97.28 momentum=97.67; 2026-10-07 ratio=97.35 momentum=97.46; 2026-10-08 ratio=97.67 momentum=90.21,40.16
stock,SBI Cards,SBICARD.NS,Non Banking Financial Company (NBFC),Financial Services,53448.22,0.44,664.44,19.51,5040.55,3.36,23.49,10.1,,not_stage_2,0,547.65,634.75,-3.13,0.02463,"{'price_above_30w_ma': False, '30w_ma_rising': False, 'price_above_10w_ma': False, 'relative_strength_positive': False, 'near_52w_high': False}",lagging,lagging,97.73,96.44,0.03,-0.98,False,False,2026-10-01 ratio=97.70 momentum=97.42; 2026-10-05 ratio=97.79 momentum=96.55; 2026-10-06 ratio=97.79 momentum=97.34; 2026-10-07 ratio=97.58 momentum=96.79; 2026-10-08 ratio=97.73 momentum=96.44,0.0
stock,HDB FINANC SER,HDBFS.NS,Non Banking Financial Company (NBFC),Financial Services,48892.2,0.68,785.2,38.31,4937.9,10.58,17.71,9.09,,not_stage_2,1,586.4,670.82,-0.92,0.02638,"{'price_above_30w_ma': False, '30w_ma_rising': False, 'price_above_10w_ma': False, 'relative_strength_positive': False, 'near_52w_high': True}",lagging,lagging,97.31,96.8,-1.28,-0.97,False,False,2026-10-01 ratio=98.59 momentum=97.77; 2026-10-05 ratio=98.70 momentum=96.58; 2026-10-06 ratio=97.92 momentum=96.69; 2026-10-07 ratio=97.30 momentum=96.36; 2026-10-08 ratio=97.31 momentum=96.80,20.0
stock,Authum Invest,AIIL.NS,Non Banking Financial Company (NBFC),Financial Services,46741.4,0.02,1114.81,18.43,1448.22,19.65,22.33,13.63,,stage_2,4,550.1,517.14,2.06,0.02474,"{'price_above_30w_ma': True, '30w_ma_rising': True, 'price_above_10w_ma': False, 'relative_strength_positive': True, 'near_52w_high': True}",leading,leading,101.9,101.76,0.52,-3.84,False,False,2026-10-01 ratio=101.38 momentum=105.59; 2026-10-05 ratio=101.79 momentum=100.54; 2026-10-06 ratio=101.36 momentum=99.25; 2026-10-07 ratio=101.49 momentum=103.32; 2026-10-08 ratio=101.90 momentum=101.76,147.42
stock,Sundaram Finance,SUNDARMFIN.NS,Non Banking Financial Company (NBFC),Financial Services,45658.14,0.97,636.19,33.88,2644.13,12.57,20.05,9.44,,not_stage_2,0,4110.6,4547.83,-2.46,0.1849,"{'price_above_30w_ma': False, '30w_ma_rising': False, 'price_above_10w_ma': False, 'relative_strength_positive': False, 'near_52w_high': False}",lagging,weakening,98.82,96.37,-1.85,-1.97,False,False,2026-10-01 ratio=100.67 momentum=98.34; 2026-10-05 ratio=99.58 momentum=96.53; 2026-10-06 ratio=99.83 momentum=97.57; 2026-10-07 ratio=99.71 momentum=95.92; 2026-10-08 ratio=98.82 momentum=96.37,0.0
stock,Dolphin Offshore,DOLPHIN.NS,Offshore Support Solution Drilling,"Oil, Gas & Consumable Fuels",2562.14,0.0,14.81,30.71,42.85,160.64,35.58,14.92,,stage_2,5,620.05,467.12,6.88,0.02789,"{'price_above_30w_ma': True, '30w_ma_rising': True, 'price_above_10w_ma': True, 'relative_strength_positive': True, 'near_52w_high': True}",weakening,weakening,100.64,95.61,-0.16,-1.95,False,False,2026-10-01 ratio=100.79 momentum=97.56; 2026-10-05 ratio=100.67 momentum=97.92; 2026-10-06 ratio=100.77 momentum=98.05; 2026-10-07 ratio=100.87 momentum=96.97; 2026-10-08 ratio=100.64 momentum=95.61,141.96
stock,Jindal Drilling,JINDRILL.NS,Offshore Support Solution Drilling,"Oil, Gas & Consumable Fuels",1665.32,0.17,47.14,-28.69,275.39,8.38,8.55,13.67,,not_stage_2,2,575.8,582.0,2.47,0.0259,"{'price_above_30w_ma': False, '30w_ma_rising': True, 'price_above_10w_ma': False, 'relative_strength_positive': False, 'near_52w_high': True}",weakening,leading,100.02,99.49,-0.33,-1.95,False,False,2026-10-01 ratio=100.35 momentum=101.44; 2026-10-05 ratio=100.15 momentum=100.46; 2026-10-06 ratio=100.10 momentum=102.02; 2026-10-07 ratio=100.52 momentum=102.14; 2026-10-08 ratio=100.02 momentum=99.49,45.04
stock,Alphageo (India),ALPHAGEO.NS,Offshore Support Solution Drilling,"Oil, Gas & Consumable Fuels",164.91,1.93,14.86,1660.49,82.13,101.1,,-7.2,,not_stage_2,3,250.7,234.91,4.25,0.01128,"{'price_above_30w_ma': True, '30w_ma_rising': True, 'price_above_10w_ma': False, 'relative_strength_positive': False, 'near_52w_high': True}",lagging,lagging,99.46,96.89,-0.34,-0.46,False,False,2026-10-01 ratio=99.80 momentum=97.35; 2026-10-05 ratio=99.63 momentum=97.34; 2026-10-06 ratio=99.42 momentum=96.85; 2026-10-07 ratio=99.50 momentum=96.91; 2026-10-08 ratio=99.46 momentum=96.89,68.5
stock,Aban Offshore,ABAN.NS,Offshore Support Solution Drilling,"Oil, Gas & Consumable Fuels",103.64,0.0,83.72,133.12,165.26,44.43,,,,not_stage_2,3,18.64,17.16,-4.75,0.00084,"{'price_above_30w_ma': True, '30w_ma_rising': False, 'price_above_10w_ma': True, 'relative_strength_positive': True, 'near_52w_high': False}",leading,leading,102.36,103.05,2.01,0.47,False,False,2026-10-01 ratio=100.35 momentum=102.58; 2026-10-05 ratio=100.79 momentum=102.37; 2026-10-06 ratio=101.18 momentum=102.60; 2026-10-07 ratio=101.75 momentum=102.84; 2026-10-08 ratio=102.36 momentum=103.05,107.05
stock,Aakash Explor.,AAKASH.NS,Offshore Support Solution Drilling,"Oil, Gas & Consumable Fuels",82.42,0.0,0.52,-3.7,27.89,16.89,23.68,7.63,,not_stage_2,1,8.2,8.76,-0.74,0.00037,"{'price_above_30w_ma': False, '30w_ma_rising': False, 'price_above_10w_ma': False, 'relative_strength_positive': False, 'near_52w_high': True}",lagging,weakening,99.94,97.77,-0.22,-0.28,False,False,2026-10-01 ratio=100.16 momentum=98.05; 2026-10-05 ratio=100.40 momentum=98.97; 2026-10-06 ratio=99.13 momentum=97.65; 2026-10-07 ratio=99.53 momentum=98.00; 2026-10-08 ratio=99.94 momentum=97.77,20.0
stock,Deep Industries,DEEPINDS.NS,Oil Equipment & Services,"Oil, Gas & Consumable Fuels",4784.34,0.33,89.14,45.12,278.92,39.81,11.54,16.47,,stage_2,5,777.6,559.93,10.98,0.03498,"{'price_above_30w_ma': True, '30w_ma_rising': True, 'price_above_10w_ma': True, 'relative_strength_positive': True, 'near_52w_high': True}",leading,weakening,101.51,101.14,0.35,1.19,True,False,2026-10-01 ratio=101.16 momentum=99.95; 2026-10-05 ratio=101.07 momentum=99.23; 2026-10-06 ratio=100.99 momentum=100.16; 2026-10-07 ratio=101.59 momentum=101.86; 2026-10-08 ratio=101.51 momentum=101.14,190.21
stock,Asian Energy,ASIANENE.NS,Oil Equipment & Services,"Oil, Gas & Consumable Fuels",2177.99,0.28,12.76,115.5,271.19,135.06,33.72,16.33,,stage_2,4,459.45,377.31,7.09,0.02067,"{'price_above_30w_ma': True, '30w_ma_rising': True, 'price_above_10w_ma': False, 'relative_strength_positive': True, 'near_52w_high': True}",weakening,weakening,100.5,97.44,-0.18,0.66,False,False,2026-10-01 ratio=100.68 momentum=96.78; 2026-10-05 ratio=100.45 momentum=95.61; 2026-10-06 ratio=100.43 momentum=97.35; 2026-10-07 ratio=100.79 momentum=98.78; 2026-10-08 ratio=100.50 momentum=97.44,121.68
stock,Oil Country,OILCOUNTUB.NS,Oil Equipment & Services,"Oil, Gas & Consumable Fuels",449.2,0.0,-15.11,-71.51,17.44,-29.02,,-25.38,,stage_2,5,84.56,58.56,6.87,0.0038,"{'price_above_30w_ma': True, '30w_ma_rising': True, 'price_above_10w_ma': True, 'relative_strength_positive': True, 'near_52w_high': True}",leading,leading,102.73,103.32,-0.19,0.12,False,False,2026-10-01 ratio=102.92 momentum=103.20; 2026-10-05 ratio=102.77 momentum=102.89; 2026-10-06 ratio=102.62 momentum=102.47; 2026-10-07 ratio=102.65 momentum=102.05; 2026-10-08 ratio=102.73 momentum=103.32,188.99
stock,Teja Engineering,TEJA.NS,Oil Equipment & Services,"Oil, Gas & Consumable Fuels",136.53,0.0,3.32,36.63,43.98,48.03,21.85,33.1,,insufficient_data,0,,,,,{},insufficient_data,insufficient_data,,,,,False,False,,0.0
stock,O N G C,ONGC.NS,Oil Exploration & Production,"Oil, Gas & Consumable Fuels",280020.01,5.99,6554.44,20.84,204987.35,25.68,6.4,14.15,,not_stage_2,1,219.8,255.23,-2.43,0.00989,"{'price_above_30w_ma': False, '30w_ma_rising': False, 'price_above_10w_ma': False, 'relative_strength_positive': True, 'near_52w_high': False}",lagging,lagging,99.98,98.89,-0.01,-0.82,False,False,2026-10-01 ratio=100.00 momentum=99.71; 2026-10-05 ratio=100.34 momentum=100.54; 2026-10-06 ratio=99.71 momentum=98.61; 2026-10-07 ratio=99.57 momentum=98.14; 2026-10-08 ratio=99.98 momentum=98.89,20.0
stock,Oil India,OIL.NS,Oil Exploration & Production,"Oil, Gas & Consumable Fuels",72725.77,2.59,4026.83,91.4,12503.32,57.7,8.71,11.51,,not_stage_2,2,447.0,463.13,-0.52,0.02011,"{'price_above_30w_ma': False, '30w_ma_rising': False, 'price_above_10w_ma': False, 'relative_strength_positive': True, 'near_52w_high': True}",weakening,weakening,100.33,99.47,0.25,2.38,False,False,2026-10-01 ratio=100.08 momentum=97.09; 2026-10-05 ratio=100.06 momentum=97.71; 2026-10-06 ratio=99.90 momentum=97.45; 2026-10-07 ratio=100.33 momentum=99.45; 2026-10-08 ratio=100.33 momentum=99.47,41.65
stock,Vedanta Oil and Gas,VOGL.NS,Oil Exploration & Production,"Oil, Gas & Consumable Fuels",11762.39,0.0,945.0,2691.59,2507.0,8.48,54.72,,,insufficient_data,0,,,,,{},lagging,lagging,97.92,96.78,-0.82,-1.01,False,False,2026-10-01 ratio=98.74 momentum=97.79; 2026-10-05 ratio=98.01 momentum=97.83; 2026-10-06 ratio=98.20 momentum=98.75; 2026-10-07 ratio=98.23 momentum=97.85; 2026-10-08 ratio=97.92 momentum=96.78,0.0
stock,Antelopus Selan,ANTELOPUS.NS,Oil Exploration & Production,"Oil, Gas & Consumable Fuels",3888.89,0.0,54.32,450.71,131.04,158.82,27.74,19.92,,stage_2,5,1105.8,812.44,10.5,0.04974,"{'price_above_30w_ma': True, '30w_ma_rising': True, 'price_above_10w_ma': True, 'relative_strength_positive': True, 'near_52w_high': True}",weakening,weakening,101.2,98.0,-0.15,1.34,False,False,2026-10-01 ratio=101.35 momentum=96.65; 2026-10-05 ratio=101.24 momentum=97.88; 2026-10-06 ratio=101.11 momentum=98.25; 2026-10-07 ratio=101.28 momentum=98.75; 2026-10-08 ratio=101.20 momentum=98.00,152.0
stock,Prabha Energy,PRABHA.NS,Oil Exploration & Production,"Oil, Gas & Consumable Fuels",3432.41,0.0,0.29,226.09,1.69,49.56,3120.37,-0.09,,stage_2,5,212.31,174.08,4.43,0.00955,"{'price_above_30w_ma': True, '30w_ma_rising': True, 'price_above_10w_ma': True, 'relative_strength_positive': True, 'near_52w_high': True}",weakening,weakening,100.6,95.97,-0.25,-2.21,False,False,2026-10-01 ratio=100.85 momentum=98.18; 2026-10-05 ratio=100.69 momentum=96.34; 2026-10-06 ratio=100.77 momentum=97.56; 2026-10-07 ratio=100.91 momentum=97.18; 2026-10-08 ratio=100.60 momentum=95.97,136.86
stock,Hind.Oil Explor.,HINDOILEXP.NS,Oil Exploration & Production,"Oil, Gas & Consumable Fuels",2236.11,0.0,6.24,-47.91,114.18,45.17,89.02,3.49,,stage_2,5,169.4,159.98,2.69,0.00762,"{'price_above_30w_ma': True, '30w_ma_rising': True, 'price_above_10w_ma': True, 'relative_strength_positive': True, 'near_52w_high': True}",leading,weakening,100.87,100.25,0.17,4.97,True,False,2026-10-01 ratio=100.71 momentum=95.28; 2026-10-05 ratio=100.44 momentum=94.59; 2026-10-06 ratio=100.41 momentum=96.81; 2026-10-07 ratio=100.88 momentum=99.43; 2026-10-08 ratio=100.87 momentum=100.25,165.98
stock,Guj.Nat.Resour.,GNRL.NS,Oil Exploration & Production,"Oil, Gas & Consumable Fuels",1472.68,0.0,11.35,488.08,5.72,70.75,76.27,7.26,,insufficient_data,0,,,,,{},insufficient_data,insufficient_data,,,,,False,False,,0.0
stock,L T Foods,LTFOODS.NS,Other Agricultural Products,Fast Moving Consumer Goods,14176.65,0.74,183.45,8.87,3151.83,27.92,22.14,17.6,,not_stage_2,3,405.45,405.55,0.45,0.01824,"{'price_above_30w_ma': False, '30w_ma_rising': True, 'price_above_10w_ma': False, 'relative_strength_positive': True, 'near_52w_high': True}",weakening,weakening,100.44,98.74,0.34,0.78,False,False,2026-10-01 ratio=100.10 momentum=97.96; 2026-10-05 ratio=100.26 momentum=98.58; 2026-10-06 ratio=100.14 momentum=97.34; 2026-10-07 ratio=100.79 momentum=100.68; 2026-10-08 ratio=100.44 momentum=98.74,63.1
stock,KRBL,KRBL.NS,Other Agricultural Products,Fast Moving Consumer Goods,8900.32,1.16,260.74,73.16,1495.86,-5.59,11.74,15.16,,stage_2,4,386.05,366.89,2.08,0.01736,"{'price_above_30w_ma': True, '30w_ma_rising': True, 'price_above_10w_ma': False, 'relative_strength_positive': True, 'near_52w_high': True}",weakening,weakening,100.55,99.01,0.36,1.56,False,False,2026-10-01 ratio=100.19 momentum=97.45; 2026-10-05 ratio=100.30 momentum=98.98; 2026-10-06 ratio=100.38 momentum=99.66; 2026-10-07 ratio=100.79 momentum=102.04; 2026-10-08 ratio=100.55 momentum=99.01,111.91
stock,Guj. Ambuja Exp,GAEL.NS,Other Agricultural Products,Fast Moving Consumer Goods,7478.12,0.18,176.77,171.87,1594.22,23.47,17.85,12.46,,stage_2,4,158.47,157.95,1.78,0.00713,"{'price_above_30w_ma': True, '30w_ma_rising': True, 'price_above_10w_ma': False, 'relative_strength_positive': True, 'near_52w_high': True}",leading,leading,100.34,100.67,0.23,0.34,False,False,2026-10-01 ratio=100.11 momentum=100.33; 2026-10-05 ratio=99.96 momentum=101.01; 2026-10-06 ratio=100.51 momentum=101.82; 2026-10-07 ratio=100.80 momentum=104.99; 2026-10-08 ratio=100.34 momentum=100.67,133.61
stock,TruAlt Bioenergy,TRUALT.NS,Other Agricultural Products,Fast Moving Consumer Goods,3659.47,0.0,59.27,1108.25,626.88,106.29,23.4,10.44,,not_stage_2,3,424.05,451.14,1.23,0.01907,"{'price_above_30w_ma': False, '30w_ma_rising': True, 'price_above_10w_ma': False, 'relative_strength_positive': True, 'near_52w_high': True}",weakening,leading,100.5,99.77,-1.02,-1.56,False,False,2026-10-01 ratio=101.53 momentum=101.33; 2026-10-05 ratio=101.24 momentum=101.32; 2026-10-06 ratio=101.08 momentum=101.87; 2026-10-07 ratio=101.41 momentum=102.92; 2026-10-08 ratio=100.50 momentum=99.77,64.96
stock,Kaveri Seed Co.,KSCL.NS,Other Agricultural Products,Fast Moving Consumer Goods,3477.55,0.74,279.84,-14.18,742.5,-13.51,13.93,15.82,,not_stage_2,0,679.0,836.63,-0.99,0.03054,"{'price_above_30w_ma': False, '30w_ma_rising': False, 'price_above_10w_ma': False, 'relative_strength_positive': False, 'near_52w_high': False}",improving,improving,98.98,100.12,-1.01,-1.08,False,False,2026-10-01 ratio=100.00 momentum=101.20; 2026-10-05 ratio=99.43 momentum=100.92; 2026-10-06 ratio=99.79 momentum=101.02; 2026-10-07 ratio=99.78 momentum=101.38; 2026-10-08 ratio=98.98 momentum=100.12,0.6
stock,A C J K Exports,AEROPLANE.NS,Other Agricultural Products,Fast Moving Consumer Goods,2272.61,0.0,36.63,127.52,663.73,55.1,18.35,15.66,,insufficient_data,0,,,,,{},leading,leading,102.19,101.57,0.09,-3.23,False,False,2026-10-01 ratio=102.10 momentum=104.80; 2026-10-05 ratio=102.09 momentum=101.42; 2026-10-06 ratio=101.71 momentum=100.38; 2026-10-07 ratio=102.28 momentum=101.58; 2026-10-08 ratio=102.19 momentum=101.57,38.8
stock,Sanstar,SANSTAR.NS,Other Agricultural Products,Fast Moving Consumer Goods,2039.06,0.0,9.21,2808.82,206.16,21.51,46.34,5.83,,not_stage_2,2,97.42,104.72,2.68,0.00438,"{'price_above_30w_ma': False, '30w_ma_rising': True, 'price_above_10w_ma': False, 'relative_strength_positive': False, 'near_52w_high': True}",lagging,lagging,98.29,96.14,-1.51,0.12,False,False,2026-10-01 ratio=99.80 momentum=96.02; 2026-10-05 ratio=100.13 momentum=95.48; 2026-10-06 ratio=99.59 momentum=96.74; 2026-10-07 ratio=99.93 momentum=96.22; 2026-10-08 ratio=98.29 momentum=96.14,45.36
stock,GRM Overseas,GRMOVER.NS,Other Agricultural Products,Fast Moving Consumer Goods,1662.27,0.0,21.04,10.21,426.51,30.52,21.74,13.99,,not_stage_2,1,79.68,117.42,-8.21,0.00358,"{'price_above_30w_ma': False, '30w_ma_rising': False, 'price_above_10w_ma': False, 'relative_strength_positive': True, 'near_52w_high': False}",improving,improving,99.74,102.94,1.24,0.08,False,True,2026-10-01 ratio=98.50 momentum=102.85; 2026-10-05 ratio=98.63 momentum=101.58; 2026-10-06 ratio=98.59 momentum=100.64; 2026-10-07 ratio=99.79 momentum=104.26; 2026-10-08 ratio=99.74 momentum=102.94,34.7
stock,AVT Natural Prod,AVTNPL.NS,Other Agricultural Products,Fast Moving Consumer Goods,1444.0,0.84,31.1,156.6,241.21,82.16,17.24,14.22,,stage_2,4,85.45,73.61,4.74,0.00384,"{'price_above_30w_ma': True, '30w_ma_rising': True, 'price_above_10w_ma': False, 'relative_strength_positive': True, 'near_52w_high': True}",weakening,leading,100.66,95.61,-0.32,-4.4,False,False,2026-10-01 ratio=100.98 momentum=100.01; 2026-10-05 ratio=100.99 momentum=100.15; 2026-10-06 ratio=101.00 momentum=99.14; 2026-10-07 ratio=100.89 momentum=95.87; 2026-10-08 ratio=100.66 momentum=95.61,117.78
stock,Chamanlal Setia,CLSEL.NS,Other Agricultural Products,Fast Moving Consumer Goods,1431.34,1.04,31.99,47.83,345.92,12.58,11.44,18.18,,stage_2,4,289.25,279.22,1.52,0.01301,"{'price_above_30w_ma': True, '30w_ma_rising': True, 'price_above_10w_ma': False, 'relative_strength_positive': True, 'near_52w_high': True}",leading,weakening,101.29,101.03,0.6,3.92,True,False,2026-10-01 ratio=100.69 momentum=97.11; 2026-10-05 ratio=100.62 momentum=97.49; 2026-10-06 ratio=101.06 momentum=100.96; 2026-10-07 ratio=101.43 momentum=101.86; 2026-10-08 ratio=101.29 momentum=101.03,149.64
stock,AU Small Finance,AUBANK.NS,Other Bank,Financial Services,73633.36,0.1,795.95,37.03,5302.74,21.11,25.78,7.66,,not_stage_2,2,975.0,1015.68,0.67,0.04386,"{'price_above_30w_ma': False, '30w_ma_rising': True, 'price_above_10w_ma': False, 'relative_strength_positive': False, 'near_52w_high': True}",lagging,lagging,99.33,97.83,-0.4,-0.39,False,False,2026-10-01 ratio=99.73 momentum=98.22; 2026-10-05 ratio=101.31 momentum=100.59; 2026-10-06 ratio=100.76 momentum=100.96; 2026-10-07 ratio=99.44 momentum=98.53; 2026-10-08 ratio=99.33 momentum=97.83,41.34
stock,Ujjivan Small,UJJIVANSFB.NS,Other Bank,Financial Services,12002.68,0.0,316.54,206.67,2024.92,25.08,13.25,7.73,,not_stage_2,3,62.3,61.45,1.68,0.0028,"{'price_above_30w_ma': True, '30w_ma_rising': True, 'price_above_10w_ma': False, 'relative_strength_positive': False, 'near_52w_high': True}",lagging,leading,99.53,99.64,-1.29,-2.41,False,False,2026-10-01 ratio=100.82 momentum=102.05; 2026-10-05 ratio=101.08 momentum=101.83; 2026-10-06 ratio=100.14 momentum=100.97; 2026-10-07 ratio=100.29 momentum=101.10; 2026-10-08 ratio=99.53 momentum=99.64,63.36
stock,Equitas Sma. Fin,EQUITASBNK.NS,Other Bank,Financial Services,7537.67,0.0,183.61,182.06,1960.4,18.89,14.77,6.43,,not_stage_2,2,66.44,70.56,1.34,0.00299,"{'price_above_30w_ma': False, '30w_ma_rising': True, 'price_above_10w_ma': False, 'relative_strength_positive': False, 'near_52w_high': True}",lagging,lagging,98.59,98.72,-0.91,-1.18,False,False,2026-10-01 ratio=99.50 momentum=99.90; 2026-10-05 ratio=99.20 momentum=98.63; 2026-10-06 ratio=98.55 momentum=98.71; 2026-10-07 ratio=99.59 momentum=99.51; 2026-10-08 ratio=98.59 momentum=98.72,42.68
stock,Jana Small Finan,JSFB.NS,Other Bank,Financial Services,5176.79,0.0,155.23,52.29,1514.53,22.08,13.63,7.45,,not_stage_2,3,482.3,480.77,4.12,0.02169,"{'price_above_30w_ma': True, '30w_ma_rising': True, 'price_above_10w_ma': False, 'relative_strength_positive': False, 'near_52w_high': True}",lagging,lagging,98.68,96.78,0.36,-1.32,False,False,2026-10-01 ratio=98.32 momentum=98.11; 2026-10-05 ratio=99.19 momentum=98.91; 2026-10-06 ratio=99.00 momentum=98.60; 2026-10-07 ratio=99.26 momentum=98.64; 2026-10-08 ratio=98.68 momentum=96.78,68.24
stock,Utkarsh Small F.,UTKARSHBNK.NS,Other Bank,Financial Services,2411.29,0.0,-33.92,85.84,883.56,0.3,,1.46,,not_stage_2,2,13.64,13.86,0.46,0.00061,"{'price_above_30w_ma': False, '30w_ma_rising': True, 'price_above_10w_ma': False, 'relative_strength_positive': True, 'near_52w_high': False}",leading,lagging,100.53,101.55,0.69,1.93,True,False,2026-10-01 ratio=99.85 momentum=99.62; 2026-10-05 ratio=99.26 momentum=97.49; 2026-10-06 ratio=99.63 momentum=99.85; 2026-10-07 ratio=100.78 momentum=102.86; 2026-10-08 ratio=100.53 momentum=101.55,81.32
stock,ESAF Small Fin,ESAFSFB.NS,Other Bank,Financial Services,2156.17,0.0,80.08,198.6,1097.77,32.54,,5.65,,stage_2,5,42.17,33.59,6.76,0.0019,"{'price_above_30w_ma': True, '30w_ma_rising': True, 'price_above_10w_ma': True, 'relative_strength_positive': True, 'near_52w_high': True}",leading,leading,101.47,101.66,-0.58,-0.62,False,False,2026-10-01 ratio=102.05 momentum=102.28; 2026-10-05 ratio=101.80 momentum=101.92; 2026-10-06 ratio=101.15 momentum=101.29; 2026-10-07 ratio=101.43 momentum=101.96; 2026-10-08 ratio=101.47 momentum=101.66,174.17
stock,Suryoday Small,SURYODAY.NS,Other Bank,Financial Services,1570.34,1.01,75.18,113.1,622.36,25.69,8.18,7.33,,not_stage_2,3,149.05,157.63,1.57,0.0067,"{'price_above_30w_ma': False, '30w_ma_rising': True, 'price_above_10w_ma': False, 'relative_strength_positive': True, 'near_52w_high': True}",leading,improving,101.65,102.14,1.98,-0.59,False,False,2026-10-01 ratio=99.67 momentum=102.74; 2026-10-05 ratio=100.03 momentum=103.62; 2026-10-06 ratio=100.78 momentum=103.74; 2026-10-07 ratio=102.62 momentum=103.57; 2026-10-08 ratio=101.65 momentum=102.14,102.09
stock,Capital Small,CAPITALSFB.NS,Other Bank,Financial Services,1221.66,1.86,41.3,29.02,288.18,16.63,8.11,7.07,,not_stage_2,3,268.95,276.13,1.1,0.0121,"{'price_above_30w_ma': False, '30w_ma_rising': True, 'price_above_10w_ma': False, 'relative_strength_positive': True, 'near_52w_high': True}",leading,leading,100.63,100.11,-0.89,-1.61,False,False,2026-10-01 ratio=101.52 momentum=101.72; 2026-10-05 ratio=101.64 momentum=102.35; 2026-10-06 ratio=98.56 momentum=98.50; 2026-10-07 ratio=100.73 momentum=100.49; 2026-10-08 ratio=100.63 momentum=100.11,85.9
stock,Fino Payments,FINOPB.NS,Other Bank,Financial Services,1154.13,0.0,-13.72,-177.25,72.23,18.43,47.2,4.41,,not_stage_2,3,145.53,139.75,-4.91,0.00655,"{'price_above_30w_ma': True, '30w_ma_rising': False, 'price_above_10w_ma': True, 'relative_strength_positive': True, 'near_52w_high': False}",leading,improving,101.48,103.46,2.45,3.42,True,False,2026-10-01 ratio=99.03 momentum=100.04; 2026-10-05 ratio=98.99 momentum=100.69; 2026-10-06 ratio=98.84 momentum=100.48; 2026-10-07 ratio=99.03 momentum=101.80; 2026-10-08 ratio=101.48 momentum=103.46,114.7
stock,Ramco Inds.,RAMCOIND.NS,Other Construction Materials,Construction Materials,2530.56,0.43,86.59,21.91,613.81,15.48,8.04,4.57,,not_stage_2,2,290.75,306.06,1.19,0.01308,"{'price_above_30w_ma': False, '30w_ma_rising': True, 'price_above_10w_ma': False, 'relative_strength_positive': False, 'near_52w_high': True}",lagging,lagging,98.43,97.41,-0.6,-1.39,False,False,2026-10-01 ratio=99.03 momentum=98.80; 2026-10-05 ratio=98.54 momentum=95.63; 2026-10-06 ratio=98.29 momentum=97.04; 2026-10-07 ratio=98.73 momentum=98.61; 2026-10-08 ratio=98.43 momentum=97.41,42.38
stock,Glass Wall Syst.,GLASSWALL.NS,Other Construction Materials,Construction Materials,2351.39,0.0,16.0,-14.76,101.14,32.49,32.15,64.76,,insufficient_data,0,,,,,{},insufficient_data,insufficient_data,,,,,False,False,,0.0
stock,Arisinfra Solu.,ARIS.NS,Other Construction Materials,Construction Materials,1145.72,0.0,20.04,306.31,290.81,37.12,17.34,15.57,,stage_2,5,136.42,125.17,3.1,0.00614,"{'price_above_30w_ma': True, '30w_ma_rising': True, 'price_above_10w_ma': True, 'relative_strength_positive': True, 'near_52w_high': True}",weakening,leading,101.24,98.75,-0.45,-4.5,False,False,2026-10-01 ratio=101.69 momentum=103.25; 2026-10-05 ratio=101.70 momentum=102.34; 2026-10-06 ratio=101.86 momentum=100.58; 2026-10-07 ratio=101.74 momentum=100.76; 2026-10-08 ratio=101.24 momentum=98.75,137.4
stock,BirlaNu Ltd,BIRLANU.NS,Other Construction Materials,Construction Materials,986.12,1.15,9.4,812.12,1174.02,11.57,,-4.29,,not_stage_2,0,1284.7,1398.52,-0.79,0.05779,"{'price_above_30w_ma': False, '30w_ma_rising': False, 'price_above_10w_ma': False, 'relative_strength_positive': False, 'near_52w_high': False}",lagging,leading,98.97,98.04,-1.38,-3.3,False,False,2026-10-01 ratio=100.35 momentum=101.33; 2026-10-05 ratio=100.07 momentum=100.56; 2026-10-06 ratio=100.22 momentum=101.17; 2026-10-07 ratio=99.20 momentum=98.14; 2026-10-08 ratio=98.97 momentum=98.04,0.0
stock,Everest Inds.,EVERESTIND.NS,Other Construction Materials,Construction Materials,756.9,0.21,102.09,1505.52,435.86,-12.95,,-8.5,,stage_2,4,480.3,415.07,2.11,0.0216,"{'price_above_30w_ma': True, '30w_ma_rising': True, 'price_above_10w_ma': True, 'relative_strength_positive': True, 'near_52w_high': False}",leading,leading,102.27,101.83,0.29,-2.14,False,False,2026-10-01 ratio=101.99 momentum=103.97; 2026-10-05 ratio=101.97 momentum=103.20; 2026-10-06 ratio=103.02 momentum=103.34; 2026-10-07 ratio=102.65 momentum=102.48; 2026-10-08 ratio=102.27 momentum=101.83,149.72
stock,Teamtech Formwork,TEAMTECH.NS,Other Construction Materials,Construction Materials,428.96,0.0,7.33,,31.74,,37.01,41.17,,insufficient_data,0,,,,,{},insufficient_data,insufficient_data,,,,,False,False,,0.0
stock,Sahyadri Industr,SAHYADRI.NS,Other Construction Materials,Construction Materials,358.12,0.76,26.52,146.24,258.58,20.51,7.93,9.72,,not_stage_2,3,338.9,300.15,5.29,0.01524,"{'price_above_30w_ma': True, '30w_ma_rising': True, 'price_above_10w_ma': False, 'relative_strength_positive': False, 'near_52w_high': True}",weakening,weakening,100.25,96.81,-0.63,-2.95,False,False,2026-10-01 ratio=100.88 momentum=99.76; 2026-10-05 ratio=100.97 momentum=99.81; 2026-10-06 ratio=100.57 momentum=97.10; 2026-10-07 ratio=100.57 momentum=98.74; 2026-10-08 ratio=100.25 momentum=96.81,71.83
stock,Vishnusurya Pro.,VISHNUINFR.NS,Other Construction Materials,Construction Materials,350.39,0.74,5.92,116.06,61.87,25.02,8.3,20.15,,not_stage_2,0,141.35,156.73,-1.54,0.00636,"{'price_above_30w_ma': False, '30w_ma_rising': False, 'price_above_10w_ma': False, 'relative_strength_positive': False, 'near_52w_high': False}",lagging,weakening,99.31,99.8,-1.48,0.63,False,False,2026-10-01 ratio=100.78 momentum=99.17; 2026-10-05 ratio=99.10 momentum=99.20; 2026-10-06 ratio=99.64 momentum=98.79; 2026-10-07 ratio=98.66 momentum=98.52; 2026-10-08 ratio=99.31 momentum=99.80,0.0
stock,MCON Rasayan,MCON.NS,Other Construction Materials,Construction Materials,28.83,0.0,1.8,76.47,36.86,26.32,9.48,11.06,,not_stage_2,1,41.0,45.47,-0.96,0.00184,"{'price_above_30w_ma': False, '30w_ma_rising': False, 'price_above_10w_ma': False, 'relative_strength_positive': True, 'near_52w_high': False}",leading,improving,100.53,103.48,0.62,1.55,True,False,2026-10-01 ratio=99.91 momentum=101.93; 2026-10-05 ratio=99.81 momentum=101.91; 2026-10-06 ratio=99.51 momentum=103.84; 2026-10-07 ratio=100.13 momentum=102.34; 2026-10-08 ratio=100.53 momentum=103.48,70.05
stock,SIS,SIS.NS,Other Consumer Services,Consumer Services,5903.14,1.68,101.66,9.37,4603.58,29.73,14.7,13.68,,stage_2,4,411.4,394.53,4.33,0.01851,"{'price_above_30w_ma': True, '30w_ma_rising': True, 'price_above_10w_ma': False, 'relative_strength_positive': True, 'near_52w_high': True}",leading,leading,101.66,101.42,0.15,0.4,False,False,2026-10-01 ratio=101.51 momentum=101.02; 2026-10-05 ratio=101.44 momentum=100.01; 2026-10-06 ratio=101.24 momentum=100.96; 2026-10-07 ratio=101.20 momentum=100.25; 2026-10-08 ratio=101.66 momentum=101.42,149.06
stock,E Factor Experie,EFACTOR.NS,Other Consumer Services,Consumer Services,262.63,0.6,14.61,-26.66,138.84,-9.5,13.34,24.71,,not_stage_2,3,197.55,190.38,-3.06,0.00889,"{'price_above_30w_ma': True, '30w_ma_rising': False, 'price_above_10w_ma': True, 'relative_strength_positive': True, 'near_52w_high': False}",leading,leading,102.15,104.6,0.78,2.73,False,False,2026-10-01 ratio=101.37 momentum=101.88; 2026-10-05 ratio=100.43 momentum=100.89; 2026-10-06 ratio=100.90 momentum=101.41; 2026-10-07 ratio=101.82 momentum=102.93; 2026-10-08 ratio=102.15 momentum=104.60,113.75
stock,Party Cruisers,PARTYCRUS.NS,Other Consumer Services,Consumer Services,139.83,0.0,10.04,62.85,111.27,32.28,11.18,34.5,,stage_2,5,96.35,91.29,2.41,0.00433,"{'price_above_30w_ma': True, '30w_ma_rising': True, 'price_above_10w_ma': True, 'relative_strength_positive': True, 'near_52w_high': True}",weakening,weakening,101.51,98.04,-0.35,0.13,False,False,2026-10-01 ratio=101.86 momentum=97.90; 2026-10-05 ratio=101.60 momentum=95.57; 2026-10-06 ratio=101.19 momentum=96.29; 2026-10-07 ratio=101.37 momentum=97.80; 2026-10-08 ratio=101.51 momentum=98.04,137.37
stock,Touchwood Enter.,TOUCHWOOD.NS,Other Consumer Services,Consumer Services,66.13,0.0,0.38,-70.77,3.96,-76.57,19.92,13.52,,not_stage_2,1,58.54,67.64,-3.15,0.00263,"{'price_above_30w_ma': False, '30w_ma_rising': False, 'price_above_10w_ma': False, 'relative_strength_positive': True, 'near_52w_high': False}",leading,lagging,100.17,100.98,1.13,3.2,True,False,2026-10-01 ratio=99.04 momentum=97.79; 2026-10-05 ratio=99.60 momentum=100.38; 2026-10-06 ratio=99.55 momentum=99.34; 2026-10-07 ratio=100.19 momentum=101.05; 2026-10-08 ratio=100.17 momentum=100.98,55.75
stock,Blue Pebble,BLUEPEBBLE.NS,Other Consumer Services,Consumer Services,27.34,0.0,-0.26,,11.14,,55.8,2.42,,not_stage_2,0,67.0,90.41,-7.35,0.00301,"{'price_above_30w_ma': False, '30w_ma_rising': False, 'price_above_10w_ma': False, 'relative_strength_positive': False, 'near_52w_high': False}",weakening,lagging,100.03,97.24,0.28,-0.12,False,False,2026-10-01 ratio=99.75 momentum=97.36; 2026-10-05 ratio=99.67 momentum=96.74; 2026-10-06 ratio=99.56 momentum=95.73; 2026-10-07 ratio=99.83 momentum=96.87; 2026-10-08 ratio=100.03 momentum=97.24,0.15
stock,Thinking Hats,THESL.NS,Other Consumer Services,Consumer Services,17.55,0.0,0.51,-80.08,15.16,-61.15,14.04,6.09,,insufficient_data,0,,,,,{},insufficient_data,insufficient_data,,,,,False,False,,0.0
stock,HBL Engineering,HBLENGINE.NS,Other Industrial Products,Capital Goods,19915.22,0.42,109.14,-25.07,638.03,6.03,24.85,59.3,,not_stage_2,2,725.15,750.83,1.49,0.03262,"{'price_above_30w_ma': False, '30w_ma_rising': True, 'price_above_10w_ma': False, 'relative_strength_positive': True, 'near_52w_high': False}",weakening,weakening,100.93,98.28,-1.17,-1.06,False,False,2026-10-01 ratio=102.09 momentum=99.34; 2026-10-05 ratio=101.61 momentum=98.40; 2026-10-06 ratio=101.42 momentum=99.08; 2026-10-07 ratio=101.43 momentum=98.25; 2026-10-08 ratio=100.93 momentum=98.28,47.63
stock,Inox India,INOXINDIA.NS,Other Industrial Products,Capital Goods,18669.6,0.1,58.07,-4.99,370.79,9.18,72.6,33.48,,stage_2,4,2039.3,1769.09,7.82,0.09173,"{'price_above_30w_ma': True, '30w_ma_rising': True, 'price_above_10w_ma': False, 'relative_strength_positive': True, 'near_52w_high': True}",weakening,leading,100.87,98.18,-0.94,-6.07,False,False,2026-10-01 ratio=101.81 momentum=104.26; 2026-10-05 ratio=101.12 momentum=100.02; 2026-10-06 ratio=100.86 momentum=99.70; 2026-10-07 ratio=100.97 momentum=98.94; 2026-10-08 ratio=100.87 momentum=98.18,124.99
stock,KRN Heat Exchan,KRN.NS,Other Industrial Products,Capital Goods,9059.11,0.0,32.9,164.9,252.32,118.88,93.45,15.98,,stage_2,4,1414.5,1257.64,5.59,0.06363,"{'price_above_30w_ma': True, '30w_ma_rising': True, 'price_above_10w_ma': False, 'relative_strength_positive': True, 'near_52w_high': True}",leading,leading,100.54,101.12,-0.04,-0.23,False,False,2026-10-01 ratio=100.58 momentum=101.36; 2026-10-05 ratio=100.35 momentum=98.24; 2026-10-06 ratio=100.70 momentum=101.73; 2026-10-07 ratio=100.89 momentum=102.16; 2026-10-08 ratio=100.54 momentum=101.12,144.48
stock,Esab India,ESABINDIA.NS,Other Industrial Products,Capital Goods,8304.23,1.39,56.14,37.13,421.12,19.63,40.12,64.68,,not_stage_2,2,5360.5,5873.45,0.15,0.24112,"{'price_above_30w_ma': False, '30w_ma_rising': True, 'price_above_10w_ma': False, 'relative_strength_positive': False, 'near_52w_high': True}",improving,leading,99.53,100.2,-0.52,-1.15,False,False,2026-10-01 ratio=100.05 momentum=101.36; 2026-10-05 ratio=99.96 momentum=101.08; 2026-10-06 ratio=100.12 momentum=103.29; 2026-10-07 ratio=100.37 momentum=101.91; 2026-10-08 ratio=99.53 momentum=100.20,41.3
stock,Subros,SUBROS.NS,Other Industrial Products,Capital Goods,4407.21,0.44,41.52,1.69,1032.11,17.52,25.64,19.16,,not_stage_2,0,664.5,747.51,-0.84,0.02989,"{'price_above_30w_ma': False, '30w_ma_rising': False, 'price_above_10w_ma': False, 'relative_strength_positive': False, 'near_52w_high': False}",lagging,improving,99.21,97.81,-0.38,-6.88,False,False,2026-10-01 ratio=99.59 momentum=104.69; 2026-10-05 ratio=99.17 momentum=98.33; 2026-10-06 ratio=99.22 momentum=99.34; 2026-10-07 ratio=99.17 momentum=98.41; 2026-10-08 ratio=99.21 momentum=97.81,0.0
stock,Harsha Engg Intl,HARSHA.NS,Other Industrial Products,Capital Goods,4026.88,0.34,37.38,-1.45,457.43,25.22,26.04,13.0,,stage_2,4,442.4,410.67,2.99,0.0199,"{'price_above_30w_ma': True, '30w_ma_rising': True, 'price_above_10w_ma': False, 'relative_strength_positive': True, 'near_52w_high': True}",weakening,leading,101.01,97.63,-1.22,-6.53,False,False,2026-10-01 ratio=102.23 momentum=104.16; 2026-10-05 ratio=101.63 momentum=101.99; 2026-10-06 ratio=101.49 momentum=96.38; 2026-10-07 ratio=101.41 momentum=97.31; 2026-10-08 ratio=101.01 momentum=97.63,116.03
stock,Ador Welding,ADOR.NS,Other Industrial Products,Capital Goods,2573.45,1.55,27.35,890.46,308.63,23.19,21.49,22.71,,not_stage_2,3,1486.1,1284.8,6.0,0.06685,"{'price_above_30w_ma': True, '30w_ma_rising': True, 'price_above_10w_ma': False, 'relative_strength_positive': False, 'near_52w_high': True}",weakening,leading,100.14,98.49,-0.91,-2.65,False,False,2026-10-01 ratio=101.04 momentum=101.14; 2026-10-05 ratio=100.26 momentum=97.98; 2026-10-06 ratio=100.33 momentum=98.98; 2026-10-07 ratio=100.63 momentum=99.26; 2026-10-08 ratio=100.14 momentum=98.49,72.7
stock,Diffusion Eng,DIFFNKG.NS,Other Industrial Products,Capital Goods,1602.97,0.35,16.68,36.26,110.11,36.49,29.0,15.78,,stage_2,4,427.25,367.86,7.16,0.01922,"{'price_above_30w_ma': True, '30w_ma_rising': True, 'price_above_10w_ma': False, 'relative_strength_positive': True, 'near_52w_high': True}",weakening,leading,100.77,99.47,-1.17,-3.02,False,False,2026-10-01 ratio=101.93 momentum=102.48; 2026-10-05 ratio=101.41 momentum=100.23; 2026-10-06 ratio=101.31 momentum=100.35; 2026-10-07 ratio=101.31 momentum=100.58; 2026-10-08 ratio=100.77 momentum=99.47,123.17
stock,Sahasra Electro.,SAHASRA.NS,Other Industrial Products,Capital Goods,1182.53,0.21,6.31,384.57,78.12,57.66,83.34,6.04,,insufficient_data,0,,,,,{},insufficient_data,insufficient_data,,,,,False,False,,0.0
stock,MIC Electronics,MICEL.NS,Other Industrial Products,Capital Goods,1019.89,0.0,2.13,27.54,43.72,276.57,,8.67,,not_stage_2,0,33.7,39.03,-0.55,0.00152,"{'price_above_30w_ma': False, '30w_ma_rising': False, 'price_above_10w_ma': False, 'relative_strength_positive': False, 'near_52w_high': False}",improving,leading,99.76,100.93,-1.58,-1.23,False,False,2026-10-01 ratio=101.34 momentum=102.16; 2026-10-05 ratio=100.60 momentum=102.30; 2026-10-06 ratio=99.81 momentum=101.98; 2026-10-07 ratio=99.65 momentum=101.24; 2026-10-08 ratio=99.76 momentum=100.93,4.65
stock,Maruti Suzuki,MARUTI.NS,Passenger Cars & Utility Vehicles,Automobile and Auto Components,359233.31,1.23,3446.9,-9.11,52469.8,35.91,25.06,18.87,,not_stage_2,0,11228.0,13138.3,-2.43,0.50504,"{'price_above_30w_ma': False, '30w_ma_rising': False, 'price_above_10w_ma': False, 'relative_strength_positive': False, 'near_52w_high': False}",improving,lagging,98.27,100.37,0.26,0.72,False,True,2026-10-01 ratio=98.01 momentum=99.65; 2026-10-05 ratio=98.27 momentum=102.12; 2026-10-06 ratio=98.32 momentum=101.94; 2026-10-07 ratio=98.25 momentum=100.49; 2026-10-08 ratio=98.27 momentum=100.37,1.85
stock,M & M,M&M.NS,Passenger Cars & Utility Vehicles,Automobile and Auto Components,345355.58,1.18,5997.56,33.8,58187.57,27.8,18.01,15.1,,not_stage_2,0,2751.2,3143.1,-1.44,0.12375,"{'price_above_30w_ma': False, '30w_ma_rising': False, 'price_above_10w_ma': False, 'relative_strength_positive': False, 'near_52w_high': False}",lagging,lagging,97.87,98.49,-0.25,3.09,False,False,2026-10-01 ratio=98.11 momentum=95.41; 2026-10-05 ratio=98.03 momentum=97.24; 2026-10-06 ratio=97.87 momentum=97.44; 2026-10-07 ratio=97.74 momentum=97.40; 2026-10-08 ratio=97.87 momentum=98.49,0.0
stock,Hyundai Motor I,HYUNDAI.NS,Passenger Cars & Utility Vehicles,Automobile and Auto Components,157785.4,1.08,888.62,-35.1,16334.63,-0.48,31.87,38.4,,not_stage_2,1,1915.0,1990.28,-0.51,0.08614,"{'price_above_30w_ma': False, '30w_ma_rising': False, 'price_above_10w_ma': False, 'relative_strength_positive': False, 'near_52w_high': True}",lagging,lagging,98.18,97.8,-1.82,0.1,False,False,2026-10-01 ratio=100.00 momentum=97.71; 2026-10-05 ratio=99.41 momentum=94.68; 2026-10-06 ratio=98.84 momentum=96.44; 2026-10-07 ratio=98.25 momentum=97.19; 2026-10-08 ratio=98.18 momentum=97.80,20.0
stock,Tata Motors PVeh,TMPV.NS,Passenger Cars & Utility Vehicles,Automobile and Auto Components,102992.64,1.07,859.0,-69.83,95799.0,9.26,103.36,2.73,,not_stage_2,0,273.0,334.81,-2.7,0.01228,"{'price_above_30w_ma': False, '30w_ma_rising': False, 'price_above_10w_ma': False, 'relative_strength_positive': False, 'near_52w_high': False}",lagging,lagging,98.38,98.99,-0.09,4.51,False,False,2026-10-01 ratio=98.47 momentum=94.48; 2026-10-05 ratio=99.13 momentum=100.60; 2026-10-06 ratio=98.72 momentum=100.01; 2026-10-07 ratio=98.73 momentum=100.01; 2026-10-08 ratio=98.38 momentum=98.99,0.0
stock,Force Motors,FORCEMOT.NS,Passenger Cars & Utility Vehicles,Automobile and Auto Components,22263.49,0.3,216.59,22.82,2440.01,6.21,20.24,36.05,,not_stage_2,1,16700.0,18947.87,-3.73,0.75118,"{'price_above_30w_ma': False, '30w_ma_rising': False, 'price_above_10w_ma': False, 'relative_strength_positive': True, 'near_52w_high': False}",leading,weakening,100.5,102.07,0.04,3.89,True,False,2026-10-01 ratio=100.45 momentum=98.18; 2026-10-05 ratio=99.70 momentum=97.92; 2026-10-06 ratio=100.56 momentum=100.74; 2026-10-07 ratio=100.46 momentum=101.63; 2026-10-08 ratio=100.50 momentum=102.07,62.85
stock,Olectra Greentec,OLECTRA.NS,Passenger Cars & Utility Vehicles,Automobile and Auto Components,8571.68,0.06,26.66,-0.31,575.51,65.75,48.31,21.05,,not_stage_2,1,1041.5,1260.11,2.01,0.04685,"{'price_above_30w_ma': False, '30w_ma_rising': True, 'price_above_10w_ma': False, 'relative_strength_positive': False, 'near_52w_high': False}",lagging,lagging,97.61,96.49,-0.21,-2.71,False,False,2026-10-01 ratio=97.83 momentum=99.20; 2026-10-05 ratio=97.53 momentum=98.68; 2026-10-06 ratio=97.94 momentum=99.09; 2026-10-07 ratio=97.88 momentum=98.65; 2026-10-08 ratio=97.61 momentum=96.49,24.02
stock,Mercury EV-Tech,MERCURYEV.NS,Passenger Cars & Utility Vehicles,Automobile and Auto Components,702.52,0.0,1.65,29.92,33.38,47.9,154.06,2.64,,insufficient_data,0,,,,,{},weakening,weakening,100.49,98.7,-0.21,4.06,False,False,2026-10-01 ratio=100.70 momentum=94.65; 2026-10-05 ratio=100.49 momentum=96.38; 2026-10-06 ratio=100.39 momentum=96.95; 2026-10-07 ratio=100.83 momentum=97.80; 2026-10-08 ratio=100.49 momentum=98.70,2.45
stock,Supreme Inds.,SUPREMEIND.NS,Plastic Products - Industrial,Capital Goods,43936.24,1.04,280.72,38.76,2717.66,4.16,42.56,20.73,,not_stage_2,2,3462.0,3544.1,-1.62,0.15572,"{'price_above_30w_ma': False, '30w_ma_rising': False, 'price_above_10w_ma': False, 'relative_strength_positive': True, 'near_52w_high': True}",leading,leading,101.89,101.99,0.86,-0.66,False,False,2026-10-01 ratio=101.03 momentum=102.65; 2026-10-05 ratio=100.97 momentum=97.07; 2026-10-06 ratio=101.60 momentum=101.16; 2026-10-07 ratio=102.30 momentum=103.21; 2026-10-08 ratio=101.89 momentum=101.99,79.4
stock,Astral,ASTRAL.NS,Plastic Products - Industrial,Capital Goods,37874.3,0.28,120.2,48.21,1578.0,15.93,63.93,19.22,,not_stage_2,2,1408.5,1499.57,-2.23,0.06336,"{'price_above_30w_ma': False, '30w_ma_rising': False, 'price_above_10w_ma': False, 'relative_strength_positive': True, 'near_52w_high': True}",leading,lagging,101.06,102.9,1.75,5.02,True,False,2026-10-01 ratio=99.31 momentum=97.88; 2026-10-05 ratio=99.54 momentum=95.74; 2026-10-06 ratio=100.17 momentum=102.26; 2026-10-07 ratio=100.99 momentum=103.63; 2026-10-08 ratio=101.06 momentum=102.90,89.8
stock,Garware Hi Tech,GRWRHITECH.NS,Plastic Products - Industrial,Capital Goods,16246.09,0.17,132.65,59.78,633.08,27.9,41.89,18.08,,stage_2,4,6929.0,5955.29,6.52,0.31167,"{'price_above_30w_ma': True, '30w_ma_rising': True, 'price_above_10w_ma': False, 'relative_strength_positive': True, 'near_52w_high': True}",leading,leading,102.02,102.65,-0.03,0.46,False,False,2026-10-01 ratio=102.05 momentum=102.19; 2026-10-05 ratio=100.72 momentum=100.70; 2026-10-06 ratio=102.21 momentum=102.55; 2026-10-07 ratio=101.43 momentum=102.59; 2026-10-08 ratio=102.02 momentum=102.65,161.39
stock,Finolex Inds.,FINPIPE.NS,Plastic Products - Industrial,Capital Goods,9389.16,1.32,114.52,16.67,883.58,-15.3,15.26,11.83,,not_stage_2,2,149.76,165.91,-2.7,0.00674,"{'price_above_30w_ma': False, '30w_ma_rising': False, 'price_above_10w_ma': False, 'relative_strength_positive': True, 'near_52w_high': True}",leading,leading,100.95,102.66,0.35,0.89,False,False,2026-10-01 ratio=100.60 momentum=101.78; 2026-10-05 ratio=99.68 momentum=100.40; 2026-10-06 ratio=101.52 momentum=104.40; 2026-10-07 ratio=101.70 momentum=103.62; 2026-10-08 ratio=100.95 momentum=102.66,78.05
stock,Kingfa Science,KINGFA.NS,Plastic Products - Industrial,Capital Goods,8940.29,0.3,80.21,101.58,688.57,49.06,39.62,23.2,,stage_2,5,6804.0,5315.94,5.79,0.30605,"{'price_above_30w_ma': True, '30w_ma_rising': True, 'price_above_10w_ma': True, 'relative_strength_positive': True, 'near_52w_high': True}",leading,leading,102.17,102.42,-0.08,-0.58,False,False,2026-10-01 ratio=102.25 momentum=103.00; 2026-10-05 ratio=102.20 momentum=104.04; 2026-10-06 ratio=102.39 momentum=103.44; 2026-10-07 ratio=102.33 momentum=102.65; 2026-10-08 ratio=102.17 momentum=102.42,179.53
stock,Time Technoplast,TIMETECHNO.NS,Plastic Products - Industrial,Capital Goods,8731.01,0.85,117.86,22.21,1692.71,25.14,17.82,16.52,,not_stage_2,3,179.68,183.76,0.04,0.00808,"{'price_above_30w_ma': False, '30w_ma_rising': True, 'price_above_10w_ma': False, 'relative_strength_positive': True, 'near_52w_high': True}",leading,improving,100.3,103.22,0.33,0.13,True,False,2026-10-01 ratio=99.96 momentum=103.10; 2026-10-05 ratio=99.74 momentum=101.81; 2026-10-06 ratio=100.08 momentum=102.69; 2026-10-07 ratio=100.36 momentum=103.12; 2026-10-08 ratio=100.30 momentum=103.22,107.68
stock,Prince Pipes,PRINCEPIPE.NS,Plastic Products - Industrial,Capital Goods,2754.07,0.4,33.75,600.21,609.42,5.0,26.44,6.03,,not_stage_2,2,249.25,263.51,0.41,0.01121,"{'price_above_30w_ma': False, '30w_ma_rising': True, 'price_above_10w_ma': False, 'relative_strength_positive': False, 'near_52w_high': True}",lagging,lagging,99.37,98.6,0.36,-0.17,False,False,2026-10-01 ratio=99.01 momentum=98.77; 2026-10-05 ratio=98.90 momentum=95.72; 2026-10-06 ratio=99.70 momentum=99.46; 2026-10-07 ratio=99.73 momentum=99.52; 2026-10-08 ratio=99.37 momentum=98.60,40.82
stock,Apollo Pipes,APOLLOPIPE.NS,Plastic Products - Industrial,Capital Goods,2266.78,0.14,-11.12,-205.28,295.43,7.43,,1.23,,not_stage_2,3,506.9,501.84,4.34,0.0228,"{'price_above_30w_ma': True, '30w_ma_rising': True, 'price_above_10w_ma': False, 'relative_strength_positive': False, 'near_52w_high': True}",improving,lagging,99.78,100.07,-0.15,0.36,False,False,2026-10-01 ratio=99.93 momentum=99.71; 2026-10-05 ratio=100.24 momentum=99.81; 2026-10-06 ratio=100.08 momentum=99.60; 2026-10-07 ratio=100.18 momentum=101.43; 2026-10-08 ratio=99.78 momentum=100.07,69.03
stock,Jain Irrigation,JISLJALEQS.NS,Plastic Products - Industrial,Capital Goods,1928.03,0.0,-17.8,-207.18,1508.37,-2.41,,5.3,,not_stage_2,0,27.02,30.76,-2.57,0.00122,"{'price_above_30w_ma': False, '30w_ma_rising': False, 'price_above_10w_ma': False, 'relative_strength_positive': False, 'near_52w_high': False}",lagging,lagging,99.91,99.66,0.04,2.05,False,False,2026-10-01 ratio=99.87 momentum=97.62; 2026-10-05 ratio=99.43 momentum=96.73; 2026-10-06 ratio=99.17 momentum=95.27; 2026-10-07 ratio=100.24 momentum=100.16; 2026-10-08 ratio=99.91 momentum=99.66,0.0
stock,Jai Corp,JAICORPLTD.NS,Plastic Products - Industrial,Capital Goods,1509.87,0.58,28.2,-72.91,157.58,20.06,15.98,11.75,,not_stage_2,0,86.52,105.84,-1.81,0.00389,"{'price_above_30w_ma': False, '30w_ma_rising': False, 'price_above_10w_ma': False, 'relative_strength_positive': False, 'near_52w_high': False}",lagging,lagging,97.38,96.64,-0.64,-2.1,False,False,2026-10-01 ratio=98.02 momentum=98.74; 2026-10-05 ratio=97.33 momentum=97.46; 2026-10-06 ratio=97.92 momentum=98.41; 2026-10-07 ratio=98.72 momentum=100.00; 2026-10-08 ratio=97.38 momentum=96.64,0.0
stock,Knowledge Realty,KRT.NS,Real Estate Investment Trusts (REITs),Realty,49846.97,1.51,250.8,,1243.06,,79.48,5.22,,insufficient_data,0,,,,,{},insufficient_data,insufficient_data,,,,,False,False,,0.0
stock,Embassy Off.REIT,EMBASSY.NS,Real Estate Investment Trusts (REITs),Realty,40823.92,0.05,195.22,25.81,1240.81,17.08,166.42,5.61,,not_stage_2,3,431.27,434.61,0.17,0.0194,"{'price_above_30w_ma': False, '30w_ma_rising': True, 'price_above_10w_ma': False, 'relative_strength_positive': True, 'near_52w_high': True}",leading,weakening,101.98,102.76,0.29,3.28,True,False,2026-10-01 ratio=101.69 momentum=99.48; 2026-10-05 ratio=101.23 momentum=98.53; 2026-10-06 ratio=101.18 momentum=99.58; 2026-10-07 ratio=101.81 momentum=100.16; 2026-10-08 ratio=101.98 momentum=102.76,114.04
stock,Bagmane Prime REIT,BAGMANE.NS,Real Estate Investment Trusts (REITs),Realty,36097.88,1.41,58.51,-77.18,437.01,-29.88,,0.0,,insufficient_data,0,,,,,{},insufficient_data,insufficient_data,,,,,False,False,,0.0
stock,Mindspace Busine,MINDSPACE.NS,Real Estate Investment Trusts (REITs),Realty,32672.63,2.39,271.81,67.1,946.44,27.85,41.92,7.64,,stage_2,4,490.99,479.23,0.95,0.02209,"{'price_above_30w_ma': True, '30w_ma_rising': True, 'price_above_10w_ma': False, 'relative_strength_positive': True, 'near_52w_high': True}",weakening,weakening,101.64,99.87,-0.56,0.59,False,False,2026-10-01 ratio=102.20 momentum=99.28; 2026-10-05 ratio=101.83 momentum=96.91; 2026-10-06 ratio=101.38 momentum=97.43; 2026-10-07 ratio=101.36 momentum=97.80; 2026-10-08 ratio=101.64 momentum=99.87,115.1
stock,Brookfield India,BIRET.NS,Real Estate Investment Trusts (REITs),Realty,27027.79,2.03,221.34,44.36,973.83,51.78,50.38,5.36,,not_stage_2,2,323.16,331.32,-0.74,0.01454,"{'price_above_30w_ma': False, '30w_ma_rising': False, 'price_above_10w_ma': False, 'relative_strength_positive': True, 'near_52w_high': True}",weakening,weakening,100.85,99.34,-0.96,0.17,False,False,2026-10-01 ratio=101.81 momentum=99.17; 2026-10-05 ratio=101.86 momentum=100.30; 2026-10-06 ratio=100.70 momentum=98.36; 2026-10-07 ratio=101.06 momentum=98.82; 2026-10-08 ratio=100.85 momentum=99.34,44.25
stock,Nexus Select,NXST.NS,Real Estate Investment Trusts (REITs),Realty,24950.55,1.48,156.52,30.89,680.53,10.91,56.65,5.83,,stage_2,4,164.82,160.87,0.6,0.00741,"{'price_above_30w_ma': True, '30w_ma_rising': True, 'price_above_10w_ma': False, 'relative_strength_positive': True, 'near_52w_high': True}",leading,leading,102.18,102.51,-0.29,1.34,False,False,2026-10-01 ratio=102.47 momentum=101.17; 2026-10-05 ratio=101.90 momentum=100.55; 2026-10-06 ratio=101.35 momentum=100.05; 2026-10-07 ratio=101.57 momentum=100.01; 2026-10-08 ratio=102.18 momentum=102.51,149.65
stock,Apcotex Industri,APCOTEXIND.NS,Rubber,Capital Goods,3001.32,1.38,78.94,312.0,525.63,39.88,18.64,19.8,,stage_2,4,576.9,517.3,6.29,0.02595,"{'price_above_30w_ma': True, '30w_ma_rising': True, 'price_above_10w_ma': False, 'relative_strength_positive': True, 'near_52w_high': True}",weakening,leading,100.21,98.78,-0.78,-3.51,False,False,2026-10-01 ratio=100.99 momentum=102.29; 2026-10-05 ratio=100.45 momentum=99.06; 2026-10-06 ratio=101.44 momentum=102.52; 2026-10-07 ratio=100.61 momentum=99.60; 2026-10-08 ratio=100.21 momentum=98.78,118.63
stock,Pix Transmission,PIXTRANS.NS,Rubber,Capital Goods,2395.14,0.51,52.75,89.34,149.25,22.8,18.18,21.73,,stage_2,4,1755.1,1664.5,2.48,0.07895,"{'price_above_30w_ma': True, '30w_ma_rising': True, 'price_above_10w_ma': False, 'relative_strength_positive': True, 'near_52w_high': True}",leading,leading,101.16,101.63,-0.82,-2.01,False,False,2026-10-01 ratio=101.98 momentum=103.64; 2026-10-05 ratio=102.05 momentum=102.76; 2026-10-06 ratio=101.24 momentum=102.06; 2026-10-07 ratio=101.27 momentum=102.04; 2026-10-08 ratio=101.16 momentum=101.63,143.91
stock,Tinna Rubber,TINNARUBR.NS,Rubber,Capital Goods,1595.84,0.37,20.57,75.21,156.18,19.89,25.87,22.46,,not_stage_2,2,879.6,881.82,4.18,0.03956,"{'price_above_30w_ma': False, '30w_ma_rising': True, 'price_above_10w_ma': False, 'relative_strength_positive': False, 'near_52w_high': True}",lagging,lagging,97.56,95.64,-1.29,-2.57,False,False,2026-10-01 ratio=98.85 momentum=98.21; 2026-10-05 ratio=98.51 momentum=96.88; 2026-10-06 ratio=98.86 momentum=96.46; 2026-10-07 ratio=98.50 momentum=96.14; 2026-10-08 ratio=97.56 momentum=95.64,48.36
stock,GRP,GRPLTD.NS,Rubber,Capital Goods,953.8,0.19,4.2,140.0,156.83,26.73,139.24,6.94,,not_stage_2,2,1728.7,1905.97,0.78,0.07776,"{'price_above_30w_ma': False, '30w_ma_rising': True, 'price_above_10w_ma': False, 'relative_strength_positive': False, 'near_52w_high': True}",lagging,weakening,97.4,96.91,-3.12,-2.0,False,False,2026-10-01 ratio=100.52 momentum=98.91; 2026-10-05 ratio=99.67 momentum=96.84; 2026-10-06 ratio=98.93 momentum=97.29; 2026-10-07 ratio=99.15 momentum=97.51; 2026-10-08 ratio=97.40 momentum=96.91,41.56
stock,Rubfila Intl.,RUBFILA.NS,Rubber,Capital Goods,337.36,3.23,6.0,0.67,110.17,-10.71,12.81,12.59,,not_stage_2,2,63.72,70.15,-0.16,0.00287,"{'price_above_30w_ma': False, '30w_ma_rising': False, 'price_above_10w_ma': False, 'relative_strength_positive': True, 'near_52w_high': True}",leading,improving,100.22,101.77,0.69,1.13,True,False,2026-10-01 ratio=99.53 momentum=100.64; 2026-10-05 ratio=99.35 momentum=99.03; 2026-10-06 ratio=99.27 momentum=98.21; 2026-10-07 ratio=100.24 momentum=101.13; 2026-10-08 ratio=100.22 momentum=101.77,79.95
stock,Gayatri Rubbers,GRCL.NS,Rubber,Capital Goods,327.04,0.0,2.95,86.71,24.48,33.99,58.5,37.86,,stage_2,4,550.0,519.6,4.78,0.02474,"{'price_above_30w_ma': True, '30w_ma_rising': True, 'price_above_10w_ma': False, 'relative_strength_positive': True, 'near_52w_high': True}",leading,leading,100.81,104.23,-0.54,2.51,False,False,2026-10-01 ratio=101.36 momentum=101.72; 2026-10-05 ratio=101.19 momentum=101.41; 2026-10-06 ratio=101.01 momentum=100.33; 2026-10-07 ratio=101.11 momentum=101.30; 2026-10-08 ratio=100.81 momentum=104.23,159.76
stock,Harri. Malayalam,HARRMALAYA.NS,Rubber,Capital Goods,320.15,0.0,3.93,-34.06,124.92,7.26,11.81,11.77,,not_stage_2,0,169.2,200.23,-0.42,0.00761,"{'price_above_30w_ma': False, '30w_ma_rising': False, 'price_above_10w_ma': False, 'relative_strength_positive': False, 'near_52w_high': False}",improving,improving,98.94,101.2,-0.62,-1.16,False,False,2026-10-01 ratio=99.55 momentum=102.35; 2026-10-05 ratio=98.94 momentum=101.34; 2026-10-06 ratio=99.01 momentum=101.51; 2026-10-07 ratio=99.06 momentum=101.67; 2026-10-08 ratio=98.94 momentum=101.20,6.0
stock,Elgi Rubber Co,ELGIRUBCO.NS,Rubber,Capital Goods,269.54,0.0,40.85,293.38,70.09,-18.1,,-12.92,,not_stage_2,3,54.24,52.67,3.83,0.00244,"{'price_above_30w_ma': True, '30w_ma_rising': True, 'price_above_10w_ma': False, 'relative_strength_positive': False, 'near_52w_high': True}",lagging,lagging,99.78,98.93,1.55,1.7,False,False,2026-10-01 ratio=98.23 momentum=97.23; 2026-10-05 ratio=98.22 momentum=96.68; 2026-10-06 ratio=100.07 momentum=98.94; 2026-10-07 ratio=101.16 momentum=99.94; 2026-10-08 ratio=99.78 momentum=98.93,67.66
stock,Sampann Utpadan,SAMPANN.NS,Rubber,Capital Goods,122.16,0.0,2.05,12.02,41.7,27.6,17.45,8.3,,not_stage_2,0,23.78,27.06,-2.54,0.00107,"{'price_above_30w_ma': False, '30w_ma_rising': False, 'price_above_10w_ma': False, 'relative_strength_positive': False, 'near_52w_high': False}",leading,improving,100.08,104.22,0.18,1.79,True,False,2026-10-01 ratio=99.91 momentum=102.43; 2026-10-05 ratio=99.64 momentum=100.96; 2026-10-06 ratio=99.48 momentum=102.38; 2026-10-07 ratio=99.72 momentum=103.18; 2026-10-08 ratio=100.08 momentum=104.22,51.5
stock,Lead Reclaim,LRRPL.NS,Rubber,Capital Goods,88.59,0.0,3.1,219.59,17.92,-18.25,21.55,21.34,,stage_2,5,92.8,85.87,5.43,0.00417,"{'price_above_30w_ma': True, '30w_ma_rising': True, 'price_above_10w_ma': True, 'relative_strength_positive': True, 'near_52w_high': True}",weakening,leading,100.96,98.59,-2.49,-3.99,False,False,2026-10-01 ratio=103.45 momentum=102.58; 2026-10-05 ratio=102.58 momentum=101.89; 2026-10-06 ratio=101.70 momentum=99.29; 2026-10-07 ratio=101.15 momentum=99.72; 2026-10-08 ratio=100.96 momentum=98.59,140.66
stock,KIOCL,KIOCL.NS,Sponge Iron,Metals & Mining,21840.45,0.0,-15.48,59.04,158.01,73.75,561.74,1.35,,not_stage_2,3,350.55,375.71,0.54,0.01577,"{'price_above_30w_ma': False, '30w_ma_rising': True, 'price_above_10w_ma': False, 'relative_strength_positive': True, 'near_52w_high': True}",leading,improving,100.53,102.22,2.05,0.31,True,False,2026-10-01 ratio=98.48 momentum=101.91; 2026-10-05 ratio=98.30 momentum=100.24; 2026-10-06 ratio=99.57 momentum=103.79; 2026-10-07 ratio=100.06 momentum=102.98; 2026-10-08 ratio=100.53 momentum=102.22,104.83
stock,S.A.L Steel,SALSTEEL.NS,Sponge Iron,Metals & Mining,1229.3,0.0,3.09,131.95,87.37,-31.57,,1.08,,stage_2,5,88.93,62.77,10.82,0.004,"{'price_above_30w_ma': True, '30w_ma_rising': True, 'price_above_10w_ma': True, 'relative_strength_positive': True, 'near_52w_high': True}",weakening,leading,101.34,99.41,-0.97,-3.15,False,False,2026-10-01 ratio=102.31 momentum=102.57; 2026-10-05 ratio=101.79 momentum=100.49; 2026-10-06 ratio=101.32 momentum=99.54; 2026-10-07 ratio=101.09 momentum=99.40; 2026-10-08 ratio=101.34 momentum=99.41,153.34
stock,Vraj Iron,VRAJ.NS,Sponge Iron,Metals & Mining,397.28,0.0,11.51,51.65,193.83,40.14,11.06,10.49,,not_stage_2,3,119.85,122.71,0.25,0.00539,"{'price_above_30w_ma': False, '30w_ma_rising': True, 'price_above_10w_ma': False, 'relative_strength_positive': True, 'near_52w_high': True}",leading,leading,100.99,100.35,-0.2,-2.21,False,False,2026-10-01 ratio=101.19 momentum=102.56; 2026-10-05 ratio=101.14 momentum=100.44; 2026-10-06 ratio=100.73 momentum=98.83; 2026-10-07 ratio=101.02 momentum=101.46; 2026-10-08 ratio=100.99 momentum=100.35,87.2
stock,Chaman Metallics,CMNL.NS,Sponge Iron,Metals & Mining,275.14,0.0,-1.62,-78.12,344.75,326.41,,5.37,,stage_2,4,119.35,111.2,1.76,0.00537,"{'price_above_30w_ma': True, '30w_ma_rising': True, 'price_above_10w_ma': True, 'relative_strength_positive': True, 'near_52w_high': False}",leading,leading,101.66,102.69,-0.02,1.53,False,False,2026-10-01 ratio=101.68 momentum=101.17; 2026-10-05 ratio=101.20 momentum=101.27; 2026-10-06 ratio=101.49 momentum=102.63; 2026-10-07 ratio=101.52 momentum=100.82; 2026-10-08 ratio=101.66 momentum=102.69,150.27
stock,Vaswani Industri,VASWANI.NS,Sponge Iron,Metals & Mining,142.14,0.0,1.16,-78.79,117.79,3.07,,8.76,,not_stage_2,0,43.37,52.69,-3.03,0.00195,"{'price_above_30w_ma': False, '30w_ma_rising': False, 'price_above_10w_ma': False, 'relative_strength_positive': False, 'near_52w_high': False}",improving,improving,99.32,101.76,-0.16,-4.37,False,False,2026-10-01 ratio=99.49 momentum=106.12; 2026-10-05 ratio=99.28 momentum=100.08; 2026-10-06 ratio=98.75 momentum=98.20; 2026-10-07 ratio=99.14 momentum=100.64; 2026-10-08 ratio=99.32 momentum=101.76,8.8
stock,Shri Hare-Krish.,SHKSIL.NS,Sponge Iron,Metals & Mining,60.07,0.0,1.55,-64.85,27.21,-35.63,9.69,7.76,,insufficient_data,0,,,,,{},insufficient_data,insufficient_data,,,,,False,False,,0.0
stock,DOMS Industries,DOMS.NS,Stationary,Fast Moving Consumer Goods,12480.57,0.18,45.28,-22.33,670.51,19.25,57.41,24.32,,not_stage_2,2,2057.4,2239.32,-0.71,0.09254,"{'price_above_30w_ma': False, '30w_ma_rising': False, 'price_above_10w_ma': False, 'relative_strength_positive': True, 'near_52w_high': True}",leading,leading,100.9,101.42,-0.53,-0.59,False,False,2026-10-01 ratio=101.44 momentum=102.02; 2026-10-05 ratio=100.37 momentum=101.52; 2026-10-06 ratio=99.42 momentum=101.53; 2026-10-07 ratio=99.51 momentum=101.12; 2026-10-08 ratio=100.90 momentum=101.42,71.6
stock,Navneet Educat.,NAVNETEDUL.NS,Stationary,Fast Moving Consumer Goods,2670.34,2.48,141.0,-16.66,788.0,-0.76,21.34,10.23,,not_stage_2,2,121.66,137.22,-1.73,0.00547,"{'price_above_30w_ma': False, '30w_ma_rising': False, 'price_above_10w_ma': False, 'relative_strength_positive': True, 'near_52w_high': True}",leading,leading,100.15,102.91,-0.0,-0.04,False,False,2026-10-01 ratio=100.15 momentum=102.95; 2026-10-05 ratio=99.80 momentum=101.18; 2026-10-06 ratio=99.88 momentum=101.34; 2026-10-07 ratio=100.14 momentum=102.87; 2026-10-08 ratio=100.15 momentum=102.91,75.3
stock,Flair Writing,FLAIR.NS,Stationary,Fast Moving Consumer Goods,2317.36,0.45,29.08,-0.28,319.25,10.64,16.59,16.83,,not_stage_2,0,224.44,274.53,-3.67,0.0101,"{'price_above_30w_ma': False, '30w_ma_rising': False, 'price_above_10w_ma': False, 'relative_strength_positive': False, 'near_52w_high': False}",lagging,lagging,98.94,99.1,0.1,-0.44,False,False,2026-10-01 ratio=98.84 momentum=99.54; 2026-10-05 ratio=98.50 momentum=99.74; 2026-10-06 ratio=98.35 momentum=98.86; 2026-10-07 ratio=98.85 momentum=98.59; 2026-10-08 ratio=98.94 momentum=99.10,0.0
stock,Kokuyo Camlin,KOKUYOCMLN.NS,Stationary,Fast Moving Consumer Goods,735.84,0.41,7.3,-27.44,229.18,0.79,33.42,10.21,,not_stage_2,0,73.26,83.55,-0.79,0.0033,"{'price_above_30w_ma': False, '30w_ma_rising': False, 'price_above_10w_ma': False, 'relative_strength_positive': False, 'near_52w_high': False}",improving,improving,99.36,101.77,-0.25,-0.57,False,False,2026-10-01 ratio=99.61 momentum=102.35; 2026-10-05 ratio=99.90 momentum=101.50; 2026-10-06 ratio=99.06 momentum=101.08; 2026-10-07 ratio=98.64 momentum=100.18; 2026-10-08 ratio=99.36 momentum=101.77,8.85
stock,Linc,LINC.NS,Stationary,Fast Moving Consumer Goods,483.13,1.84,5.1,-30.42,135.65,1.01,14.05,19.12,,not_stage_2,0,84.57,99.41,-2.16,0.0038,"{'price_above_30w_ma': False, '30w_ma_rising': False, 'price_above_10w_ma': False, 'relative_strength_positive': False, 'near_52w_high': False}",lagging,lagging,97.94,96.99,-0.5,-1.67,False,False,2026-10-01 ratio=98.44 momentum=98.66; 2026-10-05 ratio=98.63 momentum=99.03; 2026-10-06 ratio=98.58 momentum=99.13; 2026-10-07 ratio=98.26 momentum=97.97; 2026-10-08 ratio=97.94 momentum=96.99,0.0
stock,Sundaram Multi.,SUNDARAM.NS,Stationary,Fast Moving Consumer Goods,48.81,0.0,0.32,138.89,49.6,21.99,13.91,4.22,,not_stage_2,0,1.05,1.28,-3.4,5e-05,"{'price_above_30w_ma': False, '30w_ma_rising': False, 'price_above_10w_ma': False, 'relative_strength_positive': False, 'near_52w_high': False}",lagging,lagging,98.54,97.35,-0.29,0.41,False,False,2026-10-01 ratio=98.83 momentum=96.95; 2026-10-05 ratio=98.94 momentum=98.90; 2026-10-06 ratio=98.75 momentum=97.90; 2026-10-07 ratio=98.54 momentum=97.07; 2026-10-08 ratio=98.54 momentum=97.35,0.0
stock,Vasa Retail,VASA.NS,Stationary,Fast Moving Consumer Goods,2.13,0.0,-0.05,28.57,0.0,,,-1.93,,not_stage_2,0,3.55,4.36,-3.54,0.00016,"{'price_above_30w_ma': False, '30w_ma_rising': False, 'price_above_10w_ma': False, 'relative_strength_positive': False, 'near_52w_high': False}",improving,improving,99.34,104.49,0.26,1.22,False,True,2026-10-01 ratio=99.08 momentum=103.27; 2026-10-05 ratio=99.05 momentum=103.08; 2026-10-06 ratio=98.97 momentum=102.98; 2026-10-07 ratio=99.10 momentum=103.26; 2026-10-08 ratio=99.34 momentum=104.49,22.45
stock,Indus Towers,INDUSTOWER.NS,Telecom - Infrastructure,Telecommunic ation,100474.43,3.68,1745.8,0.52,8431.1,4.64,14.04,19.48,,not_stage_2,2,373.0,402.71,-2.47,0.01678,"{'price_above_30w_ma': False, '30w_ma_rising': False, 'price_above_10w_ma': False, 'relative_strength_positive': True, 'near_52w_high': True}",leading,leading,101.72,100.77,-0.5,-1.33,False,False,2026-10-01 ratio=102.22 momentum=102.10; 2026-10-05 ratio=102.29 momentum=102.69; 2026-10-06 ratio=102.68 momentum=102.74; 2026-10-07 ratio=102.38 momentum=101.62; 2026-10-08 ratio=101.72 momentum=100.77,72.45
stock,HFCL,HFCL.NS,Telecom - Infrastructure,Telecommunic ation,39935.73,0.08,245.64,809.06,1914.98,119.85,69.75,10.76,,stage_2,5,258.31,178.19,13.65,0.01162,"{'price_above_30w_ma': True, '30w_ma_rising': True, 'price_above_10w_ma': True, 'relative_strength_positive': True, 'near_52w_high': True}",leading,leading,102.28,101.89,0.45,-1.48,False,False,2026-10-01 ratio=101.84 momentum=103.37; 2026-10-05 ratio=102.27 momentum=102.62; 2026-10-06 ratio=102.59 momentum=102.64; 2026-10-07 ratio=102.88 momentum=102.16; 2026-10-08 ratio=102.28 momentum=101.89,193.15
stock,Pace Digitek,PACEDIGITK.NS,Telecom - Infrastructure,Telecommunic ation,3565.45,0.0,62.5,13.24,555.36,51.29,11.87,21.4,,not_stage_2,1,161.85,179.46,-0.54,0.00728,"{'price_above_30w_ma': False, '30w_ma_rising': False, 'price_above_10w_ma': False, 'relative_strength_positive': True, 'near_52w_high': False}",leading,leading,100.0,101.67,-0.22,-2.21,False,False,2026-10-01 ratio=100.22 momentum=103.88; 2026-10-05 ratio=99.88 momentum=103.15; 2026-10-06 ratio=99.97 momentum=105.66; 2026-10-07 ratio=100.06 momentum=102.21; 2026-10-08 ratio=100.00 momentum=101.67,48.35
stock,GTL Infra.,GTLINFRA.NS,Telecom - Infrastructure,Telecommunic ation,1344.99,0.0,69.39,129.86,327.31,-2.16,,,,not_stage_2,0,1.05,1.25,-0.08,5e-05,"{'price_above_30w_ma': False, '30w_ma_rising': False, 'price_above_10w_ma': False, 'relative_strength_positive': False, 'near_52w_high': False}",lagging,lagging,98.36,97.77,-0.07,-0.13,False,False,2026-10-01 ratio=98.43 momentum=97.90; 2026-10-05 ratio=97.95 momentum=94.73; 2026-10-06 ratio=98.71 momentum=100.65; 2026-10-07 ratio=98.36 momentum=100.04; 2026-10-08 ratio=98.36 momentum=97.77,0.0
stock,Suyog Telematics,SUYOG.NS,Telecom - Infrastructure,Telecommunic ation,756.52,0.16,13.93,-18.11,65.27,2.16,12.78,14.42,,not_stage_2,0,643.3,763.29,-0.48,0.02894,"{'price_above_30w_ma': False, '30w_ma_rising': False, 'price_above_10w_ma': False, 'relative_strength_positive': False, 'near_52w_high': False}",improving,improving,99.13,101.19,-0.54,-1.26,False,False,2026-10-01 ratio=99.67 momentum=102.45; 2026-10-05 ratio=99.24 momentum=102.10; 2026-10-06 ratio=99.21 momentum=102.19; 2026-10-07 ratio=99.41 momentum=102.87; 2026-10-08 ratio=99.13 momentum=101.19,5.95
stock,Sar Televenture,SARTELE.NS,Telecom - Infrastructure,Telecommunic ation,448.07,0.0,36.23,25.49,280.35,35.3,6.18,8.84,,not_stage_2,0,87.45,127.0,-10.75,0.00393,"{'price_above_30w_ma': False, '30w_ma_rising': False, 'price_above_10w_ma': False, 'relative_strength_positive': False, 'near_52w_high': False}",improving,leading,99.69,102.07,-0.64,-0.19,False,False,2026-10-01 ratio=100.33 momentum=102.27; 2026-10-05 ratio=100.38 momentum=102.70; 2026-10-06 ratio=100.26 momentum=103.09; 2026-10-07 ratio=100.14 momentum=103.39; 2026-10-08 ratio=99.69 momentum=102.07,10.35
stock,Rama Telecom,RTL.NS,Telecom - Infrastructure,Telecommunic ation,111.54,0.0,0.48,-86.7,27.75,18.69,38.33,11.89,,insufficient_data,0,,,,,{},insufficient_data,insufficient_data,,,,,False,False,,0.0
stock,Kore Digital,KDL.NS,Telecom - Infrastructure,Telecommunic ation,44.07,0.0,11.91,-51.61,150.42,-36.24,1.24,38.1,,not_stage_2,0,38.55,112.54,-8.04,0.00173,"{'price_above_30w_ma': False, '30w_ma_rising': False, 'price_above_10w_ma': False, 'relative_strength_positive': False, 'near_52w_high': False}",improving,lagging,97.71,103.28,0.15,9.65,False,True,2026-10-01 ratio=97.56 momentum=93.63; 2026-10-05 ratio=97.57 momentum=90.15; 2026-10-06 ratio=97.57 momentum=98.97; 2026-10-07 ratio=97.63 momentum=101.53; 2026-10-08 ratio=97.71 momentum=103.28,16.4
