level,name,symbol,parent,sector,market_cap_cr,dividend_yield_pct,np_qtr_cr,qtr_profit_var_pct,sales_qtr_cr,qtr_sales_var_pct,pe,roce,error,stage,stage2_score,close,weekly_ma,weekly_ma_slope_4w_pct,rs_vs_benchmark,checks,rrg_quadrant,rrg_quadrant_5d_ago,rs_ratio,rs_momentum,rs_ratio_5d_delta,rs_momentum_5d_delta,moving_to_leading,improving_toward_leading,rrg_tail,stock_score
stock,Bajaj Auto,BAJAJ-AUTO.NS,2/3 Wheelers,Automobile and Auto Components,319774.65,1.28,3188.75,45.93,21688.83,65.14,27.13,28.24,,stage_2,5,11768.0,10348.15,2.99,0.50124,"{'price_above_30w_ma': True, '30w_ma_rising': True, 'price_above_10w_ma': True, 'relative_strength_positive': True, 'near_52w_high': True}",weakening,weakening,101.14,99.74,-0.07,0.14,False,False,2026-09-04 ratio=101.21 momentum=99.60; 2026-09-07 ratio=101.09 momentum=98.69; 2026-09-08 ratio=101.26 momentum=99.29; 2026-09-09 ratio=101.24 momentum=100.26; 2026-09-10 ratio=101.14 momentum=99.74,136.68
stock,Eicher Motors,EICHERMOT.NS,2/3 Wheelers,Automobile and Auto Components,206634.31,1.09,1462.51,21.35,6632.42,31.55,35.53,30.53,,stage_2,4,7697.0,7426.4,0.93,0.32784,"{'price_above_30w_ma': True, '30w_ma_rising': True, 'price_above_10w_ma': False, 'relative_strength_positive': True, 'near_52w_high': True}",weakening,weakening,100.62,98.62,0.42,1.52,False,False,2026-09-03 ratio=100.20 momentum=97.10; 2026-09-04 ratio=99.94 momentum=97.56; 2026-09-08 ratio=100.68 momentum=98.59; 2026-09-09 ratio=100.86 momentum=99.21; 2026-09-10 ratio=100.62 momentum=98.62,109.96
stock,TVS Motor Co.,TVSMOTOR.NS,2/3 Wheelers,Automobile and Auto Components,196282.99,0.29,1057.61,67.11,16295.52,33.46,56.74,17.37,,stage_2,5,4121.5,3734.77,1.91,0.17555,"{'price_above_30w_ma': True, '30w_ma_rising': True, 'price_above_10w_ma': True, 'relative_strength_positive': True, 'near_52w_high': True}",weakening,weakening,100.49,95.82,0.07,-1.34,False,False,2026-09-04 ratio=100.42 momentum=97.15; 2026-09-07 ratio=100.45 momentum=97.66; 2026-09-08 ratio=100.50 momentum=97.59; 2026-09-09 ratio=100.65 momentum=97.02; 2026-09-10 ratio=100.49 momentum=95.82,131.27
stock,Hero Motocorp,HEROMOTOCO.NS,2/3 Wheelers,Automobile and Auto Components,104503.73,3.54,1417.93,-17.18,13126.35,34.94,18.87,35.22,,not_stage_2,3,5280.0,5218.13,-0.22,0.22489,"{'price_above_30w_ma': True, '30w_ma_rising': False, 'price_above_10w_ma': False, 'relative_strength_positive': True, 'near_52w_high': True}",weakening,weakening,100.29,97.79,0.12,1.27,False,False,2026-09-04 ratio=100.17 momentum=96.52; 2026-09-07 ratio=100.13 momentum=96.73; 2026-09-08 ratio=100.40 momentum=98.10; 2026-09-09 ratio=100.15 momentum=97.35; 2026-09-10 ratio=100.29 momentum=97.79,61.45
stock,Ather Energy,ATHERENERG.NS,2/3 Wheelers,Automobile and Auto Components,65669.66,0.0,-50.87,71.46,1216.92,88.79,,-19.77,,stage_2,5,1658.3,1060.78,13.01,0.07063,"{'price_above_30w_ma': True, '30w_ma_rising': True, 'price_above_10w_ma': True, 'relative_strength_positive': True, 'near_52w_high': True}",leading,leading,101.75,101.08,0.35,0.81,False,False,2026-09-04 ratio=101.40 momentum=100.28; 2026-09-07 ratio=101.48 momentum=100.66; 2026-09-08 ratio=101.35 momentum=100.81; 2026-09-09 ratio=101.39 momentum=100.13; 2026-09-10 ratio=101.75 momentum=101.08,185.17
stock,Ola Electric,OLAELEC.NS,2/3 Wheelers,Automobile and Auto Components,17833.33,0.0,-336.0,21.5,455.0,-45.05,,-19.56,,stage_2,4,39.15,36.29,2.56,0.00167,"{'price_above_30w_ma': True, '30w_ma_rising': True, 'price_above_10w_ma': True, 'relative_strength_positive': True, 'near_52w_high': False}",leading,improving,100.77,103.39,1.18,2.34,True,False,2026-09-04 ratio=99.59 momentum=101.06; 2026-09-07 ratio=99.59 momentum=101.30; 2026-09-08 ratio=99.57 momentum=102.69; 2026-09-09 ratio=99.60 momentum=101.05; 2026-09-10 ratio=100.77 momentum=103.39,160.92
stock,Ebix,EBIX.NS,2/3 Wheelers,Automobile and Auto Components,427.72,0.0,82.0,92.94,573.24,-5.08,,5.95,,insufficient_data,0,,,,,{},insufficient_data,insufficient_data,,,,,False,False,,0.0
stock,Wardwizard Inno.,WARDINMOBI.NS,2/3 Wheelers,Automobile and Auto Components,172.96,1.75,0.19,-83.04,61.64,91.01,169.57,7.04,,insufficient_data,0,,,,,{},insufficient_data,insufficient_data,,,,,False,False,,0.0
stock,Tunwal E-Motors,TUNWAL.NS,2/3 Wheelers,Automobile and Auto Components,141.35,0.41,4.23,-34.72,132.45,27.15,11.1,13.28,,not_stage_2,0,24.7,28.97,-1.79,0.00105,"{'price_above_30w_ma': False, '30w_ma_rising': False, 'price_above_10w_ma': False, 'relative_strength_positive': False, 'near_52w_high': False}",lagging,lagging,98.66,99.75,-0.01,1.55,False,False,2026-09-04 ratio=98.67 momentum=98.21; 2026-09-07 ratio=98.60 momentum=97.94; 2026-09-08 ratio=99.61 momentum=101.23; 2026-09-09 ratio=99.88 momentum=100.42; 2026-09-10 ratio=98.66 momentum=99.75,0.0
stock,Delta Auto.,DELTIC.NS,2/3 Wheelers,Automobile and Auto Components,51.3,0.0,3.1,-47.28,37.54,-28.28,7.82,11.81,,insufficient_data,0,,,,,{},insufficient_data,insufficient_data,,,,,False,False,,0.0
stock,Timken India,TIMKEN.NS,Abrasives & Bearings,Capital Goods,24820.66,0.08,115.13,10.47,929.09,14.87,60.65,18.26,,not_stage_2,4,3297.2,3386.94,0.43,0.14044,"{'price_above_30w_ma': False, '30w_ma_rising': True, 'price_above_10w_ma': True, 'relative_strength_positive': True, 'near_52w_high': True}",leading,improving,102.77,103.14,3.19,1.47,True,False,2026-09-04 ratio=99.58 momentum=101.67; 2026-09-07 ratio=99.50 momentum=102.59; 2026-09-08 ratio=99.73 momentum=103.03; 2026-09-09 ratio=101.03 momentum=104.34; 2026-09-10 ratio=102.77 momentum=103.14,140.41
stock,Grindwell Norton,GRINDWELL.NS,Abrasives & Bearings,Capital Goods,20909.17,1.01,115.31,22.3,803.3,14.19,47.92,21.18,,not_stage_2,3,1907.7,1834.11,3.04,0.08126,"{'price_above_30w_ma': True, '30w_ma_rising': True, 'price_above_10w_ma': False, 'relative_strength_positive': False, 'near_52w_high': True}",lagging,lagging,98.55,97.48,-0.3,-0.71,False,False,2026-09-03 ratio=98.86 momentum=98.19; 2026-09-04 ratio=98.68 momentum=97.79; 2026-09-08 ratio=98.47 momentum=97.57; 2026-09-09 ratio=98.33 momentum=99.50; 2026-09-10 ratio=98.55 momentum=97.48,66.08
stock,Carborundum Uni.,CARBORUNIV.NS,Abrasives & Bearings,Capital Goods,20472.81,0.37,80.34,23.44,1426.63,17.03,81.64,10.52,,stage_2,4,1090.2,1006.24,4.51,0.04644,"{'price_above_30w_ma': True, '30w_ma_rising': True, 'price_above_10w_ma': False, 'relative_strength_positive': True, 'near_52w_high': True}",leading,leading,100.74,101.72,-0.31,1.65,False,False,2026-09-04 ratio=101.05 momentum=100.07; 2026-09-07 ratio=100.57 momentum=101.02; 2026-09-08 ratio=100.61 momentum=101.94; 2026-09-09 ratio=100.91 momentum=102.21; 2026-09-10 ratio=100.74 momentum=101.72,146.32
stock,SKF India Indus.,SKFINDUS.NS,Abrasives & Bearings,Capital Goods,14288.61,0.69,61.92,-13.84,970.77,18.3,37.17,29.89,,stage_2,5,2935.4,2495.65,1.82,0.12503,"{'price_above_30w_ma': True, '30w_ma_rising': True, 'price_above_10w_ma': True, 'relative_strength_positive': True, 'near_52w_high': True}",leading,leading,101.65,100.26,-0.47,-1.69,False,False,2026-09-04 ratio=102.12 momentum=101.95; 2026-09-07 ratio=102.24 momentum=102.55; 2026-09-08 ratio=101.82 momentum=104.38; 2026-09-09 ratio=102.06 momentum=102.43; 2026-09-10 ratio=101.65 momentum=100.26,158.19
stock,SKF India,SKFINDIA.NS,Abrasives & Bearings,Capital Goods,7559.55,2.62,61.84,32.31,587.79,27.09,50.9,13.33,,not_stage_2,1,1531.6,1609.35,-1.3,0.06524,"{'price_above_30w_ma': False, '30w_ma_rising': False, 'price_above_10w_ma': False, 'relative_strength_positive': True, 'near_52w_high': False}",leading,leading,100.67,101.88,0.35,1.71,False,False,2026-09-04 ratio=100.32 momentum=100.17; 2026-09-07 ratio=100.38 momentum=100.93; 2026-09-08 ratio=100.40 momentum=102.50; 2026-09-09 ratio=100.69 momentum=101.58; 2026-09-10 ratio=100.67 momentum=101.88,52.75
stock,Wendt India,WENDT.NS,Abrasives & Bearings,Capital Goods,1759.8,0.34,6.18,63.49,71.28,36.63,103.82,7.82,,stage_2,5,8669.5,7383.05,2.65,0.36926,"{'price_above_30w_ma': True, '30w_ma_rising': True, 'price_above_10w_ma': True, 'relative_strength_positive': True, 'near_52w_high': True}",leading,leading,103.21,102.88,1.4,0.67,False,False,2026-09-03 ratio=101.81 momentum=102.21; 2026-09-04 ratio=101.10 momentum=99.97; 2026-09-08 ratio=102.44 momentum=101.43; 2026-09-09 ratio=101.90 momentum=101.59; 2026-09-10 ratio=103.21 momentum=102.88,180.75
stock,SKP Bearing,SKP.NS,Abrasives & Bearings,Capital Goods,283.86,0.65,0.04,-89.47,22.11,-0.05,481.12,11.38,,not_stage_2,3,171.2,156.93,-0.72,0.00729,"{'price_above_30w_ma': True, '30w_ma_rising': False, 'price_above_10w_ma': True, 'relative_strength_positive': True, 'near_52w_high': False}",leading,lagging,103.01,101.96,4.51,4.01,True,False,2026-09-03 ratio=98.50 momentum=97.94; 2026-09-04 ratio=99.51 momentum=101.07; 2026-09-08 ratio=102.86 momentum=102.69; 2026-09-09 ratio=103.02 momentum=101.92; 2026-09-10 ratio=103.01 momentum=101.96,114.85
stock,NRB Indl Bearing,NIBL.NS,Abrasives & Bearings,Capital Goods,78.38,0.0,-6.59,-29.47,18.9,1.89,,-18.17,,not_stage_2,2,30.58,31.16,0.34,0.0013,"{'price_above_30w_ma': False, '30w_ma_rising': True, 'price_above_10w_ma': False, 'relative_strength_positive': False, 'near_52w_high': True}",improving,lagging,99.39,102.76,0.1,4.94,False,True,2026-09-03 ratio=99.29 momentum=97.83; 2026-09-04 ratio=99.28 momentum=100.47; 2026-09-08 ratio=99.23 momentum=98.85; 2026-09-09 ratio=99.45 momentum=100.82; 2026-09-10 ratio=99.39 momentum=102.76,54.48
stock,Signpost India,SIGNPOST.NS,Advertising & Media Agencies,"Media, Entertainment & Publication",1476.56,0.18,18.69,22.32,152.26,10.61,20.11,25.13,,not_stage_2,3,267.8,265.68,2.21,0.01141,"{'price_above_30w_ma': True, '30w_ma_rising': True, 'price_above_10w_ma': False, 'relative_strength_positive': False, 'near_52w_high': True}",improving,lagging,99.71,101.15,1.14,3.82,False,True,2026-09-04 ratio=98.57 momentum=97.33; 2026-09-07 ratio=99.59 momentum=101.38; 2026-09-08 ratio=99.46 momentum=101.70; 2026-09-09 ratio=99.83 momentum=101.67; 2026-09-10 ratio=99.71 momentum=101.15,70.17
stock,R K Swamy,RKSWAMY.NS,Advertising & Media Agencies,"Media, Entertainment & Publication",469.88,2.15,3.47,20.91,83.62,7.8,19.22,12.26,,not_stage_2,0,91.47,95.23,-1.85,0.0039,"{'price_above_30w_ma': False, '30w_ma_rising': False, 'price_above_10w_ma': False, 'relative_strength_positive': False, 'near_52w_high': False}",improving,improving,98.82,101.13,-0.13,-1.62,False,False,2026-09-04 ratio=98.95 momentum=102.76; 2026-09-07 ratio=98.95 momentum=102.14; 2026-09-08 ratio=99.27 momentum=102.73; 2026-09-09 ratio=99.19 momentum=102.72; 2026-09-10 ratio=98.82 momentum=101.13,5.65
stock,Vertoz,VERTOZ.NS,Advertising & Media Agencies,"Media, Entertainment & Publication",327.12,0.26,7.36,5.02,81.64,15.82,12.4,14.16,,not_stage_2,2,39.42,41.19,-5.53,0.00168,"{'price_above_30w_ma': False, '30w_ma_rising': False, 'price_above_10w_ma': True, 'relative_strength_positive': True, 'near_52w_high': False}",leading,leading,101.92,101.7,0.78,-2.01,False,False,2026-09-03 ratio=101.14 momentum=103.70; 2026-09-04 ratio=100.55 momentum=103.02; 2026-09-08 ratio=101.23 momentum=103.59; 2026-09-09 ratio=101.25 momentum=101.19; 2026-09-10 ratio=101.92 momentum=101.70,78.1
stock,Simca Advertis.,SIMCA.NS,Advertising & Media Agencies,"Media, Entertainment & Publication",313.42,0.0,9.04,1164.71,78.51,107.37,18.85,97.5,,insufficient_data,0,,,,,{},insufficient_data,insufficient_data,,,,,False,False,,0.0
stock,Yaap Digital,YAAP.NS,Advertising & Media Agencies,"Media, Entertainment & Publication",262.71,0.0,19.0,84.08,135.66,28.14,14.23,30.86,,insufficient_data,0,,,,,{},insufficient_data,insufficient_data,,,,,False,False,,0.0
stock,Cash UR Drive,CUDML.NS,Advertising & Media Agencies,"Media, Entertainment & Publication",185.28,0.0,18.52,94.54,108.79,43.71,6.3,40.31,,insufficient_data,0,,,,,{},insufficient_data,insufficient_data,,,,,False,False,,0.0
stock,Digicontent,DGCONTENT.NS,Advertising & Media Agencies,"Media, Entertainment & Publication",140.23,0.0,-1.93,17.17,123.3,11.63,8.23,23.95,,not_stage_2,0,24.09,26.37,-1.23,0.00103,"{'price_above_30w_ma': False, '30w_ma_rising': False, 'price_above_10w_ma': False, 'relative_strength_positive': False, 'near_52w_high': False}",improving,improving,99.85,101.53,0.2,-0.6,False,False,2026-09-03 ratio=99.66 momentum=102.12; 2026-09-04 ratio=100.10 momentum=101.51; 2026-09-08 ratio=100.13 momentum=101.39; 2026-09-09 ratio=100.69 momentum=102.53; 2026-09-10 ratio=99.85 momentum=101.53,7.65
stock,Pramara Promotio,PRAMARA.NS,Advertising & Media Agencies,"Media, Entertainment & Publication",117.27,0.0,3.91,5.96,59.27,6.49,11.68,14.95,,not_stage_2,0,87.95,224.85,-12.68,0.00375,"{'price_above_30w_ma': False, '30w_ma_rising': False, 'price_above_10w_ma': False, 'relative_strength_positive': False, 'near_52w_high': False}",lagging,lagging,97.47,96.74,-0.73,-0.15,False,False,2026-09-03 ratio=98.20 momentum=96.90; 2026-09-04 ratio=98.19 momentum=97.41; 2026-09-08 ratio=98.19 momentum=95.95; 2026-09-09 ratio=98.13 momentum=95.94; 2026-09-10 ratio=97.47 momentum=96.74,0.0
stock,Value 360 Commu.,VALUE360.NS,Advertising & Media Agencies,"Media, Entertainment & Publication",111.75,0.0,4.99,131.34,35.84,16.97,11.27,38.64,,insufficient_data,0,,,,,{},insufficient_data,insufficient_data,,,,,False,False,,0.0
stock,Crayons Advertis,CRAYONS.NS,Advertising & Media Agencies,"Media, Entertainment & Publication",58.51,0.0,0.68,-94.03,171.88,26.88,15.56,5.55,,not_stage_2,0,25.2,31.09,-5.21,0.00107,"{'price_above_30w_ma': False, '30w_ma_rising': False, 'price_above_10w_ma': False, 'relative_strength_positive': False, 'near_52w_high': False}",improving,lagging,99.38,100.34,-0.14,2.95,False,False,2026-09-03 ratio=99.51 momentum=97.39; 2026-09-04 ratio=98.79 momentum=97.51; 2026-09-08 ratio=98.20 momentum=97.10; 2026-09-09 ratio=99.39 momentum=100.08; 2026-09-10 ratio=99.38 momentum=100.34,1.7
stock,Hind.Aeronautics,HAL.NS,Aerospace & Defense,Capital Goods,327703.13,0.92,1589.66,14.88,5515.17,14.45,35.16,31.97,,stage_2,5,4950.0,4382.67,1.91,0.21084,"{'price_above_30w_ma': True, '30w_ma_rising': True, 'price_above_10w_ma': True, 'relative_strength_positive': True, 'near_52w_high': True}",leading,weakening,101.61,101.13,0.91,4.83,True,False,2026-09-03 ratio=100.70 momentum=96.30; 2026-09-04 ratio=101.06 momentum=96.64; 2026-09-08 ratio=102.03 momentum=101.88; 2026-09-09 ratio=101.97 momentum=101.77; 2026-09-10 ratio=101.61 momentum=101.13,172.52
stock,Bharat Electron,BEL.NS,Aerospace & Defense,Capital Goods,297037.76,0.62,1054.53,8.7,5546.98,24.94,48.33,36.44,,not_stage_2,2,405.0,421.66,-0.7,0.01725,"{'price_above_30w_ma': False, '30w_ma_rising': False, 'price_above_10w_ma': False, 'relative_strength_positive': True, 'near_52w_high': True}",leading,weakening,101.01,101.86,0.68,1.89,True,False,2026-09-04 ratio=100.34 momentum=99.96; 2026-09-07 ratio=100.41 momentum=101.68; 2026-09-08 ratio=101.30 momentum=103.10; 2026-09-09 ratio=101.20 momentum=103.97; 2026-09-10 ratio=101.01 momentum=101.86,84.35
stock,Bharat Dynamics,BDL.NS,Aerospace & Defense,Capital Goods,43767.44,0.41,118.79,547.36,572.24,130.81,84.04,13.84,,not_stage_2,0,1195.0,1301.3,-0.87,0.0509,"{'price_above_30w_ma': False, '30w_ma_rising': False, 'price_above_10w_ma': False, 'relative_strength_positive': False, 'near_52w_high': False}",lagging,lagging,98.62,95.77,-0.67,-3.18,False,False,2026-09-03 ratio=99.30 momentum=98.95; 2026-09-04 ratio=99.26 momentum=97.98; 2026-09-08 ratio=99.31 momentum=97.60; 2026-09-09 ratio=99.08 momentum=97.46; 2026-09-10 ratio=98.62 momentum=95.77,0.0
stock,Garden Reach Sh.,GRSE.NS,Aerospace & Defense,Capital Goods,27788.1,0.53,172.84,43.82,1814.62,38.53,34.71,42.82,,not_stage_2,2,2435.3,2596.18,0.45,0.10373,"{'price_above_30w_ma': False, '30w_ma_rising': True, 'price_above_10w_ma': False, 'relative_strength_positive': False, 'near_52w_high': True}",lagging,lagging,98.45,97.21,-0.48,-1.27,False,False,2026-09-03 ratio=98.93 momentum=98.49; 2026-09-04 ratio=99.26 momentum=99.72; 2026-09-08 ratio=99.60 momentum=100.51; 2026-09-09 ratio=99.47 momentum=100.18; 2026-09-10 ratio=98.45 momentum=97.21,40.9
stock,Data Pattern,DATAPATTNS.NS,Aerospace & Defense,Capital Goods,27053.33,0.21,22.06,-13.49,116.03,16.81,100.1,21.92,,stage_2,5,4777.2,4026.59,7.54,0.20348,"{'price_above_30w_ma': True, '30w_ma_rising': True, 'price_above_10w_ma': True, 'relative_strength_positive': True, 'near_52w_high': True}",leading,weakening,101.8,100.68,0.91,0.87,True,False,2026-09-03 ratio=100.89 momentum=99.81; 2026-09-04 ratio=100.84 momentum=98.19; 2026-09-08 ratio=102.66 momentum=102.27; 2026-09-09 ratio=102.42 momentum=102.93; 2026-09-10 ratio=101.80 momentum=100.68,182.48
stock,Astra Microwave,ASTRAMICRO.NS,Aerospace & Defense,Capital Goods,15973.88,0.14,12.35,-24.09,176.66,-11.55,84.5,20.28,,not_stage_2,3,1696.8,1382.91,8.07,0.07227,"{'price_above_30w_ma': True, '30w_ma_rising': True, 'price_above_10w_ma': False, 'relative_strength_positive': False, 'near_52w_high': True}",leading,leading,100.05,101.31,-0.02,-1.0,False,False,2026-09-04 ratio=100.07 momentum=102.32; 2026-09-07 ratio=99.91 momentum=101.81; 2026-09-08 ratio=100.92 momentum=102.21; 2026-09-09 ratio=100.26 momentum=101.41; 2026-09-10 ratio=100.05 momentum=101.31,102.94
stock,Sigma Advanced System,SIGMAADV.NS,Aerospace & Defense,Capital Goods,15804.66,0.0,35.41,-81.87,374.28,7083.88,95.04,60.82,,stage_2,5,792.85,423.88,22.09,0.03377,"{'price_above_30w_ma': True, '30w_ma_rising': True, 'price_above_10w_ma': True, 'relative_strength_positive': True, 'near_52w_high': True}",weakening,leading,101.86,98.23,0.17,-2.24,False,False,2026-09-04 ratio=101.70 momentum=100.48; 2026-09-07 ratio=101.40 momentum=101.01; 2026-09-08 ratio=101.81 momentum=101.09; 2026-09-09 ratio=101.54 momentum=98.85; 2026-09-10 ratio=101.86 momentum=98.23,178.48
stock,Apollo Micro Sys,APOLLO.NS,Aerospace & Defense,Capital Goods,15702.19,0.06,25.21,45.38,251.29,88.12,129.43,14.47,,stage_2,5,413.2,334.09,6.57,0.0176,"{'price_above_30w_ma': True, '30w_ma_rising': True, 'price_above_10w_ma': True, 'relative_strength_positive': True, 'near_52w_high': True}",leading,improving,102.02,102.06,2.17,-1.93,False,False,2026-09-04 ratio=99.85 momentum=104.00; 2026-09-07 ratio=101.00 momentum=103.67; 2026-09-08 ratio=102.14 momentum=103.12; 2026-09-09 ratio=102.58 momentum=102.70; 2026-09-10 ratio=102.02 momentum=102.06,178.54
stock,Zen Technologies,ZENTEC.NS,Aerospace & Defense,Capital Goods,15558.31,0.06,31.85,-23.2,141.64,-10.48,85.63,16.18,,stage_2,4,1749.9,1653.17,4.1,0.07453,"{'price_above_30w_ma': True, '30w_ma_rising': True, 'price_above_10w_ma': False, 'relative_strength_positive': True, 'near_52w_high': True}",weakening,weakening,100.08,97.96,-0.41,-0.56,False,False,2026-09-03 ratio=100.49 momentum=98.51; 2026-09-04 ratio=100.35 momentum=97.38; 2026-09-08 ratio=100.84 momentum=99.56; 2026-09-09 ratio=100.28 momentum=98.86; 2026-09-10 ratio=100.08 momentum=97.96,113.6
stock,Aequs,AEQUS.NS,Aerospace & Defense,Capital Goods,15145.81,0.0,-53.23,-1457.91,395.55,54.77,,1.69,,not_stage_2,3,229.96,195.97,7.8,0.00979,"{'price_above_30w_ma': True, '30w_ma_rising': True, 'price_above_10w_ma': False, 'relative_strength_positive': False, 'near_52w_high': True}",lagging,weakening,99.51,97.72,-0.79,1.62,False,False,2026-09-04 ratio=100.31 momentum=96.10; 2026-09-07 ratio=99.62 momentum=95.77; 2026-09-08 ratio=99.57 momentum=96.56; 2026-09-09 ratio=99.63 momentum=97.17; 2026-09-10 ratio=99.51 momentum=97.72,75.6
stock,Hindalco Inds.,HINDALCO.NS,Aluminium,Metals & Mining,219483.02,0.51,7013.0,116.7,84825.0,32.06,10.54,13.21,,stage_2,5,1014.0,996.56,1.12,0.04319,"{'price_above_30w_ma': True, '30w_ma_rising': True, 'price_above_10w_ma': True, 'relative_strength_positive': True, 'near_52w_high': True}",weakening,weakening,101.13,98.21,0.38,-1.16,False,False,2026-09-03 ratio=100.75 momentum=99.37; 2026-09-04 ratio=100.72 momentum=98.96; 2026-09-08 ratio=100.93 momentum=97.11; 2026-09-09 ratio=101.56 momentum=100.25; 2026-09-10 ratio=101.13 momentum=98.21,132.89
stock,Vedanta Aluminium Metal,VAML.NS,Aluminium,Metals & Mining,164958.36,1.9,6597.0,216.06,21393.0,45.99,10.42,,,insufficient_data,0,,,,,{},weakening,improving,100.18,99.59,0.44,-0.48,False,False,2026-09-07 ratio=99.74 momentum=100.07; 2026-09-08 ratio=99.80 momentum=100.52; 2026-09-09 ratio=101.14 momentum=100.17; 2026-09-10 ratio=100.18 momentum=99.59,0.9
stock,Natl. Aluminium,NATIONALUM.NS,Aluminium,Metals & Mining,66650.52,3.19,2003.14,90.87,5302.38,39.28,9.87,39.59,,not_stage_2,4,373.35,382.09,0.67,0.0159,"{'price_above_30w_ma': False, '30w_ma_rising': True, 'price_above_10w_ma': True, 'relative_strength_positive': True, 'near_52w_high': True}",weakening,weakening,100.76,98.36,0.17,0.2,False,False,2026-09-04 ratio=100.60 momentum=98.15; 2026-09-07 ratio=100.27 momentum=96.56; 2026-09-08 ratio=100.60 momentum=97.78; 2026-09-09 ratio=101.04 momentum=98.14; 2026-09-10 ratio=100.76 momentum=98.36,85.14
stock,Arfin India,ARFIN.NS,Aluminium,Metals & Mining,1450.51,0.13,3.53,246.08,207.96,91.23,90.04,13.96,,stage_2,5,88.07,86.77,1.62,0.00375,"{'price_above_30w_ma': True, '30w_ma_rising': True, 'price_above_10w_ma': True, 'relative_strength_positive': True, 'near_52w_high': True}",leading,leading,101.05,101.53,0.57,-0.17,False,False,2026-09-04 ratio=100.48 momentum=101.70; 2026-09-07 ratio=103.08 momentum=103.57; 2026-09-08 ratio=101.89 momentum=102.42; 2026-09-09 ratio=101.29 momentum=102.00; 2026-09-10 ratio=101.05 momentum=101.53,161.14
stock,MMP Industries,MMP.NS,Aluminium,Metals & Mining,1193.8,0.43,13.7,15.32,232.6,26.9,26.77,12.49,,stage_2,5,447.8,283.7,8.27,0.01907,"{'price_above_30w_ma': True, '30w_ma_rising': True, 'price_above_10w_ma': True, 'relative_strength_positive': True, 'near_52w_high': True}",weakening,weakening,102.1,99.6,0.45,3.55,False,False,2026-09-03 ratio=101.65 momentum=96.05; 2026-09-04 ratio=101.72 momentum=96.55; 2026-09-08 ratio=102.97 momentum=101.21; 2026-09-09 ratio=102.48 momentum=100.77; 2026-09-10 ratio=102.10 momentum=99.60,152.04
stock,Maan Aluminium,MAANALU.NS,Aluminium,Metals & Mining,661.28,0.0,3.1,13.55,231.86,9.79,49.35,7.74,,not_stage_2,0,110.79,129.86,-3.12,0.00472,"{'price_above_30w_ma': False, '30w_ma_rising': False, 'price_above_10w_ma': False, 'relative_strength_positive': False, 'near_52w_high': False}",lagging,leading,98.37,98.54,-2.21,-4.2,False,False,2026-09-03 ratio=100.58 momentum=102.74; 2026-09-04 ratio=99.74 momentum=100.72; 2026-09-08 ratio=99.08 momentum=99.46; 2026-09-09 ratio=98.50 momentum=99.01; 2026-09-10 ratio=98.37 momentum=98.54,0.0
stock,Jainik Power,JAINIK.NS,Aluminium,Metals & Mining,290.33,0.0,7.85,64.57,208.91,9.73,20.71,29.88,,insufficient_data,0,,,,,{},insufficient_data,insufficient_data,,,,,False,False,,0.0
stock,Manaksia Alumi.,MANAKALUCO.NS,Aluminium,Metals & Mining,239.4,0.14,2.85,82.69,139.59,3.85,27.05,10.15,,not_stage_2,3,37.69,33.89,-0.46,0.00161,"{'price_above_30w_ma': True, '30w_ma_rising': False, 'price_above_10w_ma': True, 'relative_strength_positive': True, 'near_52w_high': False}",weakening,leading,100.71,99.31,0.18,-2.26,False,False,2026-09-03 ratio=100.53 momentum=101.57; 2026-09-04 ratio=100.71 momentum=101.37; 2026-09-08 ratio=101.43 momentum=104.33; 2026-09-09 ratio=101.30 momentum=100.25; 2026-09-10 ratio=100.71 momentum=99.31,63.55
stock,Hind Aluminium,HINDALUMI.NS,Aluminium,Metals & Mining,59.77,0.0,1.91,-51.03,5.36,405.66,16.11,-2.7,,insufficient_data,0,,,,,{},insufficient_data,insufficient_data,,,,,False,False,,0.0
stock,Prec. Wires (I),PRECWIRE.NS,"Aluminium, Copper & Zinc Products",Capital Goods,8484.08,0.27,46.45,71.47,1779.24,59.49,48.58,32.94,,stage_2,5,464.65,385.55,8.61,0.01979,"{'price_above_30w_ma': True, '30w_ma_rising': True, 'price_above_10w_ma': True, 'relative_strength_positive': True, 'near_52w_high': True}",leading,leading,101.38,100.55,-0.68,-0.39,False,False,2026-09-03 ratio=102.06 momentum=100.94; 2026-09-04 ratio=101.61 momentum=100.42; 2026-09-08 ratio=101.81 momentum=101.04; 2026-09-09 ratio=101.68 momentum=102.02; 2026-09-10 ratio=101.38 momentum=100.55,171.87
stock,CMR Green Tech.,CMRGREEN.NS,"Aluminium, Copper & Zinc Products",Capital Goods,4749.69,0.0,68.18,16.41,3122.73,64.92,21.49,13.98,,insufficient_data,0,,,,,{},leading,leading,100.68,103.71,0.01,0.48,False,False,2026-09-04 ratio=100.67 momentum=103.24; 2026-09-07 ratio=100.14 momentum=101.22; 2026-09-08 ratio=100.53 momentum=102.92; 2026-09-09 ratio=100.22 momentum=102.53; 2026-09-10 ratio=100.68 momentum=103.71,41.95
stock,Vidya Wires,VIDYAWIRES.NS,"Aluminium, Copper & Zinc Products",Capital Goods,1877.22,0.0,17.14,41.42,549.71,33.5,29.95,20.59,,stage_2,4,90.21,81.84,7.32,0.00384,"{'price_above_30w_ma': True, '30w_ma_rising': True, 'price_above_10w_ma': False, 'relative_strength_positive': True, 'near_52w_high': True}",leading,improving,100.41,104.89,0.66,2.31,True,False,2026-09-04 ratio=99.76 momentum=102.58; 2026-09-07 ratio=99.41 momentum=101.84; 2026-09-08 ratio=99.83 momentum=104.06; 2026-09-09 ratio=100.27 momentum=103.86; 2026-09-10 ratio=100.41 momentum=104.89,176.14
stock,Sunlite Recycli.,SUNLITE.NS,"Aluminium, Copper & Zinc Products",Capital Goods,943.83,0.0,25.8,257.84,1642.41,116.13,23.51,46.52,,insufficient_data,0,,,,,{},insufficient_data,insufficient_data,,,,,False,False,,0.0
stock,Baheti Recycling,BAHETI.NS,"Aluminium, Copper & Zinc Products",Capital Goods,857.53,0.0,17.79,61.87,409.72,53.38,31.69,21.66,,stage_2,5,828.65,655.93,5.01,0.0353,"{'price_above_30w_ma': True, '30w_ma_rising': True, 'price_above_10w_ma': True, 'relative_strength_positive': True, 'near_52w_high': True}",weakening,leading,101.56,97.91,-0.5,-3.16,False,False,2026-09-03 ratio=102.06 momentum=101.07; 2026-09-04 ratio=101.86 momentum=99.04; 2026-09-08 ratio=101.64 momentum=97.52; 2026-09-09 ratio=101.63 momentum=97.37; 2026-09-10 ratio=101.56 momentum=97.91,142.82
stock,Shera Energy,SHERA.NS,"Aluminium, Copper & Zinc Products",Capital Goods,476.69,0.0,12.64,88.26,487.67,26.1,13.93,19.54,,stage_2,5,190.8,150.55,5.79,0.00813,"{'price_above_30w_ma': True, '30w_ma_rising': True, 'price_above_10w_ma': True, 'relative_strength_positive': True, 'near_52w_high': True}",leading,leading,102.43,103.08,0.55,0.67,False,False,2026-09-03 ratio=101.88 momentum=102.41; 2026-09-04 ratio=101.75 momentum=100.22; 2026-09-08 ratio=102.20 momentum=102.54; 2026-09-09 ratio=102.06 momentum=100.99; 2026-09-10 ratio=102.43 momentum=103.08,184.13
stock,ANB Metal,AMCL.NS,"Aluminium, Copper & Zinc Products",Capital Goods,437.24,0.0,12.97,199.54,137.39,115.08,20.37,29.63,,insufficient_data,0,,,,,{},insufficient_data,insufficient_data,,,,,False,False,,0.0
stock,Euro Panel,EUROBOND.NS,"Aluminium, Copper & Zinc Products",Capital Goods,379.77,0.0,4.96,-13.29,119.62,14.1,14.36,16.95,,not_stage_2,0,150.0,165.78,-1.89,0.00639,"{'price_above_30w_ma': False, '30w_ma_rising': False, 'price_above_10w_ma': False, 'relative_strength_positive': False, 'near_52w_high': False}",improving,lagging,99.02,100.67,0.38,1.37,False,True,2026-09-03 ratio=98.65 momentum=99.30; 2026-09-04 ratio=98.65 momentum=99.53; 2026-09-08 ratio=99.59 momentum=101.36; 2026-09-09 ratio=99.07 momentum=101.57; 2026-09-10 ratio=99.02 momentum=100.67,3.35
stock,Century Extrus.,CENTEXT.NS,"Aluminium, Copper & Zinc Products",Capital Goods,178.72,0.0,3.77,59.75,138.36,32.85,13.93,19.29,,not_stage_2,3,22.8,20.27,-0.29,0.00097,"{'price_above_30w_ma': True, '30w_ma_rising': False, 'price_above_10w_ma': True, 'relative_strength_positive': True, 'near_52w_high': False}",leading,leading,101.75,100.25,1.05,-0.45,False,False,2026-09-03 ratio=100.70 momentum=100.69; 2026-09-04 ratio=100.00 momentum=99.20; 2026-09-08 ratio=100.89 momentum=98.45; 2026-09-09 ratio=101.32 momentum=99.80; 2026-09-10 ratio=101.75 momentum=100.25,90.0
stock,M Tek Copper,MCL.NS,"Aluminium, Copper & Zinc Products",Capital Goods,157.21,0.0,1.05,0.96,80.26,73.72,34.78,12.62,,not_stage_2,3,59.86,59.41,-4.55,0.00255,"{'price_above_30w_ma': True, '30w_ma_rising': False, 'price_above_10w_ma': True, 'relative_strength_positive': True, 'near_52w_high': False}",leading,leading,102.14,102.14,0.74,0.66,False,False,2026-09-04 ratio=101.40 momentum=101.48; 2026-09-07 ratio=100.92 momentum=99.71; 2026-09-08 ratio=102.02 momentum=103.02; 2026-09-09 ratio=101.96 momentum=100.82; 2026-09-10 ratio=102.14 momentum=102.14,101.4
stock,Wonderla Holiday,WONDERLA.NS,Amusement Parks/ Other Recreation,Consumer Services,3306.54,0.38,72.8,38.48,242.63,44.22,31.26,6.2,,stage_2,5,519.05,499.53,0.71,0.02211,"{'price_above_30w_ma': True, '30w_ma_rising': True, 'price_above_10w_ma': True, 'relative_strength_positive': True, 'near_52w_high': True}",weakening,leading,101.66,99.02,-0.23,-3.49,False,False,2026-09-03 ratio=101.88 momentum=102.51; 2026-09-04 ratio=102.11 momentum=98.50; 2026-09-08 ratio=101.63 momentum=98.98; 2026-09-09 ratio=101.69 momentum=99.41; 2026-09-10 ratio=101.66 momentum=99.02,134.72
stock,Imagica. Enter.,IMAGICAA.NS,Amusement Parks/ Other Recreation,Consumer Services,2963.94,0.0,57.57,26.19,177.6,19.92,232.65,1.86,,stage_2,5,53.2,46.2,1.26,0.00227,"{'price_above_30w_ma': True, '30w_ma_rising': True, 'price_above_10w_ma': True, 'relative_strength_positive': True, 'near_52w_high': True}",weakening,leading,101.37,93.35,-0.72,-7.55,False,False,2026-09-04 ratio=102.09 momentum=100.91; 2026-09-07 ratio=101.90 momentum=100.41; 2026-09-08 ratio=101.77 momentum=100.34; 2026-09-09 ratio=101.89 momentum=100.10; 2026-09-10 ratio=101.37 momentum=93.35,134.37
stock,Delta Corp,DELTACORP.NS,Amusement Parks/ Other Recreation,Consumer Services,1449.98,0.92,-212.57,219.62,168.55,-8.48,9.41,5.08,,not_stage_2,0,54.34,63.23,-1.78,0.00231,"{'price_above_30w_ma': False, '30w_ma_rising': False, 'price_above_10w_ma': False, 'relative_strength_positive': False, 'near_52w_high': False}",lagging,improving,98.01,96.66,0.1,-4.02,False,False,2026-09-04 ratio=97.91 momentum=100.68; 2026-09-07 ratio=98.16 momentum=100.60; 2026-09-08 ratio=98.11 momentum=97.24; 2026-09-09 ratio=98.31 momentum=97.89; 2026-09-10 ratio=98.01 momentum=96.66,0.0
stock,Nicco Parks,NICCOPAR.NS,Amusement Parks/ Other Recreation,Consumer Services,386.12,1.51,5.47,68.83,19.05,-27.54,65.33,13.52,,insufficient_data,0,,,,,{},insufficient_data,insufficient_data,,,,,False,False,,0.0
stock,Godrej Agrovet,GODREJAGRO.NS,Animal Feed,Fast Moving Consumer Goods,13024.44,1.63,128.31,-16.21,2855.22,9.22,27.76,19.16,,stage_2,5,673.05,586.33,1.44,0.02867,"{'price_above_30w_ma': True, '30w_ma_rising': True, 'price_above_10w_ma': True, 'relative_strength_positive': True, 'near_52w_high': True}",weakening,leading,102.57,98.16,-0.44,-3.57,False,False,2026-09-03 ratio=103.01 momentum=101.73; 2026-09-04 ratio=102.33 momentum=101.97; 2026-09-08 ratio=103.05 momentum=104.83; 2026-09-09 ratio=102.89 momentum=100.22; 2026-09-10 ratio=102.57 momentum=98.16,140.73
stock,Avanti Feeds,AVANTIFEED.NS,Animal Feed,Fast Moving Consumer Goods,10881.25,1.25,116.3,-42.0,1899.86,18.32,20.22,24.38,,not_stage_2,0,815.3,1118.66,-2.08,0.03473,"{'price_above_30w_ma': False, '30w_ma_rising': False, 'price_above_10w_ma': False, 'relative_strength_positive': False, 'near_52w_high': False}",improving,improving,99.1,101.38,0.68,1.04,False,True,2026-09-04 ratio=98.42 momentum=100.34; 2026-09-07 ratio=98.38 momentum=98.84; 2026-09-08 ratio=99.28 momentum=103.38; 2026-09-09 ratio=98.96 momentum=101.81; 2026-09-10 ratio=99.10 momentum=101.38,6.9
stock,Mukka Proteins,MUKKA.NS,Animal Feed,Fast Moving Consumer Goods,970.5,0.0,18.64,1142.76,489.65,186.73,14.04,11.61,,stage_2,5,30.57,23.76,2.65,0.0013,"{'price_above_30w_ma': True, '30w_ma_rising': True, 'price_above_10w_ma': True, 'relative_strength_positive': True, 'near_52w_high': True}",leading,leading,102.37,101.37,-1.46,-0.52,False,False,2026-09-04 ratio=103.84 momentum=101.90; 2026-09-07 ratio=103.64 momentum=102.04; 2026-09-08 ratio=102.76 momentum=101.41; 2026-09-09 ratio=102.32 momentum=101.00; 2026-09-10 ratio=102.37 momentum=101.37,169.0
stock,KSE,KSE.NS,Animal Feed,Fast Moving Consumer Goods,567.23,7.05,0.94,-98.44,453.67,9.06,12.31,33.55,,insufficient_data,0,,,,,{},insufficient_data,insufficient_data,,,,,False,False,,0.0
stock,Narmada Agrobase,NARMADA.NS,Animal Feed,Fast Moving Consumer Goods,108.18,0.0,0.75,-26.47,22.26,100.9,30.13,8.95,,not_stage_2,0,14.05,16.88,-1.11,0.0006,"{'price_above_30w_ma': False, '30w_ma_rising': False, 'price_above_10w_ma': False, 'relative_strength_positive': False, 'near_52w_high': False}",improving,improving,99.27,102.01,0.42,-0.06,False,False,2026-09-03 ratio=98.85 momentum=102.07; 2026-09-04 ratio=98.81 momentum=104.43; 2026-09-08 ratio=99.55 momentum=103.06; 2026-09-09 ratio=99.55 momentum=103.13; 2026-09-10 ratio=99.27 momentum=102.01,10.05
stock,Ajooni Biotech,AJOONI.NS,Animal Feed,Fast Moving Consumer Goods,59.77,0.0,0.43,-44.87,63.49,103.04,15.09,6.49,,not_stage_2,0,3.5,4.05,-2.3,0.00015,"{'price_above_30w_ma': False, '30w_ma_rising': False, 'price_above_10w_ma': False, 'relative_strength_positive': False, 'near_52w_high': False}",lagging,improving,98.6,98.35,-0.74,-2.24,False,False,2026-09-04 ratio=99.34 momentum=100.60; 2026-09-07 ratio=98.07 momentum=98.07; 2026-09-08 ratio=97.98 momentum=99.38; 2026-09-09 ratio=98.59 momentum=97.61; 2026-09-10 ratio=98.60 momentum=98.35,0.0
stock,ICICI AMC,ICICIAMC.NS,Asset Management Company,Financial Services,150269.28,0.9,964.63,23.1,1564.22,17.55,43.11,115.1,,not_stage_2,3,3033.5,3159.71,0.63,0.12921,"{'price_above_30w_ma': False, '30w_ma_rising': True, 'price_above_10w_ma': False, 'relative_strength_positive': True, 'near_52w_high': True}",improving,lagging,99.99,101.46,1.33,4.12,False,True,2026-09-04 ratio=98.66 momentum=97.34; 2026-09-07 ratio=99.25 momentum=98.45; 2026-09-08 ratio=99.45 momentum=97.58; 2026-09-09 ratio=99.66 momentum=98.56; 2026-09-10 ratio=99.99 momentum=101.46,68.56
stock,SBI Funds Mgt.,SBIFUNDS.NS,Asset Management Company,Financial Services,110904.78,0.0,880.26,3.7,1152.73,15.16,35.79,56.5,,insufficient_data,0,,,,,{},insufficient_data,insufficient_data,,,,,False,False,,0.0
stock,HDFC AMC,HDFCAMC.NS,Asset Management Company,Financial Services,102904.19,2.25,838.36,12.09,1098.5,13.51,34.89,42.88,,not_stage_2,1,2433.8,2597.77,-0.52,0.10366,"{'price_above_30w_ma': False, '30w_ma_rising': False, 'price_above_10w_ma': False, 'relative_strength_positive': False, 'near_52w_high': True}",lagging,lagging,99.08,96.39,-0.24,-2.01,False,False,2026-09-03 ratio=99.32 momentum=98.40; 2026-09-04 ratio=98.77 momentum=98.03; 2026-09-08 ratio=98.98 momentum=98.37; 2026-09-09 ratio=99.17 momentum=97.04; 2026-09-10 ratio=99.08 momentum=96.39,20.0
stock,Nippon Life Ind.,NAM-INDIA.NS,Asset Management Company,Financial Services,75884.29,1.81,503.7,27.16,766.87,26.42,46.36,43.8,,stage_2,5,1185.0,1065.69,4.09,0.05047,"{'price_above_30w_ma': True, '30w_ma_rising': True, 'price_above_10w_ma': True, 'relative_strength_positive': True, 'near_52w_high': True}",leading,lagging,101.21,100.59,1.56,4.06,True,False,2026-09-04 ratio=99.65 momentum=96.53; 2026-09-07 ratio=101.07 momentum=97.93; 2026-09-08 ratio=101.07 momentum=99.68; 2026-09-09 ratio=100.58 momentum=98.44; 2026-09-10 ratio=101.21 momentum=100.59,172.18
stock,Aditya AMC,ABSLAMC.NS,Asset Management Company,Financial Services,32108.52,2.3,309.49,11.68,462.96,3.48,31.8,32.23,,stage_2,5,1088.5,1032.69,3.28,0.04636,"{'price_above_30w_ma': True, '30w_ma_rising': True, 'price_above_10w_ma': True, 'relative_strength_positive': True, 'near_52w_high': True}",leading,improving,101.03,103.39,1.08,0.1,True,False,2026-09-03 ratio=99.95 momentum=103.29; 2026-09-04 ratio=100.21 momentum=103.21; 2026-09-08 ratio=100.05 momentum=103.35; 2026-09-09 ratio=100.69 momentum=104.84; 2026-09-10 ratio=101.03 momentum=103.39,183.66
stock,UTI AMC,UTIAMC.NS,Asset Management Company,Financial Services,11707.24,4.4,293.86,24.07,583.51,6.7,21.93,15.57,,not_stage_2,2,921.45,944.65,-1.72,0.03925,"{'price_above_30w_ma': False, '30w_ma_rising': False, 'price_above_10w_ma': True, 'relative_strength_positive': True, 'near_52w_high': False}",leading,improving,100.84,102.62,1.59,0.53,True,False,2026-09-04 ratio=99.26 momentum=102.09; 2026-09-07 ratio=99.64 momentum=103.50; 2026-09-08 ratio=100.09 momentum=103.52; 2026-09-09 ratio=100.33 momentum=102.40; 2026-09-10 ratio=100.84 momentum=102.62,87.3
stock,Canara Robeco,CRAMC.NS,Asset Management Company,Financial Services,4760.12,1.67,75.6,23.98,145.37,20.07,21.79,40.11,,not_stage_2,1,240.05,251.47,0.05,0.01022,"{'price_above_30w_ma': False, '30w_ma_rising': True, 'price_above_10w_ma': False, 'relative_strength_positive': False, 'near_52w_high': False}",lagging,lagging,98.21,97.43,-1.2,1.41,False,False,2026-09-04 ratio=99.42 momentum=96.01; 2026-09-07 ratio=99.19 momentum=97.67; 2026-09-08 ratio=98.15 momentum=98.00; 2026-09-09 ratio=97.96 momentum=96.97; 2026-09-10 ratio=98.21 momentum=97.43,20.1
stock,Gaja Alternative Asset,GAJA.NS,Asset Management Company,Financial Services,2151.54,0.49,27.21,35.66,15.64,-49.15,24.93,17.02,,insufficient_data,0,,,,,{},insufficient_data,insufficient_data,,,,,False,False,,0.0
stock,IL&FS Inv.Manag.,IVC.NS,Asset Management Company,Financial Services,285.49,13.17,1.21,23.86,8.17,40.86,70.15,4.11,,stage_2,5,9.68,7.94,2.57,0.00041,"{'price_above_30w_ma': True, '30w_ma_rising': True, 'price_above_10w_ma': True, 'relative_strength_positive': True, 'near_52w_high': True}",leading,leading,102.25,102.78,-2.32,0.7,False,False,2026-09-03 ratio=104.57 momentum=102.08; 2026-09-04 ratio=103.97 momentum=101.88; 2026-09-08 ratio=103.25 momentum=101.96; 2026-09-09 ratio=102.95 momentum=102.40; 2026-09-10 ratio=102.25 momentum=102.78,175.29
stock,Samvardh. Mothe.,MOTHERSON.NS,Auto Components & Equipments,Automobile and Auto Components,172721.13,0.36,1075.66,81.52,35243.77,16.65,37.8,13.43,,stage_2,5,163.2,139.16,4.72,0.00695,"{'price_above_30w_ma': True, '30w_ma_rising': True, 'price_above_10w_ma': True, 'relative_strength_positive': True, 'near_52w_high': True}",weakening,weakening,101.06,98.75,0.35,2.49,False,False,2026-09-04 ratio=100.71 momentum=96.26; 2026-09-07 ratio=100.89 momentum=96.79; 2026-09-08 ratio=101.12 momentum=99.04; 2026-09-09 ratio=101.19 momentum=99.71; 2026-09-10 ratio=101.06 momentum=98.75,139.74
stock,Bosch,BOSCHLTD.NS,Auto Components & Equipments,Automobile and Auto Components,143223.12,0.56,706.1,5.2,5841.9,22.0,60.61,21.54,,stage_2,5,48775.0,39007.33,4.33,2.07749,"{'price_above_30w_ma': True, '30w_ma_rising': True, 'price_above_10w_ma': True, 'relative_strength_positive': True, 'near_52w_high': True}",weakening,weakening,101.61,98.6,0.54,1.55,False,False,2026-09-04 ratio=101.07 momentum=97.05; 2026-09-07 ratio=101.46 momentum=98.33; 2026-09-08 ratio=101.70 momentum=98.88; 2026-09-09 ratio=101.82 momentum=99.06; 2026-09-10 ratio=101.61 momentum=98.60,141.71
stock,Bharat Forge,BHARATFORG.NS,Auto Components & Equipments,Automobile and Auto Components,93217.11,0.44,-89.89,-57.72,4639.94,18.71,92.32,12.61,,not_stage_2,2,1954.9,1957.43,3.28,0.08327,"{'price_above_30w_ma': False, '30w_ma_rising': True, 'price_above_10w_ma': False, 'relative_strength_positive': False, 'near_52w_high': True}",lagging,lagging,98.6,99.56,0.8,1.5,False,False,2026-09-04 ratio=97.80 momentum=98.07; 2026-09-07 ratio=98.05 momentum=99.27; 2026-09-08 ratio=99.06 momentum=100.94; 2026-09-09 ratio=98.99 momentum=101.94; 2026-09-10 ratio=98.60 momentum=99.56,46.56
stock,Uno Minda,UNOMINDA.NS,Auto Components & Equipments,Automobile and Auto Components,69462.18,0.22,315.51,1.76,5556.85,23.79,56.83,19.65,,stage_2,5,1224.8,1141.41,0.88,0.05217,"{'price_above_30w_ma': True, '30w_ma_rising': True, 'price_above_10w_ma': True, 'relative_strength_positive': True, 'near_52w_high': True}",weakening,weakening,100.9,96.63,-0.19,-1.03,False,False,2026-09-04 ratio=101.09 momentum=97.67; 2026-09-07 ratio=101.02 momentum=98.65; 2026-09-08 ratio=101.04 momentum=99.22; 2026-09-09 ratio=101.05 momentum=98.72; 2026-09-10 ratio=100.90 momentum=96.63,131.26
stock,Schaeffler India,SCHAEFFLER.NS,Auto Components & Equipments,Automobile and Auto Components,61737.58,0.89,336.73,13.67,2681.41,17.5,47.82,27.9,,not_stage_2,3,3940.2,4077.37,0.93,0.16783,"{'price_above_30w_ma': False, '30w_ma_rising': True, 'price_above_10w_ma': False, 'relative_strength_positive': True, 'near_52w_high': True}",improving,lagging,99.78,102.83,0.89,3.63,False,True,2026-09-03 ratio=98.89 momentum=99.20; 2026-09-04 ratio=98.95 momentum=100.83; 2026-09-08 ratio=99.55 momentum=102.32; 2026-09-09 ratio=99.77 momentum=104.17; 2026-09-10 ratio=99.78 momentum=102.83,76.01
stock,Tube Investments,TIINDIA.NS,Auto Components & Equipments,Automobile and Auto Components,50484.96,0.13,293.96,-15.25,6215.33,17.07,80.55,17.14,,not_stage_2,2,2652.0,2841.0,2.05,0.11296,"{'price_above_30w_ma': False, '30w_ma_rising': True, 'price_above_10w_ma': False, 'relative_strength_positive': False, 'near_52w_high': True}",lagging,lagging,98.92,97.91,-0.24,0.6,False,False,2026-09-03 ratio=99.16 momentum=97.32; 2026-09-04 ratio=98.83 momentum=97.43; 2026-09-08 ratio=98.60 momentum=97.17; 2026-09-09 ratio=99.22 momentum=98.76; 2026-09-10 ratio=98.92 momentum=97.91,44.1
stock,Sona BLW Precis.,SONACOMS.NS,Auto Components & Equipments,Automobile and Auto Components,49205.82,0.43,220.11,73.37,1157.24,50.82,63.29,15.11,,stage_2,5,803.5,633.93,6.93,0.03422,"{'price_above_30w_ma': True, '30w_ma_rising': True, 'price_above_10w_ma': True, 'relative_strength_positive': True, 'near_52w_high': True}",weakening,weakening,101.17,98.7,0.35,2.02,False,False,2026-09-04 ratio=100.82 momentum=96.68; 2026-09-07 ratio=100.84 momentum=97.22; 2026-09-08 ratio=101.15 momentum=99.64; 2026-09-09 ratio=101.17 momentum=100.60; 2026-09-10 ratio=101.17 momentum=98.70,144.71
stock,Endurance Tech.,ENDURANCE.NS,Auto Components & Equipments,Automobile and Auto Components,37865.12,0.43,244.52,8.03,4314.89,30.01,38.46,17.8,,not_stage_2,3,2715.9,2595.19,2.29,0.11568,"{'price_above_30w_ma': True, '30w_ma_rising': True, 'price_above_10w_ma': False, 'relative_strength_positive': False, 'near_52w_high': True}",lagging,lagging,99.82,96.57,-0.04,-0.52,False,False,2026-09-03 ratio=99.86 momentum=97.09; 2026-09-04 ratio=100.05 momentum=97.05; 2026-09-08 ratio=99.89 momentum=97.25; 2026-09-09 ratio=100.25 momentum=97.86; 2026-09-10 ratio=99.82 momentum=96.57,64.58
stock,Dhoot Transmission,DHOOTTRANS.NS,Auto Components & Equipments,Automobile and Auto Components,35388.37,0.0,132.68,36.89,1446.42,49.68,79.01,24.36,,insufficient_data,0,,,,,{},insufficient_data,insufficient_data,,,,,False,False,,0.0
stock,Exide Inds.,EXIDEIND.NS,Auto Components & Equipments,Automobile and Auto Components,35079.42,0.48,351.3,28.38,5528.38,17.75,37.38,8.54,,not_stage_2,3,420.85,380.93,3.94,0.01793,"{'price_above_30w_ma': True, '30w_ma_rising': True, 'price_above_10w_ma': False, 'relative_strength_positive': False, 'near_52w_high': True}",lagging,lagging,99.49,98.25,-0.01,1.88,False,False,2026-09-04 ratio=99.49 momentum=96.36; 2026-09-07 ratio=99.59 momentum=96.89; 2026-09-08 ratio=99.29 momentum=96.85; 2026-09-09 ratio=99.02 momentum=96.75; 2026-09-10 ratio=99.49 momentum=98.25,67.88
stock,United Spirits,UNITDSPR.NS,Breweries & Distilleries,Fast Moving Consumer Goods,101545.23,1.22,463.0,-20.54,2708.0,-10.36,54.79,26.39,,not_stage_2,3,1400.0,1367.67,1.14,0.05963,"{'price_above_30w_ma': True, '30w_ma_rising': True, 'price_above_10w_ma': False, 'relative_strength_positive': False, 'near_52w_high': True}",lagging,weakening,99.43,96.14,-0.94,-1.0,False,False,2026-09-04 ratio=100.37 momentum=97.14; 2026-09-07 ratio=99.93 momentum=96.29; 2026-09-08 ratio=100.05 momentum=96.82; 2026-09-09 ratio=99.61 momentum=96.07; 2026-09-10 ratio=99.43 momentum=96.14,62.28
stock,Radico Khaitan,RADICO.NS,Breweries & Distilleries,Fast Moving Consumer Goods,58657.69,0.21,229.6,69.15,1683.69,11.8,82.53,24.15,,stage_2,5,4460.0,3598.93,6.82,0.18997,"{'price_above_30w_ma': True, '30w_ma_rising': True, 'price_above_10w_ma': True, 'relative_strength_positive': True, 'near_52w_high': True}",weakening,weakening,100.92,97.5,0.06,0.27,False,False,2026-09-04 ratio=100.86 momentum=97.24; 2026-09-07 ratio=100.72 momentum=97.40; 2026-09-08 ratio=100.96 momentum=98.41; 2026-09-09 ratio=100.79 momentum=97.46; 2026-09-10 ratio=100.92 momentum=97.50,143.24
stock,United Breweries,UBL.NS,Breweries & Distilleries,Fast Moving Consumer Goods,33204.01,0.8,166.28,-9.54,3066.86,7.07,96.07,10.68,,not_stage_2,0,1256.7,1423.44,-1.94,0.05353,"{'price_above_30w_ma': False, '30w_ma_rising': False, 'price_above_10w_ma': False, 'relative_strength_positive': False, 'near_52w_high': False}",lagging,lagging,98.38,97.45,0.14,-1.21,False,False,2026-09-03 ratio=98.24 momentum=98.66; 2026-09-04 ratio=98.15 momentum=97.96; 2026-09-08 ratio=97.91 momentum=97.62; 2026-09-09 ratio=98.62 momentum=99.05; 2026-09-10 ratio=98.38 momentum=97.45,0.0
stock,Allied Blenders,ABDL.NS,Breweries & Distilleries,Fast Moving Consumer Goods,17693.12,0.85,45.42,-12.98,978.94,6.08,79.32,18.38,,stage_2,4,611.45,560.05,2.74,0.02604,"{'price_above_30w_ma': True, '30w_ma_rising': True, 'price_above_10w_ma': False, 'relative_strength_positive': True, 'near_52w_high': True}",leading,improving,100.34,103.43,0.69,-1.04,False,False,2026-09-04 ratio=99.64 momentum=104.48; 2026-09-07 ratio=99.40 momentum=100.83; 2026-09-08 ratio=99.36 momentum=96.19; 2026-09-09 ratio=100.02 momentum=102.79; 2026-09-10 ratio=100.34 momentum=103.43,149.33
stock,Tilaknagar Inds.,TI.NS,Breweries & Distilleries,Fast Moving Consumer Goods,12900.26,0.19,31.59,-30.28,1046.03,155.67,57.07,11.78,,stage_2,5,535.75,464.44,3.64,0.02282,"{'price_above_30w_ma': True, '30w_ma_rising': True, 'price_above_10w_ma': True, 'relative_strength_positive': True, 'near_52w_high': True}",weakening,weakening,100.94,97.35,-0.14,1.29,False,False,2026-09-03 ratio=101.08 momentum=96.06; 2026-09-04 ratio=100.86 momentum=96.30; 2026-09-08 ratio=101.03 momentum=96.32; 2026-09-09 ratio=100.91 momentum=96.27; 2026-09-10 ratio=100.94 momentum=97.35,136.98
stock,Piccadily Agro,PICCADIL.NS,Breweries & Distilleries,Fast Moving Consumer Goods,5937.01,0.17,21.44,16.33,251.18,17.42,42.25,18.01,,not_stage_2,2,600.5,612.58,1.24,0.02558,"{'price_above_30w_ma': False, '30w_ma_rising': True, 'price_above_10w_ma': False, 'relative_strength_positive': False, 'near_52w_high': True}",lagging,lagging,98.42,96.49,-0.3,0.53,False,False,2026-09-04 ratio=98.72 momentum=95.95; 2026-09-07 ratio=98.75 momentum=96.61; 2026-09-08 ratio=98.56 momentum=96.43; 2026-09-09 ratio=98.42 momentum=96.32; 2026-09-10 ratio=98.42 momentum=96.49,42.48
stock,Globus Spirits,GLOBUSSPR.NS,Breweries & Distilleries,Fast Moving Consumer Goods,2643.7,0.78,26.48,49.05,788.78,12.71,26.3,11.25,,not_stage_2,0,837.55,906.34,-0.66,0.03567,"{'price_above_30w_ma': False, '30w_ma_rising': False, 'price_above_10w_ma': False, 'relative_strength_positive': False, 'near_52w_high': False}",lagging,leading,98.56,97.64,-2.53,-6.41,False,False,2026-09-03 ratio=101.09 momentum=104.05; 2026-09-04 ratio=100.82 momentum=103.23; 2026-09-08 ratio=99.16 momentum=97.31; 2026-09-09 ratio=99.03 momentum=97.75; 2026-09-10 ratio=98.56 momentum=97.64,0.0
stock,G M Breweries,GMBREW.NS,Breweries & Distilleries,Fast Moving Consumer Goods,2081.24,0.99,37.74,45.94,199.58,22.55,12.34,17.96,,not_stage_2,2,912.5,943.8,-1.25,0.03887,"{'price_above_30w_ma': False, '30w_ma_rising': False, 'price_above_10w_ma': True, 'relative_strength_positive': True, 'near_52w_high': False}",leading,leading,100.99,101.99,0.64,-1.59,False,False,2026-09-03 ratio=100.35 momentum=103.58; 2026-09-04 ratio=100.62 momentum=102.89; 2026-09-08 ratio=101.20 momentum=103.34; 2026-09-09 ratio=101.17 momentum=102.72; 2026-09-10 ratio=100.99 momentum=101.99,74.9
stock,India Glycols,INDIAGLYCO.NS,Breweries & Distilleries,Fast Moving Consumer Goods,1971.22,2.54,96.83,32.19,1130.39,8.64,6.22,12.4,,not_stage_2,0,310.4,962.97,-2.15,0.01322,"{'price_above_30w_ma': False, '30w_ma_rising': False, 'price_above_10w_ma': False, 'relative_strength_positive': False, 'near_52w_high': False}",lagging,lagging,97.47,98.47,2.09,0.33,False,False,2026-09-03 ratio=95.38 momentum=98.14; 2026-09-04 ratio=96.22 momentum=98.34; 2026-09-08 ratio=96.82 momentum=98.33; 2026-09-09 ratio=97.20 momentum=98.58; 2026-09-10 ratio=97.47 momentum=98.47,0.0
stock,Som Distilleries,SDBL.NS,Breweries & Distilleries,Fast Moving Consumer Goods,1457.8,0.0,1.56,-98.91,268.63,-49.16,,5.68,,not_stage_2,1,70.87,76.95,-2.34,0.00302,"{'price_above_30w_ma': False, '30w_ma_rising': False, 'price_above_10w_ma': False, 'relative_strength_positive': True, 'near_52w_high': False}",leading,leading,100.48,100.65,-0.84,-1.82,False,False,2026-09-04 ratio=101.32 momentum=102.47; 2026-09-07 ratio=101.73 momentum=102.93; 2026-09-08 ratio=100.92 momentum=101.65; 2026-09-09 ratio=100.85 momentum=101.42; 2026-09-10 ratio=100.48 momentum=100.65,45.65
stock,eClerx Services,ECLERX.NS,Business Process Outsourcing (BPO)/ Knowledge Process Outsourcing (KPO),Services,17869.64,0.05,164.24,15.99,1152.36,23.31,24.52,34.42,,not_stage_2,4,1899.8,1624.41,-1.69,0.08092,"{'price_above_30w_ma': True, '30w_ma_rising': False, 'price_above_10w_ma': True, 'relative_strength_positive': True, 'near_52w_high': True}",weakening,leading,100.88,98.24,-0.29,-4.07,False,False,2026-09-03 ratio=101.17 momentum=102.31; 2026-09-04 ratio=100.78 momentum=100.71; 2026-09-08 ratio=101.09 momentum=102.73; 2026-09-09 ratio=101.05 momentum=101.49; 2026-09-10 ratio=100.88 momentum=98.24,84.4
stock,Firstsour.Solu.,FSL.NS,Business Process Outsourcing (BPO)/ Knowledge Process Outsourcing (KPO),Services,17467.79,2.22,165.92,30.01,2724.87,22.87,21.88,16.8,,not_stage_2,1,251.35,246.95,-1.55,0.01071,"{'price_above_30w_ma': True, '30w_ma_rising': False, 'price_above_10w_ma': False, 'relative_strength_positive': False, 'near_52w_high': False}",lagging,lagging,99.36,96.86,-0.6,0.54,False,False,2026-09-04 ratio=99.96 momentum=96.32; 2026-09-07 ratio=99.76 momentum=96.61; 2026-09-08 ratio=99.70 momentum=96.08; 2026-09-09 ratio=99.61 momentum=97.09; 2026-09-10 ratio=99.36 momentum=96.86,20.0
stock,RPSG Ventures,RPSGVENT.NS,Business Process Outsourcing (BPO)/ Knowledge Process Outsourcing (KPO),Services,2743.64,0.0,253.09,34.95,3576.44,20.36,,10.61,,not_stage_2,2,840.2,857.86,2.19,0.03579,"{'price_above_30w_ma': False, '30w_ma_rising': True, 'price_above_10w_ma': False, 'relative_strength_positive': False, 'near_52w_high': True}",improving,lagging,99.27,100.27,0.79,2.51,False,True,2026-09-03 ratio=98.49 momentum=97.76; 2026-09-04 ratio=98.46 momentum=98.14; 2026-09-08 ratio=98.41 momentum=98.16; 2026-09-09 ratio=100.16 momentum=102.66; 2026-09-10 ratio=99.27 momentum=100.27,45.73
stock,Hinduja Global,HGS.NS,Business Process Outsourcing (BPO)/ Knowledge Process Outsourcing (KPO),Services,1773.59,1.31,-66.26,-45.26,1050.36,-0.56,,1.46,,not_stage_2,0,383.85,403.35,-0.44,0.01635,"{'price_above_30w_ma': False, '30w_ma_rising': False, 'price_above_10w_ma': False, 'relative_strength_positive': False, 'near_52w_high': False}",improving,lagging,98.67,100.37,-0.0,0.38,False,False,2026-09-03 ratio=98.67 momentum=99.99; 2026-09-04 ratio=99.16 momentum=103.34; 2026-09-08 ratio=98.67 momentum=100.99; 2026-09-09 ratio=98.74 momentum=102.18; 2026-09-10 ratio=98.67 momentum=100.37,1.85
stock,One Point One,ONEPOINT.NS,Business Process Outsourcing (BPO)/ Knowledge Process Outsourcing (KPO),Services,1484.76,0.0,16.31,72.78,158.32,129.42,32.24,10.88,,stage_2,5,57.74,54.54,1.67,0.00246,"{'price_above_30w_ma': True, '30w_ma_rising': True, 'price_above_10w_ma': True, 'relative_strength_positive': True, 'near_52w_high': True}",leading,leading,101.99,102.02,1.04,-0.69,False,False,2026-09-04 ratio=100.95 momentum=102.71; 2026-09-07 ratio=101.58 momentum=102.83; 2026-09-08 ratio=100.91 momentum=102.22; 2026-09-09 ratio=102.32 momentum=102.67; 2026-09-10 ratio=101.99 momentum=102.02,168.39
stock,Alldigi Tech,ALLDIGI.NS,Business Process Outsourcing (BPO)/ Knowledge Process Outsourcing (KPO),Services,1217.38,7.53,18.12,21.69,150.28,4.43,13.21,27.89,,not_stage_2,2,802.7,808.76,-0.71,0.03419,"{'price_above_30w_ma': False, '30w_ma_rising': False, 'price_above_10w_ma': False, 'relative_strength_positive': True, 'near_52w_high': True}",leading,improving,100.44,101.43,0.66,-1.29,False,False,2026-09-03 ratio=99.78 momentum=102.71; 2026-09-04 ratio=99.94 momentum=100.87; 2026-09-08 ratio=100.32 momentum=101.72; 2026-09-09 ratio=100.54 momentum=102.44; 2026-09-10 ratio=100.44 momentum=101.43,69.35
stock,Kandarp Digi,KANDARP.NS,Business Process Outsourcing (BPO)/ Knowledge Process Outsourcing (KPO),Services,65.37,0.0,1.13,-15.67,16.35,4.01,35.34,11.22,,not_stage_2,0,71.9,124.33,-5.7,0.00306,"{'price_above_30w_ma': False, '30w_ma_rising': False, 'price_above_10w_ma': False, 'relative_strength_positive': False, 'near_52w_high': False}",lagging,lagging,95.78,96.71,-2.87,-1.81,False,False,2026-09-03 ratio=98.66 momentum=98.53; 2026-09-04 ratio=99.75 momentum=99.76; 2026-09-08 ratio=97.91 momentum=97.69; 2026-09-09 ratio=96.44 momentum=96.40; 2026-09-10 ratio=95.78 momentum=96.71,0.0
stock,Cadsys (India),CADSYS.NS,Business Process Outsourcing (BPO)/ Knowledge Process Outsourcing (KPO),Services,44.11,0.0,-8.6,110.64,47.31,16.3,,-14.11,,not_stage_2,0,46.4,57.78,-0.2,0.00198,"{'price_above_30w_ma': False, '30w_ma_rising': False, 'price_above_10w_ma': False, 'relative_strength_positive': False, 'near_52w_high': False}",improving,improving,98.87,100.93,0.26,-0.12,False,False,2026-09-03 ratio=98.61 momentum=101.05; 2026-09-04 ratio=98.65 momentum=100.94; 2026-09-08 ratio=98.75 momentum=101.14; 2026-09-09 ratio=98.84 momentum=101.42; 2026-09-10 ratio=98.87 momentum=100.93,4.65
stock,We Win Ltd,WEWIN.NS,Business Process Outsourcing (BPO)/ Knowledge Process Outsourcing (KPO),Services,41.77,0.0,0.91,-15.74,30.77,51.65,9.3,10.9,,not_stage_2,1,42.99,48.99,0.4,0.00183,"{'price_above_30w_ma': False, '30w_ma_rising': True, 'price_above_10w_ma': False, 'relative_strength_positive': False, 'near_52w_high': False}",lagging,lagging,99.04,99.83,1.11,1.83,False,False,2026-09-03 ratio=97.93 momentum=98.00; 2026-09-04 ratio=97.63 momentum=97.29; 2026-09-08 ratio=97.99 momentum=98.61; 2026-09-09 ratio=98.42 momentum=98.19; 2026-09-10 ratio=99.04 momentum=99.83,20.8
stock,HRH Next,HRHNEXT.NS,Business Process Outsourcing (BPO)/ Knowledge Process Outsourcing (KPO),Services,31.23,0.0,2.78,152.73,35.92,24.68,6.43,15.84,,not_stage_2,0,24.85,26.96,-1.87,0.00106,"{'price_above_30w_ma': False, '30w_ma_rising': False, 'price_above_10w_ma': False, 'relative_strength_positive': False, 'near_52w_high': False}",lagging,lagging,99.29,98.26,-0.03,-1.02,False,False,2026-09-04 ratio=99.32 momentum=99.29; 2026-09-07 ratio=99.28 momentum=98.31; 2026-09-08 ratio=100.13 momentum=97.88; 2026-09-09 ratio=100.30 momentum=99.06; 2026-09-10 ratio=99.29 momentum=98.26,0.0
stock,Polycab India,POLYCAB.NS,Cables - Electricals,Capital Goods,124095.85,0.57,796.66,32.46,8209.73,39.01,43.33,33.21,,not_stage_2,2,8358.0,8668.12,2.27,0.356,"{'price_above_30w_ma': False, '30w_ma_rising': True, 'price_above_10w_ma': False, 'relative_strength_positive': False, 'near_52w_high': True}",lagging,lagging,98.2,98.64,0.88,0.67,False,False,2026-09-04 ratio=97.33 momentum=97.97; 2026-09-07 ratio=97.45 momentum=98.12; 2026-09-08 ratio=97.97 momentum=98.69; 2026-09-09 ratio=98.20 momentum=98.88; 2026-09-10 ratio=98.20 momentum=98.64,44.54
stock,KEI Industries,KEI.NS,Cables - Electricals,Capital Goods,43795.22,0.1,274.14,40.05,3185.34,22.97,43.93,20.05,,not_stage_2,2,4640.0,4989.25,2.56,0.19763,"{'price_above_30w_ma': False, '30w_ma_rising': True, 'price_above_10w_ma': False, 'relative_strength_positive': False, 'near_52w_high': True}",lagging,lagging,98.57,97.91,-0.15,0.62,False,False,2026-09-04 ratio=98.72 momentum=97.29; 2026-09-07 ratio=98.39 momentum=97.67; 2026-09-08 ratio=98.53 momentum=97.82; 2026-09-09 ratio=98.63 momentum=98.06; 2026-09-10 ratio=98.57 momentum=97.91,45.12
stock,R R Kabel,RRKABEL.NS,Cables - Electricals,Capital Goods,27424.67,0.39,205.2,117.32,3168.2,53.9,44.85,28.1,,not_stage_2,3,2437.0,2037.42,9.15,0.1038,"{'price_above_30w_ma': True, '30w_ma_rising': True, 'price_above_10w_ma': False, 'relative_strength_positive': False, 'near_52w_high': True}",lagging,weakening,99.67,98.09,-0.65,1.29,False,False,2026-09-03 ratio=100.32 momentum=96.80; 2026-09-04 ratio=99.56 momentum=96.49; 2026-09-08 ratio=99.66 momentum=97.37; 2026-09-09 ratio=99.62 momentum=98.05; 2026-09-10 ratio=99.67 momentum=98.09,78.3
stock,Finolex Cables,FINCABLES.NS,Cables - Electricals,Capital Goods,21746.37,0.63,249.04,53.14,2013.15,44.26,27.18,16.01,,stage_2,5,1418.4,1037.51,7.5,0.06041,"{'price_above_30w_ma': True, '30w_ma_rising': True, 'price_above_10w_ma': True, 'relative_strength_positive': True, 'near_52w_high': True}",leading,weakening,102.28,101.47,1.4,3.5,True,False,2026-09-04 ratio=100.89 momentum=97.97; 2026-09-07 ratio=100.98 momentum=97.35; 2026-09-08 ratio=101.60 momentum=100.83; 2026-09-09 ratio=101.98 momentum=101.12; 2026-09-10 ratio=102.28 momentum=101.47,188.75
stock,KSH Internationa,KSHINTL.NS,Cables - Electricals,Capital Goods,7936.89,0.0,42.22,86.16,1164.24,108.38,60.63,21.46,,stage_2,5,1174.3,727.87,14.72,0.05002,"{'price_above_30w_ma': True, '30w_ma_rising': True, 'price_above_10w_ma': True, 'relative_strength_positive': True, 'near_52w_high': True}",leading,leading,102.73,101.73,0.04,0.51,False,False,2026-09-04 ratio=102.70 momentum=101.22; 2026-09-07 ratio=102.74 momentum=101.80; 2026-09-08 ratio=103.29 momentum=102.33; 2026-09-09 ratio=102.80 momentum=102.09; 2026-09-10 ratio=102.73 momentum=101.73,196.74
stock,V-Marc India,VMARCIND.NS,Cables - Electricals,Capital Goods,5249.96,0.0,28.55,163.62,555.51,102.42,44.88,41.37,,not_stage_2,2,349.1,747.46,-4.11,0.01487,"{'price_above_30w_ma': False, '30w_ma_rising': False, 'price_above_10w_ma': True, 'relative_strength_positive': True, 'near_52w_high': False}",leading,leading,100.91,103.28,0.83,-0.94,False,False,2026-09-03 ratio=100.08 momentum=104.21; 2026-09-04 ratio=100.23 momentum=103.61; 2026-09-08 ratio=100.32 momentum=103.10; 2026-09-09 ratio=100.52 momentum=103.15; 2026-09-10 ratio=100.91 momentum=103.28,80.95
stock,Universal Cables,UNIVCABLES.NS,Cables - Electricals,Capital Goods,5207.21,0.3,70.14,108.75,945.06,57.46,26.03,11.68,,stage_2,5,1556.9,1087.84,12.31,0.06631,"{'price_above_30w_ma': True, '30w_ma_rising': True, 'price_above_10w_ma': True, 'relative_strength_positive': True, 'near_52w_high': True}",weakening,weakening,100.81,98.59,-0.08,1.17,False,False,2026-09-04 ratio=100.89 momentum=97.42; 2026-09-07 ratio=100.48 momentum=96.34; 2026-09-08 ratio=100.67 momentum=98.31; 2026-09-09 ratio=100.79 momentum=98.94; 2026-09-10 ratio=100.81 momentum=98.59,153.67
stock,Laser Power,LASERPOWER.NS,Cables - Electricals,Capital Goods,4068.58,0.0,20.73,3.75,521.55,14.84,37.04,20.51,,insufficient_data,0,,,,,{},insufficient_data,insufficient_data,,,,,False,False,,0.0
stock,Lumino Inds,LUMINO.NS,Cables - Electricals,Capital Goods,3315.39,0.0,63.7,,947.62,,20.75,26.61,,insufficient_data,0,,,,,{},insufficient_data,insufficient_data,,,,,False,False,,0.0
stock,Dynamic Cables,DYCL.NS,Cables - Electricals,Capital Goods,2204.38,0.11,24.95,37.01,349.1,33.22,24.18,26.21,,stage_2,5,454.65,355.77,7.18,0.01937,"{'price_above_30w_ma': True, '30w_ma_rising': True, 'price_above_10w_ma': True, 'relative_strength_positive': True, 'near_52w_high': True}",weakening,leading,100.87,99.0,-1.89,-2.42,False,False,2026-09-03 ratio=102.76 momentum=101.42; 2026-09-04 ratio=101.50 momentum=99.67; 2026-09-08 ratio=101.00 momentum=99.93; 2026-09-09 ratio=100.96 momentum=100.18; 2026-09-10 ratio=100.87 momentum=99.00,143.71
stock,Godfrey Phillips,GODFRYPHLP.NS,Cigarettes & Tobacco Products,Fast Moving Consumer Goods,30072.93,2.59,198.39,-44.32,1205.51,-18.89,21.99,30.25,,not_stage_2,0,1972.0,2166.23,-0.06,0.08399,"{'price_above_30w_ma': False, '30w_ma_rising': False, 'price_above_10w_ma': False, 'relative_strength_positive': False, 'near_52w_high': False}",lagging,lagging,98.4,96.46,-0.45,-3.16,False,False,2026-09-03 ratio=98.84 momentum=99.62; 2026-09-04 ratio=98.94 momentum=99.38; 2026-09-08 ratio=98.67 momentum=99.15; 2026-09-09 ratio=98.49 momentum=98.85; 2026-09-10 ratio=98.40 momentum=96.46,0.0
stock,VST Industries,VSTIND.NS,Cigarettes & Tobacco Products,Fast Moving Consumer Goods,3462.47,5.88,42.42,-24.43,256.46,-13.91,12.43,28.13,,not_stage_2,1,206.46,236.93,-1.55,0.00879,"{'price_above_30w_ma': False, '30w_ma_rising': False, 'price_above_10w_ma': False, 'relative_strength_positive': False, 'near_52w_high': True}",improving,improving,99.31,102.33,0.22,-0.45,False,False,2026-09-04 ratio=99.09 momentum=102.78; 2026-09-07 ratio=99.11 momentum=103.30; 2026-09-08 ratio=99.20 momentum=104.76; 2026-09-09 ratio=99.43 momentum=103.89; 2026-09-10 ratio=99.31 momentum=102.33,31.65
stock,Elitecon Inter.,ELITECON.NS,Cigarettes & Tobacco Products,Fast Moving Consumer Goods,1307.57,0.61,103.57,676.39,1741.26,1750.04,4.08,,,insufficient_data,0,,,,,{},insufficient_data,insufficient_data,,,,,False,False,,0.0
stock,NTC Industries,NTCIND.NS,Cigarettes & Tobacco Products,Fast Moving Consumer Goods,196.25,0.0,6.12,7.94,25.23,-10.25,9.81,11.14,,insufficient_data,0,,,,,{},insufficient_data,insufficient_data,,,,,False,False,,0.0
stock,Shanthala FMCG,SHANTHALA.NS,Cigarettes & Tobacco Products,Fast Moving Consumer Goods,11.15,0.0,0.72,71.43,25.82,-0.12,8.78,5.98,,not_stage_2,0,16.65,23.87,-8.49,0.00071,"{'price_above_30w_ma': False, '30w_ma_rising': False, 'price_above_10w_ma': False, 'relative_strength_positive': False, 'near_52w_high': False}",improving,improving,99.4,103.59,0.25,1.82,False,True,2026-09-04 ratio=99.16 momentum=101.77; 2026-09-07 ratio=99.22 momentum=101.89; 2026-09-08 ratio=99.29 momentum=101.94; 2026-09-09 ratio=99.38 momentum=107.46; 2026-09-10 ratio=99.40 momentum=103.59,17.95
stock,Marc Technocrats,MARC.NS,Consulting Services,Services,247.84,0.0,4.81,,37.53,,23.51,29.22,,stage_2,5,151.0,93.24,15.18,0.00643,"{'price_above_30w_ma': True, '30w_ma_rising': True, 'price_above_10w_ma': True, 'relative_strength_positive': True, 'near_52w_high': True}",weakening,weakening,101.63,98.61,-0.01,-0.32,False,False,2026-09-03 ratio=101.63 momentum=98.92; 2026-09-04 ratio=101.55 momentum=97.40; 2026-09-08 ratio=101.16 momentum=96.50; 2026-09-09 ratio=101.47 momentum=98.11; 2026-09-10 ratio=101.63 momentum=98.61,163.51
stock,EKI Energy,EKI.NS,Consulting Services,Services,190.55,2.89,-15.93,-2094.44,10.46,-29.99,,-3.84,,insufficient_data,0,,,,,{},insufficient_data,insufficient_data,,,,,False,False,,0.0
stock,Mitcon Consult.,MITCON.NS,Consulting Services,Services,139.61,0.0,2.75,151.38,67.58,176.63,14.33,8.83,,stage_2,5,81.65,73.36,3.77,0.00348,"{'price_above_30w_ma': True, '30w_ma_rising': True, 'price_above_10w_ma': True, 'relative_strength_positive': True, 'near_52w_high': True}",leading,leading,102.56,103.01,1.79,2.69,False,False,2026-09-03 ratio=100.77 momentum=100.32; 2026-09-04 ratio=100.74 momentum=100.31; 2026-09-08 ratio=102.25 momentum=101.87; 2026-09-09 ratio=102.92 momentum=103.03; 2026-09-10 ratio=102.56 momentum=103.01,180.39
stock,AAA Technologies,AAATECH.NS,Consulting Services,Services,117.9,1.09,0.87,12.99,3.76,1.62,56.68,8.16,,not_stage_2,2,92.77,95.04,-1.42,0.00395,"{'price_above_30w_ma': False, '30w_ma_rising': False, 'price_above_10w_ma': True, 'relative_strength_positive': True, 'near_52w_high': False}",leading,leading,100.92,104.51,0.55,3.5,False,False,2026-09-03 ratio=100.37 momentum=101.01; 2026-09-04 ratio=99.86 momentum=98.73; 2026-09-08 ratio=100.54 momentum=100.45; 2026-09-09 ratio=100.60 momentum=103.03; 2026-09-10 ratio=100.92 momentum=104.51,87.15
stock,Dhruv Consultanc,DHRUV.NS,Consulting Services,Services,41.04,0.92,-4.74,-396.25,15.55,-26.09,,-32.46,,not_stage_2,0,22.79,28.26,-5.53,0.00097,"{'price_above_30w_ma': False, '30w_ma_rising': False, 'price_above_10w_ma': False, 'relative_strength_positive': False, 'near_52w_high': False}",lagging,lagging,98.94,98.71,-0.12,0.64,False,False,2026-09-03 ratio=99.05 momentum=98.07; 2026-09-04 ratio=98.26 momentum=97.58; 2026-09-08 ratio=99.27 momentum=102.54; 2026-09-09 ratio=99.13 momentum=101.77; 2026-09-10 ratio=98.94 momentum=98.71,0.0
stock,Manglam Infra,MIEL.NS,Consulting Services,Services,21.64,0.0,1.6,1700.0,21.86,-21.42,6.89,9.5,,insufficient_data,0,,,,,{},insufficient_data,insufficient_data,,,,,False,False,,0.0
stock,Physicswallah,PWL.NS,E-Learning,Consumer Services,39474.84,0.0,-88.28,35.6,1053.95,24.42,645.95,4.02,,stage_2,4,126.73,111.88,0.72,0.0054,"{'price_above_30w_ma': True, '30w_ma_rising': True, 'price_above_10w_ma': False, 'relative_strength_positive': True, 'near_52w_high': True}",leading,improving,100.26,101.03,0.28,-0.54,False,False,2026-09-04 ratio=99.98 momentum=101.57; 2026-09-07 ratio=100.41 momentum=101.89; 2026-09-08 ratio=100.14 momentum=101.51; 2026-09-09 ratio=100.12 momentum=100.60; 2026-09-10 ratio=100.26 momentum=101.03,132.89
stock,Veranda Learning,VERANDA.NS,E-Learning,Consumer Services,2165.82,0.0,33.87,854.4,149.54,41.52,33.58,12.83,,not_stage_2,3,230.51,210.28,2.71,0.00982,"{'price_above_30w_ma': True, '30w_ma_rising': True, 'price_above_10w_ma': False, 'relative_strength_positive': False, 'near_52w_high': True}",lagging,weakening,99.46,98.41,-0.91,0.81,False,False,2026-09-03 ratio=100.37 momentum=97.60; 2026-09-04 ratio=100.36 momentum=94.95; 2026-09-08 ratio=99.53 momentum=96.18; 2026-09-09 ratio=99.89 momentum=98.22; 2026-09-10 ratio=99.46 momentum=98.41,65.42
stock,Jaro Institute,JARO.NS,E-Learning,Consumer Services,1011.97,1.1,11.17,48.34,70.75,16.61,17.9,22.09,,not_stage_2,1,456.25,473.42,-1.02,0.01943,"{'price_above_30w_ma': False, '30w_ma_rising': False, 'price_above_10w_ma': False, 'relative_strength_positive': True, 'near_52w_high': False}",improving,improving,99.98,102.24,0.86,0.23,False,True,2026-09-04 ratio=99.12 momentum=102.01; 2026-09-07 ratio=99.16 momentum=102.66; 2026-09-08 ratio=99.22 momentum=98.84; 2026-09-09 ratio=99.26 momentum=99.94; 2026-09-10 ratio=99.98 momentum=102.24,31.2
stock,Addictive Learn,ADDICTIVE.NS,E-Learning,Consumer Services,75.57,0.0,0.31,-75.97,22.69,8.41,,-0.11,,insufficient_data,0,,,,,{},insufficient_data,insufficient_data,,,,,False,False,,0.0
stock,G-Tec Janix,GTECJAINX.NS,E-Learning,Consumer Services,27.16,0.0,0.3,100.0,2.25,-10.36,,-36.32,,stage_2,4,27.9,24.17,5.52,0.00119,"{'price_above_30w_ma': True, '30w_ma_rising': True, 'price_above_10w_ma': False, 'relative_strength_positive': True, 'near_52w_high': True}",weakening,leading,100.2,98.57,-0.25,-1.93,False,False,2026-09-03 ratio=100.45 momentum=100.50; 2026-09-04 ratio=100.74 momentum=99.54; 2026-09-08 ratio=100.11 momentum=97.95; 2026-09-09 ratio=99.41 momentum=98.79; 2026-09-10 ratio=100.20 momentum=98.57,117.04
stock,Usha Mart. Edu.,UMESLTD.NS,E-Learning,Consumer Services,13.15,0.0,0.02,0.0,0.12,-7.69,32.07,5.23,,not_stage_2,1,5.01,5.6,1.37,0.00021,"{'price_above_30w_ma': False, '30w_ma_rising': True, 'price_above_10w_ma': False, 'relative_strength_positive': False, 'near_52w_high': False}",lagging,lagging,98.69,98.26,0.52,1.2,False,False,2026-09-03 ratio=98.17 momentum=97.06; 2026-09-04 ratio=98.52 momentum=99.55; 2026-09-08 ratio=98.72 momentum=97.46; 2026-09-09 ratio=98.91 momentum=98.97; 2026-09-10 ratio=98.69 momentum=98.26,22.74
stock,Docmode Health,DHTL.NS,E-Learning,Consumer Services,10.22,0.0,-0.07,95.57,7.67,-64.07,,6.12,,not_stage_2,1,34.2,40.23,-9.79,0.00146,"{'price_above_30w_ma': False, '30w_ma_rising': False, 'price_above_10w_ma': False, 'relative_strength_positive': True, 'near_52w_high': False}",leading,improving,100.3,103.28,1.01,-0.24,False,False,2026-09-04 ratio=99.29 momentum=103.53; 2026-09-07 ratio=99.97 momentum=104.54; 2026-09-08 ratio=100.11 momentum=102.73; 2026-09-09 ratio=100.29 momentum=102.44; 2026-09-10 ratio=100.30 momentum=103.28,57.9
stock,PVR Inox,PVRINOX.NS,"Film Production, Distribution & Exhibition","Media, Entertainment & Publication",12136.89,0.0,56.5,220.3,1622.2,11.91,38.26,6.79,,stage_2,5,1221.3,1039.1,3.04,0.05202,"{'price_above_30w_ma': True, '30w_ma_rising': True, 'price_above_10w_ma': True, 'relative_strength_positive': True, 'near_52w_high': True}",weakening,weakening,101.38,98.76,0.01,0.75,False,False,2026-09-04 ratio=101.36 momentum=98.01; 2026-09-07 ratio=100.65 momentum=96.31; 2026-09-08 ratio=101.48 momentum=99.21; 2026-09-09 ratio=100.88 momentum=96.56; 2026-09-10 ratio=101.38 momentum=98.76,137.98
stock,Media Matrix,MMWL.NS,"Film Production, Distribution & Exhibition","Media, Entertainment & Publication",1513.75,0.0,3.58,84.46,428.45,83.37,213.2,9.78,,insufficient_data,0,,,,,{},lagging,weakening,99.95,96.16,-0.62,-3.26,False,False,2026-09-04 ratio=100.58 momentum=99.42; 2026-09-07 ratio=100.40 momentum=97.91; 2026-09-08 ratio=100.04 momentum=96.39; 2026-09-09 ratio=99.96 momentum=95.00; 2026-09-10 ratio=99.95 momentum=96.16,0.0
stock,Panorama Studios,PANORAMA.NS,"Film Production, Distribution & Exhibition","Media, Entertainment & Publication",1402.22,0.11,12.71,165.95,183.07,34.26,58.09,8.7,,insufficient_data,0,,,,,{},insufficient_data,insufficient_data,,,,,False,False,,0.0
stock,Sunshine Picture,SUNSHINE.NS,"Film Production, Distribution & Exhibition","Media, Entertainment & Publication",1271.24,0.0,,,,,32.12,40.96,,insufficient_data,0,,,,,{},insufficient_data,insufficient_data,,,,,False,False,,0.0
stock,Connplex Cinemas,CONNPLEX.NS,"Film Production, Distribution & Exhibition","Media, Entertainment & Publication",505.58,0.0,13.03,38.91,83.46,51.97,19.52,43.55,,insufficient_data,0,,,,,{},insufficient_data,insufficient_data,,,,,False,False,,0.0
stock,Cineline India,CINELINE.NS,"Film Production, Distribution & Exhibition","Media, Entertainment & Publication",363.95,1.3,-1.21,74.27,59.27,30.87,27.04,10.86,,stage_2,5,93.58,84.69,0.93,0.00399,"{'price_above_30w_ma': True, '30w_ma_rising': True, 'price_above_10w_ma': True, 'relative_strength_positive': True, 'near_52w_high': True}",leading,leading,101.76,100.55,-0.63,-2.5,False,False,2026-09-04 ratio=102.39 momentum=103.05; 2026-09-07 ratio=102.89 momentum=102.35; 2026-09-08 ratio=102.20 momentum=101.03; 2026-09-09 ratio=101.96 momentum=100.80; 2026-09-10 ratio=101.76 momentum=100.55,158.41
stock,UFO Moviez,UFO.NS,"Film Production, Distribution & Exhibition","Media, Entertainment & Publication",240.87,0.0,5.64,-13.5,110.69,3.81,10.02,11.19,,not_stage_2,0,63.08,69.14,-1.86,0.00269,"{'price_above_30w_ma': False, '30w_ma_rising': False, 'price_above_10w_ma': False, 'relative_strength_positive': False, 'near_52w_high': False}",lagging,improving,98.75,98.04,-0.52,-3.46,False,False,2026-09-03 ratio=99.27 momentum=101.50; 2026-09-04 ratio=99.10 momentum=102.90; 2026-09-08 ratio=99.36 momentum=102.55; 2026-09-09 ratio=98.81 momentum=100.57; 2026-09-10 ratio=98.75 momentum=98.04,0.0
stock,Tips Films,TIPSFILMS.NS,"Film Production, Distribution & Exhibition","Media, Entertainment & Publication",140.14,0.0,-29.41,-720.46,47.96,-49.71,,-6.69,,not_stage_2,0,327.4,352.13,-1.59,0.01395,"{'price_above_30w_ma': False, '30w_ma_rising': False, 'price_above_10w_ma': False, 'relative_strength_positive': False, 'near_52w_high': False}",lagging,lagging,99.49,98.52,0.06,2.76,False,False,2026-09-03 ratio=99.43 momentum=95.76; 2026-09-04 ratio=99.40 momentum=96.12; 2026-09-08 ratio=99.56 momentum=98.27; 2026-09-09 ratio=99.49 momentum=98.16; 2026-09-10 ratio=99.49 momentum=98.52,0.0
stock,Mukta Arts,MUKTAARTS.NS,"Film Production, Distribution & Exhibition","Media, Entertainment & Publication",132.28,0.0,-2.15,64.7,40.59,10.51,,11.17,,not_stage_2,4,56.88,54.86,-0.58,0.00242,"{'price_above_30w_ma': True, '30w_ma_rising': False, 'price_above_10w_ma': True, 'relative_strength_positive': True, 'near_52w_high': True}",leading,leading,101.14,101.08,0.83,0.59,False,False,2026-09-03 ratio=100.31 momentum=100.48; 2026-09-04 ratio=101.62 momentum=103.72; 2026-09-08 ratio=101.09 momentum=102.15; 2026-09-09 ratio=101.82 momentum=103.34; 2026-09-10 ratio=101.14 momentum=101.08,111.1
stock,Baweja Studios L,BAWEJA.NS,"Film Production, Distribution & Exhibition","Media, Entertainment & Publication",44.5,0.0,4.57,-13.28,33.44,-22.93,7.32,7.94,,not_stage_2,0,23.65,28.68,-2.68,0.00101,"{'price_above_30w_ma': False, '30w_ma_rising': False, 'price_above_10w_ma': False, 'relative_strength_positive': False, 'near_52w_high': False}",improving,improving,99.15,100.98,-0.8,-1.85,False,False,2026-09-04 ratio=99.95 momentum=102.84; 2026-09-07 ratio=100.04 momentum=102.57; 2026-09-08 ratio=99.92 momentum=102.61; 2026-09-09 ratio=99.14 momentum=100.82; 2026-09-10 ratio=99.15 momentum=100.98,4.9
stock,Metro Brands,METROBRAND.NS,Footwear,Consumer Durables,25595.56,0.64,95.26,-4.79,720.36,14.66,62.98,20.12,,not_stage_2,0,952.1,1001.77,-1.47,0.04055,"{'price_above_30w_ma': False, '30w_ma_rising': False, 'price_above_10w_ma': False, 'relative_strength_positive': False, 'near_52w_high': False}",improving,improving,99.84,101.94,1.01,-1.38,False,False,2026-09-03 ratio=98.83 momentum=103.32; 2026-09-04 ratio=99.09 momentum=104.06; 2026-09-08 ratio=99.64 momentum=104.55; 2026-09-09 ratio=99.98 momentum=103.73; 2026-09-10 ratio=99.84 momentum=101.94,9.7
stock,Bata India,BATAINDIA.NS,Footwear,Consumer Durables,8331.2,3.85,63.98,15.88,978.95,3.94,47.92,12.74,,not_stage_2,0,653.25,704.87,-3.23,0.02782,"{'price_above_30w_ma': False, '30w_ma_rising': False, 'price_above_10w_ma': False, 'relative_strength_positive': False, 'near_52w_high': False}",lagging,lagging,98.77,97.68,-0.32,2.84,False,False,2026-09-04 ratio=99.09 momentum=94.84; 2026-09-07 ratio=99.12 momentum=99.54; 2026-09-08 ratio=99.06 momentum=100.53; 2026-09-09 ratio=99.23 momentum=100.42; 2026-09-10 ratio=98.77 momentum=97.68,0.0
stock,Relaxo Footwear,RELAXO.NS,Footwear,Consumer Durables,8086.78,1.08,54.94,12.35,705.05,7.73,43.64,11.18,,not_stage_2,0,326.9,341.82,-0.71,0.01392,"{'price_above_30w_ma': False, '30w_ma_rising': False, 'price_above_10w_ma': False, 'relative_strength_positive': False, 'near_52w_high': False}",lagging,lagging,97.93,96.39,0.06,-0.84,False,False,2026-09-03 ratio=97.87 momentum=97.23; 2026-09-04 ratio=98.01 momentum=96.99; 2026-09-08 ratio=97.82 momentum=94.84; 2026-09-09 ratio=97.78 momentum=96.69; 2026-09-10 ratio=97.93 momentum=96.39,0.0
stock,Campus Activewe.,CAMPUS.NS,Footwear,Consumer Durables,6550.4,0.7,26.14,17.75,385.2,12.21,42.53,21.22,,not_stage_2,1,213.68,235.8,-2.19,0.0091,"{'price_above_30w_ma': False, '30w_ma_rising': False, 'price_above_10w_ma': False, 'relative_strength_positive': False, 'near_52w_high': True}",lagging,leading,99.25,98.33,-1.04,-6.31,False,False,2026-09-03 ratio=100.29 momentum=104.64; 2026-09-04 ratio=100.18 momentum=100.80; 2026-09-08 ratio=99.52 momentum=97.28; 2026-09-09 ratio=99.54 momentum=99.23; 2026-09-10 ratio=99.25 momentum=98.33,20.0
stock,Redtape,REDTAPE.NS,Footwear,Consumer Durables,6418.65,1.72,44.48,15.23,481.28,3.65,26.05,24.48,,not_stage_2,0,115.06,127.1,-0.24,0.0049,"{'price_above_30w_ma': False, '30w_ma_rising': False, 'price_above_10w_ma': False, 'relative_strength_positive': False, 'near_52w_high': False}",lagging,lagging,98.33,99.96,0.2,0.01,False,False,2026-09-03 ratio=98.13 momentum=99.95; 2026-09-04 ratio=98.68 momentum=101.65; 2026-09-08 ratio=98.15 momentum=100.44; 2026-09-09 ratio=98.56 momentum=102.38; 2026-09-10 ratio=98.33 momentum=99.96,0.0
stock,Sreeleathers,SREEL.NS,Footwear,Consumer Durables,771.37,0.6,6.99,138.57,59.63,19.74,23.48,6.97,,stage_2,5,370.3,210.15,4.6,0.01577,"{'price_above_30w_ma': True, '30w_ma_rising': True, 'price_above_10w_ma': True, 'relative_strength_positive': True, 'near_52w_high': True}",leading,leading,104.25,101.68,2.32,1.63,False,False,2026-09-03 ratio=101.93 momentum=100.04; 2026-09-04 ratio=102.12 momentum=101.43; 2026-09-08 ratio=103.06 momentum=101.87; 2026-09-09 ratio=104.51 momentum=102.36; 2026-09-10 ratio=104.25 momentum=101.68,183.85
stock,Liberty Shoes,LIBERTSHOE.NS,Footwear,Consumer Durables,389.51,0.0,0.68,-76.97,169.86,-1.7,45.72,7.91,,not_stage_2,0,229.41,250.25,-0.8,0.00977,"{'price_above_30w_ma': False, '30w_ma_rising': False, 'price_above_10w_ma': False, 'relative_strength_positive': False, 'near_52w_high': False}",lagging,lagging,98.59,98.06,0.18,-1.85,False,False,2026-09-03 ratio=98.41 momentum=99.91; 2026-09-04 ratio=98.38 momentum=97.63; 2026-09-08 ratio=98.15 momentum=98.03; 2026-09-09 ratio=98.87 momentum=100.04; 2026-09-10 ratio=98.59 momentum=98.06,0.0
stock,Brandman Retail,BRANDMAN.NS,Footwear,Consumer Durables,318.39,0.0,4.76,1152.63,45.19,287.56,10.73,36.81,,insufficient_data,0,,,,,{},insufficient_data,insufficient_data,,,,,False,False,,0.0
stock,Khadim India,KHADIM.NS,Footwear,Consumer Durables,224.92,0.0,0.52,-39.53,77.84,-18.66,49.87,6.87,,not_stage_2,3,123.08,104.1,-6.04,0.00524,"{'price_above_30w_ma': True, '30w_ma_rising': False, 'price_above_10w_ma': True, 'relative_strength_positive': True, 'near_52w_high': False}",leading,leading,102.5,106.46,0.6,3.6,False,False,2026-09-03 ratio=101.89 momentum=102.86; 2026-09-04 ratio=102.07 momentum=103.79; 2026-09-08 ratio=102.24 momentum=104.24; 2026-09-09 ratio=102.46 momentum=104.28; 2026-09-10 ratio=102.50 momentum=106.46,124.8
stock,ICICI Lombard,ICICIGI.NS,General Insurance,Financial Services,72486.71,0.92,403.17,-46.03,7088.22,10.83,29.85,21.88,,not_stage_2,0,1465.0,1744.0,-2.3,0.0624,"{'price_above_30w_ma': False, '30w_ma_rising': False, 'price_above_10w_ma': False, 'relative_strength_positive': False, 'near_52w_high': False}",lagging,lagging,98.39,97.35,-0.12,0.35,False,False,2026-09-03 ratio=98.51 momentum=96.99; 2026-09-04 ratio=98.41 momentum=97.24; 2026-09-08 ratio=98.37 momentum=96.68; 2026-09-09 ratio=98.47 momentum=97.46; 2026-09-10 ratio=98.39 momentum=97.35,0.0
stock,General Insuranc,GICRE.NS,General Insurance,Financial Services,61209.69,3.79,1743.67,-31.1,14400.9,-1.52,6.9,17.35,,not_stage_2,1,343.7,372.0,-0.96,0.01464,"{'price_above_30w_ma': False, '30w_ma_rising': False, 'price_above_10w_ma': False, 'relative_strength_positive': False, 'near_52w_high': True}",improving,leading,99.36,101.43,-1.09,0.25,False,False,2026-09-03 ratio=100.45 momentum=101.18; 2026-09-04 ratio=100.78 momentum=102.03; 2026-09-08 ratio=99.70 momentum=100.26; 2026-09-09 ratio=100.61 momentum=103.15; 2026-09-10 ratio=99.36 momentum=101.43,27.15
stock,Star Health Insu,STARHEALTH.NS,General Insurance,Financial Services,33167.9,0.0,549.73,25.46,5522.07,13.15,39.29,9.69,,stage_2,4,576.25,529.88,3.01,0.02454,"{'price_above_30w_ma': True, '30w_ma_rising': True, 'price_above_10w_ma': False, 'relative_strength_positive': True, 'near_52w_high': True}",leading,lagging,100.86,100.95,2.33,2.63,True,False,2026-09-03 ratio=98.53 momentum=98.32; 2026-09-04 ratio=98.38 momentum=98.01; 2026-09-08 ratio=100.16 momentum=100.99; 2026-09-09 ratio=100.59 momentum=100.96; 2026-09-10 ratio=100.86 momentum=100.95,150.07
stock,New India Assura,NIACL.NS,General Insurance,Financial Services,32669.84,0.76,-239.15,-160.61,11899.69,1.54,42.47,4.29,,stage_2,5,197.35,166.11,4.3,0.00841,"{'price_above_30w_ma': True, '30w_ma_rising': True, 'price_above_10w_ma': True, 'relative_strength_positive': True, 'near_52w_high': True}",leading,leading,101.36,100.59,-3.55,-2.66,False,False,2026-09-04 ratio=104.91 momentum=103.25; 2026-09-07 ratio=104.09 momentum=102.42; 2026-09-08 ratio=102.01 momentum=100.92; 2026-09-09 ratio=102.03 momentum=100.95; 2026-09-10 ratio=101.36 momentum=100.59,163.35
stock,Go Digit General,GODIGIT.NS,General Insurance,Financial Services,23707.24,0.0,86.39,-37.55,2427.02,8.54,48.15,13.1,,not_stage_2,0,250.75,301.0,-2.76,0.01068,"{'price_above_30w_ma': False, '30w_ma_rising': False, 'price_above_10w_ma': False, 'relative_strength_positive': False, 'near_52w_high': False}",improving,improving,99.35,102.14,-0.04,-0.0,False,False,2026-09-04 ratio=99.39 momentum=102.14; 2026-09-07 ratio=99.40 momentum=102.53; 2026-09-08 ratio=99.62 momentum=104.20; 2026-09-09 ratio=99.47 momentum=102.87; 2026-09-10 ratio=99.35 momentum=102.14,10.7
stock,Niva Bupa Health,NIVABUPA.NS,General Insurance,Financial Services,14777.2,0.0,137.8,92.89,2471.26,27.93,84.8,3.15,,not_stage_2,2,79.42,80.4,0.59,0.00338,"{'price_above_30w_ma': False, '30w_ma_rising': True, 'price_above_10w_ma': False, 'relative_strength_positive': False, 'near_52w_high': True}",improving,improving,98.7,100.62,0.6,-0.44,False,False,2026-09-04 ratio=98.10 momentum=101.06; 2026-09-07 ratio=98.66 momentum=102.68; 2026-09-08 ratio=98.89 momentum=102.07; 2026-09-09 ratio=98.80 momentum=102.59; 2026-09-10 ratio=98.70 momentum=100.62,44.28
stock,LG Electronics,LGEINDIA.NS,Household Appliances,Consumer Durables,111101.46,0.0,652.86,27.2,7233.35,15.49,60.89,32.27,,stage_2,5,1650.0,1562.81,1.58,0.07028,"{'price_above_30w_ma': True, '30w_ma_rising': True, 'price_above_10w_ma': True, 'relative_strength_positive': True, 'near_52w_high': True}",weakening,leading,101.48,96.78,0.32,-3.43,False,False,2026-09-04 ratio=101.16 momentum=100.20; 2026-09-07 ratio=101.35 momentum=98.49; 2026-09-08 ratio=101.81 momentum=99.00; 2026-09-09 ratio=101.57 momentum=99.01; 2026-09-10 ratio=101.48 momentum=96.78,135.56
stock,Voltas,VOLTAS.NS,Household Appliances,Consumer Durables,38564.72,0.34,212.76,52.19,4673.5,18.66,82.59,9.04,,not_stage_2,0,1158.5,1325.56,-2.07,0.04934,"{'price_above_30w_ma': False, '30w_ma_rising': False, 'price_above_10w_ma': False, 'relative_strength_positive': False, 'near_52w_high': False}",improving,improving,98.67,101.31,0.5,1.27,False,True,2026-09-04 ratio=98.18 momentum=100.04; 2026-09-07 ratio=98.33 momentum=99.46; 2026-09-08 ratio=98.15 momentum=98.78; 2026-09-09 ratio=98.39 momentum=101.34; 2026-09-10 ratio=98.67 momentum=101.31,6.55
stock,Blue Star,BLUESTARCO.NS,Household Appliances,Consumer Durables,32043.25,0.55,102.51,-21.03,3377.92,13.27,60.55,21.24,,not_stage_2,1,1514.0,1669.65,-2.73,0.06449,"{'price_above_30w_ma': False, '30w_ma_rising': False, 'price_above_10w_ma': False, 'relative_strength_positive': False, 'near_52w_high': True}",improving,improving,99.76,103.6,0.72,0.49,False,True,2026-09-03 ratio=99.05 momentum=103.12; 2026-09-04 ratio=99.05 momentum=102.30; 2026-09-08 ratio=99.01 momentum=102.05; 2026-09-09 ratio=99.14 momentum=101.94; 2026-09-10 ratio=99.76 momentum=103.60,38.0
stock,Amber Enterp.,AMBER.NS,Household Appliances,Consumer Durables,25562.55,0.0,3.09,-3.37,3887.72,12.72,123.89,10.29,,not_stage_2,3,7280.0,7524.43,1.86,0.31008,"{'price_above_30w_ma': False, '30w_ma_rising': True, 'price_above_10w_ma': False, 'relative_strength_positive': True, 'near_52w_high': True}",leading,leading,100.19,101.18,0.0,-1.03,False,False,2026-09-03 ratio=100.19 momentum=102.21; 2026-09-04 ratio=100.44 momentum=102.51; 2026-09-08 ratio=100.08 momentum=101.59; 2026-09-09 ratio=99.94 momentum=101.17; 2026-09-10 ratio=100.19 momentum=101.18,90.57
stock,Crompton Gr. Con,CROMPTON.NS,Household Appliances,Consumer Durables,14790.83,1.3,140.32,12.12,2022.47,11.2,32.58,18.98,,not_stage_2,0,230.0,258.0,-0.15,0.0098,"{'price_above_30w_ma': False, '30w_ma_rising': False, 'price_above_10w_ma': False, 'relative_strength_positive': False, 'near_52w_high': False}",improving,lagging,98.74,101.66,0.75,4.82,False,True,2026-09-03 ratio=97.99 momentum=96.84; 2026-09-04 ratio=98.50 momentum=97.44; 2026-09-08 ratio=98.71 momentum=100.36; 2026-09-09 ratio=99.00 momentum=101.95; 2026-09-10 ratio=98.74 momentum=101.66,8.3
stock,V-Guard Industri,VGUARD.NS,Household Appliances,Consumer Durables,14151.55,0.46,130.25,76.37,1810.65,23.5,37.24,18.38,,stage_2,5,328.75,317.14,0.07,0.014,"{'price_above_30w_ma': True, '30w_ma_rising': True, 'price_above_10w_ma': True, 'relative_strength_positive': True, 'near_52w_high': True}",weakening,weakening,101.25,99.58,-0.56,1.49,False,False,2026-09-03 ratio=101.81 momentum=98.09; 2026-09-04 ratio=101.47 momentum=98.93; 2026-09-08 ratio=101.30 momentum=98.82; 2026-09-09 ratio=101.23 momentum=99.05; 2026-09-10 ratio=101.25 momentum=99.58,131.39
stock,Whirlpool India,WHIRLPOOL.NS,Household Appliances,Consumer Durables,9673.29,0.66,102.88,-29.4,2726.75,12.1,35.48,10.67,,not_stage_2,2,795.65,836.2,-0.53,0.03389,"{'price_above_30w_ma': False, '30w_ma_rising': False, 'price_above_10w_ma': True, 'relative_strength_positive': True, 'near_52w_high': False}",leading,leading,101.45,104.45,0.14,2.77,False,False,2026-09-03 ratio=101.31 momentum=101.67; 2026-09-04 ratio=101.83 momentum=102.41; 2026-09-08 ratio=101.67 momentum=102.42; 2026-09-09 ratio=101.52 momentum=103.30; 2026-09-10 ratio=101.45 momentum=104.45,89.5
stock,Eureka Forbes,EUREKAFORB.NS,Household Appliances,Consumer Durables,7625.57,0.0,55.44,6.98,700.77,15.31,38.13,5.86,,not_stage_2,0,397.35,459.68,-3.07,0.01692,"{'price_above_30w_ma': False, '30w_ma_rising': False, 'price_above_10w_ma': False, 'relative_strength_positive': False, 'near_52w_high': False}",lagging,improving,98.17,97.52,-0.82,-5.3,False,False,2026-09-04 ratio=98.99 momentum=102.83; 2026-09-07 ratio=98.17 momentum=100.74; 2026-09-08 ratio=98.52 momentum=103.48; 2026-09-09 ratio=98.27 momentum=99.35; 2026-09-10 ratio=98.17 momentum=97.52,0.0
stock,TTK Prestige,TTKPRESTIG.NS,Household Appliances,Consumer Durables,7360.56,1.4,58.97,103.94,813.85,33.57,35.57,12.1,,not_stage_2,1,540.2,547.81,-0.09,0.02301,"{'price_above_30w_ma': False, '30w_ma_rising': False, 'price_above_10w_ma': False, 'relative_strength_positive': False, 'near_52w_high': True}",lagging,lagging,98.26,96.9,-0.78,-1.64,False,False,2026-09-03 ratio=99.04 momentum=98.54; 2026-09-04 ratio=98.38 momentum=97.38; 2026-09-08 ratio=98.22 momentum=97.76; 2026-09-09 ratio=98.23 momentum=97.83; 2026-09-10 ratio=98.26 momentum=96.90,20.0
stock,IFB Industries,IFBIND.NS,Household Appliances,Consumer Durables,5288.2,0.0,38.06,50.08,1523.52,17.1,33.84,18.22,,not_stage_2,2,1283.2,1203.83,1.32,0.05466,"{'price_above_30w_ma': True, '30w_ma_rising': True, 'price_above_10w_ma': False, 'relative_strength_positive': False, 'near_52w_high': False}",lagging,lagging,99.46,96.63,-0.25,-0.81,False,False,2026-09-03 ratio=99.70 momentum=97.44; 2026-09-04 ratio=99.51 momentum=97.39; 2026-09-08 ratio=99.57 momentum=95.96; 2026-09-09 ratio=99.14 momentum=96.95; 2026-09-10 ratio=99.46 momentum=96.63,42.64
stock,Adani Total Gas,ATGL.NS,LPG/CNG/PNG/LNG Supplier,"Oil, Gas & Consumable Fuels",65395.0,0.04,133.03,-17.97,1743.48,27.1,107.6,15.09,,not_stage_2,2,602.7,634.51,2.09,0.02567,"{'price_above_30w_ma': False, '30w_ma_rising': True, 'price_above_10w_ma': False, 'relative_strength_positive': False, 'near_52w_high': True}",lagging,lagging,98.71,99.46,0.11,1.59,False,False,2026-09-03 ratio=98.59 momentum=97.87; 2026-09-04 ratio=98.59 momentum=99.46; 2026-09-08 ratio=98.73 momentum=100.84; 2026-09-09 ratio=98.99 momentum=102.00; 2026-09-10 ratio=98.71 momentum=99.46,44.18
stock,Petronet LNG,PETRONET.NS,LPG/CNG/PNG/LNG Supplier,"Oil, Gas & Consumable Fuels",43154.74,3.48,1137.14,35.07,5557.84,-53.22,10.26,22.55,,stage_2,5,288.7,279.15,0.09,0.0123,"{'price_above_30w_ma': True, '30w_ma_rising': True, 'price_above_10w_ma': True, 'relative_strength_positive': True, 'near_52w_high': True}",leading,weakening,101.88,101.45,0.24,1.77,True,False,2026-09-03 ratio=101.64 momentum=99.68; 2026-09-04 ratio=101.36 momentum=98.88; 2026-09-08 ratio=101.43 momentum=98.18; 2026-09-09 ratio=101.70 momentum=100.39; 2026-09-10 ratio=101.88 momentum=101.45,171.83
stock,Gujarat Energy,GUJENERGY.NS,LPG/CNG/PNG/LNG Supplier,"Oil, Gas & Consumable Fuels",22671.17,3.68,1007.4,69.8,9544.98,63.12,11.59,18.49,,not_stage_2,0,254.8,335.58,-6.01,0.01085,"{'price_above_30w_ma': False, '30w_ma_rising': False, 'price_above_10w_ma': False, 'relative_strength_positive': False, 'near_52w_high': False}",improving,improving,99.23,101.11,-0.28,-0.42,False,False,2026-09-04 ratio=99.51 momentum=101.53; 2026-09-07 ratio=99.51 momentum=101.63; 2026-09-08 ratio=99.51 momentum=101.85; 2026-09-09 ratio=99.61 momentum=102.17; 2026-09-10 ratio=99.23 momentum=101.11,5.55
stock,Indraprastha Gas,IGL.NS,LPG/CNG/PNG/LNG Supplier,"Oil, Gas & Consumable Fuels",21278.61,2.14,237.92,-43.97,4586.73,17.19,15.63,17.52,,not_stage_2,2,153.46,157.94,-1.83,0.00654,"{'price_above_30w_ma': False, '30w_ma_rising': False, 'price_above_10w_ma': True, 'relative_strength_positive': True, 'near_52w_high': False}",leading,improving,102.32,102.4,2.56,0.5,True,False,2026-09-03 ratio=99.76 momentum=101.90; 2026-09-04 ratio=102.00 momentum=103.60; 2026-09-08 ratio=101.67 momentum=102.63; 2026-09-09 ratio=102.23 momentum=102.65; 2026-09-10 ratio=102.32 momentum=102.40,93.6
stock,Mahanagar Gas,MGL.NS,LPG/CNG/PNG/LNG Supplier,"Oil, Gas & Consumable Fuels",10708.04,2.77,193.7,-39.39,2371.71,13.95,14.85,17.14,,stage_2,4,1100.8,1099.29,0.04,0.04689,"{'price_above_30w_ma': True, '30w_ma_rising': True, 'price_above_10w_ma': False, 'relative_strength_positive': True, 'near_52w_high': True}",leading,lagging,101.45,101.89,2.75,5.33,True,False,2026-09-03 ratio=98.70 momentum=96.56; 2026-09-04 ratio=99.94 momentum=100.94; 2026-09-08 ratio=100.82 momentum=101.48; 2026-09-09 ratio=100.51 momentum=101.85; 2026-09-10 ratio=101.45 momentum=101.89,151.78
stock,Confidence Petro,CONFIPET.NS,LPG/CNG/PNG/LNG Supplier,"Oil, Gas & Consumable Fuels",2962.91,0.11,62.55,207.04,2408.53,116.6,22.01,9.23,,stage_2,5,87.84,62.23,11.79,0.00374,"{'price_above_30w_ma': True, '30w_ma_rising': True, 'price_above_10w_ma': True, 'relative_strength_positive': True, 'near_52w_high': True}",leading,leading,102.57,102.31,0.78,0.09,False,False,2026-09-04 ratio=101.79 momentum=102.22; 2026-09-07 ratio=101.72 momentum=105.31; 2026-09-08 ratio=101.83 momentum=103.03; 2026-09-09 ratio=103.48 momentum=103.49; 2026-09-10 ratio=102.57 momentum=102.31,192.98
stock,IRM Energy,IRMENERGY.NS,LPG/CNG/PNG/LNG Supplier,"Oil, Gas & Consumable Fuels",1152.95,0.54,33.81,142.89,325.85,24.13,15.77,8.63,,stage_2,5,281.25,258.82,2.08,0.01198,"{'price_above_30w_ma': True, '30w_ma_rising': True, 'price_above_10w_ma': True, 'relative_strength_positive': True, 'near_52w_high': True}",leading,weakening,101.05,100.78,0.21,1.84,True,False,2026-09-04 ratio=100.84 momentum=98.94; 2026-09-07 ratio=101.14 momentum=101.56; 2026-09-08 ratio=101.06 momentum=105.10; 2026-09-09 ratio=101.24 momentum=100.29; 2026-09-10 ratio=101.05 momentum=100.78,168.31
stock,Life Insurance,LICI.NS,Life Insurance,Financial Services,510682.68,2.47,13584.25,23.98,239865.7,6.76,8.5,35.14,,not_stage_2,1,405.6,410.95,-0.25,0.01728,"{'price_above_30w_ma': False, '30w_ma_rising': False, 'price_above_10w_ma': False, 'relative_strength_positive': False, 'near_52w_high': True}",improving,improving,99.89,101.72,-0.08,1.4,False,False,2026-09-04 ratio=99.97 momentum=100.32; 2026-09-07 ratio=99.87 momentum=99.91; 2026-09-08 ratio=100.01 momentum=100.54; 2026-09-09 ratio=100.06 momentum=102.51; 2026-09-10 ratio=99.89 momentum=101.72,28.6
stock,SBI Life Insuran,SBILIFE.NS,Life Insurance,Financial Services,168994.55,0.16,724.93,21.97,46336.78,18.82,64.98,14.95,,not_stage_2,1,1700.6,1844.22,-1.78,0.07243,"{'price_above_30w_ma': False, '30w_ma_rising': False, 'price_above_10w_ma': False, 'relative_strength_positive': False, 'near_52w_high': True}",lagging,improving,98.77,99.3,-0.84,-1.75,False,False,2026-09-04 ratio=99.61 momentum=101.05; 2026-09-07 ratio=98.84 momentum=101.04; 2026-09-08 ratio=98.34 momentum=100.65; 2026-09-09 ratio=98.45 momentum=99.44; 2026-09-10 ratio=98.77 momentum=99.30,20.0
stock,HDFC Life Insur.,HDFCLIFE.NS,Life Insurance,Financial Services,115399.44,0.4,611.19,11.46,33758.51,14.58,58.43,10.3,,not_stage_2,0,526.15,591.25,-3.63,0.02241,"{'price_above_30w_ma': False, '30w_ma_rising': False, 'price_above_10w_ma': False, 'relative_strength_positive': False, 'near_52w_high': False}",lagging,leading,99.46,99.61,-0.6,-1.95,False,False,2026-09-04 ratio=100.06 momentum=101.56; 2026-09-07 ratio=99.37 momentum=99.09; 2026-09-08 ratio=99.69 momentum=101.78; 2026-09-09 ratio=98.55 momentum=96.98; 2026-09-10 ratio=99.46 momentum=99.61,0.0
stock,ICICI Pru Life,ICICIPRULI.NS,Life Insurance,Financial Services,68063.71,0.35,623.91,61.94,3185.46,-79.69,42.33,10.14,,not_stage_2,0,471.0,526.72,-3.56,0.02006,"{'price_above_30w_ma': False, '30w_ma_rising': False, 'price_above_10w_ma': False, 'relative_strength_positive': False, 'near_52w_high': False}",lagging,lagging,98.41,97.8,-1.43,-1.97,False,False,2026-09-03 ratio=99.84 momentum=99.77; 2026-09-04 ratio=99.72 momentum=97.79; 2026-09-08 ratio=97.73 momentum=96.99; 2026-09-09 ratio=97.61 momentum=97.79; 2026-09-10 ratio=98.41 momentum=97.80,0.0
stock,Max Financial,MFSL.NS,Life Insurance,Financial Services,51167.06,0.0,118.29,36.38,14969.51,16.75,471.56,2.87,,not_stage_2,1,1479.9,1609.36,-1.16,0.06303,"{'price_above_30w_ma': False, '30w_ma_rising': False, 'price_above_10w_ma': False, 'relative_strength_positive': False, 'near_52w_high': True}",lagging,leading,99.43,97.33,-0.61,-2.91,False,False,2026-09-03 ratio=100.05 momentum=100.24; 2026-09-04 ratio=100.30 momentum=100.53; 2026-09-08 ratio=99.57 momentum=98.99; 2026-09-09 ratio=99.20 momentum=97.60; 2026-09-10 ratio=99.43 momentum=97.33,20.0
stock,Canara HSBC,CANHLIFE.NS,Life Insurance,Financial Services,14480.87,0.26,28.14,20.15,4350.86,19.81,110.26,8.35,,stage_2,5,152.36,144.79,0.66,0.00649,"{'price_above_30w_ma': True, '30w_ma_rising': True, 'price_above_10w_ma': True, 'relative_strength_positive': True, 'near_52w_high': True}",weakening,leading,101.41,97.63,-0.64,-2.9,False,False,2026-09-04 ratio=102.05 momentum=100.52; 2026-09-07 ratio=101.49 momentum=99.32; 2026-09-08 ratio=101.65 momentum=102.34; 2026-09-09 ratio=100.92 momentum=98.45; 2026-09-10 ratio=101.41 momentum=97.63,133.37
stock,Container Corpn.,CONCOR.NS,Logistics Solution Provider,Services,37899.74,1.72,268.9,0.08,2159.76,0.28,30.52,12.64,,stage_2,5,504.15,487.94,0.37,0.02147,"{'price_above_30w_ma': True, '30w_ma_rising': True, 'price_above_10w_ma': True, 'relative_strength_positive': True, 'near_52w_high': True}",leading,weakening,100.84,104.88,0.13,5.93,True,False,2026-09-04 ratio=100.71 momentum=98.95; 2026-09-07 ratio=100.59 momentum=98.34; 2026-09-08 ratio=100.63 momentum=99.04; 2026-09-09 ratio=101.25 momentum=100.62; 2026-09-10 ratio=100.84 momentum=104.88,184.34
stock,Delhivery,DELHIVERY.NS,Logistics Solution Provider,Services,32653.34,0.0,31.91,-64.95,2930.73,27.76,273.75,1.01,,not_stage_2,2,447.7,456.94,1.18,0.01907,"{'price_above_30w_ma': False, '30w_ma_rising': True, 'price_above_10w_ma': False, 'relative_strength_positive': False, 'near_52w_high': True}",improving,improving,99.38,103.67,-0.37,1.34,False,False,2026-09-03 ratio=99.74 momentum=102.33; 2026-09-04 ratio=99.43 momentum=101.66; 2026-09-08 ratio=99.53 momentum=102.82; 2026-09-09 ratio=99.55 momentum=103.48; 2026-09-10 ratio=99.38 momentum=103.67,60.71
stock,Shadowfax Technologies,SHADOWFAX.NS,Logistics Solution Provider,Services,14870.67,0.0,66.2,624.29,1323.85,66.33,86.34,10.3,,insufficient_data,0,,,,,{},leading,weakening,101.37,103.2,-0.19,3.62,False,False,2026-09-04 ratio=101.57 momentum=99.58; 2026-09-07 ratio=101.05 momentum=97.61; 2026-09-08 ratio=101.07 momentum=98.62; 2026-09-09 ratio=101.24 momentum=100.79; 2026-09-10 ratio=101.37 momentum=103.20,42.85
stock,Blue Dart Expres,BLUEDART.NS,Logistics Solution Provider,Services,11453.99,0.52,88.49,81.22,1657.72,14.97,35.33,15.77,,not_stage_2,1,4882.6,5095.59,-1.61,0.20797,"{'price_above_30w_ma': False, '30w_ma_rising': False, 'price_above_10w_ma': False, 'relative_strength_positive': True, 'near_52w_high': False}",leading,leading,100.12,100.18,-0.68,-0.04,False,False,2026-09-03 ratio=100.80 momentum=100.21; 2026-09-04 ratio=100.40 momentum=99.44; 2026-09-08 ratio=100.84 momentum=100.74; 2026-09-09 ratio=100.66 momentum=101.95; 2026-09-10 ratio=100.12 momentum=100.18,41.5
stock,Shiprocket,SHIPROCKET.NS,Logistics Solution Provider,Services,9735.25,0.0,-13.71,23.96,592.09,33.81,,-2.68,,insufficient_data,0,,,,,{},insufficient_data,insufficient_data,,,,,False,False,,0.0
stock,Transport Corp.,TCI.NS,Logistics Solution Provider,Services,6602.11,1.16,106.6,-0.75,1248.5,9.58,14.46,19.45,,not_stage_2,0,856.9,940.6,-2.31,0.0365,"{'price_above_30w_ma': False, '30w_ma_rising': False, 'price_above_10w_ma': False, 'relative_strength_positive': False, 'near_52w_high': False}",lagging,lagging,98.43,99.61,0.3,0.5,False,False,2026-09-03 ratio=98.13 momentum=99.11; 2026-09-04 ratio=98.06 momentum=98.62; 2026-09-08 ratio=98.83 momentum=101.21; 2026-09-09 ratio=99.03 momentum=102.67; 2026-09-10 ratio=98.43 momentum=99.61,0.0
stock,TVS Supply,TVSSCS.NS,Logistics Solution Provider,Services,5747.7,0.0,22.48,-84.26,3335.22,28.66,81.1,10.06,,stage_2,4,128.73,122.21,2.51,0.00548,"{'price_above_30w_ma': True, '30w_ma_rising': True, 'price_above_10w_ma': False, 'relative_strength_positive': True, 'near_52w_high': True}",leading,improving,100.07,100.78,0.31,-1.75,False,False,2026-09-03 ratio=99.77 momentum=102.52; 2026-09-04 ratio=99.90 momentum=104.57; 2026-09-08 ratio=99.60 momentum=99.44; 2026-09-09 ratio=99.35 momentum=98.09; 2026-09-10 ratio=100.07 momentum=100.78,134.27
stock,VRL Logistics,VRLLOG.NS,Logistics Solution Provider,Services,5050.43,1.73,80.53,60.93,878.84,18.07,18.89,18.27,,stage_2,5,288.8,257.55,0.98,0.0123,"{'price_above_30w_ma': True, '30w_ma_rising': True, 'price_above_10w_ma': True, 'relative_strength_positive': True, 'near_52w_high': True}",weakening,weakening,101.01,99.3,-0.35,2.33,False,False,2026-09-03 ratio=101.36 momentum=96.97; 2026-09-04 ratio=101.28 momentum=99.22; 2026-09-08 ratio=101.21 momentum=99.13; 2026-09-09 ratio=101.06 momentum=98.69; 2026-09-10 ratio=101.01 momentum=99.30,132.01
stock,Mahindra Logis.,MAHLOG.NS,Logistics Solution Provider,Services,3947.25,0.63,27.83,335.09,2002.88,23.29,100.17,7.36,,stage_2,4,400.1,384.93,1.61,0.01704,"{'price_above_30w_ma': True, '30w_ma_rising': True, 'price_above_10w_ma': False, 'relative_strength_positive': True, 'near_52w_high': True}",leading,weakening,101.2,101.07,0.47,1.24,True,False,2026-09-03 ratio=100.73 momentum=99.83; 2026-09-04 ratio=101.14 momentum=101.30; 2026-09-08 ratio=101.86 momentum=101.78; 2026-09-09 ratio=101.46 momentum=101.52; 2026-09-10 ratio=101.20 momentum=101.07,149.57
stock,Gateway Distri,GATEWAY.NS,Logistics Solution Provider,Services,2669.08,3.75,51.26,-20.79,549.3,-0.21,10.89,10.83,,not_stage_2,1,53.65,56.71,-1.11,0.00229,"{'price_above_30w_ma': False, '30w_ma_rising': False, 'price_above_10w_ma': False, 'relative_strength_positive': False, 'near_52w_high': True}",improving,improving,99.43,102.85,0.13,0.83,False,True,2026-09-03 ratio=99.30 momentum=102.02; 2026-09-04 ratio=99.39 momentum=103.20; 2026-09-08 ratio=99.34 momentum=102.40; 2026-09-09 ratio=99.39 momentum=103.59; 2026-09-10 ratio=99.43 momentum=102.85,34.25
stock,Castrol India,CASTROLIND.NS,Lubricants,"Oil, Gas & Consumable Fuels",18589.58,4.65,347.7,42.5,1871.47,25.03,17.24,60.27,,stage_2,5,188.06,184.64,0.24,0.00801,"{'price_above_30w_ma': True, '30w_ma_rising': True, 'price_above_10w_ma': True, 'relative_strength_positive': True, 'near_52w_high': True}",leading,leading,102.32,101.83,-0.63,-0.61,False,False,2026-09-04 ratio=102.95 momentum=102.44; 2026-09-07 ratio=102.57 momentum=102.03; 2026-09-08 ratio=102.91 momentum=102.45; 2026-09-09 ratio=103.03 momentum=102.06; 2026-09-10 ratio=102.32 momentum=101.83,166.23
stock,Gulf Oil Lubric.,GULFOILLUB.NS,Lubricants,"Oil, Gas & Consumable Fuels",5265.68,4.81,127.52,31.93,1320.36,32.52,13.25,27.23,,stage_2,4,1073.0,1016.21,0.14,0.0457,"{'price_above_30w_ma': True, '30w_ma_rising': True, 'price_above_10w_ma': False, 'relative_strength_positive': True, 'near_52w_high': True}",weakening,lagging,100.12,97.62,0.39,0.41,False,False,2026-09-04 ratio=99.73 momentum=97.22; 2026-09-07 ratio=99.57 momentum=96.69; 2026-09-08 ratio=99.76 momentum=97.71; 2026-09-09 ratio=100.32 momentum=98.12; 2026-09-10 ratio=100.12 momentum=97.62,105.88
stock,Savita Oil Tech,SOTL.NS,Lubricants,"Oil, Gas & Consumable Fuels",4909.23,0.7,292.25,395.59,1479.77,49.6,11.49,13.96,,stage_2,5,697.1,500.77,10.3,0.02969,"{'price_above_30w_ma': True, '30w_ma_rising': True, 'price_above_10w_ma': True, 'relative_strength_positive': True, 'near_52w_high': True}",leading,leading,100.99,100.07,-0.55,-1.24,False,False,2026-09-04 ratio=101.54 momentum=101.32; 2026-09-07 ratio=101.06 momentum=100.04; 2026-09-08 ratio=100.73 momentum=99.78; 2026-09-09 ratio=100.92 momentum=99.40; 2026-09-10 ratio=100.99 momentum=100.07,170.9
stock,Panama Petrochem,PANAMAPET.NS,Lubricants,"Oil, Gas & Consumable Fuels",2916.52,0.62,308.91,624.8,1735.15,150.3,6.09,19.15,,stage_2,5,491.65,366.98,7.46,0.02094,"{'price_above_30w_ma': True, '30w_ma_rising': True, 'price_above_10w_ma': True, 'relative_strength_positive': True, 'near_52w_high': True}",leading,leading,101.21,102.13,-0.01,1.0,False,False,2026-09-04 ratio=101.22 momentum=101.13; 2026-09-07 ratio=100.82 momentum=100.08; 2026-09-08 ratio=100.93 momentum=101.28; 2026-09-09 ratio=101.51 momentum=102.22; 2026-09-10 ratio=101.21 momentum=102.13,176.62
stock,Gandhar Oil Ref.,GANDHAR.NS,Lubricants,"Oil, Gas & Consumable Fuels",2666.22,0.73,205.89,633.09,1731.93,91.81,8.85,13.33,,stage_2,5,271.3,180.87,8.73,0.01156,"{'price_above_30w_ma': True, '30w_ma_rising': True, 'price_above_10w_ma': True, 'relative_strength_positive': True, 'near_52w_high': True}",leading,leading,101.54,103.22,0.14,0.79,False,False,2026-09-04 ratio=101.40 momentum=102.43; 2026-09-07 ratio=101.31 momentum=100.19; 2026-09-08 ratio=101.29 momentum=101.14; 2026-09-09 ratio=101.40 momentum=102.14; 2026-09-10 ratio=101.54 momentum=103.22,186.26
stock,Veedol Corporat,VEEDOL.NS,Lubricants,"Oil, Gas & Consumable Fuels",2489.8,4.06,77.92,56.88,608.57,18.49,11.32,24.09,,not_stage_2,3,1437.7,1423.25,0.34,0.06124,"{'price_above_30w_ma': True, '30w_ma_rising': True, 'price_above_10w_ma': False, 'relative_strength_positive': True, 'near_52w_high': False}",weakening,weakening,100.55,95.79,-0.08,-1.94,False,False,2026-09-03 ratio=100.63 momentum=97.73; 2026-09-04 ratio=100.92 momentum=99.39; 2026-09-08 ratio=100.75 momentum=100.79; 2026-09-09 ratio=100.62 momentum=102.15; 2026-09-10 ratio=100.55 momentum=95.79,63.43
stock,GP Petroleums,GULFPETRO.NS,Lubricants,"Oil, Gas & Consumable Fuels",327.35,0.78,21.19,229.04,230.33,45.6,7.52,10.84,,stage_2,5,65.74,41.08,12.22,0.0028,"{'price_above_30w_ma': True, '30w_ma_rising': True, 'price_above_10w_ma': True, 'relative_strength_positive': True, 'near_52w_high': True}",weakening,weakening,101.16,96.02,-0.2,-0.68,False,False,2026-09-03 ratio=101.36 momentum=96.70; 2026-09-04 ratio=101.23 momentum=96.98; 2026-09-08 ratio=101.13 momentum=95.37; 2026-09-09 ratio=101.34 momentum=96.70; 2026-09-10 ratio=101.16 momentum=96.02,155.24
stock,Arabian Petrol.,ARABIAN.NS,Lubricants,"Oil, Gas & Consumable Fuels",85.07,0.0,5.21,3.37,200.25,36.98,7.55,18.41,,stage_2,5,81.15,72.88,2.82,0.00346,"{'price_above_30w_ma': True, '30w_ma_rising': True, 'price_above_10w_ma': True, 'relative_strength_positive': True, 'near_52w_high': True}",weakening,weakening,100.67,98.8,-0.63,-0.2,False,False,2026-09-03 ratio=101.30 momentum=99.01; 2026-09-04 ratio=101.24 momentum=100.60; 2026-09-08 ratio=101.30 momentum=100.47; 2026-09-09 ratio=101.18 momentum=100.96; 2026-09-10 ratio=100.67 momentum=98.80,133.99
stock,Sundrex Oil,SOCL.NS,Lubricants,"Oil, Gas & Consumable Fuels",38.84,0.0,2.9,-16.18,67.25,96.29,7.3,21.24,,insufficient_data,0,,,,,{},insufficient_data,insufficient_data,,,,,False,False,,0.0
stock,Venky's (India),VENKEYS.NS,Meat Products including Poultry,Fast Moving Consumer Goods,2518.58,0.56,49.99,215.79,1118.38,29.17,14.52,11.9,,stage_2,5,1706.7,1462.5,0.89,0.07269,"{'price_above_30w_ma': True, '30w_ma_rising': True, 'price_above_10w_ma': True, 'relative_strength_positive': True, 'near_52w_high': True}",leading,leading,102.51,100.68,-0.14,-1.85,False,False,2026-09-03 ratio=102.65 momentum=102.53; 2026-09-04 ratio=102.21 momentum=102.92; 2026-09-08 ratio=102.87 momentum=101.88; 2026-09-09 ratio=102.62 momentum=101.66; 2026-09-10 ratio=102.51 momentum=100.68,162.73
stock,SKM Egg Prod.,SKMEGGPROD.NS,Meat Products including Poultry,Fast Moving Consumer Goods,1272.22,0.52,23.82,46.5,184.26,4.87,11.43,30.0,,not_stage_2,3,247.9,220.11,4.22,0.01056,"{'price_above_30w_ma': True, '30w_ma_rising': True, 'price_above_10w_ma': False, 'relative_strength_positive': False, 'near_52w_high': True}",lagging,lagging,99.34,97.68,-0.02,-1.84,False,False,2026-09-04 ratio=99.36 momentum=99.52; 2026-09-07 ratio=99.14 momentum=98.53; 2026-09-08 ratio=99.39 momentum=100.08; 2026-09-09 ratio=99.41 momentum=98.29; 2026-09-10 ratio=99.34 momentum=97.68,68.44
stock,HMA Agro Inds.,HMAAGRO.NS,Meat Products including Poultry,Fast Moving Consumer Goods,1004.04,1.49,50.51,6158.02,2110.32,87.98,4.68,15.99,,not_stage_2,0,19.98,23.16,-3.24,0.00085,"{'price_above_30w_ma': False, '30w_ma_rising': False, 'price_above_10w_ma': False, 'relative_strength_positive': False, 'near_52w_high': False}",lagging,lagging,98.65,99.65,-0.71,1.36,False,False,2026-09-03 ratio=99.36 momentum=98.30; 2026-09-04 ratio=99.22 momentum=95.97; 2026-09-08 ratio=98.38 momentum=97.26; 2026-09-09 ratio=98.71 momentum=99.63; 2026-09-10 ratio=98.65 momentum=99.65,0.0
stock,Prime Focus,PFOCUS.NS,Media & Entertainment,"Media, Entertainment & Publication",24270.11,0.0,-45.78,-90.56,1266.81,23.81,135.95,11.28,,stage_2,5,313.55,278.4,3.01,0.01336,"{'price_above_30w_ma': True, '30w_ma_rising': True, 'price_above_10w_ma': True, 'relative_strength_positive': True, 'near_52w_high': True}",leading,leading,101.83,101.07,1.01,0.74,False,False,2026-09-03 ratio=100.82 momentum=100.33; 2026-09-04 ratio=101.43 momentum=100.68; 2026-09-08 ratio=101.83 momentum=100.75; 2026-09-09 ratio=102.05 momentum=101.57; 2026-09-10 ratio=101.83 momentum=101.07,165.52
stock,Saregama India,SAREGAMA.NS,Media & Entertainment,"Media, Entertainment & Publication",9746.52,0.89,51.88,40.64,263.6,27.48,42.71,17.29,,stage_2,5,505.15,423.46,5.43,0.02152,"{'price_above_30w_ma': True, '30w_ma_rising': True, 'price_above_10w_ma': True, 'relative_strength_positive': True, 'near_52w_high': True}",leading,lagging,100.87,101.66,1.02,3.92,True,False,2026-09-03 ratio=99.84 momentum=97.73; 2026-09-04 ratio=99.75 momentum=98.75; 2026-09-08 ratio=100.29 momentum=99.60; 2026-09-09 ratio=100.70 momentum=101.22; 2026-09-10 ratio=100.87 momentum=101.66,178.51
stock,Tips Music,TIPSMUSIC.NS,Media & Entertainment,"Media, Entertainment & Publication",8461.19,1.97,43.7,-4.67,106.51,20.94,39.43,118.47,,stage_2,4,658.4,623.2,2.21,0.02804,"{'price_above_30w_ma': True, '30w_ma_rising': True, 'price_above_10w_ma': False, 'relative_strength_positive': True, 'near_52w_high': True}",leading,improving,100.37,102.44,0.66,0.82,True,False,2026-09-03 ratio=99.72 momentum=101.62; 2026-09-04 ratio=99.58 momentum=101.10; 2026-09-08 ratio=99.64 momentum=102.06; 2026-09-09 ratio=100.11 momentum=103.10; 2026-09-10 ratio=100.37 momentum=102.44,153.47
stock,Netwrk.18 Media,NETWORK18.NS,Media & Entertainment,"Media, Entertainment & Publication",4106.36,0.0,-38.36,-2074.55,516.26,10.34,,3.01,,not_stage_2,0,26.83,31.56,-3.62,0.00114,"{'price_above_30w_ma': False, '30w_ma_rising': False, 'price_above_10w_ma': False, 'relative_strength_positive': False, 'near_52w_high': False}",lagging,lagging,98.61,97.5,-0.63,-2.05,False,False,2026-09-04 ratio=99.24 momentum=99.56; 2026-09-07 ratio=98.87 momentum=98.22; 2026-09-08 ratio=98.79 momentum=97.91; 2026-09-09 ratio=98.71 momentum=96.23; 2026-09-10 ratio=98.61 momentum=97.50,0.0
stock,Balaji Telefilms,BALAJITELE.NS,Media & Entertainment,"Media, Entertainment & Publication",1108.54,0.0,22.39,489.25,240.29,229.93,,-9.54,,not_stage_2,3,91.81,93.09,0.84,0.00391,"{'price_above_30w_ma': False, '30w_ma_rising': True, 'price_above_10w_ma': True, 'relative_strength_positive': True, 'near_52w_high': False}",weakening,weakening,101.09,99.18,-0.1,2.71,False,False,2026-09-04 ratio=101.19 momentum=96.47; 2026-09-07 ratio=100.92 momentum=96.88; 2026-09-08 ratio=101.42 momentum=99.42; 2026-09-09 ratio=101.43 momentum=98.82; 2026-09-10 ratio=101.09 momentum=99.18,67.13
stock,Basilic Fly Stud,BASILIC.NS,Media & Entertainment,"Media, Entertainment & Publication",482.82,0.0,6.7,-9.37,103.5,9.87,10.03,22.32,,not_stage_2,1,193.9,209.81,-4.57,0.00826,"{'price_above_30w_ma': False, '30w_ma_rising': False, 'price_above_10w_ma': False, 'relative_strength_positive': True, 'near_52w_high': False}",leading,improving,100.59,103.76,0.59,2.03,True,False,2026-09-03 ratio=100.00 momentum=101.72; 2026-09-04 ratio=99.26 momentum=100.72; 2026-09-08 ratio=99.14 momentum=99.99; 2026-09-09 ratio=100.02 momentum=102.21; 2026-09-10 ratio=100.59 momentum=103.76,71.75
stock,Ent.Network,ENIL.NS,Media & Entertainment,"Media, Entertainment & Publication",482.62,1.98,-6.01,-11.5,113.69,-2.79,361.19,-0.75,,not_stage_2,1,101.74,108.0,-1.14,0.00433,"{'price_above_30w_ma': False, '30w_ma_rising': False, 'price_above_10w_ma': False, 'relative_strength_positive': True, 'near_52w_high': False}",weakening,improving,100.08,99.39,1.41,-0.82,False,False,2026-09-03 ratio=98.67 momentum=100.22; 2026-09-04 ratio=99.70 momentum=101.51; 2026-09-08 ratio=99.27 momentum=101.45; 2026-09-09 ratio=99.77 momentum=101.97; 2026-09-10 ratio=100.08 momentum=99.39,20.4
stock,Shemaroo Entert.,SHEMAROO.NS,Media & Entertainment,"Media, Entertainment & Publication",351.12,0.0,-8.07,82.43,131.68,-5.62,,-39.34,,stage_2,4,121.99,111.01,3.13,0.0052,"{'price_above_30w_ma': True, '30w_ma_rising': True, 'price_above_10w_ma': False, 'relative_strength_positive': True, 'near_52w_high': True}",weakening,weakening,100.27,98.48,-0.3,3.84,False,False,2026-09-03 ratio=100.57 momentum=94.64; 2026-09-04 ratio=100.72 momentum=101.19; 2026-09-08 ratio=100.77 momentum=102.48; 2026-09-09 ratio=100.59 momentum=100.05; 2026-09-10 ratio=100.27 momentum=98.48,112.61
stock,Optimystix Entertainment,OPTIMYSTIX.NS,Media & Entertainment,"Media, Entertainment & Publication",344.38,0.0,,,,,14.37,27.26,,insufficient_data,0,,,,,{},insufficient_data,insufficient_data,,,,,False,False,,0.0
stock,Gretex Industrie,GRETEX.NS,Media & Entertainment,"Media, Entertainment & Publication",333.38,0.0,0.1,-92.09,27.6,43.97,238.13,3.01,,not_stage_2,1,225.15,275.07,2.79,0.00959,"{'price_above_30w_ma': False, '30w_ma_rising': True, 'price_above_10w_ma': False, 'relative_strength_positive': False, 'near_52w_high': False}",lagging,lagging,97.26,97.83,0.21,0.71,False,False,2026-09-03 ratio=97.04 momentum=97.12; 2026-09-04 ratio=96.61 momentum=97.06; 2026-09-08 ratio=96.48 momentum=96.94; 2026-09-09 ratio=96.98 momentum=97.03; 2026-09-10 ratio=97.26 momentum=97.83,25.58
stock,Poly Medicure,POLYMED.NS,Medical Equipment & Supplies,Healthcare,17623.2,0.2,85.28,-7.57,525.38,30.3,55.07,12.5,,stage_2,5,1747.7,1527.64,2.49,0.07444,"{'price_above_30w_ma': True, '30w_ma_rising': True, 'price_above_10w_ma': True, 'relative_strength_positive': True, 'near_52w_high': True}",leading,weakening,101.54,102.2,1.35,2.68,True,False,2026-09-04 ratio=100.19 momentum=99.52; 2026-09-07 ratio=100.31 momentum=99.28; 2026-09-08 ratio=101.07 momentum=101.03; 2026-09-09 ratio=101.19 momentum=101.75; 2026-09-10 ratio=101.54 momentum=102.20,178.68
stock,Molbio Diagnosti,MOLBIO.NS,Medical Equipment & Supplies,Healthcare,16570.53,0.0,52.75,347.79,408.38,309.57,66.38,18.48,,insufficient_data,0,,,,,{},insufficient_data,insufficient_data,,,,,False,False,,0.0
stock,Fischer Medical,FISCHER.NS,Medical Equipment & Supplies,Healthcare,2513.38,0.14,3.79,-22.02,81.92,249.49,102.67,11.38,,not_stage_2,0,34.9,37.47,-1.33,0.00149,"{'price_above_30w_ma': False, '30w_ma_rising': False, 'price_above_10w_ma': False, 'relative_strength_positive': False, 'near_52w_high': False}",improving,lagging,98.56,100.65,-0.31,2.65,False,False,2026-09-04 ratio=98.87 momentum=98.00; 2026-09-07 ratio=98.82 momentum=99.71; 2026-09-08 ratio=98.84 momentum=99.44; 2026-09-09 ratio=98.45 momentum=99.67; 2026-09-10 ratio=98.56 momentum=100.65,3.25
stock,Q-Line Biotech,QLINE.NS,Medical Equipment & Supplies,Healthcare,1694.09,0.0,34.41,147.29,197.94,-8.59,29.99,22.46,,insufficient_data,0,,,,,{},insufficient_data,insufficient_data,,,,,False,False,,0.0
stock,Tarsons Products,TARSONS.NS,Medical Equipment & Supplies,Healthcare,1649.81,0.0,-1.44,-180.9,110.24,20.67,139.34,4.59,,stage_2,4,317.65,247.91,7.48,0.01353,"{'price_above_30w_ma': True, '30w_ma_rising': True, 'price_above_10w_ma': False, 'relative_strength_positive': True, 'near_52w_high': True}",weakening,weakening,100.41,96.71,-0.68,-2.57,False,False,2026-09-03 ratio=101.10 momentum=99.28; 2026-09-04 ratio=101.02 momentum=98.07; 2026-09-08 ratio=100.71 momentum=96.70; 2026-09-09 ratio=100.64 momentum=96.88; 2026-09-10 ratio=100.41 momentum=96.71,122.01
stock,Laxmi Dental,LAXMIDENTL.NS,Medical Equipment & Supplies,Healthcare,1115.73,0.0,10.32,22.77,74.7,13.87,32.08,14.86,,not_stage_2,1,202.56,205.17,0.13,0.00863,"{'price_above_30w_ma': False, '30w_ma_rising': True, 'price_above_10w_ma': False, 'relative_strength_positive': False, 'near_52w_high': False}",improving,improving,99.88,103.27,0.78,0.72,False,True,2026-09-04 ratio=99.11 momentum=102.55; 2026-09-07 ratio=99.10 momentum=102.94; 2026-09-08 ratio=99.39 momentum=104.16; 2026-09-09 ratio=99.76 momentum=103.36; 2026-09-10 ratio=99.88 momentum=103.27,36.61
stock,Vasa Denticity,DENTALKART.NS,Medical Equipment & Supplies,Healthcare,676.4,0.0,4.19,45.99,82.17,36.9,55.9,9.21,,not_stage_2,0,390.0,404.72,-5.19,0.01661,"{'price_above_30w_ma': False, '30w_ma_rising': False, 'price_above_10w_ma': False, 'relative_strength_positive': False, 'near_52w_high': False}",weakening,leading,100.03,95.14,-0.31,-4.99,False,False,2026-09-03 ratio=100.34 momentum=100.12; 2026-09-04 ratio=100.94 momentum=102.30; 2026-09-08 ratio=100.74 momentum=99.56; 2026-09-09 ratio=100.61 momentum=98.71; 2026-09-10 ratio=100.03 momentum=95.14,0.15
stock,OSEL Devices,OSELDEVICE.NS,Medical Equipment & Supplies,Healthcare,662.23,0.0,14.06,16.78,145.81,47.1,22.64,24.4,,insufficient_data,0,,,,,{},insufficient_data,insufficient_data,,,,,False,False,,0.0
stock,Nureca,NURECA.NS,Medical Equipment & Supplies,Healthcare,320.35,0.0,3.07,279.01,40.34,18.02,73.81,3.3,,stage_2,5,343.55,277.13,2.29,0.01463,"{'price_above_30w_ma': True, '30w_ma_rising': True, 'price_above_10w_ma': True, 'relative_strength_positive': True, 'near_52w_high': True}",leading,leading,101.3,104.29,0.31,3.96,False,False,2026-09-03 ratio=100.99 momentum=100.33; 2026-09-04 ratio=100.70 momentum=100.47; 2026-09-08 ratio=100.64 momentum=100.87; 2026-09-09 ratio=101.10 momentum=103.76; 2026-09-10 ratio=101.30 momentum=104.29,177.53
stock,QMS Medical,QMSMEDI.NS,Medical Equipment & Supplies,Healthcare,305.49,0.32,3.96,24.57,56.87,22.3,28.42,13.23,,stage_2,5,150.46,101.26,9.33,0.00641,"{'price_above_30w_ma': True, '30w_ma_rising': True, 'price_above_10w_ma': True, 'relative_strength_positive': True, 'near_52w_high': True}",weakening,weakening,101.43,96.4,-0.67,-0.92,False,False,2026-09-03 ratio=102.10 momentum=97.31; 2026-09-04 ratio=101.97 momentum=95.16; 2026-09-08 ratio=101.76 momentum=96.68; 2026-09-09 ratio=101.58 momentum=96.86; 2026-09-10 ratio=101.43 momentum=96.40,150.81
stock,CreditAcc. Gram.,CREDITACC.NS,Microfinance Institutions,Financial Services,22894.54,0.0,493.39,719.72,1783.49,21.92,18.91,9.98,,not_stage_2,3,1403.2,1358.31,1.13,0.05977,"{'price_above_30w_ma': True, '30w_ma_rising': True, 'price_above_10w_ma': False, 'relative_strength_positive': False, 'near_52w_high': True}",improving,lagging,98.93,100.58,-0.11,2.84,False,False,2026-09-03 ratio=99.05 momentum=97.74; 2026-09-04 ratio=99.13 momentum=98.82; 2026-09-08 ratio=98.94 momentum=100.47; 2026-09-09 ratio=98.82 momentum=101.50; 2026-09-10 ratio=98.93 momentum=100.58,65.16
stock,Muthoot Microfin,MUTHOOTMF.NS,Microfinance Institutions,Financial Services,3346.07,0.0,81.34,1216.18,668.64,19.69,13.63,9.31,,not_stage_2,3,196.13,193.27,1.62,0.00835,"{'price_above_30w_ma': True, '30w_ma_rising': True, 'price_above_10w_ma': False, 'relative_strength_positive': False, 'near_52w_high': True}",lagging,lagging,98.88,99.64,-0.22,0.41,False,False,2026-09-04 ratio=99.10 momentum=99.23; 2026-09-07 ratio=98.76 momentum=97.86; 2026-09-08 ratio=99.05 momentum=99.18; 2026-09-09 ratio=98.93 momentum=97.54; 2026-09-10 ratio=98.88 momentum=99.64,63.24
stock,Fusion Finance,FUSION.NS,Microfinance Institutions,Financial Services,3073.08,0.0,62.41,167.65,458.17,3.59,18.24,5.92,,not_stage_2,3,190.68,188.68,0.98,0.00812,"{'price_above_30w_ma': True, '30w_ma_rising': True, 'price_above_10w_ma': False, 'relative_strength_positive': False, 'near_52w_high': True}",lagging,lagging,98.91,96.33,-0.54,-2.04,False,False,2026-09-03 ratio=99.44 momentum=98.37; 2026-09-04 ratio=99.66 momentum=100.17; 2026-09-08 ratio=99.71 momentum=99.93; 2026-09-09 ratio=99.26 momentum=99.03; 2026-09-10 ratio=98.91 momentum=96.33,61.96
stock,Satin Creditcare,SATIN.NS,Microfinance Institutions,Financial Services,2397.66,0.0,122.65,172.0,762.14,8.39,5.85,13.84,,not_stage_2,3,217.21,204.39,4.42,0.00925,"{'price_above_30w_ma': True, '30w_ma_rising': True, 'price_above_10w_ma': False, 'relative_strength_positive': False, 'near_52w_high': True}",improving,improving,99.12,100.77,0.21,0.7,False,True,2026-09-03 ratio=98.91 momentum=100.07; 2026-09-04 ratio=99.00 momentum=101.72; 2026-09-08 ratio=98.98 momentum=101.52; 2026-09-09 ratio=98.98 momentum=103.19; 2026-09-10 ratio=99.12 momentum=100.77,72.69
stock,Spandana Sphoort,SPANDANA.NS,Microfinance Institutions,Financial Services,1675.57,0.0,11.88,103.3,283.91,-5.51,,-5.78,,not_stage_2,1,232.17,246.76,-0.51,0.00989,"{'price_above_30w_ma': False, '30w_ma_rising': False, 'price_above_10w_ma': False, 'relative_strength_positive': False, 'near_52w_high': True}",lagging,improving,98.99,99.8,0.11,-0.23,False,False,2026-09-03 ratio=98.88 momentum=100.02; 2026-09-04 ratio=99.04 momentum=102.59; 2026-09-08 ratio=99.17 momentum=103.28; 2026-09-09 ratio=98.99 momentum=102.00; 2026-09-10 ratio=98.99 momentum=99.80,20.0
stock,Bajaj Finance,BAJFINANCE.NS,Non Banking Financial Company (NBFC),Financial Services,642535.6,0.52,6080.6,27.37,23165.45,18.65,31.37,10.87,,stage_2,4,1043.5,972.35,1.44,0.04445,"{'price_above_30w_ma': True, '30w_ma_rising': True, 'price_above_10w_ma': False, 'relative_strength_positive': True, 'near_52w_high': True}",weakening,weakening,100.23,96.65,-0.08,-0.98,False,False,2026-09-04 ratio=100.31 momentum=97.63; 2026-09-07 ratio=100.42 momentum=99.20; 2026-09-08 ratio=100.40 momentum=98.79; 2026-09-09 ratio=100.19 momentum=97.57; 2026-09-10 ratio=100.23 momentum=96.65,109.03
stock,Shriram Finance,SHRIRAMFIN.NS,Non Banking Financial Company (NBFC),Financial Services,242027.89,1.05,3452.77,59.89,13400.43,16.16,21.38,11.49,,stage_2,4,1038.0,1012.33,0.68,0.04421,"{'price_above_30w_ma': True, '30w_ma_rising': True, 'price_above_10w_ma': False, 'relative_strength_positive': True, 'near_52w_high': True}",lagging,lagging,99.9,97.91,0.44,0.68,False,False,2026-09-04 ratio=99.46 momentum=97.23; 2026-09-07 ratio=99.49 momentum=97.59; 2026-09-08 ratio=99.44 momentum=96.84; 2026-09-09 ratio=99.70 momentum=97.41; 2026-09-10 ratio=99.90 momentum=97.91,106.36
stock,Cholaman.Inv.&Fn,CHOLAFIN.NS,Non Banking Financial Company (NBFC),Financial Services,158496.11,0.11,1656.22,45.56,8856.29,21.87,27.56,9.71,,stage_2,5,1859.0,1668.94,1.41,0.07918,"{'price_above_30w_ma': True, '30w_ma_rising': True, 'price_above_10w_ma': True, 'relative_strength_positive': True, 'near_52w_high': True}",leading,weakening,101.7,101.66,0.72,2.27,True,False,2026-09-03 ratio=100.99 momentum=99.39; 2026-09-04 ratio=100.69 momentum=99.49; 2026-09-08 ratio=100.76 momentum=100.37; 2026-09-09 ratio=101.20 momentum=100.84; 2026-09-10 ratio=101.70 momentum=101.66,174.62
stock,Tata Capital,TATACAP.NS,Non Banking Financial Company (NBFC),Financial Services,154131.18,0.16,1628.18,56.32,8821.93,15.1,28.36,8.58,,stage_2,4,363.15,339.41,0.85,0.01547,"{'price_above_30w_ma': True, '30w_ma_rising': True, 'price_above_10w_ma': False, 'relative_strength_positive': True, 'near_52w_high': True}",weakening,leading,101.33,97.09,-0.82,-5.13,False,False,2026-09-04 ratio=102.16 momentum=102.22; 2026-09-07 ratio=101.74 momentum=101.71; 2026-09-08 ratio=101.73 momentum=103.10; 2026-09-09 ratio=101.46 momentum=99.84; 2026-09-10 ratio=101.33 momentum=97.09,113.35
stock,Muthoot Finance,MUTHOOTFIN.NS,Non Banking Financial Company (NBFC),Financial Services,112153.22,1.07,2824.84,38.83,8671.6,34.44,9.86,15.8,,not_stage_2,0,2841.5,3197.37,-3.09,0.12103,"{'price_above_30w_ma': False, '30w_ma_rising': False, 'price_above_10w_ma': False, 'relative_strength_positive': False, 'near_52w_high': False}",lagging,lagging,99.41,96.8,-0.16,-2.7,False,False,2026-09-04 ratio=99.57 momentum=99.51; 2026-09-07 ratio=99.41 momentum=97.28; 2026-09-08 ratio=99.78 momentum=97.68; 2026-09-09 ratio=99.20 momentum=95.27; 2026-09-10 ratio=99.41 momentum=96.80,0.0
stock,L&T Finance Ltd,LTF.NS,Non Banking Financial Company (NBFC),Financial Services,77483.81,0.89,915.99,28.72,5212.92,22.38,24.19,8.4,,stage_2,4,311.3,290.47,1.3,0.01326,"{'price_above_30w_ma': True, '30w_ma_rising': True, 'price_above_10w_ma': False, 'relative_strength_positive': True, 'near_52w_high': True}",weakening,weakening,100.83,99.17,0.36,-0.48,False,False,2026-09-04 ratio=100.47 momentum=99.65; 2026-09-07 ratio=100.45 momentum=99.84; 2026-09-08 ratio=100.09 momentum=98.72; 2026-09-09 ratio=100.81 momentum=99.38; 2026-09-10 ratio=100.83 momentum=99.17,111.75
stock,SBI Cards,SBICARD.NS,Non Banking Financial Company (NBFC),Financial Services,62379.74,0.38,664.44,19.51,5040.55,3.36,27.42,10.1,,not_stage_2,3,666.3,655.64,-2.12,0.02838,"{'price_above_30w_ma': True, '30w_ma_rising': False, 'price_above_10w_ma': True, 'relative_strength_positive': True, 'near_52w_high': False}",leading,leading,102.07,100.86,0.35,-1.09,False,False,2026-09-03 ratio=101.73 momentum=101.95; 2026-09-04 ratio=101.48 momentum=101.21; 2026-09-08 ratio=102.19 momentum=101.95; 2026-09-09 ratio=102.34 momentum=102.08; 2026-09-10 ratio=102.07 momentum=100.86,94.65
stock,HDB FINANC SER,HDBFS.NS,Non Banking Financial Company (NBFC),Financial Services,55693.41,0.6,785.2,38.31,4937.9,10.58,20.17,9.09,,not_stage_2,3,677.7,677.33,-0.49,0.02887,"{'price_above_30w_ma': True, '30w_ma_rising': False, 'price_above_10w_ma': False, 'relative_strength_positive': True, 'near_52w_high': True}",improving,improving,99.94,101.85,0.37,1.54,False,True,2026-09-04 ratio=99.58 momentum=100.32; 2026-09-07 ratio=99.80 momentum=101.92; 2026-09-08 ratio=99.91 momentum=102.53; 2026-09-09 ratio=99.87 momentum=101.85; 2026-09-10 ratio=99.94 momentum=101.85,69.25
stock,Sundaram Finance,SUNDARMFIN.NS,Non Banking Financial Company (NBFC),Financial Services,52344.93,0.85,636.19,33.88,2644.13,12.57,22.98,9.44,,not_stage_2,4,4703.0,4662.14,-1.81,0.20032,"{'price_above_30w_ma': True, '30w_ma_rising': False, 'price_above_10w_ma': True, 'relative_strength_positive': True, 'near_52w_high': True}",leading,leading,102.51,102.44,1.42,0.02,False,False,2026-09-03 ratio=101.10 momentum=102.42; 2026-09-04 ratio=101.83 momentum=102.66; 2026-09-08 ratio=102.87 momentum=103.49; 2026-09-09 ratio=103.07 momentum=103.44; 2026-09-10 ratio=102.51 momentum=102.44,124.75
stock,M & M Fin. Serv.,M&MFIN.NS,Non Banking Financial Company (NBFC),Financial Services,49539.24,2.11,927.48,75.43,5717.91,14.57,14.78,8.72,,not_stage_2,3,359.25,334.72,0.11,0.0153,"{'price_above_30w_ma': True, '30w_ma_rising': True, 'price_above_10w_ma': False, 'relative_strength_positive': False, 'near_52w_high': True}",weakening,weakening,100.02,95.53,-0.45,-2.7,False,False,2026-09-04 ratio=100.47 momentum=98.24; 2026-09-07 ratio=100.46 momentum=98.62; 2026-09-08 ratio=100.59 momentum=99.25; 2026-09-09 ratio=100.27 momentum=96.60; 2026-09-10 ratio=100.02 momentum=95.53,60.32
stock,Dolphin Offshore,DOLPHIN.NS,Offshore Support Solution Drilling,"Oil, Gas & Consumable Fuels",2590.95,0.0,14.81,30.71,42.85,160.64,35.98,14.92,,stage_2,5,654.0,437.2,7.33,0.02786,"{'price_above_30w_ma': True, '30w_ma_rising': True, 'price_above_10w_ma': True, 'relative_strength_positive': True, 'near_52w_high': True}",weakening,weakening,101.65,98.1,-0.04,1.19,False,False,2026-09-03 ratio=101.69 momentum=96.91; 2026-09-04 ratio=102.08 momentum=96.87; 2026-09-08 ratio=102.13 momentum=98.66; 2026-09-09 ratio=102.02 momentum=99.26; 2026-09-10 ratio=101.65 momentum=98.10,147.91
stock,Jindal Drilling,JINDRILL.NS,Offshore Support Solution Drilling,"Oil, Gas & Consumable Fuels",1835.86,0.16,47.14,-28.69,275.39,8.38,9.42,13.67,,stage_2,5,654.2,568.66,3.98,0.02786,"{'price_above_30w_ma': True, '30w_ma_rising': True, 'price_above_10w_ma': True, 'relative_strength_positive': True, 'near_52w_high': True}",leading,leading,101.84,100.76,-0.08,-0.76,False,False,2026-09-03 ratio=101.91 momentum=101.52; 2026-09-04 ratio=102.20 momentum=100.86; 2026-09-08 ratio=102.71 momentum=102.16; 2026-09-09 ratio=102.56 momentum=102.93; 2026-09-10 ratio=101.84 momentum=100.76,165.96
stock,Alphageo (India),ALPHAGEO.NS,Offshore Support Solution Drilling,"Oil, Gas & Consumable Fuels",196.74,1.61,14.86,1660.49,82.13,101.1,,-7.2,,stage_2,5,321.8,225.73,6.89,0.01371,"{'price_above_30w_ma': True, '30w_ma_rising': True, 'price_above_10w_ma': True, 'relative_strength_positive': True, 'near_52w_high': True}",weakening,weakening,101.33,98.13,-0.03,0.64,False,False,2026-09-03 ratio=101.37 momentum=97.49; 2026-09-04 ratio=101.46 momentum=97.41; 2026-09-08 ratio=101.44 momentum=98.31; 2026-09-09 ratio=101.46 momentum=98.98; 2026-09-10 ratio=101.33 momentum=98.13,145.43
stock,Aakash Explor.,AAKASH.NS,Offshore Support Solution Drilling,"Oil, Gas & Consumable Fuels",92.14,0.0,0.52,-3.7,27.89,16.89,26.48,7.63,,stage_2,5,9.14,8.82,1.5,0.00039,"{'price_above_30w_ma': True, '30w_ma_rising': True, 'price_above_10w_ma': True, 'relative_strength_positive': True, 'near_52w_high': True}",leading,improving,102.48,103.49,2.48,-1.12,False,False,2026-09-03 ratio=100.00 momentum=104.62; 2026-09-04 ratio=99.86 momentum=102.42; 2026-09-08 ratio=99.04 momentum=99.58; 2026-09-09 ratio=99.41 momentum=100.80; 2026-09-10 ratio=102.48 momentum=103.49,177.85
stock,Aban Offshore,ABAN.NS,Offshore Support Solution Drilling,"Oil, Gas & Consumable Fuels",83.58,0.0,1.8,100.73,99.12,-14.34,,,,not_stage_2,0,14.43,18.02,-4.31,0.00061,"{'price_above_30w_ma': False, '30w_ma_rising': False, 'price_above_10w_ma': False, 'relative_strength_positive': False, 'near_52w_high': False}",lagging,lagging,99.32,95.51,-0.17,-1.27,False,False,2026-09-03 ratio=99.49 momentum=96.78; 2026-09-04 ratio=99.59 momentum=96.96; 2026-09-08 ratio=99.39 momentum=96.10; 2026-09-09 ratio=99.55 momentum=96.90; 2026-09-10 ratio=99.32 momentum=95.51,0.0
stock,Deep Industries,DEEPINDS.NS,Oil Equipment & Services,"Oil, Gas & Consumable Fuels",4954.58,0.32,89.14,45.12,278.92,39.81,11.95,16.47,,stage_2,5,782.8,504.82,10.43,0.03334,"{'price_above_30w_ma': True, '30w_ma_rising': True, 'price_above_10w_ma': True, 'relative_strength_positive': True, 'near_52w_high': True}",leading,leading,101.83,101.32,-0.03,-0.26,False,False,2026-09-03 ratio=101.86 momentum=101.58; 2026-09-04 ratio=102.13 momentum=101.25; 2026-09-08 ratio=102.34 momentum=101.95; 2026-09-09 ratio=102.03 momentum=102.18; 2026-09-10 ratio=101.83 momentum=101.32,181.61
stock,Asian Energy,ASIANENE.NS,Oil Equipment & Services,"Oil, Gas & Consumable Fuels",2604.82,0.23,12.76,115.5,271.19,135.06,40.33,16.51,,stage_2,5,533.95,352.29,10.09,0.02274,"{'price_above_30w_ma': True, '30w_ma_rising': True, 'price_above_10w_ma': True, 'relative_strength_positive': True, 'near_52w_high': True}",weakening,weakening,102.02,99.08,-0.34,1.98,False,False,2026-09-03 ratio=102.35 momentum=97.09; 2026-09-04 ratio=102.09 momentum=98.43; 2026-09-08 ratio=102.58 momentum=101.29; 2026-09-09 ratio=102.19 momentum=102.19; 2026-09-10 ratio=102.02 momentum=99.08,155.28
stock,Oil Country,OILCOUNTUB.NS,Oil Equipment & Services,"Oil, Gas & Consumable Fuels",314.49,0.0,-15.11,-71.51,17.44,-29.02,,-25.38,,stage_2,5,60.51,54.78,3.32,0.00258,"{'price_above_30w_ma': True, '30w_ma_rising': True, 'price_above_10w_ma': True, 'relative_strength_positive': True, 'near_52w_high': True}",weakening,leading,100.98,99.93,-1.7,-1.81,False,False,2026-09-03 ratio=102.67 momentum=101.73; 2026-09-04 ratio=102.10 momentum=101.84; 2026-09-08 ratio=101.65 momentum=100.70; 2026-09-09 ratio=101.40 momentum=101.29; 2026-09-10 ratio=100.98 momentum=99.93,136.54
stock,Teja Engineering,TEJA.NS,Oil Equipment & Services,"Oil, Gas & Consumable Fuels",143.27,0.0,3.32,36.63,43.98,48.03,22.92,33.1,,insufficient_data,0,,,,,{},insufficient_data,insufficient_data,,,,,False,False,,0.0
stock,O N G C,ONGC.NS,Oil Exploration & Production,"Oil, Gas & Consumable Fuels",292824.71,5.7,6554.44,20.84,204987.35,25.68,6.7,14.15,,not_stage_2,2,237.27,261.74,-1.38,0.01011,"{'price_above_30w_ma': False, '30w_ma_rising': False, 'price_above_10w_ma': False, 'relative_strength_positive': True, 'near_52w_high': True}",leading,improving,100.62,103.32,1.09,2.17,True,False,2026-09-04 ratio=99.54 momentum=101.15; 2026-09-07 ratio=99.57 momentum=100.97; 2026-09-08 ratio=100.18 momentum=102.85; 2026-09-09 ratio=100.18 momentum=103.02; 2026-09-10 ratio=100.62 momentum=103.32,89.7
stock,Oil India,OIL.NS,Oil Exploration & Production,"Oil, Gas & Consumable Fuels",79559.93,2.35,4026.83,91.4,12503.32,57.7,9.52,11.51,,stage_2,5,500.3,465.9,0.35,0.02131,"{'price_above_30w_ma': True, '30w_ma_rising': True, 'price_above_10w_ma': True, 'relative_strength_positive': True, 'near_52w_high': True}",leading,leading,102.15,103.86,0.4,3.67,False,False,2026-09-04 ratio=101.75 momentum=100.20; 2026-09-07 ratio=101.72 momentum=100.01; 2026-09-08 ratio=102.09 momentum=103.18; 2026-09-09 ratio=102.27 momentum=103.67; 2026-09-10 ratio=102.15 momentum=103.86,175.75
stock,Vedanta Oil and Gas,VOGL.NS,Oil Exploration & Production,"Oil, Gas & Consumable Fuels",14358.98,0.0,945.0,2691.59,2507.0,8.48,66.8,,,insufficient_data,0,,,,,{},weakening,weakening,100.12,95.12,0.01,-2.86,False,False,2026-09-07 ratio=100.12 momentum=97.98; 2026-09-08 ratio=100.05 momentum=98.63; 2026-09-09 ratio=100.04 momentum=97.07; 2026-09-10 ratio=100.12 momentum=95.12,0.6
stock,Antelopus Selan,ANTELOPUS.NS,Oil Exploration & Production,"Oil, Gas & Consumable Fuels",4031.15,0.0,54.32,450.71,131.04,158.82,28.76,21.22,,stage_2,5,1124.1,734.73,7.26,0.04788,"{'price_above_30w_ma': True, '30w_ma_rising': True, 'price_above_10w_ma': True, 'relative_strength_positive': True, 'near_52w_high': True}",leading,leading,103.13,102.01,0.44,0.38,False,False,2026-09-04 ratio=102.69 momentum=101.63; 2026-09-07 ratio=102.96 momentum=101.68; 2026-09-08 ratio=104.07 momentum=102.30; 2026-09-09 ratio=104.14 momentum=102.20; 2026-09-10 ratio=103.13 momentum=102.01,185.22
stock,Prabha Energy,PRABHA.NS,Oil Exploration & Production,"Oil, Gas & Consumable Fuels",3349.67,0.0,0.29,226.09,1.69,49.56,3045.15,-0.09,,stage_2,5,247.58,166.8,5.94,0.01055,"{'price_above_30w_ma': True, '30w_ma_rising': True, 'price_above_10w_ma': True, 'relative_strength_positive': True, 'near_52w_high': True}",weakening,weakening,102.18,99.81,-0.14,4.2,False,False,2026-09-04 ratio=102.33 momentum=95.61; 2026-09-07 ratio=102.57 momentum=97.12; 2026-09-08 ratio=102.68 momentum=100.71; 2026-09-09 ratio=102.33 momentum=99.44; 2026-09-10 ratio=102.18 momentum=99.81,147.78
stock,Hind.Oil Explor.,HINDOILEXP.NS,Oil Exploration & Production,"Oil, Gas & Consumable Fuels",2448.89,0.0,6.24,-47.91,114.18,45.17,97.49,3.49,,stage_2,5,187.66,155.87,1.99,0.00799,"{'price_above_30w_ma': True, '30w_ma_rising': True, 'price_above_10w_ma': True, 'relative_strength_positive': True, 'near_52w_high': True}",leading,leading,102.52,100.93,-1.43,-1.88,False,False,2026-09-04 ratio=103.95 momentum=102.81; 2026-09-07 ratio=103.82 momentum=102.53; 2026-09-08 ratio=103.78 momentum=102.66; 2026-09-09 ratio=103.54 momentum=102.92; 2026-09-10 ratio=102.52 momentum=100.93,166.23
stock,Guj.Nat.Resour.,GNRL.NS,Oil Exploration & Production,"Oil, Gas & Consumable Fuels",1598.65,0.0,11.35,488.08,5.72,70.75,82.79,7.25,,insufficient_data,0,,,,,{},insufficient_data,insufficient_data,,,,,False,False,,0.0
stock,L T Foods,LTFOODS.NS,Other Agricultural Products,Fast Moving Consumer Goods,15195.94,0.68,183.45,8.87,3151.83,27.92,23.73,17.74,,stage_2,5,441.5,403.83,1.67,0.0188,"{'price_above_30w_ma': True, '30w_ma_rising': True, 'price_above_10w_ma': True, 'relative_strength_positive': True, 'near_52w_high': True}",weakening,weakening,101.46,98.1,-0.21,-1.48,False,False,2026-09-04 ratio=101.67 momentum=99.57; 2026-09-07 ratio=101.81 momentum=94.73; 2026-09-08 ratio=102.03 momentum=99.01; 2026-09-09 ratio=101.99 momentum=97.13; 2026-09-10 ratio=101.46 momentum=98.10,135.64
stock,KRBL,KRBL.NS,Other Agricultural Products,Fast Moving Consumer Goods,9633.99,1.07,260.74,73.16,1495.86,-5.59,12.71,15.16,,stage_2,5,423.25,359.5,2.8,0.01803,"{'price_above_30w_ma': True, '30w_ma_rising': True, 'price_above_10w_ma': True, 'relative_strength_positive': True, 'near_52w_high': True}",weakening,leading,101.59,94.36,-0.2,-5.7,False,False,2026-09-03 ratio=101.79 momentum=100.06; 2026-09-04 ratio=101.60 momentum=99.05; 2026-09-08 ratio=101.96 momentum=96.76; 2026-09-09 ratio=102.07 momentum=99.23; 2026-09-10 ratio=101.59 momentum=94.36,138.55
stock,Guj. Ambuja Exp,GAEL.NS,Other Agricultural Products,Fast Moving Consumer Goods,7461.89,0.18,176.77,171.87,1594.22,23.47,17.81,12.46,,stage_2,5,164.8,155.24,2.95,0.00702,"{'price_above_30w_ma': True, '30w_ma_rising': True, 'price_above_10w_ma': True, 'relative_strength_positive': True, 'near_52w_high': True}",weakening,weakening,100.43,99.54,-0.05,2.04,False,False,2026-09-04 ratio=100.48 momentum=97.50; 2026-09-07 ratio=100.33 momentum=95.76; 2026-09-08 ratio=100.59 momentum=97.45; 2026-09-09 ratio=100.62 momentum=98.78; 2026-09-10 ratio=100.43 momentum=99.54,133.05
stock,Kaveri Seed Co.,KSCL.NS,Other Agricultural Products,Fast Moving Consumer Goods,3679.19,0.7,279.84,-14.18,742.5,-13.51,14.74,18.79,,not_stage_2,0,718.05,845.06,-1.95,0.03058,"{'price_above_30w_ma': False, '30w_ma_rising': False, 'price_above_10w_ma': False, 'relative_strength_positive': False, 'near_52w_high': False}",lagging,improving,98.72,97.75,-0.13,-2.62,False,False,2026-09-03 ratio=98.85 momentum=100.36; 2026-09-04 ratio=98.85 momentum=101.39; 2026-09-08 ratio=98.75 momentum=99.72; 2026-09-09 ratio=98.78 momentum=98.47; 2026-09-10 ratio=98.72 momentum=97.75,0.0
stock,TruAlt Bioenergy,TRUALT.NS,Other Agricultural Products,Fast Moving Consumer Goods,3578.41,0.0,59.27,1108.25,626.88,106.29,22.88,10.44,,not_stage_2,2,419.65,445.76,1.35,0.01787,"{'price_above_30w_ma': False, '30w_ma_rising': True, 'price_above_10w_ma': False, 'relative_strength_positive': False, 'near_52w_high': True}",improving,lagging,99.45,101.16,0.23,3.79,False,True,2026-09-04 ratio=99.22 momentum=97.37; 2026-09-07 ratio=99.30 momentum=98.86; 2026-09-08 ratio=99.03 momentum=99.32; 2026-09-09 ratio=99.54 momentum=100.13; 2026-09-10 ratio=99.45 momentum=101.16,48.5
stock,Sanstar,SANSTAR.NS,Other Agricultural Products,Fast Moving Consumer Goods,2211.09,0.0,9.21,2808.82,206.16,21.51,50.25,5.69,,stage_2,4,107.38,101.88,2.39,0.00457,"{'price_above_30w_ma': True, '30w_ma_rising': True, 'price_above_10w_ma': False, 'relative_strength_positive': True, 'near_52w_high': True}",improving,leading,99.89,101.19,-0.34,-3.02,False,False,2026-09-04 ratio=100.22 momentum=104.21; 2026-09-07 ratio=100.10 momentum=103.48; 2026-09-08 ratio=100.25 momentum=103.40; 2026-09-09 ratio=100.41 momentum=102.21; 2026-09-10 ratio=99.89 momentum=101.19,115.73
stock,A C J K Exports,AEROPLANE.NS,Other Agricultural Products,Fast Moving Consumer Goods,2127.24,0.0,36.63,127.52,663.73,55.1,17.18,15.7,,insufficient_data,0,,,,,{},leading,leading,102.66,102.94,1.45,0.45,False,False,2026-09-04 ratio=101.21 momentum=102.49; 2026-09-07 ratio=101.63 momentum=102.55; 2026-09-08 ratio=101.87 momentum=102.17; 2026-09-09 ratio=102.03 momentum=102.39; 2026-09-10 ratio=102.66 momentum=102.94,48.0
stock,GRM Overseas,GRMOVER.NS,Other Agricultural Products,Fast Moving Consumer Goods,1748.49,0.0,21.04,10.21,426.51,30.52,22.87,13.99,,not_stage_2,1,87.48,128.03,-7.42,0.00373,"{'price_above_30w_ma': False, '30w_ma_rising': False, 'price_above_10w_ma': False, 'relative_strength_positive': True, 'near_52w_high': False}",improving,improving,99.81,101.29,0.95,-0.75,False,False,2026-09-03 ratio=98.86 momentum=102.03; 2026-09-04 ratio=99.35 momentum=103.26; 2026-09-08 ratio=99.82 momentum=100.91; 2026-09-09 ratio=100.04 momentum=102.04; 2026-09-10 ratio=99.81 momentum=101.29,26.45
stock,Chamanlal Setia,CLSEL.NS,Other Agricultural Products,Fast Moving Consumer Goods,1474.85,1.01,31.99,47.83,345.92,12.58,11.79,18.18,,stage_2,5,302.55,275.25,1.78,0.01289,"{'price_above_30w_ma': True, '30w_ma_rising': True, 'price_above_10w_ma': True, 'relative_strength_positive': True, 'near_52w_high': True}",weakening,leading,101.8,98.13,-0.2,-4.9,False,False,2026-09-03 ratio=102.00 momentum=103.03; 2026-09-04 ratio=101.62 momentum=101.68; 2026-09-08 ratio=102.13 momentum=98.54; 2026-09-09 ratio=102.17 momentum=97.95; 2026-09-10 ratio=101.80 momentum=98.13,137.56
stock,AVT Natural Prod,AVTNPL.NS,Other Agricultural Products,Fast Moving Consumer Goods,1368.9,0.89,31.1,156.6,241.21,82.16,16.34,14.22,,stage_2,5,90.6,70.29,4.43,0.00386,"{'price_above_30w_ma': True, '30w_ma_rising': True, 'price_above_10w_ma': True, 'relative_strength_positive': True, 'near_52w_high': True}",weakening,weakening,101.74,98.32,-0.42,1.59,False,False,2026-09-03 ratio=102.16 momentum=96.73; 2026-09-04 ratio=101.95 momentum=97.04; 2026-09-08 ratio=101.87 momentum=97.47; 2026-09-09 ratio=102.07 momentum=99.21; 2026-09-10 ratio=101.74 momentum=98.32,142.56
stock,AU Small Finance,AUBANK.NS,Other Bank,Financial Services,78710.05,0.09,795.95,37.03,5302.74,21.11,27.56,7.66,,stage_2,4,1054.7,1008.81,1.24,0.04492,"{'price_above_30w_ma': True, '30w_ma_rising': True, 'price_above_10w_ma': False, 'relative_strength_positive': True, 'near_52w_high': True}",weakening,weakening,100.82,94.44,-0.12,-4.39,False,False,2026-09-03 ratio=100.94 momentum=98.84; 2026-09-04 ratio=100.64 momentum=97.39; 2026-09-08 ratio=101.28 momentum=97.93; 2026-09-09 ratio=101.10 momentum=96.15; 2026-09-10 ratio=100.82 momentum=94.44,111.58
stock,Ujjivan Small,UJJIVANSFB.NS,Other Bank,Financial Services,12776.5,0.0,316.54,206.67,2024.92,25.08,14.1,7.73,,not_stage_2,3,66.52,60.47,1.02,0.00283,"{'price_above_30w_ma': True, '30w_ma_rising': True, 'price_above_10w_ma': False, 'relative_strength_positive': False, 'near_52w_high': True}",weakening,lagging,100.24,99.28,1.0,2.59,False,False,2026-09-03 ratio=99.24 momentum=96.69; 2026-09-04 ratio=99.49 momentum=96.98; 2026-09-08 ratio=99.72 momentum=97.80; 2026-09-09 ratio=99.62 momentum=97.97; 2026-09-10 ratio=100.24 momentum=99.28,63.24
stock,Equitas Sma. Fin,EQUITASBNK.NS,Other Bank,Financial Services,8371.59,0.0,183.61,182.06,1960.4,18.89,16.4,6.43,,not_stage_2,3,72.63,69.6,1.03,0.00309,"{'price_above_30w_ma': True, '30w_ma_rising': True, 'price_above_10w_ma': False, 'relative_strength_positive': False, 'near_52w_high': True}",improving,lagging,99.46,100.68,0.39,4.53,False,True,2026-09-03 ratio=99.07 momentum=96.15; 2026-09-04 ratio=99.03 momentum=93.72; 2026-09-08 ratio=99.20 momentum=100.38; 2026-09-09 ratio=99.52 momentum=102.59; 2026-09-10 ratio=99.46 momentum=100.68,65.46
stock,Jana Small Finan,JSFB.NS,Other Bank,Financial Services,5453.63,0.0,155.23,52.29,1514.53,22.08,14.36,7.45,,not_stage_2,3,514.75,461.68,5.32,0.02192,"{'price_above_30w_ma': True, '30w_ma_rising': True, 'price_above_10w_ma': False, 'relative_strength_positive': False, 'near_52w_high': True}",lagging,weakening,99.88,96.26,-0.44,-0.74,False,False,2026-09-04 ratio=100.31 momentum=96.99; 2026-09-07 ratio=100.44 momentum=96.21; 2026-09-08 ratio=100.53 momentum=96.44; 2026-09-09 ratio=100.47 momentum=98.95; 2026-09-10 ratio=99.88 momentum=96.26,70.64
stock,Utkarsh Small F.,UTKARSHBNK.NS,Other Bank,Financial Services,2582.13,0.0,-33.92,85.84,883.56,0.3,,1.46,,stage_2,4,14.8,13.8,0.91,0.00063,"{'price_above_30w_ma': True, '30w_ma_rising': True, 'price_above_10w_ma': True, 'relative_strength_positive': True, 'near_52w_high': False}",leading,leading,101.19,100.13,-0.16,-4.81,False,False,2026-09-03 ratio=101.35 momentum=104.93; 2026-09-04 ratio=100.49 momentum=101.49; 2026-09-08 ratio=103.23 momentum=103.50; 2026-09-09 ratio=103.42 momentum=103.12; 2026-09-10 ratio=101.19 momentum=100.13,133.42
stock,ESAF Small Fin,ESAFSFB.NS,Other Bank,Financial Services,2060.63,0.0,80.08,198.6,1097.77,32.54,,5.65,,stage_2,5,40.39,31.49,6.19,0.00172,"{'price_above_30w_ma': True, '30w_ma_rising': True, 'price_above_10w_ma': True, 'relative_strength_positive': True, 'near_52w_high': True}",weakening,weakening,100.7,96.45,-0.24,-0.69,False,False,2026-09-04 ratio=100.94 momentum=97.14; 2026-09-07 ratio=101.06 momentum=97.84; 2026-09-08 ratio=101.01 momentum=98.17; 2026-09-09 ratio=100.90 momentum=97.11; 2026-09-10 ratio=100.70 momentum=96.45,140.88
stock,Suryoday Small,SURYODAY.NS,Other Bank,Financial Services,1572.79,1.01,75.18,113.1,622.36,25.69,8.2,7.33,,not_stage_2,2,151.06,155.3,1.75,0.00643,"{'price_above_30w_ma': False, '30w_ma_rising': True, 'price_above_10w_ma': False, 'relative_strength_positive': False, 'near_52w_high': True}",improving,improving,99.2,100.82,0.12,-2.13,False,False,2026-09-03 ratio=99.07 momentum=102.95; 2026-09-04 ratio=98.99 momentum=100.49; 2026-09-08 ratio=99.33 momentum=102.17; 2026-09-09 ratio=99.35 momentum=105.09; 2026-09-10 ratio=99.20 momentum=100.82,47.6
stock,Capital Small,CAPITALSFB.NS,Other Bank,Financial Services,1231.44,1.84,41.3,29.02,288.18,16.63,8.17,7.07,,not_stage_2,2,272.15,273.15,0.91,0.01159,"{'price_above_30w_ma': False, '30w_ma_rising': True, 'price_above_10w_ma': False, 'relative_strength_positive': False, 'near_52w_high': True}",lagging,improving,98.48,97.8,-0.63,-3.16,False,False,2026-09-04 ratio=99.12 momentum=100.96; 2026-09-07 ratio=98.89 momentum=99.06; 2026-09-08 ratio=98.99 momentum=98.64; 2026-09-09 ratio=99.65 momentum=103.46; 2026-09-10 ratio=98.48 momentum=97.80,41.82
stock,Fino Payments,FINOPB.NS,Other Bank,Financial Services,1164.47,0.0,-13.72,-177.25,72.23,18.43,47.63,4.41,,not_stage_2,0,139.95,146.96,-6.67,0.00596,"{'price_above_30w_ma': False, '30w_ma_rising': False, 'price_above_10w_ma': False, 'relative_strength_positive': False, 'near_52w_high': False}",improving,lagging,99.34,100.38,0.19,1.49,False,True,2026-09-03 ratio=99.15 momentum=98.89; 2026-09-04 ratio=99.08 momentum=98.74; 2026-09-08 ratio=99.27 momentum=98.64; 2026-09-09 ratio=99.18 momentum=99.71; 2026-09-10 ratio=99.34 momentum=100.38,1.9
stock,Ramco Inds.,RAMCOIND.NS,Other Construction Materials,Construction Materials,2808.13,0.39,86.59,21.91,613.81,15.48,8.92,4.57,,not_stage_2,3,319.55,302.38,0.87,0.01361,"{'price_above_30w_ma': True, '30w_ma_rising': True, 'price_above_10w_ma': False, 'relative_strength_positive': False, 'near_52w_high': True}",lagging,lagging,99.04,96.58,0.17,-0.68,False,False,2026-09-03 ratio=98.87 momentum=97.25; 2026-09-04 ratio=98.83 momentum=97.69; 2026-09-08 ratio=98.98 momentum=98.24; 2026-09-09 ratio=99.06 momentum=97.73; 2026-09-10 ratio=99.04 momentum=96.58,61.74
stock,BirlaNu Ltd,BIRLANU.NS,Other Construction Materials,Construction Materials,1085.76,1.04,9.4,812.12,1174.02,11.57,,-4.29,,not_stage_2,3,1434.6,1409.22,-1.92,0.0611,"{'price_above_30w_ma': True, '30w_ma_rising': False, 'price_above_10w_ma': True, 'relative_strength_positive': True, 'near_52w_high': False}",weakening,weakening,100.49,98.95,0.27,2.19,False,False,2026-09-03 ratio=100.22 momentum=96.76; 2026-09-04 ratio=100.42 momentum=97.98; 2026-09-08 ratio=100.41 momentum=98.14; 2026-09-09 ratio=100.28 momentum=93.85; 2026-09-10 ratio=100.49 momentum=98.95,62.45
stock,Arisinfra Solu.,ARIS.NS,Other Construction Materials,Construction Materials,1026.03,0.0,20.04,306.31,290.81,37.12,15.53,15.57,,stage_2,4,126.98,121.45,4.27,0.00541,"{'price_above_30w_ma': True, '30w_ma_rising': True, 'price_above_10w_ma': False, 'relative_strength_positive': True, 'near_52w_high': True}",weakening,weakening,100.29,97.58,-0.05,-0.09,False,False,2026-09-04 ratio=100.34 momentum=97.67; 2026-09-07 ratio=100.19 momentum=97.61; 2026-09-08 ratio=100.30 momentum=97.92; 2026-09-09 ratio=100.42 momentum=97.43; 2026-09-10 ratio=100.29 momentum=97.58,114.99
stock,Everest Inds.,EVERESTIND.NS,Other Construction Materials,Construction Materials,646.22,0.25,102.09,1505.52,435.86,-12.95,,-8.5,,not_stage_2,2,415.45,406.75,0.07,0.0177,"{'price_above_30w_ma': True, '30w_ma_rising': True, 'price_above_10w_ma': False, 'relative_strength_positive': False, 'near_52w_high': False}",lagging,lagging,98.83,98.63,0.06,2.21,False,False,2026-09-03 ratio=98.77 momentum=96.42; 2026-09-04 ratio=98.75 momentum=96.19; 2026-09-08 ratio=99.00 momentum=99.77; 2026-09-09 ratio=99.11 momentum=101.63; 2026-09-10 ratio=98.83 momentum=98.63,40.14
stock,Sahyadri Industr,SAHYADRI.NS,Other Construction Materials,Construction Materials,426.06,0.64,26.52,146.24,258.58,20.51,9.44,9.72,,stage_2,5,383.35,284.82,5.98,0.01633,"{'price_above_30w_ma': True, '30w_ma_rising': True, 'price_above_10w_ma': True, 'relative_strength_positive': True, 'near_52w_high': True}",leading,weakening,101.76,102.38,0.42,5.41,True,False,2026-09-03 ratio=101.34 momentum=96.97; 2026-09-04 ratio=102.12 momentum=100.09; 2026-09-08 ratio=101.92 momentum=101.55; 2026-09-09 ratio=101.70 momentum=101.62; 2026-09-10 ratio=101.76 momentum=102.38,187.66
stock,Vishnusurya Pro.,VISHNUINFR.NS,Other Construction Materials,Construction Materials,406.78,0.64,5.92,116.06,61.87,25.02,9.64,19.92,,not_stage_2,2,156.25,159.16,-2.59,0.00666,"{'price_above_30w_ma': False, '30w_ma_rising': False, 'price_above_10w_ma': True, 'relative_strength_positive': True, 'near_52w_high': False}",leading,leading,100.69,102.98,-0.24,-0.79,False,False,2026-09-03 ratio=100.93 momentum=103.76; 2026-09-04 ratio=100.35 momentum=102.59; 2026-09-08 ratio=100.09 momentum=100.25; 2026-09-09 ratio=99.59 momentum=99.16; 2026-09-10 ratio=100.69 momentum=102.98,78.35
stock,Teamtech Formwork,TEAMTECH.NS,Other Construction Materials,Construction Materials,386.84,0.0,7.33,,31.74,,33.38,41.17,,insufficient_data,0,,,,,{},insufficient_data,insufficient_data,,,,,False,False,,0.0
stock,MCON Rasayan,MCON.NS,Other Construction Materials,Construction Materials,30.22,0.0,1.8,76.47,36.86,26.32,9.94,11.06,,not_stage_2,0,41.65,45.93,-2.31,0.00177,"{'price_above_30w_ma': False, '30w_ma_rising': False, 'price_above_10w_ma': False, 'relative_strength_positive': False, 'near_52w_high': False}",lagging,lagging,99.58,99.42,0.0,1.83,False,False,2026-09-03 ratio=99.58 momentum=97.59; 2026-09-04 ratio=100.25 momentum=98.44; 2026-09-08 ratio=99.81 momentum=96.65; 2026-09-09 ratio=99.43 momentum=99.57; 2026-09-10 ratio=99.58 momentum=99.42,0.0
stock,SIS,SIS.NS,Other Consumer Services,Consumer Services,5926.71,1.67,101.66,9.37,4603.58,29.73,14.75,13.68,,stage_2,4,422.95,378.27,3.43,0.01801,"{'price_above_30w_ma': True, '30w_ma_rising': True, 'price_above_10w_ma': False, 'relative_strength_positive': True, 'near_52w_high': True}",leading,leading,100.68,102.8,-0.68,-0.58,False,False,2026-09-03 ratio=101.36 momentum=103.38; 2026-09-04 ratio=100.79 momentum=102.34; 2026-09-08 ratio=100.97 momentum=102.46; 2026-09-09 ratio=101.20 momentum=104.55; 2026-09-10 ratio=100.68 momentum=102.80,149.26
stock,E Factor Experie,EFACTOR.NS,Other Consumer Services,Consumer Services,217.98,0.72,14.61,-26.66,138.84,-9.5,11.08,24.71,,not_stage_2,0,170.85,196.56,-5.38,0.00728,"{'price_above_30w_ma': False, '30w_ma_rising': False, 'price_above_10w_ma': False, 'relative_strength_positive': False, 'near_52w_high': False}",lagging,lagging,99.84,96.92,-0.05,0.32,False,False,2026-09-03 ratio=99.89 momentum=96.60; 2026-09-04 ratio=99.75 momentum=96.83; 2026-09-08 ratio=99.54 momentum=96.76; 2026-09-09 ratio=99.66 momentum=97.25; 2026-09-10 ratio=99.84 momentum=96.92,0.0
stock,Party Cruisers,PARTYCRUS.NS,Other Consumer Services,Consumer Services,119.84,0.0,10.04,62.85,111.27,32.28,9.54,34.58,,not_stage_2,4,90.4,88.82,-0.04,0.00385,"{'price_above_30w_ma': True, '30w_ma_rising': False, 'price_above_10w_ma': True, 'relative_strength_positive': True, 'near_52w_high': True}",leading,improving,102.05,102.19,3.34,1.33,True,False,2026-09-03 ratio=98.72 momentum=100.87; 2026-09-04 ratio=98.73 momentum=101.22; 2026-09-08 ratio=100.84 momentum=102.64; 2026-09-09 ratio=102.13 momentum=102.76; 2026-09-10 ratio=102.05 momentum=102.19,131.2
stock,Touchwood Enter.,TOUCHWOOD.NS,Other Consumer Services,Consumer Services,67.77,0.0,0.38,-70.77,3.96,-76.57,20.41,13.52,,not_stage_2,0,61.16,69.84,-5.64,0.00261,"{'price_above_30w_ma': False, '30w_ma_rising': False, 'price_above_10w_ma': False, 'relative_strength_positive': False, 'near_52w_high': False}",improving,improving,99.29,101.15,1.04,0.26,False,True,2026-09-03 ratio=98.25 momentum=100.90; 2026-09-04 ratio=99.35 momentum=102.21; 2026-09-08 ratio=99.06 momentum=101.09; 2026-09-09 ratio=99.24 momentum=101.95; 2026-09-10 ratio=99.29 momentum=101.15,5.75
stock,Blue Pebble,BLUEPEBBLE.NS,Other Consumer Services,Consumer Services,32.23,0.63,-0.26,,11.14,,65.78,2.38,,not_stage_2,2,79.0,97.58,-9.37,0.00336,"{'price_above_30w_ma': False, '30w_ma_rising': False, 'price_above_10w_ma': True, 'relative_strength_positive': True, 'near_52w_high': False}",leading,leading,102.24,102.16,-1.16,-1.05,False,False,2026-09-04 ratio=103.40 momentum=103.21; 2026-09-07 ratio=101.65 momentum=101.92; 2026-09-08 ratio=101.79 momentum=101.96; 2026-09-09 ratio=102.34 momentum=101.75; 2026-09-10 ratio=102.24 momentum=102.16,82.0
stock,Thinking Hats,THESL.NS,Other Consumer Services,Consumer Services,17.36,0.0,0.51,-80.08,15.16,-61.15,14.0,5.96,,insufficient_data,0,,,,,{},insufficient_data,insufficient_data,,,,,False,False,,0.0
stock,Inox India,INOXINDIA.NS,Other Industrial Products,Capital Goods,20389.59,0.09,58.07,-4.99,370.79,9.18,79.29,33.48,,stage_2,5,2295.8,1642.39,9.08,0.09779,"{'price_above_30w_ma': True, '30w_ma_rising': True, 'price_above_10w_ma': True, 'relative_strength_positive': True, 'near_52w_high': True}",weakening,leading,102.75,97.63,-0.23,-4.57,False,False,2026-09-04 ratio=102.98 momentum=102.21; 2026-09-07 ratio=102.66 momentum=101.98; 2026-09-08 ratio=102.43 momentum=103.44; 2026-09-09 ratio=102.17 momentum=105.88; 2026-09-10 ratio=102.75 momentum=97.63,156.91
stock,HBL Engineering,HBLENGINE.NS,Other Industrial Products,Capital Goods,20021.79,0.42,109.14,-25.07,638.03,6.03,24.98,59.3,,not_stage_2,2,720.9,739.79,-1.09,0.03071,"{'price_above_30w_ma': False, '30w_ma_rising': False, 'price_above_10w_ma': True, 'relative_strength_positive': True, 'near_52w_high': False}",leading,improving,100.75,102.36,1.13,0.36,True,False,2026-09-04 ratio=99.62 momentum=102.00; 2026-09-07 ratio=99.91 momentum=102.42; 2026-09-08 ratio=100.71 momentum=102.65; 2026-09-09 ratio=100.93 momentum=102.46; 2026-09-10 ratio=100.75 momentum=102.36,85.55
stock,KRN Heat Exchan,KRN.NS,Other Industrial Products,Capital Goods,10429.82,0.0,32.9,164.9,252.32,118.88,107.59,16.06,,stage_2,5,1584.6,1190.75,11.31,0.06749,"{'price_above_30w_ma': True, '30w_ma_rising': True, 'price_above_10w_ma': True, 'relative_strength_positive': True, 'near_52w_high': True}",weakening,weakening,101.63,98.15,-0.25,-0.77,False,False,2026-09-04 ratio=101.88 momentum=98.92; 2026-09-07 ratio=102.12 momentum=100.46; 2026-09-08 ratio=102.24 momentum=99.92; 2026-09-09 ratio=101.82 momentum=99.13; 2026-09-10 ratio=101.63 momentum=98.15,155.77
stock,Esab India,ESABINDIA.NS,Other Industrial Products,Capital Goods,9045.29,1.27,56.14,37.13,421.12,19.63,43.7,64.68,,not_stage_2,3,5824.0,5862.9,1.16,0.24806,"{'price_above_30w_ma': False, '30w_ma_rising': True, 'price_above_10w_ma': False, 'relative_strength_positive': True, 'near_52w_high': True}",weakening,weakening,100.51,96.02,-0.8,-1.72,False,False,2026-09-03 ratio=101.30 momentum=97.74; 2026-09-04 ratio=101.19 momentum=96.43; 2026-09-08 ratio=101.41 momentum=95.61; 2026-09-09 ratio=101.02 momentum=96.77; 2026-09-10 ratio=100.51 momentum=96.02,64.87
stock,Subros,SUBROS.NS,Other Industrial Products,Capital Goods,4596.13,0.43,41.52,1.69,1032.11,17.52,26.74,19.16,,not_stage_2,0,712.6,754.14,-1.15,0.03035,"{'price_above_30w_ma': False, '30w_ma_rising': False, 'price_above_10w_ma': False, 'relative_strength_positive': False, 'near_52w_high': False}",improving,lagging,98.97,101.65,0.65,2.8,False,True,2026-09-03 ratio=98.31 momentum=98.85; 2026-09-04 ratio=98.46 momentum=101.75; 2026-09-08 ratio=98.43 momentum=102.04; 2026-09-09 ratio=99.38 momentum=103.59; 2026-09-10 ratio=98.97 momentum=101.65,8.25
stock,Harsha Engg Intl,HARSHA.NS,Other Industrial Products,Capital Goods,4050.1,0.34,37.38,-1.45,457.43,25.22,26.19,13.0,,stage_2,5,447.2,398.83,2.27,0.01905,"{'price_above_30w_ma': True, '30w_ma_rising': True, 'price_above_10w_ma': True, 'relative_strength_positive': True, 'near_52w_high': True}",leading,leading,101.76,102.5,-0.46,1.43,False,False,2026-09-03 ratio=102.23 momentum=101.07; 2026-09-04 ratio=102.24 momentum=101.24; 2026-09-08 ratio=102.95 momentum=101.53; 2026-09-09 ratio=102.24 momentum=102.87; 2026-09-10 ratio=101.76 momentum=102.50,170.84
stock,Ador Welding,ADOR.NS,Other Industrial Products,Capital Goods,2793.21,1.43,27.35,890.46,308.63,23.19,23.33,22.71,,stage_2,5,1623.4,1212.76,7.07,0.06915,"{'price_above_30w_ma': True, '30w_ma_rising': True, 'price_above_10w_ma': True, 'relative_strength_positive': True, 'near_52w_high': True}",leading,weakening,101.32,101.02,-0.7,1.69,False,False,2026-09-03 ratio=102.01 momentum=99.33; 2026-09-04 ratio=101.63 momentum=99.81; 2026-09-08 ratio=101.36 momentum=99.20; 2026-09-09 ratio=101.42 momentum=100.35; 2026-09-10 ratio=101.32 momentum=101.02,170.84
stock,Diffusion Eng,DIFFNKG.NS,Other Industrial Products,Capital Goods,1669.68,0.33,16.68,36.26,110.11,36.49,30.2,15.78,,stage_2,5,449.55,343.27,7.51,0.01915,"{'price_above_30w_ma': True, '30w_ma_rising': True, 'price_above_10w_ma': True, 'relative_strength_positive': True, 'near_52w_high': True}",leading,leading,101.63,101.16,-0.85,-0.17,False,False,2026-09-04 ratio=102.48 momentum=101.33; 2026-09-07 ratio=101.77 momentum=100.93; 2026-09-08 ratio=101.42 momentum=101.30; 2026-09-09 ratio=101.43 momentum=101.66; 2026-09-10 ratio=101.63 momentum=101.16,173.97
stock,MIC Electronics,MICEL.NS,Other Industrial Products,Capital Goods,1057.79,0.0,2.13,27.54,43.72,276.57,,8.67,,not_stage_2,0,35.85,39.26,-0.71,0.00153,"{'price_above_30w_ma': False, '30w_ma_rising': False, 'price_above_10w_ma': False, 'relative_strength_positive': False, 'near_52w_high': False}",lagging,leading,99.67,99.75,-0.57,-1.74,False,False,2026-09-03 ratio=100.24 momentum=101.49; 2026-09-04 ratio=99.75 momentum=100.76; 2026-09-08 ratio=99.77 momentum=100.85; 2026-09-09 ratio=99.81 momentum=101.27; 2026-09-10 ratio=99.67 momentum=99.75,0.0
stock,Tankup Engi.,TANKUP.NS,Other Industrial Products,Capital Goods,873.65,0.0,2.74,174.0,35.6,162.73,182.77,18.95,,insufficient_data,0,,,,,{},insufficient_data,insufficient_data,,,,,False,False,,0.0
stock,Maruti Suzuki,MARUTI.NS,Passenger Cars & Utility Vehicles,Automobile and Auto Components,391726.03,1.13,3446.9,-9.11,52469.8,35.91,27.33,18.87,,not_stage_2,0,12590.0,13471.37,-1.96,0.53625,"{'price_above_30w_ma': False, '30w_ma_rising': False, 'price_above_10w_ma': False, 'relative_strength_positive': False, 'near_52w_high': False}",lagging,lagging,98.11,98.69,0.74,0.62,False,False,2026-09-04 ratio=97.37 momentum=98.07; 2026-09-07 ratio=97.88 momentum=98.26; 2026-09-08 ratio=97.89 momentum=98.09; 2026-09-09 ratio=98.18 momentum=98.88; 2026-09-10 ratio=98.11 momentum=98.69,0.0
stock,M & M,M&M.NS,Passenger Cars & Utility Vehicles,Automobile and Auto Components,383187.33,1.06,5997.56,33.8,58187.57,27.8,19.98,15.1,,not_stage_2,1,3123.8,3189.51,-1.08,0.13305,"{'price_above_30w_ma': False, '30w_ma_rising': False, 'price_above_10w_ma': False, 'relative_strength_positive': False, 'near_52w_high': True}",lagging,lagging,99.43,96.87,-0.01,-0.52,False,False,2026-09-04 ratio=99.44 momentum=97.39; 2026-09-07 ratio=99.47 momentum=97.33; 2026-09-08 ratio=99.61 momentum=97.02; 2026-09-09 ratio=99.75 momentum=97.07; 2026-09-10 ratio=99.43 momentum=96.87,20.0
stock,Hyundai Motor I,HYUNDAI.NS,Passenger Cars & Utility Vehicles,Automobile and Auto Components,175888.64,0.97,888.62,-35.1,16334.63,-0.48,35.53,38.4,,stage_2,5,2205.0,2001.59,0.12,0.09392,"{'price_above_30w_ma': True, '30w_ma_rising': True, 'price_above_10w_ma': True, 'relative_strength_positive': True, 'near_52w_high': True}",weakening,weakening,101.35,98.37,0.14,-0.37,False,False,2026-09-04 ratio=101.21 momentum=98.74; 2026-09-07 ratio=101.30 momentum=99.42; 2026-09-08 ratio=101.45 momentum=99.63; 2026-09-09 ratio=101.24 momentum=98.36; 2026-09-10 ratio=101.35 momentum=98.37,131.99
stock,Tata Motors PVeh,TMPV.NS,Passenger Cars & Utility Vehicles,Automobile and Auto Components,110891.86,1.0,859.0,-69.83,95799.0,9.26,111.29,2.73,,not_stage_2,0,300.5,344.09,-1.85,0.0128,"{'price_above_30w_ma': False, '30w_ma_rising': False, 'price_above_10w_ma': False, 'relative_strength_positive': False, 'near_52w_high': False}",lagging,improving,98.28,99.33,-0.27,-0.73,False,False,2026-09-04 ratio=98.55 momentum=100.06; 2026-09-07 ratio=98.37 momentum=100.12; 2026-09-08 ratio=98.51 momentum=101.60; 2026-09-09 ratio=98.49 momentum=102.26; 2026-09-10 ratio=98.28 momentum=99.33,0.0
stock,Force Motors,FORCEMOT.NS,Passenger Cars & Utility Vehicles,Automobile and Auto Components,23347.84,0.28,216.59,22.82,2440.01,6.21,21.22,36.05,,not_stage_2,2,18175.0,19697.87,-2.14,0.77414,"{'price_above_30w_ma': False, '30w_ma_rising': False, 'price_above_10w_ma': True, 'relative_strength_positive': True, 'near_52w_high': False}",leading,improving,101.56,103.73,2.21,3.37,True,False,2026-09-03 ratio=99.36 momentum=100.36; 2026-09-04 ratio=99.35 momentum=100.93; 2026-09-08 ratio=100.04 momentum=102.49; 2026-09-09 ratio=99.81 momentum=103.13; 2026-09-10 ratio=101.56 momentum=103.73,96.45
stock,Olectra Greentec,OLECTRA.NS,Passenger Cars & Utility Vehicles,Automobile and Auto Components,9926.43,0.05,26.66,-0.31,575.51,65.75,55.95,21.05,,not_stage_2,1,1206.7,1235.22,2.63,0.0514,"{'price_above_30w_ma': False, '30w_ma_rising': True, 'price_above_10w_ma': False, 'relative_strength_positive': False, 'near_52w_high': False}",lagging,lagging,98.41,97.52,-0.13,-1.98,False,False,2026-09-03 ratio=98.54 momentum=99.50; 2026-09-04 ratio=98.35 momentum=97.87; 2026-09-08 ratio=98.38 momentum=98.73; 2026-09-09 ratio=98.45 momentum=99.40; 2026-09-10 ratio=98.41 momentum=97.52,25.26
stock,Mercury EV-Tech,MERCURYEV.NS,Passenger Cars & Utility Vehicles,Automobile and Auto Components,801.39,0.0,1.65,29.92,33.38,47.9,175.74,2.64,,insufficient_data,0,,,,,{},leading,weakening,103.5,101.49,2.79,4.72,True,False,2026-09-04 ratio=100.71 momentum=96.77; 2026-09-07 ratio=101.21 momentum=97.90; 2026-09-08 ratio=101.91 momentum=101.19; 2026-09-09 ratio=101.69 momentum=99.27; 2026-09-10 ratio=103.50 momentum=101.49,54.95
stock,Supreme Inds.,SUPREMEIND.NS,Plastic Products - Industrial,Capital Goods,42851.07,1.07,280.72,38.76,2717.66,4.16,41.51,20.73,,not_stage_2,3,3510.0,3607.47,-0.18,0.1495,"{'price_above_30w_ma': False, '30w_ma_rising': False, 'price_above_10w_ma': True, 'relative_strength_positive': True, 'near_52w_high': True}",leading,weakening,101.17,101.46,0.32,4.5,True,False,2026-09-03 ratio=100.85 momentum=96.96; 2026-09-04 ratio=100.56 momentum=96.53; 2026-09-08 ratio=101.41 momentum=100.71; 2026-09-09 ratio=101.33 momentum=101.03; 2026-09-10 ratio=101.17 momentum=101.46,103.15
stock,Astral,ASTRAL.NS,Plastic Products - Industrial,Capital Goods,37891.31,0.28,120.2,48.21,1578.0,15.93,63.96,19.22,,not_stage_2,3,1459.0,1535.37,0.18,0.06214,"{'price_above_30w_ma': False, '30w_ma_rising': True, 'price_above_10w_ma': False, 'relative_strength_positive': True, 'near_52w_high': True}",weakening,leading,100.68,98.08,-0.29,-2.07,False,False,2026-09-03 ratio=100.98 momentum=100.15; 2026-09-04 ratio=100.91 momentum=99.96; 2026-09-08 ratio=101.21 momentum=101.75; 2026-09-09 ratio=100.98 momentum=99.65; 2026-09-10 ratio=100.68 momentum=98.08,63.76
stock,Garware Hi Tech,GRWRHITECH.NS,Plastic Products - Industrial,Capital Goods,16065.41,0.17,132.65,59.78,633.08,27.9,41.42,18.08,,stage_2,4,6905.0,5590.15,9.04,0.29411,"{'price_above_30w_ma': True, '30w_ma_rising': True, 'price_above_10w_ma': False, 'relative_strength_positive': True, 'near_52w_high': True}",weakening,leading,100.48,99.48,-0.65,-1.29,False,False,2026-09-03 ratio=101.12 momentum=100.77; 2026-09-04 ratio=100.95 momentum=100.28; 2026-09-08 ratio=100.69 momentum=97.96; 2026-09-09 ratio=99.38 momentum=96.81; 2026-09-10 ratio=100.48 momentum=99.48,125.48
stock,Finolex Inds.,FINPIPE.NS,Plastic Products - Industrial,Capital Goods,9523.04,1.3,114.52,16.67,883.58,-15.3,15.47,11.83,,not_stage_2,0,157.08,170.63,-1.43,0.00669,"{'price_above_30w_ma': False, '30w_ma_rising': False, 'price_above_10w_ma': False, 'relative_strength_positive': False, 'near_52w_high': False}",improving,improving,99.61,101.47,0.28,-1.06,False,False,2026-09-03 ratio=99.33 momentum=102.53; 2026-09-04 ratio=99.27 momentum=101.36; 2026-09-08 ratio=99.49 momentum=99.26; 2026-09-09 ratio=99.57 momentum=101.29; 2026-09-10 ratio=99.61 momentum=101.47,7.35
stock,Time Technoplast,TIMETECHNO.NS,Plastic Products - Industrial,Capital Goods,8918.66,0.83,117.86,22.21,1692.71,25.14,18.21,16.52,,not_stage_2,3,184.87,183.82,0.04,0.00787,"{'price_above_30w_ma': True, '30w_ma_rising': True, 'price_above_10w_ma': False, 'relative_strength_positive': False, 'near_52w_high': True}",improving,improving,99.6,101.0,-0.11,0.3,False,False,2026-09-04 ratio=99.71 momentum=100.70; 2026-09-07 ratio=99.42 momentum=100.24; 2026-09-08 ratio=99.69 momentum=102.56; 2026-09-09 ratio=99.66 momentum=101.99; 2026-09-10 ratio=99.60 momentum=101.00,65.08
stock,Kingfa Science,KINGFA.NS,Plastic Products - Industrial,Capital Goods,8419.89,0.32,80.21,101.58,688.57,49.06,37.31,23.2,,stage_2,5,6227.5,5025.87,4.92,0.26525,"{'price_above_30w_ma': True, '30w_ma_rising': True, 'price_above_10w_ma': True, 'relative_strength_positive': True, 'near_52w_high': True}",weakening,weakening,102.04,99.25,0.65,1.99,False,False,2026-09-03 ratio=101.39 momentum=97.26; 2026-09-04 ratio=101.42 momentum=98.65; 2026-09-08 ratio=101.76 momentum=101.15; 2026-09-09 ratio=102.05 momentum=100.90; 2026-09-10 ratio=102.04 momentum=99.25,145.04
stock,Prince Pipes,PRINCEPIPE.NS,Plastic Products - Industrial,Capital Goods,2951.27,0.38,33.75,600.21,609.42,5.0,28.33,6.03,,stage_2,5,279.9,262.89,1.73,0.01192,"{'price_above_30w_ma': True, '30w_ma_rising': True, 'price_above_10w_ma': True, 'relative_strength_positive': True, 'near_52w_high': True}",weakening,leading,101.1,96.36,-0.5,-5.25,False,False,2026-09-03 ratio=101.60 momentum=101.60; 2026-09-04 ratio=100.97 momentum=100.28; 2026-09-08 ratio=101.48 momentum=101.30; 2026-09-09 ratio=101.26 momentum=100.33; 2026-09-10 ratio=101.10 momentum=96.36,133.96
stock,Apollo Pipes,APOLLOPIPE.NS,Plastic Products - Industrial,Capital Goods,2447.88,0.13,-11.12,-205.28,295.43,7.43,,1.23,,stage_2,5,569.35,481.44,9.34,0.02425,"{'price_above_30w_ma': True, '30w_ma_rising': True, 'price_above_10w_ma': True, 'relative_strength_positive': True, 'near_52w_high': True}",weakening,weakening,100.81,95.68,-0.65,-1.91,False,False,2026-09-04 ratio=101.45 momentum=97.59; 2026-09-07 ratio=101.37 momentum=97.71; 2026-09-08 ratio=101.21 momentum=95.60; 2026-09-09 ratio=101.01 momentum=95.47; 2026-09-10 ratio=100.81 momentum=95.68,147.73
stock,Jain Irrigation,JISLJALEQS.NS,Plastic Products - Industrial,Capital Goods,2163.62,0.0,-17.8,-207.18,1508.37,-2.41,,5.3,,not_stage_2,2,30.02,31.58,-2.75,0.00128,"{'price_above_30w_ma': False, '30w_ma_rising': False, 'price_above_10w_ma': True, 'relative_strength_positive': True, 'near_52w_high': False}",leading,improving,100.45,101.25,1.2,-0.3,False,False,2026-09-03 ratio=99.25 momentum=101.55; 2026-09-04 ratio=100.41 momentum=103.82; 2026-09-08 ratio=100.72 momentum=103.32; 2026-09-09 ratio=100.65 momentum=102.99; 2026-09-10 ratio=100.45 momentum=101.25,68.5
stock,Jai Corp,JAICORPLTD.NS,Plastic Products - Industrial,Capital Goods,1677.51,0.52,28.2,-72.91,157.58,20.06,17.76,11.75,,not_stage_2,0,96.84,107.82,-1.46,0.00412,"{'price_above_30w_ma': False, '30w_ma_rising': False, 'price_above_10w_ma': False, 'relative_strength_positive': False, 'near_52w_high': False}",lagging,improving,99.13,99.38,-0.05,-3.46,False,False,2026-09-03 ratio=99.18 momentum=102.84; 2026-09-04 ratio=99.25 momentum=101.08; 2026-09-08 ratio=99.26 momentum=101.28; 2026-09-09 ratio=99.29 momentum=101.68; 2026-09-10 ratio=99.13 momentum=99.38,0.0
stock,Knowledge Realty,KRT.NS,Real Estate Investment Trusts (REITs),Realty,50081.98,1.5,250.8,,1243.06,,79.86,5.22,,insufficient_data,0,,,,,{},insufficient_data,insufficient_data,,,,,False,False,,0.0
stock,Embassy Off.REIT,EMBASSY.NS,Real Estate Investment Trusts (REITs),Realty,41611.59,0.05,195.22,25.81,1240.81,17.08,169.64,5.61,,not_stage_2,3,438.98,433.86,-0.01,0.0187,"{'price_above_30w_ma': True, '30w_ma_rising': False, 'price_above_10w_ma': False, 'relative_strength_positive': True, 'near_52w_high': True}",leading,leading,101.61,102.13,1.06,-0.97,False,False,2026-09-03 ratio=100.55 momentum=103.10; 2026-09-04 ratio=100.47 momentum=102.59; 2026-09-08 ratio=101.40 momentum=103.49; 2026-09-09 ratio=101.89 momentum=104.15; 2026-09-10 ratio=101.61 momentum=102.13,98.7
stock,Bagmane Prime REIT,BAGMANE.NS,Real Estate Investment Trusts (REITs),Realty,36981.74,1.38,58.51,-77.18,437.01,-29.88,,0.0,,insufficient_data,0,,,,,{},insufficient_data,insufficient_data,,,,,False,False,,0.0
stock,Mindspace Busine,MINDSPACE.NS,Real Estate Investment Trusts (REITs),Realty,32523.13,2.4,271.81,67.1,946.44,27.85,41.73,7.64,,stage_2,4,492.42,474.77,0.02,0.02097,"{'price_above_30w_ma': True, '30w_ma_rising': True, 'price_above_10w_ma': False, 'relative_strength_positive': True, 'near_52w_high': True}",leading,leading,101.84,102.25,-0.2,0.76,False,False,2026-09-03 ratio=102.05 momentum=101.49; 2026-09-04 ratio=102.19 momentum=101.94; 2026-09-08 ratio=102.43 momentum=101.78; 2026-09-09 ratio=102.86 momentum=102.58; 2026-09-10 ratio=101.84 momentum=102.25,145.49
stock,Brookfield India,BIRET.NS,Real Estate Investment Trusts (REITs),Realty,27875.5,1.96,221.34,44.36,973.83,51.78,51.96,5.36,,not_stage_2,3,337.59,333.86,-0.4,0.01438,"{'price_above_30w_ma': True, '30w_ma_rising': False, 'price_above_10w_ma': False, 'relative_strength_positive': True, 'near_52w_high': True}",leading,leading,101.68,101.45,0.13,-0.62,False,False,2026-09-03 ratio=101.55 momentum=102.07; 2026-09-04 ratio=101.42 momentum=102.16; 2026-09-08 ratio=102.60 momentum=102.64; 2026-09-09 ratio=102.96 momentum=103.13; 2026-09-10 ratio=101.68 momentum=101.45,95.65
stock,Nexus Select,NXST.NS,Real Estate Investment Trusts (REITs),Realty,25300.49,1.46,156.52,30.89,680.53,10.91,57.45,5.83,,stage_2,5,167.97,159.95,0.65,0.00715,"{'price_above_30w_ma': True, '30w_ma_rising': True, 'price_above_10w_ma': True, 'relative_strength_positive': True, 'near_52w_high': True}",leading,leading,102.63,102.73,0.77,0.52,False,False,2026-09-03 ratio=101.86 momentum=102.21; 2026-09-04 ratio=100.79 momentum=100.60; 2026-09-08 ratio=102.36 momentum=102.55; 2026-09-09 ratio=102.72 momentum=103.05; 2026-09-10 ratio=102.63 momentum=102.73,173.1
stock,Apcotex Industri,APCOTEXIND.NS,Rubber,Capital Goods,3113.31,1.33,78.94,312.0,525.63,39.88,19.33,19.8,,stage_2,5,603.8,486.76,7.52,0.02572,"{'price_above_30w_ma': True, '30w_ma_rising': True, 'price_above_10w_ma': True, 'relative_strength_positive': True, 'near_52w_high': True}",weakening,leading,100.69,99.16,-0.9,-2.8,False,False,2026-09-03 ratio=101.60 momentum=101.96; 2026-09-04 ratio=101.23 momentum=99.51; 2026-09-08 ratio=100.86 momentum=98.74; 2026-09-09 ratio=101.00 momentum=99.88; 2026-09-10 ratio=100.69 momentum=99.16,143.49
stock,Pix Transmission,PIXTRANS.NS,Rubber,Capital Goods,2349.87,0.52,52.75,89.34,149.25,22.8,17.83,21.73,,not_stage_2,3,1728.3,1624.43,3.58,0.07361,"{'price_above_30w_ma': True, '30w_ma_rising': True, 'price_above_10w_ma': False, 'relative_strength_positive': False, 'near_52w_high': True}",lagging,weakening,99.66,98.61,-0.51,-0.58,False,False,2026-09-03 ratio=100.16 momentum=99.19; 2026-09-04 ratio=100.03 momentum=99.26; 2026-09-08 ratio=99.39 momentum=98.25; 2026-09-09 ratio=99.94 momentum=99.92; 2026-09-10 ratio=99.66 momentum=98.61,67.16
stock,Tinna Rubber,TINNARUBR.NS,Rubber,Capital Goods,1862.01,0.31,20.57,75.21,156.18,19.89,30.19,22.46,,stage_2,4,1028.6,846.23,5.61,0.04381,"{'price_above_30w_ma': True, '30w_ma_rising': True, 'price_above_10w_ma': False, 'relative_strength_positive': True, 'near_52w_high': True}",leading,weakening,100.21,101.83,0.19,2.61,True,False,2026-09-04 ratio=100.03 momentum=99.22; 2026-09-07 ratio=99.83 momentum=98.70; 2026-09-08 ratio=100.01 momentum=100.40; 2026-09-09 ratio=100.60 momentum=102.42; 2026-09-10 ratio=100.21 momentum=101.83,156.42
stock,GRP,GRPLTD.NS,Rubber,Capital Goods,1027.91,0.18,4.2,140.0,156.83,26.73,150.06,6.94,,stage_2,4,1992.5,1893.43,1.98,0.08487,"{'price_above_30w_ma': True, '30w_ma_rising': True, 'price_above_10w_ma': False, 'relative_strength_positive': True, 'near_52w_high': True}",leading,weakening,101.27,102.2,0.48,2.32,True,False,2026-09-03 ratio=100.79 momentum=99.88; 2026-09-04 ratio=101.25 momentum=99.94; 2026-09-08 ratio=101.36 momentum=101.85; 2026-09-09 ratio=101.93 momentum=103.68; 2026-09-10 ratio=101.27 momentum=102.20,156.31
stock,Rubfila Intl.,RUBFILA.NS,Rubber,Capital Goods,374.6,2.92,6.0,0.67,110.17,-10.71,14.22,12.59,,not_stage_2,1,68.09,70.25,-0.56,0.0029,"{'price_above_30w_ma': False, '30w_ma_rising': False, 'price_above_10w_ma': False, 'relative_strength_positive': False, 'near_52w_high': True}",improving,leading,99.72,102.26,-0.45,0.49,False,False,2026-09-04 ratio=100.17 momentum=101.77; 2026-09-07 ratio=100.37 momentum=103.15; 2026-09-08 ratio=100.26 momentum=103.51; 2026-09-09 ratio=99.68 momentum=102.58; 2026-09-10 ratio=99.72 momentum=102.26,31.3
stock,Harri. Malayalam,HARRMALAYA.NS,Rubber,Capital Goods,344.29,0.0,3.93,-34.06,124.92,7.26,12.7,11.77,,not_stage_2,2,186.8,201.1,2.1,0.00796,"{'price_above_30w_ma': False, '30w_ma_rising': True, 'price_above_10w_ma': False, 'relative_strength_positive': False, 'near_52w_high': True}",lagging,improving,98.71,96.18,0.04,-5.13,False,False,2026-09-03 ratio=98.68 momentum=101.31; 2026-09-04 ratio=98.84 momentum=101.00; 2026-09-08 ratio=98.80 momentum=99.22; 2026-09-09 ratio=98.78 momentum=100.24; 2026-09-10 ratio=98.71 momentum=96.18,44.2
stock,Gayatri Rubbers,GRCL.NS,Rubber,Capital Goods,331.37,0.0,2.95,86.71,24.48,33.99,59.28,37.86,,stage_2,4,562.1,495.36,5.33,0.02394,"{'price_above_30w_ma': True, '30w_ma_rising': True, 'price_above_10w_ma': False, 'relative_strength_positive': True, 'near_52w_high': True}",leading,leading,100.25,100.05,0.02,-4.12,False,False,2026-09-03 ratio=100.23 momentum=104.17; 2026-09-04 ratio=100.33 momentum=104.46; 2026-09-08 ratio=100.47 momentum=102.77; 2026-09-09 ratio=100.25 momentum=99.07; 2026-09-10 ratio=100.25 momentum=100.05,137.16
stock,Elgi Rubber Co,ELGIRUBCO.NS,Rubber,Capital Goods,292.99,0.0,40.85,293.38,70.09,-18.1,,-12.92,,stage_2,5,59.87,50.77,5.08,0.00255,"{'price_above_30w_ma': True, '30w_ma_rising': True, 'price_above_10w_ma': True, 'relative_strength_positive': True, 'near_52w_high': True}",leading,weakening,101.09,101.48,0.54,2.26,True,False,2026-09-03 ratio=100.55 momentum=99.21; 2026-09-04 ratio=100.40 momentum=97.91; 2026-09-08 ratio=100.67 momentum=99.93; 2026-09-09 ratio=101.98 momentum=102.85; 2026-09-10 ratio=101.09 momentum=101.48,178.01
stock,Sampann Utpadan,SAMPANN.NS,Rubber,Capital Goods,123.74,0.0,2.05,12.02,41.7,27.6,17.68,8.3,,not_stage_2,0,24.11,27.75,-3.25,0.00103,"{'price_above_30w_ma': False, '30w_ma_rising': False, 'price_above_10w_ma': False, 'relative_strength_positive': False, 'near_52w_high': False}",lagging,lagging,98.35,99.17,0.24,-0.14,False,False,2026-09-03 ratio=98.12 momentum=99.31; 2026-09-04 ratio=98.68 momentum=100.83; 2026-09-08 ratio=98.26 momentum=99.40; 2026-09-09 ratio=98.22 momentum=98.42; 2026-09-10 ratio=98.35 momentum=99.17,0.0
stock,Lead Reclaim,LRRPL.NS,Rubber,Capital Goods,80.36,0.0,3.1,219.59,17.92,-18.25,19.65,21.28,,stage_2,5,93.0,81.45,3.82,0.00396,"{'price_above_30w_ma': True, '30w_ma_rising': True, 'price_above_10w_ma': True, 'relative_strength_positive': True, 'near_52w_high': True}",leading,improving,102.19,103.05,2.19,2.11,True,False,2026-09-03 ratio=99.99 momentum=100.94; 2026-09-04 ratio=100.31 momentum=102.11; 2026-09-08 ratio=101.75 momentum=103.71; 2026-09-09 ratio=102.01 momentum=103.90; 2026-09-10 ratio=102.19 momentum=103.05,188.84
stock,KIOCL,KIOCL.NS,Sponge Iron,Metals & Mining,21650.46,0.0,-15.48,59.04,158.01,73.75,556.85,1.38,,not_stage_2,2,367.9,374.09,1.09,0.01567,"{'price_above_30w_ma': False, '30w_ma_rising': True, 'price_above_10w_ma': False, 'relative_strength_positive': True, 'near_52w_high': False}",lagging,leading,100.0,99.13,-0.64,-2.55,False,False,2026-09-04 ratio=100.64 momentum=101.68; 2026-09-07 ratio=100.32 momentum=100.21; 2026-09-08 ratio=100.62 momentum=106.38; 2026-09-09 ratio=100.62 momentum=101.19; 2026-09-10 ratio=100.00 momentum=99.13,42.18
stock,S.A.L Steel,SALSTEEL.NS,Sponge Iron,Metals & Mining,1077.24,0.0,3.09,131.95,87.37,-31.57,,1.08,,stage_2,5,76.63,56.71,8.91,0.00326,"{'price_above_30w_ma': True, '30w_ma_rising': True, 'price_above_10w_ma': True, 'relative_strength_positive': True, 'near_52w_high': True}",weakening,weakening,101.34,99.47,-0.8,2.44,False,False,2026-09-03 ratio=102.13 momentum=97.04; 2026-09-04 ratio=101.93 momentum=96.76; 2026-09-08 ratio=101.74 momentum=97.49; 2026-09-09 ratio=101.68 momentum=99.16; 2026-09-10 ratio=101.34 momentum=99.47,149.52
stock,Vraj Iron,VRAJ.NS,Sponge Iron,Metals & Mining,413.8,0.0,11.51,51.65,193.83,40.14,11.52,10.49,,not_stage_2,4,126.31,122.43,-0.31,0.00538,"{'price_above_30w_ma': True, '30w_ma_rising': False, 'price_above_10w_ma': True, 'relative_strength_positive': True, 'near_52w_high': True}",leading,improving,100.81,100.7,0.89,-0.1,False,False,2026-09-04 ratio=99.92 momentum=100.80; 2026-09-07 ratio=100.05 momentum=101.18; 2026-09-08 ratio=100.04 momentum=101.80; 2026-09-09 ratio=100.61 momentum=102.86; 2026-09-10 ratio=100.81 momentum=100.70,107.55
stock,Chaman Metallics,CMNL.NS,Sponge Iron,Metals & Mining,274.41,0.0,-1.62,-78.12,344.75,326.41,,5.37,,stage_2,4,115.25,109.33,0.32,0.00491,"{'price_above_30w_ma': True, '30w_ma_rising': True, 'price_above_10w_ma': True, 'relative_strength_positive': True, 'near_52w_high': False}",weakening,leading,101.5,98.32,-1.02,-4.37,False,False,2026-09-03 ratio=102.52 momentum=102.69; 2026-09-04 ratio=101.59 momentum=99.59; 2026-09-08 ratio=101.93 momentum=100.03; 2026-09-09 ratio=101.90 momentum=100.37; 2026-09-10 ratio=101.50 momentum=98.32,113.14
stock,Vaswani Industri,VASWANI.NS,Sponge Iron,Metals & Mining,152.17,0.0,1.16,-78.79,117.79,3.07,,8.76,,not_stage_2,0,46.41,54.35,-1.77,0.00198,"{'price_above_30w_ma': False, '30w_ma_rising': False, 'price_above_10w_ma': False, 'relative_strength_positive': False, 'near_52w_high': False}",improving,improving,98.84,101.44,0.46,0.11,False,True,2026-09-03 ratio=98.38 momentum=101.33; 2026-09-04 ratio=98.60 momentum=101.86; 2026-09-08 ratio=98.66 momentum=102.91; 2026-09-09 ratio=98.58 momentum=104.17; 2026-09-10 ratio=98.84 momentum=101.44,7.2
stock,Shri Hare-Krish.,SHKSIL.NS,Sponge Iron,Metals & Mining,69.28,0.0,1.55,-64.85,27.21,-35.63,11.17,7.76,,insufficient_data,0,,,,,{},insufficient_data,insufficient_data,,,,,False,False,,0.0
stock,DOMS Industries,DOMS.NS,Stationary,Fast Moving Consumer Goods,12854.49,0.17,45.28,-22.33,670.51,19.25,59.13,24.32,,not_stage_2,1,2165.6,2256.82,-1.12,0.09224,"{'price_above_30w_ma': False, '30w_ma_rising': False, 'price_above_10w_ma': False, 'relative_strength_positive': False, 'near_52w_high': True}",improving,improving,99.59,101.12,-0.02,-1.3,False,False,2026-09-04 ratio=99.61 momentum=102.41; 2026-09-07 ratio=99.69 momentum=102.75; 2026-09-08 ratio=99.80 momentum=103.21; 2026-09-09 ratio=100.24 momentum=104.13; 2026-09-10 ratio=99.59 momentum=101.12,25.6
stock,Navneet Educat.,NAVNETEDUL.NS,Stationary,Fast Moving Consumer Goods,2831.31,2.35,141.0,-16.66,788.0,-0.76,22.63,10.23,,not_stage_2,1,127.69,139.64,-1.67,0.00544,"{'price_above_30w_ma': False, '30w_ma_rising': False, 'price_above_10w_ma': False, 'relative_strength_positive': False, 'near_52w_high': True}",improving,improving,99.12,100.45,-0.16,-1.28,False,False,2026-09-03 ratio=99.28 momentum=101.74; 2026-09-04 ratio=99.18 momentum=101.23; 2026-09-08 ratio=99.26 momentum=101.51; 2026-09-09 ratio=99.03 momentum=100.29; 2026-09-10 ratio=99.12 momentum=100.45,22.25
stock,Flair Writing,FLAIR.NS,Stationary,Fast Moving Consumer Goods,2486.5,0.42,29.08,-0.28,319.25,10.64,17.8,16.83,,not_stage_2,0,238.54,285.06,-2.83,0.01016,"{'price_above_30w_ma': False, '30w_ma_rising': False, 'price_above_10w_ma': False, 'relative_strength_positive': False, 'near_52w_high': False}",lagging,lagging,98.82,99.19,-0.01,-0.25,False,False,2026-09-04 ratio=98.83 momentum=99.43; 2026-09-07 ratio=98.51 momentum=97.50; 2026-09-08 ratio=98.29 momentum=97.83; 2026-09-09 ratio=98.89 momentum=99.17; 2026-09-10 ratio=98.82 momentum=99.19,0.0
stock,Kokuyo Camlin,KOKUYOCMLN.NS,Stationary,Fast Moving Consumer Goods,784.05,0.39,7.3,-27.44,229.18,0.79,35.61,10.21,,not_stage_2,0,78.94,84.25,-0.75,0.00336,"{'price_above_30w_ma': False, '30w_ma_rising': False, 'price_above_10w_ma': False, 'relative_strength_positive': False, 'near_52w_high': False}",improving,improving,99.27,101.07,0.06,-2.22,False,False,2026-09-04 ratio=99.22 momentum=103.29; 2026-09-07 ratio=99.01 momentum=100.44; 2026-09-08 ratio=99.07 momentum=103.75; 2026-09-09 ratio=99.28 momentum=102.73; 2026-09-10 ratio=99.27 momentum=101.07,5.35
stock,Linc,LINC.NS,Stationary,Fast Moving Consumer Goods,563.74,1.57,5.1,-30.42,135.65,1.01,16.4,19.12,,not_stage_2,0,97.3,101.66,-1.71,0.00414,"{'price_above_30w_ma': False, '30w_ma_rising': False, 'price_above_10w_ma': False, 'relative_strength_positive': False, 'near_52w_high': False}",improving,improving,99.8,101.85,0.82,-2.0,False,False,2026-09-03 ratio=98.97 momentum=103.84; 2026-09-04 ratio=99.04 momentum=102.42; 2026-09-08 ratio=99.79 momentum=103.44; 2026-09-09 ratio=99.95 momentum=103.08; 2026-09-10 ratio=99.80 momentum=101.85,9.25
stock,Sundaram Multi.,SUNDARAM.NS,Stationary,Fast Moving Consumer Goods,55.93,0.0,0.32,138.89,49.6,21.99,15.93,3.8,,not_stage_2,1,1.2,1.32,-3.71,5e-05,"{'price_above_30w_ma': False, '30w_ma_rising': False, 'price_above_10w_ma': False, 'relative_strength_positive': True, 'near_52w_high': False}",improving,improving,99.86,102.4,-0.05,1.63,False,False,2026-09-03 ratio=99.91 momentum=100.77; 2026-09-04 ratio=99.92 momentum=102.59; 2026-09-08 ratio=99.84 momentum=100.72; 2026-09-09 ratio=99.88 momentum=101.95; 2026-09-10 ratio=99.86 momentum=102.40,32.0
stock,Vasa Retail,VASA.NS,Stationary,Fast Moving Consumer Goods,2.13,0.0,-0.05,28.57,0.0,,,-1.93,,not_stage_2,0,3.55,4.52,-2.79,0.00015,"{'price_above_30w_ma': False, '30w_ma_rising': False, 'price_above_10w_ma': False, 'relative_strength_positive': False, 'near_52w_high': False}",lagging,improving,96.58,98.46,-0.95,-2.22,False,False,2026-09-03 ratio=97.53 momentum=100.69; 2026-09-04 ratio=97.68 momentum=100.92; 2026-09-08 ratio=96.00 momentum=97.88; 2026-09-09 ratio=96.05 momentum=98.32; 2026-09-10 ratio=96.58 momentum=98.46,0.0
stock,Indus Towers,INDUSTOWER.NS,Telecom - Infrastructure,Telecommunic ation,102168.46,3.61,1745.8,0.52,8431.1,4.64,14.28,19.48,,not_stage_2,1,372.0,412.36,-2.08,0.01584,"{'price_above_30w_ma': False, '30w_ma_rising': False, 'price_above_10w_ma': False, 'relative_strength_positive': False, 'near_52w_high': True}",improving,improving,99.75,101.3,0.22,-0.73,False,False,2026-09-04 ratio=99.54 momentum=102.04; 2026-09-07 ratio=99.69 momentum=103.13; 2026-09-08 ratio=99.62 momentum=100.23; 2026-09-09 ratio=99.97 momentum=103.12; 2026-09-10 ratio=99.75 momentum=101.30,26.5
stock,HFCL,HFCL.NS,Telecom - Infrastructure,Telecommunic ation,35725.78,0.09,245.64,809.06,1914.98,119.85,62.39,10.76,,stage_2,5,233.32,156.77,16.72,0.00994,"{'price_above_30w_ma': True, '30w_ma_rising': True, 'price_above_10w_ma': True, 'relative_strength_positive': True, 'near_52w_high': True}",weakening,weakening,101.15,97.98,0.04,-1.62,False,False,2026-09-04 ratio=101.12 momentum=99.60; 2026-09-07 ratio=101.86 momentum=99.53; 2026-09-08 ratio=102.27 momentum=100.38; 2026-09-09 ratio=101.95 momentum=100.14; 2026-09-10 ratio=101.15 momentum=97.98,164.19
stock,Pace Digitek,PACEDIGITK.NS,Telecom - Infrastructure,Telecommunic ation,3424.04,0.0,62.5,13.24,555.36,51.29,11.4,21.4,,not_stage_2,0,159.0,180.44,-0.45,0.00677,"{'price_above_30w_ma': False, '30w_ma_rising': False, 'price_above_10w_ma': False, 'relative_strength_positive': False, 'near_52w_high': False}",lagging,lagging,98.43,97.49,-0.05,-1.62,False,False,2026-09-04 ratio=98.48 momentum=99.11; 2026-09-07 ratio=98.20 momentum=97.99; 2026-09-08 ratio=98.30 momentum=97.86; 2026-09-09 ratio=98.49 momentum=98.03; 2026-09-10 ratio=98.43 momentum=97.49,0.0
stock,GTL Infra.,GTLINFRA.NS,Telecom - Infrastructure,Telecommunic ation,1473.19,0.0,69.39,129.86,327.31,-2.16,,,,not_stage_2,1,1.16,1.25,0.84,5e-05,"{'price_above_30w_ma': False, '30w_ma_rising': True, 'price_above_10w_ma': False, 'relative_strength_positive': False, 'near_52w_high': False}",lagging,lagging,99.16,100.0,0.38,1.21,False,False,2026-09-03 ratio=98.78 momentum=98.79; 2026-09-04 ratio=98.78 momentum=97.81; 2026-09-08 ratio=99.36 momentum=100.64; 2026-09-09 ratio=99.20 momentum=100.47; 2026-09-10 ratio=99.16 momentum=100.00,21.68
stock,Suyog Telematics,SUYOG.NS,Telecom - Infrastructure,Telecommunic ation,761.4,0.15,13.93,-18.11,65.27,2.16,12.86,14.42,,not_stage_2,2,669.4,767.58,2.48,0.02851,"{'price_above_30w_ma': False, '30w_ma_rising': True, 'price_above_10w_ma': False, 'relative_strength_positive': False, 'near_52w_high': True}",lagging,improving,97.86,96.64,-0.46,-5.05,False,False,2026-09-04 ratio=98.33 momentum=101.69; 2026-09-07 ratio=98.24 momentum=102.01; 2026-09-08 ratio=98.32 momentum=104.73; 2026-09-09 ratio=98.10 momentum=100.34; 2026-09-10 ratio=97.86 momentum=96.64,44.96
stock,Sar Televenture,SARTELE.NS,Telecom - Infrastructure,Telecommunic ation,400.68,0.0,36.23,25.49,280.35,35.3,5.58,8.84,,not_stage_2,0,83.5,142.43,-10.02,0.00356,"{'price_above_30w_ma': False, '30w_ma_rising': False, 'price_above_10w_ma': False, 'relative_strength_positive': False, 'near_52w_high': False}",lagging,lagging,98.21,98.33,-0.07,1.69,False,False,2026-09-04 ratio=98.29 momentum=96.64; 2026-09-07 ratio=98.42 momentum=99.55; 2026-09-08 ratio=98.33 momentum=98.82; 2026-09-09 ratio=98.31 momentum=97.85; 2026-09-10 ratio=98.21 momentum=98.33,0.0
stock,Kore Digital,KDL.NS,Telecom - Infrastructure,Telecommunic ation,112.37,0.0,11.91,-51.61,150.42,-36.24,3.06,38.1,,not_stage_2,0,86.6,122.15,-6.25,0.00369,"{'price_above_30w_ma': False, '30w_ma_rising': False, 'price_above_10w_ma': False, 'relative_strength_positive': False, 'near_52w_high': False}",lagging,improving,98.74,96.17,-0.03,-5.3,False,False,2026-09-03 ratio=98.77 momentum=101.47; 2026-09-04 ratio=98.97 momentum=102.07; 2026-09-08 ratio=98.95 momentum=100.06; 2026-09-09 ratio=98.84 momentum=97.28; 2026-09-10 ratio=98.74 momentum=96.17,0.0
stock,Rama Telecom,RTL.NS,Telecom - Infrastructure,Telecommunic ation,102.95,0.0,0.48,-86.7,27.75,18.69,35.38,11.89,,insufficient_data,0,,,,,{},insufficient_data,insufficient_data,,,,,False,False,,0.0
