level,name,symbol,parent,sector,market_cap_cr,dividend_yield_pct,np_qtr_cr,qtr_profit_var_pct,sales_qtr_cr,qtr_sales_var_pct,pe,roce,error,stage,stage2_score,close,weekly_ma,weekly_ma_slope_4w_pct,rs_vs_benchmark,checks,rrg_quadrant,rrg_quadrant_5d_ago,rs_ratio,rs_momentum,rs_ratio_5d_delta,rs_momentum_5d_delta,moving_to_leading,improving_toward_leading,rrg_tail,stock_score
stock,Bajaj Auto,BAJAJ-AUTO.NS,2/3 Wheelers,Automobile and Auto Components,302109.42,1.36,3188.75,45.93,21688.83,65.14,25.63,28.24,,stage_2,5,10998.5,9832.57,1.79,0.45834,"{'price_above_30w_ma': True, '30w_ma_rising': True, 'price_above_10w_ma': True, 'relative_strength_positive': True, 'near_52w_high': True}",leading,leading,102.1,103.11,2.09,0.69,False,False,2026-07-16 ratio=100.01 momentum=102.42; 2026-07-17 ratio=100.00 momentum=103.99; 2026-07-20 ratio=100.37 momentum=104.09; 2026-07-21 ratio=100.10 momentum=103.32; 2026-07-22 ratio=102.10 momentum=103.11,174.63
stock,Eicher Motors,EICHERMOT.NS,2/3 Wheelers,Automobile and Auto Components,209530.58,1.07,1519.95,11.58,6080.09,16.01,37.7,30.52,,stage_2,5,7632.0,7299.13,0.42,0.31805,"{'price_above_30w_ma': True, '30w_ma_rising': True, 'price_above_10w_ma': True, 'relative_strength_positive': True, 'near_52w_high': True}",leading,leading,101.52,101.08,1.12,-1.11,False,False,2026-07-16 ratio=100.39 momentum=102.19; 2026-07-17 ratio=100.72 momentum=102.20; 2026-07-20 ratio=100.86 momentum=101.38; 2026-07-21 ratio=101.57 momentum=101.67; 2026-07-22 ratio=101.52 momentum=101.08,158.84
stock,TVS Motor Co.,TVSMOTOR.NS,2/3 Wheelers,Automobile and Auto Components,185664.62,0.31,1057.61,67.11,16295.52,33.46,53.67,17.37,,stage_2,5,3907.6,3606.53,0.14,0.16284,"{'price_above_30w_ma': True, '30w_ma_rising': True, 'price_above_10w_ma': True, 'relative_strength_positive': True, 'near_52w_high': True}",leading,weakening,103.63,101.82,3.13,3.75,True,False,2026-07-16 ratio=100.51 momentum=98.07; 2026-07-17 ratio=100.68 momentum=98.80; 2026-07-20 ratio=100.57 momentum=97.33; 2026-07-21 ratio=102.69 momentum=101.16; 2026-07-22 ratio=103.63 momentum=101.82,182.53
stock,Hero Motocorp,HEROMOTOCO.NS,2/3 Wheelers,Automobile and Auto Components,99844.88,3.71,1473.92,25.72,12978.28,30.18,17.38,35.22,,not_stage_2,3,4987.1,5243.89,-2.5,0.20783,"{'price_above_30w_ma': False, '30w_ma_rising': False, 'price_above_10w_ma': True, 'relative_strength_positive': True, 'near_52w_high': True}",leading,improving,100.19,102.12,1.15,-0.51,False,False,2026-07-16 ratio=99.05 momentum=102.62; 2026-07-17 ratio=98.75 momentum=104.35; 2026-07-20 ratio=99.52 momentum=104.75; 2026-07-21 ratio=100.19 momentum=102.78; 2026-07-22 ratio=100.19 momentum=102.12,91.55
stock,Ather Energy,ATHERENERG.NS,2/3 Wheelers,Automobile and Auto Components,49967.45,0.0,-100.23,57.23,1174.66,73.75,,-19.77,,stage_2,5,1268.2,865.32,9.14,0.05285,"{'price_above_30w_ma': True, '30w_ma_rising': True, 'price_above_10w_ma': True, 'relative_strength_positive': True, 'near_52w_high': True}",weakening,weakening,101.79,96.87,-0.44,-2.92,False,False,2026-07-16 ratio=102.24 momentum=99.78; 2026-07-17 ratio=102.12 momentum=100.43; 2026-07-20 ratio=102.16 momentum=101.37; 2026-07-21 ratio=101.99 momentum=100.48; 2026-07-22 ratio=101.79 momentum=96.87,152.23
stock,Ola Electric,OLAELEC.NS,2/3 Wheelers,Automobile and Auto Components,16967.99,0.0,-500.0,42.53,265.0,-56.63,,-19.56,,not_stage_2,2,36.67,35.35,1.82,0.00153,"{'price_above_30w_ma': True, '30w_ma_rising': True, 'price_above_10w_ma': False, 'relative_strength_positive': False, 'near_52w_high': False}",lagging,lagging,98.69,96.05,-0.98,0.31,False,False,2026-07-16 ratio=99.67 momentum=95.74; 2026-07-17 ratio=99.59 momentum=94.86; 2026-07-20 ratio=99.32 momentum=96.35; 2026-07-21 ratio=99.19 momentum=95.98; 2026-07-22 ratio=98.69 momentum=96.05,43.64
stock,Tunwal E-Motors,TUNWAL.NS,2/3 Wheelers,Automobile and Auto Components,155.48,0.37,4.23,-34.72,132.45,27.15,12.21,13.28,,not_stage_2,0,27.1,30.18,-4.97,0.00113,"{'price_above_30w_ma': False, '30w_ma_rising': False, 'price_above_10w_ma': False, 'relative_strength_positive': False, 'near_52w_high': False}",improving,lagging,99.26,103.17,0.53,3.84,False,True,2026-07-15 ratio=98.72 momentum=99.33; 2026-07-16 ratio=98.84 momentum=102.28; 2026-07-17 ratio=98.72 momentum=104.20; 2026-07-20 ratio=99.05 momentum=103.23; 2026-07-21 ratio=99.26 momentum=103.17,15.85
stock,Delta Auto.,DELTIC.NS,2/3 Wheelers,Automobile and Auto Components,52.98,0.0,3.1,-47.28,37.54,-28.28,8.08,11.81,,insufficient_data,0,,,,,{},insufficient_data,insufficient_data,,,,,False,False,,0.0
stock,Victory Ele.,VICTORYEV.NS,2/3 Wheelers,Automobile and Auto Components,40.35,0.0,0.53,-86.91,15.27,-52.67,18.77,10.52,,insufficient_data,0,,,,,{},insufficient_data,insufficient_data,,,,,False,False,,0.0
stock,Timken India,TIMKEN.NS,Abrasives & Bearings,Capital Goods,23113.6,0.08,154.79,-17.15,1073.14,14.19,58.02,18.26,,not_stage_2,2,3073.1,3344.59,0.65,0.12807,"{'price_above_30w_ma': False, '30w_ma_rising': True, 'price_above_10w_ma': False, 'relative_strength_positive': False, 'near_52w_high': True}",improving,lagging,98.08,103.69,0.22,7.55,False,True,2026-07-16 ratio=97.86 momentum=96.14; 2026-07-17 ratio=97.82 momentum=99.82; 2026-07-20 ratio=97.94 momentum=102.07; 2026-07-21 ratio=97.94 momentum=104.61; 2026-07-22 ratio=98.08 momentum=103.69,59.75
stock,Grindwell Norton,GRINDWELL.NS,Abrasives & Bearings,Capital Goods,22355.62,0.94,119.34,28.31,842.21,18.7,57.71,21.18,,not_stage_2,3,2020.8,1724.38,3.94,0.08421,"{'price_above_30w_ma': True, '30w_ma_rising': True, 'price_above_10w_ma': False, 'relative_strength_positive': False, 'near_52w_high': True}",weakening,leading,100.04,99.28,-2.73,-2.77,False,False,2026-07-16 ratio=102.77 momentum=102.04; 2026-07-17 ratio=100.48 momentum=99.47; 2026-07-20 ratio=100.85 momentum=100.18; 2026-07-21 ratio=100.60 momentum=100.22; 2026-07-22 ratio=100.04 momentum=99.28,68.08
stock,Carborundum Uni.,CARBORUNIV.NS,Abrasives & Bearings,Capital Goods,20336.53,0.37,-40.01,-17.82,1398.35,14.89,79.07,10.52,,not_stage_2,3,1068.9,935.13,3.36,0.04454,"{'price_above_30w_ma': True, '30w_ma_rising': True, 'price_above_10w_ma': False, 'relative_strength_positive': False, 'near_52w_high': True}",lagging,lagging,99.51,97.62,-0.36,0.4,False,False,2026-07-16 ratio=99.86 momentum=97.22; 2026-07-17 ratio=99.16 momentum=95.88; 2026-07-20 ratio=99.69 momentum=96.59; 2026-07-21 ratio=99.65 momentum=98.02; 2026-07-22 ratio=99.51 momentum=97.62,66.72
stock,SKF India Indus.,SKFINDUS.NS,Abrasives & Bearings,Capital Goods,13512.62,0.37,118.97,-1.93,945.72,31.24,36.38,56.38,,insufficient_data,0,,,,,{},weakening,weakening,100.78,96.9,0.05,-0.27,False,False,2026-07-16 ratio=100.73 momentum=97.18; 2026-07-17 ratio=100.38 momentum=97.05; 2026-07-20 ratio=100.41 momentum=97.28; 2026-07-21 ratio=101.01 momentum=98.77; 2026-07-22 ratio=100.78 momentum=96.90,3.9
stock,SKF India,SKFINDIA.NS,Abrasives & Bearings,Capital Goods,7419.45,2.67,-20.23,-128.78,594.54,20.68,25.09,13.33,,not_stage_2,0,1500.4,1662.79,-2.04,0.06253,"{'price_above_30w_ma': False, '30w_ma_rising': False, 'price_above_10w_ma': False, 'relative_strength_positive': False, 'near_52w_high': False}",lagging,lagging,98.19,99.86,0.98,6.2,False,False,2026-07-16 ratio=97.20 momentum=93.66; 2026-07-17 ratio=96.91 momentum=96.64; 2026-07-20 ratio=97.41 momentum=99.84; 2026-07-21 ratio=97.33 momentum=100.31; 2026-07-22 ratio=98.19 momentum=99.86,0.0
stock,Wendt India,WENDT.NS,Abrasives & Bearings,Capital Goods,1498.97,0.4,5.09,-60.51,66.78,-11.67,123.17,7.82,,not_stage_2,3,7511.0,7114.57,-0.46,0.31301,"{'price_above_30w_ma': True, '30w_ma_rising': False, 'price_above_10w_ma': True, 'relative_strength_positive': True, 'near_52w_high': False}",weakening,weakening,100.15,98.04,-0.63,2.14,False,False,2026-07-16 ratio=100.78 momentum=95.91; 2026-07-17 ratio=100.11 momentum=95.27; 2026-07-20 ratio=100.14 momentum=95.80; 2026-07-21 ratio=100.14 momentum=97.31; 2026-07-22 ratio=100.15 momentum=98.04,60.75
stock,SKP Bearing,SKP.NS,Abrasives & Bearings,Capital Goods,262.28,0.7,-0.95,,37.99,,298.05,11.38,,not_stage_2,2,157.5,158.97,-1.95,0.00656,"{'price_above_30w_ma': False, '30w_ma_rising': False, 'price_above_10w_ma': True, 'relative_strength_positive': True, 'near_52w_high': False}",improving,lagging,99.66,101.95,0.51,3.67,False,True,2026-07-15 ratio=99.16 momentum=98.28; 2026-07-16 ratio=99.16 momentum=96.07; 2026-07-17 ratio=99.37 momentum=101.27; 2026-07-20 ratio=99.47 momentum=101.42; 2026-07-21 ratio=99.66 momentum=101.95,49.75
stock,NRB Indl Bearing,NIBL.NS,Abrasives & Bearings,Capital Goods,83.4,0.0,-6.82,2.29,20.58,27.75,,-16.17,,stage_2,5,34.42,30.93,1.56,0.00143,"{'price_above_30w_ma': True, '30w_ma_rising': True, 'price_above_10w_ma': True, 'relative_strength_positive': True, 'near_52w_high': True}",leading,leading,102.23,102.12,-0.96,-0.54,False,False,2026-07-16 ratio=103.18 momentum=102.66; 2026-07-17 ratio=102.98 momentum=102.35; 2026-07-20 ratio=102.81 momentum=102.17; 2026-07-21 ratio=102.95 momentum=102.05; 2026-07-22 ratio=102.23 momentum=102.12,169.87
stock,Signpost India,SIGNPOST.NS,Advertising & Media Agencies,"Media, Entertainment & Publication",1563.4,0.17,21.01,2183.7,161.92,46.08,22.33,25.13,,stage_2,5,292.45,253.18,5.09,0.01219,"{'price_above_30w_ma': True, '30w_ma_rising': True, 'price_above_10w_ma': True, 'relative_strength_positive': True, 'near_52w_high': True}",weakening,leading,100.29,97.17,-1.56,-4.2,False,False,2026-07-16 ratio=101.85 momentum=101.37; 2026-07-17 ratio=101.68 momentum=101.08; 2026-07-20 ratio=101.38 momentum=102.58; 2026-07-21 ratio=100.76 momentum=99.68; 2026-07-22 ratio=100.29 momentum=97.17,136.63
stock,R K Swamy,RKSWAMY.NS,Advertising & Media Agencies,"Media, Entertainment & Publication",499.88,2.01,15.94,29.28,100.88,20.8,20.49,12.17,,not_stage_2,1,99.54,97.89,-1.37,0.00415,"{'price_above_30w_ma': True, '30w_ma_rising': False, 'price_above_10w_ma': False, 'relative_strength_positive': False, 'near_52w_high': False}",lagging,leading,99.89,95.71,-0.9,-4.38,False,False,2026-07-16 ratio=100.80 momentum=100.09; 2026-07-17 ratio=100.33 momentum=96.73; 2026-07-20 ratio=100.07 momentum=95.92; 2026-07-21 ratio=100.23 momentum=96.56; 2026-07-22 ratio=99.89 momentum=95.71,20.0
stock,Yaap Digital,YAAP.NS,Advertising & Media Agencies,"Media, Entertainment & Publication",328.65,0.0,19.0,84.08,135.66,28.14,17.8,30.86,,insufficient_data,0,,,,,{},insufficient_data,insufficient_data,,,,,False,False,,0.0
stock,Vertoz,VERTOZ.NS,Advertising & Media Agencies,"Media, Entertainment & Publication",300.69,0.28,6.25,-2.33,73.69,13.06,11.53,14.16,,not_stage_2,0,35.28,46.94,-9.43,0.00147,"{'price_above_30w_ma': False, '30w_ma_rising': False, 'price_above_10w_ma': False, 'relative_strength_positive': False, 'near_52w_high': False}",lagging,improving,98.33,97.71,-0.17,-6.55,False,False,2026-07-16 ratio=98.50 momentum=104.26; 2026-07-17 ratio=98.39 momentum=101.72; 2026-07-20 ratio=98.45 momentum=102.33; 2026-07-21 ratio=98.23 momentum=98.56; 2026-07-22 ratio=98.33 momentum=97.71,0.0
stock,Cash UR Drive,CUDML.NS,Advertising & Media Agencies,"Media, Entertainment & Publication",264.68,0.0,18.52,94.54,108.79,43.71,9.0,40.31,,insufficient_data,0,,,,,{},insufficient_data,insufficient_data,,,,,False,False,,0.0
stock,Simca Advertis.,SIMCA.NS,Advertising & Media Agencies,"Media, Entertainment & Publication",232.61,0.0,9.04,1164.71,78.51,107.37,13.99,97.5,,insufficient_data,0,,,,,{},insufficient_data,insufficient_data,,,,,False,False,,0.0
stock,Pramara Promotio,PRAMARA.NS,Advertising & Media Agencies,"Media, Entertainment & Publication",178.98,0.0,3.91,5.96,59.27,6.49,17.83,14.95,,not_stage_2,0,135.0,280.73,-9.27,0.00563,"{'price_above_30w_ma': False, '30w_ma_rising': False, 'price_above_10w_ma': False, 'relative_strength_positive': False, 'near_52w_high': False}",improving,improving,99.49,103.29,0.07,0.09,False,True,2026-07-15 ratio=99.42 momentum=103.20; 2026-07-16 ratio=99.44 momentum=103.18; 2026-07-17 ratio=99.44 momentum=103.12; 2026-07-20 ratio=99.46 momentum=103.22; 2026-07-21 ratio=99.49 momentum=103.29,16.45
stock,Digicontent,DGCONTENT.NS,Advertising & Media Agencies,"Media, Entertainment & Publication",134.22,0.0,0.9,-85.53,118.35,3.34,35.89,23.95,,not_stage_2,0,24.3,27.4,-3.21,0.00101,"{'price_above_30w_ma': False, '30w_ma_rising': False, 'price_above_10w_ma': False, 'relative_strength_positive': False, 'near_52w_high': False}",lagging,improving,98.03,99.14,-1.49,-2.76,False,False,2026-07-16 ratio=99.52 momentum=101.90; 2026-07-17 ratio=99.05 momentum=100.86; 2026-07-20 ratio=98.67 momentum=100.75; 2026-07-21 ratio=98.23 momentum=100.44; 2026-07-22 ratio=98.03 momentum=99.14,0.0
stock,Value 360 Commu.,VALUE360.NS,Advertising & Media Agencies,"Media, Entertainment & Publication",124.3,0.0,4.99,131.34,35.84,16.97,12.53,38.64,,insufficient_data,0,,,,,{},insufficient_data,insufficient_data,,,,,False,False,,0.0
stock,Crayons Advertis,CRAYONS.NS,Advertising & Media Agencies,"Media, Entertainment & Publication",60.95,0.0,0.68,-94.03,171.88,26.88,16.21,5.55,,not_stage_2,0,26.0,34.01,-4.5,0.00108,"{'price_above_30w_ma': False, '30w_ma_rising': False, 'price_above_10w_ma': False, 'relative_strength_positive': False, 'near_52w_high': False}",lagging,improving,98.35,98.44,-0.71,-3.17,False,False,2026-07-15 ratio=99.06 momentum=101.61; 2026-07-16 ratio=98.87 momentum=101.34; 2026-07-17 ratio=98.82 momentum=102.53; 2026-07-20 ratio=98.46 momentum=101.28; 2026-07-21 ratio=98.35 momentum=98.44,0.0
stock,Hind.Aeronautics,HAL.NS,Aerospace & Defense,Capital Goods,305981.24,0.98,4196.04,5.52,13942.4,1.77,33.57,31.96,,stage_2,5,4574.8,4258.05,0.43,0.19065,"{'price_above_30w_ma': True, '30w_ma_rising': True, 'price_above_10w_ma': True, 'relative_strength_positive': True, 'near_52w_high': True}",leading,improving,101.66,103.29,1.78,3.07,True,False,2026-07-16 ratio=99.88 momentum=100.22; 2026-07-17 ratio=100.05 momentum=101.37; 2026-07-20 ratio=100.17 momentum=102.21; 2026-07-21 ratio=101.16 momentum=104.55; 2026-07-22 ratio=101.66 momentum=103.29,180.61
stock,Bharat Electron,BEL.NS,Aerospace & Defense,Capital Goods,297325.25,0.59,2226.35,4.62,10224.43,11.75,49.05,36.53,,not_stage_2,2,406.75,425.75,0.48,0.01695,"{'price_above_30w_ma': False, '30w_ma_rising': True, 'price_above_10w_ma': False, 'relative_strength_positive': False, 'near_52w_high': True}",improving,lagging,98.73,101.35,0.33,2.12,False,True,2026-07-16 ratio=98.41 momentum=99.24; 2026-07-17 ratio=98.26 momentum=98.23; 2026-07-20 ratio=98.37 momentum=95.22; 2026-07-21 ratio=98.71 momentum=99.85; 2026-07-22 ratio=98.73 momentum=101.35,47.71
stock,Bharat Dynamics,BDL.NS,Aerospace & Defense,Capital Goods,45803.79,0.37,113.18,-58.51,480.2,-72.98,108.97,13.84,,not_stage_2,1,1249.5,1332.51,-1.32,0.05207,"{'price_above_30w_ma': False, '30w_ma_rising': False, 'price_above_10w_ma': False, 'relative_strength_positive': False, 'near_52w_high': True}",lagging,lagging,99.06,97.17,-0.01,-0.26,False,False,2026-07-16 ratio=99.07 momentum=97.43; 2026-07-17 ratio=98.79 momentum=97.21; 2026-07-20 ratio=98.94 momentum=96.89; 2026-07-21 ratio=99.25 momentum=97.13; 2026-07-22 ratio=99.06 momentum=97.17,20.0
stock,Garden Reach Sh.,GRSE.NS,Aerospace & Defense,Capital Goods,29665.42,0.53,303.2,24.14,2119.21,29.06,39.66,42.96,,not_stage_2,3,2588.8,2568.5,1.27,0.10788,"{'price_above_30w_ma': True, '30w_ma_rising': True, 'price_above_10w_ma': False, 'relative_strength_positive': False, 'near_52w_high': True}",lagging,lagging,98.62,99.27,0.04,3.52,False,False,2026-07-16 ratio=98.58 momentum=95.75; 2026-07-17 ratio=98.27 momentum=95.81; 2026-07-20 ratio=98.14 momentum=94.85; 2026-07-21 ratio=98.76 momentum=99.37; 2026-07-22 ratio=98.62 momentum=99.27,62.54
stock,Data Pattern,DATAPATTNS.NS,Aerospace & Defense,Capital Goods,26792.75,0.21,138.38,21.3,344.85,-12.96,108.41,21.92,,stage_2,5,4782.8,3574.09,7.12,0.19931,"{'price_above_30w_ma': True, '30w_ma_rising': True, 'price_above_10w_ma': True, 'relative_strength_positive': True, 'near_52w_high': True}",leading,lagging,101.63,102.11,2.27,6.16,True,False,2026-07-16 ratio=99.36 momentum=95.95; 2026-07-17 ratio=99.00 momentum=96.62; 2026-07-20 ratio=98.76 momentum=95.23; 2026-07-21 ratio=99.67 momentum=98.86; 2026-07-22 ratio=101.63 momentum=102.11,187.94
stock,Astra Microwave,ASTRAMICRO.NS,Aerospace & Defense,Capital Goods,16661.33,0.13,105.98,44.21,488.24,19.71,86.34,20.25,,stage_2,5,1757.1,1192.69,10.59,0.07322,"{'price_above_30w_ma': True, '30w_ma_rising': True, 'price_above_10w_ma': True, 'relative_strength_positive': True, 'near_52w_high': True}",weakening,weakening,100.99,97.11,0.03,-0.17,False,False,2026-07-16 ratio=100.96 momentum=97.28; 2026-07-17 ratio=100.85 momentum=96.57; 2026-07-20 ratio=100.96 momentum=97.03; 2026-07-21 ratio=100.92 momentum=98.04; 2026-07-22 ratio=100.99 momentum=97.11,151.13
stock,Zen Technologies,ZENTEC.NS,Aerospace & Defense,Capital Goods,16375.99,0.06,47.24,-68.8,178.08,-45.2,84.92,16.18,,stage_2,5,1814.7,1548.94,3.78,0.07562,"{'price_above_30w_ma': True, '30w_ma_rising': True, 'price_above_10w_ma': True, 'relative_strength_positive': True, 'near_52w_high': True}",weakening,leading,100.49,99.02,0.01,-1.46,False,False,2026-07-16 ratio=100.48 momentum=100.48; 2026-07-17 ratio=99.92 momentum=99.55; 2026-07-20 ratio=99.78 momentum=97.31; 2026-07-21 ratio=100.42 momentum=98.67; 2026-07-22 ratio=100.49 momentum=99.02,135.01
stock,Aequs,AEQUS.NS,Aerospace & Defense,Capital Goods,15622.18,0.0,-53.72,-739.04,367.1,47.26,,1.55,,insufficient_data,0,,,,,{},weakening,weakening,100.79,96.46,-0.19,-2.35,False,False,2026-07-16 ratio=100.98 momentum=98.81; 2026-07-17 ratio=100.55 momentum=97.99; 2026-07-20 ratio=101.10 momentum=99.57; 2026-07-21 ratio=101.00 momentum=98.63; 2026-07-22 ratio=100.79 momentum=96.46,3.95
stock,Apollo Micro Sys,APOLLO.NS,Aerospace & Defense,Capital Goods,15049.92,0.06,36.79,168.71,293.26,81.28,133.28,14.47,,not_stage_2,3,404.9,299.72,7.9,0.01687,"{'price_above_30w_ma': True, '30w_ma_rising': True, 'price_above_10w_ma': False, 'relative_strength_positive': False, 'near_52w_high': True}",weakening,weakening,100.17,99.46,0.06,2.8,False,False,2026-07-16 ratio=100.11 momentum=96.66; 2026-07-17 ratio=99.96 momentum=93.07; 2026-07-20 ratio=99.83 momentum=94.98; 2026-07-21 ratio=99.76 momentum=97.50; 2026-07-22 ratio=100.17 momentum=99.46,76.65
stock,Sigma Advanced System,SIGMAADV.NS,Aerospace & Defense,Capital Goods,9947.41,0.0,128.45,1400.69,322.82,469.05,35.86,60.82,,stage_2,5,526.1,300.87,19.2,0.02192,"{'price_above_30w_ma': True, '30w_ma_rising': True, 'price_above_10w_ma': True, 'relative_strength_positive': True, 'near_52w_high': True}",weakening,weakening,100.54,98.42,-0.54,1.12,False,False,2026-07-16 ratio=101.08 momentum=97.30; 2026-07-17 ratio=100.88 momentum=97.56; 2026-07-20 ratio=100.62 momentum=97.83; 2026-07-21 ratio=100.47 momentum=97.87; 2026-07-22 ratio=100.54 momentum=98.42,166.1
stock,Hindalco Inds.,HINDALCO.NS,Aluminium,Metals & Mining,213497.74,0.53,2597.0,-22.12,78133.0,20.41,12.65,13.21,,not_stage_2,2,950.0,975.66,1.44,0.03959,"{'price_above_30w_ma': False, '30w_ma_rising': True, 'price_above_10w_ma': False, 'relative_strength_positive': False, 'near_52w_high': True}",improving,improving,98.93,100.55,0.09,-2.81,False,False,2026-07-16 ratio=98.84 momentum=103.36; 2026-07-17 ratio=98.55 momentum=102.45; 2026-07-20 ratio=98.70 momentum=100.97; 2026-07-21 ratio=98.82 momentum=103.11; 2026-07-22 ratio=98.93 momentum=100.55,45.63
stock,Vedanta Aluminium Metal,VAML.NS,Aluminium,Metals & Mining,168654.12,0.0,,,,,,,,insufficient_data,0,,,,,{},insufficient_data,insufficient_data,,,,,False,False,,0.0
stock,Natl. Aluminium,NATIONALUM.NS,Aluminium,Metals & Mining,62895.44,3.07,1722.44,-16.68,5012.82,-4.84,10.85,39.59,,not_stage_2,2,342.4,377.25,2.24,0.01427,"{'price_above_30w_ma': False, '30w_ma_rising': True, 'price_above_10w_ma': False, 'relative_strength_positive': False, 'near_52w_high': True}",improving,improving,98.92,100.75,-0.13,-2.97,False,False,2026-07-16 ratio=99.05 momentum=103.72; 2026-07-17 ratio=98.56 momentum=100.79; 2026-07-20 ratio=98.74 momentum=101.09; 2026-07-21 ratio=98.81 momentum=102.47; 2026-07-22 ratio=98.92 momentum=100.75,48.23
stock,Arfin India,ARFIN.NS,Aluminium,Metals & Mining,1486.3,0.12,5.71,957.41,191.7,24.99,109.29,13.97,,not_stage_2,3,88.6,84.36,3.98,0.00369,"{'price_above_30w_ma': True, '30w_ma_rising': True, 'price_above_10w_ma': False, 'relative_strength_positive': False, 'near_52w_high': True}",improving,lagging,99.41,103.19,0.36,5.01,False,True,2026-07-16 ratio=99.05 momentum=98.18; 2026-07-17 ratio=98.37 momentum=96.40; 2026-07-20 ratio=98.54 momentum=98.27; 2026-07-21 ratio=98.76 momentum=98.45; 2026-07-22 ratio=99.41 momentum=103.19,83.91
stock,MMP Industries,MMP.NS,Aluminium,Metals & Mining,724.23,0.7,17.99,14.36,249.68,11.9,18.79,12.49,,stage_2,5,285.1,256.08,1.69,0.01188,"{'price_above_30w_ma': True, '30w_ma_rising': True, 'price_above_10w_ma': True, 'relative_strength_positive': True, 'near_52w_high': True}",leading,leading,100.98,101.1,0.28,-0.09,False,False,2026-07-16 ratio=100.70 momentum=101.19; 2026-07-17 ratio=100.09 momentum=100.13; 2026-07-20 ratio=100.51 momentum=102.13; 2026-07-21 ratio=100.58 momentum=107.25; 2026-07-22 ratio=100.98 momentum=101.10,158.78
stock,Maan Aluminium,MAANALU.NS,Aluminium,Metals & Mining,687.32,0.0,1.7,-56.85,254.57,3.54,52.75,7.73,,not_stage_2,0,114.88,136.91,-3.66,0.00479,"{'price_above_30w_ma': False, '30w_ma_rising': False, 'price_above_10w_ma': False, 'relative_strength_positive': False, 'near_52w_high': False}",lagging,lagging,98.48,99.71,-0.11,0.76,False,False,2026-07-16 ratio=98.59 momentum=98.94; 2026-07-17 ratio=98.32 momentum=94.71; 2026-07-20 ratio=98.07 momentum=97.92; 2026-07-21 ratio=98.33 momentum=98.92; 2026-07-22 ratio=98.48 momentum=99.71,0.0
stock,Jainik Power,JAINIK.NS,Aluminium,Metals & Mining,266.86,0.0,7.85,64.57,208.91,9.73,19.03,29.88,,insufficient_data,0,,,,,{},insufficient_data,insufficient_data,,,,,False,False,,0.0
stock,Manaksia Alumi.,MANAKALUCO.NS,Aluminium,Metals & Mining,239.13,0.19,3.24,62.0,155.66,13.56,31.63,10.15,,not_stage_2,2,36.42,34.5,4.72,0.00152,"{'price_above_30w_ma': True, '30w_ma_rising': True, 'price_above_10w_ma': False, 'relative_strength_positive': False, 'near_52w_high': False}",improving,leading,99.9,101.88,-0.39,0.48,False,False,2026-07-16 ratio=100.28 momentum=101.40; 2026-07-17 ratio=99.85 momentum=100.44; 2026-07-20 ratio=99.92 momentum=101.53; 2026-07-21 ratio=99.91 momentum=102.07; 2026-07-22 ratio=99.90 momentum=101.88,58.84
stock,Prec. Wires (I),PRECWIRE.NS,"Aluminium, Copper & Zinc Products",Capital Goods,6801.3,0.34,54.87,85.5,1762.85,67.19,44.24,32.94,,not_stage_2,3,372.15,336.77,6.05,0.01551,"{'price_above_30w_ma': True, '30w_ma_rising': True, 'price_above_10w_ma': False, 'relative_strength_positive': False, 'near_52w_high': True}",improving,lagging,98.73,101.31,0.04,3.37,False,True,2026-07-16 ratio=98.69 momentum=97.94; 2026-07-17 ratio=97.83 momentum=96.68; 2026-07-20 ratio=98.13 momentum=99.83; 2026-07-21 ratio=98.06 momentum=100.78; 2026-07-22 ratio=98.73 momentum=101.31,78.65
stock,CMR Green Tech.,CMRGREEN.NS,"Aluminium, Copper & Zinc Products",Capital Goods,4774.36,0.0,65.98,141.95,2364.67,45.38,22.48,13.98,,insufficient_data,0,,,,,{},insufficient_data,insufficient_data,,,,,False,False,,0.0
stock,Vidya Wires,VIDYAWIRES.NS,"Aluminium, Copper & Zinc Products",Capital Goods,1919.57,0.0,19.61,54.53,598.78,57.73,33.29,20.69,,insufficient_data,0,,,,,{},lagging,lagging,98.84,97.81,-0.6,1.61,False,False,2026-07-16 ratio=99.44 momentum=96.20; 2026-07-17 ratio=99.32 momentum=96.19; 2026-07-20 ratio=99.03 momentum=95.80; 2026-07-21 ratio=98.81 momentum=97.51; 2026-07-22 ratio=98.84 momentum=97.81,0.0
stock,Baheti Recycling,BAHETI.NS,"Aluminium, Copper & Zinc Products",Capital Goods,728.86,0.0,17.79,61.87,409.72,53.38,26.93,21.66,,stage_2,5,709.3,608.44,2.42,0.02956,"{'price_above_30w_ma': True, '30w_ma_rising': True, 'price_above_10w_ma': True, 'relative_strength_positive': True, 'near_52w_high': True}",weakening,weakening,100.88,97.85,-0.25,2.55,False,False,2026-07-15 ratio=101.13 momentum=95.30; 2026-07-16 ratio=101.02 momentum=95.99; 2026-07-17 ratio=100.66 momentum=95.70; 2026-07-20 ratio=100.94 momentum=97.68; 2026-07-21 ratio=100.88 momentum=97.85,134.24
stock,Sunlite Recycli.,SUNLITE.NS,"Aluminium, Copper & Zinc Products",Capital Goods,574.33,0.0,25.8,257.84,1642.41,116.13,14.3,46.52,,insufficient_data,0,,,,,{},insufficient_data,insufficient_data,,,,,False,False,,0.0
stock,ANB Metal,AMCL.NS,"Aluminium, Copper & Zinc Products",Capital Goods,492.33,0.0,12.97,199.54,137.39,115.08,22.94,29.63,,insufficient_data,0,,,,,{},insufficient_data,insufficient_data,,,,,False,False,,0.0
stock,Shera Energy,SHERA.NS,"Aluminium, Copper & Zinc Products",Capital Goods,424.27,0.0,12.64,88.26,487.67,26.1,12.4,19.54,,stage_2,5,173.65,138.48,3.84,0.00724,"{'price_above_30w_ma': True, '30w_ma_rising': True, 'price_above_10w_ma': True, 'relative_strength_positive': True, 'near_52w_high': True}",leading,lagging,101.14,102.39,2.11,6.05,True,False,2026-07-15 ratio=99.03 momentum=96.34; 2026-07-16 ratio=100.04 momentum=101.02; 2026-07-17 ratio=100.82 momentum=103.13; 2026-07-20 ratio=101.19 momentum=102.52; 2026-07-21 ratio=101.14 momentum=102.39,180.33
stock,Euro Panel,EUROBOND.NS,"Aluminium, Copper & Zinc Products",Capital Goods,410.94,0.0,8.81,41.19,141.04,19.92,15.11,16.95,,not_stage_2,0,164.69,170.62,-1.08,0.00686,"{'price_above_30w_ma': False, '30w_ma_rising': False, 'price_above_10w_ma': False, 'relative_strength_positive': False, 'near_52w_high': False}",improving,improving,98.73,102.2,0.14,2.04,False,True,2026-07-16 ratio=98.59 momentum=100.16; 2026-07-17 ratio=98.35 momentum=97.07; 2026-07-20 ratio=98.31 momentum=100.23; 2026-07-21 ratio=98.62 momentum=100.48; 2026-07-22 ratio=98.73 momentum=102.20,11.0
stock,Rajputana Indu.,RAJINDLTD.NS,"Aluminium, Copper & Zinc Products",Capital Goods,172.28,0.0,3.69,32.26,204.08,22.12,13.11,19.73,,insufficient_data,0,,,,,{},insufficient_data,insufficient_data,,,,,False,False,,0.0
stock,Century Extrus.,CENTEXT.NS,"Aluminium, Copper & Zinc Products",Capital Goods,151.76,0.0,2.95,27.34,142.22,18.72,13.17,19.21,,not_stage_2,0,18.89,20.43,-1.47,0.00079,"{'price_above_30w_ma': False, '30w_ma_rising': False, 'price_above_10w_ma': False, 'relative_strength_positive': False, 'near_52w_high': False}",improving,lagging,98.79,100.57,1.0,1.7,False,True,2026-07-16 ratio=97.79 momentum=98.86; 2026-07-17 ratio=99.01 momentum=101.07; 2026-07-20 ratio=98.47 momentum=102.00; 2026-07-21 ratio=98.58 momentum=103.49; 2026-07-22 ratio=98.79 momentum=100.57,2.85
stock,Wonderla Holiday,WONDERLA.NS,Amusement Parks/ Other Recreation,Consumer Services,2996.75,0.42,16.42,24.52,135.85,40.37,35.23,6.42,,not_stage_2,0,471.7,500.61,-1.48,0.01966,"{'price_above_30w_ma': False, '30w_ma_rising': False, 'price_above_10w_ma': False, 'relative_strength_positive': False, 'near_52w_high': False}",improving,lagging,98.73,102.49,0.41,5.03,False,True,2026-07-16 ratio=98.32 momentum=97.47; 2026-07-17 ratio=97.79 momentum=94.91; 2026-07-20 ratio=98.03 momentum=96.28; 2026-07-21 ratio=98.34 momentum=96.17; 2026-07-22 ratio=98.73 momentum=102.49,12.45
stock,Imagica. Enter.,IMAGICAA.NS,Amusement Parks/ Other Recreation,Consumer Services,2678.21,0.0,0.4,-97.76,91.86,-2.69,4251.13,1.86,,not_stage_2,3,47.36,45.67,-0.11,0.00197,"{'price_above_30w_ma': True, '30w_ma_rising': False, 'price_above_10w_ma': True, 'relative_strength_positive': True, 'near_52w_high': False}",leading,weakening,100.98,102.5,-0.14,2.98,False,False,2026-07-16 ratio=101.13 momentum=99.52; 2026-07-17 ratio=100.76 momentum=99.40; 2026-07-20 ratio=100.09 momentum=98.00; 2026-07-21 ratio=100.56 momentum=101.04; 2026-07-22 ratio=100.98 momentum=102.50,97.4
stock,Delta Corp,DELTACORP.NS,Amusement Parks/ Other Recreation,Consumer Services,1682.15,1.99,16.45,-28.81,161.25,-11.72,18.81,5.02,,not_stage_2,0,62.86,65.08,-1.08,0.00262,"{'price_above_30w_ma': False, '30w_ma_rising': False, 'price_above_10w_ma': False, 'relative_strength_positive': False, 'near_52w_high': False}",improving,lagging,98.87,101.47,-0.35,2.56,False,False,2026-07-16 ratio=99.21 momentum=98.91; 2026-07-17 ratio=98.93 momentum=99.51; 2026-07-20 ratio=98.91 momentum=100.70; 2026-07-21 ratio=98.85 momentum=100.79; 2026-07-22 ratio=98.87 momentum=101.47,7.35
stock,Avanti Feeds,AVANTIFEED.NS,Animal Feed,Fast Moving Consumer Goods,13546.75,0.91,138.86,-12.84,1467.72,6.19,22.07,25.93,,not_stage_2,1,992.95,1137.07,1.73,0.04138,"{'price_above_30w_ma': False, '30w_ma_rising': True, 'price_above_10w_ma': False, 'relative_strength_positive': False, 'near_52w_high': False}",improving,improving,99.38,102.53,-0.11,-0.91,False,False,2026-07-16 ratio=99.49 momentum=103.44; 2026-07-17 ratio=99.40 momentum=102.53; 2026-07-20 ratio=99.50 momentum=102.70; 2026-07-21 ratio=99.36 momentum=102.07; 2026-07-22 ratio=99.38 momentum=102.53,36.11
stock,Godrej Agrovet,GODREJAGRO.NS,Animal Feed,Fast Moving Consumer Goods,10952.01,1.93,102.28,48.14,2332.65,9.33,23.76,19.16,,not_stage_2,0,569.3,577.56,-0.3,0.02372,"{'price_above_30w_ma': False, '30w_ma_rising': False, 'price_above_10w_ma': False, 'relative_strength_positive': False, 'near_52w_high': False}",improving,improving,99.68,102.75,0.04,-0.56,False,False,2026-07-16 ratio=99.65 momentum=103.30; 2026-07-17 ratio=98.90 momentum=101.67; 2026-07-20 ratio=99.40 momentum=101.82; 2026-07-21 ratio=99.79 momentum=103.49; 2026-07-22 ratio=99.68 momentum=102.75,13.75
stock,Mukka Proteins,MUKKA.NS,Animal Feed,Fast Moving Consumer Goods,686.14,0.0,21.36,51.73,380.61,-0.25,13.18,11.61,,not_stage_2,1,23.0,23.03,-0.84,0.00096,"{'price_above_30w_ma': False, '30w_ma_rising': False, 'price_above_10w_ma': False, 'relative_strength_positive': False, 'near_52w_high': True}",improving,lagging,99.42,101.29,0.13,3.16,False,True,2026-07-16 ratio=99.29 momentum=98.13; 2026-07-17 ratio=98.81 momentum=97.10; 2026-07-20 ratio=99.68 momentum=100.66; 2026-07-21 ratio=99.33 momentum=99.84; 2026-07-22 ratio=99.42 momentum=101.29,26.45
stock,Narmada Agrobase,NARMADA.NS,Animal Feed,Fast Moving Consumer Goods,135.32,0.0,0.8,2.56,34.0,16.04,35.06,8.95,,not_stage_2,3,35.75,33.64,6.37,0.00149,"{'price_above_30w_ma': True, '30w_ma_rising': True, 'price_above_10w_ma': False, 'relative_strength_positive': False, 'near_52w_high': True}",improving,leading,99.35,100.49,-1.06,-2.07,False,False,2026-07-16 ratio=100.41 momentum=102.56; 2026-07-17 ratio=100.77 momentum=101.69; 2026-07-20 ratio=100.62 momentum=101.51; 2026-07-21 ratio=99.53 momentum=100.52; 2026-07-22 ratio=99.35 momentum=100.49,75.19
stock,Ajooni Biotech,AJOONI.NS,Animal Feed,Fast Moving Consumer Goods,69.59,0.0,0.95,-38.31,60.62,107.11,16.11,6.49,,not_stage_2,2,4.04,4.17,-1.53,0.00017,"{'price_above_30w_ma': False, '30w_ma_rising': False, 'price_above_10w_ma': True, 'relative_strength_positive': True, 'near_52w_high': False}",leading,leading,100.31,101.7,-0.74,-1.01,False,False,2026-07-16 ratio=101.05 momentum=102.71; 2026-07-17 ratio=100.44 momentum=101.82; 2026-07-20 ratio=100.76 momentum=101.77; 2026-07-21 ratio=100.98 momentum=102.14; 2026-07-22 ratio=100.31 momentum=101.70,70.05
stock,ICICI AMC,ICICIAMC.NS,Asset Management Company,Financial Services,154223.3,0.87,964.63,23.1,1564.22,17.55,44.24,115.1,,insufficient_data,0,,,,,{},improving,lagging,98.53,100.98,0.43,5.26,False,True,2026-07-16 ratio=98.10 momentum=95.72; 2026-07-17 ratio=98.53 momentum=95.77; 2026-07-20 ratio=98.13 momentum=95.87; 2026-07-21 ratio=98.53 momentum=102.29; 2026-07-22 ratio=98.53 momentum=100.98,4.9
stock,HDFC AMC,HDFCAMC.NS,Asset Management Company,Financial Services,109167.0,2.12,838.36,12.09,1098.5,13.51,37.01,42.88,,not_stage_2,2,2546.0,2617.06,0.24,0.1061,"{'price_above_30w_ma': False, '30w_ma_rising': True, 'price_above_10w_ma': False, 'relative_strength_positive': False, 'near_52w_high': True}",lagging,lagging,98.4,98.36,-0.45,1.29,False,False,2026-07-16 ratio=98.85 momentum=97.07; 2026-07-17 ratio=99.15 momentum=97.08; 2026-07-20 ratio=99.23 momentum=98.19; 2026-07-21 ratio=98.52 momentum=97.21; 2026-07-22 ratio=98.40 momentum=98.36,40.48
stock,Nippon Life Ind.,NAM-INDIA.NS,Asset Management Company,Financial Services,73347.06,1.87,503.7,27.16,766.87,26.42,44.81,43.8,,stage_2,4,1147.9,996.61,4.64,0.04784,"{'price_above_30w_ma': True, '30w_ma_rising': True, 'price_above_10w_ma': True, 'relative_strength_positive': False, 'near_52w_high': True}",weakening,weakening,100.12,98.34,-0.14,1.98,False,False,2026-07-16 ratio=100.26 momentum=96.36; 2026-07-17 ratio=100.75 momentum=97.66; 2026-07-20 ratio=100.75 momentum=98.60; 2026-07-21 ratio=100.39 momentum=98.60; 2026-07-22 ratio=100.12 momentum=98.34,114.88
stock,Aditya AMC,ABSLAMC.NS,Asset Management Company,Financial Services,29018.61,2.54,309.49,11.68,462.96,3.48,28.74,32.23,,not_stage_2,3,1002.9,980.05,5.26,0.04179,"{'price_above_30w_ma': True, '30w_ma_rising': True, 'price_above_10w_ma': False, 'relative_strength_positive': False, 'near_52w_high': True}",lagging,weakening,98.2,97.33,-2.27,2.58,False,False,2026-07-16 ratio=100.46 momentum=94.75; 2026-07-17 ratio=100.55 momentum=95.44; 2026-07-20 ratio=100.03 momentum=96.84; 2026-07-21 ratio=98.71 momentum=96.66; 2026-07-22 ratio=98.20 momentum=97.33,70.52
stock,UTI AMC,UTIAMC.NS,Asset Management Company,Financial Services,11693.2,4.4,293.86,24.07,583.51,6.7,21.9,15.57,,not_stage_2,0,909.55,981.69,-2.31,0.0379,"{'price_above_30w_ma': False, '30w_ma_rising': False, 'price_above_10w_ma': False, 'relative_strength_positive': False, 'near_52w_high': False}",lagging,lagging,97.9,98.24,-0.76,-1.35,False,False,2026-07-16 ratio=98.66 momentum=99.60; 2026-07-17 ratio=98.39 momentum=98.64; 2026-07-20 ratio=98.17 momentum=98.32; 2026-07-21 ratio=97.89 momentum=98.44; 2026-07-22 ratio=97.90 momentum=98.24,0.0
stock,Canara Robeco,CRAMC.NS,Asset Management Company,Financial Services,5297.55,1.5,75.6,23.98,145.37,20.07,24.25,40.11,,not_stage_2,4,266.81,255.68,-2.02,0.01112,"{'price_above_30w_ma': True, '30w_ma_rising': False, 'price_above_10w_ma': True, 'relative_strength_positive': True, 'near_52w_high': True}",leading,leading,102.55,103.36,1.42,2.55,False,False,2026-07-16 ratio=101.13 momentum=100.82; 2026-07-17 ratio=100.79 momentum=100.60; 2026-07-20 ratio=100.43 momentum=100.82; 2026-07-21 ratio=99.89 momentum=100.44; 2026-07-22 ratio=102.55 momentum=103.36,129.55
stock,IL&FS Inv.Manag.,IVC.NS,Asset Management Company,Financial Services,259.08,6.05,3.96,-81.92,35.21,364.51,67.12,4.07,,stage_2,5,8.26,7.71,0.18,0.00034,"{'price_above_30w_ma': True, '30w_ma_rising': True, 'price_above_10w_ma': True, 'relative_strength_positive': True, 'near_52w_high': True}",leading,leading,100.36,100.56,-0.43,-1.49,False,False,2026-07-16 ratio=100.79 momentum=102.06; 2026-07-17 ratio=100.49 momentum=101.89; 2026-07-20 ratio=100.25 momentum=101.76; 2026-07-21 ratio=100.33 momentum=101.82; 2026-07-22 ratio=100.36 momentum=100.56,149.96
stock,Samvardh. Mothe.,MOTHERSON.NS,Auto Components & Equipments,Automobile and Auto Components,151426.24,0.42,1561.56,55.33,34309.31,17.03,35.51,13.43,,not_stage_2,3,143.6,128.32,2.63,0.00598,"{'price_above_30w_ma': True, '30w_ma_rising': True, 'price_above_10w_ma': False, 'relative_strength_positive': False, 'near_52w_high': True}",weakening,weakening,100.17,99.47,-0.07,3.5,False,False,2026-07-16 ratio=100.24 momentum=95.96; 2026-07-17 ratio=100.05 momentum=94.82; 2026-07-20 ratio=99.96 momentum=96.07; 2026-07-21 ratio=100.28 momentum=100.41; 2026-07-22 ratio=100.17 momentum=99.47,66.11
stock,Bosch,BOSCHLTD.NS,Auto Components & Equipments,Automobile and Auto Components,122523.29,0.65,570.0,2.98,5565.7,13.34,58.69,21.54,,stage_2,5,41560.0,36817.83,1.91,1.73194,"{'price_above_30w_ma': True, '30w_ma_rising': True, 'price_above_10w_ma': True, 'relative_strength_positive': True, 'near_52w_high': True}",weakening,weakening,101.29,98.33,0.19,1.3,False,False,2026-07-16 ratio=101.10 momentum=97.02; 2026-07-17 ratio=100.68 momentum=96.59; 2026-07-20 ratio=100.80 momentum=97.41; 2026-07-21 ratio=100.77 momentum=97.85; 2026-07-22 ratio=101.29 momentum=98.33,135.27
stock,Bharat Forge,BHARATFORG.NS,Auto Components & Equipments,Automobile and Auto Components,104438.83,0.39,233.45,2.05,4528.04,17.53,92.53,12.61,,stage_2,5,2185.5,1824.7,5.62,0.09108,"{'price_above_30w_ma': True, '30w_ma_rising': True, 'price_above_10w_ma': True, 'relative_strength_positive': True, 'near_52w_high': True}",leading,weakening,101.65,100.97,0.73,4.99,True,False,2026-07-16 ratio=100.92 momentum=95.98; 2026-07-17 ratio=101.63 momentum=100.56; 2026-07-20 ratio=101.85 momentum=101.79; 2026-07-21 ratio=101.72 momentum=102.30; 2026-07-22 ratio=101.65 momentum=100.97,179.34
stock,Schaeffler India,SCHAEFFLER.NS,Auto Components & Equipments,Automobile and Auto Components,65522.96,0.83,336.73,13.67,2681.41,17.5,50.75,27.9,,stage_2,5,4199.2,4020.24,1.0,0.17499,"{'price_above_30w_ma': True, '30w_ma_rising': True, 'price_above_10w_ma': True, 'relative_strength_positive': True, 'near_52w_high': True}",leading,improving,100.89,102.18,1.22,0.38,True,False,2026-07-16 ratio=99.67 momentum=101.80; 2026-07-17 ratio=99.26 momentum=99.87; 2026-07-20 ratio=99.63 momentum=102.08; 2026-07-21 ratio=100.12 momentum=103.65; 2026-07-22 ratio=100.89 momentum=102.18,172.35
stock,Uno Minda,UNOMINDA.NS,Auto Components & Equipments,Automobile and Auto Components,65305.77,0.23,351.76,22.39,5336.41,17.85,53.81,19.65,,not_stage_2,3,1130.9,1133.28,-1.4,0.04713,"{'price_above_30w_ma': False, '30w_ma_rising': False, 'price_above_10w_ma': True, 'relative_strength_positive': True, 'near_52w_high': True}",weakening,leading,100.55,98.92,-0.54,-2.96,False,False,2026-07-16 ratio=101.09 momentum=101.87; 2026-07-17 ratio=100.75 momentum=101.44; 2026-07-20 ratio=100.89 momentum=101.50; 2026-07-21 ratio=100.77 momentum=102.73; 2026-07-22 ratio=100.55 momentum=98.92,62.75
stock,Tube Investments,TIINDIA.NS,Auto Components & Equipments,Automobile and Auto Components,56189.05,0.12,234.01,81.73,6214.74,20.68,85.02,17.14,,not_stage_2,3,2903.7,2759.73,1.43,0.12101,"{'price_above_30w_ma': True, '30w_ma_rising': True, 'price_above_10w_ma': False, 'relative_strength_positive': False, 'near_52w_high': True}",improving,lagging,98.88,100.56,-0.03,11.73,False,False,2026-07-16 ratio=98.91 momentum=88.83; 2026-07-17 ratio=98.35 momentum=96.79; 2026-07-20 ratio=98.47 momentum=97.16; 2026-07-21 ratio=98.72 momentum=99.19; 2026-07-22 ratio=98.88 momentum=100.56,65.66
stock,Sona BLW Precis.,SONACOMS.NS,Auto Components & Equipments,Automobile and Auto Components,45211.18,0.47,207.34,34.83,1171.58,52.14,68.98,15.11,,stage_2,5,726.5,560.71,4.97,0.03028,"{'price_above_30w_ma': True, '30w_ma_rising': True, 'price_above_10w_ma': True, 'relative_strength_positive': True, 'near_52w_high': True}",leading,weakening,102.72,100.45,0.46,3.04,True,False,2026-07-16 ratio=102.26 momentum=97.41; 2026-07-17 ratio=102.55 momentum=100.11; 2026-07-20 ratio=102.73 momentum=100.89; 2026-07-21 ratio=103.02 momentum=101.43; 2026-07-22 ratio=102.72 momentum=100.45,180.79
stock,Endurance Tech.,ENDURANCE.NS,Auto Components & Equipments,Automobile and Auto Components,38561.14,0.42,276.45,17.32,4085.95,37.88,39.86,18.28,,stage_2,5,2738.2,2511.41,0.34,0.11411,"{'price_above_30w_ma': True, '30w_ma_rising': True, 'price_above_10w_ma': True, 'relative_strength_positive': True, 'near_52w_high': True}",leading,leading,101.14,101.64,-0.16,-0.63,False,False,2026-07-16 ratio=101.30 momentum=102.27; 2026-07-17 ratio=100.60 momentum=101.16; 2026-07-20 ratio=100.84 momentum=102.44; 2026-07-21 ratio=101.06 momentum=102.91; 2026-07-22 ratio=101.14 momentum=101.64,159.58
stock,Exide Inds.,EXIDEIND.NS,Auto Components & Equipments,Automobile and Auto Components,38075.84,0.45,216.73,15.19,4735.13,9.22,45.84,8.54,,stage_2,5,447.85,354.74,2.32,0.01866,"{'price_above_30w_ma': True, '30w_ma_rising': True, 'price_above_10w_ma': True, 'relative_strength_positive': True, 'near_52w_high': True}",leading,weakening,101.98,100.76,0.72,3.04,True,False,2026-07-16 ratio=101.26 momentum=97.72; 2026-07-17 ratio=101.56 momentum=100.22; 2026-07-20 ratio=101.60 momentum=101.41; 2026-07-21 ratio=101.80 momentum=102.69; 2026-07-22 ratio=101.98 momentum=100.76,173.34
stock,ZF Commercial,ZFCVINDIA.NS,Auto Components & Equipments,Automobile and Auto Components,26900.79,0.17,141.35,12.91,1132.8,12.92,54.42,19.08,,not_stage_2,1,2367.2,2429.97,-0.47,0.09865,"{'price_above_30w_ma': False, '30w_ma_rising': False, 'price_above_10w_ma': False, 'relative_strength_positive': False, 'near_52w_high': True}",improving,lagging,99.04,101.56,0.54,3.23,False,True,2026-07-16 ratio=98.50 momentum=98.33; 2026-07-17 ratio=99.07 momentum=101.54; 2026-07-20 ratio=98.48 momentum=100.77; 2026-07-21 ratio=99.14 momentum=102.67; 2026-07-22 ratio=99.04 momentum=101.56,27.8
stock,United Spirits,UNITDSPR.NS,Breweries & Distilleries,Fast Moving Consumer Goods,102101.57,1.21,539.0,30.08,3054.0,3.67,55.86,26.39,,not_stage_2,4,1404.2,1333.38,-0.44,0.05852,"{'price_above_30w_ma': True, '30w_ma_rising': False, 'price_above_10w_ma': True, 'relative_strength_positive': True, 'near_52w_high': True}",weakening,weakening,101.73,97.45,0.45,-2.48,False,False,2026-07-16 ratio=101.29 momentum=99.93; 2026-07-17 ratio=100.76 momentum=98.43; 2026-07-20 ratio=101.31 momentum=98.22; 2026-07-21 ratio=101.22 momentum=96.99; 2026-07-22 ratio=101.73 momentum=97.45,88.65
stock,Radico Khaitan,RADICO.NS,Breweries & Distilleries,Fast Moving Consumer Goods,55577.35,0.22,179.46,94.92,1503.71,15.31,90.39,24.15,,stage_2,5,4147.5,3219.11,3.52,0.17284,"{'price_above_30w_ma': True, '30w_ma_rising': True, 'price_above_10w_ma': True, 'relative_strength_positive': True, 'near_52w_high': True}",weakening,weakening,101.81,96.92,-0.02,-2.36,False,False,2026-07-16 ratio=101.83 momentum=99.28; 2026-07-17 ratio=101.54 momentum=100.06; 2026-07-20 ratio=101.70 momentum=97.70; 2026-07-21 ratio=101.47 momentum=97.37; 2026-07-22 ratio=101.81 momentum=96.92,141.09
stock,United Breweries,UBL.NS,Breweries & Distilleries,Fast Moving Consumer Goods,37876.83,0.7,101.87,-58.32,2250.07,-3.14,110.8,10.68,,not_stage_2,2,1431.0,1468.26,-2.46,0.05963,"{'price_above_30w_ma': False, '30w_ma_rising': False, 'price_above_10w_ma': True, 'relative_strength_positive': True, 'near_52w_high': False}",leading,improving,102.7,103.01,3.12,2.06,True,False,2026-07-16 ratio=99.57 momentum=100.94; 2026-07-17 ratio=98.83 momentum=99.58; 2026-07-20 ratio=99.41 momentum=100.33; 2026-07-21 ratio=101.40 momentum=103.06; 2026-07-22 ratio=102.70 momentum=103.01,98.55
stock,Allied Blenders,ABDL.NS,Breweries & Distilleries,Fast Moving Consumer Goods,17227.32,0.88,37.62,-48.05,1006.89,9.37,75.2,18.38,,stage_2,5,615.7,536.17,0.29,0.02566,"{'price_above_30w_ma': True, '30w_ma_rising': True, 'price_above_10w_ma': True, 'relative_strength_positive': True, 'near_52w_high': True}",weakening,weakening,100.18,96.07,-0.32,-1.67,False,False,2026-07-16 ratio=100.50 momentum=97.75; 2026-07-17 ratio=100.05 momentum=98.09; 2026-07-20 ratio=100.30 momentum=96.84; 2026-07-21 ratio=100.16 momentum=96.98; 2026-07-22 ratio=100.18 momentum=96.07,126.48
stock,Tilaknagar Inds.,TI.NS,Breweries & Distilleries,Fast Moving Consumer Goods,10965.43,0.23,-14.91,-38.42,949.49,147.52,43.37,11.78,,not_stage_2,4,441.75,441.18,-0.39,0.01841,"{'price_above_30w_ma': True, '30w_ma_rising': False, 'price_above_10w_ma': True, 'relative_strength_positive': True, 'near_52w_high': True}",leading,lagging,100.01,100.79,0.08,3.01,True,False,2026-07-16 ratio=99.93 momentum=97.78; 2026-07-17 ratio=99.29 momentum=97.30; 2026-07-20 ratio=99.56 momentum=98.03; 2026-07-21 ratio=99.91 momentum=100.36; 2026-07-22 ratio=100.01 momentum=100.79,114.0
stock,India Glycols,INDIAGLYCO.NS,Breweries & Distilleries,Fast Moving Consumer Goods,7650.04,0.66,86.88,35.71,976.35,13.11,26.07,12.43,,stage_2,5,1140.55,968.34,0.76,0.04753,"{'price_above_30w_ma': True, '30w_ma_rising': True, 'price_above_10w_ma': True, 'relative_strength_positive': True, 'near_52w_high': True}",leading,leading,101.91,102.46,-0.37,0.54,False,False,2026-07-16 ratio=102.28 momentum=101.92; 2026-07-17 ratio=102.01 momentum=101.53; 2026-07-20 ratio=101.80 momentum=101.56; 2026-07-21 ratio=102.02 momentum=101.75; 2026-07-22 ratio=101.91 momentum=102.46,168.37
stock,Piccadily Agro,PICCADIL.NS,Breweries & Distilleries,Fast Moving Consumer Goods,7352.89,0.0,44.7,12.14,335.47,31.44,53.48,18.01,,stage_2,5,745.0,593.57,3.1,0.03105,"{'price_above_30w_ma': True, '30w_ma_rising': True, 'price_above_10w_ma': True, 'relative_strength_positive': True, 'near_52w_high': True}",leading,leading,102.31,100.92,-0.79,-2.18,False,False,2026-07-16 ratio=103.10 momentum=103.10; 2026-07-17 ratio=102.44 momentum=100.91; 2026-07-20 ratio=102.71 momentum=100.44; 2026-07-21 ratio=102.55 momentum=101.02; 2026-07-22 ratio=102.31 momentum=100.92,167.35
stock,Globus Spirits,GLOBUSSPR.NS,Breweries & Distilleries,Fast Moving Consumer Goods,2552.46,0.31,26.48,49.05,788.78,12.71,25.39,11.45,,not_stage_2,0,878.85,926.8,-0.89,0.03662,"{'price_above_30w_ma': False, '30w_ma_rising': False, 'price_above_10w_ma': False, 'relative_strength_positive': False, 'near_52w_high': False}",lagging,leading,99.34,99.61,-2.14,-3.25,False,False,2026-07-16 ratio=101.48 momentum=102.86; 2026-07-17 ratio=100.30 momentum=101.30; 2026-07-20 ratio=100.19 momentum=100.93; 2026-07-21 ratio=99.74 momentum=100.34; 2026-07-22 ratio=99.34 momentum=99.61,0.0
stock,G M Breweries,GMBREW.NS,Breweries & Distilleries,Fast Moving Consumer Goods,2091.98,0.98,37.74,45.94,199.58,22.55,12.4,17.96,,not_stage_2,0,915.3,975.52,-1.4,0.03814,"{'price_above_30w_ma': False, '30w_ma_rising': False, 'price_above_10w_ma': False, 'relative_strength_positive': False, 'near_52w_high': False}",lagging,lagging,99.43,97.83,0.53,0.22,False,False,2026-07-16 ratio=98.89 momentum=97.61; 2026-07-17 ratio=98.07 momentum=97.35; 2026-07-20 ratio=99.26 momentum=98.09; 2026-07-21 ratio=98.89 momentum=97.82; 2026-07-22 ratio=99.43 momentum=97.83,0.0
stock,Assoc.Alcohols,ASALCBR.NS,Breweries & Distilleries,Fast Moving Consumer Goods,1572.84,0.26,23.51,5.28,238.5,-1.64,17.78,17.98,,not_stage_2,0,784.3,831.53,-2.09,0.03268,"{'price_above_30w_ma': False, '30w_ma_rising': False, 'price_above_10w_ma': False, 'relative_strength_positive': False, 'near_52w_high': False}",lagging,lagging,97.63,97.5,-0.81,0.2,False,False,2026-07-16 ratio=98.44 momentum=97.29; 2026-07-17 ratio=98.24 momentum=96.55; 2026-07-20 ratio=98.46 momentum=96.15; 2026-07-21 ratio=97.79 momentum=94.10; 2026-07-22 ratio=97.63 momentum=97.50,0.0
stock,Firstsour.Solu.,FSL.NS,Business Process Outsourcing (BPO)/ Knowledge Process Outsourcing (KPO),Services,18669.78,2.08,205.24,27.72,2583.45,19.52,24.97,16.8,,not_stage_2,3,264.06,255.74,-4.32,0.011,"{'price_above_30w_ma': True, '30w_ma_rising': False, 'price_above_10w_ma': True, 'relative_strength_positive': True, 'near_52w_high': False}",leading,leading,100.75,104.04,-0.08,1.65,False,False,2026-07-16 ratio=100.83 momentum=102.39; 2026-07-17 ratio=100.66 momentum=102.15; 2026-07-20 ratio=100.72 momentum=101.61; 2026-07-21 ratio=100.74 momentum=102.50; 2026-07-22 ratio=100.75 momentum=104.04,103.95
stock,eClerx Services,ECLERX.NS,Business Process Outsourcing (BPO)/ Knowledge Process Outsourcing (KPO),Services,18293.15,0.03,189.65,24.45,1107.29,23.27,25.9,34.81,,not_stage_2,4,1946.9,1703.96,-4.18,0.08113,"{'price_above_30w_ma': True, '30w_ma_rising': False, 'price_above_10w_ma': True, 'relative_strength_positive': True, 'near_52w_high': True}",leading,leading,102.78,103.74,0.41,0.19,False,False,2026-07-16 ratio=102.37 momentum=103.56; 2026-07-17 ratio=103.61 momentum=103.17; 2026-07-20 ratio=102.60 momentum=102.47; 2026-07-21 ratio=102.74 momentum=102.90; 2026-07-22 ratio=102.78 momentum=103.74,132.6
stock,RPSG Ventures,RPSGVENT.NS,Business Process Outsourcing (BPO)/ Knowledge Process Outsourcing (KPO),Services,3009.75,0.0,-72.0,-327.88,2927.03,15.18,,10.69,,stage_2,5,911.2,821.24,2.04,0.03797,"{'price_above_30w_ma': True, '30w_ma_rising': True, 'price_above_10w_ma': True, 'relative_strength_positive': True, 'near_52w_high': True}",weakening,improving,100.11,99.64,0.63,-2.56,False,False,2026-07-16 ratio=99.47 momentum=102.21; 2026-07-17 ratio=99.39 momentum=103.39; 2026-07-20 ratio=99.75 momentum=103.17; 2026-07-21 ratio=100.02 momentum=102.28; 2026-07-22 ratio=100.11 momentum=99.64,129.63
stock,Hinduja Global,HGS.NS,Business Process Outsourcing (BPO)/ Knowledge Process Outsourcing (KPO),Services,2004.09,0.0,-13.58,-430.06,1084.67,-6.58,,1.42,,not_stage_2,3,427.85,406.95,-0.96,0.01783,"{'price_above_30w_ma': True, '30w_ma_rising': False, 'price_above_10w_ma': True, 'relative_strength_positive': True, 'near_52w_high': False}",leading,leading,100.6,101.43,-0.61,0.39,False,False,2026-07-16 ratio=101.21 momentum=101.03; 2026-07-17 ratio=100.39 momentum=100.74; 2026-07-20 ratio=100.37 momentum=101.39; 2026-07-21 ratio=100.56 momentum=101.54; 2026-07-22 ratio=100.60 momentum=101.43,90.15
stock,One Point One,ONEPOINT.NS,Business Process Outsourcing (BPO)/ Knowledge Process Outsourcing (KPO),Services,1427.5,0.0,10.27,18.08,96.2,43.48,36.35,10.88,,not_stage_2,3,54.24,53.27,0.18,0.00226,"{'price_above_30w_ma': True, '30w_ma_rising': True, 'price_above_10w_ma': False, 'relative_strength_positive': False, 'near_52w_high': True}",lagging,lagging,98.55,98.97,0.21,1.77,False,False,2026-07-16 ratio=98.35 momentum=97.21; 2026-07-17 ratio=98.09 momentum=96.01; 2026-07-20 ratio=98.05 momentum=95.27; 2026-07-21 ratio=98.14 momentum=98.99; 2026-07-22 ratio=98.55 momentum=98.97,60.36
stock,Alldigi Tech,ALLDIGI.NS,Business Process Outsourcing (BPO)/ Knowledge Process Outsourcing (KPO),Services,1304.26,7.02,28.88,64.17,154.67,5.87,16.23,27.89,,not_stage_2,4,854.2,816.87,-0.31,0.0356,"{'price_above_30w_ma': True, '30w_ma_rising': False, 'price_above_10w_ma': True, 'relative_strength_positive': True, 'near_52w_high': True}",leading,improving,101.71,103.7,2.18,3.29,True,False,2026-07-16 ratio=99.53 momentum=100.40; 2026-07-17 ratio=98.80 momentum=100.15; 2026-07-20 ratio=100.37 momentum=102.33; 2026-07-21 ratio=99.78 momentum=101.99; 2026-07-22 ratio=101.71 momentum=103.70,137.05
stock,Kandarp Digi,KANDARP.NS,Business Process Outsourcing (BPO)/ Knowledge Process Outsourcing (KPO),Services,85.79,0.0,1.13,-15.67,16.35,4.01,46.37,11.22,,not_stage_2,0,97.5,136.52,-3.04,0.00406,"{'price_above_30w_ma': False, '30w_ma_rising': False, 'price_above_10w_ma': False, 'relative_strength_positive': False, 'near_52w_high': False}",improving,improving,98.9,102.22,-0.09,-1.38,False,False,2026-07-15 ratio=98.99 momentum=103.61; 2026-07-16 ratio=98.88 momentum=103.24; 2026-07-17 ratio=98.88 momentum=103.15; 2026-07-20 ratio=98.75 momentum=101.20; 2026-07-21 ratio=98.90 momentum=102.22,11.1
stock,Cadsys (India),CADSYS.NS,Business Process Outsourcing (BPO)/ Knowledge Process Outsourcing (KPO),Services,59.22,0.0,-8.6,110.64,47.31,16.3,,-14.11,,not_stage_2,3,62.3,57.32,6.07,0.0026,"{'price_above_30w_ma': True, '30w_ma_rising': True, 'price_above_10w_ma': False, 'relative_strength_positive': False, 'near_52w_high': True}",lagging,lagging,97.12,97.21,-0.86,1.53,False,False,2026-07-15 ratio=97.98 momentum=95.68; 2026-07-16 ratio=97.99 momentum=96.55; 2026-07-17 ratio=97.79 momentum=96.98; 2026-07-20 ratio=98.02 momentum=98.14; 2026-07-21 ratio=97.12 momentum=97.21,72.14
stock,We Win Ltd,WEWIN.NS,Business Process Outsourcing (BPO)/ Knowledge Process Outsourcing (KPO),Services,46.42,0.0,0.95,-12.84,30.77,51.65,10.32,10.91,,not_stage_2,1,45.55,48.65,0.31,0.0019,"{'price_above_30w_ma': False, '30w_ma_rising': True, 'price_above_10w_ma': False, 'relative_strength_positive': False, 'near_52w_high': False}",improving,improving,98.84,102.67,-0.19,-0.45,False,False,2026-07-16 ratio=99.03 momentum=103.13; 2026-07-17 ratio=98.80 momentum=99.93; 2026-07-20 ratio=98.75 momentum=99.65; 2026-07-21 ratio=98.80 momentum=102.05; 2026-07-22 ratio=98.84 momentum=102.67,33.97
stock,HRH Next,HRHNEXT.NS,Business Process Outsourcing (BPO)/ Knowledge Process Outsourcing (KPO),Services,34.66,0.0,2.78,152.73,35.92,24.68,7.13,15.84,,not_stage_2,2,27.55,28.14,-0.27,0.00115,"{'price_above_30w_ma': False, '30w_ma_rising': False, 'price_above_10w_ma': True, 'relative_strength_positive': True, 'near_52w_high': False}",improving,improving,99.78,100.94,0.04,-0.66,False,False,2026-07-15 ratio=99.75 momentum=101.60; 2026-07-16 ratio=99.82 momentum=101.59; 2026-07-17 ratio=99.67 momentum=100.78; 2026-07-20 ratio=100.62 momentum=103.94; 2026-07-21 ratio=99.78 momentum=100.94,44.7
stock,Polycab India,POLYCAB.NS,Cables - Electricals,Capital Goods,136996.64,0.52,796.66,32.46,8209.73,39.01,47.83,33.21,,not_stage_2,3,9090.5,8316.7,2.96,0.37883,"{'price_above_30w_ma': True, '30w_ma_rising': True, 'price_above_10w_ma': False, 'relative_strength_positive': False, 'near_52w_high': True}",lagging,lagging,98.72,98.67,-0.34,2.48,False,False,2026-07-16 ratio=99.06 momentum=96.19; 2026-07-17 ratio=97.57 momentum=96.19; 2026-07-20 ratio=97.78 momentum=97.08; 2026-07-21 ratio=97.94 momentum=97.82; 2026-07-22 ratio=98.72 momentum=98.67,65.92
stock,KEI Industries,KEI.NS,Cables - Electricals,Capital Goods,47516.85,0.09,284.31,25.5,3476.4,19.27,51.74,20.07,,not_stage_2,3,4971.0,4766.01,2.45,0.20716,"{'price_above_30w_ma': True, '30w_ma_rising': True, 'price_above_10w_ma': False, 'relative_strength_positive': False, 'near_52w_high': True}",lagging,lagging,98.5,99.04,-0.23,2.68,False,False,2026-07-16 ratio=98.73 momentum=96.37; 2026-07-17 ratio=97.64 momentum=95.23; 2026-07-20 ratio=97.93 momentum=96.55; 2026-07-21 ratio=98.27 momentum=98.79; 2026-07-22 ratio=98.50 momentum=99.04,64.9
stock,R R Kabel,RRKABEL.NS,Cables - Electricals,Capital Goods,27498.88,0.39,167.95,30.06,2964.14,33.65,54.55,28.1,,stage_2,5,2432.4,1742.88,7.27,0.10137,"{'price_above_30w_ma': True, '30w_ma_rising': True, 'price_above_10w_ma': True, 'relative_strength_positive': True, 'near_52w_high': True}",leading,leading,101.42,102.94,0.15,2.62,False,False,2026-07-16 ratio=101.27 momentum=100.32; 2026-07-17 ratio=100.46 momentum=98.50; 2026-07-20 ratio=100.72 momentum=100.10; 2026-07-21 ratio=100.80 momentum=101.77; 2026-07-22 ratio=101.42 momentum=102.94,181.34
stock,Finolex Cables,FINCABLES.NS,Cables - Electricals,Capital Goods,15483.35,0.79,224.43,17.07,1951.08,22.36,21.69,16.01,,not_stage_2,3,1014.9,934.87,4.3,0.04229,"{'price_above_30w_ma': True, '30w_ma_rising': True, 'price_above_10w_ma': False, 'relative_strength_positive': False, 'near_52w_high': True}",lagging,lagging,98.83,99.07,-0.39,3.31,False,False,2026-07-16 ratio=99.22 momentum=95.76; 2026-07-17 ratio=98.42 momentum=94.81; 2026-07-20 ratio=98.52 momentum=95.87; 2026-07-21 ratio=98.46 momentum=98.10; 2026-07-22 ratio=98.83 momentum=99.07,68.6
stock,KSH Internationa,KSHINTL.NS,Cables - Electricals,Capital Goods,6066.38,0.0,34.53,87.16,1018.34,100.52,54.47,21.36,,insufficient_data,0,,,,,{},leading,leading,101.02,105.09,-0.16,3.9,False,False,2026-07-16 ratio=101.18 momentum=101.18; 2026-07-17 ratio=100.65 momentum=99.40; 2026-07-20 ratio=100.98 momentum=100.47; 2026-07-21 ratio=101.11 momentum=103.40; 2026-07-22 ratio=101.02 momentum=105.09,50.55
stock,Universal Cables,UNIVCABLES.NS,Cables - Electricals,Capital Goods,4175.06,0.37,55.32,11.33,840.27,24.66,25.6,11.68,,stage_2,5,1203.5,904.95,4.35,0.05015,"{'price_above_30w_ma': True, '30w_ma_rising': True, 'price_above_10w_ma': True, 'relative_strength_positive': True, 'near_52w_high': True}",leading,weakening,100.4,102.72,0.04,3.84,True,False,2026-07-16 ratio=100.36 momentum=98.88; 2026-07-17 ratio=99.85 momentum=98.53; 2026-07-20 ratio=100.26 momentum=100.79; 2026-07-21 ratio=100.27 momentum=101.71; 2026-07-22 ratio=100.40 momentum=102.72,179.3
stock,V-Marc India,VMARCIND.NS,Cables - Electricals,Capital Goods,4156.16,0.0,63.63,157.3,1105.46,97.52,41.53,41.38,,not_stage_2,0,288.6,813.24,-6.2,0.01203,"{'price_above_30w_ma': False, '30w_ma_rising': False, 'price_above_10w_ma': False, 'relative_strength_positive': False, 'near_52w_high': False}",improving,improving,98.7,103.47,0.22,-0.28,False,False,2026-07-15 ratio=98.47 momentum=103.75; 2026-07-16 ratio=98.53 momentum=103.76; 2026-07-17 ratio=98.57 momentum=103.77; 2026-07-20 ratio=98.64 momentum=103.88; 2026-07-21 ratio=98.70 momentum=103.47,17.35
stock,Paramount Comm.,PARACABLES.NS,Cables - Electricals,Capital Goods,2070.98,0.0,20.52,9.5,573.31,13.07,34.67,12.35,,not_stage_2,3,63.2,47.11,9.11,0.00263,"{'price_above_30w_ma': True, '30w_ma_rising': True, 'price_above_10w_ma': False, 'relative_strength_positive': False, 'near_52w_high': True}",lagging,weakening,99.51,97.2,-0.81,0.04,False,False,2026-07-16 ratio=100.32 momentum=97.16; 2026-07-17 ratio=99.75 momentum=95.95; 2026-07-20 ratio=99.79 momentum=95.82; 2026-07-21 ratio=99.98 momentum=97.49; 2026-07-22 ratio=99.51 momentum=97.20,78.22
stock,Dynamic Cables,DYCL.NS,Cables - Electricals,Capital Goods,1972.55,0.12,24.95,37.01,349.1,33.22,21.63,26.21,,stage_2,5,407.2,322.94,1.91,0.01697,"{'price_above_30w_ma': True, '30w_ma_rising': True, 'price_above_10w_ma': True, 'relative_strength_positive': True, 'near_52w_high': True}",leading,leading,101.88,102.11,0.39,0.08,False,False,2026-07-16 ratio=101.49 momentum=102.02; 2026-07-17 ratio=101.16 momentum=101.56; 2026-07-20 ratio=102.97 momentum=103.30; 2026-07-21 ratio=102.60 momentum=102.93; 2026-07-22 ratio=101.88 momentum=102.11,168.77
stock,Quadrant Future,QUADFUTURE.NS,Cables - Electricals,Capital Goods,1546.18,0.0,1.14,-27.85,56.56,-3.27,,-15.85,,stage_2,5,386.3,328.13,5.36,0.0161,"{'price_above_30w_ma': True, '30w_ma_rising': True, 'price_above_10w_ma': True, 'relative_strength_positive': True, 'near_52w_high': True}",weakening,weakening,100.21,97.09,-0.46,0.31,False,False,2026-07-16 ratio=100.68 momentum=96.78; 2026-07-17 ratio=100.51 momentum=95.39; 2026-07-20 ratio=100.56 momentum=95.85; 2026-07-21 ratio=100.34 momentum=96.15; 2026-07-22 ratio=100.21 momentum=97.09,136.77
stock,Godfrey Phillips,GODFRYPHLP.NS,Cigarettes & Tobacco Products,Fast Moving Consumer Goods,32323.39,1.53,521.46,77.36,1787.27,13.59,21.19,32.84,,not_stage_2,0,2072.4,2165.81,-4.07,0.08636,"{'price_above_30w_ma': False, '30w_ma_rising': False, 'price_above_10w_ma': False, 'relative_strength_positive': False, 'near_52w_high': False}",improving,lagging,98.48,101.59,-0.14,2.0,False,False,2026-07-16 ratio=98.62 momentum=99.59; 2026-07-17 ratio=98.38 momentum=99.18; 2026-07-20 ratio=98.72 momentum=102.49; 2026-07-21 ratio=98.79 momentum=102.45; 2026-07-22 ratio=98.48 momentum=101.59,7.95
stock,VST Industries,VSTIND.NS,Cigarettes & Tobacco Products,Fast Moving Consumer Goods,3952.61,5.17,116.69,120.17,457.06,30.87,13.57,28.13,,not_stage_2,1,232.2,243.33,-0.45,0.00968,"{'price_above_30w_ma': False, '30w_ma_rising': False, 'price_above_10w_ma': False, 'relative_strength_positive': False, 'near_52w_high': True}",lagging,lagging,97.74,97.31,0.89,-1.52,False,False,2026-07-16 ratio=96.85 momentum=98.83; 2026-07-17 ratio=96.72 momentum=98.05; 2026-07-20 ratio=97.01 momentum=98.32; 2026-07-21 ratio=97.58 momentum=98.50; 2026-07-22 ratio=97.74 momentum=97.31,20.0
stock,Elitecon Inter.,ELITECON.NS,Cigarettes & Tobacco Products,Fast Moving Consumer Goods,2660.29,0.3,103.57,676.39,1741.26,1750.04,8.3,,,insufficient_data,0,,,,,{},lagging,lagging,97.85,99.01,0.38,1.78,False,False,2026-07-16 ratio=97.47 momentum=97.24; 2026-07-17 ratio=97.67 momentum=97.43; 2026-07-20 ratio=97.82 momentum=98.15; 2026-07-21 ratio=97.90 momentum=99.86; 2026-07-22 ratio=97.85 momentum=99.01,0.0
stock,Shanthala FMCG,SHANTHALA.NS,Cigarettes & Tobacco Products,Fast Moving Consumer Goods,12.59,0.0,0.72,71.43,25.82,-0.12,9.92,5.98,,not_stage_2,2,23.45,27.8,-2.07,0.00098,"{'price_above_30w_ma': False, '30w_ma_rising': False, 'price_above_10w_ma': True, 'relative_strength_positive': True, 'near_52w_high': False}",lagging,lagging,99.51,99.51,0.51,-0.15,False,False,2026-07-15 ratio=99.00 momentum=99.65; 2026-07-16 ratio=99.04 momentum=99.91; 2026-07-17 ratio=99.34 momentum=98.82; 2026-07-20 ratio=99.44 momentum=99.45; 2026-07-21 ratio=99.51 momentum=99.51,40.0
stock,Marc Technocrats,MARC.NS,Consulting Services,Services,192.27,0.0,4.81,,37.53,,18.24,29.22,,insufficient_data,0,,,,,{},leading,weakening,103.21,102.15,3.15,3.01,True,False,2026-07-15 ratio=100.06 momentum=99.14; 2026-07-16 ratio=100.55 momentum=101.52; 2026-07-17 ratio=101.02 momentum=101.40; 2026-07-20 ratio=102.76 momentum=102.33; 2026-07-21 ratio=103.21 momentum=102.15,56.8
stock,Mitcon Consult.,MITCON.NS,Consulting Services,Services,128.13,0.0,5.64,179.29,45.23,18.62,15.84,8.83,,not_stage_2,3,73.56,69.47,1.21,0.00307,"{'price_above_30w_ma': True, '30w_ma_rising': True, 'price_above_10w_ma': False, 'relative_strength_positive': False, 'near_52w_high': True}",improving,lagging,98.59,100.62,-0.07,2.4,False,False,2026-07-16 ratio=98.67 momentum=98.22; 2026-07-17 ratio=98.46 momentum=100.79; 2026-07-20 ratio=98.14 momentum=100.02; 2026-07-21 ratio=98.91 momentum=101.08; 2026-07-22 ratio=98.59 momentum=100.62,65.52
stock,AAA Technologies,AAATECH.NS,Consulting Services,Services,116.26,1.66,-0.35,-135.0,3.38,-68.02,56.44,8.93,,not_stage_2,0,90.58,97.88,-0.48,0.00377,"{'price_above_30w_ma': False, '30w_ma_rising': False, 'price_above_10w_ma': False, 'relative_strength_positive': False, 'near_52w_high': False}",lagging,lagging,98.11,97.74,-0.86,0.66,False,False,2026-07-16 ratio=98.96 momentum=97.09; 2026-07-17 ratio=96.79 momentum=95.88; 2026-07-20 ratio=98.36 momentum=99.76; 2026-07-21 ratio=97.94 momentum=98.81; 2026-07-22 ratio=98.11 momentum=97.74,0.0
stock,Dhruv Consultanc,DHRUV.NS,Consulting Services,Services,48.9,0.78,-0.06,-103.02,8.32,-69.86,,-32.69,,not_stage_2,0,25.5,32.02,-8.61,0.00106,"{'price_above_30w_ma': False, '30w_ma_rising': False, 'price_above_10w_ma': False, 'relative_strength_positive': False, 'near_52w_high': False}",improving,lagging,98.63,101.52,0.05,1.7,False,True,2026-07-16 ratio=98.58 momentum=99.82; 2026-07-17 ratio=98.20 momentum=99.81; 2026-07-20 ratio=98.59 momentum=100.72; 2026-07-21 ratio=98.50 momentum=101.09; 2026-07-22 ratio=98.63 momentum=101.52,7.6
stock,Manglam Infra,MIEL.NS,Consulting Services,Services,21.38,0.0,1.6,1700.0,21.86,-21.42,6.81,9.52,,insufficient_data,0,,,,,{},insufficient_data,insufficient_data,,,,,False,False,,0.0
stock,Physicswallah,PWL.NS,E-Learning,Consumer Services,38248.45,0.0,-69.14,80.56,918.8,50.72,,4.02,,stage_2,5,131.91,111.67,0.29,0.0055,"{'price_above_30w_ma': True, '30w_ma_rising': True, 'price_above_10w_ma': True, 'relative_strength_positive': True, 'near_52w_high': True}",weakening,weakening,100.81,96.81,-0.37,-1.17,False,False,2026-07-16 ratio=101.18 momentum=97.98; 2026-07-17 ratio=101.08 momentum=98.84; 2026-07-20 ratio=100.87 momentum=98.35; 2026-07-21 ratio=100.91 momentum=96.89; 2026-07-22 ratio=100.81 momentum=96.81,129.63
stock,Veranda Learning,VERANDA.NS,E-Learning,Consumer Services,2246.57,0.0,15.69,103.09,132.39,51.6,96.39,12.83,,not_stage_2,3,232.93,200.93,3.29,0.00971,"{'price_above_30w_ma': True, '30w_ma_rising': True, 'price_above_10w_ma': False, 'relative_strength_positive': False, 'near_52w_high': True}",lagging,lagging,99.4,98.39,0.68,0.91,False,False,2026-07-16 ratio=98.72 momentum=97.49; 2026-07-17 ratio=98.26 momentum=97.46; 2026-07-20 ratio=98.26 momentum=97.05; 2026-07-21 ratio=99.79 momentum=98.56; 2026-07-22 ratio=99.40 momentum=98.39,66.58
stock,Jaro Institute,JARO.NS,E-Learning,Consumer Services,1060.31,1.05,21.33,17.26,72.79,-1.79,24.14,22.09,,not_stage_2,0,476.5,478.25,-1.11,0.01986,"{'price_above_30w_ma': False, '30w_ma_rising': False, 'price_above_10w_ma': False, 'relative_strength_positive': False, 'near_52w_high': False}",lagging,lagging,98.63,97.04,-0.8,0.05,False,False,2026-07-16 ratio=99.44 momentum=96.99; 2026-07-17 ratio=99.16 momentum=97.52; 2026-07-20 ratio=99.15 momentum=97.94; 2026-07-21 ratio=98.83 momentum=97.45; 2026-07-22 ratio=98.63 momentum=97.04,0.0
stock,Addictive Learn,ADDICTIVE.NS,E-Learning,Consumer Services,62.05,0.0,-4.65,-205.92,33.83,-12.74,,-0.11,,insufficient_data,0,,,,,{},insufficient_data,insufficient_data,,,,,False,False,,0.0
stock,G-Tec Janix,GTECJAINX.NS,E-Learning,Consumer Services,29.19,0.0,-0.66,7.04,1.57,-9.25,,-36.32,,stage_2,5,28.65,22.2,1.67,0.00119,"{'price_above_30w_ma': True, '30w_ma_rising': True, 'price_above_10w_ma': True, 'relative_strength_positive': True, 'near_52w_high': True}",leading,weakening,100.47,100.81,0.29,4.0,True,False,2026-07-16 ratio=100.17 momentum=96.82; 2026-07-17 ratio=100.18 momentum=96.82; 2026-07-20 ratio=100.27 momentum=98.06; 2026-07-21 ratio=100.35 momentum=99.73; 2026-07-22 ratio=100.47 momentum=100.81,164.74
stock,Usha Mart. Edu.,UMESLTD.NS,E-Learning,Consumer Services,14.37,0.0,0.2,69.23,0.32,166.67,35.05,5.23,,not_stage_2,3,5.62,5.46,1.71,0.00023,"{'price_above_30w_ma': True, '30w_ma_rising': True, 'price_above_10w_ma': False, 'relative_strength_positive': False, 'near_52w_high': True}",leading,lagging,100.19,100.25,0.26,6.33,True,False,2026-07-16 ratio=99.93 momentum=93.92; 2026-07-17 ratio=99.38 momentum=95.80; 2026-07-20 ratio=99.24 momentum=98.11; 2026-07-21 ratio=99.73 momentum=98.49; 2026-07-22 ratio=100.19 momentum=100.25,95.62
stock,Docmode Health,DHTL.NS,E-Learning,Consumer Services,11.79,0.0,-0.09,82.69,17.85,-12.59,,-0.29,,not_stage_2,0,37.5,48.3,-7.54,0.00156,"{'price_above_30w_ma': False, '30w_ma_rising': False, 'price_above_10w_ma': False, 'relative_strength_positive': False, 'near_52w_high': False}",improving,improving,98.92,105.07,-0.08,4.98,False,False,2026-07-15 ratio=99.00 momentum=100.09; 2026-07-16 ratio=98.84 momentum=101.00; 2026-07-17 ratio=98.80 momentum=102.00; 2026-07-20 ratio=98.87 momentum=103.69; 2026-07-21 ratio=98.92 momentum=105.07,25.35
stock,PVR Inox,PVRINOX.NS,"Film Production, Distribution & Exhibition","Media, Entertainment & Publication",9748.79,0.0,186.4,116.94,1547.3,25.81,41.18,6.96,,not_stage_2,3,992.65,992.79,-0.7,0.04137,"{'price_above_30w_ma': False, '30w_ma_rising': False, 'price_above_10w_ma': True, 'relative_strength_positive': True, 'near_52w_high': True}",leading,leading,100.06,102.25,-0.17,-0.34,False,False,2026-07-16 ratio=100.24 momentum=102.58; 2026-07-17 ratio=99.68 momentum=100.09; 2026-07-20 ratio=100.59 momentum=101.99; 2026-07-21 ratio=100.05 momentum=101.48; 2026-07-22 ratio=100.06 momentum=102.25,91.55
stock,Media Matrix,MMWL.NS,"Film Production, Distribution & Exhibition","Media, Entertainment & Publication",1577.53,0.0,2.08,805.0,300.67,10.63,269.66,9.78,,insufficient_data,0,,,,,{},leading,leading,102.23,102.79,1.82,1.48,False,False,2026-07-17 ratio=100.41 momentum=101.31; 2026-07-20 ratio=100.91 momentum=102.29; 2026-07-21 ratio=100.63 momentum=101.79; 2026-07-22 ratio=102.23 momentum=102.79,45.1
stock,Connplex Cinemas,CONNPLEX.NS,"Film Production, Distribution & Exhibition","Media, Entertainment & Publication",390.02,0.0,13.03,38.91,83.46,51.97,14.95,43.57,,insufficient_data,0,,,,,{},insufficient_data,insufficient_data,,,,,False,False,,0.0
stock,Cineline India,CINELINE.NS,"Film Production, Distribution & Exhibition","Media, Entertainment & Publication",267.9,0.0,3.32,-75.24,62.23,13.12,22.36,10.86,,not_stage_2,1,78.19,83.1,-1.43,0.00326,"{'price_above_30w_ma': False, '30w_ma_rising': False, 'price_above_10w_ma': False, 'relative_strength_positive': False, 'near_52w_high': True}",lagging,lagging,99.2,99.51,1.14,2.05,False,False,2026-07-16 ratio=98.07 momentum=97.46; 2026-07-17 ratio=98.11 momentum=98.71; 2026-07-20 ratio=98.65 momentum=98.46; 2026-07-21 ratio=98.76 momentum=98.38; 2026-07-22 ratio=99.20 momentum=99.51,20.0
stock,UFO Moviez,UFO.NS,"Film Production, Distribution & Exhibition","Media, Entertainment & Publication",260.47,0.0,4.48,730.99,133.22,43.19,10.46,12.18,,not_stage_2,1,67.1,71.77,-2.11,0.0028,"{'price_above_30w_ma': False, '30w_ma_rising': False, 'price_above_10w_ma': False, 'relative_strength_positive': False, 'near_52w_high': True}",improving,lagging,98.12,100.32,0.21,4.6,False,True,2026-07-16 ratio=97.91 momentum=95.72; 2026-07-17 ratio=97.41 momentum=95.19; 2026-07-20 ratio=97.79 momentum=98.18; 2026-07-21 ratio=98.11 momentum=99.44; 2026-07-22 ratio=98.12 momentum=100.32,21.6
stock,Tips Films,TIPSFILMS.NS,"Film Production, Distribution & Exhibition","Media, Entertainment & Publication",135.55,0.0,-3.47,89.39,2.36,-96.09,,-6.69,,not_stage_2,0,312.6,359.11,-3.31,0.01303,"{'price_above_30w_ma': False, '30w_ma_rising': False, 'price_above_10w_ma': False, 'relative_strength_positive': False, 'near_52w_high': False}",improving,improving,98.34,100.2,-0.31,-2.5,False,False,2026-07-16 ratio=98.65 momentum=102.71; 2026-07-17 ratio=98.69 momentum=103.75; 2026-07-20 ratio=98.63 momentum=103.00; 2026-07-21 ratio=98.59 momentum=104.54; 2026-07-22 ratio=98.34 momentum=100.20,1.0
stock,Mukta Arts,MUKTAARTS.NS,"Film Production, Distribution & Exhibition","Media, Entertainment & Publication",132.95,0.0,-0.7,124.32,45.39,19.1,,11.17,,not_stage_2,1,56.39,56.03,-1.8,0.00235,"{'price_above_30w_ma': True, '30w_ma_rising': False, 'price_above_10w_ma': False, 'relative_strength_positive': False, 'near_52w_high': False}",improving,lagging,99.48,101.64,1.15,5.25,False,True,2026-07-16 ratio=98.33 momentum=96.39; 2026-07-17 ratio=98.21 momentum=95.86; 2026-07-20 ratio=98.77 momentum=99.62; 2026-07-21 ratio=99.29 momentum=102.67; 2026-07-22 ratio=99.48 momentum=101.64,28.2
stock,Vels Film,VELS.NS,"Film Production, Distribution & Exhibition","Media, Entertainment & Publication",94.23,0.0,-20.14,-12.07,31.38,486.54,,-12.43,,stage_2,5,73.0,62.36,2.71,0.00304,"{'price_above_30w_ma': True, '30w_ma_rising': True, 'price_above_10w_ma': True, 'relative_strength_positive': True, 'near_52w_high': True}",leading,leading,102.31,102.37,-1.12,-0.13,False,False,2026-07-15 ratio=103.44 momentum=102.50; 2026-07-16 ratio=103.06 momentum=102.14; 2026-07-17 ratio=102.22 momentum=101.69; 2026-07-20 ratio=102.34 momentum=102.22; 2026-07-21 ratio=102.31 momentum=102.37,173.82
stock,Baweja Studios L,BAWEJA.NS,"Film Production, Distribution & Exhibition","Media, Entertainment & Publication",55.65,0.0,4.57,-13.28,33.44,-22.93,9.15,7.94,,not_stage_2,0,28.9,31.05,-4.63,0.0012,"{'price_above_30w_ma': False, '30w_ma_rising': False, 'price_above_10w_ma': False, 'relative_strength_positive': False, 'near_52w_high': False}",improving,improving,99.26,102.14,0.13,0.74,False,True,2026-07-15 ratio=99.12 momentum=101.40; 2026-07-16 ratio=99.12 momentum=103.57; 2026-07-17 ratio=98.94 momentum=100.40; 2026-07-20 ratio=99.22 momentum=103.60; 2026-07-21 ratio=99.26 momentum=102.14,10.7
stock,Prit Nandy Comm.,PNC.NS,"Film Production, Distribution & Exhibition","Media, Entertainment & Publication",28.1,0.0,-2.06,-379.07,2.49,-68.04,5.65,-0.13,,not_stage_2,0,19.71,21.98,-3.88,0.00082,"{'price_above_30w_ma': False, '30w_ma_rising': False, 'price_above_10w_ma': False, 'relative_strength_positive': False, 'near_52w_high': False}",lagging,lagging,99.39,99.44,-0.29,4.01,False,False,2026-07-16 ratio=99.68 momentum=95.44; 2026-07-17 ratio=98.91 momentum=94.61; 2026-07-20 ratio=98.84 momentum=97.06; 2026-07-21 ratio=99.64 momentum=99.89; 2026-07-22 ratio=99.39 momentum=99.44,0.0
stock,Metro Brands,METROBRAND.NS,Footwear,Consumer Durables,28914.07,0.52,117.73,23.07,772.98,20.26,70.32,20.18,,not_stage_2,4,1061.8,1031.38,-1.01,0.04425,"{'price_above_30w_ma': True, '30w_ma_rising': False, 'price_above_10w_ma': True, 'relative_strength_positive': True, 'near_52w_high': True}",leading,improving,100.75,100.13,1.38,-0.53,False,False,2026-07-16 ratio=99.37 momentum=100.66; 2026-07-17 ratio=100.60 momentum=101.92; 2026-07-20 ratio=100.65 momentum=102.65; 2026-07-21 ratio=100.95 momentum=101.62; 2026-07-22 ratio=100.75 momentum=100.13,104.4
stock,Relaxo Footwear,RELAXO.NS,Footwear,Consumer Durables,9946.48,0.75,67.67,20.37,751.1,8.05,55.48,11.07,,stage_2,5,401.5,343.14,0.18,0.01673,"{'price_above_30w_ma': True, '30w_ma_rising': True, 'price_above_10w_ma': True, 'relative_strength_positive': True, 'near_52w_high': True}",weakening,weakening,101.09,99.6,0.62,4.17,False,False,2026-07-16 ratio=100.47 momentum=95.42; 2026-07-17 ratio=102.08 momentum=101.13; 2026-07-20 ratio=101.94 momentum=100.82; 2026-07-21 ratio=101.28 momentum=99.94; 2026-07-22 ratio=101.09 momentum=99.60,130.81
stock,Bata India,BATAINDIA.NS,Footwear,Consumer Durables,8924.95,1.3,2.21,-58.62,827.63,5.0,53.0,12.74,,not_stage_2,1,694.4,748.74,-4.48,0.02894,"{'price_above_30w_ma': False, '30w_ma_rising': False, 'price_above_10w_ma': True, 'relative_strength_positive': False, 'near_52w_high': False}",improving,lagging,100.0,103.37,0.89,4.53,False,True,2026-07-16 ratio=99.10 momentum=98.84; 2026-07-17 ratio=99.44 momentum=100.53; 2026-07-20 ratio=99.91 momentum=102.93; 2026-07-21 ratio=99.93 momentum=103.02; 2026-07-22 ratio=100.00 momentum=103.37,36.85
stock,Redtape,REDTAPE.NS,Footwear,Consumer Durables,7188.11,1.54,69.88,69.53,675.51,33.51,29.88,24.11,,not_stage_2,3,129.99,126.52,1.13,0.00542,"{'price_above_30w_ma': True, '30w_ma_rising': True, 'price_above_10w_ma': False, 'relative_strength_positive': False, 'near_52w_high': True}",lagging,lagging,98.57,97.5,-0.57,0.69,False,False,2026-07-16 ratio=99.15 momentum=96.81; 2026-07-17 ratio=99.11 momentum=95.70; 2026-07-20 ratio=98.83 momentum=96.75; 2026-07-21 ratio=98.88 momentum=97.66; 2026-07-22 ratio=98.57 momentum=97.50,62.26
stock,Campus Activewe.,CAMPUS.NS,Footwear,Consumer Durables,6771.38,0.68,44.14,26.01,455.63,12.3,45.12,21.25,,not_stage_2,1,221.34,244.65,-1.86,0.00922,"{'price_above_30w_ma': False, '30w_ma_rising': False, 'price_above_10w_ma': False, 'relative_strength_positive': False, 'near_52w_high': True}",lagging,lagging,98.33,98.88,-0.18,-1.09,False,False,2026-07-16 ratio=98.52 momentum=99.97; 2026-07-17 ratio=99.26 momentum=102.37; 2026-07-20 ratio=98.32 momentum=100.28; 2026-07-21 ratio=98.26 momentum=100.29; 2026-07-22 ratio=98.33 momentum=98.88,20.0
stock,Sreeleathers,SREEL.NS,Footwear,Consumer Durables,528.2,0.44,9.67,82.8,62.69,17.95,18.35,8.0,,not_stage_2,4,225.65,200.16,-0.35,0.0094,"{'price_above_30w_ma': True, '30w_ma_rising': False, 'price_above_10w_ma': True, 'relative_strength_positive': True, 'near_52w_high': True}",leading,weakening,102.2,102.24,1.32,3.44,True,False,2026-07-16 ratio=100.88 momentum=98.79; 2026-07-17 ratio=100.80 momentum=94.81; 2026-07-20 ratio=100.88 momentum=98.98; 2026-07-21 ratio=102.62 momentum=103.11; 2026-07-22 ratio=102.20 momentum=102.24,132.2
stock,Liberty Shoes,LIBERTSHOE.NS,Footwear,Consumer Durables,446.37,0.0,5.3,-10.69,212.05,13.0,40.29,7.91,,not_stage_2,3,262.2,253.35,-0.62,0.01093,"{'price_above_30w_ma': True, '30w_ma_rising': False, 'price_above_10w_ma': True, 'relative_strength_positive': True, 'near_52w_high': False}",weakening,weakening,100.73,97.67,0.56,-0.79,False,False,2026-07-16 ratio=100.17 momentum=98.46; 2026-07-17 ratio=101.77 momentum=102.19; 2026-07-20 ratio=101.23 momentum=99.30; 2026-07-21 ratio=100.92 momentum=98.88; 2026-07-22 ratio=100.73 momentum=97.67,63.65
stock,Brandman Retail,BRANDMAN.NS,Footwear,Consumer Durables,339.61,0.0,5.64,37.9,67.1,137.69,13.42,36.81,,insufficient_data,0,,,,,{},insufficient_data,insufficient_data,,,,,False,False,,0.0
stock,Khadim India,KHADIM.NS,Footwear,Consumer Durables,173.83,0.0,0.77,-86.1,83.56,-10.92,41.59,6.87,,not_stage_2,0,94.64,118.67,-7.09,0.00394,"{'price_above_30w_ma': False, '30w_ma_rising': False, 'price_above_10w_ma': False, 'relative_strength_positive': False, 'near_52w_high': False}",lagging,lagging,97.94,96.85,0.57,0.3,False,False,2026-07-16 ratio=97.38 momentum=96.55; 2026-07-17 ratio=98.28 momentum=97.39; 2026-07-20 ratio=98.20 momentum=98.09; 2026-07-21 ratio=98.16 momentum=98.05; 2026-07-22 ratio=97.94 momentum=96.85,0.0
stock,ICICI Lombard,ICICIGI.NS,General Insurance,Financial Services,79023.92,0.85,403.17,-46.03,7088.22,10.83,32.55,21.88,,not_stage_2,1,1583.5,1810.75,-1.85,0.06599,"{'price_above_30w_ma': False, '30w_ma_rising': False, 'price_above_10w_ma': False, 'relative_strength_positive': False, 'near_52w_high': True}",lagging,lagging,97.18,98.07,1.22,0.21,False,False,2026-07-16 ratio=95.96 momentum=97.85; 2026-07-17 ratio=96.16 momentum=98.30; 2026-07-20 ratio=96.88 momentum=98.84; 2026-07-21 ratio=97.27 momentum=98.92; 2026-07-22 ratio=97.18 momentum=98.07,20.0
stock,General Insuranc,GICRE.NS,General Insurance,Financial Services,63386.5,2.77,2532.59,1.35,13018.27,-1.44,6.56,17.35,,not_stage_2,1,361.45,377.1,-0.45,0.01506,"{'price_above_30w_ma': False, '30w_ma_rising': False, 'price_above_10w_ma': False, 'relative_strength_positive': False, 'near_52w_high': True}",improving,improving,99.12,104.3,0.05,1.56,False,True,2026-07-16 ratio=99.07 momentum=102.74; 2026-07-17 ratio=98.72 momentum=101.76; 2026-07-20 ratio=98.75 momentum=102.83; 2026-07-21 ratio=98.93 momentum=103.23; 2026-07-22 ratio=99.12 momentum=104.30,41.5
stock,Star Health Insu,STARHEALTH.NS,General Insurance,Financial Services,34169.35,0.0,111.34,21731.37,4648.07,13.89,61.35,8.57,,stage_2,5,579.95,500.85,3.55,0.02417,"{'price_above_30w_ma': True, '30w_ma_rising': True, 'price_above_10w_ma': True, 'relative_strength_positive': True, 'near_52w_high': True}",weakening,weakening,100.82,98.16,-0.84,-0.83,False,False,2026-07-16 ratio=101.66 momentum=98.99; 2026-07-17 ratio=100.76 momentum=98.15; 2026-07-20 ratio=100.74 momentum=98.78; 2026-07-21 ratio=101.00 momentum=98.79; 2026-07-22 ratio=100.82 momentum=98.16,136.2
stock,New India Assura,NIACL.NS,General Insurance,Financial Services,28864.69,0.86,579.84,61.19,12543.82,7.54,20.38,4.29,,stage_2,5,175.14,156.87,1.7,0.0073,"{'price_above_30w_ma': True, '30w_ma_rising': True, 'price_above_10w_ma': True, 'relative_strength_positive': True, 'near_52w_high': True}",weakening,weakening,100.25,97.94,-0.25,1.94,False,False,2026-07-16 ratio=100.50 momentum=96.00; 2026-07-17 ratio=100.10 momentum=96.29; 2026-07-20 ratio=100.28 momentum=97.29; 2026-07-21 ratio=100.39 momentum=97.85; 2026-07-22 ratio=100.25 momentum=97.94,129.65
stock,Go Digit General,GODIGIT.NS,General Insurance,Financial Services,26143.34,0.0,149.42,29.24,2710.87,4.49,48.01,13.1,,not_stage_2,1,283.0,317.82,-1.94,0.01179,"{'price_above_30w_ma': False, '30w_ma_rising': False, 'price_above_10w_ma': False, 'relative_strength_positive': False, 'near_52w_high': True}",lagging,lagging,97.76,98.9,1.14,2.51,False,False,2026-07-16 ratio=96.63 momentum=96.39; 2026-07-17 ratio=96.41 momentum=96.97; 2026-07-20 ratio=96.86 momentum=97.96; 2026-07-21 ratio=97.57 momentum=98.57; 2026-07-22 ratio=97.76 momentum=98.90,20.0
stock,Niva Bupa Health,NIVABUPA.NS,General Insurance,Financial Services,15685.12,0.0,345.13,67.47,2138.56,28.0,119.94,3.45,,not_stage_2,3,84.79,79.1,1.9,0.00353,"{'price_above_30w_ma': True, '30w_ma_rising': True, 'price_above_10w_ma': False, 'relative_strength_positive': False, 'near_52w_high': True}",lagging,leading,99.79,98.54,-1.02,-1.59,False,False,2026-07-16 ratio=100.81 momentum=100.13; 2026-07-17 ratio=99.99 momentum=98.22; 2026-07-20 ratio=100.13 momentum=99.74; 2026-07-21 ratio=100.17 momentum=99.27; 2026-07-22 ratio=99.79 momentum=98.54,63.8
stock,LG Electronics,LGEINDIA.NS,Household Appliances,Consumer Durables,103884.53,0.0,692.73,-8.19,8053.55,8.12,61.65,32.23,,not_stage_2,2,1529.4,1520.87,-0.1,0.06373,"{'price_above_30w_ma': True, '30w_ma_rising': False, 'price_above_10w_ma': False, 'relative_strength_positive': False, 'near_52w_high': True}",lagging,leading,98.85,98.51,-1.85,-3.13,False,False,2026-07-16 ratio=100.70 momentum=101.65; 2026-07-17 ratio=100.12 momentum=102.14; 2026-07-20 ratio=100.12 momentum=102.03; 2026-07-21 ratio=99.73 momentum=100.43; 2026-07-22 ratio=98.85 momentum=98.51,40.0
stock,Voltas,VOLTAS.NS,Household Appliances,Consumer Durables,43287.68,0.31,113.43,-51.8,4887.83,2.52,110.19,9.04,,not_stage_2,3,1308.0,1365.39,-0.59,0.05451,"{'price_above_30w_ma': False, '30w_ma_rising': False, 'price_above_10w_ma': True, 'relative_strength_positive': True, 'near_52w_high': True}",leading,leading,100.06,101.16,-1.83,-1.07,False,False,2026-07-16 ratio=101.88 momentum=102.22; 2026-07-17 ratio=100.55 momentum=101.34; 2026-07-20 ratio=101.17 momentum=101.96; 2026-07-21 ratio=101.27 momentum=102.07; 2026-07-22 ratio=100.06 momentum=101.16,86.1
stock,Blue Star,BLUESTARCO.NS,Household Appliances,Consumer Durables,34147.45,0.51,227.18,10.41,4072.06,1.32,61.1,21.24,,not_stage_2,3,1660.7,1741.21,-0.92,0.06921,"{'price_above_30w_ma': False, '30w_ma_rising': False, 'price_above_10w_ma': True, 'relative_strength_positive': True, 'near_52w_high': True}",leading,leading,100.25,101.74,-1.49,-0.54,False,False,2026-07-16 ratio=101.74 momentum=102.28; 2026-07-17 ratio=100.30 momentum=101.45; 2026-07-20 ratio=101.09 momentum=102.20; 2026-07-21 ratio=100.90 momentum=102.16; 2026-07-22 ratio=100.25 momentum=101.74,89.95
stock,Amber Enterp.,AMBER.NS,Household Appliances,Consumer Durables,26376.93,0.0,161.96,-19.47,4147.52,10.49,133.21,10.25,,not_stage_2,3,7479.0,7289.57,1.88,0.31167,"{'price_above_30w_ma': True, '30w_ma_rising': True, 'price_above_10w_ma': False, 'relative_strength_positive': False, 'near_52w_high': True}",improving,leading,99.22,100.45,-1.26,-3.17,False,False,2026-07-16 ratio=100.48 momentum=103.62; 2026-07-17 ratio=99.77 momentum=102.10; 2026-07-20 ratio=100.05 momentum=102.39; 2026-07-21 ratio=99.46 momentum=100.85; 2026-07-22 ratio=99.22 momentum=100.45,66.01
stock,Crompton Gr. Con,CROMPTON.NS,Household Appliances,Consumer Durables,16461.72,1.17,-536.81,-31.74,2083.3,10.9,47.0,18.98,,not_stage_2,2,255.7,258.49,0.23,0.01066,"{'price_above_30w_ma': False, '30w_ma_rising': True, 'price_above_10w_ma': False, 'relative_strength_positive': False, 'near_52w_high': True}",improving,lagging,98.63,101.16,-0.02,4.48,False,False,2026-07-16 ratio=98.65 momentum=96.68; 2026-07-17 ratio=98.25 momentum=96.07; 2026-07-20 ratio=98.79 momentum=97.81; 2026-07-21 ratio=98.62 momentum=98.49; 2026-07-22 ratio=98.63 momentum=101.16,46.26
stock,V-Guard Industri,VGUARD.NS,Household Appliances,Consumer Durables,12898.92,0.51,112.13,23.04,1755.27,14.12,40.1,18.38,,not_stage_2,1,294.9,316.77,-1.33,0.01229,"{'price_above_30w_ma': False, '30w_ma_rising': False, 'price_above_10w_ma': False, 'relative_strength_positive': False, 'near_52w_high': True}",lagging,lagging,98.34,97.48,-0.48,-0.79,False,False,2026-07-16 ratio=98.82 momentum=98.27; 2026-07-17 ratio=98.42 momentum=99.90; 2026-07-20 ratio=98.67 momentum=100.43; 2026-07-21 ratio=98.77 momentum=100.80; 2026-07-22 ratio=98.34 momentum=97.48,20.0
stock,Whirlpool India,WHIRLPOOL.NS,Household Appliances,Consumer Durables,9608.64,0.66,80.5,-29.67,2180.77,8.78,30.58,11.07,,not_stage_2,0,757.4,845.43,-2.23,0.03156,"{'price_above_30w_ma': False, '30w_ma_rising': False, 'price_above_10w_ma': False, 'relative_strength_positive': False, 'near_52w_high': False}",lagging,lagging,98.37,97.61,-0.47,0.67,False,False,2026-07-16 ratio=98.83 momentum=96.93; 2026-07-17 ratio=98.55 momentum=96.64; 2026-07-20 ratio=98.62 momentum=98.39; 2026-07-21 ratio=98.53 momentum=97.75; 2026-07-22 ratio=98.37 momentum=97.61,0.0
stock,TTK Prestige,TTKPRESTIG.NS,Household Appliances,Consumer Durables,8998.69,1.14,36.08,212.18,729.17,12.26,52.01,12.1,,stage_2,5,657.1,547.69,0.37,0.02738,"{'price_above_30w_ma': True, '30w_ma_rising': True, 'price_above_10w_ma': True, 'relative_strength_positive': True, 'near_52w_high': True}",weakening,weakening,101.61,99.28,-0.79,3.12,False,False,2026-07-16 ratio=102.40 momentum=96.17; 2026-07-17 ratio=102.00 momentum=98.56; 2026-07-20 ratio=101.80 momentum=98.70; 2026-07-21 ratio=101.56 momentum=97.74; 2026-07-22 ratio=101.61 momentum=99.28,133.79
stock,Eureka Forbes,EUREKAFORB.NS,Household Appliances,Consumer Durables,8660.29,0.0,51.09,3.84,683.83,11.64,45.58,5.86,,not_stage_2,0,447.7,489.01,-4.71,0.01866,"{'price_above_30w_ma': False, '30w_ma_rising': False, 'price_above_10w_ma': False, 'relative_strength_positive': False, 'near_52w_high': False}",improving,lagging,99.12,101.24,-0.74,1.42,False,False,2026-07-16 ratio=99.86 momentum=99.82; 2026-07-17 ratio=99.27 momentum=98.83; 2026-07-20 ratio=99.53 momentum=100.81; 2026-07-21 ratio=99.68 momentum=101.91; 2026-07-22 ratio=99.12 momentum=101.24,6.2
stock,IFB Industries,IFBIND.NS,Household Appliances,Consumer Durables,5352.19,0.0,42.67,128.46,1498.2,12.33,37.05,19.51,,not_stage_2,3,1320.0,1200.09,-2.83,0.05501,"{'price_above_30w_ma': True, '30w_ma_rising': False, 'price_above_10w_ma': True, 'relative_strength_positive': True, 'near_52w_high': False}",leading,leading,100.73,100.43,-0.54,-0.25,False,False,2026-07-16 ratio=101.27 momentum=100.68; 2026-07-17 ratio=100.70 momentum=100.08; 2026-07-20 ratio=100.92 momentum=100.83; 2026-07-21 ratio=101.03 momentum=101.90; 2026-07-22 ratio=100.73 momentum=100.43,85.8
stock,Adani Total Gas,ATGL.NS,LPG/CNG/PNG/LNG Supplier,"Oil, Gas & Consumable Fuels",75075.61,0.04,133.03,-17.97,1743.48,27.1,123.53,15.09,,not_stage_2,3,681.6,613.4,2.84,0.0284,"{'price_above_30w_ma': True, '30w_ma_rising': True, 'price_above_10w_ma': False, 'relative_strength_positive': False, 'near_52w_high': True}",lagging,weakening,99.41,97.55,-0.61,2.53,False,False,2026-07-16 ratio=100.02 momentum=95.01; 2026-07-17 ratio=99.83 momentum=96.49; 2026-07-20 ratio=99.98 momentum=97.81; 2026-07-21 ratio=99.72 momentum=98.18; 2026-07-22 ratio=99.41 momentum=97.55,65.68
stock,Petronet LNG,PETRONET.NS,LPG/CNG/PNG/LNG Supplier,"Oil, Gas & Consumable Fuels",41939.92,3.58,1370.74,25.19,9442.09,-23.33,10.72,22.74,,not_stage_2,4,279.65,279.7,0.11,0.01165,"{'price_above_30w_ma': False, '30w_ma_rising': True, 'price_above_10w_ma': True, 'relative_strength_positive': True, 'near_52w_high': True}",leading,improving,100.33,102.92,0.91,1.91,True,False,2026-07-16 ratio=99.43 momentum=101.01; 2026-07-17 ratio=98.58 momentum=99.17; 2026-07-20 ratio=99.02 momentum=101.11; 2026-07-21 ratio=99.42 momentum=100.13; 2026-07-22 ratio=100.33 momentum=102.92,126.47
stock,Gujarat Energy,GUJENERGY.NS,LPG/CNG/PNG/LNG Supplier,"Oil, Gas & Consumable Fuels",24774.86,2.2,151.8,-27.01,5791.85,41.2,13.91,18.49,,not_stage_2,0,264.9,371.97,-3.94,0.01104,"{'price_above_30w_ma': False, '30w_ma_rising': False, 'price_above_10w_ma': False, 'relative_strength_positive': False, 'near_52w_high': False}",improving,improving,98.24,103.86,-0.07,0.12,False,False,2026-07-16 ratio=98.32 momentum=103.74; 2026-07-17 ratio=98.17 momentum=103.23; 2026-07-20 ratio=98.11 momentum=103.10; 2026-07-21 ratio=98.14 momentum=104.48; 2026-07-22 ratio=98.24 momentum=103.86,19.3
stock,Indraprastha Gas,IGL.NS,LPG/CNG/PNG/LNG Supplier,"Oil, Gas & Consumable Fuels",21209.78,2.81,338.75,-25.18,4162.69,5.45,13.69,17.9,,not_stage_2,0,151.38,164.5,-3.02,0.00631,"{'price_above_30w_ma': False, '30w_ma_rising': False, 'price_above_10w_ma': False, 'relative_strength_positive': False, 'near_52w_high': False}",improving,improving,98.7,103.63,-0.08,1.5,False,False,2026-07-16 ratio=98.78 momentum=102.12; 2026-07-17 ratio=98.49 momentum=102.25; 2026-07-20 ratio=98.84 momentum=104.28; 2026-07-21 ratio=98.80 momentum=104.37; 2026-07-22 ratio=98.70 momentum=103.63,18.15
stock,Mahanagar Gas,MGL.NS,LPG/CNG/PNG/LNG Supplier,"Oil, Gas & Consumable Fuels",10680.84,2.77,131.92,-45.56,2051.22,4.52,12.61,18.28,,not_stage_2,1,1081.9,1094.44,-0.44,0.04509,"{'price_above_30w_ma': False, '30w_ma_rising': False, 'price_above_10w_ma': False, 'relative_strength_positive': False, 'near_52w_high': True}",lagging,lagging,99.11,99.45,-0.5,2.2,False,False,2026-07-16 ratio=99.61 momentum=97.25; 2026-07-17 ratio=99.07 momentum=97.57; 2026-07-20 ratio=98.99 momentum=98.50; 2026-07-21 ratio=98.87 momentum=97.70; 2026-07-22 ratio=99.11 momentum=99.45,20.0
stock,Confidence Petro,CONFIPET.NS,LPG/CNG/PNG/LNG Supplier,"Oil, Gas & Consumable Fuels",2484.16,0.13,34.39,37.5,1215.69,31.45,26.74,9.23,,stage_2,5,74.76,51.31,11.36,0.00312,"{'price_above_30w_ma': True, '30w_ma_rising': True, 'price_above_10w_ma': True, 'relative_strength_positive': True, 'near_52w_high': True}",leading,weakening,100.73,102.09,-0.17,4.1,False,False,2026-07-16 ratio=100.90 momentum=97.99; 2026-07-17 ratio=100.41 momentum=97.98; 2026-07-20 ratio=100.96 momentum=101.11; 2026-07-21 ratio=100.81 momentum=102.10; 2026-07-22 ratio=100.73 momentum=102.09,181.82
stock,IRM Energy,IRMENERGY.NS,LPG/CNG/PNG/LNG Supplier,"Oil, Gas & Consumable Fuels",1053.38,0.58,12.76,190.66,279.67,4.41,19.8,8.63,,not_stage_2,1,256.55,252.8,-1.03,0.01069,"{'price_above_30w_ma': True, '30w_ma_rising': False, 'price_above_10w_ma': False, 'relative_strength_positive': False, 'near_52w_high': False}",lagging,lagging,98.71,98.22,-0.42,3.54,False,False,2026-07-16 ratio=99.14 momentum=94.68; 2026-07-17 ratio=98.85 momentum=95.87; 2026-07-20 ratio=98.85 momentum=97.83; 2026-07-21 ratio=98.90 momentum=99.20; 2026-07-22 ratio=98.71 momentum=98.22,20.0
stock,Life Insurance,LICI.NS,Life Insurance,Financial Services,535723.65,2.36,23467.18,23.26,276743.77,13.82,9.32,35.14,,stage_2,5,423.3,412.8,0.08,0.01764,"{'price_above_30w_ma': True, '30w_ma_rising': True, 'price_above_10w_ma': True, 'relative_strength_positive': True, 'near_52w_high': True}",weakening,leading,100.19,98.15,-1.14,-1.96,False,False,2026-07-16 ratio=101.33 momentum=100.11; 2026-07-17 ratio=100.57 momentum=99.00; 2026-07-20 ratio=100.66 momentum=100.09; 2026-07-21 ratio=100.45 momentum=98.54; 2026-07-22 ratio=100.19 momentum=98.15,126.11
stock,SBI Life Insuran,SBILIFE.NS,Life Insurance,Financial Services,181310.02,0.15,804.64,-1.09,4071.03,-82.35,73.4,14.95,,not_stage_2,2,1806.7,1898.77,-1.4,0.07529,"{'price_above_30w_ma': False, '30w_ma_rising': False, 'price_above_10w_ma': True, 'relative_strength_positive': False, 'near_52w_high': True}",improving,improving,99.65,100.54,-0.12,-0.95,False,False,2026-07-16 ratio=99.77 momentum=101.49; 2026-07-17 ratio=99.53 momentum=101.29; 2026-07-20 ratio=99.59 momentum=102.43; 2026-07-21 ratio=99.76 momentum=100.52; 2026-07-22 ratio=99.65 momentum=100.54,42.7
stock,HDFC Life Insur.,HDFCLIFE.NS,Life Insurance,Financial Services,120181.02,0.38,611.19,11.46,33758.51,14.58,60.85,10.3,,not_stage_2,0,553.1,633.88,-4.08,0.02305,"{'price_above_30w_ma': False, '30w_ma_rising': False, 'price_above_10w_ma': False, 'relative_strength_positive': False, 'near_52w_high': False}",improving,improving,98.59,101.32,-0.34,-0.33,False,False,2026-07-16 ratio=98.93 momentum=101.66; 2026-07-17 ratio=98.55 momentum=101.31; 2026-07-20 ratio=98.74 momentum=103.07; 2026-07-21 ratio=98.69 momentum=101.04; 2026-07-22 ratio=98.59 momentum=101.32,6.6
stock,ICICI Pru Life,ICICIPRULI.NS,Life Insurance,Financial Services,72576.28,0.33,623.91,61.94,3185.46,-79.69,45.14,10.14,,not_stage_2,2,499.5,563.36,-3.33,0.02082,"{'price_above_30w_ma': False, '30w_ma_rising': False, 'price_above_10w_ma': True, 'relative_strength_positive': True, 'near_52w_high': False}",improving,improving,99.78,102.38,-0.15,1.1,False,False,2026-07-16 ratio=99.93 momentum=101.28; 2026-07-17 ratio=99.28 momentum=101.08; 2026-07-20 ratio=99.44 momentum=101.65; 2026-07-21 ratio=99.60 momentum=101.88; 2026-07-22 ratio=99.78 momentum=102.38,51.9
stock,Max Financial,MFSL.NS,Life Insurance,Financial Services,52627.74,0.0,-31.52,-184.35,10801.94,-12.72,633.47,2.95,,not_stage_2,1,1523.3,1644.04,-0.96,0.06348,"{'price_above_30w_ma': False, '30w_ma_rising': False, 'price_above_10w_ma': False, 'relative_strength_positive': False, 'near_52w_high': True}",lagging,lagging,97.95,99.52,-0.51,0.82,False,False,2026-07-16 ratio=98.46 momentum=98.70; 2026-07-17 ratio=97.38 momentum=98.36; 2026-07-20 ratio=97.79 momentum=99.75; 2026-07-21 ratio=97.91 momentum=98.99; 2026-07-22 ratio=97.95 momentum=99.52,20.0
stock,Canara HSBC,CANHLIFE.NS,Life Insurance,Financial Services,14381.18,0.0,28.14,20.15,4350.86,19.81,109.5,8.35,,stage_2,5,151.42,143.66,1.51,0.00631,"{'price_above_30w_ma': True, '30w_ma_rising': True, 'price_above_10w_ma': True, 'relative_strength_positive': True, 'near_52w_high': True}",leading,leading,102.27,101.34,-1.28,-1.0,False,False,2026-07-16 ratio=103.55 momentum=102.33; 2026-07-17 ratio=101.83 momentum=101.28; 2026-07-20 ratio=101.89 momentum=102.09; 2026-07-21 ratio=102.94 momentum=102.59; 2026-07-22 ratio=102.27 momentum=101.34,166.07
stock,Container Corpn.,CONCOR.NS,Logistics Solution Provider,Services,36641.93,1.91,263.5,-12.39,2263.3,-1.07,29.51,12.41,,not_stage_2,3,481.4,486.51,-0.8,0.02006,"{'price_above_30w_ma': False, '30w_ma_rising': False, 'price_above_10w_ma': True, 'relative_strength_positive': True, 'near_52w_high': True}",leading,leading,100.02,102.34,-0.17,0.87,False,False,2026-07-16 ratio=100.19 momentum=101.47; 2026-07-17 ratio=99.87 momentum=100.33; 2026-07-20 ratio=100.47 momentum=101.72; 2026-07-21 ratio=100.25 momentum=101.80; 2026-07-22 ratio=100.02 momentum=102.34,91.8
stock,Delhivery,DELHIVERY.NS,Logistics Solution Provider,Services,35011.35,0.0,72.4,-2.29,2850.0,30.04,196.14,2.82,,not_stage_2,3,467.6,445.02,2.75,0.01949,"{'price_above_30w_ma': True, '30w_ma_rising': True, 'price_above_10w_ma': False, 'relative_strength_positive': False, 'near_52w_high': True}",lagging,weakening,99.73,97.35,-1.29,0.86,False,False,2026-07-16 ratio=101.01 momentum=96.48; 2026-07-17 ratio=100.54 momentum=97.19; 2026-07-20 ratio=100.38 momentum=96.79; 2026-07-21 ratio=100.32 momentum=97.18; 2026-07-22 ratio=99.73 momentum=97.35,65.5
stock,Shadowfax Technologies,SHADOWFAX.NS,Logistics Solution Provider,Services,12751.46,0.0,55.27,648.31,1205.81,73.62,110.71,9.66,,insufficient_data,0,,,,,{},weakening,lagging,100.41,98.88,0.58,2.01,False,False,2026-07-16 ratio=99.83 momentum=96.87; 2026-07-17 ratio=100.67 momentum=99.15; 2026-07-20 ratio=100.59 momentum=98.45; 2026-07-21 ratio=100.47 momentum=98.61; 2026-07-22 ratio=100.41 momentum=98.88,2.05
stock,Blue Dart Expres,BLUEDART.NS,Logistics Solution Provider,Services,11410.09,0.52,48.85,-11.26,1533.47,8.2,40.68,16.64,,not_stage_2,0,4811.7,5208.61,-1.45,0.20052,"{'price_above_30w_ma': False, '30w_ma_rising': False, 'price_above_10w_ma': False, 'relative_strength_positive': False, 'near_52w_high': False}",lagging,improving,99.12,99.78,-0.56,-2.24,False,False,2026-07-16 ratio=99.67 momentum=102.02; 2026-07-17 ratio=99.52 momentum=102.76; 2026-07-20 ratio=99.38 momentum=100.11; 2026-07-21 ratio=99.30 momentum=100.96; 2026-07-22 ratio=99.12 momentum=99.78,0.0
stock,Transport Corp.,TCI.NS,Logistics Solution Provider,Services,7119.92,1.08,124.5,8.23,1323.8,12.3,15.69,19.45,,not_stage_2,1,926.0,976.24,-1.6,0.03859,"{'price_above_30w_ma': False, '30w_ma_rising': False, 'price_above_10w_ma': False, 'relative_strength_positive': False, 'near_52w_high': True}",lagging,improving,99.73,98.22,-0.05,-2.15,False,False,2026-07-16 ratio=99.78 momentum=100.37; 2026-07-17 ratio=99.31 momentum=100.07; 2026-07-20 ratio=99.46 momentum=101.51; 2026-07-21 ratio=99.61 momentum=97.21; 2026-07-22 ratio=99.73 momentum=98.22,20.0
stock,TVS Supply,TVSSCS.NS,Logistics Solution Provider,Services,5897.74,0.0,18.36,543.4,3032.22,21.35,31.69,10.06,,stage_2,5,133.77,116.97,3.51,0.00557,"{'price_above_30w_ma': True, '30w_ma_rising': True, 'price_above_10w_ma': True, 'relative_strength_positive': True, 'near_52w_high': True}",weakening,weakening,100.51,98.43,-0.6,0.09,False,False,2026-07-16 ratio=101.11 momentum=98.34; 2026-07-17 ratio=100.58 momentum=97.75; 2026-07-20 ratio=100.68 momentum=98.22; 2026-07-21 ratio=100.59 momentum=97.90; 2026-07-22 ratio=100.51 momentum=98.43,134.57
stock,VRL Logistics,VRLLOG.NS,Logistics Solution Provider,Services,4254.29,3.09,72.14,-2.87,852.85,5.42,17.6,18.27,,not_stage_2,3,243.04,252.59,-1.71,0.01013,"{'price_above_30w_ma': False, '30w_ma_rising': False, 'price_above_10w_ma': True, 'relative_strength_positive': True, 'near_52w_high': True}",leading,lagging,100.47,102.54,1.79,4.46,True,False,2026-07-16 ratio=98.68 momentum=98.08; 2026-07-17 ratio=98.69 momentum=99.69; 2026-07-20 ratio=98.55 momentum=96.23; 2026-07-21 ratio=100.20 momentum=103.05; 2026-07-22 ratio=100.47 momentum=102.54,105.05
stock,Mahindra Logis.,MAHLOG.NS,Logistics Solution Provider,Services,3991.77,0.62,27.83,335.09,2002.88,23.29,101.3,7.36,,stage_2,5,402.15,368.58,2.75,0.01676,"{'price_above_30w_ma': True, '30w_ma_rising': True, 'price_above_10w_ma': True, 'relative_strength_positive': True, 'near_52w_high': True}",leading,leading,102.08,103.53,0.94,0.46,False,False,2026-07-16 ratio=101.15 momentum=103.07; 2026-07-17 ratio=100.84 momentum=100.50; 2026-07-20 ratio=101.31 momentum=101.60; 2026-07-21 ratio=101.26 momentum=102.12; 2026-07-22 ratio=102.08 momentum=103.53,178.55
stock,Gateway Distri,GATEWAY.NS,Logistics Solution Provider,Services,2880.95,3.47,63.7,25.51,533.65,-0.24,11.17,10.83,,not_stage_2,2,57.67,57.56,-0.26,0.0024,"{'price_above_30w_ma': True, '30w_ma_rising': False, 'price_above_10w_ma': False, 'relative_strength_positive': False, 'near_52w_high': True}",lagging,weakening,99.52,99.19,-0.55,1.8,False,False,2026-07-16 ratio=100.07 momentum=97.39; 2026-07-17 ratio=99.22 momentum=95.46; 2026-07-20 ratio=99.49 momentum=96.20; 2026-07-21 ratio=99.61 momentum=97.70; 2026-07-22 ratio=99.52 momentum=99.19,40.0
stock,TCI Express,TCIEXP.NS,Logistics Solution Provider,Services,2226.62,1.38,16.03,-9.5,328.08,6.77,26.99,13.76,,not_stage_2,4,580.7,531.59,-0.44,0.0242,"{'price_above_30w_ma': True, '30w_ma_rising': False, 'price_above_10w_ma': True, 'relative_strength_positive': True, 'near_52w_high': True}",leading,leading,101.91,111.04,-0.04,8.92,False,False,2026-07-16 ratio=101.95 momentum=102.12; 2026-07-17 ratio=101.74 momentum=102.23; 2026-07-20 ratio=101.70 momentum=102.78; 2026-07-21 ratio=102.03 momentum=104.09; 2026-07-22 ratio=101.91 momentum=111.04,164.75
stock,Castrol India,CASTROLIND.NS,Lubricants,"Oil, Gas & Consumable Fuels",18359.02,4.71,242.18,3.74,1545.24,8.67,18.83,60.27,,not_stage_2,4,185.78,184.28,-0.24,0.00774,"{'price_above_30w_ma': True, '30w_ma_rising': False, 'price_above_10w_ma': True, 'relative_strength_positive': True, 'near_52w_high': True}",leading,improving,100.3,101.58,0.82,0.8,True,False,2026-07-16 ratio=99.48 momentum=100.78; 2026-07-17 ratio=98.52 momentum=100.00; 2026-07-20 ratio=98.78 momentum=102.15; 2026-07-21 ratio=99.19 momentum=103.06; 2026-07-22 ratio=100.30 momentum=101.58,119.4
stock,Gulf Oil Lubric.,GULFOILLUB.NS,Lubricants,"Oil, Gas & Consumable Fuels",4866.61,4.89,90.02,-1.75,1040.24,13.68,13.25,27.46,,not_stage_2,1,982.4,1015.53,-1.98,0.04094,"{'price_above_30w_ma': False, '30w_ma_rising': False, 'price_above_10w_ma': False, 'relative_strength_positive': False, 'near_52w_high': True}",lagging,weakening,99.86,97.19,-0.83,-0.73,False,False,2026-07-16 ratio=100.69 momentum=97.92; 2026-07-17 ratio=100.16 momentum=96.99; 2026-07-20 ratio=99.99 momentum=96.33; 2026-07-21 ratio=99.84 momentum=96.50; 2026-07-22 ratio=99.86 momentum=97.19,20.0
stock,Savita Oil Tech,SOTL.NS,Lubricants,"Oil, Gas & Consumable Fuels",4089.26,0.67,50.34,45.79,1223.96,21.71,21.09,15.68,,stage_2,5,596.15,420.46,7.05,0.02484,"{'price_above_30w_ma': True, '30w_ma_rising': True, 'price_above_10w_ma': True, 'relative_strength_positive': True, 'near_52w_high': True}",leading,leading,101.0,101.03,0.1,-0.98,False,False,2026-07-16 ratio=100.90 momentum=102.01; 2026-07-17 ratio=100.78 momentum=100.91; 2026-07-20 ratio=100.91 momentum=99.03; 2026-07-21 ratio=101.06 momentum=101.36; 2026-07-22 ratio=101.00 momentum=101.03,169.25
stock,Panama Petrochem,PANAMAPET.NS,Lubricants,"Oil, Gas & Consumable Fuels",2767.87,0.66,71.08,60.56,822.77,18.35,13.03,19.15,,stage_2,5,457.0,322.34,6.61,0.01904,"{'price_above_30w_ma': True, '30w_ma_rising': True, 'price_above_10w_ma': True, 'relative_strength_positive': True, 'near_52w_high': True}",leading,weakening,101.36,101.68,0.42,3.81,True,False,2026-07-16 ratio=100.93 momentum=97.88; 2026-07-17 ratio=100.68 momentum=97.18; 2026-07-20 ratio=101.31 momentum=99.42; 2026-07-21 ratio=101.38 momentum=100.82; 2026-07-22 ratio=101.36 momentum=101.68,183.42
stock,Veedol Corporat,VEEDOL.NS,Lubricants,"Oil, Gas & Consumable Fuels",2424.27,4.17,57.46,-3.75,606.98,14.04,12.65,24.23,,not_stage_2,0,1390.0,1428.94,-1.96,0.05793,"{'price_above_30w_ma': False, '30w_ma_rising': False, 'price_above_10w_ma': False, 'relative_strength_positive': False, 'near_52w_high': False}",lagging,lagging,97.87,98.06,-1.5,-0.09,False,False,2026-07-16 ratio=99.37 momentum=98.14; 2026-07-17 ratio=97.40 momentum=96.42; 2026-07-20 ratio=97.41 momentum=97.95; 2026-07-21 ratio=97.93 momentum=97.82; 2026-07-22 ratio=97.87 momentum=98.06,0.0
stock,Gandhar Oil Ref.,GANDHAR.NS,Lubricants,"Oil, Gas & Consumable Fuels",2309.99,0.32,205.89,633.09,1731.93,91.81,7.66,13.19,,stage_2,5,236.19,156.3,6.57,0.00984,"{'price_above_30w_ma': True, '30w_ma_rising': True, 'price_above_10w_ma': True, 'relative_strength_positive': True, 'near_52w_high': True}",leading,leading,102.81,103.14,0.47,1.25,False,False,2026-07-16 ratio=102.35 momentum=101.90; 2026-07-17 ratio=101.92 momentum=100.79; 2026-07-20 ratio=102.82 momentum=104.11; 2026-07-21 ratio=102.55 momentum=102.36; 2026-07-22 ratio=102.81 momentum=103.14,187.89
stock,GP Petroleums,GULFPETRO.NS,Lubricants,"Oil, Gas & Consumable Fuels",201.91,0.0,9.33,19.72,162.66,-10.95,7.0,10.9,,stage_2,5,39.26,34.29,1.07,0.00164,"{'price_above_30w_ma': True, '30w_ma_rising': True, 'price_above_10w_ma': True, 'relative_strength_positive': True, 'near_52w_high': True}",leading,weakening,100.38,100.35,0.23,4.39,True,False,2026-07-16 ratio=100.14 momentum=95.95; 2026-07-17 ratio=99.52 momentum=96.71; 2026-07-20 ratio=99.37 momentum=97.49; 2026-07-21 ratio=99.97 momentum=98.31; 2026-07-22 ratio=100.38 momentum=100.35,160.79
stock,Arabian Petrol.,ARABIAN.NS,Lubricants,"Oil, Gas & Consumable Fuels",73.25,0.0,5.21,3.37,200.25,36.98,6.51,18.41,,not_stage_2,1,67.25,69.89,-0.25,0.0028,"{'price_above_30w_ma': False, '30w_ma_rising': False, 'price_above_10w_ma': False, 'relative_strength_positive': False, 'near_52w_high': True}",lagging,lagging,99.09,98.11,0.01,-1.32,False,False,2026-07-15 ratio=99.08 momentum=99.43; 2026-07-16 ratio=99.12 momentum=98.59; 2026-07-17 ratio=98.87 momentum=97.57; 2026-07-20 ratio=99.00 momentum=98.04; 2026-07-21 ratio=99.09 momentum=98.11,20.0
stock,Sundrex Oil,SOCL.NS,Lubricants,"Oil, Gas & Consumable Fuels",38.04,0.0,2.9,-16.18,67.25,96.29,7.15,21.24,,insufficient_data,0,,,,,{},insufficient_data,insufficient_data,,,,,False,False,,0.0
stock,Venky's (India),VENKEYS.NS,Meat Products including Poultry,Fast Moving Consumer Goods,2115.61,0.67,101.37,662.18,1100.47,30.52,15.19,11.89,,stage_2,5,1500.9,1451.4,0.52,0.06255,"{'price_above_30w_ma': True, '30w_ma_rising': True, 'price_above_10w_ma': True, 'relative_strength_positive': True, 'near_52w_high': True}",leading,improving,100.35,103.18,0.45,1.47,True,False,2026-07-16 ratio=99.89 momentum=101.71; 2026-07-17 ratio=99.39 momentum=100.97; 2026-07-20 ratio=100.31 momentum=102.87; 2026-07-21 ratio=100.45 momentum=103.38; 2026-07-22 ratio=100.35 momentum=103.18,173.69
stock,SKM Egg Prod.,SKMEGGPROD.NS,Meat Products including Poultry,Fast Moving Consumer Goods,1650.63,0.24,32.79,414.65,186.65,58.93,15.91,30.0,,stage_2,5,314.05,203.96,7.48,0.01309,"{'price_above_30w_ma': True, '30w_ma_rising': True, 'price_above_10w_ma': True, 'relative_strength_positive': True, 'near_52w_high': True}",weakening,weakening,101.09,99.0,-0.48,1.53,False,False,2026-07-16 ratio=101.56 momentum=97.47; 2026-07-17 ratio=101.23 momentum=97.23; 2026-07-20 ratio=101.21 momentum=97.64; 2026-07-21 ratio=101.08 momentum=98.28; 2026-07-22 ratio=101.09 momentum=99.00,145.41
stock,HMA Agro Inds.,HMAAGRO.NS,Meat Products including Poultry,Fast Moving Consumer Goods,1078.67,1.39,8.23,-39.71,1579.1,5.3,6.55,15.99,,not_stage_2,0,21.55,24.52,-3.8,0.0009,"{'price_above_30w_ma': False, '30w_ma_rising': False, 'price_above_10w_ma': False, 'relative_strength_positive': False, 'near_52w_high': False}",improving,improving,98.79,102.74,-0.06,1.0,False,False,2026-07-16 ratio=98.86 momentum=101.74; 2026-07-17 ratio=98.73 momentum=101.81; 2026-07-20 ratio=98.65 momentum=103.47; 2026-07-21 ratio=98.78 momentum=105.21; 2026-07-22 ratio=98.79 momentum=102.74,13.7
stock,Prime Focus,PFOCUS.NS,Media & Entertainment,"Media, Entertainment & Publication",22154.86,0.0,117.7,-24.77,1384.47,41.42,94.34,11.5,,stage_2,5,285.35,265.26,2.78,0.01189,"{'price_above_30w_ma': True, '30w_ma_rising': True, 'price_above_10w_ma': True, 'relative_strength_positive': True, 'near_52w_high': True}",leading,leading,101.85,103.34,0.02,0.56,False,False,2026-07-16 ratio=101.83 momentum=102.78; 2026-07-17 ratio=101.67 momentum=102.65; 2026-07-20 ratio=101.57 momentum=102.67; 2026-07-21 ratio=101.89 momentum=103.12; 2026-07-22 ratio=101.85 momentum=103.34,176.51
stock,Saregama India,SAREGAMA.NS,Media & Entertainment,"Media, Entertainment & Publication",9437.93,0.92,74.14,35.42,287.44,19.36,44.26,17.76,,stage_2,5,489.4,384.88,4.67,0.02039,"{'price_above_30w_ma': True, '30w_ma_rising': True, 'price_above_10w_ma': True, 'relative_strength_positive': True, 'near_52w_high': True}",leading,weakening,100.84,102.17,-0.1,3.69,False,False,2026-07-16 ratio=100.95 momentum=98.48; 2026-07-17 ratio=100.92 momentum=99.32; 2026-07-20 ratio=101.37 momentum=101.33; 2026-07-21 ratio=101.41 momentum=103.36; 2026-07-22 ratio=100.84 momentum=102.17,169.39
stock,Tips Music,TIPSMUSIC.NS,Media & Entertainment,"Media, Entertainment & Publication",7966.47,2.09,43.7,-4.67,106.51,20.94,37.12,122.19,,not_stage_2,3,622.85,594.6,3.17,0.02596,"{'price_above_30w_ma': True, '30w_ma_rising': True, 'price_above_10w_ma': False, 'relative_strength_positive': False, 'near_52w_high': True}",lagging,weakening,98.14,98.11,-2.23,-1.43,False,False,2026-07-16 ratio=100.38 momentum=99.54; 2026-07-17 ratio=99.80 momentum=98.74; 2026-07-20 ratio=101.73 momentum=100.77; 2026-07-21 ratio=101.78 momentum=101.22; 2026-07-22 ratio=98.14 momentum=98.11,66.34
stock,Netwrk.18 Media,NETWORK18.NS,Media & Entertainment,"Media, Entertainment & Publication",4436.29,0.0,-38.36,-2074.55,516.26,10.34,,3.02,,not_stage_2,0,28.76,34.01,-4.58,0.0012,"{'price_above_30w_ma': False, '30w_ma_rising': False, 'price_above_10w_ma': False, 'relative_strength_positive': False, 'near_52w_high': False}",lagging,lagging,97.52,98.3,-0.61,2.02,False,False,2026-07-16 ratio=98.13 momentum=96.28; 2026-07-17 ratio=97.73 momentum=96.23; 2026-07-20 ratio=97.85 momentum=97.62; 2026-07-21 ratio=97.77 momentum=98.26; 2026-07-22 ratio=97.52 momentum=98.30,0.0
stock,Balaji Telefilms,BALAJITELE.NS,Media & Entertainment,"Media, Entertainment & Publication",1034.4,0.0,-14.16,-114.98,47.62,-28.12,,-9.54,,not_stage_2,0,85.07,94.06,-2.74,0.00355,"{'price_above_30w_ma': False, '30w_ma_rising': False, 'price_above_10w_ma': False, 'relative_strength_positive': False, 'near_52w_high': False}",lagging,improving,98.94,97.62,-0.61,-4.27,False,False,2026-07-16 ratio=99.55 momentum=101.89; 2026-07-17 ratio=99.33 momentum=98.66; 2026-07-20 ratio=99.30 momentum=99.12; 2026-07-21 ratio=99.17 momentum=98.60; 2026-07-22 ratio=98.94 momentum=97.62,0.0
stock,Ent.Network,ENIL.NS,Media & Entertainment,"Media, Entertainment & Publication",512.12,1.87,8.27,-18.52,142.14,-10.16,262.63,-0.75,,not_stage_2,0,107.01,110.6,-0.97,0.00446,"{'price_above_30w_ma': False, '30w_ma_rising': False, 'price_above_10w_ma': False, 'relative_strength_positive': False, 'near_52w_high': False}",improving,improving,99.3,101.47,0.44,-0.53,False,False,2026-07-16 ratio=98.86 momentum=102.00; 2026-07-17 ratio=99.06 momentum=104.35; 2026-07-20 ratio=99.33 momentum=103.31; 2026-07-21 ratio=99.14 momentum=99.13; 2026-07-22 ratio=99.30 momentum=101.47,7.35
stock,Basilic Fly Stud,BASILIC.NS,Media & Entertainment,"Media, Entertainment & Publication",494.94,0.0,15.4,-29.81,113.4,-15.12,9.69,22.32,,not_stage_2,0,197.5,231.27,-6.85,0.00823,"{'price_above_30w_ma': False, '30w_ma_rising': False, 'price_above_10w_ma': False, 'relative_strength_positive': False, 'near_52w_high': False}",improving,improving,98.78,100.7,-0.13,-1.31,False,False,2026-07-15 ratio=98.91 momentum=102.00; 2026-07-16 ratio=98.86 momentum=99.52; 2026-07-17 ratio=98.77 momentum=98.37; 2026-07-20 ratio=98.78 momentum=104.70; 2026-07-21 ratio=98.78 momentum=100.70,3.5
stock,Gretex Industrie,GRETEX.NS,Media & Entertainment,"Media, Entertainment & Publication",465.18,0.0,0.1,-92.09,27.6,43.97,332.27,3.01,,stage_2,5,304.0,258.11,5.89,0.01267,"{'price_above_30w_ma': True, '30w_ma_rising': True, 'price_above_10w_ma': True, 'relative_strength_positive': True, 'near_52w_high': True}",leading,leading,101.74,103.41,-0.34,0.81,False,False,2026-07-15 ratio=102.08 momentum=102.60; 2026-07-16 ratio=102.01 momentum=102.56; 2026-07-17 ratio=101.76 momentum=102.18; 2026-07-20 ratio=101.77 momentum=102.77; 2026-07-21 ratio=101.74 momentum=103.41,182.53
stock,Shemaroo Entert.,SHEMAROO.NS,Media & Entertainment,"Media, Entertainment & Publication",361.73,0.0,-71.97,-1308.59,139.48,-31.72,,-39.45,,stage_2,5,125.04,106.23,2.28,0.00521,"{'price_above_30w_ma': True, '30w_ma_rising': True, 'price_above_10w_ma': True, 'relative_strength_positive': True, 'near_52w_high': True}",leading,weakening,100.7,100.13,-0.21,0.18,False,False,2026-07-16 ratio=100.91 momentum=99.95; 2026-07-17 ratio=100.35 momentum=96.97; 2026-07-20 ratio=100.29 momentum=98.02; 2026-07-21 ratio=100.78 momentum=100.28; 2026-07-22 ratio=100.70 momentum=100.13,153.71
stock,Phantom Digital,PHANTOMFX.NS,Media & Entertainment,"Media, Entertainment & Publication",279.45,0.0,20.69,150.18,84.98,139.11,8.57,17.61,,not_stage_2,2,181.65,196.17,-4.25,0.00757,"{'price_above_30w_ma': False, '30w_ma_rising': False, 'price_above_10w_ma': True, 'relative_strength_positive': True, 'near_52w_high': False}",lagging,leading,99.68,99.0,-0.47,-3.46,False,False,2026-07-15 ratio=100.15 momentum=102.46; 2026-07-16 ratio=100.04 momentum=103.26; 2026-07-17 ratio=99.47 momentum=102.55; 2026-07-20 ratio=99.85 momentum=99.90; 2026-07-21 ratio=99.68 momentum=99.00,40.0
stock,Poly Medicure,POLYMED.NS,Medical Equipment & Supplies,Healthcare,16990.67,0.21,65.04,-27.81,534.51,21.25,51.92,14.04,,not_stage_2,4,1674.4,1491.18,-1.44,0.06978,"{'price_above_30w_ma': True, '30w_ma_rising': False, 'price_above_10w_ma': True, 'relative_strength_positive': True, 'near_52w_high': True}",leading,weakening,100.94,101.15,-0.45,3.18,False,False,2026-07-16 ratio=101.39 momentum=97.97; 2026-07-17 ratio=100.82 momentum=98.37; 2026-07-20 ratio=101.23 momentum=100.47; 2026-07-21 ratio=101.02 momentum=100.38; 2026-07-22 ratio=100.94 momentum=101.15,110.45
stock,Fischer Medical,FISCHER.NS,Medical Equipment & Supplies,Healthcare,2546.79,0.01,-7.1,-641.98,97.73,98.76,82.1,11.43,,not_stage_2,3,38.95,38.14,-1.96,0.00162,"{'price_above_30w_ma': True, '30w_ma_rising': False, 'price_above_10w_ma': True, 'relative_strength_positive': True, 'near_52w_high': False}",leading,weakening,101.11,102.73,0.09,2.9,True,False,2026-07-16 ratio=101.02 momentum=99.83; 2026-07-17 ratio=101.14 momentum=99.78; 2026-07-20 ratio=101.51 momentum=103.24; 2026-07-21 ratio=101.52 momentum=104.03; 2026-07-22 ratio=101.11 momentum=102.73,109.2
stock,Tarsons Products,TARSONS.NS,Medical Equipment & Supplies,Healthcare,1628.92,0.0,4.18,-60.59,120.93,7.31,108.16,4.56,,stage_2,5,306.25,219.78,3.98,0.01276,"{'price_above_30w_ma': True, '30w_ma_rising': True, 'price_above_10w_ma': True, 'relative_strength_positive': True, 'near_52w_high': True}",weakening,weakening,101.63,98.52,-0.06,-1.37,False,False,2026-07-16 ratio=101.69 momentum=99.89; 2026-07-17 ratio=101.18 momentum=98.86; 2026-07-20 ratio=101.00 momentum=96.92; 2026-07-21 ratio=101.81 momentum=98.58; 2026-07-22 ratio=101.63 momentum=98.52,141.11
stock,Laxmi Dental,LAXMIDENTL.NS,Medical Equipment & Supplies,Healthcare,1197.21,0.0,10.1,149.5,73.95,21.89,35.8,14.86,,not_stage_2,1,217.93,209.23,-2.65,0.00908,"{'price_above_30w_ma': True, '30w_ma_rising': False, 'price_above_10w_ma': False, 'relative_strength_positive': False, 'near_52w_high': False}",lagging,weakening,99.44,99.31,-0.56,0.4,False,False,2026-07-16 ratio=100.00 momentum=98.90; 2026-07-17 ratio=99.53 momentum=95.06; 2026-07-20 ratio=99.83 momentum=98.52; 2026-07-21 ratio=99.91 momentum=100.65; 2026-07-22 ratio=99.44 momentum=99.31,20.0
stock,Q-Line Biotech,QLINE.NS,Medical Equipment & Supplies,Healthcare,1190.32,0.0,34.41,147.29,197.94,-8.59,21.08,22.46,,insufficient_data,0,,,,,{},insufficient_data,insufficient_data,,,,,False,False,,0.0
stock,OSEL Devices,OSELDEVICE.NS,Medical Equipment & Supplies,Healthcare,790.08,0.0,14.06,16.78,145.81,47.1,27.01,24.4,,insufficient_data,0,,,,,{},insufficient_data,insufficient_data,,,,,False,False,,0.0
stock,Vasa Denticity,DENTALKART.NS,Medical Equipment & Supplies,Healthcare,731.37,0.0,1.36,-68.52,72.41,-0.54,67.85,9.21,,not_stage_2,2,431.5,444.85,-4.97,0.01798,"{'price_above_30w_ma': False, '30w_ma_rising': False, 'price_above_10w_ma': True, 'relative_strength_positive': True, 'near_52w_high': False}",leading,improving,101.04,102.75,1.59,1.38,True,False,2026-07-15 ratio=99.45 momentum=101.36; 2026-07-16 ratio=100.09 momentum=102.24; 2026-07-17 ratio=100.95 momentum=103.17; 2026-07-20 ratio=100.57 momentum=102.77; 2026-07-21 ratio=101.04 momentum=102.75,88.95
stock,Nureca,NURECA.NS,Medical Equipment & Supplies,Healthcare,297.03,0.0,3.07,279.01,40.34,18.02,68.44,3.3,,not_stage_2,4,311.13,266.75,-1.46,0.01297,"{'price_above_30w_ma': True, '30w_ma_rising': False, 'price_above_10w_ma': True, 'relative_strength_positive': True, 'near_52w_high': True}",leading,leading,102.63,103.45,1.81,1.32,False,False,2026-07-16 ratio=100.82 momentum=102.13; 2026-07-17 ratio=101.07 momentum=102.47; 2026-07-20 ratio=101.27 momentum=102.62; 2026-07-21 ratio=101.76 momentum=103.06; 2026-07-22 ratio=102.63 momentum=103.45,130.4
stock,Aprameya Enginee,APRAMEYA.NS,Medical Equipment & Supplies,Healthcare,282.08,0.0,-1.72,-109.64,12.61,-90.03,55.97,12.64,,insufficient_data,0,,,,,{},insufficient_data,insufficient_data,,,,,False,False,,0.0
stock,Vaidya Sane,MADHAVBAUG.NS,Medical Equipment & Supplies,Healthcare,219.52,0.0,4.16,-0.24,56.96,18.37,24.42,15.14,,not_stage_2,2,204.5,211.89,-4.92,0.00852,"{'price_above_30w_ma': False, '30w_ma_rising': False, 'price_above_10w_ma': True, 'relative_strength_positive': True, 'near_52w_high': False}",leading,leading,100.37,102.51,0.18,-0.18,False,False,2026-07-15 ratio=100.19 momentum=102.68; 2026-07-16 ratio=100.20 momentum=102.06; 2026-07-17 ratio=100.22 momentum=102.34; 2026-07-20 ratio=100.39 momentum=102.59; 2026-07-21 ratio=100.37 momentum=102.51,74.4
stock,CreditAcc. Gram.,CREDITACC.NS,Microfinance Institutions,Financial Services,23876.34,0.0,339.55,619.23,1597.27,13.55,30.7,9.98,,stage_2,5,1488.9,1317.06,2.42,0.06205,"{'price_above_30w_ma': True, '30w_ma_rising': True, 'price_above_10w_ma': True, 'relative_strength_positive': True, 'near_52w_high': True}",weakening,weakening,100.93,97.55,-0.04,-0.27,False,False,2026-07-16 ratio=100.97 momentum=97.81; 2026-07-17 ratio=100.60 momentum=97.29; 2026-07-20 ratio=100.88 momentum=97.36; 2026-07-21 ratio=101.31 momentum=98.25; 2026-07-22 ratio=100.93 momentum=97.55,134.49
stock,Muthoot Microfin,MUTHOOTMF.NS,Microfinance Institutions,Financial Services,4268.92,0.0,71.12,117.73,631.81,13.83,25.0,9.31,,stage_2,5,250.24,186.03,4.34,0.01043,"{'price_above_30w_ma': True, '30w_ma_rising': True, 'price_above_10w_ma': True, 'relative_strength_positive': True, 'near_52w_high': True}",leading,leading,102.08,102.24,-0.28,1.56,False,False,2026-07-16 ratio=102.36 momentum=100.68; 2026-07-17 ratio=101.90 momentum=99.74; 2026-07-20 ratio=102.44 momentum=101.48; 2026-07-21 ratio=102.32 momentum=101.73; 2026-07-22 ratio=102.08 momentum=102.24,175.28
stock,Fusion Finance,FUSION.NS,Microfinance Institutions,Financial Services,3548.84,0.0,114.19,169.39,424.02,-9.02,256.23,5.92,,stage_2,5,219.81,183.26,4.94,0.00916,"{'price_above_30w_ma': True, '30w_ma_rising': True, 'price_above_10w_ma': True, 'relative_strength_positive': True, 'near_52w_high': True}",weakening,weakening,101.11,98.09,-0.29,-0.15,False,False,2026-07-16 ratio=101.40 momentum=98.24; 2026-07-17 ratio=101.28 momentum=95.82; 2026-07-20 ratio=101.32 momentum=97.57; 2026-07-21 ratio=101.40 momentum=98.22; 2026-07-22 ratio=101.11 momentum=98.09,140.43
stock,Satin Creditcare,SATIN.NS,Microfinance Institutions,Financial Services,2790.96,0.0,162.04,640.16,919.5,49.48,8.4,13.84,,stage_2,5,251.85,186.77,8.7,0.0105,"{'price_above_30w_ma': True, '30w_ma_rising': True, 'price_above_10w_ma': True, 'relative_strength_positive': True, 'near_52w_high': True}",weakening,leading,100.88,99.36,-0.93,-1.89,False,False,2026-07-16 ratio=101.81 momentum=101.25; 2026-07-17 ratio=100.95 momentum=98.96; 2026-07-20 ratio=101.07 momentum=99.39; 2026-07-21 ratio=101.23 momentum=99.16; 2026-07-22 ratio=100.88 momentum=99.36,146.8
stock,Spandana Sphoort,SPANDANA.NS,Microfinance Institutions,Financial Services,2304.76,0.0,5.49,101.34,238.44,-36.33,,-5.04,,stage_2,5,285.3,248.36,1.69,0.01189,"{'price_above_30w_ma': True, '30w_ma_rising': True, 'price_above_10w_ma': True, 'relative_strength_positive': True, 'near_52w_high': True}",weakening,leading,100.79,98.26,-0.88,-1.97,False,False,2026-07-16 ratio=101.67 momentum=100.23; 2026-07-17 ratio=101.23 momentum=96.64; 2026-07-20 ratio=100.71 momentum=95.79; 2026-07-21 ratio=101.57 momentum=99.49; 2026-07-22 ratio=100.79 momentum=98.26,132.33
stock,Bajaj Finance,BAJFINANCE.NS,Non Banking Financial Company (NBFC),Financial Services,660570.4,0.51,5553.3,21.99,21605.79,18.1,34.37,10.87,,stage_2,5,1060.3,946.58,0.34,0.04419,"{'price_above_30w_ma': True, '30w_ma_rising': True, 'price_above_10w_ma': True, 'relative_strength_positive': True, 'near_52w_high': True}",leading,weakening,101.98,100.14,0.07,1.71,True,False,2026-07-16 ratio=101.91 momentum=98.42; 2026-07-17 ratio=101.98 momentum=98.00; 2026-07-20 ratio=102.11 momentum=99.98; 2026-07-21 ratio=102.12 momentum=98.99; 2026-07-22 ratio=101.98 momentum=100.14,166.28
stock,Shriram Finance,SHRIRAMFIN.NS,Non Banking Financial Company (NBFC),Financial Services,249059.79,1.02,3020.95,40.94,12513.43,9.25,24.83,11.49,,stage_2,5,1058.8,997.24,2.17,0.04412,"{'price_above_30w_ma': True, '30w_ma_rising': True, 'price_above_10w_ma': True, 'relative_strength_positive': True, 'near_52w_high': True}",leading,weakening,101.57,101.63,0.72,5.13,True,False,2026-07-16 ratio=100.85 momentum=96.50; 2026-07-17 ratio=100.82 momentum=96.75; 2026-07-20 ratio=100.91 momentum=97.39; 2026-07-21 ratio=101.51 momentum=98.79; 2026-07-22 ratio=101.57 momentum=101.63,175.34
stock,Tata Capital,TATACAP.NS,Non Banking Financial Company (NBFC),Financial Services,147761.66,0.16,1466.27,42.82,8160.1,9.12,30.29,8.58,,stage_2,5,347.35,336.03,0.99,0.01448,"{'price_above_30w_ma': True, '30w_ma_rising': True, 'price_above_10w_ma': True, 'relative_strength_positive': True, 'near_52w_high': True}",weakening,weakening,100.58,98.75,-0.15,1.49,False,False,2026-07-16 ratio=100.73 momentum=97.26; 2026-07-17 ratio=100.76 momentum=99.50; 2026-07-20 ratio=100.74 momentum=99.84; 2026-07-21 ratio=100.63 momentum=98.94; 2026-07-22 ratio=100.58 momentum=98.75,129.88
stock,Cholaman.Inv.&Fn,CHOLAFIN.NS,Non Banking Financial Company (NBFC),Financial Services,147398.21,0.12,1645.2,30.62,8416.71,19.46,28.14,9.71,,stage_2,5,1728.0,1632.04,0.65,0.07201,"{'price_above_30w_ma': True, '30w_ma_rising': True, 'price_above_10w_ma': True, 'relative_strength_positive': True, 'near_52w_high': True}",weakening,weakening,100.57,97.05,-0.6,-0.7,False,False,2026-07-16 ratio=101.17 momentum=97.76; 2026-07-17 ratio=101.11 momentum=98.19; 2026-07-20 ratio=100.95 momentum=96.02; 2026-07-21 ratio=100.74 momentum=94.95; 2026-07-22 ratio=100.57 momentum=97.05,129.15
stock,Muthoot Finance,MUTHOOTFIN.NS,Non Banking Financial Company (NBFC),Financial Services,121889.56,0.99,3397.48,126.67,9288.71,65.23,11.51,15.77,,not_stage_2,1,3035.6,3391.69,-2.87,0.1265,"{'price_above_30w_ma': False, '30w_ma_rising': False, 'price_above_10w_ma': False, 'relative_strength_positive': False, 'near_52w_high': True}",improving,improving,99.2,100.38,0.44,-3.97,False,False,2026-07-16 ratio=98.77 momentum=104.36; 2026-07-17 ratio=98.61 momentum=100.14; 2026-07-20 ratio=98.68 momentum=98.44; 2026-07-21 ratio=99.28 momentum=101.56; 2026-07-22 ratio=99.20 momentum=100.38,21.9
stock,L&T Finance Ltd,LTF.NS,Non Banking Financial Company (NBFC),Financial Services,76610.69,0.9,915.99,28.72,5212.92,22.38,23.92,8.4,,stage_2,5,305.9,286.53,0.53,0.01275,"{'price_above_30w_ma': True, '30w_ma_rising': True, 'price_above_10w_ma': True, 'relative_strength_positive': True, 'near_52w_high': True}",weakening,weakening,100.7,97.94,-0.2,0.04,False,False,2026-07-16 ratio=100.90 momentum=97.90; 2026-07-17 ratio=100.72 momentum=96.85; 2026-07-20 ratio=100.54 momentum=95.98; 2026-07-21 ratio=100.62 momentum=95.93; 2026-07-22 ratio=100.70 momentum=97.94,129.56
stock,SBI Cards,SBICARD.NS,Non Banking Financial Company (NBFC),Financial Services,59679.71,0.4,609.3,14.06,4934.5,5.57,27.54,10.1,,not_stage_2,2,626.85,691.02,-4.59,0.02612,"{'price_above_30w_ma': False, '30w_ma_rising': False, 'price_above_10w_ma': True, 'relative_strength_positive': True, 'near_52w_high': False}",leading,leading,100.5,102.24,-0.85,0.01,False,False,2026-07-16 ratio=101.35 momentum=102.23; 2026-07-17 ratio=101.50 momentum=102.24; 2026-07-20 ratio=101.11 momentum=102.10; 2026-07-21 ratio=101.19 momentum=102.16; 2026-07-22 ratio=100.50 momentum=102.24,73.7
stock,HDB FINANC SER,HDBFS.NS,Non Banking Financial Company (NBFC),Financial Services,58732.39,0.57,785.2,38.31,4937.9,10.58,21.27,9.09,,not_stage_2,4,707.2,689.34,-0.5,0.02947,"{'price_above_30w_ma': True, '30w_ma_rising': False, 'price_above_10w_ma': True, 'relative_strength_positive': True, 'near_52w_high': True}",weakening,weakening,100.14,97.94,-1.31,-0.72,False,False,2026-07-16 ratio=101.45 momentum=98.66; 2026-07-17 ratio=100.62 momentum=96.16; 2026-07-20 ratio=100.56 momentum=97.71; 2026-07-21 ratio=100.37 momentum=98.26; 2026-07-22 ratio=100.14 momentum=97.94,80.7
stock,M & M Fin. Serv.,M&MFIN.NS,Non Banking Financial Company (NBFC),Financial Services,52441.84,1.98,927.48,75.43,5717.91,14.57,15.65,8.72,,not_stage_2,4,378.15,332.52,-1.06,0.01576,"{'price_above_30w_ma': True, '30w_ma_rising': False, 'price_above_10w_ma': True, 'relative_strength_positive': True, 'near_52w_high': True}",leading,weakening,103.61,102.11,3.1,2.21,True,False,2026-07-16 ratio=100.51 momentum=99.90; 2026-07-17 ratio=100.44 momentum=97.59; 2026-07-20 ratio=100.43 momentum=98.49; 2026-07-21 ratio=102.17 momentum=101.60; 2026-07-22 ratio=103.61 momentum=102.11,138.6
stock,Sundaram Finance,SUNDARMFIN.NS,Non Banking Financial Company (NBFC),Financial Services,49086.5,0.9,554.17,1.41,2560.4,13.34,23.28,9.44,,not_stage_2,3,4420.0,4810.0,-1.17,0.1842,"{'price_above_30w_ma': False, '30w_ma_rising': False, 'price_above_10w_ma': True, 'relative_strength_positive': True, 'near_52w_high': True}",lagging,lagging,99.64,96.61,0.06,-2.29,False,False,2026-07-16 ratio=99.58 momentum=98.90; 2026-07-17 ratio=99.21 momentum=98.69; 2026-07-20 ratio=99.32 momentum=98.92; 2026-07-21 ratio=99.72 momentum=97.33; 2026-07-22 ratio=99.64 momentum=96.61,60.0
stock,Jindal Drilling,JINDRILL.NS,Offshore Support Solution Drilling,"Oil, Gas & Consumable Fuels",1707.8,0.17,45.38,-32.23,262.87,7.29,7.99,15.4,,not_stage_2,3,590.0,539.39,1.42,0.02459,"{'price_above_30w_ma': True, '30w_ma_rising': True, 'price_above_10w_ma': False, 'relative_strength_positive': False, 'near_52w_high': True}",lagging,improving,99.62,98.37,-0.25,-2.66,False,False,2026-07-16 ratio=99.87 momentum=101.03; 2026-07-17 ratio=99.51 momentum=100.63; 2026-07-20 ratio=99.84 momentum=101.80; 2026-07-21 ratio=99.63 momentum=102.23; 2026-07-22 ratio=99.62 momentum=98.37,62.84
stock,Dolphin Offshore,DOLPHIN.NS,Offshore Support Solution Drilling,"Oil, Gas & Consumable Fuels",1507.94,0.0,28.33,171.1,45.36,121.92,22.0,14.92,,not_stage_2,1,378.7,409.74,-0.19,0.01578,"{'price_above_30w_ma': False, '30w_ma_rising': False, 'price_above_10w_ma': False, 'relative_strength_positive': False, 'near_52w_high': True}",improving,improving,99.15,100.18,0.0,-1.23,False,False,2026-07-16 ratio=99.15 momentum=101.41; 2026-07-17 ratio=98.64 momentum=100.42; 2026-07-20 ratio=98.82 momentum=101.97; 2026-07-21 ratio=98.76 momentum=103.88; 2026-07-22 ratio=99.15 momentum=100.18,20.9
stock,Alphageo (India),ALPHAGEO.NS,Offshore Support Solution Drilling,"Oil, Gas & Consumable Fuels",127.73,4.04,-2.99,18.25,49.29,-30.14,,-6.96,,not_stage_2,0,198.25,208.1,-1.6,0.00826,"{'price_above_30w_ma': False, '30w_ma_rising': False, 'price_above_10w_ma': False, 'relative_strength_positive': False, 'near_52w_high': False}",improving,improving,99.07,104.8,0.03,2.42,False,True,2026-07-16 ratio=99.04 momentum=102.38; 2026-07-17 ratio=98.69 momentum=102.30; 2026-07-20 ratio=99.00 momentum=103.01; 2026-07-21 ratio=99.16 momentum=103.40; 2026-07-22 ratio=99.07 momentum=104.80,24.0
stock,Aakash Explor.,AAKASH.NS,Offshore Support Solution Drilling,"Oil, Gas & Consumable Fuels",92.03,0.0,1.88,571.43,32.65,26.7,26.3,7.93,,not_stage_2,3,9.09,8.67,0.34,0.00038,"{'price_above_30w_ma': True, '30w_ma_rising': True, 'price_above_10w_ma': False, 'relative_strength_positive': False, 'near_52w_high': True}",improving,lagging,99.75,100.12,-0.06,0.55,False,False,2026-07-16 ratio=99.81 momentum=99.56; 2026-07-17 ratio=99.39 momentum=98.95; 2026-07-20 ratio=99.46 momentum=100.25; 2026-07-21 ratio=99.44 momentum=100.06; 2026-07-22 ratio=99.75 momentum=100.12,61.28
stock,Aban Offshore,ABAN.NS,Offshore Support Solution Drilling,"Oil, Gas & Consumable Fuels",87.54,0.0,29.56,110.69,91.31,-21.49,,,,not_stage_2,0,14.97,18.98,-7.99,0.00062,"{'price_above_30w_ma': False, '30w_ma_rising': False, 'price_above_10w_ma': False, 'relative_strength_positive': False, 'near_52w_high': False}",improving,improving,99.57,101.58,0.07,-0.15,False,False,2026-07-16 ratio=99.49 momentum=101.73; 2026-07-17 ratio=99.19 momentum=99.96; 2026-07-20 ratio=99.45 momentum=99.88; 2026-07-21 ratio=99.60 momentum=101.21; 2026-07-22 ratio=99.57 momentum=101.58,7.9
stock,Deep Industries,DEEPINDS.NS,Oil Equipment & Services,"Oil, Gas & Consumable Fuels",3007.04,0.65,-7.22,417.4,248.71,48.72,8.12,16.48,,not_stage_2,3,469.5,434.43,0.9,0.01957,"{'price_above_30w_ma': True, '30w_ma_rising': True, 'price_above_10w_ma': False, 'relative_strength_positive': False, 'near_52w_high': True}",improving,improving,99.55,103.08,-0.18,0.22,False,False,2026-07-16 ratio=99.74 momentum=102.86; 2026-07-17 ratio=99.59 momentum=101.59; 2026-07-20 ratio=99.64 momentum=102.57; 2026-07-21 ratio=99.47 momentum=104.29; 2026-07-22 ratio=99.55 momentum=103.08,77.2
stock,Asian Energy,ASIANENE.NS,Oil Equipment & Services,"Oil, Gas & Consumable Fuels",1705.19,0.29,32.65,50.57,338.23,56.99,29.53,16.51,,not_stage_2,3,350.65,307.42,2.34,0.01461,"{'price_above_30w_ma': True, '30w_ma_rising': True, 'price_above_10w_ma': False, 'relative_strength_positive': False, 'near_52w_high': True}",improving,leading,99.92,102.17,-0.64,1.15,False,False,2026-07-16 ratio=100.56 momentum=101.01; 2026-07-17 ratio=100.09 momentum=101.13; 2026-07-20 ratio=100.06 momentum=101.66; 2026-07-21 ratio=99.86 momentum=101.22; 2026-07-22 ratio=99.92 momentum=102.17,75.53
stock,Teja Engineering,TEJA.NS,Oil Equipment & Services,"Oil, Gas & Consumable Fuels",390.27,0.0,,,,,97.32,33.75,,insufficient_data,0,,,,,{},insufficient_data,insufficient_data,,,,,False,False,,0.0
stock,Oil Country,OILCOUNTUB.NS,Oil Equipment & Services,"Oil, Gas & Consumable Fuels",296.39,0.0,-13.64,-29.41,29.86,-13.02,,-25.38,,not_stage_2,1,56.09,52.83,-1.99,0.00234,"{'price_above_30w_ma': True, '30w_ma_rising': False, 'price_above_10w_ma': False, 'relative_strength_positive': False, 'near_52w_high': False}",improving,lagging,99.47,100.75,1.32,2.45,False,True,2026-07-16 ratio=98.15 momentum=98.29; 2026-07-17 ratio=97.83 momentum=96.19; 2026-07-20 ratio=98.98 momentum=98.81; 2026-07-21 ratio=99.61 momentum=100.62; 2026-07-22 ratio=99.47 momentum=100.75,23.75
stock,O N G C,ONGC.NS,Oil Exploration & Production,"Oil, Gas & Consumable Fuels",315936.37,4.86,13677.87,47.8,173805.19,3.61,7.58,14.15,,not_stage_2,2,251.9,265.69,0.45,0.0105,"{'price_above_30w_ma': False, '30w_ma_rising': True, 'price_above_10w_ma': False, 'relative_strength_positive': False, 'near_52w_high': True}",improving,improving,99.59,102.72,0.36,-0.76,False,False,2026-07-16 ratio=99.23 momentum=103.49; 2026-07-17 ratio=99.18 momentum=103.82; 2026-07-20 ratio=99.34 momentum=104.04; 2026-07-21 ratio=99.40 momentum=104.96; 2026-07-22 ratio=99.59 momentum=102.72,54.5
stock,Oil India,OIL.NS,Oil Exploration & Production,"Oil, Gas & Consumable Fuels",73392.66,2.55,2424.46,60.26,9293.27,5.51,11.09,11.56,,not_stage_2,4,451.15,461.93,0.8,0.0188,"{'price_above_30w_ma': False, '30w_ma_rising': True, 'price_above_10w_ma': True, 'relative_strength_positive': True, 'near_52w_high': True}",improving,improving,99.87,102.29,0.6,0.03,False,True,2026-07-16 ratio=99.27 momentum=102.27; 2026-07-17 ratio=99.31 momentum=102.47; 2026-07-20 ratio=99.80 momentum=103.72; 2026-07-21 ratio=99.62 momentum=103.49; 2026-07-22 ratio=99.87 momentum=102.29,93.05
stock,Vedanta Oil and Gas,VOGL.NS,Oil Exploration & Production,"Oil, Gas & Consumable Fuels",13013.77,0.0,,,,,,,,insufficient_data,0,,,,,{},insufficient_data,insufficient_data,,,,,False,False,,0.0
stock,Antelopus Selan,ANTELOPUS.NS,Oil Exploration & Production,"Oil, Gas & Consumable Fuels",3095.65,0.0,38.08,157.65,102.01,65.28,34.55,21.22,,stage_2,5,881.2,646.58,9.69,0.03672,"{'price_above_30w_ma': True, '30w_ma_rising': True, 'price_above_10w_ma': True, 'relative_strength_positive': True, 'near_52w_high': True}",leading,weakening,101.32,101.75,0.99,2.16,True,False,2026-07-16 ratio=100.34 momentum=99.59; 2026-07-17 ratio=100.16 momentum=99.50; 2026-07-20 ratio=100.86 momentum=101.63; 2026-07-21 ratio=100.99 momentum=102.94; 2026-07-22 ratio=101.32 momentum=101.75,189.73
stock,Hind.Oil Explor.,HINDOILEXP.NS,Oil Exploration & Production,"Oil, Gas & Consumable Fuels",2171.59,0.0,7.77,-84.81,-205.89,-574.51,68.68,3.41,,stage_2,5,164.06,152.48,0.41,0.00684,"{'price_above_30w_ma': True, '30w_ma_rising': True, 'price_above_10w_ma': True, 'relative_strength_positive': True, 'near_52w_high': True}",improving,lagging,99.92,101.9,0.84,2.47,False,True,2026-07-16 ratio=99.07 momentum=99.43; 2026-07-17 ratio=98.66 momentum=97.86; 2026-07-20 ratio=99.47 momentum=102.42; 2026-07-21 ratio=99.58 momentum=102.78; 2026-07-22 ratio=99.92 momentum=101.90,135.32
stock,Prabha Energy,PRABHA.NS,Oil Exploration & Production,"Oil, Gas & Consumable Fuels",1949.04,0.0,0.1,111.24,1.44,41.18,3419.37,0.1,,not_stage_2,0,142.53,159.34,-3.26,0.00594,"{'price_above_30w_ma': False, '30w_ma_rising': False, 'price_above_10w_ma': False, 'relative_strength_positive': False, 'near_52w_high': False}",lagging,improving,98.32,97.27,-0.27,-3.63,False,False,2026-07-16 ratio=98.59 momentum=100.90; 2026-07-17 ratio=98.37 momentum=101.81; 2026-07-20 ratio=98.31 momentum=102.91; 2026-07-21 ratio=98.47 momentum=100.51; 2026-07-22 ratio=98.32 momentum=97.27,0.0
stock,Guj.Nat.Resour.,GNRL.NS,Oil Exploration & Production,"Oil, Gas & Consumable Fuels",1465.81,0.0,1.05,166.04,11.2,158.66,148.21,7.25,,insufficient_data,0,,,,,{},lagging,lagging,99.7,96.22,-0.21,-0.88,False,False,2026-07-16 ratio=99.90 momentum=97.10; 2026-07-17 ratio=100.05 momentum=98.58; 2026-07-20 ratio=100.08 momentum=96.90; 2026-07-21 ratio=99.90 momentum=97.04; 2026-07-22 ratio=99.70 momentum=96.22,0.0
stock,L T Foods,LTFOODS.NS,Other Agricultural Products,Fast Moving Consumer Goods,13152.19,0.79,135.67,-15.48,2906.7,30.44,21.03,17.74,,not_stage_2,1,378.65,392.75,-0.43,0.01578,"{'price_above_30w_ma': False, '30w_ma_rising': False, 'price_above_10w_ma': False, 'relative_strength_positive': False, 'near_52w_high': True}",improving,improving,99.16,100.43,-0.07,-1.45,False,False,2026-07-16 ratio=99.23 momentum=101.88; 2026-07-17 ratio=99.02 momentum=101.61; 2026-07-20 ratio=99.30 momentum=103.71; 2026-07-21 ratio=99.02 momentum=102.04; 2026-07-22 ratio=99.16 momentum=100.43,22.15
stock,KRBL,KRBL.NS,Other Agricultural Products,Fast Moving Consumer Goods,8021.41,1.0,155.38,0.76,1525.5,5.77,12.38,15.16,,not_stage_2,1,350.3,349.47,-1.25,0.0146,"{'price_above_30w_ma': True, '30w_ma_rising': False, 'price_above_10w_ma': False, 'relative_strength_positive': False, 'near_52w_high': False}",lagging,lagging,99.08,98.41,-0.43,1.84,False,False,2026-07-16 ratio=99.51 momentum=96.57; 2026-07-17 ratio=99.22 momentum=96.83; 2026-07-20 ratio=99.14 momentum=97.34; 2026-07-21 ratio=99.19 momentum=97.87; 2026-07-22 ratio=99.08 momentum=98.41,20.0
stock,Guj. Ambuja Exp,GAEL.NS,Other Agricultural Products,Fast Moving Consumer Goods,6634.15,0.17,135.32,322.57,1466.51,15.78,21.59,12.51,,not_stage_2,2,144.73,147.06,2.96,0.00603,"{'price_above_30w_ma': False, '30w_ma_rising': True, 'price_above_10w_ma': False, 'relative_strength_positive': False, 'near_52w_high': True}",lagging,lagging,97.9,97.21,0.38,-0.06,False,False,2026-07-16 ratio=97.51 momentum=97.26; 2026-07-17 ratio=97.05 momentum=96.98; 2026-07-20 ratio=97.14 momentum=97.40; 2026-07-21 ratio=97.27 momentum=97.58; 2026-07-22 ratio=97.90 momentum=97.21,45.92
stock,Kaveri Seed Co.,KSCL.NS,Other Agricultural Products,Fast Moving Consumer Goods,4395.79,0.58,-27.81,-21.23,107.11,18.68,14.86,18.79,,not_stage_2,0,855.4,876.18,-1.38,0.03565,"{'price_above_30w_ma': False, '30w_ma_rising': False, 'price_above_10w_ma': False, 'relative_strength_positive': False, 'near_52w_high': False}",improving,lagging,98.93,100.68,0.73,3.93,False,True,2026-07-16 ratio=98.19 momentum=96.75; 2026-07-17 ratio=98.26 momentum=96.04; 2026-07-20 ratio=98.42 momentum=96.97; 2026-07-21 ratio=99.04 momentum=99.08; 2026-07-22 ratio=98.93 momentum=100.68,3.4
stock,TruAlt Bioenergy,TRUALT.NS,Other Agricultural Products,Fast Moving Consumer Goods,3699.56,0.0,60.94,-46.39,595.52,-34.34,38.56,10.44,,not_stage_2,2,430.6,432.55,0.95,0.01794,"{'price_above_30w_ma': False, '30w_ma_rising': True, 'price_above_10w_ma': False, 'relative_strength_positive': False, 'near_52w_high': True}",improving,lagging,98.7,101.79,0.74,5.82,False,True,2026-07-16 ratio=97.96 momentum=95.97; 2026-07-17 ratio=97.84 momentum=94.34; 2026-07-20 ratio=98.10 momentum=98.36; 2026-07-21 ratio=98.21 momentum=99.09; 2026-07-22 ratio=98.70 momentum=101.79,50.85
stock,Sanstar,SANSTAR.NS,Other Agricultural Products,Fast Moving Consumer Goods,2125.95,0.0,20.49,271.2,216.78,-4.47,61.71,5.69,,not_stage_2,3,106.48,97.66,3.02,0.00444,"{'price_above_30w_ma': True, '30w_ma_rising': True, 'price_above_10w_ma': False, 'relative_strength_positive': False, 'near_52w_high': True}",lagging,lagging,98.72,97.28,-0.95,0.22,False,False,2026-07-16 ratio=99.67 momentum=97.06; 2026-07-17 ratio=98.99 momentum=96.37; 2026-07-20 ratio=99.11 momentum=97.39; 2026-07-21 ratio=98.85 momentum=95.96; 2026-07-22 ratio=98.72 momentum=97.28,66.04
stock,A C J K Exports,AEROPLANE.NS,Other Agricultural Products,Fast Moving Consumer Goods,1902.07,0.0,19.96,65.64,694.68,19.7,18.41,15.7,,insufficient_data,0,,,,,{},insufficient_data,insufficient_data,,,,,False,False,,0.0
stock,GRM Overseas,GRMOVER.NS,Other Agricultural Products,Fast Moving Consumer Goods,1870.86,0.0,21.61,5.52,597.2,104.95,25.17,13.99,,not_stage_2,0,90.14,146.06,-5.45,0.00376,"{'price_above_30w_ma': False, '30w_ma_rising': False, 'price_above_10w_ma': False, 'relative_strength_positive': False, 'near_52w_high': False}",improving,improving,99.14,104.02,0.08,-2.06,False,False,2026-07-16 ratio=99.05 momentum=106.08; 2026-07-17 ratio=99.04 momentum=104.22; 2026-07-20 ratio=99.06 momentum=104.42; 2026-07-21 ratio=99.11 momentum=103.90; 2026-07-22 ratio=99.14 momentum=104.02,20.1
stock,Chamanlal Setia,CLSEL.NS,Other Agricultural Products,Fast Moving Consumer Goods,1402.78,0.89,38.27,55.89,428.37,16.5,12.22,18.32,,not_stage_2,3,281.85,268.64,1.18,0.01175,"{'price_above_30w_ma': True, '30w_ma_rising': True, 'price_above_10w_ma': False, 'relative_strength_positive': False, 'near_52w_high': True}",lagging,lagging,99.8,99.04,0.55,2.28,False,False,2026-07-16 ratio=99.24 momentum=96.77; 2026-07-17 ratio=98.18 momentum=96.67; 2026-07-20 ratio=97.91 momentum=97.49; 2026-07-21 ratio=99.26 momentum=98.96; 2026-07-22 ratio=99.80 momentum=99.04,62.36
stock,Gulshan Polyols,GULPOLY.NS,Other Agricultural Products,Fast Moving Consumer Goods,1166.09,0.16,37.54,434.76,550.82,6.98,10.87,18.31,,not_stage_2,3,186.93,168.79,3.94,0.00779,"{'price_above_30w_ma': True, '30w_ma_rising': True, 'price_above_10w_ma': False, 'relative_strength_positive': False, 'near_52w_high': True}",improving,lagging,99.36,100.46,0.68,2.56,False,True,2026-07-16 ratio=98.69 momentum=97.90; 2026-07-17 ratio=98.21 momentum=97.12; 2026-07-20 ratio=98.79 momentum=96.86; 2026-07-21 ratio=98.71 momentum=98.16; 2026-07-22 ratio=99.36 momentum=100.46,70.18
stock,AU Small Finance,AUBANK.NS,Other Bank,Financial Services,73460.08,0.1,831.87,65.15,5019.15,17.53,27.81,7.66,,not_stage_2,2,980.2,989.92,0.86,0.04085,"{'price_above_30w_ma': False, '30w_ma_rising': True, 'price_above_10w_ma': False, 'relative_strength_positive': False, 'near_52w_high': True}",lagging,weakening,98.42,97.68,-2.06,0.09,False,False,2026-07-16 ratio=100.47 momentum=97.59; 2026-07-17 ratio=99.77 momentum=97.40; 2026-07-20 ratio=98.43 momentum=97.25; 2026-07-21 ratio=98.98 momentum=97.75; 2026-07-22 ratio=98.42 momentum=97.68,41.72
stock,Ujjivan Small,UJJIVANSFB.NS,Other Bank,Financial Services,12636.43,0.0,281.97,238.13,1878.36,19.39,18.22,7.73,,stage_2,5,65.05,58.37,2.41,0.00271,"{'price_above_30w_ma': True, '30w_ma_rising': True, 'price_above_10w_ma': True, 'relative_strength_positive': True, 'near_52w_high': True}",leading,leading,101.8,101.81,-0.38,1.18,False,False,2026-07-16 ratio=102.18 momentum=100.62; 2026-07-17 ratio=101.72 momentum=101.39; 2026-07-20 ratio=101.93 momentum=102.42; 2026-07-21 ratio=101.90 momentum=100.91; 2026-07-22 ratio=101.80 momentum=101.81,167.87
stock,Equitas Sma. Fin,EQUITASBNK.NS,Other Bank,Financial Services,9041.29,0.0,212.68,405.06,1836.35,11.7,87.71,6.44,,stage_2,5,79.02,68.08,3.82,0.00329,"{'price_above_30w_ma': True, '30w_ma_rising': True, 'price_above_10w_ma': True, 'relative_strength_positive': True, 'near_52w_high': True}",weakening,weakening,101.01,99.86,0.31,0.75,False,False,2026-07-16 ratio=100.70 momentum=99.11; 2026-07-17 ratio=100.54 momentum=99.57; 2026-07-20 ratio=100.98 momentum=100.16; 2026-07-21 ratio=101.50 momentum=100.39; 2026-07-22 ratio=101.01 momentum=99.86,137.69
stock,Jana Small Finan,JSFB.NS,Other Bank,Financial Services,5838.09,0.0,155.23,52.29,1514.53,22.08,15.37,7.45,,stage_2,5,552.25,423.21,2.23,0.02301,"{'price_above_30w_ma': True, '30w_ma_rising': True, 'price_above_10w_ma': True, 'relative_strength_positive': True, 'near_52w_high': True}",leading,leading,103.08,103.42,1.79,2.41,False,False,2026-07-16 ratio=101.29 momentum=101.01; 2026-07-17 ratio=100.68 momentum=101.08; 2026-07-20 ratio=102.75 momentum=103.24; 2026-07-21 ratio=103.72 momentum=103.62; 2026-07-22 ratio=103.08 momentum=103.42,181.96
stock,Utkarsh Small F.,UTKARSHBNK.NS,Other Bank,Financial Services,2569.69,0.0,-188.02,-6430.64,836.75,-4.87,,1.46,,not_stage_2,3,14.45,13.73,-0.39,0.0006,"{'price_above_30w_ma': True, '30w_ma_rising': False, 'price_above_10w_ma': True, 'relative_strength_positive': True, 'near_52w_high': False}",leading,weakening,100.63,101.43,-0.68,1.93,False,False,2026-07-16 ratio=101.30 momentum=99.50; 2026-07-17 ratio=101.03 momentum=99.40; 2026-07-20 ratio=101.17 momentum=101.35; 2026-07-21 ratio=101.12 momentum=101.44; 2026-07-22 ratio=100.63 momentum=101.43,90.3
stock,Suryoday Small,SURYODAY.NS,Other Bank,Financial Services,1921.77,0.83,49.72,247.19,601.59,27.84,12.65,7.33,,stage_2,5,181.27,150.63,4.05,0.00755,"{'price_above_30w_ma': True, '30w_ma_rising': True, 'price_above_10w_ma': True, 'relative_strength_positive': True, 'near_52w_high': True}",leading,leading,100.94,100.26,-0.6,0.09,False,False,2026-07-16 ratio=101.54 momentum=100.17; 2026-07-17 ratio=100.48 momentum=98.85; 2026-07-20 ratio=101.01 momentum=99.99; 2026-07-21 ratio=102.03 momentum=102.48; 2026-07-22 ratio=100.94 momentum=100.26,159.1
stock,ESAF Small Fin,ESAFSFB.NS,Other Bank,Financial Services,1840.11,0.0,23.51,112.83,995.08,11.55,,5.65,,stage_2,5,35.71,28.24,4.57,0.00149,"{'price_above_30w_ma': True, '30w_ma_rising': True, 'price_above_10w_ma': True, 'relative_strength_positive': True, 'near_52w_high': True}",leading,leading,101.45,101.74,-0.33,0.16,False,False,2026-07-16 ratio=101.78 momentum=101.58; 2026-07-17 ratio=101.29 momentum=99.06; 2026-07-20 ratio=101.36 momentum=99.40; 2026-07-21 ratio=101.58 momentum=101.28; 2026-07-22 ratio=101.45 momentum=101.74,170.09
stock,Fino Payments,FINOPB.NS,Other Bank,Financial Services,1420.08,0.0,7.1,-65.04,64.1,21.45,25.41,4.53,,not_stage_2,3,171.04,166.34,-8.73,0.00713,"{'price_above_30w_ma': True, '30w_ma_rising': False, 'price_above_10w_ma': True, 'relative_strength_positive': True, 'near_52w_high': False}",leading,leading,102.04,102.13,0.39,1.22,False,False,2026-07-16 ratio=101.66 momentum=100.92; 2026-07-17 ratio=102.56 momentum=101.72; 2026-07-20 ratio=102.04 momentum=101.60; 2026-07-21 ratio=102.21 momentum=101.85; 2026-07-22 ratio=102.04 momentum=102.13,100.85
stock,Capital Small,CAPITALSFB.NS,Other Bank,Financial Services,1370.51,1.66,40.08,17.06,273.14,18.01,9.69,7.07,,stage_2,5,300.7,268.37,1.58,0.01253,"{'price_above_30w_ma': True, '30w_ma_rising': True, 'price_above_10w_ma': True, 'relative_strength_positive': True, 'near_52w_high': True}",leading,leading,101.95,105.31,-0.08,1.97,False,False,2026-07-16 ratio=102.03 momentum=103.34; 2026-07-17 ratio=102.11 momentum=102.11; 2026-07-20 ratio=102.33 momentum=102.73; 2026-07-21 ratio=102.26 momentum=101.81; 2026-07-22 ratio=101.95 momentum=105.31,184.46
stock,Ramco Inds.,RAMCOIND.NS,Other Construction Materials,Construction Materials,2957.78,0.37,87.63,128.93,501.83,18.74,9.83,4.57,,stage_2,5,340.4,297.56,1.57,0.01419,"{'price_above_30w_ma': True, '30w_ma_rising': True, 'price_above_10w_ma': True, 'relative_strength_positive': True, 'near_52w_high': True}",weakening,weakening,100.87,98.03,-0.86,-1.1,False,False,2026-07-16 ratio=101.73 momentum=99.13; 2026-07-17 ratio=101.29 momentum=98.55; 2026-07-20 ratio=101.31 momentum=98.34; 2026-07-21 ratio=101.12 momentum=97.60; 2026-07-22 ratio=100.87 momentum=98.03,132.49
stock,BirlaNu Ltd,BIRLANU.NS,Other Construction Materials,Construction Materials,1012.25,1.12,-22.35,-63.54,1010.13,8.74,,-4.29,,not_stage_2,0,1341.2,1461.63,-1.94,0.05589,"{'price_above_30w_ma': False, '30w_ma_rising': False, 'price_above_10w_ma': False, 'relative_strength_positive': False, 'near_52w_high': False}",improving,lagging,99.65,100.86,1.32,3.63,False,True,2026-07-16 ratio=98.34 momentum=97.23; 2026-07-17 ratio=98.54 momentum=97.75; 2026-07-20 ratio=98.78 momentum=99.52; 2026-07-21 ratio=99.56 momentum=101.50; 2026-07-22 ratio=99.65 momentum=100.86,4.3
stock,Arisinfra Solu.,ARIS.NS,Other Construction Materials,Construction Materials,966.64,0.0,21.66,1332.3,343.36,55.26,17.76,15.57,,not_stage_2,3,118.19,115.64,-1.96,0.00493,"{'price_above_30w_ma': True, '30w_ma_rising': False, 'price_above_10w_ma': True, 'relative_strength_positive': True, 'near_52w_high': False}",improving,improving,99.94,102.78,0.61,-2.19,False,False,2026-07-16 ratio=99.33 momentum=104.97; 2026-07-17 ratio=99.03 momentum=102.29; 2026-07-20 ratio=99.46 momentum=102.13; 2026-07-21 ratio=99.87 momentum=102.91; 2026-07-22 ratio=99.94 momentum=102.78,73.9
stock,Everest Inds.,EVERESTIND.NS,Other Construction Materials,Construction Materials,754.66,0.21,-47.17,-31346.67,327.17,-27.72,,-8.5,,not_stage_2,3,482.95,407.19,-0.88,0.02013,"{'price_above_30w_ma': True, '30w_ma_rising': False, 'price_above_10w_ma': True, 'relative_strength_positive': True, 'near_52w_high': False}",weakening,weakening,101.05,98.81,-0.46,3.87,False,False,2026-07-16 ratio=101.51 momentum=94.93; 2026-07-17 ratio=101.13 momentum=96.28; 2026-07-20 ratio=101.15 momentum=97.22; 2026-07-21 ratio=101.14 momentum=97.76; 2026-07-22 ratio=101.05 momentum=98.81,65.25
stock,Vishnusurya Pro.,VISHNUINFR.NS,Other Construction Materials,Construction Materials,417.4,0.62,8.01,7.23,127.38,35.93,11.73,19.92,,not_stage_2,0,156.1,165.24,-0.5,0.00651,"{'price_above_30w_ma': False, '30w_ma_rising': False, 'price_above_10w_ma': False, 'relative_strength_positive': False, 'near_52w_high': False}",lagging,lagging,98.2,96.58,-0.74,-0.26,False,False,2026-07-15 ratio=98.94 momentum=96.84; 2026-07-16 ratio=98.97 momentum=97.97; 2026-07-17 ratio=99.06 momentum=98.35; 2026-07-20 ratio=99.21 momentum=95.58; 2026-07-21 ratio=98.20 momentum=96.58,0.0
stock,Teamtech Formwork,TEAMTECH.NS,Other Construction Materials,Construction Materials,401.68,0.0,7.33,,31.74,,34.66,41.17,,insufficient_data,0,,,,,{},insufficient_data,insufficient_data,,,,,False,False,,0.0
stock,Sahyadri Industr,SAHYADRI.NS,Other Construction Materials,Construction Materials,308.19,0.36,10.55,147.07,194.52,28.46,10.46,9.71,,stage_2,4,280.8,260.55,1.46,0.0117,"{'price_above_30w_ma': True, '30w_ma_rising': True, 'price_above_10w_ma': True, 'relative_strength_positive': False, 'near_52w_high': True}",improving,lagging,99.51,101.25,0.02,2.02,False,True,2026-07-16 ratio=99.49 momentum=99.22; 2026-07-17 ratio=99.27 momentum=98.61; 2026-07-20 ratio=99.43 momentum=99.13; 2026-07-21 ratio=99.65 momentum=99.13; 2026-07-22 ratio=99.51 momentum=101.25,114.17
stock,MCON Rasayan,MCON.NS,Other Construction Materials,Construction Materials,32.27,0.0,1.8,76.47,36.86,26.32,10.62,11.06,,not_stage_2,0,44.05,48.97,-5.53,0.00184,"{'price_above_30w_ma': False, '30w_ma_rising': False, 'price_above_10w_ma': False, 'relative_strength_positive': False, 'near_52w_high': False}",improving,improving,99.42,103.1,0.28,2.62,False,True,2026-07-15 ratio=99.14 momentum=100.48; 2026-07-16 ratio=99.38 momentum=102.25; 2026-07-17 ratio=99.47 momentum=103.15; 2026-07-20 ratio=99.48 momentum=101.75; 2026-07-21 ratio=99.42 momentum=103.10,15.5
stock,SIS,SIS.NS,Other Consumer Services,Consumer Services,6177.96,1.6,102.5,92.24,4489.3,30.96,17.9,13.68,,stage_2,5,437.1,356.17,3.95,0.01822,"{'price_above_30w_ma': True, '30w_ma_rising': True, 'price_above_10w_ma': True, 'relative_strength_positive': True, 'near_52w_high': True}",leading,leading,101.0,100.17,-0.21,-1.88,False,False,2026-07-16 ratio=101.20 momentum=102.05; 2026-07-17 ratio=100.54 momentum=99.88; 2026-07-20 ratio=100.75 momentum=101.17; 2026-07-21 ratio=101.08 momentum=102.67; 2026-07-22 ratio=101.00 momentum=100.17,158.75
stock,E Factor Experie,EFACTOR.NS,Other Consumer Services,Consumer Services,204.85,0.77,14.61,-26.66,138.84,-9.5,10.41,24.71,,not_stage_2,0,160.0,220.54,-9.28,0.00667,"{'price_above_30w_ma': False, '30w_ma_rising': False, 'price_above_10w_ma': False, 'relative_strength_positive': False, 'near_52w_high': False}",improving,lagging,98.66,100.38,0.05,1.77,False,True,2026-07-15 ratio=98.61 momentum=98.61; 2026-07-16 ratio=98.96 momentum=100.54; 2026-07-17 ratio=98.62 momentum=98.53; 2026-07-20 ratio=98.66 momentum=100.56; 2026-07-21 ratio=98.66 momentum=100.38,1.9
stock,Party Cruisers,PARTYCRUS.NS,Other Consumer Services,Consumer Services,107.47,0.0,2.82,33.02,33.33,11.58,8.72,39.65,,not_stage_2,3,90.0,89.34,0.99,0.00375,"{'price_above_30w_ma': True, '30w_ma_rising': True, 'price_above_10w_ma': False, 'relative_strength_positive': False, 'near_52w_high': True}",improving,improving,99.25,102.46,0.8,-0.22,False,False,2026-07-15 ratio=98.45 momentum=102.68; 2026-07-16 ratio=98.85 momentum=103.11; 2026-07-17 ratio=98.77 momentum=99.99; 2026-07-20 ratio=98.84 momentum=103.53; 2026-07-21 ratio=99.25 momentum=102.46,74.28
stock,Touchwood Enter.,TOUCHWOOD.NS,Other Consumer Services,Consumer Services,74.98,0.0,0.7,-50.0,27.94,12.03,17.64,13.39,,not_stage_2,0,67.66,77.67,-5.73,0.00282,"{'price_above_30w_ma': False, '30w_ma_rising': False, 'price_above_10w_ma': False, 'relative_strength_positive': False, 'near_52w_high': False}",improving,improving,98.63,102.32,-0.28,1.25,False,False,2026-07-16 ratio=98.91 momentum=101.08; 2026-07-17 ratio=98.45 momentum=99.55; 2026-07-20 ratio=98.29 momentum=101.22; 2026-07-21 ratio=98.37 momentum=98.97; 2026-07-22 ratio=98.63 momentum=102.32,11.6
stock,Blue Pebble,BLUEPEBBLE.NS,Other Consumer Services,Consumer Services,27.34,0.75,-0.26,,11.14,,55.8,2.38,,not_stage_2,0,67.0,112.9,-4.25,0.00279,"{'price_above_30w_ma': False, '30w_ma_rising': False, 'price_above_10w_ma': False, 'relative_strength_positive': False, 'near_52w_high': False}",lagging,improving,98.59,98.45,-0.28,-3.23,False,False,2026-07-15 ratio=98.87 momentum=101.68; 2026-07-16 ratio=98.83 momentum=101.30; 2026-07-17 ratio=99.00 momentum=103.09; 2026-07-20 ratio=98.77 momentum=103.68; 2026-07-21 ratio=98.59 momentum=98.45,0.0
stock,Thinking Hats,THESL.NS,Other Consumer Services,Consumer Services,23.79,0.0,0.51,-80.08,15.16,-61.15,19.19,5.96,,insufficient_data,0,,,,,{},insufficient_data,insufficient_data,,,,,False,False,,0.0
stock,HBL Engineering,HBLENGINE.NS,Other Industrial Products,Capital Goods,19746.14,0.28,63.73,44.18,604.12,27.03,23.57,58.45,,not_stage_2,0,712.6,764.63,-1.4,0.0297,"{'price_above_30w_ma': False, '30w_ma_rising': False, 'price_above_10w_ma': False, 'relative_strength_positive': False, 'near_52w_high': False}",lagging,lagging,97.56,98.23,-0.3,2.12,False,False,2026-07-16 ratio=97.86 momentum=96.11; 2026-07-17 ratio=97.73 momentum=94.78; 2026-07-20 ratio=97.61 momentum=92.60; 2026-07-21 ratio=97.74 momentum=97.60; 2026-07-22 ratio=97.56 momentum=98.23,0.0
stock,Inox India,INOXINDIA.NS,Other Industrial Products,Capital Goods,18568.53,0.1,75.24,11.19,460.65,24.7,71.38,33.48,,stage_2,5,2042.2,1425.99,8.55,0.0851,"{'price_above_30w_ma': True, '30w_ma_rising': True, 'price_above_10w_ma': True, 'relative_strength_positive': True, 'near_52w_high': True}",leading,weakening,101.34,100.85,0.03,0.86,True,False,2026-07-16 ratio=101.30 momentum=99.99; 2026-07-17 ratio=101.09 momentum=100.16; 2026-07-20 ratio=101.19 momentum=100.80; 2026-07-21 ratio=101.56 momentum=103.58; 2026-07-22 ratio=101.34 momentum=100.85,183.05
stock,Esab India,ESABINDIA.NS,Other Industrial Products,Capital Goods,8886.72,1.3,43.55,-8.18,395.75,7.62,46.1,64.68,,not_stage_2,1,5787.0,5805.28,-0.67,0.24116,"{'price_above_30w_ma': False, '30w_ma_rising': False, 'price_above_10w_ma': False, 'relative_strength_positive': False, 'near_52w_high': True}",improving,improving,99.42,102.16,0.39,2.13,False,True,2026-07-16 ratio=99.02 momentum=100.02; 2026-07-17 ratio=98.92 momentum=99.18; 2026-07-20 ratio=99.46 momentum=104.07; 2026-07-21 ratio=99.49 momentum=103.55; 2026-07-22 ratio=99.42 momentum=102.16,30.8
stock,KRN Heat Exchan,KRN.NS,Other Industrial Products,Capital Goods,8091.51,0.0,23.36,57.09,179.48,36.49,105.81,16.06,,stage_2,5,1237.9,1014.76,6.66,0.05159,"{'price_above_30w_ma': True, '30w_ma_rising': True, 'price_above_10w_ma': True, 'relative_strength_positive': True, 'near_52w_high': True}",leading,leading,100.61,101.45,-0.64,-1.16,False,False,2026-07-16 ratio=101.25 momentum=102.61; 2026-07-17 ratio=100.44 momentum=101.28; 2026-07-20 ratio=100.85 momentum=101.99; 2026-07-21 ratio=100.70 momentum=101.42; 2026-07-22 ratio=100.61 momentum=101.45,168.62
stock,Subros,SUBROS.NS,Other Industrial Products,Capital Goods,5185.91,0.33,49.33,6.77,1049.76,15.55,30.25,19.75,,not_stage_2,3,794.9,768.96,-0.88,0.03313,"{'price_above_30w_ma': True, '30w_ma_rising': False, 'price_above_10w_ma': True, 'relative_strength_positive': True, 'near_52w_high': False}",weakening,weakening,100.45,99.12,-0.22,3.09,False,False,2026-07-16 ratio=100.67 momentum=96.03; 2026-07-17 ratio=100.41 momentum=94.99; 2026-07-20 ratio=100.50 momentum=95.60; 2026-07-21 ratio=100.48 momentum=97.42; 2026-07-22 ratio=100.45 momentum=99.12,62.25
stock,Harsha Engg Intl,HARSHA.NS,Other Industrial Products,Capital Goods,3745.98,0.36,47.23,200.64,473.91,27.06,26.83,13.0,,not_stage_2,3,411.0,387.57,1.58,0.01713,"{'price_above_30w_ma': True, '30w_ma_rising': True, 'price_above_10w_ma': False, 'relative_strength_positive': False, 'near_52w_high': True}",lagging,leading,99.47,97.9,-1.45,-4.24,False,False,2026-07-16 ratio=100.92 momentum=102.14; 2026-07-17 ratio=99.73 momentum=98.86; 2026-07-20 ratio=100.05 momentum=97.57; 2026-07-21 ratio=99.45 momentum=96.39; 2026-07-22 ratio=99.47 momentum=97.90,63.16
stock,Ador Welding,ADOR.NS,Other Industrial Products,Capital Goods,2571.96,1.56,27.35,890.46,308.63,23.19,21.48,22.71,,stage_2,5,1477.9,1087.81,4.16,0.06159,"{'price_above_30w_ma': True, '30w_ma_rising': True, 'price_above_10w_ma': True, 'relative_strength_positive': True, 'near_52w_high': True}",leading,weakening,102.43,101.87,0.59,2.66,True,False,2026-07-16 ratio=101.84 momentum=99.21; 2026-07-17 ratio=101.91 momentum=98.03; 2026-07-20 ratio=102.52 momentum=102.22; 2026-07-21 ratio=102.79 momentum=103.12; 2026-07-22 ratio=102.43 momentum=101.87,184.82
stock,Diffusion Eng,DIFFNKG.NS,Other Industrial Products,Capital Goods,1467.69,0.38,15.97,22.81,141.57,38.08,28.86,16.42,,stage_2,5,392.8,309.51,3.81,0.01637,"{'price_above_30w_ma': True, '30w_ma_rising': True, 'price_above_10w_ma': True, 'relative_strength_positive': True, 'near_52w_high': True}",weakening,weakening,100.84,99.61,-0.01,4.06,False,False,2026-07-16 ratio=100.85 momentum=95.55; 2026-07-17 ratio=100.42 momentum=95.39; 2026-07-20 ratio=100.60 momentum=96.16; 2026-07-21 ratio=100.87 momentum=98.79; 2026-07-22 ratio=100.84 momentum=99.61,136.82
stock,MIC Electronics,MICEL.NS,Other Industrial Products,Capital Goods,884.03,0.0,-18.35,-614.01,50.79,13.24,,8.55,,not_stage_2,0,36.69,39.96,-2.1,0.00153,"{'price_above_30w_ma': False, '30w_ma_rising': False, 'price_above_10w_ma': False, 'relative_strength_positive': False, 'near_52w_high': False}",improving,improving,98.45,101.64,-0.41,-0.22,False,False,2026-07-16 ratio=98.86 momentum=101.87; 2026-07-17 ratio=98.67 momentum=100.39; 2026-07-20 ratio=98.59 momentum=101.39; 2026-07-21 ratio=98.67 momentum=101.96; 2026-07-22 ratio=98.45 momentum=101.64,8.2
stock,Vilas Transcore,VILAS.NS,Other Industrial Products,Capital Goods,871.25,0.0,15.18,-26.24,231.91,21.66,22.02,16.12,,not_stage_2,0,364.95,384.18,-0.73,0.01521,"{'price_above_30w_ma': False, '30w_ma_rising': False, 'price_above_10w_ma': False, 'relative_strength_positive': False, 'near_52w_high': False}",lagging,improving,98.83,97.65,-0.42,-2.75,False,False,2026-07-15 ratio=99.25 momentum=100.40; 2026-07-16 ratio=99.76 momentum=99.33; 2026-07-17 ratio=99.03 momentum=94.50; 2026-07-20 ratio=99.10 momentum=98.70; 2026-07-21 ratio=98.83 momentum=97.65,0.0
stock,Maruti Suzuki,MARUTI.NS,Passenger Cars & Utility Vehicles,Automobile and Auto Components,425974.2,1.03,3659.0,-6.45,52462.5,28.21,29.02,19.02,,not_stage_2,2,13545.0,13984.53,-2.38,0.56446,"{'price_above_30w_ma': False, '30w_ma_rising': False, 'price_above_10w_ma': True, 'relative_strength_positive': False, 'near_52w_high': True}",lagging,weakening,99.98,96.07,-0.59,-1.68,False,False,2026-07-16 ratio=100.57 momentum=97.76; 2026-07-17 ratio=100.16 momentum=97.45; 2026-07-20 ratio=99.44 momentum=96.61; 2026-07-21 ratio=99.80 momentum=95.41; 2026-07-22 ratio=99.98 momentum=96.07,40.0
stock,M & M,M&M.NS,Passenger Cars & Utility Vehicles,Automobile and Auto Components,394789.9,1.04,5259.91,48.85,54981.91,29.07,22.83,15.1,,not_stage_2,3,3175.3,3251.83,-2.01,0.13232,"{'price_above_30w_ma': False, '30w_ma_rising': False, 'price_above_10w_ma': True, 'relative_strength_positive': True, 'near_52w_high': True}",leading,lagging,101.29,102.11,1.65,3.98,True,False,2026-07-16 ratio=99.64 momentum=98.13; 2026-07-17 ratio=100.12 momentum=101.31; 2026-07-20 ratio=100.18 momentum=99.87; 2026-07-21 ratio=101.16 momentum=101.68; 2026-07-22 ratio=101.29 momentum=102.11,107.0
stock,Hyundai Motor I,HYUNDAI.NS,Passenger Cars & Utility Vehicles,Automobile and Auto Components,158346.71,1.08,1255.63,-22.22,18916.15,5.44,29.15,38.42,,not_stage_2,0,1945.6,2008.75,-2.23,0.08108,"{'price_above_30w_ma': False, '30w_ma_rising': False, 'price_above_10w_ma': False, 'relative_strength_positive': False, 'near_52w_high': False}",weakening,leading,100.15,99.82,-1.37,-2.76,False,False,2026-07-16 ratio=101.52 momentum=102.58; 2026-07-17 ratio=100.58 momentum=98.93; 2026-07-20 ratio=100.32 momentum=98.48; 2026-07-21 ratio=100.11 momentum=98.90; 2026-07-22 ratio=100.15 momentum=99.82,0.75
stock,Tata Motors PVeh,TMPV.NS,Passenger Cars & Utility Vehicles,Automobile and Auto Components,120696.32,0.92,5878.0,-24.63,105447.0,7.19,1.4,2.73,,not_stage_2,0,327.7,352.61,-0.63,0.01366,"{'price_above_30w_ma': False, '30w_ma_rising': False, 'price_above_10w_ma': False, 'relative_strength_positive': False, 'near_52w_high': False}",improving,lagging,98.66,100.62,0.03,3.35,False,True,2026-07-16 ratio=98.64 momentum=97.27; 2026-07-17 ratio=98.68 momentum=98.85; 2026-07-20 ratio=98.80 momentum=99.40; 2026-07-21 ratio=98.76 momentum=100.63; 2026-07-22 ratio=98.66 momentum=100.62,3.1
stock,Force Motors,FORCEMOT.NS,Passenger Cars & Utility Vehicles,Automobile and Auto Components,22935.23,0.23,278.54,56.59,2549.84,8.23,21.71,36.08,,not_stage_2,1,17418.0,20313.8,0.29,0.72586,"{'price_above_30w_ma': False, '30w_ma_rising': True, 'price_above_10w_ma': False, 'relative_strength_positive': False, 'near_52w_high': False}",lagging,lagging,98.52,99.34,-0.95,0.63,False,False,2026-07-16 ratio=99.47 momentum=98.71; 2026-07-17 ratio=99.03 momentum=99.12; 2026-07-20 ratio=98.79 momentum=98.85; 2026-07-21 ratio=98.62 momentum=97.97; 2026-07-22 ratio=98.52 momentum=99.34,20.58
stock,Olectra Greentec,OLECTRA.NS,Passenger Cars & Utility Vehicles,Automobile and Auto Components,11047.24,0.03,57.39,164.38,644.72,43.62,62.24,21.05,,not_stage_2,3,1345.8,1186.77,2.19,0.05608,"{'price_above_30w_ma': True, '30w_ma_rising': True, 'price_above_10w_ma': False, 'relative_strength_positive': False, 'near_52w_high': True}",lagging,weakening,99.92,97.73,-0.34,2.53,False,False,2026-07-16 ratio=100.27 momentum=95.21; 2026-07-17 ratio=99.75 momentum=95.22; 2026-07-20 ratio=99.78 momentum=95.57; 2026-07-21 ratio=99.90 momentum=97.92; 2026-07-22 ratio=99.92 momentum=97.73,64.38
stock,Mercury EV-Tech,MERCURYEV.NS,Passenger Cars & Utility Vehicles,Automobile and Auto Components,674.58,0.0,0.3,-80.65,20.21,-34.13,161.38,2.64,,insufficient_data,0,,,,,{},insufficient_data,insufficient_data,,,,,False,False,,0.0
stock,Hindustan Motors,HINDMOTORS.NS,Passenger Cars & Utility Vehicles,Automobile and Auto Components,329.89,0.0,-4.29,671.83,0.0,,39.6,20.28,,insufficient_data,0,,,,,{},insufficient_data,insufficient_data,,,,,False,False,,0.0
stock,Supreme Inds.,SUPREMEIND.NS,Plastic Products - Industrial,Capital Goods,43842.42,1.04,433.57,47.5,3527.66,16.54,47.0,20.73,,not_stage_2,1,3452.8,3615.41,0.19,0.14389,"{'price_above_30w_ma': False, '30w_ma_rising': True, 'price_above_10w_ma': False, 'relative_strength_positive': False, 'near_52w_high': False}",improving,leading,99.84,103.59,-0.25,0.85,False,False,2026-07-16 ratio=100.09 momentum=102.73; 2026-07-17 ratio=99.35 momentum=102.32; 2026-07-20 ratio=99.48 momentum=102.53; 2026-07-21 ratio=99.32 momentum=103.09; 2026-07-22 ratio=99.84 momentum=103.59,38.33
stock,Astral,ASTRAL.NS,Plastic Products - Industrial,Capital Goods,38447.97,0.26,213.0,21.24,2088.5,24.21,69.75,19.86,,not_stage_2,1,1430.8,1528.6,-0.35,0.05963,"{'price_above_30w_ma': False, '30w_ma_rising': False, 'price_above_10w_ma': False, 'relative_strength_positive': False, 'near_52w_high': True}",improving,improving,99.46,103.11,0.75,-0.98,False,False,2026-07-16 ratio=98.71 momentum=104.09; 2026-07-17 ratio=98.63 momentum=102.60; 2026-07-20 ratio=98.91 momentum=102.67; 2026-07-21 ratio=99.17 momentum=103.35; 2026-07-22 ratio=99.46 momentum=103.11,35.55
stock,Garware Hi Tech,GRWRHITECH.NS,Plastic Products - Industrial,Capital Goods,15604.59,0.18,108.21,39.09,596.69,8.9,46.14,18.02,,stage_2,5,6713.0,4716.0,10.67,0.27975,"{'price_above_30w_ma': True, '30w_ma_rising': True, 'price_above_10w_ma': True, 'relative_strength_positive': True, 'near_52w_high': True}",weakening,weakening,100.66,97.37,-0.47,0.55,False,False,2026-07-16 ratio=101.13 momentum=96.82; 2026-07-17 ratio=101.05 momentum=98.11; 2026-07-20 ratio=100.98 momentum=96.99; 2026-07-21 ratio=100.96 momentum=98.17; 2026-07-22 ratio=100.66 momentum=97.37,149.64
stock,Finolex Inds.,FINPIPE.NS,Plastic Products - Industrial,Capital Goods,10209.8,1.22,261.25,58.74,1313.88,12.12,17.04,12.71,,not_stage_2,2,164.23,174.56,0.05,0.00684,"{'price_above_30w_ma': False, '30w_ma_rising': True, 'price_above_10w_ma': False, 'relative_strength_positive': False, 'near_52w_high': True}",improving,lagging,98.54,102.48,-0.11,6.13,False,False,2026-07-16 ratio=98.66 momentum=96.35; 2026-07-17 ratio=98.00 momentum=94.66; 2026-07-20 ratio=98.27 momentum=96.71; 2026-07-21 ratio=98.50 momentum=100.34; 2026-07-22 ratio=98.54 momentum=102.48,52.5
stock,Time Technoplast,TIMETECHNO.NS,Plastic Products - Industrial,Capital Goods,10047.98,0.62,134.31,20.38,1676.67,14.16,21.44,16.71,,stage_2,5,203.1,182.11,0.65,0.00846,"{'price_above_30w_ma': True, '30w_ma_rising': True, 'price_above_10w_ma': True, 'relative_strength_positive': True, 'near_52w_high': True}",leading,leading,102.57,102.23,-1.35,0.29,False,False,2026-07-16 ratio=103.92 momentum=101.94; 2026-07-17 ratio=103.73 momentum=101.99; 2026-07-20 ratio=104.26 momentum=102.50; 2026-07-21 ratio=103.18 momentum=102.46; 2026-07-22 ratio=102.57 momentum=102.23,170.3
stock,Kingfa Science,KINGFA.NS,Plastic Products - Industrial,Capital Goods,6839.53,0.0,59.15,41.17,578.47,23.2,36.92,23.2,,not_stage_2,3,5068.0,4667.0,3.26,0.2112,"{'price_above_30w_ma': True, '30w_ma_rising': True, 'price_above_10w_ma': False, 'relative_strength_positive': False, 'near_52w_high': True}",lagging,lagging,99.24,99.8,-0.08,2.12,False,False,2026-07-16 ratio=99.32 momentum=97.68; 2026-07-17 ratio=98.63 momentum=96.32; 2026-07-20 ratio=98.78 momentum=98.70; 2026-07-21 ratio=98.88 momentum=98.42; 2026-07-22 ratio=99.24 momentum=99.80,66.52
stock,Prince Pipes,PRINCEPIPE.NS,Plastic Products - Industrial,Capital Goods,2882.87,0.19,56.11,132.05,850.07,18.12,38.32,6.12,,not_stage_2,3,260.7,256.07,0.84,0.01086,"{'price_above_30w_ma': True, '30w_ma_rising': True, 'price_above_10w_ma': False, 'relative_strength_positive': False, 'near_52w_high': True}",lagging,lagging,98.88,98.82,-0.69,2.44,False,False,2026-07-16 ratio=99.57 momentum=96.38; 2026-07-17 ratio=99.36 momentum=94.05; 2026-07-20 ratio=99.30 momentum=98.02; 2026-07-21 ratio=99.09 momentum=98.16; 2026-07-22 ratio=98.88 momentum=98.82,61.68
stock,Jain Irrigation,JISLJALEQS.NS,Plastic Products - Industrial,Capital Goods,2191.63,0.0,-19.04,-164.41,1823.97,4.3,,5.3,,not_stage_2,0,30.09,33.51,-3.57,0.00125,"{'price_above_30w_ma': False, '30w_ma_rising': False, 'price_above_10w_ma': False, 'relative_strength_positive': False, 'near_52w_high': False}",lagging,lagging,98.95,97.48,-0.25,1.56,False,False,2026-07-16 ratio=99.20 momentum=95.93; 2026-07-17 ratio=98.85 momentum=94.98; 2026-07-20 ratio=99.02 momentum=95.85; 2026-07-21 ratio=98.91 momentum=96.68; 2026-07-22 ratio=98.95 momentum=97.48,0.0
stock,Apollo Pipes,APOLLOPIPE.NS,Plastic Products - Industrial,Capital Goods,2159.48,0.14,-0.13,-89.88,347.02,10.24,,1.23,,not_stage_2,3,490.8,418.12,6.64,0.02045,"{'price_above_30w_ma': True, '30w_ma_rising': True, 'price_above_10w_ma': False, 'relative_strength_positive': False, 'near_52w_high': True}",improving,leading,99.59,100.74,-0.69,-0.2,False,False,2026-07-16 ratio=100.28 momentum=100.94; 2026-07-17 ratio=99.68 momentum=100.38; 2026-07-20 ratio=99.45 momentum=100.72; 2026-07-21 ratio=99.52 momentum=100.85; 2026-07-22 ratio=99.59 momentum=100.74,76.98
stock,Jai Corp,JAICORPLTD.NS,Plastic Products - Industrial,Capital Goods,1790.68,0.49,20.79,-11.25,120.62,-10.9,10.49,13.27,,not_stage_2,0,102.04,111.67,-2.44,0.00425,"{'price_above_30w_ma': False, '30w_ma_rising': False, 'price_above_10w_ma': False, 'relative_strength_positive': False, 'near_52w_high': False}",improving,lagging,97.25,100.56,-0.51,2.99,False,False,2026-07-16 ratio=97.77 momentum=97.57; 2026-07-17 ratio=97.41 momentum=94.53; 2026-07-20 ratio=97.75 momentum=99.39; 2026-07-21 ratio=97.56 momentum=100.53; 2026-07-22 ratio=97.25 momentum=100.56,2.8
stock,Knowledge Realty,KRT.NS,Real Estate Investment Trusts (REITs),Realty,51563.02,4.08,107.37,,1196.55,,142.98,5.22,,insufficient_data,0,,,,,{},insufficient_data,insufficient_data,,,,,False,False,,0.0
stock,Embassy Off.REIT,EMBASSY.NS,Real Estate Investment Trusts (REITs),Realty,42293.13,0.19,-430.02,-77.05,1204.68,10.95,154.05,5.61,,stage_2,5,445.64,433.92,0.42,0.01857,"{'price_above_30w_ma': True, '30w_ma_rising': True, 'price_above_10w_ma': True, 'relative_strength_positive': True, 'near_52w_high': True}",weakening,weakening,100.63,99.37,-0.17,0.99,False,False,2026-07-15 ratio=100.81 momentum=98.38; 2026-07-16 ratio=101.16 momentum=99.40; 2026-07-17 ratio=101.20 momentum=100.34; 2026-07-20 ratio=101.01 momentum=100.38; 2026-07-21 ratio=100.63 momentum=99.37,128.99
stock,Bagmane Prime REIT,BAGMANE.NS,Real Estate Investment Trusts (REITs),Realty,35591.19,0.0,253.94,,623.27,,39.71,33.22,,insufficient_data,0,,,,,{},insufficient_data,insufficient_data,,,,,False,False,,0.0
stock,Mindspace Busine,MINDSPACE.NS,Real Estate Investment Trusts (REITs),Realty,32940.15,8.54,208.74,127.77,889.95,30.67,48.67,7.64,,stage_2,5,497.0,473.98,0.37,0.02071,"{'price_above_30w_ma': True, '30w_ma_rising': True, 'price_above_10w_ma': True, 'relative_strength_positive': True, 'near_52w_high': True}",leading,leading,102.04,100.57,-0.17,-0.77,False,False,2026-07-15 ratio=102.20 momentum=101.34; 2026-07-16 ratio=102.11 momentum=100.47; 2026-07-17 ratio=101.45 momentum=98.63; 2026-07-20 ratio=101.83 momentum=100.72; 2026-07-21 ratio=102.04 momentum=100.57,158.79
stock,Brookfield India,BIRET.NS,Real Estate Investment Trusts (REITs),Realty,28361.95,7.35,53.86,-50.2,959.58,54.71,59.15,5.36,,stage_2,5,340.98,334.86,0.08,0.01421,"{'price_above_30w_ma': True, '30w_ma_rising': True, 'price_above_10w_ma': True, 'relative_strength_positive': True, 'near_52w_high': True}",weakening,weakening,101.52,99.31,-0.37,0.09,False,False,2026-07-15 ratio=101.88 momentum=99.22; 2026-07-16 ratio=101.71 momentum=98.55; 2026-07-17 ratio=101.15 momentum=98.34; 2026-07-20 ratio=101.48 momentum=99.49; 2026-07-21 ratio=101.52 momentum=99.31,132.76
stock,Nexus Select,NXST.NS,Real Estate Investment Trusts (REITs),Realty,25436.86,5.41,12.18,-89.34,652.37,12.41,69.28,5.83,,stage_2,5,167.49,158.28,0.37,0.00698,"{'price_above_30w_ma': True, '30w_ma_rising': True, 'price_above_10w_ma': True, 'relative_strength_positive': True, 'near_52w_high': True}",leading,leading,101.91,103.03,0.28,2.76,False,False,2026-07-15 ratio=101.63 momentum=100.27; 2026-07-16 ratio=101.55 momentum=99.33; 2026-07-17 ratio=101.46 momentum=101.55; 2026-07-20 ratio=101.91 momentum=103.18; 2026-07-21 ratio=101.91 momentum=103.03,170.44
stock,Apcotex Industri,APCOTEXIND.NS,Rubber,Capital Goods,2880.49,1.44,34.74,107.28,397.58,13.79,28.71,19.8,,stage_2,5,555.1,427.65,5.04,0.02313,"{'price_above_30w_ma': True, '30w_ma_rising': True, 'price_above_10w_ma': True, 'relative_strength_positive': True, 'near_52w_high': True}",leading,leading,101.76,102.64,0.62,0.94,False,False,2026-07-16 ratio=101.14 momentum=101.70; 2026-07-17 ratio=100.34 momentum=99.38; 2026-07-20 ratio=101.53 momentum=102.85; 2026-07-21 ratio=101.80 momentum=102.84; 2026-07-22 ratio=101.76 momentum=102.64,177.08
stock,Pix Transmission,PIXTRANS.NS,Rubber,Capital Goods,2473.88,0.5,20.22,-10.73,170.77,4.91,23.28,21.73,,stage_2,5,1816.9,1527.66,3.28,0.07572,"{'price_above_30w_ma': True, '30w_ma_rising': True, 'price_above_10w_ma': True, 'relative_strength_positive': True, 'near_52w_high': True}",weakening,weakening,101.22,99.75,-0.4,1.88,False,False,2026-07-16 ratio=101.61 momentum=97.87; 2026-07-17 ratio=100.98 momentum=97.62; 2026-07-20 ratio=101.52 momentum=100.12; 2026-07-21 ratio=101.39 momentum=101.09; 2026-07-22 ratio=101.22 momentum=99.75,137.66
stock,Tinna Rubber,TINNARUBR.NS,Rubber,Capital Goods,1970.61,0.37,20.57,75.21,156.18,19.89,31.95,22.31,,stage_2,5,1090.35,763.33,3.68,0.04544,"{'price_above_30w_ma': True, '30w_ma_rising': True, 'price_above_10w_ma': True, 'relative_strength_positive': True, 'near_52w_high': True}",leading,weakening,102.01,101.82,0.54,2.05,True,False,2026-07-16 ratio=101.47 momentum=99.77; 2026-07-17 ratio=101.35 momentum=100.10; 2026-07-20 ratio=103.38 momentum=103.34; 2026-07-21 ratio=102.67 momentum=102.39; 2026-07-22 ratio=102.01 momentum=101.82,181.51
stock,GRP,GRPLTD.NS,Rubber,Capital Goods,1007.44,0.19,-1.34,-106.89,144.52,-9.87,219.96,6.94,,stage_2,5,1888.8,1825.32,1.18,0.07871,"{'price_above_30w_ma': True, '30w_ma_rising': True, 'price_above_10w_ma': True, 'relative_strength_positive': True, 'near_52w_high': True}",weakening,leading,100.78,99.24,0.34,-1.34,False,False,2026-07-16 ratio=100.44 momentum=100.58; 2026-07-17 ratio=100.43 momentum=101.05; 2026-07-20 ratio=100.68 momentum=101.71; 2026-07-21 ratio=101.26 momentum=104.82; 2026-07-22 ratio=100.78 momentum=99.24,131.26
stock,Harri. Malayalam,HARRMALAYA.NS,Rubber,Capital Goods,408.9,0.0,9.11,75.53,147.13,7.62,14.04,15.28,,stage_2,5,218.85,192.32,3.54,0.00912,"{'price_above_30w_ma': True, '30w_ma_rising': True, 'price_above_10w_ma': True, 'relative_strength_positive': True, 'near_52w_high': True}",leading,leading,101.28,102.66,-0.24,0.26,False,False,2026-07-16 ratio=101.52 momentum=102.39; 2026-07-17 ratio=100.84 momentum=101.59; 2026-07-20 ratio=100.76 momentum=101.74; 2026-07-21 ratio=101.06 momentum=102.45; 2026-07-22 ratio=101.28 momentum=102.66,171.78
stock,Rubfila Intl.,RUBFILA.NS,Rubber,Capital Goods,400.17,2.75,6.42,-22.74,160.6,8.9,15.04,12.29,,not_stage_2,2,72.83,70.83,-0.03,0.00304,"{'price_above_30w_ma': True, '30w_ma_rising': False, 'price_above_10w_ma': False, 'relative_strength_positive': False, 'near_52w_high': True}",lagging,improving,99.44,99.59,-0.4,-1.86,False,False,2026-07-16 ratio=99.84 momentum=101.45; 2026-07-17 ratio=99.36 momentum=100.50; 2026-07-20 ratio=99.24 momentum=99.88; 2026-07-21 ratio=99.51 momentum=99.55; 2026-07-22 ratio=99.44 momentum=99.59,40.0
stock,Gayatri Rubbers,GRCL.NS,Rubber,Capital Goods,348.53,0.0,2.95,86.71,24.48,33.99,62.35,39.54,,stage_2,5,607.4,453.69,7.42,0.02531,"{'price_above_30w_ma': True, '30w_ma_rising': True, 'price_above_10w_ma': True, 'relative_strength_positive': True, 'near_52w_high': True}",leading,leading,100.95,100.21,-0.56,-2.17,False,False,2026-07-15 ratio=101.52 momentum=102.37; 2026-07-16 ratio=101.44 momentum=102.06; 2026-07-17 ratio=100.94 momentum=99.87; 2026-07-20 ratio=100.97 momentum=100.24; 2026-07-21 ratio=100.95 momentum=100.21,165.64
stock,Elgi Rubber Co,ELGIRUBCO.NS,Rubber,Capital Goods,287.02,0.0,-204.05,-179.7,86.34,-11.19,,-12.92,,stage_2,4,57.29,46.63,2.63,0.00239,"{'price_above_30w_ma': True, '30w_ma_rising': True, 'price_above_10w_ma': True, 'relative_strength_positive': True, 'near_52w_high': False}",weakening,leading,101.25,96.31,-1.32,-10.95,False,False,2026-07-16 ratio=102.57 momentum=107.26; 2026-07-17 ratio=102.20 momentum=100.49; 2026-07-20 ratio=101.48 momentum=95.72; 2026-07-21 ratio=101.40 momentum=97.86; 2026-07-22 ratio=101.25 momentum=96.31,116.51
stock,Sampann Utpadan,SAMPANN.NS,Rubber,Capital Goods,133.94,0.0,1.2,-37.5,38.75,19.67,19.75,8.18,,not_stage_2,0,27.36,29.36,-1.9,0.00114,"{'price_above_30w_ma': False, '30w_ma_rising': False, 'price_above_10w_ma': False, 'relative_strength_positive': False, 'near_52w_high': False}",lagging,weakening,99.54,99.89,-0.8,2.04,False,False,2026-07-16 ratio=100.34 momentum=97.84; 2026-07-17 ratio=98.06 momentum=96.56; 2026-07-20 ratio=98.33 momentum=97.60; 2026-07-21 ratio=98.34 momentum=97.88; 2026-07-22 ratio=99.54 momentum=99.89,0.0
stock,Lead Reclaim,LRRPL.NS,Rubber,Capital Goods,76.03,0.0,3.1,219.59,17.92,-18.25,18.59,21.28,,stage_2,5,92.0,77.1,2.6,0.00383,"{'price_above_30w_ma': True, '30w_ma_rising': True, 'price_above_10w_ma': True, 'relative_strength_positive': True, 'near_52w_high': True}",leading,weakening,100.62,100.67,0.1,2.53,True,False,2026-07-15 ratio=100.52 momentum=98.14; 2026-07-16 ratio=100.49 momentum=99.59; 2026-07-17 ratio=100.93 momentum=100.03; 2026-07-20 ratio=100.21 momentum=101.91; 2026-07-21 ratio=100.62 momentum=100.67,166.65
stock,KIOCL,KIOCL.NS,Sponge Iron,Metals & Mining,21726.35,0.0,53.39,244.77,220.33,-10.6,1311.19,1.38,,not_stage_2,1,357.1,370.22,0.74,0.01488,"{'price_above_30w_ma': False, '30w_ma_rising': True, 'price_above_10w_ma': False, 'relative_strength_positive': False, 'near_52w_high': False}",lagging,improving,97.58,99.02,-0.68,-1.33,False,False,2026-07-16 ratio=98.26 momentum=100.35; 2026-07-17 ratio=97.69 momentum=98.14; 2026-07-20 ratio=98.04 momentum=99.99; 2026-07-21 ratio=98.01 momentum=99.73; 2026-07-22 ratio=97.58 momentum=99.02,21.48
stock,S.A.L Steel,SALSTEEL.NS,Sponge Iron,Metals & Mining,822.33,0.0,-1.02,82.91,11.97,-89.76,,1.08,,not_stage_2,3,56.98,50.11,4.64,0.00237,"{'price_above_30w_ma': True, '30w_ma_rising': True, 'price_above_10w_ma': False, 'relative_strength_positive': False, 'near_52w_high': True}",lagging,lagging,99.58,98.7,0.96,1.67,False,False,2026-07-16 ratio=98.62 momentum=97.03; 2026-07-17 ratio=97.95 momentum=98.27; 2026-07-20 ratio=97.83 momentum=98.64; 2026-07-21 ratio=98.72 momentum=98.97; 2026-07-22 ratio=99.58 momentum=98.70,69.28
stock,Vraj Iron,VRAJ.NS,Sponge Iron,Metals & Mining,430.84,0.0,15.57,55.54,170.21,11.24,13.46,10.51,,not_stage_2,4,131.43,123.88,-0.0,0.00548,"{'price_above_30w_ma': True, '30w_ma_rising': False, 'price_above_10w_ma': True, 'relative_strength_positive': True, 'near_52w_high': True}",leading,leading,101.03,101.89,-1.96,-0.6,False,False,2026-07-16 ratio=102.99 momentum=102.49; 2026-07-17 ratio=101.26 momentum=101.71; 2026-07-20 ratio=100.91 momentum=101.63; 2026-07-21 ratio=100.91 momentum=101.83; 2026-07-22 ratio=101.03 momentum=101.89,114.6
stock,Chaman Metallics,CMNL.NS,Sponge Iron,Metals & Mining,253.41,0.0,-1.62,-78.12,344.75,326.41,,5.37,,not_stage_2,0,102.7,110.48,-2.93,0.00428,"{'price_above_30w_ma': False, '30w_ma_rising': False, 'price_above_10w_ma': False, 'relative_strength_positive': False, 'near_52w_high': False}",improving,improving,99.36,102.52,0.2,-0.84,False,False,2026-07-15 ratio=99.16 momentum=103.35; 2026-07-16 ratio=98.86 momentum=98.69; 2026-07-17 ratio=98.66 momentum=99.53; 2026-07-20 ratio=98.73 momentum=99.57; 2026-07-21 ratio=99.36 momentum=102.52,12.6
stock,Vaswani Industri,VASWANI.NS,Sponge Iron,Metals & Mining,173.69,0.0,5.39,22.78,143.89,24.69,40.96,8.76,,not_stage_2,1,52.69,55.89,-1.05,0.0022,"{'price_above_30w_ma': False, '30w_ma_rising': False, 'price_above_10w_ma': False, 'relative_strength_positive': False, 'near_52w_high': True}",improving,lagging,98.82,100.37,-0.14,1.59,False,False,2026-07-16 ratio=98.96 momentum=98.79; 2026-07-17 ratio=98.54 momentum=97.78; 2026-07-20 ratio=98.59 momentum=98.06; 2026-07-21 ratio=98.78 momentum=100.43; 2026-07-22 ratio=98.82 momentum=100.37,21.85
stock,Shri Hare-Krish.,SHKSIL.NS,Sponge Iron,Metals & Mining,80.31,0.0,1.55,-64.85,27.21,-35.63,12.95,7.76,,insufficient_data,0,,,,,{},insufficient_data,insufficient_data,,,,,False,False,,0.0
stock,DOMS Industries,DOMS.NS,Stationary,Fast Moving Consumer Goods,13759.86,0.14,58.2,17.13,603.98,18.72,59.78,24.33,,not_stage_2,3,2266.8,2316.43,-1.58,0.09446,"{'price_above_30w_ma': False, '30w_ma_rising': False, 'price_above_10w_ma': True, 'relative_strength_positive': True, 'near_52w_high': True}",improving,lagging,99.98,100.38,0.45,2.4,False,True,2026-07-16 ratio=99.53 momentum=97.99; 2026-07-17 ratio=99.29 momentum=98.82; 2026-07-20 ratio=99.49 momentum=98.99; 2026-07-21 ratio=99.70 momentum=99.75; 2026-07-22 ratio=99.98 momentum=100.38,61.9
stock,Navneet Educat.,NAVNETEDUL.NS,Stationary,Fast Moving Consumer Goods,3193.61,2.08,39.0,-47.07,430.0,-0.92,20.53,10.23,,stage_2,4,144.18,143.28,0.43,0.00601,"{'price_above_30w_ma': True, '30w_ma_rising': True, 'price_above_10w_ma': True, 'relative_strength_positive': False, 'near_52w_high': True}",lagging,leading,99.84,98.0,-1.46,-3.1,False,False,2026-07-16 ratio=101.30 momentum=101.10; 2026-07-17 ratio=99.63 momentum=96.58; 2026-07-20 ratio=100.43 momentum=99.40; 2026-07-21 ratio=100.10 momentum=98.49; 2026-07-22 ratio=99.84 momentum=98.00,105.86
stock,Flair Writing,FLAIR.NS,Stationary,Fast Moving Consumer Goods,2625.91,0.4,36.53,16.15,322.95,8.35,18.78,16.8,,not_stage_2,0,249.65,299.21,-1.71,0.0104,"{'price_above_30w_ma': False, '30w_ma_rising': False, 'price_above_10w_ma': False, 'relative_strength_positive': False, 'near_52w_high': False}",improving,improving,98.73,101.72,-0.04,0.42,False,False,2026-07-16 ratio=98.77 momentum=101.30; 2026-07-17 ratio=98.83 momentum=103.17; 2026-07-20 ratio=98.69 momentum=102.74; 2026-07-21 ratio=98.59 momentum=101.58; 2026-07-22 ratio=98.73 momentum=101.72,8.6
stock,Kokuyo Camlin,KOKUYOCMLN.NS,Stationary,Fast Moving Consumer Goods,858.1,0.35,2.88,-34.4,226.23,13.1,34.57,10.21,,not_stage_2,0,85.33,85.46,-0.5,0.00356,"{'price_above_30w_ma': False, '30w_ma_rising': False, 'price_above_10w_ma': False, 'relative_strength_positive': False, 'near_52w_high': False}",improving,lagging,99.26,100.44,0.16,3.31,False,True,2026-07-16 ratio=99.10 momentum=97.13; 2026-07-17 ratio=98.31 momentum=96.04; 2026-07-20 ratio=98.62 momentum=98.94; 2026-07-21 ratio=99.03 momentum=100.48; 2026-07-22 ratio=99.26 momentum=100.44,2.2
stock,Linc,LINC.NS,Stationary,Fast Moving Consumer Goods,627.73,1.42,11.66,-7.9,136.66,-9.55,17.15,19.21,,not_stage_2,4,105.46,104.88,-0.65,0.00439,"{'price_above_30w_ma': True, '30w_ma_rising': False, 'price_above_10w_ma': True, 'relative_strength_positive': True, 'near_52w_high': True}",leading,weakening,100.16,100.73,-0.83,1.8,False,False,2026-07-16 ratio=100.99 momentum=98.93; 2026-07-17 ratio=100.36 momentum=97.45; 2026-07-20 ratio=100.29 momentum=98.95; 2026-07-21 ratio=100.03 momentum=99.31; 2026-07-22 ratio=100.16 momentum=100.73,104.45
stock,Sundaram Multi.,SUNDARAM.NS,Stationary,Fast Moving Consumer Goods,59.24,0.0,1.17,211.58,44.35,11.85,21.46,3.8,,not_stage_2,0,1.26,1.43,-4.32,5e-05,"{'price_above_30w_ma': False, '30w_ma_rising': False, 'price_above_10w_ma': False, 'relative_strength_positive': False, 'near_52w_high': False}",improving,improving,98.55,103.06,0.21,0.33,False,True,2026-07-16 ratio=98.35 momentum=102.73; 2026-07-17 ratio=98.37 momentum=102.24; 2026-07-20 ratio=98.22 momentum=103.29; 2026-07-21 ratio=98.49 momentum=103.24; 2026-07-22 ratio=98.55 momentum=103.06,15.3
stock,Indus Towers,INDUSTOWER.NS,Telecom - Infrastructure,Telecommunic ation,104245.18,0.0,1792.9,0.78,8101.0,4.84,14.59,19.49,,not_stage_2,1,394.85,426.06,-0.6,0.01645,"{'price_above_30w_ma': False, '30w_ma_rising': False, 'price_above_10w_ma': False, 'relative_strength_positive': False, 'near_52w_high': True}",improving,improving,99.0,101.58,-0.43,-0.78,False,False,2026-07-16 ratio=99.43 momentum=102.36; 2026-07-17 ratio=99.12 momentum=102.17; 2026-07-20 ratio=99.12 momentum=102.40; 2026-07-21 ratio=99.28 momentum=105.61; 2026-07-22 ratio=99.00 momentum=101.58,27.9
stock,HFCL,HFCL.NS,Telecom - Infrastructure,Telecommunic ation,33423.9,0.05,245.64,809.06,1914.98,119.85,58.37,10.86,,stage_2,5,217.9,120.86,19.89,0.00908,"{'price_above_30w_ma': True, '30w_ma_rising': True, 'price_above_10w_ma': True, 'relative_strength_positive': True, 'near_52w_high': True}",weakening,leading,101.06,98.89,-0.33,-3.11,False,False,2026-07-16 ratio=101.39 momentum=102.00; 2026-07-17 ratio=100.87 momentum=97.71; 2026-07-20 ratio=100.68 momentum=96.51; 2026-07-21 ratio=101.03 momentum=97.75; 2026-07-22 ratio=101.06 momentum=98.89,170.08
stock,Pace Digitek,PACEDIGITK.NS,Telecom - Infrastructure,Telecommunic ation,4290.61,0.0,105.92,73.27,1096.78,60.52,14.42,21.26,,stage_2,5,198.35,180.92,0.69,0.00827,"{'price_above_30w_ma': True, '30w_ma_rising': True, 'price_above_10w_ma': True, 'relative_strength_positive': True, 'near_52w_high': True}",weakening,weakening,100.19,97.78,-0.72,0.97,False,False,2026-07-16 ratio=100.91 momentum=96.81; 2026-07-17 ratio=100.35 momentum=96.19; 2026-07-20 ratio=100.44 momentum=97.36; 2026-07-21 ratio=100.72 momentum=98.65; 2026-07-22 ratio=100.19 momentum=97.78,127.33
stock,GTL Infra.,GTLINFRA.NS,Telecom - Infrastructure,Telecommunic ation,1575.52,0.0,1185.58,94.92,330.36,-1.98,,,,not_stage_2,2,1.23,1.23,0.54,5e-05,"{'price_above_30w_ma': False, '30w_ma_rising': True, 'price_above_10w_ma': False, 'relative_strength_positive': False, 'near_52w_high': True}",lagging,lagging,98.46,97.68,-0.16,1.85,False,False,2026-07-16 ratio=98.62 momentum=95.82; 2026-07-17 ratio=98.18 momentum=96.13; 2026-07-20 ratio=98.40 momentum=97.67; 2026-07-21 ratio=98.48 momentum=98.43; 2026-07-22 ratio=98.46 momentum=97.68,41.08
stock,Suyog Telematics,SUYOG.NS,Telecom - Infrastructure,Telecommunic ation,998.18,0.21,14.14,202.61,52.74,5.35,16.03,14.42,,stage_2,5,851.75,722.16,4.63,0.0355,"{'price_above_30w_ma': True, '30w_ma_rising': True, 'price_above_10w_ma': True, 'relative_strength_positive': True, 'near_52w_high': True}",weakening,weakening,100.95,97.38,-0.15,0.6,False,False,2026-07-16 ratio=101.10 momentum=96.78; 2026-07-17 ratio=100.71 momentum=96.82; 2026-07-20 ratio=100.64 momentum=97.22; 2026-07-21 ratio=100.61 momentum=96.39; 2026-07-22 ratio=100.95 momentum=97.38,139.01
stock,Sar Televenture,SARTELE.NS,Telecom - Infrastructure,Telecommunic ation,591.49,0.0,36.23,25.49,280.35,35.3,8.24,8.84,,not_stage_2,0,119.35,171.54,-7.35,0.00497,"{'price_above_30w_ma': False, '30w_ma_rising': False, 'price_above_10w_ma': False, 'relative_strength_positive': False, 'near_52w_high': False}",lagging,lagging,98.42,98.08,0.0,1.98,False,False,2026-07-15 ratio=98.41 momentum=96.10; 2026-07-16 ratio=98.82 momentum=97.52; 2026-07-17 ratio=98.58 momentum=96.45; 2026-07-20 ratio=98.51 momentum=98.37; 2026-07-21 ratio=98.42 momentum=98.08,0.0
stock,Kore Digital,KDL.NS,Telecom - Infrastructure,Telecommunic ation,135.39,0.0,11.91,-51.61,150.42,-36.24,3.69,38.1,,not_stage_2,0,115.05,137.45,-4.35,0.00479,"{'price_above_30w_ma': False, '30w_ma_rising': False, 'price_above_10w_ma': False, 'relative_strength_positive': False, 'near_52w_high': False}",lagging,improving,99.0,96.63,-0.1,-4.76,False,False,2026-07-15 ratio=99.11 momentum=101.39; 2026-07-16 ratio=98.89 momentum=101.24; 2026-07-17 ratio=99.02 momentum=100.66; 2026-07-20 ratio=98.96 momentum=98.17; 2026-07-21 ratio=99.00 momentum=96.63,0.0
stock,Rama Telecom,RTL.NS,Telecom - Infrastructure,Telecommunic ation,106.98,0.0,0.48,-86.7,27.75,18.69,36.76,11.91,,insufficient_data,0,,,,,{},insufficient_data,insufficient_data,,,,,False,False,,0.0
