level,name,symbol,parent,sector,market_cap_cr,dividend_yield_pct,np_qtr_cr,qtr_profit_var_pct,sales_qtr_cr,qtr_sales_var_pct,pe,roce,error,stage,stage2_score,close,weekly_ma,weekly_ma_slope_4w_pct,rs_vs_benchmark,checks,rrg_quadrant,rrg_quadrant_5d_ago,rs_ratio,rs_momentum,rs_ratio_5d_delta,rs_momentum_5d_delta,moving_to_leading,improving_toward_leading,rrg_tail,stock_score
stock,Bajaj Auto,BAJAJ-AUTO.NS,2/3 Wheelers,Automobile and Auto Components,297495.22,1.39,3188.75,45.93,21688.83,65.14,25.24,28.24,,not_stage_2,3,11024.0,10482.6,1.96,0.48393,"{'price_above_30w_ma': True, '30w_ma_rising': True, 'price_above_10w_ma': False, 'relative_strength_positive': False, 'near_52w_high': True}",weakening,weakening,100.05,96.46,-0.35,-1.17,False,False,2026-09-22 ratio=100.40 momentum=97.63; 2026-09-23 ratio=100.32 momentum=96.94; 2026-09-24 ratio=100.27 momentum=96.79; 2026-09-25 ratio=100.31 momentum=97.03; 2026-09-28 ratio=100.05 momentum=96.46,64.17
stock,Eicher Motors,EICHERMOT.NS,2/3 Wheelers,Automobile and Auto Components,196928.99,1.14,1462.51,21.35,6632.42,31.55,33.86,30.53,,not_stage_2,1,7213.5,7371.57,-0.9,0.31666,"{'price_above_30w_ma': False, '30w_ma_rising': False, 'price_above_10w_ma': False, 'relative_strength_positive': False, 'near_52w_high': True}",lagging,lagging,98.44,97.16,-0.73,-0.71,False,False,2026-09-22 ratio=99.17 momentum=97.87; 2026-09-23 ratio=99.08 momentum=96.96; 2026-09-24 ratio=98.91 momentum=96.00; 2026-09-25 ratio=98.78 momentum=95.95; 2026-09-28 ratio=98.44 momentum=97.16,20.0
stock,TVS Motor Co.,TVSMOTOR.NS,2/3 Wheelers,Automobile and Auto Components,194926.96,0.29,1057.61,67.11,16295.52,33.46,56.35,17.37,,stage_2,4,4095.0,3766.68,1.09,0.17976,"{'price_above_30w_ma': True, '30w_ma_rising': True, 'price_above_10w_ma': False, 'relative_strength_positive': True, 'near_52w_high': True}",leading,weakening,100.62,100.79,0.18,0.84,True,False,2026-09-22 ratio=100.44 momentum=99.94; 2026-09-23 ratio=100.29 momentum=98.29; 2026-09-24 ratio=100.37 momentum=97.34; 2026-09-25 ratio=100.61 momentum=101.07; 2026-09-28 ratio=100.62 momentum=100.79,144.23
stock,Hero Motocorp,HEROMOTOCO.NS,2/3 Wheelers,Automobile and Auto Components,104330.32,3.55,1417.93,-17.18,13126.35,34.94,18.84,35.22,,not_stage_2,3,5390.0,5194.44,-0.65,0.23661,"{'price_above_30w_ma': True, '30w_ma_rising': False, 'price_above_10w_ma': False, 'relative_strength_positive': True, 'near_52w_high': True}",leading,leading,101.09,103.77,0.55,1.54,False,False,2026-09-22 ratio=100.54 momentum=102.23; 2026-09-23 ratio=100.48 momentum=100.45; 2026-09-24 ratio=100.41 momentum=101.47; 2026-09-25 ratio=100.58 momentum=101.58; 2026-09-28 ratio=101.09 momentum=103.77,104.3
stock,Ather Energy,ATHERENERG.NS,2/3 Wheelers,Automobile and Auto Components,55759.99,0.0,-50.87,71.46,1216.92,88.79,,-19.77,,stage_2,4,1454.9,1143.97,11.16,0.06387,"{'price_above_30w_ma': True, '30w_ma_rising': True, 'price_above_10w_ma': False, 'relative_strength_positive': True, 'near_52w_high': True}",weakening,weakening,100.34,96.29,-0.46,-1.3,False,False,2026-09-22 ratio=100.80 momentum=97.60; 2026-09-23 ratio=100.44 momentum=97.60; 2026-09-24 ratio=100.57 momentum=98.04; 2026-09-25 ratio=100.50 momentum=96.84; 2026-09-28 ratio=100.34 momentum=96.29,129.02
stock,Ola Electric,OLAELEC.NS,2/3 Wheelers,Automobile and Auto Components,17314.93,0.0,-336.0,21.5,455.0,-45.05,,-19.87,,not_stage_2,3,37.86,37.5,4.12,0.00166,"{'price_above_30w_ma': True, '30w_ma_rising': True, 'price_above_10w_ma': False, 'relative_strength_positive': True, 'near_52w_high': False}",leading,leading,100.86,100.19,0.49,-1.24,False,False,2026-09-22 ratio=100.38 momentum=101.42; 2026-09-23 ratio=103.37 momentum=103.31; 2026-09-24 ratio=103.79 momentum=102.77; 2026-09-25 ratio=100.89 momentum=100.08; 2026-09-28 ratio=100.86 momentum=100.19,93.49
stock,Ebix,EBIX.NS,2/3 Wheelers,Automobile and Auto Components,364.72,0.0,82.0,92.94,573.24,-5.08,,5.95,,insufficient_data,0,,,,,{},insufficient_data,insufficient_data,,,,,False,False,,0.0
stock,Wardwizard Inno.,WARDINMOBI.NS,2/3 Wheelers,Automobile and Auto Components,164.84,1.82,0.19,-83.04,61.64,91.01,161.61,7.04,,insufficient_data,0,,,,,{},insufficient_data,insufficient_data,,,,,False,False,,0.0
stock,Tunwal E-Motors,TUNWAL.NS,2/3 Wheelers,Automobile and Auto Components,149.14,0.39,4.23,-34.72,132.45,27.15,11.72,13.28,,not_stage_2,1,25.7,28.5,-2.1,0.00113,"{'price_above_30w_ma': False, '30w_ma_rising': False, 'price_above_10w_ma': False, 'relative_strength_positive': True, 'near_52w_high': False}",leading,leading,102.31,105.74,2.14,3.79,False,False,2026-09-22 ratio=100.16 momentum=101.95; 2026-09-23 ratio=100.85 momentum=101.48; 2026-09-24 ratio=101.29 momentum=101.54; 2026-09-25 ratio=101.07 momentum=103.06; 2026-09-28 ratio=102.31 momentum=105.74,80.25
stock,Delta Auto.,DELTIC.NS,2/3 Wheelers,Automobile and Auto Components,53.13,0.0,3.1,-47.28,37.54,-28.28,8.72,11.35,,insufficient_data,0,,,,,{},insufficient_data,insufficient_data,,,,,False,False,,0.0
stock,Timken India,TIMKEN.NS,Abrasives & Bearings,Capital Goods,23175.75,0.08,115.13,10.47,929.09,14.87,56.63,18.26,,not_stage_2,2,3180.5,3370.36,-0.26,0.13962,"{'price_above_30w_ma': False, '30w_ma_rising': False, 'price_above_10w_ma': False, 'relative_strength_positive': True, 'near_52w_high': True}",weakening,leading,101.69,97.95,0.5,-3.8,False,False,2026-09-22 ratio=101.19 momentum=101.75; 2026-09-23 ratio=102.19 momentum=103.01; 2026-09-24 ratio=102.29 momentum=101.54; 2026-09-25 ratio=101.51 momentum=98.30; 2026-09-28 ratio=101.69 momentum=97.95,48.45
stock,Carborundum Uni.,CARBORUNIV.NS,Abrasives & Bearings,Capital Goods,22875.67,0.33,80.34,23.44,1426.63,17.03,91.22,10.52,,stage_2,5,1247.8,1045.06,4.78,0.05478,"{'price_above_30w_ma': True, '30w_ma_rising': True, 'price_above_10w_ma': True, 'relative_strength_positive': True, 'near_52w_high': True}",leading,leading,102.71,101.47,-0.85,-0.86,False,False,2026-09-22 ratio=103.57 momentum=102.34; 2026-09-23 ratio=103.87 momentum=102.17; 2026-09-24 ratio=104.01 momentum=101.86; 2026-09-25 ratio=103.16 momentum=101.46; 2026-09-28 ratio=102.71 momentum=101.47,175.46
stock,Grindwell Norton,GRINDWELL.NS,Abrasives & Bearings,Capital Goods,21180.85,0.99,115.31,22.3,803.3,14.19,48.55,21.18,,not_stage_2,3,1918.2,1862.81,2.07,0.0842,"{'price_above_30w_ma': True, '30w_ma_rising': True, 'price_above_10w_ma': False, 'relative_strength_positive': False, 'near_52w_high': True}",improving,improving,99.95,101.82,0.38,-0.27,False,False,2026-09-22 ratio=99.57 momentum=102.08; 2026-09-23 ratio=99.91 momentum=102.17; 2026-09-24 ratio=100.40 momentum=102.62; 2026-09-25 ratio=100.37 momentum=102.09; 2026-09-28 ratio=99.95 momentum=101.82,73.24
stock,SKF India Indus.,SKFINDUS.NS,Abrasives & Bearings,Capital Goods,13817.74,0.72,61.92,-13.84,970.77,18.3,35.94,29.89,,stage_2,5,2881.7,2540.44,2.45,0.1265,"{'price_above_30w_ma': True, '30w_ma_rising': True, 'price_above_10w_ma': True, 'relative_strength_positive': True, 'near_52w_high': True}",weakening,weakening,101.31,100.0,0.87,3.87,False,False,2026-09-22 ratio=100.44 momentum=96.13; 2026-09-23 ratio=100.95 momentum=98.17; 2026-09-24 ratio=101.57 momentum=98.82; 2026-09-25 ratio=101.30 momentum=99.13; 2026-09-28 ratio=101.31 momentum=100.00,136.45
stock,SKF India,SKFINDIA.NS,Abrasives & Bearings,Capital Goods,7447.71,2.64,61.84,32.31,587.79,27.09,50.15,13.33,,not_stage_2,1,1511.8,1593.34,-1.34,0.06636,"{'price_above_30w_ma': False, '30w_ma_rising': False, 'price_above_10w_ma': False, 'relative_strength_positive': True, 'near_52w_high': False}",leading,weakening,101.05,100.94,0.69,0.99,True,False,2026-09-22 ratio=100.36 momentum=99.95; 2026-09-23 ratio=100.47 momentum=100.21; 2026-09-24 ratio=101.37 momentum=101.97; 2026-09-25 ratio=101.17 momentum=101.44; 2026-09-28 ratio=101.05 momentum=100.94,59.95
stock,Wendt India,WENDT.NS,Abrasives & Bearings,Capital Goods,1677.95,0.36,6.18,63.49,71.28,36.63,98.99,7.82,,stage_2,5,8459.0,7576.4,3.37,0.37133,"{'price_above_30w_ma': True, '30w_ma_rising': True, 'price_above_10w_ma': True, 'relative_strength_positive': True, 'near_52w_high': True}",weakening,weakening,101.49,95.75,-0.22,-3.77,False,False,2026-09-22 ratio=101.72 momentum=99.52; 2026-09-23 ratio=101.65 momentum=98.63; 2026-09-24 ratio=101.55 momentum=99.52; 2026-09-25 ratio=101.67 momentum=97.29; 2026-09-28 ratio=101.49 momentum=95.75,139.19
stock,SKP Bearing,SKP.NS,Abrasives & Bearings,Capital Goods,277.13,0.66,0.04,-89.47,22.11,-0.05,469.72,11.38,,stage_2,4,162.55,157.01,0.32,0.00714,"{'price_above_30w_ma': True, '30w_ma_rising': True, 'price_above_10w_ma': True, 'relative_strength_positive': True, 'near_52w_high': False}",weakening,weakening,101.49,97.27,0.62,-1.25,False,False,2026-09-22 ratio=100.88 momentum=98.52; 2026-09-23 ratio=101.24 momentum=98.22; 2026-09-24 ratio=101.99 momentum=98.76; 2026-09-25 ratio=100.78 momentum=96.53; 2026-09-28 ratio=101.49 momentum=97.27,113.09
stock,NRB Indl Bearing,NIBL.NS,Abrasives & Bearings,Capital Goods,77.09,0.0,-6.59,-29.47,18.9,1.89,,-18.17,,stage_2,4,31.65,31.26,0.29,0.00139,"{'price_above_30w_ma': True, '30w_ma_rising': True, 'price_above_10w_ma': False, 'relative_strength_positive': True, 'near_52w_high': True}",weakening,leading,100.26,99.16,-0.35,-3.46,False,False,2026-09-22 ratio=100.61 momentum=102.62; 2026-09-23 ratio=100.74 momentum=102.74; 2026-09-24 ratio=100.54 momentum=101.93; 2026-09-25 ratio=100.51 momentum=102.03; 2026-09-28 ratio=100.26 momentum=99.16,106.88
stock,Signpost India,SIGNPOST.NS,Advertising & Media Agencies,"Media, Entertainment & Publication",1379.78,0.19,18.69,22.32,152.26,10.61,18.79,25.13,,not_stage_2,3,264.4,268.36,1.35,0.01161,"{'price_above_30w_ma': False, '30w_ma_rising': True, 'price_above_10w_ma': False, 'relative_strength_positive': True, 'near_52w_high': True}",leading,improving,100.28,100.65,0.38,-1.05,False,False,2026-09-22 ratio=99.91 momentum=101.70; 2026-09-23 ratio=100.21 momentum=104.11; 2026-09-24 ratio=100.42 momentum=102.44; 2026-09-25 ratio=100.36 momentum=102.53; 2026-09-28 ratio=100.28 momentum=100.65,87.35
stock,R K Swamy,RKSWAMY.NS,Advertising & Media Agencies,"Media, Entertainment & Publication",452.21,2.24,3.47,20.91,83.62,7.8,18.5,12.26,,not_stage_2,0,88.5,94.14,-1.68,0.00388,"{'price_above_30w_ma': False, '30w_ma_rising': False, 'price_above_10w_ma': False, 'relative_strength_positive': False, 'near_52w_high': False}",lagging,lagging,99.24,99.94,0.77,1.38,False,False,2026-09-22 ratio=98.48 momentum=98.56; 2026-09-23 ratio=99.48 momentum=100.59; 2026-09-24 ratio=99.69 momentum=101.15; 2026-09-25 ratio=99.38 momentum=101.20; 2026-09-28 ratio=99.24 momentum=99.94,0.0
stock,Simca Advertis.,SIMCA.NS,Advertising & Media Agencies,"Media, Entertainment & Publication",348.37,0.0,9.04,1164.71,78.51,107.37,20.85,109.69,,insufficient_data,0,,,,,{},insufficient_data,insufficient_data,,,,,False,False,,0.0
stock,Vertoz,VERTOZ.NS,Advertising & Media Agencies,"Media, Entertainment & Publication",303.76,0.28,7.36,5.02,81.64,15.82,11.51,14.16,,not_stage_2,1,36.17,40.25,-3.17,0.00159,"{'price_above_30w_ma': False, '30w_ma_rising': False, 'price_above_10w_ma': False, 'relative_strength_positive': True, 'near_52w_high': False}",weakening,leading,100.66,96.88,0.07,-3.76,False,False,2026-09-22 ratio=100.58 momentum=100.63; 2026-09-23 ratio=100.47 momentum=98.19; 2026-09-24 ratio=100.75 momentum=98.76; 2026-09-25 ratio=100.41 momentum=94.96; 2026-09-28 ratio=100.66 momentum=96.88,23.3
stock,Yaap Digital,YAAP.NS,Advertising & Media Agencies,"Media, Entertainment & Publication",253.39,0.0,19.0,84.08,135.66,28.14,16.03,28.46,,insufficient_data,0,,,,,{},insufficient_data,insufficient_data,,,,,False,False,,0.0
stock,Cash UR Drive,CUDML.NS,Advertising & Media Agencies,"Media, Entertainment & Publication",187.05,0.0,18.52,94.54,108.79,43.71,7.27,37.56,,insufficient_data,0,,,,,{},insufficient_data,insufficient_data,,,,,False,False,,0.0
stock,Pramara Promotio,PRAMARA.NS,Advertising & Media Agencies,"Media, Entertainment & Publication",157.64,0.0,3.91,5.96,59.27,6.49,15.7,14.95,,not_stage_2,2,107.7,198.58,-14.96,0.00473,"{'price_above_30w_ma': False, '30w_ma_rising': False, 'price_above_10w_ma': True, 'relative_strength_positive': True, 'near_52w_high': False}",leading,improving,100.22,103.59,1.72,2.66,True,False,2026-09-22 ratio=98.50 momentum=100.94; 2026-09-23 ratio=98.82 momentum=101.45; 2026-09-24 ratio=99.30 momentum=102.06; 2026-09-25 ratio=99.66 momentum=103.30; 2026-09-28 ratio=100.22 momentum=103.59,89.05
stock,Digicontent,DGCONTENT.NS,Advertising & Media Agencies,"Media, Entertainment & Publication",150.27,0.0,-1.93,17.17,123.3,11.63,8.82,23.95,,not_stage_2,1,23.37,26.08,-1.5,0.00103,"{'price_above_30w_ma': False, '30w_ma_rising': False, 'price_above_10w_ma': False, 'relative_strength_positive': True, 'near_52w_high': False}",leading,lagging,100.15,100.23,0.2,0.27,True,False,2026-09-22 ratio=99.95 momentum=99.95; 2026-09-23 ratio=101.30 momentum=102.41; 2026-09-24 ratio=100.22 momentum=98.76; 2026-09-25 ratio=100.40 momentum=101.27; 2026-09-28 ratio=100.15 momentum=100.23,51.9
stock,Value 360 Commu.,VALUE360.NS,Advertising & Media Agencies,"Media, Entertainment & Publication",90.11,0.0,4.99,131.34,35.84,16.97,9.08,38.64,,insufficient_data,0,,,,,{},insufficient_data,insufficient_data,,,,,False,False,,0.0
stock,Crayons Advertis,CRAYONS.NS,Advertising & Media Agencies,"Media, Entertainment & Publication",59.74,0.0,0.68,-94.03,171.88,26.88,17.45,5.53,,not_stage_2,2,25.7,29.62,-6.0,0.00113,"{'price_above_30w_ma': False, '30w_ma_rising': False, 'price_above_10w_ma': True, 'relative_strength_positive': True, 'near_52w_high': False}",leading,improving,101.42,102.88,1.98,0.48,True,False,2026-09-22 ratio=99.44 momentum=102.40; 2026-09-23 ratio=99.36 momentum=101.86; 2026-09-24 ratio=99.77 momentum=100.49; 2026-09-25 ratio=99.72 momentum=100.41; 2026-09-28 ratio=101.42 momentum=102.88,91.5
stock,Hind.Aeronautics,HAL.NS,Aerospace & Defense,Capital Goods,304181.62,0.99,1589.66,14.88,5515.17,14.45,32.63,31.97,,stage_2,4,4738.0,4455.55,2.24,0.20799,"{'price_above_30w_ma': True, '30w_ma_rising': True, 'price_above_10w_ma': False, 'relative_strength_positive': True, 'near_52w_high': True}",weakening,weakening,100.97,96.46,0.16,-2.9,False,False,2026-09-22 ratio=100.81 momentum=99.36; 2026-09-23 ratio=100.84 momentum=97.26; 2026-09-24 ratio=100.90 momentum=96.53; 2026-09-25 ratio=100.92 momentum=96.83; 2026-09-28 ratio=100.97 momentum=96.46,114.33
stock,Bharat Electron,BEL.NS,Aerospace & Defense,Capital Goods,283069.52,0.64,1054.53,8.7,5546.98,24.94,46.05,36.44,,not_stage_2,2,385.5,415.57,-1.68,0.01692,"{'price_above_30w_ma': False, '30w_ma_rising': False, 'price_above_10w_ma': False, 'relative_strength_positive': True, 'near_52w_high': True}",weakening,leading,100.33,98.13,-0.32,-2.24,False,False,2026-09-22 ratio=100.65 momentum=100.38; 2026-09-23 ratio=100.26 momentum=98.18; 2026-09-24 ratio=100.52 momentum=98.67; 2026-09-25 ratio=100.54 momentum=99.00; 2026-09-28 ratio=100.33 momentum=98.13,41.65
stock,Bharat Dynamics,BDL.NS,Aerospace & Defense,Capital Goods,39814.98,0.45,118.79,547.36,572.24,130.81,76.45,13.86,,not_stage_2,0,1115.0,1285.11,-1.37,0.04895,"{'price_above_30w_ma': False, '30w_ma_rising': False, 'price_above_10w_ma': False, 'relative_strength_positive': False, 'near_52w_high': False}",lagging,lagging,98.43,99.34,-0.27,0.33,False,False,2026-09-22 ratio=98.70 momentum=99.02; 2026-09-23 ratio=98.51 momentum=97.91; 2026-09-24 ratio=98.81 momentum=99.19; 2026-09-25 ratio=98.51 momentum=99.64; 2026-09-28 ratio=98.43 momentum=99.34,0.0
stock,Garden Reach Sh.,GRSE.NS,Aerospace & Defense,Capital Goods,25269.07,0.89,172.84,43.82,1814.62,38.53,31.56,42.82,,not_stage_2,0,2245.3,2580.63,-0.6,0.09856,"{'price_above_30w_ma': False, '30w_ma_rising': False, 'price_above_10w_ma': False, 'relative_strength_positive': False, 'near_52w_high': False}",lagging,lagging,97.56,98.38,-1.12,-1.11,False,False,2026-09-22 ratio=98.68 momentum=99.49; 2026-09-23 ratio=98.24 momentum=97.94; 2026-09-24 ratio=98.36 momentum=97.85; 2026-09-25 ratio=97.95 momentum=99.16; 2026-09-28 ratio=97.56 momentum=98.38,0.0
stock,Data Pattern,DATAPATTNS.NS,Aerospace & Defense,Capital Goods,23623.69,0.24,22.06,-13.49,116.03,16.81,87.41,21.92,,not_stage_2,3,4276.8,4145.75,4.7,0.18774,"{'price_above_30w_ma': True, '30w_ma_rising': True, 'price_above_10w_ma': False, 'relative_strength_positive': False, 'near_52w_high': True}",lagging,weakening,99.83,90.98,-0.63,-8.49,False,False,2026-09-22 ratio=100.45 momentum=99.47; 2026-09-23 ratio=100.05 momentum=96.95; 2026-09-24 ratio=100.23 momentum=96.76; 2026-09-25 ratio=100.24 momentum=97.14; 2026-09-28 ratio=99.83 momentum=90.98,69.4
stock,Sigma Advanced System,SIGMAADV.NS,Aerospace & Defense,Capital Goods,18611.17,0.0,35.41,-81.87,374.28,7083.88,111.91,11.74,,stage_2,5,930.4,499.99,23.86,0.04084,"{'price_above_30w_ma': True, '30w_ma_rising': True, 'price_above_10w_ma': True, 'relative_strength_positive': True, 'near_52w_high': True}",weakening,leading,101.96,98.81,-0.53,-5.23,False,False,2026-09-22 ratio=102.49 momentum=104.04; 2026-09-23 ratio=102.19 momentum=101.45; 2026-09-24 ratio=102.27 momentum=103.47; 2026-09-25 ratio=102.08 momentum=101.13; 2026-09-28 ratio=101.96 momentum=98.81,182.52
stock,Aequs,AEQUS.NS,Aerospace & Defense,Capital Goods,18227.8,0.0,-53.23,-1457.91,395.55,54.77,,1.69,,stage_2,5,260.1,206.29,6.87,0.01142,"{'price_above_30w_ma': True, '30w_ma_rising': True, 'price_above_10w_ma': True, 'relative_strength_positive': True, 'near_52w_high': True}",leading,leading,103.0,103.11,1.88,0.58,False,False,2026-09-22 ratio=101.12 momentum=102.53; 2026-09-23 ratio=101.07 momentum=102.06; 2026-09-24 ratio=101.32 momentum=101.97; 2026-09-25 ratio=101.50 momentum=102.08; 2026-09-28 ratio=103.00 momentum=103.11,189.29
stock,Astra Microwave,ASTRAMICRO.NS,Aerospace & Defense,Capital Goods,15690.12,0.15,12.35,-24.09,176.66,-11.55,83.0,20.28,,not_stage_2,3,1590.1,1446.95,6.67,0.0698,"{'price_above_30w_ma': True, '30w_ma_rising': True, 'price_above_10w_ma': False, 'relative_strength_positive': False, 'near_52w_high': True}",lagging,lagging,99.3,98.2,0.36,-0.41,False,False,2026-09-22 ratio=98.94 momentum=98.61; 2026-09-23 ratio=98.55 momentum=95.92; 2026-09-24 ratio=99.00 momentum=97.42; 2026-09-25 ratio=99.43 momentum=98.49; 2026-09-28 ratio=99.30 momentum=98.20,73.34
stock,Apollo Micro Sys,APOLLO.NS,Aerospace & Defense,Capital Goods,14960.6,0.06,25.21,45.38,251.29,88.12,123.32,14.53,,stage_2,5,408.3,350.51,6.85,0.01792,"{'price_above_30w_ma': True, '30w_ma_rising': True, 'price_above_10w_ma': True, 'relative_strength_positive': True, 'near_52w_high': True}",weakening,leading,102.37,99.47,0.46,-1.22,False,False,2026-09-22 ratio=101.91 momentum=100.70; 2026-09-23 ratio=101.56 momentum=99.55; 2026-09-24 ratio=101.59 momentum=99.17; 2026-09-25 ratio=101.21 momentum=99.29; 2026-09-28 ratio=102.37 momentum=99.47,150.55
stock,Zen Technologies,ZENTEC.NS,Aerospace & Defense,Capital Goods,14618.56,0.06,31.85,-23.2,141.64,-10.48,80.46,16.18,,not_stage_2,2,1642.8,1682.38,2.67,0.07212,"{'price_above_30w_ma': False, '30w_ma_rising': True, 'price_above_10w_ma': False, 'relative_strength_positive': False, 'near_52w_high': True}",lagging,lagging,99.6,98.8,0.17,0.69,False,False,2026-09-22 ratio=99.43 momentum=98.12; 2026-09-23 ratio=99.34 momentum=95.65; 2026-09-24 ratio=99.37 momentum=96.58; 2026-09-25 ratio=99.76 momentum=98.45; 2026-09-28 ratio=99.60 momentum=98.80,45.34
stock,Hindalco Inds.,HINDALCO.NS,Aluminium,Metals & Mining,214408.34,0.52,7013.0,116.7,84825.0,32.06,10.29,13.21,,not_stage_2,2,955.9,998.81,0.58,0.04196,"{'price_above_30w_ma': False, '30w_ma_rising': True, 'price_above_10w_ma': False, 'relative_strength_positive': False, 'near_52w_high': True}",weakening,weakening,100.03,98.87,0.03,0.27,False,False,2026-09-22 ratio=100.00 momentum=98.60; 2026-09-23 ratio=100.72 momentum=99.63; 2026-09-24 ratio=100.53 momentum=96.89; 2026-09-25 ratio=100.26 momentum=96.11; 2026-09-28 ratio=100.03 momentum=98.87,41.31
stock,Vedanta Aluminium Metal,VAML.NS,Aluminium,Metals & Mining,170048.74,1.84,6597.0,216.06,21393.0,45.99,10.74,,,insufficient_data,0,,,,,{},leading,lagging,100.08,101.23,0.47,1.36,True,False,2026-09-22 ratio=99.60 momentum=99.87; 2026-09-23 ratio=100.43 momentum=100.54; 2026-09-24 ratio=100.46 momentum=99.37; 2026-09-25 ratio=100.09 momentum=99.92; 2026-09-28 ratio=100.08 momentum=101.23,36.55
stock,Natl. Aluminium,NATIONALUM.NS,Aluminium,Metals & Mining,63849.79,3.32,2003.14,90.87,5302.38,39.28,9.46,39.59,,not_stage_2,1,349.0,380.56,-0.19,0.01532,"{'price_above_30w_ma': False, '30w_ma_rising': False, 'price_above_10w_ma': False, 'relative_strength_positive': False, 'near_52w_high': True}",lagging,lagging,99.86,98.58,0.21,-0.16,False,False,2026-09-22 ratio=99.65 momentum=98.73; 2026-09-23 ratio=100.17 momentum=99.06; 2026-09-24 ratio=100.20 momentum=97.55; 2026-09-25 ratio=100.13 momentum=97.33; 2026-09-28 ratio=99.86 momentum=98.58,20.0
stock,Arfin India,ARFIN.NS,Aluminium,Metals & Mining,1492.18,0.14,3.53,246.08,207.96,91.23,92.62,13.96,,stage_2,5,88.48,88.32,2.34,0.00388,"{'price_above_30w_ma': True, '30w_ma_rising': True, 'price_above_10w_ma': True, 'relative_strength_positive': True, 'near_52w_high': True}",leading,weakening,101.51,101.29,0.05,3.38,True,False,2026-09-22 ratio=101.46 momentum=97.91; 2026-09-23 ratio=101.85 momentum=99.95; 2026-09-24 ratio=101.62 momentum=100.42; 2026-09-25 ratio=101.70 momentum=100.81; 2026-09-28 ratio=101.51 momentum=101.29,173.68
stock,MMP Industries,MMP.NS,Aluminium,Metals & Mining,1136.89,0.45,13.7,15.32,232.6,26.9,25.5,12.56,,stage_2,5,452.25,306.08,10.4,0.01985,"{'price_above_30w_ma': True, '30w_ma_rising': True, 'price_above_10w_ma': True, 'relative_strength_positive': True, 'near_52w_high': True}",weakening,weakening,101.3,96.11,-0.21,-1.32,False,False,2026-09-22 ratio=101.51 momentum=97.43; 2026-09-23 ratio=101.46 momentum=94.94; 2026-09-24 ratio=101.36 momentum=96.11; 2026-09-25 ratio=101.37 momentum=97.70; 2026-09-28 ratio=101.30 momentum=96.11,152.3
stock,Maan Aluminium,MAANALU.NS,Aluminium,Metals & Mining,601.25,0.0,3.1,13.55,231.86,9.79,44.87,7.74,,not_stage_2,0,100.86,126.29,-3.62,0.00443,"{'price_above_30w_ma': False, '30w_ma_rising': False, 'price_above_10w_ma': False, 'relative_strength_positive': False, 'near_52w_high': False}",lagging,lagging,98.23,99.52,0.2,1.36,False,False,2026-09-22 ratio=98.04 momentum=98.16; 2026-09-23 ratio=97.88 momentum=97.39; 2026-09-24 ratio=98.08 momentum=98.95; 2026-09-25 ratio=97.69 momentum=98.24; 2026-09-28 ratio=98.23 momentum=99.52,0.0
stock,Jainik Power,JAINIK.NS,Aluminium,Metals & Mining,292.69,0.0,7.85,64.57,208.91,9.73,20.88,29.88,,insufficient_data,0,,,,,{},insufficient_data,insufficient_data,,,,,False,False,,0.0
stock,Manaksia Alumi.,MANAKALUCO.NS,Aluminium,Metals & Mining,226.74,0.14,2.85,82.69,139.59,3.85,25.62,10.15,,not_stage_2,1,34.39,34.51,2.6,0.00151,"{'price_above_30w_ma': False, '30w_ma_rising': True, 'price_above_10w_ma': False, 'relative_strength_positive': False, 'near_52w_high': False}",lagging,lagging,99.39,94.23,-0.08,-2.96,False,False,2026-09-22 ratio=99.46 momentum=97.19; 2026-09-23 ratio=99.69 momentum=97.04; 2026-09-24 ratio=99.65 momentum=95.76; 2026-09-25 ratio=99.77 momentum=96.29; 2026-09-28 ratio=99.39 momentum=94.23,25.2
stock,Hind Aluminium,HINDALUMI.NS,Aluminium,Metals & Mining,56.89,0.0,1.91,-51.03,5.36,405.66,15.33,-2.7,,insufficient_data,0,,,,,{},insufficient_data,insufficient_data,,,,,False,False,,0.0
stock,Prec. Wires (I),PRECWIRE.NS,"Aluminium, Copper & Zinc Products",Capital Goods,9143.15,0.25,46.45,71.47,1779.24,59.49,52.36,32.94,,stage_2,5,480.65,403.14,6.43,0.0211,"{'price_above_30w_ma': True, '30w_ma_rising': True, 'price_above_10w_ma': True, 'relative_strength_positive': True, 'near_52w_high': True}",leading,leading,101.34,100.23,-0.26,-0.64,False,False,2026-09-22 ratio=101.61 momentum=100.87; 2026-09-23 ratio=101.63 momentum=99.61; 2026-09-24 ratio=101.52 momentum=99.64; 2026-09-25 ratio=101.68 momentum=101.08; 2026-09-28 ratio=101.34 momentum=100.23,165.71
stock,CMR Green Tech.,CMRGREEN.NS,"Aluminium, Copper & Zinc Products",Capital Goods,4991.81,0.0,68.18,16.41,3122.73,64.92,20.99,14.06,,insufficient_data,0,,,,,{},leading,leading,101.65,101.34,-0.66,-0.66,False,False,2026-09-22 ratio=102.31 momentum=102.00; 2026-09-23 ratio=101.80 momentum=101.15; 2026-09-24 ratio=101.27 momentum=100.99; 2026-09-25 ratio=101.63 momentum=100.90; 2026-09-28 ratio=101.65 momentum=101.34,34.95
stock,Vidya Wires,VIDYAWIRES.NS,"Aluminium, Copper & Zinc Products",Capital Goods,1988.65,0.0,17.14,41.42,549.71,33.5,31.73,20.59,,stage_2,5,91.07,85.59,6.44,0.004,"{'price_above_30w_ma': True, '30w_ma_rising': True, 'price_above_10w_ma': True, 'relative_strength_positive': True, 'near_52w_high': True}",leading,lagging,102.46,102.22,3.41,3.0,True,False,2026-09-22 ratio=99.05 momentum=99.22; 2026-09-23 ratio=100.45 momentum=101.16; 2026-09-24 ratio=100.06 momentum=99.59; 2026-09-25 ratio=101.75 momentum=101.70; 2026-09-28 ratio=102.46 momentum=102.22,191.28
stock,Sunlite Recycli.,SUNLITE.NS,"Aluminium, Copper & Zinc Products",Capital Goods,863.14,0.16,25.8,257.84,1642.41,116.13,21.5,46.52,,insufficient_data,0,,,,,{},insufficient_data,insufficient_data,,,,,False,False,,0.0
stock,Baheti Recycling,BAHETI.NS,"Aluminium, Copper & Zinc Products",Capital Goods,799.18,0.0,17.79,61.87,409.72,53.38,29.58,21.55,,stage_2,4,766.25,673.37,3.85,0.03364,"{'price_above_30w_ma': True, '30w_ma_rising': True, 'price_above_10w_ma': False, 'relative_strength_positive': True, 'near_52w_high': True}",weakening,weakening,100.54,96.64,0.29,-1.4,False,False,2026-09-22 ratio=100.25 momentum=98.04; 2026-09-23 ratio=100.08 momentum=97.52; 2026-09-24 ratio=100.08 momentum=97.19; 2026-09-25 ratio=100.23 momentum=96.84; 2026-09-28 ratio=100.54 momentum=96.64,115.4
stock,Shera Energy,SHERA.NS,"Aluminium, Copper & Zinc Products",Capital Goods,477.3,0.0,12.64,88.26,487.67,26.1,13.95,19.53,,stage_2,5,190.7,157.29,6.15,0.00837,"{'price_above_30w_ma': True, '30w_ma_rising': True, 'price_above_10w_ma': True, 'relative_strength_positive': True, 'near_52w_high': True}",weakening,weakening,102.25,99.12,1.05,0.09,False,False,2026-09-22 ratio=101.20 momentum=99.03; 2026-09-23 ratio=101.03 momentum=97.80; 2026-09-24 ratio=100.74 momentum=97.76; 2026-09-25 ratio=100.84 momentum=97.05; 2026-09-28 ratio=102.25 momentum=99.12,148.55
stock,ANB Metal,AMCL.NS,"Aluminium, Copper & Zinc Products",Capital Goods,410.55,0.0,12.97,199.54,137.39,115.08,19.13,29.6,,insufficient_data,0,,,,,{},insufficient_data,insufficient_data,,,,,False,False,,0.0
stock,Euro Panel,EUROBOND.NS,"Aluminium, Copper & Zinc Products",Capital Goods,367.63,0.0,4.96,-13.29,119.62,14.1,13.9,16.72,,not_stage_2,1,149.93,164.19,-1.55,0.00658,"{'price_above_30w_ma': False, '30w_ma_rising': False, 'price_above_10w_ma': False, 'relative_strength_positive': True, 'near_52w_high': False}",leading,leading,100.47,102.42,0.29,-0.93,False,False,2026-09-22 ratio=100.18 momentum=103.35; 2026-09-23 ratio=99.82 momentum=100.40; 2026-09-24 ratio=99.56 momentum=101.08; 2026-09-25 ratio=99.98 momentum=102.15; 2026-09-28 ratio=100.47 momentum=102.42,54.45
stock,Cubex Tubings,CUBEXTUB.NS,"Aluminium, Copper & Zinc Products",Capital Goods,251.78,0.0,1.32,7.32,64.97,30.28,33.39,11.49,,stage_2,5,167.46,90.38,2.13,0.00735,"{'price_above_30w_ma': True, '30w_ma_rising': True, 'price_above_10w_ma': True, 'relative_strength_positive': True, 'near_52w_high': True}",leading,leading,104.38,101.86,-1.46,-1.4,False,False,2026-09-22 ratio=105.84 momentum=103.27; 2026-09-23 ratio=105.71 momentum=102.11; 2026-09-24 ratio=105.07 momentum=101.31; 2026-09-25 ratio=104.59 momentum=101.87; 2026-09-28 ratio=104.38 momentum=101.86,180.46
stock,Century Extrus.,CENTEXT.NS,"Aluminium, Copper & Zinc Products",Capital Goods,199.32,0.0,3.77,59.75,138.36,32.85,15.54,19.29,,not_stage_2,0,18.14,19.99,-1.26,0.0008,"{'price_above_30w_ma': False, '30w_ma_rising': False, 'price_above_10w_ma': False, 'relative_strength_positive': False, 'near_52w_high': False}",lagging,lagging,98.96,96.28,-0.1,-3.15,False,False,2026-09-22 ratio=99.06 momentum=99.43; 2026-09-23 ratio=99.09 momentum=98.86; 2026-09-24 ratio=99.32 momentum=98.46; 2026-09-25 ratio=99.06 momentum=96.51; 2026-09-28 ratio=98.96 momentum=96.28,0.0
stock,Wonderla Holiday,WONDERLA.NS,Amusement Parks/ Other Recreation,Consumer Services,3187.5,0.4,72.8,38.48,242.63,44.22,30.13,6.2,,stage_2,4,505.55,502.49,0.75,0.02219,"{'price_above_30w_ma': True, '30w_ma_rising': True, 'price_above_10w_ma': False, 'relative_strength_positive': True, 'near_52w_high': True}",weakening,weakening,101.05,97.83,0.07,1.27,False,False,2026-09-22 ratio=100.99 momentum=96.56; 2026-09-23 ratio=100.85 momentum=97.60; 2026-09-24 ratio=101.07 momentum=98.14; 2026-09-25 ratio=100.98 momentum=97.97; 2026-09-28 ratio=101.05 momentum=97.83,111.75
stock,Imagica. Enter.,IMAGICAA.NS,Amusement Parks/ Other Recreation,Consumer Services,3020.98,0.0,57.57,26.19,177.6,19.92,237.13,1.81,,stage_2,4,51.29,47.07,2.28,0.00225,"{'price_above_30w_ma': True, '30w_ma_rising': True, 'price_above_10w_ma': False, 'relative_strength_positive': True, 'near_52w_high': True}",weakening,weakening,100.84,98.23,-0.11,0.86,False,False,2026-09-22 ratio=100.95 momentum=97.36; 2026-09-23 ratio=100.96 momentum=97.40; 2026-09-24 ratio=100.80 momentum=94.65; 2026-09-25 ratio=100.93 momentum=97.41; 2026-09-28 ratio=100.84 momentum=98.23,113.76
stock,Delta Corp,DELTACORP.NS,Amusement Parks/ Other Recreation,Consumer Services,2106.8,0.64,-212.57,219.62,168.55,-8.48,13.67,5.08,,stage_2,5,72.2,63.96,0.41,0.00317,"{'price_above_30w_ma': True, '30w_ma_rising': True, 'price_above_10w_ma': True, 'relative_strength_positive': True, 'near_52w_high': True}",leading,leading,103.03,102.29,1.85,-0.34,False,False,2026-09-22 ratio=101.18 momentum=102.63; 2026-09-23 ratio=103.33 momentum=103.14; 2026-09-24 ratio=104.16 momentum=102.81; 2026-09-25 ratio=104.22 momentum=102.75; 2026-09-28 ratio=103.03 momentum=102.29,172.42
stock,Nicco Parks,NICCOPAR.NS,Amusement Parks/ Other Recreation,Consumer Services,378.84,1.54,5.47,68.83,19.05,-27.54,64.1,13.52,,insufficient_data,0,,,,,{},insufficient_data,insufficient_data,,,,,False,False,,0.0
stock,Godrej Agrovet,GODREJAGRO.NS,Animal Feed,Fast Moving Consumer Goods,12143.29,1.74,128.31,-16.21,2855.22,9.22,25.88,19.16,,stage_2,5,642.5,589.43,0.65,0.0282,"{'price_above_30w_ma': True, '30w_ma_rising': True, 'price_above_10w_ma': True, 'relative_strength_positive': True, 'near_52w_high': True}",weakening,weakening,101.2,93.57,-0.19,-3.64,False,False,2026-09-22 ratio=101.39 momentum=97.21; 2026-09-23 ratio=101.56 momentum=97.09; 2026-09-24 ratio=101.79 momentum=97.16; 2026-09-25 ratio=101.34 momentum=95.89; 2026-09-28 ratio=101.20 momentum=93.57,132.3
stock,Avanti Feeds,AVANTIFEED.NS,Animal Feed,Fast Moving Consumer Goods,10181.61,1.34,116.3,-42.0,1899.86,18.32,18.92,24.38,,not_stage_2,0,741.5,1067.12,-6.31,0.03255,"{'price_above_30w_ma': False, '30w_ma_rising': False, 'price_above_10w_ma': False, 'relative_strength_positive': False, 'near_52w_high': False}",lagging,improving,98.83,98.51,0.22,-2.59,False,False,2026-09-22 ratio=98.60 momentum=101.10; 2026-09-23 ratio=98.80 momentum=96.66; 2026-09-24 ratio=98.77 momentum=98.59; 2026-09-25 ratio=98.80 momentum=96.39; 2026-09-28 ratio=98.83 momentum=98.51,0.0
stock,Mukka Proteins,MUKKA.NS,Animal Feed,Fast Moving Consumer Goods,783.49,0.0,18.64,1142.76,489.65,186.73,11.33,11.61,,stage_2,5,26.91,24.24,2.85,0.00118,"{'price_above_30w_ma': True, '30w_ma_rising': True, 'price_above_10w_ma': True, 'relative_strength_positive': True, 'near_52w_high': True}",weakening,weakening,100.68,96.24,-0.06,-0.08,False,False,2026-09-22 ratio=100.74 momentum=96.31; 2026-09-23 ratio=100.58 momentum=97.22; 2026-09-24 ratio=100.68 momentum=97.90; 2026-09-25 ratio=100.74 momentum=97.75; 2026-09-28 ratio=100.68 momentum=96.24,134.1
stock,KSE,KSE.NS,Animal Feed,Fast Moving Consumer Goods,569.95,7.02,0.94,-98.44,453.67,9.06,12.37,33.55,,insufficient_data,0,,,,,{},insufficient_data,insufficient_data,,,,,False,False,,0.0
stock,Narmada Agrobase,NARMADA.NS,Animal Feed,Fast Moving Consumer Goods,96.44,0.0,0.75,-26.47,22.26,100.9,26.86,8.95,,not_stage_2,0,13.05,16.61,-2.09,0.00057,"{'price_above_30w_ma': False, '30w_ma_rising': False, 'price_above_10w_ma': False, 'relative_strength_positive': False, 'near_52w_high': False}",lagging,lagging,99.27,96.49,0.07,-2.73,False,False,2026-09-22 ratio=99.20 momentum=99.22; 2026-09-23 ratio=99.15 momentum=96.79; 2026-09-24 ratio=99.25 momentum=96.97; 2026-09-25 ratio=99.33 momentum=100.27; 2026-09-28 ratio=99.27 momentum=96.49,0.0
stock,Ajooni Biotech,AJOONI.NS,Animal Feed,Fast Moving Consumer Goods,54.08,0.0,0.43,-44.87,63.49,103.04,13.66,6.11,,not_stage_2,0,3.14,3.9,-4.68,0.00014,"{'price_above_30w_ma': False, '30w_ma_rising': False, 'price_above_10w_ma': False, 'relative_strength_positive': False, 'near_52w_high': False}",lagging,lagging,98.27,99.07,0.57,0.0,False,False,2026-09-22 ratio=97.71 momentum=99.07; 2026-09-23 ratio=98.26 momentum=100.73; 2026-09-24 ratio=98.14 momentum=98.75; 2026-09-25 ratio=98.19 momentum=98.75; 2026-09-28 ratio=98.27 momentum=99.07,0.0
stock,ICICI AMC,ICICIAMC.NS,Asset Management Company,Financial Services,160169.97,0.84,964.63,23.1,1564.22,17.55,45.95,115.1,,stage_2,5,3214.5,3175.73,0.53,0.14111,"{'price_above_30w_ma': True, '30w_ma_rising': True, 'price_above_10w_ma': True, 'relative_strength_positive': True, 'near_52w_high': True}",leading,leading,102.58,104.72,1.0,2.33,False,False,2026-09-22 ratio=101.58 momentum=102.39; 2026-09-23 ratio=101.66 momentum=102.56; 2026-09-24 ratio=102.03 momentum=103.20; 2026-09-25 ratio=101.95 momentum=103.30; 2026-09-28 ratio=102.58 momentum=104.72,182.56
stock,SBI Funds Mgt.,SBIFUNDS.NS,Asset Management Company,Financial Services,105497.2,0.0,880.26,3.7,1152.73,15.16,34.05,56.5,,insufficient_data,0,,,,,{},insufficient_data,insufficient_data,,,,,False,False,,0.0
stock,HDFC AMC,HDFCAMC.NS,Asset Management Company,Financial Services,95321.37,2.43,838.36,12.09,1098.5,13.51,32.31,42.88,,not_stage_2,1,2302.3,2569.68,-1.56,0.10107,"{'price_above_30w_ma': False, '30w_ma_rising': False, 'price_above_10w_ma': False, 'relative_strength_positive': False, 'near_52w_high': True}",lagging,improving,98.27,98.4,-1.23,-5.05,False,False,2026-09-22 ratio=99.49 momentum=103.45; 2026-09-23 ratio=99.63 momentum=102.19; 2026-09-24 ratio=99.13 momentum=99.69; 2026-09-25 ratio=98.97 momentum=99.46; 2026-09-28 ratio=98.27 momentum=98.40,20.0
stock,Nippon Life Ind.,NAM-INDIA.NS,Asset Management Company,Financial Services,68104.34,2.01,503.7,27.16,766.87,26.42,41.6,43.8,,not_stage_2,3,1093.9,1087.76,2.95,0.04802,"{'price_above_30w_ma': True, '30w_ma_rising': True, 'price_above_10w_ma': False, 'relative_strength_positive': False, 'near_52w_high': True}",lagging,weakening,99.2,96.19,-1.41,-3.14,False,False,2026-09-22 ratio=100.61 momentum=99.32; 2026-09-23 ratio=100.61 momentum=99.30; 2026-09-24 ratio=100.58 momentum=99.99; 2026-09-25 ratio=100.84 momentum=99.41; 2026-09-28 ratio=99.20 momentum=96.19,65.9
stock,Aditya AMC,ABSLAMC.NS,Asset Management Company,Financial Services,27613.84,2.67,309.49,11.68,462.96,3.48,27.35,32.23,,not_stage_2,2,987.7,1044.29,1.84,0.04336,"{'price_above_30w_ma': False, '30w_ma_rising': True, 'price_above_10w_ma': False, 'relative_strength_positive': False, 'near_52w_high': True}",weakening,leading,100.22,96.17,-0.14,-4.58,False,False,2026-09-22 ratio=100.37 momentum=100.75; 2026-09-23 ratio=100.30 momentum=100.49; 2026-09-24 ratio=100.68 momentum=99.88; 2026-09-25 ratio=100.43 momentum=98.40; 2026-09-28 ratio=100.22 momentum=96.17,44.78
stock,UTI AMC,UTIAMC.NS,Asset Management Company,Financial Services,11294.59,4.56,293.86,24.07,583.51,6.7,21.15,15.57,,not_stage_2,1,893.9,933.16,-1.73,0.03924,"{'price_above_30w_ma': False, '30w_ma_rising': False, 'price_above_10w_ma': False, 'relative_strength_positive': True, 'near_52w_high': False}",leading,leading,101.73,102.09,0.05,-2.19,False,False,2026-09-22 ratio=101.67 momentum=104.28; 2026-09-23 ratio=101.24 momentum=102.63; 2026-09-24 ratio=101.91 momentum=103.19; 2026-09-25 ratio=101.48 momentum=101.25; 2026-09-28 ratio=101.73 momentum=102.09,59.1
stock,Canara Robeco,CRAMC.NS,Asset Management Company,Financial Services,4449.1,1.79,75.6,23.98,145.37,20.07,20.37,40.11,,not_stage_2,0,225.4,249.87,-0.84,0.00989,"{'price_above_30w_ma': False, '30w_ma_rising': False, 'price_above_10w_ma': False, 'relative_strength_positive': False, 'near_52w_high': False}",improving,lagging,98.3,100.17,0.81,5.13,False,True,2026-09-22 ratio=97.49 momentum=95.05; 2026-09-23 ratio=97.81 momentum=98.96; 2026-09-24 ratio=98.20 momentum=100.69; 2026-09-25 ratio=98.39 momentum=100.49; 2026-09-28 ratio=98.30 momentum=100.17,0.85
stock,Gaja Alternative Asset,GAJA.NS,Asset Management Company,Financial Services,1980.49,0.53,27.21,35.66,15.64,-49.15,22.95,17.02,,insufficient_data,0,,,,,{},insufficient_data,insufficient_data,,,,,False,False,,0.0
stock,IL&FS Inv.Manag.,IVC.NS,Asset Management Company,Financial Services,241.8,15.63,1.21,23.86,8.17,40.86,59.41,4.11,,not_stage_2,2,7.81,7.97,1.27,0.00034,"{'price_above_30w_ma': False, '30w_ma_rising': True, 'price_above_10w_ma': False, 'relative_strength_positive': False, 'near_52w_high': True}",lagging,lagging,99.63,86.72,0.34,-10.3,False,False,2026-09-22 ratio=99.29 momentum=97.02; 2026-09-23 ratio=99.31 momentum=97.11; 2026-09-24 ratio=99.32 momentum=96.38; 2026-09-25 ratio=99.43 momentum=95.29; 2026-09-28 ratio=99.63 momentum=86.72,42.54
stock,Samvardh. Mothe.,MOTHERSON.NS,Auto Components & Equipments,Automobile and Auto Components,166704.42,0.38,1075.66,81.52,35243.77,16.65,36.48,13.43,,stage_2,4,162.37,142.71,3.34,0.00713,"{'price_above_30w_ma': True, '30w_ma_rising': True, 'price_above_10w_ma': False, 'relative_strength_positive': True, 'near_52w_high': True}",weakening,weakening,101.12,99.57,0.34,0.17,False,False,2026-09-22 ratio=100.78 momentum=99.40; 2026-09-23 ratio=100.93 momentum=98.92; 2026-09-24 ratio=100.98 momentum=98.63; 2026-09-25 ratio=101.23 momentum=100.97; 2026-09-28 ratio=101.12 momentum=99.57,117.28
stock,Bosch,BOSCHLTD.NS,Auto Components & Equipments,Automobile and Auto Components,134283.26,0.59,706.1,5.2,5841.9,22.0,56.82,21.54,,stage_2,5,47020.0,40237.5,4.32,2.06407,"{'price_above_30w_ma': True, '30w_ma_rising': True, 'price_above_10w_ma': True, 'relative_strength_positive': True, 'near_52w_high': True}",weakening,weakening,100.99,95.68,-0.21,-3.43,False,False,2026-09-22 ratio=101.20 momentum=99.11; 2026-09-23 ratio=101.00 momentum=97.45; 2026-09-24 ratio=101.12 momentum=96.56; 2026-09-25 ratio=101.17 momentum=97.07; 2026-09-28 ratio=100.99 momentum=95.68,138.59
stock,Bharat Forge,BHARATFORG.NS,Auto Components & Equipments,Automobile and Auto Components,95045.53,0.44,-89.89,-57.72,4639.94,18.71,94.13,12.61,,not_stage_2,3,1957.0,1967.5,0.89,0.08591,"{'price_above_30w_ma': False, '30w_ma_rising': True, 'price_above_10w_ma': False, 'relative_strength_positive': True, 'near_52w_high': True}",improving,improving,99.88,101.7,-0.02,-1.82,False,False,2026-09-22 ratio=99.90 momentum=103.52; 2026-09-23 ratio=99.70 momentum=101.10; 2026-09-24 ratio=100.10 momentum=101.62; 2026-09-25 ratio=100.14 momentum=102.07; 2026-09-28 ratio=99.88 momentum=101.70,70.28
stock,Uno Minda,UNOMINDA.NS,Auto Components & Equipments,Automobile and Auto Components,66873.64,0.23,315.51,1.76,5556.85,23.79,54.71,19.65,,not_stage_2,3,1173.0,1146.3,0.37,0.05149,"{'price_above_30w_ma': True, '30w_ma_rising': True, 'price_above_10w_ma': False, 'relative_strength_positive': False, 'near_52w_high': True}",weakening,weakening,100.17,99.38,-0.67,-0.28,False,False,2026-09-22 ratio=100.84 momentum=99.66; 2026-09-23 ratio=100.63 momentum=99.22; 2026-09-24 ratio=101.04 momentum=99.98; 2026-09-25 ratio=100.78 momentum=99.78; 2026-09-28 ratio=100.17 momentum=99.38,61.59
stock,Schaeffler India,SCHAEFFLER.NS,Auto Components & Equipments,Automobile and Auto Components,61283.44,0.89,336.73,13.67,2681.41,17.5,47.47,27.9,,not_stage_2,2,3955.5,4064.68,-0.17,0.17364,"{'price_above_30w_ma': False, '30w_ma_rising': False, 'price_above_10w_ma': False, 'relative_strength_positive': True, 'near_52w_high': True}",leading,leading,101.24,101.13,-0.17,-0.16,False,False,2026-09-22 ratio=101.41 momentum=101.28; 2026-09-23 ratio=101.51 momentum=101.64; 2026-09-24 ratio=101.53 momentum=101.55; 2026-09-25 ratio=101.15 momentum=101.33; 2026-09-28 ratio=101.24 momentum=101.13,71.85
stock,Sona BLW Precis.,SONACOMS.NS,Auto Components & Equipments,Automobile and Auto Components,51011.22,0.42,220.11,73.37,1157.24,50.82,65.61,15.11,,stage_2,5,807.9,662.04,5.97,0.03546,"{'price_above_30w_ma': True, '30w_ma_rising': True, 'price_above_10w_ma': True, 'relative_strength_positive': True, 'near_52w_high': True}",leading,leading,101.58,101.72,0.34,-0.09,False,False,2026-09-22 ratio=101.24 momentum=101.81; 2026-09-23 ratio=101.68 momentum=101.76; 2026-09-24 ratio=101.60 momentum=101.26; 2026-09-25 ratio=101.71 momentum=101.41; 2026-09-28 ratio=101.58 momentum=101.72,173.44
stock,Tube Investments,TIINDIA.NS,Auto Components & Equipments,Automobile and Auto Components,46785.1,0.15,293.96,-15.25,6215.33,17.07,74.65,17.14,,not_stage_2,0,2459.0,2823.07,-0.45,0.10794,"{'price_above_30w_ma': False, '30w_ma_rising': False, 'price_above_10w_ma': False, 'relative_strength_positive': False, 'near_52w_high': False}",lagging,lagging,98.26,98.63,-0.39,-0.65,False,False,2026-09-22 ratio=98.65 momentum=99.28; 2026-09-23 ratio=98.61 momentum=99.95; 2026-09-24 ratio=98.70 momentum=97.44; 2026-09-25 ratio=98.32 momentum=97.10; 2026-09-28 ratio=98.26 momentum=98.63,0.0
stock,Endurance Tech.,ENDURANCE.NS,Auto Components & Equipments,Automobile and Auto Components,37345.94,0.43,244.52,8.03,4314.89,30.01,37.93,17.8,,stage_2,4,2700.4,2611.06,0.91,0.11854,"{'price_above_30w_ma': True, '30w_ma_rising': True, 'price_above_10w_ma': False, 'relative_strength_positive': True, 'near_52w_high': True}",leading,lagging,100.26,101.57,0.73,2.84,True,False,2026-09-22 ratio=99.53 momentum=98.73; 2026-09-23 ratio=99.11 momentum=98.04; 2026-09-24 ratio=99.51 momentum=97.87; 2026-09-25 ratio=99.22 momentum=98.34; 2026-09-28 ratio=100.26 momentum=101.57,145.97
stock,Exide Inds.,EXIDEIND.NS,Auto Components & Equipments,Automobile and Auto Components,34569.81,0.49,351.3,28.38,5528.38,17.75,36.84,8.54,,not_stage_2,3,411.75,390.14,3.18,0.01807,"{'price_above_30w_ma': True, '30w_ma_rising': True, 'price_above_10w_ma': False, 'relative_strength_positive': False, 'near_52w_high': True}",improving,improving,99.37,100.71,-0.59,-0.13,False,False,2026-09-22 ratio=99.96 momentum=100.84; 2026-09-23 ratio=99.59 momentum=100.69; 2026-09-24 ratio=100.02 momentum=102.42; 2026-09-25 ratio=99.72 momentum=100.58; 2026-09-28 ratio=99.37 momentum=100.71,69.91
stock,Dhoot Transmission,DHOOTTRANS.NS,Auto Components & Equipments,Automobile and Auto Components,30759.94,0.0,132.68,36.89,1446.42,49.68,68.67,24.36,,insufficient_data,0,,,,,{},insufficient_data,insufficient_data,,,,,False,False,,0.0
stock,United Spirits,UNITDSPR.NS,Breweries & Distilleries,Fast Moving Consumer Goods,99432.97,1.25,463.0,-20.54,2708.0,-10.36,53.65,26.39,,stage_2,4,1415.4,1369.51,0.13,0.06213,"{'price_above_30w_ma': True, '30w_ma_rising': True, 'price_above_10w_ma': False, 'relative_strength_positive': True, 'near_52w_high': True}",leading,lagging,100.36,102.09,0.97,4.12,True,False,2026-09-22 ratio=99.39 momentum=97.97; 2026-09-23 ratio=100.11 momentum=100.22; 2026-09-24 ratio=100.20 momentum=101.61; 2026-09-25 ratio=100.06 momentum=101.57; 2026-09-28 ratio=100.36 momentum=102.09,147.51
stock,Radico Khaitan,RADICO.NS,Breweries & Distilleries,Fast Moving Consumer Goods,58399.15,0.21,229.6,69.15,1683.69,11.8,82.17,24.15,,stage_2,4,4478.3,3777.47,6.61,0.19659,"{'price_above_30w_ma': True, '30w_ma_rising': True, 'price_above_10w_ma': False, 'relative_strength_positive': True, 'near_52w_high': True}",leading,leading,101.37,102.83,0.59,2.51,False,False,2026-09-22 ratio=100.78 momentum=100.32; 2026-09-23 ratio=101.43 momentum=101.73; 2026-09-24 ratio=101.15 momentum=101.29; 2026-09-25 ratio=101.44 momentum=101.67; 2026-09-28 ratio=101.37 momentum=102.83,159.22
stock,United Breweries,UBL.NS,Breweries & Distilleries,Fast Moving Consumer Goods,31993.05,0.83,166.28,-9.54,3066.86,7.07,92.56,10.68,,not_stage_2,0,1217.4,1381.9,-3.76,0.05344,"{'price_above_30w_ma': False, '30w_ma_rising': False, 'price_above_10w_ma': False, 'relative_strength_positive': False, 'near_52w_high': False}",improving,lagging,98.93,100.77,0.76,2.63,False,True,2026-09-22 ratio=98.17 momentum=98.14; 2026-09-23 ratio=98.65 momentum=102.90; 2026-09-24 ratio=99.65 momentum=102.27; 2026-09-25 ratio=99.20 momentum=101.65; 2026-09-28 ratio=98.93 momentum=100.77,3.85
stock,Allied Blenders,ABDL.NS,Breweries & Distilleries,Fast Moving Consumer Goods,20059.25,0.75,45.42,-12.98,978.94,6.08,89.93,18.38,,stage_2,5,723.45,581.9,4.41,0.03176,"{'price_above_30w_ma': True, '30w_ma_rising': True, 'price_above_10w_ma': True, 'relative_strength_positive': True, 'near_52w_high': True}",leading,leading,103.5,103.16,1.32,0.8,False,False,2026-09-22 ratio=102.18 momentum=102.35; 2026-09-23 ratio=102.25 momentum=103.11; 2026-09-24 ratio=104.12 momentum=104.40; 2026-09-25 ratio=103.51 momentum=104.29; 2026-09-28 ratio=103.50 momentum=103.16,187.12
stock,Tilaknagar Inds.,TI.NS,Breweries & Distilleries,Fast Moving Consumer Goods,13655.46,0.18,31.59,-30.28,1046.03,155.67,60.41,11.78,,stage_2,5,561.65,475.86,3.09,0.02466,"{'price_above_30w_ma': True, '30w_ma_rising': True, 'price_above_10w_ma': True, 'relative_strength_positive': True, 'near_52w_high': True}",leading,leading,101.18,101.42,-0.24,-0.34,False,False,2026-09-22 ratio=101.43 momentum=101.76; 2026-09-23 ratio=101.80 momentum=101.96; 2026-09-24 ratio=101.65 momentum=101.80; 2026-09-25 ratio=101.44 momentum=101.24; 2026-09-28 ratio=101.18 momentum=101.42,164.18
stock,Piccadily Agro,PICCADIL.NS,Breweries & Distilleries,Fast Moving Consumer Goods,5944.4,0.17,21.44,16.33,251.18,17.42,42.3,18.01,,not_stage_2,2,600.5,616.23,0.69,0.02636,"{'price_above_30w_ma': False, '30w_ma_rising': True, 'price_above_10w_ma': False, 'relative_strength_positive': False, 'near_52w_high': True}",improving,improving,99.2,102.09,0.14,0.43,False,True,2026-09-22 ratio=99.06 momentum=101.66; 2026-09-23 ratio=99.16 momentum=102.32; 2026-09-24 ratio=99.01 momentum=102.13; 2026-09-25 ratio=99.22 momentum=102.64; 2026-09-28 ratio=99.20 momentum=102.09,51.83
stock,Globus Spirits,GLOBUSSPR.NS,Breweries & Distilleries,Fast Moving Consumer Goods,2532.0,0.81,26.48,49.05,788.78,12.71,25.19,11.25,,not_stage_2,0,819.15,898.34,-1.4,0.03596,"{'price_above_30w_ma': False, '30w_ma_rising': False, 'price_above_10w_ma': False, 'relative_strength_positive': False, 'near_52w_high': False}",improving,lagging,99.24,101.22,0.69,7.73,False,True,2026-09-22 ratio=98.55 momentum=93.49; 2026-09-23 ratio=98.73 momentum=98.02; 2026-09-24 ratio=99.52 momentum=101.53; 2026-09-25 ratio=99.23 momentum=101.98; 2026-09-28 ratio=99.24 momentum=101.22,6.1
stock,G M Breweries,GMBREW.NS,Breweries & Distilleries,Fast Moving Consumer Goods,2197.31,0.93,37.74,45.94,199.58,22.55,13.02,17.96,,not_stage_2,4,966.6,940.09,-0.75,0.04243,"{'price_above_30w_ma': True, '30w_ma_rising': False, 'price_above_10w_ma': True, 'relative_strength_positive': True, 'near_52w_high': True}",leading,leading,102.57,103.03,0.19,1.6,False,False,2026-09-22 ratio=102.38 momentum=101.43; 2026-09-23 ratio=102.64 momentum=102.11; 2026-09-24 ratio=102.80 momentum=102.38; 2026-09-25 ratio=102.74 momentum=102.88; 2026-09-28 ratio=102.57 momentum=103.03,128.0
stock,India Glycols,INDIAGLYCO.NS,Breweries & Distilleries,Fast Moving Consumer Goods,2042.69,2.46,96.83,32.19,1130.39,8.64,6.44,12.4,,not_stage_2,0,297.5,899.7,-8.6,0.01306,"{'price_above_30w_ma': False, '30w_ma_rising': False, 'price_above_10w_ma': False, 'relative_strength_positive': False, 'near_52w_high': False}",improving,improving,98.75,103.32,0.38,-1.13,False,False,2026-09-22 ratio=98.37 momentum=104.45; 2026-09-23 ratio=98.45 momentum=104.33; 2026-09-24 ratio=98.65 momentum=104.12; 2026-09-25 ratio=98.72 momentum=103.54; 2026-09-28 ratio=98.75 momentum=103.32,16.6
stock,Som Distilleries,SDBL.NS,Breweries & Distilleries,Fast Moving Consumer Goods,1645.09,0.0,1.56,-98.91,268.63,-49.16,,5.67,,not_stage_2,3,80.62,76.3,-1.33,0.00354,"{'price_above_30w_ma': True, '30w_ma_rising': False, 'price_above_10w_ma': True, 'relative_strength_positive': True, 'near_52w_high': False}",leading,lagging,104.97,102.55,5.87,6.65,True,False,2026-09-22 ratio=99.10 momentum=95.89; 2026-09-23 ratio=99.09 momentum=96.86; 2026-09-24 ratio=99.20 momentum=96.41; 2026-09-25 ratio=102.49 momentum=102.06; 2026-09-28 ratio=104.97 momentum=102.55,127.6
stock,Firstsour.Solu.,FSL.NS,Business Process Outsourcing (BPO)/ Knowledge Process Outsourcing (KPO),Services,17587.62,2.21,165.92,30.01,2724.87,22.87,22.03,16.8,,not_stage_2,2,256.0,250.6,1.44,0.01124,"{'price_above_30w_ma': True, '30w_ma_rising': True, 'price_above_10w_ma': False, 'relative_strength_positive': False, 'near_52w_high': False}",improving,leading,99.75,101.17,-0.51,0.43,False,False,2026-09-22 ratio=100.26 momentum=100.74; 2026-09-23 ratio=100.06 momentum=100.53; 2026-09-24 ratio=99.96 momentum=100.54; 2026-09-25 ratio=99.72 momentum=100.60; 2026-09-28 ratio=99.75 momentum=101.17,48.73
stock,eClerx Services,ECLERX.NS,Business Process Outsourcing (BPO)/ Knowledge Process Outsourcing (KPO),Services,16614.42,0.06,164.24,15.99,1152.36,23.31,22.79,34.42,,stage_2,4,1816.2,1649.63,1.69,0.07973,"{'price_above_30w_ma': True, '30w_ma_rising': True, 'price_above_10w_ma': False, 'relative_strength_positive': True, 'near_52w_high': True}",weakening,leading,100.23,97.95,-0.92,-4.29,False,False,2026-09-22 ratio=101.15 momentum=102.24; 2026-09-23 ratio=101.00 momentum=99.50; 2026-09-24 ratio=100.94 momentum=99.41; 2026-09-25 ratio=100.94 momentum=100.32; 2026-09-28 ratio=100.23 momentum=97.95,109.53
stock,RPSG Ventures,RPSGVENT.NS,Business Process Outsourcing (BPO)/ Knowledge Process Outsourcing (KPO),Services,2765.15,0.0,253.09,34.95,3576.44,20.36,,10.61,,not_stage_2,3,842.05,874.1,2.38,0.03696,"{'price_above_30w_ma': False, '30w_ma_rising': True, 'price_above_10w_ma': False, 'relative_strength_positive': True, 'near_52w_high': True}",leading,improving,100.38,103.53,0.79,0.22,True,False,2026-09-22 ratio=99.59 momentum=103.31; 2026-09-23 ratio=99.82 momentum=103.95; 2026-09-24 ratio=100.07 momentum=99.71; 2026-09-25 ratio=99.72 momentum=101.34; 2026-09-28 ratio=100.38 momentum=103.53,114.31
stock,One Point One,ONEPOINT.NS,Business Process Outsourcing (BPO)/ Knowledge Process Outsourcing (KPO),Services,1883.42,0.0,16.31,72.78,158.32,129.42,40.9,10.88,,stage_2,5,69.43,56.38,3.99,0.00305,"{'price_above_30w_ma': True, '30w_ma_rising': True, 'price_above_10w_ma': True, 'relative_strength_positive': True, 'near_52w_high': True}",leading,leading,103.24,102.19,-0.39,-0.41,False,False,2026-09-22 ratio=103.63 momentum=102.60; 2026-09-23 ratio=104.40 momentum=103.76; 2026-09-24 ratio=104.07 momentum=101.68; 2026-09-25 ratio=103.48 momentum=101.43; 2026-09-28 ratio=103.24 momentum=102.19,180.13
stock,Hinduja Global,HGS.NS,Business Process Outsourcing (BPO)/ Knowledge Process Outsourcing (KPO),Services,1703.1,1.37,-66.26,-45.26,1050.36,-0.56,,1.46,,not_stage_2,0,372.35,403.6,-0.14,0.01635,"{'price_above_30w_ma': False, '30w_ma_rising': False, 'price_above_10w_ma': False, 'relative_strength_positive': False, 'near_52w_high': False}",improving,lagging,99.02,101.51,0.19,2.49,False,True,2026-09-22 ratio=98.83 momentum=99.02; 2026-09-23 ratio=98.60 momentum=99.55; 2026-09-24 ratio=98.77 momentum=100.00; 2026-09-25 ratio=98.85 momentum=100.65; 2026-09-28 ratio=99.02 momentum=101.51,7.55
stock,Alldigi Tech,ALLDIGI.NS,Business Process Outsourcing (BPO)/ Knowledge Process Outsourcing (KPO),Services,1182.11,7.73,18.12,21.69,150.28,4.43,12.83,27.89,,not_stage_2,2,775.9,804.18,-0.68,0.03406,"{'price_above_30w_ma': False, '30w_ma_rising': False, 'price_above_10w_ma': False, 'relative_strength_positive': True, 'near_52w_high': True}",weakening,lagging,100.25,99.91,0.53,1.28,False,False,2026-09-22 ratio=99.72 momentum=98.63; 2026-09-23 ratio=99.32 momentum=98.06; 2026-09-24 ratio=99.55 momentum=98.04; 2026-09-25 ratio=99.69 momentum=98.42; 2026-09-28 ratio=100.25 momentum=99.91,41.25
stock,Kandarp Digi,KANDARP.NS,Business Process Outsourcing (BPO)/ Knowledge Process Outsourcing (KPO),Services,59.26,0.0,1.13,-15.67,16.35,4.01,32.03,11.23,,not_stage_2,0,69.5,115.76,-8.68,0.00305,"{'price_above_30w_ma': False, '30w_ma_rising': False, 'price_above_10w_ma': False, 'relative_strength_positive': False, 'near_52w_high': False}",improving,lagging,98.22,102.76,0.05,5.59,False,True,2026-09-22 ratio=98.17 momentum=97.17; 2026-09-23 ratio=98.27 momentum=100.45; 2026-09-24 ratio=98.73 momentum=102.67; 2026-09-25 ratio=98.38 momentum=103.75; 2026-09-28 ratio=98.22 momentum=102.76,13.8
stock,We Win Ltd,WEWIN.NS,Business Process Outsourcing (BPO)/ Knowledge Process Outsourcing (KPO),Services,48.46,0.0,0.91,-15.74,30.77,51.65,10.79,10.9,,not_stage_2,3,48.59,49.33,0.7,0.00213,"{'price_above_30w_ma': False, '30w_ma_rising': True, 'price_above_10w_ma': True, 'relative_strength_positive': True, 'near_52w_high': False}",leading,improving,103.04,102.16,3.45,-1.15,False,False,2026-09-22 ratio=99.59 momentum=103.31; 2026-09-23 ratio=102.07 momentum=103.95; 2026-09-24 ratio=103.59 momentum=103.20; 2026-09-25 ratio=102.80 momentum=102.05; 2026-09-28 ratio=103.04 momentum=102.16,107.4
stock,Cadsys (India),CADSYS.NS,Business Process Outsourcing (BPO)/ Knowledge Process Outsourcing (KPO),Services,41.56,0.0,-8.6,110.64,47.31,16.3,,-13.98,,not_stage_2,0,43.7,57.38,-0.85,0.00192,"{'price_above_30w_ma': False, '30w_ma_rising': False, 'price_above_10w_ma': False, 'relative_strength_positive': False, 'near_52w_high': False}",improving,improving,99.0,102.42,-0.16,-0.31,False,False,2026-09-22 ratio=99.16 momentum=102.73; 2026-09-23 ratio=99.14 momentum=102.19; 2026-09-24 ratio=99.29 momentum=102.26; 2026-09-25 ratio=98.85 momentum=99.66; 2026-09-28 ratio=99.00 momentum=102.42,12.1
stock,HRH Next,HRHNEXT.NS,Business Process Outsourcing (BPO)/ Knowledge Process Outsourcing (KPO),Services,31.89,0.0,2.78,152.73,35.92,24.68,6.56,15.84,,not_stage_2,0,23.1,26.89,-0.59,0.00101,"{'price_above_30w_ma': False, '30w_ma_rising': False, 'price_above_10w_ma': False, 'relative_strength_positive': False, 'near_52w_high': False}",improving,lagging,98.83,100.52,-0.09,1.08,False,False,2026-09-22 ratio=98.91 momentum=99.43; 2026-09-23 ratio=98.86 momentum=98.10; 2026-09-24 ratio=98.61 momentum=97.42; 2026-09-25 ratio=99.41 momentum=100.19; 2026-09-28 ratio=98.83 momentum=100.52,2.6
stock,Polycab India,POLYCAB.NS,Cables - Electricals,Capital Goods,122042.22,0.58,796.66,32.46,8209.73,39.01,42.61,33.21,,not_stage_2,2,8191.0,8663.15,0.24,0.35957,"{'price_above_30w_ma': False, '30w_ma_rising': True, 'price_above_10w_ma': False, 'relative_strength_positive': False, 'near_52w_high': True}",improving,improving,99.13,102.34,0.23,-1.39,False,False,2026-09-22 ratio=98.90 momentum=103.74; 2026-09-23 ratio=99.01 momentum=102.50; 2026-09-24 ratio=99.39 momentum=102.40; 2026-09-25 ratio=99.48 momentum=102.32; 2026-09-28 ratio=99.13 momentum=102.34,52.18
stock,KEI Industries,KEI.NS,Cables - Electricals,Capital Goods,42625.25,0.1,274.14,40.05,3185.34,22.97,42.76,20.05,,not_stage_2,1,4516.0,4956.59,-0.61,0.19824,"{'price_above_30w_ma': False, '30w_ma_rising': False, 'price_above_10w_ma': False, 'relative_strength_positive': False, 'near_52w_high': True}",improving,improving,98.99,101.98,0.21,-0.86,False,False,2026-09-22 ratio=98.79 momentum=102.84; 2026-09-23 ratio=99.15 momentum=103.04; 2026-09-24 ratio=99.15 momentum=102.13; 2026-09-25 ratio=99.22 momentum=102.40; 2026-09-28 ratio=98.99 momentum=101.98,29.9
stock,R R Kabel,RRKABEL.NS,Cables - Electricals,Capital Goods,28528.34,0.38,205.2,117.32,3168.2,53.9,46.65,28.1,,not_stage_2,3,2459.8,2133.84,6.53,0.10798,"{'price_above_30w_ma': True, '30w_ma_rising': True, 'price_above_10w_ma': False, 'relative_strength_positive': False, 'near_52w_high': True}",improving,improving,99.81,100.75,0.12,-2.34,False,False,2026-09-22 ratio=99.69 momentum=103.10; 2026-09-23 ratio=99.61 momentum=99.53; 2026-09-24 ratio=100.13 momentum=102.48; 2026-09-25 ratio=100.04 momentum=101.55; 2026-09-28 ratio=99.81 momentum=100.75,76.81
stock,Finolex Cables,FINCABLES.NS,Cables - Electricals,Capital Goods,21944.31,0.63,249.04,53.14,2013.15,44.26,27.43,16.01,,stage_2,5,1408.1,1091.22,7.27,0.06181,"{'price_above_30w_ma': True, '30w_ma_rising': True, 'price_above_10w_ma': True, 'relative_strength_positive': True, 'near_52w_high': True}",weakening,leading,101.4,94.32,-0.5,-9.53,False,False,2026-09-22 ratio=101.90 momentum=103.84; 2026-09-23 ratio=101.77 momentum=100.75; 2026-09-24 ratio=101.86 momentum=99.46; 2026-09-25 ratio=101.64 momentum=96.26; 2026-09-28 ratio=101.40 momentum=94.32,146.54
stock,KSH Internationa,KSHINTL.NS,Cables - Electricals,Capital Goods,6964.46,0.0,42.22,86.16,1164.24,108.38,53.2,21.46,,stage_2,4,984.55,793.0,13.16,0.04322,"{'price_above_30w_ma': True, '30w_ma_rising': True, 'price_above_10w_ma': False, 'relative_strength_positive': True, 'near_52w_high': True}",weakening,weakening,100.51,92.21,-0.47,-5.72,False,False,2026-09-22 ratio=100.98 momentum=97.93; 2026-09-23 ratio=100.95 momentum=96.80; 2026-09-24 ratio=100.97 momentum=97.10; 2026-09-25 ratio=100.89 momentum=96.06; 2026-09-28 ratio=100.51 momentum=92.21,133.87
stock,Universal Cables,UNIVCABLES.NS,Cables - Electricals,Capital Goods,5095.74,0.31,70.14,108.75,945.06,57.46,25.48,11.68,,not_stage_2,3,1427.1,1163.76,9.9,0.06265,"{'price_above_30w_ma': True, '30w_ma_rising': True, 'price_above_10w_ma': False, 'relative_strength_positive': False, 'near_52w_high': True}",weakening,weakening,100.0,96.8,-0.27,-2.4,False,False,2026-09-22 ratio=100.27 momentum=99.20; 2026-09-23 ratio=100.38 momentum=98.79; 2026-09-24 ratio=100.55 momentum=98.84; 2026-09-25 ratio=100.34 momentum=96.72; 2026-09-28 ratio=100.00 momentum=96.80,79.8
stock,V-Marc India,VMARCIND.NS,Cables - Electricals,Capital Goods,4638.95,0.0,28.55,163.62,555.51,102.42,39.66,41.37,,not_stage_2,0,310.8,709.57,-6.15,0.01364,"{'price_above_30w_ma': False, '30w_ma_rising': False, 'price_above_10w_ma': False, 'relative_strength_positive': False, 'near_52w_high': False}",lagging,leading,99.88,95.39,-0.46,-6.23,False,False,2026-09-22 ratio=100.33 momentum=101.62; 2026-09-23 ratio=100.43 momentum=100.46; 2026-09-24 ratio=100.31 momentum=99.32; 2026-09-25 ratio=100.08 momentum=97.21; 2026-09-28 ratio=99.88 momentum=95.39,0.0
stock,Laser Power,LASERPOWER.NS,Cables - Electricals,Capital Goods,3795.54,0.0,20.73,3.75,521.55,14.84,34.55,20.51,,insufficient_data,0,,,,,{},insufficient_data,insufficient_data,,,,,False,False,,0.0
stock,Lumino Inds,LUMINO.NS,Cables - Electricals,Capital Goods,3178.63,0.0,40.3,32.87,521.43,19.29,18.73,26.59,,insufficient_data,0,,,,,{},insufficient_data,insufficient_data,,,,,False,False,,0.0
stock,Quadrant Future,QUADFUTURE.NS,Cables - Electricals,Capital Goods,2160.88,0.0,-9.13,32.37,40.59,41.28,,-15.48,,stage_2,5,531.5,373.04,8.9,0.02333,"{'price_above_30w_ma': True, '30w_ma_rising': True, 'price_above_10w_ma': True, 'relative_strength_positive': True, 'near_52w_high': True}",weakening,leading,102.03,98.76,-0.19,-4.01,False,False,2026-09-22 ratio=102.22 momentum=102.77; 2026-09-23 ratio=102.11 momentum=101.42; 2026-09-24 ratio=101.73 momentum=100.56; 2026-09-25 ratio=102.28 momentum=102.94; 2026-09-28 ratio=102.03 momentum=98.76,152.95
stock,Godfrey Phillips,GODFRYPHLP.NS,Cigarettes & Tobacco Products,Fast Moving Consumer Goods,29025.77,2.69,198.39,-44.32,1205.51,-18.89,21.23,30.25,,not_stage_2,0,1931.5,2140.19,-1.37,0.08479,"{'price_above_30w_ma': False, '30w_ma_rising': False, 'price_above_10w_ma': False, 'relative_strength_positive': False, 'near_52w_high': False}",improving,improving,99.16,102.86,0.18,2.42,False,True,2026-09-22 ratio=98.98 momentum=100.44; 2026-09-23 ratio=99.32 momentum=101.23; 2026-09-24 ratio=99.39 momentum=101.62; 2026-09-25 ratio=99.26 momentum=101.56; 2026-09-28 ratio=99.16 momentum=102.86,14.3
stock,VST Industries,VSTIND.NS,Cigarettes & Tobacco Products,Fast Moving Consumer Goods,3447.5,5.91,42.42,-24.43,256.46,-13.91,12.38,28.13,,not_stage_2,2,204.0,234.26,-1.58,0.00896,"{'price_above_30w_ma': False, '30w_ma_rising': False, 'price_above_10w_ma': False, 'relative_strength_positive': True, 'near_52w_high': True}",leading,improving,100.03,103.2,0.56,0.82,True,False,2026-09-22 ratio=99.47 momentum=102.38; 2026-09-23 ratio=99.75 momentum=103.17; 2026-09-24 ratio=99.95 momentum=102.24; 2026-09-25 ratio=99.62 momentum=101.34; 2026-09-28 ratio=100.03 momentum=103.20,86.15
stock,Elitecon Inter.,ELITECON.NS,Cigarettes & Tobacco Products,Fast Moving Consumer Goods,1307.74,0.61,-85.05,-269.56,1880.69,500.55,8.07,46.33,,insufficient_data,0,,,,,{},insufficient_data,insufficient_data,,,,,False,False,,0.0
stock,NTC Industries,NTCIND.NS,Cigarettes & Tobacco Products,Fast Moving Consumer Goods,197.42,0.0,6.12,7.94,25.23,-10.25,9.87,11.14,,insufficient_data,0,,,,,{},insufficient_data,insufficient_data,,,,,False,False,,0.0
stock,Shanthala FMCG,SHANTHALA.NS,Cigarettes & Tobacco Products,Fast Moving Consumer Goods,9.41,0.0,0.72,71.43,25.82,-0.12,7.41,5.98,,not_stage_2,0,14.05,22.14,-9.88,0.00062,"{'price_above_30w_ma': False, '30w_ma_rising': False, 'price_above_10w_ma': False, 'relative_strength_positive': False, 'near_52w_high': False}",lagging,improving,98.51,96.26,-0.71,-3.75,False,False,2026-09-22 ratio=99.22 momentum=100.02; 2026-09-23 ratio=99.21 momentum=99.45; 2026-09-24 ratio=99.36 momentum=99.82; 2026-09-25 ratio=99.23 momentum=98.76; 2026-09-28 ratio=98.51 momentum=96.26,0.0
stock,EKI Energy,EKI.NS,Consulting Services,Services,272.78,2.03,-15.93,-2094.44,10.46,-29.99,,-6.15,,insufficient_data,0,,,,,{},insufficient_data,insufficient_data,,,,,False,False,,0.0
stock,Marc Technocrats,MARC.NS,Consulting Services,Services,256.15,0.0,4.81,,37.53,,24.3,29.22,,stage_2,5,148.0,101.75,12.64,0.0065,"{'price_above_30w_ma': True, '30w_ma_rising': True, 'price_above_10w_ma': True, 'relative_strength_positive': True, 'near_52w_high': True}",leading,weakening,101.25,100.15,-0.03,1.56,False,False,2026-09-22 ratio=101.28 momentum=98.59; 2026-09-23 ratio=101.08 momentum=99.60; 2026-09-24 ratio=101.34 momentum=99.37; 2026-09-25 ratio=101.13 momentum=97.59; 2026-09-28 ratio=101.25 momentum=100.15,177.28
stock,Mitcon Consult.,MITCON.NS,Consulting Services,Services,143.98,0.0,2.75,151.38,67.58,176.63,14.78,8.83,,stage_2,5,83.2,75.96,4.59,0.00365,"{'price_above_30w_ma': True, '30w_ma_rising': True, 'price_above_10w_ma': True, 'relative_strength_positive': True, 'near_52w_high': True}",leading,weakening,101.99,100.1,0.53,1.3,True,False,2026-09-22 ratio=101.45 momentum=98.80; 2026-09-23 ratio=101.94 momentum=99.40; 2026-09-24 ratio=103.61 momentum=101.03; 2026-09-25 ratio=102.64 momentum=100.24; 2026-09-28 ratio=101.99 momentum=100.10,174.63
stock,AAA Technologies,AAATECH.NS,Consulting Services,Services,128.87,1.0,0.87,12.99,3.76,1.62,61.96,8.96,,not_stage_2,4,99.53,94.55,-1.25,0.00437,"{'price_above_30w_ma': True, '30w_ma_rising': False, 'price_above_10w_ma': True, 'relative_strength_positive': True, 'near_52w_high': True}",leading,leading,103.31,101.53,1.68,0.2,False,False,2026-09-22 ratio=101.63 momentum=101.33; 2026-09-23 ratio=101.36 momentum=100.67; 2026-09-24 ratio=101.25 momentum=100.51; 2026-09-25 ratio=103.92 momentum=101.96; 2026-09-28 ratio=103.31 momentum=101.53,124.2
stock,Dhruv Consultanc,DHRUV.NS,Consulting Services,Services,39.62,0.96,-4.74,-396.25,15.55,-26.09,,-32.46,,not_stage_2,0,21.4,27.53,-3.21,0.00094,"{'price_above_30w_ma': False, '30w_ma_rising': False, 'price_above_10w_ma': False, 'relative_strength_positive': False, 'near_52w_high': False}",improving,lagging,99.0,102.18,0.48,2.57,False,True,2026-09-22 ratio=98.52 momentum=99.61; 2026-09-23 ratio=98.04 momentum=96.76; 2026-09-24 ratio=98.23 momentum=97.03; 2026-09-25 ratio=98.73 momentum=99.12; 2026-09-28 ratio=99.00 momentum=102.18,10.9
stock,Manglam Infra,MIEL.NS,Consulting Services,Services,24.11,0.0,1.6,1700.0,21.86,-21.42,7.68,9.5,,insufficient_data,0,,,,,{},insufficient_data,insufficient_data,,,,,False,False,,0.0
stock,Physicswallah,PWL.NS,E-Learning,Consumer Services,36361.87,0.0,-88.28,35.6,1053.95,24.42,595.01,3.99,,stage_2,5,128.07,116.49,4.73,0.00562,"{'price_above_30w_ma': True, '30w_ma_rising': True, 'price_above_10w_ma': True, 'relative_strength_positive': True, 'near_52w_high': True}",weakening,leading,101.14,99.57,-0.76,-2.7,False,False,2026-09-22 ratio=101.90 momentum=102.27; 2026-09-23 ratio=101.81 momentum=102.56; 2026-09-24 ratio=101.61 momentum=102.57; 2026-09-25 ratio=101.75 momentum=103.03; 2026-09-28 ratio=101.14 momentum=99.57,140.16
stock,Veranda Learning,VERANDA.NS,E-Learning,Consumer Services,2158.9,0.0,33.87,854.4,149.54,41.52,33.47,12.83,,stage_2,4,238.02,215.33,2.97,0.01045,"{'price_above_30w_ma': True, '30w_ma_rising': True, 'price_above_10w_ma': False, 'relative_strength_positive': True, 'near_52w_high': True}",leading,lagging,101.29,102.44,1.46,3.39,True,False,2026-09-22 ratio=99.83 momentum=99.05; 2026-09-23 ratio=99.83 momentum=100.50; 2026-09-24 ratio=100.35 momentum=100.70; 2026-09-25 ratio=100.24 momentum=101.04; 2026-09-28 ratio=101.29 momentum=102.44,159.59
stock,Jaro Institute,JARO.NS,E-Learning,Consumer Services,937.92,1.19,11.17,48.34,70.75,16.61,16.59,22.09,,not_stage_2,0,423.4,473.22,-0.17,0.01859,"{'price_above_30w_ma': False, '30w_ma_rising': False, 'price_above_10w_ma': False, 'relative_strength_positive': False, 'near_52w_high': False}",lagging,leading,99.15,98.52,-1.48,-3.68,False,False,2026-09-22 ratio=100.63 momentum=102.20; 2026-09-23 ratio=100.66 momentum=102.62; 2026-09-24 ratio=100.88 momentum=104.34; 2026-09-25 ratio=99.93 momentum=99.86; 2026-09-28 ratio=99.15 momentum=98.52,0.0
stock,Addictive Learn,ADDICTIVE.NS,E-Learning,Consumer Services,68.73,0.0,0.31,-75.97,22.69,8.41,,0.9,,insufficient_data,0,,,,,{},insufficient_data,insufficient_data,,,,,False,False,,0.0
stock,G-Tec Janix,GTECJAINX.NS,E-Learning,Consumer Services,30.22,0.0,0.3,100.0,2.25,-10.36,,-36.32,,not_stage_2,3,26.97,24.87,4.21,0.00118,"{'price_above_30w_ma': True, '30w_ma_rising': True, 'price_above_10w_ma': False, 'relative_strength_positive': False, 'near_52w_high': True}",improving,weakening,99.72,100.52,-0.93,0.88,False,False,2026-09-22 ratio=100.64 momentum=99.64; 2026-09-23 ratio=100.14 momentum=100.03; 2026-09-24 ratio=98.93 momentum=99.40; 2026-09-25 ratio=98.81 momentum=98.39; 2026-09-28 ratio=99.72 momentum=100.52,71.02
stock,Usha Mart. Edu.,UMESLTD.NS,E-Learning,Consumer Services,11.3,0.0,0.02,0.0,0.12,-7.69,27.56,18.01,,not_stage_2,1,4.59,5.63,0.82,0.0002,"{'price_above_30w_ma': False, '30w_ma_rising': True, 'price_above_10w_ma': False, 'relative_strength_positive': False, 'near_52w_high': False}",improving,lagging,99.05,100.47,0.51,0.62,False,True,2026-09-22 ratio=98.54 momentum=99.85; 2026-09-23 ratio=98.62 momentum=99.80; 2026-09-24 ratio=98.64 momentum=99.59; 2026-09-25 ratio=98.76 momentum=100.07; 2026-09-28 ratio=99.05 momentum=100.47,23.99
stock,Docmode Health,DHTL.NS,E-Learning,Consumer Services,8.25,0.0,-0.07,95.57,7.67,-64.07,,6.12,,not_stage_2,0,25.75,38.46,-5.99,0.00113,"{'price_above_30w_ma': False, '30w_ma_rising': False, 'price_above_10w_ma': False, 'relative_strength_positive': False, 'near_52w_high': False}",lagging,lagging,97.98,95.8,0.03,-1.98,False,False,2026-09-22 ratio=97.95 momentum=97.78; 2026-09-23 ratio=97.83 momentum=97.48; 2026-09-24 ratio=98.08 momentum=97.15; 2026-09-25 ratio=97.67 momentum=95.39; 2026-09-28 ratio=97.98 momentum=95.80,0.0
stock,PVR Inox,PVRINOX.NS,"Film Production, Distribution & Exhibition","Media, Entertainment & Publication",11722.19,0.0,56.5,220.3,1622.2,11.91,36.95,6.79,,stage_2,5,1225.0,1063.71,2.92,0.05377,"{'price_above_30w_ma': True, '30w_ma_rising': True, 'price_above_10w_ma': True, 'relative_strength_positive': True, 'near_52w_high': True}",weakening,leading,101.04,98.79,-1.02,-4.7,False,False,2026-09-22 ratio=102.06 momentum=103.50; 2026-09-23 ratio=101.74 momentum=100.65; 2026-09-24 ratio=101.28 momentum=101.24; 2026-09-25 ratio=101.18 momentum=99.44; 2026-09-28 ratio=101.04 momentum=98.79,136.04
stock,Media Matrix,MMWL.NS,"Film Production, Distribution & Exhibition","Media, Entertainment & Publication",1593.96,0.0,3.58,84.46,428.45,83.37,224.5,9.71,,insufficient_data,0,,,,,{},leading,lagging,101.4,101.72,2.3,4.1,True,False,2026-09-22 ratio=99.10 momentum=97.62; 2026-09-23 ratio=99.59 momentum=99.11; 2026-09-24 ratio=100.98 momentum=101.48; 2026-09-25 ratio=101.93 momentum=101.95; 2026-09-28 ratio=101.40 momentum=101.72,45.6
stock,Panorama Studios,PANORAMA.NS,"Film Production, Distribution & Exhibition","Media, Entertainment & Publication",1490.52,0.1,12.71,165.95,183.07,34.26,61.74,8.7,,insufficient_data,0,,,,,{},insufficient_data,insufficient_data,,,,,False,False,,0.0
stock,Sunshine Picture,SUNSHINE.NS,"Film Production, Distribution & Exhibition","Media, Entertainment & Publication",1385.04,0.0,0.25,123.15,6.48,16100.0,33.86,40.96,,insufficient_data,0,,,,,{},insufficient_data,insufficient_data,,,,,False,False,,0.0
stock,Connplex Cinemas,CONNPLEX.NS,"Film Production, Distribution & Exhibition","Media, Entertainment & Publication",477.12,0.0,13.03,38.91,83.46,51.97,18.42,43.55,,insufficient_data,0,,,,,{},insufficient_data,insufficient_data,,,,,False,False,,0.0
stock,Cineline India,CINELINE.NS,"Film Production, Distribution & Exhibition","Media, Entertainment & Publication",335.97,1.42,-1.21,74.27,59.27,30.87,24.96,10.86,,stage_2,4,88.02,85.11,0.81,0.00386,"{'price_above_30w_ma': True, '30w_ma_rising': True, 'price_above_10w_ma': False, 'relative_strength_positive': True, 'near_52w_high': True}",weakening,weakening,100.77,95.08,0.06,-0.67,False,False,2026-09-22 ratio=100.71 momentum=95.75; 2026-09-23 ratio=100.75 momentum=97.03; 2026-09-24 ratio=100.83 momentum=97.53; 2026-09-25 ratio=100.75 momentum=97.70; 2026-09-28 ratio=100.77 momentum=95.08,110.47
stock,UFO Moviez,UFO.NS,"Film Production, Distribution & Exhibition","Media, Entertainment & Publication",227.44,0.0,5.64,-13.5,110.69,3.81,9.46,11.19,,not_stage_2,0,58.87,68.07,-2.03,0.00258,"{'price_above_30w_ma': False, '30w_ma_rising': False, 'price_above_10w_ma': False, 'relative_strength_positive': False, 'near_52w_high': False}",lagging,lagging,98.13,96.46,0.2,-1.29,False,False,2026-09-22 ratio=97.93 momentum=97.75; 2026-09-23 ratio=97.83 momentum=95.67; 2026-09-24 ratio=97.86 momentum=96.90; 2026-09-25 ratio=97.97 momentum=96.68; 2026-09-28 ratio=98.13 momentum=96.46,0.0
stock,Tips Films,TIPSFILMS.NS,"Film Production, Distribution & Exhibition","Media, Entertainment & Publication",144.97,0.0,-29.41,-720.46,47.96,-49.71,,-6.69,,not_stage_2,1,331.8,348.94,-1.41,0.01457,"{'price_above_30w_ma': False, '30w_ma_rising': False, 'price_above_10w_ma': False, 'relative_strength_positive': True, 'near_52w_high': False}",leading,lagging,100.1,101.26,1.05,2.82,True,False,2026-09-22 ratio=99.05 momentum=98.44; 2026-09-23 ratio=98.91 momentum=96.69; 2026-09-24 ratio=99.01 momentum=97.50; 2026-09-25 ratio=100.33 momentum=102.18; 2026-09-28 ratio=100.10 momentum=101.26,56.8
stock,Mukta Arts,MUKTAARTS.NS,"Film Production, Distribution & Exhibition","Media, Entertainment & Publication",132.69,0.0,-2.15,64.7,40.59,10.51,,4.41,,stage_2,4,57.12,55.19,0.3,0.00251,"{'price_above_30w_ma': True, '30w_ma_rising': True, 'price_above_10w_ma': False, 'relative_strength_positive': True, 'near_52w_high': True}",weakening,weakening,101.69,99.73,1.17,3.25,False,False,2026-09-22 ratio=100.52 momentum=96.48; 2026-09-23 ratio=101.19 momentum=100.30; 2026-09-24 ratio=101.38 momentum=99.27; 2026-09-25 ratio=100.71 momentum=99.23; 2026-09-28 ratio=101.69 momentum=99.73,114.05
stock,Baweja Studios L,BAWEJA.NS,"Film Production, Distribution & Exhibition","Media, Entertainment & Publication",47.91,0.0,4.57,-13.28,33.44,-22.93,7.88,7.94,,not_stage_2,2,26.0,28.19,-2.58,0.00114,"{'price_above_30w_ma': False, '30w_ma_rising': False, 'price_above_10w_ma': True, 'relative_strength_positive': True, 'near_52w_high': False}",leading,lagging,101.05,101.85,1.27,2.54,True,False,2026-09-22 ratio=99.78 momentum=99.31; 2026-09-23 ratio=100.53 momentum=101.23; 2026-09-24 ratio=100.75 momentum=102.52; 2026-09-25 ratio=101.05 momentum=102.46; 2026-09-28 ratio=101.05 momentum=101.85,84.5
stock,Metro Brands,METROBRAND.NS,Footwear,Consumer Durables,23775.82,0.69,95.26,-4.79,720.36,14.66,58.5,20.12,,not_stage_2,0,875.15,988.97,-1.66,0.03842,"{'price_above_30w_ma': False, '30w_ma_rising': False, 'price_above_10w_ma': False, 'relative_strength_positive': False, 'near_52w_high': False}",lagging,improving,99.17,98.63,-0.36,-2.75,False,False,2026-09-22 ratio=99.53 momentum=101.38; 2026-09-23 ratio=99.28 momentum=98.43; 2026-09-24 ratio=99.07 momentum=97.07; 2026-09-25 ratio=98.99 momentum=97.73; 2026-09-28 ratio=99.17 momentum=98.63,0.0
stock,Bata India,BATAINDIA.NS,Footwear,Consumer Durables,7961.74,4.03,63.98,15.88,978.95,3.94,45.8,12.74,,not_stage_2,0,624.7,689.66,-3.07,0.02742,"{'price_above_30w_ma': False, '30w_ma_rising': False, 'price_above_10w_ma': False, 'relative_strength_positive': False, 'near_52w_high': False}",improving,lagging,98.85,100.8,0.56,3.2,False,True,2026-09-22 ratio=98.29 momentum=97.59; 2026-09-23 ratio=98.46 momentum=98.06; 2026-09-24 ratio=98.53 momentum=96.50; 2026-09-25 ratio=98.60 momentum=99.08; 2026-09-28 ratio=98.85 momentum=100.80,4.0
stock,Relaxo Footwear,RELAXO.NS,Footwear,Consumer Durables,7254.07,1.2,54.94,12.35,705.05,7.73,39.15,11.18,,not_stage_2,0,290.75,336.79,-1.79,0.01276,"{'price_above_30w_ma': False, '30w_ma_rising': False, 'price_above_10w_ma': False, 'relative_strength_positive': False, 'near_52w_high': False}",improving,lagging,98.41,101.16,0.5,1.19,False,True,2026-09-22 ratio=97.91 momentum=99.97; 2026-09-23 ratio=98.15 momentum=101.07; 2026-09-24 ratio=98.20 momentum=101.58; 2026-09-25 ratio=98.39 momentum=101.59; 2026-09-28 ratio=98.41 momentum=101.16,5.8
stock,Redtape,REDTAPE.NS,Footwear,Consumer Durables,6503.6,1.7,44.48,15.23,481.28,3.65,26.39,24.48,,not_stage_2,2,119.97,127.02,-0.54,0.00527,"{'price_above_30w_ma': False, '30w_ma_rising': False, 'price_above_10w_ma': False, 'relative_strength_positive': True, 'near_52w_high': True}",leading,improving,100.39,103.14,0.96,1.33,True,False,2026-09-22 ratio=99.42 momentum=101.81; 2026-09-23 ratio=99.80 momentum=103.40; 2026-09-24 ratio=100.46 momentum=103.15; 2026-09-25 ratio=100.17 momentum=103.24; 2026-09-28 ratio=100.39 momentum=103.14,87.65
stock,Campus Activewe.,CAMPUS.NS,Footwear,Consumer Durables,6423.8,0.72,26.14,17.75,385.2,12.21,41.7,21.22,,not_stage_2,1,211.04,231.3,-2.72,0.00926,"{'price_above_30w_ma': False, '30w_ma_rising': False, 'price_above_10w_ma': False, 'relative_strength_positive': True, 'near_52w_high': False}",leading,lagging,100.79,102.27,1.57,3.98,True,False,2026-09-22 ratio=99.22 momentum=98.29; 2026-09-23 ratio=98.89 momentum=97.68; 2026-09-24 ratio=99.83 momentum=100.85; 2026-09-25 ratio=99.40 momentum=100.44; 2026-09-28 ratio=100.79 momentum=102.27,65.3
stock,Sreeleathers,SREEL.NS,Footwear,Consumer Durables,675.11,0.69,6.99,138.57,59.63,19.74,20.55,6.97,,stage_2,5,296.09,218.12,6.51,0.013,"{'price_above_30w_ma': True, '30w_ma_rising': True, 'price_above_10w_ma': True, 'relative_strength_positive': True, 'near_52w_high': True}",weakening,weakening,101.3,96.02,0.36,-2.54,False,False,2026-09-22 ratio=100.94 momentum=98.56; 2026-09-23 ratio=101.21 momentum=98.67; 2026-09-24 ratio=101.41 momentum=96.96; 2026-09-25 ratio=101.30 momentum=94.93; 2026-09-28 ratio=101.30 momentum=96.02,144.52
stock,Liberty Shoes,LIBERTSHOE.NS,Footwear,Consumer Durables,381.78,0.0,0.68,-76.97,169.86,-1.7,44.81,7.91,,not_stage_2,0,226.2,249.11,-0.91,0.00993,"{'price_above_30w_ma': False, '30w_ma_rising': False, 'price_above_10w_ma': False, 'relative_strength_positive': False, 'near_52w_high': False}",improving,improving,99.51,101.03,1.1,0.93,False,True,2026-09-22 ratio=98.41 momentum=100.10; 2026-09-23 ratio=99.67 momentum=103.32; 2026-09-24 ratio=100.19 momentum=101.94; 2026-09-25 ratio=99.98 momentum=101.76; 2026-09-28 ratio=99.51 momentum=101.03,5.15
stock,Brandman Retail,BRANDMAN.NS,Footwear,Consumer Durables,300.94,0.0,4.76,1152.63,45.19,287.56,10.14,36.81,,insufficient_data,0,,,,,{},insufficient_data,insufficient_data,,,,,False,False,,0.0
stock,Khadim India,KHADIM.NS,Footwear,Consumer Durables,212.34,0.0,0.52,-39.53,77.84,-18.66,47.08,7.79,,not_stage_2,3,118.0,103.97,-1.09,0.00518,"{'price_above_30w_ma': True, '30w_ma_rising': False, 'price_above_10w_ma': True, 'relative_strength_positive': True, 'near_52w_high': False}",weakening,weakening,101.21,97.63,-0.58,-1.7,False,False,2026-09-22 ratio=101.79 momentum=99.33; 2026-09-23 ratio=101.48 momentum=97.51; 2026-09-24 ratio=101.38 momentum=96.87; 2026-09-25 ratio=101.13 momentum=96.39; 2026-09-28 ratio=101.21 momentum=97.63,66.05
stock,ICICI Lombard,ICICIGI.NS,General Insurance,Financial Services,75544.48,0.89,403.17,-46.03,7088.22,10.83,31.11,21.88,,not_stage_2,2,1540.0,1704.95,-3.07,0.0676,"{'price_above_30w_ma': False, '30w_ma_rising': False, 'price_above_10w_ma': False, 'relative_strength_positive': True, 'near_52w_high': True}",leading,improving,100.78,102.39,1.81,0.38,True,False,2026-09-22 ratio=98.97 momentum=102.01; 2026-09-23 ratio=99.18 momentum=102.31; 2026-09-24 ratio=101.15 momentum=103.38; 2026-09-25 ratio=100.58 momentum=102.43; 2026-09-28 ratio=100.78 momentum=102.39,85.85
stock,General Insuranc,GICRE.NS,General Insurance,Financial Services,56210.26,4.14,1743.67,-31.1,14400.9,-1.52,6.33,17.35,,not_stage_2,1,329.3,368.54,-1.35,0.01446,"{'price_above_30w_ma': False, '30w_ma_rising': False, 'price_above_10w_ma': False, 'relative_strength_positive': False, 'near_52w_high': True}",lagging,lagging,98.69,96.99,-0.74,-2.71,False,False,2026-09-22 ratio=99.43 momentum=99.71; 2026-09-23 ratio=99.70 momentum=99.94; 2026-09-24 ratio=99.89 momentum=98.83; 2026-09-25 ratio=99.30 momentum=99.89; 2026-09-28 ratio=98.69 momentum=96.99,20.0
stock,Star Health Insu,STARHEALTH.NS,General Insurance,Financial Services,31682.43,0.0,549.73,25.46,5522.07,13.15,37.53,9.69,,stage_2,4,552.5,538.76,2.37,0.02425,"{'price_above_30w_ma': True, '30w_ma_rising': True, 'price_above_10w_ma': False, 'relative_strength_positive': True, 'near_52w_high': True}",leading,lagging,100.74,101.06,2.07,1.83,True,False,2026-09-22 ratio=98.67 momentum=99.23; 2026-09-23 ratio=98.87 momentum=98.48; 2026-09-24 ratio=99.83 momentum=99.01; 2026-09-25 ratio=100.45 momentum=99.40; 2026-09-28 ratio=100.74 momentum=101.06,148.74
stock,New India Assura,NIACL.NS,General Insurance,Financial Services,27724.4,0.89,-239.15,-160.61,11899.69,1.54,36.04,4.29,,not_stage_2,2,169.84,169.42,2.96,0.00746,"{'price_above_30w_ma': True, '30w_ma_rising': True, 'price_above_10w_ma': False, 'relative_strength_positive': False, 'near_52w_high': False}",lagging,weakening,99.59,95.94,-0.98,1.99,False,False,2026-09-22 ratio=100.57 momentum=93.95; 2026-09-23 ratio=100.73 momentum=97.46; 2026-09-24 ratio=100.19 momentum=95.46; 2026-09-25 ratio=99.88 momentum=96.62; 2026-09-28 ratio=99.59 momentum=95.94,45.92
stock,Go Digit General,GODIGIT.NS,General Insurance,Financial Services,23402.06,0.0,86.39,-37.55,2427.02,8.54,47.53,13.1,,not_stage_2,2,263.25,292.93,-3.45,0.01156,"{'price_above_30w_ma': False, '30w_ma_rising': False, 'price_above_10w_ma': True, 'relative_strength_positive': True, 'near_52w_high': False}",leading,lagging,102.03,102.49,3.07,3.66,True,False,2026-09-22 ratio=98.96 momentum=98.83; 2026-09-23 ratio=99.08 momentum=98.57; 2026-09-24 ratio=100.06 momentum=101.35; 2026-09-25 ratio=100.41 momentum=102.01; 2026-09-28 ratio=102.03 momentum=102.49,92.6
stock,Niva Bupa Health,NIVABUPA.NS,General Insurance,Financial Services,13561.93,0.0,137.8,92.89,2471.26,27.93,77.83,3.15,,not_stage_2,2,75.73,80.71,0.52,0.00332,"{'price_above_30w_ma': False, '30w_ma_rising': True, 'price_above_10w_ma': False, 'relative_strength_positive': False, 'near_52w_high': True}",lagging,improving,98.34,98.9,-1.51,-3.55,False,False,2026-09-22 ratio=99.85 momentum=102.45; 2026-09-23 ratio=99.36 momentum=100.99; 2026-09-24 ratio=97.90 momentum=98.56; 2026-09-25 ratio=98.40 momentum=99.56; 2026-09-28 ratio=98.34 momentum=98.90,41.04
stock,LG Electronics,LGEINDIA.NS,Household Appliances,Consumer Durables,118065.74,0.0,652.86,27.2,7233.35,15.49,64.7,32.27,,stage_2,5,1730.7,1576.88,1.2,0.07597,"{'price_above_30w_ma': True, '30w_ma_rising': True, 'price_above_10w_ma': True, 'relative_strength_positive': True, 'near_52w_high': True}",leading,leading,102.27,102.82,0.91,2.8,False,False,2026-09-22 ratio=101.36 momentum=100.02; 2026-09-23 ratio=101.58 momentum=98.82; 2026-09-24 ratio=101.89 momentum=101.39; 2026-09-25 ratio=102.04 momentum=101.97; 2026-09-28 ratio=102.27 momentum=102.82,172.85
stock,Voltas,VOLTAS.NS,Household Appliances,Consumer Durables,36325.56,0.37,212.76,52.19,4673.5,18.66,77.79,9.04,,not_stage_2,0,1135.5,1285.04,-3.94,0.04985,"{'price_above_30w_ma': False, '30w_ma_rising': False, 'price_above_10w_ma': False, 'relative_strength_positive': False, 'near_52w_high': False}",improving,lagging,99.43,101.76,1.15,1.96,False,True,2026-09-22 ratio=98.28 momentum=99.80; 2026-09-23 ratio=98.69 momentum=102.76; 2026-09-24 ratio=98.76 momentum=101.90; 2026-09-25 ratio=98.80 momentum=100.65; 2026-09-28 ratio=99.43 momentum=101.76,8.8
stock,Blue Star,BLUESTARCO.NS,Household Appliances,Consumer Durables,31456.77,0.56,102.51,-21.03,3377.92,13.27,59.45,21.24,,not_stage_2,3,1575.4,1631.58,-3.21,0.06916,"{'price_above_30w_ma': False, '30w_ma_rising': False, 'price_above_10w_ma': True, 'relative_strength_positive': True, 'near_52w_high': True}",leading,leading,101.37,102.22,1.3,0.53,False,False,2026-09-22 ratio=100.06 momentum=101.69; 2026-09-23 ratio=100.10 momentum=102.96; 2026-09-24 ratio=100.37 momentum=104.83; 2026-09-25 ratio=100.89 momentum=103.49; 2026-09-28 ratio=101.37 momentum=102.22,97.95
stock,Amber Enterp.,AMBER.NS,Household Appliances,Consumer Durables,23316.33,0.0,3.09,-3.37,3887.72,12.72,113.0,10.29,,not_stage_2,2,6990.0,7442.53,-1.29,0.30684,"{'price_above_30w_ma': False, '30w_ma_rising': False, 'price_above_10w_ma': False, 'relative_strength_positive': True, 'near_52w_high': True}",leading,lagging,100.26,100.44,0.98,3.59,True,False,2026-09-22 ratio=99.28 momentum=96.85; 2026-09-23 ratio=99.44 momentum=98.17; 2026-09-24 ratio=99.29 momentum=98.14; 2026-09-25 ratio=99.43 momentum=97.36; 2026-09-28 ratio=100.26 momentum=100.44,73.5
stock,Crompton Gr. Con,CROMPTON.NS,Household Appliances,Consumer Durables,13629.12,1.42,140.32,12.12,2022.47,11.2,30.02,18.98,,not_stage_2,0,218.8,254.48,-1.84,0.0096,"{'price_above_30w_ma': False, '30w_ma_rising': False, 'price_above_10w_ma': False, 'relative_strength_positive': False, 'near_52w_high': False}",lagging,lagging,98.91,99.51,0.42,-0.27,False,False,2026-09-22 ratio=98.49 momentum=99.79; 2026-09-23 ratio=98.58 momentum=99.05; 2026-09-24 ratio=98.63 momentum=97.18; 2026-09-25 ratio=98.50 momentum=98.25; 2026-09-28 ratio=98.91 momentum=99.51,0.0
stock,V-Guard Industri,VGUARD.NS,Household Appliances,Consumer Durables,13461.48,0.49,130.25,76.37,1810.65,23.5,35.42,18.38,,not_stage_2,1,307.25,316.86,-0.04,0.01349,"{'price_above_30w_ma': False, '30w_ma_rising': False, 'price_above_10w_ma': False, 'relative_strength_positive': False, 'near_52w_high': True}",weakening,weakening,100.09,98.45,-0.46,1.88,False,False,2026-09-22 ratio=100.55 momentum=96.57; 2026-09-23 ratio=100.17 momentum=96.74; 2026-09-24 ratio=99.98 momentum=97.14; 2026-09-25 ratio=99.61 momentum=96.97; 2026-09-28 ratio=100.09 momentum=98.45,20.45
stock,Whirlpool India,WHIRLPOOL.NS,Household Appliances,Consumer Durables,11280.45,0.56,102.88,-29.4,2726.75,12.1,41.37,10.67,,not_stage_2,3,917.1,828.59,-1.31,0.04026,"{'price_above_30w_ma': True, '30w_ma_rising': False, 'price_above_10w_ma': True, 'relative_strength_positive': True, 'near_52w_high': False}",leading,lagging,103.78,101.51,5.51,4.08,True,False,2026-09-22 ratio=98.27 momentum=97.43; 2026-09-23 ratio=103.76 momentum=101.16; 2026-09-24 ratio=103.32 momentum=100.90; 2026-09-25 ratio=104.23 momentum=101.18; 2026-09-28 ratio=103.78 momentum=101.51,116.45
stock,TTK Prestige,TTKPRESTIG.NS,Household Appliances,Consumer Durables,7316.99,1.41,58.97,103.94,813.85,33.57,35.36,12.1,,not_stage_2,2,513.85,549.16,0.1,0.02256,"{'price_above_30w_ma': False, '30w_ma_rising': True, 'price_above_10w_ma': False, 'relative_strength_positive': False, 'near_52w_high': True}",improving,improving,98.74,102.19,0.42,0.92,False,True,2026-09-22 ratio=98.33 momentum=101.27; 2026-09-23 ratio=98.53 momentum=101.24; 2026-09-24 ratio=98.54 momentum=101.38; 2026-09-25 ratio=98.76 momentum=102.58; 2026-09-28 ratio=98.74 momentum=102.19,51.15
stock,Eureka Forbes,EUREKAFORB.NS,Household Appliances,Consumer Durables,7012.24,0.0,55.44,6.98,700.77,15.31,35.07,5.86,,not_stage_2,0,361.3,449.48,-3.07,0.01586,"{'price_above_30w_ma': False, '30w_ma_rising': False, 'price_above_10w_ma': False, 'relative_strength_positive': False, 'near_52w_high': False}",lagging,lagging,97.96,99.2,0.02,0.22,False,False,2026-09-22 ratio=97.94 momentum=98.99; 2026-09-23 ratio=97.99 momentum=97.56; 2026-09-24 ratio=98.21 momentum=99.72; 2026-09-25 ratio=98.02 momentum=99.33; 2026-09-28 ratio=97.96 momentum=99.20,0.0
stock,Bosch Home Comfort,BOSCH-HCIL.NS,Household Appliances,Consumer Durables,5271.48,1.86,22.79,29.34,1095.52,28.49,261.09,4.78,,stage_2,5,1802.4,1454.04,3.49,0.07912,"{'price_above_30w_ma': True, '30w_ma_rising': True, 'price_above_10w_ma': True, 'relative_strength_positive': True, 'near_52w_high': True}",leading,weakening,101.46,101.81,0.51,5.32,True,False,2026-09-22 ratio=100.96 momentum=96.49; 2026-09-23 ratio=101.13 momentum=97.78; 2026-09-24 ratio=101.03 momentum=95.47; 2026-09-25 ratio=101.41 momentum=102.36; 2026-09-28 ratio=101.46 momentum=101.81,178.33
stock,Adani Total Gas,ATGL.NS,LPG/CNG/PNG/LNG Supplier,"Oil, Gas & Consumable Fuels",64691.06,0.04,133.03,-17.97,1743.48,27.1,106.45,15.09,,not_stage_2,2,594.45,646.01,2.26,0.02609,"{'price_above_30w_ma': False, '30w_ma_rising': True, 'price_above_10w_ma': False, 'relative_strength_positive': False, 'near_52w_high': True}",improving,improving,99.36,100.98,-0.57,-0.8,False,False,2026-09-22 ratio=99.93 momentum=101.78; 2026-09-23 ratio=99.83 momentum=101.27; 2026-09-24 ratio=99.76 momentum=100.87; 2026-09-25 ratio=99.68 momentum=101.16; 2026-09-28 ratio=99.36 momentum=100.98,49.42
stock,Petronet LNG,PETRONET.NS,LPG/CNG/PNG/LNG Supplier,"Oil, Gas & Consumable Fuels",42493.81,3.53,1137.14,35.07,5557.84,-53.22,10.1,22.55,,not_stage_2,4,289.85,277.39,-0.65,0.01272,"{'price_above_30w_ma': True, '30w_ma_rising': False, 'price_above_10w_ma': True, 'relative_strength_positive': True, 'near_52w_high': True}",leading,weakening,102.13,101.18,1.4,4.32,True,False,2026-09-22 ratio=100.74 momentum=96.86; 2026-09-23 ratio=101.00 momentum=99.08; 2026-09-24 ratio=101.55 momentum=99.85; 2026-09-25 ratio=101.37 momentum=98.79; 2026-09-28 ratio=102.13 momentum=101.18,126.55
stock,Gujarat Energy,GUJENERGY.NS,LPG/CNG/PNG/LNG Supplier,"Oil, Gas & Consumable Fuels",22168.36,3.76,1007.4,69.8,9544.98,63.12,11.34,11.73,,not_stage_2,0,235.07,318.73,-6.6,0.01032,"{'price_above_30w_ma': False, '30w_ma_rising': False, 'price_above_10w_ma': False, 'relative_strength_positive': False, 'near_52w_high': False}",improving,lagging,98.71,101.58,1.19,4.71,False,True,2026-09-22 ratio=97.52 momentum=96.87; 2026-09-23 ratio=98.14 momentum=97.61; 2026-09-24 ratio=98.41 momentum=97.27; 2026-09-25 ratio=98.38 momentum=97.47; 2026-09-28 ratio=98.71 momentum=101.58,7.9
stock,Indraprastha Gas,IGL.NS,LPG/CNG/PNG/LNG Supplier,"Oil, Gas & Consumable Fuels",19895.3,3.34,237.92,-43.97,4586.73,17.19,14.62,17.52,,not_stage_2,1,143.44,155.92,-1.56,0.0063,"{'price_above_30w_ma': False, '30w_ma_rising': False, 'price_above_10w_ma': False, 'relative_strength_positive': True, 'near_52w_high': False}",weakening,lagging,100.04,96.86,0.1,-1.02,False,False,2026-09-22 ratio=99.94 momentum=97.89; 2026-09-23 ratio=99.83 momentum=97.26; 2026-09-24 ratio=100.20 momentum=97.37; 2026-09-25 ratio=99.77 momentum=96.35; 2026-09-28 ratio=100.04 momentum=96.86,20.2
stock,Mahanagar Gas,MGL.NS,LPG/CNG/PNG/LNG Supplier,"Oil, Gas & Consumable Fuels",10388.49,2.86,193.7,-39.39,2371.71,13.95,14.41,17.14,,not_stage_2,1,1048.8,1092.04,-0.68,0.04604,"{'price_above_30w_ma': False, '30w_ma_rising': False, 'price_above_10w_ma': False, 'relative_strength_positive': False, 'near_52w_high': True}",weakening,lagging,100.32,98.96,0.38,-0.86,False,False,2026-09-22 ratio=99.94 momentum=99.82; 2026-09-23 ratio=101.22 momentum=100.42; 2026-09-24 ratio=101.46 momentum=101.66; 2026-09-25 ratio=100.71 momentum=98.01; 2026-09-28 ratio=100.32 momentum=98.96,21.6
stock,Confidence Petro,CONFIPET.NS,LPG/CNG/PNG/LNG Supplier,"Oil, Gas & Consumable Fuels",2898.5,0.11,62.55,207.04,2408.53,116.6,21.53,9.23,,stage_2,5,85.65,68.04,12.67,0.00376,"{'price_above_30w_ma': True, '30w_ma_rising': True, 'price_above_10w_ma': True, 'relative_strength_positive': True, 'near_52w_high': True}",weakening,weakening,101.37,96.26,-0.14,-3.34,False,False,2026-09-22 ratio=101.51 momentum=99.60; 2026-09-23 ratio=101.72 momentum=99.81; 2026-09-24 ratio=101.44 momentum=95.05; 2026-09-25 ratio=101.62 momentum=97.55; 2026-09-28 ratio=101.37 momentum=96.26,157.19
stock,IRM Energy,IRMENERGY.NS,LPG/CNG/PNG/LNG Supplier,"Oil, Gas & Consumable Fuels",1097.73,0.56,33.81,142.89,325.85,24.13,15.01,8.63,,not_stage_2,2,265.4,262.5,1.89,0.01165,"{'price_above_30w_ma': True, '30w_ma_rising': True, 'price_above_10w_ma': False, 'relative_strength_positive': False, 'near_52w_high': False}",weakening,weakening,100.22,92.54,0.18,-5.17,False,False,2026-09-22 ratio=100.05 momentum=97.70; 2026-09-23 ratio=100.28 momentum=98.25; 2026-09-24 ratio=100.18 momentum=97.07; 2026-09-25 ratio=100.14 momentum=96.69; 2026-09-28 ratio=100.22 momentum=92.54,44.88
stock,Axiom Gas Engi.,AXIOMGAS.NS,LPG/CNG/PNG/LNG Supplier,"Oil, Gas & Consumable Fuels",172.48,0.0,2.24,,21.23,,18.25,32.1,,insufficient_data,0,,,,,{},insufficient_data,insufficient_data,,,,,False,False,,0.0
stock,Life Insurance,LICI.NS,Life Insurance,Financial Services,492919.22,2.56,13584.25,23.98,239865.7,6.76,8.2,35.14,,not_stage_2,2,400.65,409.07,-0.67,0.01759,"{'price_above_30w_ma': False, '30w_ma_rising': False, 'price_above_10w_ma': False, 'relative_strength_positive': True, 'near_52w_high': True}",leading,leading,100.8,101.71,0.6,0.54,False,False,2026-09-22 ratio=100.20 momentum=101.18; 2026-09-23 ratio=100.30 momentum=100.96; 2026-09-24 ratio=100.77 momentum=101.80; 2026-09-25 ratio=100.96 momentum=102.19; 2026-09-28 ratio=100.80 momentum=101.71,72.55
stock,SBI Life Insuran,SBILIFE.NS,Life Insurance,Financial Services,174055.53,0.16,724.93,21.97,46336.78,18.82,66.92,14.95,,not_stage_2,2,1728.1,1815.1,-2.17,0.07586,"{'price_above_30w_ma': False, '30w_ma_rising': False, 'price_above_10w_ma': False, 'relative_strength_positive': True, 'near_52w_high': True}",leading,leading,100.64,102.95,0.33,1.16,False,False,2026-09-22 ratio=100.31 momentum=101.79; 2026-09-23 ratio=100.22 momentum=102.34; 2026-09-24 ratio=100.76 momentum=102.82; 2026-09-25 ratio=100.35 momentum=102.02; 2026-09-28 ratio=100.64 momentum=102.95,77.95
stock,HDFC Life Insur.,HDFCLIFE.NS,Life Insurance,Financial Services,114089.28,0.4,611.19,11.46,33758.51,14.58,57.76,10.3,,not_stage_2,1,531.6,574.75,-3.72,0.02334,"{'price_above_30w_ma': False, '30w_ma_rising': False, 'price_above_10w_ma': False, 'relative_strength_positive': True, 'near_52w_high': False}",leading,leading,101.14,101.19,-1.1,-0.95,False,False,2026-09-22 ratio=102.24 momentum=102.14; 2026-09-23 ratio=102.09 momentum=101.75; 2026-09-24 ratio=100.26 momentum=101.46; 2026-09-25 ratio=100.47 momentum=100.94; 2026-09-28 ratio=101.14 momentum=101.19,51.65
stock,ICICI Pru Life,ICICIPRULI.NS,Life Insurance,Financial Services,64192.53,0.37,623.91,61.94,3185.46,-79.69,39.92,10.14,,not_stage_2,0,458.7,509.86,-4.25,0.02014,"{'price_above_30w_ma': False, '30w_ma_rising': False, 'price_above_10w_ma': False, 'relative_strength_positive': False, 'near_52w_high': False}",lagging,leading,98.67,99.99,-1.51,-2.24,False,False,2026-09-22 ratio=100.18 momentum=102.23; 2026-09-23 ratio=99.74 momentum=101.74; 2026-09-24 ratio=98.57 momentum=100.83; 2026-09-25 ratio=98.34 momentum=99.83; 2026-09-28 ratio=98.67 momentum=99.99,0.0
stock,Max Financial,MFSL.NS,Life Insurance,Financial Services,47984.0,0.0,118.29,36.38,14969.51,16.75,442.23,2.87,,not_stage_2,1,1444.0,1579.16,-2.57,0.06339,"{'price_above_30w_ma': False, '30w_ma_rising': False, 'price_above_10w_ma': False, 'relative_strength_positive': False, 'near_52w_high': True}",improving,leading,99.83,100.24,-1.81,-1.3,False,False,2026-09-22 ratio=101.64 momentum=101.54; 2026-09-23 ratio=101.68 momentum=101.75; 2026-09-24 ratio=98.45 momentum=99.41; 2026-09-25 ratio=99.60 momentum=100.12; 2026-09-28 ratio=99.83 momentum=100.24,21.2
stock,Canara HSBC,CANHLIFE.NS,Life Insurance,Financial Services,14221.6,0.27,28.14,20.15,4350.86,19.81,108.29,8.35,,stage_2,4,147.78,145.22,0.32,0.00649,"{'price_above_30w_ma': True, '30w_ma_rising': True, 'price_above_10w_ma': False, 'relative_strength_positive': True, 'near_52w_high': True}",weakening,weakening,100.83,98.67,-0.58,-1.07,False,False,2026-09-22 ratio=101.41 momentum=99.75; 2026-09-23 ratio=100.82 momentum=97.81; 2026-09-24 ratio=101.30 momentum=101.12; 2026-09-25 ratio=100.99 momentum=98.87; 2026-09-28 ratio=100.83 momentum=98.67,109.79
stock,Container Corpn.,CONCOR.NS,Logistics Solution Provider,Services,33777.76,1.94,268.9,0.08,2159.76,0.28,27.2,12.64,,not_stage_2,1,450.0,485.69,-0.42,0.01975,"{'price_above_30w_ma': False, '30w_ma_rising': False, 'price_above_10w_ma': False, 'relative_strength_positive': False, 'near_52w_high': True}",lagging,lagging,97.76,97.51,-0.22,0.46,False,False,2026-09-22 ratio=97.98 momentum=97.05; 2026-09-23 ratio=97.72 momentum=97.46; 2026-09-24 ratio=98.50 momentum=97.56; 2026-09-25 ratio=98.05 momentum=97.56; 2026-09-28 ratio=97.76 momentum=97.51,20.0
stock,Delhivery,DELHIVERY.NS,Logistics Solution Provider,Services,31237.22,0.0,31.91,-64.95,2930.73,27.76,261.88,1.01,,not_stage_2,1,407.5,455.7,-0.08,0.01789,"{'price_above_30w_ma': False, '30w_ma_rising': False, 'price_above_10w_ma': False, 'relative_strength_positive': False, 'near_52w_high': True}",lagging,lagging,97.81,96.29,-1.07,-2.52,False,False,2026-09-22 ratio=98.88 momentum=98.80; 2026-09-23 ratio=99.00 momentum=98.44; 2026-09-24 ratio=98.88 momentum=97.45; 2026-09-25 ratio=98.47 momentum=95.95; 2026-09-28 ratio=97.81 momentum=96.29,20.0
stock,Shadowfax Technologies,SHADOWFAX.NS,Logistics Solution Provider,Services,16517.44,0.0,66.2,624.29,1323.85,66.33,95.9,10.3,,stage_2,5,274.05,203.49,10.47,0.01203,"{'price_above_30w_ma': True, '30w_ma_rising': True, 'price_above_10w_ma': True, 'relative_strength_positive': True, 'near_52w_high': True}",leading,leading,101.84,100.85,-0.62,-1.87,False,False,2026-09-22 ratio=102.46 momentum=102.72; 2026-09-23 ratio=102.37 momentum=102.17; 2026-09-24 ratio=102.45 momentum=101.83; 2026-09-25 ratio=102.14 momentum=101.13; 2026-09-28 ratio=101.84 momentum=100.85,179.39
stock,Blue Dart Expres,BLUEDART.NS,Logistics Solution Provider,Services,10879.92,0.55,88.49,81.22,1657.72,14.97,33.56,15.77,,not_stage_2,1,4749.6,5013.29,-2.21,0.2085,"{'price_above_30w_ma': False, '30w_ma_rising': False, 'price_above_10w_ma': False, 'relative_strength_positive': True, 'near_52w_high': False}",leading,lagging,100.01,100.65,0.79,3.22,True,False,2026-09-22 ratio=99.22 momentum=97.43; 2026-09-23 ratio=99.09 momentum=96.58; 2026-09-24 ratio=99.87 momentum=98.17; 2026-09-25 ratio=99.16 momentum=97.82; 2026-09-28 ratio=100.01 momentum=100.65,53.3
stock,Transport Corp.,TCI.NS,Logistics Solution Provider,Services,6662.76,1.15,106.6,-0.75,1248.5,9.58,14.59,19.45,,not_stage_2,1,864.85,926.01,-2.25,0.03796,"{'price_above_30w_ma': False, '30w_ma_rising': False, 'price_above_10w_ma': False, 'relative_strength_positive': True, 'near_52w_high': False}",leading,lagging,100.76,101.55,3.11,2.34,True,False,2026-09-22 ratio=97.65 momentum=99.21; 2026-09-23 ratio=98.25 momentum=98.89; 2026-09-24 ratio=98.99 momentum=99.81; 2026-09-25 ratio=100.97 momentum=102.38; 2026-09-28 ratio=100.76 momentum=101.55,61.55
stock,TVS Supply,TVSSCS.NS,Logistics Solution Provider,Services,5784.27,0.0,22.48,-84.26,3335.22,28.66,81.61,10.06,,stage_2,4,128.5,123.72,1.17,0.00564,"{'price_above_30w_ma': True, '30w_ma_rising': True, 'price_above_10w_ma': False, 'relative_strength_positive': True, 'near_52w_high': True}",leading,leading,101.0,101.18,-0.07,-0.91,False,False,2026-09-22 ratio=101.08 momentum=102.09; 2026-09-23 ratio=101.01 momentum=102.38; 2026-09-24 ratio=101.07 momentum=103.67; 2026-09-25 ratio=100.96 momentum=102.04; 2026-09-28 ratio=101.00 momentum=101.18,138.24
stock,VRL Logistics,VRLLOG.NS,Logistics Solution Provider,Services,4946.25,1.77,80.53,60.93,878.84,18.07,18.5,18.27,,stage_2,4,287.0,258.72,0.43,0.0126,"{'price_above_30w_ma': True, '30w_ma_rising': True, 'price_above_10w_ma': False, 'relative_strength_positive': True, 'near_52w_high': True}",weakening,weakening,100.94,99.78,0.02,1.96,False,False,2026-09-22 ratio=100.92 momentum=97.82; 2026-09-23 ratio=100.83 momentum=94.77; 2026-09-24 ratio=101.02 momentum=100.04; 2026-09-25 ratio=100.86 momentum=98.30; 2026-09-28 ratio=100.94 momentum=99.78,110.56
stock,Mahindra Logis.,MAHLOG.NS,Logistics Solution Provider,Services,4229.25,0.59,27.83,335.09,2002.88,23.29,107.33,7.36,,stage_2,5,421.8,385.3,0.08,0.01852,"{'price_above_30w_ma': True, '30w_ma_rising': True, 'price_above_10w_ma': True, 'relative_strength_positive': True, 'near_52w_high': True}",leading,leading,103.32,101.84,1.99,1.42,False,False,2026-09-22 ratio=101.33 momentum=100.42; 2026-09-23 ratio=102.76 momentum=101.23; 2026-09-24 ratio=103.42 momentum=101.89; 2026-09-25 ratio=102.96 momentum=101.55; 2026-09-28 ratio=103.32 momentum=101.84,170.96
stock,Gateway Distri,GATEWAY.NS,Logistics Solution Provider,Services,2576.66,3.88,51.26,-20.79,549.3,-0.21,10.51,10.83,,not_stage_2,2,51.88,56.09,-1.4,0.00228,"{'price_above_30w_ma': False, '30w_ma_rising': False, 'price_above_10w_ma': False, 'relative_strength_positive': True, 'near_52w_high': True}",improving,lagging,99.78,101.67,0.61,2.13,False,True,2026-09-22 ratio=99.17 momentum=99.53; 2026-09-23 ratio=99.26 momentum=98.97; 2026-09-24 ratio=99.62 momentum=101.43; 2026-09-25 ratio=99.62 momentum=101.00; 2026-09-28 ratio=99.78 momentum=101.67,48.35
stock,TCI Express,TCIEXP.NS,Logistics Solution Provider,Services,2045.71,1.32,22.38,6.37,311.95,8.79,22.44,14.63,,not_stage_2,0,486.0,525.39,-1.41,0.02133,"{'price_above_30w_ma': False, '30w_ma_rising': False, 'price_above_10w_ma': False, 'relative_strength_positive': False, 'near_52w_high': False}",lagging,lagging,98.59,99.49,0.81,1.58,False,False,2026-09-22 ratio=97.78 momentum=97.91; 2026-09-23 ratio=98.70 momentum=98.17; 2026-09-24 ratio=98.54 momentum=97.86; 2026-09-25 ratio=98.93 momentum=98.33; 2026-09-28 ratio=98.59 momentum=99.49,0.0
stock,Castrol India,CASTROLIND.NS,Lubricants,"Oil, Gas & Consumable Fuels",19759.74,4.38,347.7,42.5,1871.47,25.03,18.32,60.27,,stage_2,5,201.04,185.92,0.74,0.00883,"{'price_above_30w_ma': True, '30w_ma_rising': True, 'price_above_10w_ma': True, 'relative_strength_positive': True, 'near_52w_high': True}",leading,leading,103.2,101.96,0.5,1.57,False,False,2026-09-22 ratio=102.71 momentum=100.39; 2026-09-23 ratio=101.92 momentum=97.68; 2026-09-24 ratio=102.59 momentum=98.92; 2026-09-25 ratio=103.24 momentum=102.12; 2026-09-28 ratio=103.20 momentum=101.96,172.28
stock,Gulf Oil Lubric.,GULFOILLUB.NS,Lubricants,"Oil, Gas & Consumable Fuels",5482.07,4.61,127.52,31.93,1320.36,32.52,13.8,27.23,,stage_2,4,1110.5,1018.68,0.08,0.04875,"{'price_above_30w_ma': True, '30w_ma_rising': True, 'price_above_10w_ma': False, 'relative_strength_positive': True, 'near_52w_high': True}",leading,improving,101.25,102.79,1.53,1.97,True,False,2026-09-22 ratio=99.72 momentum=100.82; 2026-09-23 ratio=100.49 momentum=103.40; 2026-09-24 ratio=100.65 momentum=101.24; 2026-09-25 ratio=100.85 momentum=102.10; 2026-09-28 ratio=101.25 momentum=102.79,155.36
stock,Savita Oil Tech,SOTL.NS,Lubricants,"Oil, Gas & Consumable Fuels",4921.41,0.7,292.25,395.59,1479.77,49.6,11.52,13.96,,stage_2,4,699.3,535.56,9.42,0.0307,"{'price_above_30w_ma': True, '30w_ma_rising': True, 'price_above_10w_ma': False, 'relative_strength_positive': True, 'near_52w_high': True}",weakening,leading,100.98,98.06,-0.3,-3.14,False,False,2026-09-22 ratio=101.28 momentum=101.19; 2026-09-23 ratio=101.02 momentum=101.82; 2026-09-24 ratio=101.40 momentum=102.67; 2026-09-25 ratio=101.07 momentum=100.44; 2026-09-28 ratio=100.98 momentum=98.06,128.74
stock,Panama Petrochem,PANAMAPET.NS,Lubricants,"Oil, Gas & Consumable Fuels",2906.41,0.62,308.91,624.8,1735.15,150.3,6.07,19.15,,stage_2,4,467.35,385.96,7.12,0.02052,"{'price_above_30w_ma': True, '30w_ma_rising': True, 'price_above_10w_ma': False, 'relative_strength_positive': True, 'near_52w_high': True}",weakening,leading,100.62,98.98,-0.21,-1.05,False,False,2026-09-22 ratio=100.83 momentum=100.02; 2026-09-23 ratio=100.69 momentum=99.49; 2026-09-24 ratio=100.98 momentum=98.70; 2026-09-25 ratio=100.57 momentum=98.19; 2026-09-28 ratio=100.62 momentum=98.98,122.34
stock,Gandhar Oil Ref.,GANDHAR.NS,Lubricants,"Oil, Gas & Consumable Fuels",2675.96,0.73,205.89,633.09,1731.93,91.81,8.88,13.33,,stage_2,5,262.05,193.63,9.57,0.0115,"{'price_above_30w_ma': True, '30w_ma_rising': True, 'price_above_10w_ma': True, 'relative_strength_positive': True, 'near_52w_high': True}",weakening,weakening,101.14,97.76,-0.13,-2.04,False,False,2026-09-22 ratio=101.27 momentum=99.80; 2026-09-23 ratio=101.15 momentum=99.25; 2026-09-24 ratio=101.06 momentum=98.35; 2026-09-25 ratio=100.93 momentum=97.27; 2026-09-28 ratio=101.14 momentum=97.76,149.84
stock,Veedol Corporat,VEEDOL.NS,Lubricants,"Oil, Gas & Consumable Fuels",2360.28,4.28,77.92,56.88,608.57,18.49,10.73,24.09,,not_stage_2,0,1364.1,1422.82,-0.04,0.05988,"{'price_above_30w_ma': False, '30w_ma_rising': False, 'price_above_10w_ma': False, 'relative_strength_positive': False, 'near_52w_high': False}",lagging,lagging,99.83,98.41,0.64,0.52,False,False,2026-09-22 ratio=99.19 momentum=97.89; 2026-09-23 ratio=98.95 momentum=97.19; 2026-09-24 ratio=99.46 momentum=97.91; 2026-09-25 ratio=100.04 momentum=98.92; 2026-09-28 ratio=99.83 momentum=98.41,0.0
stock,GP Petroleums,GULFPETRO.NS,Lubricants,"Oil, Gas & Consumable Fuels",314.42,0.83,21.19,229.04,230.33,45.6,7.22,10.84,,stage_2,4,61.14,43.95,9.73,0.00268,"{'price_above_30w_ma': True, '30w_ma_rising': True, 'price_above_10w_ma': False, 'relative_strength_positive': True, 'near_52w_high': True}",weakening,weakening,100.53,96.84,-0.21,-1.38,False,False,2026-09-22 ratio=100.74 momentum=98.22; 2026-09-23 ratio=100.96 momentum=99.42; 2026-09-24 ratio=100.76 momentum=96.58; 2026-09-25 ratio=100.43 momentum=95.40; 2026-09-28 ratio=100.53 momentum=96.84,127.11
stock,Arabian Petrol.,ARABIAN.NS,Lubricants,"Oil, Gas & Consumable Fuels",95.85,0.0,5.21,3.37,200.25,36.98,8.51,18.46,,stage_2,5,89.95,74.32,2.36,0.00395,"{'price_above_30w_ma': True, '30w_ma_rising': True, 'price_above_10w_ma': True, 'relative_strength_positive': True, 'near_52w_high': True}",leading,leading,101.58,103.4,0.32,3.36,False,False,2026-09-22 ratio=101.26 momentum=100.05; 2026-09-23 ratio=101.22 momentum=99.92; 2026-09-24 ratio=101.17 momentum=100.09; 2026-09-25 ratio=101.21 momentum=101.38; 2026-09-28 ratio=101.58 momentum=103.40,174.62
stock,Sundrex Oil,SOCL.NS,Lubricants,"Oil, Gas & Consumable Fuels",36.7,0.0,2.9,-16.18,67.25,96.29,6.9,21.24,,insufficient_data,0,,,,,{},insufficient_data,insufficient_data,,,,,False,False,,0.0
stock,Venky's (India),VENKEYS.NS,Meat Products including Poultry,Fast Moving Consumer Goods,2302.93,0.61,49.99,215.79,1118.38,29.17,13.28,11.9,,stage_2,5,1632.8,1495.92,2.91,0.07168,"{'price_above_30w_ma': True, '30w_ma_rising': True, 'price_above_10w_ma': True, 'relative_strength_positive': True, 'near_52w_high': True}",weakening,weakening,101.21,94.44,-0.27,-4.7,False,False,2026-09-22 ratio=101.48 momentum=99.14; 2026-09-23 ratio=101.49 momentum=97.98; 2026-09-24 ratio=101.42 momentum=98.14; 2026-09-25 ratio=101.20 momentum=97.84; 2026-09-28 ratio=101.21 momentum=94.44,136.87
stock,HMA Agro Inds.,HMAAGRO.NS,Meat Products including Poultry,Fast Moving Consumer Goods,1189.36,1.26,50.51,6158.02,2110.32,87.98,5.54,16.19,,not_stage_2,4,24.02,22.94,-2.11,0.00105,"{'price_above_30w_ma': True, '30w_ma_rising': False, 'price_above_10w_ma': True, 'relative_strength_positive': True, 'near_52w_high': True}",leading,leading,102.41,107.19,0.02,5.62,False,False,2026-09-22 ratio=102.39 momentum=101.57; 2026-09-23 ratio=102.05 momentum=101.97; 2026-09-24 ratio=101.93 momentum=102.00; 2026-09-25 ratio=102.30 momentum=103.04; 2026-09-28 ratio=102.41 momentum=107.19,148.0
stock,SKM Egg Prod.,SKMEGGPROD.NS,Meat Products including Poultry,Fast Moving Consumer Goods,1151.33,0.57,23.82,46.5,184.26,4.87,10.34,30.7,,not_stage_2,1,211.35,225.37,3.46,0.00928,"{'price_above_30w_ma': False, '30w_ma_rising': True, 'price_above_10w_ma': False, 'relative_strength_positive': False, 'near_52w_high': False}",lagging,lagging,98.68,95.73,-0.14,-2.56,False,False,2026-09-22 ratio=98.82 momentum=98.29; 2026-09-23 ratio=99.06 momentum=98.02; 2026-09-24 ratio=98.98 momentum=96.72; 2026-09-25 ratio=98.87 momentum=95.38; 2026-09-28 ratio=98.68 momentum=95.73,26.92
stock,Prime Focus,PFOCUS.NS,Media & Entertainment,"Media, Entertainment & Publication",24702.56,0.0,-45.78,-90.56,1266.81,23.81,138.38,11.28,,stage_2,5,315.2,284.48,2.82,0.01384,"{'price_above_30w_ma': True, '30w_ma_rising': True, 'price_above_10w_ma': True, 'relative_strength_positive': True, 'near_52w_high': True}",weakening,leading,101.22,99.37,-1.72,-3.11,False,False,2026-09-22 ratio=102.94 momentum=102.48; 2026-09-23 ratio=101.89 momentum=100.16; 2026-09-24 ratio=101.30 momentum=98.76; 2026-09-25 ratio=101.08 momentum=98.94; 2026-09-28 ratio=101.22 momentum=99.37,136.74
stock,Saregama India,SAREGAMA.NS,Media & Entertainment,"Media, Entertainment & Publication",9515.15,0.91,51.88,40.64,263.6,27.48,41.69,17.29,,stage_2,4,489.6,439.75,5.19,0.02149,"{'price_above_30w_ma': True, '30w_ma_rising': True, 'price_above_10w_ma': False, 'relative_strength_positive': True, 'near_52w_high': True}",weakening,leading,100.6,99.21,-0.28,-2.95,False,False,2026-09-22 ratio=100.89 momentum=102.16; 2026-09-23 ratio=100.94 momentum=101.45; 2026-09-24 ratio=100.88 momentum=100.41; 2026-09-25 ratio=100.60 momentum=99.41; 2026-09-28 ratio=100.60 momentum=99.21,118.38
stock,Tips Music,TIPSMUSIC.NS,Media & Entertainment,"Media, Entertainment & Publication",8265.72,2.01,43.7,-4.67,106.51,20.94,38.52,118.47,,stage_2,4,657.35,635.97,2.5,0.02886,"{'price_above_30w_ma': True, '30w_ma_rising': True, 'price_above_10w_ma': False, 'relative_strength_positive': True, 'near_52w_high': True}",leading,leading,101.33,102.07,0.46,-2.04,False,False,2026-09-22 ratio=100.87 momentum=104.11; 2026-09-23 ratio=101.18 momentum=105.67; 2026-09-24 ratio=101.26 momentum=104.16; 2026-09-25 ratio=101.44 momentum=103.30; 2026-09-28 ratio=101.33 momentum=102.07,147.0
stock,Netwrk.18 Media,NETWORK18.NS,Media & Entertainment,"Media, Entertainment & Publication",3996.85,0.0,-38.36,-2074.55,516.26,10.34,,3.01,,not_stage_2,0,25.98,30.81,-3.43,0.00114,"{'price_above_30w_ma': False, '30w_ma_rising': False, 'price_above_10w_ma': False, 'relative_strength_positive': False, 'near_52w_high': False}",improving,improving,98.77,100.61,-0.32,-0.25,False,False,2026-09-22 ratio=99.09 momentum=100.86; 2026-09-23 ratio=99.18 momentum=101.33; 2026-09-24 ratio=99.49 momentum=102.12; 2026-09-25 ratio=99.16 momentum=101.45; 2026-09-28 ratio=98.77 momentum=100.61,3.05
stock,Balaji Telefilms,BALAJITELE.NS,Media & Entertainment,"Media, Entertainment & Publication",1120.01,0.0,22.39,489.25,240.29,229.93,,-10.07,,not_stage_2,3,93.87,92.04,-1.06,0.00412,"{'price_above_30w_ma': True, '30w_ma_rising': False, 'price_above_10w_ma': True, 'relative_strength_positive': True, 'near_52w_high': False}",leading,leading,101.53,102.1,0.26,1.21,False,False,2026-09-22 ratio=101.26 momentum=100.89; 2026-09-23 ratio=101.22 momentum=99.49; 2026-09-24 ratio=101.41 momentum=99.97; 2026-09-25 ratio=101.30 momentum=100.58; 2026-09-28 ratio=101.53 momentum=102.10,98.15
stock,Ent.Network,ENIL.NS,Media & Entertainment,"Media, Entertainment & Publication",454.25,2.1,-6.01,-11.5,113.69,-2.79,339.96,-0.75,,not_stage_2,0,96.01,107.28,-0.86,0.00421,"{'price_above_30w_ma': False, '30w_ma_rising': False, 'price_above_10w_ma': False, 'relative_strength_positive': False, 'near_52w_high': False}",lagging,improving,99.23,97.64,-0.44,-3.02,False,False,2026-09-22 ratio=99.66 momentum=100.67; 2026-09-23 ratio=99.70 momentum=101.56; 2026-09-24 ratio=100.16 momentum=101.41; 2026-09-25 ratio=99.81 momentum=98.89; 2026-09-28 ratio=99.23 momentum=97.64,0.0
stock,Basilic Fly Stud,BASILIC.NS,Media & Entertainment,"Media, Entertainment & Publication",442.26,0.0,6.7,-9.37,103.5,9.87,9.19,21.51,,not_stage_2,0,167.3,204.33,-3.95,0.00734,"{'price_above_30w_ma': False, '30w_ma_rising': False, 'price_above_10w_ma': False, 'relative_strength_positive': False, 'near_52w_high': False}",lagging,lagging,98.27,97.06,0.4,-1.5,False,False,2026-09-22 ratio=97.87 momentum=98.56; 2026-09-23 ratio=97.90 momentum=98.77; 2026-09-24 ratio=97.53 momentum=97.67; 2026-09-25 ratio=97.81 momentum=96.95; 2026-09-28 ratio=98.27 momentum=97.06,0.0
stock,Shemaroo Entert.,SHEMAROO.NS,Media & Entertainment,"Media, Entertainment & Publication",340.41,0.0,-8.07,82.43,131.68,-5.62,,-39.34,,stage_2,4,121.65,113.17,2.4,0.00534,"{'price_above_30w_ma': True, '30w_ma_rising': True, 'price_above_10w_ma': False, 'relative_strength_positive': True, 'near_52w_high': True}",leading,weakening,100.93,101.11,0.61,1.39,True,False,2026-09-22 ratio=100.33 momentum=99.73; 2026-09-23 ratio=100.72 momentum=99.89; 2026-09-24 ratio=100.94 momentum=100.53; 2026-09-25 ratio=101.17 momentum=101.22; 2026-09-28 ratio=100.93 momentum=101.11,150.0
stock,Gretex Industrie,GRETEX.NS,Media & Entertainment,"Media, Entertainment & Publication",331.83,0.0,0.1,-92.09,27.6,43.97,237.02,3.01,,not_stage_2,0,214.0,270.95,-1.38,0.00939,"{'price_above_30w_ma': False, '30w_ma_rising': False, 'price_above_10w_ma': False, 'relative_strength_positive': False, 'near_52w_high': False}",improving,improving,98.51,106.36,0.08,2.32,False,True,2026-09-22 ratio=98.43 momentum=104.04; 2026-09-23 ratio=98.47 momentum=103.68; 2026-09-24 ratio=98.66 momentum=103.42; 2026-09-25 ratio=98.32 momentum=102.38; 2026-09-28 ratio=98.51 momentum=106.36,31.8
stock,Optimystix Entertainment,OPTIMYSTIX.NS,Media & Entertainment,"Media, Entertainment & Publication",301.92,0.0,,,,,12.6,27.26,,insufficient_data,0,,,,,{},insufficient_data,insufficient_data,,,,,False,False,,0.0
stock,Poly Medicure,POLYMED.NS,Medical Equipment & Supplies,Healthcare,16672.96,0.21,85.28,-7.57,525.38,30.3,52.1,12.5,,not_stage_2,3,1636.7,1567.97,3.68,0.07185,"{'price_above_30w_ma': True, '30w_ma_rising': True, 'price_above_10w_ma': False, 'relative_strength_positive': False, 'near_52w_high': True}",lagging,leading,99.9,96.09,-0.61,-4.57,False,False,2026-09-22 ratio=100.51 momentum=100.66; 2026-09-23 ratio=100.87 momentum=99.36; 2026-09-24 ratio=101.20 momentum=100.00; 2026-09-25 ratio=101.20 momentum=98.76; 2026-09-28 ratio=99.90 momentum=96.09,67.36
stock,Molbio Diagnosti,MOLBIO.NS,Medical Equipment & Supplies,Healthcare,14500.0,0.0,56.63,522.3,399.38,318.99,66.78,17.96,,insufficient_data,0,,,,,{},insufficient_data,insufficient_data,,,,,False,False,,0.0
stock,Fischer Medical,FISCHER.NS,Medical Equipment & Supplies,Healthcare,2355.25,0.15,3.79,-22.02,81.92,249.49,96.21,11.45,,not_stage_2,0,34.08,37.1,-1.55,0.0015,"{'price_above_30w_ma': False, '30w_ma_rising': False, 'price_above_10w_ma': False, 'relative_strength_positive': False, 'near_52w_high': False}",lagging,lagging,99.44,99.87,1.44,1.41,False,False,2026-09-22 ratio=98.00 momentum=98.47; 2026-09-23 ratio=99.31 momentum=100.78; 2026-09-24 ratio=99.19 momentum=101.13; 2026-09-25 ratio=99.18 momentum=100.90; 2026-09-28 ratio=99.44 momentum=99.87,0.0
stock,Tarsons Products,TARSONS.NS,Medical Equipment & Supplies,Healthcare,1753.52,0.0,-1.44,-180.9,110.24,20.67,148.1,4.59,,stage_2,5,338.0,261.06,6.99,0.01484,"{'price_above_30w_ma': True, '30w_ma_rising': True, 'price_above_10w_ma': True, 'relative_strength_positive': True, 'near_52w_high': True}",leading,leading,101.75,102.05,0.65,1.55,False,False,2026-09-22 ratio=101.09 momentum=100.51; 2026-09-23 ratio=101.17 momentum=100.73; 2026-09-24 ratio=101.43 momentum=101.11; 2026-09-25 ratio=101.17 momentum=101.04; 2026-09-28 ratio=101.75 momentum=102.05,177.98
stock,Q-Line Biotech,QLINE.NS,Medical Equipment & Supplies,Healthcare,1569.4,0.0,34.41,147.29,197.94,-8.59,27.79,22.46,,insufficient_data,0,,,,,{},insufficient_data,insufficient_data,,,,,False,False,,0.0
stock,Laxmi Dental,LAXMIDENTL.NS,Medical Equipment & Supplies,Healthcare,1058.17,0.0,10.32,22.77,74.7,13.87,30.42,15.05,,not_stage_2,1,192.7,205.88,0.52,0.00846,"{'price_above_30w_ma': False, '30w_ma_rising': True, 'price_above_10w_ma': False, 'relative_strength_positive': False, 'near_52w_high': False}",lagging,improving,99.81,99.31,0.58,-1.21,False,False,2026-09-22 ratio=99.23 momentum=100.52; 2026-09-23 ratio=99.36 momentum=99.91; 2026-09-24 ratio=99.98 momentum=100.84; 2026-09-25 ratio=100.18 momentum=100.98; 2026-09-28 ratio=99.81 momentum=99.31,21.04
stock,Vasa Denticity,DENTALKART.NS,Medical Equipment & Supplies,Healthcare,754.18,0.0,4.19,45.99,82.17,36.9,62.33,7.54,,not_stage_2,3,424.4,401.29,-1.74,0.01863,"{'price_above_30w_ma': True, '30w_ma_rising': False, 'price_above_10w_ma': True, 'relative_strength_positive': True, 'near_52w_high': False}",leading,weakening,102.46,103.47,1.7,4.45,True,False,2026-09-22 ratio=100.76 momentum=99.03; 2026-09-23 ratio=101.21 momentum=100.90; 2026-09-24 ratio=101.57 momentum=101.57; 2026-09-25 ratio=101.46 momentum=102.40; 2026-09-28 ratio=102.46 momentum=103.47,119.65
stock,OSEL Devices,OSELDEVICE.NS,Medical Equipment & Supplies,Healthcare,690.88,0.0,14.06,16.78,145.81,47.1,23.62,24.4,,insufficient_data,0,,,,,{},insufficient_data,insufficient_data,,,,,False,False,,0.0
stock,QMS Medical,QMSMEDI.NS,Medical Equipment & Supplies,Healthcare,419.22,0.23,3.96,24.57,56.87,22.3,39.0,12.92,,stage_2,5,206.47,112.31,13.23,0.00906,"{'price_above_30w_ma': True, '30w_ma_rising': True, 'price_above_10w_ma': True, 'relative_strength_positive': True, 'near_52w_high': True}",leading,leading,102.41,103.85,0.0,2.7,False,False,2026-09-22 ratio=102.40 momentum=101.15; 2026-09-23 ratio=102.28 momentum=101.85; 2026-09-24 ratio=102.16 momentum=102.16; 2026-09-25 ratio=102.14 momentum=103.54; 2026-09-28 ratio=102.41 momentum=103.85,202.76
stock,Nureca,NURECA.NS,Medical Equipment & Supplies,Healthcare,348.79,0.0,3.07,279.01,40.34,18.02,80.37,3.3,,stage_2,5,362.55,283.49,3.06,0.01592,"{'price_above_30w_ma': True, '30w_ma_rising': True, 'price_above_10w_ma': True, 'relative_strength_positive': True, 'near_52w_high': True}",leading,leading,102.74,103.18,1.6,0.98,False,False,2026-09-22 ratio=101.14 momentum=102.19; 2026-09-23 ratio=101.02 momentum=102.23; 2026-09-24 ratio=101.60 momentum=102.24; 2026-09-25 ratio=101.99 momentum=102.06; 2026-09-28 ratio=102.74 momentum=103.18,180.72
stock,CreditAcc. Gram.,CREDITACC.NS,Microfinance Institutions,Financial Services,19508.07,0.0,493.39,719.72,1783.49,21.92,16.11,9.98,,not_stage_2,2,1255.2,1365.27,0.84,0.0551,"{'price_above_30w_ma': False, '30w_ma_rising': True, 'price_above_10w_ma': False, 'relative_strength_positive': False, 'near_52w_high': True}",lagging,lagging,97.76,97.09,-0.79,-1.67,False,False,2026-09-22 ratio=98.55 momentum=98.76; 2026-09-23 ratio=98.35 momentum=98.44; 2026-09-24 ratio=98.22 momentum=98.63; 2026-09-25 ratio=97.99 momentum=98.20; 2026-09-28 ratio=97.76 momentum=97.09,41.68
stock,Muthoot Microfin,MUTHOOTMF.NS,Microfinance Institutions,Financial Services,3026.76,0.0,81.34,1216.18,668.64,19.69,12.33,9.31,,not_stage_2,1,178.84,194.58,0.78,0.00785,"{'price_above_30w_ma': False, '30w_ma_rising': True, 'price_above_10w_ma': False, 'relative_strength_positive': False, 'near_52w_high': False}",lagging,improving,98.74,96.41,-0.06,-3.9,False,False,2026-09-22 ratio=98.80 momentum=100.31; 2026-09-23 ratio=98.85 momentum=98.16; 2026-09-24 ratio=98.76 momentum=98.28; 2026-09-25 ratio=98.68 momentum=97.92; 2026-09-28 ratio=98.74 momentum=96.41,21.56
stock,Fusion Finance,FUSION.NS,Microfinance Institutions,Financial Services,2802.35,0.0,62.41,167.65,458.17,3.59,16.63,5.92,,not_stage_2,0,171.93,188.14,-0.24,0.00755,"{'price_above_30w_ma': False, '30w_ma_rising': False, 'price_above_10w_ma': False, 'relative_strength_positive': False, 'near_52w_high': False}",lagging,lagging,98.15,96.87,-0.55,-0.58,False,False,2026-09-22 ratio=98.71 momentum=97.45; 2026-09-23 ratio=98.70 momentum=94.77; 2026-09-24 ratio=98.32 momentum=95.10; 2026-09-25 ratio=98.34 momentum=97.30; 2026-09-28 ratio=98.15 momentum=96.87,0.0
stock,Satin Creditcare,SATIN.NS,Microfinance Institutions,Financial Services,2631.4,0.0,122.65,172.0,762.14,8.39,6.42,13.84,,stage_2,5,234.4,212.04,4.81,0.01029,"{'price_above_30w_ma': True, '30w_ma_rising': True, 'price_above_10w_ma': True, 'relative_strength_positive': True, 'near_52w_high': True}",leading,improving,101.13,103.11,1.32,-0.64,False,False,2026-09-22 ratio=99.82 momentum=103.75; 2026-09-23 ratio=99.92 momentum=103.29; 2026-09-24 ratio=100.26 momentum=103.82; 2026-09-25 ratio=101.01 momentum=103.62; 2026-09-28 ratio=101.13 momentum=103.11,175.82
stock,Spandana Sphoort,SPANDANA.NS,Microfinance Institutions,Financial Services,2008.31,0.0,11.88,103.3,283.91,-5.51,,-5.78,,not_stage_2,0,228.35,244.86,-1.11,0.01002,"{'price_above_30w_ma': False, '30w_ma_rising': False, 'price_above_10w_ma': False, 'relative_strength_positive': False, 'near_52w_high': False}",improving,improving,99.55,102.05,0.46,1.77,False,True,2026-09-22 ratio=99.10 momentum=100.28; 2026-09-23 ratio=99.30 momentum=101.06; 2026-09-24 ratio=99.17 momentum=101.45; 2026-09-25 ratio=99.13 momentum=101.05; 2026-09-28 ratio=99.55 momentum=102.05,10.25
stock,Bajaj Finance,BAJFINANCE.NS,Non Banking Financial Company (NBFC),Financial Services,606283.43,0.55,6080.6,27.37,23165.45,18.65,29.6,10.87,,not_stage_2,3,985.0,973.58,0.19,0.04324,"{'price_above_30w_ma': True, '30w_ma_rising': True, 'price_above_10w_ma': False, 'relative_strength_positive': False, 'near_52w_high': True}",lagging,lagging,98.83,98.01,-0.12,1.05,False,False,2026-09-22 ratio=98.95 momentum=96.96; 2026-09-23 ratio=100.08 momentum=99.28; 2026-09-24 ratio=98.15 momentum=96.72; 2026-09-25 ratio=98.66 momentum=97.47; 2026-09-28 ratio=98.83 momentum=98.01,60.38
stock,Shriram Finance,SHRIRAMFIN.NS,Non Banking Financial Company (NBFC),Financial Services,227967.87,1.11,3452.77,59.89,13400.43,16.16,20.14,11.49,,not_stage_2,1,976.3,1006.49,-0.67,0.04286,"{'price_above_30w_ma': False, '30w_ma_rising': False, 'price_above_10w_ma': False, 'relative_strength_positive': False, 'near_52w_high': True}",lagging,lagging,98.97,96.69,-0.23,-2.62,False,False,2026-09-22 ratio=99.20 momentum=99.32; 2026-09-23 ratio=99.16 momentum=99.35; 2026-09-24 ratio=99.04 momentum=98.33; 2026-09-25 ratio=99.05 momentum=97.26; 2026-09-28 ratio=98.97 momentum=96.69,20.0
stock,Tata Capital,TATACAP.NS,Non Banking Financial Company (NBFC),Financial Services,140653.73,0.17,1628.18,56.32,8821.93,15.1,25.88,8.58,,not_stage_2,2,328.1,340.12,0.31,0.0144,"{'price_above_30w_ma': False, '30w_ma_rising': True, 'price_above_10w_ma': False, 'relative_strength_positive': False, 'near_52w_high': True}",lagging,lagging,98.34,95.4,-0.58,-1.94,False,False,2026-09-22 ratio=98.92 momentum=97.33; 2026-09-23 ratio=99.77 momentum=97.95; 2026-09-24 ratio=98.82 momentum=97.14; 2026-09-25 ratio=99.02 momentum=97.15; 2026-09-28 ratio=98.34 momentum=95.40,40.62
stock,Cholaman.Inv.&Fn,CHOLAFIN.NS,Non Banking Financial Company (NBFC),Financial Services,138568.68,0.12,1656.22,45.56,8856.29,21.87,24.09,9.71,,not_stage_2,2,1634.2,1670.84,0.41,0.07174,"{'price_above_30w_ma': False, '30w_ma_rising': True, 'price_above_10w_ma': False, 'relative_strength_positive': False, 'near_52w_high': True}",lagging,lagging,97.92,96.34,-1.67,-1.63,False,False,2026-09-22 ratio=99.59 momentum=97.96; 2026-09-23 ratio=99.70 momentum=98.64; 2026-09-24 ratio=98.31 momentum=96.96; 2026-09-25 ratio=97.87 momentum=96.22; 2026-09-28 ratio=97.92 momentum=96.34,40.82
stock,Muthoot Finance,MUTHOOTFIN.NS,Non Banking Financial Company (NBFC),Financial Services,109635.55,1.1,2824.84,38.83,8671.6,34.44,9.64,15.8,,not_stage_2,0,2760.0,3141.85,-2.49,0.12116,"{'price_above_30w_ma': False, '30w_ma_rising': False, 'price_above_10w_ma': False, 'relative_strength_positive': False, 'near_52w_high': False}",improving,improving,99.72,101.6,-0.01,0.7,False,False,2026-09-22 ratio=99.73 momentum=100.90; 2026-09-23 ratio=99.86 momentum=100.20; 2026-09-24 ratio=100.04 momentum=102.04; 2026-09-25 ratio=100.05 momentum=101.43; 2026-09-28 ratio=99.72 momentum=101.60,8.0
stock,L&T Finance Ltd,LTF.NS,Non Banking Financial Company (NBFC),Financial Services,68031.58,1.01,915.99,28.72,5212.92,22.38,21.24,8.4,,not_stage_2,2,280.85,291.2,0.55,0.01233,"{'price_above_30w_ma': False, '30w_ma_rising': True, 'price_above_10w_ma': False, 'relative_strength_positive': False, 'near_52w_high': True}",lagging,weakening,97.81,98.13,-2.62,-1.85,False,False,2026-09-22 ratio=100.43 momentum=99.98; 2026-09-23 ratio=101.09 momentum=101.25; 2026-09-24 ratio=97.06 momentum=97.07; 2026-09-25 ratio=97.47 momentum=97.71; 2026-09-28 ratio=97.81 momentum=98.13,41.1
stock,SBI Cards,SBICARD.NS,Non Banking Financial Company (NBFC),Financial Services,55281.15,0.43,664.44,19.51,5040.55,3.36,24.3,10.1,,not_stage_2,0,591.0,640.91,-2.71,0.02594,"{'price_above_30w_ma': False, '30w_ma_rising': False, 'price_above_10w_ma': False, 'relative_strength_positive': False, 'near_52w_high': False}",lagging,weakening,98.57,96.18,-1.91,-1.58,False,False,2026-09-22 ratio=100.48 momentum=97.76; 2026-09-23 ratio=100.26 momentum=97.68; 2026-09-24 ratio=99.83 momentum=96.59; 2026-09-25 ratio=99.23 momentum=95.98; 2026-09-28 ratio=98.57 momentum=96.18,0.0
stock,HDB FINANC SER,HDBFS.NS,Non Banking Financial Company (NBFC),Financial Services,52460.09,0.63,785.2,38.31,4937.9,10.58,19.0,9.09,,not_stage_2,1,637.4,673.33,-0.75,0.02798,"{'price_above_30w_ma': False, '30w_ma_rising': False, 'price_above_10w_ma': False, 'relative_strength_positive': False, 'near_52w_high': True}",lagging,leading,99.17,98.95,-1.07,-2.19,False,False,2026-09-22 ratio=100.24 momentum=101.15; 2026-09-23 ratio=99.94 momentum=100.10; 2026-09-24 ratio=100.07 momentum=100.56; 2026-09-25 ratio=99.19 momentum=98.42; 2026-09-28 ratio=99.17 momentum=98.95,20.0
stock,Sundaram Finance,SUNDARMFIN.NS,Non Banking Financial Company (NBFC),Financial Services,48187.27,0.92,636.19,33.88,2644.13,12.57,21.16,9.44,,not_stage_2,2,4453.4,4584.01,-2.09,0.19549,"{'price_above_30w_ma': False, '30w_ma_rising': False, 'price_above_10w_ma': False, 'relative_strength_positive': True, 'near_52w_high': True}",weakening,weakening,100.65,97.17,-1.4,-1.42,False,False,2026-09-22 ratio=102.05 momentum=98.60; 2026-09-23 ratio=101.21 momentum=96.82; 2026-09-24 ratio=101.24 momentum=96.22; 2026-09-25 ratio=100.58 momentum=96.83; 2026-09-28 ratio=100.65 momentum=97.17,43.25
stock,Authum Invest,AIIL.NS,Non Banking Financial Company (NBFC),Financial Services,46023.63,0.02,1114.81,18.43,1448.22,19.65,21.99,13.63,,stage_2,4,548.25,514.93,2.01,0.02407,"{'price_above_30w_ma': True, '30w_ma_rising': True, 'price_above_10w_ma': False, 'relative_strength_positive': True, 'near_52w_high': True}",leading,leading,101.58,101.11,0.65,-1.21,False,False,2026-09-22 ratio=100.93 momentum=102.32; 2026-09-23 ratio=101.54 momentum=102.13; 2026-09-24 ratio=101.49 momentum=102.80; 2026-09-25 ratio=101.79 momentum=104.30; 2026-09-28 ratio=101.58 momentum=101.11,142.47
stock,Dolphin Offshore,DOLPHIN.NS,Offshore Support Solution Drilling,"Oil, Gas & Consumable Fuels",2605.31,0.0,14.81,30.71,42.85,160.64,36.17,14.92,,stage_2,5,648.0,460.5,7.33,0.02845,"{'price_above_30w_ma': True, '30w_ma_rising': True, 'price_above_10w_ma': True, 'relative_strength_positive': True, 'near_52w_high': True}",weakening,weakening,100.98,97.49,-0.69,0.62,False,False,2026-09-22 ratio=101.67 momentum=96.87; 2026-09-23 ratio=101.56 momentum=97.55; 2026-09-24 ratio=101.30 momentum=95.11; 2026-09-25 ratio=101.24 momentum=97.79; 2026-09-28 ratio=100.98 momentum=97.49,144.56
stock,Jindal Drilling,JINDRILL.NS,Offshore Support Solution Drilling,"Oil, Gas & Consumable Fuels",1737.13,0.17,47.14,-28.69,275.39,8.38,8.92,13.67,,stage_2,5,624.15,579.83,3.06,0.0274,"{'price_above_30w_ma': True, '30w_ma_rising': True, 'price_above_10w_ma': True, 'relative_strength_positive': True, 'near_52w_high': True}",leading,lagging,101.43,100.49,1.78,2.63,True,False,2026-09-22 ratio=99.65 momentum=97.86; 2026-09-23 ratio=100.23 momentum=97.64; 2026-09-24 ratio=100.05 momentum=96.69; 2026-09-25 ratio=99.97 momentum=96.43; 2026-09-28 ratio=101.43 momentum=100.49,170.72
stock,Alphageo (India),ALPHAGEO.NS,Offshore Support Solution Drilling,"Oil, Gas & Consumable Fuels",163.33,1.93,14.86,1660.49,82.13,101.1,,-7.2,,not_stage_2,3,269.55,233.17,5.04,0.01183,"{'price_above_30w_ma': True, '30w_ma_rising': True, 'price_above_10w_ma': False, 'relative_strength_positive': False, 'near_52w_high': True}",weakening,weakening,100.07,95.55,-0.54,-1.81,False,False,2026-09-22 ratio=100.61 momentum=97.36; 2026-09-23 ratio=100.48 momentum=96.96; 2026-09-24 ratio=100.40 momentum=96.02; 2026-09-25 ratio=100.31 momentum=95.26; 2026-09-28 ratio=100.07 momentum=95.55,70.43
stock,Aakash Explor.,AAKASH.NS,Offshore Support Solution Drilling,"Oil, Gas & Consumable Fuels",86.97,0.0,0.52,-3.7,27.89,16.89,24.99,7.63,,not_stage_2,3,8.8,8.82,0.43,0.00039,"{'price_above_30w_ma': False, '30w_ma_rising': True, 'price_above_10w_ma': False, 'relative_strength_positive': True, 'near_52w_high': True}",weakening,leading,101.51,97.85,-0.06,-4.34,False,False,2026-09-22 ratio=101.57 momentum=102.19; 2026-09-23 ratio=102.06 momentum=103.77; 2026-09-24 ratio=102.40 momentum=106.08; 2026-09-25 ratio=101.50 momentum=97.60; 2026-09-28 ratio=101.51 momentum=97.85,68.41
stock,Aban Offshore,ABAN.NS,Offshore Support Solution Drilling,"Oil, Gas & Consumable Fuels",83.99,0.0,83.72,133.12,165.26,44.43,,,,not_stage_2,0,14.07,17.36,-4.79,0.00062,"{'price_above_30w_ma': False, '30w_ma_rising': False, 'price_above_10w_ma': False, 'relative_strength_positive': False, 'near_52w_high': False}",lagging,lagging,99.32,99.96,0.22,3.28,False,False,2026-09-22 ratio=99.10 momentum=96.68; 2026-09-23 ratio=98.98 momentum=97.77; 2026-09-24 ratio=99.11 momentum=97.45; 2026-09-25 ratio=99.03 momentum=98.38; 2026-09-28 ratio=99.32 momentum=99.96,0.0
stock,Deep Industries,DEEPINDS.NS,Oil Equipment & Services,"Oil, Gas & Consumable Fuels",5016.49,0.32,89.14,45.12,278.92,39.81,12.1,16.47,,stage_2,5,768.0,545.69,11.03,0.03371,"{'price_above_30w_ma': True, '30w_ma_rising': True, 'price_above_10w_ma': True, 'relative_strength_positive': True, 'near_52w_high': True}",weakening,weakening,101.33,97.41,0.06,-0.63,False,False,2026-09-22 ratio=101.27 momentum=98.04; 2026-09-23 ratio=101.29 momentum=96.73; 2026-09-24 ratio=101.31 momentum=97.04; 2026-09-25 ratio=101.38 momentum=97.70; 2026-09-28 ratio=101.33 momentum=97.41,153.71
stock,Asian Energy,ASIANENE.NS,Oil Equipment & Services,"Oil, Gas & Consumable Fuels",2323.13,0.26,12.76,115.5,271.19,135.06,35.97,16.33,,stage_2,5,474.15,371.22,7.96,0.02081,"{'price_above_30w_ma': True, '30w_ma_rising': True, 'price_above_10w_ma': True, 'relative_strength_positive': True, 'near_52w_high': True}",weakening,weakening,100.78,92.74,-0.2,-5.48,False,False,2026-09-22 ratio=100.98 momentum=98.22; 2026-09-23 ratio=100.91 momentum=96.45; 2026-09-24 ratio=100.76 momentum=96.49; 2026-09-25 ratio=100.91 momentum=96.52; 2026-09-28 ratio=100.78 momentum=92.74,144.82
stock,Oil Country,OILCOUNTUB.NS,Oil Equipment & Services,"Oil, Gas & Consumable Fuels",391.02,0.0,-15.11,-71.51,17.44,-29.02,,-25.38,,stage_2,5,73.64,57.05,4.86,0.00323,"{'price_above_30w_ma': True, '30w_ma_rising': True, 'price_above_10w_ma': True, 'relative_strength_positive': True, 'near_52w_high': True}",leading,leading,102.91,104.01,0.62,2.66,False,False,2026-09-22 ratio=102.29 momentum=101.35; 2026-09-23 ratio=102.35 momentum=101.67; 2026-09-24 ratio=102.69 momentum=102.60; 2026-09-25 ratio=102.68 momentum=103.69; 2026-09-28 ratio=102.91 momentum=104.01,189.32
stock,Teja Engineering,TEJA.NS,Oil Equipment & Services,"Oil, Gas & Consumable Fuels",137.49,0.0,3.32,36.63,43.98,48.03,22.0,33.1,,insufficient_data,0,,,,,{},insufficient_data,insufficient_data,,,,,False,False,,0.0
stock,O N G C,ONGC.NS,Oil Exploration & Production,"Oil, Gas & Consumable Fuels",289346.42,5.76,6554.44,20.84,204987.35,25.68,6.62,14.15,,not_stage_2,2,230.0,256.96,-2.2,0.0101,"{'price_above_30w_ma': False, '30w_ma_rising': False, 'price_above_10w_ma': False, 'relative_strength_positive': True, 'near_52w_high': True}",leading,leading,100.66,101.58,-0.07,-1.67,False,False,2026-09-22 ratio=100.72 momentum=103.24; 2026-09-23 ratio=100.69 momentum=101.42; 2026-09-24 ratio=101.75 momentum=103.12; 2026-09-25 ratio=101.05 momentum=100.82; 2026-09-28 ratio=100.66 momentum=101.58,71.2
stock,Oil India,OIL.NS,Oil Exploration & Production,"Oil, Gas & Consumable Fuels",74886.5,2.5,4026.83,91.4,12503.32,57.7,8.96,11.51,,stage_2,4,468.0,464.71,0.07,0.02054,"{'price_above_30w_ma': True, '30w_ma_rising': True, 'price_above_10w_ma': False, 'relative_strength_positive': True, 'near_52w_high': True}",weakening,weakening,100.94,97.87,0.38,-0.01,False,False,2026-09-22 ratio=100.56 momentum=97.88; 2026-09-23 ratio=100.56 momentum=97.37; 2026-09-24 ratio=101.24 momentum=97.94; 2026-09-25 ratio=100.96 momentum=97.10; 2026-09-28 ratio=100.94 momentum=97.87,109.84
stock,Vedanta Oil and Gas,VOGL.NS,Oil Exploration & Production,"Oil, Gas & Consumable Fuels",13275.69,0.0,945.0,2691.59,2507.0,8.48,61.76,,,insufficient_data,0,,,,,{},lagging,lagging,99.23,95.88,-0.46,-3.08,False,False,2026-09-22 ratio=99.69 momentum=98.96; 2026-09-23 ratio=100.06 momentum=100.03; 2026-09-24 ratio=99.67 momentum=99.07; 2026-09-25 ratio=99.53 momentum=98.41; 2026-09-28 ratio=99.23 momentum=95.88,0.0
stock,Antelopus Selan,ANTELOPUS.NS,Oil Exploration & Production,"Oil, Gas & Consumable Fuels",4103.81,0.0,54.32,450.71,131.04,158.82,29.28,19.92,,stage_2,5,1159.45,795.43,11.04,0.0509,"{'price_above_30w_ma': True, '30w_ma_rising': True, 'price_above_10w_ma': True, 'relative_strength_positive': True, 'near_52w_high': True}",weakening,weakening,101.79,96.53,0.03,-2.05,False,False,2026-09-22 ratio=101.76 momentum=98.58; 2026-09-23 ratio=101.96 momentum=97.12; 2026-09-24 ratio=101.78 momentum=95.30; 2026-09-25 ratio=102.44 momentum=98.33; 2026-09-28 ratio=101.79 momentum=96.53,156.03
stock,Prabha Energy,PRABHA.NS,Oil Exploration & Production,"Oil, Gas & Consumable Fuels",3524.67,0.0,0.29,226.09,1.69,49.56,3204.25,-0.09,,stage_2,5,223.39,172.27,5.17,0.00981,"{'price_above_30w_ma': True, '30w_ma_rising': True, 'price_above_10w_ma': True, 'relative_strength_positive': True, 'near_52w_high': True}",weakening,weakening,101.0,95.46,-0.36,-2.08,False,False,2026-09-22 ratio=101.36 momentum=97.55; 2026-09-23 ratio=101.26 momentum=96.48; 2026-09-24 ratio=101.08 momentum=96.46; 2026-09-25 ratio=101.14 momentum=96.30; 2026-09-28 ratio=101.00 momentum=95.46,140.34
stock,Hind.Oil Explor.,HINDOILEXP.NS,Oil Exploration & Production,"Oil, Gas & Consumable Fuels",2298.91,0.0,6.24,-47.91,114.18,45.17,91.52,3.49,,stage_2,5,172.98,159.36,3.25,0.00759,"{'price_above_30w_ma': True, '30w_ma_rising': True, 'price_above_10w_ma': True, 'relative_strength_positive': True, 'near_52w_high': True}",weakening,weakening,101.03,96.43,0.02,-0.46,False,False,2026-09-22 ratio=101.01 momentum=96.89; 2026-09-23 ratio=100.82 momentum=96.15; 2026-09-24 ratio=100.94 momentum=95.05; 2026-09-25 ratio=100.90 momentum=96.22; 2026-09-28 ratio=101.03 momentum=96.43,136.65
stock,Guj.Nat.Resour.,GNRL.NS,Oil Exploration & Production,"Oil, Gas & Consumable Fuels",1503.51,0.0,11.35,488.08,5.72,70.75,77.86,7.26,,insufficient_data,0,,,,,{},insufficient_data,insufficient_data,,,,,False,False,,0.0
stock,L T Foods,LTFOODS.NS,Other Agricultural Products,Fast Moving Consumer Goods,13985.63,0.74,183.45,8.87,3151.83,27.92,21.84,17.6,,stage_2,4,408.5,405.19,0.39,0.01793,"{'price_above_30w_ma': True, '30w_ma_rising': True, 'price_above_10w_ma': False, 'relative_strength_positive': True, 'near_52w_high': True}",weakening,weakening,100.32,93.69,-0.26,-3.94,False,False,2026-09-22 ratio=100.58 momentum=97.62; 2026-09-23 ratio=100.79 momentum=97.10; 2026-09-24 ratio=100.82 momentum=95.69; 2026-09-25 ratio=100.65 momentum=95.98; 2026-09-28 ratio=100.32 momentum=93.69,107.38
stock,KRBL,KRBL.NS,Other Agricultural Products,Fast Moving Consumer Goods,8838.58,1.17,260.74,73.16,1495.86,-5.59,11.66,15.16,,stage_2,4,382.95,364.5,1.95,0.01681,"{'price_above_30w_ma': True, '30w_ma_rising': True, 'price_above_10w_ma': False, 'relative_strength_positive': True, 'near_52w_high': True}",weakening,weakening,100.31,92.97,-0.05,-4.64,False,False,2026-09-22 ratio=100.37 momentum=97.62; 2026-09-23 ratio=100.73 momentum=97.80; 2026-09-24 ratio=100.70 momentum=96.58; 2026-09-25 ratio=100.65 momentum=96.86; 2026-09-28 ratio=100.31 momentum=92.97,110.45
stock,Guj. Ambuja Exp,GAEL.NS,Other Agricultural Products,Fast Moving Consumer Goods,7433.82,0.19,176.77,171.87,1594.22,23.47,17.74,12.46,,stage_2,4,160.47,157.1,1.77,0.00704,"{'price_above_30w_ma': True, '30w_ma_rising': True, 'price_above_10w_ma': False, 'relative_strength_positive': True, 'near_52w_high': True}",weakening,lagging,100.29,99.91,0.6,1.9,False,False,2026-09-22 ratio=99.69 momentum=98.02; 2026-09-23 ratio=100.19 momentum=98.61; 2026-09-24 ratio=100.37 momentum=99.00; 2026-09-25 ratio=100.42 momentum=99.96; 2026-09-28 ratio=100.29 momentum=99.91,109.99
stock,TruAlt Bioenergy,TRUALT.NS,Other Agricultural Products,Fast Moving Consumer Goods,3939.92,0.0,59.27,1108.25,626.88,106.29,25.19,10.44,,stage_2,5,458.15,450.45,1.05,0.02011,"{'price_above_30w_ma': True, '30w_ma_rising': True, 'price_above_10w_ma': True, 'relative_strength_positive': True, 'near_52w_high': True}",leading,improving,102.31,103.33,2.9,2.93,True,False,2026-09-22 ratio=99.41 momentum=100.40; 2026-09-23 ratio=100.67 momentum=104.13; 2026-09-24 ratio=100.49 momentum=102.07; 2026-09-25 ratio=101.11 momentum=102.84; 2026-09-28 ratio=102.31 momentum=103.33,185.3
stock,Kaveri Seed Co.,KSCL.NS,Other Agricultural Products,Fast Moving Consumer Goods,3801.0,0.67,279.84,-14.18,742.5,-13.51,15.23,15.82,,not_stage_2,2,769.5,842.84,-0.86,0.03378,"{'price_above_30w_ma': False, '30w_ma_rising': False, 'price_above_10w_ma': True, 'relative_strength_positive': True, 'near_52w_high': False}",leading,lagging,101.07,101.87,2.4,2.38,True,False,2026-09-22 ratio=98.66 momentum=99.49; 2026-09-23 ratio=98.89 momentum=100.66; 2026-09-24 ratio=101.17 momentum=103.08; 2026-09-25 ratio=101.66 momentum=102.62; 2026-09-28 ratio=101.07 momentum=101.87,84.7
stock,Sanstar,SANSTAR.NS,Other Agricultural Products,Fast Moving Consumer Goods,2121.84,0.0,9.21,2808.82,206.16,21.51,48.22,5.69,,stage_2,4,106.9,104.4,3.09,0.00469,"{'price_above_30w_ma': True, '30w_ma_rising': True, 'price_above_10w_ma': False, 'relative_strength_positive': True, 'near_52w_high': True}",weakening,leading,100.57,99.3,-1.04,-2.24,False,False,2026-09-22 ratio=101.61 momentum=101.54; 2026-09-23 ratio=100.98 momentum=100.79; 2026-09-24 ratio=100.96 momentum=100.64; 2026-09-25 ratio=100.55 momentum=100.88; 2026-09-28 ratio=100.57 momentum=99.30,114.03
stock,A C J K Exports,AEROPLANE.NS,Other Agricultural Products,Fast Moving Consumer Goods,2091.43,0.0,36.63,127.52,663.73,55.1,16.89,15.7,,insufficient_data,0,,,,,{},weakening,leading,101.64,96.87,-0.29,-3.9,False,False,2026-09-22 ratio=101.93 momentum=100.76; 2026-09-23 ratio=101.83 momentum=99.91; 2026-09-24 ratio=101.72 momentum=99.22; 2026-09-25 ratio=102.16 momentum=98.43; 2026-09-28 ratio=101.64 momentum=96.87,8.2
stock,GRM Overseas,GRMOVER.NS,Other Agricultural Products,Fast Moving Consumer Goods,1631.58,0.0,21.04,10.21,426.51,30.52,21.34,13.99,,not_stage_2,0,80.01,119.99,-8.11,0.00351,"{'price_above_30w_ma': False, '30w_ma_rising': False, 'price_above_10w_ma': False, 'relative_strength_positive': False, 'near_52w_high': False}",lagging,lagging,98.68,98.77,0.82,0.23,False,False,2026-09-22 ratio=97.86 momentum=98.55; 2026-09-23 ratio=98.14 momentum=97.68; 2026-09-24 ratio=98.08 momentum=96.64; 2026-09-25 ratio=98.35 momentum=96.03; 2026-09-28 ratio=98.68 momentum=98.77,0.0
stock,AVT Natural Prod,AVTNPL.NS,Other Agricultural Products,Fast Moving Consumer Goods,1402.59,0.87,31.1,156.6,241.21,82.16,16.74,14.22,,stage_2,5,86.61,72.72,4.69,0.0038,"{'price_above_30w_ma': True, '30w_ma_rising': True, 'price_above_10w_ma': True, 'relative_strength_positive': True, 'near_52w_high': True}",weakening,leading,100.87,98.1,-1.22,-2.65,False,False,2026-09-22 ratio=102.08 momentum=100.75; 2026-09-23 ratio=101.79 momentum=100.03; 2026-09-24 ratio=101.48 momentum=98.60; 2026-09-25 ratio=101.35 momentum=99.10; 2026-09-28 ratio=100.87 momentum=98.10,138.73
stock,Chamanlal Setia,CLSEL.NS,Other Agricultural Products,Fast Moving Consumer Goods,1401.05,1.06,31.99,47.83,345.92,12.58,11.2,18.18,,stage_2,4,285.75,277.79,1.06,0.01254,"{'price_above_30w_ma': True, '30w_ma_rising': True, 'price_above_10w_ma': False, 'relative_strength_positive': True, 'near_52w_high': True}",weakening,weakening,100.72,97.95,-0.21,-0.94,False,False,2026-09-22 ratio=100.92 momentum=98.89; 2026-09-23 ratio=100.99 momentum=97.67; 2026-09-24 ratio=101.02 momentum=96.96; 2026-09-25 ratio=101.07 momentum=97.62; 2026-09-28 ratio=100.72 momentum=97.95,110.72
stock,AU Small Finance,AUBANK.NS,Other Bank,Financial Services,75243.99,0.1,795.95,37.03,5302.74,21.11,26.34,7.66,,not_stage_2,2,995.3,1012.94,0.61,0.04369,"{'price_above_30w_ma': False, '30w_ma_rising': True, 'price_above_10w_ma': False, 'relative_strength_positive': False, 'near_52w_high': True}",lagging,weakening,99.68,96.9,-0.63,-2.85,False,False,2026-09-22 ratio=100.31 momentum=99.75; 2026-09-23 ratio=100.65 momentum=97.95; 2026-09-24 ratio=99.47 momentum=96.21; 2026-09-25 ratio=99.93 momentum=98.03; 2026-09-28 ratio=99.68 momentum=96.90,41.22
stock,Ujjivan Small,UJJIVANSFB.NS,Other Bank,Financial Services,12714.16,0.0,316.54,206.67,2024.92,25.08,14.03,7.73,,not_stage_2,3,63.09,60.98,1.14,0.00277,"{'price_above_30w_ma': True, '30w_ma_rising': True, 'price_above_10w_ma': False, 'relative_strength_positive': False, 'near_52w_high': True}",lagging,lagging,99.29,97.63,-0.15,-1.47,False,False,2026-09-22 ratio=99.44 momentum=99.09; 2026-09-23 ratio=99.82 momentum=100.52; 2026-09-24 ratio=98.84 momentum=97.94; 2026-09-25 ratio=99.61 momentum=97.96; 2026-09-28 ratio=99.29 momentum=97.63,62.28
stock,Equitas Sma. Fin,EQUITASBNK.NS,Other Bank,Financial Services,7671.34,0.0,183.61,182.06,1960.4,18.89,15.03,6.43,,not_stage_2,2,66.02,70.14,0.97,0.0029,"{'price_above_30w_ma': False, '30w_ma_rising': True, 'price_above_10w_ma': False, 'relative_strength_positive': False, 'near_52w_high': True}",lagging,improving,97.66,97.7,-2.3,-4.18,False,False,2026-09-22 ratio=99.96 momentum=101.88; 2026-09-23 ratio=99.51 momentum=100.98; 2026-09-24 ratio=99.08 momentum=98.67; 2026-09-25 ratio=97.46 momentum=97.34; 2026-09-28 ratio=97.66 momentum=97.70,41.94
stock,Jana Small Finan,JSFB.NS,Other Bank,Financial Services,5328.66,0.0,155.23,52.29,1514.53,22.08,14.03,7.45,,not_stage_2,3,499.2,477.02,4.28,0.02191,"{'price_above_30w_ma': True, '30w_ma_rising': True, 'price_above_10w_ma': False, 'relative_strength_positive': False, 'near_52w_high': True}",lagging,weakening,98.76,97.99,-1.6,-1.81,False,False,2026-09-22 ratio=100.36 momentum=99.80; 2026-09-23 ratio=100.83 momentum=100.70; 2026-09-24 ratio=100.01 momentum=98.88; 2026-09-25 ratio=100.58 momentum=101.62; 2026-09-28 ratio=98.76 momentum=97.99,68.56
stock,Utkarsh Small F.,UTKARSHBNK.NS,Other Bank,Financial Services,2471.68,0.0,-33.92,85.84,883.56,0.3,,1.46,,not_stage_2,1,13.59,13.82,0.4,0.0006,"{'price_above_30w_ma': False, '30w_ma_rising': True, 'price_above_10w_ma': False, 'relative_strength_positive': False, 'near_52w_high': False}",lagging,lagging,99.72,95.95,0.15,-2.42,False,False,2026-09-22 ratio=99.57 momentum=98.37; 2026-09-23 ratio=99.82 momentum=96.99; 2026-09-24 ratio=99.88 momentum=93.10; 2026-09-25 ratio=99.69 momentum=95.90; 2026-09-28 ratio=99.72 momentum=95.95,20.8
stock,ESAF Small Fin,ESAFSFB.NS,Other Bank,Financial Services,2292.41,0.0,80.08,198.6,1097.77,32.54,,5.65,,stage_2,5,43.0,32.98,6.08,0.00189,"{'price_above_30w_ma': True, '30w_ma_rising': True, 'price_above_10w_ma': True, 'relative_strength_positive': True, 'near_52w_high': True}",leading,weakening,101.95,102.38,1.67,4.97,True,False,2026-09-22 ratio=100.28 momentum=97.41; 2026-09-23 ratio=100.65 momentum=98.56; 2026-09-24 ratio=100.95 momentum=100.19; 2026-09-25 ratio=101.67 momentum=102.14; 2026-09-28 ratio=101.95 momentum=102.38,188.81
stock,Suryoday Small,SURYODAY.NS,Other Bank,Financial Services,1538.33,1.04,75.18,113.1,622.36,25.69,8.02,7.33,,not_stage_2,2,144.99,157.11,1.63,0.00636,"{'price_above_30w_ma': False, '30w_ma_rising': True, 'price_above_10w_ma': False, 'relative_strength_positive': False, 'near_52w_high': True}",improving,improving,99.49,102.0,0.28,1.09,False,True,2026-09-22 ratio=99.21 momentum=100.91; 2026-09-23 ratio=99.41 momentum=100.27; 2026-09-24 ratio=99.31 momentum=99.41; 2026-09-25 ratio=99.62 momentum=102.07; 2026-09-28 ratio=99.49 momentum=102.00,53.26
stock,Capital Small,CAPITALSFB.NS,Other Bank,Financial Services,1273.47,1.79,41.3,29.02,288.18,16.63,8.45,7.07,,stage_2,4,280.2,275.16,0.73,0.0123,"{'price_above_30w_ma': True, '30w_ma_rising': True, 'price_above_10w_ma': False, 'relative_strength_positive': True, 'near_52w_high': True}",leading,leading,101.18,103.84,0.96,1.73,False,False,2026-09-22 ratio=100.22 momentum=102.11; 2026-09-23 ratio=100.52 momentum=102.20; 2026-09-24 ratio=100.62 momentum=101.27; 2026-09-25 ratio=100.85 momentum=103.22; 2026-09-28 ratio=101.18 momentum=103.84,151.56
stock,Fino Payments,FINOPB.NS,Other Bank,Financial Services,1076.53,0.0,-13.72,-177.25,72.23,18.43,44.03,4.41,,not_stage_2,0,127.23,140.49,-6.08,0.00559,"{'price_above_30w_ma': False, '30w_ma_rising': False, 'price_above_10w_ma': False, 'relative_strength_positive': False, 'near_52w_high': False}",lagging,lagging,98.64,96.97,-0.06,-1.18,False,False,2026-09-22 ratio=98.70 momentum=98.16; 2026-09-23 ratio=98.64 momentum=97.45; 2026-09-24 ratio=98.57 momentum=97.80; 2026-09-25 ratio=98.51 momentum=96.99; 2026-09-28 ratio=98.64 momentum=96.97,0.0
stock,Ramco Inds.,RAMCOIND.NS,Other Construction Materials,Construction Materials,2693.82,0.4,86.59,21.91,613.81,15.48,8.56,4.57,,not_stage_2,3,310.9,305.53,1.13,0.01365,"{'price_above_30w_ma': True, '30w_ma_rising': True, 'price_above_10w_ma': False, 'relative_strength_positive': False, 'near_52w_high': True}",lagging,improving,99.29,99.87,-0.13,-1.55,False,False,2026-09-22 ratio=99.41 momentum=101.42; 2026-09-23 ratio=99.73 momentum=102.29; 2026-09-24 ratio=99.87 momentum=102.60; 2026-09-25 ratio=99.64 momentum=102.28; 2026-09-28 ratio=99.29 momentum=99.87,62.26
stock,Glass Wall Syst.,GLASSWALL.NS,Other Construction Materials,Construction Materials,2519.04,0.0,,,,,30.81,50.32,,insufficient_data,0,,,,,{},insufficient_data,insufficient_data,,,,,False,False,,0.0
stock,Arisinfra Solu.,ARIS.NS,Other Construction Materials,Construction Materials,1103.89,0.0,20.04,306.31,290.81,37.12,16.71,15.57,,stage_2,4,132.61,123.75,2.61,0.00582,"{'price_above_30w_ma': True, '30w_ma_rising': True, 'price_above_10w_ma': False, 'relative_strength_positive': True, 'near_52w_high': True}",leading,leading,100.83,100.83,-0.63,-1.1,False,False,2026-09-22 ratio=101.46 momentum=101.92; 2026-09-23 ratio=101.73 momentum=101.89; 2026-09-24 ratio=101.76 momentum=101.63; 2026-09-25 ratio=101.49 momentum=101.43; 2026-09-28 ratio=100.83 momentum=100.83,138.52
stock,BirlaNu Ltd,BIRLANU.NS,Other Construction Materials,Construction Materials,1067.81,1.07,9.4,812.12,1174.02,11.57,,-4.29,,not_stage_2,2,1441.0,1400.81,-1.41,0.06326,"{'price_above_30w_ma': True, '30w_ma_rising': False, 'price_above_10w_ma': False, 'relative_strength_positive': True, 'near_52w_high': False}",leading,lagging,100.77,100.56,0.84,2.85,True,False,2026-09-22 ratio=99.94 momentum=97.71; 2026-09-23 ratio=100.05 momentum=98.47; 2026-09-24 ratio=100.41 momentum=100.62; 2026-09-25 ratio=100.52 momentum=100.21; 2026-09-28 ratio=100.77 momentum=100.56,76.65
stock,Everest Inds.,EVERESTIND.NS,Other Construction Materials,Construction Materials,695.08,0.23,102.09,1505.52,435.86,-12.95,,-8.5,,not_stage_2,3,422.05,409.5,0.72,0.01853,"{'price_above_30w_ma': True, '30w_ma_rising': True, 'price_above_10w_ma': False, 'relative_strength_positive': True, 'near_52w_high': False}",improving,improving,99.87,102.12,0.11,-0.8,False,False,2026-09-22 ratio=99.76 momentum=102.92; 2026-09-23 ratio=100.14 momentum=102.33; 2026-09-24 ratio=99.96 momentum=101.53; 2026-09-25 ratio=99.76 momentum=101.64; 2026-09-28 ratio=99.87 momentum=102.12,72.04
stock,Teamtech Formwork,TEAMTECH.NS,Other Construction Materials,Construction Materials,410.67,0.0,7.33,,31.74,,35.43,41.17,,insufficient_data,0,,,,,{},insufficient_data,insufficient_data,,,,,False,False,,0.0
stock,Vishnusurya Pro.,VISHNUINFR.NS,Other Construction Materials,Construction Materials,384.99,0.67,5.92,116.06,61.87,25.02,9.12,19.92,,not_stage_2,0,143.5,157.04,-1.69,0.0063,"{'price_above_30w_ma': False, '30w_ma_rising': False, 'price_above_10w_ma': False, 'relative_strength_positive': False, 'near_52w_high': False}",lagging,lagging,98.83,96.88,-0.77,-1.91,False,False,2026-09-22 ratio=99.60 momentum=98.79; 2026-09-23 ratio=99.43 momentum=98.99; 2026-09-24 ratio=99.94 momentum=100.52; 2026-09-25 ratio=99.29 momentum=97.89; 2026-09-28 ratio=98.83 momentum=96.88,0.0
stock,Sahyadri Industr,SAHYADRI.NS,Other Construction Materials,Construction Materials,379.43,0.72,26.52,146.24,258.58,20.51,8.4,9.72,,stage_2,4,351.3,296.09,5.47,0.01542,"{'price_above_30w_ma': True, '30w_ma_rising': True, 'price_above_10w_ma': False, 'relative_strength_positive': True, 'near_52w_high': True}",weakening,weakening,100.64,91.96,-0.16,-4.49,False,False,2026-09-22 ratio=100.81 momentum=96.45; 2026-09-23 ratio=100.97 momentum=97.47; 2026-09-24 ratio=101.02 momentum=98.10; 2026-09-25 ratio=100.84 momentum=96.87; 2026-09-28 ratio=100.64 momentum=91.96,119.14
stock,MCON Rasayan,MCON.NS,Other Construction Materials,Construction Materials,30.03,0.0,1.8,76.47,36.86,26.32,9.88,11.06,,not_stage_2,0,39.5,45.46,-1.35,0.00173,"{'price_above_30w_ma': False, '30w_ma_rising': False, 'price_above_10w_ma': False, 'relative_strength_positive': False, 'near_52w_high': False}",lagging,lagging,99.25,99.57,-0.22,0.18,False,False,2026-09-22 ratio=99.46 momentum=99.39; 2026-09-23 ratio=99.37 momentum=98.78; 2026-09-24 ratio=99.68 momentum=100.59; 2026-09-25 ratio=99.85 momentum=100.65; 2026-09-28 ratio=99.25 momentum=99.57,0.0
stock,SIS,SIS.NS,Other Consumer Services,Consumer Services,5920.47,1.67,101.66,9.37,4603.58,29.73,14.74,13.68,,not_stage_2,3,394.2,389.51,3.85,0.0173,"{'price_above_30w_ma': True, '30w_ma_rising': True, 'price_above_10w_ma': False, 'relative_strength_positive': False, 'near_52w_high': True}",lagging,leading,98.78,97.57,-2.21,-2.99,False,False,2026-09-22 ratio=100.99 momentum=100.56; 2026-09-23 ratio=100.47 momentum=98.70; 2026-09-24 ratio=100.92 momentum=99.24; 2026-09-25 ratio=100.77 momentum=100.36; 2026-09-28 ratio=98.78 momentum=97.57,67.7
stock,E Factor Experie,EFACTOR.NS,Other Consumer Services,Consumer Services,249.95,0.63,14.61,-26.66,138.84,-9.5,12.7,24.71,,not_stage_2,1,177.85,190.11,-4.8,0.00781,"{'price_above_30w_ma': False, '30w_ma_rising': False, 'price_above_10w_ma': False, 'relative_strength_positive': True, 'near_52w_high': False}",leading,lagging,100.68,101.92,1.88,5.63,True,False,2026-09-22 ratio=98.80 momentum=96.29; 2026-09-23 ratio=98.37 momentum=97.10; 2026-09-24 ratio=99.35 momentum=99.19; 2026-09-25 ratio=99.98 momentum=100.33; 2026-09-28 ratio=100.68 momentum=101.92,63.0
stock,Party Cruisers,PARTYCRUS.NS,Other Consumer Services,Consumer Services,138.43,0.0,10.04,62.85,111.27,32.28,11.07,34.5,,stage_2,5,98.95,90.78,2.52,0.00434,"{'price_above_30w_ma': True, '30w_ma_rising': True, 'price_above_10w_ma': True, 'relative_strength_positive': True, 'near_52w_high': True}",weakening,leading,102.14,89.97,0.01,-11.92,False,False,2026-09-22 ratio=102.13 momentum=101.88; 2026-09-23 ratio=102.18 momentum=102.49; 2026-09-24 ratio=102.26 momentum=100.30; 2026-09-25 ratio=102.07 momentum=100.08; 2026-09-28 ratio=102.14 momentum=89.97,140.74
stock,Touchwood Enter.,TOUCHWOOD.NS,Other Consumer Services,Consumer Services,66.47,0.0,0.38,-70.77,3.96,-76.57,20.02,13.52,,not_stage_2,1,60.13,68.21,-3.72,0.00264,"{'price_above_30w_ma': False, '30w_ma_rising': False, 'price_above_10w_ma': False, 'relative_strength_positive': True, 'near_52w_high': False}",improving,improving,99.94,102.48,0.1,-0.01,False,False,2026-09-22 ratio=99.84 momentum=102.49; 2026-09-23 ratio=99.82 momentum=103.54; 2026-09-24 ratio=100.24 momentum=103.88; 2026-09-25 ratio=99.50 momentum=100.79; 2026-09-28 ratio=99.94 momentum=102.48,32.4
stock,Blue Pebble,BLUEPEBBLE.NS,Other Consumer Services,Consumer Services,27.34,0.75,-0.26,,11.14,,55.79,2.42,,not_stage_2,0,68.85,91.61,-8.44,0.00302,"{'price_above_30w_ma': False, '30w_ma_rising': False, 'price_above_10w_ma': False, 'relative_strength_positive': False, 'near_52w_high': False}",weakening,weakening,100.1,97.23,-1.02,-1.26,False,False,2026-09-22 ratio=101.11 momentum=98.49; 2026-09-23 ratio=100.84 momentum=98.02; 2026-09-24 ratio=100.38 momentum=96.80; 2026-09-25 ratio=100.33 momentum=97.21; 2026-09-28 ratio=100.10 momentum=97.23,0.5
stock,Thinking Hats,THESL.NS,Other Consumer Services,Consumer Services,17.67,0.0,0.51,-80.08,15.16,-61.15,14.25,5.96,,insufficient_data,0,,,,,{},insufficient_data,insufficient_data,,,,,False,False,,0.0
stock,HBL Engineering,HBLENGINE.NS,Other Industrial Products,Capital Goods,22404.24,0.37,109.14,-25.07,638.03,6.03,27.95,59.3,,stage_2,5,785.65,748.82,1.03,0.03449,"{'price_above_30w_ma': True, '30w_ma_rising': True, 'price_above_10w_ma': True, 'relative_strength_positive': True, 'near_52w_high': True}",leading,leading,102.58,102.5,0.19,-1.15,False,False,2026-09-22 ratio=102.38 momentum=103.65; 2026-09-23 ratio=102.08 momentum=102.08; 2026-09-24 ratio=102.59 momentum=102.40; 2026-09-25 ratio=103.01 momentum=103.20; 2026-09-28 ratio=102.58 momentum=102.50,172.46
stock,Inox India,INOXINDIA.NS,Other Industrial Products,Capital Goods,18801.76,0.1,58.07,-4.99,370.79,9.18,73.11,33.48,,stage_2,4,2051.1,1735.09,8.12,0.09004,"{'price_above_30w_ma': True, '30w_ma_rising': True, 'price_above_10w_ma': False, 'relative_strength_positive': True, 'near_52w_high': True}",weakening,weakening,100.86,96.16,-0.43,-2.22,False,False,2026-09-22 ratio=101.29 momentum=98.38; 2026-09-23 ratio=101.41 momentum=98.69; 2026-09-24 ratio=100.86 momentum=98.22; 2026-09-25 ratio=101.43 momentum=97.54; 2026-09-28 ratio=100.86 momentum=96.16,125.54
stock,KRN Heat Exchan,KRN.NS,Other Industrial Products,Capital Goods,9440.19,0.0,32.9,164.9,252.32,118.88,97.38,16.06,,stage_2,4,1387.4,1238.11,6.57,0.0609,"{'price_above_30w_ma': True, '30w_ma_rising': True, 'price_above_10w_ma': False, 'relative_strength_positive': True, 'near_52w_high': True}",weakening,weakening,100.34,95.33,-0.08,-2.09,False,False,2026-09-22 ratio=100.42 momentum=97.42; 2026-09-23 ratio=100.31 momentum=96.61; 2026-09-24 ratio=100.36 momentum=97.11; 2026-09-25 ratio=100.19 momentum=96.68; 2026-09-28 ratio=100.34 momentum=95.33,119.84
stock,Esab India,ESABINDIA.NS,Other Industrial Products,Capital Goods,8483.79,1.36,56.14,37.13,421.12,19.63,40.98,64.68,,not_stage_2,2,5518.5,5874.83,0.37,0.24225,"{'price_above_30w_ma': False, '30w_ma_rising': True, 'price_above_10w_ma': False, 'relative_strength_positive': False, 'near_52w_high': True}",lagging,lagging,99.75,96.8,-0.07,-0.65,False,False,2026-09-22 ratio=99.82 momentum=97.45; 2026-09-23 ratio=99.48 momentum=96.45; 2026-09-24 ratio=99.53 momentum=96.85; 2026-09-25 ratio=99.43 momentum=97.67; 2026-09-28 ratio=99.75 momentum=96.80,40.74
stock,Subros,SUBROS.NS,Other Industrial Products,Capital Goods,4579.55,0.43,41.52,1.69,1032.11,17.52,26.64,19.16,,not_stage_2,0,700.3,748.1,-1.19,0.03074,"{'price_above_30w_ma': False, '30w_ma_rising': False, 'price_above_10w_ma': False, 'relative_strength_positive': False, 'near_52w_high': False}",improving,improving,99.66,101.43,-0.0,-1.24,False,False,2026-09-22 ratio=99.66 momentum=102.68; 2026-09-23 ratio=99.89 momentum=103.04; 2026-09-24 ratio=99.94 momentum=100.98; 2026-09-25 ratio=99.93 momentum=101.65; 2026-09-28 ratio=99.66 momentum=101.43,7.15
stock,Harsha Engg Intl,HARSHA.NS,Other Industrial Products,Capital Goods,4234.46,0.32,37.38,-1.45,457.43,25.22,27.38,13.0,,stage_2,5,465.55,407.31,2.69,0.02044,"{'price_above_30w_ma': True, '30w_ma_rising': True, 'price_above_10w_ma': True, 'relative_strength_positive': True, 'near_52w_high': True}",leading,weakening,102.08,101.03,-0.02,1.29,False,False,2026-09-22 ratio=102.10 momentum=99.74; 2026-09-23 ratio=101.86 momentum=98.20; 2026-09-24 ratio=101.78 momentum=99.30; 2026-09-25 ratio=101.80 momentum=100.28; 2026-09-28 ratio=102.08 momentum=101.03,165.93
stock,Ador Welding,ADOR.NS,Other Industrial Products,Capital Goods,2812.4,1.43,27.35,890.46,308.63,23.19,23.49,22.71,,stage_2,5,1611.7,1268.6,6.28,0.07075,"{'price_above_30w_ma': True, '30w_ma_rising': True, 'price_above_10w_ma': True, 'relative_strength_positive': True, 'near_52w_high': True}",leading,weakening,101.37,100.94,0.44,2.81,True,False,2026-09-22 ratio=100.94 momentum=98.13; 2026-09-23 ratio=100.86 momentum=98.13; 2026-09-24 ratio=101.25 momentum=99.36; 2026-09-25 ratio=101.43 momentum=100.63; 2026-09-28 ratio=101.37 momentum=100.94,179.11
stock,Diffusion Eng,DIFFNKG.NS,Other Industrial Products,Capital Goods,1677.64,0.33,16.68,36.26,110.11,36.49,30.35,15.78,,stage_2,5,444.15,360.87,6.98,0.0195,"{'price_above_30w_ma': True, '30w_ma_rising': True, 'price_above_10w_ma': True, 'relative_strength_positive': True, 'near_52w_high': True}",weakening,weakening,101.35,98.65,0.23,1.61,False,False,2026-09-22 ratio=101.12 momentum=97.04; 2026-09-23 ratio=100.95 momentum=98.00; 2026-09-24 ratio=100.78 momentum=97.51; 2026-09-25 ratio=100.80 momentum=96.45; 2026-09-28 ratio=101.35 momentum=98.65,145.71
stock,Sahasra Electro.,SAHASRA.NS,Other Industrial Products,Capital Goods,1081.56,0.23,6.31,384.57,78.12,57.66,76.22,6.04,,insufficient_data,0,,,,,{},insufficient_data,insufficient_data,,,,,False,False,,0.0
stock,MIC Electronics,MICEL.NS,Other Industrial Products,Capital Goods,1067.86,0.0,2.13,27.54,43.72,276.57,,8.67,,not_stage_2,1,35.38,39.0,-1.18,0.00155,"{'price_above_30w_ma': False, '30w_ma_rising': False, 'price_above_10w_ma': False, 'relative_strength_positive': True, 'near_52w_high': False}",leading,lagging,100.51,101.1,1.8,3.17,True,False,2026-09-22 ratio=98.72 momentum=97.92; 2026-09-23 ratio=99.15 momentum=98.93; 2026-09-24 ratio=100.16 momentum=100.47; 2026-09-25 ratio=100.64 momentum=101.18; 2026-09-28 ratio=100.51 momentum=101.10,58.05
stock,Maruti Suzuki,MARUTI.NS,Passenger Cars & Utility Vehicles,Automobile and Auto Components,372432.75,1.18,3446.9,-9.11,52469.8,35.91,25.98,18.87,,not_stage_2,0,12008.0,13204.47,-2.62,0.52712,"{'price_above_30w_ma': False, '30w_ma_rising': False, 'price_above_10w_ma': False, 'relative_strength_positive': False, 'near_52w_high': False}",improving,improving,98.7,102.79,0.58,1.57,False,True,2026-09-22 ratio=98.12 momentum=101.22; 2026-09-23 ratio=98.18 momentum=101.37; 2026-09-24 ratio=98.19 momentum=100.05; 2026-09-25 ratio=98.36 momentum=101.01; 2026-09-28 ratio=98.70 momentum=102.79,13.95
stock,M & M,M&M.NS,Passenger Cars & Utility Vehicles,Automobile and Auto Components,366640.87,1.12,5997.56,33.8,58187.57,27.8,19.12,15.1,,not_stage_2,1,2995.0,3153.59,-1.55,0.13147,"{'price_above_30w_ma': False, '30w_ma_rising': False, 'price_above_10w_ma': False, 'relative_strength_positive': False, 'near_52w_high': True}",lagging,lagging,98.93,98.25,0.17,0.34,False,False,2026-09-22 ratio=98.76 momentum=97.90; 2026-09-23 ratio=98.50 momentum=96.92; 2026-09-24 ratio=98.45 momentum=96.01; 2026-09-25 ratio=98.86 momentum=97.98; 2026-09-28 ratio=98.93 momentum=98.25,20.0
stock,Hyundai Motor I,HYUNDAI.NS,Passenger Cars & Utility Vehicles,Automobile and Auto Components,170525.53,1.0,888.62,-35.1,16334.63,-0.48,34.44,38.4,,not_stage_2,2,2050.7,1994.61,-0.31,0.09002,"{'price_above_30w_ma': True, '30w_ma_rising': False, 'price_above_10w_ma': False, 'relative_strength_positive': False, 'near_52w_high': True}",weakening,weakening,100.09,97.78,-0.14,0.83,False,False,2026-09-22 ratio=100.22 momentum=96.95; 2026-09-23 ratio=100.02 momentum=96.68; 2026-09-24 ratio=99.99 momentum=97.43; 2026-09-25 ratio=100.47 momentum=98.04; 2026-09-28 ratio=100.09 momentum=97.78,40.45
stock,Tata Motors PVeh,TMPV.NS,Passenger Cars & Utility Vehicles,Automobile and Auto Components,103016.62,1.07,859.0,-69.83,95799.0,9.26,103.39,2.73,,not_stage_2,0,281.75,336.26,-3.02,0.01237,"{'price_above_30w_ma': False, '30w_ma_rising': False, 'price_above_10w_ma': False, 'relative_strength_positive': False, 'near_52w_high': False}",lagging,improving,98.03,99.05,-0.69,-1.74,False,False,2026-09-22 ratio=98.73 momentum=100.79; 2026-09-23 ratio=98.69 momentum=100.39; 2026-09-24 ratio=98.69 momentum=100.46; 2026-09-25 ratio=98.28 momentum=100.00; 2026-09-28 ratio=98.03 momentum=99.05,0.0
stock,Force Motors,FORCEMOT.NS,Passenger Cars & Utility Vehicles,Automobile and Auto Components,22300.56,0.3,216.59,22.82,2440.01,6.21,20.27,36.05,,not_stage_2,1,17100.0,19076.03,-4.08,0.75065,"{'price_above_30w_ma': False, '30w_ma_rising': False, 'price_above_10w_ma': False, 'relative_strength_positive': True, 'near_52w_high': False}",weakening,lagging,100.61,99.38,0.71,-0.0,False,False,2026-09-22 ratio=99.90 momentum=99.38; 2026-09-23 ratio=99.87 momentum=99.64; 2026-09-24 ratio=100.10 momentum=100.49; 2026-09-25 ratio=100.66 momentum=96.84; 2026-09-28 ratio=100.61 momentum=99.38,23.05
stock,Olectra Greentec,OLECTRA.NS,Passenger Cars & Utility Vehicles,Automobile and Auto Components,9351.28,0.05,26.66,-0.31,575.51,65.75,52.71,21.05,,not_stage_2,2,1173.8,1257.33,2.3,0.05153,"{'price_above_30w_ma': False, '30w_ma_rising': True, 'price_above_10w_ma': False, 'relative_strength_positive': False, 'near_52w_high': True}",improving,improving,98.82,100.45,-0.24,-2.87,False,False,2026-09-22 ratio=99.06 momentum=103.32; 2026-09-23 ratio=100.18 momentum=103.10; 2026-09-24 ratio=99.98 momentum=102.20; 2026-09-25 ratio=99.11 momentum=101.06; 2026-09-28 ratio=98.82 momentum=100.45,46.85
stock,Mercury EV-Tech,MERCURYEV.NS,Passenger Cars & Utility Vehicles,Automobile and Auto Components,735.01,0.0,1.65,29.92,33.38,47.9,161.19,2.64,,insufficient_data,0,,,,,{},weakening,leading,101.33,96.02,-0.24,-4.5,False,False,2026-09-22 ratio=101.57 momentum=100.52; 2026-09-23 ratio=100.97 momentum=98.78; 2026-09-24 ratio=101.23 momentum=99.44; 2026-09-25 ratio=101.43 momentum=96.87; 2026-09-28 ratio=101.33 momentum=96.02,6.65
stock,Supreme Inds.,SUPREMEIND.NS,Plastic Products - Industrial,Capital Goods,44009.21,1.04,280.72,38.76,2717.66,4.16,42.63,20.73,,not_stage_2,2,3499.8,3562.24,-1.49,0.15363,"{'price_above_30w_ma': False, '30w_ma_rising': False, 'price_above_10w_ma': False, 'relative_strength_positive': True, 'near_52w_high': True}",leading,weakening,101.91,102.11,1.12,3.04,True,False,2026-09-22 ratio=100.80 momentum=99.07; 2026-09-23 ratio=100.98 momentum=99.54; 2026-09-24 ratio=100.88 momentum=99.51; 2026-09-25 ratio=101.97 momentum=100.97; 2026-09-28 ratio=101.91 momentum=102.11,90.1
stock,Astral,ASTRAL.NS,Plastic Products - Industrial,Capital Goods,37008.25,0.29,120.2,48.21,1578.0,15.93,62.47,19.22,,not_stage_2,1,1370.5,1507.23,-2.12,0.06016,"{'price_above_30w_ma': False, '30w_ma_rising': False, 'price_above_10w_ma': False, 'relative_strength_positive': False, 'near_52w_high': True}",lagging,lagging,99.52,97.98,0.22,0.97,False,False,2026-09-22 ratio=99.30 momentum=97.00; 2026-09-23 ratio=99.36 momentum=96.41; 2026-09-24 ratio=99.71 momentum=96.70; 2026-09-25 ratio=99.71 momentum=96.29; 2026-09-28 ratio=99.52 momentum=97.98,20.0
stock,Garware Hi Tech,GRWRHITECH.NS,Plastic Products - Industrial,Capital Goods,16304.19,0.17,132.65,59.78,633.08,27.9,42.04,18.08,,stage_2,4,6653.5,5842.75,6.22,0.29207,"{'price_above_30w_ma': True, '30w_ma_rising': True, 'price_above_10w_ma': False, 'relative_strength_positive': True, 'near_52w_high': True}",weakening,lagging,100.22,99.45,2.94,1.64,False,False,2026-09-22 ratio=97.28 momentum=97.81; 2026-09-23 ratio=98.27 momentum=98.00; 2026-09-24 ratio=97.86 momentum=98.76; 2026-09-25 ratio=99.52 momentum=99.14; 2026-09-28 ratio=100.22 momentum=99.45,118.54
stock,Finolex Inds.,FINPIPE.NS,Plastic Products - Industrial,Capital Goods,9382.22,1.32,114.52,16.67,883.58,-15.3,15.25,11.83,,not_stage_2,2,151.61,167.1,-2.67,0.00666,"{'price_above_30w_ma': False, '30w_ma_rising': False, 'price_above_10w_ma': False, 'relative_strength_positive': True, 'near_52w_high': True}",improving,lagging,99.94,101.97,0.95,2.38,False,True,2026-09-22 ratio=98.99 momentum=99.59; 2026-09-23 ratio=99.17 momentum=99.13; 2026-09-24 ratio=100.08 momentum=100.97; 2026-09-25 ratio=99.98 momentum=100.61; 2026-09-28 ratio=99.94 momentum=101.97,49.85
stock,Time Technoplast,TIMETECHNO.NS,Plastic Products - Industrial,Capital Goods,9066.09,0.82,117.86,22.21,1692.71,25.14,18.51,16.52,,not_stage_2,3,183.44,183.26,-0.6,0.00805,"{'price_above_30w_ma': True, '30w_ma_rising': False, 'price_above_10w_ma': False, 'relative_strength_positive': True, 'near_52w_high': True}",improving,lagging,99.98,101.94,0.83,2.63,False,True,2026-09-22 ratio=99.15 momentum=99.31; 2026-09-23 ratio=99.18 momentum=98.50; 2026-09-24 ratio=99.24 momentum=98.53; 2026-09-25 ratio=99.41 momentum=99.23; 2026-09-28 ratio=99.98 momentum=101.94,69.7
stock,Kingfa Science,KINGFA.NS,Plastic Products - Industrial,Capital Goods,8853.32,0.31,80.21,101.58,688.57,49.06,39.23,23.2,,stage_2,5,6384.0,5218.9,5.18,0.28024,"{'price_above_30w_ma': True, '30w_ma_rising': True, 'price_above_10w_ma': True, 'relative_strength_positive': True, 'near_52w_high': True}",leading,weakening,102.0,100.47,0.47,0.93,True,False,2026-09-22 ratio=101.53 momentum=99.54; 2026-09-23 ratio=101.55 momentum=99.70; 2026-09-24 ratio=101.67 momentum=99.18; 2026-09-25 ratio=101.57 momentum=98.71; 2026-09-28 ratio=102.00 momentum=100.47,177.71
stock,Prince Pipes,PRINCEPIPE.NS,Plastic Products - Industrial,Capital Goods,2829.8,0.39,33.75,600.21,609.42,5.0,27.17,6.03,,not_stage_2,2,257.75,263.7,0.49,0.01131,"{'price_above_30w_ma': False, '30w_ma_rising': True, 'price_above_10w_ma': False, 'relative_strength_positive': False, 'near_52w_high': True}",lagging,lagging,99.72,99.02,-0.15,0.77,False,False,2026-09-22 ratio=99.87 momentum=98.25; 2026-09-23 ratio=99.78 momentum=97.24; 2026-09-24 ratio=99.64 momentum=96.71; 2026-09-25 ratio=99.73 momentum=95.06; 2026-09-28 ratio=99.72 momentum=99.02,40.98
stock,Apollo Pipes,APOLLOPIPE.NS,Plastic Products - Industrial,Capital Goods,2257.77,0.14,-11.12,-205.28,295.43,7.43,,1.23,,not_stage_2,3,521.2,498.81,5.44,0.02288,"{'price_above_30w_ma': True, '30w_ma_rising': True, 'price_above_10w_ma': False, 'relative_strength_positive': False, 'near_52w_high': True}",weakening,lagging,100.01,97.26,0.1,0.29,False,False,2026-09-22 ratio=99.90 momentum=96.96; 2026-09-23 ratio=99.77 momentum=96.56; 2026-09-24 ratio=99.69 momentum=96.22; 2026-09-25 ratio=99.66 momentum=95.82; 2026-09-28 ratio=100.01 momentum=97.26,70.93
stock,Jain Irrigation,JISLJALEQS.NS,Plastic Products - Industrial,Capital Goods,2065.22,0.0,-17.8,-207.18,1508.37,-2.41,,5.3,,not_stage_2,1,28.88,30.98,-2.69,0.00127,"{'price_above_30w_ma': False, '30w_ma_rising': False, 'price_above_10w_ma': False, 'relative_strength_positive': True, 'near_52w_high': False}",leading,weakening,100.66,100.5,0.5,3.45,True,False,2026-09-22 ratio=100.16 momentum=97.05; 2026-09-23 ratio=100.07 momentum=98.22; 2026-09-24 ratio=100.19 momentum=98.79; 2026-09-25 ratio=100.26 momentum=99.46; 2026-09-28 ratio=100.66 momentum=100.50,55.8
stock,Jai Corp,JAICORPLTD.NS,Plastic Products - Industrial,Capital Goods,1611.49,0.54,28.2,-72.91,157.58,20.06,17.06,11.75,,not_stage_2,0,92.18,106.29,-1.93,0.00405,"{'price_above_30w_ma': False, '30w_ma_rising': False, 'price_above_10w_ma': False, 'relative_strength_positive': False, 'near_52w_high': False}",lagging,lagging,98.65,99.16,-0.07,0.57,False,False,2026-09-22 ratio=98.72 momentum=98.59; 2026-09-23 ratio=99.45 momentum=100.48; 2026-09-24 ratio=99.18 momentum=99.60; 2026-09-25 ratio=99.02 momentum=99.65; 2026-09-28 ratio=98.65 momentum=99.16,0.0
stock,Knowledge Realty,KRT.NS,Real Estate Investment Trusts (REITs),Realty,50406.18,1.5,250.8,,1243.06,,80.37,5.22,,insufficient_data,0,,,,,{},insufficient_data,insufficient_data,,,,,False,False,,0.0
stock,Embassy Off.REIT,EMBASSY.NS,Real Estate Investment Trusts (REITs),Realty,41534.86,0.05,195.22,25.81,1240.81,17.08,169.32,5.61,,stage_2,4,437.66,434.67,0.18,0.01921,"{'price_above_30w_ma': True, '30w_ma_rising': True, 'price_above_10w_ma': False, 'relative_strength_positive': True, 'near_52w_high': True}",leading,leading,102.25,101.14,0.51,-1.88,False,False,2026-09-22 ratio=101.74 momentum=103.01; 2026-09-23 ratio=100.98 momentum=98.92; 2026-09-24 ratio=102.06 momentum=100.42; 2026-09-25 ratio=101.58 momentum=99.90; 2026-09-28 ratio=102.25 momentum=101.14,142.31
stock,Bagmane Prime REIT,BAGMANE.NS,Real Estate Investment Trusts (REITs),Realty,36198.39,1.41,58.51,-77.18,437.01,-29.88,,0.0,,insufficient_data,0,,,,,{},insufficient_data,insufficient_data,,,,,False,False,,0.0
stock,Mindspace Busine,MINDSPACE.NS,Real Estate Investment Trusts (REITs),Realty,32817.77,2.38,271.81,67.1,946.44,27.85,42.11,7.64,,stage_2,5,504.48,478.2,0.7,0.02215,"{'price_above_30w_ma': True, '30w_ma_rising': True, 'price_above_10w_ma': True, 'relative_strength_positive': True, 'near_52w_high': True}",leading,leading,102.53,102.23,0.26,1.68,False,False,2026-09-22 ratio=102.26 momentum=100.55; 2026-09-23 ratio=101.69 momentum=98.51; 2026-09-24 ratio=102.46 momentum=99.23; 2026-09-25 ratio=102.40 momentum=101.69; 2026-09-28 ratio=102.53 momentum=102.23,170.2
stock,Brookfield India,BIRET.NS,Real Estate Investment Trusts (REITs),Realty,27753.23,1.97,221.34,44.36,973.83,51.78,51.73,5.36,,not_stage_2,3,337.77,332.08,-0.69,0.01483,"{'price_above_30w_ma': True, '30w_ma_rising': False, 'price_above_10w_ma': False, 'relative_strength_positive': True, 'near_52w_high': True}",leading,weakening,102.7,102.82,0.96,3.04,True,False,2026-09-22 ratio=101.74 momentum=99.78; 2026-09-23 ratio=101.26 momentum=97.85; 2026-09-24 ratio=101.98 momentum=98.21; 2026-09-25 ratio=101.84 momentum=100.45; 2026-09-28 ratio=102.70 momentum=102.82,117.6
stock,Nexus Select,NXST.NS,Real Estate Investment Trusts (REITs),Realty,24962.59,1.48,156.52,30.89,680.53,10.91,56.68,5.83,,stage_2,4,165.8,160.56,0.49,0.00728,"{'price_above_30w_ma': True, '30w_ma_rising': True, 'price_above_10w_ma': False, 'relative_strength_positive': True, 'near_52w_high': True}",leading,weakening,102.34,100.16,0.77,0.48,True,False,2026-09-22 ratio=101.57 momentum=99.68; 2026-09-23 ratio=101.14 momentum=97.99; 2026-09-24 ratio=102.10 momentum=98.92; 2026-09-25 ratio=101.64 momentum=98.08; 2026-09-28 ratio=102.34 momentum=100.16,148.48
stock,Apcotex Industri,APCOTEXIND.NS,Rubber,Capital Goods,3085.26,1.34,78.94,312.0,525.63,39.88,19.16,19.8,,stage_2,4,586.0,509.59,6.35,0.02572,"{'price_above_30w_ma': True, '30w_ma_rising': True, 'price_above_10w_ma': False, 'relative_strength_positive': True, 'near_52w_high': True}",weakening,weakening,100.29,98.48,-0.45,0.31,False,False,2026-09-22 ratio=100.74 momentum=98.17; 2026-09-23 ratio=100.63 momentum=99.19; 2026-09-24 ratio=100.71 momentum=98.72; 2026-09-25 ratio=100.48 momentum=99.16; 2026-09-28 ratio=100.29 momentum=98.48,119.15
stock,Pix Transmission,PIXTRANS.NS,Rubber,Capital Goods,2355.88,0.52,52.75,89.34,149.25,22.8,17.88,21.73,,stage_2,4,1724.8,1649.9,2.23,0.07571,"{'price_above_30w_ma': True, '30w_ma_rising': True, 'price_above_10w_ma': False, 'relative_strength_positive': True, 'near_52w_high': True}",leading,improving,100.39,103.27,0.52,2.23,True,False,2026-09-22 ratio=99.88 momentum=101.04; 2026-09-23 ratio=100.13 momentum=104.67; 2026-09-24 ratio=100.39 momentum=101.99; 2026-09-25 ratio=100.15 momentum=102.28; 2026-09-28 ratio=100.39 momentum=103.27,157.76
stock,Tinna Rubber,TINNARUBR.NS,Rubber,Capital Goods,1722.23,0.34,20.57,75.21,156.18,19.89,27.92,22.46,,not_stage_2,3,947.4,874.4,4.47,0.04159,"{'price_above_30w_ma': True, '30w_ma_rising': True, 'price_above_10w_ma': False, 'relative_strength_positive': False, 'near_52w_high': True}",lagging,lagging,98.64,95.98,-1.03,-3.58,False,False,2026-09-22 ratio=99.67 momentum=99.55; 2026-09-23 ratio=99.51 momentum=98.69; 2026-09-24 ratio=99.28 momentum=96.23; 2026-09-25 ratio=99.06 momentum=96.95; 2026-09-28 ratio=98.64 momentum=95.98,68.94
stock,GRP,GRPLTD.NS,Rubber,Capital Goods,1018.91,0.18,4.2,140.0,156.83,26.73,148.75,6.94,,stage_2,4,1950.4,1909.63,1.21,0.08562,"{'price_above_30w_ma': True, '30w_ma_rising': True, 'price_above_10w_ma': False, 'relative_strength_positive': True, 'near_52w_high': True}",leading,leading,101.09,102.03,-0.18,1.92,False,False,2026-09-22 ratio=101.28 momentum=100.11; 2026-09-23 ratio=101.09 momentum=99.61; 2026-09-24 ratio=101.38 momentum=99.07; 2026-09-25 ratio=101.44 momentum=100.37; 2026-09-28 ratio=101.09 momentum=102.03,143.02
stock,Rubfila Intl.,RUBFILA.NS,Rubber,Capital Goods,346.78,3.13,6.0,0.67,110.17,-10.71,13.17,12.59,,not_stage_2,1,62.37,70.09,-0.4,0.00274,"{'price_above_30w_ma': False, '30w_ma_rising': False, 'price_above_10w_ma': False, 'relative_strength_positive': False, 'near_52w_high': True}",lagging,lagging,98.6,97.31,-1.1,-1.31,False,False,2026-09-22 ratio=99.70 momentum=98.62; 2026-09-23 ratio=99.22 momentum=97.62; 2026-09-24 ratio=98.78 momentum=98.11; 2026-09-25 ratio=98.53 momentum=97.74; 2026-09-28 ratio=98.60 momentum=97.31,20.0
stock,Gayatri Rubbers,GRCL.NS,Rubber,Capital Goods,325.98,0.0,2.95,86.71,24.48,33.99,58.31,37.86,,stage_2,5,568.1,514.33,5.07,0.02494,"{'price_above_30w_ma': True, '30w_ma_rising': True, 'price_above_10w_ma': True, 'relative_strength_positive': True, 'near_52w_high': True}",leading,leading,100.97,100.77,0.38,-2.58,False,False,2026-09-22 ratio=100.59 momentum=103.35; 2026-09-23 ratio=99.94 momentum=98.14; 2026-09-24 ratio=100.88 momentum=102.20; 2026-09-25 ratio=101.52 momentum=103.42; 2026-09-28 ratio=100.97 momentum=100.77,163.84
stock,Harri. Malayalam,HARRMALAYA.NS,Rubber,Capital Goods,324.46,0.0,3.93,-34.06,124.92,7.26,11.97,11.77,,not_stage_2,0,167.9,200.11,-0.21,0.00737,"{'price_above_30w_ma': False, '30w_ma_rising': False, 'price_above_10w_ma': False, 'relative_strength_positive': False, 'near_52w_high': False}",lagging,lagging,98.29,96.03,-0.09,-2.37,False,False,2026-09-22 ratio=98.38 momentum=98.40; 2026-09-23 ratio=98.48 momentum=97.95; 2026-09-24 ratio=98.52 momentum=97.96; 2026-09-25 ratio=98.37 momentum=97.25; 2026-09-28 ratio=98.29 momentum=96.03,0.0
stock,Elgi Rubber Co,ELGIRUBCO.NS,Rubber,Capital Goods,265.03,0.0,40.85,293.38,70.09,-18.1,,-12.92,,not_stage_2,3,52.25,52.17,4.01,0.00229,"{'price_above_30w_ma': True, '30w_ma_rising': True, 'price_above_10w_ma': False, 'relative_strength_positive': False, 'near_52w_high': True}",lagging,leading,98.11,97.95,-3.12,-3.24,False,False,2026-09-22 ratio=101.23 momentum=101.19; 2026-09-23 ratio=100.83 momentum=100.15; 2026-09-24 ratio=100.18 momentum=97.39; 2026-09-25 ratio=98.98 momentum=97.61; 2026-09-28 ratio=98.11 momentum=97.95,68.02
stock,Sampann Utpadan,SAMPANN.NS,Rubber,Capital Goods,122.2,0.0,2.05,12.02,41.7,27.6,17.46,8.3,,not_stage_2,0,24.29,27.25,-2.77,0.00107,"{'price_above_30w_ma': False, '30w_ma_rising': False, 'price_above_10w_ma': False, 'relative_strength_positive': False, 'near_52w_high': False}",improving,improving,99.7,102.52,0.97,0.94,False,True,2026-09-22 ratio=98.73 momentum=101.58; 2026-09-23 ratio=98.89 momentum=102.13; 2026-09-24 ratio=99.08 momentum=103.33; 2026-09-25 ratio=99.55 momentum=104.22; 2026-09-28 ratio=99.70 momentum=102.52,12.6
stock,Lead Reclaim,LRRPL.NS,Rubber,Capital Goods,89.56,0.0,3.1,219.59,17.92,-18.25,21.79,21.34,,stage_2,5,98.15,84.51,4.99,0.00431,"{'price_above_30w_ma': True, '30w_ma_rising': True, 'price_above_10w_ma': True, 'relative_strength_positive': True, 'near_52w_high': True}",leading,leading,102.8,101.01,1.44,-1.14,False,False,2026-09-22 ratio=101.36 momentum=102.15; 2026-09-23 ratio=102.25 momentum=100.96; 2026-09-24 ratio=102.90 momentum=101.47; 2026-09-25 ratio=101.75 momentum=99.17; 2026-09-28 ratio=102.80 momentum=101.01,174.03
stock,KIOCL,KIOCL.NS,Sponge Iron,Metals & Mining,20337.42,0.0,-15.48,59.04,158.01,73.75,523.08,1.35,,not_stage_2,1,331.0,374.29,0.21,0.01453,"{'price_above_30w_ma': False, '30w_ma_rising': True, 'price_above_10w_ma': False, 'relative_strength_positive': False, 'near_52w_high': False}",lagging,lagging,98.5,99.1,-0.06,0.63,False,False,2026-09-22 ratio=98.56 momentum=98.47; 2026-09-23 ratio=98.98 momentum=98.34; 2026-09-24 ratio=98.81 momentum=97.59; 2026-09-25 ratio=98.78 momentum=97.87; 2026-09-28 ratio=98.50 momentum=99.10,20.42
stock,S.A.L Steel,SALSTEEL.NS,Sponge Iron,Metals & Mining,1402.83,0.0,3.09,131.95,87.37,-31.57,,1.08,,stage_2,5,93.03,61.02,9.47,0.00408,"{'price_above_30w_ma': True, '30w_ma_rising': True, 'price_above_10w_ma': True, 'relative_strength_positive': True, 'near_52w_high': True}",leading,weakening,102.19,102.44,0.83,4.4,True,False,2026-09-22 ratio=101.36 momentum=98.04; 2026-09-23 ratio=101.62 momentum=99.91; 2026-09-24 ratio=102.03 momentum=101.28; 2026-09-25 ratio=102.24 momentum=102.27; 2026-09-28 ratio=102.19 momentum=102.44,197.09
stock,Vraj Iron,VRAJ.NS,Sponge Iron,Metals & Mining,412.68,0.0,11.51,51.65,193.83,40.14,11.49,10.49,,stage_2,5,124.66,122.57,0.06,0.00547,"{'price_above_30w_ma': True, '30w_ma_rising': True, 'price_above_10w_ma': True, 'relative_strength_positive': True, 'near_52w_high': True}",leading,leading,101.44,102.11,0.79,0.14,False,False,2026-09-22 ratio=100.65 momentum=101.97; 2026-09-23 ratio=100.90 momentum=103.77; 2026-09-24 ratio=101.13 momentum=102.06; 2026-09-25 ratio=101.31 momentum=101.71; 2026-09-28 ratio=101.44 momentum=102.11,162.87
stock,Chaman Metallics,CMNL.NS,Sponge Iron,Metals & Mining,267.9,0.0,-1.62,-78.12,344.75,326.41,,5.37,,stage_2,4,115.75,110.41,1.04,0.00508,"{'price_above_30w_ma': True, '30w_ma_rising': True, 'price_above_10w_ma': True, 'relative_strength_positive': True, 'near_52w_high': False}",leading,weakening,101.38,100.51,0.11,1.62,True,False,2026-09-22 ratio=101.27 momentum=98.89; 2026-09-23 ratio=100.88 momentum=96.90; 2026-09-24 ratio=100.84 momentum=96.04; 2026-09-25 ratio=101.35 momentum=99.63; 2026-09-28 ratio=101.38 momentum=100.51,146.53
stock,Vaswani Industri,VASWANI.NS,Sponge Iron,Metals & Mining,145.41,0.0,1.16,-78.79,117.79,3.07,,8.76,,not_stage_2,0,44.62,52.98,-3.26,0.00196,"{'price_above_30w_ma': False, '30w_ma_rising': False, 'price_above_10w_ma': False, 'relative_strength_positive': False, 'near_52w_high': False}",improving,improving,99.19,101.61,0.17,-1.47,False,False,2026-09-22 ratio=99.02 momentum=103.09; 2026-09-23 ratio=98.99 momentum=101.22; 2026-09-24 ratio=99.08 momentum=102.01; 2026-09-25 ratio=99.16 momentum=101.15; 2026-09-28 ratio=99.19 momentum=101.61,8.05
stock,Shri Hare-Krish.,SHKSIL.NS,Sponge Iron,Metals & Mining,64.0,0.0,1.55,-64.85,27.21,-35.63,10.32,7.76,,insufficient_data,0,,,,,{},insufficient_data,insufficient_data,,,,,False,False,,0.0
stock,DOMS Industries,DOMS.NS,Stationary,Fast Moving Consumer Goods,12451.42,0.18,45.28,-22.33,670.51,19.25,57.27,24.32,,not_stage_2,1,2046.5,2238.45,-1.11,0.08984,"{'price_above_30w_ma': False, '30w_ma_rising': False, 'price_above_10w_ma': False, 'relative_strength_positive': False, 'near_52w_high': True}",lagging,lagging,98.41,99.4,-0.02,1.19,False,False,2026-09-22 ratio=98.43 momentum=98.21; 2026-09-23 ratio=99.43 momentum=99.45; 2026-09-24 ratio=99.54 momentum=98.77; 2026-09-25 ratio=98.47 momentum=97.90; 2026-09-28 ratio=98.41 momentum=99.40,20.0
stock,Navneet Educat.,NAVNETEDUL.NS,Stationary,Fast Moving Consumer Goods,2691.06,2.47,141.0,-16.66,788.0,-0.76,21.51,10.23,,not_stage_2,1,121.73,137.38,-2.28,0.00534,"{'price_above_30w_ma': False, '30w_ma_rising': False, 'price_above_10w_ma': False, 'relative_strength_positive': False, 'near_52w_high': True}",lagging,lagging,99.15,99.34,0.34,3.02,False,False,2026-09-22 ratio=98.81 momentum=96.32; 2026-09-23 ratio=98.84 momentum=97.30; 2026-09-24 ratio=99.13 momentum=100.48; 2026-09-25 ratio=98.95 momentum=98.86; 2026-09-28 ratio=99.15 momentum=99.34,20.0
stock,Flair Writing,FLAIR.NS,Stationary,Fast Moving Consumer Goods,2428.2,0.43,29.08,-0.28,319.25,10.64,17.38,16.83,,not_stage_2,1,235.06,277.29,-3.68,0.01032,"{'price_above_30w_ma': False, '30w_ma_rising': False, 'price_above_10w_ma': False, 'relative_strength_positive': True, 'near_52w_high': False}",leading,improving,100.05,101.84,0.06,-1.23,False,False,2026-09-22 ratio=99.99 momentum=103.07; 2026-09-23 ratio=99.67 momentum=102.79; 2026-09-24 ratio=101.18 momentum=102.82; 2026-09-25 ratio=99.70 momentum=101.08; 2026-09-28 ratio=100.05 momentum=101.84,49.45
stock,Kokuyo Camlin,KOKUYOCMLN.NS,Stationary,Fast Moving Consumer Goods,750.88,0.4,7.3,-27.44,229.18,0.79,34.1,10.21,,not_stage_2,0,74.64,83.67,-1.11,0.00328,"{'price_above_30w_ma': False, '30w_ma_rising': False, 'price_above_10w_ma': False, 'relative_strength_positive': False, 'near_52w_high': False}",lagging,lagging,98.98,99.77,0.41,1.5,False,False,2026-09-22 ratio=98.56 momentum=98.27; 2026-09-23 ratio=98.70 momentum=98.59; 2026-09-24 ratio=99.33 momentum=100.19; 2026-09-25 ratio=99.02 momentum=99.01; 2026-09-28 ratio=98.98 momentum=99.77,0.0
stock,Linc,LINC.NS,Stationary,Fast Moving Consumer Goods,528.09,1.69,5.1,-30.42,135.65,1.01,15.36,19.12,,not_stage_2,0,89.65,100.05,-1.93,0.00394,"{'price_above_30w_ma': False, '30w_ma_rising': False, 'price_above_10w_ma': False, 'relative_strength_positive': False, 'near_52w_high': False}",lagging,lagging,99.04,98.33,-0.13,-1.1,False,False,2026-09-22 ratio=99.17 momentum=99.43; 2026-09-23 ratio=99.44 momentum=99.08; 2026-09-24 ratio=99.45 momentum=98.55; 2026-09-25 ratio=99.67 momentum=99.51; 2026-09-28 ratio=99.04 momentum=98.33,0.0
stock,Sundaram Multi.,SUNDARAM.NS,Stationary,Fast Moving Consumer Goods,51.67,0.0,0.32,138.89,49.6,21.99,14.72,4.22,,not_stage_2,0,1.13,1.29,-3.93,5e-05,"{'price_above_30w_ma': False, '30w_ma_rising': False, 'price_above_10w_ma': False, 'relative_strength_positive': False, 'near_52w_high': False}",lagging,improving,99.41,98.08,-0.17,-2.25,False,False,2026-09-22 ratio=99.58 momentum=100.33; 2026-09-23 ratio=99.48 momentum=98.06; 2026-09-24 ratio=99.70 momentum=98.83; 2026-09-25 ratio=99.21 momentum=96.76; 2026-09-28 ratio=99.41 momentum=98.08,0.0
stock,Vasa Retail,VASA.NS,Stationary,Fast Moving Consumer Goods,2.13,0.0,-0.05,28.57,0.0,,,-1.93,,not_stage_2,0,3.55,4.4,-3.68,0.00016,"{'price_above_30w_ma': False, '30w_ma_rising': False, 'price_above_10w_ma': False, 'relative_strength_positive': False, 'near_52w_high': False}",improving,improving,98.76,104.4,0.59,2.1,False,True,2026-09-22 ratio=98.16 momentum=102.31; 2026-09-23 ratio=98.20 momentum=103.07; 2026-09-24 ratio=98.48 momentum=104.45; 2026-09-25 ratio=98.51 momentum=104.42; 2026-09-28 ratio=98.76 momentum=104.40,22.0
stock,Indus Towers,INDUSTOWER.NS,Telecom - Infrastructure,Telecommunic ation,96790.91,3.81,1745.8,0.52,8431.1,4.64,13.53,19.48,,not_stage_2,1,360.0,403.87,-2.8,0.0158,"{'price_above_30w_ma': False, '30w_ma_rising': False, 'price_above_10w_ma': False, 'relative_strength_positive': False, 'near_52w_high': True}",lagging,leading,99.7,96.4,-1.21,-6.01,False,False,2026-09-22 ratio=100.91 momentum=102.41; 2026-09-23 ratio=101.03 momentum=103.06; 2026-09-24 ratio=101.23 momentum=102.73; 2026-09-25 ratio=100.63 momentum=102.51; 2026-09-28 ratio=99.70 momentum=96.40,20.0
stock,HFCL,HFCL.NS,Telecom - Infrastructure,Telecommunic ation,33136.61,0.09,245.64,809.06,1914.98,119.85,57.87,10.76,,not_stage_2,3,205.92,170.9,12.94,0.00904,"{'price_above_30w_ma': True, '30w_ma_rising': True, 'price_above_10w_ma': False, 'relative_strength_positive': False, 'near_52w_high': True}",lagging,weakening,99.82,94.53,-0.61,-3.71,False,False,2026-09-22 ratio=100.43 momentum=98.24; 2026-09-23 ratio=100.14 momentum=96.70; 2026-09-24 ratio=99.96 momentum=95.71; 2026-09-25 ratio=99.96 momentum=96.93; 2026-09-28 ratio=99.82 momentum=94.53,85.88
stock,Pace Digitek,PACEDIGITK.NS,Telecom - Infrastructure,Telecommunic ation,3504.57,0.0,62.5,13.24,555.36,51.29,11.67,21.4,,not_stage_2,0,161.81,179.34,-1.01,0.0071,"{'price_above_30w_ma': False, '30w_ma_rising': False, 'price_above_10w_ma': False, 'relative_strength_positive': False, 'near_52w_high': False}",improving,improving,99.44,101.76,-0.03,-2.19,False,False,2026-09-22 ratio=99.47 momentum=103.95; 2026-09-23 ratio=99.55 momentum=102.92; 2026-09-24 ratio=99.64 momentum=102.25; 2026-09-25 ratio=99.56 momentum=102.08; 2026-09-28 ratio=99.44 momentum=101.76,8.8
stock,GTL Infra.,GTLINFRA.NS,Telecom - Infrastructure,Telecommunic ation,1370.84,0.0,69.39,129.86,327.31,-2.16,,,,not_stage_2,0,1.09,1.25,-0.37,5e-05,"{'price_above_30w_ma': False, '30w_ma_rising': False, 'price_above_10w_ma': False, 'relative_strength_positive': False, 'near_52w_high': False}",lagging,lagging,98.32,96.88,-0.04,0.21,False,False,2026-09-22 ratio=98.35 momentum=96.67; 2026-09-23 ratio=98.84 momentum=98.43; 2026-09-24 ratio=98.46 momentum=97.87; 2026-09-25 ratio=98.71 momentum=98.62; 2026-09-28 ratio=98.32 momentum=96.88,0.0
stock,Suyog Telematics,SUYOG.NS,Telecom - Infrastructure,Telecommunic ation,816.88,0.14,13.93,-18.11,65.27,2.16,13.8,14.42,,not_stage_2,0,641.9,763.11,-0.6,0.02818,"{'price_above_30w_ma': False, '30w_ma_rising': False, 'price_above_10w_ma': False, 'relative_strength_positive': False, 'near_52w_high': False}",improving,improving,98.7,103.53,0.41,3.25,False,True,2026-09-22 ratio=98.29 momentum=100.28; 2026-09-23 ratio=98.70 momentum=101.45; 2026-09-24 ratio=98.74 momentum=102.06; 2026-09-25 ratio=98.62 momentum=102.45; 2026-09-28 ratio=98.70 momentum=103.53,17.65
stock,Sar Televenture,SARTELE.NS,Telecom - Infrastructure,Telecommunic ation,461.11,0.0,36.23,25.49,280.35,35.3,6.42,8.84,,not_stage_2,0,84.8,129.72,-11.84,0.00372,"{'price_above_30w_ma': False, '30w_ma_rising': False, 'price_above_10w_ma': False, 'relative_strength_positive': False, 'near_52w_high': False}",improving,lagging,99.18,101.61,0.89,2.47,False,True,2026-09-22 ratio=98.30 momentum=99.14; 2026-09-23 ratio=98.82 momentum=101.99; 2026-09-24 ratio=100.05 momentum=102.86; 2026-09-25 ratio=99.56 momentum=101.93; 2026-09-28 ratio=99.18 momentum=101.61,8.05
stock,Rama Telecom,RTL.NS,Telecom - Infrastructure,Telecommunic ation,103.61,0.0,0.48,-86.7,27.75,18.69,35.6,11.89,,insufficient_data,0,,,,,{},insufficient_data,insufficient_data,,,,,False,False,,0.0
stock,Kore Digital,KDL.NS,Telecom - Infrastructure,Telecommunic ation,62.82,0.0,11.91,-51.61,150.42,-36.24,1.77,38.1,,not_stage_2,0,55.0,115.69,-6.76,0.00241,"{'price_above_30w_ma': False, '30w_ma_rising': False, 'price_above_10w_ma': False, 'relative_strength_positive': False, 'near_52w_high': False}",lagging,lagging,97.46,97.24,-0.06,-0.42,False,False,2026-09-22 ratio=97.52 momentum=97.66; 2026-09-23 ratio=97.42 momentum=97.78; 2026-09-24 ratio=97.44 momentum=98.12; 2026-09-25 ratio=97.40 momentum=98.29; 2026-09-28 ratio=97.46 momentum=97.24,0.0
