level,name,symbol,parent,sector,market_cap_cr,dividend_yield_pct,np_qtr_cr,qtr_profit_var_pct,sales_qtr_cr,qtr_sales_var_pct,pe,roce,error,stage,stage2_score,close,weekly_ma,weekly_ma_slope_4w_pct,rs_vs_benchmark,checks,rrg_quadrant,rrg_quadrant_5d_ago,rs_ratio,rs_momentum,rs_ratio_5d_delta,rs_momentum_5d_delta,moving_to_leading,improving_toward_leading,rrg_tail,stock_score
stock,BAJAJ-AUTO,BAJAJ-AUTO.NS,2/3 Wheelers,Automobile and Auto Components,324223.64,1.27,3188.75,45.93,21688.83,65.14,27.51,28.24,,stage_2,5,11919.0,10281.22,3.08,0.49875,"{'price_above_30w_ma': True, '30w_ma_rising': True, 'price_above_10w_ma': True, 'relative_strength_positive': True, 'near_52w_high': True}",weakening,leading,101.21,99.6,-0.42,-1.78,False,False,2026-08-31 ratio=101.63 momentum=101.38; 2026-09-01 ratio=101.84 momentum=102.32; 2026-09-02 ratio=101.56 momentum=100.56; 2026-09-03 ratio=101.27 momentum=98.88; 2026-09-04 ratio=101.21 momentum=99.60,137.21
stock,EICHERMOT,EICHERMOT.NS,2/3 Wheelers,Automobile and Auto Components,211458.28,1.07,1462.51,21.35,6632.42,31.55,36.36,30.53,,not_stage_2,3,7630.5,7438.67,1.44,0.3193,"{'price_above_30w_ma': True, '30w_ma_rising': True, 'price_above_10w_ma': False, 'relative_strength_positive': False, 'near_52w_high': True}",lagging,weakening,99.94,97.56,-1.05,1.21,False,False,2026-08-31 ratio=100.99 momentum=96.35; 2026-09-01 ratio=101.05 momentum=96.80; 2026-09-02 ratio=100.25 momentum=96.33; 2026-09-03 ratio=100.20 momentum=97.10; 2026-09-04 ratio=99.94 momentum=97.56,62.88
stock,TVSMOTOR,TVSMOTOR.NS,2/3 Wheelers,Automobile and Auto Components,196168.36,0.29,1057.61,67.11,16295.52,33.46,56.71,17.37,,stage_2,5,4133.1,3726.21,2.27,0.17295,"{'price_above_30w_ma': True, '30w_ma_rising': True, 'price_above_10w_ma': True, 'relative_strength_positive': True, 'near_52w_high': True}",weakening,weakening,100.42,97.15,-0.63,0.29,False,False,2026-08-31 ratio=101.05 momentum=96.87; 2026-09-01 ratio=100.64 momentum=96.56; 2026-09-02 ratio=100.67 momentum=97.08; 2026-09-03 ratio=100.66 momentum=97.39; 2026-09-04 ratio=100.42 momentum=97.15,131.64
stock,HEROMOTOCO,HEROMOTOCO.NS,2/3 Wheelers,Automobile and Auto Components,105414.75,3.51,1417.93,-17.18,13126.35,34.94,19.04,35.22,,stage_2,4,5300.0,5228.26,0.07,0.22178,"{'price_above_30w_ma': True, '30w_ma_rising': True, 'price_above_10w_ma': False, 'relative_strength_positive': True, 'near_52w_high': True}",weakening,weakening,100.17,96.52,-0.42,-0.18,False,False,2026-08-31 ratio=100.59 momentum=96.70; 2026-09-01 ratio=100.87 momentum=97.11; 2026-09-02 ratio=100.21 momentum=96.21; 2026-09-03 ratio=100.24 momentum=96.55; 2026-09-04 ratio=100.17 momentum=96.52,105.99
stock,ATHERENERG,ATHERENERG.NS,2/3 Wheelers,Automobile and Auto Components,63428.83,0.0,-50.87,71.46,1216.92,88.79,,-19.77,,stage_2,5,1584.0,1029.11,13.23,0.06628,"{'price_above_30w_ma': True, '30w_ma_rising': True, 'price_above_10w_ma': True, 'relative_strength_positive': True, 'near_52w_high': True}",leading,leading,101.4,100.28,-1.04,-1.73,False,False,2026-08-31 ratio=102.44 momentum=102.01; 2026-09-01 ratio=102.37 momentum=101.79; 2026-09-02 ratio=102.09 momentum=101.56; 2026-09-03 ratio=101.77 momentum=101.04; 2026-09-04 ratio=101.40 momentum=100.28,179.86
stock,OLAELEC,OLAELEC.NS,2/3 Wheelers,Automobile and Auto Components,17555.65,0.0,-336.0,21.5,455.0,-45.05,,-19.56,,not_stage_2,2,38.2,36.02,1.93,0.0016,"{'price_above_30w_ma': True, '30w_ma_rising': True, 'price_above_10w_ma': False, 'relative_strength_positive': False, 'near_52w_high': False}",improving,leading,99.59,101.06,-1.04,-1.19,False,False,2026-08-31 ratio=100.63 momentum=102.24; 2026-09-01 ratio=100.41 momentum=101.70; 2026-09-02 ratio=99.87 momentum=101.48; 2026-09-03 ratio=99.24 momentum=100.48; 2026-09-04 ratio=99.59 momentum=101.06,49.16
stock,EBIX,EBIX.NS,2/3 Wheelers,Automobile and Auto Components,436.94,0.0,82.0,92.94,573.24,-5.08,,5.95,,insufficient_data,0,,,,,{},insufficient_data,insufficient_data,,,,,False,False,,0.0
stock,WARDINMOBI,WARDINMOBI.NS,2/3 Wheelers,Automobile and Auto Components,173.28,1.73,0.19,-83.04,61.64,91.01,169.88,7.04,,insufficient_data,0,,,,,{},insufficient_data,insufficient_data,,,,,False,False,,0.0
stock,TUNWAL,TUNWAL.NS,2/3 Wheelers,Automobile and Auto Components,143.66,0.4,4.23,-34.72,132.45,27.15,11.28,13.28,,not_stage_2,0,25.1,29.11,-1.85,0.00105,"{'price_above_30w_ma': False, '30w_ma_rising': False, 'price_above_10w_ma': False, 'relative_strength_positive': False, 'near_52w_high': False}",lagging,lagging,98.67,98.21,-0.12,-0.01,False,False,2026-08-31 ratio=98.79 momentum=98.21; 2026-09-01 ratio=98.37 momentum=97.36; 2026-09-02 ratio=98.56 momentum=98.03; 2026-09-03 ratio=98.90 momentum=98.69; 2026-09-04 ratio=98.67 momentum=98.21,0.0
stock,DELTIC,DELTIC.NS,2/3 Wheelers,Automobile and Auto Components,53.74,0.0,3.1,-47.28,37.54,-28.28,8.19,11.81,,insufficient_data,0,,,,,{},insufficient_data,insufficient_data,,,,,False,False,,0.0
stock,TIMKEN,TIMKEN.NS,Abrasives & Bearings,Capital Goods,23311.01,0.08,115.13,10.47,929.09,14.87,56.96,18.26,,not_stage_2,2,3125.3,3379.13,0.48,0.13078,"{'price_above_30w_ma': False, '30w_ma_rising': True, 'price_above_10w_ma': False, 'relative_strength_positive': False, 'near_52w_high': True}",improving,lagging,99.58,101.67,0.08,2.29,False,True,2026-08-31 ratio=99.50 momentum=99.38; 2026-09-01 ratio=99.89 momentum=100.27; 2026-09-02 ratio=99.58 momentum=99.98; 2026-09-03 ratio=99.57 momentum=101.02; 2026-09-04 ratio=99.58 momentum=101.67,49.31
stock,GRINDWELL,GRINDWELL.NS,Abrasives & Bearings,Capital Goods,21405.43,0.98,115.31,22.3,803.3,14.19,49.06,21.18,,not_stage_2,3,1962.5,1825.04,3.64,0.08212,"{'price_above_30w_ma': True, '30w_ma_rising': True, 'price_above_10w_ma': False, 'relative_strength_positive': False, 'near_52w_high': True}",lagging,lagging,98.68,97.79,-0.48,2.16,False,False,2026-08-31 ratio=99.16 momentum=95.63; 2026-09-01 ratio=98.66 momentum=95.57; 2026-09-02 ratio=98.66 momentum=97.40; 2026-09-03 ratio=98.86 momentum=98.19; 2026-09-04 ratio=98.68 momentum=97.79,67.28
stock,CARBORUNIV,CARBORUNIV.NS,Abrasives & Bearings,Capital Goods,21024.36,0.36,80.34,23.44,1426.63,17.03,83.84,10.52,,stage_2,5,1130.6,997.42,4.82,0.04731,"{'price_above_30w_ma': True, '30w_ma_rising': True, 'price_above_10w_ma': True, 'relative_strength_positive': True, 'near_52w_high': True}",leading,weakening,101.05,100.07,1.04,0.46,True,False,2026-08-31 ratio=100.01 momentum=99.60; 2026-09-01 ratio=99.94 momentum=98.99; 2026-09-02 ratio=99.43 momentum=99.47; 2026-09-03 ratio=99.68 momentum=98.07; 2026-09-04 ratio=101.05 momentum=100.07,170.24
stock,SKFINDUS,SKFINDUS.NS,Abrasives & Bearings,Capital Goods,14924.16,0.66,61.92,-13.84,970.77,18.3,38.82,29.89,,stage_2,5,3002.5,2479.57,1.17,0.12564,"{'price_above_30w_ma': True, '30w_ma_rising': True, 'price_above_10w_ma': True, 'relative_strength_positive': True, 'near_52w_high': True}",leading,leading,102.12,101.95,-0.26,-0.59,False,False,2026-08-31 ratio=102.39 momentum=102.55; 2026-09-01 ratio=101.96 momentum=102.54; 2026-09-02 ratio=102.79 momentum=101.94; 2026-09-03 ratio=102.78 momentum=102.40; 2026-09-04 ratio=102.12 momentum=101.95,167.69
stock,SKFINDIA,SKFINDIA.NS,Abrasives & Bearings,Capital Goods,7640.41,2.59,61.84,32.31,587.79,27.09,51.45,13.33,,not_stage_2,2,1553.2,1615.05,-1.52,0.06499,"{'price_above_30w_ma': False, '30w_ma_rising': False, 'price_above_10w_ma': True, 'relative_strength_positive': True, 'near_52w_high': False}",leading,lagging,100.32,100.17,0.32,3.52,True,False,2026-08-31 ratio=99.99 momentum=96.64; 2026-09-01 ratio=99.73 momentum=96.76; 2026-09-02 ratio=99.90 momentum=95.13; 2026-09-03 ratio=100.11 momentum=98.51; 2026-09-04 ratio=100.32 momentum=100.17,72.45
stock,WENDT,WENDT.NS,Abrasives & Bearings,Capital Goods,1667.48,0.36,6.18,63.49,71.28,36.63,98.38,7.82,,stage_2,5,8160.0,7329.43,2.23,0.34146,"{'price_above_30w_ma': True, '30w_ma_rising': True, 'price_above_10w_ma': True, 'relative_strength_positive': True, 'near_52w_high': True}",weakening,leading,101.1,99.97,0.06,-0.74,False,False,2026-08-31 ratio=101.04 momentum=100.71; 2026-09-01 ratio=100.75 momentum=100.18; 2026-09-02 ratio=100.45 momentum=100.04; 2026-09-03 ratio=101.81 momentum=102.21; 2026-09-04 ratio=101.10 momentum=99.97,134.96
stock,SKP,SKP.NS,Abrasives & Bearings,Capital Goods,272.41,0.68,0.04,-89.47,22.11,-0.05,461.71,11.38,,not_stage_2,0,151.5,156.51,-1.06,0.00634,"{'price_above_30w_ma': False, '30w_ma_rising': False, 'price_above_10w_ma': False, 'relative_strength_positive': False, 'near_52w_high': False}",improving,lagging,99.51,101.07,1.47,2.83,False,True,2026-08-31 ratio=98.04 momentum=98.24; 2026-09-01 ratio=98.91 momentum=97.31; 2026-09-02 ratio=98.71 momentum=98.78; 2026-09-03 ratio=98.50 momentum=97.94; 2026-09-04 ratio=99.51 momentum=101.07,5.35
stock,NIBL,NIBL.NS,Abrasives & Bearings,Capital Goods,74.23,0.0,-6.59,-29.47,18.9,1.89,,-18.17,,not_stage_2,2,30.8,31.17,0.49,0.00129,"{'price_above_30w_ma': False, '30w_ma_rising': True, 'price_above_10w_ma': False, 'relative_strength_positive': False, 'near_52w_high': True}",improving,lagging,99.28,100.47,0.04,4.98,False,True,2026-08-31 ratio=99.25 momentum=95.49; 2026-09-01 ratio=99.24 momentum=98.76; 2026-09-02 ratio=99.44 momentum=100.36; 2026-09-03 ratio=99.29 momentum=97.83; 2026-09-04 ratio=99.28 momentum=100.47,43.33
stock,SIGNPOST,SIGNPOST.NS,Advertising & Media Agencies,"Media, Entertainment & Publication",1440.48,0.19,18.69,22.32,152.26,10.61,19.62,25.13,,not_stage_2,1,244.25,264.79,2.73,0.01022,"{'price_above_30w_ma': False, '30w_ma_rising': True, 'price_above_10w_ma': False, 'relative_strength_positive': False, 'near_52w_high': False}",lagging,lagging,98.57,97.33,-0.29,-0.63,False,False,2026-08-31 ratio=98.85 momentum=97.96; 2026-09-01 ratio=98.78 momentum=95.53; 2026-09-02 ratio=98.47 momentum=96.41; 2026-09-03 ratio=98.62 momentum=97.31; 2026-09-04 ratio=98.57 momentum=97.33,25.46
stock,RKSWAMY,RKSWAMY.NS,Advertising & Media Agencies,"Media, Entertainment & Publication",471.2,2.14,3.47,20.91,83.62,7.8,19.27,12.26,,not_stage_2,0,94.25,95.74,-1.77,0.00394,"{'price_above_30w_ma': False, '30w_ma_rising': False, 'price_above_10w_ma': False, 'relative_strength_positive': False, 'near_52w_high': False}",improving,lagging,98.95,102.76,1.1,3.98,False,True,2026-08-31 ratio=97.85 momentum=98.77; 2026-09-01 ratio=97.73 momentum=93.94; 2026-09-02 ratio=98.31 momentum=103.23; 2026-09-03 ratio=98.40 momentum=101.76; 2026-09-04 ratio=98.95 momentum=102.76,13.8
stock,VERTOZ,VERTOZ.NS,Advertising & Media Agencies,"Media, Entertainment & Publication",315.7,0.27,7.36,5.02,81.64,15.82,11.96,14.16,,not_stage_2,2,37.66,41.57,-7.05,0.00158,"{'price_above_30w_ma': False, '30w_ma_rising': False, 'price_above_10w_ma': True, 'relative_strength_positive': True, 'near_52w_high': False}",leading,leading,100.55,103.02,-0.02,1.29,False,False,2026-08-31 ratio=100.57 momentum=101.73; 2026-09-01 ratio=100.39 momentum=101.66; 2026-09-02 ratio=101.06 momentum=102.67; 2026-09-03 ratio=101.14 momentum=103.70; 2026-09-04 ratio=100.55 momentum=103.02,77.85
stock,SIMCA,SIMCA.NS,Advertising & Media Agencies,"Media, Entertainment & Publication",312.58,0.0,9.04,1164.71,78.51,107.37,18.8,97.5,,insufficient_data,0,,,,,{},insufficient_data,insufficient_data,,,,,False,False,,0.0
stock,YAAP,YAAP.NS,Advertising & Media Agencies,"Media, Entertainment & Publication",280.51,0.0,19.0,84.08,135.66,28.14,15.2,30.86,,insufficient_data,0,,,,,{},insufficient_data,insufficient_data,,,,,False,False,,0.0
stock,CUDML,CUDML.NS,Advertising & Media Agencies,"Media, Entertainment & Publication",180.16,0.0,18.52,94.54,108.79,43.71,6.13,40.31,,insufficient_data,0,,,,,{},insufficient_data,insufficient_data,,,,,False,False,,0.0
stock,DGCONTENT,DGCONTENT.NS,Advertising & Media Agencies,"Media, Entertainment & Publication",144.89,0.0,-1.93,17.17,123.3,11.63,8.51,23.95,,not_stage_2,1,24.83,26.48,-1.68,0.00104,"{'price_above_30w_ma': False, '30w_ma_rising': False, 'price_above_10w_ma': False, 'relative_strength_positive': True, 'near_52w_high': False}",leading,leading,100.1,101.51,0.05,-1.68,False,False,2026-08-31 ratio=100.06 momentum=103.19; 2026-09-01 ratio=99.24 momentum=100.84; 2026-09-02 ratio=100.08 momentum=103.38; 2026-09-03 ratio=99.66 momentum=102.12; 2026-09-04 ratio=100.10 momentum=101.51,48.05
stock,PRAMARA,PRAMARA.NS,Advertising & Media Agencies,"Media, Entertainment & Publication",140.84,0.0,3.91,5.96,59.27,6.49,14.03,14.95,,not_stage_2,0,102.25,233.52,-12.07,0.00428,"{'price_above_30w_ma': False, '30w_ma_rising': False, 'price_above_10w_ma': False, 'relative_strength_positive': False, 'near_52w_high': False}",lagging,improving,98.19,97.41,-0.52,-5.14,False,False,2026-08-31 ratio=98.72 momentum=102.55; 2026-09-01 ratio=98.80 momentum=99.88; 2026-09-02 ratio=98.29 momentum=96.82; 2026-09-03 ratio=98.20 momentum=96.90; 2026-09-04 ratio=98.19 momentum=97.41,0.0
stock,VALUE360,VALUE360.NS,Advertising & Media Agencies,"Media, Entertainment & Publication",112.23,0.0,4.99,131.34,35.84,16.97,11.31,38.64,,insufficient_data,0,,,,,{},insufficient_data,insufficient_data,,,,,False,False,,0.0
stock,CRAYONS,CRAYONS.NS,Advertising & Media Agencies,"Media, Entertainment & Publication",58.63,0.0,0.68,-94.03,171.88,26.88,15.59,5.55,,not_stage_2,0,25.1,31.51,-5.09,0.00105,"{'price_above_30w_ma': False, '30w_ma_rising': False, 'price_above_10w_ma': False, 'relative_strength_positive': False, 'near_52w_high': False}",lagging,improving,98.79,97.51,-0.46,-3.44,False,False,2026-08-31 ratio=99.25 momentum=100.95; 2026-09-01 ratio=99.30 momentum=99.44; 2026-09-02 ratio=99.46 momentum=97.57; 2026-09-03 ratio=99.51 momentum=97.39; 2026-09-04 ratio=98.79 momentum=97.51,0.0
stock,HAL,HAL.NS,Aerospace & Defense,Capital Goods,325105.33,0.93,1589.66,14.88,5515.17,14.45,34.88,31.97,,stage_2,5,4856.0,4358.08,1.81,0.2032,"{'price_above_30w_ma': True, '30w_ma_rising': True, 'price_above_10w_ma': True, 'relative_strength_positive': True, 'near_52w_high': True}",weakening,weakening,101.06,96.64,0.29,-0.13,False,False,2026-08-31 ratio=100.77 momentum=96.77; 2026-09-01 ratio=100.79 momentum=95.79; 2026-09-02 ratio=100.76 momentum=96.09; 2026-09-03 ratio=100.70 momentum=96.30; 2026-09-04 ratio=101.06 momentum=96.64,133.92
stock,BEL,BEL.NS,Aerospace & Defense,Capital Goods,295424.38,0.62,1054.53,8.7,5546.98,24.94,48.06,36.44,,not_stage_2,2,405.35,422.68,-0.45,0.01696,"{'price_above_30w_ma': False, '30w_ma_rising': False, 'price_above_10w_ma': False, 'relative_strength_positive': True, 'near_52w_high': True}",weakening,leading,100.34,99.96,-0.44,-2.91,False,False,2026-08-31 ratio=100.78 momentum=102.87; 2026-09-01 ratio=100.59 momentum=101.30; 2026-09-02 ratio=100.34 momentum=100.71; 2026-09-03 ratio=100.70 momentum=102.58; 2026-09-04 ratio=100.34 momentum=99.96,41.7
stock,BDL,BDL.NS,Aerospace & Defense,Capital Goods,45407.52,0.39,118.79,547.36,572.24,130.81,87.19,13.84,,not_stage_2,1,1255.0,1302.92,-1.05,0.05252,"{'price_above_30w_ma': False, '30w_ma_rising': False, 'price_above_10w_ma': False, 'relative_strength_positive': False, 'near_52w_high': True}",lagging,lagging,99.26,97.98,-0.05,1.17,False,False,2026-08-31 ratio=99.30 momentum=96.80; 2026-09-01 ratio=98.92 momentum=96.14; 2026-09-02 ratio=99.15 momentum=97.70; 2026-09-03 ratio=99.30 momentum=98.95; 2026-09-04 ratio=99.26 momentum=97.98,20.0
stock,GRSE,GRSE.NS,Aerospace & Defense,Capital Goods,28721.54,0.51,172.84,43.82,1814.62,38.53,35.88,42.96,,not_stage_2,2,2533.2,2596.09,0.7,0.106,"{'price_above_30w_ma': False, '30w_ma_rising': True, 'price_above_10w_ma': False, 'relative_strength_positive': False, 'near_52w_high': True}",lagging,improving,99.26,99.72,-0.04,-0.41,False,False,2026-08-31 ratio=99.31 momentum=100.13; 2026-09-01 ratio=98.92 momentum=96.02; 2026-09-02 ratio=98.65 momentum=96.76; 2026-09-03 ratio=98.93 momentum=98.49; 2026-09-04 ratio=99.26 momentum=99.72,41.4
stock,DATAPATTNS,DATAPATTNS.NS,Aerospace & Defense,Capital Goods,25727.49,0.22,22.06,-13.49,116.03,16.81,95.2,21.92,,stage_2,5,4585.0,3959.64,7.59,0.19186,"{'price_above_30w_ma': True, '30w_ma_rising': True, 'price_above_10w_ma': True, 'relative_strength_positive': True, 'near_52w_high': True}",weakening,leading,100.84,98.19,0.59,-1.97,False,False,2026-08-31 ratio=100.25 momentum=100.15; 2026-09-01 ratio=100.29 momentum=98.00; 2026-09-02 ratio=100.48 momentum=97.71; 2026-09-03 ratio=100.89 momentum=99.81; 2026-09-04 ratio=100.84 momentum=98.19,144.38
stock,ASTRAMICRO,ASTRAMICRO.NS,Aerospace & Defense,Capital Goods,16261.6,0.14,12.35,-24.09,176.66,-11.55,86.02,20.28,,not_stage_2,3,1729.0,1356.49,8.26,0.07235,"{'price_above_30w_ma': True, '30w_ma_rising': True, 'price_above_10w_ma': False, 'relative_strength_positive': False, 'near_52w_high': True}",leading,lagging,100.07,102.32,1.37,4.83,True,False,2026-08-31 ratio=98.69 momentum=97.49; 2026-09-01 ratio=99.08 momentum=95.21; 2026-09-02 ratio=98.50 momentum=95.31; 2026-09-03 ratio=98.96 momentum=97.87; 2026-09-04 ratio=100.07 momentum=102.32,118.47
stock,ZENTEC,ZENTEC.NS,Aerospace & Defense,Capital Goods,16209.35,0.06,31.85,-23.2,141.64,-10.48,89.21,16.18,,stage_2,5,1801.4,1638.65,4.35,0.07538,"{'price_above_30w_ma': True, '30w_ma_rising': True, 'price_above_10w_ma': True, 'relative_strength_positive': True, 'near_52w_high': True}",weakening,lagging,100.35,97.38,0.47,-1.29,False,False,2026-08-31 ratio=99.88 momentum=98.67; 2026-09-01 ratio=99.96 momentum=96.07; 2026-09-02 ratio=100.67 momentum=98.13; 2026-09-03 ratio=100.49 momentum=98.51; 2026-09-04 ratio=100.35 momentum=97.38,135.45
stock,AEQUS,AEQUS.NS,Aerospace & Defense,Capital Goods,15676.42,0.0,-53.23,-1457.91,395.55,54.77,,1.69,,stage_2,5,242.18,193.04,8.47,0.01013,"{'price_above_30w_ma': True, '30w_ma_rising': True, 'price_above_10w_ma': True, 'relative_strength_positive': True, 'near_52w_high': True}",weakening,weakening,100.31,96.1,-0.14,-2.57,False,False,2026-08-31 ratio=100.45 momentum=98.67; 2026-09-01 ratio=100.75 momentum=97.98; 2026-09-02 ratio=100.68 momentum=97.16; 2026-09-03 ratio=100.84 momentum=97.88; 2026-09-04 ratio=100.31 momentum=96.10,143.49
stock,APOLLO,APOLLO.NS,Aerospace & Defense,Capital Goods,15024.28,0.06,25.21,45.38,251.29,88.12,123.84,14.47,,not_stage_2,3,388.9,328.04,6.32,0.01627,"{'price_above_30w_ma': True, '30w_ma_rising': True, 'price_above_10w_ma': False, 'relative_strength_positive': False, 'near_52w_high': True}",improving,improving,99.85,104.0,0.46,0.64,False,True,2026-08-31 ratio=99.38 momentum=103.35; 2026-09-01 ratio=99.01 momentum=99.14; 2026-09-02 ratio=99.40 momentum=101.47; 2026-09-03 ratio=99.50 momentum=102.48; 2026-09-04 ratio=99.85 momentum=104.00,92.64
stock,SIGMAADV,SIGMAADV.NS,Aerospace & Defense,Capital Goods,13987.87,0.0,35.41,-81.87,374.28,7083.88,84.11,60.82,,stage_2,5,762.4,403.66,21.75,0.0319,"{'price_above_30w_ma': True, '30w_ma_rising': True, 'price_above_10w_ma': True, 'relative_strength_positive': True, 'near_52w_high': True}",leading,leading,101.7,100.48,-0.66,-2.66,False,False,2026-08-31 ratio=102.36 momentum=103.14; 2026-09-01 ratio=102.19 momentum=101.89; 2026-09-02 ratio=102.01 momentum=100.59; 2026-09-03 ratio=101.70 momentum=101.11; 2026-09-04 ratio=101.70 momentum=100.48,199.4
stock,HINDALCO,HINDALCO.NS,Aluminium,Metals & Mining,225446.6,0.5,7013.0,116.7,84825.0,32.06,10.82,13.21,,stage_2,5,1011.0,993.06,1.09,0.04231,"{'price_above_30w_ma': True, '30w_ma_rising': True, 'price_above_10w_ma': True, 'relative_strength_positive': True, 'near_52w_high': True}",weakening,weakening,100.72,98.96,0.02,0.29,False,False,2026-08-31 ratio=100.70 momentum=98.67; 2026-09-01 ratio=100.70 momentum=98.70; 2026-09-02 ratio=100.72 momentum=98.41; 2026-09-03 ratio=100.75 momentum=99.37; 2026-09-04 ratio=100.72 momentum=98.96,130.78
stock,VAML,VAML.NS,Aluminium,Metals & Mining,171568.14,1.82,6597.0,216.06,21393.0,45.99,10.84,,,insufficient_data,0,,,,,{},insufficient_data,insufficient_data,,,,,False,False,,0.0
stock,NATIONALUM,NATIONALUM.NS,Aluminium,Metals & Mining,66773.98,3.14,2003.14,90.87,5302.38,39.28,9.89,39.59,,not_stage_2,4,374.1,381.29,0.59,0.01565,"{'price_above_30w_ma': False, '30w_ma_rising': True, 'price_above_10w_ma': True, 'relative_strength_positive': True, 'near_52w_high': True}",weakening,weakening,100.6,98.15,-0.27,-0.86,False,False,2026-08-31 ratio=100.87 momentum=99.01; 2026-09-01 ratio=100.45 momentum=97.96; 2026-09-02 ratio=100.45 momentum=98.22; 2026-09-03 ratio=100.64 momentum=98.98; 2026-09-04 ratio=100.60 momentum=98.15,84.18
stock,ARFIN,ARFIN.NS,Aluminium,Metals & Mining,1614.63,0.12,3.53,246.08,207.96,91.23,100.23,13.96,,stage_2,4,87.24,86.3,1.21,0.00365,"{'price_above_30w_ma': True, '30w_ma_rising': True, 'price_above_10w_ma': False, 'relative_strength_positive': True, 'near_52w_high': True}",leading,leading,100.48,101.7,0.41,-1.56,False,False,2026-08-31 ratio=100.07 momentum=103.26; 2026-09-01 ratio=99.63 momentum=102.63; 2026-09-02 ratio=100.61 momentum=103.07; 2026-09-03 ratio=101.14 momentum=103.66; 2026-09-04 ratio=100.48 momentum=101.70,138.32
stock,MMP,MMP.NS,Aluminium,Metals & Mining,1130.29,0.45,13.7,15.32,232.6,26.9,25.35,12.49,,stage_2,5,404.15,277.24,6.98,0.01691,"{'price_above_30w_ma': True, '30w_ma_rising': True, 'price_above_10w_ma': True, 'relative_strength_positive': True, 'near_52w_high': True}",weakening,weakening,101.72,96.55,-0.04,-1.91,False,False,2026-08-31 ratio=101.76 momentum=98.46; 2026-09-01 ratio=101.48 momentum=96.81; 2026-09-02 ratio=101.47 momentum=96.45; 2026-09-03 ratio=101.65 momentum=96.05; 2026-09-04 ratio=101.72 momentum=96.55,147.56
stock,MAANALU,MAANALU.NS,Aluminium,Metals & Mining,691.44,0.0,3.1,13.55,231.86,9.79,51.6,7.73,,not_stage_2,0,117.9,131.04,-2.88,0.00493,"{'price_above_30w_ma': False, '30w_ma_rising': False, 'price_above_10w_ma': False, 'relative_strength_positive': False, 'near_52w_high': False}",improving,leading,99.74,100.72,-0.84,-2.51,False,False,2026-08-31 ratio=100.57 momentum=103.23; 2026-09-01 ratio=99.84 momentum=101.08; 2026-09-02 ratio=99.73 momentum=100.80; 2026-09-03 ratio=100.58 momentum=102.74; 2026-09-04 ratio=99.74 momentum=100.72,3.6
stock,JAINIK,JAINIK.NS,Aluminium,Metals & Mining,302.73,0.0,7.85,64.57,208.91,9.73,21.59,29.88,,insufficient_data,0,,,,,{},insufficient_data,insufficient_data,,,,,False,False,,0.0
stock,MANAKALUCO,MANAKALUCO.NS,Aluminium,Metals & Mining,261.62,0.13,2.85,82.69,139.59,3.85,29.56,10.15,,not_stage_2,3,38.1,33.64,-3.08,0.00159,"{'price_above_30w_ma': True, '30w_ma_rising': False, 'price_above_10w_ma': True, 'relative_strength_positive': True, 'near_52w_high': False}",leading,leading,100.71,101.37,-0.06,0.17,False,False,2026-08-31 ratio=100.77 momentum=101.20; 2026-09-01 ratio=100.73 momentum=101.44; 2026-09-02 ratio=100.22 momentum=100.12; 2026-09-03 ratio=100.53 momentum=101.57; 2026-09-04 ratio=100.71 momentum=101.37,90.4
stock,HINDALUMI,HINDALUMI.NS,Aluminium,Metals & Mining,60.03,0.0,1.91,-51.03,5.36,405.66,16.18,-2.7,,insufficient_data,0,,,,,{},insufficient_data,insufficient_data,,,,,False,False,,0.0
stock,PRECWIRE,PRECWIRE.NS,"Aluminium, Copper & Zinc Products",Capital Goods,8453.35,0.27,46.45,71.47,1779.24,59.49,48.41,32.94,,stage_2,5,472.8,378.78,9.1,0.01978,"{'price_above_30w_ma': True, '30w_ma_rising': True, 'price_above_10w_ma': True, 'relative_strength_positive': True, 'near_52w_high': True}",leading,leading,101.61,100.42,-1.25,-0.44,False,False,2026-08-31 ratio=102.85 momentum=100.85; 2026-09-01 ratio=102.44 momentum=100.39; 2026-09-02 ratio=102.02 momentum=100.99; 2026-09-03 ratio=102.06 momentum=100.94; 2026-09-04 ratio=101.61 momentum=100.42,173.35
stock,CMRGREEN,CMRGREEN.NS,"Aluminium, Copper & Zinc Products",Capital Goods,4847.94,0.0,68.18,16.41,3122.73,64.92,21.93,13.98,,insufficient_data,0,,,,,{},leading,leading,100.67,103.24,0.48,0.97,False,False,2026-09-02 ratio=100.19 momentum=102.27; 2026-09-03 ratio=100.85 momentum=103.22; 2026-09-04 ratio=100.67 momentum=103.24,39.55
stock,VIDYAWIRES,VIDYAWIRES.NS,"Aluminium, Copper & Zinc Products",Capital Goods,1880.31,0.0,17.14,41.42,549.71,33.5,30.0,20.59,,not_stage_2,3,90.13,80.4,7.35,0.00377,"{'price_above_30w_ma': True, '30w_ma_rising': True, 'price_above_10w_ma': False, 'relative_strength_positive': False, 'near_52w_high': True}",improving,improving,99.76,102.58,0.25,0.67,False,True,2026-08-31 ratio=99.51 momentum=101.91; 2026-09-01 ratio=99.76 momentum=102.25; 2026-09-02 ratio=99.31 momentum=100.96; 2026-09-03 ratio=99.59 momentum=101.89; 2026-09-04 ratio=99.76 momentum=102.58,87.6
stock,BAHETI,BAHETI.NS,"Aluminium, Copper & Zinc Products",Capital Goods,856.44,0.0,17.79,61.87,409.72,53.38,31.65,21.66,,stage_2,5,846.0,648.43,4.88,0.0354,"{'price_above_30w_ma': True, '30w_ma_rising': True, 'price_above_10w_ma': True, 'relative_strength_positive': True, 'near_52w_high': True}",weakening,leading,101.86,99.04,-0.76,-3.84,False,False,2026-08-31 ratio=102.62 momentum=102.87; 2026-09-01 ratio=102.08 momentum=102.29; 2026-09-02 ratio=102.00 momentum=99.98; 2026-09-03 ratio=102.06 momentum=101.07; 2026-09-04 ratio=101.86 momentum=99.04,144.06
stock,SUNLITE,SUNLITE.NS,"Aluminium, Copper & Zinc Products",Capital Goods,741.1,0.0,25.8,257.84,1642.41,116.13,18.46,46.52,,insufficient_data,0,,,,,{},insufficient_data,insufficient_data,,,,,False,False,,0.0
stock,AMCL,AMCL.NS,"Aluminium, Copper & Zinc Products",Capital Goods,458.01,0.0,12.97,199.54,137.39,115.08,21.34,29.63,,insufficient_data,0,,,,,{},insufficient_data,insufficient_data,,,,,False,False,,0.0
stock,SHERA,SHERA.NS,"Aluminium, Copper & Zinc Products",Capital Goods,442.6,0.0,12.64,88.26,487.67,26.1,12.94,19.54,,stage_2,5,182.3,148.18,5.24,0.00763,"{'price_above_30w_ma': True, '30w_ma_rising': True, 'price_above_10w_ma': True, 'relative_strength_positive': True, 'near_52w_high': True}",leading,weakening,101.75,100.22,0.58,1.78,True,False,2026-08-31 ratio=101.17 momentum=98.45; 2026-09-01 ratio=101.00 momentum=96.68; 2026-09-02 ratio=101.27 momentum=97.24; 2026-09-03 ratio=101.88 momentum=102.41; 2026-09-04 ratio=101.75 momentum=100.22,175.33
stock,EUROBOND,EUROBOND.NS,"Aluminium, Copper & Zinc Products",Capital Goods,369.41,0.0,4.96,-13.29,119.62,14.1,13.97,16.95,,not_stage_2,0,151.0,166.77,-1.69,0.00632,"{'price_above_30w_ma': False, '30w_ma_rising': False, 'price_above_10w_ma': False, 'relative_strength_positive': False, 'near_52w_high': False}",lagging,lagging,98.65,99.53,0.53,0.16,False,False,2026-08-31 ratio=98.11 momentum=99.38; 2026-09-01 ratio=97.85 momentum=97.55; 2026-09-02 ratio=98.38 momentum=98.70; 2026-09-03 ratio=98.65 momentum=99.30; 2026-09-04 ratio=98.65 momentum=99.53,0.0
stock,CENTEXT,CENTEXT.NS,"Aluminium, Copper & Zinc Products",Capital Goods,167.94,0.0,3.77,59.75,138.36,32.85,13.09,19.29,,not_stage_2,1,20.19,20.25,-0.58,0.00084,"{'price_above_30w_ma': False, '30w_ma_rising': False, 'price_above_10w_ma': False, 'relative_strength_positive': True, 'near_52w_high': False}",lagging,weakening,100.0,99.2,-1.35,-0.43,False,False,2026-08-31 ratio=101.34 momentum=99.63; 2026-09-01 ratio=101.35 momentum=99.58; 2026-09-02 ratio=101.51 momentum=99.70; 2026-09-03 ratio=100.70 momentum=100.69; 2026-09-04 ratio=100.00 momentum=99.20,20.0
stock,MCL,MCL.NS,"Aluminium, Copper & Zinc Products",Capital Goods,154.77,0.0,1.05,0.96,80.26,73.72,34.24,12.62,,not_stage_2,2,58.3,59.71,-5.25,0.00244,"{'price_above_30w_ma': False, '30w_ma_rising': False, 'price_above_10w_ma': True, 'relative_strength_positive': True, 'near_52w_high': False}",leading,weakening,101.4,101.48,0.55,3.9,True,False,2026-08-31 ratio=100.85 momentum=97.59; 2026-09-01 ratio=100.56 momentum=97.77; 2026-09-02 ratio=100.43 momentum=98.29; 2026-09-03 ratio=101.55 momentum=101.62; 2026-09-04 ratio=101.40 momentum=101.48,84.4
stock,WONDERLA,WONDERLA.NS,Amusement Parks/ Other Recreation,Consumer Services,3334.55,0.38,72.8,38.48,242.63,44.22,31.52,6.2,,stage_2,5,533.9,498.77,0.18,0.02234,"{'price_above_30w_ma': True, '30w_ma_rising': True, 'price_above_10w_ma': True, 'relative_strength_positive': True, 'near_52w_high': True}",weakening,leading,102.11,98.5,-0.56,-4.69,False,False,2026-08-31 ratio=102.67 momentum=103.19; 2026-09-01 ratio=102.44 momentum=102.93; 2026-09-02 ratio=102.14 momentum=102.80; 2026-09-03 ratio=101.88 momentum=102.51; 2026-09-04 ratio=102.11 momentum=98.50,135.91
stock,IMAGICAA,IMAGICAA.NS,Amusement Parks/ Other Recreation,Consumer Services,3110.49,0.0,57.57,26.19,177.6,19.92,244.15,1.86,,stage_2,5,55.38,46.03,0.68,0.00232,"{'price_above_30w_ma': True, '30w_ma_rising': True, 'price_above_10w_ma': True, 'relative_strength_positive': True, 'near_52w_high': True}",leading,leading,102.09,100.91,-0.78,-0.79,False,False,2026-08-31 ratio=102.87 momentum=101.70; 2026-09-01 ratio=102.26 momentum=101.76; 2026-09-02 ratio=102.09 momentum=100.75; 2026-09-03 ratio=101.99 momentum=101.39; 2026-09-04 ratio=102.09 momentum=100.91,161.36
stock,DELTACORP,DELTACORP.NS,Amusement Parks/ Other Recreation,Consumer Services,1503.0,0.89,-212.57,219.62,168.55,-8.48,9.75,5.08,,not_stage_2,0,56.12,63.7,-1.53,0.00235,"{'price_above_30w_ma': False, '30w_ma_rising': False, 'price_above_10w_ma': False, 'relative_strength_positive': False, 'near_52w_high': False}",improving,improving,97.91,100.68,-0.29,-0.06,False,False,2026-08-31 ratio=98.19 momentum=100.73; 2026-09-01 ratio=97.87 momentum=98.89; 2026-09-02 ratio=97.95 momentum=99.82; 2026-09-03 ratio=97.84 momentum=99.89; 2026-09-04 ratio=97.91 momentum=100.68,3.4
stock,NICCOPAR,NICCOPAR.NS,Amusement Parks/ Other Recreation,Consumer Services,368.89,1.58,5.47,68.83,19.05,-27.54,62.42,13.52,,insufficient_data,0,,,,,{},insufficient_data,insufficient_data,,,,,False,False,,0.0
stock,GODREJAGRO,GODREJAGRO.NS,Animal Feed,Fast Moving Consumer Goods,12798.03,1.65,128.31,-16.21,2855.22,9.22,27.28,19.16,,stage_2,5,644.85,585.6,1.56,0.02698,"{'price_above_30w_ma': True, '30w_ma_rising': True, 'price_above_10w_ma': True, 'relative_strength_positive': True, 'near_52w_high': True}",leading,leading,102.33,101.97,-0.1,1.51,False,False,2026-08-31 ratio=102.43 momentum=100.46; 2026-09-01 ratio=103.71 momentum=101.77; 2026-09-02 ratio=103.77 momentum=102.57; 2026-09-03 ratio=103.01 momentum=101.73; 2026-09-04 ratio=102.33 momentum=101.97,169.62
stock,AVANTIFEED,AVANTIFEED.NS,Animal Feed,Fast Moving Consumer Goods,10707.02,1.27,116.3,-42.0,1899.86,18.32,19.9,24.38,,not_stage_2,0,798.6,1138.97,-0.14,0.03342,"{'price_above_30w_ma': False, '30w_ma_rising': False, 'price_above_10w_ma': False, 'relative_strength_positive': False, 'near_52w_high': False}",improving,lagging,98.42,100.34,-0.03,2.34,False,False,2026-08-31 ratio=98.45 momentum=98.00; 2026-09-01 ratio=98.68 momentum=100.65; 2026-09-02 ratio=98.29 momentum=97.45; 2026-09-03 ratio=98.31 momentum=98.42; 2026-09-04 ratio=98.42 momentum=100.34,1.7
stock,MUKKA,MUKKA.NS,Animal Feed,Fast Moving Consumer Goods,964.81,0.0,18.64,1142.76,489.65,186.73,13.95,11.61,,stage_2,5,31.34,23.57,2.48,0.00131,"{'price_above_30w_ma': True, '30w_ma_rising': True, 'price_above_10w_ma': True, 'relative_strength_positive': True, 'near_52w_high': True}",leading,weakening,103.84,101.9,3.24,6.15,True,False,2026-08-31 ratio=100.59 momentum=95.75; 2026-09-01 ratio=101.93 momentum=98.41; 2026-09-02 ratio=102.05 momentum=99.84; 2026-09-03 ratio=103.03 momentum=101.70; 2026-09-04 ratio=103.84 momentum=101.90,188.66
stock,KSE,KSE.NS,Animal Feed,Fast Moving Consumer Goods,569.62,7.06,0.94,-98.44,453.67,9.06,12.36,33.55,,insufficient_data,0,,,,,{},insufficient_data,insufficient_data,,,,,False,False,,0.0
stock,NARMADA,NARMADA.NS,Animal Feed,Fast Moving Consumer Goods,108.85,0.0,0.75,-26.47,22.26,100.9,30.32,8.95,,not_stage_2,0,13.51,16.96,-0.38,0.00057,"{'price_above_30w_ma': False, '30w_ma_rising': False, 'price_above_10w_ma': False, 'relative_strength_positive': False, 'near_52w_high': False}",improving,improving,98.81,104.43,0.05,1.72,False,True,2026-08-31 ratio=98.76 momentum=102.71; 2026-09-01 ratio=98.82 momentum=100.57; 2026-09-02 ratio=98.81 momentum=100.76; 2026-09-03 ratio=98.85 momentum=102.07; 2026-09-04 ratio=98.81 momentum=104.43,22.15
stock,AJOONI,AJOONI.NS,Animal Feed,Fast Moving Consumer Goods,60.11,0.0,0.43,-44.87,63.49,103.04,15.18,6.49,,not_stage_2,0,3.71,4.09,-1.28,0.00016,"{'price_above_30w_ma': False, '30w_ma_rising': False, 'price_above_10w_ma': False, 'relative_strength_positive': False, 'near_52w_high': False}",improving,leading,99.34,100.6,-0.7,-0.52,False,False,2026-08-31 ratio=100.04 momentum=101.12; 2026-09-01 ratio=99.49 momentum=99.59; 2026-09-02 ratio=99.43 momentum=99.77; 2026-09-03 ratio=99.37 momentum=100.28; 2026-09-04 ratio=99.34 momentum=100.60,3.0
stock,ICICIAMC,ICICIAMC.NS,Asset Management Company,Financial Services,148927.12,0.9,964.63,23.1,1564.22,17.55,42.72,115.1,,not_stage_2,2,2970.9,3158.87,0.78,0.12432,"{'price_above_30w_ma': False, '30w_ma_rising': True, 'price_above_10w_ma': False, 'relative_strength_positive': False, 'near_52w_high': True}",lagging,lagging,98.66,97.34,-0.5,-2.28,False,False,2026-08-31 ratio=99.16 momentum=99.62; 2026-09-01 ratio=98.99 momentum=99.45; 2026-09-02 ratio=98.59 momentum=97.01; 2026-09-03 ratio=98.73 momentum=97.94; 2026-09-04 ratio=98.66 momentum=97.34,41.56
stock,SBIFUNDS,SBIFUNDS.NS,Asset Management Company,Financial Services,113685.03,0.0,880.26,3.7,1152.73,15.16,36.69,56.5,,insufficient_data,0,,,,,{},insufficient_data,insufficient_data,,,,,False,False,,0.0
stock,HDFCAMC,HDFCAMC.NS,Asset Management Company,Financial Services,104087.71,2.22,838.36,12.09,1098.5,13.51,35.29,42.88,,not_stage_2,1,2458.3,2610.41,-0.18,0.10287,"{'price_above_30w_ma': False, '30w_ma_rising': False, 'price_above_10w_ma': False, 'relative_strength_positive': False, 'near_52w_high': True}",lagging,leading,98.77,98.03,-1.44,-4.86,False,False,2026-08-31 ratio=100.21 momentum=102.89; 2026-09-01 ratio=99.43 momentum=100.83; 2026-09-02 ratio=99.41 momentum=99.87; 2026-09-03 ratio=99.32 momentum=98.40; 2026-09-04 ratio=98.77 momentum=98.03,20.0
stock,NAM-INDIA,NAM-INDIA.NS,Asset Management Company,Financial Services,76711.83,1.8,503.7,27.16,766.87,26.42,46.86,43.8,,not_stage_2,3,1159.9,1056.6,4.17,0.04854,"{'price_above_30w_ma': True, '30w_ma_rising': True, 'price_above_10w_ma': False, 'relative_strength_positive': False, 'near_52w_high': True}",lagging,lagging,99.65,96.53,-0.15,-2.14,False,False,2026-08-31 ratio=99.80 momentum=98.67; 2026-09-01 ratio=100.08 momentum=99.97; 2026-09-02 ratio=100.06 momentum=98.20; 2026-09-03 ratio=99.89 momentum=97.82; 2026-09-04 ratio=99.65 momentum=96.53,68.34
stock,ABSLAMC,ABSLAMC.NS,Asset Management Company,Financial Services,30148.26,2.45,309.49,11.68,462.96,3.48,29.86,32.23,,stage_2,4,1062.3,1025.38,3.17,0.04445,"{'price_above_30w_ma': True, '30w_ma_rising': True, 'price_above_10w_ma': False, 'relative_strength_positive': True, 'near_52w_high': True}",leading,improving,100.21,103.21,0.41,0.86,True,False,2026-08-31 ratio=99.80 momentum=102.34; 2026-09-01 ratio=99.54 momentum=101.55; 2026-09-02 ratio=99.56 momentum=101.78; 2026-09-03 ratio=99.95 momentum=103.29; 2026-09-04 ratio=100.21 momentum=103.21,158.44
stock,UTIAMC,UTIAMC.NS,Asset Management Company,Financial Services,11443.88,4.49,293.86,24.07,583.51,6.7,21.43,15.57,,not_stage_2,0,880.55,949.58,-1.82,0.03685,"{'price_above_30w_ma': False, '30w_ma_rising': False, 'price_above_10w_ma': False, 'relative_strength_positive': False, 'near_52w_high': False}",improving,lagging,99.26,102.09,0.58,4.6,False,True,2026-08-31 ratio=98.68 momentum=97.49; 2026-09-01 ratio=98.98 momentum=100.85; 2026-09-02 ratio=99.09 momentum=101.09; 2026-09-03 ratio=99.25 momentum=101.83; 2026-09-04 ratio=99.26 momentum=102.09,10.45
stock,CRAMC,CRAMC.NS,Asset Management Company,Financial Services,4973.45,1.6,75.6,23.98,145.37,20.07,22.77,40.11,,not_stage_2,0,251.5,251.98,-0.27,0.01052,"{'price_above_30w_ma': False, '30w_ma_rising': False, 'price_above_10w_ma': False, 'relative_strength_positive': False, 'near_52w_high': False}",lagging,leading,99.42,96.01,-1.14,-5.86,False,False,2026-08-31 ratio=100.55 momentum=101.88; 2026-09-01 ratio=99.87 momentum=100.34; 2026-09-02 ratio=99.69 momentum=101.00; 2026-09-03 ratio=99.44 momentum=96.55; 2026-09-04 ratio=99.42 momentum=96.01,0.0
stock,GAJA,GAJA.NS,Asset Management Company,Financial Services,2194.3,0.48,62.09,,99.3,,27.68,17.02,,insufficient_data,0,,,,,{},insufficient_data,insufficient_data,,,,,False,False,,0.0
stock,IVC,IVC.NS,Asset Management Company,Financial Services,322.51,11.67,1.21,23.86,8.17,40.86,79.24,4.11,,stage_2,5,10.24,7.87,1.82,0.00043,"{'price_above_30w_ma': True, '30w_ma_rising': True, 'price_above_10w_ma': True, 'relative_strength_positive': True, 'near_52w_high': True}",leading,leading,103.97,101.88,-0.27,-0.82,False,False,2026-08-31 ratio=104.24 momentum=102.70; 2026-09-01 ratio=104.43 momentum=102.38; 2026-09-02 ratio=104.46 momentum=102.03; 2026-09-03 ratio=104.57 momentum=102.08; 2026-09-04 ratio=103.97 momentum=101.88,177.89
stock,MOTHERSON,MOTHERSON.NS,Auto Components & Equipments,Automobile and Auto Components,171195.03,0.37,1075.66,81.52,35243.77,16.65,37.46,13.43,,stage_2,5,160.7,138.1,5.33,0.00672,"{'price_above_30w_ma': True, '30w_ma_rising': True, 'price_above_10w_ma': True, 'relative_strength_positive': True, 'near_52w_high': True}",weakening,weakening,100.71,96.26,-1.0,-2.22,False,False,2026-08-31 ratio=101.71 momentum=98.48; 2026-09-01 ratio=101.18 momentum=96.44; 2026-09-02 ratio=101.01 momentum=95.76; 2026-09-03 ratio=100.88 momentum=96.27; 2026-09-04 ratio=100.71 momentum=96.26,139.21
stock,BOSCHLTD,BOSCHLTD.NS,Auto Components & Equipments,Automobile and Auto Components,141715.56,0.56,706.1,5.2,5841.9,22.0,59.97,21.54,,stage_2,5,46820.0,38571.33,4.12,1.95918,"{'price_above_30w_ma': True, '30w_ma_rising': True, 'price_above_10w_ma': True, 'relative_strength_positive': True, 'near_52w_high': True}",weakening,weakening,101.07,97.05,-1.14,-1.57,False,False,2026-08-31 ratio=102.21 momentum=98.62; 2026-09-01 ratio=101.67 momentum=95.22; 2026-09-02 ratio=101.29 momentum=95.29; 2026-09-03 ratio=101.19 momentum=95.88; 2026-09-04 ratio=101.07 momentum=97.05,138.59
stock,BHARATFORG,BHARATFORG.NS,Auto Components & Equipments,Automobile and Auto Components,92426.77,0.43,-89.89,-57.72,4639.94,18.71,91.53,12.61,,not_stage_2,3,1956.0,1950.23,4.01,0.08185,"{'price_above_30w_ma': True, '30w_ma_rising': True, 'price_above_10w_ma': False, 'relative_strength_positive': False, 'near_52w_high': True}",lagging,improving,97.8,98.07,-1.98,-2.52,False,False,2026-08-31 ratio=99.78 momentum=100.58; 2026-09-01 ratio=98.90 momentum=98.39; 2026-09-02 ratio=98.81 momentum=99.02; 2026-09-03 ratio=98.09 momentum=98.36; 2026-09-04 ratio=97.80 momentum=98.07,68.02
stock,UNOMINDA,UNOMINDA.NS,Auto Components & Equipments,Automobile and Auto Components,71686.9,0.21,315.51,1.76,5556.85,23.79,58.65,19.65,,stage_2,5,1249.7,1142.05,1.1,0.05229,"{'price_above_30w_ma': True, '30w_ma_rising': True, 'price_above_10w_ma': True, 'relative_strength_positive': True, 'near_52w_high': True}",weakening,weakening,101.09,97.67,-0.5,-0.32,False,False,2026-08-31 ratio=101.59 momentum=97.99; 2026-09-01 ratio=101.51 momentum=96.92; 2026-09-02 ratio=100.95 momentum=94.92; 2026-09-03 ratio=101.48 momentum=99.17; 2026-09-04 ratio=101.09 momentum=97.67,132.65
stock,SCHAEFFLER,SCHAEFFLER.NS,Auto Components & Equipments,Automobile and Auto Components,62431.58,0.88,336.73,13.67,2681.41,17.5,48.36,27.9,,not_stage_2,2,3956.4,4071.77,0.96,0.16556,"{'price_above_30w_ma': False, '30w_ma_rising': True, 'price_above_10w_ma': False, 'relative_strength_positive': False, 'near_52w_high': True}",improving,improving,98.95,100.83,-0.26,-0.42,False,False,2026-08-31 ratio=99.22 momentum=101.25; 2026-09-01 ratio=99.11 momentum=99.12; 2026-09-02 ratio=98.98 momentum=96.35; 2026-09-03 ratio=98.89 momentum=99.20; 2026-09-04 ratio=98.95 momentum=100.83,46.07
stock,TIINDIA,TIINDIA.NS,Auto Components & Equipments,Automobile and Auto Components,51847.05,0.13,293.96,-15.25,6215.33,17.07,82.73,17.14,,not_stage_2,2,2698.0,2835.89,2.34,0.1129,"{'price_above_30w_ma': False, '30w_ma_rising': True, 'price_above_10w_ma': False, 'relative_strength_positive': False, 'near_52w_high': True}",lagging,improving,98.83,97.43,-0.45,-4.74,False,False,2026-08-31 ratio=99.28 momentum=102.17; 2026-09-01 ratio=99.20 momentum=96.70; 2026-09-02 ratio=98.98 momentum=95.80; 2026-09-03 ratio=99.16 momentum=97.32; 2026-09-04 ratio=98.83 momentum=97.43,44.68
stock,SONACOMS,SONACOMS.NS,Auto Components & Equipments,Automobile and Auto Components,49369.03,0.43,220.11,73.37,1157.24,50.82,63.5,15.11,,stage_2,5,789.0,624.74,7.38,0.03302,"{'price_above_30w_ma': True, '30w_ma_rising': True, 'price_above_10w_ma': True, 'relative_strength_positive': True, 'near_52w_high': True}",weakening,weakening,100.82,96.68,-0.41,-1.72,False,False,2026-08-31 ratio=101.23 momentum=98.40; 2026-09-01 ratio=101.15 momentum=96.66; 2026-09-02 ratio=100.79 momentum=95.48; 2026-09-03 ratio=101.04 momentum=97.01; 2026-09-04 ratio=100.82 momentum=96.68,143.86
stock,ENDURANCE,ENDURANCE.NS,Auto Components & Equipments,Automobile and Auto Components,38881.93,0.42,244.52,8.03,4314.89,30.01,39.49,17.8,,stage_2,4,2782.8,2587.46,2.49,0.11645,"{'price_above_30w_ma': True, '30w_ma_rising': True, 'price_above_10w_ma': False, 'relative_strength_positive': True, 'near_52w_high': True}",weakening,weakening,100.05,97.05,-0.61,-0.01,False,False,2026-08-31 ratio=100.67 momentum=97.06; 2026-09-01 ratio=100.43 momentum=96.28; 2026-09-02 ratio=99.84 momentum=96.59; 2026-09-03 ratio=99.86 momentum=97.09; 2026-09-04 ratio=100.05 momentum=97.05,110.23
stock,EXIDEIND,EXIDEIND.NS,Auto Components & Equipments,Automobile and Auto Components,36257.1,0.47,351.3,28.38,5528.38,17.75,38.64,8.54,,not_stage_2,3,424.35,378.13,4.43,0.01776,"{'price_above_30w_ma': True, '30w_ma_rising': True, 'price_above_10w_ma': False, 'relative_strength_positive': False, 'near_52w_high': True}",lagging,weakening,99.49,96.36,-0.67,-0.07,False,False,2026-08-31 ratio=100.16 momentum=96.44; 2026-09-01 ratio=99.99 momentum=96.64; 2026-09-02 ratio=99.62 momentum=96.45; 2026-09-03 ratio=99.51 momentum=96.10; 2026-09-04 ratio=99.49 momentum=96.36,68.86
stock,DHOOTTRANS,DHOOTTRANS.NS,Auto Components & Equipments,Automobile and Auto Components,31872.88,0.0,132.68,36.89,1446.42,49.68,71.16,24.36,,insufficient_data,0,,,,,{},insufficient_data,insufficient_data,,,,,False,False,,0.0
stock,UNITDSPR,UNITDSPR.NS,Breweries & Distilleries,Fast Moving Consumer Goods,104504.2,1.18,463.0,-20.54,2708.0,-10.36,56.39,26.39,,stage_2,4,1471.7,1367.75,1.62,0.06158,"{'price_above_30w_ma': True, '30w_ma_rising': True, 'price_above_10w_ma': False, 'relative_strength_positive': True, 'near_52w_high': True}",weakening,weakening,100.37,97.14,-0.22,0.54,False,False,2026-08-31 ratio=100.59 momentum=96.60; 2026-09-01 ratio=100.28 momentum=97.37; 2026-09-02 ratio=100.38 momentum=97.72; 2026-09-03 ratio=100.69 momentum=98.16; 2026-09-04 ratio=100.37 momentum=97.14,110.09
stock,RADICO,RADICO.NS,Breweries & Distilleries,Fast Moving Consumer Goods,59462.39,0.2,229.6,69.15,1683.69,11.8,83.67,24.15,,stage_2,5,4494.0,3543.24,7.03,0.18805,"{'price_above_30w_ma': True, '30w_ma_rising': True, 'price_above_10w_ma': True, 'relative_strength_positive': True, 'near_52w_high': True}",weakening,weakening,100.86,97.24,0.03,0.59,False,False,2026-08-31 ratio=100.83 momentum=96.65; 2026-09-01 ratio=100.77 momentum=96.05; 2026-09-02 ratio=100.85 momentum=96.41; 2026-09-03 ratio=101.17 momentum=97.64; 2026-09-04 ratio=100.86 momentum=97.24,143.36
stock,UBL,UBL.NS,Breweries & Distilleries,Fast Moving Consumer Goods,34124.03,0.77,166.28,-9.54,3066.86,7.07,98.73,10.68,,not_stage_2,0,1279.4,1435.84,-1.41,0.05354,"{'price_above_30w_ma': False, '30w_ma_rising': False, 'price_above_10w_ma': False, 'relative_strength_positive': False, 'near_52w_high': False}",lagging,lagging,98.15,97.96,-0.24,1.54,False,False,2026-08-31 ratio=98.38 momentum=96.42; 2026-09-01 ratio=98.48 momentum=97.38; 2026-09-02 ratio=98.05 momentum=96.51; 2026-09-03 ratio=98.24 momentum=98.66; 2026-09-04 ratio=98.15 momentum=97.96,0.0
stock,ABDL,ABDL.NS,Breweries & Distilleries,Fast Moving Consumer Goods,16778.48,0.9,45.42,-12.98,978.94,6.08,75.22,18.38,,stage_2,4,609.95,557.3,3.03,0.02552,"{'price_above_30w_ma': True, '30w_ma_rising': True, 'price_above_10w_ma': False, 'relative_strength_positive': True, 'near_52w_high': True}",improving,improving,99.64,104.48,-0.1,3.04,False,False,2026-08-31 ratio=99.74 momentum=101.43; 2026-09-01 ratio=99.73 momentum=100.95; 2026-09-02 ratio=99.39 momentum=101.35; 2026-09-03 ratio=99.64 momentum=102.95; 2026-09-04 ratio=99.64 momentum=104.48,133.46
stock,TI,TI.NS,Breweries & Distilleries,Fast Moving Consumer Goods,13197.78,0.19,31.59,-30.28,1046.03,155.67,58.39,11.78,,stage_2,5,535.1,461.6,4.16,0.02239,"{'price_above_30w_ma': True, '30w_ma_rising': True, 'price_above_10w_ma': True, 'relative_strength_positive': True, 'near_52w_high': True}",weakening,weakening,100.86,96.3,-0.6,0.02,False,False,2026-08-31 ratio=101.46 momentum=96.28; 2026-09-01 ratio=101.13 momentum=95.78; 2026-09-02 ratio=101.26 momentum=96.67; 2026-09-03 ratio=101.08 momentum=96.06; 2026-09-04 ratio=100.86 momentum=96.30,137.62
stock,PICCADIL,PICCADIL.NS,Breweries & Distilleries,Fast Moving Consumer Goods,6090.28,0.16,21.44,16.33,251.18,17.42,43.34,18.01,,not_stage_2,3,615.75,612.01,1.46,0.02577,"{'price_above_30w_ma': True, '30w_ma_rising': True, 'price_above_10w_ma': False, 'relative_strength_positive': False, 'near_52w_high': True}",lagging,lagging,98.72,95.95,-0.47,-1.52,False,False,2026-08-31 ratio=99.19 momentum=97.48; 2026-09-01 ratio=99.14 momentum=97.61; 2026-09-02 ratio=98.95 momentum=96.90; 2026-09-03 ratio=98.88 momentum=96.68; 2026-09-04 ratio=98.72 momentum=95.95,62.92
stock,GLOBUSSPR,GLOBUSSPR.NS,Breweries & Distilleries,Fast Moving Consumer Goods,2813.49,0.73,26.48,49.05,788.78,12.71,27.99,11.25,,not_stage_2,4,914.3,911.09,-0.42,0.03826,"{'price_above_30w_ma': True, '30w_ma_rising': False, 'price_above_10w_ma': True, 'relative_strength_positive': True, 'near_52w_high': True}",leading,leading,100.82,103.23,0.03,-4.83,False,False,2026-08-31 ratio=100.79 momentum=108.06; 2026-09-01 ratio=100.72 momentum=103.13; 2026-09-02 ratio=100.67 momentum=100.86; 2026-09-03 ratio=101.09 momentum=104.05; 2026-09-04 ratio=100.82 momentum=103.23,120.25
stock,GMBREW,GMBREW.NS,Breweries & Distilleries,Fast Moving Consumer Goods,2151.27,0.96,37.74,45.94,199.58,22.55,12.75,17.96,,not_stage_2,2,919.85,947.17,-1.28,0.03849,"{'price_above_30w_ma': False, '30w_ma_rising': False, 'price_above_10w_ma': True, 'relative_strength_positive': True, 'near_52w_high': False}",leading,improving,100.62,102.89,1.63,2.35,True,False,2026-08-31 ratio=98.99 momentum=100.53; 2026-09-01 ratio=99.02 momentum=101.43; 2026-09-02 ratio=99.50 momentum=103.59; 2026-09-03 ratio=100.35 momentum=103.58; 2026-09-04 ratio=100.62 momentum=102.89,87.55
stock,INDIAGLYCO,INDIAGLYCO.NS,Breweries & Distilleries,Fast Moving Consumer Goods,1793.94,2.74,96.83,32.19,1130.39,8.64,5.66,12.4,,not_stage_2,1,260.4,984.34,0.45,0.0109,"{'price_above_30w_ma': False, '30w_ma_rising': True, 'price_above_10w_ma': False, 'relative_strength_positive': False, 'near_52w_high': False}",lagging,leading,96.22,98.34,-4.54,-3.66,False,False,2026-08-31 ratio=100.76 momentum=102.00; 2026-09-01 ratio=100.20 momentum=98.34; 2026-09-02 ratio=93.72 momentum=96.94; 2026-09-03 ratio=95.38 momentum=98.14; 2026-09-04 ratio=96.22 momentum=98.34,20.9
stock,SDBL,SDBL.NS,Breweries & Distilleries,Fast Moving Consumer Goods,1557.78,0.0,1.56,-98.91,268.63,-49.16,,5.68,,not_stage_2,2,74.0,77.32,-2.87,0.0031,"{'price_above_30w_ma': False, '30w_ma_rising': False, 'price_above_10w_ma': True, 'relative_strength_positive': True, 'near_52w_high': False}",leading,leading,101.32,102.47,0.58,0.06,False,False,2026-08-31 ratio=100.74 momentum=102.40; 2026-09-01 ratio=100.18 momentum=98.88; 2026-09-02 ratio=100.86 momentum=102.06; 2026-09-03 ratio=100.90 momentum=101.95; 2026-09-04 ratio=101.32 momentum=102.47,78.95
stock,FSL,FSL.NS,Business Process Outsourcing (BPO)/ Knowledge Process Outsourcing (KPO),Services,18357.92,2.12,165.92,30.01,2724.87,22.87,23.0,16.8,,not_stage_2,2,264.4,247.05,-2.29,0.01106,"{'price_above_30w_ma': True, '30w_ma_rising': False, 'price_above_10w_ma': False, 'relative_strength_positive': True, 'near_52w_high': False}",lagging,lagging,99.96,96.32,-0.01,-2.57,False,False,2026-08-31 ratio=99.98 momentum=98.89; 2026-09-01 ratio=100.02 momentum=99.80; 2026-09-02 ratio=100.28 momentum=98.68; 2026-09-03 ratio=100.04 momentum=98.01; 2026-09-04 ratio=99.96 momentum=96.32,40.0
stock,ECLERX,ECLERX.NS,Business Process Outsourcing (BPO)/ Knowledge Process Outsourcing (KPO),Services,17725.24,0.05,164.24,15.99,1152.36,23.31,24.32,34.42,,not_stage_2,4,1905.7,1622.19,-2.64,0.07974,"{'price_above_30w_ma': True, '30w_ma_rising': False, 'price_above_10w_ma': True, 'relative_strength_positive': True, 'near_52w_high': True}",leading,leading,100.78,100.71,-0.46,-0.73,False,False,2026-08-31 ratio=101.24 momentum=101.44; 2026-09-01 ratio=101.19 momentum=101.97; 2026-09-02 ratio=101.36 momentum=101.96; 2026-09-03 ratio=101.17 momentum=102.31; 2026-09-04 ratio=100.78 momentum=100.71,107.45
stock,RPSGVENT,RPSGVENT.NS,Business Process Outsourcing (BPO)/ Knowledge Process Outsourcing (KPO),Services,2696.64,0.0,253.09,34.95,3576.44,20.36,,10.61,,not_stage_2,2,831.4,853.77,2.46,0.03479,"{'price_above_30w_ma': False, '30w_ma_rising': True, 'price_above_10w_ma': False, 'relative_strength_positive': False, 'near_52w_high': True}",lagging,lagging,98.46,98.14,-0.17,3.26,False,False,2026-08-31 ratio=98.64 momentum=94.87; 2026-09-01 ratio=98.50 momentum=95.76; 2026-09-02 ratio=98.62 momentum=98.23; 2026-09-03 ratio=98.49 momentum=97.76; 2026-09-04 ratio=98.46 momentum=98.14,44.92
stock,HGS,HGS.NS,Business Process Outsourcing (BPO)/ Knowledge Process Outsourcing (KPO),Services,1857.09,1.26,-66.26,-45.26,1050.36,-0.56,,1.46,,not_stage_2,0,399.25,404.17,-0.37,0.01671,"{'price_above_30w_ma': False, '30w_ma_rising': False, 'price_above_10w_ma': False, 'relative_strength_positive': False, 'near_52w_high': False}",improving,lagging,99.16,103.34,0.36,4.6,False,True,2026-08-31 ratio=98.80 momentum=98.74; 2026-09-01 ratio=98.37 momentum=98.01; 2026-09-02 ratio=98.57 momentum=97.60; 2026-09-03 ratio=98.67 momentum=99.99; 2026-09-04 ratio=99.16 momentum=103.34,16.7
stock,ONEPOINT,ONEPOINT.NS,Business Process Outsourcing (BPO)/ Knowledge Process Outsourcing (KPO),Services,1517.67,0.0,16.31,72.78,158.32,129.42,32.96,10.88,,stage_2,5,57.01,54.21,1.21,0.00239,"{'price_above_30w_ma': True, '30w_ma_rising': True, 'price_above_10w_ma': True, 'relative_strength_positive': True, 'near_52w_high': True}",leading,lagging,100.95,102.71,1.87,5.89,True,False,2026-08-31 ratio=99.07 momentum=96.83; 2026-09-01 ratio=99.12 momentum=98.24; 2026-09-02 ratio=99.28 momentum=98.05; 2026-09-03 ratio=99.38 momentum=98.14; 2026-09-04 ratio=100.95 momentum=102.71,175.72
stock,ALLDIGI,ALLDIGI.NS,Business Process Outsourcing (BPO)/ Knowledge Process Outsourcing (KPO),Services,1233.15,7.4,18.12,21.69,150.28,4.43,13.38,27.89,,not_stage_2,2,805.85,809.68,-0.62,0.03372,"{'price_above_30w_ma': False, '30w_ma_rising': False, 'price_above_10w_ma': False, 'relative_strength_positive': True, 'near_52w_high': True}",improving,leading,99.94,100.87,-0.07,-1.71,False,False,2026-08-31 ratio=100.00 momentum=102.57; 2026-09-01 ratio=99.76 momentum=99.96; 2026-09-02 ratio=99.45 momentum=98.66; 2026-09-03 ratio=99.78 momentum=102.71; 2026-09-04 ratio=99.94 momentum=100.87,44.35
stock,KANDARP,KANDARP.NS,Business Process Outsourcing (BPO)/ Knowledge Process Outsourcing (KPO),Services,88.39,0.0,1.13,-15.67,16.35,4.01,47.78,11.22,,not_stage_2,0,97.0,126.76,-4.87,0.00406,"{'price_above_30w_ma': False, '30w_ma_rising': False, 'price_above_10w_ma': False, 'relative_strength_positive': False, 'near_52w_high': False}",lagging,lagging,99.75,99.76,0.84,0.67,False,False,2026-08-31 ratio=98.91 momentum=99.09; 2026-09-01 ratio=97.98 momentum=97.41; 2026-09-02 ratio=99.91 momentum=99.98; 2026-09-03 ratio=98.66 momentum=98.53; 2026-09-04 ratio=99.75 momentum=99.76,0.0
stock,CADSYS,CADSYS.NS,Business Process Outsourcing (BPO)/ Knowledge Process Outsourcing (KPO),Services,46.41,0.0,-8.6,110.64,47.31,16.3,,-14.11,,not_stage_2,1,46.45,57.87,0.23,0.00194,"{'price_above_30w_ma': False, '30w_ma_rising': True, 'price_above_10w_ma': False, 'relative_strength_positive': False, 'near_52w_high': False}",improving,improving,98.65,100.94,0.27,-0.0,False,False,2026-08-31 ratio=98.38 momentum=100.94; 2026-09-01 ratio=98.45 momentum=100.68; 2026-09-02 ratio=98.54 momentum=100.70; 2026-09-03 ratio=98.61 momentum=101.05; 2026-09-04 ratio=98.65 momentum=100.94,25.16
stock,WEWIN,WEWIN.NS,Business Process Outsourcing (BPO)/ Knowledge Process Outsourcing (KPO),Services,40.43,0.0,0.91,-15.74,30.77,51.65,9.07,10.9,,not_stage_2,1,41.91,48.99,0.47,0.00175,"{'price_above_30w_ma': False, '30w_ma_rising': True, 'price_above_10w_ma': False, 'relative_strength_positive': False, 'near_52w_high': False}",lagging,lagging,97.63,97.29,-1.07,-1.05,False,False,2026-08-31 ratio=98.70 momentum=98.34; 2026-09-01 ratio=98.52 momentum=98.17; 2026-09-02 ratio=97.96 momentum=97.32; 2026-09-03 ratio=97.93 momentum=98.00; 2026-09-04 ratio=97.63 momentum=97.29,20.94
stock,HRHNEXT,HRHNEXT.NS,Business Process Outsourcing (BPO)/ Knowledge Process Outsourcing (KPO),Services,33.28,0.0,2.78,152.73,35.92,24.68,6.85,15.84,,not_stage_2,0,25.4,27.05,-2.55,0.00106,"{'price_above_30w_ma': False, '30w_ma_rising': False, 'price_above_10w_ma': False, 'relative_strength_positive': False, 'near_52w_high': False}",lagging,lagging,99.32,99.29,0.85,-0.51,False,False,2026-08-31 ratio=98.46 momentum=99.79; 2026-09-01 ratio=97.66 momentum=98.53; 2026-09-02 ratio=98.69 momentum=98.62; 2026-09-03 ratio=98.86 momentum=98.73; 2026-09-04 ratio=99.32 momentum=99.29,0.0
stock,POLYCAB,POLYCAB.NS,Cables - Electricals,Capital Goods,124486.32,0.57,796.66,32.46,8209.73,39.01,43.46,33.21,,not_stage_2,2,8300.0,8642.43,2.82,0.34731,"{'price_above_30w_ma': False, '30w_ma_rising': True, 'price_above_10w_ma': False, 'relative_strength_positive': False, 'near_52w_high': True}",lagging,leading,97.33,97.97,-3.39,-4.07,False,False,2026-08-31 ratio=100.72 momentum=102.04; 2026-09-01 ratio=99.04 momentum=99.28; 2026-09-02 ratio=98.91 momentum=98.83; 2026-09-03 ratio=99.00 momentum=99.37; 2026-09-04 ratio=97.33 momentum=97.97,45.64
stock,KEI,KEI.NS,Cables - Electricals,Capital Goods,44970.52,0.1,274.14,40.05,3185.34,22.97,45.11,20.07,,not_stage_2,2,4850.0,4986.81,3.45,0.20295,"{'price_above_30w_ma': False, '30w_ma_rising': True, 'price_above_10w_ma': False, 'relative_strength_positive': False, 'near_52w_high': True}",lagging,weakening,98.72,97.29,-2.74,-1.47,False,False,2026-08-31 ratio=101.45 momentum=98.76; 2026-09-01 ratio=100.21 momentum=95.92; 2026-09-02 ratio=99.74 momentum=96.47; 2026-09-03 ratio=100.31 momentum=98.07; 2026-09-04 ratio=98.72 momentum=97.29,46.9
stock,RRKABEL,RRKABEL.NS,Cables - Electricals,Capital Goods,27032.46,0.4,205.2,117.32,3168.2,53.9,44.21,28.1,,not_stage_2,3,2454.1,2002.99,9.87,0.10269,"{'price_above_30w_ma': True, '30w_ma_rising': True, 'price_above_10w_ma': False, 'relative_strength_positive': False, 'near_52w_high': True}",lagging,leading,99.56,96.49,-2.15,-3.89,False,False,2026-08-31 ratio=101.72 momentum=100.37; 2026-09-01 ratio=101.40 momentum=98.78; 2026-09-02 ratio=100.37 momentum=95.78; 2026-09-03 ratio=100.32 momentum=96.80; 2026-09-04 ratio=99.56 momentum=96.49,79.74
stock,FINCABLES,FINCABLES.NS,Cables - Electricals,Capital Goods,18772.58,0.73,249.04,53.14,2013.15,44.26,23.46,16.01,,stage_2,5,1220.2,1017.25,7.13,0.05106,"{'price_above_30w_ma': True, '30w_ma_rising': True, 'price_above_10w_ma': True, 'relative_strength_positive': True, 'near_52w_high': True}",weakening,weakening,100.89,97.97,-0.24,1.68,False,False,2026-08-31 ratio=101.13 momentum=96.28; 2026-09-01 ratio=101.13 momentum=95.55; 2026-09-02 ratio=100.70 momentum=95.07; 2026-09-03 ratio=101.36 momentum=98.08; 2026-09-04 ratio=100.89 momentum=97.97,143.71
stock,KSHINTL,KSHINTL.NS,Cables - Electricals,Capital Goods,7490.38,0.0,42.22,86.16,1164.24,108.38,57.22,21.46,,stage_2,5,1087.8,700.76,14.44,0.04552,"{'price_above_30w_ma': True, '30w_ma_rising': True, 'price_above_10w_ma': True, 'relative_strength_positive': True, 'near_52w_high': True}",leading,weakening,102.7,101.22,1.89,4.66,True,False,2026-08-31 ratio=100.81 momentum=96.56; 2026-09-01 ratio=100.88 momentum=97.32; 2026-09-02 ratio=100.83 momentum=96.71; 2026-09-03 ratio=101.97 momentum=99.54; 2026-09-04 ratio=102.70 momentum=101.22,203.48
stock,UNIVCABLES,UNIVCABLES.NS,Cables - Electricals,Capital Goods,5157.52,0.3,70.14,108.75,945.06,57.46,25.79,11.68,,stage_2,5,1576.3,1058.95,12.85,0.06596,"{'price_above_30w_ma': True, '30w_ma_rising': True, 'price_above_10w_ma': True, 'relative_strength_positive': True, 'near_52w_high': True}",weakening,weakening,100.89,97.42,-0.47,0.56,False,False,2026-08-31 ratio=101.36 momentum=96.87; 2026-09-01 ratio=101.29 momentum=94.82; 2026-09-02 ratio=101.21 momentum=95.67; 2026-09-03 ratio=101.17 momentum=96.10; 2026-09-04 ratio=100.89 momentum=97.42,155.15
stock,VMARCIND,VMARCIND.NS,Cables - Electricals,Capital Goods,4439.68,0.0,28.55,163.62,555.51,102.42,37.95,41.37,,not_stage_2,2,320.1,756.08,-4.2,0.01339,"{'price_above_30w_ma': False, '30w_ma_rising': False, 'price_above_10w_ma': True, 'relative_strength_positive': True, 'near_52w_high': False}",leading,improving,100.23,103.61,0.38,0.0,True,False,2026-08-31 ratio=99.85 momentum=103.60; 2026-09-01 ratio=99.85 momentum=103.78; 2026-09-02 ratio=99.85 momentum=103.24; 2026-09-03 ratio=100.08 momentum=104.21; 2026-09-04 ratio=100.23 momentum=103.61,89.2
stock,LASERPOWER,LASERPOWER.NS,Cables - Electricals,Capital Goods,4363.46,0.0,20.73,3.75,521.55,14.84,39.72,20.51,,insufficient_data,0,,,,,{},insufficient_data,insufficient_data,,,,,False,False,,0.0
stock,LUMINO,LUMINO.NS,Cables - Electricals,Capital Goods,3495.97,0.0,63.7,,947.62,,21.88,26.61,,insufficient_data,0,,,,,{},insufficient_data,insufficient_data,,,,,False,False,,0.0
stock,DYCL,DYCL.NS,Cables - Electricals,Capital Goods,2234.42,0.11,24.95,37.01,349.1,33.22,24.51,26.21,,stage_2,5,487.9,350.76,7.19,0.02042,"{'price_above_30w_ma': True, '30w_ma_rising': True, 'price_above_10w_ma': True, 'relative_strength_positive': True, 'near_52w_high': True}",weakening,leading,101.5,99.67,-0.86,-0.67,False,False,2026-08-31 ratio=102.36 momentum=100.34; 2026-09-01 ratio=103.23 momentum=102.10; 2026-09-02 ratio=102.83 momentum=101.66; 2026-09-03 ratio=102.76 momentum=101.42; 2026-09-04 ratio=101.50 momentum=99.67,146.88
stock,GODFRYPHLP,GODFRYPHLP.NS,Cigarettes & Tobacco Products,Fast Moving Consumer Goods,31679.59,2.46,198.39,-44.32,1205.51,-18.89,23.17,30.25,,not_stage_2,0,2051.0,2169.89,-0.04,0.08582,"{'price_above_30w_ma': False, '30w_ma_rising': False, 'price_above_10w_ma': False, 'relative_strength_positive': False, 'near_52w_high': False}",lagging,improving,98.94,99.38,-0.45,-1.41,False,False,2026-08-31 ratio=99.39 momentum=100.79; 2026-09-01 ratio=99.04 momentum=100.11; 2026-09-02 ratio=98.43 momentum=97.61; 2026-09-03 ratio=98.84 momentum=99.62; 2026-09-04 ratio=98.94 momentum=99.38,0.0
stock,VSTIND,VSTIND.NS,Cigarettes & Tobacco Products,Fast Moving Consumer Goods,3517.98,5.8,42.42,-24.43,256.46,-13.91,12.63,28.13,,not_stage_2,1,208.15,238.03,-1.42,0.00871,"{'price_above_30w_ma': False, '30w_ma_rising': False, 'price_above_10w_ma': False, 'relative_strength_positive': False, 'near_52w_high': True}",improving,improving,99.09,102.78,0.15,-0.54,False,False,2026-08-31 ratio=98.94 momentum=103.32; 2026-09-01 ratio=98.91 momentum=101.79; 2026-09-02 ratio=98.98 momentum=103.13; 2026-09-03 ratio=99.05 momentum=102.97; 2026-09-04 ratio=99.09 momentum=102.78,33.9
stock,ELITECON,ELITECON.NS,Cigarettes & Tobacco Products,Fast Moving Consumer Goods,1317.25,0.61,103.57,676.39,1741.26,1750.04,4.11,,,insufficient_data,0,,,,,{},insufficient_data,insufficient_data,,,,,False,False,,0.0
stock,NTCIND,NTCIND.NS,Cigarettes & Tobacco Products,Fast Moving Consumer Goods,192.72,0.0,6.12,7.94,25.23,-10.25,9.63,11.14,,insufficient_data,0,,,,,{},insufficient_data,insufficient_data,,,,,False,False,,0.0
stock,SHANTHALA,SHANTHALA.NS,Cigarettes & Tobacco Products,Fast Moving Consumer Goods,11.12,0.0,0.72,71.43,25.82,-0.12,8.76,5.98,,not_stage_2,0,16.6,24.57,-7.51,0.00069,"{'price_above_30w_ma': False, '30w_ma_rising': False, 'price_above_10w_ma': False, 'relative_strength_positive': False, 'near_52w_high': False}",improving,improving,99.16,101.77,0.17,1.35,False,True,2026-08-31 ratio=98.99 momentum=100.42; 2026-09-01 ratio=99.03 momentum=100.30; 2026-09-02 ratio=99.10 momentum=102.45; 2026-09-03 ratio=99.14 momentum=102.42; 2026-09-04 ratio=99.16 momentum=101.77,8.85
stock,MARC,MARC.NS,Consulting Services,Services,257.28,0.0,4.81,,37.53,,24.41,29.22,,stage_2,5,148.6,90.34,15.56,0.00622,"{'price_above_30w_ma': True, '30w_ma_rising': True, 'price_above_10w_ma': True, 'relative_strength_positive': True, 'near_52w_high': True}",weakening,leading,101.55,97.4,-0.15,-5.19,False,False,2026-08-31 ratio=101.71 momentum=102.60; 2026-09-01 ratio=101.72 momentum=104.56; 2026-09-02 ratio=101.70 momentum=105.54; 2026-09-03 ratio=101.63 momentum=98.92; 2026-09-04 ratio=101.55 momentum=97.40,163.87
stock,EKI,EKI.NS,Consulting Services,Services,196.17,2.8,-15.93,-2094.44,10.46,-29.99,,-3.84,,insufficient_data,0,,,,,{},insufficient_data,insufficient_data,,,,,False,False,,0.0
stock,MITCON,MITCON.NS,Consulting Services,Services,140.36,0.0,2.75,151.38,67.58,176.63,14.41,8.83,,stage_2,5,77.8,72.63,3.59,0.00326,"{'price_above_30w_ma': True, '30w_ma_rising': True, 'price_above_10w_ma': True, 'relative_strength_positive': True, 'near_52w_high': True}",leading,leading,100.74,100.31,0.06,-0.9,False,False,2026-08-31 ratio=100.68 momentum=101.22; 2026-09-01 ratio=100.90 momentum=100.55; 2026-09-02 ratio=100.93 momentum=100.83; 2026-09-03 ratio=100.77 momentum=100.32; 2026-09-04 ratio=100.74 momentum=100.31,157.43
stock,AAATECH,AAATECH.NS,Consulting Services,Services,118.29,1.63,0.87,12.99,3.76,1.62,56.87,8.16,,not_stage_2,1,91.74,95.75,-1.79,0.00384,"{'price_above_30w_ma': False, '30w_ma_rising': False, 'price_above_10w_ma': False, 'relative_strength_positive': True, 'near_52w_high': False}",lagging,leading,99.86,98.73,-0.76,-4.14,False,False,2026-08-31 ratio=100.62 momentum=102.87; 2026-09-01 ratio=100.30 momentum=101.42; 2026-09-02 ratio=100.28 momentum=100.34; 2026-09-03 ratio=100.37 momentum=101.01; 2026-09-04 ratio=99.86 momentum=98.73,20.0
stock,DHRUV,DHRUV.NS,Consulting Services,Services,41.96,0.88,-4.74,-396.25,15.55,-26.09,,-32.46,,not_stage_2,0,22.32,28.44,-6.94,0.00093,"{'price_above_30w_ma': False, '30w_ma_rising': False, 'price_above_10w_ma': False, 'relative_strength_positive': False, 'near_52w_high': False}",lagging,lagging,98.26,97.58,-0.65,-1.34,False,False,2026-08-31 ratio=98.91 momentum=98.92; 2026-09-01 ratio=98.95 momentum=99.07; 2026-09-02 ratio=98.97 momentum=97.44; 2026-09-03 ratio=99.05 momentum=98.07; 2026-09-04 ratio=98.26 momentum=97.58,0.0
stock,MIEL,MIEL.NS,Consulting Services,Services,20.85,0.0,1.6,1700.0,21.86,-21.42,6.64,9.5,,insufficient_data,0,,,,,{},insufficient_data,insufficient_data,,,,,False,False,,0.0
stock,PWL,PWL.NS,E-Learning,Consumer Services,37577.16,0.0,-88.28,35.6,1053.95,24.42,614.9,4.02,,not_stage_2,2,126.42,111.23,-0.17,0.00529,"{'price_above_30w_ma': True, '30w_ma_rising': False, 'price_above_10w_ma': False, 'relative_strength_positive': False, 'near_52w_high': True}",improving,lagging,99.98,101.57,1.37,3.78,False,True,2026-08-31 ratio=98.61 momentum=97.79; 2026-09-01 ratio=98.52 momentum=97.33; 2026-09-02 ratio=98.72 momentum=97.91; 2026-09-03 ratio=99.34 momentum=99.79; 2026-09-04 ratio=99.98 momentum=101.57,47.85
stock,VERANDA,VERANDA.NS,E-Learning,Consumer Services,2332.07,0.0,33.87,854.4,149.54,41.52,36.16,12.83,,stage_2,4,242.63,209.12,2.75,0.01015,"{'price_above_30w_ma': True, '30w_ma_rising': True, 'price_above_10w_ma': False, 'relative_strength_positive': True, 'near_52w_high': True}",weakening,leading,100.36,94.95,-0.58,-7.19,False,False,2026-08-31 ratio=100.95 momentum=102.13; 2026-09-01 ratio=100.25 momentum=100.31; 2026-09-02 ratio=100.52 momentum=101.80; 2026-09-03 ratio=100.37 momentum=97.60; 2026-09-04 ratio=100.36 momentum=94.95,112.3
stock,JARO,JARO.NS,E-Learning,Consumer Services,984.71,1.13,11.17,48.34,70.75,16.61,17.41,22.09,,not_stage_2,0,445.65,474.01,-1.21,0.01865,"{'price_above_30w_ma': False, '30w_ma_rising': False, 'price_above_10w_ma': False, 'relative_strength_positive': False, 'near_52w_high': False}",improving,improving,99.12,102.01,-0.26,0.11,False,False,2026-08-31 ratio=99.38 momentum=101.90; 2026-09-01 ratio=99.22 momentum=101.53; 2026-09-02 ratio=99.40 momentum=102.38; 2026-09-03 ratio=99.43 momentum=103.00; 2026-09-04 ratio=99.12 momentum=102.01,10.05
stock,ADDICTIVE,ADDICTIVE.NS,E-Learning,Consumer Services,71.44,0.0,0.31,-75.97,22.69,8.41,,-0.11,,insufficient_data,0,,,,,{},insufficient_data,insufficient_data,,,,,False,False,,0.0
stock,GTECJAINX,GTECJAINX.NS,E-Learning,Consumer Services,29.85,0.0,0.3,100.0,2.25,-10.36,,-36.32,,stage_2,5,29.27,23.87,5.54,0.00122,"{'price_above_30w_ma': True, '30w_ma_rising': True, 'price_above_10w_ma': True, 'relative_strength_positive': True, 'near_52w_high': True}",weakening,lagging,100.74,99.54,0.99,1.06,False,False,2026-08-31 ratio=99.74 momentum=98.49; 2026-09-01 ratio=99.92 momentum=97.94; 2026-09-02 ratio=100.47 momentum=100.58; 2026-09-03 ratio=100.45 momentum=100.50; 2026-09-04 ratio=100.74 momentum=99.54,139.78
stock,UMESLTD,UMESLTD.NS,E-Learning,Consumer Services,13.37,0.0,0.02,0.0,0.12,-7.69,32.61,5.23,,not_stage_2,2,5.09,5.59,1.66,0.00021,"{'price_above_30w_ma': False, '30w_ma_rising': True, 'price_above_10w_ma': False, 'relative_strength_positive': False, 'near_52w_high': True}",lagging,lagging,98.52,99.55,-0.76,1.59,False,False,2026-08-31 ratio=99.28 momentum=97.96; 2026-09-01 ratio=97.42 momentum=96.96; 2026-09-02 ratio=97.62 momentum=97.47; 2026-09-03 ratio=98.17 momentum=97.06; 2026-09-04 ratio=98.52 momentum=99.55,43.32
stock,DHTL,DHTL.NS,E-Learning,Consumer Services,10.75,0.0,-0.07,95.57,7.67,-64.07,,6.12,,not_stage_2,0,32.6,40.91,-10.72,0.00136,"{'price_above_30w_ma': False, '30w_ma_rising': False, 'price_above_10w_ma': False, 'relative_strength_positive': False, 'near_52w_high': False}",improving,improving,99.29,103.53,0.25,0.89,False,True,2026-08-31 ratio=99.04 momentum=102.64; 2026-09-01 ratio=99.13 momentum=102.80; 2026-09-02 ratio=99.22 momentum=102.91; 2026-09-03 ratio=99.27 momentum=101.46; 2026-09-04 ratio=99.29 momentum=103.53,17.65
stock,PVRINOX,PVRINOX.NS,"Film Production, Distribution & Exhibition","Media, Entertainment & Publication",11357.75,0.0,56.5,220.3,1622.2,11.91,35.81,6.79,,stage_2,5,1227.2,1033.49,2.98,0.05135,"{'price_above_30w_ma': True, '30w_ma_rising': True, 'price_above_10w_ma': True, 'relative_strength_positive': True, 'near_52w_high': True}",weakening,weakening,101.36,98.01,0.05,0.95,False,False,2026-08-31 ratio=101.31 momentum=97.06; 2026-09-01 ratio=101.48 momentum=97.70; 2026-09-02 ratio=101.31 momentum=97.33; 2026-09-03 ratio=101.65 momentum=98.58; 2026-09-04 ratio=101.36 momentum=98.01,137.76
stock,MMWL,MMWL.NS,"Film Production, Distribution & Exhibition","Media, Entertainment & Publication",1655.1,0.0,3.58,84.46,428.45,83.37,233.11,9.78,,insufficient_data,0,,,,,{},weakening,weakening,100.58,99.42,-0.0,1.37,False,False,2026-08-31 ratio=100.58 momentum=98.06; 2026-09-01 ratio=100.01 momentum=97.98; 2026-09-02 ratio=100.09 momentum=99.17; 2026-09-03 ratio=100.03 momentum=99.87; 2026-09-04 ratio=100.58 momentum=99.42,2.9
stock,SUNSHINE,SUNSHINE.NS,"Film Production, Distribution & Exhibition","Media, Entertainment & Publication",1512.88,0.0,,,,,38.22,40.96,,insufficient_data,0,,,,,{},insufficient_data,insufficient_data,,,,,False,False,,0.0
stock,PANORAMA,PANORAMA.NS,"Film Production, Distribution & Exhibition","Media, Entertainment & Publication",1258.11,0.12,12.71,165.95,183.07,34.26,52.12,8.7,,insufficient_data,0,,,,,{},insufficient_data,insufficient_data,,,,,False,False,,0.0
stock,CONNPLEX,CONNPLEX.NS,"Film Production, Distribution & Exhibition","Media, Entertainment & Publication",472.63,0.0,13.03,38.91,83.46,51.97,18.25,43.55,,insufficient_data,0,,,,,{},insufficient_data,insufficient_data,,,,,False,False,,0.0
stock,CINELINE,CINELINE.NS,"Film Production, Distribution & Exhibition","Media, Entertainment & Publication",374.48,1.27,-1.21,74.27,59.27,30.87,27.82,10.86,,stage_2,5,95.23,84.43,0.89,0.00398,"{'price_above_30w_ma': True, '30w_ma_rising': True, 'price_above_10w_ma': True, 'relative_strength_positive': True, 'near_52w_high': True}",leading,weakening,102.39,103.05,1.33,5.31,True,False,2026-08-31 ratio=101.07 momentum=97.74; 2026-09-01 ratio=101.22 momentum=99.92; 2026-09-02 ratio=101.12 momentum=99.06; 2026-09-03 ratio=101.44 momentum=102.35; 2026-09-04 ratio=102.39 momentum=103.05,183.98
stock,UFO,UFO.NS,"Film Production, Distribution & Exhibition","Media, Entertainment & Publication",250.5,0.0,5.64,-13.5,110.69,3.81,10.42,11.19,,not_stage_2,1,65.09,69.48,-1.88,0.00272,"{'price_above_30w_ma': False, '30w_ma_rising': False, 'price_above_10w_ma': False, 'relative_strength_positive': False, 'near_52w_high': True}",improving,improving,99.1,102.9,-0.23,0.84,False,False,2026-08-31 ratio=99.33 momentum=102.05; 2026-09-01 ratio=98.82 momentum=100.05; 2026-09-02 ratio=99.18 momentum=102.56; 2026-09-03 ratio=99.27 momentum=101.50; 2026-09-04 ratio=99.10 momentum=102.90,34.5
stock,TIPSFILMS,TIPSFILMS.NS,"Film Production, Distribution & Exhibition","Media, Entertainment & Publication",142.42,0.0,-29.41,-720.46,47.96,-49.71,,-6.69,,not_stage_2,0,331.0,353.92,-1.56,0.01385,"{'price_above_30w_ma': False, '30w_ma_rising': False, 'price_above_10w_ma': False, 'relative_strength_positive': False, 'near_52w_high': False}",lagging,lagging,99.4,96.12,-0.07,-3.82,False,False,2026-08-31 ratio=99.47 momentum=99.94; 2026-09-01 ratio=99.40 momentum=100.18; 2026-09-02 ratio=99.36 momentum=97.83; 2026-09-03 ratio=99.43 momentum=95.76; 2026-09-04 ratio=99.40 momentum=96.12,0.0
stock,MUKTAARTS,MUKTAARTS.NS,"Film Production, Distribution & Exhibition","Media, Entertainment & Publication",134.06,0.0,-2.15,64.7,40.59,10.51,,11.17,,not_stage_2,4,58.9,55.03,-0.81,0.00246,"{'price_above_30w_ma': True, '30w_ma_rising': False, 'price_above_10w_ma': True, 'relative_strength_positive': True, 'near_52w_high': True}",leading,improving,101.62,103.72,1.69,2.81,True,False,2026-08-31 ratio=99.93 momentum=100.91; 2026-09-01 ratio=100.40 momentum=103.05; 2026-09-02 ratio=100.82 momentum=103.07; 2026-09-03 ratio=100.31 momentum=100.48; 2026-09-04 ratio=101.62 momentum=103.72,136.7
stock,BAWEJA,BAWEJA.NS,"Film Production, Distribution & Exhibition","Media, Entertainment & Publication",48.09,0.0,4.57,-13.28,33.44,-22.93,7.91,7.94,,not_stage_2,1,26.1,28.93,-3.64,0.00109,"{'price_above_30w_ma': False, '30w_ma_rising': False, 'price_above_10w_ma': False, 'relative_strength_positive': True, 'near_52w_high': False}",improving,improving,99.95,102.84,1.12,1.07,False,True,2026-08-31 ratio=98.83 momentum=101.76; 2026-09-01 ratio=99.34 momentum=103.30; 2026-09-02 ratio=99.77 momentum=104.29; 2026-09-03 ratio=99.87 momentum=103.14; 2026-09-04 ratio=99.95 momentum=102.84,34.2
stock,METROBRAND,METROBRAND.NS,Footwear,Consumer Durables,25503.98,0.64,95.26,-4.79,720.36,14.66,62.75,20.12,,not_stage_2,0,929.15,1005.7,-1.48,0.03888,"{'price_above_30w_ma': False, '30w_ma_rising': False, 'price_above_10w_ma': False, 'relative_strength_positive': False, 'near_52w_high': False}",improving,improving,99.09,104.06,0.51,2.2,False,True,2026-08-31 ratio=98.58 momentum=101.86; 2026-09-01 ratio=98.63 momentum=102.17; 2026-09-02 ratio=98.49 momentum=101.55; 2026-09-03 ratio=98.83 momentum=103.32; 2026-09-04 ratio=99.09 momentum=104.06,20.3
stock,BATAINDIA,BATAINDIA.NS,Footwear,Consumer Durables,8604.92,3.73,63.98,15.88,978.95,3.94,49.5,12.74,,not_stage_2,0,672.75,711.51,-2.97,0.02815,"{'price_above_30w_ma': False, '30w_ma_rising': False, 'price_above_10w_ma': False, 'relative_strength_positive': False, 'near_52w_high': False}",lagging,lagging,99.09,94.84,-0.1,-1.97,False,False,2026-08-31 ratio=99.19 momentum=96.81; 2026-09-01 ratio=99.01 momentum=94.79; 2026-09-02 ratio=98.87 momentum=95.01; 2026-09-03 ratio=99.35 momentum=96.32; 2026-09-04 ratio=99.09 momentum=94.84,0.0
stock,RELAXO,RELAXO.NS,Footwear,Consumer Durables,8403.18,1.04,54.94,12.35,705.05,7.73,45.35,11.18,,not_stage_2,1,344.75,342.92,-0.31,0.01443,"{'price_above_30w_ma': True, '30w_ma_rising': False, 'price_above_10w_ma': False, 'relative_strength_positive': False, 'near_52w_high': False}",lagging,lagging,98.01,96.99,-0.22,0.3,False,False,2026-08-31 ratio=98.23 momentum=96.70; 2026-09-01 ratio=98.31 momentum=96.96; 2026-09-02 ratio=97.86 momentum=97.05; 2026-09-03 ratio=97.87 momentum=97.23; 2026-09-04 ratio=98.01 momentum=96.99,20.0
stock,CAMPUS,CAMPUS.NS,Footwear,Consumer Durables,6691.55,0.69,26.14,17.75,385.2,12.21,43.44,21.22,,not_stage_2,2,223.24,237.77,-1.81,0.00934,"{'price_above_30w_ma': False, '30w_ma_rising': False, 'price_above_10w_ma': False, 'relative_strength_positive': True, 'near_52w_high': True}",leading,leading,100.18,100.8,-0.02,-2.74,False,False,2026-08-31 ratio=100.21 momentum=103.53; 2026-09-01 ratio=99.94 momentum=104.82; 2026-09-02 ratio=99.70 momentum=100.98; 2026-09-03 ratio=100.29 momentum=104.64; 2026-09-04 ratio=100.18 momentum=100.80,64.9
stock,REDTAPE,REDTAPE.NS,Footwear,Consumer Durables,6564.09,1.68,44.48,15.23,481.28,3.65,26.64,24.48,,not_stage_2,1,120.43,127.71,0.19,0.00504,"{'price_above_30w_ma': False, '30w_ma_rising': True, 'price_above_10w_ma': False, 'relative_strength_positive': False, 'near_52w_high': False}",improving,improving,98.68,101.65,-0.22,-2.13,False,False,2026-08-31 ratio=98.90 momentum=103.78; 2026-09-01 ratio=98.62 momentum=100.91; 2026-09-02 ratio=98.25 momentum=99.00; 2026-09-03 ratio=98.13 momentum=99.95; 2026-09-04 ratio=98.68 momentum=101.65,28.63
stock,SREEL,SREEL.NS,Footwear,Consumer Durables,646.39,0.72,6.99,138.57,59.63,19.74,19.68,8.0,,stage_2,5,265.52,204.78,2.36,0.01111,"{'price_above_30w_ma': True, '30w_ma_rising': True, 'price_above_10w_ma': True, 'relative_strength_positive': True, 'near_52w_high': True}",leading,weakening,102.12,101.43,0.69,6.42,True,False,2026-08-31 ratio=101.44 momentum=95.01; 2026-09-01 ratio=101.50 momentum=96.22; 2026-09-02 ratio=101.72 momentum=98.17; 2026-09-03 ratio=101.93 momentum=100.04; 2026-09-04 ratio=102.12 momentum=101.43,177.47
stock,LIBERTSHOE,LIBERTSHOE.NS,Footwear,Consumer Durables,392.85,0.0,0.68,-76.97,169.86,-1.7,46.11,7.91,,not_stage_2,0,233.27,251.41,-0.41,0.00976,"{'price_above_30w_ma': False, '30w_ma_rising': False, 'price_above_10w_ma': False, 'relative_strength_positive': False, 'near_52w_high': False}",lagging,lagging,98.38,97.63,-0.29,-0.56,False,False,2026-08-31 ratio=98.68 momentum=98.19; 2026-09-01 ratio=98.54 momentum=98.21; 2026-09-02 ratio=98.34 momentum=97.60; 2026-09-03 ratio=98.41 momentum=99.91; 2026-09-04 ratio=98.38 momentum=97.63,0.0
stock,BRANDMAN,BRANDMAN.NS,Footwear,Consumer Durables,314.23,0.0,4.76,1152.63,45.19,287.56,10.59,36.81,,insufficient_data,0,,,,,{},insufficient_data,insufficient_data,,,,,False,False,,0.0
stock,KHADIM,KHADIM.NS,Footwear,Consumer Durables,214.75,0.0,0.52,-39.53,77.84,-18.66,47.62,6.87,,not_stage_2,3,117.3,105.12,-7.09,0.00491,"{'price_above_30w_ma': True, '30w_ma_rising': False, 'price_above_10w_ma': True, 'relative_strength_positive': True, 'near_52w_high': False}",leading,leading,102.07,103.79,-0.15,1.46,False,False,2026-08-31 ratio=102.22 momentum=102.33; 2026-09-01 ratio=102.40 momentum=102.45; 2026-09-02 ratio=102.08 momentum=102.17; 2026-09-03 ratio=101.89 momentum=102.86; 2026-09-04 ratio=102.07 momentum=103.79,109.3
stock,ICICIGI,ICICIGI.NS,General Insurance,Financial Services,74610.68,0.9,403.17,-46.03,7088.22,10.83,30.73,21.88,,not_stage_2,0,1510.0,1759.03,-1.9,0.06319,"{'price_above_30w_ma': False, '30w_ma_rising': False, 'price_above_10w_ma': False, 'relative_strength_positive': False, 'near_52w_high': False}",lagging,lagging,98.41,97.24,-0.36,-2.1,False,False,2026-08-31 ratio=98.77 momentum=99.35; 2026-09-01 ratio=98.82 momentum=98.80; 2026-09-02 ratio=98.62 momentum=97.44; 2026-09-03 ratio=98.51 momentum=96.99; 2026-09-04 ratio=98.41 momentum=97.24,0.0
stock,GICRE,GICRE.NS,General Insurance,Financial Services,61326.14,3.79,1743.67,-31.1,14400.9,-1.52,6.91,17.35,,not_stage_2,3,358.45,373.57,-0.62,0.015,"{'price_above_30w_ma': False, '30w_ma_rising': False, 'price_above_10w_ma': True, 'relative_strength_positive': True, 'near_52w_high': True}",leading,improving,100.78,102.03,1.17,1.25,True,False,2026-08-31 ratio=99.62 momentum=100.79; 2026-09-01 ratio=99.71 momentum=99.87; 2026-09-02 ratio=100.20 momentum=100.61; 2026-09-03 ratio=100.45 momentum=101.18; 2026-09-04 ratio=100.78 momentum=102.03,104.05
stock,NIACL,NIACL.NS,General Insurance,Financial Services,38120.0,0.65,-239.15,-160.61,11899.69,1.54,49.55,4.29,,stage_2,5,229.91,164.55,3.95,0.00962,"{'price_above_30w_ma': True, '30w_ma_rising': True, 'price_above_10w_ma': True, 'relative_strength_positive': True, 'near_52w_high': True}",leading,leading,104.91,103.25,3.55,0.02,False,False,2026-08-31 ratio=101.36 momentum=103.23; 2026-09-01 ratio=100.94 momentum=101.15; 2026-09-02 ratio=102.93 momentum=102.96; 2026-09-03 ratio=102.33 momentum=102.36; 2026-09-04 ratio=104.91 momentum=103.25,193.7
stock,STARHEALTH,STARHEALTH.NS,General Insurance,Financial Services,33346.06,0.0,549.73,25.46,5522.07,13.15,39.5,9.69,,not_stage_2,3,557.35,526.27,3.27,0.02332,"{'price_above_30w_ma': True, '30w_ma_rising': True, 'price_above_10w_ma': False, 'relative_strength_positive': False, 'near_52w_high': True}",lagging,lagging,98.38,98.01,-0.27,0.84,False,False,2026-08-31 ratio=98.65 momentum=97.17; 2026-09-01 ratio=98.13 momentum=96.82; 2026-09-02 ratio=98.71 momentum=97.59; 2026-09-03 ratio=98.53 momentum=98.32; 2026-09-04 ratio=98.38 momentum=98.01,66.54
stock,GODIGIT,GODIGIT.NS,General Insurance,Financial Services,23601.96,0.0,86.39,-37.55,2427.02,8.54,47.93,13.1,,not_stage_2,0,258.3,303.39,-2.68,0.01081,"{'price_above_30w_ma': False, '30w_ma_rising': False, 'price_above_10w_ma': False, 'relative_strength_positive': False, 'near_52w_high': False}",improving,improving,99.39,102.14,0.24,-0.98,False,False,2026-08-31 ratio=99.15 momentum=103.13; 2026-09-01 ratio=99.32 momentum=103.27; 2026-09-02 ratio=99.32 momentum=104.44; 2026-09-03 ratio=99.35 momentum=104.11; 2026-09-04 ratio=99.39 momentum=102.14,10.7
stock,NIVABUPA,NIVABUPA.NS,General Insurance,Financial Services,14908.46,0.0,137.8,92.89,2471.26,27.93,85.56,3.15,,not_stage_2,2,80.11,80.29,0.63,0.00335,"{'price_above_30w_ma': False, '30w_ma_rising': True, 'price_above_10w_ma': False, 'relative_strength_positive': False, 'near_52w_high': True}",improving,improving,98.1,101.06,0.06,-0.81,False,False,2026-08-31 ratio=98.04 momentum=101.88; 2026-09-01 ratio=98.71 momentum=100.45; 2026-09-02 ratio=98.20 momentum=97.09; 2026-09-03 ratio=98.36 momentum=101.72; 2026-09-04 ratio=98.10 momentum=101.06,46.56
stock,LGEINDIA,LGEINDIA.NS,Household Appliances,Consumer Durables,111861.75,0.0,652.86,27.2,7233.35,15.49,61.3,32.27,,stage_2,5,1640.7,1558.18,2.03,0.06866,"{'price_above_30w_ma': True, '30w_ma_rising': True, 'price_above_10w_ma': True, 'relative_strength_positive': True, 'near_52w_high': True}",leading,weakening,101.16,100.2,-0.99,0.64,False,False,2026-08-31 ratio=102.15 momentum=99.57; 2026-09-01 ratio=101.56 momentum=98.89; 2026-09-02 ratio=101.46 momentum=98.86; 2026-09-03 ratio=101.59 momentum=100.61; 2026-09-04 ratio=101.16 momentum=100.20,155.86
stock,VOLTAS,VOLTAS.NS,Household Appliances,Consumer Durables,38620.86,0.34,212.76,52.19,4673.5,18.66,82.71,9.04,,not_stage_2,0,1170.0,1337.79,-1.39,0.04896,"{'price_above_30w_ma': False, '30w_ma_rising': False, 'price_above_10w_ma': False, 'relative_strength_positive': False, 'near_52w_high': False}",improving,lagging,98.18,100.04,0.14,1.83,False,True,2026-08-31 ratio=98.04 momentum=98.21; 2026-09-01 ratio=98.37 momentum=100.00; 2026-09-02 ratio=97.58 momentum=99.21; 2026-09-03 ratio=98.25 momentum=102.23; 2026-09-04 ratio=98.18 momentum=100.04,0.2
stock,BLUESTARCO,BLUESTARCO.NS,Household Appliances,Consumer Durables,30780.71,0.57,102.51,-21.03,3377.92,13.27,58.17,21.24,,not_stage_2,0,1484.0,1685.75,-2.35,0.0621,"{'price_above_30w_ma': False, '30w_ma_rising': False, 'price_above_10w_ma': False, 'relative_strength_positive': False, 'near_52w_high': False}",improving,improving,99.05,102.3,0.54,0.09,False,True,2026-08-31 ratio=98.50 momentum=102.21; 2026-09-01 ratio=98.88 momentum=104.82; 2026-09-02 ratio=98.53 momentum=101.63; 2026-09-03 ratio=99.05 momentum=103.12; 2026-09-04 ratio=99.05 momentum=102.30,11.5
stock,AMBER,AMBER.NS,Household Appliances,Consumer Durables,26134.29,0.0,3.09,-3.37,3887.72,12.72,126.66,10.29,,not_stage_2,3,7474.0,7539.58,2.56,0.31275,"{'price_above_30w_ma': False, '30w_ma_rising': True, 'price_above_10w_ma': False, 'relative_strength_positive': True, 'near_52w_high': True}",leading,leading,100.44,102.51,-0.2,-0.22,False,False,2026-08-31 ratio=100.64 momentum=102.73; 2026-09-01 ratio=100.28 momentum=101.46; 2026-09-02 ratio=100.12 momentum=101.72; 2026-09-03 ratio=100.19 momentum=102.21; 2026-09-04 ratio=100.44 momentum=102.51,99.87
stock,CROMPTON,CROMPTON.NS,Household Appliances,Consumer Durables,14834.23,1.3,140.32,12.12,2022.47,11.2,32.68,18.98,,not_stage_2,1,232.4,259.26,0.29,0.00972,"{'price_above_30w_ma': False, '30w_ma_rising': True, 'price_above_10w_ma': False, 'relative_strength_positive': False, 'near_52w_high': False}",lagging,lagging,98.5,97.44,0.2,-2.52,False,False,2026-08-31 ratio=98.30 momentum=99.96; 2026-09-01 ratio=98.02 momentum=99.09; 2026-09-02 ratio=97.96 momentum=98.47; 2026-09-03 ratio=97.99 momentum=96.84; 2026-09-04 ratio=98.50 momentum=97.44,20.58
stock,VGUARD,VGUARD.NS,Household Appliances,Consumer Durables,14549.13,0.45,130.25,76.37,1810.65,23.5,38.28,18.38,,stage_2,5,335.4,316.99,0.25,0.01403,"{'price_above_30w_ma': True, '30w_ma_rising': True, 'price_above_10w_ma': True, 'relative_strength_positive': True, 'near_52w_high': True}",weakening,weakening,101.47,98.93,-1.02,1.85,False,False,2026-08-31 ratio=102.49 momentum=97.08; 2026-09-01 ratio=102.12 momentum=98.89; 2026-09-02 ratio=102.00 momentum=98.70; 2026-09-03 ratio=101.81 momentum=98.09; 2026-09-04 ratio=101.47 momentum=98.93,132.85
stock,WHIRLPOOL,WHIRLPOOL.NS,Household Appliances,Consumer Durables,10343.23,0.61,102.88,-29.4,2726.75,12.1,37.94,10.67,,not_stage_2,2,815.95,839.62,-0.22,0.03414,"{'price_above_30w_ma': False, '30w_ma_rising': False, 'price_above_10w_ma': True, 'relative_strength_positive': True, 'near_52w_high': False}",leading,leading,101.83,102.41,1.02,0.98,False,False,2026-08-31 ratio=100.82 momentum=101.43; 2026-09-01 ratio=100.78 momentum=101.53; 2026-09-02 ratio=101.01 momentum=102.25; 2026-09-03 ratio=101.31 momentum=101.67; 2026-09-04 ratio=101.83 momentum=102.41,81.2
stock,EUREKAFORB,EUREKAFORB.NS,Household Appliances,Consumer Durables,7854.07,0.0,55.44,6.98,700.77,15.31,39.28,5.86,,not_stage_2,0,423.75,463.71,-3.02,0.01773,"{'price_above_30w_ma': False, '30w_ma_rising': False, 'price_above_10w_ma': False, 'relative_strength_positive': False, 'near_52w_high': False}",improving,improving,98.99,102.83,0.01,0.99,False,True,2026-08-31 ratio=98.99 momentum=101.83; 2026-09-01 ratio=98.96 momentum=101.23; 2026-09-02 ratio=98.86 momentum=102.02; 2026-09-03 ratio=99.31 momentum=103.09; 2026-09-04 ratio=98.99 momentum=102.83,14.15
stock,TTKPRESTIG,TTKPRESTIG.NS,Household Appliances,Consumer Durables,7507.76,1.37,58.97,103.94,813.85,33.57,36.28,12.1,,not_stage_2,3,562.75,548.6,0.05,0.02355,"{'price_above_30w_ma': True, '30w_ma_rising': True, 'price_above_10w_ma': False, 'relative_strength_positive': False, 'near_52w_high': True}",lagging,lagging,98.38,97.38,-0.6,-0.33,False,False,2026-08-31 ratio=98.98 momentum=97.71; 2026-09-01 ratio=98.85 momentum=97.32; 2026-09-02 ratio=99.11 momentum=99.00; 2026-09-03 ratio=99.04 momentum=98.54; 2026-09-04 ratio=98.38 momentum=97.38,60.1
stock,IFBIND,IFBIND.NS,Household Appliances,Consumer Durables,5319.66,0.0,38.06,50.08,1523.52,17.1,34.04,18.22,,not_stage_2,2,1305.7,1200.85,1.04,0.05464,"{'price_above_30w_ma': True, '30w_ma_rising': True, 'price_above_10w_ma': False, 'relative_strength_positive': False, 'near_52w_high': False}",lagging,lagging,99.51,97.39,-0.42,-0.67,False,False,2026-08-31 ratio=99.94 momentum=98.07; 2026-09-01 ratio=99.32 momentum=96.35; 2026-09-02 ratio=99.35 momentum=96.96; 2026-09-03 ratio=99.70 momentum=97.44; 2026-09-04 ratio=99.51 momentum=97.39,42.08
stock,ATGL,ATGL.NS,LPG/CNG/PNG/LNG Supplier,"Oil, Gas & Consumable Fuels",66384.69,0.04,133.03,-17.97,1743.48,27.1,109.23,15.09,,not_stage_2,2,612.35,631.75,2.24,0.02562,"{'price_above_30w_ma': False, '30w_ma_rising': True, 'price_above_10w_ma': False, 'relative_strength_positive': False, 'near_52w_high': True}",lagging,lagging,98.59,99.46,0.14,-0.01,False,False,2026-08-31 ratio=98.45 momentum=99.46; 2026-09-01 ratio=98.33 momentum=98.53; 2026-09-02 ratio=98.53 momentum=96.56; 2026-09-03 ratio=98.59 momentum=97.87; 2026-09-04 ratio=98.59 momentum=99.46,44.48
stock,PETRONET,PETRONET.NS,LPG/CNG/PNG/LNG Supplier,"Oil, Gas & Consumable Fuels",43461.47,3.44,1137.14,35.07,5557.84,-53.22,10.33,22.55,,stage_2,5,288.1,279.21,0.09,0.01206,"{'price_above_30w_ma': True, '30w_ma_rising': True, 'price_above_10w_ma': True, 'relative_strength_positive': True, 'near_52w_high': True}",weakening,leading,101.36,98.88,-1.66,-6.87,False,False,2026-08-31 ratio=103.02 momentum=105.75; 2026-09-01 ratio=101.79 momentum=101.25; 2026-09-02 ratio=101.56 momentum=99.82; 2026-09-03 ratio=101.64 momentum=99.68; 2026-09-04 ratio=101.36 momentum=98.88,131.98
stock,GUJENERGY,GUJENERGY.NS,LPG/CNG/PNG/LNG Supplier,"Oil, Gas & Consumable Fuels",24616.17,3.4,1007.4,69.8,9544.98,63.12,12.59,18.49,,not_stage_2,0,263.59,341.24,-5.55,0.01103,"{'price_above_30w_ma': False, '30w_ma_rising': False, 'price_above_10w_ma': False, 'relative_strength_positive': False, 'near_52w_high': False}",improving,lagging,99.51,101.53,0.69,5.43,False,True,2026-08-31 ratio=98.82 momentum=96.11; 2026-09-01 ratio=99.05 momentum=98.53; 2026-09-02 ratio=99.41 momentum=101.46; 2026-09-03 ratio=99.52 momentum=101.59; 2026-09-04 ratio=99.51 momentum=101.53,7.65
stock,IGL,IGL.NS,LPG/CNG/PNG/LNG Supplier,"Oil, Gas & Consumable Fuels",21670.66,2.1,237.92,-43.97,4586.73,17.19,15.92,17.52,,not_stage_2,2,158.04,158.38,-2.15,0.00661,"{'price_above_30w_ma': False, '30w_ma_rising': False, 'price_above_10w_ma': True, 'relative_strength_positive': True, 'near_52w_high': False}",leading,improving,102.0,103.6,2.4,1.51,True,False,2026-08-31 ratio=99.59 momentum=102.10; 2026-09-01 ratio=99.54 momentum=101.91; 2026-09-02 ratio=99.37 momentum=99.34; 2026-09-03 ratio=99.76 momentum=101.90; 2026-09-04 ratio=102.00 momentum=103.60,98.0
stock,MGL,MGL.NS,LPG/CNG/PNG/LNG Supplier,"Oil, Gas & Consumable Fuels",10789.49,2.75,193.7,-39.39,2371.71,13.95,14.97,17.14,,not_stage_2,2,1096.6,1099.5,0.3,0.04589,"{'price_above_30w_ma': False, '30w_ma_rising': True, 'price_above_10w_ma': False, 'relative_strength_positive': False, 'near_52w_high': True}",improving,lagging,99.94,100.94,1.24,3.7,False,True,2026-08-31 ratio=98.70 momentum=97.24; 2026-09-01 ratio=98.91 momentum=98.53; 2026-09-02 ratio=98.63 momentum=96.94; 2026-09-03 ratio=98.70 momentum=96.56; 2026-09-04 ratio=99.94 momentum=100.94,45.3
stock,CONFIPET,CONFIPET.NS,LPG/CNG/PNG/LNG Supplier,"Oil, Gas & Consumable Fuels",2732.01,0.12,62.55,207.04,2408.53,116.6,20.29,9.23,,stage_2,5,82.48,60.39,10.99,0.00345,"{'price_above_30w_ma': True, '30w_ma_rising': True, 'price_above_10w_ma': True, 'relative_strength_positive': True, 'near_52w_high': True}",leading,leading,101.79,102.22,0.06,-0.23,False,False,2026-08-31 ratio=101.72 momentum=102.45; 2026-09-01 ratio=101.41 momentum=103.00; 2026-09-02 ratio=102.06 momentum=102.79; 2026-09-03 ratio=102.39 momentum=103.52; 2026-09-04 ratio=101.79 momentum=102.22,187.03
stock,IRMENERGY,IRMENERGY.NS,LPG/CNG/PNG/LNG Supplier,"Oil, Gas & Consumable Fuels",1166.9,0.53,33.81,142.89,325.85,24.13,15.96,8.63,,stage_2,5,281.4,257.63,2.08,0.01178,"{'price_above_30w_ma': True, '30w_ma_rising': True, 'price_above_10w_ma': True, 'relative_strength_positive': True, 'near_52w_high': True}",weakening,weakening,100.84,98.94,-0.19,1.07,False,False,2026-08-31 ratio=101.03 momentum=97.87; 2026-09-01 ratio=100.70 momentum=96.65; 2026-09-02 ratio=101.03 momentum=98.52; 2026-09-03 ratio=101.08 momentum=99.89; 2026-09-04 ratio=100.84 momentum=98.94,133.36
stock,LICI,LICI.NS,Life Insurance,Financial Services,520672.67,2.43,13584.25,23.98,239865.7,6.76,8.67,35.14,,not_stage_2,2,415.35,411.81,-0.01,0.01738,"{'price_above_30w_ma': True, '30w_ma_rising': False, 'price_above_10w_ma': False, 'relative_strength_positive': False, 'near_52w_high': True}",improving,improving,99.97,100.32,0.14,-2.9,False,False,2026-08-31 ratio=99.83 momentum=103.23; 2026-09-01 ratio=99.53 momentum=101.40; 2026-09-02 ratio=99.47 momentum=99.52; 2026-09-03 ratio=100.09 momentum=101.64; 2026-09-04 ratio=99.97 momentum=100.32,41.6
stock,SBILIFE,SBILIFE.NS,Life Insurance,Financial Services,174074.36,0.16,724.93,21.97,46336.78,18.82,66.93,14.95,,not_stage_2,1,1775.0,1855.34,-1.69,0.07427,"{'price_above_30w_ma': False, '30w_ma_rising': False, 'price_above_10w_ma': False, 'relative_strength_positive': False, 'near_52w_high': True}",improving,lagging,99.61,101.05,1.25,2.69,False,True,2026-08-31 ratio=98.36 momentum=98.36; 2026-09-01 ratio=98.45 momentum=98.69; 2026-09-02 ratio=98.31 momentum=97.46; 2026-09-03 ratio=98.33 momentum=98.16; 2026-09-04 ratio=99.61 momentum=101.05,25.25
stock,HDFCLIFE,HDFCLIFE.NS,Life Insurance,Financial Services,116118.71,0.39,611.19,11.46,33758.51,14.58,58.79,10.3,,not_stage_2,1,546.4,596.94,-3.73,0.02286,"{'price_above_30w_ma': False, '30w_ma_rising': False, 'price_above_10w_ma': False, 'relative_strength_positive': True, 'near_52w_high': False}",leading,improving,100.06,101.56,0.62,-0.2,False,False,2026-08-31 ratio=99.45 momentum=101.76; 2026-09-01 ratio=99.34 momentum=101.83; 2026-09-02 ratio=99.12 momentum=100.96; 2026-09-03 ratio=99.22 momentum=100.87; 2026-09-04 ratio=100.06 momentum=101.56,48.1
stock,ICICIPRULI,ICICIPRULI.NS,Life Insurance,Financial Services,68237.76,0.35,623.91,61.94,3185.46,-79.69,42.44,10.14,,not_stage_2,0,494.55,532.47,-3.5,0.02069,"{'price_above_30w_ma': False, '30w_ma_rising': False, 'price_above_10w_ma': False, 'relative_strength_positive': False, 'near_52w_high': False}",lagging,leading,99.72,97.79,-1.95,-4.44,False,False,2026-08-31 ratio=101.67 momentum=102.23; 2026-09-01 ratio=99.49 momentum=99.46; 2026-09-02 ratio=100.22 momentum=100.23; 2026-09-03 ratio=99.84 momentum=99.77; 2026-09-04 ratio=99.72 momentum=97.79,0.0
stock,MFSL,MFSL.NS,Life Insurance,Financial Services,52584.8,0.0,118.29,36.38,14969.51,16.75,484.63,2.87,,not_stage_2,2,1548.4,1620.86,-0.68,0.06479,"{'price_above_30w_ma': False, '30w_ma_rising': False, 'price_above_10w_ma': False, 'relative_strength_positive': True, 'near_52w_high': True}",leading,leading,100.3,100.53,0.01,-1.84,False,False,2026-08-31 ratio=100.28 momentum=102.36; 2026-09-01 ratio=99.66 momentum=98.05; 2026-09-02 ratio=99.27 momentum=98.81; 2026-09-03 ratio=100.05 momentum=100.24; 2026-09-04 ratio=100.30 momentum=100.53,64.15
stock,CANHLIFE,CANHLIFE.NS,Life Insurance,Financial Services,14653.24,0.26,28.14,20.15,4350.86,19.81,111.58,8.35,,stage_2,5,157.23,144.76,0.83,0.00658,"{'price_above_30w_ma': True, '30w_ma_rising': True, 'price_above_10w_ma': True, 'relative_strength_positive': True, 'near_52w_high': True}",leading,leading,102.05,100.52,0.25,-2.64,False,False,2026-08-31 ratio=101.80 momentum=103.16; 2026-09-01 ratio=101.38 momentum=101.57; 2026-09-02 ratio=101.24 momentum=99.26; 2026-09-03 ratio=101.55 momentum=100.99; 2026-09-04 ratio=102.05 momentum=100.52,159.51
stock,CONCOR,CONCOR.NS,Logistics Solution Provider,Services,38529.62,1.51,268.9,0.08,2159.76,0.28,31.02,12.41,,stage_2,5,508.0,487.74,0.38,0.02126,"{'price_above_30w_ma': True, '30w_ma_rising': True, 'price_above_10w_ma': True, 'relative_strength_positive': True, 'near_52w_high': True}",weakening,weakening,100.71,98.95,-0.14,1.07,False,False,2026-08-31 ratio=100.85 momentum=97.88; 2026-09-01 ratio=100.94 momentum=98.63; 2026-09-02 ratio=100.86 momentum=98.79; 2026-09-03 ratio=100.81 momentum=98.50; 2026-09-04 ratio=100.71 momentum=98.95,129.31
stock,DELHIVERY,DELHIVERY.NS,Logistics Solution Provider,Services,33982.35,0.0,31.91,-64.95,2930.73,27.76,284.9,1.01,,not_stage_2,3,457.9,456.04,1.42,0.01916,"{'price_above_30w_ma': True, '30w_ma_rising': True, 'price_above_10w_ma': False, 'relative_strength_positive': False, 'near_52w_high': True}",improving,improving,99.43,101.66,0.3,1.04,False,True,2026-08-31 ratio=99.13 momentum=100.62; 2026-09-01 ratio=99.38 momentum=101.36; 2026-09-02 ratio=99.26 momentum=101.06; 2026-09-03 ratio=99.74 momentum=102.33; 2026-09-04 ratio=99.43 momentum=101.66,71.14
stock,SHADOWFAX,SHADOWFAX.NS,Logistics Solution Provider,Services,14674.34,0.0,66.2,624.29,1323.85,66.33,85.2,10.3,,insufficient_data,0,,,,,{},weakening,weakening,101.57,99.58,-0.12,1.0,False,False,2026-08-31 ratio=101.69 momentum=98.58; 2026-09-01 ratio=101.55 momentum=98.54; 2026-09-02 ratio=101.35 momentum=96.95; 2026-09-03 ratio=101.68 momentum=99.18; 2026-09-04 ratio=101.57 momentum=99.58,7.85
stock,BLUEDART,BLUEDART.NS,Logistics Solution Provider,Services,11872.43,0.5,88.49,81.22,1657.72,14.97,36.62,15.77,,not_stage_2,2,4991.7,5126.55,-1.18,0.20888,"{'price_above_30w_ma': False, '30w_ma_rising': False, 'price_above_10w_ma': False, 'relative_strength_positive': True, 'near_52w_high': True}",weakening,lagging,100.4,99.44,0.94,2.78,False,False,2026-08-31 ratio=99.47 momentum=96.66; 2026-09-01 ratio=101.17 momentum=100.38; 2026-09-02 ratio=100.63 momentum=99.43; 2026-09-03 ratio=100.80 momentum=100.21; 2026-09-04 ratio=100.40 momentum=99.44,42.0
stock,SHIPROCKET,SHIPROCKET.NS,Logistics Solution Provider,Services,9837.58,0.0,-13.71,23.96,592.09,33.81,,-2.68,,insufficient_data,0,,,,,{},insufficient_data,insufficient_data,,,,,False,False,,0.0
stock,TCI,TCI.NS,Logistics Solution Provider,Services,6630.95,1.16,106.6,-0.75,1248.5,9.58,14.52,19.45,,not_stage_2,0,868.2,947.33,-1.96,0.03633,"{'price_above_30w_ma': False, '30w_ma_rising': False, 'price_above_10w_ma': False, 'relative_strength_positive': False, 'near_52w_high': False}",lagging,lagging,98.06,98.62,0.82,1.34,False,False,2026-08-31 ratio=97.24 momentum=97.28; 2026-09-01 ratio=98.22 momentum=98.43; 2026-09-02 ratio=97.84 momentum=97.54; 2026-09-03 ratio=98.13 momentum=99.11; 2026-09-04 ratio=98.06 momentum=98.62,0.0
stock,TVSSCS,TVSSCS.NS,Logistics Solution Provider,Services,5692.25,0.0,22.48,-84.26,3335.22,28.66,80.32,10.06,,not_stage_2,3,130.41,122.29,3.17,0.00546,"{'price_above_30w_ma': True, '30w_ma_rising': True, 'price_above_10w_ma': False, 'relative_strength_positive': False, 'near_52w_high': True}",improving,improving,99.9,104.57,0.88,2.67,False,True,2026-08-31 ratio=99.02 momentum=101.90; 2026-09-01 ratio=98.72 momentum=101.24; 2026-09-02 ratio=98.80 momentum=101.53; 2026-09-03 ratio=99.77 momentum=102.52; 2026-09-04 ratio=99.90 momentum=104.57,89.19
stock,VRLLOG,VRLLOG.NS,Logistics Solution Provider,Services,5126.44,1.71,80.53,60.93,878.84,18.07,19.18,18.27,,stage_2,5,297.7,257.62,1.71,0.01246,"{'price_above_30w_ma': True, '30w_ma_rising': True, 'price_above_10w_ma': True, 'relative_strength_positive': True, 'near_52w_high': True}",weakening,weakening,101.28,99.22,-0.38,0.78,False,False,2026-08-31 ratio=101.66 momentum=98.44; 2026-09-01 ratio=101.47 momentum=97.15; 2026-09-02 ratio=101.47 momentum=97.32; 2026-09-03 ratio=101.36 momentum=96.97; 2026-09-04 ratio=101.28 momentum=99.22,134.82
stock,MAHLOG,MAHLOG.NS,Logistics Solution Provider,Services,4001.88,0.62,27.83,335.09,2002.88,23.29,101.56,7.36,,stage_2,5,405.35,385.01,2.59,0.01696,"{'price_above_30w_ma': True, '30w_ma_rising': True, 'price_above_10w_ma': True, 'relative_strength_positive': True, 'near_52w_high': True}",leading,lagging,101.14,101.3,1.42,3.78,True,False,2026-08-31 ratio=99.73 momentum=97.52; 2026-09-01 ratio=99.34 momentum=96.95; 2026-09-02 ratio=100.00 momentum=97.79; 2026-09-03 ratio=100.73 momentum=99.83; 2026-09-04 ratio=101.14 momentum=101.30,172.38
stock,GATEWAY,GATEWAY.NS,Logistics Solution Provider,Services,2696.08,3.71,51.26,-20.79,549.3,-0.21,11.0,10.83,,not_stage_2,1,54.69,56.88,-0.9,0.00229,"{'price_above_30w_ma': False, '30w_ma_rising': False, 'price_above_10w_ma': False, 'relative_strength_positive': False, 'near_52w_high': True}",improving,improving,99.39,103.2,0.67,1.25,False,True,2026-08-31 ratio=98.71 momentum=101.95; 2026-09-01 ratio=98.42 momentum=101.03; 2026-09-02 ratio=98.68 momentum=101.40; 2026-09-03 ratio=99.30 momentum=102.02; 2026-09-04 ratio=99.39 momentum=103.20,36.0
stock,CASTROLIND,CASTROLIND.NS,Lubricants,"Oil, Gas & Consumable Fuels",18692.45,4.63,347.7,42.5,1871.47,25.03,17.33,60.27,,stage_2,5,190.27,184.55,0.21,0.00796,"{'price_above_30w_ma': True, '30w_ma_rising': True, 'price_above_10w_ma': True, 'relative_strength_positive': True, 'near_52w_high': True}",leading,lagging,102.95,102.44,3.25,3.41,True,False,2026-08-31 ratio=99.70 momentum=99.03; 2026-09-01 ratio=100.55 momentum=100.17; 2026-09-02 ratio=101.14 momentum=99.05; 2026-09-03 ratio=101.47 momentum=100.82; 2026-09-04 ratio=102.95 momentum=102.44,182.37
stock,GULFOILLUB,GULFOILLUB.NS,Lubricants,"Oil, Gas & Consumable Fuels",5221.85,4.84,127.52,31.93,1320.36,32.52,13.14,27.23,,not_stage_2,3,1067.8,1017.92,0.45,0.04468,"{'price_above_30w_ma': True, '30w_ma_rising': True, 'price_above_10w_ma': False, 'relative_strength_positive': False, 'near_52w_high': True}",lagging,weakening,99.73,97.22,-0.87,1.02,False,False,2026-08-31 ratio=100.59 momentum=96.20; 2026-09-01 ratio=100.77 momentum=96.30; 2026-09-02 ratio=100.72 momentum=97.19; 2026-09-03 ratio=100.52 momentum=97.45; 2026-09-04 ratio=99.73 momentum=97.22,60.9
stock,SOTL,SOTL.NS,Lubricants,"Oil, Gas & Consumable Fuels",4829.85,0.71,292.25,395.59,1479.77,49.6,11.31,13.96,,stage_2,5,740.75,489.44,10.59,0.031,"{'price_above_30w_ma': True, '30w_ma_rising': True, 'price_above_10w_ma': True, 'relative_strength_positive': True, 'near_52w_high': True}",leading,weakening,101.54,101.32,0.52,2.86,True,False,2026-08-31 ratio=101.03 momentum=98.45; 2026-09-01 ratio=102.18 momentum=100.75; 2026-09-02 ratio=101.85 momentum=100.77; 2026-09-03 ratio=101.57 momentum=100.81; 2026-09-04 ratio=101.54 momentum=101.32,190.48
stock,PANAMAPET,PANAMAPET.NS,Lubricants,"Oil, Gas & Consumable Fuels",2912.16,0.62,308.91,624.8,1735.15,150.3,6.08,19.15,,stage_2,5,495.45,360.31,7.41,0.02073,"{'price_above_30w_ma': True, '30w_ma_rising': True, 'price_above_10w_ma': True, 'relative_strength_positive': True, 'near_52w_high': True}",leading,weakening,101.22,101.13,0.78,2.83,True,False,2026-08-31 ratio=100.43 momentum=98.30; 2026-09-01 ratio=100.95 momentum=98.22; 2026-09-02 ratio=101.10 momentum=99.89; 2026-09-03 ratio=100.94 momentum=100.02; 2026-09-04 ratio=101.22 momentum=101.13,181.57
stock,GANDHAR,GANDHAR.NS,Lubricants,"Oil, Gas & Consumable Fuels",2592.83,0.76,205.89,633.09,1731.93,91.81,8.6,13.33,,stage_2,5,267.6,176.72,8.27,0.0112,"{'price_above_30w_ma': True, '30w_ma_rising': True, 'price_above_10w_ma': True, 'relative_strength_positive': True, 'near_52w_high': True}",leading,weakening,101.4,102.43,0.21,2.69,True,False,2026-08-31 ratio=101.18 momentum=99.74; 2026-09-01 ratio=101.29 momentum=97.40; 2026-09-02 ratio=101.43 momentum=101.85; 2026-09-03 ratio=101.44 momentum=101.42; 2026-09-04 ratio=101.40 momentum=102.43,190.69
stock,VEEDOL,VEEDOL.NS,Lubricants,"Oil, Gas & Consumable Fuels",2540.73,3.98,77.92,56.88,608.57,18.49,11.56,24.09,,stage_2,4,1476.8,1423.39,0.35,0.0618,"{'price_above_30w_ma': True, '30w_ma_rising': True, 'price_above_10w_ma': True, 'relative_strength_positive': True, 'near_52w_high': False}",weakening,weakening,100.92,99.39,0.35,1.54,False,False,2026-08-31 ratio=100.58 momentum=97.85; 2026-09-01 ratio=101.02 momentum=98.81; 2026-09-02 ratio=100.83 momentum=97.21; 2026-09-03 ratio=100.63 momentum=97.73; 2026-09-04 ratio=100.92 momentum=99.39,110.3
stock,GULFPETRO,GULFPETRO.NS,Lubricants,"Oil, Gas & Consumable Fuels",333.33,0.77,21.19,229.04,230.33,45.6,7.66,10.84,,stage_2,5,65.91,40.05,12.32,0.00276,"{'price_above_30w_ma': True, '30w_ma_rising': True, 'price_above_10w_ma': True, 'relative_strength_positive': True, 'near_52w_high': True}",weakening,weakening,101.23,96.98,-0.36,-0.91,False,False,2026-08-31 ratio=101.58 momentum=97.90; 2026-09-01 ratio=101.51 momentum=97.74; 2026-09-02 ratio=101.48 momentum=97.50; 2026-09-03 ratio=101.36 momentum=96.70; 2026-09-04 ratio=101.23 momentum=96.98,155.79
stock,ARABIAN,ARABIAN.NS,Lubricants,"Oil, Gas & Consumable Fuels",93.94,0.0,5.21,3.37,200.25,36.98,8.34,18.41,,stage_2,5,86.25,72.6,3.05,0.00361,"{'price_above_30w_ma': True, '30w_ma_rising': True, 'price_above_10w_ma': True, 'relative_strength_positive': True, 'near_52w_high': True}",leading,weakening,101.24,100.6,-0.36,1.81,False,False,2026-08-31 ratio=101.61 momentum=98.79; 2026-09-01 ratio=101.54 momentum=98.85; 2026-09-02 ratio=101.33 momentum=98.06; 2026-09-03 ratio=101.30 momentum=99.01; 2026-09-04 ratio=101.24 momentum=100.60,160.3
stock,SOCL,SOCL.NS,Lubricants,"Oil, Gas & Consumable Fuels",38.77,0.0,2.9,-16.18,67.25,96.29,7.29,21.24,,insufficient_data,0,,,,,{},insufficient_data,insufficient_data,,,,,False,False,,0.0
stock,VENKEYS,VENKEYS.NS,Meat Products including Poultry,Fast Moving Consumer Goods,2322.15,0.61,49.99,215.79,1118.38,29.17,13.39,11.89,,stage_2,5,1659.6,1453.59,0.3,0.06945,"{'price_above_30w_ma': True, '30w_ma_rising': True, 'price_above_10w_ma': True, 'relative_strength_positive': True, 'near_52w_high': True}",leading,leading,102.21,102.92,-1.42,0.04,False,False,2026-08-31 ratio=103.64 momentum=102.88; 2026-09-01 ratio=102.50 momentum=101.82; 2026-09-02 ratio=102.58 momentum=102.20; 2026-09-03 ratio=102.65 momentum=102.53; 2026-09-04 ratio=102.21 momentum=102.92,171.25
stock,SKMEGGPROD,SKMEGGPROD.NS,Meat Products including Poultry,Fast Moving Consumer Goods,1299.91,0.51,23.82,46.5,184.26,4.87,11.68,30.0,,not_stage_2,3,257.1,217.84,4.77,0.01076,"{'price_above_30w_ma': True, '30w_ma_rising': True, 'price_above_10w_ma': False, 'relative_strength_positive': False, 'near_52w_high': True}",lagging,improving,99.36,99.52,-0.26,-1.95,False,False,2026-08-31 ratio=99.62 momentum=101.47; 2026-09-01 ratio=99.45 momentum=100.05; 2026-09-02 ratio=99.47 momentum=101.23; 2026-09-03 ratio=99.51 momentum=101.50; 2026-09-04 ratio=99.36 momentum=99.52,69.54
stock,HMAAGRO,HMAAGRO.NS,Meat Products including Poultry,Fast Moving Consumer Goods,1035.08,1.45,50.51,6158.02,2110.32,87.98,4.82,15.99,,not_stage_2,0,20.84,23.43,-2.51,0.00087,"{'price_above_30w_ma': False, '30w_ma_rising': False, 'price_above_10w_ma': False, 'relative_strength_positive': False, 'near_52w_high': False}",lagging,lagging,99.22,95.97,0.16,-0.75,False,False,2026-08-31 ratio=99.07 momentum=96.72; 2026-09-01 ratio=99.05 momentum=98.04; 2026-09-02 ratio=99.22 momentum=97.95; 2026-09-03 ratio=99.36 momentum=98.30; 2026-09-04 ratio=99.22 momentum=95.97,0.0
stock,PFOCUS,PFOCUS.NS,Media & Entertainment,"Media, Entertainment & Publication",24453.51,0.0,-45.78,-90.56,1266.81,23.81,136.98,11.5,,stage_2,5,307.0,276.67,2.81,0.01285,"{'price_above_30w_ma': True, '30w_ma_rising': True, 'price_above_10w_ma': True, 'relative_strength_positive': True, 'near_52w_high': True}",leading,leading,101.43,100.68,0.79,-1.02,False,False,2026-08-31 ratio=100.64 momentum=101.70; 2026-09-01 ratio=100.59 momentum=98.83; 2026-09-02 ratio=100.39 momentum=99.13; 2026-09-03 ratio=100.82 momentum=100.33; 2026-09-04 ratio=101.43 momentum=100.68,161.17
stock,SAREGAMA,SAREGAMA.NS,Media & Entertainment,"Media, Entertainment & Publication",9526.71,0.91,51.88,40.64,263.6,27.48,41.74,17.29,,not_stage_2,3,492.75,418.06,5.65,0.02062,"{'price_above_30w_ma': True, '30w_ma_rising': True, 'price_above_10w_ma': False, 'relative_strength_positive': False, 'near_52w_high': True}",lagging,lagging,99.75,98.75,0.79,2.27,False,False,2026-08-31 ratio=98.96 momentum=96.48; 2026-09-01 ratio=99.68 momentum=98.05; 2026-09-02 ratio=98.96 momentum=97.27; 2026-09-03 ratio=99.84 momentum=97.73; 2026-09-04 ratio=99.75 momentum=98.75,71.3
stock,TIPSMUSIC,TIPSMUSIC.NS,Media & Entertainment,"Media, Entertainment & Publication",8228.52,2.02,43.7,-4.67,106.51,20.94,38.34,118.47,,not_stage_2,3,649.75,620.47,2.56,0.02719,"{'price_above_30w_ma': True, '30w_ma_rising': True, 'price_above_10w_ma': False, 'relative_strength_positive': False, 'near_52w_high': True}",improving,lagging,99.58,101.1,0.44,1.95,False,True,2026-08-31 ratio=99.14 momentum=99.15; 2026-09-01 ratio=99.16 momentum=98.54; 2026-09-02 ratio=98.84 momentum=97.55; 2026-09-03 ratio=99.72 momentum=101.62; 2026-09-04 ratio=99.58 momentum=101.10,70.62
stock,NETWORK18,NETWORK18.NS,Media & Entertainment,"Media, Entertainment & Publication",4262.09,0.0,-38.36,-2074.55,516.26,10.34,,3.01,,not_stage_2,0,28.38,31.91,-3.67,0.00119,"{'price_above_30w_ma': False, '30w_ma_rising': False, 'price_above_10w_ma': False, 'relative_strength_positive': False, 'near_52w_high': False}",lagging,lagging,99.24,99.56,0.98,0.68,False,False,2026-08-31 ratio=98.26 momentum=98.88; 2026-09-01 ratio=98.78 momentum=100.02; 2026-09-02 ratio=98.41 momentum=99.59; 2026-09-03 ratio=98.67 momentum=97.88; 2026-09-04 ratio=99.24 momentum=99.56,0.0
stock,BALAJITELE,BALAJITELE.NS,Media & Entertainment,"Media, Entertainment & Publication",1115.83,0.0,22.39,489.25,240.29,229.93,,-9.54,,stage_2,4,93.17,93.03,0.38,0.0039,"{'price_above_30w_ma': True, '30w_ma_rising': True, 'price_above_10w_ma': True, 'relative_strength_positive': True, 'near_52w_high': False}",weakening,weakening,101.19,96.47,0.38,-2.37,False,False,2026-08-31 ratio=100.81 momentum=98.84; 2026-09-01 ratio=100.89 momentum=98.82; 2026-09-02 ratio=100.71 momentum=99.19; 2026-09-03 ratio=100.78 momentum=99.68; 2026-09-04 ratio=101.19 momentum=96.47,111.71
stock,ENIL,ENIL.NS,Media & Entertainment,"Media, Entertainment & Publication",480.06,1.97,-6.01,-11.5,113.69,-2.79,359.27,-0.75,,not_stage_2,0,102.65,108.21,-1.45,0.0043,"{'price_above_30w_ma': False, '30w_ma_rising': False, 'price_above_10w_ma': False, 'relative_strength_positive': False, 'near_52w_high': False}",improving,improving,99.7,101.51,0.67,0.56,False,True,2026-08-31 ratio=99.03 momentum=100.95; 2026-09-01 ratio=98.77 momentum=100.46; 2026-09-02 ratio=98.79 momentum=100.15; 2026-09-03 ratio=98.67 momentum=100.22; 2026-09-04 ratio=99.70 momentum=101.51,7.55
stock,BASILIC,BASILIC.NS,Media & Entertainment,"Media, Entertainment & Publication",473.59,0.0,6.7,-9.37,103.5,9.87,9.84,22.32,,not_stage_2,0,188.65,212.73,-4.34,0.00789,"{'price_above_30w_ma': False, '30w_ma_rising': False, 'price_above_10w_ma': False, 'relative_strength_positive': False, 'near_52w_high': False}",improving,leading,99.26,100.72,-1.08,-5.72,False,False,2026-08-31 ratio=100.34 momentum=106.44; 2026-09-01 ratio=99.87 momentum=102.98; 2026-09-02 ratio=99.66 momentum=101.52; 2026-09-03 ratio=100.00 momentum=101.72; 2026-09-04 ratio=99.26 momentum=100.72,3.6
stock,SHEMAROO,SHEMAROO.NS,Media & Entertainment,"Media, Entertainment & Publication",358.23,0.0,-8.07,82.43,131.68,-5.62,,-39.34,,stage_2,5,126.61,110.51,3.55,0.0053,"{'price_above_30w_ma': True, '30w_ma_rising': True, 'price_above_10w_ma': True, 'relative_strength_positive': True, 'near_52w_high': True}",leading,weakening,100.72,101.19,0.6,2.53,True,False,2026-08-31 ratio=100.12 momentum=98.65; 2026-09-01 ratio=100.42 momentum=99.75; 2026-09-02 ratio=100.73 momentum=97.77; 2026-09-03 ratio=100.57 momentum=94.64; 2026-09-04 ratio=100.72 momentum=101.19,171.65
stock,GRETEX,GRETEX.NS,Media & Entertainment,"Media, Entertainment & Publication",349.12,0.0,0.1,-92.09,27.6,43.97,249.37,3.01,,not_stage_2,2,237.0,274.75,4.0,0.00992,"{'price_above_30w_ma': False, '30w_ma_rising': True, 'price_above_10w_ma': False, 'relative_strength_positive': False, 'near_52w_high': True}",lagging,lagging,96.61,97.06,-1.96,0.1,False,False,2026-08-31 ratio=98.58 momentum=96.96; 2026-09-01 ratio=97.64 momentum=96.85; 2026-09-02 ratio=97.82 momentum=97.26; 2026-09-03 ratio=97.04 momentum=97.12; 2026-09-04 ratio=96.61 momentum=97.06,48.0
stock,OPTIMYSTIX,OPTIMYSTIX.NS,Media & Entertainment,"Media, Entertainment & Publication",349.03,0.0,,,,,14.57,27.26,,insufficient_data,0,,,,,{},insufficient_data,insufficient_data,,,,,False,False,,0.0
stock,POLYMED,POLYMED.NS,Medical Equipment & Supplies,Healthcare,17248.17,0.21,85.28,-7.57,525.38,30.3,53.9,12.5,,stage_2,4,1702.5,1512.36,1.79,0.07124,"{'price_above_30w_ma': True, '30w_ma_rising': True, 'price_above_10w_ma': False, 'relative_strength_positive': True, 'near_52w_high': True}",weakening,leading,100.19,99.52,-1.1,-1.59,False,False,2026-08-31 ratio=101.28 momentum=101.11; 2026-09-01 ratio=101.20 momentum=99.17; 2026-09-02 ratio=101.87 momentum=100.99; 2026-09-03 ratio=101.55 momentum=100.63; 2026-09-04 ratio=100.19 momentum=99.52,109.53
stock,MOLBIO,MOLBIO.NS,Medical Equipment & Supplies,Healthcare,12969.18,0.0,52.75,347.79,408.38,309.57,51.95,18.48,,insufficient_data,0,,,,,{},insufficient_data,insufficient_data,,,,,False,False,,0.0
stock,FISCHER,FISCHER.NS,Medical Equipment & Supplies,Healthcare,2496.39,0.14,3.79,-22.02,81.92,249.49,101.98,11.38,,not_stage_2,0,36.04,37.68,-0.68,0.00151,"{'price_above_30w_ma': False, '30w_ma_rising': False, 'price_above_10w_ma': False, 'relative_strength_positive': False, 'near_52w_high': False}",lagging,lagging,98.87,98.0,0.63,-0.46,False,False,2026-08-31 ratio=98.24 momentum=98.46; 2026-09-01 ratio=99.30 momentum=98.93; 2026-09-02 ratio=100.11 momentum=99.12; 2026-09-03 ratio=99.62 momentum=98.49; 2026-09-04 ratio=98.87 momentum=98.00,0.0
stock,TARSONS,TARSONS.NS,Medical Equipment & Supplies,Healthcare,1751.23,0.0,-1.44,-180.9,110.24,20.67,147.91,4.56,,stage_2,5,335.55,244.0,8.09,0.01404,"{'price_above_30w_ma': True, '30w_ma_rising': True, 'price_above_10w_ma': True, 'relative_strength_positive': True, 'near_52w_high': True}",weakening,weakening,101.02,98.07,0.07,2.68,False,False,2026-08-31 ratio=100.95 momentum=95.39; 2026-09-01 ratio=101.37 momentum=100.07; 2026-09-02 ratio=101.44 momentum=99.66; 2026-09-03 ratio=101.10 momentum=99.28; 2026-09-04 ratio=101.02 momentum=98.07,146.28
stock,QLINE,QLINE.NS,Medical Equipment & Supplies,Healthcare,1460.93,0.0,34.41,147.29,197.94,-8.59,25.87,22.46,,insufficient_data,0,,,,,{},insufficient_data,insufficient_data,,,,,False,False,,0.0
stock,LAXMIDENTL,LAXMIDENTL.NS,Medical Equipment & Supplies,Healthcare,1086.14,0.0,10.32,22.77,74.7,13.87,31.23,14.86,,not_stage_2,0,199.14,204.82,-0.69,0.00833,"{'price_above_30w_ma': False, '30w_ma_rising': False, 'price_above_10w_ma': False, 'relative_strength_positive': False, 'near_52w_high': False}",improving,improving,99.11,102.55,0.67,0.09,False,True,2026-08-31 ratio=98.44 momentum=102.46; 2026-09-01 ratio=98.31 momentum=102.12; 2026-09-02 ratio=98.61 momentum=103.25; 2026-09-03 ratio=99.09 momentum=103.10; 2026-09-04 ratio=99.11 momentum=102.55,12.75
stock,DENTALKART,DENTALKART.NS,Medical Equipment & Supplies,Healthcare,723.57,0.0,4.19,45.99,82.17,36.9,59.8,9.21,,not_stage_2,3,412.0,408.39,-5.8,0.01724,"{'price_above_30w_ma': True, '30w_ma_rising': False, 'price_above_10w_ma': True, 'relative_strength_positive': True, 'near_52w_high': False}",leading,weakening,100.94,102.3,0.54,2.94,True,False,2026-08-31 ratio=100.40 momentum=99.35; 2026-09-01 ratio=100.11 momentum=99.60; 2026-09-02 ratio=100.28 momentum=100.08; 2026-09-03 ratio=100.34 momentum=100.12; 2026-09-04 ratio=100.94 momentum=102.30,106.2
stock,OSELDEVICE,OSELDEVICE.NS,Medical Equipment & Supplies,Healthcare,660.45,0.0,14.06,16.78,145.81,47.1,22.58,24.4,,insufficient_data,0,,,,,{},insufficient_data,insufficient_data,,,,,False,False,,0.0
stock,QMSMEDI,QMSMEDI.NS,Medical Equipment & Supplies,Healthcare,313.02,0.31,3.96,24.57,56.87,22.3,29.12,13.23,,stage_2,5,158.97,99.19,8.86,0.00665,"{'price_above_30w_ma': True, '30w_ma_rising': True, 'price_above_10w_ma': True, 'relative_strength_positive': True, 'near_52w_high': True}",weakening,weakening,101.97,95.16,-0.47,-0.91,False,False,2026-08-31 ratio=102.44 momentum=96.07; 2026-09-01 ratio=102.47 momentum=98.44; 2026-09-02 ratio=102.20 momentum=98.55; 2026-09-03 ratio=102.10 momentum=97.31; 2026-09-04 ratio=101.97 momentum=95.16,152.57
stock,NURECA,NURECA.NS,Medical Equipment & Supplies,Healthcare,302.42,0.0,3.07,279.01,40.34,18.02,69.68,3.3,,stage_2,5,322.7,275.06,1.95,0.0135,"{'price_above_30w_ma': True, '30w_ma_rising': True, 'price_above_10w_ma': True, 'relative_strength_positive': True, 'near_52w_high': True}",leading,weakening,100.7,100.47,-0.33,1.93,False,False,2026-08-31 ratio=101.03 momentum=98.54; 2026-09-01 ratio=101.17 momentum=99.82; 2026-09-02 ratio=101.12 momentum=100.66; 2026-09-03 ratio=100.99 momentum=100.33; 2026-09-04 ratio=100.70 momentum=100.47,154.75
stock,CREDITACC,CREDITACC.NS,Microfinance Institutions,Financial Services,22927.85,0.0,493.39,719.72,1783.49,21.92,18.94,9.98,,not_stage_2,3,1443.1,1353.87,1.43,0.06039,"{'price_above_30w_ma': True, '30w_ma_rising': True, 'price_above_10w_ma': False, 'relative_strength_positive': False, 'near_52w_high': True}",lagging,lagging,99.13,98.82,1.66,1.63,False,False,2026-08-31 ratio=97.48 momentum=97.18; 2026-09-01 ratio=98.07 momentum=97.65; 2026-09-02 ratio=98.36 momentum=97.62; 2026-09-03 ratio=99.05 momentum=97.74; 2026-09-04 ratio=99.13 momentum=98.82,62.86
stock,MUTHOOTMF,MUTHOOTMF.NS,Microfinance Institutions,Financial Services,3373.56,0.0,81.34,1216.18,668.64,19.69,13.75,9.31,,not_stage_2,3,205.29,193.07,1.92,0.00859,"{'price_above_30w_ma': True, '30w_ma_rising': True, 'price_above_10w_ma': False, 'relative_strength_positive': False, 'near_52w_high': True}",lagging,lagging,99.1,99.23,0.21,1.35,False,False,2026-08-31 ratio=98.90 momentum=97.88; 2026-09-01 ratio=98.49 momentum=96.71; 2026-09-02 ratio=98.95 momentum=98.66; 2026-09-03 ratio=99.20 momentum=98.94; 2026-09-04 ratio=99.10 momentum=99.23,63.84
stock,FUSION,FUSION.NS,Microfinance Institutions,Financial Services,3246.5,0.0,62.41,167.65,458.17,3.59,19.27,5.92,,not_stage_2,3,203.19,188.6,1.4,0.0085,"{'price_above_30w_ma': True, '30w_ma_rising': True, 'price_above_10w_ma': False, 'relative_strength_positive': False, 'near_52w_high': True}",improving,lagging,99.66,100.17,0.17,0.26,False,True,2026-08-31 ratio=99.49 momentum=99.92; 2026-09-01 ratio=99.07 momentum=99.29; 2026-09-02 ratio=99.01 momentum=98.76; 2026-09-03 ratio=99.44 momentum=98.37; 2026-09-04 ratio=99.66 momentum=100.17,63.65
stock,SATIN,SATIN.NS,Microfinance Institutions,Financial Services,2395.48,0.0,122.65,172.0,762.14,8.39,5.85,13.84,,not_stage_2,3,220.75,202.3,4.69,0.00924,"{'price_above_30w_ma': True, '30w_ma_rising': True, 'price_above_10w_ma': False, 'relative_strength_positive': False, 'near_52w_high': True}",improving,improving,99.0,101.72,0.03,1.0,False,True,2026-08-31 ratio=98.97 momentum=100.72; 2026-09-01 ratio=98.61 momentum=97.56; 2026-09-02 ratio=98.80 momentum=99.80; 2026-09-03 ratio=98.91 momentum=100.07; 2026-09-04 ratio=99.00 momentum=101.72,77.98
stock,SPANDANA,SPANDANA.NS,Microfinance Institutions,Financial Services,1701.99,0.0,11.88,103.3,283.91,-5.51,,-5.78,,not_stage_2,1,239.81,247.61,-0.09,0.01003,"{'price_above_30w_ma': False, '30w_ma_rising': False, 'price_above_10w_ma': False, 'relative_strength_positive': False, 'near_52w_high': True}",improving,lagging,99.04,102.59,0.17,4.03,False,True,2026-08-31 ratio=98.87 momentum=98.56; 2026-09-01 ratio=98.73 momentum=99.74; 2026-09-02 ratio=98.80 momentum=100.44; 2026-09-03 ratio=98.88 momentum=100.02; 2026-09-04 ratio=99.04 momentum=102.59,32.95
stock,BAJFINANCE,BAJFINANCE.NS,Non Banking Financial Company (NBFC),Financial Services,659951.15,0.51,6080.6,27.37,23165.45,18.65,32.22,10.87,,stage_2,4,1060.5,971.72,1.86,0.04438,"{'price_above_30w_ma': True, '30w_ma_rising': True, 'price_above_10w_ma': False, 'relative_strength_positive': True, 'near_52w_high': True}",weakening,weakening,100.31,97.63,0.17,0.76,False,False,2026-08-31 ratio=100.14 momentum=96.87; 2026-09-01 ratio=100.04 momentum=96.57; 2026-09-02 ratio=100.22 momentum=97.90; 2026-09-03 ratio=100.05 momentum=97.05; 2026-09-04 ratio=100.31 momentum=97.63,110.27
stock,SHRIRAMFIN,SHRIRAMFIN.NS,Non Banking Financial Company (NBFC),Financial Services,244004.4,1.04,3452.77,59.89,13400.43,16.16,21.56,11.49,,not_stage_2,3,1041.0,1013.26,1.19,0.04356,"{'price_above_30w_ma': True, '30w_ma_rising': True, 'price_above_10w_ma': False, 'relative_strength_positive': False, 'near_52w_high': True}",lagging,weakening,99.46,97.23,-1.74,-1.63,False,False,2026-08-31 ratio=101.20 momentum=98.86; 2026-09-01 ratio=99.85 momentum=97.31; 2026-09-02 ratio=99.65 momentum=97.62; 2026-09-03 ratio=99.60 momentum=97.37; 2026-09-04 ratio=99.46 momentum=97.23,62.38
stock,CHOLAFIN,CHOLAFIN.NS,Non Banking Financial Company (NBFC),Financial Services,157848.48,0.11,1656.22,45.56,8856.29,21.87,27.45,9.71,,stage_2,5,1839.0,1663.95,1.51,0.07695,"{'price_above_30w_ma': True, '30w_ma_rising': True, 'price_above_10w_ma': True, 'relative_strength_positive': True, 'near_52w_high': True}",weakening,weakening,100.69,99.49,-0.18,0.75,False,False,2026-08-31 ratio=100.87 momentum=98.73; 2026-09-01 ratio=99.97 momentum=96.96; 2026-09-02 ratio=100.42 momentum=97.99; 2026-09-03 ratio=100.99 momentum=99.39; 2026-09-04 ratio=100.69 momentum=99.49,131.47
stock,TATACAP,TATACAP.NS,Non Banking Financial Company (NBFC),Financial Services,157059.87,0.15,1628.18,56.32,8821.93,15.1,28.9,8.58,,stage_2,5,375.05,339.08,0.8,0.01569,"{'price_above_30w_ma': True, '30w_ma_rising': True, 'price_above_10w_ma': True, 'relative_strength_positive': True, 'near_52w_high': True}",leading,leading,102.16,102.22,0.91,0.6,False,False,2026-08-31 ratio=101.24 momentum=101.62; 2026-09-01 ratio=101.23 momentum=100.68; 2026-09-02 ratio=101.07 momentum=99.80; 2026-09-03 ratio=101.94 momentum=101.62; 2026-09-04 ratio=102.16 momentum=102.22,168.5
stock,MUTHOOTFIN,MUTHOOTFIN.NS,Non Banking Financial Company (NBFC),Financial Services,115377.42,1.04,2824.84,38.83,8671.6,34.44,10.14,15.8,,not_stage_2,0,2913.8,3222.19,-3.4,0.12193,"{'price_above_30w_ma': False, '30w_ma_rising': False, 'price_above_10w_ma': False, 'relative_strength_positive': False, 'near_52w_high': False}",lagging,improving,99.57,99.51,-0.27,-1.63,False,False,2026-08-31 ratio=99.84 momentum=101.14; 2026-09-01 ratio=99.24 momentum=100.32; 2026-09-02 ratio=99.74 momentum=101.17; 2026-09-03 ratio=99.71 momentum=100.17; 2026-09-04 ratio=99.57 momentum=99.51,0.0
stock,LTF,LTF.NS,Non Banking Financial Company (NBFC),Financial Services,78323.52,0.88,915.99,28.72,5212.92,22.38,24.46,8.4,,stage_2,5,314.0,289.6,1.11,0.01314,"{'price_above_30w_ma': True, '30w_ma_rising': True, 'price_above_10w_ma': True, 'relative_strength_positive': True, 'near_52w_high': True}",weakening,leading,100.47,99.65,-0.63,-1.98,False,False,2026-08-31 ratio=101.10 momentum=101.63; 2026-09-01 ratio=99.68 momentum=96.11; 2026-09-02 ratio=100.35 momentum=99.22; 2026-09-03 ratio=100.96 momentum=101.13; 2026-09-04 ratio=100.47 momentum=99.65,129.57
stock,SBICARD,SBICARD.NS,Non Banking Financial Company (NBFC),Financial Services,64236.76,0.37,664.44,19.51,5040.55,3.36,28.23,10.1,,not_stage_2,2,658.25,658.79,-2.65,0.02754,"{'price_above_30w_ma': False, '30w_ma_rising': False, 'price_above_10w_ma': True, 'relative_strength_positive': True, 'near_52w_high': False}",leading,leading,101.48,101.21,0.76,0.93,False,False,2026-08-31 ratio=100.72 momentum=100.27; 2026-09-01 ratio=100.12 momentum=101.72; 2026-09-02 ratio=100.42 momentum=101.50; 2026-09-03 ratio=101.73 momentum=101.95; 2026-09-04 ratio=101.48 momentum=101.21,73.45
stock,HDBFS,HDBFS.NS,Non Banking Financial Company (NBFC),Financial Services,56949.09,0.58,785.2,38.31,4937.9,10.58,20.63,9.09,,not_stage_2,2,682.7,678.39,-0.71,0.02857,"{'price_above_30w_ma': True, '30w_ma_rising': False, 'price_above_10w_ma': False, 'relative_strength_positive': False, 'near_52w_high': True}",improving,improving,99.58,100.32,0.28,0.25,False,True,2026-08-31 ratio=99.29 momentum=100.06; 2026-09-01 ratio=99.13 momentum=95.01; 2026-09-02 ratio=99.28 momentum=99.86; 2026-09-03 ratio=99.91 momentum=102.03; 2026-09-04 ratio=99.58 momentum=100.32,41.6
stock,SUNDARMFIN,SUNDARMFIN.NS,Non Banking Financial Company (NBFC),Financial Services,52338.61,0.85,636.19,33.88,2644.13,12.57,22.98,9.44,,not_stage_2,3,4648.7,4681.69,-1.82,0.19453,"{'price_above_30w_ma': False, '30w_ma_rising': False, 'price_above_10w_ma': True, 'relative_strength_positive': True, 'near_52w_high': True}",leading,leading,101.83,102.66,1.64,2.19,False,False,2026-08-31 ratio=100.20 momentum=100.47; 2026-09-01 ratio=100.25 momentum=98.53; 2026-09-02 ratio=100.76 momentum=101.74; 2026-09-03 ratio=101.10 momentum=102.42; 2026-09-04 ratio=101.83 momentum=102.66,102.45
stock,M&MFIN,M&MFIN.NS,Non Banking Financial Company (NBFC),Financial Services,51798.42,2.01,927.48,75.43,5717.91,14.57,15.45,8.72,,stage_2,5,373.65,334.86,0.49,0.01564,"{'price_above_30w_ma': True, '30w_ma_rising': True, 'price_above_10w_ma': True, 'relative_strength_positive': True, 'near_52w_high': True}",weakening,weakening,100.47,98.24,0.0,1.62,False,False,2026-08-31 ratio=100.47 momentum=96.62; 2026-09-01 ratio=100.17 momentum=96.41; 2026-09-02 ratio=100.36 momentum=96.44; 2026-09-03 ratio=100.60 momentum=98.60; 2026-09-04 ratio=100.47 momentum=98.24,128.33
stock,DOLPHIN,DOLPHIN.NS,Offshore Support Solution Drilling,"Oil, Gas & Consumable Fuels",2880.86,0.0,14.81,30.71,42.85,160.64,40.0,14.92,,stage_2,5,674.0,429.06,5.78,0.0282,"{'price_above_30w_ma': True, '30w_ma_rising': True, 'price_above_10w_ma': True, 'relative_strength_positive': True, 'near_52w_high': True}",weakening,weakening,102.08,96.87,0.57,0.52,False,False,2026-08-31 ratio=101.51 momentum=96.36; 2026-09-01 ratio=101.45 momentum=95.79; 2026-09-02 ratio=101.61 momentum=96.42; 2026-09-03 ratio=101.69 momentum=96.91; 2026-09-04 ratio=102.08 momentum=96.87,146.96
stock,JINDRILL,JINDRILL.NS,Offshore Support Solution Drilling,"Oil, Gas & Consumable Fuels",1923.11,0.15,47.14,-28.69,275.39,8.38,9.87,13.67,,stage_2,5,663.05,562.63,3.33,0.02775,"{'price_above_30w_ma': True, '30w_ma_rising': True, 'price_above_10w_ma': True, 'relative_strength_positive': True, 'near_52w_high': True}",leading,leading,102.2,100.86,1.3,-2.23,False,False,2026-08-31 ratio=100.90 momentum=103.09; 2026-09-01 ratio=100.73 momentum=95.80; 2026-09-02 ratio=101.72 momentum=100.10; 2026-09-03 ratio=101.91 momentum=101.52; 2026-09-04 ratio=102.20 momentum=100.86,166.96
stock,ALPHAGEO,ALPHAGEO.NS,Offshore Support Solution Drilling,"Oil, Gas & Consumable Fuels",208.59,1.54,14.86,1660.49,82.13,101.1,,-7.2,,stage_2,5,323.85,221.99,6.55,0.01355,"{'price_above_30w_ma': True, '30w_ma_rising': True, 'price_above_10w_ma': True, 'relative_strength_positive': True, 'near_52w_high': True}",weakening,weakening,101.46,97.41,0.45,1.07,False,False,2026-08-31 ratio=101.01 momentum=96.33; 2026-09-01 ratio=100.88 momentum=95.62; 2026-09-02 ratio=101.13 momentum=96.00; 2026-09-03 ratio=101.37 momentum=97.49; 2026-09-04 ratio=101.46 momentum=97.41,145.4
stock,AAKASH,AAKASH.NS,Offshore Support Solution Drilling,"Oil, Gas & Consumable Fuels",86.97,0.0,0.52,-3.7,27.89,16.89,24.99,7.63,,not_stage_2,3,8.75,8.78,1.12,0.00037,"{'price_above_30w_ma': False, '30w_ma_rising': True, 'price_above_10w_ma': False, 'relative_strength_positive': True, 'near_52w_high': True}",improving,lagging,99.86,102.42,0.93,2.99,False,True,2026-08-31 ratio=98.92 momentum=99.43; 2026-09-01 ratio=99.18 momentum=96.13; 2026-09-02 ratio=99.40 momentum=104.13; 2026-09-03 ratio=100.00 momentum=104.62; 2026-09-04 ratio=99.86 momentum=102.42,74.34
stock,ABAN,ABAN.NS,Offshore Support Solution Drilling,"Oil, Gas & Consumable Fuels",86.67,0.0,1.8,100.73,99.12,-14.34,,,,not_stage_2,0,14.99,18.23,-3.48,0.00063,"{'price_above_30w_ma': False, '30w_ma_rising': False, 'price_above_10w_ma': False, 'relative_strength_positive': False, 'near_52w_high': False}",lagging,lagging,99.59,96.96,0.1,0.42,False,False,2026-08-31 ratio=99.49 momentum=96.54; 2026-09-01 ratio=99.32 momentum=96.42; 2026-09-02 ratio=99.53 momentum=96.73; 2026-09-03 ratio=99.49 momentum=96.78; 2026-09-04 ratio=99.59 momentum=96.96,0.0
stock,DEEPINDS,DEEPINDS.NS,Oil Equipment & Services,"Oil, Gas & Consumable Fuels",5021.77,0.32,89.14,45.12,278.92,39.81,12.11,16.47,,stage_2,5,786.45,491.48,9.85,0.03291,"{'price_above_30w_ma': True, '30w_ma_rising': True, 'price_above_10w_ma': True, 'relative_strength_positive': True, 'near_52w_high': True}",leading,weakening,102.13,101.25,0.68,3.14,True,False,2026-08-31 ratio=101.45 momentum=98.10; 2026-09-01 ratio=101.14 momentum=93.61; 2026-09-02 ratio=101.42 momentum=98.20; 2026-09-03 ratio=101.86 momentum=101.58; 2026-09-04 ratio=102.13 momentum=101.25,191.6
stock,ASIANENE,ASIANENE.NS,Oil Equipment & Services,"Oil, Gas & Consumable Fuels",2487.36,0.24,12.76,115.5,271.19,135.06,38.51,16.51,,stage_2,5,517.45,343.87,8.82,0.02165,"{'price_above_30w_ma': True, '30w_ma_rising': True, 'price_above_10w_ma': True, 'relative_strength_positive': True, 'near_52w_high': True}",weakening,weakening,102.09,98.43,0.37,-0.83,False,False,2026-08-31 ratio=101.72 momentum=99.27; 2026-09-01 ratio=101.96 momentum=97.46; 2026-09-02 ratio=102.17 momentum=96.79; 2026-09-03 ratio=102.35 momentum=97.09; 2026-09-04 ratio=102.09 momentum=98.43,153.09
stock,OILCOUNTUB,OILCOUNTUB.NS,Oil Equipment & Services,"Oil, Gas & Consumable Fuels",331.28,0.0,-15.11,-71.51,17.44,-29.02,,-25.38,,stage_2,5,65.0,54.41,2.78,0.00272,"{'price_above_30w_ma': True, '30w_ma_rising': True, 'price_above_10w_ma': True, 'relative_strength_positive': True, 'near_52w_high': True}",leading,leading,102.1,101.84,-0.74,-0.81,False,False,2026-08-31 ratio=102.84 momentum=102.65; 2026-09-01 ratio=103.60 momentum=102.36; 2026-09-02 ratio=103.37 momentum=102.05; 2026-09-03 ratio=102.67 momentum=101.73; 2026-09-04 ratio=102.10 momentum=101.84,170.26
stock,TEJA,TEJA.NS,Oil Equipment & Services,"Oil, Gas & Consumable Fuels",154.59,0.0,3.32,36.63,43.98,48.03,24.73,33.1,,insufficient_data,0,,,,,{},insufficient_data,insufficient_data,,,,,False,False,,0.0
stock,ONGC,ONGC.NS,Oil Exploration & Production,"Oil, Gas & Consumable Fuels",293750.75,5.67,6554.44,20.84,204987.35,25.68,6.72,14.15,,not_stage_2,1,234.65,262.75,-1.14,0.00982,"{'price_above_30w_ma': False, '30w_ma_rising': False, 'price_above_10w_ma': False, 'relative_strength_positive': False, 'near_52w_high': True}",improving,lagging,99.54,101.15,0.78,2.42,False,True,2026-08-31 ratio=98.76 momentum=98.73; 2026-09-01 ratio=99.57 momentum=100.26; 2026-09-02 ratio=99.99 momentum=101.26; 2026-09-03 ratio=99.82 momentum=101.03; 2026-09-04 ratio=99.54 momentum=101.15,25.75
stock,OIL,OIL.NS,Oil Exploration & Production,"Oil, Gas & Consumable Fuels",79215.8,2.36,4026.83,91.4,12503.32,57.7,9.48,11.51,,stage_2,5,488.3,464.4,0.17,0.02043,"{'price_above_30w_ma': True, '30w_ma_rising': True, 'price_above_10w_ma': True, 'relative_strength_positive': True, 'near_52w_high': True}",leading,leading,101.75,100.2,-0.05,-0.4,False,False,2026-08-31 ratio=101.80 momentum=100.60; 2026-09-01 ratio=102.02 momentum=99.60; 2026-09-02 ratio=102.35 momentum=100.78; 2026-09-03 ratio=101.92 momentum=99.53; 2026-09-04 ratio=101.75 momentum=100.20,155.09
stock,VOGL,VOGL.NS,Oil Exploration & Production,"Oil, Gas & Consumable Fuels",14448.78,0.0,945.0,2691.59,2507.0,8.48,67.21,,,insufficient_data,0,,,,,{},insufficient_data,insufficient_data,,,,,False,False,,0.0
stock,ANTELOPUS,ANTELOPUS.NS,Oil Exploration & Production,"Oil, Gas & Consumable Fuels",3437.26,0.0,54.32,450.71,131.04,158.82,24.52,21.22,,stage_2,5,957.15,716.35,6.06,0.04005,"{'price_above_30w_ma': True, '30w_ma_rising': True, 'price_above_10w_ma': True, 'relative_strength_positive': True, 'near_52w_high': True}",leading,lagging,102.69,101.63,3.64,2.06,True,False,2026-08-31 ratio=99.05 momentum=99.57; 2026-09-01 ratio=99.34 momentum=90.89; 2026-09-02 ratio=103.64 momentum=103.13; 2026-09-03 ratio=104.18 momentum=102.58; 2026-09-04 ratio=102.69 momentum=101.63,188.72
stock,PRABHA,PRABHA.NS,Oil Exploration & Production,"Oil, Gas & Consumable Fuels",3331.42,0.0,0.29,226.09,1.69,49.56,3028.56,-0.09,,stage_2,5,230.6,163.81,4.01,0.00965,"{'price_above_30w_ma': True, '30w_ma_rising': True, 'price_above_10w_ma': True, 'relative_strength_positive': True, 'near_52w_high': True}",weakening,leading,102.33,95.61,0.46,-4.73,False,False,2026-08-31 ratio=101.87 momentum=100.34; 2026-09-01 ratio=102.08 momentum=97.18; 2026-09-02 ratio=102.13 momentum=97.12; 2026-09-03 ratio=102.17 momentum=96.27; 2026-09-04 ratio=102.33 momentum=95.61,144.67
stock,HINDOILEXP,HINDOILEXP.NS,Oil Exploration & Production,"Oil, Gas & Consumable Fuels",2494.04,0.0,6.24,-47.91,114.18,45.17,99.29,3.41,,stage_2,5,185.0,154.34,1.05,0.00774,"{'price_above_30w_ma': True, '30w_ma_rising': True, 'price_above_10w_ma': True, 'relative_strength_positive': True, 'near_52w_high': True}",leading,leading,103.95,102.81,2.9,0.4,False,False,2026-08-31 ratio=101.04 momentum=102.41; 2026-09-01 ratio=102.77 momentum=102.95; 2026-09-02 ratio=102.16 momentum=102.68; 2026-09-03 ratio=104.79 momentum=103.11; 2026-09-04 ratio=103.95 momentum=102.81,180.9
stock,GNRL,GNRL.NS,Oil Exploration & Production,"Oil, Gas & Consumable Fuels",1742.56,0.0,11.35,488.08,5.72,70.75,90.24,7.25,,insufficient_data,0,,,,,{},insufficient_data,insufficient_data,,,,,False,False,,0.0
stock,LTFOODS,LTFOODS.NS,Other Agricultural Products,Fast Moving Consumer Goods,15621.53,0.67,183.45,8.87,3151.83,27.92,24.4,17.74,,stage_2,5,444.8,403.61,2.09,0.01861,"{'price_above_30w_ma': True, '30w_ma_rising': True, 'price_above_10w_ma': True, 'relative_strength_positive': True, 'near_52w_high': True}",weakening,leading,101.67,99.57,-0.3,-0.91,False,False,2026-08-31 ratio=101.97 momentum=100.49; 2026-09-01 ratio=101.51 momentum=98.15; 2026-09-02 ratio=101.75 momentum=98.47; 2026-09-03 ratio=101.69 momentum=98.90; 2026-09-04 ratio=101.67 momentum=99.57,137.53
stock,KRBL,KRBL.NS,Other Agricultural Products,Fast Moving Consumer Goods,9783.94,1.05,260.74,73.16,1495.86,-5.59,12.9,15.16,,stage_2,5,421.95,357.53,2.59,0.01766,"{'price_above_30w_ma': True, '30w_ma_rising': True, 'price_above_10w_ma': True, 'relative_strength_positive': True, 'near_52w_high': True}",weakening,weakening,101.6,99.05,-0.2,-0.74,False,False,2026-08-31 ratio=101.80 momentum=99.79; 2026-09-01 ratio=101.81 momentum=99.97; 2026-09-02 ratio=101.82 momentum=99.40; 2026-09-03 ratio=101.79 momentum=100.06; 2026-09-04 ratio=101.60 momentum=99.05,138.18
stock,GAEL,GAEL.NS,Other Agricultural Products,Fast Moving Consumer Goods,7581.5,0.18,176.77,171.87,1594.22,23.47,18.09,12.46,,stage_2,5,167.81,154.36,3.12,0.00702,"{'price_above_30w_ma': True, '30w_ma_rising': True, 'price_above_10w_ma': True, 'relative_strength_positive': True, 'near_52w_high': True}",weakening,leading,100.48,97.5,-0.84,-2.56,False,False,2026-08-31 ratio=101.31 momentum=100.06; 2026-09-01 ratio=100.84 momentum=98.06; 2026-09-02 ratio=100.79 momentum=98.79; 2026-09-03 ratio=100.80 momentum=96.66; 2026-09-04 ratio=100.48 momentum=97.50,133.64
stock,KSCL,KSCL.NS,Other Agricultural Products,Fast Moving Consumer Goods,3766.88,0.68,279.84,-14.18,742.5,-13.51,15.09,18.79,,not_stage_2,0,744.1,850.14,-1.67,0.03114,"{'price_above_30w_ma': False, '30w_ma_rising': False, 'price_above_10w_ma': False, 'relative_strength_positive': False, 'near_52w_high': False}",improving,improving,98.85,101.39,-0.14,-0.51,False,False,2026-08-31 ratio=98.99 momentum=101.89; 2026-09-01 ratio=98.97 momentum=101.27; 2026-09-02 ratio=98.68 momentum=99.64; 2026-09-03 ratio=98.85 momentum=100.36; 2026-09-04 ratio=98.85 momentum=101.39,6.95
stock,TRUALT,TRUALT.NS,Other Agricultural Products,Fast Moving Consumer Goods,3641.48,0.0,59.27,1108.25,626.88,106.29,23.28,10.44,,not_stage_2,2,425.25,445.77,2.2,0.01779,"{'price_above_30w_ma': False, '30w_ma_rising': True, 'price_above_10w_ma': False, 'relative_strength_positive': False, 'near_52w_high': True}",lagging,lagging,99.22,97.37,0.07,-0.04,False,False,2026-08-31 ratio=99.15 momentum=97.41; 2026-09-01 ratio=99.13 momentum=97.03; 2026-09-02 ratio=99.32 momentum=95.91; 2026-09-03 ratio=99.27 momentum=94.11; 2026-09-04 ratio=99.22 momentum=97.37,44.4
stock,SANSTAR,SANSTAR.NS,Other Agricultural Products,Fast Moving Consumer Goods,2202.36,0.0,9.21,2808.82,206.16,21.51,50.05,5.69,,stage_2,5,111.31,101.27,2.35,0.00466,"{'price_above_30w_ma': True, '30w_ma_rising': True, 'price_above_10w_ma': True, 'relative_strength_positive': True, 'near_52w_high': True}",leading,improving,100.22,104.21,0.6,2.29,True,False,2026-08-31 ratio=99.62 momentum=101.92; 2026-09-01 ratio=99.13 momentum=101.25; 2026-09-02 ratio=99.77 momentum=102.68; 2026-09-03 ratio=99.44 momentum=102.91; 2026-09-04 ratio=100.22 momentum=104.21,181.85
stock,AEROPLANE,AEROPLANE.NS,Other Agricultural Products,Fast Moving Consumer Goods,2067.01,0.0,36.63,127.52,663.73,55.1,16.69,15.7,,insufficient_data,0,,,,,{},leading,weakening,101.21,102.49,1.21,5.34,True,False,2026-08-31 ratio=100.00 momentum=97.15; 2026-09-01 ratio=99.96 momentum=97.01; 2026-09-02 ratio=100.26 momentum=98.71; 2026-09-03 ratio=100.79 momentum=101.01; 2026-09-04 ratio=101.21 momentum=102.49,48.5
stock,GRMOVER,GRMOVER.NS,Other Agricultural Products,Fast Moving Consumer Goods,1780.3,0.0,21.04,10.21,426.51,30.52,23.29,13.99,,not_stage_2,0,87.53,130.57,-7.35,0.00366,"{'price_above_30w_ma': False, '30w_ma_rising': False, 'price_above_10w_ma': False, 'relative_strength_positive': False, 'near_52w_high': False}",improving,lagging,99.35,103.26,0.68,4.38,False,True,2026-08-31 ratio=98.67 momentum=98.89; 2026-09-01 ratio=98.42 momentum=99.68; 2026-09-02 ratio=98.84 momentum=99.54; 2026-09-03 ratio=98.86 momentum=102.03; 2026-09-04 ratio=99.35 momentum=103.26,16.3
stock,CLSEL,CLSEL.NS,Other Agricultural Products,Fast Moving Consumer Goods,1491.02,1.0,31.99,47.83,345.92,12.58,11.92,18.32,,stage_2,5,301.9,274.89,1.96,0.01263,"{'price_above_30w_ma': True, '30w_ma_rising': True, 'price_above_10w_ma': True, 'relative_strength_positive': True, 'near_52w_high': True}",leading,leading,101.62,101.68,0.08,0.25,False,False,2026-08-31 ratio=101.55 momentum=101.43; 2026-09-01 ratio=101.70 momentum=101.74; 2026-09-02 ratio=101.71 momentum=101.85; 2026-09-03 ratio=102.00 momentum=103.03; 2026-09-04 ratio=101.62 momentum=101.68,165.42
stock,AVTNPL,AVTNPL.NS,Other Agricultural Products,Fast Moving Consumer Goods,1373.27,0.89,31.1,156.6,241.21,82.16,16.39,14.22,,stage_2,5,91.02,69.47,4.0,0.00381,"{'price_above_30w_ma': True, '30w_ma_rising': True, 'price_above_10w_ma': True, 'relative_strength_positive': True, 'near_52w_high': True}",weakening,weakening,101.95,97.04,-0.58,0.87,False,False,2026-08-31 ratio=102.52 momentum=96.17; 2026-09-01 ratio=101.90 momentum=95.96; 2026-09-02 ratio=101.71 momentum=96.35; 2026-09-03 ratio=102.16 momentum=96.73; 2026-09-04 ratio=101.95 momentum=97.04,142.75
stock,AUBANK,AUBANK.NS,Other Bank,Financial Services,78902.52,0.09,795.95,37.03,5302.74,21.11,27.62,7.66,,stage_2,5,1065.0,1006.82,1.23,0.04456,"{'price_above_30w_ma': True, '30w_ma_rising': True, 'price_above_10w_ma': True, 'relative_strength_positive': True, 'near_52w_high': True}",weakening,leading,100.64,97.39,-0.55,-2.73,False,False,2026-08-31 ratio=101.20 momentum=100.12; 2026-09-01 ratio=100.96 momentum=99.16; 2026-09-02 ratio=101.09 momentum=99.32; 2026-09-03 ratio=100.94 momentum=98.84; 2026-09-04 ratio=100.64 momentum=97.39,130.66
stock,UJJIVANSFB,UJJIVANSFB.NS,Other Bank,Financial Services,12683.05,0.0,316.54,206.67,2024.92,25.08,14.0,7.73,,not_stage_2,3,64.43,60.29,1.41,0.0027,"{'price_above_30w_ma': True, '30w_ma_rising': True, 'price_above_10w_ma': False, 'relative_strength_positive': False, 'near_52w_high': True}",lagging,weakening,99.49,96.98,-1.08,-0.87,False,False,2026-08-31 ratio=100.57 momentum=97.85; 2026-09-01 ratio=99.77 momentum=96.32; 2026-09-02 ratio=99.42 momentum=96.47; 2026-09-03 ratio=99.24 momentum=96.69; 2026-09-04 ratio=99.49 momentum=96.98,62.82
stock,EQUITASBNK,EQUITASBNK.NS,Other Bank,Financial Services,8384.99,0.0,183.61,182.06,1960.4,18.89,16.43,6.43,,not_stage_2,3,72.95,69.47,1.11,0.00305,"{'price_above_30w_ma': True, '30w_ma_rising': True, 'price_above_10w_ma': False, 'relative_strength_positive': False, 'near_52w_high': True}",lagging,improving,99.03,93.72,-0.06,-6.58,False,False,2026-08-31 ratio=99.09 momentum=100.30; 2026-09-01 ratio=98.93 momentum=97.74; 2026-09-02 ratio=99.15 momentum=99.84; 2026-09-03 ratio=99.07 momentum=96.15; 2026-09-04 ratio=99.03 momentum=93.72,62.22
stock,JSFB,JSFB.NS,Other Bank,Financial Services,5668.82,0.0,155.23,52.29,1514.53,22.08,14.93,7.45,,stage_2,5,535.1,457.46,5.84,0.02239,"{'price_above_30w_ma': True, '30w_ma_rising': True, 'price_above_10w_ma': True, 'relative_strength_positive': True, 'near_52w_high': True}",weakening,weakening,100.31,96.99,-0.07,-1.73,False,False,2026-08-31 ratio=100.38 momentum=98.72; 2026-09-01 ratio=100.19 momentum=97.05; 2026-09-02 ratio=100.09 momentum=97.15; 2026-09-03 ratio=100.34 momentum=98.31; 2026-09-04 ratio=100.31 momentum=96.99,138.23
stock,UTKARSHBNK,UTKARSHBNK.NS,Other Bank,Financial Services,2669.13,0.0,-33.92,85.84,883.56,0.3,,1.46,,not_stage_2,3,14.56,13.76,0.47,0.00061,"{'price_above_30w_ma': True, '30w_ma_rising': True, 'price_above_10w_ma': False, 'relative_strength_positive': True, 'near_52w_high': False}",leading,leading,100.49,101.49,-1.04,-1.13,False,False,2026-08-31 ratio=101.53 momentum=102.62; 2026-09-01 ratio=101.09 momentum=102.05; 2026-09-02 ratio=101.00 momentum=102.62; 2026-09-03 ratio=101.35 momentum=104.93; 2026-09-04 ratio=100.49 momentum=101.49,90.84
stock,ESAFSFB,ESAFSFB.NS,Other Bank,Financial Services,2140.8,0.0,80.08,198.6,1097.77,32.54,,5.65,,stage_2,5,41.41,31.09,5.98,0.00173,"{'price_above_30w_ma': True, '30w_ma_rising': True, 'price_above_10w_ma': True, 'relative_strength_positive': True, 'near_52w_high': True}",weakening,leading,100.94,97.14,-0.52,-4.72,False,False,2026-08-31 ratio=101.46 momentum=101.86; 2026-09-01 ratio=101.01 momentum=98.87; 2026-09-02 ratio=101.28 momentum=98.60; 2026-09-03 ratio=101.06 momentum=97.61; 2026-09-04 ratio=100.94 momentum=97.14,141.66
stock,SURYODAY,SURYODAY.NS,Other Bank,Financial Services,1618.68,0.99,75.18,113.1,622.36,25.69,8.44,7.33,,not_stage_2,2,152.07,154.6,1.53,0.00636,"{'price_above_30w_ma': False, '30w_ma_rising': True, 'price_above_10w_ma': False, 'relative_strength_positive': False, 'near_52w_high': True}",improving,improving,98.99,100.49,0.06,-2.09,False,False,2026-08-31 ratio=98.93 momentum=102.58; 2026-09-01 ratio=98.73 momentum=102.30; 2026-09-02 ratio=98.89 momentum=103.07; 2026-09-03 ratio=99.07 momentum=102.95; 2026-09-04 ratio=98.99 momentum=100.49,45.51
stock,CAPITALSFB,CAPITALSFB.NS,Other Bank,Financial Services,1266.86,1.8,41.3,29.02,288.18,16.63,8.41,7.07,,not_stage_2,3,280.95,273.17,1.21,0.01176,"{'price_above_30w_ma': True, '30w_ma_rising': True, 'price_above_10w_ma': False, 'relative_strength_positive': False, 'near_52w_high': True}",improving,improving,99.12,100.96,-0.05,-1.71,False,False,2026-08-31 ratio=99.17 momentum=102.66; 2026-09-01 ratio=99.37 momentum=99.42; 2026-09-02 ratio=99.44 momentum=99.27; 2026-09-03 ratio=99.30 momentum=99.93; 2026-09-04 ratio=99.12 momentum=100.96,67.22
stock,FINOPB,FINOPB.NS,Other Bank,Financial Services,1157.4,0.0,-13.72,-177.25,72.23,18.43,47.34,4.53,,not_stage_2,0,139.33,149.58,-6.58,0.00583,"{'price_above_30w_ma': False, '30w_ma_rising': False, 'price_above_10w_ma': False, 'relative_strength_positive': False, 'near_52w_high': False}",lagging,lagging,99.08,98.74,0.2,0.91,False,False,2026-08-31 ratio=98.88 momentum=97.83; 2026-09-01 ratio=98.70 momentum=95.43; 2026-09-02 ratio=99.13 momentum=98.18; 2026-09-03 ratio=99.15 momentum=98.89; 2026-09-04 ratio=99.08 momentum=98.74,0.0
stock,RAMCOIND,RAMCOIND.NS,Other Construction Materials,Construction Materials,2810.63,0.39,86.59,21.91,613.81,15.48,8.93,4.57,,not_stage_2,3,323.25,302.11,1.34,0.01353,"{'price_above_30w_ma': True, '30w_ma_rising': True, 'price_above_10w_ma': False, 'relative_strength_positive': False, 'near_52w_high': True}",lagging,lagging,98.83,97.69,-0.35,1.36,False,False,2026-08-31 ratio=99.18 momentum=96.33; 2026-09-01 ratio=98.88 momentum=97.21; 2026-09-02 ratio=98.62 momentum=97.62; 2026-09-03 ratio=98.87 momentum=97.25; 2026-09-04 ratio=98.83 momentum=97.69,62.68
stock,BIRLANU,BIRLANU.NS,Other Construction Materials,Construction Materials,1094.64,1.04,9.4,812.12,1174.02,11.57,,-4.29,,not_stage_2,3,1448.0,1420.79,-1.57,0.06059,"{'price_above_30w_ma': True, '30w_ma_rising': False, 'price_above_10w_ma': True, 'relative_strength_positive': True, 'near_52w_high': False}",weakening,weakening,100.42,97.98,0.14,0.4,False,False,2026-08-31 ratio=100.28 momentum=97.57; 2026-09-01 ratio=100.26 momentum=96.24; 2026-09-02 ratio=100.19 momentum=96.07; 2026-09-03 ratio=100.22 momentum=96.76; 2026-09-04 ratio=100.42 momentum=97.98,62.1
stock,ARIS,ARIS.NS,Other Construction Materials,Construction Materials,1028.5,0.0,20.04,306.31,290.81,37.12,15.57,15.57,,stage_2,5,128.56,120.6,3.72,0.00538,"{'price_above_30w_ma': True, '30w_ma_rising': True, 'price_above_10w_ma': True, 'relative_strength_positive': True, 'near_52w_high': True}",weakening,weakening,100.34,97.67,-1.1,-0.84,False,False,2026-08-31 ratio=101.44 momentum=98.50; 2026-09-01 ratio=100.58 momentum=97.47; 2026-09-02 ratio=100.36 momentum=97.86; 2026-09-03 ratio=100.45 momentum=98.03; 2026-09-04 ratio=100.34 momentum=97.67,134.14
stock,EVERESTIND,EVERESTIND.NS,Other Construction Materials,Construction Materials,654.76,0.24,102.09,1505.52,435.86,-12.95,,-8.5,,not_stage_2,2,423.9,406.56,0.05,0.01774,"{'price_above_30w_ma': True, '30w_ma_rising': True, 'price_above_10w_ma': False, 'relative_strength_positive': False, 'near_52w_high': False}",lagging,lagging,98.75,96.19,-0.2,-0.56,False,False,2026-08-31 ratio=98.96 momentum=96.75; 2026-09-01 ratio=98.62 momentum=95.94; 2026-09-02 ratio=98.83 momentum=97.63; 2026-09-03 ratio=98.77 momentum=96.42; 2026-09-04 ratio=98.75 momentum=96.19,40.1
stock,SAHYADRI,SAHYADRI.NS,Other Construction Materials,Construction Materials,433.55,0.63,26.52,146.24,258.58,20.51,9.6,9.72,,stage_2,5,392.15,280.72,5.99,0.01641,"{'price_above_30w_ma': True, '30w_ma_rising': True, 'price_above_10w_ma': True, 'relative_strength_positive': True, 'near_52w_high': True}",leading,weakening,102.12,100.09,0.79,3.3,True,False,2026-08-31 ratio=101.32 momentum=96.80; 2026-09-01 ratio=101.19 momentum=97.24; 2026-09-02 ratio=101.29 momentum=96.80; 2026-09-03 ratio=101.34 momentum=96.97; 2026-09-04 ratio=102.12 momentum=100.09,178.03
stock,TEAMTECH,TEAMTECH.NS,Other Construction Materials,Construction Materials,410.82,0.0,7.33,,31.74,,35.45,41.17,,insufficient_data,0,,,,,{},insufficient_data,insufficient_data,,,,,False,False,,0.0
stock,VISHNUINFR,VISHNUINFR.NS,Other Construction Materials,Construction Materials,407.29,0.64,5.92,116.06,61.87,25.02,9.65,19.92,,not_stage_2,2,158.0,159.74,-2.65,0.00661,"{'price_above_30w_ma': False, '30w_ma_rising': False, 'price_above_10w_ma': True, 'relative_strength_positive': True, 'near_52w_high': False}",leading,leading,100.35,102.59,-0.41,-0.64,False,False,2026-08-31 ratio=100.76 momentum=103.24; 2026-09-01 ratio=99.73 momentum=102.81; 2026-09-02 ratio=100.90 momentum=101.92; 2026-09-03 ratio=100.93 momentum=103.76; 2026-09-04 ratio=100.35 momentum=102.59,74.7
stock,MCON,MCON.NS,Other Construction Materials,Construction Materials,31.22,0.0,1.8,76.47,36.86,26.32,10.27,11.06,,not_stage_2,1,44.0,46.09,-3.23,0.00184,"{'price_above_30w_ma': False, '30w_ma_rising': False, 'price_above_10w_ma': False, 'relative_strength_positive': True, 'near_52w_high': False}",weakening,leading,100.25,98.44,-0.71,-2.74,False,False,2026-08-31 ratio=100.96 momentum=101.19; 2026-09-01 ratio=100.04 momentum=98.37; 2026-09-02 ratio=99.51 momentum=97.43; 2026-09-03 ratio=99.58 momentum=97.59; 2026-09-04 ratio=100.25 momentum=98.44,21.25
stock,SIS,SIS.NS,Other Consumer Services,Consumer Services,6058.15,1.63,101.66,9.37,4603.58,29.73,15.08,13.68,,stage_2,5,430.95,375.08,3.5,0.01803,"{'price_above_30w_ma': True, '30w_ma_rising': True, 'price_above_10w_ma': True, 'relative_strength_positive': True, 'near_52w_high': True}",leading,leading,100.79,102.34,0.63,-0.4,False,False,2026-08-31 ratio=100.16 momentum=102.74; 2026-09-01 ratio=100.10 momentum=102.55; 2026-09-02 ratio=100.64 momentum=102.53; 2026-09-03 ratio=101.36 momentum=103.38; 2026-09-04 ratio=100.79 momentum=102.34,167.65
stock,EFACTOR,EFACTOR.NS,Other Consumer Services,Consumer Services,226.58,0.7,14.61,-26.66,138.84,-9.5,11.51,24.71,,not_stage_2,0,173.0,199.69,-5.43,0.00724,"{'price_above_30w_ma': False, '30w_ma_rising': False, 'price_above_10w_ma': False, 'relative_strength_positive': False, 'near_52w_high': False}",lagging,weakening,99.75,96.83,-0.77,-0.57,False,False,2026-08-31 ratio=100.51 momentum=97.41; 2026-09-01 ratio=100.29 momentum=97.00; 2026-09-02 ratio=100.36 momentum=96.87; 2026-09-03 ratio=99.89 momentum=96.60; 2026-09-04 ratio=99.75 momentum=96.83,0.0
stock,PARTYCRUS,PARTYCRUS.NS,Other Consumer Services,Consumer Services,103.53,0.0,10.04,62.85,111.27,32.28,8.24,34.58,,not_stage_2,0,79.7,88.54,-0.61,0.00334,"{'price_above_30w_ma': False, '30w_ma_rising': False, 'price_above_10w_ma': False, 'relative_strength_positive': False, 'near_52w_high': False}",improving,improving,98.73,101.22,-1.14,-0.35,False,False,2026-08-31 ratio=99.87 momentum=101.57; 2026-09-01 ratio=99.92 momentum=101.88; 2026-09-02 ratio=100.09 momentum=102.65; 2026-09-03 ratio=98.72 momentum=100.87; 2026-09-04 ratio=98.73 momentum=101.22,6.1
stock,TOUCHWOOD,TOUCHWOOD.NS,Other Consumer Services,Consumer Services,68.7,0.0,0.38,-70.77,3.96,-76.57,20.69,13.39,,not_stage_2,0,62.81,70.85,-5.67,0.00263,"{'price_above_30w_ma': False, '30w_ma_rising': False, 'price_above_10w_ma': False, 'relative_strength_positive': False, 'near_52w_high': False}",improving,lagging,99.35,102.21,1.51,2.41,False,True,2026-08-31 ratio=97.84 momentum=99.80; 2026-09-01 ratio=98.11 momentum=101.03; 2026-09-02 ratio=97.83 momentum=99.33; 2026-09-03 ratio=98.25 momentum=100.90; 2026-09-04 ratio=99.35 momentum=102.21,11.05
stock,BLUEPEBBLE,BLUEPEBBLE.NS,Other Consumer Services,Consumer Services,31.21,0.65,-0.26,,11.14,,63.69,2.38,,not_stage_2,2,84.0,100.05,-8.82,0.00351,"{'price_above_30w_ma': False, '30w_ma_rising': False, 'price_above_10w_ma': True, 'relative_strength_positive': True, 'near_52w_high': False}",leading,lagging,103.4,103.21,5.34,5.74,True,False,2026-08-31 ratio=98.06 momentum=97.47; 2026-09-01 ratio=98.15 momentum=96.84; 2026-09-02 ratio=99.74 momentum=100.66; 2026-09-03 ratio=100.05 momentum=101.09; 2026-09-04 ratio=103.40 momentum=103.21,103.05
stock,THESL,THESL.NS,Other Consumer Services,Consumer Services,19.17,0.0,0.51,-80.08,15.16,-61.15,15.46,5.96,,insufficient_data,0,,,,,{},insufficient_data,insufficient_data,,,,,False,False,,0.0
stock,INOXINDIA,INOXINDIA.NS,Other Industrial Products,Capital Goods,20247.11,0.09,58.07,-4.99,370.79,9.18,78.73,33.48,,stage_2,5,2247.8,1604.84,8.56,0.09406,"{'price_above_30w_ma': True, '30w_ma_rising': True, 'price_above_10w_ma': True, 'relative_strength_positive': True, 'near_52w_high': True}",leading,leading,102.98,102.21,0.54,0.59,False,False,2026-08-31 ratio=102.44 momentum=101.62; 2026-09-01 ratio=102.66 momentum=101.51; 2026-09-02 ratio=101.92 momentum=101.25; 2026-09-03 ratio=102.61 momentum=101.94; 2026-09-04 ratio=102.98 momentum=102.21,188.07
stock,HBLENGINE,HBLENGINE.NS,Other Industrial Products,Capital Goods,19499.14,0.43,109.14,-25.07,638.03,6.03,24.33,58.45,,not_stage_2,0,695.75,741.18,-1.42,0.02911,"{'price_above_30w_ma': False, '30w_ma_rising': False, 'price_above_10w_ma': False, 'relative_strength_positive': False, 'near_52w_high': False}",improving,improving,99.62,102.0,1.03,0.85,False,True,2026-08-31 ratio=98.59 momentum=101.15; 2026-09-01 ratio=98.68 momentum=101.48; 2026-09-02 ratio=98.81 momentum=101.59; 2026-09-03 ratio=98.97 momentum=98.13; 2026-09-04 ratio=99.62 momentum=102.00,10.0
stock,KRN,KRN.NS,Other Industrial Products,Capital Goods,10632.55,0.0,32.9,164.9,252.32,118.88,109.68,16.06,,stage_2,5,1578.7,1161.77,11.24,0.06606,"{'price_above_30w_ma': True, '30w_ma_rising': True, 'price_above_10w_ma': True, 'relative_strength_positive': True, 'near_52w_high': True}",weakening,weakening,101.88,98.92,-0.11,3.78,False,False,2026-08-31 ratio=102.00 momentum=95.13; 2026-09-01 ratio=101.71 momentum=94.98; 2026-09-02 ratio=101.74 momentum=96.06; 2026-09-03 ratio=101.48 momentum=95.59; 2026-09-04 ratio=101.88 momentum=98.92,156.88
stock,ESABINDIA,ESABINDIA.NS,Other Industrial Products,Capital Goods,9347.07,1.23,56.14,37.13,421.12,19.63,45.15,64.68,,stage_2,5,6067.5,5853.13,1.24,0.25389,"{'price_above_30w_ma': True, '30w_ma_rising': True, 'price_above_10w_ma': True, 'relative_strength_positive': True, 'near_52w_high': True}",weakening,weakening,101.19,96.43,-0.23,1.37,False,False,2026-08-31 ratio=101.41 momentum=95.06; 2026-09-01 ratio=101.47 momentum=96.39; 2026-09-02 ratio=101.14 momentum=97.97; 2026-09-03 ratio=101.30 momentum=97.74; 2026-09-04 ratio=101.19 momentum=96.43,133.43
stock,SUBROS,SUBROS.NS,Other Industrial Products,Capital Goods,4587.47,0.43,41.52,1.69,1032.11,17.52,26.69,19.16,,not_stage_2,0,709.6,757.12,-1.07,0.02969,"{'price_above_30w_ma': False, '30w_ma_rising': False, 'price_above_10w_ma': False, 'relative_strength_positive': False, 'near_52w_high': False}",improving,lagging,98.46,101.75,0.22,7.39,False,True,2026-08-31 ratio=98.23 momentum=94.36; 2026-09-01 ratio=98.30 momentum=95.79; 2026-09-02 ratio=98.22 momentum=95.40; 2026-09-03 ratio=98.31 momentum=98.85; 2026-09-04 ratio=98.46 momentum=101.75,8.75
stock,HARSHA,HARSHA.NS,Other Industrial Products,Capital Goods,4143.41,0.33,37.38,-1.45,457.43,25.22,26.79,13.0,,stage_2,5,454.35,396.63,1.86,0.01901,"{'price_above_30w_ma': True, '30w_ma_rising': True, 'price_above_10w_ma': True, 'relative_strength_positive': True, 'near_52w_high': True}",leading,leading,102.24,101.24,-0.5,-2.52,False,False,2026-08-31 ratio=102.74 momentum=103.76; 2026-09-01 ratio=102.45 momentum=101.32; 2026-09-02 ratio=102.30 momentum=100.96; 2026-09-03 ratio=102.23 momentum=101.07; 2026-09-04 ratio=102.24 momentum=101.24,166.12
stock,ADOR,ADOR.NS,Other Industrial Products,Capital Goods,2861.2,1.4,27.35,890.46,308.63,23.19,23.9,22.71,,stage_2,5,1674.4,1193.59,6.94,0.07007,"{'price_above_30w_ma': True, '30w_ma_rising': True, 'price_above_10w_ma': True, 'relative_strength_positive': True, 'near_52w_high': True}",weakening,leading,101.63,99.81,-0.55,-2.02,False,False,2026-08-31 ratio=102.19 momentum=101.83; 2026-09-01 ratio=102.05 momentum=100.84; 2026-09-02 ratio=102.22 momentum=100.13; 2026-09-03 ratio=102.01 momentum=99.33; 2026-09-04 ratio=101.63 momentum=99.81,147.03
stock,DIFFNKG,DIFFNKG.NS,Other Industrial Products,Capital Goods,1697.25,0.33,16.68,36.26,110.11,36.49,30.7,15.78,,stage_2,5,474.9,337.32,6.78,0.01987,"{'price_above_30w_ma': True, '30w_ma_rising': True, 'price_above_10w_ma': True, 'relative_strength_positive': True, 'near_52w_high': True}",leading,leading,102.48,101.33,-1.87,-1.85,False,False,2026-08-31 ratio=104.36 momentum=103.18; 2026-09-01 ratio=103.43 momentum=101.70; 2026-09-02 ratio=103.10 momentum=101.42; 2026-09-03 ratio=102.83 momentum=101.48; 2026-09-04 ratio=102.48 momentum=101.33,177.61
stock,MICEL,MICEL.NS,Other Industrial Products,Capital Goods,895.65,0.0,2.13,27.54,43.72,276.57,,8.67,,not_stage_2,0,36.74,39.47,-0.35,0.00154,"{'price_above_30w_ma': False, '30w_ma_rising': False, 'price_above_10w_ma': False, 'relative_strength_positive': False, 'near_52w_high': False}",improving,leading,99.75,100.76,-1.41,-1.27,False,False,2026-08-31 ratio=101.16 momentum=102.04; 2026-09-01 ratio=100.85 momentum=101.67; 2026-09-02 ratio=100.62 momentum=101.56; 2026-09-03 ratio=100.24 momentum=101.49; 2026-09-04 ratio=99.75 momentum=100.76,3.8
stock,VILAS,VILAS.NS,Other Industrial Products,Capital Goods,872.22,0.0,15.18,-26.24,231.91,21.66,22.05,16.12,,not_stage_2,1,353.7,384.39,0.73,0.0148,"{'price_above_30w_ma': False, '30w_ma_rising': True, 'price_above_10w_ma': False, 'relative_strength_positive': False, 'near_52w_high': False}",improving,improving,99.56,103.84,0.05,2.03,False,True,2026-08-31 ratio=99.51 momentum=101.81; 2026-09-01 ratio=99.06 momentum=100.05; 2026-09-02 ratio=99.19 momentum=100.42; 2026-09-03 ratio=99.71 momentum=102.36; 2026-09-04 ratio=99.56 momentum=103.84,40.66
stock,MARUTI,MARUTI.NS,Passenger Cars & Utility Vehicles,Automobile and Auto Components,400988.15,1.1,3446.9,-9.11,52469.8,35.91,27.97,18.87,,not_stage_2,0,12694.0,13559.6,-1.8,0.53118,"{'price_above_30w_ma': False, '30w_ma_rising': False, 'price_above_10w_ma': False, 'relative_strength_positive': False, 'near_52w_high': False}",lagging,lagging,97.37,98.07,-1.9,-1.21,False,False,2026-08-31 ratio=99.28 momentum=99.28; 2026-09-01 ratio=97.31 momentum=96.64; 2026-09-02 ratio=97.45 momentum=96.98; 2026-09-03 ratio=97.66 momentum=96.96; 2026-09-04 ratio=97.37 momentum=98.07,0.0
stock,M&M,M&M.NS,Passenger Cars & Utility Vehicles,Automobile and Auto Components,393091.52,1.04,5997.56,33.8,58187.57,27.8,20.5,15.1,,not_stage_2,1,3170.0,3203.16,-0.89,0.13265,"{'price_above_30w_ma': False, '30w_ma_rising': False, 'price_above_10w_ma': False, 'relative_strength_positive': False, 'near_52w_high': True}",lagging,weakening,99.44,97.39,-0.83,-0.16,False,False,2026-08-31 ratio=100.27 momentum=97.55; 2026-09-01 ratio=100.07 momentum=96.83; 2026-09-02 ratio=99.62 momentum=96.64; 2026-09-03 ratio=99.29 momentum=96.84; 2026-09-04 ratio=99.44 momentum=97.39,20.0
stock,HYUNDAI,HYUNDAI.NS,Passenger Cars & Utility Vehicles,Automobile and Auto Components,179571.58,0.95,888.62,-35.1,16334.63,-0.48,36.27,38.4,,not_stage_2,4,2205.0,2000.74,-0.16,0.09227,"{'price_above_30w_ma': True, '30w_ma_rising': False, 'price_above_10w_ma': True, 'relative_strength_positive': True, 'near_52w_high': True}",weakening,weakening,101.21,98.74,-0.01,1.46,False,False,2026-08-31 ratio=101.22 momentum=97.28; 2026-09-01 ratio=100.98 momentum=97.28; 2026-09-02 ratio=100.84 momentum=97.88; 2026-09-03 ratio=100.81 momentum=97.19; 2026-09-04 ratio=101.21 momentum=98.74,86.05
stock,TMPV,TMPV.NS,Passenger Cars & Utility Vehicles,Automobile and Auto Components,112883.58,0.98,859.0,-69.83,95799.0,9.26,113.29,2.73,,not_stage_2,0,311.5,346.75,-1.27,0.01303,"{'price_above_30w_ma': False, '30w_ma_rising': False, 'price_above_10w_ma': False, 'relative_strength_positive': False, 'near_52w_high': False}",improving,lagging,98.55,100.06,0.6,3.78,False,True,2026-08-31 ratio=97.96 momentum=96.28; 2026-09-01 ratio=98.13 momentum=97.50; 2026-09-02 ratio=98.55 momentum=98.93; 2026-09-03 ratio=98.58 momentum=99.64; 2026-09-04 ratio=98.55 momentum=100.06,0.3
stock,FORCEMOT,FORCEMOT.NS,Passenger Cars & Utility Vehicles,Automobile and Auto Components,23411.69,0.28,216.59,22.82,2440.01,6.21,21.28,36.05,,not_stage_2,0,17500.0,19886.8,-1.56,0.73229,"{'price_above_30w_ma': False, '30w_ma_rising': False, 'price_above_10w_ma': False, 'relative_strength_positive': False, 'near_52w_high': False}",improving,lagging,99.35,100.93,0.32,4.3,False,True,2026-08-31 ratio=99.03 momentum=96.63; 2026-09-01 ratio=99.51 momentum=98.76; 2026-09-02 ratio=99.49 momentum=100.38; 2026-09-03 ratio=99.36 momentum=100.36; 2026-09-04 ratio=99.35 momentum=100.93,4.65
stock,OLECTRA,OLECTRA.NS,Passenger Cars & Utility Vehicles,Automobile and Auto Components,9911.64,0.05,26.66,-0.31,575.51,65.75,55.87,21.05,,not_stage_2,1,1229.0,1229.03,2.71,0.05143,"{'price_above_30w_ma': False, '30w_ma_rising': True, 'price_above_10w_ma': False, 'relative_strength_positive': False, 'near_52w_high': False}",lagging,lagging,98.35,97.87,-0.34,-0.62,False,False,2026-08-31 ratio=98.69 momentum=98.48; 2026-09-01 ratio=98.36 momentum=97.01; 2026-09-02 ratio=98.39 momentum=98.03; 2026-09-03 ratio=98.54 momentum=99.50; 2026-09-04 ratio=98.35 momentum=97.87,25.42
stock,MERCURYEV,MERCURYEV.NS,Passenger Cars & Utility Vehicles,Automobile and Auto Components,711.47,0.0,1.65,29.92,33.38,47.9,156.02,2.64,,insufficient_data,0,,,,,{},weakening,leading,100.71,96.77,-1.4,-5.33,False,False,2026-08-31 ratio=102.11 momentum=102.09; 2026-09-01 ratio=101.22 momentum=101.60; 2026-09-02 ratio=100.69 momentum=97.89; 2026-09-03 ratio=100.72 momentum=96.76; 2026-09-04 ratio=100.71 momentum=96.77,3.55
stock,SUPREMEIND,SUPREMEIND.NS,Plastic Products - Industrial,Capital Goods,46033.46,1.0,280.72,38.76,2717.66,4.16,44.59,20.73,,not_stage_2,4,3475.0,3616.3,0.13,0.14541,"{'price_above_30w_ma': False, '30w_ma_rising': True, 'price_above_10w_ma': True, 'relative_strength_positive': True, 'near_52w_high': True}",weakening,weakening,100.56,96.53,-0.44,-3.3,False,False,2026-08-31 ratio=101.00 momentum=99.83; 2026-09-01 ratio=101.37 momentum=100.18; 2026-09-02 ratio=100.97 momentum=98.07; 2026-09-03 ratio=100.85 momentum=96.96; 2026-09-04 ratio=100.56 momentum=96.53,83.06
stock,ASTRAL,ASTRAL.NS,Plastic Products - Industrial,Capital Goods,39930.87,0.27,120.2,48.21,1578.0,15.93,67.41,19.22,,not_stage_2,4,1492.9,1539.95,0.68,0.06247,"{'price_above_30w_ma': False, '30w_ma_rising': True, 'price_above_10w_ma': True, 'relative_strength_positive': True, 'near_52w_high': True}",weakening,leading,100.91,99.96,-0.18,-1.56,False,False,2026-08-31 ratio=101.09 momentum=101.52; 2026-09-01 ratio=100.94 momentum=101.07; 2026-09-02 ratio=100.81 momentum=95.77; 2026-09-03 ratio=100.98 momentum=100.15; 2026-09-04 ratio=100.91 momentum=99.96,85.91
stock,GRWRHITECH,GRWRHITECH.NS,Plastic Products - Industrial,Capital Goods,16140.44,0.17,132.65,59.78,633.08,27.9,41.61,18.08,,stage_2,5,7086.5,5500.8,10.32,0.29653,"{'price_above_30w_ma': True, '30w_ma_rising': True, 'price_above_10w_ma': True, 'relative_strength_positive': True, 'near_52w_high': True}",leading,leading,100.95,100.28,-0.19,-1.75,False,False,2026-08-31 ratio=101.14 momentum=102.03; 2026-09-01 ratio=101.61 momentum=101.89; 2026-09-02 ratio=101.76 momentum=102.14; 2026-09-03 ratio=101.12 momentum=100.77; 2026-09-04 ratio=100.95 momentum=100.28,171.79
stock,FINPIPE,FINPIPE.NS,Plastic Products - Industrial,Capital Goods,9750.19,1.27,114.52,16.67,883.58,-15.3,15.84,11.83,,not_stage_2,0,158.63,171.69,-1.15,0.00664,"{'price_above_30w_ma': False, '30w_ma_rising': False, 'price_above_10w_ma': False, 'relative_strength_positive': False, 'near_52w_high': False}",improving,improving,99.27,101.36,0.42,0.26,False,True,2026-08-31 ratio=98.86 momentum=101.10; 2026-09-01 ratio=98.57 momentum=100.07; 2026-09-02 ratio=99.10 momentum=101.48; 2026-09-03 ratio=99.33 momentum=102.53; 2026-09-04 ratio=99.27 momentum=101.36,6.8
stock,TIMETECHNO,TIMETECHNO.NS,Plastic Products - Industrial,Capital Goods,9113.4,0.81,117.86,22.21,1692.71,25.14,18.6,16.71,,not_stage_2,3,188.49,184.37,0.6,0.00789,"{'price_above_30w_ma': True, '30w_ma_rising': True, 'price_above_10w_ma': False, 'relative_strength_positive': False, 'near_52w_high': True}",improving,lagging,99.71,100.7,0.15,1.83,False,True,2026-08-31 ratio=99.56 momentum=98.87; 2026-09-01 ratio=99.84 momentum=101.04; 2026-09-02 ratio=99.70 momentum=98.49; 2026-09-03 ratio=99.82 momentum=99.31; 2026-09-04 ratio=99.71 momentum=100.70,64.7
stock,KINGFA,KINGFA.NS,Plastic Products - Industrial,Capital Goods,8182.43,0.33,80.21,101.58,688.57,49.06,36.26,23.2,,stage_2,5,5932.5,4961.76,4.7,0.24825,"{'price_above_30w_ma': True, '30w_ma_rising': True, 'price_above_10w_ma': True, 'relative_strength_positive': True, 'near_52w_high': True}",weakening,weakening,101.42,98.65,-0.5,2.9,False,False,2026-08-31 ratio=101.93 momentum=95.76; 2026-09-01 ratio=101.78 momentum=94.87; 2026-09-02 ratio=101.54 momentum=97.77; 2026-09-03 ratio=101.39 momentum=97.26; 2026-09-04 ratio=101.42 momentum=98.65,141.5
stock,PRINCEPIPE,PRINCEPIPE.NS,Plastic Products - Industrial,Capital Goods,3141.6,0.35,33.75,600.21,609.42,5.0,30.16,6.03,,stage_2,5,283.0,262.43,2.09,0.01184,"{'price_above_30w_ma': True, '30w_ma_rising': True, 'price_above_10w_ma': True, 'relative_strength_positive': True, 'near_52w_high': True}",leading,leading,100.97,100.28,-0.84,-1.51,False,False,2026-08-31 ratio=101.81 momentum=101.79; 2026-09-01 ratio=101.60 momentum=100.09; 2026-09-02 ratio=101.14 momentum=100.28; 2026-09-03 ratio=101.60 momentum=101.60; 2026-09-04 ratio=100.97 momentum=100.28,155.43
stock,APOLLOPIPE,APOLLOPIPE.NS,Plastic Products - Industrial,Capital Goods,2647.52,0.12,-11.12,-205.28,295.43,7.43,,1.23,,stage_2,5,605.1,473.1,9.3,0.02532,"{'price_above_30w_ma': True, '30w_ma_rising': True, 'price_above_10w_ma': True, 'relative_strength_positive': True, 'near_52w_high': True}",weakening,weakening,101.45,97.59,-0.67,-1.04,False,False,2026-08-31 ratio=102.12 momentum=98.64; 2026-09-01 ratio=101.70 momentum=98.16; 2026-09-02 ratio=101.49 momentum=97.12; 2026-09-03 ratio=101.71 momentum=97.03; 2026-09-04 ratio=101.45 momentum=97.59,150.85
stock,JISLJALEQS,JISLJALEQS.NS,Plastic Products - Industrial,Capital Goods,2363.92,0.0,-17.8,-207.18,1508.37,-2.41,,5.3,,not_stage_2,2,30.87,31.84,-3.13,0.00129,"{'price_above_30w_ma': False, '30w_ma_rising': False, 'price_above_10w_ma': True, 'relative_strength_positive': True, 'near_52w_high': False}",leading,improving,100.41,103.82,1.3,1.87,True,False,2026-08-31 ratio=99.11 momentum=101.95; 2026-09-01 ratio=99.08 momentum=101.94; 2026-09-02 ratio=99.23 momentum=101.57; 2026-09-03 ratio=99.25 momentum=101.55; 2026-09-04 ratio=100.41 momentum=103.82,91.15
stock,JAICORPLTD,JAICORPLTD.NS,Plastic Products - Industrial,Capital Goods,1731.7,0.51,28.2,-72.91,157.58,20.06,18.33,11.75,,not_stage_2,0,99.52,108.38,-1.55,0.00416,"{'price_above_30w_ma': False, '30w_ma_rising': False, 'price_above_10w_ma': False, 'relative_strength_positive': False, 'near_52w_high': False}",improving,improving,99.25,101.08,0.37,0.36,False,True,2026-08-31 ratio=98.89 momentum=100.72; 2026-09-01 ratio=98.88 momentum=100.87; 2026-09-02 ratio=98.93 momentum=102.47; 2026-09-03 ratio=99.18 momentum=102.84; 2026-09-04 ratio=99.25 momentum=101.08,5.4
stock,KRT,KRT.NS,Real Estate Investment Trusts (REITs),Realty,50166.16,1.5,250.8,,1243.06,,79.99,5.22,,insufficient_data,0,,,,,{},insufficient_data,insufficient_data,,,,,False,False,,0.0
stock,EMBASSY,EMBASSY.NS,Real Estate Investment Trusts (REITs),Realty,41612.54,0.05,195.22,25.81,1240.81,17.08,169.64,5.61,,stage_2,4,438.69,433.91,0.02,0.01836,"{'price_above_30w_ma': True, '30w_ma_rising': True, 'price_above_10w_ma': False, 'relative_strength_positive': True, 'near_52w_high': True}",leading,leading,100.47,102.59,0.44,1.66,False,False,2026-08-31 ratio=100.02 momentum=100.93; 2026-09-01 ratio=100.09 momentum=100.24; 2026-09-02 ratio=99.93 momentum=100.82; 2026-09-03 ratio=100.55 momentum=103.10; 2026-09-04 ratio=100.47 momentum=102.59,140.34
stock,BAGMANE,BAGMANE.NS,Real Estate Investment Trusts (REITs),Realty,36488.27,1.4,58.51,-77.18,437.01,-29.88,,0.0,,insufficient_data,0,,,,,{},insufficient_data,insufficient_data,,,,,False,False,,0.0
stock,MINDSPACE,MINDSPACE.NS,Real Estate Investment Trusts (REITs),Realty,32949.45,2.37,271.81,67.1,946.44,27.85,42.28,7.64,,stage_2,5,501.11,474.85,0.07,0.02097,"{'price_above_30w_ma': True, '30w_ma_rising': True, 'price_above_10w_ma': True, 'relative_strength_positive': True, 'near_52w_high': True}",leading,leading,102.19,101.94,1.13,1.85,False,False,2026-08-31 ratio=101.06 momentum=100.09; 2026-09-01 ratio=101.36 momentum=100.47; 2026-09-02 ratio=102.02 momentum=101.25; 2026-09-03 ratio=102.05 momentum=101.49; 2026-09-04 ratio=102.19 momentum=101.94,165.79
stock,BIRET,BIRET.NS,Real Estate Investment Trusts (REITs),Realty,28341.25,1.93,221.34,44.36,973.83,51.78,52.83,5.36,,not_stage_2,4,341.79,334.37,-0.25,0.0143,"{'price_above_30w_ma': True, '30w_ma_rising': False, 'price_above_10w_ma': True, 'relative_strength_positive': True, 'near_52w_high': True}",leading,weakening,101.42,102.16,0.66,3.43,True,False,2026-08-31 ratio=100.76 momentum=98.73; 2026-09-01 ratio=100.85 momentum=100.00; 2026-09-02 ratio=101.15 momentum=100.65; 2026-09-03 ratio=101.55 momentum=102.07; 2026-09-04 ratio=101.42 momentum=102.16,127.9
stock,NXST,NXST.NS,Real Estate Investment Trusts (REITs),Realty,25563.91,1.46,156.52,30.89,680.53,10.91,58.04,5.83,,stage_2,4,165.89,159.78,0.63,0.00694,"{'price_above_30w_ma': True, '30w_ma_rising': True, 'price_above_10w_ma': False, 'relative_strength_positive': True, 'near_52w_high': True}",leading,leading,100.79,100.6,-0.36,-0.14,False,False,2026-08-31 ratio=101.15 momentum=100.74; 2026-09-01 ratio=101.06 momentum=99.86; 2026-09-02 ratio=101.54 momentum=100.40; 2026-09-03 ratio=101.86 momentum=102.21; 2026-09-04 ratio=100.79 momentum=100.60,133.21
stock,APCOTEXIND,APCOTEXIND.NS,Rubber,Capital Goods,3273.76,1.27,78.94,312.0,525.63,39.88,20.33,19.8,,stage_2,5,635.5,479.17,7.83,0.02659,"{'price_above_30w_ma': True, '30w_ma_rising': True, 'price_above_10w_ma': True, 'relative_strength_positive': True, 'near_52w_high': True}",weakening,leading,101.23,99.51,-0.37,-2.44,False,False,2026-08-31 ratio=101.60 momentum=101.94; 2026-09-01 ratio=101.40 momentum=98.34; 2026-09-02 ratio=101.20 momentum=98.79; 2026-09-03 ratio=101.60 momentum=101.96; 2026-09-04 ratio=101.23 momentum=99.51,146.81
stock,PIXTRANS,PIXTRANS.NS,Rubber,Capital Goods,2389.93,0.51,52.75,89.34,149.25,22.8,18.14,21.73,,stage_2,4,1791.7,1613.98,4.23,0.07497,"{'price_above_30w_ma': True, '30w_ma_rising': True, 'price_above_10w_ma': False, 'relative_strength_positive': True, 'near_52w_high': True}",weakening,weakening,100.03,99.26,-0.27,3.14,False,False,2026-08-31 ratio=100.30 momentum=96.12; 2026-09-01 ratio=99.89 momentum=95.44; 2026-09-02 ratio=99.75 momentum=97.59; 2026-09-03 ratio=100.16 momentum=99.19; 2026-09-04 ratio=100.03 momentum=99.26,113.61
stock,TINNARUBR,TINNARUBR.NS,Rubber,Capital Goods,1820.57,0.32,20.57,75.21,156.18,19.89,29.52,22.46,,stage_2,4,1028.2,837.01,6.25,0.04303,"{'price_above_30w_ma': True, '30w_ma_rising': True, 'price_above_10w_ma': False, 'relative_strength_positive': True, 'near_52w_high': True}",weakening,lagging,100.03,99.22,0.45,1.02,False,False,2026-08-31 ratio=99.58 momentum=98.19; 2026-09-01 ratio=99.88 momentum=97.44; 2026-09-02 ratio=99.95 momentum=97.79; 2026-09-03 ratio=100.20 momentum=99.27; 2026-09-04 ratio=100.03 momentum=99.22,117.65
stock,GRPLTD,GRPLTD.NS,Rubber,Capital Goods,1077.28,0.17,4.2,140.0,156.83,26.73,157.27,6.94,,stage_2,5,2013.0,1886.88,2.01,0.08423,"{'price_above_30w_ma': True, '30w_ma_rising': True, 'price_above_10w_ma': True, 'relative_strength_positive': True, 'near_52w_high': True}",weakening,weakening,101.25,99.94,0.85,3.35,False,False,2026-08-31 ratio=100.39 momentum=96.59; 2026-09-01 ratio=101.37 momentum=100.99; 2026-09-02 ratio=101.24 momentum=100.97; 2026-09-03 ratio=100.79 momentum=99.88; 2026-09-04 ratio=101.25 momentum=99.94,135.27
stock,RUBFILA,RUBFILA.NS,Rubber,Capital Goods,384.65,2.82,6.0,0.67,110.17,-10.71,14.6,12.59,,not_stage_2,3,70.69,70.37,-0.66,0.00296,"{'price_above_30w_ma': True, '30w_ma_rising': False, 'price_above_10w_ma': False, 'relative_strength_positive': True, 'near_52w_high': True}",leading,improving,100.17,101.77,1.01,-1.19,False,False,2026-08-31 ratio=99.16 momentum=102.95; 2026-09-01 ratio=99.14 momentum=101.18; 2026-09-02 ratio=98.54 momentum=99.63; 2026-09-03 ratio=98.71 momentum=100.72; 2026-09-04 ratio=100.17 momentum=101.77,89.7
stock,HARRMALAYA,HARRMALAYA.NS,Rubber,Capital Goods,353.62,0.0,3.93,-34.06,124.92,7.26,13.05,15.28,,not_stage_2,2,192.72,200.54,2.44,0.00806,"{'price_above_30w_ma': False, '30w_ma_rising': True, 'price_above_10w_ma': False, 'relative_strength_positive': False, 'near_52w_high': True}",improving,improving,98.84,101.0,-0.06,-1.52,False,False,2026-08-31 ratio=98.90 momentum=102.52; 2026-09-01 ratio=98.60 momentum=103.53; 2026-09-02 ratio=98.38 momentum=101.35; 2026-09-03 ratio=98.68 momentum=101.31; 2026-09-04 ratio=98.84 momentum=101.00,49.88
stock,GRCL,GRCL.NS,Rubber,Capital Goods,317.52,0.0,2.95,86.71,24.48,33.99,56.8,39.54,,stage_2,5,575.0,489.51,5.19,0.02406,"{'price_above_30w_ma': True, '30w_ma_rising': True, 'price_above_10w_ma': True, 'relative_strength_positive': True, 'near_52w_high': True}",leading,leading,100.33,104.46,0.16,1.99,False,False,2026-08-31 ratio=100.17 momentum=102.47; 2026-09-01 ratio=100.36 momentum=102.84; 2026-09-02 ratio=100.67 momentum=103.51; 2026-09-03 ratio=100.23 momentum=104.17; 2026-09-04 ratio=100.33 momentum=104.46,179.33
stock,ELGIRUBCO,ELGIRUBCO.NS,Rubber,Capital Goods,288.98,0.0,40.85,293.38,70.09,-18.1,,-12.92,,stage_2,4,58.69,50.16,5.01,0.00246,"{'price_above_30w_ma': True, '30w_ma_rising': True, 'price_above_10w_ma': False, 'relative_strength_positive': True, 'near_52w_high': True}",weakening,weakening,100.4,97.91,-0.12,-0.88,False,False,2026-08-31 ratio=100.52 momentum=98.79; 2026-09-01 ratio=100.88 momentum=101.83; 2026-09-02 ratio=100.98 momentum=103.18; 2026-09-03 ratio=100.55 momentum=99.21; 2026-09-04 ratio=100.40 momentum=97.91,117.02
stock,SAMPANN,SAMPANN.NS,Rubber,Capital Goods,128.96,0.0,2.05,12.02,41.7,27.6,18.42,8.18,,not_stage_2,0,25.19,28.03,-3.04,0.00105,"{'price_above_30w_ma': False, '30w_ma_rising': False, 'price_above_10w_ma': False, 'relative_strength_positive': False, 'near_52w_high': False}",improving,improving,98.68,100.83,-0.25,-1.81,False,False,2026-08-31 ratio=98.93 momentum=102.65; 2026-09-01 ratio=97.66 momentum=97.04; 2026-09-02 ratio=97.72 momentum=98.35; 2026-09-03 ratio=98.12 momentum=99.31; 2026-09-04 ratio=98.68 momentum=100.83,4.15
stock,LRRPL,LRRPL.NS,Rubber,Capital Goods,76.04,0.0,3.1,219.59,17.92,-18.25,18.59,21.28,,stage_2,4,88.0,80.49,3.08,0.00368,"{'price_above_30w_ma': True, '30w_ma_rising': True, 'price_above_10w_ma': False, 'relative_strength_positive': True, 'near_52w_high': True}",leading,improving,100.31,102.11,0.59,-0.65,False,False,2026-08-31 ratio=99.72 momentum=102.77; 2026-09-01 ratio=99.77 momentum=102.59; 2026-09-02 ratio=99.77 momentum=102.59; 2026-09-03 ratio=99.99 momentum=100.94; 2026-09-04 ratio=100.31 momentum=102.11,143.26
stock,KIOCL,KIOCL.NS,Sponge Iron,Metals & Mining,22839.99,0.0,-15.48,59.04,158.01,73.75,587.45,1.38,,stage_2,4,382.1,373.52,1.08,0.01599,"{'price_above_30w_ma': True, '30w_ma_rising': True, 'price_above_10w_ma': True, 'relative_strength_positive': True, 'near_52w_high': False}",leading,leading,100.64,101.68,0.48,1.14,False,False,2026-08-31 ratio=100.15 momentum=100.54; 2026-09-01 ratio=100.46 momentum=101.94; 2026-09-02 ratio=100.41 momentum=103.20; 2026-09-03 ratio=100.51 momentum=102.02; 2026-09-04 ratio=100.64 momentum=101.68,138.76
stock,SALSTEEL,SALSTEEL.NS,Sponge Iron,Metals & Mining,1180.86,0.0,3.09,131.95,87.37,-31.57,,1.08,,stage_2,5,81.37,55.74,8.77,0.0034,"{'price_above_30w_ma': True, '30w_ma_rising': True, 'price_above_10w_ma': True, 'relative_strength_positive': True, 'near_52w_high': True}",weakening,weakening,101.93,96.76,-0.26,-1.69,False,False,2026-08-31 ratio=102.19 momentum=98.45; 2026-09-01 ratio=102.45 momentum=98.94; 2026-09-02 ratio=102.27 momentum=96.85; 2026-09-03 ratio=102.13 momentum=97.04; 2026-09-04 ratio=101.93 momentum=96.76,152.19
stock,VRAJ,VRAJ.NS,Sponge Iron,Metals & Mining,401.89,0.0,11.51,51.65,193.83,40.14,11.19,10.49,,not_stage_2,1,121.71,122.5,-0.52,0.00509,"{'price_above_30w_ma': False, '30w_ma_rising': False, 'price_above_10w_ma': False, 'relative_strength_positive': False, 'near_52w_high': True}",improving,leading,99.92,100.8,-0.6,-1.75,False,False,2026-08-31 ratio=100.52 momentum=102.55; 2026-09-01 ratio=100.28 momentum=101.58; 2026-09-02 ratio=100.03 momentum=100.99; 2026-09-03 ratio=100.09 momentum=100.80; 2026-09-04 ratio=99.92 momentum=100.80,24.0
stock,CMNL,CMNL.NS,Sponge Iron,Metals & Mining,280.81,0.0,-1.62,-78.12,344.75,326.41,,5.37,,stage_2,4,115.75,109.28,0.1,0.00484,"{'price_above_30w_ma': True, '30w_ma_rising': True, 'price_above_10w_ma': True, 'relative_strength_positive': True, 'near_52w_high': False}",weakening,leading,101.59,99.59,-0.76,-2.81,False,False,2026-08-31 ratio=102.35 momentum=102.40; 2026-09-01 ratio=101.80 momentum=101.33; 2026-09-02 ratio=102.44 momentum=101.99; 2026-09-03 ratio=102.52 momentum=102.69; 2026-09-04 ratio=101.59 momentum=99.59,113.15
stock,VASWANI,VASWANI.NS,Sponge Iron,Metals & Mining,151.32,0.0,1.16,-78.79,117.79,3.07,,8.76,,not_stage_2,0,47.01,54.77,-1.27,0.00197,"{'price_above_30w_ma': False, '30w_ma_rising': False, 'price_above_10w_ma': False, 'relative_strength_positive': False, 'near_52w_high': False}",improving,improving,98.6,101.86,-0.34,-0.08,False,False,2026-08-31 ratio=98.95 momentum=101.95; 2026-09-01 ratio=99.08 momentum=101.86; 2026-09-02 ratio=98.76 momentum=100.86; 2026-09-03 ratio=98.38 momentum=101.33; 2026-09-04 ratio=98.60 momentum=101.86,9.3
stock,SHKSIL,SHKSIL.NS,Sponge Iron,Metals & Mining,67.17,0.0,1.55,-64.85,27.21,-35.63,10.83,7.76,,insufficient_data,0,,,,,{},insufficient_data,insufficient_data,,,,,False,False,,0.0
stock,DOMS,DOMS.NS,Stationary,Fast Moving Consumer Goods,13365.07,0.17,45.28,-22.33,670.51,19.25,61.48,24.32,,not_stage_2,1,2208.7,2263.49,-1.3,0.09242,"{'price_above_30w_ma': False, '30w_ma_rising': False, 'price_above_10w_ma': False, 'relative_strength_positive': False, 'near_52w_high': True}",improving,improving,99.61,102.41,-0.05,-0.27,False,False,2026-08-31 ratio=99.66 momentum=102.68; 2026-09-01 ratio=99.65 momentum=101.67; 2026-09-02 ratio=99.48 momentum=102.14; 2026-09-03 ratio=99.62 momentum=102.24; 2026-09-04 ratio=99.61 momentum=102.41,32.05
stock,NAVNETEDUL,NAVNETEDUL.NS,Stationary,Fast Moving Consumer Goods,2911.15,2.28,141.0,-16.66,788.0,-0.76,23.26,10.23,,not_stage_2,1,131.21,140.58,-1.23,0.00549,"{'price_above_30w_ma': False, '30w_ma_rising': False, 'price_above_10w_ma': False, 'relative_strength_positive': False, 'near_52w_high': True}",improving,improving,99.18,101.23,-0.22,-2.1,False,False,2026-08-31 ratio=99.40 momentum=103.33; 2026-09-01 ratio=99.35 momentum=102.23; 2026-09-02 ratio=99.47 momentum=102.19; 2026-09-03 ratio=99.28 momentum=101.74; 2026-09-04 ratio=99.18 momentum=101.23,26.15
stock,FLAIR,FLAIR.NS,Stationary,Fast Moving Consumer Goods,2534.51,0.42,29.08,-0.28,319.25,10.64,18.14,16.83,,not_stage_2,0,243.71,287.88,-2.51,0.0102,"{'price_above_30w_ma': False, '30w_ma_rising': False, 'price_above_10w_ma': False, 'relative_strength_positive': False, 'near_52w_high': False}",lagging,lagging,98.83,99.43,-0.44,0.37,False,False,2026-08-31 ratio=99.27 momentum=99.06; 2026-09-01 ratio=99.47 momentum=101.48; 2026-09-02 ratio=99.28 momentum=101.53; 2026-09-03 ratio=99.51 momentum=101.30; 2026-09-04 ratio=98.83 momentum=99.43,0.0
stock,KOKUYOCMLN,KOKUYOCMLN.NS,Stationary,Fast Moving Consumer Goods,800.19,0.38,7.3,-27.44,229.18,0.79,36.34,10.21,,not_stage_2,0,80.61,84.6,-0.52,0.00337,"{'price_above_30w_ma': False, '30w_ma_rising': False, 'price_above_10w_ma': False, 'relative_strength_positive': False, 'near_52w_high': False}",improving,lagging,99.22,103.29,0.77,4.9,False,True,2026-08-31 ratio=98.44 momentum=98.39; 2026-09-01 ratio=98.29 momentum=96.76; 2026-09-02 ratio=98.27 momentum=100.85; 2026-09-03 ratio=98.53 momentum=102.37; 2026-09-04 ratio=99.22 momentum=103.29,16.45
stock,LINC,LINC.NS,Stationary,Fast Moving Consumer Goods,575.0,1.55,5.1,-30.42,135.65,1.01,16.72,19.12,,not_stage_2,0,95.07,102.02,-1.74,0.00398,"{'price_above_30w_ma': False, '30w_ma_rising': False, 'price_above_10w_ma': False, 'relative_strength_positive': False, 'near_52w_high': False}",improving,improving,99.04,102.42,0.3,1.46,False,True,2026-08-31 ratio=98.74 momentum=100.97; 2026-09-01 ratio=98.76 momentum=102.77; 2026-09-02 ratio=99.11 momentum=102.56; 2026-09-03 ratio=98.97 momentum=103.84; 2026-09-04 ratio=99.04 momentum=102.42,12.1
stock,SUNDARAM,SUNDARAM.NS,Stationary,Fast Moving Consumer Goods,57.33,0.0,0.32,138.89,49.6,21.99,16.33,3.8,,not_stage_2,1,1.23,1.34,-4.08,5e-05,"{'price_above_30w_ma': False, '30w_ma_rising': False, 'price_above_10w_ma': False, 'relative_strength_positive': True, 'near_52w_high': False}",improving,improving,99.92,102.59,-0.02,-3.91,False,False,2026-08-31 ratio=99.94 momentum=106.51; 2026-09-01 ratio=99.52 momentum=100.62; 2026-09-02 ratio=99.84 momentum=98.57; 2026-09-03 ratio=99.91 momentum=100.77; 2026-09-04 ratio=99.92 momentum=102.59,32.95
stock,VASA,VASA.NS,Stationary,Fast Moving Consumer Goods,2.31,0.0,-0.05,28.57,0.0,,,-1.93,,not_stage_2,1,4.05,4.57,-2.14,0.00017,"{'price_above_30w_ma': False, '30w_ma_rising': False, 'price_above_10w_ma': False, 'relative_strength_positive': False, 'near_52w_high': True}",improving,lagging,97.68,100.92,-0.76,3.2,False,False,2026-08-31 ratio=98.44 momentum=97.72; 2026-09-01 ratio=96.72 momentum=99.26; 2026-09-02 ratio=97.25 momentum=99.67; 2026-09-03 ratio=97.53 momentum=100.69; 2026-09-04 ratio=97.68 momentum=100.92,24.6
stock,INDUSTOWER,INDUSTOWER.NS,Telecom - Infrastructure,Telecommunic ation,99790.34,3.72,1745.8,0.52,8431.1,4.64,13.95,19.48,,not_stage_2,1,376.8,415.52,-1.72,0.01577,"{'price_above_30w_ma': False, '30w_ma_rising': False, 'price_above_10w_ma': False, 'relative_strength_positive': False, 'near_52w_high': True}",improving,leading,99.54,102.04,-0.6,-0.42,False,False,2026-08-31 ratio=100.14 momentum=102.46; 2026-09-01 ratio=99.10 momentum=101.04; 2026-09-02 ratio=99.65 momentum=101.98; 2026-09-03 ratio=99.39 momentum=102.58; 2026-09-04 ratio=99.54 momentum=102.04,30.2
stock,HFCL,HFCL.NS,Telecom - Infrastructure,Telecommunic ation,37201.6,0.04,245.64,809.06,1914.98,119.85,64.97,10.86,,stage_2,5,231.44,151.32,17.18,0.00968,"{'price_above_30w_ma': True, '30w_ma_rising': True, 'price_above_10w_ma': True, 'relative_strength_positive': True, 'near_52w_high': True}",weakening,leading,101.12,99.6,-1.24,-3.3,False,False,2026-08-31 ratio=102.36 momentum=102.90; 2026-09-01 ratio=101.45 momentum=99.56; 2026-09-02 ratio=100.82 momentum=98.97; 2026-09-03 ratio=100.43 momentum=99.02; 2026-09-04 ratio=101.12 momentum=99.60,164.96
stock,PACEDIGITK,PACEDIGITK.NS,Telecom - Infrastructure,Telecommunic ation,3474.87,0.0,62.5,13.24,555.36,51.29,11.57,21.26,,not_stage_2,1,167.59,181.17,0.02,0.00701,"{'price_above_30w_ma': False, '30w_ma_rising': True, 'price_above_10w_ma': False, 'relative_strength_positive': False, 'near_52w_high': False}",lagging,improving,98.48,99.11,0.14,-1.7,False,False,2026-08-31 ratio=98.34 momentum=100.81; 2026-09-01 ratio=98.06 momentum=99.16; 2026-09-02 ratio=98.13 momentum=99.33; 2026-09-03 ratio=98.32 momentum=100.10; 2026-09-04 ratio=98.48 momentum=99.11,20.04
stock,GTLINFRA,GTLINFRA.NS,Telecom - Infrastructure,Telecommunic ation,1537.13,0.0,69.39,129.86,327.31,-2.16,,,,not_stage_2,1,1.16,1.25,1.4,5e-05,"{'price_above_30w_ma': False, '30w_ma_rising': True, 'price_above_10w_ma': False, 'relative_strength_positive': False, 'near_52w_high': False}",lagging,lagging,98.78,97.81,-0.03,-0.94,False,False,2026-08-31 ratio=98.80 momentum=98.75; 2026-09-01 ratio=98.54 momentum=97.58; 2026-09-02 ratio=98.76 momentum=98.49; 2026-09-03 ratio=98.78 momentum=98.79; 2026-09-04 ratio=98.78 momentum=97.81,22.8
stock,SUYOG,SUYOG.NS,Telecom - Infrastructure,Telecommunic ation,844.13,0.14,13.93,-18.11,65.27,2.16,14.26,14.42,,not_stage_2,2,731.2,767.71,3.71,0.0306,"{'price_above_30w_ma': False, '30w_ma_rising': True, 'price_above_10w_ma': False, 'relative_strength_positive': False, 'near_52w_high': True}",improving,lagging,98.33,101.69,0.27,4.97,False,True,2026-08-31 ratio=98.05 momentum=96.72; 2026-09-01 ratio=98.09 momentum=94.70; 2026-09-02 ratio=98.17 momentum=98.76; 2026-09-03 ratio=98.39 momentum=102.26; 2026-09-04 ratio=98.33 momentum=101.69,55.87
stock,SARTELE,SARTELE.NS,Telecom - Infrastructure,Telecommunic ation,450.58,0.0,36.23,25.49,280.35,35.3,6.27,8.84,,not_stage_2,0,89.4,147.13,-9.62,0.00374,"{'price_above_30w_ma': False, '30w_ma_rising': False, 'price_above_10w_ma': False, 'relative_strength_positive': False, 'near_52w_high': False}",lagging,improving,98.29,96.64,0.05,-3.8,False,False,2026-08-31 ratio=98.23 momentum=100.44; 2026-09-01 ratio=98.09 momentum=99.24; 2026-09-02 ratio=98.16 momentum=98.07; 2026-09-03 ratio=98.35 momentum=99.28; 2026-09-04 ratio=98.29 momentum=96.64,0.0
stock,KDL,KDL.NS,Telecom - Infrastructure,Telecommunic ation,109.96,0.0,11.91,-51.61,150.42,-36.24,3.0,38.1,,not_stage_2,0,92.45,124.07,-6.55,0.00387,"{'price_above_30w_ma': False, '30w_ma_rising': False, 'price_above_10w_ma': False, 'relative_strength_positive': False, 'near_52w_high': False}",improving,improving,98.97,102.07,0.36,1.08,False,True,2026-08-31 ratio=98.61 momentum=100.99; 2026-09-01 ratio=98.63 momentum=101.47; 2026-09-02 ratio=98.57 momentum=101.05; 2026-09-03 ratio=98.77 momentum=101.47; 2026-09-04 ratio=98.97 momentum=102.07,10.35
stock,RTL,RTL.NS,Telecom - Infrastructure,Telecommunic ation,109.88,0.0,0.48,-86.7,27.75,18.69,37.76,11.89,,insufficient_data,0,,,,,{},insufficient_data,insufficient_data,,,,,False,False,,0.0
