level,name,symbol,parent,sector,market_cap_cr,dividend_yield_pct,np_qtr_cr,qtr_profit_var_pct,sales_qtr_cr,qtr_sales_var_pct,pe,roce,error,stage,stage2_score,close,weekly_ma,weekly_ma_slope_4w_pct,rs_vs_benchmark,checks,rrg_quadrant,rrg_quadrant_5d_ago,rs_ratio,rs_momentum,rs_ratio_5d_delta,rs_momentum_5d_delta,moving_to_leading,improving_toward_leading,rrg_tail,stock_score
stock,Bajaj Auto,BAJAJ-AUTO.NS,2/3 Wheelers,Automobile and Auto Components,311444.3,1.32,3188.75,45.93,21688.83,65.14,26.42,28.24,,stage_2,4,11460.0,10448.3,2.42,0.48944,"{'price_above_30w_ma': True, '30w_ma_rising': True, 'price_above_10w_ma': False, 'relative_strength_positive': True, 'near_52w_high': True}",weakening,weakening,100.53,97.32,-0.31,0.29,False,False,2026-09-15 ratio=100.84 momentum=97.03; 2026-09-16 ratio=101.01 momentum=95.42; 2026-09-17 ratio=100.78 momentum=95.22; 2026-09-18 ratio=100.54 momentum=96.68; 2026-09-21 ratio=100.53 momentum=97.32,112.49
stock,Eicher Motors,EICHERMOT.NS,2/3 Wheelers,Automobile and Auto Components,203009.03,1.1,1462.51,21.35,6632.42,31.55,34.9,30.53,,not_stage_2,2,7512.5,7390.22,-0.45,0.32085,"{'price_above_30w_ma': True, '30w_ma_rising': False, 'price_above_10w_ma': False, 'relative_strength_positive': False, 'near_52w_high': True}",lagging,lagging,99.61,99.16,-0.35,1.88,False,False,2026-09-15 ratio=99.96 momentum=97.27; 2026-09-16 ratio=100.00 momentum=96.70; 2026-09-17 ratio=99.85 momentum=98.85; 2026-09-18 ratio=99.80 momentum=98.90; 2026-09-21 ratio=99.61 momentum=99.16,40.0
stock,TVS Motor Co.,TVSMOTOR.NS,2/3 Wheelers,Automobile and Auto Components,196686.07,0.29,1057.61,67.11,16295.52,33.46,56.86,17.37,,stage_2,4,4155.0,3756.24,1.14,0.17746,"{'price_above_30w_ma': True, '30w_ma_rising': True, 'price_above_10w_ma': False, 'relative_strength_positive': True, 'near_52w_high': True}",leading,weakening,100.47,100.5,0.08,6.98,True,False,2026-09-15 ratio=100.40 momentum=93.52; 2026-09-16 ratio=100.24 momentum=96.88; 2026-09-17 ratio=100.43 momentum=97.93; 2026-09-18 ratio=100.62 momentum=99.59; 2026-09-21 ratio=100.47 momentum=100.50,142.13
stock,Hero Motocorp,HEROMOTOCO.NS,2/3 Wheelers,Automobile and Auto Components,107674.96,3.44,1417.93,-17.18,13126.35,34.94,19.44,35.22,,not_stage_2,3,5419.0,5200.49,-0.82,0.23144,"{'price_above_30w_ma': True, '30w_ma_rising': False, 'price_above_10w_ma': False, 'relative_strength_positive': True, 'near_52w_high': True}",leading,weakening,100.67,102.84,0.55,5.02,True,False,2026-09-15 ratio=100.11 momentum=97.82; 2026-09-16 ratio=100.25 momentum=92.64; 2026-09-17 ratio=100.50 momentum=102.37; 2026-09-18 ratio=100.26 momentum=100.19; 2026-09-21 ratio=100.67 momentum=102.84,107.55
stock,Ather Energy,ATHERENERG.NS,2/3 Wheelers,Automobile and Auto Components,61208.48,0.0,-50.87,71.46,1216.92,88.79,,-19.77,,stage_2,5,1593.0,1121.15,12.13,0.06804,"{'price_above_30w_ma': True, '30w_ma_rising': True, 'price_above_10w_ma': True, 'relative_strength_positive': True, 'near_52w_high': True}",weakening,weakening,101.1,98.7,-0.15,2.23,False,False,2026-09-15 ratio=101.25 momentum=96.46; 2026-09-16 ratio=101.17 momentum=95.53; 2026-09-17 ratio=101.00 momentum=95.52; 2026-09-18 ratio=101.46 momentum=98.56; 2026-09-21 ratio=101.10 momentum=98.70,154.76
stock,Ola Electric,OLAELEC.NS,2/3 Wheelers,Automobile and Auto Components,17486.13,0.0,-336.0,21.5,455.0,-45.05,,-19.87,,not_stage_2,2,37.0,36.99,3.33,0.00158,"{'price_above_30w_ma': True, '30w_ma_rising': True, 'price_above_10w_ma': False, 'relative_strength_positive': False, 'near_52w_high': False}",lagging,weakening,99.54,99.91,-1.06,-0.03,False,False,2026-09-15 ratio=100.60 momentum=99.93; 2026-09-16 ratio=99.89 momentum=98.98; 2026-09-17 ratio=99.48 momentum=99.25; 2026-09-18 ratio=99.07 momentum=99.70; 2026-09-21 ratio=99.54 momentum=99.91,46.66
stock,Ebix,EBIX.NS,2/3 Wheelers,Automobile and Auto Components,393.93,0.0,82.0,92.94,573.24,-5.08,,5.95,,insufficient_data,0,,,,,{},insufficient_data,insufficient_data,,,,,False,False,,0.0
stock,Wardwizard Inno.,WARDINMOBI.NS,2/3 Wheelers,Automobile and Auto Components,168.16,1.78,0.19,-83.04,61.64,91.01,164.87,7.04,,insufficient_data,0,,,,,{},insufficient_data,insufficient_data,,,,,False,False,,0.0
stock,Tunwal E-Motors,TUNWAL.NS,2/3 Wheelers,Automobile and Auto Components,145.38,0.4,4.23,-34.72,132.45,27.15,11.42,13.28,,not_stage_2,1,25.3,28.69,-1.87,0.00108,"{'price_above_30w_ma': False, '30w_ma_rising': False, 'price_above_10w_ma': False, 'relative_strength_positive': True, 'near_52w_high': False}",leading,leading,100.19,101.72,-0.02,-0.57,False,False,2026-09-15 ratio=100.22 momentum=102.29; 2026-09-16 ratio=100.01 momentum=102.51; 2026-09-17 ratio=100.90 momentum=102.93; 2026-09-18 ratio=101.14 momentum=102.40; 2026-09-21 ratio=100.19 momentum=101.72,49.55
stock,Delta Auto.,DELTIC.NS,2/3 Wheelers,Automobile and Auto Components,50.46,0.0,3.1,-47.28,37.54,-28.28,7.69,11.81,,insufficient_data,0,,,,,{},insufficient_data,insufficient_data,,,,,False,False,,0.0
stock,Timken India,TIMKEN.NS,Abrasives & Bearings,Capital Goods,23926.96,0.08,115.13,10.47,929.09,14.87,58.47,18.26,,not_stage_2,2,3136.8,3374.88,-0.24,0.13397,"{'price_above_30w_ma': False, '30w_ma_rising': False, 'price_above_10w_ma': False, 'relative_strength_positive': True, 'near_52w_high': True}",leading,leading,100.56,100.88,-0.85,-0.61,False,False,2026-09-15 ratio=101.41 momentum=101.49; 2026-09-16 ratio=102.27 momentum=101.76; 2026-09-17 ratio=101.44 momentum=101.43; 2026-09-18 ratio=100.53 momentum=100.79; 2026-09-21 ratio=100.56 momentum=100.88,67.2
stock,Carborundum Uni.,CARBORUNIV.NS,Abrasives & Bearings,Capital Goods,23006.64,0.33,80.34,23.44,1426.63,17.03,91.74,10.52,,stage_2,5,1178.9,1026.96,4.21,0.05035,"{'price_above_30w_ma': True, '30w_ma_rising': True, 'price_above_10w_ma': True, 'relative_strength_positive': True, 'near_52w_high': True}",leading,lagging,103.17,102.11,3.78,3.18,True,False,2026-09-15 ratio=99.38 momentum=98.93; 2026-09-16 ratio=99.91 momentum=99.93; 2026-09-17 ratio=100.88 momentum=102.69; 2026-09-18 ratio=101.99 momentum=103.52; 2026-09-21 ratio=103.17 momentum=102.11,189.82
stock,Grindwell Norton,GRINDWELL.NS,Abrasives & Bearings,Capital Goods,21505.64,0.98,115.31,22.3,803.3,14.19,49.29,21.18,,not_stage_2,3,1966.8,1850.96,2.02,0.084,"{'price_above_30w_ma': True, '30w_ma_rising': True, 'price_above_10w_ma': False, 'relative_strength_positive': False, 'near_52w_high': True}",improving,lagging,99.8,102.47,1.81,7.73,False,True,2026-09-15 ratio=98.00 momentum=94.74; 2026-09-16 ratio=98.34 momentum=98.58; 2026-09-17 ratio=98.48 momentum=99.19; 2026-09-18 ratio=98.90 momentum=100.19; 2026-09-21 ratio=99.80 momentum=102.47,76.39
stock,SKF India Indus.,SKFINDUS.NS,Abrasives & Bearings,Capital Goods,13792.35,0.72,61.92,-13.84,970.77,18.3,35.88,29.89,,stage_2,5,2880.0,2521.25,2.38,0.123,"{'price_above_30w_ma': True, '30w_ma_rising': True, 'price_above_10w_ma': True, 'relative_strength_positive': True, 'near_52w_high': True}",weakening,weakening,101.0,96.98,-0.13,-0.6,False,False,2026-09-15 ratio=101.13 momentum=97.58; 2026-09-16 ratio=101.77 momentum=99.62; 2026-09-17 ratio=101.65 momentum=97.48; 2026-09-18 ratio=101.80 momentum=97.01; 2026-09-21 ratio=101.00 momentum=96.98,134.76
stock,SKF India,SKFINDIA.NS,Abrasives & Bearings,Capital Goods,7431.89,2.65,61.84,32.31,587.79,27.09,50.04,13.33,,not_stage_2,1,1532.5,1597.22,-1.51,0.06545,"{'price_above_30w_ma': False, '30w_ma_rising': False, 'price_above_10w_ma': False, 'relative_strength_positive': True, 'near_52w_high': False}",leading,leading,100.76,101.39,0.04,-0.75,False,False,2026-09-15 ratio=100.72 momentum=102.14; 2026-09-16 ratio=101.33 momentum=104.25; 2026-09-17 ratio=101.16 momentum=103.51; 2026-09-18 ratio=101.26 momentum=103.30; 2026-09-21 ratio=100.76 momentum=101.39,50.75
stock,Wendt India,WENDT.NS,Abrasives & Bearings,Capital Goods,1724.83,0.35,6.18,63.49,71.28,36.63,101.76,7.82,,stage_2,5,8640.5,7511.85,3.06,0.36903,"{'price_above_30w_ma': True, '30w_ma_rising': True, 'price_above_10w_ma': True, 'relative_strength_positive': True, 'near_52w_high': True}",leading,leading,101.77,101.42,-0.81,-0.29,False,False,2026-09-15 ratio=102.57 momentum=101.71; 2026-09-16 ratio=102.49 momentum=102.12; 2026-09-17 ratio=102.49 momentum=103.36; 2026-09-18 ratio=102.25 momentum=100.75; 2026-09-21 ratio=101.77 momentum=101.42,167.07
stock,SKP Bearing,SKP.NS,Abrasives & Bearings,Capital Goods,265.68,0.69,0.04,-89.47,22.11,-0.05,450.31,11.38,,not_stage_2,3,163.0,156.89,-0.41,0.00696,"{'price_above_30w_ma': True, '30w_ma_rising': False, 'price_above_10w_ma': True, 'relative_strength_positive': True, 'near_52w_high': False}",leading,leading,101.23,102.15,-0.82,-0.05,False,False,2026-09-15 ratio=102.06 momentum=102.20; 2026-09-16 ratio=101.13 momentum=101.33; 2026-09-17 ratio=100.72 momentum=101.38; 2026-09-18 ratio=101.07 momentum=102.38; 2026-09-21 ratio=101.23 momentum=102.15,96.9
stock,NRB Indl Bearing,NIBL.NS,Abrasives & Bearings,Capital Goods,79.23,0.0,-6.59,-29.47,18.9,1.89,,-18.17,,not_stage_2,2,30.62,31.22,0.34,0.00131,"{'price_above_30w_ma': False, '30w_ma_rising': True, 'price_above_10w_ma': False, 'relative_strength_positive': False, 'near_52w_high': True}",improving,improving,99.29,100.03,-0.5,-1.25,False,False,2026-09-15 ratio=99.79 momentum=101.28; 2026-09-16 ratio=99.62 momentum=100.91; 2026-09-17 ratio=99.45 momentum=100.03; 2026-09-18 ratio=99.54 momentum=100.60; 2026-09-21 ratio=99.29 momentum=100.03,40.83
stock,Signpost India,SIGNPOST.NS,Advertising & Media Agencies,"Media, Entertainment & Publication",1423.42,0.19,18.69,22.32,152.26,10.61,19.38,25.13,,stage_2,4,269.15,267.49,1.48,0.0115,"{'price_above_30w_ma': True, '30w_ma_rising': True, 'price_above_10w_ma': False, 'relative_strength_positive': True, 'near_52w_high': True}",improving,improving,99.92,107.14,0.16,5.57,False,True,2026-09-15 ratio=99.76 momentum=101.56; 2026-09-16 ratio=99.69 momentum=101.61; 2026-09-17 ratio=99.63 momentum=102.41; 2026-09-18 ratio=100.03 momentum=103.51; 2026-09-21 ratio=99.92 momentum=107.14,143.66
stock,R K Swamy,RKSWAMY.NS,Advertising & Media Agencies,"Media, Entertainment & Publication",440.04,2.28,3.47,20.91,83.62,7.8,18.0,12.26,,not_stage_2,0,88.79,94.42,-1.94,0.00379,"{'price_above_30w_ma': False, '30w_ma_rising': False, 'price_above_10w_ma': False, 'relative_strength_positive': False, 'near_52w_high': False}",lagging,improving,98.56,98.76,-0.18,-3.15,False,False,2026-09-15 ratio=98.74 momentum=101.91; 2026-09-16 ratio=98.44 momentum=102.07; 2026-09-17 ratio=98.39 momentum=100.23; 2026-09-18 ratio=98.70 momentum=101.02; 2026-09-21 ratio=98.56 momentum=98.76,0.0
stock,Simca Advertis.,SIMCA.NS,Advertising & Media Agencies,"Media, Entertainment & Publication",324.43,0.0,9.04,1164.71,78.51,107.37,19.42,109.69,,insufficient_data,0,,,,,{},insufficient_data,insufficient_data,,,,,False,False,,0.0
stock,Vertoz,VERTOZ.NS,Advertising & Media Agencies,"Media, Entertainment & Publication",314.41,0.27,7.36,5.02,81.64,15.82,11.91,14.16,,not_stage_2,2,36.93,40.43,-4.07,0.00158,"{'price_above_30w_ma': False, '30w_ma_rising': False, 'price_above_10w_ma': True, 'relative_strength_positive': True, 'near_52w_high': False}",weakening,leading,100.53,99.95,-0.56,-1.17,False,False,2026-09-15 ratio=101.09 momentum=101.12; 2026-09-16 ratio=101.11 momentum=101.73; 2026-09-17 ratio=100.76 momentum=99.30; 2026-09-18 ratio=100.64 momentum=98.88; 2026-09-21 ratio=100.53 momentum=99.95,42.65
stock,Yaap Digital,YAAP.NS,Advertising & Media Agencies,"Media, Entertainment & Publication",253.61,0.0,19.0,84.08,135.66,28.14,16.04,28.46,,insufficient_data,0,,,,,{},insufficient_data,insufficient_data,,,,,False,False,,0.0
stock,Cash UR Drive,CUDML.NS,Advertising & Media Agencies,"Media, Entertainment & Publication",180.6,0.0,18.52,94.54,108.79,43.71,7.02,37.56,,insufficient_data,0,,,,,{},insufficient_data,insufficient_data,,,,,False,False,,0.0
stock,Digicontent,DGCONTENT.NS,Advertising & Media Agencies,"Media, Entertainment & Publication",134.06,0.0,-1.93,17.17,123.3,11.63,7.87,23.95,,not_stage_2,1,24.06,26.14,-1.21,0.00103,"{'price_above_30w_ma': False, '30w_ma_rising': False, 'price_above_10w_ma': False, 'relative_strength_positive': True, 'near_52w_high': False}",lagging,lagging,100.0,99.65,0.06,-0.02,False,False,2026-09-15 ratio=99.94 momentum=99.67; 2026-09-16 ratio=99.98 momentum=102.72; 2026-09-17 ratio=100.07 momentum=99.96; 2026-09-18 ratio=100.69 momentum=103.53; 2026-09-21 ratio=100.00 momentum=99.65,20.0
stock,Pramara Promotio,PRAMARA.NS,Advertising & Media Agencies,"Media, Entertainment & Publication",123.69,0.0,3.91,5.96,59.27,6.49,12.32,14.95,,not_stage_2,0,84.5,206.26,-14.7,0.00361,"{'price_above_30w_ma': False, '30w_ma_rising': False, 'price_above_10w_ma': False, 'relative_strength_positive': False, 'near_52w_high': False}",lagging,lagging,98.13,99.74,0.1,1.66,False,False,2026-09-15 ratio=98.03 momentum=98.07; 2026-09-16 ratio=98.10 momentum=97.51; 2026-09-17 ratio=97.93 momentum=98.68; 2026-09-18 ratio=98.02 momentum=99.34; 2026-09-21 ratio=98.13 momentum=99.74,0.0
stock,Value 360 Commu.,VALUE360.NS,Advertising & Media Agencies,"Media, Entertainment & Publication",98.55,0.0,4.99,131.34,35.84,16.97,9.94,38.64,,insufficient_data,0,,,,,{},insufficient_data,insufficient_data,,,,,False,False,,0.0
stock,Crayons Advertis,CRAYONS.NS,Advertising & Media Agencies,"Media, Entertainment & Publication",59.85,0.0,0.68,-94.03,171.88,26.88,17.48,5.53,,not_stage_2,0,23.7,29.99,-6.41,0.00101,"{'price_above_30w_ma': False, '30w_ma_rising': False, 'price_above_10w_ma': False, 'relative_strength_positive': False, 'near_52w_high': False}",lagging,lagging,98.67,99.78,0.6,1.81,False,False,2026-09-15 ratio=98.08 momentum=97.97; 2026-09-16 ratio=97.95 momentum=97.82; 2026-09-17 ratio=98.20 momentum=97.89; 2026-09-18 ratio=98.53 momentum=98.11; 2026-09-21 ratio=98.67 momentum=99.78,0.0
stock,Hind.Aeronautics,HAL.NS,Aerospace & Defense,Capital Goods,320812.58,0.94,1589.66,14.88,5515.17,14.45,34.42,31.97,,stage_2,4,4826.0,4432.6,2.33,0.20611,"{'price_above_30w_ma': True, '30w_ma_rising': True, 'price_above_10w_ma': False, 'relative_strength_positive': True, 'near_52w_high': True}",weakening,weakening,100.88,99.63,0.21,-0.16,False,False,2026-09-15 ratio=100.67 momentum=99.80; 2026-09-16 ratio=100.55 momentum=99.53; 2026-09-17 ratio=100.91 momentum=100.30; 2026-09-18 ratio=100.86 momentum=100.33; 2026-09-21 ratio=100.88 momentum=99.63,114.06
stock,Bharat Electron,BEL.NS,Aerospace & Defense,Capital Goods,290965.63,0.63,1054.53,8.7,5546.98,24.94,47.34,36.44,,not_stage_2,2,398.5,418.5,-1.18,0.01702,"{'price_above_30w_ma': False, '30w_ma_rising': False, 'price_above_10w_ma': False, 'relative_strength_positive': True, 'near_52w_high': True}",leading,lagging,100.56,100.37,1.14,2.92,True,False,2026-09-15 ratio=99.43 momentum=97.44; 2026-09-16 ratio=99.58 momentum=98.36; 2026-09-17 ratio=100.49 momentum=100.24; 2026-09-18 ratio=100.14 momentum=99.10; 2026-09-21 ratio=100.56 momentum=100.37,74.65
stock,Bharat Dynamics,BDL.NS,Aerospace & Defense,Capital Goods,42832.72,0.42,118.79,547.36,572.24,130.81,82.25,13.86,,not_stage_2,0,1175.0,1294.33,-0.69,0.05018,"{'price_above_30w_ma': False, '30w_ma_rising': False, 'price_above_10w_ma': False, 'relative_strength_positive': False, 'near_52w_high': False}",lagging,lagging,98.7,98.86,0.79,2.2,False,False,2026-09-15 ratio=97.91 momentum=96.66; 2026-09-16 ratio=97.93 momentum=98.09; 2026-09-17 ratio=98.29 momentum=98.37; 2026-09-18 ratio=99.15 momentum=99.71; 2026-09-21 ratio=98.70 momentum=98.86,0.0
stock,Garden Reach Sh.,GRSE.NS,Aerospace & Defense,Capital Goods,27482.1,0.82,172.84,43.82,1814.62,38.53,34.33,42.82,,not_stage_2,1,2372.2,2591.67,-0.0,0.10131,"{'price_above_30w_ma': False, '30w_ma_rising': False, 'price_above_10w_ma': False, 'relative_strength_positive': False, 'near_52w_high': True}",lagging,lagging,98.0,98.49,0.32,1.4,False,False,2026-09-15 ratio=97.68 momentum=97.08; 2026-09-16 ratio=96.93 momentum=97.52; 2026-09-17 ratio=97.51 momentum=98.69; 2026-09-18 ratio=98.70 momentum=99.74; 2026-09-21 ratio=98.00 momentum=98.49,20.0
stock,Data Pattern,DATAPATTNS.NS,Aerospace & Defense,Capital Goods,25128.86,0.22,22.06,-13.49,116.03,16.81,92.98,21.92,,stage_2,4,4511.8,4122.67,5.77,0.19269,"{'price_above_30w_ma': True, '30w_ma_rising': True, 'price_above_10w_ma': False, 'relative_strength_positive': True, 'near_52w_high': True}",weakening,weakening,100.53,99.67,0.34,-0.26,False,False,2026-09-15 ratio=100.19 momentum=99.93; 2026-09-16 ratio=99.94 momentum=99.61; 2026-09-17 ratio=100.26 momentum=99.76; 2026-09-18 ratio=100.61 momentum=99.70; 2026-09-21 ratio=100.53 momentum=99.67,119.19
stock,Sigma Advanced System,SIGMAADV.NS,Aerospace & Defense,Capital Goods,18031.05,0.0,35.41,-81.87,374.28,7083.88,108.42,11.74,,stage_2,5,908.95,473.08,23.02,0.03882,"{'price_above_30w_ma': True, '30w_ma_rising': True, 'price_above_10w_ma': True, 'relative_strength_positive': True, 'near_52w_high': True}",leading,weakening,102.31,102.23,0.52,4.57,True,False,2026-09-15 ratio=101.79 momentum=97.66; 2026-09-16 ratio=101.89 momentum=98.62; 2026-09-17 ratio=102.16 momentum=100.65; 2026-09-18 ratio=102.09 momentum=101.59; 2026-09-21 ratio=102.31 momentum=102.23,223.74
stock,Aequs,AEQUS.NS,Aerospace & Defense,Capital Goods,16286.34,0.0,-53.23,-1457.91,395.55,54.77,,1.69,,not_stage_2,3,231.57,201.74,6.38,0.00989,"{'price_above_30w_ma': True, '30w_ma_rising': True, 'price_above_10w_ma': False, 'relative_strength_positive': False, 'near_52w_high': True}",lagging,lagging,99.85,98.61,0.83,0.86,False,False,2026-09-15 ratio=99.01 momentum=97.75; 2026-09-16 ratio=98.87 momentum=97.07; 2026-09-17 ratio=99.71 momentum=98.26; 2026-09-18 ratio=99.91 momentum=97.68; 2026-09-21 ratio=99.85 momentum=98.61,72.76
stock,Astra Microwave,ASTRAMICRO.NS,Aerospace & Defense,Capital Goods,15342.26,0.15,12.35,-24.09,176.66,-11.55,81.16,20.28,,not_stage_2,3,1657.9,1429.73,7.59,0.07081,"{'price_above_30w_ma': True, '30w_ma_rising': True, 'price_above_10w_ma': False, 'relative_strength_positive': False, 'near_52w_high': True}",lagging,lagging,99.65,99.38,0.99,-0.57,False,False,2026-09-15 ratio=98.66 momentum=99.95; 2026-09-16 ratio=99.10 momentum=100.02; 2026-09-17 ratio=98.80 momentum=100.42; 2026-09-18 ratio=99.18 momentum=100.32; 2026-09-21 ratio=99.65 momentum=99.38,75.18
stock,Zen Technologies,ZENTEC.NS,Aerospace & Defense,Capital Goods,15110.11,0.06,31.85,-23.2,141.64,-10.48,83.16,16.18,,not_stage_2,3,1687.2,1675.34,3.24,0.07206,"{'price_above_30w_ma': True, '30w_ma_rising': True, 'price_above_10w_ma': False, 'relative_strength_positive': False, 'near_52w_high': True}",lagging,lagging,99.5,98.34,0.42,0.04,False,False,2026-09-15 ratio=99.08 momentum=98.30; 2026-09-16 ratio=99.31 momentum=98.80; 2026-09-17 ratio=99.51 momentum=97.84; 2026-09-18 ratio=99.53 momentum=98.18; 2026-09-21 ratio=99.50 momentum=98.34,66.48
stock,Apollo Micro Sys,APOLLO.NS,Aerospace & Defense,Capital Goods,15097.18,0.06,25.21,45.38,251.29,88.12,124.44,14.47,,stage_2,4,385.45,343.9,6.44,0.01646,"{'price_above_30w_ma': True, '30w_ma_rising': True, 'price_above_10w_ma': False, 'relative_strength_positive': True, 'near_52w_high': True}",leading,leading,100.28,100.34,-0.39,-0.61,False,False,2026-09-15 ratio=100.67 momentum=100.94; 2026-09-16 ratio=99.32 momentum=100.23; 2026-09-17 ratio=99.87 momentum=100.36; 2026-09-18 ratio=99.23 momentum=99.79; 2026-09-21 ratio=100.28 momentum=100.34,140.98
stock,Hindalco Inds.,HINDALCO.NS,Aluminium,Metals & Mining,217811.6,0.51,7013.0,116.7,84825.0,32.06,10.46,13.21,,not_stage_2,3,981.2,999.05,0.84,0.04191,"{'price_above_30w_ma': False, '30w_ma_rising': True, 'price_above_10w_ma': False, 'relative_strength_positive': True, 'near_52w_high': True}",weakening,lagging,100.16,98.8,0.19,0.63,False,False,2026-09-15 ratio=99.97 momentum=98.17; 2026-09-16 ratio=100.22 momentum=98.88; 2026-09-17 ratio=100.36 momentum=99.18; 2026-09-18 ratio=100.41 momentum=99.24; 2026-09-21 ratio=100.16 momentum=98.80,62.48
stock,Vedanta Aluminium Metal,VAML.NS,Aluminium,Metals & Mining,166328.36,1.88,6597.0,216.06,21393.0,45.99,10.51,,,insufficient_data,0,,,,,{},lagging,lagging,98.31,99.06,0.63,0.2,False,False,2026-09-15 ratio=97.67 momentum=98.85; 2026-09-16 ratio=97.96 momentum=99.25; 2026-09-17 ratio=97.56 momentum=98.48; 2026-09-18 ratio=98.67 momentum=99.51; 2026-09-21 ratio=98.31 momentum=99.06,0.0
stock,Natl. Aluminium,NATIONALUM.NS,Aluminium,Metals & Mining,64686.17,3.27,2003.14,90.87,5302.38,39.28,9.58,39.59,,not_stage_2,2,352.5,381.92,0.34,0.01505,"{'price_above_30w_ma': False, '30w_ma_rising': True, 'price_above_10w_ma': False, 'relative_strength_positive': False, 'near_52w_high': True}",lagging,lagging,99.61,97.89,-0.22,1.16,False,False,2026-09-15 ratio=99.83 momentum=96.72; 2026-09-16 ratio=100.01 momentum=98.72; 2026-09-17 ratio=99.93 momentum=98.63; 2026-09-18 ratio=99.57 momentum=97.57; 2026-09-21 ratio=99.61 momentum=97.89,40.68
stock,Arfin India,ARFIN.NS,Aluminium,Metals & Mining,1507.18,0.13,3.53,246.08,207.96,91.23,93.56,13.96,,stage_2,5,91.18,87.97,2.3,0.00389,"{'price_above_30w_ma': True, '30w_ma_rising': True, 'price_above_10w_ma': True, 'relative_strength_positive': True, 'near_52w_high': True}",leading,lagging,102.0,101.55,2.2,1.83,True,False,2026-09-15 ratio=99.80 momentum=99.72; 2026-09-16 ratio=99.70 momentum=100.07; 2026-09-17 ratio=101.30 momentum=100.73; 2026-09-18 ratio=101.70 momentum=100.58; 2026-09-21 ratio=102.00 momentum=101.55,177.35
stock,MMP Industries,MMP.NS,Aluminium,Metals & Mining,1171.82,0.43,13.7,15.32,232.6,26.9,26.28,12.49,,stage_2,5,477.7,299.35,9.91,0.0204,"{'price_above_30w_ma': True, '30w_ma_rising': True, 'price_above_10w_ma': True, 'relative_strength_positive': True, 'near_52w_high': True}",leading,leading,101.79,100.23,-0.2,-0.32,False,False,2026-09-15 ratio=101.99 momentum=100.55; 2026-09-16 ratio=101.84 momentum=100.95; 2026-09-17 ratio=101.86 momentum=101.14; 2026-09-18 ratio=101.76 momentum=100.32; 2026-09-21 ratio=101.79 momentum=100.23,174.92
stock,Maan Aluminium,MAANALU.NS,Aluminium,Metals & Mining,630.32,0.0,3.1,13.55,231.86,9.79,47.04,7.74,,not_stage_2,0,105.12,127.49,-3.51,0.00449,"{'price_above_30w_ma': False, '30w_ma_rising': False, 'price_above_10w_ma': False, 'relative_strength_positive': False, 'near_52w_high': False}",lagging,lagging,97.9,97.35,0.24,0.85,False,False,2026-09-15 ratio=97.66 momentum=96.51; 2026-09-16 ratio=97.05 momentum=97.19; 2026-09-17 ratio=97.17 momentum=97.58; 2026-09-18 ratio=97.74 momentum=96.62; 2026-09-21 ratio=97.90 momentum=97.35,0.0
stock,Jainik Power,JAINIK.NS,Aluminium,Metals & Mining,265.43,0.0,7.85,64.57,208.91,9.73,18.93,29.88,,insufficient_data,0,,,,,{},insufficient_data,insufficient_data,,,,,False,False,,0.0
stock,Manaksia Alumi.,MANAKALUCO.NS,Aluminium,Metals & Mining,231.27,0.14,2.85,82.69,139.59,3.85,26.13,10.15,,not_stage_2,2,35.43,34.34,2.71,0.00151,"{'price_above_30w_ma': True, '30w_ma_rising': True, 'price_above_10w_ma': False, 'relative_strength_positive': False, 'near_52w_high': False}",lagging,lagging,99.42,98.29,-0.37,0.25,False,False,2026-09-15 ratio=99.80 momentum=98.05; 2026-09-16 ratio=99.45 momentum=97.95; 2026-09-17 ratio=99.80 momentum=99.36; 2026-09-18 ratio=99.74 momentum=98.87; 2026-09-21 ratio=99.42 momentum=98.29,45.42
stock,Hind Aluminium,HINDALUMI.NS,Aluminium,Metals & Mining,58.34,0.0,1.91,-51.03,5.36,405.66,15.72,-2.7,,insufficient_data,0,,,,,{},insufficient_data,insufficient_data,,,,,False,False,,0.0
stock,Prec. Wires (I),PRECWIRE.NS,"Aluminium, Copper & Zinc Products",Capital Goods,8972.96,0.25,46.45,71.47,1779.24,59.49,51.38,32.94,,stage_2,5,473.7,397.27,7.02,0.02023,"{'price_above_30w_ma': True, '30w_ma_rising': True, 'price_above_10w_ma': True, 'relative_strength_positive': True, 'near_52w_high': True}",weakening,weakening,101.28,98.93,0.42,3.49,False,False,2026-09-15 ratio=100.86 momentum=95.44; 2026-09-16 ratio=100.77 momentum=95.99; 2026-09-17 ratio=100.93 momentum=97.24; 2026-09-18 ratio=101.47 momentum=98.17; 2026-09-21 ratio=101.28 momentum=98.93,145.44
stock,CMR Green Tech.,CMRGREEN.NS,"Aluminium, Copper & Zinc Products",Capital Goods,5028.2,0.0,68.18,16.41,3122.73,64.92,21.14,14.06,,insufficient_data,0,,,,,{},leading,weakening,102.38,101.7,2.23,2.81,True,False,2026-09-15 ratio=100.15 momentum=98.89; 2026-09-16 ratio=99.90 momentum=97.84; 2026-09-17 ratio=100.10 momentum=99.69; 2026-09-18 ratio=103.01 momentum=102.55; 2026-09-21 ratio=102.38 momentum=101.70,50.4
stock,Vidya Wires,VIDYAWIRES.NS,"Aluminium, Copper & Zinc Products",Capital Goods,1802.57,0.0,17.14,41.42,549.71,33.5,28.76,20.59,,not_stage_2,3,85.45,84.09,6.33,0.00365,"{'price_above_30w_ma': True, '30w_ma_rising': True, 'price_above_10w_ma': False, 'relative_strength_positive': False, 'near_52w_high': True}",lagging,lagging,99.16,98.62,-0.16,-0.83,False,False,2026-09-15 ratio=99.31 momentum=99.45; 2026-09-16 ratio=99.16 momentum=98.51; 2026-09-17 ratio=99.27 momentum=99.90; 2026-09-18 ratio=99.73 momentum=100.35; 2026-09-21 ratio=99.16 momentum=98.62,72.66
stock,Sunlite Recycli.,SUNLITE.NS,"Aluminium, Copper & Zinc Products",Capital Goods,875.49,0.0,25.8,257.84,1642.41,116.13,21.81,46.52,,insufficient_data,0,,,,,{},insufficient_data,insufficient_data,,,,,False,False,,0.0
stock,Baheti Recycling,BAHETI.NS,"Aluminium, Copper & Zinc Products",Capital Goods,799.19,0.0,17.79,61.87,409.72,53.38,29.58,21.55,,not_stage_2,3,764.65,667.07,4.21,0.03266,"{'price_above_30w_ma': True, '30w_ma_rising': True, 'price_above_10w_ma': False, 'relative_strength_positive': False, 'near_52w_high': True}",weakening,weakening,100.22,97.41,-0.55,2.29,False,False,2026-09-15 ratio=100.77 momentum=95.12; 2026-09-16 ratio=100.04 momentum=96.47; 2026-09-17 ratio=99.98 momentum=97.04; 2026-09-18 ratio=100.50 momentum=97.60; 2026-09-21 ratio=100.22 momentum=97.41,69.52
stock,Shera Energy,SHERA.NS,"Aluminium, Copper & Zinc Products",Capital Goods,444.91,0.0,12.64,88.26,487.67,26.1,13.01,19.53,,stage_2,5,186.95,155.07,6.1,0.00798,"{'price_above_30w_ma': True, '30w_ma_rising': True, 'price_above_10w_ma': True, 'relative_strength_positive': True, 'near_52w_high': True}",weakening,leading,101.64,99.73,-0.05,-1.41,False,False,2026-09-15 ratio=101.69 momentum=101.14; 2026-09-16 ratio=101.51 momentum=101.31; 2026-09-17 ratio=101.21 momentum=99.84; 2026-09-18 ratio=101.67 momentum=99.47; 2026-09-21 ratio=101.64 momentum=99.73,145.4
stock,ANB Metal,AMCL.NS,"Aluminium, Copper & Zinc Products",Capital Goods,424.75,0.0,12.97,199.54,137.39,115.08,19.79,29.6,,insufficient_data,0,,,,,{},insufficient_data,insufficient_data,,,,,False,False,,0.0
stock,Euro Panel,EUROBOND.NS,"Aluminium, Copper & Zinc Products",Capital Goods,325.32,0.0,4.96,-13.29,119.62,14.1,12.3,16.72,,not_stage_2,1,153.34,164.66,-1.79,0.00655,"{'price_above_30w_ma': False, '30w_ma_rising': False, 'price_above_10w_ma': False, 'relative_strength_positive': True, 'near_52w_high': False}",leading,improving,100.06,103.96,1.08,2.14,True,False,2026-09-15 ratio=98.98 momentum=101.82; 2026-09-16 ratio=99.45 momentum=104.31; 2026-09-17 ratio=99.14 momentum=102.43; 2026-09-18 ratio=98.99 momentum=101.23; 2026-09-21 ratio=100.06 momentum=103.96,70.1
stock,Century Extrus.,CENTEXT.NS,"Aluminium, Copper & Zinc Products",Capital Goods,204.72,0.0,3.77,59.75,138.36,32.85,15.96,19.29,,not_stage_2,0,19.35,20.11,-0.91,0.00083,"{'price_above_30w_ma': False, '30w_ma_rising': False, 'price_above_10w_ma': False, 'relative_strength_positive': False, 'near_52w_high': False}",lagging,weakening,99.53,98.86,-0.68,0.59,False,False,2026-09-15 ratio=100.21 momentum=98.26; 2026-09-16 ratio=99.78 momentum=97.32; 2026-09-17 ratio=99.44 momentum=95.26; 2026-09-18 ratio=99.46 momentum=96.87; 2026-09-21 ratio=99.53 momentum=98.86,0.0
stock,M Tek Copper,MCL.NS,"Aluminium, Copper & Zinc Products",Capital Goods,152.95,0.0,1.05,0.96,80.26,73.72,33.84,12.65,,not_stage_2,1,55.75,58.88,-2.37,0.00238,"{'price_above_30w_ma': False, '30w_ma_rising': False, 'price_above_10w_ma': False, 'relative_strength_positive': True, 'near_52w_high': False}",weakening,leading,100.35,98.56,-0.68,-1.76,False,False,2026-09-15 ratio=101.03 momentum=100.33; 2026-09-16 ratio=100.28 momentum=99.55; 2026-09-17 ratio=100.12 momentum=99.54; 2026-09-18 ratio=100.52 momentum=98.50; 2026-09-21 ratio=100.35 momentum=98.56,21.75
stock,Wonderla Holiday,WONDERLA.NS,Amusement Parks/ Other Recreation,Consumer Services,3244.97,0.39,72.8,38.48,242.63,44.22,30.68,6.2,,stage_2,5,511.95,502.19,0.88,0.02186,"{'price_above_30w_ma': True, '30w_ma_rising': True, 'price_above_10w_ma': True, 'relative_strength_positive': True, 'near_52w_high': True}",weakening,weakening,100.99,94.61,-0.56,-1.52,False,False,2026-09-15 ratio=101.55 momentum=96.13; 2026-09-16 ratio=101.52 momentum=95.85; 2026-09-17 ratio=101.38 momentum=96.20; 2026-09-18 ratio=101.63 momentum=98.65; 2026-09-21 ratio=100.99 momentum=94.61,131.71
stock,Imagica. Enter.,IMAGICAA.NS,Amusement Parks/ Other Recreation,Consumer Services,2954.5,0.0,57.57,26.19,177.6,19.92,231.91,1.81,,stage_2,5,52.87,46.72,2.02,0.00226,"{'price_above_30w_ma': True, '30w_ma_rising': True, 'price_above_10w_ma': True, 'relative_strength_positive': True, 'near_52w_high': True}",weakening,weakening,101.06,97.41,0.29,2.04,False,False,2026-09-15 ratio=100.77 momentum=95.37; 2026-09-16 ratio=101.33 momentum=97.84; 2026-09-17 ratio=100.79 momentum=97.22; 2026-09-18 ratio=101.13 momentum=98.09; 2026-09-21 ratio=101.06 momentum=97.41,134.34
stock,Delta Corp,DELTACORP.NS,Amusement Parks/ Other Recreation,Consumer Services,1655.63,0.81,-212.57,219.62,168.55,-8.48,10.74,5.08,,not_stage_2,3,61.59,63.0,-1.6,0.00263,"{'price_above_30w_ma': False, '30w_ma_rising': False, 'price_above_10w_ma': True, 'relative_strength_positive': True, 'near_52w_high': True}",leading,improving,101.02,103.35,2.72,2.73,True,False,2026-09-15 ratio=98.29 momentum=100.61; 2026-09-16 ratio=98.77 momentum=103.51; 2026-09-17 ratio=99.11 momentum=103.10; 2026-09-18 ratio=99.86 momentum=103.47; 2026-09-21 ratio=101.02 momentum=103.35,111.85
stock,Nicco Parks,NICCOPAR.NS,Amusement Parks/ Other Recreation,Consumer Services,381.89,1.53,5.47,68.83,19.05,-27.54,64.62,13.52,,insufficient_data,0,,,,,{},insufficient_data,insufficient_data,,,,,False,False,,0.0
stock,Godrej Agrovet,GODREJAGRO.NS,Animal Feed,Fast Moving Consumer Goods,12569.42,1.68,128.31,-16.21,2855.22,9.22,26.79,19.16,,stage_2,5,660.65,587.95,0.93,0.02822,"{'price_above_30w_ma': True, '30w_ma_rising': True, 'price_above_10w_ma': True, 'relative_strength_positive': True, 'near_52w_high': True}",weakening,weakening,101.54,98.43,-0.19,-0.4,False,False,2026-09-15 ratio=101.73 momentum=98.83; 2026-09-16 ratio=101.63 momentum=96.46; 2026-09-17 ratio=101.65 momentum=95.59; 2026-09-18 ratio=101.68 momentum=97.11; 2026-09-21 ratio=101.54 momentum=98.43,134.56
stock,Avanti Feeds,AVANTIFEED.NS,Animal Feed,Fast Moving Consumer Goods,10253.99,1.33,116.3,-42.0,1899.86,18.32,19.06,24.38,,not_stage_2,0,767.0,1081.71,-5.65,0.03276,"{'price_above_30w_ma': False, '30w_ma_rising': False, 'price_above_10w_ma': False, 'relative_strength_positive': False, 'near_52w_high': False}",improving,improving,98.7,101.17,-0.0,0.39,False,False,2026-09-15 ratio=98.71 momentum=100.78; 2026-09-16 ratio=98.69 momentum=100.04; 2026-09-17 ratio=98.73 momentum=101.42; 2026-09-18 ratio=98.79 momentum=101.80; 2026-09-21 ratio=98.70 momentum=101.17,5.85
stock,Mukka Proteins,MUKKA.NS,Animal Feed,Fast Moving Consumer Goods,824.02,0.0,18.64,1142.76,489.65,186.73,11.92,11.61,,stage_2,5,28.25,24.11,3.26,0.00121,"{'price_above_30w_ma': True, '30w_ma_rising': True, 'price_above_10w_ma': True, 'relative_strength_positive': True, 'near_52w_high': True}",weakening,leading,101.02,96.8,-1.36,-6.16,False,False,2026-09-15 ratio=102.38 momentum=102.96; 2026-09-16 ratio=101.63 momentum=99.53; 2026-09-17 ratio=101.15 momentum=98.85; 2026-09-18 ratio=100.66 momentum=97.50; 2026-09-21 ratio=101.02 momentum=96.80,136.62
stock,KSE,KSE.NS,Animal Feed,Fast Moving Consumer Goods,576.73,6.95,0.94,-98.44,453.67,9.06,12.51,33.55,,insufficient_data,0,,,,,{},insufficient_data,insufficient_data,,,,,False,False,,0.0
stock,Narmada Agrobase,NARMADA.NS,Animal Feed,Fast Moving Consumer Goods,101.14,0.0,0.75,-26.47,22.26,100.9,28.17,8.95,,not_stage_2,0,13.47,16.71,-1.98,0.00058,"{'price_above_30w_ma': False, '30w_ma_rising': False, 'price_above_10w_ma': False, 'relative_strength_positive': False, 'near_52w_high': False}",improving,improving,99.16,102.64,-0.2,0.75,False,False,2026-09-15 ratio=99.36 momentum=101.89; 2026-09-16 ratio=99.31 momentum=101.66; 2026-09-17 ratio=99.38 momentum=102.20; 2026-09-18 ratio=99.30 momentum=102.11; 2026-09-21 ratio=99.16 momentum=102.64,13.2
stock,Ajooni Biotech,AJOONI.NS,Animal Feed,Fast Moving Consumer Goods,54.43,0.0,0.43,-44.87,63.49,103.04,13.74,6.11,,not_stage_2,0,3.18,3.95,-4.41,0.00014,"{'price_above_30w_ma': False, '30w_ma_rising': False, 'price_above_10w_ma': False, 'relative_strength_positive': False, 'near_52w_high': False}",lagging,lagging,97.59,95.19,-1.02,-2.15,False,False,2026-09-15 ratio=98.61 momentum=97.34; 2026-09-16 ratio=97.89 momentum=97.08; 2026-09-17 ratio=97.82 momentum=96.94; 2026-09-18 ratio=97.95 momentum=96.87; 2026-09-21 ratio=97.59 momentum=95.19,0.0
stock,ICICI AMC,ICICIAMC.NS,Asset Management Company,Financial Services,155578.57,0.86,964.63,23.1,1564.22,17.55,44.63,115.1,,stage_2,5,3207.8,3169.26,0.23,0.137,"{'price_above_30w_ma': True, '30w_ma_rising': True, 'price_above_10w_ma': True, 'relative_strength_positive': True, 'near_52w_high': True}",leading,leading,102.17,103.3,1.05,0.76,False,False,2026-09-15 ratio=101.12 momentum=102.54; 2026-09-16 ratio=101.21 momentum=102.45; 2026-09-17 ratio=101.25 momentum=102.85; 2026-09-18 ratio=102.42 momentum=103.38; 2026-09-21 ratio=102.17 momentum=103.30,172.81
stock,SBI Funds Mgt.,SBIFUNDS.NS,Asset Management Company,Financial Services,111220.85,0.0,880.26,3.7,1152.73,15.16,35.89,56.5,,insufficient_data,0,,,,,{},insufficient_data,insufficient_data,,,,,False,False,,0.0
stock,HDFC AMC,HDFCAMC.NS,Asset Management Company,Financial Services,104013.39,2.22,838.36,12.09,1098.5,13.51,35.26,42.88,,not_stage_2,1,2440.0,2578.46,-1.55,0.10421,"{'price_above_30w_ma': False, '30w_ma_rising': False, 'price_above_10w_ma': False, 'relative_strength_positive': False, 'near_52w_high': True}",improving,lagging,99.49,102.84,0.15,6.23,False,True,2026-09-15 ratio=99.34 momentum=96.62; 2026-09-16 ratio=98.78 momentum=97.43; 2026-09-17 ratio=98.94 momentum=97.88; 2026-09-18 ratio=99.35 momentum=100.12; 2026-09-21 ratio=99.49 momentum=102.84,34.2
stock,Nippon Life Ind.,NAM-INDIA.NS,Asset Management Company,Financial Services,74105.53,1.86,503.7,27.16,766.87,26.42,45.27,43.8,,stage_2,4,1146.7,1079.62,2.96,0.04897,"{'price_above_30w_ma': True, '30w_ma_rising': True, 'price_above_10w_ma': False, 'relative_strength_positive': True, 'near_52w_high': True}",leading,leading,100.01,100.51,-0.67,-0.96,False,False,2026-09-15 ratio=100.68 momentum=101.48; 2026-09-16 ratio=99.50 momentum=99.13; 2026-09-17 ratio=99.25 momentum=98.94; 2026-09-18 ratio=100.40 momentum=100.69; 2026-09-21 ratio=100.01 momentum=100.51,133.52
stock,Aditya AMC,ABSLAMC.NS,Asset Management Company,Financial Services,29719.99,2.48,309.49,11.68,462.96,3.48,29.44,32.23,,not_stage_2,3,1034.3,1042.84,2.53,0.04417,"{'price_above_30w_ma': False, '30w_ma_rising': True, 'price_above_10w_ma': False, 'relative_strength_positive': True, 'near_52w_high': True}",leading,leading,100.37,100.32,-0.21,-0.93,False,False,2026-09-15 ratio=100.59 momentum=101.25; 2026-09-16 ratio=100.91 momentum=102.32; 2026-09-17 ratio=101.46 momentum=103.34; 2026-09-18 ratio=100.88 momentum=101.80; 2026-09-21 ratio=100.37 momentum=100.32,88.51
stock,UTI AMC,UTIAMC.NS,Asset Management Company,Financial Services,11830.17,4.35,293.86,24.07,583.51,6.7,22.16,15.57,,not_stage_2,2,924.8,936.44,-2.01,0.0395,"{'price_above_30w_ma': False, '30w_ma_rising': False, 'price_above_10w_ma': True, 'relative_strength_positive': True, 'near_52w_high': False}",leading,leading,101.44,104.64,0.42,1.43,False,False,2026-09-15 ratio=101.02 momentum=103.21; 2026-09-16 ratio=100.48 momentum=102.23; 2026-09-17 ratio=100.56 momentum=102.45; 2026-09-18 ratio=100.43 momentum=102.32; 2026-09-21 ratio=101.44 momentum=104.64,90.4
stock,Canara Robeco,CRAMC.NS,Asset Management Company,Financial Services,4536.87,1.76,75.6,23.98,145.37,20.07,20.77,40.11,,not_stage_2,0,231.1,249.91,-0.89,0.00987,"{'price_above_30w_ma': False, '30w_ma_rising': False, 'price_above_10w_ma': False, 'relative_strength_positive': False, 'near_52w_high': False}",lagging,lagging,97.61,96.45,-0.08,0.18,False,False,2026-09-15 ratio=97.69 momentum=96.28; 2026-09-16 ratio=97.11 momentum=96.64; 2026-09-17 ratio=98.00 momentum=97.69; 2026-09-18 ratio=97.96 momentum=97.68; 2026-09-21 ratio=97.61 momentum=96.45,0.0
stock,Gaja Alternative Asset,GAJA.NS,Asset Management Company,Financial Services,2250.46,0.47,27.21,35.66,15.64,-49.15,26.07,17.02,,insufficient_data,0,,,,,{},insufficient_data,insufficient_data,,,,,False,False,,0.0
stock,IL&FS Inv.Manag.,IVC.NS,Asset Management Company,Financial Services,243.08,15.42,1.21,23.86,8.17,40.86,59.72,4.11,,not_stage_2,2,7.83,7.95,2.08,0.00033,"{'price_above_30w_ma': False, '30w_ma_rising': True, 'price_above_10w_ma': False, 'relative_strength_positive': False, 'near_52w_high': True}",lagging,lagging,99.32,97.11,-0.27,0.12,False,False,2026-09-15 ratio=99.59 momentum=96.99; 2026-09-16 ratio=99.31 momentum=97.13; 2026-09-17 ratio=99.41 momentum=97.27; 2026-09-18 ratio=99.45 momentum=97.07; 2026-09-21 ratio=99.32 momentum=97.11,44.16
stock,Samvardh. Mothe.,MOTHERSON.NS,Auto Components & Equipments,Automobile and Auto Components,171380.93,0.37,1075.66,81.52,35243.77,16.65,37.5,13.43,,stage_2,5,162.91,141.3,3.38,0.00696,"{'price_above_30w_ma': True, '30w_ma_rising': True, 'price_above_10w_ma': True, 'relative_strength_positive': True, 'near_52w_high': True}",leading,weakening,100.87,100.89,0.13,6.51,True,False,2026-09-15 ratio=100.74 momentum=94.38; 2026-09-16 ratio=100.65 momentum=97.19; 2026-09-17 ratio=100.93 momentum=99.58; 2026-09-18 ratio=100.91 momentum=100.19; 2026-09-21 ratio=100.87 momentum=100.89,170.56
stock,Bosch,BOSCHLTD.NS,Auto Components & Equipments,Automobile and Auto Components,142331.93,0.56,706.1,5.2,5841.9,22.0,60.23,21.54,,stage_2,5,47565.0,39758.5,4.02,2.03145,"{'price_above_30w_ma': True, '30w_ma_rising': True, 'price_above_10w_ma': True, 'relative_strength_positive': True, 'near_52w_high': True}",weakening,weakening,100.99,99.73,-0.21,3.93,False,False,2026-09-15 ratio=101.20 momentum=95.80; 2026-09-16 ratio=101.23 momentum=98.14; 2026-09-17 ratio=101.20 momentum=99.64; 2026-09-18 ratio=100.91 momentum=99.00; 2026-09-21 ratio=100.99 momentum=99.73,137.99
stock,Bharat Forge,BHARATFORG.NS,Auto Components & Equipments,Automobile and Auto Components,96484.14,0.42,-89.89,-57.72,4639.94,18.71,95.55,12.61,,not_stage_2,3,1968.9,1965.09,1.45,0.08409,"{'price_above_30w_ma': True, '30w_ma_rising': True, 'price_above_10w_ma': False, 'relative_strength_positive': False, 'near_52w_high': True}",improving,lagging,99.22,103.28,1.19,7.27,False,True,2026-09-15 ratio=98.04 momentum=96.01; 2026-09-16 ratio=98.14 momentum=98.20; 2026-09-17 ratio=98.62 momentum=99.56; 2026-09-18 ratio=99.18 momentum=102.39; 2026-09-21 ratio=99.22 momentum=103.28,79.3
stock,Uno Minda,UNOMINDA.NS,Auto Components & Equipments,Automobile and Auto Components,70550.34,0.22,315.51,1.76,5556.85,23.79,57.72,19.65,,stage_2,4,1227.5,1144.89,0.52,0.05243,"{'price_above_30w_ma': True, '30w_ma_rising': True, 'price_above_10w_ma': False, 'relative_strength_positive': True, 'near_52w_high': True}",weakening,lagging,100.82,99.49,0.87,3.31,False,False,2026-09-15 ratio=99.94 momentum=96.18; 2026-09-16 ratio=100.33 momentum=97.20; 2026-09-17 ratio=100.64 momentum=99.26; 2026-09-18 ratio=102.06 momentum=101.07; 2026-09-21 ratio=100.82 momentum=99.49,110.14
stock,Schaeffler India,SCHAEFFLER.NS,Auto Components & Equipments,Automobile and Auto Components,63293.33,0.86,336.73,13.67,2681.41,17.5,49.02,27.9,,stage_2,5,4118.2,4080.7,0.34,0.17588,"{'price_above_30w_ma': True, '30w_ma_rising': True, 'price_above_10w_ma': True, 'relative_strength_positive': True, 'near_52w_high': True}",leading,leading,102.06,102.5,1.7,0.23,False,False,2026-09-15 ratio=100.36 momentum=102.27; 2026-09-16 ratio=99.84 momentum=101.50; 2026-09-17 ratio=101.11 momentum=103.48; 2026-09-18 ratio=103.64 momentum=103.87; 2026-09-21 ratio=102.06 momentum=102.50,168.48
stock,Sona BLW Precis.,SONACOMS.NS,Auto Components & Equipments,Automobile and Auto Components,50444.41,0.42,220.11,73.37,1157.24,50.82,64.88,15.11,,stage_2,5,795.25,651.3,5.81,0.03396,"{'price_above_30w_ma': True, '30w_ma_rising': True, 'price_above_10w_ma': True, 'relative_strength_positive': True, 'near_52w_high': True}",leading,weakening,100.9,100.34,-0.2,1.25,False,False,2026-09-15 ratio=101.09 momentum=99.09; 2026-09-16 ratio=100.57 momentum=96.99; 2026-09-17 ratio=100.71 momentum=99.59; 2026-09-18 ratio=101.24 momentum=100.92; 2026-09-21 ratio=100.90 momentum=100.34,162.82
stock,Tube Investments,TIINDIA.NS,Auto Components & Equipments,Automobile and Auto Components,49977.11,0.14,293.96,-15.25,6215.33,17.07,79.74,17.14,,not_stage_2,2,2588.0,2834.43,0.4,0.11053,"{'price_above_30w_ma': False, '30w_ma_rising': True, 'price_above_10w_ma': False, 'relative_strength_positive': False, 'near_52w_high': True}",lagging,lagging,98.65,99.35,0.54,2.95,False,False,2026-09-15 ratio=98.11 momentum=96.41; 2026-09-16 ratio=98.51 momentum=97.86; 2026-09-17 ratio=98.85 momentum=99.60; 2026-09-18 ratio=98.82 momentum=98.81; 2026-09-21 ratio=98.65 momentum=99.35,40.8
stock,Endurance Tech.,ENDURANCE.NS,Auto Components & Equipments,Automobile and Auto Components,37882.11,0.43,244.52,8.03,4314.89,30.01,38.47,17.8,,stage_2,4,2756.4,2606.46,1.17,0.11772,"{'price_above_30w_ma': True, '30w_ma_rising': True, 'price_above_10w_ma': False, 'relative_strength_positive': True, 'near_52w_high': True}",leading,lagging,100.12,100.18,0.98,4.82,True,False,2026-09-15 ratio=99.13 momentum=95.36; 2026-09-16 ratio=99.12 momentum=96.24; 2026-09-17 ratio=99.67 momentum=99.50; 2026-09-18 ratio=99.98 momentum=100.34; 2026-09-21 ratio=100.12 momentum=100.18,138.84
stock,Exide Inds.,EXIDEIND.NS,Auto Components & Equipments,Automobile and Auto Components,36524.5,0.47,351.3,28.38,5528.38,17.75,38.92,8.54,,not_stage_2,3,434.5,387.31,3.26,0.01856,"{'price_above_30w_ma': True, '30w_ma_rising': True, 'price_above_10w_ma': False, 'relative_strength_positive': False, 'near_52w_high': True}",leading,lagging,100.18,101.63,1.03,5.32,True,False,2026-09-15 ratio=99.15 momentum=96.31; 2026-09-16 ratio=99.36 momentum=96.87; 2026-09-17 ratio=99.47 momentum=99.20; 2026-09-18 ratio=100.35 momentum=102.38; 2026-09-21 ratio=100.18 momentum=101.63,105.57
stock,Dhoot Transmission,DHOOTTRANS.NS,Auto Components & Equipments,Automobile and Auto Components,33811.61,0.0,132.68,36.89,1446.42,49.68,75.49,24.36,,insufficient_data,0,,,,,{},insufficient_data,insufficient_data,,,,,False,False,,0.0
stock,United Spirits,UNITDSPR.NS,Breweries & Distilleries,Fast Moving Consumer Goods,100889.24,1.22,463.0,-20.54,2708.0,-10.36,54.44,26.39,,not_stage_2,3,1397.0,1367.77,0.23,0.05966,"{'price_above_30w_ma': True, '30w_ma_rising': True, 'price_above_10w_ma': False, 'relative_strength_positive': False, 'near_52w_high': True}",lagging,lagging,99.32,96.61,0.09,-0.52,False,False,2026-09-15 ratio=99.23 momentum=97.13; 2026-09-16 ratio=99.47 momentum=98.29; 2026-09-17 ratio=99.41 momentum=97.89; 2026-09-18 ratio=98.93 momentum=95.61; 2026-09-21 ratio=99.32 momentum=96.61,60.46
stock,Radico Khaitan,RADICO.NS,Breweries & Distilleries,Fast Moving Consumer Goods,59460.09,0.2,229.6,69.15,1683.69,11.8,83.66,24.15,,stage_2,5,4480.0,3717.85,6.7,0.19134,"{'price_above_30w_ma': True, '30w_ma_rising': True, 'price_above_10w_ma': True, 'relative_strength_positive': True, 'near_52w_high': True}",leading,weakening,100.88,100.12,0.16,0.76,True,False,2026-09-15 ratio=100.73 momentum=99.36; 2026-09-16 ratio=101.11 momentum=101.90; 2026-09-17 ratio=100.61 momentum=98.74; 2026-09-18 ratio=101.26 momentum=100.43; 2026-09-21 ratio=100.88 momentum=100.12,173.4
stock,United Breweries,UBL.NS,Breweries & Distilleries,Fast Moving Consumer Goods,32122.66,0.82,166.28,-9.54,3066.86,7.07,92.94,10.68,,not_stage_2,0,1227.8,1399.14,-3.11,0.05244,"{'price_above_30w_ma': False, '30w_ma_rising': False, 'price_above_10w_ma': False, 'relative_strength_positive': False, 'near_52w_high': False}",improving,improving,98.25,100.39,-0.38,-0.61,False,False,2026-09-15 ratio=98.63 momentum=100.99; 2026-09-16 ratio=98.25 momentum=99.05; 2026-09-17 ratio=98.05 momentum=99.99; 2026-09-18 ratio=98.77 momentum=101.94; 2026-09-21 ratio=98.25 momentum=100.39,1.95
stock,Allied Blenders,ABDL.NS,Breweries & Distilleries,Fast Moving Consumer Goods,18112.76,0.83,45.42,-12.98,978.94,6.08,81.2,18.38,,stage_2,5,656.3,571.65,3.16,0.02803,"{'price_above_30w_ma': True, '30w_ma_rising': True, 'price_above_10w_ma': True, 'relative_strength_positive': True, 'near_52w_high': True}",leading,leading,102.63,102.26,0.74,-0.3,False,False,2026-09-15 ratio=101.89 momentum=102.56; 2026-09-16 ratio=102.59 momentum=102.57; 2026-09-17 ratio=102.84 momentum=102.70; 2026-09-18 ratio=102.47 momentum=102.14; 2026-09-21 ratio=102.63 momentum=102.26,175.77
stock,Tilaknagar Inds.,TI.NS,Breweries & Distilleries,Fast Moving Consumer Goods,14238.08,0.17,31.59,-30.28,1046.03,155.67,62.99,11.78,,stage_2,5,579.55,472.08,2.88,0.02475,"{'price_above_30w_ma': True, '30w_ma_rising': True, 'price_above_10w_ma': True, 'relative_strength_positive': True, 'near_52w_high': True}",leading,weakening,101.54,102.24,1.02,6.7,True,False,2026-09-15 ratio=100.52 momentum=95.54; 2026-09-16 ratio=100.76 momentum=98.16; 2026-09-17 ratio=101.04 momentum=98.64; 2026-09-18 ratio=101.43 momentum=101.50; 2026-09-21 ratio=101.54 momentum=102.24,179.66
stock,Piccadily Agro,PICCADIL.NS,Breweries & Distilleries,Fast Moving Consumer Goods,6067.4,0.16,21.44,16.33,251.18,17.42,43.18,18.01,,not_stage_2,2,591.2,613.6,0.42,0.02525,"{'price_above_30w_ma': False, '30w_ma_rising': True, 'price_above_10w_ma': False, 'relative_strength_positive': False, 'near_52w_high': True}",lagging,lagging,98.52,98.18,0.13,1.48,False,False,2026-09-15 ratio=98.38 momentum=96.70; 2026-09-16 ratio=98.52 momentum=96.78; 2026-09-17 ratio=98.68 momentum=98.22; 2026-09-18 ratio=98.46 momentum=96.60; 2026-09-21 ratio=98.52 momentum=98.18,40.84
stock,Globus Spirits,GLOBUSSPR.NS,Breweries & Distilleries,Fast Moving Consumer Goods,2585.93,0.8,26.48,49.05,788.78,12.71,25.72,11.25,,not_stage_2,0,830.8,899.9,-1.29,0.03548,"{'price_above_30w_ma': False, '30w_ma_rising': False, 'price_above_10w_ma': False, 'relative_strength_positive': False, 'near_52w_high': False}",lagging,lagging,98.72,95.82,0.2,-1.87,False,False,2026-09-15 ratio=98.52 momentum=97.69; 2026-09-16 ratio=99.11 momentum=98.29; 2026-09-17 ratio=98.78 momentum=97.90; 2026-09-18 ratio=98.36 momentum=96.35; 2026-09-21 ratio=98.72 momentum=95.82,0.0
stock,G M Breweries,GMBREW.NS,Breweries & Distilleries,Fast Moving Consumer Goods,2166.23,0.95,37.74,45.94,199.58,22.55,12.84,17.96,,not_stage_2,3,947.0,939.88,-1.17,0.04045,"{'price_above_30w_ma': True, '30w_ma_rising': False, 'price_above_10w_ma': True, 'relative_strength_positive': True, 'near_52w_high': False}",leading,leading,102.41,102.83,0.97,-0.25,False,False,2026-09-15 ratio=101.44 momentum=103.08; 2026-09-16 ratio=101.62 momentum=104.27; 2026-09-17 ratio=102.49 momentum=105.46; 2026-09-18 ratio=102.94 momentum=103.92; 2026-09-21 ratio=102.41 momentum=102.83,106.2
stock,India Glycols,INDIAGLYCO.NS,Breweries & Distilleries,Fast Moving Consumer Goods,1696.15,2.96,96.83,32.19,1130.39,8.64,5.35,12.4,,not_stage_2,0,255.8,916.15,-8.86,0.01092,"{'price_above_30w_ma': False, '30w_ma_rising': False, 'price_above_10w_ma': False, 'relative_strength_positive': False, 'near_52w_high': False}",improving,lagging,98.28,104.51,0.37,6.25,False,True,2026-09-15 ratio=97.91 momentum=98.25; 2026-09-16 ratio=98.00 momentum=98.30; 2026-09-17 ratio=98.07 momentum=105.19; 2026-09-18 ratio=98.21 momentum=104.68; 2026-09-21 ratio=98.28 momentum=104.51,22.55
stock,Som Distilleries,SDBL.NS,Breweries & Distilleries,Fast Moving Consumer Goods,1402.09,0.0,1.56,-98.91,268.63,-49.16,,5.68,,not_stage_2,0,68.11,76.03,-2.18,0.00291,"{'price_above_30w_ma': False, '30w_ma_rising': False, 'price_above_10w_ma': False, 'relative_strength_positive': False, 'near_52w_high': False}",lagging,lagging,99.32,97.45,-0.49,-0.83,False,False,2026-09-15 ratio=99.82 momentum=98.28; 2026-09-16 ratio=99.35 momentum=98.75; 2026-09-17 ratio=99.45 momentum=98.11; 2026-09-18 ratio=99.43 momentum=98.16; 2026-09-21 ratio=99.32 momentum=97.45,0.0
stock,Firstsour.Solu.,FSL.NS,Business Process Outsourcing (BPO)/ Knowledge Process Outsourcing (KPO),Services,19050.87,2.04,165.92,30.01,2724.87,22.87,23.87,16.8,,not_stage_2,3,269.45,249.71,0.73,0.01151,"{'price_above_30w_ma': True, '30w_ma_rising': True, 'price_above_10w_ma': False, 'relative_strength_positive': True, 'near_52w_high': False}",leading,leading,100.21,100.36,-1.16,-2.06,False,False,2026-09-15 ratio=101.37 momentum=102.42; 2026-09-16 ratio=100.94 momentum=101.41; 2026-09-17 ratio=100.60 momentum=100.47; 2026-09-18 ratio=100.53 momentum=100.72; 2026-09-21 ratio=100.21 momentum=100.36,84.31
stock,eClerx Services,ECLERX.NS,Business Process Outsourcing (BPO)/ Knowledge Process Outsourcing (KPO),Services,18120.91,0.05,164.24,15.99,1152.36,23.31,24.86,34.42,,stage_2,5,1951.2,1641.2,0.78,0.08333,"{'price_above_30w_ma': True, '30w_ma_rising': True, 'price_above_10w_ma': True, 'relative_strength_positive': True, 'near_52w_high': True}",leading,weakening,101.39,102.63,0.34,3.65,True,False,2026-09-15 ratio=101.04 momentum=98.98; 2026-09-16 ratio=101.55 momentum=101.49; 2026-09-17 ratio=101.19 momentum=99.29; 2026-09-18 ratio=101.06 momentum=99.53; 2026-09-21 ratio=101.39 momentum=102.63,176.66
stock,RPSG Ventures,RPSGVENT.NS,Business Process Outsourcing (BPO)/ Knowledge Process Outsourcing (KPO),Services,2780.93,0.0,253.09,34.95,3576.44,20.36,,10.61,,not_stage_2,2,843.4,867.43,2.16,0.03602,"{'price_above_30w_ma': False, '30w_ma_rising': True, 'price_above_10w_ma': False, 'relative_strength_positive': False, 'near_52w_high': True}",improving,improving,99.52,101.98,0.22,0.81,False,True,2026-09-15 ratio=99.30 momentum=101.17; 2026-09-16 ratio=98.99 momentum=100.89; 2026-09-17 ratio=99.27 momentum=101.17; 2026-09-18 ratio=99.59 momentum=101.98; 2026-09-21 ratio=99.52 momentum=101.98,54.22
stock,Hinduja Global,HGS.NS,Business Process Outsourcing (BPO)/ Knowledge Process Outsourcing (KPO),Services,1767.08,1.32,-66.26,-45.26,1050.36,-0.56,,1.46,,not_stage_2,0,377.8,402.94,-0.4,0.01614,"{'price_above_30w_ma': False, '30w_ma_rising': False, 'price_above_10w_ma': False, 'relative_strength_positive': False, 'near_52w_high': False}",lagging,improving,98.56,97.51,-0.48,-3.5,False,False,2026-09-15 ratio=99.04 momentum=101.01; 2026-09-16 ratio=99.26 momentum=103.85; 2026-09-17 ratio=99.23 momentum=102.86; 2026-09-18 ratio=98.69 momentum=100.08; 2026-09-21 ratio=98.56 momentum=97.51,0.0
stock,One Point One,ONEPOINT.NS,Business Process Outsourcing (BPO)/ Knowledge Process Outsourcing (KPO),Services,1661.48,0.0,16.31,72.78,158.32,129.42,36.08,10.88,,stage_2,5,60.03,55.32,2.54,0.00256,"{'price_above_30w_ma': True, '30w_ma_rising': True, 'price_above_10w_ma': True, 'relative_strength_positive': True, 'near_52w_high': True}",leading,leading,102.58,102.64,0.75,0.2,False,False,2026-09-15 ratio=101.83 momentum=102.44; 2026-09-16 ratio=101.35 momentum=102.29; 2026-09-17 ratio=102.77 momentum=103.94; 2026-09-18 ratio=102.68 momentum=105.17; 2026-09-21 ratio=102.58 momentum=102.64,176.18
stock,Alldigi Tech,ALLDIGI.NS,Business Process Outsourcing (BPO)/ Knowledge Process Outsourcing (KPO),Services,1205.62,7.65,18.12,21.69,150.28,4.43,13.08,27.89,,not_stage_2,2,787.9,804.84,-0.94,0.03365,"{'price_above_30w_ma': False, '30w_ma_rising': False, 'price_above_10w_ma': False, 'relative_strength_positive': True, 'near_52w_high': True}",lagging,leading,99.72,99.51,-1.14,-2.61,False,False,2026-09-15 ratio=100.86 momentum=102.13; 2026-09-16 ratio=100.32 momentum=101.46; 2026-09-17 ratio=99.81 momentum=101.13; 2026-09-18 ratio=99.26 momentum=98.77; 2026-09-21 ratio=99.72 momentum=99.51,40.0
stock,Kandarp Digi,KANDARP.NS,Business Process Outsourcing (BPO)/ Knowledge Process Outsourcing (KPO),Services,66.31,0.0,1.13,-15.67,16.35,4.01,35.84,11.22,,not_stage_2,0,73.9,118.5,-7.66,0.00316,"{'price_above_30w_ma': False, '30w_ma_rising': False, 'price_above_10w_ma': False, 'relative_strength_positive': False, 'near_52w_high': False}",lagging,lagging,98.04,98.54,1.35,-0.01,False,False,2026-09-15 ratio=96.69 momentum=98.55; 2026-09-16 ratio=97.18 momentum=99.49; 2026-09-17 ratio=97.43 momentum=98.23; 2026-09-18 ratio=97.61 momentum=99.23; 2026-09-21 ratio=98.04 momentum=98.54,0.0
stock,Cadsys (India),CADSYS.NS,Business Process Outsourcing (BPO)/ Knowledge Process Outsourcing (KPO),Services,46.06,0.0,-8.6,110.64,47.31,16.3,,-13.98,,not_stage_2,0,46.05,57.58,-0.64,0.00197,"{'price_above_30w_ma': False, '30w_ma_rising': False, 'price_above_10w_ma': False, 'relative_strength_positive': False, 'near_52w_high': False}",improving,improving,99.1,102.82,0.32,-0.09,False,False,2026-09-15 ratio=98.78 momentum=102.90; 2026-09-16 ratio=99.07 momentum=104.06; 2026-09-17 ratio=99.09 momentum=103.36; 2026-09-18 ratio=99.09 momentum=102.97; 2026-09-21 ratio=99.10 momentum=102.82,14.1
stock,We Win Ltd,WEWIN.NS,Business Process Outsourcing (BPO)/ Knowledge Process Outsourcing (KPO),Services,43.08,0.0,0.91,-15.74,30.77,51.65,9.59,10.9,,not_stage_2,0,42.4,48.93,-0.2,0.00181,"{'price_above_30w_ma': False, '30w_ma_rising': False, 'price_above_10w_ma': False, 'relative_strength_positive': False, 'near_52w_high': False}",improving,lagging,99.03,102.61,0.85,3.74,False,True,2026-09-15 ratio=98.18 momentum=98.86; 2026-09-16 ratio=98.84 momentum=100.67; 2026-09-17 ratio=99.49 momentum=102.66; 2026-09-18 ratio=99.50 momentum=102.53; 2026-09-21 ratio=99.03 momentum=102.61,13.05
stock,HRH Next,HRHNEXT.NS,Business Process Outsourcing (BPO)/ Knowledge Process Outsourcing (KPO),Services,31.69,0.0,2.78,152.73,35.92,24.68,6.52,15.84,,not_stage_2,0,25.25,26.91,-0.87,0.00108,"{'price_above_30w_ma': False, '30w_ma_rising': False, 'price_above_10w_ma': False, 'relative_strength_positive': False, 'near_52w_high': False}",improving,improving,99.74,100.67,0.43,-0.48,False,False,2026-09-15 ratio=99.30 momentum=101.15; 2026-09-16 ratio=99.25 momentum=102.96; 2026-09-17 ratio=100.08 momentum=102.55; 2026-09-18 ratio=100.74 momentum=102.98; 2026-09-21 ratio=99.74 momentum=100.67,3.35
stock,Polycab India,POLYCAB.NS,Cables - Electricals,Capital Goods,125748.92,0.56,796.66,32.46,8209.73,39.01,43.9,33.21,,not_stage_2,2,8369.5,8673.88,0.63,0.35745,"{'price_above_30w_ma': False, '30w_ma_rising': True, 'price_above_10w_ma': False, 'relative_strength_positive': False, 'near_52w_high': True}",improving,lagging,98.81,103.56,0.77,8.21,False,True,2026-09-15 ratio=98.04 momentum=95.35; 2026-09-16 ratio=97.95 momentum=97.85; 2026-09-17 ratio=98.30 momentum=98.61; 2026-09-18 ratio=98.97 momentum=99.92; 2026-09-21 ratio=98.81 momentum=103.56,59.06
stock,KEI Industries,KEI.NS,Cables - Electricals,Capital Goods,43651.79,0.1,274.14,40.05,3185.34,22.97,43.79,20.05,,not_stage_2,1,4596.0,4967.51,-0.13,0.19629,"{'price_above_30w_ma': False, '30w_ma_rising': False, 'price_above_10w_ma': False, 'relative_strength_positive': False, 'near_52w_high': True}",improving,lagging,98.76,100.3,0.28,4.41,False,True,2026-09-15 ratio=98.48 momentum=95.90; 2026-09-16 ratio=98.50 momentum=97.21; 2026-09-17 ratio=98.67 momentum=98.00; 2026-09-18 ratio=98.91 momentum=90.14; 2026-09-21 ratio=98.76 momentum=100.30,21.5
stock,R R Kabel,RRKABEL.NS,Cables - Electricals,Capital Goods,27942.74,0.38,205.2,117.32,3168.2,53.9,45.69,28.1,,not_stage_2,3,2411.7,2098.91,6.54,0.103,"{'price_above_30w_ma': True, '30w_ma_rising': True, 'price_above_10w_ma': False, 'relative_strength_positive': False, 'near_52w_high': True}",lagging,lagging,99.32,98.12,-0.2,1.82,False,False,2026-09-15 ratio=99.52 momentum=96.30; 2026-09-16 ratio=99.50 momentum=94.22; 2026-09-17 ratio=99.39 momentum=96.18; 2026-09-18 ratio=99.62 momentum=93.64; 2026-09-21 ratio=99.32 momentum=98.12,73.08
stock,Finolex Cables,FINCABLES.NS,Cables - Electricals,Capital Goods,22456.23,0.61,249.04,53.14,2013.15,44.26,28.07,16.01,,stage_2,5,1399.7,1074.54,7.21,0.05978,"{'price_above_30w_ma': True, '30w_ma_rising': True, 'price_above_10w_ma': True, 'relative_strength_positive': True, 'near_52w_high': True}",leading,leading,101.56,101.93,-0.07,0.98,False,False,2026-09-15 ratio=101.63 momentum=100.95; 2026-09-16 ratio=101.66 momentum=101.02; 2026-09-17 ratio=101.76 momentum=102.41; 2026-09-18 ratio=101.73 momentum=100.87; 2026-09-21 ratio=101.56 momentum=101.93,176.87
stock,KSH Internationa,KSHINTL.NS,Cables - Electricals,Capital Goods,7058.84,0.0,42.22,86.16,1164.24,108.38,53.93,21.46,,stage_2,5,1032.15,772.44,14.08,0.04408,"{'price_above_30w_ma': True, '30w_ma_rising': True, 'price_above_10w_ma': True, 'relative_strength_positive': True, 'near_52w_high': True}",weakening,leading,100.89,97.85,-0.57,-2.96,False,False,2026-09-15 ratio=101.47 momentum=100.81; 2026-09-16 ratio=101.38 momentum=100.67; 2026-09-17 ratio=101.17 momentum=100.50; 2026-09-18 ratio=101.11 momentum=98.87; 2026-09-21 ratio=100.89 momentum=97.85,157.61
stock,Universal Cables,UNIVCABLES.NS,Cables - Electricals,Capital Goods,5117.76,0.3,70.14,108.75,945.06,57.46,25.59,11.68,,stage_2,4,1477.5,1138.25,10.33,0.0631,"{'price_above_30w_ma': True, '30w_ma_rising': True, 'price_above_10w_ma': False, 'relative_strength_positive': True, 'near_52w_high': True}",weakening,weakening,100.27,97.58,0.09,1.04,False,False,2026-09-15 ratio=100.18 momentum=96.54; 2026-09-16 ratio=100.05 momentum=96.58; 2026-09-17 ratio=100.17 momentum=96.98; 2026-09-18 ratio=100.32 momentum=97.02; 2026-09-21 ratio=100.27 momentum=97.58,127.01
stock,V-Marc India,VMARCIND.NS,Cables - Electricals,Capital Goods,4860.2,0.0,28.55,163.62,555.51,102.42,41.55,41.37,,not_stage_2,0,322.1,722.49,-5.58,0.01376,"{'price_above_30w_ma': False, '30w_ma_rising': False, 'price_above_10w_ma': False, 'relative_strength_positive': False, 'near_52w_high': False}",weakening,leading,100.09,99.61,-0.48,-2.11,False,False,2026-09-15 ratio=100.57 momentum=101.72; 2026-09-16 ratio=100.49 momentum=101.65; 2026-09-17 ratio=100.69 momentum=102.40; 2026-09-18 ratio=100.74 momentum=101.97; 2026-09-21 ratio=100.09 momentum=99.61,0.45
stock,Laser Power,LASERPOWER.NS,Cables - Electricals,Capital Goods,3862.23,0.0,20.73,3.75,521.55,14.84,35.16,20.51,,insufficient_data,0,,,,,{},insufficient_data,insufficient_data,,,,,False,False,,0.0
stock,Lumino Inds,LUMINO.NS,Cables - Electricals,Capital Goods,3296.24,0.0,40.17,32.4,521.43,19.29,19.43,26.61,,insufficient_data,0,,,,,{},insufficient_data,insufficient_data,,,,,False,False,,0.0
stock,Dynamic Cables,DYCL.NS,Cables - Electricals,Capital Goods,2199.05,0.11,24.95,37.01,349.1,33.22,24.12,26.21,,stage_2,5,457.7,367.14,6.6,0.01955,"{'price_above_30w_ma': True, '30w_ma_rising': True, 'price_above_10w_ma': True, 'relative_strength_positive': True, 'near_52w_high': True}",weakening,weakening,100.76,96.43,0.32,-1.57,False,False,2026-09-15 ratio=100.44 momentum=98.00; 2026-09-16 ratio=100.38 momentum=96.56; 2026-09-17 ratio=100.53 momentum=96.52; 2026-09-18 ratio=100.82 momentum=93.66; 2026-09-21 ratio=100.76 momentum=96.43,142.0
stock,Godfrey Phillips,GODFRYPHLP.NS,Cigarettes & Tobacco Products,Fast Moving Consumer Goods,30806.2,2.54,198.39,-44.32,1205.51,-18.89,22.53,30.25,,not_stage_2,0,1980.0,2144.56,-1.38,0.08456,"{'price_above_30w_ma': False, '30w_ma_rising': False, 'price_above_10w_ma': False, 'relative_strength_positive': False, 'near_52w_high': False}",improving,lagging,99.0,100.14,0.78,3.74,False,True,2026-09-15 ratio=98.22 momentum=96.40; 2026-09-16 ratio=98.46 momentum=98.00; 2026-09-17 ratio=98.58 momentum=100.52; 2026-09-18 ratio=99.62 momentum=101.82; 2026-09-21 ratio=99.00 momentum=100.14,0.7
stock,VST Industries,VSTIND.NS,Cigarettes & Tobacco Products,Fast Moving Consumer Goods,3493.2,5.83,42.42,-24.43,256.46,-13.91,12.54,28.13,,not_stage_2,1,206.76,234.94,-1.7,0.00883,"{'price_above_30w_ma': False, '30w_ma_rising': False, 'price_above_10w_ma': False, 'relative_strength_positive': False, 'near_52w_high': True}",improving,improving,99.48,102.34,0.11,-0.33,False,False,2026-09-15 ratio=99.37 momentum=102.67; 2026-09-16 ratio=99.23 momentum=102.40; 2026-09-17 ratio=99.34 momentum=103.02; 2026-09-18 ratio=99.73 momentum=103.84; 2026-09-21 ratio=99.48 momentum=102.34,31.7
stock,Elitecon Inter.,ELITECON.NS,Cigarettes & Tobacco Products,Fast Moving Consumer Goods,1392.09,0.57,-85.05,-269.56,1880.69,500.55,8.59,46.33,,insufficient_data,0,,,,,{},insufficient_data,insufficient_data,,,,,False,False,,0.0
stock,NTC Industries,NTCIND.NS,Cigarettes & Tobacco Products,Fast Moving Consumer Goods,188.83,0.0,6.12,7.94,25.23,-10.25,9.44,11.14,,insufficient_data,0,,,,,{},insufficient_data,insufficient_data,,,,,False,False,,0.0
stock,Shanthala FMCG,SHANTHALA.NS,Cigarettes & Tobacco Products,Fast Moving Consumer Goods,10.45,0.0,0.72,71.43,25.82,-0.12,8.23,5.98,,not_stage_2,0,15.6,22.67,-9.25,0.00067,"{'price_above_30w_ma': False, '30w_ma_rising': False, 'price_above_10w_ma': False, 'relative_strength_positive': False, 'near_52w_high': False}",improving,improving,99.17,100.08,-0.39,-3.42,False,False,2026-09-15 ratio=99.56 momentum=103.50; 2026-09-16 ratio=99.12 momentum=100.57; 2026-09-17 ratio=99.14 momentum=100.23; 2026-09-18 ratio=99.21 momentum=100.48; 2026-09-21 ratio=99.17 momentum=100.08,0.4
stock,Marc Technocrats,MARC.NS,Consulting Services,Services,260.48,0.0,4.81,,37.53,,24.71,29.22,,stage_2,5,150.0,99.04,13.66,0.00641,"{'price_above_30w_ma': True, '30w_ma_rising': True, 'price_above_10w_ma': True, 'relative_strength_positive': True, 'near_52w_high': True}",weakening,weakening,101.27,98.09,0.0,0.42,False,False,2026-09-15 ratio=101.26 momentum=97.66; 2026-09-16 ratio=101.55 momentum=99.20; 2026-09-17 ratio=101.73 momentum=100.02; 2026-09-18 ratio=101.63 momentum=99.65; 2026-09-21 ratio=101.27 momentum=98.09,158.67
stock,EKI Energy,EKI.NS,Consulting Services,Services,191.2,2.91,-15.93,-2094.44,10.46,-29.99,,-3.84,,insufficient_data,0,,,,,{},insufficient_data,insufficient_data,,,,,False,False,,0.0
stock,Mitcon Consult.,MITCON.NS,Consulting Services,Services,139.55,0.0,2.75,151.38,67.58,176.63,14.33,8.83,,stage_2,5,79.86,74.76,3.8,0.00341,"{'price_above_30w_ma': True, '30w_ma_rising': True, 'price_above_10w_ma': True, 'relative_strength_positive': True, 'near_52w_high': True}",leading,leading,101.35,101.4,-0.71,-0.43,False,False,2026-09-15 ratio=102.07 momentum=101.83; 2026-09-16 ratio=101.92 momentum=101.43; 2026-09-17 ratio=101.75 momentum=101.25; 2026-09-18 ratio=101.53 momentum=101.35; 2026-09-21 ratio=101.35 momentum=101.40,166.35
stock,AAA Technologies,AAATECH.NS,Consulting Services,Services,121.25,1.07,0.87,12.99,3.76,1.62,58.29,8.96,,not_stage_2,4,94.16,94.09,-1.98,0.00402,"{'price_above_30w_ma': True, '30w_ma_rising': False, 'price_above_10w_ma': True, 'relative_strength_positive': True, 'near_52w_high': True}",leading,leading,101.71,101.74,0.44,0.12,False,False,2026-09-15 ratio=101.27 momentum=101.63; 2026-09-16 ratio=101.32 momentum=102.24; 2026-09-17 ratio=98.10 momentum=97.54; 2026-09-18 ratio=98.98 momentum=98.59; 2026-09-21 ratio=101.71 momentum=101.74,117.25
stock,Dhruv Consultanc,DHRUV.NS,Consulting Services,Services,40.81,0.93,-4.74,-396.25,15.55,-26.09,,-32.46,,not_stage_2,0,20.95,27.85,-3.48,0.00089,"{'price_above_30w_ma': False, '30w_ma_rising': False, 'price_above_10w_ma': False, 'relative_strength_positive': False, 'near_52w_high': False}",lagging,lagging,97.91,99.2,-0.92,-0.55,False,False,2026-09-15 ratio=98.82 momentum=99.76; 2026-09-16 ratio=98.23 momentum=98.09; 2026-09-17 ratio=98.46 momentum=98.67; 2026-09-18 ratio=98.22 momentum=97.89; 2026-09-21 ratio=97.91 momentum=99.20,0.0
stock,Manglam Infra,MIEL.NS,Consulting Services,Services,21.64,0.0,1.6,1700.0,21.86,-21.42,6.89,9.5,,insufficient_data,0,,,,,{},insufficient_data,insufficient_data,,,,,False,False,,0.0
stock,Physicswallah,PWL.NS,E-Learning,Consumer Services,39527.19,0.0,-88.28,35.6,1053.95,24.42,646.81,3.99,,stage_2,5,134.76,115.0,3.71,0.00576,"{'price_above_30w_ma': True, '30w_ma_rising': True, 'price_above_10w_ma': True, 'relative_strength_positive': True, 'near_52w_high': True}",leading,leading,101.59,102.77,0.68,0.06,False,False,2026-09-15 ratio=100.91 momentum=102.71; 2026-09-16 ratio=100.53 momentum=102.85; 2026-09-17 ratio=100.60 momentum=103.64; 2026-09-18 ratio=101.80 momentum=104.44; 2026-09-21 ratio=101.59 momentum=102.77,174.22
stock,Veranda Learning,VERANDA.NS,E-Learning,Consumer Services,2215.78,0.0,33.87,854.4,149.54,41.52,34.35,12.83,,not_stage_2,3,229.17,212.74,2.46,0.00979,"{'price_above_30w_ma': True, '30w_ma_rising': True, 'price_above_10w_ma': False, 'relative_strength_positive': False, 'near_52w_high': True}",lagging,lagging,99.64,98.93,1.11,2.66,False,False,2026-09-15 ratio=98.54 momentum=96.27; 2026-09-16 ratio=98.46 momentum=97.59; 2026-09-17 ratio=98.13 momentum=97.03; 2026-09-18 ratio=98.89 momentum=98.03; 2026-09-21 ratio=99.64 momentum=98.93,64.92
stock,Jaro Institute,JARO.NS,E-Learning,Consumer Services,1026.09,1.09,11.17,48.34,70.75,16.61,18.14,22.09,,not_stage_2,2,474.85,474.98,-0.03,0.02028,"{'price_above_30w_ma': False, '30w_ma_rising': False, 'price_above_10w_ma': True, 'relative_strength_positive': True, 'near_52w_high': False}",leading,leading,101.18,102.75,0.27,-0.09,False,False,2026-09-15 ratio=100.91 momentum=102.84; 2026-09-16 ratio=100.78 momentum=102.46; 2026-09-17 ratio=100.93 momentum=102.14; 2026-09-18 ratio=100.70 momentum=101.72; 2026-09-21 ratio=101.18 momentum=102.75,79.65
stock,Addictive Learn,ADDICTIVE.NS,E-Learning,Consumer Services,73.18,0.0,0.31,-75.97,22.69,8.41,,0.9,,insufficient_data,0,,,,,{},insufficient_data,insufficient_data,,,,,False,False,,0.0
stock,G-Tec Janix,GTECJAINX.NS,E-Learning,Consumer Services,28.97,0.0,0.3,100.0,2.25,-10.36,,-36.32,,not_stage_2,3,26.39,24.59,4.59,0.00113,"{'price_above_30w_ma': True, '30w_ma_rising': True, 'price_above_10w_ma': False, 'relative_strength_positive': False, 'near_52w_high': True}",lagging,leading,98.84,97.56,-2.75,-5.25,False,False,2026-09-15 ratio=101.59 momentum=102.81; 2026-09-16 ratio=100.14 momentum=100.34; 2026-09-17 ratio=99.84 momentum=99.06; 2026-09-18 ratio=99.36 momentum=98.46; 2026-09-21 ratio=98.84 momentum=97.56,69.18
stock,Usha Mart. Edu.,UMESLTD.NS,E-Learning,Consumer Services,11.69,0.0,0.02,0.0,0.12,-7.69,28.51,5.23,,not_stage_2,1,4.25,5.61,0.65,0.00018,"{'price_above_30w_ma': False, '30w_ma_rising': True, 'price_above_10w_ma': False, 'relative_strength_positive': False, 'near_52w_high': False}",lagging,lagging,97.66,98.93,0.13,2.12,False,False,2026-09-15 ratio=97.53 momentum=96.81; 2026-09-16 ratio=96.54 momentum=98.79; 2026-09-17 ratio=96.93 momentum=99.15; 2026-09-18 ratio=97.86 momentum=99.61; 2026-09-21 ratio=97.66 momentum=98.93,21.3
stock,Docmode Health,DHTL.NS,E-Learning,Consumer Services,8.64,0.0,-0.07,95.57,7.67,-64.07,,6.12,,not_stage_2,0,28.9,39.07,-7.1,0.00123,"{'price_above_30w_ma': False, '30w_ma_rising': False, 'price_above_10w_ma': False, 'relative_strength_positive': False, 'near_52w_high': False}",lagging,improving,98.35,98.93,-0.72,-1.14,False,False,2026-09-15 ratio=99.07 momentum=100.07; 2026-09-16 ratio=98.40 momentum=98.75; 2026-09-17 ratio=98.45 momentum=98.84; 2026-09-18 ratio=97.90 momentum=98.33; 2026-09-21 ratio=98.35 momentum=98.93,0.0
stock,PVR Inox,PVRINOX.NS,"Film Production, Distribution & Exhibition","Media, Entertainment & Publication",13110.65,0.0,56.5,220.3,1622.2,11.91,41.33,6.79,,stage_2,5,1349.3,1060.14,3.31,0.05763,"{'price_above_30w_ma': True, '30w_ma_rising': True, 'price_above_10w_ma': True, 'relative_strength_positive': True, 'near_52w_high': True}",leading,leading,102.28,101.89,0.82,1.4,False,False,2026-09-15 ratio=101.46 momentum=100.49; 2026-09-16 ratio=101.70 momentum=100.70; 2026-09-17 ratio=101.80 momentum=101.42; 2026-09-18 ratio=102.20 momentum=101.31; 2026-09-21 ratio=102.28 momentum=101.89,172.47
stock,Media Matrix,MMWL.NS,"Film Production, Distribution & Exhibition","Media, Entertainment & Publication",1505.42,0.0,3.58,84.46,428.45,83.37,212.03,9.71,,insufficient_data,0,,,,,{},lagging,weakening,98.91,97.29,-1.15,-0.91,False,False,2026-09-15 ratio=100.07 momentum=98.19; 2026-09-16 ratio=99.01 momentum=97.63; 2026-09-17 ratio=98.83 momentum=97.65; 2026-09-18 ratio=98.55 momentum=97.73; 2026-09-21 ratio=98.91 momentum=97.29,0.0
stock,Panorama Studios,PANORAMA.NS,"Film Production, Distribution & Exhibition","Media, Entertainment & Publication",1428.79,0.1,12.71,165.95,183.07,34.26,59.19,8.7,,insufficient_data,0,,,,,{},insufficient_data,insufficient_data,,,,,False,False,,0.0
stock,Sunshine Picture,SUNSHINE.NS,"Film Production, Distribution & Exhibition","Media, Entertainment & Publication",1372.27,0.0,0.25,123.15,6.48,16100.0,33.54,40.96,,insufficient_data,0,,,,,{},insufficient_data,insufficient_data,,,,,False,False,,0.0
stock,Connplex Cinemas,CONNPLEX.NS,"Film Production, Distribution & Exhibition","Media, Entertainment & Publication",498.51,0.0,13.03,38.91,83.46,51.97,19.25,43.55,,insufficient_data,0,,,,,{},insufficient_data,insufficient_data,,,,,False,False,,0.0
stock,Cineline India,CINELINE.NS,"Film Production, Distribution & Exhibition","Media, Entertainment & Publication",339.32,1.4,-1.21,74.27,59.27,30.87,25.21,10.86,,stage_2,4,90.31,85.09,1.19,0.00386,"{'price_above_30w_ma': True, '30w_ma_rising': True, 'price_above_10w_ma': False, 'relative_strength_positive': True, 'near_52w_high': True}",weakening,leading,100.88,97.48,-0.62,-3.33,False,False,2026-09-15 ratio=101.50 momentum=100.81; 2026-09-16 ratio=101.08 momentum=99.75; 2026-09-17 ratio=101.47 momentum=100.69; 2026-09-18 ratio=100.97 momentum=99.16; 2026-09-21 ratio=100.88 momentum=97.48,111.78
stock,UFO Moviez,UFO.NS,"Film Production, Distribution & Exhibition","Media, Entertainment & Publication",234.21,0.0,5.64,-13.5,110.69,3.81,9.75,11.19,,not_stage_2,0,60.87,68.4,-1.99,0.0026,"{'price_above_30w_ma': False, '30w_ma_rising': False, 'price_above_10w_ma': False, 'relative_strength_positive': False, 'near_52w_high': False}",lagging,lagging,97.88,97.5,-0.07,1.03,False,False,2026-09-15 ratio=97.95 momentum=96.47; 2026-09-16 ratio=98.24 momentum=98.68; 2026-09-17 ratio=98.20 momentum=97.86; 2026-09-18 ratio=97.93 momentum=97.20; 2026-09-21 ratio=97.88 momentum=97.50,0.0
stock,Tips Films,TIPSFILMS.NS,"Film Production, Distribution & Exhibition","Media, Entertainment & Publication",137.5,0.0,-29.41,-720.46,47.96,-49.71,,-6.69,,not_stage_2,0,320.7,348.79,-1.99,0.0137,"{'price_above_30w_ma': False, '30w_ma_rising': False, 'price_above_10w_ma': False, 'relative_strength_positive': False, 'near_52w_high': False}",lagging,lagging,99.2,98.79,-0.13,0.57,False,False,2026-09-15 ratio=99.33 momentum=98.21; 2026-09-16 ratio=99.07 momentum=97.53; 2026-09-17 ratio=99.18 momentum=98.81; 2026-09-18 ratio=99.22 momentum=98.68; 2026-09-21 ratio=99.20 momentum=98.79,0.0
stock,Mukta Arts,MUKTAARTS.NS,"Film Production, Distribution & Exhibition","Media, Entertainment & Publication",121.91,0.0,-2.15,64.7,40.59,10.51,,11.17,,not_stage_2,3,56.1,54.96,-0.23,0.0024,"{'price_above_30w_ma': True, '30w_ma_rising': False, 'price_above_10w_ma': False, 'relative_strength_positive': True, 'near_52w_high': True}",weakening,leading,100.5,97.86,-0.94,-4.74,False,False,2026-09-15 ratio=101.44 momentum=102.59; 2026-09-16 ratio=100.62 momentum=100.40; 2026-09-17 ratio=100.69 momentum=99.77; 2026-09-18 ratio=101.40 momentum=102.31; 2026-09-21 ratio=100.50 momentum=97.86,62.5
stock,Baweja Studios L,BAWEJA.NS,"Film Production, Distribution & Exhibition","Media, Entertainment & Publication",44.77,0.0,4.57,-13.28,33.44,-22.93,7.36,7.94,,not_stage_2,0,24.2,28.26,-2.81,0.00103,"{'price_above_30w_ma': False, '30w_ma_rising': False, 'price_above_10w_ma': False, 'relative_strength_positive': False, 'near_52w_high': False}",lagging,improving,99.66,99.31,0.59,-1.37,False,False,2026-09-15 ratio=99.07 momentum=100.68; 2026-09-16 ratio=99.06 momentum=99.27; 2026-09-17 ratio=99.08 momentum=98.28; 2026-09-18 ratio=98.66 momentum=97.28; 2026-09-21 ratio=99.66 momentum=99.31,0.0
stock,Metro Brands,METROBRAND.NS,Footwear,Consumer Durables,25083.09,0.65,95.26,-4.79,720.36,14.66,61.71,20.12,,not_stage_2,1,939.05,994.29,-1.48,0.04011,"{'price_above_30w_ma': False, '30w_ma_rising': False, 'price_above_10w_ma': False, 'relative_strength_positive': True, 'near_52w_high': False}",improving,leading,99.81,103.19,-0.22,0.55,False,False,2026-09-15 ratio=100.03 momentum=102.64; 2026-09-16 ratio=100.05 momentum=102.71; 2026-09-17 ratio=100.08 momentum=103.77; 2026-09-18 ratio=99.87 momentum=103.25; 2026-09-21 ratio=99.81 momentum=103.19,35.95
stock,Bata India,BATAINDIA.NS,Footwear,Consumer Durables,8124.2,3.96,63.98,15.88,978.95,3.94,46.73,12.74,,not_stage_2,0,635.2,693.81,-3.29,0.02713,"{'price_above_30w_ma': False, '30w_ma_rising': False, 'price_above_10w_ma': False, 'relative_strength_positive': False, 'near_52w_high': False}",lagging,lagging,98.26,97.71,-0.42,0.09,False,False,2026-09-15 ratio=98.68 momentum=97.62; 2026-09-16 ratio=98.10 momentum=97.36; 2026-09-17 ratio=98.39 momentum=98.71; 2026-09-18 ratio=98.41 momentum=97.36; 2026-09-21 ratio=98.26 momentum=97.71,0.0
stock,Relaxo Footwear,RELAXO.NS,Footwear,Consumer Durables,7282.7,1.2,54.94,12.35,705.05,7.73,39.3,11.18,,not_stage_2,0,293.55,337.71,-1.75,0.01254,"{'price_above_30w_ma': False, '30w_ma_rising': False, 'price_above_10w_ma': False, 'relative_strength_positive': False, 'near_52w_high': False}",lagging,lagging,97.76,98.5,-0.32,-0.33,False,False,2026-09-15 ratio=98.08 momentum=98.82; 2026-09-16 ratio=97.95 momentum=95.66; 2026-09-17 ratio=98.12 momentum=103.05; 2026-09-18 ratio=97.53 momentum=97.93; 2026-09-21 ratio=97.76 momentum=98.50,0.0
stock,Redtape,REDTAPE.NS,Footwear,Consumer Durables,6567.92,1.68,44.48,15.23,481.28,3.65,26.65,24.48,,not_stage_2,1,116.41,126.81,-0.81,0.00497,"{'price_above_30w_ma': False, '30w_ma_rising': False, 'price_above_10w_ma': False, 'relative_strength_positive': False, 'near_52w_high': True}",improving,improving,98.84,100.35,-0.98,-1.69,False,False,2026-09-15 ratio=99.82 momentum=102.03; 2026-09-16 ratio=99.10 momentum=101.01; 2026-09-17 ratio=99.33 momentum=102.16; 2026-09-18 ratio=99.05 momentum=101.99; 2026-09-21 ratio=98.84 momentum=100.35,21.75
stock,Campus Activewe.,CAMPUS.NS,Footwear,Consumer Durables,6465.44,0.71,26.14,17.75,385.2,12.21,41.98,21.22,,not_stage_2,0,211.16,232.44,-2.92,0.00902,"{'price_above_30w_ma': False, '30w_ma_rising': False, 'price_above_10w_ma': False, 'relative_strength_positive': False, 'near_52w_high': False}",lagging,lagging,98.94,94.85,-0.94,-4.04,False,False,2026-09-15 ratio=99.88 momentum=98.89; 2026-09-16 ratio=99.37 momentum=98.18; 2026-09-17 ratio=99.40 momentum=99.08; 2026-09-18 ratio=99.30 momentum=96.29; 2026-09-21 ratio=98.94 momentum=94.85,0.0
stock,Sreeleathers,SREEL.NS,Footwear,Consumer Durables,647.41,0.71,6.99,138.57,59.63,19.74,19.71,6.97,,stage_2,5,278.7,214.12,5.51,0.0119,"{'price_above_30w_ma': True, '30w_ma_rising': True, 'price_above_10w_ma': True, 'relative_strength_positive': True, 'near_52w_high': True}",weakening,leading,100.93,98.93,-1.32,-1.96,False,False,2026-09-15 ratio=102.25 momentum=100.89; 2026-09-16 ratio=101.70 momentum=100.23; 2026-09-17 ratio=101.44 momentum=99.70; 2026-09-18 ratio=101.10 momentum=99.19; 2026-09-21 ratio=100.93 momentum=98.93,140.67
stock,Liberty Shoes,LIBERTSHOE.NS,Footwear,Consumer Durables,373.75,0.0,0.68,-76.97,169.86,-1.7,43.87,7.91,,not_stage_2,0,220.75,248.55,-1.64,0.00943,"{'price_above_30w_ma': False, '30w_ma_rising': False, 'price_above_10w_ma': False, 'relative_strength_positive': False, 'near_52w_high': False}",improving,lagging,98.45,100.27,0.24,2.38,False,True,2026-09-15 ratio=98.22 momentum=97.89; 2026-09-16 ratio=98.19 momentum=98.50; 2026-09-17 ratio=98.09 momentum=99.03; 2026-09-18 ratio=98.49 momentum=100.32; 2026-09-21 ratio=98.45 momentum=100.27,1.35
stock,Brandman Retail,BRANDMAN.NS,Footwear,Consumer Durables,295.32,0.0,4.76,1152.63,45.19,287.56,9.95,36.81,,insufficient_data,0,,,,,{},insufficient_data,insufficient_data,,,,,False,False,,0.0
stock,Khadim India,KHADIM.NS,Footwear,Consumer Durables,230.54,0.0,0.52,-39.53,77.84,-18.66,51.12,6.87,,not_stage_2,3,128.0,103.85,-2.64,0.00547,"{'price_above_30w_ma': True, '30w_ma_rising': False, 'price_above_10w_ma': True, 'relative_strength_positive': True, 'near_52w_high': False}",weakening,leading,102.06,99.9,-0.28,-0.7,False,False,2026-09-15 ratio=102.34 momentum=100.60; 2026-09-16 ratio=101.94 momentum=97.48; 2026-09-17 ratio=102.01 momentum=99.59; 2026-09-18 ratio=102.05 momentum=100.90; 2026-09-21 ratio=102.06 momentum=99.90,70.3
stock,ICICI Lombard,ICICIGI.NS,General Insurance,Financial Services,74234.71,0.91,403.17,-46.03,7088.22,10.83,30.57,21.88,,not_stage_2,0,1509.1,1714.81,-3.16,0.06445,"{'price_above_30w_ma': False, '30w_ma_rising': False, 'price_above_10w_ma': False, 'relative_strength_positive': False, 'near_52w_high': False}",improving,lagging,99.31,103.02,0.91,5.99,False,True,2026-09-15 ratio=98.40 momentum=97.03; 2026-09-16 ratio=98.52 momentum=95.88; 2026-09-17 ratio=99.08 momentum=102.39; 2026-09-18 ratio=98.66 momentum=100.75; 2026-09-21 ratio=99.31 momentum=103.02,15.1
stock,General Insuranc,GICRE.NS,General Insurance,Financial Services,59860.13,3.88,1743.67,-31.1,14400.9,-1.52,6.74,17.35,,not_stage_2,2,346.2,369.97,-1.16,0.01479,"{'price_above_30w_ma': False, '30w_ma_rising': False, 'price_above_10w_ma': False, 'relative_strength_positive': True, 'near_52w_high': True}",weakening,lagging,100.11,99.0,0.77,-0.47,False,False,2026-09-15 ratio=99.34 momentum=99.47; 2026-09-16 ratio=99.02 momentum=98.87; 2026-09-17 ratio=99.28 momentum=98.55; 2026-09-18 ratio=101.16 momentum=100.97; 2026-09-21 ratio=100.11 momentum=99.00,40.55
stock,Star Health Insu,STARHEALTH.NS,General Insurance,Financial Services,32068.26,0.0,549.73,25.46,5522.07,13.15,37.99,9.69,,not_stage_2,3,542.9,535.13,2.32,0.02319,"{'price_above_30w_ma': True, '30w_ma_rising': True, 'price_above_10w_ma': False, 'relative_strength_positive': False, 'near_52w_high': True}",lagging,lagging,98.3,99.91,-0.28,-0.02,False,False,2026-09-15 ratio=98.58 momentum=99.93; 2026-09-16 ratio=98.84 momentum=100.80; 2026-09-17 ratio=100.01 momentum=101.49; 2026-09-18 ratio=98.74 momentum=100.25; 2026-09-21 ratio=98.30 momentum=99.91,64.64
stock,New India Assura,NIACL.NS,General Insurance,Financial Services,30862.01,0.8,-239.15,-160.61,11899.69,1.54,40.12,4.29,,stage_2,4,186.56,168.71,4.23,0.00797,"{'price_above_30w_ma': True, '30w_ma_rising': True, 'price_above_10w_ma': False, 'relative_strength_positive': True, 'near_52w_high': True}",weakening,weakening,100.48,95.76,-0.17,-3.69,False,False,2026-09-15 ratio=100.65 momentum=99.45; 2026-09-16 ratio=100.49 momentum=99.67; 2026-09-17 ratio=101.32 momentum=98.80; 2026-09-18 ratio=100.61 momentum=98.78; 2026-09-21 ratio=100.48 momentum=95.76,115.86
stock,Go Digit General,GODIGIT.NS,General Insurance,Financial Services,22380.06,0.0,86.39,-37.55,2427.02,8.54,45.45,13.1,,not_stage_2,0,241.45,294.92,-3.36,0.01031,"{'price_above_30w_ma': False, '30w_ma_rising': False, 'price_above_10w_ma': False, 'relative_strength_positive': False, 'near_52w_high': False}",lagging,improving,98.86,98.48,-0.8,-5.08,False,False,2026-09-15 ratio=99.66 momentum=103.56; 2026-09-16 ratio=99.59 momentum=101.92; 2026-09-17 ratio=99.89 momentum=103.27; 2026-09-18 ratio=98.76 momentum=97.97; 2026-09-21 ratio=98.86 momentum=98.48,0.0
stock,Niva Bupa Health,NIVABUPA.NS,General Insurance,Financial Services,14939.93,0.0,137.8,92.89,2471.26,27.93,85.74,3.15,,not_stage_2,2,80.48,80.69,0.59,0.00344,"{'price_above_30w_ma': False, '30w_ma_rising': True, 'price_above_10w_ma': False, 'relative_strength_positive': False, 'near_52w_high': True}",improving,leading,99.49,102.88,-0.91,-0.97,False,False,2026-09-15 ratio=100.40 momentum=103.85; 2026-09-16 ratio=99.27 momentum=100.88; 2026-09-17 ratio=99.23 momentum=101.73; 2026-09-18 ratio=99.13 momentum=101.37; 2026-09-21 ratio=99.49 momentum=102.88,55.58
stock,LG Electronics,LGEINDIA.NS,Household Appliances,Consumer Durables,112889.87,0.0,652.86,27.2,7233.35,15.49,61.87,32.27,,stage_2,5,1656.3,1569.54,1.03,0.07074,"{'price_above_30w_ma': True, '30w_ma_rising': True, 'price_above_10w_ma': True, 'relative_strength_positive': True, 'near_52w_high': True}",leading,weakening,101.24,100.35,-0.19,4.66,False,False,2026-09-15 ratio=101.43 momentum=95.69; 2026-09-16 ratio=101.25 momentum=98.27; 2026-09-17 ratio=101.49 momentum=100.12; 2026-09-18 ratio=101.92 momentum=101.46; 2026-09-21 ratio=101.24 momentum=100.35,155.01
stock,Voltas,VOLTAS.NS,Household Appliances,Consumer Durables,36426.99,0.36,212.76,52.19,4673.5,18.66,78.01,9.04,,not_stage_2,0,1142.1,1297.27,-3.66,0.04878,"{'price_above_30w_ma': False, '30w_ma_rising': False, 'price_above_10w_ma': False, 'relative_strength_positive': False, 'near_52w_high': False}",improving,improving,98.78,102.64,0.09,0.74,False,True,2026-09-15 ratio=98.70 momentum=101.90; 2026-09-16 ratio=98.57 momentum=100.58; 2026-09-17 ratio=98.65 momentum=104.43; 2026-09-18 ratio=98.29 momentum=100.15; 2026-09-21 ratio=98.78 momentum=102.64,13.2
stock,Blue Star,BLUESTARCO.NS,Household Appliances,Consumer Durables,31356.25,0.56,102.51,-21.03,3377.92,13.27,59.26,21.24,,not_stage_2,3,1565.0,1644.02,-3.24,0.06684,"{'price_above_30w_ma': False, '30w_ma_rising': False, 'price_above_10w_ma': True, 'relative_strength_positive': True, 'near_52w_high': True}",leading,improving,100.42,102.85,0.73,0.43,True,False,2026-09-15 ratio=99.69 momentum=102.41; 2026-09-16 ratio=99.86 momentum=101.97; 2026-09-17 ratio=100.37 momentum=103.74; 2026-09-18 ratio=100.09 momentum=102.16; 2026-09-21 ratio=100.42 momentum=102.85,106.35
stock,Amber Enterp.,AMBER.NS,Household Appliances,Consumer Durables,24666.59,0.0,3.09,-3.37,3887.72,12.72,119.55,10.29,,not_stage_2,1,7098.0,7476.55,-0.47,0.30315,"{'price_above_30w_ma': False, '30w_ma_rising': False, 'price_above_10w_ma': False, 'relative_strength_positive': False, 'near_52w_high': True}",lagging,lagging,99.57,97.85,0.14,2.27,False,False,2026-09-15 ratio=99.43 momentum=95.58; 2026-09-16 ratio=99.03 momentum=97.02; 2026-09-17 ratio=99.48 momentum=98.58; 2026-09-18 ratio=99.75 momentum=99.01; 2026-09-21 ratio=99.57 momentum=97.85,20.0
stock,Crompton Gr. Con,CROMPTON.NS,Household Appliances,Consumer Durables,14282.21,1.35,140.32,12.12,2022.47,11.2,31.46,18.98,,not_stage_2,0,225.05,255.67,-1.54,0.00961,"{'price_above_30w_ma': False, '30w_ma_rising': False, 'price_above_10w_ma': False, 'relative_strength_positive': False, 'near_52w_high': False}",improving,improving,98.64,100.85,-0.17,-0.44,False,False,2026-09-15 ratio=98.82 momentum=101.30; 2026-09-16 ratio=98.51 momentum=101.38; 2026-09-17 ratio=98.68 momentum=102.53; 2026-09-18 ratio=98.85 momentum=104.74; 2026-09-21 ratio=98.64 momentum=100.85,4.25
stock,V-Guard Industri,VGUARD.NS,Household Appliances,Consumer Durables,14003.12,0.47,130.25,76.37,1810.65,23.5,36.85,18.38,,stage_2,5,324.95,317.7,0.22,0.01388,"{'price_above_30w_ma': True, '30w_ma_rising': True, 'price_above_10w_ma': True, 'relative_strength_positive': True, 'near_52w_high': True}",weakening,weakening,100.78,96.16,-0.24,-0.07,False,False,2026-09-15 ratio=101.01 momentum=96.24; 2026-09-16 ratio=101.20 momentum=97.15; 2026-09-17 ratio=101.29 momentum=96.92; 2026-09-18 ratio=100.89 momentum=94.70; 2026-09-21 ratio=100.78 momentum=96.16,129.34
stock,Whirlpool India,WHIRLPOOL.NS,Household Appliances,Consumer Durables,9140.51,0.69,102.88,-29.4,2726.75,12.1,33.53,10.67,,not_stage_2,0,723.65,821.39,-2.32,0.03091,"{'price_above_30w_ma': False, '30w_ma_rising': False, 'price_above_10w_ma': False, 'relative_strength_positive': False, 'near_52w_high': False}",lagging,lagging,98.17,97.6,-1.57,-0.94,False,False,2026-09-15 ratio=99.74 momentum=98.54; 2026-09-16 ratio=98.56 momentum=97.91; 2026-09-17 ratio=98.33 momentum=97.94; 2026-09-18 ratio=97.88 momentum=97.72; 2026-09-21 ratio=98.17 momentum=97.60,0.0
stock,Eureka Forbes,EUREKAFORB.NS,Household Appliances,Consumer Durables,7300.54,0.0,55.44,6.98,700.77,15.31,36.51,5.86,,not_stage_2,0,378.45,452.02,-3.16,0.01616,"{'price_above_30w_ma': False, '30w_ma_rising': False, 'price_above_10w_ma': False, 'relative_strength_positive': False, 'near_52w_high': False}",lagging,lagging,97.79,94.38,-0.7,-4.38,False,False,2026-09-15 ratio=98.49 momentum=98.76; 2026-09-16 ratio=98.46 momentum=98.69; 2026-09-17 ratio=98.33 momentum=98.54; 2026-09-18 ratio=98.06 momentum=95.19; 2026-09-21 ratio=97.79 momentum=94.38,0.0
stock,TTK Prestige,TTKPRESTIG.NS,Household Appliances,Consumer Durables,7079.17,1.45,58.97,103.94,813.85,33.57,34.21,12.1,,not_stage_2,1,524.9,547.67,-0.21,0.02242,"{'price_above_30w_ma': False, '30w_ma_rising': False, 'price_above_10w_ma': False, 'relative_strength_positive': False, 'near_52w_high': True}",improving,lagging,98.39,100.07,-0.31,0.92,False,False,2026-09-15 ratio=98.70 momentum=99.15; 2026-09-16 ratio=98.72 momentum=99.59; 2026-09-17 ratio=98.80 momentum=98.88; 2026-09-18 ratio=98.50 momentum=97.40; 2026-09-21 ratio=98.39 momentum=100.07,20.35
stock,IFB Industries,IFBIND.NS,Household Appliances,Consumer Durables,4915.48,0.0,38.06,50.08,1523.52,17.1,31.45,18.22,,not_stage_2,2,1222.3,1210.76,1.17,0.0522,"{'price_above_30w_ma': True, '30w_ma_rising': True, 'price_above_10w_ma': False, 'relative_strength_positive': False, 'near_52w_high': False}",lagging,lagging,97.87,97.97,-1.67,-0.26,False,False,2026-09-15 ratio=99.54 momentum=98.24; 2026-09-16 ratio=98.47 momentum=97.81; 2026-09-17 ratio=97.74 momentum=97.49; 2026-09-18 ratio=97.89 momentum=97.56; 2026-09-21 ratio=97.87 momentum=97.97,42.34
stock,Adani Total Gas,ATGL.NS,LPG/CNG/PNG/LNG Supplier,"Oil, Gas & Consumable Fuels",68800.17,0.04,133.03,-17.97,1743.48,27.1,113.21,15.09,,not_stage_2,3,638.4,643.18,2.18,0.02727,"{'price_above_30w_ma': False, '30w_ma_rising': True, 'price_above_10w_ma': False, 'relative_strength_positive': True, 'near_52w_high': True}",leading,lagging,100.22,102.04,1.79,2.1,True,False,2026-09-15 ratio=98.43 momentum=99.94; 2026-09-16 ratio=98.61 momentum=101.70; 2026-09-17 ratio=98.64 momentum=100.68; 2026-09-18 ratio=100.96 momentum=103.34; 2026-09-21 ratio=100.22 momentum=102.04,105.66
stock,Petronet LNG,PETRONET.NS,LPG/CNG/PNG/LNG Supplier,"Oil, Gas & Consumable Fuels",42336.13,3.55,1137.14,35.07,5557.84,-53.22,10.06,22.55,,not_stage_2,4,287.5,277.44,-0.73,0.01228,"{'price_above_30w_ma': True, '30w_ma_rising': False, 'price_above_10w_ma': True, 'relative_strength_positive': True, 'near_52w_high': True}",weakening,weakening,101.31,99.83,-0.28,8.69,False,False,2026-09-15 ratio=101.59 momentum=91.14; 2026-09-16 ratio=101.17 momentum=96.89; 2026-09-17 ratio=101.20 momentum=98.42; 2026-09-18 ratio=102.06 momentum=101.50; 2026-09-21 ratio=101.31 momentum=99.83,86.55
stock,Gujarat Energy,GUJENERGY.NS,LPG/CNG/PNG/LNG Supplier,"Oil, Gas & Consumable Fuels",21614.12,3.86,1007.4,69.8,9544.98,63.12,11.05,11.73,,not_stage_2,0,238.52,324.16,-6.48,0.01019,"{'price_above_30w_ma': False, '30w_ma_rising': False, 'price_above_10w_ma': False, 'relative_strength_positive': False, 'near_52w_high': False}",lagging,lagging,98.07,97.46,-0.57,-2.14,False,False,2026-09-15 ratio=98.64 momentum=99.60; 2026-09-16 ratio=98.66 momentum=99.20; 2026-09-17 ratio=98.21 momentum=97.83; 2026-09-18 ratio=98.67 momentum=98.42; 2026-09-21 ratio=98.07 momentum=97.46,0.0
stock,Indraprastha Gas,IGL.NS,LPG/CNG/PNG/LNG Supplier,"Oil, Gas & Consumable Fuels",20549.02,2.22,237.92,-43.97,4586.73,17.19,15.1,17.52,,not_stage_2,1,148.85,156.51,-1.55,0.00636,"{'price_above_30w_ma': False, '30w_ma_rising': False, 'price_above_10w_ma': False, 'relative_strength_positive': True, 'near_52w_high': False}",weakening,leading,100.51,97.76,-1.16,-4.08,False,False,2026-09-15 ratio=101.67 momentum=101.84; 2026-09-16 ratio=100.95 momentum=101.43; 2026-09-17 ratio=100.77 momentum=101.84; 2026-09-18 ratio=100.56 momentum=101.34; 2026-09-21 ratio=100.51 momentum=97.76,22.55
stock,Mahanagar Gas,MGL.NS,LPG/CNG/PNG/LNG Supplier,"Oil, Gas & Consumable Fuels",10528.88,2.81,193.7,-39.39,2371.71,13.95,14.6,17.14,,not_stage_2,2,1077.8,1092.28,-0.83,0.04603,"{'price_above_30w_ma': False, '30w_ma_rising': False, 'price_above_10w_ma': False, 'relative_strength_positive': True, 'near_52w_high': True}",leading,leading,100.35,100.99,-0.44,-1.12,False,False,2026-09-15 ratio=100.79 momentum=102.12; 2026-09-16 ratio=101.02 momentum=102.25; 2026-09-17 ratio=100.31 momentum=102.24; 2026-09-18 ratio=100.77 momentum=104.45; 2026-09-21 ratio=100.35 momentum=100.99,66.7
stock,Confidence Petro,CONFIPET.NS,LPG/CNG/PNG/LNG Supplier,"Oil, Gas & Consumable Fuels",2877.35,0.12,62.55,207.04,2408.53,116.6,21.37,9.23,,stage_2,5,88.96,66.2,12.81,0.0038,"{'price_above_30w_ma': True, '30w_ma_rising': True, 'price_above_10w_ma': True, 'relative_strength_positive': True, 'near_52w_high': True}",leading,leading,101.89,100.2,-0.21,-0.47,False,False,2026-09-15 ratio=102.11 momentum=100.67; 2026-09-16 ratio=102.02 momentum=101.20; 2026-09-17 ratio=101.91 momentum=99.71; 2026-09-18 ratio=102.56 momentum=100.32; 2026-09-21 ratio=101.89 momentum=100.20,181.07
stock,IRM Energy,IRMENERGY.NS,LPG/CNG/PNG/LNG Supplier,"Oil, Gas & Consumable Fuels",1102.45,0.56,33.81,142.89,325.85,24.13,15.08,8.63,,not_stage_2,3,271.75,260.99,1.73,0.01161,"{'price_above_30w_ma': True, '30w_ma_rising': True, 'price_above_10w_ma': False, 'relative_strength_positive': True, 'near_52w_high': False}",weakening,weakening,100.25,98.79,0.06,1.71,False,False,2026-09-15 ratio=100.20 momentum=97.08; 2026-09-16 ratio=99.91 momentum=98.11; 2026-09-17 ratio=100.22 momentum=98.21; 2026-09-18 ratio=100.22 momentum=98.15; 2026-09-21 ratio=100.25 momentum=98.79,64.71
stock,Life Insurance,LICI.NS,Life Insurance,Financial Services,511755.57,2.47,13584.25,23.98,239865.7,6.76,8.52,35.14,,not_stage_2,1,400.0,409.11,-0.94,0.01708,"{'price_above_30w_ma': False, '30w_ma_rising': False, 'price_above_10w_ma': False, 'relative_strength_positive': False, 'near_52w_high': True}",lagging,lagging,99.7,98.95,0.34,0.83,False,False,2026-09-15 ratio=99.36 momentum=98.11; 2026-09-16 ratio=99.55 momentum=100.10; 2026-09-17 ratio=99.83 momentum=101.67; 2026-09-18 ratio=100.32 momentum=100.91; 2026-09-21 ratio=99.70 momentum=98.95,20.0
stock,SBI Life Insuran,SBILIFE.NS,Life Insurance,Financial Services,175130.97,0.15,724.93,21.97,46336.78,18.82,67.33,14.95,,not_stage_2,2,1756.0,1822.69,-2.15,0.075,"{'price_above_30w_ma': False, '30w_ma_rising': False, 'price_above_10w_ma': False, 'relative_strength_positive': True, 'near_52w_high': True}",leading,improving,100.15,100.72,1.74,0.59,True,False,2026-09-15 ratio=98.41 momentum=100.13; 2026-09-16 ratio=99.21 momentum=101.86; 2026-09-17 ratio=100.57 momentum=103.33; 2026-09-18 ratio=99.72 momentum=102.02; 2026-09-21 ratio=100.15 momentum=100.72,74.35
stock,HDFC Life Insur.,HDFCLIFE.NS,Life Insurance,Financial Services,121795.99,0.38,611.19,11.46,33758.51,14.58,61.66,10.3,,not_stage_2,2,559.4,580.26,-3.64,0.02389,"{'price_above_30w_ma': False, '30w_ma_rising': False, 'price_above_10w_ma': True, 'relative_strength_positive': True, 'near_52w_high': False}",leading,lagging,102.16,101.66,2.82,1.92,True,False,2026-09-15 ratio=99.34 momentum=99.74; 2026-09-16 ratio=100.37 momentum=102.06; 2026-09-17 ratio=102.40 momentum=103.36; 2026-09-18 ratio=101.70 momentum=102.26; 2026-09-21 ratio=102.16 momentum=101.66,89.1
stock,ICICI Pru Life,ICICIPRULI.NS,Life Insurance,Financial Services,70338.23,0.34,623.91,61.94,3185.46,-79.69,43.75,10.14,,not_stage_2,1,493.0,516.04,-4.03,0.02106,"{'price_above_30w_ma': False, '30w_ma_rising': False, 'price_above_10w_ma': False, 'relative_strength_positive': True, 'near_52w_high': False}",leading,lagging,100.59,100.73,2.67,4.75,True,False,2026-09-15 ratio=97.92 momentum=95.98; 2026-09-16 ratio=98.86 momentum=99.31; 2026-09-17 ratio=100.66 momentum=100.44; 2026-09-18 ratio=100.62 momentum=100.72; 2026-09-21 ratio=100.59 momentum=100.73,56.6
stock,Max Financial,MFSL.NS,Life Insurance,Financial Services,53651.42,0.0,118.29,36.38,14969.51,16.75,494.46,2.87,,not_stage_2,3,1569.0,1591.44,-2.13,0.06701,"{'price_above_30w_ma': False, '30w_ma_rising': False, 'price_above_10w_ma': True, 'relative_strength_positive': True, 'near_52w_high': True}",leading,lagging,101.83,101.41,3.1,5.1,True,False,2026-09-15 ratio=98.72 momentum=96.31; 2026-09-16 ratio=100.15 momentum=101.08; 2026-09-17 ratio=101.71 momentum=103.20; 2026-09-18 ratio=101.67 momentum=101.73; 2026-09-21 ratio=101.83 momentum=101.41,106.2
stock,Canara HSBC,CANHLIFE.NS,Life Insurance,Financial Services,14570.14,0.26,28.14,20.15,4350.86,19.81,110.94,8.35,,stage_2,5,152.97,145.24,0.61,0.00653,"{'price_above_30w_ma': True, '30w_ma_rising': True, 'price_above_10w_ma': True, 'relative_strength_positive': True, 'near_52w_high': True}",weakening,weakening,101.25,97.48,-0.45,-2.18,False,False,2026-09-15 ratio=101.70 momentum=99.66; 2026-09-16 ratio=101.95 momentum=101.81; 2026-09-17 ratio=102.07 momentum=102.48; 2026-09-18 ratio=101.53 momentum=99.95; 2026-09-21 ratio=101.25 momentum=97.48,132.47
stock,Container Corpn.,CONCOR.NS,Logistics Solution Provider,Services,35454.72,1.84,268.9,0.08,2159.76,0.28,28.55,12.64,,not_stage_2,1,487.05,487.54,-0.05,0.0208,"{'price_above_30w_ma': False, '30w_ma_rising': False, 'price_above_10w_ma': False, 'relative_strength_positive': False, 'near_52w_high': True}",lagging,weakening,99.59,97.66,-0.48,0.37,False,False,2026-09-15 ratio=100.07 momentum=97.29; 2026-09-16 ratio=100.21 momentum=97.68; 2026-09-17 ratio=100.05 momentum=97.73; 2026-09-18 ratio=101.00 momentum=100.51; 2026-09-21 ratio=99.59 momentum=97.66,20.0
stock,Delhivery,DELHIVERY.NS,Logistics Solution Provider,Services,32261.03,0.0,31.91,-64.95,2930.73,27.76,270.46,1.01,,not_stage_2,2,435.0,456.61,0.28,0.01858,"{'price_above_30w_ma': False, '30w_ma_rising': True, 'price_above_10w_ma': False, 'relative_strength_positive': False, 'near_52w_high': True}",lagging,lagging,99.04,99.05,0.58,1.04,False,False,2026-09-15 ratio=98.46 momentum=98.01; 2026-09-16 ratio=98.48 momentum=97.84; 2026-09-17 ratio=98.68 momentum=98.72; 2026-09-18 ratio=98.72 momentum=97.59; 2026-09-21 ratio=99.04 momentum=99.05,40.56
stock,Shadowfax Technologies,SHADOWFAX.NS,Logistics Solution Provider,Services,16608.82,0.0,66.2,624.29,1323.85,66.33,96.43,10.3,,stage_2,5,272.75,198.03,10.42,0.01165,"{'price_above_30w_ma': True, '30w_ma_rising': True, 'price_above_10w_ma': True, 'relative_strength_positive': True, 'near_52w_high': True}",leading,weakening,102.06,101.39,1.35,4.95,True,False,2026-09-15 ratio=100.71 momentum=96.44; 2026-09-16 ratio=100.77 momentum=97.40; 2026-09-17 ratio=101.14 momentum=99.29; 2026-09-18 ratio=101.05 momentum=97.41; 2026-09-21 ratio=102.06 momentum=101.39,193.09
stock,Blue Dart Expres,BLUEDART.NS,Logistics Solution Provider,Services,11365.46,0.52,88.49,81.22,1657.72,14.97,35.06,15.77,,not_stage_2,0,4806.2,5037.09,-2.29,0.20527,"{'price_above_30w_ma': False, '30w_ma_rising': False, 'price_above_10w_ma': False, 'relative_strength_positive': False, 'near_52w_high': False}",lagging,leading,99.25,97.67,-1.14,-4.75,False,False,2026-09-15 ratio=100.40 momentum=102.42; 2026-09-16 ratio=100.23 momentum=97.09; 2026-09-17 ratio=99.67 momentum=97.52; 2026-09-18 ratio=99.58 momentum=97.04; 2026-09-21 ratio=99.25 momentum=97.67,0.0
stock,Transport Corp.,TCI.NS,Logistics Solution Provider,Services,6253.7,1.23,106.6,-0.75,1248.5,9.58,13.7,19.45,,not_stage_2,0,807.25,927.27,-2.78,0.03448,"{'price_above_30w_ma': False, '30w_ma_rising': False, 'price_above_10w_ma': False, 'relative_strength_positive': False, 'near_52w_high': False}",lagging,improving,97.08,98.4,-1.62,-5.26,False,False,2026-09-15 ratio=98.70 momentum=103.66; 2026-09-16 ratio=97.72 momentum=98.90; 2026-09-17 ratio=97.75 momentum=99.80; 2026-09-18 ratio=97.91 momentum=99.54; 2026-09-21 ratio=97.08 momentum=98.40,0.0
stock,TVS Supply,TVSSCS.NS,Logistics Solution Provider,Services,5851.05,0.0,22.48,-84.26,3335.22,28.66,82.56,10.06,,stage_2,5,132.85,123.24,1.61,0.00567,"{'price_above_30w_ma': True, '30w_ma_rising': True, 'price_above_10w_ma': True, 'relative_strength_positive': True, 'near_52w_high': True}",leading,leading,101.08,101.98,0.89,-0.16,False,False,2026-09-15 ratio=100.19 momentum=102.14; 2026-09-16 ratio=99.94 momentum=102.73; 2026-09-17 ratio=100.63 momentum=104.97; 2026-09-18 ratio=101.31 momentum=102.90; 2026-09-21 ratio=101.08 momentum=101.98,163.52
stock,VRL Logistics,VRLLOG.NS,Logistics Solution Provider,Services,5103.78,1.71,80.53,60.93,878.84,18.07,19.09,18.27,,stage_2,5,292.25,258.38,0.46,0.01248,"{'price_above_30w_ma': True, '30w_ma_rising': True, 'price_above_10w_ma': True, 'relative_strength_positive': True, 'near_52w_high': True}",weakening,weakening,100.92,96.24,0.06,0.03,False,False,2026-09-15 ratio=100.87 momentum=96.21; 2026-09-16 ratio=100.88 momentum=96.99; 2026-09-17 ratio=100.89 momentum=96.47; 2026-09-18 ratio=101.05 momentum=97.59; 2026-09-21 ratio=100.92 momentum=96.24,130.52
stock,Mahindra Logis.,MAHLOG.NS,Logistics Solution Provider,Services,3973.58,0.62,27.83,335.09,2002.88,23.29,100.84,7.36,,stage_2,4,399.3,383.61,0.01,0.01705,"{'price_above_30w_ma': True, '30w_ma_rising': True, 'price_above_10w_ma': False, 'relative_strength_positive': True, 'near_52w_high': True}",weakening,leading,101.06,99.85,0.69,-1.07,False,False,2026-09-15 ratio=100.37 momentum=100.92; 2026-09-16 ratio=100.11 momentum=101.38; 2026-09-17 ratio=100.29 momentum=100.56; 2026-09-18 ratio=100.48 momentum=99.53; 2026-09-21 ratio=101.06 momentum=99.85,110.32
stock,Gateway Distri,GATEWAY.NS,Logistics Solution Provider,Services,2610.15,3.83,51.26,-20.79,549.3,-0.21,10.65,10.83,,not_stage_2,1,52.51,56.26,-1.44,0.00224,"{'price_above_30w_ma': False, '30w_ma_rising': False, 'price_above_10w_ma': False, 'relative_strength_positive': False, 'near_52w_high': True}",lagging,improving,99.16,97.78,-0.2,-4.14,False,False,2026-09-15 ratio=99.36 momentum=101.92; 2026-09-16 ratio=99.21 momentum=103.60; 2026-09-17 ratio=99.39 momentum=108.58; 2026-09-18 ratio=99.39 momentum=101.09; 2026-09-21 ratio=99.16 momentum=97.78,20.0
stock,Skyways Air Ser.,SKYWAYS.NS,Logistics Solution Provider,Services,1892.31,0.5,26.79,190.12,1216.53,90.38,35.44,13.22,,insufficient_data,0,,,,,{},insufficient_data,insufficient_data,,,,,False,False,,0.0
stock,Castrol India,CASTROLIND.NS,Lubricants,"Oil, Gas & Consumable Fuels",19358.23,4.47,347.7,42.5,1871.47,25.03,17.95,60.27,,stage_2,5,193.5,185.17,0.43,0.00826,"{'price_above_30w_ma': True, '30w_ma_rising': True, 'price_above_10w_ma': True, 'relative_strength_positive': True, 'near_52w_high': True}",weakening,leading,102.38,98.42,-0.35,-5.32,False,False,2026-09-15 ratio=102.73 momentum=103.74; 2026-09-16 ratio=102.57 momentum=103.37; 2026-09-17 ratio=102.91 momentum=104.03; 2026-09-18 ratio=103.53 momentum=105.96; 2026-09-21 ratio=102.38 momentum=98.42,137.76
stock,Gulf Oil Lubric.,GULFOILLUB.NS,Lubricants,"Oil, Gas & Consumable Fuels",5214.44,4.85,127.52,31.93,1320.36,32.52,13.12,27.23,,not_stage_2,2,1058.4,1013.92,-0.55,0.0452,"{'price_above_30w_ma': True, '30w_ma_rising': False, 'price_above_10w_ma': False, 'relative_strength_positive': False, 'near_52w_high': True}",improving,weakening,99.8,100.38,-0.3,1.61,False,False,2026-09-15 ratio=100.10 momentum=98.77; 2026-09-16 ratio=100.01 momentum=97.76; 2026-09-17 ratio=100.07 momentum=97.55; 2026-09-18 ratio=100.10 momentum=98.01; 2026-09-21 ratio=99.80 momentum=100.38,41.9
stock,Savita Oil Tech,SOTL.NS,Lubricants,"Oil, Gas & Consumable Fuels",4972.35,0.69,292.25,395.59,1479.77,49.6,11.64,13.96,,stage_2,5,724.7,524.45,10.07,0.03095,"{'price_above_30w_ma': True, '30w_ma_rising': True, 'price_above_10w_ma': True, 'relative_strength_positive': True, 'near_52w_high': True}",weakening,weakening,101.29,98.56,0.35,-1.25,False,False,2026-09-15 ratio=100.94 momentum=99.81; 2026-09-16 ratio=100.96 momentum=96.46; 2026-09-17 ratio=100.85 momentum=96.35; 2026-09-18 ratio=101.08 momentum=97.79; 2026-09-21 ratio=101.29 momentum=98.56,151.59
stock,Panama Petrochem,PANAMAPET.NS,Lubricants,"Oil, Gas & Consumable Fuels",2912.17,0.62,308.91,624.8,1735.15,150.3,6.08,19.15,,stage_2,4,475.15,379.65,7.3,0.02029,"{'price_above_30w_ma': True, '30w_ma_rising': True, 'price_above_10w_ma': False, 'relative_strength_positive': True, 'near_52w_high': True}",weakening,weakening,100.56,98.67,0.54,-0.2,False,False,2026-09-15 ratio=100.02 momentum=98.87; 2026-09-16 ratio=99.95 momentum=97.91; 2026-09-17 ratio=100.16 momentum=98.17; 2026-09-18 ratio=100.46 momentum=99.08; 2026-09-21 ratio=100.56 momentum=98.67,122.4
stock,Gandhar Oil Ref.,GANDHAR.NS,Lubricants,"Oil, Gas & Consumable Fuels",2638.88,0.74,205.89,633.09,1731.93,91.81,8.76,13.33,,stage_2,5,267.65,189.57,9.7,0.01143,"{'price_above_30w_ma': True, '30w_ma_rising': True, 'price_above_10w_ma': True, 'relative_strength_positive': True, 'near_52w_high': True}",weakening,leading,101.2,98.9,0.01,-1.16,False,False,2026-09-15 ratio=101.19 momentum=100.06; 2026-09-16 ratio=101.05 momentum=98.44; 2026-09-17 ratio=101.44 momentum=100.03; 2026-09-18 ratio=101.65 momentum=101.18; 2026-09-21 ratio=101.20 momentum=98.90,150.4
stock,Veedol Corporat,VEEDOL.NS,Lubricants,"Oil, Gas & Consumable Fuels",2384.72,4.23,77.92,56.88,608.57,18.49,10.85,24.09,,not_stage_2,0,1357.0,1420.25,-0.22,0.05796,"{'price_above_30w_ma': False, '30w_ma_rising': False, 'price_above_10w_ma': False, 'relative_strength_positive': False, 'near_52w_high': False}",lagging,lagging,98.74,96.72,-0.97,-0.75,False,False,2026-09-15 ratio=99.71 momentum=97.48; 2026-09-16 ratio=99.40 momentum=96.54; 2026-09-17 ratio=99.57 momentum=97.54; 2026-09-18 ratio=99.29 momentum=97.70; 2026-09-21 ratio=98.74 momentum=96.72,0.0
stock,GP Petroleums,GULFPETRO.NS,Lubricants,"Oil, Gas & Consumable Fuels",325.71,0.79,21.19,229.04,230.33,45.6,7.48,10.84,,stage_2,5,61.66,42.97,10.36,0.00263,"{'price_above_30w_ma': True, '30w_ma_rising': True, 'price_above_10w_ma': True, 'relative_strength_positive': True, 'near_52w_high': True}",weakening,weakening,100.59,97.36,-0.14,1.16,False,False,2026-09-15 ratio=100.73 momentum=96.20; 2026-09-16 ratio=100.68 momentum=96.63; 2026-09-17 ratio=100.69 momentum=96.75; 2026-09-18 ratio=100.66 momentum=97.02; 2026-09-21 ratio=100.59 momentum=97.36,148.67
stock,Arabian Petrol.,ARABIAN.NS,Lubricants,"Oil, Gas & Consumable Fuels",95.85,0.0,5.21,3.37,200.25,36.98,8.51,18.41,,stage_2,5,91.85,73.94,2.62,0.00392,"{'price_above_30w_ma': True, '30w_ma_rising': True, 'price_above_10w_ma': True, 'relative_strength_positive': True, 'near_52w_high': True}",leading,weakening,101.74,101.16,1.39,4.11,True,False,2026-09-15 ratio=100.36 momentum=97.05; 2026-09-16 ratio=100.77 momentum=98.03; 2026-09-17 ratio=100.72 momentum=98.37; 2026-09-18 ratio=101.08 momentum=99.39; 2026-09-21 ratio=101.74 momentum=101.16,174.74
stock,Sundrex Oil,SOCL.NS,Lubricants,"Oil, Gas & Consumable Fuels",36.7,0.0,2.9,-16.18,67.25,96.29,6.9,21.24,,insufficient_data,0,,,,,{},insufficient_data,insufficient_data,,,,,False,False,,0.0
stock,Venky's (India),VENKEYS.NS,Meat Products including Poultry,Fast Moving Consumer Goods,2355.01,0.6,49.99,215.79,1118.38,29.17,13.58,11.9,,stage_2,5,1640.3,1483.91,2.22,0.07006,"{'price_above_30w_ma': True, '30w_ma_rising': True, 'price_above_10w_ma': True, 'relative_strength_positive': True, 'near_52w_high': True}",weakening,weakening,101.12,98.24,-1.23,2.97,False,False,2026-09-15 ratio=102.34 momentum=95.27; 2026-09-16 ratio=101.73 momentum=97.88; 2026-09-17 ratio=101.48 momentum=97.58; 2026-09-18 ratio=101.28 momentum=97.44; 2026-09-21 ratio=101.12 momentum=98.24,135.04
stock,HMA Agro Inds.,HMAAGRO.NS,Meat Products including Poultry,Fast Moving Consumer Goods,1189.81,1.26,50.51,6158.02,2110.32,87.98,5.54,15.99,,not_stage_2,4,23.95,22.97,-2.85,0.00102,"{'price_above_30w_ma': True, '30w_ma_rising': False, 'price_above_10w_ma': True, 'relative_strength_positive': True, 'near_52w_high': True}",leading,leading,102.72,101.66,-1.0,-1.54,False,False,2026-09-15 ratio=103.72 momentum=103.21; 2026-09-16 ratio=102.80 momentum=102.14; 2026-09-17 ratio=102.55 momentum=101.74; 2026-09-18 ratio=102.90 momentum=101.72; 2026-09-21 ratio=102.72 momentum=101.66,121.9
stock,SKM Egg Prod.,SKMEGGPROD.NS,Meat Products including Poultry,Fast Moving Consumer Goods,1163.58,0.56,23.82,46.5,184.26,4.87,10.45,30.7,,not_stage_2,2,229.05,223.75,3.66,0.00978,"{'price_above_30w_ma': True, '30w_ma_rising': True, 'price_above_10w_ma': False, 'relative_strength_positive': False, 'near_52w_high': False}",lagging,lagging,99.03,97.82,-0.02,1.73,False,False,2026-09-15 ratio=99.04 momentum=96.08; 2026-09-16 ratio=98.99 momentum=97.29; 2026-09-17 ratio=99.08 momentum=97.66; 2026-09-18 ratio=99.03 momentum=96.93; 2026-09-21 ratio=99.03 momentum=97.82,47.32
stock,Prime Focus,PFOCUS.NS,Media & Entertainment,"Media, Entertainment & Publication",27860.97,0.0,-45.78,-90.56,1266.81,23.81,156.07,11.28,,stage_2,5,352.65,284.4,3.35,0.01506,"{'price_above_30w_ma': True, '30w_ma_rising': True, 'price_above_10w_ma': True, 'relative_strength_positive': True, 'near_52w_high': True}",leading,leading,102.99,103.21,0.79,0.56,False,False,2026-09-15 ratio=102.21 momentum=102.65; 2026-09-16 ratio=102.17 momentum=102.86; 2026-09-17 ratio=102.76 momentum=104.86; 2026-09-18 ratio=102.95 momentum=104.60; 2026-09-21 ratio=102.99 momentum=103.21,182.7
stock,Saregama India,SAREGAMA.NS,Media & Entertainment,"Media, Entertainment & Publication",9718.01,0.89,51.88,40.64,263.6,27.48,42.58,17.29,,not_stage_2,3,488.2,433.88,5.16,0.02085,"{'price_above_30w_ma': True, '30w_ma_rising': True, 'price_above_10w_ma': False, 'relative_strength_positive': False, 'near_52w_high': True}",lagging,leading,99.66,99.77,-0.47,-2.24,False,False,2026-09-15 ratio=100.12 momentum=102.01; 2026-09-16 ratio=100.01 momentum=100.58; 2026-09-17 ratio=100.05 momentum=102.67; 2026-09-18 ratio=100.65 momentum=102.02; 2026-09-21 ratio=99.66 momentum=99.77,70.32
stock,Tips Music,TIPSMUSIC.NS,Media & Entertainment,"Media, Entertainment & Publication",8461.81,1.96,43.7,-4.67,106.51,20.94,39.43,118.47,,stage_2,4,660.0,630.77,2.16,0.02819,"{'price_above_30w_ma': True, '30w_ma_rising': True, 'price_above_10w_ma': False, 'relative_strength_positive': True, 'near_52w_high': True}",leading,leading,100.62,102.35,-0.25,-0.45,False,False,2026-09-15 ratio=100.86 momentum=102.80; 2026-09-16 ratio=100.53 momentum=102.26; 2026-09-17 ratio=100.55 momentum=103.46; 2026-09-18 ratio=100.56 momentum=101.73; 2026-09-21 ratio=100.62 momentum=102.35,144.17
stock,Netwrk.18 Media,NETWORK18.NS,Media & Entertainment,"Media, Entertainment & Publication",4151.07,0.0,-38.36,-2074.55,516.26,10.34,,3.01,,not_stage_2,0,26.79,31.04,-3.67,0.00114,"{'price_above_30w_ma': False, '30w_ma_rising': False, 'price_above_10w_ma': False, 'relative_strength_positive': False, 'near_52w_high': False}",lagging,improving,98.87,98.41,0.59,-1.69,False,False,2026-09-15 ratio=98.28 momentum=100.10; 2026-09-16 ratio=98.38 momentum=98.48; 2026-09-17 ratio=98.67 momentum=101.00; 2026-09-18 ratio=99.09 momentum=101.49; 2026-09-21 ratio=98.87 momentum=98.41,0.0
stock,Balaji Telefilms,BALAJITELE.NS,Media & Entertainment,"Media, Entertainment & Publication",1139.67,0.0,22.39,489.25,240.29,229.93,,-9.54,,not_stage_2,3,93.55,92.4,-0.57,0.004,"{'price_above_30w_ma': True, '30w_ma_rising': False, 'price_above_10w_ma': True, 'relative_strength_positive': True, 'near_52w_high': False}",leading,leading,101.2,100.02,-0.97,-3.25,False,False,2026-09-15 ratio=102.17 momentum=103.27; 2026-09-16 ratio=101.23 momentum=100.83; 2026-09-17 ratio=101.96 momentum=102.87; 2026-09-18 ratio=101.66 momentum=102.16; 2026-09-21 ratio=101.20 momentum=100.02,86.1
stock,Ent.Network,ENIL.NS,Media & Entertainment,"Media, Entertainment & Publication",471.6,2.01,-6.01,-11.5,113.69,-2.79,352.94,-0.75,,not_stage_2,0,100.03,107.63,-0.81,0.00427,"{'price_above_30w_ma': False, '30w_ma_rising': False, 'price_above_10w_ma': False, 'relative_strength_positive': False, 'near_52w_high': False}",lagging,leading,99.65,99.86,-0.53,-2.23,False,False,2026-09-15 ratio=100.18 momentum=102.10; 2026-09-16 ratio=100.05 momentum=102.47; 2026-09-17 ratio=100.18 momentum=103.02; 2026-09-18 ratio=100.47 momentum=105.23; 2026-09-21 ratio=99.65 momentum=99.86,0.0
stock,Basilic Fly Stud,BASILIC.NS,Media & Entertainment,"Media, Entertainment & Publication",435.31,0.0,6.7,-9.37,103.5,9.87,9.04,22.32,,not_stage_2,0,174.8,206.4,-4.01,0.00747,"{'price_above_30w_ma': False, '30w_ma_rising': False, 'price_above_10w_ma': False, 'relative_strength_positive': False, 'near_52w_high': False}",lagging,weakening,98.02,98.54,-2.14,-1.09,False,False,2026-09-15 ratio=100.16 momentum=99.64; 2026-09-16 ratio=98.72 momentum=98.04; 2026-09-17 ratio=98.76 momentum=98.62; 2026-09-18 ratio=98.52 momentum=97.95; 2026-09-21 ratio=98.02 momentum=98.54,0.0
stock,Shemaroo Entert.,SHEMAROO.NS,Media & Entertainment,"Media, Entertainment & Publication",349.68,0.0,-8.07,82.43,131.68,-5.62,,-39.34,,not_stage_2,3,118.95,112.24,2.4,0.00508,"{'price_above_30w_ma': True, '30w_ma_rising': True, 'price_above_10w_ma': False, 'relative_strength_positive': False, 'near_52w_high': True}",lagging,lagging,99.74,98.42,0.62,0.53,False,False,2026-09-15 ratio=99.12 momentum=97.88; 2026-09-16 ratio=99.25 momentum=97.96; 2026-09-17 ratio=99.13 momentum=97.51; 2026-09-18 ratio=99.26 momentum=98.04; 2026-09-21 ratio=99.74 momentum=98.42,64.8
stock,Gretex Industrie,GRETEX.NS,Media & Entertainment,"Media, Entertainment & Publication",348.89,0.0,0.1,-92.09,27.6,43.97,249.21,3.01,,not_stage_2,0,225.0,272.33,-0.51,0.00961,"{'price_above_30w_ma': False, '30w_ma_rising': False, 'price_above_10w_ma': False, 'relative_strength_positive': False, 'near_52w_high': False}",improving,lagging,98.32,102.78,0.29,3.92,False,True,2026-09-15 ratio=98.02 momentum=98.87; 2026-09-16 ratio=98.10 momentum=100.85; 2026-09-17 ratio=98.18 momentum=100.62; 2026-09-18 ratio=98.25 momentum=101.91; 2026-09-21 ratio=98.32 momentum=102.78,13.9
stock,Optimystix Entertainment,OPTIMYSTIX.NS,Media & Entertainment,"Media, Entertainment & Publication",320.18,0.0,,,,,13.36,27.26,,insufficient_data,0,,,,,{},insufficient_data,insufficient_data,,,,,False,False,,0.0
stock,Poly Medicure,POLYMED.NS,Medical Equipment & Supplies,Healthcare,17256.71,0.21,85.28,-7.57,525.38,30.3,53.92,12.5,,stage_2,4,1706.2,1558.01,3.73,0.07287,"{'price_above_30w_ma': True, '30w_ma_rising': True, 'price_above_10w_ma': False, 'relative_strength_positive': True, 'near_52w_high': True}",leading,weakening,100.56,101.08,-0.54,1.43,False,False,2026-09-15 ratio=101.11 momentum=99.65; 2026-09-16 ratio=100.93 momentum=99.45; 2026-09-17 ratio=100.97 momentum=97.98; 2026-09-18 ratio=101.09 momentum=98.86; 2026-09-21 ratio=100.56 momentum=101.08,140.66
stock,Molbio Diagnosti,MOLBIO.NS,Medical Equipment & Supplies,Healthcare,14557.46,0.0,52.75,347.79,408.38,309.57,58.31,18.48,,insufficient_data,0,,,,,{},insufficient_data,insufficient_data,,,,,False,False,,0.0
stock,Fischer Medical,FISCHER.NS,Medical Equipment & Supplies,Healthcare,2302.17,0.15,3.79,-22.02,81.92,249.49,94.04,11.45,,not_stage_2,0,32.87,37.1,-2.24,0.0014,"{'price_above_30w_ma': False, '30w_ma_rising': False, 'price_above_10w_ma': False, 'relative_strength_positive': False, 'near_52w_high': False}",lagging,improving,97.72,97.89,-0.63,-2.31,False,False,2026-09-15 ratio=98.35 momentum=100.20; 2026-09-16 ratio=97.92 momentum=97.81; 2026-09-17 ratio=97.85 momentum=95.95; 2026-09-18 ratio=97.82 momentum=96.50; 2026-09-21 ratio=97.72 momentum=97.89,0.0
stock,Tarsons Products,TARSONS.NS,Medical Equipment & Supplies,Healthcare,1770.53,0.0,-1.44,-180.9,110.24,20.67,149.54,4.59,,stage_2,5,341.3,256.4,6.78,0.01458,"{'price_above_30w_ma': True, '30w_ma_rising': True, 'price_above_10w_ma': True, 'relative_strength_positive': True, 'near_52w_high': True}",leading,lagging,101.64,101.04,1.85,3.3,True,False,2026-09-15 ratio=99.79 momentum=97.74; 2026-09-16 ratio=99.64 momentum=96.87; 2026-09-17 ratio=99.88 momentum=96.85; 2026-09-18 ratio=99.68 momentum=97.04; 2026-09-21 ratio=101.64 momentum=101.04,181.96
stock,Q-Line Biotech,QLINE.NS,Medical Equipment & Supplies,Healthcare,1593.89,0.0,34.41,147.29,197.94,-8.59,28.22,22.46,,insufficient_data,0,,,,,{},insufficient_data,insufficient_data,,,,,False,False,,0.0
stock,Laxmi Dental,LAXMIDENTL.NS,Medical Equipment & Supplies,Healthcare,1064.15,0.0,10.32,22.77,74.7,13.87,30.6,15.05,,not_stage_2,1,194.9,205.38,0.21,0.00832,"{'price_above_30w_ma': False, '30w_ma_rising': True, 'price_above_10w_ma': False, 'relative_strength_positive': False, 'near_52w_high': False}",improving,improving,99.31,100.75,-0.43,-1.7,False,False,2026-09-15 ratio=99.74 momentum=102.45; 2026-09-16 ratio=99.46 momentum=102.77; 2026-09-17 ratio=99.73 momentum=103.42; 2026-09-18 ratio=99.66 momentum=101.93; 2026-09-21 ratio=99.31 momentum=100.75,24.17
stock,Vasa Denticity,DENTALKART.NS,Medical Equipment & Supplies,Healthcare,701.54,0.0,4.19,45.99,82.17,36.9,57.98,9.21,,not_stage_2,3,412.95,401.46,-2.93,0.01764,"{'price_above_30w_ma': True, '30w_ma_rising': False, 'price_above_10w_ma': True, 'relative_strength_positive': True, 'near_52w_high': False}",leading,weakening,101.23,100.49,1.18,1.34,True,False,2026-09-15 ratio=100.05 momentum=99.16; 2026-09-16 ratio=100.41 momentum=100.77; 2026-09-17 ratio=100.39 momentum=100.28; 2026-09-18 ratio=101.80 momentum=102.61; 2026-09-21 ratio=101.23 momentum=100.49,98.6
stock,OSEL Devices,OSELDEVICE.NS,Medical Equipment & Supplies,Healthcare,642.83,0.0,14.06,16.78,145.81,47.1,21.98,24.4,,insufficient_data,0,,,,,{},insufficient_data,insufficient_data,,,,,False,False,,0.0
stock,QMS Medical,QMSMEDI.NS,Medical Equipment & Supplies,Healthcare,372.82,0.26,3.96,24.57,56.87,22.3,34.68,12.92,,stage_2,5,186.22,107.85,11.42,0.00795,"{'price_above_30w_ma': True, '30w_ma_rising': True, 'price_above_10w_ma': True, 'relative_strength_positive': True, 'near_52w_high': True}",leading,weakening,102.3,101.18,0.29,2.49,True,False,2026-09-15 ratio=102.01 momentum=98.69; 2026-09-16 ratio=101.80 momentum=97.50; 2026-09-17 ratio=101.89 momentum=98.73; 2026-09-18 ratio=102.11 momentum=100.02; 2026-09-21 ratio=102.30 momentum=101.18,195.24
stock,Nureca,NURECA.NS,Medical Equipment & Supplies,Healthcare,320.32,0.0,3.07,279.01,40.34,18.02,73.81,3.3,,stage_2,5,338.8,280.03,2.37,0.01447,"{'price_above_30w_ma': True, '30w_ma_rising': True, 'price_above_10w_ma': True, 'relative_strength_positive': True, 'near_52w_high': True}",leading,weakening,101.19,101.78,0.41,2.88,True,False,2026-09-15 ratio=100.78 momentum=98.90; 2026-09-16 ratio=101.24 momentum=100.28; 2026-09-17 ratio=101.01 momentum=99.51; 2026-09-18 ratio=101.47 momentum=101.69; 2026-09-21 ratio=101.19 momentum=101.78,174.59
stock,CreditAcc. Gram.,CREDITACC.NS,Microfinance Institutions,Financial Services,21782.81,0.0,493.39,719.72,1783.49,21.92,17.99,9.98,,not_stage_2,3,1393.0,1366.66,1.33,0.05949,"{'price_above_30w_ma': True, '30w_ma_rising': True, 'price_above_10w_ma': False, 'relative_strength_positive': False, 'near_52w_high': True}",lagging,improving,99.05,99.71,-0.49,-5.18,False,False,2026-09-15 ratio=99.54 momentum=104.88; 2026-09-16 ratio=99.59 momentum=104.33; 2026-09-17 ratio=98.71 momentum=101.21; 2026-09-18 ratio=98.98 momentum=99.78; 2026-09-21 ratio=99.05 momentum=99.71,62.66
stock,Muthoot Microfin,MUTHOOTMF.NS,Microfinance Institutions,Financial Services,3214.97,0.0,81.34,1216.18,668.64,19.69,13.1,9.31,,not_stage_2,2,188.75,194.16,0.99,0.00806,"{'price_above_30w_ma': False, '30w_ma_rising': True, 'price_above_10w_ma': False, 'relative_strength_positive': False, 'near_52w_high': True}",lagging,lagging,98.74,97.42,0.09,-1.36,False,False,2026-09-15 ratio=98.65 momentum=98.78; 2026-09-16 ratio=98.63 momentum=100.79; 2026-09-17 ratio=98.68 momentum=98.53; 2026-09-18 ratio=98.74 momentum=97.21; 2026-09-21 ratio=98.74 momentum=97.42,41.98
stock,Fusion Finance,FUSION.NS,Microfinance Institutions,Financial Services,2974.64,0.0,62.41,167.65,458.17,3.59,17.65,5.92,,not_stage_2,2,184.67,188.6,0.23,0.00789,"{'price_above_30w_ma': False, '30w_ma_rising': True, 'price_above_10w_ma': False, 'relative_strength_positive': False, 'near_52w_high': True}",lagging,lagging,98.73,97.25,-0.31,-1.14,False,False,2026-09-15 ratio=99.04 momentum=98.40; 2026-09-16 ratio=98.59 momentum=98.60; 2026-09-17 ratio=98.75 momentum=99.29; 2026-09-18 ratio=98.79 momentum=98.25; 2026-09-21 ratio=98.73 momentum=97.25,40.46
stock,Satin Creditcare,SATIN.NS,Microfinance Institutions,Financial Services,2467.61,0.0,122.65,172.0,762.14,8.39,6.02,13.84,,not_stage_2,3,221.12,208.74,4.23,0.00944,"{'price_above_30w_ma': True, '30w_ma_rising': True, 'price_above_10w_ma': False, 'relative_strength_positive': False, 'near_52w_high': True}",improving,improving,99.6,102.53,0.32,0.86,False,True,2026-09-15 ratio=99.29 momentum=101.67; 2026-09-16 ratio=99.44 momentum=104.39; 2026-09-17 ratio=99.55 momentum=103.50; 2026-09-18 ratio=99.51 momentum=102.67; 2026-09-21 ratio=99.60 momentum=102.53,81.11
stock,Spandana Sphoort,SPANDANA.NS,Microfinance Institutions,Financial Services,2013.99,0.0,11.88,103.3,283.91,-5.51,,-5.78,,not_stage_2,0,228.63,245.18,-1.1,0.00976,"{'price_above_30w_ma': False, '30w_ma_rising': False, 'price_above_10w_ma': False, 'relative_strength_positive': False, 'near_52w_high': False}",improving,improving,99.09,100.73,0.08,-0.26,False,False,2026-09-15 ratio=99.02 momentum=100.99; 2026-09-16 ratio=98.97 momentum=101.96; 2026-09-17 ratio=99.03 momentum=102.42; 2026-09-18 ratio=99.13 momentum=103.12; 2026-09-21 ratio=99.09 momentum=100.73,3.65
stock,Bajaj Finance,BAJFINANCE.NS,Non Banking Financial Company (NBFC),Financial Services,626418.21,0.54,6080.6,27.37,23165.45,18.65,30.59,10.87,,not_stage_2,3,1021.3,973.23,0.43,0.04362,"{'price_above_30w_ma': True, '30w_ma_rising': True, 'price_above_10w_ma': False, 'relative_strength_positive': False, 'near_52w_high': True}",lagging,lagging,99.34,97.77,-0.2,0.24,False,False,2026-09-15 ratio=99.54 momentum=97.53; 2026-09-16 ratio=99.26 momentum=97.82; 2026-09-17 ratio=99.46 momentum=98.08; 2026-09-18 ratio=100.22 momentum=100.44; 2026-09-21 ratio=99.34 momentum=97.77,60.86
stock,Shriram Finance,SHRIRAMFIN.NS,Non Banking Financial Company (NBFC),Financial Services,235737.78,1.07,3452.77,59.89,13400.43,16.16,20.83,11.49,,not_stage_2,2,1011.8,1008.12,-0.38,0.04321,"{'price_above_30w_ma': True, '30w_ma_rising': False, 'price_above_10w_ma': False, 'relative_strength_positive': False, 'near_52w_high': True}",lagging,lagging,99.26,99.52,0.59,7.19,False,False,2026-09-15 ratio=98.66 momentum=92.32; 2026-09-16 ratio=98.56 momentum=96.97; 2026-09-17 ratio=98.95 momentum=98.41; 2026-09-18 ratio=99.29 momentum=99.28; 2026-09-21 ratio=99.26 momentum=99.52,40.0
stock,Cholaman.Inv.&Fn,CHOLAFIN.NS,Non Banking Financial Company (NBFC),Financial Services,148939.3,0.11,1656.22,45.56,8856.29,21.87,25.9,9.71,,not_stage_2,3,1764.0,1673.95,0.8,0.07534,"{'price_above_30w_ma': True, '30w_ma_rising': True, 'price_above_10w_ma': False, 'relative_strength_positive': False, 'near_52w_high': True}",lagging,weakening,99.56,98.31,-1.15,-1.37,False,False,2026-09-15 ratio=100.72 momentum=99.67; 2026-09-16 ratio=99.98 momentum=100.02; 2026-09-17 ratio=99.85 momentum=98.95; 2026-09-18 ratio=100.48 momentum=99.08; 2026-09-21 ratio=99.56 momentum=98.31,61.6
stock,Tata Capital,TATACAP.NS,Non Banking Financial Company (NBFC),Financial Services,144855.7,0.17,1628.18,56.32,8821.93,15.1,26.65,8.58,,not_stage_2,3,343.7,339.95,0.54,0.01468,"{'price_above_30w_ma': True, '30w_ma_rising': True, 'price_above_10w_ma': False, 'relative_strength_positive': False, 'near_52w_high': True}",lagging,weakening,99.05,96.94,-1.71,-1.84,False,False,2026-09-15 ratio=100.76 momentum=98.79; 2026-09-16 ratio=99.40 momentum=97.53; 2026-09-17 ratio=99.30 momentum=98.15; 2026-09-18 ratio=100.08 momentum=98.06; 2026-09-21 ratio=99.05 momentum=96.94,61.08
stock,Muthoot Finance,MUTHOOTFIN.NS,Non Banking Financial Company (NBFC),Financial Services,113445.27,1.06,2824.84,38.83,8671.6,34.44,9.97,15.8,,not_stage_2,0,2854.2,3158.45,-2.77,0.1219,"{'price_above_30w_ma': False, '30w_ma_rising': False, 'price_above_10w_ma': False, 'relative_strength_positive': False, 'near_52w_high': False}",improving,lagging,99.83,100.77,1.09,4.24,False,True,2026-09-15 ratio=98.75 momentum=96.53; 2026-09-16 ratio=99.15 momentum=99.72; 2026-09-17 ratio=99.11 momentum=97.95; 2026-09-18 ratio=99.76 momentum=100.16; 2026-09-21 ratio=99.83 momentum=100.77,3.85
stock,L&T Finance Ltd,LTF.NS,Non Banking Financial Company (NBFC),Financial Services,76121.92,0.9,915.99,28.72,5212.92,22.38,23.77,8.4,,stage_2,4,307.8,291.69,1.06,0.01315,"{'price_above_30w_ma': True, '30w_ma_rising': True, 'price_above_10w_ma': False, 'relative_strength_positive': True, 'near_52w_high': True}",leading,lagging,100.71,100.32,1.37,3.85,True,False,2026-09-15 ratio=99.34 momentum=96.46; 2026-09-16 ratio=98.91 momentum=98.78; 2026-09-17 ratio=100.03 momentum=99.51; 2026-09-18 ratio=101.77 momentum=101.06; 2026-09-21 ratio=100.71 momentum=100.32,142.27
stock,SBI Cards,SBICARD.NS,Non Banking Financial Company (NBFC),Financial Services,60519.59,0.39,664.44,19.51,5040.55,3.36,26.6,10.1,,not_stage_2,1,637.0,646.21,-2.39,0.02721,"{'price_above_30w_ma': False, '30w_ma_rising': False, 'price_above_10w_ma': False, 'relative_strength_positive': True, 'near_52w_high': False}",weakening,weakening,100.49,98.84,0.4,-0.4,False,False,2026-09-15 ratio=100.10 momentum=99.24; 2026-09-16 ratio=99.89 momentum=99.74; 2026-09-17 ratio=100.79 momentum=100.45; 2026-09-18 ratio=101.49 momentum=99.71; 2026-09-21 ratio=100.49 momentum=98.84,22.45
stock,HDB FINANC SER,HDBFS.NS,Non Banking Financial Company (NBFC),Financial Services,56059.83,0.59,785.2,38.31,4937.9,10.58,20.3,9.09,,not_stage_2,3,680.95,675.54,-0.62,0.02908,"{'price_above_30w_ma': True, '30w_ma_rising': False, 'price_above_10w_ma': False, 'relative_strength_positive': True, 'near_52w_high': True}",leading,improving,100.34,101.92,0.44,-0.33,False,False,2026-09-15 ratio=99.91 momentum=102.25; 2026-09-16 ratio=100.35 momentum=104.69; 2026-09-17 ratio=100.46 momentum=104.67; 2026-09-18 ratio=101.10 momentum=102.78; 2026-09-21 ratio=100.34 momentum=101.92,91.3
stock,Sundaram Finance,SUNDARMFIN.NS,Non Banking Financial Company (NBFC),Financial Services,52871.14,0.84,636.19,33.88,2644.13,12.57,23.21,9.44,,not_stage_2,4,4679.5,4619.82,-1.87,0.19986,"{'price_above_30w_ma': True, '30w_ma_rising': False, 'price_above_10w_ma': True, 'relative_strength_positive': True, 'near_52w_high': True}",weakening,leading,101.58,99.33,-0.92,-3.32,False,False,2026-09-15 ratio=102.50 momentum=102.65; 2026-09-16 ratio=102.08 momentum=102.76; 2026-09-17 ratio=101.86 momentum=102.20; 2026-09-18 ratio=102.11 momentum=103.05; 2026-09-21 ratio=101.58 momentum=99.33,87.9
stock,M & M Fin. Serv.,M&MFIN.NS,Non Banking Financial Company (NBFC),Financial Services,49004.15,2.13,927.48,75.43,5717.91,14.57,14.62,8.72,,not_stage_2,2,354.7,333.27,-0.54,0.01515,"{'price_above_30w_ma': True, '30w_ma_rising': False, 'price_above_10w_ma': False, 'relative_strength_positive': False, 'near_52w_high': True}",lagging,lagging,99.68,98.06,0.24,1.06,False,False,2026-09-15 ratio=99.44 momentum=97.00; 2026-09-16 ratio=99.46 momentum=98.27; 2026-09-17 ratio=99.42 momentum=97.96; 2026-09-18 ratio=99.69 momentum=97.92; 2026-09-21 ratio=99.68 momentum=98.06,40.0
stock,Dolphin Offshore,DOLPHIN.NS,Offshore Support Solution Drilling,"Oil, Gas & Consumable Fuels",2888.03,0.0,14.81,30.71,42.85,160.64,40.1,14.92,,stage_2,5,684.0,453.59,7.79,0.02921,"{'price_above_30w_ma': True, '30w_ma_rising': True, 'price_above_10w_ma': True, 'relative_strength_positive': True, 'near_52w_high': True}",weakening,weakening,101.41,97.98,-0.04,-1.85,False,False,2026-09-15 ratio=101.46 momentum=99.83; 2026-09-16 ratio=101.25 momentum=99.39; 2026-09-17 ratio=101.49 momentum=99.64; 2026-09-18 ratio=101.34 momentum=99.00; 2026-09-21 ratio=101.41 momentum=97.98,147.63
stock,Jindal Drilling,JINDRILL.NS,Offshore Support Solution Drilling,"Oil, Gas & Consumable Fuels",1703.01,0.17,47.14,-28.69,275.39,8.38,8.74,13.67,,not_stage_2,2,576.5,576.58,3.63,0.02462,"{'price_above_30w_ma': False, '30w_ma_rising': True, 'price_above_10w_ma': False, 'relative_strength_positive': False, 'near_52w_high': True}",lagging,weakening,99.17,97.53,-1.09,-1.58,False,False,2026-09-15 ratio=100.26 momentum=99.11; 2026-09-16 ratio=100.00 momentum=99.14; 2026-09-17 ratio=99.50 momentum=97.91; 2026-09-18 ratio=99.88 momentum=98.21; 2026-09-21 ratio=99.17 momentum=97.53,47.26
stock,Alphageo (India),ALPHAGEO.NS,Offshore Support Solution Drilling,"Oil, Gas & Consumable Fuels",188.27,1.69,14.86,1660.49,82.13,101.1,,-7.2,,stage_2,5,296.5,231.38,5.82,0.01266,"{'price_above_30w_ma': True, '30w_ma_rising': True, 'price_above_10w_ma': True, 'relative_strength_positive': True, 'near_52w_high': True}",weakening,weakening,100.63,97.46,-0.24,-1.86,False,False,2026-09-15 ratio=100.87 momentum=99.32; 2026-09-16 ratio=100.73 momentum=99.40; 2026-09-17 ratio=100.69 momentum=98.49; 2026-09-18 ratio=100.59 momentum=97.62; 2026-09-21 ratio=100.63 momentum=97.46,139.79
stock,Aakash Explor.,AAKASH.NS,Offshore Support Solution Drilling,"Oil, Gas & Consumable Fuels",90.72,0.0,0.52,-3.7,27.89,16.89,26.07,7.63,,stage_2,5,8.97,8.85,1.19,0.00038,"{'price_above_30w_ma': True, '30w_ma_rising': True, 'price_above_10w_ma': True, 'relative_strength_positive': True, 'near_52w_high': True}",leading,leading,101.37,101.29,-0.1,-0.73,False,False,2026-09-15 ratio=101.47 momentum=102.02; 2026-09-16 ratio=101.20 momentum=101.64; 2026-09-17 ratio=101.50 momentum=101.72; 2026-09-18 ratio=101.15 momentum=100.96; 2026-09-21 ratio=101.37 momentum=101.29,160.68
stock,Aban Offshore,ABAN.NS,Offshore Support Solution Drilling,"Oil, Gas & Consumable Fuels",82.52,0.0,1.8,100.73,99.12,-14.34,,,,not_stage_2,0,14.35,17.65,-4.29,0.00061,"{'price_above_30w_ma': False, '30w_ma_rising': False, 'price_above_10w_ma': False, 'relative_strength_positive': False, 'near_52w_high': False}",lagging,lagging,99.22,96.33,-0.2,-3.01,False,False,2026-09-15 ratio=99.43 momentum=99.34; 2026-09-16 ratio=99.54 momentum=102.32; 2026-09-17 ratio=99.33 momentum=97.98; 2026-09-18 ratio=99.41 momentum=99.14; 2026-09-21 ratio=99.22 momentum=96.33,0.0
stock,Deep Industries,DEEPINDS.NS,Oil Equipment & Services,"Oil, Gas & Consumable Fuels",4876.93,0.33,89.14,45.12,278.92,39.81,11.76,16.47,,stage_2,5,726.3,529.52,10.62,0.03102,"{'price_above_30w_ma': True, '30w_ma_rising': True, 'price_above_10w_ma': True, 'relative_strength_positive': True, 'near_52w_high': True}",weakening,weakening,100.96,97.18,-0.29,-2.28,False,False,2026-09-15 ratio=101.26 momentum=99.46; 2026-09-16 ratio=101.22 momentum=100.25; 2026-09-17 ratio=101.16 momentum=99.30; 2026-09-18 ratio=101.17 momentum=98.28; 2026-09-21 ratio=100.96 momentum=97.18,151.04
stock,Asian Energy,ASIANENE.NS,Oil Equipment & Services,"Oil, Gas & Consumable Fuels",2382.5,0.26,12.76,115.5,271.19,135.06,36.88,16.33,,stage_2,5,483.5,364.79,8.85,0.02065,"{'price_above_30w_ma': True, '30w_ma_rising': True, 'price_above_10w_ma': True, 'relative_strength_positive': True, 'near_52w_high': True}",weakening,weakening,100.9,97.66,-0.28,-0.69,False,False,2026-09-15 ratio=101.18 momentum=98.35; 2026-09-16 ratio=101.24 momentum=98.20; 2026-09-17 ratio=101.06 momentum=97.63; 2026-09-18 ratio=101.09 momentum=97.35; 2026-09-21 ratio=100.90 momentum=97.66,147.2
stock,Oil Country,OILCOUNTUB.NS,Oil Equipment & Services,"Oil, Gas & Consumable Fuels",355.63,0.0,-15.11,-71.51,17.44,-29.02,,-25.38,,stage_2,5,66.85,55.98,3.94,0.00286,"{'price_above_30w_ma': True, '30w_ma_rising': True, 'price_above_10w_ma': True, 'relative_strength_positive': True, 'near_52w_high': True}",weakening,weakening,102.08,99.94,0.49,1.37,False,False,2026-09-15 ratio=101.59 momentum=98.57; 2026-09-16 ratio=101.60 momentum=97.14; 2026-09-17 ratio=101.79 momentum=96.64; 2026-09-18 ratio=101.94 momentum=97.88; 2026-09-21 ratio=102.08 momentum=99.94,143.28
stock,Teja Engineering,TEJA.NS,Oil Equipment & Services,"Oil, Gas & Consumable Fuels",140.41,0.0,3.32,36.63,43.98,48.03,22.47,33.1,,insufficient_data,0,,,,,{},insufficient_data,insufficient_data,,,,,False,False,,0.0
stock,O N G C,ONGC.NS,Oil Exploration & Production,"Oil, Gas & Consumable Fuels",297348.38,5.61,6554.44,20.84,204987.35,25.68,6.8,14.15,,not_stage_2,2,235.63,258.59,-2.01,0.01006,"{'price_above_30w_ma': False, '30w_ma_rising': False, 'price_above_10w_ma': False, 'relative_strength_positive': True, 'near_52w_high': True}",leading,leading,100.47,102.2,-0.52,-2.73,False,False,2026-09-15 ratio=100.99 momentum=104.93; 2026-09-16 ratio=100.94 momentum=102.78; 2026-09-17 ratio=100.14 momentum=100.31; 2026-09-18 ratio=100.09 momentum=100.57; 2026-09-21 ratio=100.47 momentum=102.20,73.35
stock,Oil India,OIL.NS,Oil Exploration & Production,"Oil, Gas & Consumable Fuels",75859.5,2.46,4026.83,91.4,12503.32,57.7,9.08,11.51,,stage_2,5,478.35,465.37,0.14,0.02043,"{'price_above_30w_ma': True, '30w_ma_rising': True, 'price_above_10w_ma': True, 'relative_strength_positive': True, 'near_52w_high': True}",weakening,weakening,100.99,98.29,-0.72,-1.31,False,False,2026-09-15 ratio=101.71 momentum=99.60; 2026-09-16 ratio=101.64 momentum=98.47; 2026-09-17 ratio=101.14 momentum=96.02; 2026-09-18 ratio=100.97 momentum=97.58; 2026-09-21 ratio=100.99 momentum=98.29,130.23
stock,Vedanta Oil and Gas,VOGL.NS,Oil Exploration & Production,"Oil, Gas & Consumable Fuels",13686.22,0.0,945.0,2691.59,2507.0,8.48,63.67,,,insufficient_data,0,,,,,{},lagging,lagging,99.0,96.43,-0.68,0.19,False,False,2026-09-15 ratio=99.68 momentum=96.24; 2026-09-16 ratio=99.67 momentum=97.78; 2026-09-17 ratio=99.55 momentum=96.15; 2026-09-18 ratio=99.22 momentum=97.01; 2026-09-21 ratio=99.00 momentum=96.43,0.0
stock,Antelopus Selan,ANTELOPUS.NS,Oil Exploration & Production,"Oil, Gas & Consumable Fuels",3909.0,0.0,54.32,450.71,131.04,158.82,27.89,19.92,,stage_2,5,1100.8,771.2,9.74,0.04701,"{'price_above_30w_ma': True, '30w_ma_rising': True, 'price_above_10w_ma': True, 'relative_strength_positive': True, 'near_52w_high': True}",weakening,leading,101.76,98.81,-0.38,-3.47,False,False,2026-09-15 ratio=102.14 momentum=102.28; 2026-09-16 ratio=102.83 momentum=105.26; 2026-09-17 ratio=102.28 momentum=98.08; 2026-09-18 ratio=101.92 momentum=96.78; 2026-09-21 ratio=101.76 momentum=98.81,153.28
stock,Prabha Energy,PRABHA.NS,Oil Exploration & Production,"Oil, Gas & Consumable Fuels",3679.6,0.0,0.29,226.09,1.69,49.56,3345.09,-0.09,,stage_2,5,230.12,169.98,5.22,0.00983,"{'price_above_30w_ma': True, '30w_ma_rising': True, 'price_above_10w_ma': True, 'relative_strength_positive': True, 'near_52w_high': True}",weakening,weakening,101.26,97.98,-0.56,-1.82,False,False,2026-09-15 ratio=101.82 momentum=99.80; 2026-09-16 ratio=101.39 momentum=98.04; 2026-09-17 ratio=101.17 momentum=97.92; 2026-09-18 ratio=101.41 momentum=98.47; 2026-09-21 ratio=101.26 momentum=97.98,141.74
stock,Hind.Oil Explor.,HINDOILEXP.NS,Oil Exploration & Production,"Oil, Gas & Consumable Fuels",2309.78,0.0,6.24,-47.91,114.18,45.17,91.95,3.49,,stage_2,5,176.63,158.91,3.62,0.00754,"{'price_above_30w_ma': True, '30w_ma_rising': True, 'price_above_10w_ma': True, 'relative_strength_positive': True, 'near_52w_high': True}",weakening,leading,101.13,97.1,-0.39,-3.39,False,False,2026-09-15 ratio=101.52 momentum=100.49; 2026-09-16 ratio=101.74 momentum=99.02; 2026-09-17 ratio=101.66 momentum=99.54; 2026-09-18 ratio=101.49 momentum=96.66; 2026-09-21 ratio=101.13 momentum=97.10,137.89
stock,Guj.Nat.Resour.,GNRL.NS,Oil Exploration & Production,"Oil, Gas & Consumable Fuels",1508.85,0.0,11.35,488.08,5.72,70.75,78.14,7.25,,insufficient_data,0,,,,,{},insufficient_data,insufficient_data,,,,,False,False,,0.0
stock,L T Foods,LTFOODS.NS,Other Agricultural Products,Fast Moving Consumer Goods,14623.02,0.71,183.45,8.87,3151.83,27.92,22.84,17.6,,stage_2,5,430.8,404.97,0.7,0.0184,"{'price_above_30w_ma': True, '30w_ma_rising': True, 'price_above_10w_ma': True, 'relative_strength_positive': True, 'near_52w_high': True}",weakening,weakening,100.9,98.53,0.03,1.93,False,False,2026-09-15 ratio=100.87 momentum=96.60; 2026-09-16 ratio=100.65 momentum=98.02; 2026-09-17 ratio=100.74 momentum=97.92; 2026-09-18 ratio=100.70 momentum=98.11; 2026-09-21 ratio=100.90 momentum=98.53,130.9
stock,KRBL,KRBL.NS,Other Agricultural Products,Fast Moving Consumer Goods,8910.82,1.15,260.74,73.16,1495.86,-5.59,11.75,15.16,,stage_2,4,393.15,362.17,1.85,0.01679,"{'price_above_30w_ma': True, '30w_ma_rising': True, 'price_above_10w_ma': False, 'relative_strength_positive': True, 'near_52w_high': True}",weakening,weakening,100.45,98.01,-0.37,1.12,False,False,2026-09-15 ratio=100.82 momentum=96.90; 2026-09-16 ratio=100.67 momentum=97.31; 2026-09-17 ratio=100.63 momentum=97.55; 2026-09-18 ratio=100.48 momentum=97.57; 2026-09-21 ratio=100.45 momentum=98.01,110.95
stock,Guj. Ambuja Exp,GAEL.NS,Other Agricultural Products,Fast Moving Consumer Goods,7207.03,0.19,176.77,171.87,1594.22,23.47,17.2,12.46,,not_stage_2,3,161.25,156.18,2.06,0.00689,"{'price_above_30w_ma': True, '30w_ma_rising': True, 'price_above_10w_ma': False, 'relative_strength_positive': False, 'near_52w_high': True}",weakening,weakening,100.07,98.59,0.01,3.83,False,False,2026-09-15 ratio=100.07 momentum=94.76; 2026-09-16 ratio=99.85 momentum=96.57; 2026-09-17 ratio=100.02 momentum=97.27; 2026-09-18 ratio=99.73 momentum=96.35; 2026-09-21 ratio=100.07 momentum=98.59,64.47
stock,Kaveri Seed Co.,KSCL.NS,Other Agricultural Products,Fast Moving Consumer Goods,3597.17,0.71,279.84,-14.18,742.5,-13.51,14.41,18.79,,not_stage_2,0,710.65,839.07,-1.85,0.03035,"{'price_above_30w_ma': False, '30w_ma_rising': False, 'price_above_10w_ma': False, 'relative_strength_positive': False, 'near_52w_high': False}",lagging,lagging,98.84,99.89,0.25,3.98,False,False,2026-09-15 ratio=98.59 momentum=95.90; 2026-09-16 ratio=98.38 momentum=95.68; 2026-09-17 ratio=98.69 momentum=100.01; 2026-09-18 ratio=98.51 momentum=97.60; 2026-09-21 ratio=98.84 momentum=99.89,0.0
stock,TruAlt Bioenergy,TRUALT.NS,Other Agricultural Products,Fast Moving Consumer Goods,3551.45,0.0,59.27,1108.25,626.88,106.29,22.71,10.44,,not_stage_2,2,415.05,446.52,0.16,0.01773,"{'price_above_30w_ma': False, '30w_ma_rising': True, 'price_above_10w_ma': False, 'relative_strength_positive': False, 'near_52w_high': True}",improving,improving,99.35,100.47,-0.06,-1.38,False,False,2026-09-15 ratio=99.41 momentum=101.84; 2026-09-16 ratio=99.96 momentum=103.57; 2026-09-17 ratio=99.99 momentum=102.27; 2026-09-18 ratio=99.79 momentum=101.74; 2026-09-21 ratio=99.35 momentum=100.47,42.67
stock,Sanstar,SANSTAR.NS,Other Agricultural Products,Fast Moving Consumer Goods,2257.04,0.0,9.21,2808.82,206.16,21.51,51.3,5.69,,stage_2,5,112.34,103.79,3.24,0.0048,"{'price_above_30w_ma': True, '30w_ma_rising': True, 'price_above_10w_ma': True, 'relative_strength_positive': True, 'near_52w_high': True}",leading,leading,101.46,101.16,-0.22,-1.7,False,False,2026-09-15 ratio=101.68 momentum=102.86; 2026-09-16 ratio=102.36 momentum=103.71; 2026-09-17 ratio=102.95 momentum=102.92; 2026-09-18 ratio=102.66 momentum=102.91; 2026-09-21 ratio=101.46 momentum=101.16,164.58
stock,A C J K Exports,AEROPLANE.NS,Other Agricultural Products,Fast Moving Consumer Goods,2118.42,0.0,36.63,127.52,663.73,55.1,17.11,15.7,,insufficient_data,0,,,,,{},leading,leading,101.64,101.07,-0.39,-1.29,False,False,2026-09-15 ratio=102.03 momentum=102.36; 2026-09-16 ratio=101.50 momentum=102.23; 2026-09-17 ratio=101.24 momentum=101.79; 2026-09-18 ratio=101.82 momentum=102.29; 2026-09-21 ratio=101.64 momentum=101.07,33.55
stock,GRM Overseas,GRMOVER.NS,Other Agricultural Products,Fast Moving Consumer Goods,1670.51,0.0,21.04,10.21,426.51,30.52,21.85,13.99,,not_stage_2,0,82.43,122.66,-7.88,0.00352,"{'price_above_30w_ma': False, '30w_ma_rising': False, 'price_above_10w_ma': False, 'relative_strength_positive': False, 'near_52w_high': False}",lagging,improving,98.42,98.7,-0.43,-1.66,False,False,2026-09-15 ratio=98.85 momentum=100.36; 2026-09-16 ratio=98.51 momentum=100.17; 2026-09-17 ratio=97.83 momentum=98.45; 2026-09-18 ratio=98.23 momentum=99.11; 2026-09-21 ratio=98.42 momentum=98.70,0.0
stock,AVT Natural Prod,AVTNPL.NS,Other Agricultural Products,Fast Moving Consumer Goods,1494.34,0.81,31.1,156.6,241.21,82.16,17.84,14.22,,stage_2,5,90.04,71.78,4.46,0.00385,"{'price_above_30w_ma': True, '30w_ma_rising': True, 'price_above_10w_ma': True, 'relative_strength_positive': True, 'near_52w_high': True}",weakening,weakening,101.32,98.23,0.11,3.51,False,False,2026-09-15 ratio=101.21 momentum=94.72; 2026-09-16 ratio=101.07 momentum=97.39; 2026-09-17 ratio=100.98 momentum=98.10; 2026-09-18 ratio=100.94 momentum=96.81; 2026-09-21 ratio=101.32 momentum=98.23,140.52
stock,Chamanlal Setia,CLSEL.NS,Other Agricultural Products,Fast Moving Consumer Goods,1455.47,1.02,31.99,47.83,345.92,12.58,11.63,18.18,,stage_2,5,293.25,276.62,1.04,0.01252,"{'price_above_30w_ma': True, '30w_ma_rising': True, 'price_above_10w_ma': True, 'relative_strength_positive': True, 'near_52w_high': True}",weakening,weakening,100.87,98.5,0.47,0.94,False,False,2026-09-15 ratio=100.39 momentum=97.56; 2026-09-16 ratio=101.54 momentum=99.66; 2026-09-17 ratio=101.24 momentum=99.01; 2026-09-18 ratio=101.08 momentum=98.07; 2026-09-21 ratio=100.87 momentum=98.50,131.43
stock,AU Small Finance,AUBANK.NS,Other Bank,Financial Services,77688.88,0.1,795.95,37.03,5302.74,21.11,27.2,7.66,,stage_2,4,1038.0,1012.57,0.82,0.04433,"{'price_above_30w_ma': True, '30w_ma_rising': True, 'price_above_10w_ma': False, 'relative_strength_positive': True, 'near_52w_high': True}",weakening,weakening,100.25,98.85,-0.16,1.66,False,False,2026-09-15 ratio=100.41 momentum=97.19; 2026-09-16 ratio=100.42 momentum=98.24; 2026-09-17 ratio=100.53 momentum=98.14; 2026-09-18 ratio=101.01 momentum=100.24; 2026-09-21 ratio=100.25 momentum=98.85,107.89
stock,Ujjivan Small,UJJIVANSFB.NS,Other Bank,Financial Services,12628.49,0.0,316.54,206.67,2024.92,25.08,13.94,7.73,,not_stage_2,3,64.79,60.74,0.84,0.00277,"{'price_above_30w_ma': True, '30w_ma_rising': True, 'price_above_10w_ma': False, 'relative_strength_positive': False, 'near_52w_high': True}",lagging,lagging,99.36,99.49,-0.27,3.12,False,False,2026-09-15 ratio=99.64 momentum=96.37; 2026-09-16 ratio=99.75 momentum=99.93; 2026-09-17 ratio=99.27 momentum=99.45; 2026-09-18 ratio=99.56 momentum=101.32; 2026-09-21 ratio=99.36 momentum=99.49,61.68
stock,Equitas Sma. Fin,EQUITASBNK.NS,Other Bank,Financial Services,8340.68,0.0,183.61,182.06,1960.4,18.89,16.34,6.43,,not_stage_2,3,72.43,70.11,1.31,0.00309,"{'price_above_30w_ma': True, '30w_ma_rising': True, 'price_above_10w_ma': False, 'relative_strength_positive': False, 'near_52w_high': True}",improving,improving,99.58,101.63,0.14,0.26,False,True,2026-09-15 ratio=99.44 momentum=101.37; 2026-09-16 ratio=100.19 momentum=103.71; 2026-09-17 ratio=99.59 momentum=101.34; 2026-09-18 ratio=100.31 momentum=103.22; 2026-09-21 ratio=99.58 momentum=101.63,70.77
stock,Jana Small Finan,JSFB.NS,Other Bank,Financial Services,5654.11,0.0,155.23,52.29,1514.53,22.08,14.89,7.45,,not_stage_2,3,531.3,471.93,4.56,0.02269,"{'price_above_30w_ma': True, '30w_ma_rising': True, 'price_above_10w_ma': False, 'relative_strength_positive': False, 'near_52w_high': True}",weakening,lagging,100.21,99.72,0.99,2.86,False,False,2026-09-15 ratio=99.22 momentum=96.86; 2026-09-16 ratio=99.64 momentum=98.62; 2026-09-17 ratio=99.99 momentum=99.77; 2026-09-18 ratio=100.15 momentum=99.52; 2026-09-21 ratio=100.21 momentum=99.72,70.17
stock,Utkarsh Small F.,UTKARSHBNK.NS,Other Bank,Financial Services,2466.45,0.0,-33.92,85.84,883.56,0.3,,1.46,,not_stage_2,2,14.0,13.81,0.45,0.0006,"{'price_above_30w_ma': True, '30w_ma_rising': True, 'price_above_10w_ma': False, 'relative_strength_positive': False, 'near_52w_high': False}",lagging,weakening,99.67,99.37,-0.76,0.49,False,False,2026-09-15 ratio=100.43 momentum=98.88; 2026-09-16 ratio=99.58 momentum=98.65; 2026-09-17 ratio=99.95 momentum=99.12; 2026-09-18 ratio=100.08 momentum=98.97; 2026-09-21 ratio=99.67 momentum=99.37,40.9
stock,ESAF Small Fin,ESAFSFB.NS,Other Bank,Financial Services,2038.11,0.0,80.08,198.6,1097.77,32.54,,5.65,,not_stage_2,3,39.36,32.26,5.17,0.00168,"{'price_above_30w_ma': True, '30w_ma_rising': True, 'price_above_10w_ma': False, 'relative_strength_positive': False, 'near_52w_high': True}",weakening,weakening,100.22,97.92,-0.16,1.97,False,False,2026-09-15 ratio=100.39 momentum=95.95; 2026-09-16 ratio=100.29 momentum=97.70; 2026-09-17 ratio=100.04 momentum=96.44; 2026-09-18 ratio=100.23 momentum=97.61; 2026-09-21 ratio=100.22 momentum=97.92,71.44
stock,Suryoday Small,SURYODAY.NS,Other Bank,Financial Services,1555.54,1.02,75.18,113.1,622.36,25.69,8.11,7.33,,not_stage_2,2,146.94,156.51,1.62,0.00628,"{'price_above_30w_ma': False, '30w_ma_rising': True, 'price_above_10w_ma': False, 'relative_strength_positive': False, 'near_52w_high': True}",improving,improving,99.18,101.42,0.17,0.97,False,True,2026-09-15 ratio=99.02 momentum=100.44; 2026-09-16 ratio=98.93 momentum=101.21; 2026-09-17 ratio=99.15 momentum=101.75; 2026-09-18 ratio=99.16 momentum=100.59; 2026-09-21 ratio=99.18 momentum=101.42,50.34
stock,Capital Small,CAPITALSFB.NS,Other Bank,Financial Services,1285.09,1.78,41.3,29.02,288.18,16.63,8.53,7.07,,stage_2,4,282.0,274.29,0.65,0.01204,"{'price_above_30w_ma': True, '30w_ma_rising': True, 'price_above_10w_ma': False, 'relative_strength_positive': True, 'near_52w_high': True}",leading,lagging,100.15,101.77,1.31,2.69,True,False,2026-09-15 ratio=98.84 momentum=99.08; 2026-09-16 ratio=99.21 momentum=99.56; 2026-09-17 ratio=100.08 momentum=101.38; 2026-09-18 ratio=99.81 momentum=101.01; 2026-09-21 ratio=100.15 momentum=101.77,145.9
stock,Fino Payments,FINOPB.NS,Other Bank,Financial Services,1105.49,0.0,-13.72,-177.25,72.23,18.43,45.21,4.41,,not_stage_2,0,134.82,142.46,-6.73,0.00576,"{'price_above_30w_ma': False, '30w_ma_rising': False, 'price_above_10w_ma': False, 'relative_strength_positive': False, 'near_52w_high': False}",lagging,improving,98.76,98.3,-0.51,-3.93,False,False,2026-09-15 ratio=99.27 momentum=102.23; 2026-09-16 ratio=99.05 momentum=103.48; 2026-09-17 ratio=99.02 momentum=99.03; 2026-09-18 ratio=98.88 momentum=98.12; 2026-09-21 ratio=98.76 momentum=98.30,0.0
stock,Ramco Inds.,RAMCOIND.NS,Other Construction Materials,Construction Materials,2791.02,0.39,86.59,21.91,613.81,15.48,8.87,4.57,,not_stage_2,3,326.15,304.48,0.86,0.01393,"{'price_above_30w_ma': True, '30w_ma_rising': True, 'price_above_10w_ma': False, 'relative_strength_positive': False, 'near_52w_high': True}",improving,improving,99.7,102.45,0.36,1.71,False,True,2026-09-15 ratio=99.34 momentum=100.74; 2026-09-16 ratio=99.44 momentum=102.33; 2026-09-17 ratio=99.41 momentum=103.68; 2026-09-18 ratio=100.17 momentum=103.59; 2026-09-21 ratio=99.70 momentum=102.45,73.97
stock,Glass Wall Syst.,GLASSWALL.NS,Other Construction Materials,Construction Materials,2709.75,0.0,,,,,33.14,50.32,,insufficient_data,0,,,,,{},insufficient_data,insufficient_data,,,,,False,False,,0.0
stock,Arisinfra Solu.,ARIS.NS,Other Construction Materials,Construction Materials,1145.05,0.0,20.04,306.31,290.81,37.12,17.33,15.57,,stage_2,5,142.09,122.99,3.24,0.00607,"{'price_above_30w_ma': True, '30w_ma_rising': True, 'price_above_10w_ma': True, 'relative_strength_positive': True, 'near_52w_high': True}",leading,lagging,101.65,102.28,1.82,10.63,True,False,2026-09-15 ratio=99.83 momentum=91.65; 2026-09-16 ratio=99.36 momentum=96.15; 2026-09-17 ratio=100.33 momentum=99.92; 2026-09-18 ratio=100.86 momentum=101.10; 2026-09-21 ratio=101.65 momentum=102.28,181.13
stock,BirlaNu Ltd,BIRLANU.NS,Other Construction Materials,Construction Materials,1040.6,1.08,9.4,812.12,1174.02,11.57,,-4.29,,not_stage_2,0,1388.8,1399.24,-2.05,0.05931,"{'price_above_30w_ma': False, '30w_ma_rising': False, 'price_above_10w_ma': False, 'relative_strength_positive': False, 'near_52w_high': False}",lagging,weakening,99.94,97.98,-0.31,-1.85,False,False,2026-09-15 ratio=100.26 momentum=99.83; 2026-09-16 ratio=100.10 momentum=98.92; 2026-09-17 ratio=99.99 momentum=98.89; 2026-09-18 ratio=99.92 momentum=98.63; 2026-09-21 ratio=99.94 momentum=97.98,0.0
stock,Everest Inds.,EVERESTIND.NS,Other Construction Materials,Construction Materials,696.61,0.23,102.09,1505.52,435.86,-12.95,,-8.5,,not_stage_2,2,420.8,408.11,0.29,0.01797,"{'price_above_30w_ma': True, '30w_ma_rising': True, 'price_above_10w_ma': False, 'relative_strength_positive': False, 'near_52w_high': False}",improving,lagging,99.34,102.74,0.67,4.62,False,True,2026-09-15 ratio=98.67 momentum=98.12; 2026-09-16 ratio=98.74 momentum=100.85; 2026-09-17 ratio=98.73 momentum=99.28; 2026-09-18 ratio=99.10 momentum=102.00; 2026-09-21 ratio=99.34 momentum=102.74,54.28
stock,Sahyadri Industr,SAHYADRI.NS,Other Construction Materials,Construction Materials,398.26,0.69,26.52,146.24,258.58,20.51,8.82,9.72,,stage_2,5,370.95,292.62,5.89,0.01584,"{'price_above_30w_ma': True, '30w_ma_rising': True, 'price_above_10w_ma': True, 'relative_strength_positive': True, 'near_52w_high': True}",weakening,weakening,101.08,97.41,-0.07,-2.09,False,False,2026-09-15 ratio=101.16 momentum=99.50; 2026-09-16 ratio=101.03 momentum=99.56; 2026-09-17 ratio=100.92 momentum=99.08; 2026-09-18 ratio=101.01 momentum=99.23; 2026-09-21 ratio=101.08 momentum=97.41,142.18
stock,Vishnusurya Pro.,VISHNUINFR.NS,Other Construction Materials,Construction Materials,390.18,0.66,5.92,116.06,61.87,25.02,9.24,19.92,,not_stage_2,1,153.95,158.05,-1.47,0.00658,"{'price_above_30w_ma': False, '30w_ma_rising': False, 'price_above_10w_ma': False, 'relative_strength_positive': True, 'near_52w_high': False}",weakening,lagging,100.3,99.92,0.6,2.0,False,False,2026-09-15 ratio=99.70 momentum=97.93; 2026-09-16 ratio=100.88 momentum=102.33; 2026-09-17 ratio=101.23 momentum=100.63; 2026-09-18 ratio=99.57 momentum=97.61; 2026-09-21 ratio=100.30 momentum=99.92,21.5
stock,Teamtech Formwork,TEAMTECH.NS,Other Construction Materials,Construction Materials,389.69,0.0,7.33,,31.74,,33.62,41.17,,insufficient_data,0,,,,,{},insufficient_data,insufficient_data,,,,,False,False,,0.0
stock,MCON Rasayan,MCON.NS,Other Construction Materials,Construction Materials,30.07,0.0,1.8,76.47,36.86,26.32,9.89,11.06,,not_stage_2,0,39.05,45.54,-1.83,0.00167,"{'price_above_30w_ma': False, '30w_ma_rising': False, 'price_above_10w_ma': False, 'relative_strength_positive': False, 'near_52w_high': False}",lagging,lagging,98.49,95.9,-1.17,1.03,False,False,2026-09-15 ratio=99.66 momentum=94.87; 2026-09-16 ratio=98.76 momentum=96.39; 2026-09-17 ratio=98.99 momentum=98.68; 2026-09-18 ratio=98.96 momentum=98.56; 2026-09-21 ratio=98.49 momentum=95.90,0.0
stock,SIS,SIS.NS,Other Consumer Services,Consumer Services,5982.48,1.65,101.66,9.37,4603.58,29.73,14.89,13.68,,stage_2,4,420.55,386.37,3.84,0.01796,"{'price_above_30w_ma': True, '30w_ma_rising': True, 'price_above_10w_ma': False, 'relative_strength_positive': True, 'near_52w_high': True}",weakening,leading,100.45,99.01,0.01,-1.76,False,False,2026-09-15 ratio=100.43 momentum=100.77; 2026-09-16 ratio=100.33 momentum=100.71; 2026-09-17 ratio=100.66 momentum=100.07; 2026-09-18 ratio=101.44 momentum=100.23; 2026-09-21 ratio=100.45 momentum=99.01,114.93
stock,E Factor Experie,EFACTOR.NS,Other Consumer Services,Consumer Services,205.38,0.77,14.61,-26.66,138.84,-9.5,10.44,24.71,,not_stage_2,0,165.0,191.5,-5.84,0.00705,"{'price_above_30w_ma': False, '30w_ma_rising': False, 'price_above_10w_ma': False, 'relative_strength_positive': False, 'near_52w_high': False}",lagging,lagging,99.4,98.09,0.13,2.06,False,False,2026-09-15 ratio=99.27 momentum=96.03; 2026-09-16 ratio=99.37 momentum=96.82; 2026-09-17 ratio=99.35 momentum=95.16; 2026-09-18 ratio=99.48 momentum=97.79; 2026-09-21 ratio=99.40 momentum=98.09,0.0
stock,Party Cruisers,PARTYCRUS.NS,Other Consumer Services,Consumer Services,135.84,0.0,10.04,62.85,111.27,32.28,10.86,34.5,,stage_2,5,97.75,90.14,1.84,0.00417,"{'price_above_30w_ma': True, '30w_ma_rising': True, 'price_above_10w_ma': True, 'relative_strength_positive': True, 'near_52w_high': True}",leading,leading,102.33,104.31,0.46,3.01,False,False,2026-09-15 ratio=101.87 momentum=101.30; 2026-09-16 ratio=102.46 momentum=101.62; 2026-09-17 ratio=102.24 momentum=101.38; 2026-09-18 ratio=102.50 momentum=102.90; 2026-09-21 ratio=102.33 momentum=104.31,181.88
stock,Touchwood Enter.,TOUCHWOOD.NS,Other Consumer Services,Consumer Services,68.34,0.0,0.38,-70.77,3.96,-76.57,20.58,13.52,,not_stage_2,0,61.78,68.63,-4.48,0.00264,"{'price_above_30w_ma': False, '30w_ma_rising': False, 'price_above_10w_ma': False, 'relative_strength_positive': False, 'near_52w_high': False}",improving,improving,99.75,101.71,0.15,-1.23,False,False,2026-09-15 ratio=99.61 momentum=102.94; 2026-09-16 ratio=99.80 momentum=102.93; 2026-09-17 ratio=99.73 momentum=104.61; 2026-09-18 ratio=99.48 momentum=105.70; 2026-09-21 ratio=99.75 momentum=101.71,8.55
stock,Blue Pebble,BLUEPEBBLE.NS,Other Consumer Services,Consumer Services,31.01,0.66,-0.26,,11.14,,63.28,2.42,,not_stage_2,2,80.0,93.32,-8.5,0.00342,"{'price_above_30w_ma': False, '30w_ma_rising': False, 'price_above_10w_ma': True, 'relative_strength_positive': True, 'near_52w_high': False}",weakening,leading,101.82,93.92,-0.46,-8.91,False,False,2026-09-15 ratio=102.28 momentum=102.83; 2026-09-16 ratio=101.54 momentum=103.28; 2026-09-17 ratio=101.90 momentum=102.71; 2026-09-18 ratio=101.97 momentum=103.86; 2026-09-21 ratio=101.82 momentum=93.92,49.1
stock,Thinking Hats,THESL.NS,Other Consumer Services,Consumer Services,17.36,0.0,0.51,-80.08,15.16,-61.15,14.0,5.96,,insufficient_data,0,,,,,{},insufficient_data,insufficient_data,,,,,False,False,,0.0
stock,HBL Engineering,HBLENGINE.NS,Other Industrial Products,Capital Goods,21263.59,0.39,109.14,-25.07,638.03,6.03,26.53,59.3,,not_stage_2,3,749.85,743.33,-0.11,0.03203,"{'price_above_30w_ma': True, '30w_ma_rising': False, 'price_above_10w_ma': True, 'relative_strength_positive': True, 'near_52w_high': False}",leading,leading,101.86,103.08,0.6,0.23,False,False,2026-09-15 ratio=101.26 momentum=102.85; 2026-09-16 ratio=100.71 momentum=102.44; 2026-09-17 ratio=102.32 momentum=103.98; 2026-09-18 ratio=102.27 momentum=104.03; 2026-09-21 ratio=101.86 momentum=103.08,104.7
stock,Inox India,INOXINDIA.NS,Other Industrial Products,Capital Goods,19401.96,0.09,58.07,-4.99,370.79,9.18,75.45,33.48,,stage_2,5,2089.2,1703.82,8.72,0.08923,"{'price_above_30w_ma': True, '30w_ma_rising': True, 'price_above_10w_ma': True, 'relative_strength_positive': True, 'near_52w_high': True}",weakening,weakening,100.96,97.78,0.42,0.68,False,False,2026-09-15 ratio=100.53 momentum=97.11; 2026-09-16 ratio=100.34 momentum=97.31; 2026-09-17 ratio=100.55 momentum=98.60; 2026-09-18 ratio=101.11 momentum=98.47; 2026-09-21 ratio=100.96 momentum=97.78,147.24
stock,KRN Heat Exchan,KRN.NS,Other Industrial Products,Capital Goods,9295.43,0.0,32.9,164.9,252.32,118.88,95.89,16.06,,stage_2,4,1416.5,1223.91,8.16,0.0605,"{'price_above_30w_ma': True, '30w_ma_rising': True, 'price_above_10w_ma': False, 'relative_strength_positive': True, 'near_52w_high': True}",weakening,weakening,100.39,97.81,-0.82,0.59,False,False,2026-09-15 ratio=101.21 momentum=97.21; 2026-09-16 ratio=100.68 momentum=97.58; 2026-09-17 ratio=100.36 momentum=97.58; 2026-09-18 ratio=100.63 momentum=98.66; 2026-09-21 ratio=100.39 momentum=97.81,123.27
stock,Esab India,ESABINDIA.NS,Other Industrial Products,Capital Goods,8696.87,1.33,56.14,37.13,421.12,19.63,42.01,64.68,,not_stage_2,2,5561.0,5871.46,0.53,0.2375,"{'price_above_30w_ma': False, '30w_ma_rising': True, 'price_above_10w_ma': False, 'relative_strength_positive': False, 'near_52w_high': True}",lagging,weakening,99.36,97.24,-1.13,-0.08,False,False,2026-09-15 ratio=100.49 momentum=97.32; 2026-09-16 ratio=100.05 momentum=96.67; 2026-09-17 ratio=99.75 momentum=97.42; 2026-09-18 ratio=99.70 momentum=97.30; 2026-09-21 ratio=99.36 momentum=97.24,41.06
stock,Subros,SUBROS.NS,Other Industrial Products,Capital Goods,4712.75,0.42,41.52,1.69,1032.11,17.52,27.42,19.16,,not_stage_2,0,714.9,748.47,-1.49,0.03053,"{'price_above_30w_ma': False, '30w_ma_rising': False, 'price_above_10w_ma': False, 'relative_strength_positive': False, 'near_52w_high': False}",improving,improving,99.39,102.32,0.81,1.34,False,True,2026-09-15 ratio=98.59 momentum=100.98; 2026-09-16 ratio=98.45 momentum=100.44; 2026-09-17 ratio=98.78 momentum=101.72; 2026-09-18 ratio=99.57 momentum=103.21; 2026-09-21 ratio=99.39 momentum=102.32,11.6
stock,Harsha Engg Intl,HARSHA.NS,Other Industrial Products,Capital Goods,4239.44,0.32,37.38,-1.45,457.43,25.22,27.41,13.0,,stage_2,5,467.9,404.05,2.47,0.01998,"{'price_above_30w_ma': True, '30w_ma_rising': True, 'price_above_10w_ma': True, 'relative_strength_positive': True, 'near_52w_high': True}",leading,weakening,102.3,100.09,1.52,3.73,True,False,2026-09-15 ratio=100.77 momentum=96.36; 2026-09-16 ratio=100.92 momentum=97.49; 2026-09-17 ratio=101.03 momentum=98.03; 2026-09-18 ratio=101.23 momentum=98.45; 2026-09-21 ratio=102.30 momentum=100.09,171.89
stock,Ador Welding,ADOR.NS,Other Industrial Products,Capital Goods,2775.05,1.44,27.35,890.46,308.63,23.19,23.18,22.71,,stage_2,5,1576.4,1246.54,6.27,0.06733,"{'price_above_30w_ma': True, '30w_ma_rising': True, 'price_above_10w_ma': True, 'relative_strength_positive': True, 'near_52w_high': True}",weakening,weakening,100.74,96.85,-0.05,0.1,False,False,2026-09-15 ratio=100.79 momentum=96.75; 2026-09-16 ratio=100.60 momentum=96.92; 2026-09-17 ratio=100.78 momentum=96.47; 2026-09-18 ratio=100.95 momentum=96.64; 2026-09-21 ratio=100.74 momentum=96.85,141.24
stock,Diffusion Eng,DIFFNKG.NS,Other Industrial Products,Capital Goods,1652.37,0.34,16.68,36.26,110.11,36.49,29.89,15.78,,stage_2,5,444.05,355.02,7.67,0.01896,"{'price_above_30w_ma': True, '30w_ma_rising': True, 'price_above_10w_ma': True, 'relative_strength_positive': True, 'near_52w_high': True}",weakening,weakening,101.19,94.88,0.16,-0.85,False,False,2026-09-15 ratio=101.04 momentum=95.73; 2026-09-16 ratio=100.99 momentum=96.48; 2026-09-17 ratio=101.13 momentum=96.57; 2026-09-18 ratio=101.33 momentum=96.39; 2026-09-21 ratio=101.19 momentum=94.88,146.29
stock,Vilas Transcore,VILAS.NS,Other Industrial Products,Capital Goods,1028.03,0.0,15.18,-26.24,231.91,21.66,26.63,15.87,,not_stage_2,2,368.4,382.21,-0.37,0.01573,"{'price_above_30w_ma': False, '30w_ma_rising': False, 'price_above_10w_ma': True, 'relative_strength_positive': True, 'near_52w_high': False}",leading,lagging,101.88,101.7,3.33,3.99,True,False,2026-09-15 ratio=98.55 momentum=97.71; 2026-09-16 ratio=97.45 momentum=97.84; 2026-09-17 ratio=98.77 momentum=99.45; 2026-09-18 ratio=102.31 momentum=102.20; 2026-09-21 ratio=101.88 momentum=101.70,87.9
stock,MIC Electronics,MICEL.NS,Other Industrial Products,Capital Goods,1009.77,0.0,2.13,27.54,43.72,276.57,,8.67,,not_stage_2,0,33.37,38.88,-1.76,0.00143,"{'price_above_30w_ma': False, '30w_ma_rising': False, 'price_above_10w_ma': False, 'relative_strength_positive': False, 'near_52w_high': False}",lagging,lagging,98.04,97.66,-1.25,1.7,False,False,2026-09-15 ratio=99.29 momentum=95.96; 2026-09-16 ratio=98.77 momentum=95.70; 2026-09-17 ratio=98.55 momentum=95.98; 2026-09-18 ratio=97.99 momentum=96.50; 2026-09-21 ratio=98.04 momentum=97.66,0.0
stock,Maruti Suzuki,MARUTI.NS,Passenger Cars & Utility Vehicles,Automobile and Auto Components,382658.49,1.15,3446.9,-9.11,52469.8,35.91,26.7,18.87,,not_stage_2,0,12153.0,13279.1,-2.62,0.51904,"{'price_above_30w_ma': False, '30w_ma_rising': False, 'price_above_10w_ma': False, 'relative_strength_positive': False, 'near_52w_high': False}",improving,lagging,97.81,102.33,-0.06,7.31,False,False,2026-09-15 ratio=97.87 momentum=95.02; 2026-09-16 ratio=97.66 momentum=101.39; 2026-09-17 ratio=98.14 momentum=102.89; 2026-09-18 ratio=97.61 momentum=99.77; 2026-09-21 ratio=97.81 momentum=102.33,11.65
stock,M & M,M&M.NS,Passenger Cars & Utility Vehicles,Automobile and Auto Components,377763.95,1.08,5997.56,33.8,58187.57,27.8,19.7,15.1,,not_stage_2,1,3055.3,3165.52,-1.59,0.13049,"{'price_above_30w_ma': False, '30w_ma_rising': False, 'price_above_10w_ma': False, 'relative_strength_positive': False, 'near_52w_high': True}",lagging,lagging,98.76,97.82,-0.2,2.48,False,False,2026-09-15 ratio=98.95 momentum=95.34; 2026-09-16 ratio=99.21 momentum=96.01; 2026-09-17 ratio=99.19 momentum=97.96; 2026-09-18 ratio=98.83 momentum=98.26; 2026-09-21 ratio=98.76 momentum=97.82,20.0
stock,Hyundai Motor I,HYUNDAI.NS,Passenger Cars & Utility Vehicles,Automobile and Auto Components,171426.5,1.0,888.62,-35.1,16334.63,-0.48,34.63,38.4,,not_stage_2,3,2144.0,1997.02,-0.15,0.09157,"{'price_above_30w_ma': True, '30w_ma_rising': False, 'price_above_10w_ma': False, 'relative_strength_positive': True, 'near_52w_high': True}",weakening,weakening,100.6,97.46,-0.38,-1.37,False,False,2026-09-15 ratio=100.98 momentum=98.83; 2026-09-16 ratio=100.99 momentum=100.06; 2026-09-17 ratio=100.96 momentum=100.64; 2026-09-18 ratio=101.31 momentum=103.05; 2026-09-21 ratio=100.60 momentum=97.46,63.0
stock,Tata Motors PVeh,TMPV.NS,Passenger Cars & Utility Vehicles,Automobile and Auto Components,110560.14,1.0,859.0,-69.83,95799.0,9.26,110.96,2.73,,not_stage_2,0,301.65,338.93,-2.79,0.01288,"{'price_above_30w_ma': False, '30w_ma_rising': False, 'price_above_10w_ma': False, 'relative_strength_positive': False, 'near_52w_high': False}",improving,improving,98.72,100.35,-0.38,-4.42,False,False,2026-09-15 ratio=99.10 momentum=104.78; 2026-09-16 ratio=98.79 momentum=103.05; 2026-09-17 ratio=99.99 momentum=103.03; 2026-09-18 ratio=98.94 momentum=100.76; 2026-09-21 ratio=98.72 momentum=100.35,1.75
stock,Force Motors,FORCEMOT.NS,Passenger Cars & Utility Vehicles,Automobile and Auto Components,22745.08,0.29,216.59,22.82,2440.01,6.21,20.67,36.05,,not_stage_2,1,17485.0,19220.77,-3.98,0.74677,"{'price_above_30w_ma': False, '30w_ma_rising': False, 'price_above_10w_ma': False, 'relative_strength_positive': True, 'near_52w_high': False}",leading,leading,100.29,101.77,0.09,0.15,False,False,2026-09-15 ratio=100.21 momentum=101.62; 2026-09-16 ratio=100.41 momentum=101.27; 2026-09-17 ratio=101.00 momentum=102.12; 2026-09-18 ratio=100.43 momentum=101.69; 2026-09-21 ratio=100.29 momentum=101.77,50.3
stock,Olectra Greentec,OLECTRA.NS,Passenger Cars & Utility Vehicles,Automobile and Auto Components,9995.02,0.05,26.66,-0.31,575.51,65.75,56.34,21.05,,not_stage_2,2,1205.8,1248.42,2.15,0.0515,"{'price_above_30w_ma': False, '30w_ma_rising': True, 'price_above_10w_ma': False, 'relative_strength_positive': False, 'near_52w_high': True}",improving,lagging,98.71,101.89,0.47,6.13,False,True,2026-09-15 ratio=98.24 momentum=95.76; 2026-09-16 ratio=98.03 momentum=97.83; 2026-09-17 ratio=98.39 momentum=100.05; 2026-09-18 ratio=98.61 momentum=100.41; 2026-09-21 ratio=98.71 momentum=101.89,53.75
stock,Mercury EV-Tech,MERCURYEV.NS,Passenger Cars & Utility Vehicles,Automobile and Auto Components,758.94,0.0,1.65,29.92,33.38,47.9,166.43,2.64,,insufficient_data,0,,,,,{},leading,leading,101.54,101.15,-1.16,0.56,False,False,2026-09-15 ratio=102.70 momentum=100.59; 2026-09-16 ratio=101.68 momentum=100.47; 2026-09-17 ratio=102.27 momentum=101.71; 2026-09-18 ratio=101.71 momentum=101.20; 2026-09-21 ratio=101.54 momentum=101.15,33.45
stock,Supreme Inds.,SUPREMEIND.NS,Plastic Products - Industrial,Capital Goods,43894.94,1.04,280.72,38.76,2717.66,4.16,42.52,20.73,,not_stage_2,2,3500.0,3575.51,-1.31,0.14948,"{'price_above_30w_ma': False, '30w_ma_rising': False, 'price_above_10w_ma': False, 'relative_strength_positive': True, 'near_52w_high': True}",leading,lagging,101.13,100.65,1.42,2.85,True,False,2026-09-15 ratio=99.71 momentum=97.80; 2026-09-16 ratio=99.49 momentum=97.28; 2026-09-17 ratio=99.79 momentum=98.39; 2026-09-18 ratio=102.14 momentum=101.48; 2026-09-21 ratio=101.13 momentum=100.65,78.9
stock,Astral,ASTRAL.NS,Plastic Products - Industrial,Capital Goods,36929.54,0.29,120.2,48.21,1578.0,15.93,62.34,19.22,,not_stage_2,1,1400.9,1517.92,-1.39,0.05983,"{'price_above_30w_ma': False, '30w_ma_rising': False, 'price_above_10w_ma': False, 'relative_strength_positive': False, 'near_52w_high': True}",lagging,lagging,99.62,97.76,-0.13,0.77,False,False,2026-09-15 ratio=99.75 momentum=96.99; 2026-09-16 ratio=99.67 momentum=97.64; 2026-09-17 ratio=99.84 momentum=98.32; 2026-09-18 ratio=100.19 momentum=98.59; 2026-09-21 ratio=99.62 momentum=97.76,20.0
stock,Garware Hi Tech,GRWRHITECH.NS,Plastic Products - Industrial,Capital Goods,14790.1,0.19,132.65,59.78,633.08,27.9,38.13,18.08,,not_stage_2,3,6454.5,5749.83,6.35,0.27566,"{'price_above_30w_ma': True, '30w_ma_rising': True, 'price_above_10w_ma': False, 'relative_strength_positive': False, 'near_52w_high': True}",lagging,lagging,97.44,97.2,-1.35,-0.13,False,False,2026-09-15 ratio=98.79 momentum=97.33; 2026-09-16 ratio=97.33 momentum=96.54; 2026-09-17 ratio=97.87 momentum=96.96; 2026-09-18 ratio=99.38 momentum=98.54; 2026-09-21 ratio=97.44 momentum=97.20,72.7
stock,Finolex Inds.,FINPIPE.NS,Plastic Products - Industrial,Capital Goods,9487.08,1.31,114.52,16.67,883.58,-15.3,15.42,11.83,,not_stage_2,0,152.16,168.23,-2.27,0.0065,"{'price_above_30w_ma': False, '30w_ma_rising': False, 'price_above_10w_ma': False, 'relative_strength_positive': False, 'near_52w_high': False}",lagging,lagging,98.52,98.23,-0.25,-1.52,False,False,2026-09-15 ratio=98.77 momentum=99.75; 2026-09-16 ratio=98.54 momentum=99.91; 2026-09-17 ratio=99.49 momentum=101.06; 2026-09-18 ratio=99.43 momentum=100.27; 2026-09-21 ratio=98.52 momentum=98.23,0.0
stock,Time Technoplast,TIMETECHNO.NS,Plastic Products - Industrial,Capital Goods,8906.16,0.83,117.86,22.21,1692.71,25.14,18.18,16.52,,not_stage_2,1,180.23,183.0,-0.77,0.0077,"{'price_above_30w_ma': False, '30w_ma_rising': False, 'price_above_10w_ma': False, 'relative_strength_positive': False, 'near_52w_high': True}",lagging,lagging,99.05,98.29,0.07,0.56,False,False,2026-09-15 ratio=98.98 momentum=97.74; 2026-09-16 ratio=98.58 momentum=96.65; 2026-09-17 ratio=98.61 momentum=97.52; 2026-09-18 ratio=99.00 momentum=98.03; 2026-09-21 ratio=99.05 momentum=98.29,20.0
stock,Kingfa Science,KINGFA.NS,Plastic Products - Industrial,Capital Goods,8367.87,0.32,80.21,101.58,688.57,49.06,37.08,23.2,,stage_2,5,6062.0,5139.55,4.76,0.2589,"{'price_above_30w_ma': True, '30w_ma_rising': True, 'price_above_10w_ma': True, 'relative_strength_positive': True, 'near_52w_high': True}",weakening,weakening,101.32,99.74,0.34,3.01,False,False,2026-09-15 ratio=100.97 momentum=96.72; 2026-09-16 ratio=101.17 momentum=98.06; 2026-09-17 ratio=101.03 momentum=98.54; 2026-09-18 ratio=100.89 momentum=98.74; 2026-09-21 ratio=101.32 momentum=99.74,141.12
stock,Prince Pipes,PRINCEPIPE.NS,Plastic Products - Industrial,Capital Goods,2930.98,0.38,33.75,600.21,609.42,5.0,28.14,6.03,,not_stage_2,3,266.1,263.24,0.55,0.01136,"{'price_above_30w_ma': True, '30w_ma_rising': True, 'price_above_10w_ma': False, 'relative_strength_positive': False, 'near_52w_high': True}",lagging,lagging,99.87,98.61,0.29,2.09,False,False,2026-09-15 ratio=99.58 momentum=96.52; 2026-09-16 ratio=99.32 momentum=97.06; 2026-09-17 ratio=99.38 momentum=97.96; 2026-09-18 ratio=100.29 momentum=98.35; 2026-09-21 ratio=99.87 momentum=98.61,61.1
stock,Apollo Pipes,APOLLOPIPE.NS,Plastic Products - Industrial,Capital Goods,2312.87,0.13,-11.12,-205.28,295.43,7.43,,1.23,,stage_2,4,539.5,494.04,6.62,0.02304,"{'price_above_30w_ma': True, '30w_ma_rising': True, 'price_above_10w_ma': False, 'relative_strength_positive': True, 'near_52w_high': True}",weakening,lagging,100.15,97.59,0.15,1.68,False,False,2026-09-15 ratio=99.99 momentum=95.91; 2026-09-16 ratio=99.71 momentum=96.85; 2026-09-17 ratio=99.99 momentum=97.72; 2026-09-18 ratio=100.28 momentum=97.59; 2026-09-21 ratio=100.15 momentum=97.59,118.99
stock,Jain Irrigation,JISLJALEQS.NS,Plastic Products - Industrial,Capital Goods,2069.37,0.0,-17.8,-207.18,1508.37,-2.41,,5.3,,not_stage_2,2,30.96,31.25,-2.35,0.00132,"{'price_above_30w_ma': False, '30w_ma_rising': False, 'price_above_10w_ma': True, 'relative_strength_positive': True, 'near_52w_high': False}",leading,leading,101.38,102.71,0.95,0.86,False,False,2026-09-15 ratio=100.42 momentum=101.85; 2026-09-16 ratio=100.28 momentum=102.01; 2026-09-17 ratio=100.98 momentum=103.48; 2026-09-18 ratio=101.08 momentum=105.92; 2026-09-21 ratio=101.38 momentum=102.71,80.45
stock,Jai Corp,JAICORPLTD.NS,Plastic Products - Industrial,Capital Goods,1654.31,0.53,28.2,-72.91,157.58,20.06,17.51,11.75,,not_stage_2,0,95.02,106.56,-2.06,0.00406,"{'price_above_30w_ma': False, '30w_ma_rising': False, 'price_above_10w_ma': False, 'relative_strength_positive': False, 'near_52w_high': False}",lagging,lagging,98.89,98.94,0.47,0.77,False,False,2026-09-15 ratio=98.41 momentum=98.17; 2026-09-16 ratio=98.34 momentum=98.39; 2026-09-17 ratio=98.48 momentum=98.80; 2026-09-18 ratio=98.78 momentum=98.92; 2026-09-21 ratio=98.89 momentum=98.94,0.0
stock,Knowledge Realty,KRT.NS,Real Estate Investment Trusts (REITs),Realty,50507.81,1.49,250.8,,1243.06,,80.54,5.22,,insufficient_data,0,,,,,{},insufficient_data,insufficient_data,,,,,False,False,,0.0
stock,Embassy Off.REIT,EMBASSY.NS,Real Estate Investment Trusts (REITs),Realty,41813.56,0.05,195.22,25.81,1240.81,17.08,170.46,5.61,,stage_2,4,438.97,434.59,0.13,0.01875,"{'price_above_30w_ma': True, '30w_ma_rising': True, 'price_above_10w_ma': False, 'relative_strength_positive': True, 'near_52w_high': True}",leading,leading,101.36,102.11,-1.09,-0.91,False,False,2026-09-15 ratio=102.45 momentum=103.02; 2026-09-16 ratio=102.06 momentum=102.55; 2026-09-17 ratio=101.88 momentum=103.06; 2026-09-18 ratio=101.83 momentum=102.29; 2026-09-21 ratio=101.36 momentum=102.11,142.61
stock,Bagmane Prime REIT,BAGMANE.NS,Real Estate Investment Trusts (REITs),Realty,37556.69,1.36,58.51,-77.18,437.01,-29.88,,0.0,,insufficient_data,0,,,,,{},insufficient_data,insufficient_data,,,,,False,False,,0.0
stock,Mindspace Busine,MINDSPACE.NS,Real Estate Investment Trusts (REITs),Realty,33426.03,2.33,271.81,67.1,946.44,27.85,42.89,7.64,,stage_2,5,505.14,476.63,0.42,0.02157,"{'price_above_30w_ma': True, '30w_ma_rising': True, 'price_above_10w_ma': True, 'relative_strength_positive': True, 'near_52w_high': True}",leading,leading,102.29,100.26,-0.71,-3.98,False,False,2026-09-15 ratio=103.00 momentum=104.24; 2026-09-16 ratio=102.72 momentum=103.36; 2026-09-17 ratio=102.40 momentum=100.98; 2026-09-18 ratio=102.67 momentum=101.57; 2026-09-21 ratio=102.29 momentum=100.26,158.59
stock,Brookfield India,BIRET.NS,Real Estate Investment Trusts (REITs),Realty,28084.92,1.94,221.34,44.36,973.83,51.78,52.35,5.36,,not_stage_2,3,339.1,332.34,-0.73,0.01448,"{'price_above_30w_ma': True, '30w_ma_rising': False, 'price_above_10w_ma': False, 'relative_strength_positive': True, 'near_52w_high': True}",leading,leading,101.56,100.26,-1.0,-2.55,False,False,2026-09-15 ratio=102.57 momentum=102.81; 2026-09-16 ratio=102.92 momentum=103.20; 2026-09-17 ratio=102.14 momentum=101.68; 2026-09-18 ratio=101.74 momentum=100.34; 2026-09-21 ratio=101.56 momentum=100.26,89.1
stock,Nexus Select,NXST.NS,Real Estate Investment Trusts (REITs),Realty,25191.41,1.47,156.52,30.89,680.53,10.91,57.2,5.83,,stage_2,4,166.18,160.24,0.41,0.0071,"{'price_above_30w_ma': True, '30w_ma_rising': True, 'price_above_10w_ma': False, 'relative_strength_positive': True, 'near_52w_high': True}",leading,leading,101.33,101.16,-1.52,-1.44,False,False,2026-09-15 ratio=102.85 momentum=102.60; 2026-09-16 ratio=102.23 momentum=102.01; 2026-09-17 ratio=101.89 momentum=100.63; 2026-09-18 ratio=101.63 momentum=99.60; 2026-09-21 ratio=101.33 momentum=101.16,138.27
stock,Apcotex Industri,APCOTEXIND.NS,Rubber,Capital Goods,3159.69,1.31,78.94,312.0,525.63,39.88,19.62,19.8,,stage_2,4,608.7,502.62,6.89,0.026,"{'price_above_30w_ma': True, '30w_ma_rising': True, 'price_above_10w_ma': False, 'relative_strength_positive': True, 'near_52w_high': True}",weakening,weakening,100.67,98.1,0.5,1.62,False,False,2026-09-15 ratio=100.17 momentum=96.47; 2026-09-16 ratio=100.18 momentum=97.25; 2026-09-17 ratio=100.57 momentum=98.55; 2026-09-18 ratio=100.64 momentum=97.19; 2026-09-21 ratio=100.67 momentum=98.10,122.13
stock,Pix Transmission,PIXTRANS.NS,Rubber,Capital Goods,2364.4,0.52,52.75,89.34,149.25,22.8,17.94,21.73,,stage_2,4,1730.7,1640.79,2.36,0.07392,"{'price_above_30w_ma': True, '30w_ma_rising': True, 'price_above_10w_ma': False, 'relative_strength_positive': True, 'near_52w_high': True}",lagging,weakening,99.74,98.45,-0.37,-0.73,False,False,2026-09-15 ratio=100.12 momentum=99.18; 2026-09-16 ratio=99.86 momentum=99.86; 2026-09-17 ratio=99.80 momentum=100.20; 2026-09-18 ratio=99.95 momentum=98.94; 2026-09-21 ratio=99.74 momentum=98.45,109.72
stock,Tinna Rubber,TINNARUBR.NS,Rubber,Capital Goods,1815.2,0.32,20.57,75.21,156.18,19.89,29.43,22.46,,not_stage_2,3,1029.35,865.98,4.81,0.04396,"{'price_above_30w_ma': True, '30w_ma_rising': True, 'price_above_10w_ma': False, 'relative_strength_positive': False, 'near_52w_high': True}",leading,lagging,100.09,100.18,0.81,1.09,True,False,2026-09-15 ratio=99.27 momentum=99.09; 2026-09-16 ratio=99.84 momentum=99.86; 2026-09-17 ratio=99.69 momentum=99.27; 2026-09-18 ratio=99.96 momentum=99.29; 2026-09-21 ratio=100.09 momentum=100.18,100.97
stock,GRP,GRPLTD.NS,Rubber,Capital Goods,1068.11,0.18,4.2,140.0,156.83,26.73,155.93,6.94,,stage_2,4,1992.7,1904.3,1.27,0.08511,"{'price_above_30w_ma': True, '30w_ma_rising': True, 'price_above_10w_ma': False, 'relative_strength_positive': True, 'near_52w_high': True}",weakening,leading,101.07,99.69,-1.46,-4.06,False,False,2026-09-15 ratio=102.53 momentum=103.75; 2026-09-16 ratio=101.28 momentum=99.85; 2026-09-17 ratio=101.03 momentum=99.64; 2026-09-18 ratio=101.48 momentum=101.24; 2026-09-21 ratio=101.07 momentum=99.69,112.89
stock,Rubfila Intl.,RUBFILA.NS,Rubber,Capital Goods,364.83,2.99,6.0,0.67,110.17,-10.71,13.85,12.59,,not_stage_2,1,67.88,70.33,-0.12,0.0029,"{'price_above_30w_ma': False, '30w_ma_rising': False, 'price_above_10w_ma': False, 'relative_strength_positive': False, 'near_52w_high': True}",lagging,lagging,99.94,99.58,1.4,0.49,False,False,2026-09-15 ratio=98.54 momentum=99.09; 2026-09-16 ratio=99.01 momentum=99.80; 2026-09-17 ratio=99.23 momentum=101.10; 2026-09-18 ratio=99.78 momentum=101.91; 2026-09-21 ratio=99.94 momentum=99.58,20.0
stock,Gayatri Rubbers,GRCL.NS,Rubber,Capital Goods,327.06,0.0,2.95,86.71,24.48,33.99,58.51,37.86,,stage_2,5,585.0,508.13,4.92,0.02498,"{'price_above_30w_ma': True, '30w_ma_rising': True, 'price_above_10w_ma': True, 'relative_strength_positive': True, 'near_52w_high': True}",leading,leading,100.88,101.81,0.04,-0.73,False,False,2026-09-15 ratio=100.84 momentum=102.53; 2026-09-16 ratio=100.83 momentum=101.61; 2026-09-17 ratio=100.63 momentum=99.86; 2026-09-18 ratio=100.60 momentum=101.30; 2026-09-21 ratio=100.88 momentum=101.81,168.29
stock,Harri. Malayalam,HARRMALAYA.NS,Rubber,Capital Goods,326.72,0.0,3.93,-34.06,124.92,7.26,12.06,11.77,,not_stage_2,2,178.18,200.69,0.63,0.00761,"{'price_above_30w_ma': False, '30w_ma_rising': True, 'price_above_10w_ma': False, 'relative_strength_positive': False, 'near_52w_high': True}",lagging,lagging,98.38,97.48,-0.31,-0.88,False,False,2026-09-15 ratio=98.69 momentum=98.37; 2026-09-16 ratio=98.34 momentum=98.43; 2026-09-17 ratio=98.53 momentum=100.98; 2026-09-18 ratio=98.37 momentum=98.24; 2026-09-21 ratio=98.38 momentum=97.48,41.26
stock,Elgi Rubber Co,ELGIRUBCO.NS,Rubber,Capital Goods,299.45,0.0,40.85,293.38,70.09,-18.1,,-12.92,,stage_2,5,59.86,52.12,5.03,0.00256,"{'price_above_30w_ma': True, '30w_ma_rising': True, 'price_above_10w_ma': True, 'relative_strength_positive': True, 'near_52w_high': True}",leading,lagging,101.22,100.87,1.61,2.19,True,False,2026-09-15 ratio=99.61 momentum=98.68; 2026-09-16 ratio=99.94 momentum=98.72; 2026-09-17 ratio=102.10 momentum=101.32; 2026-09-18 ratio=102.26 momentum=101.80; 2026-09-21 ratio=101.22 momentum=100.87,175.51
stock,Sampann Utpadan,SAMPANN.NS,Rubber,Capital Goods,123.17,0.0,2.05,12.02,41.7,27.6,17.6,8.3,,not_stage_2,0,24.07,27.35,-3.33,0.00103,"{'price_above_30w_ma': False, '30w_ma_rising': False, 'price_above_10w_ma': False, 'relative_strength_positive': False, 'near_52w_high': False}",lagging,lagging,98.58,99.63,0.0,0.66,False,False,2026-09-15 ratio=98.57 momentum=98.98; 2026-09-16 ratio=98.87 momentum=103.74; 2026-09-17 ratio=98.84 momentum=104.37; 2026-09-18 ratio=99.21 momentum=103.70; 2026-09-21 ratio=98.58 momentum=99.63,0.0
stock,Lead Reclaim,LRRPL.NS,Rubber,Capital Goods,78.63,0.0,3.1,219.59,17.92,-18.25,19.13,21.34,,stage_2,5,94.5,83.28,4.55,0.00404,"{'price_above_30w_ma': True, '30w_ma_rising': True, 'price_above_10w_ma': True, 'relative_strength_positive': True, 'near_52w_high': True}",leading,leading,102.23,103.49,0.65,1.61,False,False,2026-09-15 ratio=101.58 momentum=101.88; 2026-09-16 ratio=101.15 momentum=101.53; 2026-09-17 ratio=101.35 momentum=102.05; 2026-09-18 ratio=101.25 momentum=101.98; 2026-09-21 ratio=102.23 momentum=103.49,182.7
stock,KIOCL,KIOCL.NS,Sponge Iron,Metals & Mining,20833.79,0.0,-15.48,59.04,158.01,73.75,535.85,1.35,,not_stage_2,1,341.0,373.81,0.34,0.01456,"{'price_above_30w_ma': False, '30w_ma_rising': True, 'price_above_10w_ma': False, 'relative_strength_positive': False, 'near_52w_high': False}",lagging,lagging,98.28,98.08,0.23,0.65,False,False,2026-09-15 ratio=98.06 momentum=97.43; 2026-09-16 ratio=97.00 momentum=97.15; 2026-09-17 ratio=97.99 momentum=98.12; 2026-09-18 ratio=98.24 momentum=98.24; 2026-09-21 ratio=98.28 momentum=98.08,20.68
stock,S.A.L Steel,SALSTEEL.NS,Sponge Iron,Metals & Mining,1162.71,0.0,3.09,131.95,87.37,-31.57,,1.08,,stage_2,5,82.26,59.04,8.24,0.00351,"{'price_above_30w_ma': True, '30w_ma_rising': True, 'price_above_10w_ma': True, 'relative_strength_positive': True, 'near_52w_high': True}",weakening,weakening,101.51,98.73,0.77,1.52,False,False,2026-09-15 ratio=100.74 momentum=97.21; 2026-09-16 ratio=101.03 momentum=97.10; 2026-09-17 ratio=101.32 momentum=97.79; 2026-09-18 ratio=101.60 momentum=98.57; 2026-09-21 ratio=101.51 momentum=98.73,149.03
stock,Vraj Iron,VRAJ.NS,Sponge Iron,Metals & Mining,414.7,0.0,11.51,51.65,193.83,40.14,11.54,10.49,,not_stage_2,4,128.65,122.39,-0.38,0.00549,"{'price_above_30w_ma': True, '30w_ma_rising': False, 'price_above_10w_ma': True, 'relative_strength_positive': True, 'near_52w_high': True}",leading,leading,101.08,103.27,0.23,2.32,False,False,2026-09-15 ratio=100.85 momentum=100.95; 2026-09-16 ratio=100.29 momentum=100.03; 2026-09-17 ratio=100.50 momentum=101.39; 2026-09-18 ratio=101.03 momentum=102.54; 2026-09-21 ratio=101.08 momentum=103.27,121.75
stock,Chaman Metallics,CMNL.NS,Sponge Iron,Metals & Mining,279.96,0.0,-1.62,-78.12,344.75,326.41,,5.37,,stage_2,4,111.25,109.7,0.41,0.00475,"{'price_above_30w_ma': True, '30w_ma_rising': True, 'price_above_10w_ma': True, 'relative_strength_positive': True, 'near_52w_high': False}",weakening,weakening,100.74,97.64,-0.45,0.39,False,False,2026-09-15 ratio=101.18 momentum=97.25; 2026-09-16 ratio=101.39 momentum=99.06; 2026-09-17 ratio=101.29 momentum=96.94; 2026-09-18 ratio=100.81 momentum=94.33; 2026-09-21 ratio=100.74 momentum=97.64,109.52
stock,Vaswani Industri,VASWANI.NS,Sponge Iron,Metals & Mining,149.13,0.0,1.16,-78.79,117.79,3.07,,8.76,,not_stage_2,0,46.1,53.34,-3.06,0.00197,"{'price_above_30w_ma': False, '30w_ma_rising': False, 'price_above_10w_ma': False, 'relative_strength_positive': False, 'near_52w_high': False}",improving,lagging,99.11,101.99,0.5,3.58,False,True,2026-09-15 ratio=98.61 momentum=98.41; 2026-09-16 ratio=98.71 momentum=97.77; 2026-09-17 ratio=98.59 momentum=98.97; 2026-09-18 ratio=99.27 momentum=103.87; 2026-09-21 ratio=99.11 momentum=101.99,9.95
stock,Shri Hare-Krish.,SHKSIL.NS,Sponge Iron,Metals & Mining,63.04,0.0,1.55,-64.85,27.21,-35.63,10.17,7.76,,insufficient_data,0,,,,,{},insufficient_data,insufficient_data,,,,,False,False,,0.0
stock,DOMS Industries,DOMS.NS,Stationary,Fast Moving Consumer Goods,12705.86,0.17,45.28,-22.33,670.51,19.25,58.44,24.32,,not_stage_2,1,2083.1,2240.11,-1.34,0.08897,"{'price_above_30w_ma': False, '30w_ma_rising': False, 'price_above_10w_ma': False, 'relative_strength_positive': False, 'near_52w_high': True}",lagging,lagging,97.84,97.49,-1.54,-1.71,False,False,2026-09-15 ratio=99.37 momentum=99.20; 2026-09-16 ratio=98.35 momentum=97.46; 2026-09-17 ratio=99.16 momentum=99.38; 2026-09-18 ratio=98.61 momentum=98.22; 2026-09-21 ratio=97.84 momentum=97.49,20.0
stock,Navneet Educat.,NAVNETEDUL.NS,Stationary,Fast Moving Consumer Goods,2709.06,2.44,141.0,-16.66,788.0,-0.76,21.65,10.23,,not_stage_2,1,126.82,138.11,-2.4,0.00542,"{'price_above_30w_ma': False, '30w_ma_rising': False, 'price_above_10w_ma': False, 'relative_strength_positive': False, 'near_52w_high': True}",improving,lagging,99.28,100.77,0.29,3.72,False,True,2026-09-15 ratio=98.99 momentum=97.05; 2026-09-16 ratio=99.08 momentum=98.08; 2026-09-17 ratio=99.06 momentum=96.53; 2026-09-18 ratio=99.31 momentum=100.25; 2026-09-21 ratio=99.28 momentum=100.77,23.85
stock,Flair Writing,FLAIR.NS,Stationary,Fast Moving Consumer Goods,2536.71,0.41,29.08,-0.28,319.25,10.64,18.16,16.83,,not_stage_2,0,238.8,280.0,-3.41,0.0102,"{'price_above_30w_ma': False, '30w_ma_rising': False, 'price_above_10w_ma': False, 'relative_strength_positive': False, 'near_52w_high': False}",improving,lagging,99.28,101.43,0.56,2.84,False,True,2026-09-15 ratio=98.72 momentum=98.59; 2026-09-16 ratio=98.29 momentum=96.85; 2026-09-17 ratio=99.17 momentum=99.67; 2026-09-18 ratio=98.69 momentum=96.85; 2026-09-21 ratio=99.28 momentum=101.43,7.15
stock,Kokuyo Camlin,KOKUYOCMLN.NS,Stationary,Fast Moving Consumer Goods,755.93,0.4,7.3,-27.44,229.18,0.79,34.33,10.21,,not_stage_2,0,76.25,83.77,-1.11,0.00326,"{'price_above_30w_ma': False, '30w_ma_rising': False, 'price_above_10w_ma': False, 'relative_strength_positive': False, 'near_52w_high': False}",lagging,improving,98.61,97.2,-0.47,-4.52,False,False,2026-09-15 ratio=99.08 momentum=101.71; 2026-09-16 ratio=98.86 momentum=101.84; 2026-09-17 ratio=98.71 momentum=101.88; 2026-09-18 ratio=99.22 momentum=103.88; 2026-09-21 ratio=98.61 momentum=97.20,0.0
stock,Linc,LINC.NS,Stationary,Fast Moving Consumer Goods,553.06,1.62,5.1,-30.42,135.65,1.01,16.09,19.12,,not_stage_2,0,91.57,100.54,-2.04,0.00391,"{'price_above_30w_ma': False, '30w_ma_rising': False, 'price_above_10w_ma': False, 'relative_strength_positive': False, 'near_52w_high': False}",lagging,improving,98.92,99.72,-0.84,-2.74,False,False,2026-09-15 ratio=99.75 momentum=102.46; 2026-09-16 ratio=98.70 momentum=99.84; 2026-09-17 ratio=98.89 momentum=99.51; 2026-09-18 ratio=98.99 momentum=100.03; 2026-09-21 ratio=98.92 momentum=99.72,0.0
stock,Sundaram Multi.,SUNDARAM.NS,Stationary,Fast Moving Consumer Goods,54.97,0.0,0.32,138.89,49.6,21.99,15.66,4.22,,not_stage_2,0,1.17,1.3,-4.11,5e-05,"{'price_above_30w_ma': False, '30w_ma_rising': False, 'price_above_10w_ma': False, 'relative_strength_positive': False, 'near_52w_high': False}",lagging,lagging,99.47,97.81,-0.44,-1.95,False,False,2026-09-15 ratio=99.91 momentum=99.77; 2026-09-16 ratio=99.61 momentum=100.67; 2026-09-17 ratio=99.79 momentum=99.62; 2026-09-18 ratio=99.30 momentum=96.97; 2026-09-21 ratio=99.47 momentum=97.81,0.0
stock,Vasa Retail,VASA.NS,Stationary,Fast Moving Consumer Goods,2.13,0.0,-0.05,28.57,0.0,,,-1.93,,not_stage_2,0,3.55,4.44,-3.47,0.00015,"{'price_above_30w_ma': False, '30w_ma_rising': False, 'price_above_10w_ma': False, 'relative_strength_positive': False, 'near_52w_high': False}",improving,lagging,98.01,100.52,0.44,2.35,False,True,2026-09-15 ratio=97.57 momentum=98.17; 2026-09-16 ratio=97.69 momentum=101.91; 2026-09-17 ratio=97.82 momentum=101.04; 2026-09-18 ratio=97.92 momentum=100.65; 2026-09-21 ratio=98.01 momentum=100.52,2.6
stock,Indus Towers,INDUSTOWER.NS,Telecom - Infrastructure,Telecommunic ation,100844.26,3.66,1745.8,0.52,8431.1,4.64,14.1,19.48,,not_stage_2,2,377.65,407.04,-2.56,0.01613,"{'price_above_30w_ma': False, '30w_ma_rising': False, 'price_above_10w_ma': False, 'relative_strength_positive': True, 'near_52w_high': True}",leading,leading,100.32,101.52,-0.51,0.42,False,False,2026-09-15 ratio=100.83 momentum=101.10; 2026-09-16 ratio=100.37 momentum=102.17; 2026-09-17 ratio=100.79 momentum=101.87; 2026-09-18 ratio=100.23 momentum=101.50; 2026-09-21 ratio=100.32 momentum=101.52,69.2
stock,HFCL,HFCL.NS,Telecom - Infrastructure,Telecommunic ation,33940.02,0.09,245.64,809.06,1914.98,119.85,59.28,10.76,,not_stage_2,3,214.31,166.46,14.04,0.00915,"{'price_above_30w_ma': True, '30w_ma_rising': True, 'price_above_10w_ma': False, 'relative_strength_positive': False, 'near_52w_high': True}",weakening,weakening,100.01,98.71,-0.63,1.75,False,False,2026-09-15 ratio=100.63 momentum=96.97; 2026-09-16 ratio=100.04 momentum=97.91; 2026-09-17 ratio=99.81 momentum=98.72; 2026-09-18 ratio=100.13 momentum=99.64; 2026-09-21 ratio=100.01 momentum=98.71,88.13
stock,Pace Digitek,PACEDIGITK.NS,Telecom - Infrastructure,Telecommunic ation,3622.09,0.0,62.5,13.24,555.36,51.29,12.06,21.4,,not_stage_2,0,154.86,178.94,-1.67,0.00661,"{'price_above_30w_ma': False, '30w_ma_rising': False, 'price_above_10w_ma': False, 'relative_strength_positive': False, 'near_52w_high': False}",improving,improving,98.55,100.58,0.19,0.42,False,True,2026-09-15 ratio=98.36 momentum=100.17; 2026-09-16 ratio=98.33 momentum=102.37; 2026-09-17 ratio=98.43 momentum=103.34; 2026-09-18 ratio=98.62 momentum=102.69; 2026-09-21 ratio=98.55 momentum=100.58,2.9
stock,GTL Infra.,GTLINFRA.NS,Telecom - Infrastructure,Telecommunic ation,1434.65,0.0,69.39,129.86,327.31,-2.16,,,,not_stage_2,0,1.13,1.25,-0.24,5e-05,"{'price_above_30w_ma': False, '30w_ma_rising': False, 'price_above_10w_ma': False, 'relative_strength_positive': False, 'near_52w_high': False}",lagging,improving,98.54,99.34,-0.37,-0.99,False,False,2026-09-15 ratio=98.91 momentum=100.33; 2026-09-16 ratio=98.35 momentum=99.45; 2026-09-17 ratio=99.05 momentum=100.88; 2026-09-18 ratio=99.23 momentum=101.37; 2026-09-21 ratio=98.54 momentum=99.34,0.0
stock,Suyog Telematics,SUYOG.NS,Telecom - Infrastructure,Telecommunic ation,753.25,0.16,13.93,-18.11,65.27,2.16,12.72,14.42,,not_stage_2,1,648.2,764.98,0.36,0.02768,"{'price_above_30w_ma': False, '30w_ma_rising': True, 'price_above_10w_ma': False, 'relative_strength_positive': False, 'near_52w_high': False}",lagging,lagging,98.22,99.47,0.32,0.19,False,False,2026-09-15 ratio=97.90 momentum=99.28; 2026-09-16 ratio=98.18 momentum=100.42; 2026-09-17 ratio=98.34 momentum=100.78; 2026-09-18 ratio=98.17 momentum=98.93; 2026-09-21 ratio=98.22 momentum=99.47,20.72
stock,Sar Televenture,SARTELE.NS,Telecom - Infrastructure,Telecommunic ation,380.37,0.0,36.23,25.49,280.35,35.3,5.3,8.84,,not_stage_2,0,73.4,132.77,-12.08,0.00313,"{'price_above_30w_ma': False, '30w_ma_rising': False, 'price_above_10w_ma': False, 'relative_strength_positive': False, 'near_52w_high': False}",lagging,lagging,98.03,98.47,-0.02,-0.09,False,False,2026-09-15 ratio=98.05 momentum=98.56; 2026-09-16 ratio=97.86 momentum=98.63; 2026-09-17 ratio=98.29 momentum=100.78; 2026-09-18 ratio=98.07 momentum=98.32; 2026-09-21 ratio=98.03 momentum=98.47,0.0
stock,Rama Telecom,RTL.NS,Telecom - Infrastructure,Telecommunic ation,108.89,0.0,0.48,-86.7,27.75,18.69,37.42,11.89,,insufficient_data,0,,,,,{},insufficient_data,insufficient_data,,,,,False,False,,0.0
stock,Kore Digital,KDL.NS,Telecom - Infrastructure,Telecommunic ation,81.04,0.0,11.91,-51.61,150.42,-36.24,2.21,38.1,,not_stage_2,0,70.9,118.29,-5.93,0.00303,"{'price_above_30w_ma': False, '30w_ma_rising': False, 'price_above_10w_ma': False, 'relative_strength_positive': False, 'near_52w_high': False}",lagging,improving,97.62,97.25,-1.51,-4.96,False,False,2026-09-15 ratio=99.14 momentum=102.21; 2026-09-16 ratio=99.03 momentum=101.79; 2026-09-17 ratio=99.03 momentum=102.53; 2026-09-18 ratio=98.23 momentum=98.15; 2026-09-21 ratio=97.62 momentum=97.25,0.0
