level,name,symbol,parent,sector,market_cap_cr,dividend_yield_pct,np_qtr_cr,qtr_profit_var_pct,sales_qtr_cr,qtr_sales_var_pct,pe,roce,error,stage,stage2_score,close,weekly_ma,weekly_ma_slope_4w_pct,rs_vs_benchmark,checks,rrg_quadrant,rrg_quadrant_5d_ago,rs_ratio,rs_momentum,rs_ratio_5d_delta,rs_momentum_5d_delta,moving_to_leading,improving_toward_leading,rrg_tail,stock_score
stock,Bajaj Auto,BAJAJ-AUTO.NS,2/3 Wheelers,Automobile and Auto Components,313055.97,1.32,3188.75,45.93,21688.83,65.14,26.56,28.24,,stage_2,4,11363.0,10445.07,2.39,0.4853,"{'price_above_30w_ma': True, '30w_ma_rising': True, 'price_above_10w_ma': False, 'relative_strength_positive': True, 'near_52w_high': True}",weakening,weakening,100.53,97.32,-0.31,0.29,False,False,2026-09-15 ratio=100.84 momentum=97.03; 2026-09-16 ratio=101.01 momentum=95.42; 2026-09-17 ratio=100.78 momentum=95.22; 2026-09-18 ratio=100.54 momentum=96.68; 2026-09-21 ratio=100.53 momentum=97.32,112.43
stock,Eicher Motors,EICHERMOT.NS,2/3 Wheelers,Automobile and Auto Components,204984.91,1.1,1462.51,21.35,6632.42,31.55,35.24,30.53,,not_stage_2,2,7427.0,7387.37,-0.49,0.3172,"{'price_above_30w_ma': True, '30w_ma_rising': False, 'price_above_10w_ma': False, 'relative_strength_positive': False, 'near_52w_high': True}",lagging,lagging,99.61,99.16,-0.35,1.88,False,False,2026-09-15 ratio=99.96 momentum=97.27; 2026-09-16 ratio=100.00 momentum=96.70; 2026-09-17 ratio=99.85 momentum=98.85; 2026-09-18 ratio=99.80 momentum=98.90; 2026-09-21 ratio=99.61 momentum=99.16,40.0
stock,TVS Motor Co.,TVSMOTOR.NS,2/3 Wheelers,Automobile and Auto Components,196924.19,0.29,1057.61,67.11,16295.52,33.46,56.93,17.37,,stage_2,4,4140.0,3755.74,1.13,0.17682,"{'price_above_30w_ma': True, '30w_ma_rising': True, 'price_above_10w_ma': False, 'relative_strength_positive': True, 'near_52w_high': True}",leading,weakening,100.47,100.5,0.08,6.98,True,False,2026-09-15 ratio=100.40 momentum=93.52; 2026-09-16 ratio=100.24 momentum=96.88; 2026-09-17 ratio=100.43 momentum=97.93; 2026-09-18 ratio=100.62 momentum=99.59; 2026-09-21 ratio=100.47 momentum=100.50,142.11
stock,Hero Motocorp,HEROMOTOCO.NS,2/3 Wheelers,Automobile and Auto Components,107916.0,3.43,1417.93,-17.18,13126.35,34.94,19.49,35.22,,not_stage_2,3,5373.0,5198.96,-0.85,0.22948,"{'price_above_30w_ma': True, '30w_ma_rising': False, 'price_above_10w_ma': False, 'relative_strength_positive': True, 'near_52w_high': True}",leading,weakening,100.67,102.84,0.55,5.02,True,False,2026-09-15 ratio=100.11 momentum=97.82; 2026-09-16 ratio=100.25 momentum=92.64; 2026-09-17 ratio=100.50 momentum=102.37; 2026-09-18 ratio=100.26 momentum=100.19; 2026-09-21 ratio=100.67 momentum=102.84,107.55
stock,Ather Energy,ATHERENERG.NS,2/3 Wheelers,Automobile and Auto Components,59493.75,0.0,-50.87,71.46,1216.92,88.79,,-19.77,,stage_2,5,1543.8,1119.51,11.97,0.06593,"{'price_above_30w_ma': True, '30w_ma_rising': True, 'price_above_10w_ma': True, 'relative_strength_positive': True, 'near_52w_high': True}",weakening,weakening,101.1,98.7,-0.15,2.23,False,False,2026-09-15 ratio=101.25 momentum=96.46; 2026-09-16 ratio=101.17 momentum=95.53; 2026-09-17 ratio=101.00 momentum=95.52; 2026-09-18 ratio=101.46 momentum=98.56; 2026-09-21 ratio=101.10 momentum=98.70,154.44
stock,Ola Electric,OLAELEC.NS,2/3 Wheelers,Automobile and Auto Components,19379.15,0.0,-336.0,21.5,455.0,-45.05,,-19.87,,not_stage_2,3,37.78,37.02,3.4,0.00161,"{'price_above_30w_ma': True, '30w_ma_rising': True, 'price_above_10w_ma': False, 'relative_strength_positive': True, 'near_52w_high': False}",lagging,weakening,99.54,99.91,-1.06,-0.03,False,False,2026-09-15 ratio=100.60 momentum=99.93; 2026-09-16 ratio=99.89 momentum=98.98; 2026-09-17 ratio=99.48 momentum=99.25; 2026-09-18 ratio=99.07 momentum=99.70; 2026-09-21 ratio=99.54 momentum=99.91,66.8
stock,Ebix,EBIX.NS,2/3 Wheelers,Automobile and Auto Components,398.36,0.0,82.0,92.94,573.24,-5.08,,5.95,,insufficient_data,0,,,,,{},insufficient_data,insufficient_data,,,,,False,False,,0.0
stock,Wardwizard Inno.,WARDINMOBI.NS,2/3 Wheelers,Automobile and Auto Components,170.26,1.77,0.19,-83.04,61.64,91.01,166.92,7.04,,insufficient_data,0,,,,,{},insufficient_data,insufficient_data,,,,,False,False,,0.0
stock,Tunwal E-Motors,TUNWAL.NS,2/3 Wheelers,Automobile and Auto Components,147.98,0.39,4.23,-34.72,132.45,27.15,11.62,13.28,,not_stage_2,0,25.2,28.68,-1.88,0.00108,"{'price_above_30w_ma': False, '30w_ma_rising': False, 'price_above_10w_ma': False, 'relative_strength_positive': False, 'near_52w_high': False}",leading,leading,100.19,101.72,-0.02,-0.57,False,False,2026-09-15 ratio=100.22 momentum=102.29; 2026-09-16 ratio=100.01 momentum=102.51; 2026-09-17 ratio=100.90 momentum=102.93; 2026-09-18 ratio=101.14 momentum=102.40; 2026-09-21 ratio=100.19 momentum=101.72,29.55
stock,Delta Auto.,DELTIC.NS,2/3 Wheelers,Automobile and Auto Components,52.91,0.0,3.1,-47.28,37.54,-28.28,8.07,11.81,,insufficient_data,0,,,,,{},insufficient_data,insufficient_data,,,,,False,False,,0.0
stock,Timken India,TIMKEN.NS,Abrasives & Bearings,Capital Goods,24728.83,0.08,115.13,10.47,929.09,14.87,60.43,18.26,,not_stage_2,2,3178.5,3376.27,-0.2,0.13575,"{'price_above_30w_ma': False, '30w_ma_rising': False, 'price_above_10w_ma': False, 'relative_strength_positive': True, 'near_52w_high': True}",leading,leading,100.56,100.88,-0.85,-0.61,False,False,2026-09-15 ratio=101.41 momentum=101.49; 2026-09-16 ratio=102.27 momentum=101.76; 2026-09-17 ratio=101.44 momentum=101.43; 2026-09-18 ratio=100.53 momentum=100.79; 2026-09-21 ratio=100.56 momentum=100.88,67.2
stock,Carborundum Uni.,CARBORUNIV.NS,Abrasives & Bearings,Capital Goods,24055.65,0.32,80.34,23.44,1426.63,17.03,95.92,10.52,,stage_2,5,1211.3,1028.04,4.32,0.05173,"{'price_above_30w_ma': True, '30w_ma_rising': True, 'price_above_10w_ma': True, 'relative_strength_positive': True, 'near_52w_high': True}",leading,lagging,103.17,102.11,3.78,3.18,True,False,2026-09-15 ratio=99.38 momentum=98.93; 2026-09-16 ratio=99.91 momentum=99.93; 2026-09-17 ratio=100.88 momentum=102.69; 2026-09-18 ratio=101.99 momentum=103.52; 2026-09-21 ratio=103.17 momentum=102.11,190.04
stock,Grindwell Norton,GRINDWELL.NS,Abrasives & Bearings,Capital Goods,21897.12,0.96,115.31,22.3,803.3,14.19,50.19,21.18,,not_stage_2,3,1941.9,1850.13,1.98,0.08294,"{'price_above_30w_ma': True, '30w_ma_rising': True, 'price_above_10w_ma': False, 'relative_strength_positive': False, 'near_52w_high': True}",improving,lagging,99.8,102.47,1.81,7.73,False,True,2026-09-15 ratio=98.00 momentum=94.74; 2026-09-16 ratio=98.34 momentum=98.58; 2026-09-17 ratio=98.48 momentum=99.19; 2026-09-18 ratio=98.90 momentum=100.19; 2026-09-21 ratio=99.80 momentum=102.47,76.31
stock,SKF India Indus.,SKFINDUS.NS,Abrasives & Bearings,Capital Goods,14257.85,0.69,61.92,-13.84,970.77,18.3,37.09,29.89,,stage_2,4,2790.8,2518.27,2.26,0.11919,"{'price_above_30w_ma': True, '30w_ma_rising': True, 'price_above_10w_ma': False, 'relative_strength_positive': True, 'near_52w_high': True}",weakening,weakening,101.0,96.98,-0.13,-0.6,False,False,2026-09-15 ratio=101.13 momentum=97.58; 2026-09-16 ratio=101.77 momentum=99.62; 2026-09-17 ratio=101.65 momentum=97.48; 2026-09-18 ratio=101.80 momentum=97.01; 2026-09-21 ratio=101.00 momentum=96.98,114.52
stock,SKF India,SKFINDIA.NS,Abrasives & Bearings,Capital Goods,7519.82,2.63,61.84,32.31,587.79,27.09,50.64,13.33,,not_stage_2,1,1507.2,1596.38,-1.56,0.06437,"{'price_above_30w_ma': False, '30w_ma_rising': False, 'price_above_10w_ma': False, 'relative_strength_positive': True, 'near_52w_high': False}",leading,leading,100.76,101.39,0.04,-0.75,False,False,2026-09-15 ratio=100.72 momentum=102.14; 2026-09-16 ratio=101.33 momentum=104.25; 2026-09-17 ratio=101.16 momentum=103.51; 2026-09-18 ratio=101.26 momentum=103.30; 2026-09-21 ratio=100.76 momentum=101.39,50.75
stock,Wendt India,WENDT.NS,Abrasives & Bearings,Capital Goods,1736.64,0.35,6.18,63.49,71.28,36.63,102.46,7.82,,stage_2,5,8627.0,7511.4,3.06,0.36845,"{'price_above_30w_ma': True, '30w_ma_rising': True, 'price_above_10w_ma': True, 'relative_strength_positive': True, 'near_52w_high': True}",leading,leading,101.77,101.42,-0.81,-0.29,False,False,2026-09-15 ratio=102.57 momentum=101.71; 2026-09-16 ratio=102.49 momentum=102.12; 2026-09-17 ratio=102.49 momentum=103.36; 2026-09-18 ratio=102.25 momentum=100.75; 2026-09-21 ratio=101.77 momentum=101.42,167.07
stock,SKP Bearing,SKP.NS,Abrasives & Bearings,Capital Goods,272.07,0.68,0.04,-89.47,22.11,-0.05,461.14,11.38,,not_stage_2,3,160.05,156.79,-0.48,0.00684,"{'price_above_30w_ma': True, '30w_ma_rising': False, 'price_above_10w_ma': True, 'relative_strength_positive': True, 'near_52w_high': False}",leading,leading,101.23,102.15,-0.82,-0.05,False,False,2026-09-15 ratio=102.06 momentum=102.20; 2026-09-16 ratio=101.13 momentum=101.33; 2026-09-17 ratio=100.72 momentum=101.38; 2026-09-18 ratio=101.07 momentum=102.38; 2026-09-21 ratio=101.23 momentum=102.15,96.9
stock,NRB Indl Bearing,NIBL.NS,Abrasives & Bearings,Capital Goods,80.7,0.0,-6.59,-29.47,18.9,1.89,,-18.17,,stage_2,5,33.08,31.3,0.61,0.00141,"{'price_above_30w_ma': True, '30w_ma_rising': True, 'price_above_10w_ma': True, 'relative_strength_positive': True, 'near_52w_high': True}",improving,improving,99.29,100.03,-0.5,-1.25,False,False,2026-09-15 ratio=99.79 momentum=101.28; 2026-09-16 ratio=99.62 momentum=100.91; 2026-09-17 ratio=99.45 momentum=100.03; 2026-09-18 ratio=99.54 momentum=100.60; 2026-09-21 ratio=99.29 momentum=100.03,126.37
stock,Signpost India,SIGNPOST.NS,Advertising & Media Agencies,"Media, Entertainment & Publication",1462.9,0.18,18.69,22.32,152.26,10.61,19.92,25.13,,not_stage_2,3,267.05,267.42,1.45,0.01141,"{'price_above_30w_ma': False, '30w_ma_rising': True, 'price_above_10w_ma': False, 'relative_strength_positive': True, 'near_52w_high': True}",improving,improving,99.92,107.14,0.16,5.57,False,True,2026-09-15 ratio=99.76 momentum=101.56; 2026-09-16 ratio=99.69 momentum=101.61; 2026-09-17 ratio=99.63 momentum=102.41; 2026-09-18 ratio=100.03 momentum=103.51; 2026-09-21 ratio=99.92 momentum=107.14,98.6
stock,R K Swamy,RKSWAMY.NS,Advertising & Media Agencies,"Media, Entertainment & Publication",464.25,2.16,3.47,20.91,83.62,7.8,18.99,12.26,,not_stage_2,0,87.8,94.39,-1.97,0.00375,"{'price_above_30w_ma': False, '30w_ma_rising': False, 'price_above_10w_ma': False, 'relative_strength_positive': False, 'near_52w_high': False}",lagging,improving,98.56,98.76,-0.18,-3.15,False,False,2026-09-15 ratio=98.74 momentum=101.91; 2026-09-16 ratio=98.44 momentum=102.07; 2026-09-17 ratio=98.39 momentum=100.23; 2026-09-18 ratio=98.70 momentum=101.02; 2026-09-21 ratio=98.56 momentum=98.76,0.0
stock,Simca Advertis.,SIMCA.NS,Advertising & Media Agencies,"Media, Entertainment & Publication",331.91,0.0,9.04,1164.71,78.51,107.37,19.86,109.69,,insufficient_data,0,,,,,{},insufficient_data,insufficient_data,,,,,False,False,,0.0
stock,Vertoz,VERTOZ.NS,Advertising & Media Agencies,"Media, Entertainment & Publication",313.98,0.27,7.36,5.02,81.64,15.82,11.9,14.16,,not_stage_2,2,36.89,40.43,-4.07,0.00158,"{'price_above_30w_ma': False, '30w_ma_rising': False, 'price_above_10w_ma': True, 'relative_strength_positive': True, 'near_52w_high': False}",weakening,leading,100.53,99.95,-0.56,-1.17,False,False,2026-09-15 ratio=101.09 momentum=101.12; 2026-09-16 ratio=101.11 momentum=101.73; 2026-09-17 ratio=100.76 momentum=99.30; 2026-09-18 ratio=100.64 momentum=98.88; 2026-09-21 ratio=100.53 momentum=99.95,42.65
stock,Yaap Digital,YAAP.NS,Advertising & Media Agencies,"Media, Entertainment & Publication",265.01,0.0,19.0,84.08,135.66,28.14,16.76,28.46,,insufficient_data,0,,,,,{},insufficient_data,insufficient_data,,,,,False,False,,0.0
stock,Cash UR Drive,CUDML.NS,Advertising & Media Agencies,"Media, Entertainment & Publication",177.42,0.0,18.52,94.54,108.79,43.71,6.9,37.56,,insufficient_data,0,,,,,{},insufficient_data,insufficient_data,,,,,False,False,,0.0
stock,Digicontent,DGCONTENT.NS,Advertising & Media Agencies,"Media, Entertainment & Publication",140.02,0.0,-1.93,17.17,123.3,11.63,8.22,23.95,,not_stage_2,1,23.92,26.14,-1.23,0.00102,"{'price_above_30w_ma': False, '30w_ma_rising': False, 'price_above_10w_ma': False, 'relative_strength_positive': True, 'near_52w_high': False}",lagging,lagging,100.0,99.65,0.06,-0.02,False,False,2026-09-15 ratio=99.94 momentum=99.67; 2026-09-16 ratio=99.98 momentum=102.72; 2026-09-17 ratio=100.07 momentum=99.96; 2026-09-18 ratio=100.69 momentum=103.53; 2026-09-21 ratio=100.00 momentum=99.65,20.0
stock,Pramara Promotio,PRAMARA.NS,Advertising & Media Agencies,"Media, Entertainment & Publication",129.82,0.0,3.91,5.96,59.27,6.49,12.93,14.95,,not_stage_2,0,88.7,206.4,-14.64,0.00379,"{'price_above_30w_ma': False, '30w_ma_rising': False, 'price_above_10w_ma': False, 'relative_strength_positive': False, 'near_52w_high': False}",lagging,lagging,98.13,99.74,0.1,1.66,False,False,2026-09-15 ratio=98.03 momentum=98.07; 2026-09-16 ratio=98.10 momentum=97.51; 2026-09-17 ratio=97.93 momentum=98.68; 2026-09-18 ratio=98.02 momentum=99.34; 2026-09-21 ratio=98.13 momentum=99.74,0.0
stock,Value 360 Commu.,VALUE360.NS,Advertising & Media Agencies,"Media, Entertainment & Publication",99.84,0.0,4.99,131.34,35.84,16.97,10.06,38.64,,insufficient_data,0,,,,,{},insufficient_data,insufficient_data,,,,,False,False,,0.0
stock,Crayons Advertis,CRAYONS.NS,Advertising & Media Agencies,"Media, Entertainment & Publication",59.85,0.0,0.68,-94.03,171.88,26.88,17.48,5.53,,not_stage_2,0,24.5,30.01,-6.33,0.00105,"{'price_above_30w_ma': False, '30w_ma_rising': False, 'price_above_10w_ma': False, 'relative_strength_positive': False, 'near_52w_high': False}",lagging,lagging,98.67,99.78,0.6,1.81,False,False,2026-09-15 ratio=98.08 momentum=97.97; 2026-09-16 ratio=97.95 momentum=97.82; 2026-09-17 ratio=98.20 momentum=97.89; 2026-09-18 ratio=98.53 momentum=98.11; 2026-09-21 ratio=98.67 momentum=99.78,0.0
stock,Hind.Aeronautics,HAL.NS,Aerospace & Defense,Capital Goods,323891.93,0.93,1589.66,14.88,5515.17,14.45,34.75,31.97,,stage_2,4,4800.0,4431.74,2.31,0.205,"{'price_above_30w_ma': True, '30w_ma_rising': True, 'price_above_10w_ma': False, 'relative_strength_positive': True, 'near_52w_high': True}",weakening,weakening,100.88,99.63,0.21,-0.16,False,False,2026-09-15 ratio=100.67 momentum=99.80; 2026-09-16 ratio=100.55 momentum=99.53; 2026-09-17 ratio=100.91 momentum=100.30; 2026-09-18 ratio=100.86 momentum=100.33; 2026-09-21 ratio=100.88 momentum=99.63,114.02
stock,Bharat Electron,BEL.NS,Aerospace & Defense,Capital Goods,289941.0,0.63,1054.53,8.7,5546.98,24.94,47.17,36.44,,not_stage_2,2,397.9,418.48,-1.18,0.01699,"{'price_above_30w_ma': False, '30w_ma_rising': False, 'price_above_10w_ma': False, 'relative_strength_positive': True, 'near_52w_high': True}",leading,lagging,100.56,100.37,1.14,2.92,True,False,2026-09-15 ratio=99.43 momentum=97.44; 2026-09-16 ratio=99.58 momentum=98.36; 2026-09-17 ratio=100.49 momentum=100.24; 2026-09-18 ratio=100.14 momentum=99.10; 2026-09-21 ratio=100.56 momentum=100.37,74.65
stock,Bharat Dynamics,BDL.NS,Aerospace & Defense,Capital Goods,42450.69,0.42,118.79,547.36,572.24,130.81,81.52,13.86,,not_stage_2,0,1168.0,1294.1,-0.71,0.04988,"{'price_above_30w_ma': False, '30w_ma_rising': False, 'price_above_10w_ma': False, 'relative_strength_positive': False, 'near_52w_high': False}",lagging,lagging,98.7,98.86,0.79,2.2,False,False,2026-09-15 ratio=97.91 momentum=96.66; 2026-09-16 ratio=97.93 momentum=98.09; 2026-09-17 ratio=98.29 momentum=98.37; 2026-09-18 ratio=99.15 momentum=99.71; 2026-09-21 ratio=98.70 momentum=98.86,0.0
stock,Garden Reach Sh.,GRSE.NS,Aerospace & Defense,Capital Goods,27258.32,0.82,172.84,43.82,1814.62,38.53,34.05,42.82,,not_stage_2,2,2399.7,2592.59,0.03,0.10249,"{'price_above_30w_ma': False, '30w_ma_rising': True, 'price_above_10w_ma': False, 'relative_strength_positive': False, 'near_52w_high': True}",lagging,lagging,98.0,98.49,0.32,1.4,False,False,2026-09-15 ratio=97.68 momentum=97.08; 2026-09-16 ratio=96.93 momentum=97.52; 2026-09-17 ratio=97.51 momentum=98.69; 2026-09-18 ratio=98.70 momentum=99.74; 2026-09-21 ratio=98.00 momentum=98.49,40.06
stock,Data Pattern,DATAPATTNS.NS,Aerospace & Defense,Capital Goods,24746.49,0.23,22.06,-13.49,116.03,16.81,91.57,21.92,,stage_2,4,4484.9,4121.77,5.75,0.19155,"{'price_above_30w_ma': True, '30w_ma_rising': True, 'price_above_10w_ma': False, 'relative_strength_positive': True, 'near_52w_high': True}",weakening,weakening,100.53,99.67,0.34,-0.26,False,False,2026-09-15 ratio=100.19 momentum=99.93; 2026-09-16 ratio=99.94 momentum=99.61; 2026-09-17 ratio=100.26 momentum=99.76; 2026-09-18 ratio=100.61 momentum=99.70; 2026-09-21 ratio=100.53 momentum=99.67,119.15
stock,Sigma Advanced System,SIGMAADV.NS,Aerospace & Defense,Capital Goods,17774.7,0.0,35.41,-81.87,374.28,7083.88,106.88,11.74,,stage_2,5,948.0,474.38,23.36,0.04049,"{'price_above_30w_ma': True, '30w_ma_rising': True, 'price_above_10w_ma': True, 'relative_strength_positive': True, 'near_52w_high': True}",leading,weakening,102.31,102.23,0.52,4.57,True,False,2026-09-15 ratio=101.79 momentum=97.66; 2026-09-16 ratio=101.89 momentum=98.62; 2026-09-17 ratio=102.16 momentum=100.65; 2026-09-18 ratio=102.09 momentum=101.59; 2026-09-21 ratio=102.31 momentum=102.23,224.42
stock,Aequs,AEQUS.NS,Aerospace & Defense,Capital Goods,16344.74,0.0,-53.23,-1457.91,395.55,54.77,,1.69,,stage_2,5,242.87,202.11,6.58,0.01037,"{'price_above_30w_ma': True, '30w_ma_rising': True, 'price_above_10w_ma': True, 'relative_strength_positive': True, 'near_52w_high': True}",lagging,lagging,99.85,98.61,0.83,0.86,False,False,2026-09-15 ratio=99.01 momentum=97.75; 2026-09-16 ratio=98.87 momentum=97.07; 2026-09-17 ratio=99.71 momentum=98.26; 2026-09-18 ratio=99.91 momentum=97.68; 2026-09-21 ratio=99.85 momentum=98.61,138.16
stock,Astra Microwave,ASTRAMICRO.NS,Aerospace & Defense,Capital Goods,15184.36,0.15,12.35,-24.09,176.66,-11.55,80.32,20.28,,not_stage_2,3,1616.3,1428.34,7.48,0.06903,"{'price_above_30w_ma': True, '30w_ma_rising': True, 'price_above_10w_ma': False, 'relative_strength_positive': False, 'near_52w_high': True}",lagging,lagging,99.65,99.38,0.99,-0.57,False,False,2026-09-15 ratio=98.66 momentum=99.95; 2026-09-16 ratio=99.10 momentum=100.02; 2026-09-17 ratio=98.80 momentum=100.42; 2026-09-18 ratio=99.18 momentum=100.32; 2026-09-21 ratio=99.65 momentum=99.38,74.96
stock,Zen Technologies,ZENTEC.NS,Aerospace & Defense,Capital Goods,15078.99,0.06,31.85,-23.2,141.64,-10.48,82.99,16.18,,not_stage_2,2,1673.8,1674.9,3.21,0.07149,"{'price_above_30w_ma': False, '30w_ma_rising': True, 'price_above_10w_ma': False, 'relative_strength_positive': False, 'near_52w_high': True}",lagging,lagging,99.5,98.34,0.42,0.04,False,False,2026-09-15 ratio=99.08 momentum=98.30; 2026-09-16 ratio=99.31 momentum=98.80; 2026-09-17 ratio=99.51 momentum=97.84; 2026-09-18 ratio=99.53 momentum=98.18; 2026-09-21 ratio=99.50 momentum=98.34,46.42
stock,Apollo Micro Sys,APOLLO.NS,Aerospace & Defense,Capital Goods,15001.72,0.06,25.21,45.38,251.29,88.12,123.65,14.47,,stage_2,5,406.75,344.61,6.66,0.01737,"{'price_above_30w_ma': True, '30w_ma_rising': True, 'price_above_10w_ma': True, 'relative_strength_positive': True, 'near_52w_high': True}",leading,leading,100.28,100.34,-0.39,-0.61,False,False,2026-09-15 ratio=100.67 momentum=100.94; 2026-09-16 ratio=99.32 momentum=100.23; 2026-09-17 ratio=99.87 momentum=100.36; 2026-09-18 ratio=99.23 momentum=99.79; 2026-09-21 ratio=100.28 momentum=100.34,161.42
stock,Hindalco Inds.,HINDALCO.NS,Aluminium,Metals & Mining,225113.88,0.5,7013.0,116.7,84825.0,32.06,10.81,13.21,,not_stage_2,2,973.0,998.78,0.81,0.04156,"{'price_above_30w_ma': False, '30w_ma_rising': True, 'price_above_10w_ma': False, 'relative_strength_positive': False, 'near_52w_high': True}",weakening,lagging,100.16,98.8,0.19,0.63,False,False,2026-09-15 ratio=99.97 momentum=98.17; 2026-09-16 ratio=100.22 momentum=98.88; 2026-09-17 ratio=100.36 momentum=99.18; 2026-09-18 ratio=100.41 momentum=99.24; 2026-09-21 ratio=100.16 momentum=98.80,42.42
stock,Vedanta Aluminium Metal,VAML.NS,Aluminium,Metals & Mining,170590.18,1.83,6597.0,216.06,21393.0,45.99,10.78,,,insufficient_data,0,,,,,{},lagging,lagging,98.31,99.06,0.63,0.2,False,False,2026-09-15 ratio=97.67 momentum=98.85; 2026-09-16 ratio=97.96 momentum=99.25; 2026-09-17 ratio=97.56 momentum=98.48; 2026-09-18 ratio=98.67 momentum=99.51; 2026-09-21 ratio=98.31 momentum=99.06,0.0
stock,Natl. Aluminium,NATIONALUM.NS,Aluminium,Metals & Mining,66809.29,3.16,2003.14,90.87,5302.38,39.28,9.9,39.59,,not_stage_2,2,352.2,381.91,0.33,0.01504,"{'price_above_30w_ma': False, '30w_ma_rising': True, 'price_above_10w_ma': False, 'relative_strength_positive': False, 'near_52w_high': True}",lagging,lagging,99.61,97.89,-0.22,1.16,False,False,2026-09-15 ratio=99.83 momentum=96.72; 2026-09-16 ratio=100.01 momentum=98.72; 2026-09-17 ratio=99.93 momentum=98.63; 2026-09-18 ratio=99.57 momentum=97.57; 2026-09-21 ratio=99.61 momentum=97.89,40.66
stock,Arfin India,ARFIN.NS,Aluminium,Metals & Mining,1539.53,0.13,3.53,246.08,207.96,91.23,95.56,13.96,,stage_2,5,89.28,87.9,2.23,0.00381,"{'price_above_30w_ma': True, '30w_ma_rising': True, 'price_above_10w_ma': True, 'relative_strength_positive': True, 'near_52w_high': True}",leading,lagging,102.0,101.55,2.2,1.83,True,False,2026-09-15 ratio=99.80 momentum=99.72; 2026-09-16 ratio=99.70 momentum=100.07; 2026-09-17 ratio=101.30 momentum=100.73; 2026-09-18 ratio=101.70 momentum=100.58; 2026-09-21 ratio=102.00 momentum=101.55,177.21
stock,MMP Industries,MMP.NS,Aluminium,Metals & Mining,1180.71,0.43,13.7,15.32,232.6,26.9,26.48,12.56,,stage_2,5,461.3,298.8,9.71,0.0197,"{'price_above_30w_ma': True, '30w_ma_rising': True, 'price_above_10w_ma': True, 'relative_strength_positive': True, 'near_52w_high': True}",leading,leading,101.79,100.23,-0.2,-0.32,False,False,2026-09-15 ratio=101.99 momentum=100.55; 2026-09-16 ratio=101.84 momentum=100.95; 2026-09-17 ratio=101.86 momentum=101.14; 2026-09-18 ratio=101.76 momentum=100.32; 2026-09-21 ratio=101.79 momentum=100.23,174.52
stock,Maan Aluminium,MAANALU.NS,Aluminium,Metals & Mining,618.76,0.0,3.1,13.55,231.86,9.79,46.18,7.74,,not_stage_2,0,104.81,127.48,-3.51,0.00448,"{'price_above_30w_ma': False, '30w_ma_rising': False, 'price_above_10w_ma': False, 'relative_strength_positive': False, 'near_52w_high': False}",lagging,lagging,97.9,97.35,0.24,0.85,False,False,2026-09-15 ratio=97.66 momentum=96.51; 2026-09-16 ratio=97.05 momentum=97.19; 2026-09-17 ratio=97.17 momentum=97.58; 2026-09-18 ratio=97.74 momentum=96.62; 2026-09-21 ratio=97.90 momentum=97.35,0.0
stock,Jainik Power,JAINIK.NS,Aluminium,Metals & Mining,277.2,0.0,7.85,64.57,208.91,9.73,19.77,29.88,,insufficient_data,0,,,,,{},insufficient_data,insufficient_data,,,,,False,False,,0.0
stock,Manaksia Alumi.,MANAKALUCO.NS,Aluminium,Metals & Mining,235.33,0.14,2.85,82.69,139.59,3.85,26.59,10.15,,not_stage_2,2,35.36,34.33,2.71,0.00151,"{'price_above_30w_ma': True, '30w_ma_rising': True, 'price_above_10w_ma': False, 'relative_strength_positive': False, 'near_52w_high': False}",lagging,lagging,99.42,98.29,-0.37,0.25,False,False,2026-09-15 ratio=99.80 momentum=98.05; 2026-09-16 ratio=99.45 momentum=97.95; 2026-09-17 ratio=99.80 momentum=99.36; 2026-09-18 ratio=99.74 momentum=98.87; 2026-09-21 ratio=99.42 momentum=98.29,45.42
stock,Hind Aluminium,HINDALUMI.NS,Aluminium,Metals & Mining,59.18,0.0,1.91,-51.03,5.36,405.66,15.95,-2.7,,insufficient_data,0,,,,,{},insufficient_data,insufficient_data,,,,,False,False,,0.0
stock,Prec. Wires (I),PRECWIRE.NS,"Aluminium, Copper & Zinc Products",Capital Goods,9105.47,0.25,46.45,71.47,1779.24,59.49,52.14,32.94,,stage_2,5,491.1,397.85,7.18,0.02097,"{'price_above_30w_ma': True, '30w_ma_rising': True, 'price_above_10w_ma': True, 'relative_strength_positive': True, 'near_52w_high': True}",weakening,weakening,101.28,98.93,0.42,3.49,False,False,2026-09-15 ratio=100.86 momentum=95.44; 2026-09-16 ratio=100.77 momentum=95.99; 2026-09-17 ratio=100.93 momentum=97.24; 2026-09-18 ratio=101.47 momentum=98.17; 2026-09-21 ratio=101.28 momentum=98.93,145.76
stock,CMR Green Tech.,CMRGREEN.NS,"Aluminium, Copper & Zinc Products",Capital Goods,4988.33,0.0,68.18,16.41,3122.73,64.92,20.97,14.06,,insufficient_data,0,,,,,{},leading,weakening,102.38,101.7,2.23,2.81,True,False,2026-09-15 ratio=100.15 momentum=98.89; 2026-09-16 ratio=99.90 momentum=97.84; 2026-09-17 ratio=100.10 momentum=99.69; 2026-09-18 ratio=103.01 momentum=102.55; 2026-09-21 ratio=102.38 momentum=101.70,50.4
stock,Vidya Wires,VIDYAWIRES.NS,"Aluminium, Copper & Zinc Products",Capital Goods,1887.46,0.0,17.14,41.42,549.71,33.5,30.12,20.59,,not_stage_2,3,84.77,84.07,6.31,0.00362,"{'price_above_30w_ma': True, '30w_ma_rising': True, 'price_above_10w_ma': False, 'relative_strength_positive': False, 'near_52w_high': True}",lagging,lagging,99.16,98.62,-0.16,-0.83,False,False,2026-09-15 ratio=99.31 momentum=99.45; 2026-09-16 ratio=99.16 momentum=98.51; 2026-09-17 ratio=99.27 momentum=99.90; 2026-09-18 ratio=99.73 momentum=100.35; 2026-09-21 ratio=99.16 momentum=98.62,72.62
stock,Sunlite Recycli.,SUNLITE.NS,"Aluminium, Copper & Zinc Products",Capital Goods,847.61,0.16,25.8,257.84,1642.41,116.13,21.11,46.52,,insufficient_data,0,,,,,{},insufficient_data,insufficient_data,,,,,False,False,,0.0
stock,Baheti Recycling,BAHETI.NS,"Aluminium, Copper & Zinc Products",Capital Goods,795.27,0.0,17.79,61.87,409.72,53.38,29.43,21.55,,not_stage_2,3,765.0,667.08,4.22,0.03267,"{'price_above_30w_ma': True, '30w_ma_rising': True, 'price_above_10w_ma': False, 'relative_strength_positive': False, 'near_52w_high': True}",weakening,weakening,100.22,97.41,-0.55,2.29,False,False,2026-09-15 ratio=100.77 momentum=95.12; 2026-09-16 ratio=100.04 momentum=96.47; 2026-09-17 ratio=99.98 momentum=97.04; 2026-09-18 ratio=100.50 momentum=97.60; 2026-09-21 ratio=100.22 momentum=97.41,69.54
stock,Shera Energy,SHERA.NS,"Aluminium, Copper & Zinc Products",Capital Goods,443.94,0.0,12.64,88.26,487.67,26.1,12.98,19.53,,stage_2,5,182.05,154.91,5.99,0.00778,"{'price_above_30w_ma': True, '30w_ma_rising': True, 'price_above_10w_ma': True, 'relative_strength_positive': True, 'near_52w_high': True}",weakening,leading,101.64,99.73,-0.05,-1.41,False,False,2026-09-15 ratio=101.69 momentum=101.14; 2026-09-16 ratio=101.51 momentum=101.31; 2026-09-17 ratio=101.21 momentum=99.84; 2026-09-18 ratio=101.67 momentum=99.47; 2026-09-21 ratio=101.64 momentum=99.73,145.18
stock,ANB Metal,AMCL.NS,"Aluminium, Copper & Zinc Products",Capital Goods,421.02,0.0,12.97,199.54,137.39,115.08,19.62,29.6,,insufficient_data,0,,,,,{},insufficient_data,insufficient_data,,,,,False,False,,0.0
stock,Euro Panel,EUROBOND.NS,"Aluminium, Copper & Zinc Products",Capital Goods,367.66,0.0,4.96,-13.29,119.62,14.1,13.91,16.72,,not_stage_2,1,153.1,164.65,-1.79,0.00654,"{'price_above_30w_ma': False, '30w_ma_rising': False, 'price_above_10w_ma': False, 'relative_strength_positive': True, 'near_52w_high': False}",leading,improving,100.06,103.96,1.08,2.14,True,False,2026-09-15 ratio=98.98 momentum=101.82; 2026-09-16 ratio=99.45 momentum=104.31; 2026-09-17 ratio=99.14 momentum=102.43; 2026-09-18 ratio=98.99 momentum=101.23; 2026-09-21 ratio=100.06 momentum=103.96,70.1
stock,Century Extrus.,CENTEXT.NS,"Aluminium, Copper & Zinc Products",Capital Goods,206.03,0.0,3.77,59.75,138.36,32.85,16.06,19.29,,not_stage_2,0,18.63,20.09,-1.03,0.0008,"{'price_above_30w_ma': False, '30w_ma_rising': False, 'price_above_10w_ma': False, 'relative_strength_positive': False, 'near_52w_high': False}",lagging,weakening,99.53,98.86,-0.68,0.59,False,False,2026-09-15 ratio=100.21 momentum=98.26; 2026-09-16 ratio=99.78 momentum=97.32; 2026-09-17 ratio=99.44 momentum=95.26; 2026-09-18 ratio=99.46 momentum=96.87; 2026-09-21 ratio=99.53 momentum=98.86,0.0
stock,Cubex Tubings,CUBEXTUB.NS,"Aluminium, Copper & Zinc Products",Capital Goods,180.24,0.0,1.32,7.32,64.97,30.28,23.9,11.49,,not_stage_2,4,104.85,86.4,-3.74,0.00448,"{'price_above_30w_ma': True, '30w_ma_rising': False, 'price_above_10w_ma': True, 'relative_strength_positive': True, 'near_52w_high': True}",leading,improving,104.03,102.73,4.16,1.9,True,False,2026-09-15 ratio=99.87 momentum=100.82; 2026-09-16 ratio=99.69 momentum=100.69; 2026-09-17 ratio=103.18 momentum=103.43; 2026-09-18 ratio=104.15 momentum=103.16; 2026-09-21 ratio=104.03 momentum=102.73,143.8
stock,Wonderla Holiday,WONDERLA.NS,Amusement Parks/ Other Recreation,Consumer Services,3235.47,0.39,72.8,38.48,242.63,44.22,30.59,6.2,,stage_2,5,511.15,502.16,0.87,0.02183,"{'price_above_30w_ma': True, '30w_ma_rising': True, 'price_above_10w_ma': True, 'relative_strength_positive': True, 'near_52w_high': True}",weakening,weakening,100.99,94.61,-0.56,-1.52,False,False,2026-09-15 ratio=101.55 momentum=96.13; 2026-09-16 ratio=101.52 momentum=95.85; 2026-09-17 ratio=101.38 momentum=96.20; 2026-09-18 ratio=101.63 momentum=98.65; 2026-09-21 ratio=100.99 momentum=94.61,131.69
stock,Imagica. Enter.,IMAGICAA.NS,Amusement Parks/ Other Recreation,Consumer Services,2988.87,0.0,57.57,26.19,177.6,19.92,234.6,1.81,,stage_2,5,52.4,46.7,1.99,0.00224,"{'price_above_30w_ma': True, '30w_ma_rising': True, 'price_above_10w_ma': True, 'relative_strength_positive': True, 'near_52w_high': True}",weakening,weakening,101.06,97.41,0.29,2.04,False,False,2026-09-15 ratio=100.77 momentum=95.37; 2026-09-16 ratio=101.33 momentum=97.84; 2026-09-17 ratio=100.79 momentum=97.22; 2026-09-18 ratio=101.13 momentum=98.09; 2026-09-21 ratio=101.06 momentum=97.41,134.28
stock,Delta Corp,DELTACORP.NS,Amusement Parks/ Other Recreation,Consumer Services,1838.84,0.73,-212.57,219.62,168.55,-8.48,11.93,5.08,,not_stage_2,3,61.77,63.0,-1.59,0.00264,"{'price_above_30w_ma': False, '30w_ma_rising': False, 'price_above_10w_ma': True, 'relative_strength_positive': True, 'near_52w_high': True}",leading,improving,101.02,103.35,2.72,2.73,True,False,2026-09-15 ratio=98.29 momentum=100.61; 2026-09-16 ratio=98.77 momentum=103.51; 2026-09-17 ratio=99.11 momentum=103.10; 2026-09-18 ratio=99.86 momentum=103.47; 2026-09-21 ratio=101.02 momentum=103.35,111.85
stock,Nicco Parks,NICCOPAR.NS,Amusement Parks/ Other Recreation,Consumer Services,376.71,1.56,5.47,68.83,19.05,-27.54,63.74,13.52,,insufficient_data,0,,,,,{},insufficient_data,insufficient_data,,,,,False,False,,0.0
stock,Godrej Agrovet,GODREJAGRO.NS,Animal Feed,Fast Moving Consumer Goods,12925.14,1.64,128.31,-16.21,2855.22,9.22,27.55,19.16,,stage_2,5,653.9,587.73,0.89,0.02793,"{'price_above_30w_ma': True, '30w_ma_rising': True, 'price_above_10w_ma': True, 'relative_strength_positive': True, 'near_52w_high': True}",weakening,weakening,101.54,98.43,-0.19,-0.4,False,False,2026-09-15 ratio=101.73 momentum=98.83; 2026-09-16 ratio=101.63 momentum=96.46; 2026-09-17 ratio=101.65 momentum=95.59; 2026-09-18 ratio=101.68 momentum=97.11; 2026-09-21 ratio=101.54 momentum=98.43,134.48
stock,Avanti Feeds,AVANTIFEED.NS,Animal Feed,Fast Moving Consumer Goods,10454.15,1.3,116.3,-42.0,1899.86,18.32,19.43,24.38,,not_stage_2,0,753.15,1081.24,-5.69,0.03217,"{'price_above_30w_ma': False, '30w_ma_rising': False, 'price_above_10w_ma': False, 'relative_strength_positive': False, 'near_52w_high': False}",improving,improving,98.7,101.17,-0.0,0.39,False,False,2026-09-15 ratio=98.71 momentum=100.78; 2026-09-16 ratio=98.69 momentum=100.04; 2026-09-17 ratio=98.73 momentum=101.42; 2026-09-18 ratio=98.79 momentum=101.80; 2026-09-21 ratio=98.70 momentum=101.17,5.85
stock,Mukka Proteins,MUKKA.NS,Animal Feed,Fast Moving Consumer Goods,810.63,0.0,18.64,1142.76,489.65,186.73,11.72,11.61,,stage_2,5,27.37,24.08,3.14,0.00117,"{'price_above_30w_ma': True, '30w_ma_rising': True, 'price_above_10w_ma': True, 'relative_strength_positive': True, 'near_52w_high': True}",weakening,leading,101.02,96.8,-1.36,-6.16,False,False,2026-09-15 ratio=102.38 momentum=102.96; 2026-09-16 ratio=101.63 momentum=99.53; 2026-09-17 ratio=101.15 momentum=98.85; 2026-09-18 ratio=100.66 momentum=97.50; 2026-09-21 ratio=101.02 momentum=96.80,136.38
stock,KSE,KSE.NS,Animal Feed,Fast Moving Consumer Goods,572.95,6.99,0.94,-98.44,453.67,9.06,12.43,33.55,,insufficient_data,0,,,,,{},insufficient_data,insufficient_data,,,,,False,False,,0.0
stock,Narmada Agrobase,NARMADA.NS,Animal Feed,Fast Moving Consumer Goods,100.91,0.0,0.75,-26.47,22.26,100.9,28.11,8.95,,not_stage_2,0,13.42,16.71,-1.99,0.00057,"{'price_above_30w_ma': False, '30w_ma_rising': False, 'price_above_10w_ma': False, 'relative_strength_positive': False, 'near_52w_high': False}",improving,improving,99.16,102.64,-0.2,0.75,False,False,2026-09-15 ratio=99.36 momentum=101.89; 2026-09-16 ratio=99.31 momentum=101.66; 2026-09-17 ratio=99.38 momentum=102.20; 2026-09-18 ratio=99.30 momentum=102.11; 2026-09-21 ratio=99.16 momentum=102.64,13.2
stock,Ajooni Biotech,AJOONI.NS,Animal Feed,Fast Moving Consumer Goods,56.5,0.0,0.43,-44.87,63.49,103.04,14.27,6.11,,not_stage_2,0,3.16,3.95,-4.43,0.00013,"{'price_above_30w_ma': False, '30w_ma_rising': False, 'price_above_10w_ma': False, 'relative_strength_positive': False, 'near_52w_high': False}",lagging,lagging,97.59,95.19,-1.02,-2.15,False,False,2026-09-15 ratio=98.61 momentum=97.34; 2026-09-16 ratio=97.89 momentum=97.08; 2026-09-17 ratio=97.82 momentum=96.94; 2026-09-18 ratio=97.95 momentum=96.87; 2026-09-21 ratio=97.59 momentum=95.19,0.0
stock,ICICI AMC,ICICIAMC.NS,Asset Management Company,Financial Services,157134.75,0.86,964.63,23.1,1564.22,17.55,45.08,115.1,,not_stage_2,4,3151.2,3167.38,0.17,0.13458,"{'price_above_30w_ma': False, '30w_ma_rising': True, 'price_above_10w_ma': True, 'relative_strength_positive': True, 'near_52w_high': True}",leading,leading,102.17,103.3,1.05,0.76,False,False,2026-09-15 ratio=101.12 momentum=102.54; 2026-09-16 ratio=101.21 momentum=102.45; 2026-09-17 ratio=101.25 momentum=102.85; 2026-09-18 ratio=102.42 momentum=103.38; 2026-09-21 ratio=102.17 momentum=103.30,127.69
stock,SBI Funds Mgt.,SBIFUNDS.NS,Asset Management Company,Financial Services,112321.06,0.0,880.26,3.7,1152.73,15.16,36.25,56.5,,insufficient_data,0,,,,,{},insufficient_data,insufficient_data,,,,,False,False,,0.0
stock,HDFC AMC,HDFCAMC.NS,Asset Management Company,Financial Services,105471.06,2.21,838.36,12.09,1098.5,13.51,35.76,42.88,,not_stage_2,1,2430.0,2578.13,-1.57,0.10378,"{'price_above_30w_ma': False, '30w_ma_rising': False, 'price_above_10w_ma': False, 'relative_strength_positive': False, 'near_52w_high': True}",improving,lagging,99.49,102.84,0.15,6.23,False,True,2026-09-15 ratio=99.34 momentum=96.62; 2026-09-16 ratio=98.78 momentum=97.43; 2026-09-17 ratio=98.94 momentum=97.88; 2026-09-18 ratio=99.35 momentum=100.12; 2026-09-21 ratio=99.49 momentum=102.84,34.2
stock,Nippon Life Ind.,NAM-INDIA.NS,Asset Management Company,Financial Services,74500.62,1.85,503.7,27.16,766.87,26.42,45.51,43.8,,stage_2,4,1159.0,1080.03,3.0,0.0495,"{'price_above_30w_ma': True, '30w_ma_rising': True, 'price_above_10w_ma': False, 'relative_strength_positive': True, 'near_52w_high': True}",leading,leading,100.01,100.51,-0.67,-0.96,False,False,2026-09-15 ratio=100.68 momentum=101.48; 2026-09-16 ratio=99.50 momentum=99.13; 2026-09-17 ratio=99.25 momentum=98.94; 2026-09-18 ratio=100.40 momentum=100.69; 2026-09-21 ratio=100.01 momentum=100.51,133.6
stock,Aditya AMC,ABSLAMC.NS,Asset Management Company,Financial Services,29675.47,2.48,309.49,11.68,462.96,3.48,29.39,32.23,,not_stage_2,3,1027.0,1042.6,2.51,0.04386,"{'price_above_30w_ma': False, '30w_ma_rising': True, 'price_above_10w_ma': False, 'relative_strength_positive': True, 'near_52w_high': True}",leading,leading,100.37,100.32,-0.21,-0.93,False,False,2026-09-15 ratio=100.59 momentum=101.25; 2026-09-16 ratio=100.91 momentum=102.32; 2026-09-17 ratio=101.46 momentum=103.34; 2026-09-18 ratio=100.88 momentum=101.80; 2026-09-21 ratio=100.37 momentum=100.32,88.47
stock,UTI AMC,UTIAMC.NS,Asset Management Company,Financial Services,11708.61,4.4,293.86,24.07,583.51,6.7,21.93,15.57,,not_stage_2,2,919.95,936.27,-2.03,0.03929,"{'price_above_30w_ma': False, '30w_ma_rising': False, 'price_above_10w_ma': True, 'relative_strength_positive': True, 'near_52w_high': False}",leading,leading,101.44,104.64,0.42,1.43,False,False,2026-09-15 ratio=101.02 momentum=103.21; 2026-09-16 ratio=100.48 momentum=102.23; 2026-09-17 ratio=100.56 momentum=102.45; 2026-09-18 ratio=100.43 momentum=102.32; 2026-09-21 ratio=101.44 momentum=104.64,90.4
stock,Canara Robeco,CRAMC.NS,Asset Management Company,Financial Services,4597.61,1.74,75.6,23.98,145.37,20.07,21.05,40.11,,not_stage_2,0,227.9,249.8,-0.93,0.00973,"{'price_above_30w_ma': False, '30w_ma_rising': False, 'price_above_10w_ma': False, 'relative_strength_positive': False, 'near_52w_high': False}",lagging,lagging,97.61,96.45,-0.08,0.18,False,False,2026-09-15 ratio=97.69 momentum=96.28; 2026-09-16 ratio=97.11 momentum=96.64; 2026-09-17 ratio=98.00 momentum=97.69; 2026-09-18 ratio=97.96 momentum=97.68; 2026-09-21 ratio=97.61 momentum=96.45,0.0
stock,Gaja Alternative Asset,GAJA.NS,Asset Management Company,Financial Services,2108.97,0.5,27.21,35.66,15.64,-49.15,24.43,17.02,,insufficient_data,0,,,,,{},insufficient_data,insufficient_data,,,,,False,False,,0.0
stock,IL&FS Inv.Manag.,IVC.NS,Asset Management Company,Financial Services,243.39,15.33,1.21,23.86,8.17,40.86,59.8,4.11,,not_stage_2,2,7.78,7.95,2.06,0.00033,"{'price_above_30w_ma': False, '30w_ma_rising': True, 'price_above_10w_ma': False, 'relative_strength_positive': False, 'near_52w_high': True}",lagging,lagging,99.32,97.11,-0.27,0.12,False,False,2026-09-15 ratio=99.59 momentum=96.99; 2026-09-16 ratio=99.31 momentum=97.13; 2026-09-17 ratio=99.41 momentum=97.27; 2026-09-18 ratio=99.45 momentum=97.07; 2026-09-21 ratio=99.32 momentum=97.11,44.12
stock,Samvardh. Mothe.,MOTHERSON.NS,Auto Components & Equipments,Automobile and Auto Components,173268.69,0.36,1075.66,81.52,35243.77,16.65,37.92,13.43,,stage_2,5,161.77,141.26,3.35,0.00691,"{'price_above_30w_ma': True, '30w_ma_rising': True, 'price_above_10w_ma': True, 'relative_strength_positive': True, 'near_52w_high': True}",leading,weakening,100.87,100.89,0.13,6.51,True,False,2026-09-15 ratio=100.74 momentum=94.38; 2026-09-16 ratio=100.65 momentum=97.19; 2026-09-17 ratio=100.93 momentum=99.58; 2026-09-18 ratio=100.91 momentum=100.19; 2026-09-21 ratio=100.87 momentum=100.89,170.5
stock,Bosch,BOSCHLTD.NS,Auto Components & Equipments,Automobile and Auto Components,141933.52,0.56,706.1,5.2,5841.9,22.0,60.06,21.54,,stage_2,5,48290.0,39782.67,4.08,2.06241,"{'price_above_30w_ma': True, '30w_ma_rising': True, 'price_above_10w_ma': True, 'relative_strength_positive': True, 'near_52w_high': True}",weakening,weakening,100.99,99.73,-0.21,3.93,False,False,2026-09-15 ratio=101.20 momentum=95.80; 2026-09-16 ratio=101.23 momentum=98.14; 2026-09-17 ratio=101.20 momentum=99.64; 2026-09-18 ratio=100.91 momentum=99.00; 2026-09-21 ratio=100.99 momentum=99.73,138.11
stock,Bharat Forge,BHARATFORG.NS,Auto Components & Equipments,Automobile and Auto Components,95763.68,0.42,-89.89,-57.72,4639.94,18.71,94.84,12.61,,not_stage_2,3,2009.0,1966.43,1.52,0.0858,"{'price_above_30w_ma': True, '30w_ma_rising': True, 'price_above_10w_ma': False, 'relative_strength_positive': False, 'near_52w_high': True}",improving,lagging,99.22,103.28,1.19,7.27,False,True,2026-09-15 ratio=98.04 momentum=96.01; 2026-09-16 ratio=98.14 momentum=98.20; 2026-09-17 ratio=98.62 momentum=99.56; 2026-09-18 ratio=99.18 momentum=102.39; 2026-09-21 ratio=99.22 momentum=103.28,79.44
stock,Uno Minda,UNOMINDA.NS,Auto Components & Equipments,Automobile and Auto Components,70115.3,0.22,315.51,1.76,5556.85,23.79,57.36,19.65,,stage_2,4,1226.0,1144.84,0.51,0.05236,"{'price_above_30w_ma': True, '30w_ma_rising': True, 'price_above_10w_ma': False, 'relative_strength_positive': True, 'near_52w_high': True}",weakening,lagging,100.82,99.49,0.87,3.31,False,False,2026-09-15 ratio=99.94 momentum=96.18; 2026-09-16 ratio=100.33 momentum=97.20; 2026-09-17 ratio=100.64 momentum=99.26; 2026-09-18 ratio=102.06 momentum=101.07; 2026-09-21 ratio=100.82 momentum=99.49,110.12
stock,Schaeffler India,SCHAEFFLER.NS,Auto Components & Equipments,Automobile and Auto Components,63816.91,0.86,336.73,13.67,2681.41,17.5,49.43,27.9,,not_stage_2,4,4054.2,4078.57,0.28,0.17315,"{'price_above_30w_ma': False, '30w_ma_rising': True, 'price_above_10w_ma': True, 'relative_strength_positive': True, 'near_52w_high': True}",leading,leading,102.06,102.5,1.7,0.23,False,False,2026-09-15 ratio=100.36 momentum=102.27; 2026-09-16 ratio=99.84 momentum=101.50; 2026-09-17 ratio=101.11 momentum=103.48; 2026-09-18 ratio=103.64 momentum=103.87; 2026-09-21 ratio=102.06 momentum=102.50,123.36
stock,Sona BLW Precis.,SONACOMS.NS,Auto Components & Equipments,Automobile and Auto Components,52118.75,0.41,220.11,73.37,1157.24,50.82,67.04,15.11,,stage_2,5,809.0,651.76,5.88,0.03455,"{'price_above_30w_ma': True, '30w_ma_rising': True, 'price_above_10w_ma': True, 'relative_strength_positive': True, 'near_52w_high': True}",leading,weakening,100.9,100.34,-0.2,1.25,False,False,2026-09-15 ratio=101.09 momentum=99.09; 2026-09-16 ratio=100.57 momentum=96.99; 2026-09-17 ratio=100.71 momentum=99.59; 2026-09-18 ratio=101.24 momentum=100.92; 2026-09-21 ratio=100.90 momentum=100.34,162.96
stock,Tube Investments,TIINDIA.NS,Auto Components & Equipments,Automobile and Auto Components,50113.15,0.14,293.96,-15.25,6215.33,17.07,79.96,17.14,,not_stage_2,2,2574.0,2833.97,0.39,0.10993,"{'price_above_30w_ma': False, '30w_ma_rising': True, 'price_above_10w_ma': False, 'relative_strength_positive': False, 'near_52w_high': True}",lagging,lagging,98.65,99.35,0.54,2.95,False,False,2026-09-15 ratio=98.11 momentum=96.41; 2026-09-16 ratio=98.51 momentum=97.86; 2026-09-17 ratio=98.85 momentum=99.60; 2026-09-18 ratio=98.82 momentum=98.81; 2026-09-21 ratio=98.65 momentum=99.35,40.78
stock,Endurance Tech.,ENDURANCE.NS,Auto Components & Equipments,Automobile and Auto Components,37547.17,0.43,244.52,8.03,4314.89,30.01,38.13,17.8,,not_stage_2,3,2693.7,2604.37,1.09,0.11505,"{'price_above_30w_ma': True, '30w_ma_rising': True, 'price_above_10w_ma': False, 'relative_strength_positive': False, 'near_52w_high': True}",leading,lagging,100.12,100.18,0.98,4.82,True,False,2026-09-15 ratio=99.13 momentum=95.36; 2026-09-16 ratio=99.12 momentum=96.24; 2026-09-17 ratio=99.67 momentum=99.50; 2026-09-18 ratio=99.98 momentum=100.34; 2026-09-21 ratio=100.12 momentum=100.18,93.68
stock,Exide Inds.,EXIDEIND.NS,Auto Components & Equipments,Automobile and Auto Components,36231.05,0.47,351.3,28.38,5528.38,17.75,38.61,8.54,,not_stage_2,3,429.7,387.15,3.22,0.01835,"{'price_above_30w_ma': True, '30w_ma_rising': True, 'price_above_10w_ma': False, 'relative_strength_positive': False, 'near_52w_high': True}",leading,lagging,100.18,101.63,1.03,5.32,True,False,2026-09-15 ratio=99.15 momentum=96.31; 2026-09-16 ratio=99.36 momentum=96.87; 2026-09-17 ratio=99.47 momentum=99.20; 2026-09-18 ratio=100.35 momentum=102.38; 2026-09-21 ratio=100.18 momentum=101.63,105.49
stock,Dhoot Transmission,DHOOTTRANS.NS,Auto Components & Equipments,Automobile and Auto Components,33036.69,0.0,132.68,36.89,1446.42,49.68,73.76,24.36,,insufficient_data,0,,,,,{},insufficient_data,insufficient_data,,,,,False,False,,0.0
stock,United Spirits,UNITDSPR.NS,Breweries & Distilleries,Fast Moving Consumer Goods,105029.13,1.18,463.0,-20.54,2708.0,-10.36,56.67,26.39,,not_stage_2,3,1398.0,1367.8,0.23,0.05971,"{'price_above_30w_ma': True, '30w_ma_rising': True, 'price_above_10w_ma': False, 'relative_strength_positive': False, 'near_52w_high': True}",lagging,lagging,99.32,96.61,0.09,-0.52,False,False,2026-09-15 ratio=99.23 momentum=97.13; 2026-09-16 ratio=99.47 momentum=98.29; 2026-09-17 ratio=99.41 momentum=97.89; 2026-09-18 ratio=98.93 momentum=95.61; 2026-09-21 ratio=99.32 momentum=96.61,60.46
stock,Radico Khaitan,RADICO.NS,Breweries & Distilleries,Fast Moving Consumer Goods,61219.08,0.2,229.6,69.15,1683.69,11.8,86.14,24.15,,stage_2,4,4448.8,3716.81,6.67,0.19,"{'price_above_30w_ma': True, '30w_ma_rising': True, 'price_above_10w_ma': False, 'relative_strength_positive': True, 'near_52w_high': True}",leading,weakening,100.88,100.12,0.16,0.76,True,False,2026-09-15 ratio=100.73 momentum=99.36; 2026-09-16 ratio=101.11 momentum=101.90; 2026-09-17 ratio=100.61 momentum=98.74; 2026-09-18 ratio=101.26 momentum=100.43; 2026-09-21 ratio=100.88 momentum=100.12,153.34
stock,United Breweries,UBL.NS,Breweries & Distilleries,Fast Moving Consumer Goods,32824.09,0.8,166.28,-9.54,3066.86,7.07,94.97,10.68,,not_stage_2,0,1215.2,1398.72,-3.14,0.0519,"{'price_above_30w_ma': False, '30w_ma_rising': False, 'price_above_10w_ma': False, 'relative_strength_positive': False, 'near_52w_high': False}",improving,improving,98.25,100.39,-0.38,-0.61,False,False,2026-09-15 ratio=98.63 momentum=100.99; 2026-09-16 ratio=98.25 momentum=99.05; 2026-09-17 ratio=98.05 momentum=99.99; 2026-09-18 ratio=98.77 momentum=101.94; 2026-09-21 ratio=98.25 momentum=100.39,1.95
stock,Allied Blenders,ABDL.NS,Breweries & Distilleries,Fast Moving Consumer Goods,18401.36,0.82,45.42,-12.98,978.94,6.08,82.5,18.38,,stage_2,5,647.9,571.37,3.11,0.02767,"{'price_above_30w_ma': True, '30w_ma_rising': True, 'price_above_10w_ma': True, 'relative_strength_positive': True, 'near_52w_high': True}",leading,leading,102.63,102.26,0.74,-0.3,False,False,2026-09-15 ratio=101.89 momentum=102.56; 2026-09-16 ratio=102.59 momentum=102.57; 2026-09-17 ratio=102.84 momentum=102.70; 2026-09-18 ratio=102.47 momentum=102.14; 2026-09-21 ratio=102.63 momentum=102.26,175.67
stock,Tilaknagar Inds.,TI.NS,Breweries & Distilleries,Fast Moving Consumer Goods,14911.06,0.17,31.59,-30.28,1046.03,155.67,65.97,11.78,,stage_2,5,574.65,471.92,2.85,0.02454,"{'price_above_30w_ma': True, '30w_ma_rising': True, 'price_above_10w_ma': True, 'relative_strength_positive': True, 'near_52w_high': True}",leading,weakening,101.54,102.24,1.02,6.7,True,False,2026-09-15 ratio=100.52 momentum=95.54; 2026-09-16 ratio=100.76 momentum=98.16; 2026-09-17 ratio=101.04 momentum=98.64; 2026-09-18 ratio=101.43 momentum=101.50; 2026-09-21 ratio=101.54 momentum=102.24,179.6
stock,Piccadily Agro,PICCADIL.NS,Breweries & Distilleries,Fast Moving Consumer Goods,6128.25,0.16,21.44,16.33,251.18,17.42,43.61,18.01,,not_stage_2,3,614.8,614.39,0.55,0.02626,"{'price_above_30w_ma': True, '30w_ma_rising': True, 'price_above_10w_ma': False, 'relative_strength_positive': False, 'near_52w_high': True}",lagging,lagging,98.52,98.18,0.13,1.48,False,False,2026-09-15 ratio=98.38 momentum=96.70; 2026-09-16 ratio=98.52 momentum=96.78; 2026-09-17 ratio=98.68 momentum=98.22; 2026-09-18 ratio=98.46 momentum=96.60; 2026-09-21 ratio=98.52 momentum=98.18,61.1
stock,Globus Spirits,GLOBUSSPR.NS,Breweries & Distilleries,Fast Moving Consumer Goods,2607.03,0.79,26.48,49.05,788.78,12.71,25.93,11.25,,not_stage_2,0,821.3,899.58,-1.32,0.03508,"{'price_above_30w_ma': False, '30w_ma_rising': False, 'price_above_10w_ma': False, 'relative_strength_positive': False, 'near_52w_high': False}",lagging,lagging,98.72,95.82,0.2,-1.87,False,False,2026-09-15 ratio=98.52 momentum=97.69; 2026-09-16 ratio=99.11 momentum=98.29; 2026-09-17 ratio=98.78 momentum=97.90; 2026-09-18 ratio=98.36 momentum=96.35; 2026-09-21 ratio=98.72 momentum=95.82,0.0
stock,G M Breweries,GMBREW.NS,Breweries & Distilleries,Fast Moving Consumer Goods,2213.08,0.93,37.74,45.94,199.58,22.55,13.12,17.96,,not_stage_2,3,948.05,939.92,-1.16,0.04049,"{'price_above_30w_ma': True, '30w_ma_rising': False, 'price_above_10w_ma': True, 'relative_strength_positive': True, 'near_52w_high': False}",leading,leading,102.41,102.83,0.97,-0.25,False,False,2026-09-15 ratio=101.44 momentum=103.08; 2026-09-16 ratio=101.62 momentum=104.27; 2026-09-17 ratio=102.49 momentum=105.46; 2026-09-18 ratio=102.94 momentum=103.92; 2026-09-21 ratio=102.41 momentum=102.83,106.2
stock,India Glycols,INDIAGLYCO.NS,Breweries & Distilleries,Fast Moving Consumer Goods,1723.2,2.91,96.83,32.19,1130.39,8.64,5.44,12.4,,not_stage_2,0,253.6,916.08,-8.87,0.01083,"{'price_above_30w_ma': False, '30w_ma_rising': False, 'price_above_10w_ma': False, 'relative_strength_positive': False, 'near_52w_high': False}",improving,lagging,98.28,104.51,0.37,6.25,False,True,2026-09-15 ratio=97.91 momentum=98.25; 2026-09-16 ratio=98.00 momentum=98.30; 2026-09-17 ratio=98.07 momentum=105.19; 2026-09-18 ratio=98.21 momentum=104.68; 2026-09-21 ratio=98.28 momentum=104.51,22.55
stock,Som Distilleries,SDBL.NS,Breweries & Distilleries,Fast Moving Consumer Goods,1412.69,0.0,1.56,-98.91,268.63,-49.16,,5.68,,not_stage_2,0,67.45,76.01,-2.21,0.00288,"{'price_above_30w_ma': False, '30w_ma_rising': False, 'price_above_10w_ma': False, 'relative_strength_positive': False, 'near_52w_high': False}",lagging,lagging,99.32,97.45,-0.49,-0.83,False,False,2026-09-15 ratio=99.82 momentum=98.28; 2026-09-16 ratio=99.35 momentum=98.75; 2026-09-17 ratio=99.45 momentum=98.11; 2026-09-18 ratio=99.43 momentum=98.16; 2026-09-21 ratio=99.32 momentum=97.45,0.0
stock,Firstsour.Solu.,FSL.NS,Business Process Outsourcing (BPO)/ Knowledge Process Outsourcing (KPO),Services,18937.74,2.05,165.92,30.01,2724.87,22.87,23.72,16.8,,not_stage_2,3,269.5,249.72,0.73,0.01151,"{'price_above_30w_ma': True, '30w_ma_rising': True, 'price_above_10w_ma': False, 'relative_strength_positive': True, 'near_52w_high': False}",leading,leading,100.21,100.36,-1.16,-2.06,False,False,2026-09-15 ratio=101.37 momentum=102.42; 2026-09-16 ratio=100.94 momentum=101.41; 2026-09-17 ratio=100.60 momentum=100.47; 2026-09-18 ratio=100.53 momentum=100.72; 2026-09-21 ratio=100.21 momentum=100.36,84.31
stock,eClerx Services,ECLERX.NS,Business Process Outsourcing (BPO)/ Knowledge Process Outsourcing (KPO),Services,18138.72,0.05,164.24,15.99,1152.36,23.31,24.89,34.42,,stage_2,5,1924.1,1640.3,0.73,0.08218,"{'price_above_30w_ma': True, '30w_ma_rising': True, 'price_above_10w_ma': True, 'relative_strength_positive': True, 'near_52w_high': True}",leading,weakening,101.39,102.63,0.34,3.65,True,False,2026-09-15 ratio=101.04 momentum=98.98; 2026-09-16 ratio=101.55 momentum=101.49; 2026-09-17 ratio=101.19 momentum=99.29; 2026-09-18 ratio=101.06 momentum=99.53; 2026-09-21 ratio=101.39 momentum=102.63,176.56
stock,RPSG Ventures,RPSGVENT.NS,Business Process Outsourcing (BPO)/ Knowledge Process Outsourcing (KPO),Services,2818.3,0.0,253.09,34.95,3576.44,20.36,,10.61,,not_stage_2,2,841.65,867.37,2.15,0.03595,"{'price_above_30w_ma': False, '30w_ma_rising': True, 'price_above_10w_ma': False, 'relative_strength_positive': False, 'near_52w_high': True}",improving,improving,99.52,101.98,0.22,0.81,False,True,2026-09-15 ratio=99.30 momentum=101.17; 2026-09-16 ratio=98.99 momentum=100.89; 2026-09-17 ratio=99.27 momentum=101.17; 2026-09-18 ratio=99.59 momentum=101.98; 2026-09-21 ratio=99.52 momentum=101.98,54.2
stock,One Point One,ONEPOINT.NS,Business Process Outsourcing (BPO)/ Knowledge Process Outsourcing (KPO),Services,1799.32,0.0,16.31,72.78,158.32,129.42,39.07,10.88,,stage_2,5,63.2,55.42,2.74,0.0027,"{'price_above_30w_ma': True, '30w_ma_rising': True, 'price_above_10w_ma': True, 'relative_strength_positive': True, 'near_52w_high': True}",leading,leading,102.58,102.64,0.75,0.2,False,False,2026-09-15 ratio=101.83 momentum=102.44; 2026-09-16 ratio=101.35 momentum=102.29; 2026-09-17 ratio=102.77 momentum=103.94; 2026-09-18 ratio=102.68 momentum=105.17; 2026-09-21 ratio=102.58 momentum=102.64,176.58
stock,Hinduja Global,HGS.NS,Business Process Outsourcing (BPO)/ Knowledge Process Outsourcing (KPO),Services,1766.14,1.32,-66.26,-45.26,1050.36,-0.56,,1.46,,not_stage_2,0,379.65,403.0,-0.39,0.01621,"{'price_above_30w_ma': False, '30w_ma_rising': False, 'price_above_10w_ma': False, 'relative_strength_positive': False, 'near_52w_high': False}",lagging,improving,98.56,97.51,-0.48,-3.5,False,False,2026-09-15 ratio=99.04 momentum=101.01; 2026-09-16 ratio=99.26 momentum=103.85; 2026-09-17 ratio=99.23 momentum=102.86; 2026-09-18 ratio=98.69 momentum=100.08; 2026-09-21 ratio=98.56 momentum=97.51,0.0
stock,Alldigi Tech,ALLDIGI.NS,Business Process Outsourcing (BPO)/ Knowledge Process Outsourcing (KPO),Services,1192.7,7.69,18.12,21.69,150.28,4.43,12.94,27.89,,not_stage_2,1,784.6,804.73,-0.95,0.03351,"{'price_above_30w_ma': False, '30w_ma_rising': False, 'price_above_10w_ma': False, 'relative_strength_positive': False, 'near_52w_high': True}",lagging,leading,99.72,99.51,-1.14,-2.61,False,False,2026-09-15 ratio=100.86 momentum=102.13; 2026-09-16 ratio=100.32 momentum=101.46; 2026-09-17 ratio=99.81 momentum=101.13; 2026-09-18 ratio=99.26 momentum=98.77; 2026-09-21 ratio=99.72 momentum=99.51,20.0
stock,Kandarp Digi,KANDARP.NS,Business Process Outsourcing (BPO)/ Knowledge Process Outsourcing (KPO),Services,66.76,0.0,1.13,-15.67,16.35,4.01,36.09,11.23,,not_stage_2,0,73.9,118.5,-7.66,0.00316,"{'price_above_30w_ma': False, '30w_ma_rising': False, 'price_above_10w_ma': False, 'relative_strength_positive': False, 'near_52w_high': False}",lagging,lagging,98.04,98.54,1.35,-0.01,False,False,2026-09-15 ratio=96.69 momentum=98.55; 2026-09-16 ratio=97.18 momentum=99.49; 2026-09-17 ratio=97.43 momentum=98.23; 2026-09-18 ratio=97.61 momentum=99.23; 2026-09-21 ratio=98.04 momentum=98.54,0.0
stock,We Win Ltd,WEWIN.NS,Business Process Outsourcing (BPO)/ Knowledge Process Outsourcing (KPO),Services,49.41,0.0,0.91,-15.74,30.77,51.65,11.0,10.9,,not_stage_2,0,43.0,48.95,-0.16,0.00184,"{'price_above_30w_ma': False, '30w_ma_rising': False, 'price_above_10w_ma': False, 'relative_strength_positive': False, 'near_52w_high': False}",improving,lagging,99.03,102.61,0.85,3.74,False,True,2026-09-15 ratio=98.18 momentum=98.86; 2026-09-16 ratio=98.84 momentum=100.67; 2026-09-17 ratio=99.49 momentum=102.66; 2026-09-18 ratio=99.50 momentum=102.53; 2026-09-21 ratio=99.03 momentum=102.61,13.05
stock,Cadsys (India),CADSYS.NS,Business Process Outsourcing (BPO)/ Knowledge Process Outsourcing (KPO),Services,46.06,0.0,-8.6,110.64,47.31,16.3,,-13.98,,not_stage_2,0,46.05,57.58,-0.64,0.00197,"{'price_above_30w_ma': False, '30w_ma_rising': False, 'price_above_10w_ma': False, 'relative_strength_positive': False, 'near_52w_high': False}",improving,improving,99.1,102.82,0.32,-0.09,False,False,2026-09-15 ratio=98.78 momentum=102.90; 2026-09-16 ratio=99.07 momentum=104.06; 2026-09-17 ratio=99.09 momentum=103.36; 2026-09-18 ratio=99.09 momentum=102.97; 2026-09-21 ratio=99.10 momentum=102.82,14.1
stock,HRH Next,HRHNEXT.NS,Business Process Outsourcing (BPO)/ Knowledge Process Outsourcing (KPO),Services,31.69,0.0,2.78,152.73,35.92,24.68,6.52,15.84,,not_stage_2,0,24.0,26.87,-1.02,0.00103,"{'price_above_30w_ma': False, '30w_ma_rising': False, 'price_above_10w_ma': False, 'relative_strength_positive': False, 'near_52w_high': False}",improving,improving,99.74,100.67,0.43,-0.48,False,False,2026-09-15 ratio=99.30 momentum=101.15; 2026-09-16 ratio=99.25 momentum=102.96; 2026-09-17 ratio=100.08 momentum=102.55; 2026-09-18 ratio=100.74 momentum=102.98; 2026-09-21 ratio=99.74 momentum=100.67,3.35
stock,Polycab India,POLYCAB.NS,Cables - Electricals,Capital Goods,126780.48,0.56,796.66,32.46,8209.73,39.01,44.26,33.21,,not_stage_2,2,8350.0,8673.23,0.62,0.35662,"{'price_above_30w_ma': False, '30w_ma_rising': True, 'price_above_10w_ma': False, 'relative_strength_positive': False, 'near_52w_high': True}",improving,lagging,98.81,103.56,0.77,8.21,False,True,2026-09-15 ratio=98.04 momentum=95.35; 2026-09-16 ratio=97.95 momentum=97.85; 2026-09-17 ratio=98.30 momentum=98.61; 2026-09-18 ratio=98.97 momentum=99.92; 2026-09-21 ratio=98.81 momentum=103.56,59.04
stock,KEI Industries,KEI.NS,Cables - Electricals,Capital Goods,45048.91,0.1,274.14,40.05,3185.34,22.97,45.19,20.05,,not_stage_2,1,4575.0,4966.81,-0.14,0.19539,"{'price_above_30w_ma': False, '30w_ma_rising': False, 'price_above_10w_ma': False, 'relative_strength_positive': False, 'near_52w_high': True}",improving,lagging,98.76,100.3,0.28,4.41,False,True,2026-09-15 ratio=98.48 momentum=95.90; 2026-09-16 ratio=98.50 momentum=97.21; 2026-09-17 ratio=98.67 momentum=98.00; 2026-09-18 ratio=98.91 momentum=90.14; 2026-09-21 ratio=98.76 momentum=100.30,21.5
stock,R R Kabel,RRKABEL.NS,Cables - Electricals,Capital Goods,28027.58,0.38,205.2,117.32,3168.2,53.9,45.83,28.1,,not_stage_2,3,2472.5,2100.93,6.65,0.1056,"{'price_above_30w_ma': True, '30w_ma_rising': True, 'price_above_10w_ma': False, 'relative_strength_positive': False, 'near_52w_high': True}",lagging,lagging,99.32,98.12,-0.2,1.82,False,False,2026-09-15 ratio=99.52 momentum=96.30; 2026-09-16 ratio=99.50 momentum=94.22; 2026-09-17 ratio=99.39 momentum=96.18; 2026-09-18 ratio=99.62 momentum=93.64; 2026-09-21 ratio=99.32 momentum=98.12,73.3
stock,Finolex Cables,FINCABLES.NS,Cables - Electricals,Capital Goods,22482.08,0.61,249.04,53.14,2013.15,44.26,28.1,16.01,,stage_2,5,1468.1,1076.82,7.44,0.0627,"{'price_above_30w_ma': True, '30w_ma_rising': True, 'price_above_10w_ma': True, 'relative_strength_positive': True, 'near_52w_high': True}",leading,leading,101.56,101.93,-0.07,0.98,False,False,2026-09-15 ratio=101.63 momentum=100.95; 2026-09-16 ratio=101.66 momentum=101.02; 2026-09-17 ratio=101.76 momentum=102.41; 2026-09-18 ratio=101.73 momentum=100.87; 2026-09-21 ratio=101.56 momentum=101.93,177.33
stock,KSH Internationa,KSHINTL.NS,Cables - Electricals,Capital Goods,7097.44,0.0,42.22,86.16,1164.24,108.38,54.22,21.46,,stage_2,5,1040.95,772.73,14.13,0.04446,"{'price_above_30w_ma': True, '30w_ma_rising': True, 'price_above_10w_ma': True, 'relative_strength_positive': True, 'near_52w_high': True}",weakening,leading,100.89,97.85,-0.57,-2.96,False,False,2026-09-15 ratio=101.47 momentum=100.81; 2026-09-16 ratio=101.38 momentum=100.67; 2026-09-17 ratio=101.17 momentum=100.50; 2026-09-18 ratio=101.11 momentum=98.87; 2026-09-21 ratio=100.89 momentum=97.85,157.71
stock,Universal Cables,UNIVCABLES.NS,Cables - Electricals,Capital Goods,5235.72,0.3,70.14,108.75,945.06,57.46,26.18,11.68,,stage_2,4,1478.2,1138.28,10.33,0.06313,"{'price_above_30w_ma': True, '30w_ma_rising': True, 'price_above_10w_ma': False, 'relative_strength_positive': True, 'near_52w_high': True}",weakening,weakening,100.27,97.58,0.09,1.04,False,False,2026-09-15 ratio=100.18 momentum=96.54; 2026-09-16 ratio=100.05 momentum=96.58; 2026-09-17 ratio=100.17 momentum=96.98; 2026-09-18 ratio=100.32 momentum=97.02; 2026-09-21 ratio=100.27 momentum=97.58,127.01
stock,V-Marc India,VMARCIND.NS,Cables - Electricals,Capital Goods,4958.38,0.0,28.55,163.62,555.51,102.42,42.39,41.37,,not_stage_2,1,331.7,722.81,-5.54,0.01417,"{'price_above_30w_ma': False, '30w_ma_rising': False, 'price_above_10w_ma': False, 'relative_strength_positive': True, 'near_52w_high': False}",weakening,leading,100.09,99.61,-0.48,-2.11,False,False,2026-09-15 ratio=100.57 momentum=101.72; 2026-09-16 ratio=100.49 momentum=101.65; 2026-09-17 ratio=100.69 momentum=102.40; 2026-09-18 ratio=100.74 momentum=101.97; 2026-09-21 ratio=100.09 momentum=99.61,20.45
stock,Laser Power,LASERPOWER.NS,Cables - Electricals,Capital Goods,4034.92,0.0,20.73,3.75,521.55,14.84,36.73,20.51,,insufficient_data,0,,,,,{},insufficient_data,insufficient_data,,,,,False,False,,0.0
stock,Lumino Inds,LUMINO.NS,Cables - Electricals,Capital Goods,3345.5,0.0,40.3,32.87,521.43,19.29,19.71,26.59,,insufficient_data,0,,,,,{},insufficient_data,insufficient_data,,,,,False,False,,0.0
stock,Dynamic Cables,DYCL.NS,Cables - Electricals,Capital Goods,2309.97,0.1,24.95,37.01,349.1,33.22,25.33,26.21,,stage_2,5,453.75,367.0,6.57,0.01938,"{'price_above_30w_ma': True, '30w_ma_rising': True, 'price_above_10w_ma': True, 'relative_strength_positive': True, 'near_52w_high': True}",weakening,weakening,100.76,96.43,0.32,-1.57,False,False,2026-09-15 ratio=100.44 momentum=98.00; 2026-09-16 ratio=100.38 momentum=96.56; 2026-09-17 ratio=100.53 momentum=96.52; 2026-09-18 ratio=100.82 momentum=93.66; 2026-09-21 ratio=100.76 momentum=96.43,141.94
stock,Godfrey Phillips,GODFRYPHLP.NS,Cigarettes & Tobacco Products,Fast Moving Consumer Goods,31181.42,2.5,198.39,-44.32,1205.51,-18.89,22.8,30.25,,not_stage_2,0,1970.0,2144.23,-1.39,0.08414,"{'price_above_30w_ma': False, '30w_ma_rising': False, 'price_above_10w_ma': False, 'relative_strength_positive': False, 'near_52w_high': False}",improving,lagging,99.0,100.14,0.78,3.74,False,True,2026-09-15 ratio=98.22 momentum=96.40; 2026-09-16 ratio=98.46 momentum=98.00; 2026-09-17 ratio=98.58 momentum=100.52; 2026-09-18 ratio=99.62 momentum=101.82; 2026-09-21 ratio=99.00 momentum=100.14,0.7
stock,VST Industries,VSTIND.NS,Cigarettes & Tobacco Products,Fast Moving Consumer Goods,3548.25,5.75,42.42,-24.43,256.46,-13.91,12.74,28.13,,not_stage_2,1,205.69,234.91,-1.71,0.00878,"{'price_above_30w_ma': False, '30w_ma_rising': False, 'price_above_10w_ma': False, 'relative_strength_positive': False, 'near_52w_high': True}",improving,improving,99.48,102.34,0.11,-0.33,False,False,2026-09-15 ratio=99.37 momentum=102.67; 2026-09-16 ratio=99.23 momentum=102.40; 2026-09-17 ratio=99.34 momentum=103.02; 2026-09-18 ratio=99.73 momentum=103.84; 2026-09-21 ratio=99.48 momentum=102.34,31.7
stock,Elitecon Inter.,ELITECON.NS,Cigarettes & Tobacco Products,Fast Moving Consumer Goods,1457.76,0.55,-85.05,-269.56,1880.69,500.55,9.0,46.33,,insufficient_data,0,,,,,{},insufficient_data,insufficient_data,,,,,False,False,,0.0
stock,NTC Industries,NTCIND.NS,Cigarettes & Tobacco Products,Fast Moving Consumer Goods,208.45,0.0,6.12,7.94,25.23,-10.25,10.42,11.14,,insufficient_data,0,,,,,{},insufficient_data,insufficient_data,,,,,False,False,,0.0
stock,Shanthala FMCG,SHANTHALA.NS,Cigarettes & Tobacco Products,Fast Moving Consumer Goods,10.45,0.0,0.72,71.43,25.82,-0.12,8.23,5.98,,not_stage_2,0,15.6,22.67,-9.25,0.00067,"{'price_above_30w_ma': False, '30w_ma_rising': False, 'price_above_10w_ma': False, 'relative_strength_positive': False, 'near_52w_high': False}",improving,improving,99.17,100.08,-0.39,-3.42,False,False,2026-09-15 ratio=99.56 momentum=103.50; 2026-09-16 ratio=99.12 momentum=100.57; 2026-09-17 ratio=99.14 momentum=100.23; 2026-09-18 ratio=99.21 momentum=100.48; 2026-09-21 ratio=99.17 momentum=100.08,0.4
stock,Marc Technocrats,MARC.NS,Consulting Services,Services,256.32,0.0,4.81,,37.53,,24.32,29.22,,stage_2,5,150.45,99.05,13.67,0.00643,"{'price_above_30w_ma': True, '30w_ma_rising': True, 'price_above_10w_ma': True, 'relative_strength_positive': True, 'near_52w_high': True}",weakening,weakening,101.27,98.09,0.0,0.42,False,False,2026-09-15 ratio=101.26 momentum=97.66; 2026-09-16 ratio=101.55 momentum=99.20; 2026-09-17 ratio=101.73 momentum=100.02; 2026-09-18 ratio=101.63 momentum=99.65; 2026-09-21 ratio=101.27 momentum=98.09,158.69
stock,EKI Energy,EKI.NS,Consulting Services,Services,226.88,2.42,-15.93,-2094.44,10.46,-29.99,,-3.84,,insufficient_data,0,,,,,{},insufficient_data,insufficient_data,,,,,False,False,,0.0
stock,Mitcon Consult.,MITCON.NS,Consulting Services,Services,143.91,0.0,2.75,151.38,67.58,176.63,14.78,8.83,,stage_2,5,80.12,74.76,3.81,0.00342,"{'price_above_30w_ma': True, '30w_ma_rising': True, 'price_above_10w_ma': True, 'relative_strength_positive': True, 'near_52w_high': True}",leading,leading,101.35,101.4,-0.71,-0.43,False,False,2026-09-15 ratio=102.07 momentum=101.83; 2026-09-16 ratio=101.92 momentum=101.43; 2026-09-17 ratio=101.75 momentum=101.25; 2026-09-18 ratio=101.53 momentum=101.35; 2026-09-21 ratio=101.35 momentum=101.40,166.37
stock,AAA Technologies,AAATECH.NS,Consulting Services,Services,119.96,1.07,0.87,12.99,3.76,1.62,57.67,8.96,,not_stage_2,3,93.73,94.07,-1.99,0.004,"{'price_above_30w_ma': False, '30w_ma_rising': False, 'price_above_10w_ma': True, 'relative_strength_positive': True, 'near_52w_high': True}",leading,leading,101.71,101.74,0.44,0.12,False,False,2026-09-15 ratio=101.27 momentum=101.63; 2026-09-16 ratio=101.32 momentum=102.24; 2026-09-17 ratio=98.10 momentum=97.54; 2026-09-18 ratio=98.98 momentum=98.59; 2026-09-21 ratio=101.71 momentum=101.74,97.25
stock,Dhruv Consultanc,DHRUV.NS,Consulting Services,Services,39.23,0.95,-4.74,-396.25,15.55,-26.09,,-32.46,,not_stage_2,0,21.57,27.87,-3.41,0.00092,"{'price_above_30w_ma': False, '30w_ma_rising': False, 'price_above_10w_ma': False, 'relative_strength_positive': False, 'near_52w_high': False}",lagging,lagging,97.91,99.2,-0.92,-0.55,False,False,2026-09-15 ratio=98.82 momentum=99.76; 2026-09-16 ratio=98.23 momentum=98.09; 2026-09-17 ratio=98.46 momentum=98.67; 2026-09-18 ratio=98.22 momentum=97.89; 2026-09-21 ratio=97.91 momentum=99.20,0.0
stock,Manglam Infra,MIEL.NS,Consulting Services,Services,21.64,0.0,1.6,1700.0,21.86,-21.42,6.89,9.5,,insufficient_data,0,,,,,{},insufficient_data,insufficient_data,,,,,False,False,,0.0
stock,Physicswallah,PWL.NS,E-Learning,Consumer Services,39554.58,0.0,-88.28,35.6,1053.95,24.42,647.25,3.99,,stage_2,5,136.35,115.06,3.76,0.00582,"{'price_above_30w_ma': True, '30w_ma_rising': True, 'price_above_10w_ma': True, 'relative_strength_positive': True, 'near_52w_high': True}",leading,leading,101.59,102.77,0.68,0.06,False,False,2026-09-15 ratio=100.91 momentum=102.71; 2026-09-16 ratio=100.53 momentum=102.85; 2026-09-17 ratio=100.60 momentum=103.64; 2026-09-18 ratio=101.80 momentum=104.44; 2026-09-21 ratio=101.59 momentum=102.77,174.32
stock,Veranda Learning,VERANDA.NS,E-Learning,Consumer Services,2236.37,0.0,33.87,854.4,149.54,41.52,34.67,12.83,,not_stage_2,3,230.13,212.77,2.47,0.00983,"{'price_above_30w_ma': True, '30w_ma_rising': True, 'price_above_10w_ma': False, 'relative_strength_positive': False, 'near_52w_high': True}",lagging,lagging,99.64,98.93,1.11,2.66,False,False,2026-09-15 ratio=98.54 momentum=96.27; 2026-09-16 ratio=98.46 momentum=97.59; 2026-09-17 ratio=98.13 momentum=97.03; 2026-09-18 ratio=98.89 momentum=98.03; 2026-09-21 ratio=99.64 momentum=98.93,64.94
stock,Jaro Institute,JARO.NS,E-Learning,Consumer Services,1026.33,1.08,11.17,48.34,70.75,16.61,18.15,22.09,,not_stage_2,2,460.4,474.5,-0.13,0.01966,"{'price_above_30w_ma': False, '30w_ma_rising': False, 'price_above_10w_ma': True, 'relative_strength_positive': True, 'near_52w_high': False}",leading,leading,101.18,102.75,0.27,-0.09,False,False,2026-09-15 ratio=100.91 momentum=102.84; 2026-09-16 ratio=100.78 momentum=102.46; 2026-09-17 ratio=100.93 momentum=102.14; 2026-09-18 ratio=100.70 momentum=101.72; 2026-09-21 ratio=101.18 momentum=102.75,79.65
stock,Addictive Learn,ADDICTIVE.NS,E-Learning,Consumer Services,72.46,0.0,0.31,-75.97,22.69,8.41,,0.9,,insufficient_data,0,,,,,{},insufficient_data,insufficient_data,,,,,False,False,,0.0
stock,G-Tec Janix,GTECJAINX.NS,E-Learning,Consumer Services,28.6,0.0,0.3,100.0,2.25,-10.36,,-36.32,,stage_2,4,28.43,24.66,4.88,0.00121,"{'price_above_30w_ma': True, '30w_ma_rising': True, 'price_above_10w_ma': False, 'relative_strength_positive': True, 'near_52w_high': True}",lagging,leading,98.84,97.56,-2.75,-5.25,False,False,2026-09-15 ratio=101.59 momentum=102.81; 2026-09-16 ratio=100.14 momentum=100.34; 2026-09-17 ratio=99.84 momentum=99.06; 2026-09-18 ratio=99.36 momentum=98.46; 2026-09-21 ratio=98.84 momentum=97.56,114.76
stock,Usha Mart. Edu.,UMESLTD.NS,E-Learning,Consumer Services,12.34,0.0,0.02,0.0,0.12,-7.69,30.09,5.23,,not_stage_2,1,4.57,5.62,0.84,0.0002,"{'price_above_30w_ma': False, '30w_ma_rising': True, 'price_above_10w_ma': False, 'relative_strength_positive': False, 'near_52w_high': False}",lagging,lagging,97.66,98.93,0.13,2.12,False,False,2026-09-15 ratio=97.53 momentum=96.81; 2026-09-16 ratio=96.54 momentum=98.79; 2026-09-17 ratio=96.93 momentum=99.15; 2026-09-18 ratio=97.86 momentum=99.61; 2026-09-21 ratio=97.66 momentum=98.93,21.68
stock,Docmode Health,DHTL.NS,E-Learning,Consumer Services,8.48,0.0,-0.07,95.57,7.67,-64.07,,6.12,,not_stage_2,0,27.5,39.02,-7.21,0.00117,"{'price_above_30w_ma': False, '30w_ma_rising': False, 'price_above_10w_ma': False, 'relative_strength_positive': False, 'near_52w_high': False}",lagging,improving,98.35,98.93,-0.72,-1.14,False,False,2026-09-15 ratio=99.07 momentum=100.07; 2026-09-16 ratio=98.40 momentum=98.75; 2026-09-17 ratio=98.45 momentum=98.84; 2026-09-18 ratio=97.90 momentum=98.33; 2026-09-21 ratio=98.35 momentum=98.93,0.0
stock,PVR Inox,PVRINOX.NS,"Film Production, Distribution & Exhibition","Media, Entertainment & Publication",12936.87,0.0,56.5,220.3,1622.2,11.91,40.78,6.79,,stage_2,5,1334.8,1059.66,3.27,0.05701,"{'price_above_30w_ma': True, '30w_ma_rising': True, 'price_above_10w_ma': True, 'relative_strength_positive': True, 'near_52w_high': True}",leading,leading,102.28,101.89,0.82,1.4,False,False,2026-09-15 ratio=101.46 momentum=100.49; 2026-09-16 ratio=101.70 momentum=100.70; 2026-09-17 ratio=101.80 momentum=101.42; 2026-09-18 ratio=102.20 momentum=101.31; 2026-09-21 ratio=102.28 momentum=101.89,172.39
stock,Media Matrix,MMWL.NS,"Film Production, Distribution & Exhibition","Media, Entertainment & Publication",1577.97,0.0,3.58,84.46,428.45,83.37,222.25,9.71,,insufficient_data,0,,,,,{},lagging,weakening,98.91,97.29,-1.15,-0.91,False,False,2026-09-15 ratio=100.07 momentum=98.19; 2026-09-16 ratio=99.01 momentum=97.63; 2026-09-17 ratio=98.83 momentum=97.65; 2026-09-18 ratio=98.55 momentum=97.73; 2026-09-21 ratio=98.91 momentum=97.29,0.0
stock,Panorama Studios,PANORAMA.NS,"Film Production, Distribution & Exhibition","Media, Entertainment & Publication",1480.86,0.1,12.71,165.95,183.07,34.26,61.34,8.7,,insufficient_data,0,,,,,{},insufficient_data,insufficient_data,,,,,False,False,,0.0
stock,Sunshine Picture,SUNSHINE.NS,"Film Production, Distribution & Exhibition","Media, Entertainment & Publication",1374.75,0.0,0.25,123.15,6.48,16100.0,33.6,40.96,,insufficient_data,0,,,,,{},insufficient_data,insufficient_data,,,,,False,False,,0.0
stock,Connplex Cinemas,CONNPLEX.NS,"Film Production, Distribution & Exhibition","Media, Entertainment & Publication",504.43,0.0,13.03,38.91,83.46,51.97,19.48,43.55,,insufficient_data,0,,,,,{},insufficient_data,insufficient_data,,,,,False,False,,0.0
stock,Cineline India,CINELINE.NS,"Film Production, Distribution & Exhibition","Media, Entertainment & Publication",336.82,1.39,-1.21,74.27,59.27,30.87,25.02,10.86,,stage_2,4,89.16,85.05,1.15,0.00381,"{'price_above_30w_ma': True, '30w_ma_rising': True, 'price_above_10w_ma': False, 'relative_strength_positive': True, 'near_52w_high': True}",weakening,leading,100.88,97.48,-0.62,-3.33,False,False,2026-09-15 ratio=101.50 momentum=100.81; 2026-09-16 ratio=101.08 momentum=99.75; 2026-09-17 ratio=101.47 momentum=100.69; 2026-09-18 ratio=100.97 momentum=99.16; 2026-09-21 ratio=100.88 momentum=97.48,111.7
stock,UFO Moviez,UFO.NS,"Film Production, Distribution & Exhibition","Media, Entertainment & Publication",233.54,0.0,5.64,-13.5,110.69,3.81,9.72,11.19,,not_stage_2,0,60.64,68.4,-2.0,0.00259,"{'price_above_30w_ma': False, '30w_ma_rising': False, 'price_above_10w_ma': False, 'relative_strength_positive': False, 'near_52w_high': False}",lagging,lagging,97.88,97.5,-0.07,1.03,False,False,2026-09-15 ratio=97.95 momentum=96.47; 2026-09-16 ratio=98.24 momentum=98.68; 2026-09-17 ratio=98.20 momentum=97.86; 2026-09-18 ratio=97.93 momentum=97.20; 2026-09-21 ratio=97.88 momentum=97.50,0.0
stock,Tips Films,TIPSFILMS.NS,"Film Production, Distribution & Exhibition","Media, Entertainment & Publication",135.89,0.0,-29.41,-720.46,47.96,-49.71,,-6.69,,not_stage_2,0,316.35,348.64,-2.03,0.01351,"{'price_above_30w_ma': False, '30w_ma_rising': False, 'price_above_10w_ma': False, 'relative_strength_positive': False, 'near_52w_high': False}",lagging,lagging,99.2,98.79,-0.13,0.57,False,False,2026-09-15 ratio=99.33 momentum=98.21; 2026-09-16 ratio=99.07 momentum=97.53; 2026-09-17 ratio=99.18 momentum=98.81; 2026-09-18 ratio=99.22 momentum=98.68; 2026-09-21 ratio=99.20 momentum=98.79,0.0
stock,Mukta Arts,MUKTAARTS.NS,"Film Production, Distribution & Exhibition","Media, Entertainment & Publication",130.38,0.0,-2.15,64.7,40.59,10.51,,11.17,,not_stage_2,3,56.0,54.96,-0.24,0.00239,"{'price_above_30w_ma': True, '30w_ma_rising': False, 'price_above_10w_ma': False, 'relative_strength_positive': True, 'near_52w_high': True}",weakening,leading,100.5,97.86,-0.94,-4.74,False,False,2026-09-15 ratio=101.44 momentum=102.59; 2026-09-16 ratio=100.62 momentum=100.40; 2026-09-17 ratio=100.69 momentum=99.77; 2026-09-18 ratio=101.40 momentum=102.31; 2026-09-21 ratio=100.50 momentum=97.86,62.5
stock,Baweja Studios L,BAWEJA.NS,"Film Production, Distribution & Exhibition","Media, Entertainment & Publication",47.73,0.0,4.57,-13.28,33.44,-22.93,7.85,7.94,,not_stage_2,0,24.3,28.26,-2.8,0.00104,"{'price_above_30w_ma': False, '30w_ma_rising': False, 'price_above_10w_ma': False, 'relative_strength_positive': False, 'near_52w_high': False}",lagging,improving,99.66,99.31,0.59,-1.37,False,False,2026-09-15 ratio=99.07 momentum=100.68; 2026-09-16 ratio=99.06 momentum=99.27; 2026-09-17 ratio=99.08 momentum=98.28; 2026-09-18 ratio=98.66 momentum=97.28; 2026-09-21 ratio=99.66 momentum=99.31,0.0
stock,Metro Brands,METROBRAND.NS,Footwear,Consumer Durables,24832.24,0.66,95.26,-4.79,720.36,14.66,61.1,20.12,,not_stage_2,0,920.3,993.66,-1.55,0.03931,"{'price_above_30w_ma': False, '30w_ma_rising': False, 'price_above_10w_ma': False, 'relative_strength_positive': False, 'near_52w_high': False}",improving,leading,99.81,103.19,-0.22,0.55,False,False,2026-09-15 ratio=100.03 momentum=102.64; 2026-09-16 ratio=100.05 momentum=102.71; 2026-09-17 ratio=100.08 momentum=103.77; 2026-09-18 ratio=99.87 momentum=103.25; 2026-09-21 ratio=99.81 momentum=103.19,15.95
stock,Bata India,BATAINDIA.NS,Footwear,Consumer Durables,8187.83,3.92,63.98,15.88,978.95,3.94,47.1,12.74,,not_stage_2,0,631.75,693.69,-3.3,0.02698,"{'price_above_30w_ma': False, '30w_ma_rising': False, 'price_above_10w_ma': False, 'relative_strength_positive': False, 'near_52w_high': False}",lagging,lagging,98.26,97.71,-0.42,0.09,False,False,2026-09-15 ratio=98.68 momentum=97.62; 2026-09-16 ratio=98.10 momentum=97.36; 2026-09-17 ratio=98.39 momentum=98.71; 2026-09-18 ratio=98.41 momentum=97.36; 2026-09-21 ratio=98.26 momentum=97.71,0.0
stock,Relaxo Footwear,RELAXO.NS,Footwear,Consumer Durables,7427.11,1.17,54.94,12.35,705.05,7.73,40.08,11.18,,not_stage_2,0,292.65,337.68,-1.76,0.0125,"{'price_above_30w_ma': False, '30w_ma_rising': False, 'price_above_10w_ma': False, 'relative_strength_positive': False, 'near_52w_high': False}",lagging,lagging,97.76,98.5,-0.32,-0.33,False,False,2026-09-15 ratio=98.08 momentum=98.82; 2026-09-16 ratio=97.95 momentum=95.66; 2026-09-17 ratio=98.12 momentum=103.05; 2026-09-18 ratio=97.53 momentum=97.93; 2026-09-21 ratio=97.76 momentum=98.50,0.0
stock,Redtape,REDTAPE.NS,Footwear,Consumer Durables,6702.96,1.65,44.48,15.23,481.28,3.65,27.2,24.48,,not_stage_2,1,118.8,126.89,-0.74,0.00507,"{'price_above_30w_ma': False, '30w_ma_rising': False, 'price_above_10w_ma': False, 'relative_strength_positive': False, 'near_52w_high': True}",improving,improving,98.84,100.35,-0.98,-1.69,False,False,2026-09-15 ratio=99.82 momentum=102.03; 2026-09-16 ratio=99.10 momentum=101.01; 2026-09-17 ratio=99.33 momentum=102.16; 2026-09-18 ratio=99.05 momentum=101.99; 2026-09-21 ratio=98.84 momentum=100.35,21.75
stock,Campus Activewe.,CAMPUS.NS,Footwear,Consumer Durables,6460.54,0.71,26.14,17.75,385.2,12.21,41.94,21.22,,not_stage_2,0,211.35,232.44,-2.92,0.00903,"{'price_above_30w_ma': False, '30w_ma_rising': False, 'price_above_10w_ma': False, 'relative_strength_positive': False, 'near_52w_high': False}",lagging,lagging,98.94,94.85,-0.94,-4.04,False,False,2026-09-15 ratio=99.88 momentum=98.89; 2026-09-16 ratio=99.37 momentum=98.18; 2026-09-17 ratio=99.40 momentum=99.08; 2026-09-18 ratio=99.30 momentum=96.29; 2026-09-21 ratio=98.94 momentum=94.85,0.0
stock,Sreeleathers,SREEL.NS,Footwear,Consumer Durables,688.37,0.68,6.99,138.57,59.63,19.74,20.96,6.97,,stage_2,5,279.9,214.16,5.53,0.01195,"{'price_above_30w_ma': True, '30w_ma_rising': True, 'price_above_10w_ma': True, 'relative_strength_positive': True, 'near_52w_high': True}",weakening,leading,100.93,98.93,-1.32,-1.96,False,False,2026-09-15 ratio=102.25 momentum=100.89; 2026-09-16 ratio=101.70 momentum=100.23; 2026-09-17 ratio=101.44 momentum=99.70; 2026-09-18 ratio=101.10 momentum=99.19; 2026-09-21 ratio=100.93 momentum=98.93,140.71
stock,Liberty Shoes,LIBERTSHOE.NS,Footwear,Consumer Durables,402.34,0.0,0.68,-76.97,169.86,-1.7,47.22,7.91,,not_stage_2,0,218.54,248.47,-1.67,0.00933,"{'price_above_30w_ma': False, '30w_ma_rising': False, 'price_above_10w_ma': False, 'relative_strength_positive': False, 'near_52w_high': False}",improving,lagging,98.45,100.27,0.24,2.38,False,True,2026-09-15 ratio=98.22 momentum=97.89; 2026-09-16 ratio=98.19 momentum=98.50; 2026-09-17 ratio=98.09 momentum=99.03; 2026-09-18 ratio=98.49 momentum=100.32; 2026-09-21 ratio=98.45 momentum=100.27,1.35
stock,Brandman Retail,BRANDMAN.NS,Footwear,Consumer Durables,302.69,0.0,4.76,1152.63,45.19,287.56,10.2,36.81,,insufficient_data,0,,,,,{},insufficient_data,insufficient_data,,,,,False,False,,0.0
stock,Khadim India,KHADIM.NS,Footwear,Consumer Durables,225.95,0.0,0.52,-39.53,77.84,-18.66,50.1,6.87,,not_stage_2,3,125.44,103.77,-2.72,0.00536,"{'price_above_30w_ma': True, '30w_ma_rising': False, 'price_above_10w_ma': True, 'relative_strength_positive': True, 'near_52w_high': False}",weakening,leading,102.06,99.9,-0.28,-0.7,False,False,2026-09-15 ratio=102.34 momentum=100.60; 2026-09-16 ratio=101.94 momentum=97.48; 2026-09-17 ratio=102.01 momentum=99.59; 2026-09-18 ratio=102.05 momentum=100.90; 2026-09-21 ratio=102.06 momentum=99.90,70.3
stock,ICICI Lombard,ICICIGI.NS,General Insurance,Financial Services,74698.66,0.9,403.17,-46.03,7088.22,10.83,30.77,21.88,,not_stage_2,0,1480.0,1713.84,-3.21,0.06321,"{'price_above_30w_ma': False, '30w_ma_rising': False, 'price_above_10w_ma': False, 'relative_strength_positive': False, 'near_52w_high': False}",improving,lagging,99.31,103.02,0.91,5.99,False,True,2026-09-15 ratio=98.40 momentum=97.03; 2026-09-16 ratio=98.52 momentum=95.88; 2026-09-17 ratio=99.08 momentum=102.39; 2026-09-18 ratio=98.66 momentum=100.75; 2026-09-21 ratio=99.31 momentum=103.02,15.1
stock,General Insuranc,GICRE.NS,General Insurance,Financial Services,60413.09,3.85,1743.67,-31.1,14400.9,-1.52,6.81,17.35,,not_stage_2,1,341.2,369.81,-1.2,0.01457,"{'price_above_30w_ma': False, '30w_ma_rising': False, 'price_above_10w_ma': False, 'relative_strength_positive': False, 'near_52w_high': True}",weakening,lagging,100.11,99.0,0.77,-0.47,False,False,2026-09-15 ratio=99.34 momentum=99.47; 2026-09-16 ratio=99.02 momentum=98.87; 2026-09-17 ratio=99.28 momentum=98.55; 2026-09-18 ratio=101.16 momentum=100.97; 2026-09-21 ratio=100.11 momentum=99.00,20.55
stock,Star Health Insu,STARHEALTH.NS,General Insurance,Financial Services,32353.94,0.0,549.73,25.46,5522.07,13.15,38.33,9.69,,not_stage_2,3,544.6,535.19,2.33,0.02326,"{'price_above_30w_ma': True, '30w_ma_rising': True, 'price_above_10w_ma': False, 'relative_strength_positive': False, 'near_52w_high': True}",lagging,lagging,98.3,99.91,-0.28,-0.02,False,False,2026-09-15 ratio=98.58 momentum=99.93; 2026-09-16 ratio=98.84 momentum=100.80; 2026-09-17 ratio=100.01 momentum=101.49; 2026-09-18 ratio=98.74 momentum=100.25; 2026-09-21 ratio=98.30 momentum=99.91,64.66
stock,New India Assura,NIACL.NS,General Insurance,Financial Services,31504.85,0.78,-239.15,-160.61,11899.69,1.54,40.95,4.29,,stage_2,4,187.41,168.74,4.24,0.008,"{'price_above_30w_ma': True, '30w_ma_rising': True, 'price_above_10w_ma': False, 'relative_strength_positive': True, 'near_52w_high': True}",weakening,weakening,100.48,95.76,-0.17,-3.69,False,False,2026-09-15 ratio=100.65 momentum=99.45; 2026-09-16 ratio=100.49 momentum=99.67; 2026-09-17 ratio=101.32 momentum=98.80; 2026-09-18 ratio=100.61 momentum=98.78; 2026-09-21 ratio=100.48 momentum=95.76,115.88
stock,Go Digit General,GODIGIT.NS,General Insurance,Financial Services,22713.83,0.0,86.39,-37.55,2427.02,8.54,46.13,13.1,,not_stage_2,0,241.85,294.93,-3.36,0.01033,"{'price_above_30w_ma': False, '30w_ma_rising': False, 'price_above_10w_ma': False, 'relative_strength_positive': False, 'near_52w_high': False}",lagging,improving,98.86,98.48,-0.8,-5.08,False,False,2026-09-15 ratio=99.66 momentum=103.56; 2026-09-16 ratio=99.59 momentum=101.92; 2026-09-17 ratio=99.89 momentum=103.27; 2026-09-18 ratio=98.76 momentum=97.97; 2026-09-21 ratio=98.86 momentum=98.48,0.0
stock,Niva Bupa Health,NIVABUPA.NS,General Insurance,Financial Services,14862.15,0.0,137.8,92.89,2471.26,27.93,85.29,3.15,,not_stage_2,3,80.83,80.7,0.6,0.00345,"{'price_above_30w_ma': True, '30w_ma_rising': True, 'price_above_10w_ma': False, 'relative_strength_positive': False, 'near_52w_high': True}",improving,leading,99.49,102.88,-0.91,-0.97,False,False,2026-09-15 ratio=100.40 momentum=103.85; 2026-09-16 ratio=99.27 momentum=100.88; 2026-09-17 ratio=99.23 momentum=101.73; 2026-09-18 ratio=99.13 momentum=101.37; 2026-09-21 ratio=99.49 momentum=102.88,75.6
stock,LG Electronics,LGEINDIA.NS,Household Appliances,Consumer Durables,114994.16,0.0,652.86,27.2,7233.35,15.49,63.02,32.27,,stage_2,5,1663.7,1569.79,1.04,0.07105,"{'price_above_30w_ma': True, '30w_ma_rising': True, 'price_above_10w_ma': True, 'relative_strength_positive': True, 'near_52w_high': True}",leading,weakening,101.24,100.35,-0.19,4.66,False,False,2026-09-15 ratio=101.43 momentum=95.69; 2026-09-16 ratio=101.25 momentum=98.27; 2026-09-17 ratio=101.49 momentum=100.12; 2026-09-18 ratio=101.92 momentum=101.46; 2026-09-21 ratio=101.24 momentum=100.35,155.03
stock,Voltas,VOLTAS.NS,Household Appliances,Consumer Durables,37349.26,0.35,212.76,52.19,4673.5,18.66,79.99,9.04,,not_stage_2,0,1100.8,1295.89,-3.77,0.04701,"{'price_above_30w_ma': False, '30w_ma_rising': False, 'price_above_10w_ma': False, 'relative_strength_positive': False, 'near_52w_high': False}",improving,improving,98.78,102.64,0.09,0.74,False,True,2026-09-15 ratio=98.70 momentum=101.90; 2026-09-16 ratio=98.57 momentum=100.58; 2026-09-17 ratio=98.65 momentum=104.43; 2026-09-18 ratio=98.29 momentum=100.15; 2026-09-21 ratio=98.78 momentum=102.64,13.2
stock,Blue Star,BLUESTARCO.NS,Household Appliances,Consumer Durables,31409.55,0.55,102.51,-21.03,3377.92,13.27,59.36,21.24,,not_stage_2,2,1525.0,1642.69,-3.31,0.06513,"{'price_above_30w_ma': False, '30w_ma_rising': False, 'price_above_10w_ma': False, 'relative_strength_positive': True, 'near_52w_high': True}",leading,improving,100.42,102.85,0.73,0.43,True,False,2026-09-15 ratio=99.69 momentum=102.41; 2026-09-16 ratio=99.86 momentum=101.97; 2026-09-17 ratio=100.37 momentum=103.74; 2026-09-18 ratio=100.09 momentum=102.16; 2026-09-21 ratio=100.42 momentum=102.85,86.35
stock,Amber Enterp.,AMBER.NS,Household Appliances,Consumer Durables,24865.19,0.0,3.09,-3.37,3887.72,12.72,120.51,10.29,,not_stage_2,1,7000.0,7473.28,-0.51,0.29896,"{'price_above_30w_ma': False, '30w_ma_rising': False, 'price_above_10w_ma': False, 'relative_strength_positive': False, 'near_52w_high': True}",lagging,lagging,99.57,97.85,0.14,2.27,False,False,2026-09-15 ratio=99.43 momentum=95.58; 2026-09-16 ratio=99.03 momentum=97.02; 2026-09-17 ratio=99.48 momentum=98.58; 2026-09-18 ratio=99.75 momentum=99.01; 2026-09-21 ratio=99.57 momentum=97.85,20.0
stock,Crompton Gr. Con,CROMPTON.NS,Household Appliances,Consumer Durables,14296.83,1.34,140.32,12.12,2022.47,11.2,31.5,18.98,,not_stage_2,0,222.0,255.57,-1.58,0.00948,"{'price_above_30w_ma': False, '30w_ma_rising': False, 'price_above_10w_ma': False, 'relative_strength_positive': False, 'near_52w_high': False}",improving,improving,98.64,100.85,-0.17,-0.44,False,False,2026-09-15 ratio=98.82 momentum=101.30; 2026-09-16 ratio=98.51 momentum=101.38; 2026-09-17 ratio=98.68 momentum=102.53; 2026-09-18 ratio=98.85 momentum=104.74; 2026-09-21 ratio=98.64 momentum=100.85,4.25
stock,V-Guard Industri,VGUARD.NS,Household Appliances,Consumer Durables,13830.46,0.47,130.25,76.37,1810.65,23.5,36.39,18.38,,stage_2,4,320.5,317.55,0.18,0.01369,"{'price_above_30w_ma': True, '30w_ma_rising': True, 'price_above_10w_ma': False, 'relative_strength_positive': True, 'near_52w_high': True}",weakening,weakening,100.78,96.16,-0.24,-0.07,False,False,2026-09-15 ratio=101.01 momentum=96.24; 2026-09-16 ratio=101.20 momentum=97.15; 2026-09-17 ratio=101.29 momentum=96.92; 2026-09-18 ratio=100.89 momentum=94.70; 2026-09-21 ratio=100.78 momentum=96.16,109.26
stock,Whirlpool India,WHIRLPOOL.NS,Household Appliances,Consumer Durables,10976.06,0.58,102.88,-29.4,2726.75,12.1,40.26,10.67,,not_stage_2,0,721.05,821.31,-2.33,0.0308,"{'price_above_30w_ma': False, '30w_ma_rising': False, 'price_above_10w_ma': False, 'relative_strength_positive': False, 'near_52w_high': False}",lagging,lagging,98.17,97.6,-1.57,-0.94,False,False,2026-09-15 ratio=99.74 momentum=98.54; 2026-09-16 ratio=98.56 momentum=97.91; 2026-09-17 ratio=98.33 momentum=97.94; 2026-09-18 ratio=97.88 momentum=97.72; 2026-09-21 ratio=98.17 momentum=97.60,0.0
stock,Eureka Forbes,EUREKAFORB.NS,Household Appliances,Consumer Durables,7316.0,0.0,55.44,6.98,700.77,15.31,36.59,5.86,,not_stage_2,0,377.3,451.99,-3.17,0.01611,"{'price_above_30w_ma': False, '30w_ma_rising': False, 'price_above_10w_ma': False, 'relative_strength_positive': False, 'near_52w_high': False}",lagging,lagging,97.79,94.38,-0.7,-4.38,False,False,2026-09-15 ratio=98.49 momentum=98.76; 2026-09-16 ratio=98.46 momentum=98.69; 2026-09-17 ratio=98.33 momentum=98.54; 2026-09-18 ratio=98.06 momentum=95.19; 2026-09-21 ratio=97.79 momentum=94.38,0.0
stock,TTK Prestige,TTKPRESTIG.NS,Household Appliances,Consumer Durables,7200.3,1.43,58.97,103.94,813.85,33.57,34.79,12.1,,not_stage_2,1,517.15,547.42,-0.25,0.02209,"{'price_above_30w_ma': False, '30w_ma_rising': False, 'price_above_10w_ma': False, 'relative_strength_positive': False, 'near_52w_high': True}",improving,lagging,98.39,100.07,-0.31,0.92,False,False,2026-09-15 ratio=98.70 momentum=99.15; 2026-09-16 ratio=98.72 momentum=99.59; 2026-09-17 ratio=98.80 momentum=98.88; 2026-09-18 ratio=98.50 momentum=97.40; 2026-09-21 ratio=98.39 momentum=100.07,20.35
stock,IFB Industries,IFBIND.NS,Household Appliances,Consumer Durables,5095.84,0.0,38.06,50.08,1523.52,17.1,32.61,18.22,,not_stage_2,2,1213.1,1210.45,1.14,0.05181,"{'price_above_30w_ma': True, '30w_ma_rising': True, 'price_above_10w_ma': False, 'relative_strength_positive': False, 'near_52w_high': False}",lagging,lagging,97.87,97.97,-1.67,-0.26,False,False,2026-09-15 ratio=99.54 momentum=98.24; 2026-09-16 ratio=98.47 momentum=97.81; 2026-09-17 ratio=97.74 momentum=97.49; 2026-09-18 ratio=97.89 momentum=97.56; 2026-09-21 ratio=97.87 momentum=97.97,42.28
stock,Adani Total Gas,ATGL.NS,LPG/CNG/PNG/LNG Supplier,"Oil, Gas & Consumable Fuels",68776.61,0.04,133.03,-17.97,1743.48,27.1,113.17,15.09,,not_stage_2,3,626.25,642.77,2.12,0.02675,"{'price_above_30w_ma': False, '30w_ma_rising': True, 'price_above_10w_ma': False, 'relative_strength_positive': True, 'near_52w_high': True}",leading,lagging,100.22,102.04,1.79,2.1,True,False,2026-09-15 ratio=98.43 momentum=99.94; 2026-09-16 ratio=98.61 momentum=101.70; 2026-09-17 ratio=98.64 momentum=100.68; 2026-09-18 ratio=100.96 momentum=103.34; 2026-09-21 ratio=100.22 momentum=102.04,105.54
stock,Petronet LNG,PETRONET.NS,LPG/CNG/PNG/LNG Supplier,"Oil, Gas & Consumable Fuels",42778.81,3.5,1137.14,35.07,5557.84,-53.22,10.17,22.55,,not_stage_2,3,281.75,277.25,-0.79,0.01203,"{'price_above_30w_ma': True, '30w_ma_rising': False, 'price_above_10w_ma': False, 'relative_strength_positive': True, 'near_52w_high': True}",weakening,weakening,101.31,99.83,-0.28,8.69,False,False,2026-09-15 ratio=101.59 momentum=91.14; 2026-09-16 ratio=101.17 momentum=96.89; 2026-09-17 ratio=101.20 momentum=98.42; 2026-09-18 ratio=102.06 momentum=101.50; 2026-09-21 ratio=101.31 momentum=99.83,66.55
stock,Gujarat Energy,GUJENERGY.NS,LPG/CNG/PNG/LNG Supplier,"Oil, Gas & Consumable Fuels",22261.26,3.75,1007.4,69.8,9544.98,63.12,11.38,11.73,,not_stage_2,0,230.4,323.89,-6.56,0.00984,"{'price_above_30w_ma': False, '30w_ma_rising': False, 'price_above_10w_ma': False, 'relative_strength_positive': False, 'near_52w_high': False}",lagging,lagging,98.07,97.46,-0.57,-2.14,False,False,2026-09-15 ratio=98.64 momentum=99.60; 2026-09-16 ratio=98.66 momentum=99.20; 2026-09-17 ratio=98.21 momentum=97.83; 2026-09-18 ratio=98.67 momentum=98.42; 2026-09-21 ratio=98.07 momentum=97.46,0.0
stock,Indraprastha Gas,IGL.NS,LPG/CNG/PNG/LNG Supplier,"Oil, Gas & Consumable Fuels",20547.79,2.21,237.92,-43.97,4586.73,17.19,15.1,17.52,,not_stage_2,0,146.68,156.43,-1.6,0.00626,"{'price_above_30w_ma': False, '30w_ma_rising': False, 'price_above_10w_ma': False, 'relative_strength_positive': False, 'near_52w_high': False}",weakening,leading,100.51,97.76,-1.16,-4.08,False,False,2026-09-15 ratio=101.67 momentum=101.84; 2026-09-16 ratio=100.95 momentum=101.43; 2026-09-17 ratio=100.77 momentum=101.84; 2026-09-18 ratio=100.56 momentum=101.34; 2026-09-21 ratio=100.51 momentum=97.76,2.55
stock,Mahanagar Gas,MGL.NS,LPG/CNG/PNG/LNG Supplier,"Oil, Gas & Consumable Fuels",10780.8,2.75,193.7,-39.39,2371.71,13.95,14.95,17.14,,not_stage_2,1,1067.3,1091.93,-0.86,0.04558,"{'price_above_30w_ma': False, '30w_ma_rising': False, 'price_above_10w_ma': False, 'relative_strength_positive': False, 'near_52w_high': True}",leading,leading,100.35,100.99,-0.44,-1.12,False,False,2026-09-15 ratio=100.79 momentum=102.12; 2026-09-16 ratio=101.02 momentum=102.25; 2026-09-17 ratio=100.31 momentum=102.24; 2026-09-18 ratio=100.77 momentum=104.45; 2026-09-21 ratio=100.35 momentum=100.99,46.7
stock,Confidence Petro,CONFIPET.NS,LPG/CNG/PNG/LNG Supplier,"Oil, Gas & Consumable Fuels",2960.25,0.11,62.55,207.04,2408.53,116.6,21.99,9.23,,stage_2,5,86.76,66.12,12.68,0.00371,"{'price_above_30w_ma': True, '30w_ma_rising': True, 'price_above_10w_ma': True, 'relative_strength_positive': True, 'near_52w_high': True}",leading,leading,101.89,100.2,-0.21,-0.47,False,False,2026-09-15 ratio=102.11 momentum=100.67; 2026-09-16 ratio=102.02 momentum=101.20; 2026-09-17 ratio=101.91 momentum=99.71; 2026-09-18 ratio=102.56 momentum=100.32; 2026-09-21 ratio=101.89 momentum=100.20,180.81
stock,IRM Energy,IRMENERGY.NS,LPG/CNG/PNG/LNG Supplier,"Oil, Gas & Consumable Fuels",1121.99,0.55,33.81,142.89,325.85,24.13,15.35,8.63,,not_stage_2,2,268.35,260.87,1.69,0.01146,"{'price_above_30w_ma': True, '30w_ma_rising': True, 'price_above_10w_ma': False, 'relative_strength_positive': False, 'near_52w_high': False}",weakening,weakening,100.25,98.79,0.06,1.71,False,False,2026-09-15 ratio=100.20 momentum=97.08; 2026-09-16 ratio=99.91 momentum=98.11; 2026-09-17 ratio=100.22 momentum=98.21; 2026-09-18 ratio=100.22 momentum=98.15; 2026-09-21 ratio=100.25 momentum=98.79,44.63
stock,Life Insurance,LICI.NS,Life Insurance,Financial Services,517469.95,2.45,13584.25,23.98,239865.7,6.76,8.61,35.14,,not_stage_2,2,404.55,409.27,-0.9,0.01728,"{'price_above_30w_ma': False, '30w_ma_rising': False, 'price_above_10w_ma': False, 'relative_strength_positive': True, 'near_52w_high': True}",lagging,lagging,99.7,98.95,0.34,0.83,False,False,2026-09-15 ratio=99.36 momentum=98.11; 2026-09-16 ratio=99.55 momentum=100.10; 2026-09-17 ratio=99.83 momentum=101.67; 2026-09-18 ratio=100.32 momentum=100.91; 2026-09-21 ratio=99.70 momentum=98.95,40.0
stock,SBI Life Insuran,SBILIFE.NS,Life Insurance,Financial Services,177229.98,0.15,724.93,21.97,46336.78,18.82,68.14,14.95,,not_stage_2,2,1756.3,1822.7,-2.15,0.07501,"{'price_above_30w_ma': False, '30w_ma_rising': False, 'price_above_10w_ma': False, 'relative_strength_positive': True, 'near_52w_high': True}",leading,improving,100.15,100.72,1.74,0.59,True,False,2026-09-15 ratio=98.41 momentum=100.13; 2026-09-16 ratio=99.21 momentum=101.86; 2026-09-17 ratio=100.57 momentum=103.33; 2026-09-18 ratio=99.72 momentum=102.02; 2026-09-21 ratio=100.15 momentum=100.72,74.35
stock,HDFC Life Insur.,HDFCLIFE.NS,Life Insurance,Financial Services,121860.12,0.37,611.19,11.46,33758.51,14.58,61.7,10.3,,not_stage_2,2,559.2,580.25,-3.64,0.02388,"{'price_above_30w_ma': False, '30w_ma_rising': False, 'price_above_10w_ma': True, 'relative_strength_positive': True, 'near_52w_high': False}",leading,lagging,102.16,101.66,2.82,1.92,True,False,2026-09-15 ratio=99.34 momentum=99.74; 2026-09-16 ratio=100.37 momentum=102.06; 2026-09-17 ratio=102.40 momentum=103.36; 2026-09-18 ratio=101.70 momentum=102.26; 2026-09-21 ratio=102.16 momentum=101.66,89.1
stock,ICICI Pru Life,ICICIPRULI.NS,Life Insurance,Financial Services,70434.59,0.34,623.91,61.94,3185.46,-79.69,43.81,10.14,,not_stage_2,0,486.65,515.83,-4.07,0.02078,"{'price_above_30w_ma': False, '30w_ma_rising': False, 'price_above_10w_ma': False, 'relative_strength_positive': False, 'near_52w_high': False}",leading,lagging,100.59,100.73,2.67,4.75,True,False,2026-09-15 ratio=97.92 momentum=95.98; 2026-09-16 ratio=98.86 momentum=99.31; 2026-09-17 ratio=100.66 momentum=100.44; 2026-09-18 ratio=100.62 momentum=100.72; 2026-09-21 ratio=100.59 momentum=100.73,36.6
stock,Max Financial,MFSL.NS,Life Insurance,Financial Services,53990.1,0.0,118.29,36.38,14969.51,16.75,497.58,2.87,,not_stage_2,3,1554.2,1590.95,-2.16,0.06638,"{'price_above_30w_ma': False, '30w_ma_rising': False, 'price_above_10w_ma': True, 'relative_strength_positive': True, 'near_52w_high': True}",leading,lagging,101.83,101.41,3.1,5.1,True,False,2026-09-15 ratio=98.72 momentum=96.31; 2026-09-16 ratio=100.15 momentum=101.08; 2026-09-17 ratio=101.71 momentum=103.20; 2026-09-18 ratio=101.67 momentum=101.73; 2026-09-21 ratio=101.83 momentum=101.41,106.2
stock,Canara HSBC,CANHLIFE.NS,Life Insurance,Financial Services,14390.78,0.26,28.14,20.15,4350.86,19.81,109.58,8.35,,stage_2,5,153.4,145.25,0.62,0.00655,"{'price_above_30w_ma': True, '30w_ma_rising': True, 'price_above_10w_ma': True, 'relative_strength_positive': True, 'near_52w_high': True}",weakening,weakening,101.25,97.48,-0.45,-2.18,False,False,2026-09-15 ratio=101.70 momentum=99.66; 2026-09-16 ratio=101.95 momentum=101.81; 2026-09-17 ratio=102.07 momentum=102.48; 2026-09-18 ratio=101.53 momentum=99.95; 2026-09-21 ratio=101.25 momentum=97.48,132.49
stock,Container Corpn.,CONCOR.NS,Logistics Solution Provider,Services,35316.74,1.85,268.9,0.08,2159.76,0.28,28.44,12.64,,not_stage_2,1,467.0,486.87,-0.19,0.01995,"{'price_above_30w_ma': False, '30w_ma_rising': False, 'price_above_10w_ma': False, 'relative_strength_positive': False, 'near_52w_high': True}",lagging,weakening,99.59,97.66,-0.48,0.37,False,False,2026-09-15 ratio=100.07 momentum=97.29; 2026-09-16 ratio=100.21 momentum=97.68; 2026-09-17 ratio=100.05 momentum=97.73; 2026-09-18 ratio=101.00 momentum=100.51; 2026-09-21 ratio=99.59 momentum=97.66,20.0
stock,Delhivery,DELHIVERY.NS,Logistics Solution Provider,Services,32499.99,0.0,31.91,-64.95,2930.73,27.76,272.47,1.01,,not_stage_2,2,430.75,456.47,0.25,0.0184,"{'price_above_30w_ma': False, '30w_ma_rising': True, 'price_above_10w_ma': False, 'relative_strength_positive': False, 'near_52w_high': True}",lagging,lagging,99.04,99.05,0.58,1.04,False,False,2026-09-15 ratio=98.46 momentum=98.01; 2026-09-16 ratio=98.48 momentum=97.84; 2026-09-17 ratio=98.68 momentum=98.72; 2026-09-18 ratio=98.72 momentum=97.59; 2026-09-21 ratio=99.04 momentum=99.05,40.5
stock,Shadowfax Technologies,SHADOWFAX.NS,Logistics Solution Provider,Services,16758.48,0.0,66.2,624.29,1323.85,66.33,97.3,10.3,,stage_2,5,283.05,198.38,10.61,0.01209,"{'price_above_30w_ma': True, '30w_ma_rising': True, 'price_above_10w_ma': True, 'relative_strength_positive': True, 'near_52w_high': True}",leading,weakening,102.06,101.39,1.35,4.95,True,False,2026-09-15 ratio=100.71 momentum=96.44; 2026-09-16 ratio=100.77 momentum=97.40; 2026-09-17 ratio=101.14 momentum=99.29; 2026-09-18 ratio=101.05 momentum=97.41; 2026-09-21 ratio=102.06 momentum=101.39,193.47
stock,Blue Dart Expres,BLUEDART.NS,Logistics Solution Provider,Services,11406.49,0.52,88.49,81.22,1657.72,14.97,35.19,15.77,,not_stage_2,0,4786.6,5036.44,-2.3,0.20443,"{'price_above_30w_ma': False, '30w_ma_rising': False, 'price_above_10w_ma': False, 'relative_strength_positive': False, 'near_52w_high': False}",lagging,leading,99.25,97.67,-1.14,-4.75,False,False,2026-09-15 ratio=100.40 momentum=102.42; 2026-09-16 ratio=100.23 momentum=97.09; 2026-09-17 ratio=99.67 momentum=97.52; 2026-09-18 ratio=99.58 momentum=97.04; 2026-09-21 ratio=99.25 momentum=97.67,0.0
stock,Transport Corp.,TCI.NS,Logistics Solution Provider,Services,6379.77,1.21,106.6,-0.75,1248.5,9.58,13.97,19.45,,not_stage_2,0,813.45,927.48,-2.76,0.03474,"{'price_above_30w_ma': False, '30w_ma_rising': False, 'price_above_10w_ma': False, 'relative_strength_positive': False, 'near_52w_high': False}",lagging,improving,97.08,98.4,-1.62,-5.26,False,False,2026-09-15 ratio=98.70 momentum=103.66; 2026-09-16 ratio=97.72 momentum=98.90; 2026-09-17 ratio=97.75 momentum=99.80; 2026-09-18 ratio=97.91 momentum=99.54; 2026-09-21 ratio=97.08 momentum=98.40,0.0
stock,TVS Supply,TVSSCS.NS,Logistics Solution Provider,Services,5854.62,0.0,22.48,-84.26,3335.22,28.66,82.61,10.06,,stage_2,5,132.31,123.23,1.59,0.00565,"{'price_above_30w_ma': True, '30w_ma_rising': True, 'price_above_10w_ma': True, 'relative_strength_positive': True, 'near_52w_high': True}",leading,leading,101.08,101.98,0.89,-0.16,False,False,2026-09-15 ratio=100.19 momentum=102.14; 2026-09-16 ratio=99.94 momentum=102.73; 2026-09-17 ratio=100.63 momentum=104.97; 2026-09-18 ratio=101.31 momentum=102.90; 2026-09-21 ratio=101.08 momentum=101.98,163.48
stock,VRL Logistics,VRLLOG.NS,Logistics Solution Provider,Services,5102.04,1.71,80.53,60.93,878.84,18.07,19.09,18.27,,stage_2,5,291.75,258.36,0.45,0.01246,"{'price_above_30w_ma': True, '30w_ma_rising': True, 'price_above_10w_ma': True, 'relative_strength_positive': True, 'near_52w_high': True}",weakening,weakening,100.92,96.24,0.06,0.03,False,False,2026-09-15 ratio=100.87 momentum=96.21; 2026-09-16 ratio=100.88 momentum=96.99; 2026-09-17 ratio=100.89 momentum=96.47; 2026-09-18 ratio=101.05 momentum=97.59; 2026-09-21 ratio=100.92 momentum=96.24,130.5
stock,Mahindra Logis.,MAHLOG.NS,Logistics Solution Provider,Services,4134.88,0.6,27.83,335.09,2002.88,23.29,104.93,7.36,,stage_2,4,400.3,383.65,0.02,0.0171,"{'price_above_30w_ma': True, '30w_ma_rising': True, 'price_above_10w_ma': False, 'relative_strength_positive': True, 'near_52w_high': True}",weakening,leading,101.06,99.85,0.69,-1.07,False,False,2026-09-15 ratio=100.37 momentum=100.92; 2026-09-16 ratio=100.11 momentum=101.38; 2026-09-17 ratio=100.29 momentum=100.56; 2026-09-18 ratio=100.48 momentum=99.53; 2026-09-21 ratio=101.06 momentum=99.85,110.34
stock,Gateway Distri,GATEWAY.NS,Logistics Solution Provider,Services,2630.62,3.8,51.26,-20.79,549.3,-0.21,10.73,10.83,,not_stage_2,1,52.28,56.25,-1.46,0.00223,"{'price_above_30w_ma': False, '30w_ma_rising': False, 'price_above_10w_ma': False, 'relative_strength_positive': False, 'near_52w_high': True}",lagging,improving,99.16,97.78,-0.2,-4.14,False,False,2026-09-15 ratio=99.36 momentum=101.92; 2026-09-16 ratio=99.21 momentum=103.60; 2026-09-17 ratio=99.39 momentum=108.58; 2026-09-18 ratio=99.39 momentum=101.09; 2026-09-21 ratio=99.16 momentum=97.78,20.0
stock,TCI Express,TCIEXP.NS,Logistics Solution Provider,Services,1947.74,1.38,22.38,6.37,311.95,8.79,21.36,14.63,,not_stage_2,0,486.15,526.51,-1.36,0.02076,"{'price_above_30w_ma': False, '30w_ma_rising': False, 'price_above_10w_ma': False, 'relative_strength_positive': False, 'near_52w_high': False}",lagging,lagging,97.33,97.66,-0.65,0.3,False,False,2026-09-15 ratio=97.98 momentum=97.37; 2026-09-16 ratio=97.44 momentum=97.78; 2026-09-17 ratio=97.43 momentum=97.89; 2026-09-18 ratio=97.29 momentum=98.00; 2026-09-21 ratio=97.33 momentum=97.66,0.0
stock,Castrol India,CASTROLIND.NS,Lubricants,"Oil, Gas & Consumable Fuels",19123.56,4.53,347.7,42.5,1871.47,25.03,17.73,60.27,,stage_2,5,195.61,185.24,0.47,0.00835,"{'price_above_30w_ma': True, '30w_ma_rising': True, 'price_above_10w_ma': True, 'relative_strength_positive': True, 'near_52w_high': True}",weakening,leading,102.38,98.42,-0.35,-5.32,False,False,2026-09-15 ratio=102.73 momentum=103.74; 2026-09-16 ratio=102.57 momentum=103.37; 2026-09-17 ratio=102.91 momentum=104.03; 2026-09-18 ratio=103.53 momentum=105.96; 2026-09-21 ratio=102.38 momentum=98.42,137.84
stock,Gulf Oil Lubric.,GULFOILLUB.NS,Lubricants,"Oil, Gas & Consumable Fuels",5443.11,4.64,127.52,31.93,1320.36,32.52,13.7,27.23,,not_stage_2,2,1050.9,1013.67,-0.57,0.04488,"{'price_above_30w_ma': True, '30w_ma_rising': False, 'price_above_10w_ma': False, 'relative_strength_positive': False, 'near_52w_high': True}",improving,weakening,99.8,100.38,-0.3,1.61,False,False,2026-09-15 ratio=100.10 momentum=98.77; 2026-09-16 ratio=100.01 momentum=97.76; 2026-09-17 ratio=100.07 momentum=97.55; 2026-09-18 ratio=100.10 momentum=98.01; 2026-09-21 ratio=99.80 momentum=100.38,41.9
stock,Savita Oil Tech,SOTL.NS,Lubricants,"Oil, Gas & Consumable Fuels",4915.34,0.7,292.25,395.59,1479.77,49.6,11.51,13.96,,stage_2,5,724.35,524.44,10.07,0.03094,"{'price_above_30w_ma': True, '30w_ma_rising': True, 'price_above_10w_ma': True, 'relative_strength_positive': True, 'near_52w_high': True}",weakening,weakening,101.29,98.56,0.35,-1.25,False,False,2026-09-15 ratio=100.94 momentum=99.81; 2026-09-16 ratio=100.96 momentum=96.46; 2026-09-17 ratio=100.85 momentum=96.35; 2026-09-18 ratio=101.08 momentum=97.79; 2026-09-21 ratio=101.29 momentum=98.56,151.59
stock,Panama Petrochem,PANAMAPET.NS,Lubricants,"Oil, Gas & Consumable Fuels",2908.83,0.62,308.91,624.8,1735.15,150.3,6.08,19.15,,stage_2,4,481.25,379.85,7.36,0.02055,"{'price_above_30w_ma': True, '30w_ma_rising': True, 'price_above_10w_ma': False, 'relative_strength_positive': True, 'near_52w_high': True}",weakening,weakening,100.56,98.67,0.54,-0.2,False,False,2026-09-15 ratio=100.02 momentum=98.87; 2026-09-16 ratio=99.95 momentum=97.91; 2026-09-17 ratio=100.16 momentum=98.17; 2026-09-18 ratio=100.46 momentum=99.08; 2026-09-21 ratio=100.56 momentum=98.67,122.52
stock,Gandhar Oil Ref.,GANDHAR.NS,Lubricants,"Oil, Gas & Consumable Fuels",2621.73,0.75,205.89,633.09,1731.93,91.81,8.7,13.33,,stage_2,5,269.05,189.62,9.73,0.01149,"{'price_above_30w_ma': True, '30w_ma_rising': True, 'price_above_10w_ma': True, 'relative_strength_positive': True, 'near_52w_high': True}",weakening,leading,101.2,98.9,0.01,-1.16,False,False,2026-09-15 ratio=101.19 momentum=100.06; 2026-09-16 ratio=101.05 momentum=98.44; 2026-09-17 ratio=101.44 momentum=100.03; 2026-09-18 ratio=101.65 momentum=101.18; 2026-09-21 ratio=101.20 momentum=98.90,150.46
stock,Veedol Corporat,VEEDOL.NS,Lubricants,"Oil, Gas & Consumable Fuels",2375.6,4.25,77.92,56.88,608.57,18.49,10.8,24.09,,not_stage_2,0,1369.9,1420.68,-0.19,0.05851,"{'price_above_30w_ma': False, '30w_ma_rising': False, 'price_above_10w_ma': False, 'relative_strength_positive': False, 'near_52w_high': False}",lagging,lagging,98.74,96.72,-0.97,-0.75,False,False,2026-09-15 ratio=99.71 momentum=97.48; 2026-09-16 ratio=99.40 momentum=96.54; 2026-09-17 ratio=99.57 momentum=97.54; 2026-09-18 ratio=99.29 momentum=97.70; 2026-09-21 ratio=98.74 momentum=96.72,0.0
stock,GP Petroleums,GULFPETRO.NS,Lubricants,"Oil, Gas & Consumable Fuels",336.0,0.75,21.19,229.04,230.33,45.6,7.72,10.84,,stage_2,5,63.45,43.03,10.51,0.00271,"{'price_above_30w_ma': True, '30w_ma_rising': True, 'price_above_10w_ma': True, 'relative_strength_positive': True, 'near_52w_high': True}",weakening,weakening,100.59,97.36,-0.14,1.16,False,False,2026-09-15 ratio=100.73 momentum=96.20; 2026-09-16 ratio=100.68 momentum=96.63; 2026-09-17 ratio=100.69 momentum=96.75; 2026-09-18 ratio=100.66 momentum=97.02; 2026-09-21 ratio=100.59 momentum=97.36,148.97
stock,Arabian Petrol.,ARABIAN.NS,Lubricants,"Oil, Gas & Consumable Fuels",96.39,0.0,5.21,3.37,200.25,36.98,8.56,18.46,,stage_2,5,88.0,73.82,2.44,0.00376,"{'price_above_30w_ma': True, '30w_ma_rising': True, 'price_above_10w_ma': True, 'relative_strength_positive': True, 'near_52w_high': True}",leading,weakening,101.74,101.16,1.39,4.11,True,False,2026-09-15 ratio=100.36 momentum=97.05; 2026-09-16 ratio=100.77 momentum=98.03; 2026-09-17 ratio=100.72 momentum=98.37; 2026-09-18 ratio=101.08 momentum=99.39; 2026-09-21 ratio=101.74 momentum=101.16,174.38
stock,Sundrex Oil,SOCL.NS,Lubricants,"Oil, Gas & Consumable Fuels",37.77,0.0,2.9,-16.18,67.25,96.29,7.1,21.24,,insufficient_data,0,,,,,{},insufficient_data,insufficient_data,,,,,False,False,,0.0
stock,Venky's (India),VENKEYS.NS,Meat Products including Poultry,Fast Moving Consumer Goods,2387.14,0.59,49.99,215.79,1118.38,29.17,13.77,11.9,,stage_2,5,1675.9,1485.1,2.31,0.07158,"{'price_above_30w_ma': True, '30w_ma_rising': True, 'price_above_10w_ma': True, 'relative_strength_positive': True, 'near_52w_high': True}",weakening,weakening,101.12,98.24,-1.23,2.97,False,False,2026-09-15 ratio=102.34 momentum=95.27; 2026-09-16 ratio=101.73 momentum=97.88; 2026-09-17 ratio=101.48 momentum=97.58; 2026-09-18 ratio=101.28 momentum=97.44; 2026-09-21 ratio=101.12 momentum=98.24,135.22
stock,SKM Egg Prod.,SKMEGGPROD.NS,Meat Products including Poultry,Fast Moving Consumer Goods,1210.68,0.54,23.82,46.5,184.26,4.87,10.88,30.7,,not_stage_2,1,221.25,223.49,3.54,0.00945,"{'price_above_30w_ma': False, '30w_ma_rising': True, 'price_above_10w_ma': False, 'relative_strength_positive': False, 'near_52w_high': False}",lagging,lagging,99.03,97.82,-0.02,1.73,False,False,2026-09-15 ratio=99.04 momentum=96.08; 2026-09-16 ratio=98.99 momentum=97.29; 2026-09-17 ratio=99.08 momentum=97.66; 2026-09-18 ratio=99.03 momentum=96.93; 2026-09-21 ratio=99.03 momentum=97.82,27.08
stock,HMA Agro Inds.,HMAAGRO.NS,Meat Products including Poultry,Fast Moving Consumer Goods,1184.32,1.27,50.51,6158.02,2110.32,87.98,5.52,15.99,,not_stage_2,3,23.72,22.96,-2.89,0.00101,"{'price_above_30w_ma': True, '30w_ma_rising': False, 'price_above_10w_ma': True, 'relative_strength_positive': True, 'near_52w_high': False}",leading,leading,102.72,101.66,-1.0,-1.54,False,False,2026-09-15 ratio=103.72 momentum=103.21; 2026-09-16 ratio=102.80 momentum=102.14; 2026-09-17 ratio=102.55 momentum=101.74; 2026-09-18 ratio=102.90 momentum=101.72; 2026-09-21 ratio=102.72 momentum=101.66,101.9
stock,Prime Focus,PFOCUS.NS,Media & Entertainment,"Media, Entertainment & Publication",26252.69,0.0,-45.78,-90.56,1266.81,23.81,147.06,11.28,,stage_2,5,357.45,284.56,3.41,0.01527,"{'price_above_30w_ma': True, '30w_ma_rising': True, 'price_above_10w_ma': True, 'relative_strength_positive': True, 'near_52w_high': True}",leading,leading,102.99,103.21,0.79,0.56,False,False,2026-09-15 ratio=102.21 momentum=102.65; 2026-09-16 ratio=102.17 momentum=102.86; 2026-09-17 ratio=102.76 momentum=104.86; 2026-09-18 ratio=102.95 momentum=104.60; 2026-09-21 ratio=102.99 momentum=103.21,182.82
stock,Saregama India,SAREGAMA.NS,Media & Entertainment,"Media, Entertainment & Publication",9773.5,0.89,51.88,40.64,263.6,27.48,42.82,17.29,,stage_2,4,503.35,434.38,5.28,0.0215,"{'price_above_30w_ma': True, '30w_ma_rising': True, 'price_above_10w_ma': False, 'relative_strength_positive': True, 'near_52w_high': True}",lagging,leading,99.66,99.77,-0.47,-2.24,False,False,2026-09-15 ratio=100.12 momentum=102.01; 2026-09-16 ratio=100.01 momentum=100.58; 2026-09-17 ratio=100.05 momentum=102.67; 2026-09-18 ratio=100.65 momentum=102.02; 2026-09-21 ratio=99.66 momentum=99.77,115.56
stock,Tips Music,TIPSMUSIC.NS,Media & Entertainment,"Media, Entertainment & Publication",8562.69,1.94,43.7,-4.67,106.51,20.94,39.9,118.47,,stage_2,5,661.8,630.83,2.17,0.02826,"{'price_above_30w_ma': True, '30w_ma_rising': True, 'price_above_10w_ma': True, 'relative_strength_positive': True, 'near_52w_high': True}",leading,leading,100.62,102.35,-0.25,-0.45,False,False,2026-09-15 ratio=100.86 momentum=102.80; 2026-09-16 ratio=100.53 momentum=102.26; 2026-09-17 ratio=100.55 momentum=103.46; 2026-09-18 ratio=100.56 momentum=101.73; 2026-09-21 ratio=100.62 momentum=102.35,164.19
stock,Netwrk.18 Media,NETWORK18.NS,Media & Entertainment,"Media, Entertainment & Publication",4186.54,0.0,-38.36,-2074.55,516.26,10.34,,3.01,,not_stage_2,0,26.91,31.04,-3.66,0.00115,"{'price_above_30w_ma': False, '30w_ma_rising': False, 'price_above_10w_ma': False, 'relative_strength_positive': False, 'near_52w_high': False}",lagging,improving,98.87,98.41,0.59,-1.69,False,False,2026-09-15 ratio=98.28 momentum=100.10; 2026-09-16 ratio=98.38 momentum=98.48; 2026-09-17 ratio=98.67 momentum=101.00; 2026-09-18 ratio=99.09 momentum=101.49; 2026-09-21 ratio=98.87 momentum=98.41,0.0
stock,Balaji Telefilms,BALAJITELE.NS,Media & Entertainment,"Media, Entertainment & Publication",1133.68,0.0,22.39,489.25,240.29,229.93,,-9.54,,not_stage_2,3,93.71,92.41,-0.57,0.004,"{'price_above_30w_ma': True, '30w_ma_rising': False, 'price_above_10w_ma': True, 'relative_strength_positive': True, 'near_52w_high': False}",leading,leading,101.2,100.02,-0.97,-3.25,False,False,2026-09-15 ratio=102.17 momentum=103.27; 2026-09-16 ratio=101.23 momentum=100.83; 2026-09-17 ratio=101.96 momentum=102.87; 2026-09-18 ratio=101.66 momentum=102.16; 2026-09-21 ratio=101.20 momentum=100.02,86.1
stock,Ent.Network,ENIL.NS,Media & Entertainment,"Media, Entertainment & Publication",480.6,2.0,-6.01,-11.5,113.69,-2.79,359.68,-0.75,,not_stage_2,0,99.64,107.62,-0.82,0.00426,"{'price_above_30w_ma': False, '30w_ma_rising': False, 'price_above_10w_ma': False, 'relative_strength_positive': False, 'near_52w_high': False}",lagging,leading,99.65,99.86,-0.53,-2.23,False,False,2026-09-15 ratio=100.18 momentum=102.10; 2026-09-16 ratio=100.05 momentum=102.47; 2026-09-17 ratio=100.18 momentum=103.02; 2026-09-18 ratio=100.47 momentum=105.23; 2026-09-21 ratio=99.65 momentum=99.86,0.0
stock,Basilic Fly Stud,BASILIC.NS,Media & Entertainment,"Media, Entertainment & Publication",435.83,0.0,6.7,-9.37,103.5,9.87,9.05,22.32,,not_stage_2,0,172.3,206.32,-4.05,0.00736,"{'price_above_30w_ma': False, '30w_ma_rising': False, 'price_above_10w_ma': False, 'relative_strength_positive': False, 'near_52w_high': False}",lagging,weakening,98.02,98.54,-2.14,-1.09,False,False,2026-09-15 ratio=100.16 momentum=99.64; 2026-09-16 ratio=98.72 momentum=98.04; 2026-09-17 ratio=98.76 momentum=98.62; 2026-09-18 ratio=98.52 momentum=97.95; 2026-09-21 ratio=98.02 momentum=98.54,0.0
stock,Shemaroo Entert.,SHEMAROO.NS,Media & Entertainment,"Media, Entertainment & Publication",358.75,0.0,-8.07,82.43,131.68,-5.62,,-39.34,,stage_2,4,121.25,112.32,2.47,0.00518,"{'price_above_30w_ma': True, '30w_ma_rising': True, 'price_above_10w_ma': False, 'relative_strength_positive': True, 'near_52w_high': True}",lagging,lagging,99.74,98.42,0.62,0.53,False,False,2026-09-15 ratio=99.12 momentum=97.88; 2026-09-16 ratio=99.25 momentum=97.96; 2026-09-17 ratio=99.13 momentum=97.51; 2026-09-18 ratio=99.26 momentum=98.04; 2026-09-21 ratio=99.74 momentum=98.42,109.94
stock,Gretex Industrie,GRETEX.NS,Media & Entertainment,"Media, Entertainment & Publication",348.89,0.0,0.1,-92.09,27.6,43.97,249.21,3.01,,not_stage_2,0,225.0,272.33,-0.51,0.00961,"{'price_above_30w_ma': False, '30w_ma_rising': False, 'price_above_10w_ma': False, 'relative_strength_positive': False, 'near_52w_high': False}",improving,lagging,98.32,102.78,0.29,3.92,False,True,2026-09-15 ratio=98.02 momentum=98.87; 2026-09-16 ratio=98.10 momentum=100.85; 2026-09-17 ratio=98.18 momentum=100.62; 2026-09-18 ratio=98.25 momentum=101.91; 2026-09-21 ratio=98.32 momentum=102.78,13.9
stock,Optimystix Entertainment,OPTIMYSTIX.NS,Media & Entertainment,"Media, Entertainment & Publication",317.97,0.0,,,,,13.27,27.26,,insufficient_data,0,,,,,{},insufficient_data,insufficient_data,,,,,False,False,,0.0
stock,Poly Medicure,POLYMED.NS,Medical Equipment & Supplies,Healthcare,17498.49,0.2,85.28,-7.57,525.38,30.3,54.68,12.5,,stage_2,4,1699.0,1557.77,3.72,0.07256,"{'price_above_30w_ma': True, '30w_ma_rising': True, 'price_above_10w_ma': False, 'relative_strength_positive': True, 'near_52w_high': True}",leading,weakening,100.56,101.08,-0.54,1.43,False,False,2026-09-15 ratio=101.11 momentum=99.65; 2026-09-16 ratio=100.93 momentum=99.45; 2026-09-17 ratio=100.97 momentum=97.98; 2026-09-18 ratio=101.09 momentum=98.86; 2026-09-21 ratio=100.56 momentum=101.08,140.64
stock,Molbio Diagnosti,MOLBIO.NS,Medical Equipment & Supplies,Healthcare,15118.36,0.0,56.63,522.3,399.38,318.99,69.63,17.96,,insufficient_data,0,,,,,{},insufficient_data,insufficient_data,,,,,False,False,,0.0
stock,Fischer Medical,FISCHER.NS,Medical Equipment & Supplies,Healthcare,2442.31,0.14,3.79,-22.02,81.92,249.49,99.77,11.45,,not_stage_2,0,32.95,37.1,-2.24,0.00141,"{'price_above_30w_ma': False, '30w_ma_rising': False, 'price_above_10w_ma': False, 'relative_strength_positive': False, 'near_52w_high': False}",lagging,improving,97.72,97.89,-0.63,-2.31,False,False,2026-09-15 ratio=98.35 momentum=100.20; 2026-09-16 ratio=97.92 momentum=97.81; 2026-09-17 ratio=97.85 momentum=95.95; 2026-09-18 ratio=97.82 momentum=96.50; 2026-09-21 ratio=97.72 momentum=97.89,0.0
stock,Tarsons Products,TARSONS.NS,Medical Equipment & Supplies,Healthcare,1785.35,0.0,-1.44,-180.9,110.24,20.67,150.79,4.59,,stage_2,5,331.5,256.07,6.64,0.01416,"{'price_above_30w_ma': True, '30w_ma_rising': True, 'price_above_10w_ma': True, 'relative_strength_positive': True, 'near_52w_high': True}",leading,lagging,101.64,101.04,1.85,3.3,True,False,2026-09-15 ratio=99.79 momentum=97.74; 2026-09-16 ratio=99.64 momentum=96.87; 2026-09-17 ratio=99.88 momentum=96.85; 2026-09-18 ratio=99.68 momentum=97.04; 2026-09-21 ratio=101.64 momentum=101.04,181.68
stock,Q-Line Biotech,QLINE.NS,Medical Equipment & Supplies,Healthcare,1631.92,0.0,34.41,147.29,197.94,-8.59,28.89,22.46,,insufficient_data,0,,,,,{},insufficient_data,insufficient_data,,,,,False,False,,0.0
stock,Laxmi Dental,LAXMIDENTL.NS,Medical Equipment & Supplies,Healthcare,1074.02,0.0,10.32,22.77,74.7,13.87,30.88,15.05,,not_stage_2,1,193.18,205.32,0.18,0.00825,"{'price_above_30w_ma': False, '30w_ma_rising': True, 'price_above_10w_ma': False, 'relative_strength_positive': False, 'near_52w_high': False}",improving,improving,99.31,100.75,-0.43,-1.7,False,False,2026-09-15 ratio=99.74 momentum=102.45; 2026-09-16 ratio=99.46 momentum=102.77; 2026-09-17 ratio=99.73 momentum=103.42; 2026-09-18 ratio=99.66 momentum=101.93; 2026-09-21 ratio=99.31 momentum=100.75,24.11
stock,OSEL Devices,OSELDEVICE.NS,Medical Equipment & Supplies,Healthcare,720.06,0.0,14.06,16.78,145.81,47.1,24.62,24.4,,insufficient_data,0,,,,,{},insufficient_data,insufficient_data,,,,,False,False,,0.0
stock,Vasa Denticity,DENTALKART.NS,Medical Equipment & Supplies,Healthcare,717.68,0.0,4.19,45.99,82.17,36.9,59.31,9.21,,not_stage_2,2,404.5,401.18,-3.0,0.01728,"{'price_above_30w_ma': True, '30w_ma_rising': False, 'price_above_10w_ma': False, 'relative_strength_positive': True, 'near_52w_high': False}",leading,weakening,101.23,100.49,1.18,1.34,True,False,2026-09-15 ratio=100.05 momentum=99.16; 2026-09-16 ratio=100.41 momentum=100.77; 2026-09-17 ratio=100.39 momentum=100.28; 2026-09-18 ratio=101.80 momentum=102.61; 2026-09-21 ratio=101.23 momentum=100.49,78.6
stock,QMS Medical,QMSMEDI.NS,Medical Equipment & Supplies,Healthcare,377.28,0.26,3.96,24.57,56.87,22.3,35.1,12.92,,stage_2,5,192.8,108.07,11.64,0.00823,"{'price_above_30w_ma': True, '30w_ma_rising': True, 'price_above_10w_ma': True, 'relative_strength_positive': True, 'near_52w_high': True}",leading,weakening,102.3,101.18,0.29,2.49,True,False,2026-09-15 ratio=102.01 momentum=98.69; 2026-09-16 ratio=101.80 momentum=97.50; 2026-09-17 ratio=101.89 momentum=98.73; 2026-09-18 ratio=102.11 momentum=100.02; 2026-09-21 ratio=102.30 momentum=101.18,195.68
stock,Nureca,NURECA.NS,Medical Equipment & Supplies,Healthcare,319.75,0.0,3.07,279.01,40.34,18.02,73.68,3.3,,stage_2,5,336.0,279.94,2.34,0.01435,"{'price_above_30w_ma': True, '30w_ma_rising': True, 'price_above_10w_ma': True, 'relative_strength_positive': True, 'near_52w_high': True}",leading,weakening,101.19,101.78,0.41,2.88,True,False,2026-09-15 ratio=100.78 momentum=98.90; 2026-09-16 ratio=101.24 momentum=100.28; 2026-09-17 ratio=101.01 momentum=99.51; 2026-09-18 ratio=101.47 momentum=101.69; 2026-09-21 ratio=101.19 momentum=101.78,174.53
stock,CreditAcc. Gram.,CREDITACC.NS,Microfinance Institutions,Financial Services,21669.36,0.0,493.39,719.72,1783.49,21.92,17.9,9.98,,not_stage_2,2,1357.9,1365.49,1.24,0.05799,"{'price_above_30w_ma': False, '30w_ma_rising': True, 'price_above_10w_ma': False, 'relative_strength_positive': False, 'near_52w_high': True}",lagging,improving,99.05,99.71,-0.49,-5.18,False,False,2026-09-15 ratio=99.54 momentum=104.88; 2026-09-16 ratio=99.59 momentum=104.33; 2026-09-17 ratio=98.71 momentum=101.21; 2026-09-18 ratio=98.98 momentum=99.78; 2026-09-21 ratio=99.05 momentum=99.71,42.48
stock,Muthoot Microfin,MUTHOOTMF.NS,Microfinance Institutions,Financial Services,3224.17,0.0,81.34,1216.18,668.64,19.69,13.14,9.31,,not_stage_2,2,188.32,194.14,0.98,0.00804,"{'price_above_30w_ma': False, '30w_ma_rising': True, 'price_above_10w_ma': False, 'relative_strength_positive': False, 'near_52w_high': True}",lagging,lagging,98.74,97.42,0.09,-1.36,False,False,2026-09-15 ratio=98.65 momentum=98.78; 2026-09-16 ratio=98.63 momentum=100.79; 2026-09-17 ratio=98.68 momentum=98.53; 2026-09-18 ratio=98.74 momentum=97.21; 2026-09-21 ratio=98.74 momentum=97.42,41.96
stock,Fusion Finance,FUSION.NS,Microfinance Institutions,Financial Services,2990.56,0.0,62.41,167.65,458.17,3.59,17.75,5.92,,not_stage_2,2,183.6,188.56,0.21,0.00784,"{'price_above_30w_ma': False, '30w_ma_rising': True, 'price_above_10w_ma': False, 'relative_strength_positive': False, 'near_52w_high': True}",lagging,lagging,98.73,97.25,-0.31,-1.14,False,False,2026-09-15 ratio=99.04 momentum=98.40; 2026-09-16 ratio=98.59 momentum=98.60; 2026-09-17 ratio=98.75 momentum=99.29; 2026-09-18 ratio=98.79 momentum=98.25; 2026-09-21 ratio=98.73 momentum=97.25,40.42
stock,Satin Creditcare,SATIN.NS,Microfinance Institutions,Financial Services,2509.14,0.0,122.65,172.0,762.14,8.39,6.12,13.84,,not_stage_2,3,223.2,208.81,4.26,0.00953,"{'price_above_30w_ma': True, '30w_ma_rising': True, 'price_above_10w_ma': False, 'relative_strength_positive': False, 'near_52w_high': True}",improving,improving,99.6,102.53,0.32,0.86,False,True,2026-09-15 ratio=99.29 momentum=101.67; 2026-09-16 ratio=99.44 momentum=104.39; 2026-09-17 ratio=99.55 momentum=103.50; 2026-09-18 ratio=99.51 momentum=102.67; 2026-09-21 ratio=99.60 momentum=102.53,81.17
stock,Spandana Sphoort,SPANDANA.NS,Microfinance Institutions,Financial Services,2058.31,0.0,11.88,103.3,283.91,-5.51,,-5.78,,not_stage_2,0,227.38,245.14,-1.11,0.00971,"{'price_above_30w_ma': False, '30w_ma_rising': False, 'price_above_10w_ma': False, 'relative_strength_positive': False, 'near_52w_high': False}",improving,improving,99.09,100.73,0.08,-0.26,False,False,2026-09-15 ratio=99.02 momentum=100.99; 2026-09-16 ratio=98.97 momentum=101.96; 2026-09-17 ratio=99.03 momentum=102.42; 2026-09-18 ratio=99.13 momentum=103.12; 2026-09-21 ratio=99.09 momentum=100.73,3.65
stock,Bajaj Finance,BAJFINANCE.NS,Non Banking Financial Company (NBFC),Financial Services,649362.81,0.52,6080.6,27.37,23165.45,18.65,31.71,10.87,,not_stage_2,3,1008.8,972.82,0.38,0.04308,"{'price_above_30w_ma': True, '30w_ma_rising': True, 'price_above_10w_ma': False, 'relative_strength_positive': False, 'near_52w_high': True}",lagging,lagging,99.34,97.77,-0.2,0.24,False,False,2026-09-15 ratio=99.54 momentum=97.53; 2026-09-16 ratio=99.26 momentum=97.82; 2026-09-17 ratio=99.46 momentum=98.08; 2026-09-18 ratio=100.22 momentum=100.44; 2026-09-21 ratio=99.34 momentum=97.77,60.76
stock,Shriram Finance,SHRIRAMFIN.NS,Non Banking Financial Company (NBFC),Financial Services,237845.79,1.07,3452.77,59.89,13400.43,16.16,21.01,11.49,,not_stage_2,1,1006.0,1007.93,-0.4,0.04297,"{'price_above_30w_ma': False, '30w_ma_rising': False, 'price_above_10w_ma': False, 'relative_strength_positive': False, 'near_52w_high': True}",lagging,lagging,99.26,99.52,0.59,7.19,False,False,2026-09-15 ratio=98.66 momentum=92.32; 2026-09-16 ratio=98.56 momentum=96.97; 2026-09-17 ratio=98.95 momentum=98.41; 2026-09-18 ratio=99.29 momentum=99.28; 2026-09-21 ratio=99.26 momentum=99.52,20.0
stock,Cholaman.Inv.&Fn,CHOLAFIN.NS,Non Banking Financial Company (NBFC),Financial Services,151391.19,0.11,1656.22,45.56,8856.29,21.87,26.32,9.71,,not_stage_2,3,1759.1,1673.79,0.79,0.07513,"{'price_above_30w_ma': True, '30w_ma_rising': True, 'price_above_10w_ma': False, 'relative_strength_positive': False, 'near_52w_high': True}",lagging,weakening,99.56,98.31,-1.15,-1.37,False,False,2026-09-15 ratio=100.72 momentum=99.67; 2026-09-16 ratio=99.98 momentum=100.02; 2026-09-17 ratio=99.85 momentum=98.95; 2026-09-18 ratio=100.48 momentum=99.08; 2026-09-21 ratio=99.56 momentum=98.31,61.58
stock,Tata Capital,TATACAP.NS,Non Banking Financial Company (NBFC),Financial Services,148635.21,0.16,1628.18,56.32,8821.93,15.1,27.35,8.58,,not_stage_2,3,341.1,339.86,0.51,0.01457,"{'price_above_30w_ma': True, '30w_ma_rising': True, 'price_above_10w_ma': False, 'relative_strength_positive': False, 'near_52w_high': True}",lagging,weakening,99.05,96.94,-1.71,-1.84,False,False,2026-09-15 ratio=100.76 momentum=98.79; 2026-09-16 ratio=99.40 momentum=97.53; 2026-09-17 ratio=99.30 momentum=98.15; 2026-09-18 ratio=100.08 momentum=98.06; 2026-09-21 ratio=99.05 momentum=96.94,61.02
stock,Muthoot Finance,MUTHOOTFIN.NS,Non Banking Financial Company (NBFC),Financial Services,114943.34,1.05,2824.84,38.83,8671.6,34.44,10.11,15.8,,not_stage_2,0,2831.5,3157.69,-2.8,0.12093,"{'price_above_30w_ma': False, '30w_ma_rising': False, 'price_above_10w_ma': False, 'relative_strength_positive': False, 'near_52w_high': False}",improving,lagging,99.83,100.77,1.09,4.24,False,True,2026-09-15 ratio=98.75 momentum=96.53; 2026-09-16 ratio=99.15 momentum=99.72; 2026-09-17 ratio=99.11 momentum=97.95; 2026-09-18 ratio=99.76 momentum=100.16; 2026-09-21 ratio=99.83 momentum=100.77,3.85
stock,L&T Finance Ltd,LTF.NS,Non Banking Financial Company (NBFC),Financial Services,78029.62,0.89,915.99,28.72,5212.92,22.38,24.37,8.4,,stage_2,4,304.9,291.6,1.02,0.01302,"{'price_above_30w_ma': True, '30w_ma_rising': True, 'price_above_10w_ma': False, 'relative_strength_positive': True, 'near_52w_high': True}",leading,lagging,100.71,100.32,1.37,3.85,True,False,2026-09-15 ratio=99.34 momentum=96.46; 2026-09-16 ratio=98.91 momentum=98.78; 2026-09-17 ratio=100.03 momentum=99.51; 2026-09-18 ratio=101.77 momentum=101.06; 2026-09-21 ratio=100.71 momentum=100.32,142.19
stock,SBI Cards,SBICARD.NS,Non Banking Financial Company (NBFC),Financial Services,60438.86,0.39,664.44,19.51,5040.55,3.36,26.56,10.1,,not_stage_2,1,634.95,646.14,-2.4,0.02712,"{'price_above_30w_ma': False, '30w_ma_rising': False, 'price_above_10w_ma': False, 'relative_strength_positive': True, 'near_52w_high': False}",weakening,weakening,100.49,98.84,0.4,-0.4,False,False,2026-09-15 ratio=100.10 momentum=99.24; 2026-09-16 ratio=99.89 momentum=99.74; 2026-09-17 ratio=100.79 momentum=100.45; 2026-09-18 ratio=101.49 momentum=99.71; 2026-09-21 ratio=100.49 momentum=98.84,22.45
stock,HDB FINANC SER,HDBFS.NS,Non Banking Financial Company (NBFC),Financial Services,55779.31,0.6,785.2,38.31,4937.9,10.58,20.2,9.09,,not_stage_2,2,674.55,675.33,-0.65,0.02881,"{'price_above_30w_ma': False, '30w_ma_rising': False, 'price_above_10w_ma': False, 'relative_strength_positive': True, 'near_52w_high': True}",leading,improving,100.34,101.92,0.44,-0.33,False,False,2026-09-15 ratio=99.91 momentum=102.25; 2026-09-16 ratio=100.35 momentum=104.69; 2026-09-17 ratio=100.46 momentum=104.67; 2026-09-18 ratio=101.10 momentum=102.78; 2026-09-21 ratio=100.34 momentum=101.92,71.3
stock,Sundaram Finance,SUNDARMFIN.NS,Non Banking Financial Company (NBFC),Financial Services,51716.64,0.86,636.19,33.88,2644.13,12.57,22.71,9.44,,not_stage_2,4,4751.9,4622.23,-1.82,0.20295,"{'price_above_30w_ma': True, '30w_ma_rising': False, 'price_above_10w_ma': True, 'relative_strength_positive': True, 'near_52w_high': True}",weakening,leading,101.58,99.33,-0.92,-3.32,False,False,2026-09-15 ratio=102.50 momentum=102.65; 2026-09-16 ratio=102.08 momentum=102.76; 2026-09-17 ratio=101.86 momentum=102.20; 2026-09-18 ratio=102.11 momentum=103.05; 2026-09-21 ratio=101.58 momentum=99.33,87.9
stock,M & M Fin. Serv.,M&MFIN.NS,Non Banking Financial Company (NBFC),Financial Services,48565.43,2.15,927.48,75.43,5717.91,14.57,14.49,8.72,,not_stage_2,2,352.4,333.19,-0.57,0.01505,"{'price_above_30w_ma': True, '30w_ma_rising': False, 'price_above_10w_ma': False, 'relative_strength_positive': False, 'near_52w_high': True}",lagging,lagging,99.68,98.06,0.24,1.06,False,False,2026-09-15 ratio=99.44 momentum=97.00; 2026-09-16 ratio=99.46 momentum=98.27; 2026-09-17 ratio=99.42 momentum=97.96; 2026-09-18 ratio=99.69 momentum=97.92; 2026-09-21 ratio=99.68 momentum=98.06,40.0
stock,Dolphin Offshore,DOLPHIN.NS,Offshore Support Solution Drilling,"Oil, Gas & Consumable Fuels",2881.01,0.0,14.81,30.71,42.85,160.64,40.0,14.92,,stage_2,5,724.3,454.94,8.1,0.03093,"{'price_above_30w_ma': True, '30w_ma_rising': True, 'price_above_10w_ma': True, 'relative_strength_positive': True, 'near_52w_high': True}",weakening,weakening,101.41,97.98,-0.04,-1.85,False,False,2026-09-15 ratio=101.46 momentum=99.83; 2026-09-16 ratio=101.25 momentum=99.39; 2026-09-17 ratio=101.49 momentum=99.64; 2026-09-18 ratio=101.34 momentum=99.00; 2026-09-21 ratio=101.41 momentum=97.98,148.25
stock,Jindal Drilling,JINDRILL.NS,Offshore Support Solution Drilling,"Oil, Gas & Consumable Fuels",1755.07,0.16,47.14,-28.69,275.39,8.38,9.01,13.67,,not_stage_2,3,587.65,576.95,3.69,0.0251,"{'price_above_30w_ma': True, '30w_ma_rising': True, 'price_above_10w_ma': False, 'relative_strength_positive': False, 'near_52w_high': True}",lagging,weakening,99.17,97.53,-1.09,-1.58,False,False,2026-09-15 ratio=100.26 momentum=99.11; 2026-09-16 ratio=100.00 momentum=99.14; 2026-09-17 ratio=99.50 momentum=97.91; 2026-09-18 ratio=99.88 momentum=98.21; 2026-09-21 ratio=99.17 momentum=97.53,67.38
stock,Alphageo (India),ALPHAGEO.NS,Offshore Support Solution Drilling,"Oil, Gas & Consumable Fuels",185.79,1.71,14.86,1660.49,82.13,101.1,,-7.2,,stage_2,5,296.1,231.37,5.81,0.01265,"{'price_above_30w_ma': True, '30w_ma_rising': True, 'price_above_10w_ma': True, 'relative_strength_positive': True, 'near_52w_high': True}",weakening,weakening,100.63,97.46,-0.24,-1.86,False,False,2026-09-15 ratio=100.87 momentum=99.32; 2026-09-16 ratio=100.73 momentum=99.40; 2026-09-17 ratio=100.69 momentum=98.49; 2026-09-18 ratio=100.59 momentum=97.62; 2026-09-21 ratio=100.63 momentum=97.46,139.77
stock,Aakash Explor.,AAKASH.NS,Offshore Support Solution Drilling,"Oil, Gas & Consumable Fuels",92.44,0.0,0.52,-3.7,27.89,16.89,26.56,7.63,,stage_2,5,8.96,8.85,1.18,0.00038,"{'price_above_30w_ma': True, '30w_ma_rising': True, 'price_above_10w_ma': True, 'relative_strength_positive': True, 'near_52w_high': True}",leading,leading,101.37,101.29,-0.1,-0.73,False,False,2026-09-15 ratio=101.47 momentum=102.02; 2026-09-16 ratio=101.20 momentum=101.64; 2026-09-17 ratio=101.50 momentum=101.72; 2026-09-18 ratio=101.15 momentum=100.96; 2026-09-21 ratio=101.37 momentum=101.29,160.66
stock,Aban Offshore,ABAN.NS,Offshore Support Solution Drilling,"Oil, Gas & Consumable Fuels",80.63,0.0,1.8,100.73,99.12,-14.34,,,,not_stage_2,0,14.13,17.64,-4.33,0.0006,"{'price_above_30w_ma': False, '30w_ma_rising': False, 'price_above_10w_ma': False, 'relative_strength_positive': False, 'near_52w_high': False}",lagging,lagging,99.22,96.33,-0.2,-3.01,False,False,2026-09-15 ratio=99.43 momentum=99.34; 2026-09-16 ratio=99.54 momentum=102.32; 2026-09-17 ratio=99.33 momentum=97.98; 2026-09-18 ratio=99.41 momentum=99.14; 2026-09-21 ratio=99.22 momentum=96.33,0.0
stock,Deep Industries,DEEPINDS.NS,Oil Equipment & Services,"Oil, Gas & Consumable Fuels",4938.45,0.32,89.14,45.12,278.92,39.81,11.91,16.47,,stage_2,5,761.6,530.7,10.86,0.03253,"{'price_above_30w_ma': True, '30w_ma_rising': True, 'price_above_10w_ma': True, 'relative_strength_positive': True, 'near_52w_high': True}",weakening,weakening,100.96,97.18,-0.29,-2.28,False,False,2026-09-15 ratio=101.26 momentum=99.46; 2026-09-16 ratio=101.22 momentum=100.25; 2026-09-17 ratio=101.16 momentum=99.30; 2026-09-18 ratio=101.17 momentum=98.28; 2026-09-21 ratio=100.96 momentum=97.18,151.52
stock,Asian Energy,ASIANENE.NS,Oil Equipment & Services,"Oil, Gas & Consumable Fuels",2383.72,0.26,12.76,115.5,271.19,135.06,36.9,16.33,,stage_2,5,489.6,365.0,8.91,0.02091,"{'price_above_30w_ma': True, '30w_ma_rising': True, 'price_above_10w_ma': True, 'relative_strength_positive': True, 'near_52w_high': True}",weakening,weakening,100.9,97.66,-0.28,-0.69,False,False,2026-09-15 ratio=101.18 momentum=98.35; 2026-09-16 ratio=101.24 momentum=98.20; 2026-09-17 ratio=101.06 momentum=97.63; 2026-09-18 ratio=101.09 momentum=97.35; 2026-09-21 ratio=100.90 momentum=97.66,147.32
stock,Oil Country,OILCOUNTUB.NS,Oil Equipment & Services,"Oil, Gas & Consumable Fuels",362.49,0.0,-15.11,-71.51,17.44,-29.02,,-25.38,,stage_2,5,68.18,56.03,4.02,0.00291,"{'price_above_30w_ma': True, '30w_ma_rising': True, 'price_above_10w_ma': True, 'relative_strength_positive': True, 'near_52w_high': True}",weakening,weakening,102.08,99.94,0.49,1.37,False,False,2026-09-15 ratio=101.59 momentum=98.57; 2026-09-16 ratio=101.60 momentum=97.14; 2026-09-17 ratio=101.79 momentum=96.64; 2026-09-18 ratio=101.94 momentum=97.88; 2026-09-21 ratio=102.08 momentum=99.94,143.44
stock,Teja Engineering,TEJA.NS,Oil Equipment & Services,"Oil, Gas & Consumable Fuels",133.58,0.0,3.32,36.63,43.98,48.03,21.37,33.1,,insufficient_data,0,,,,,{},insufficient_data,insufficient_data,,,,,False,False,,0.0
stock,O N G C,ONGC.NS,Oil Exploration & Production,"Oil, Gas & Consumable Fuels",298317.38,5.59,6554.44,20.84,204987.35,25.68,6.82,14.15,,not_stage_2,2,236.13,258.6,-2.0,0.01008,"{'price_above_30w_ma': False, '30w_ma_rising': False, 'price_above_10w_ma': False, 'relative_strength_positive': True, 'near_52w_high': True}",leading,leading,100.47,102.2,-0.52,-2.73,False,False,2026-09-15 ratio=100.99 momentum=104.93; 2026-09-16 ratio=100.94 momentum=102.78; 2026-09-17 ratio=100.14 momentum=100.31; 2026-09-18 ratio=100.09 momentum=100.57; 2026-09-21 ratio=100.47 momentum=102.20,73.35
stock,Oil India,OIL.NS,Oil Exploration & Production,"Oil, Gas & Consumable Fuels",76434.2,2.45,4026.83,91.4,12503.32,57.7,9.15,11.51,,stage_2,4,467.0,464.99,0.06,0.01995,"{'price_above_30w_ma': True, '30w_ma_rising': True, 'price_above_10w_ma': False, 'relative_strength_positive': True, 'near_52w_high': True}",weakening,weakening,100.99,98.29,-0.72,-1.31,False,False,2026-09-15 ratio=101.71 momentum=99.60; 2026-09-16 ratio=101.64 momentum=98.47; 2026-09-17 ratio=101.14 momentum=96.02; 2026-09-18 ratio=100.97 momentum=97.58; 2026-09-21 ratio=100.99 momentum=98.29,110.07
stock,Vedanta Oil and Gas,VOGL.NS,Oil Exploration & Production,"Oil, Gas & Consumable Fuels",14026.66,0.0,945.0,2691.59,2507.0,8.48,65.25,,,insufficient_data,0,,,,,{},lagging,lagging,99.0,96.43,-0.68,0.19,False,False,2026-09-15 ratio=99.68 momentum=96.24; 2026-09-16 ratio=99.67 momentum=97.78; 2026-09-17 ratio=99.55 momentum=96.15; 2026-09-18 ratio=99.22 momentum=97.01; 2026-09-21 ratio=99.00 momentum=96.43,0.0
stock,Antelopus Selan,ANTELOPUS.NS,Oil Exploration & Production,"Oil, Gas & Consumable Fuels",4095.96,0.0,54.32,450.71,131.04,158.82,29.22,19.92,,stage_2,5,1110.4,771.52,9.79,0.04742,"{'price_above_30w_ma': True, '30w_ma_rising': True, 'price_above_10w_ma': True, 'relative_strength_positive': True, 'near_52w_high': True}",weakening,leading,101.76,98.81,-0.38,-3.47,False,False,2026-09-15 ratio=102.14 momentum=102.28; 2026-09-16 ratio=102.83 momentum=105.26; 2026-09-17 ratio=102.28 momentum=98.08; 2026-09-18 ratio=101.92 momentum=96.78; 2026-09-21 ratio=101.76 momentum=98.81,153.38
stock,Prabha Energy,PRABHA.NS,Oil Exploration & Production,"Oil, Gas & Consumable Fuels",3674.59,0.0,0.29,226.09,1.69,49.56,3340.53,-0.09,,stage_2,5,235.72,170.17,5.33,0.01007,"{'price_above_30w_ma': True, '30w_ma_rising': True, 'price_above_10w_ma': True, 'relative_strength_positive': True, 'near_52w_high': True}",weakening,weakening,101.26,97.98,-0.56,-1.82,False,False,2026-09-15 ratio=101.82 momentum=99.80; 2026-09-16 ratio=101.39 momentum=98.04; 2026-09-17 ratio=101.17 momentum=97.92; 2026-09-18 ratio=101.41 momentum=98.47; 2026-09-21 ratio=101.26 momentum=97.98,141.96
stock,Hind.Oil Explor.,HINDOILEXP.NS,Oil Exploration & Production,"Oil, Gas & Consumable Fuels",2297.85,0.0,6.24,-47.91,114.18,45.17,91.47,3.49,,stage_2,5,174.83,158.85,3.58,0.00747,"{'price_above_30w_ma': True, '30w_ma_rising': True, 'price_above_10w_ma': True, 'relative_strength_positive': True, 'near_52w_high': True}",weakening,leading,101.13,97.1,-0.39,-3.39,False,False,2026-09-15 ratio=101.52 momentum=100.49; 2026-09-16 ratio=101.74 momentum=99.02; 2026-09-17 ratio=101.66 momentum=99.54; 2026-09-18 ratio=101.49 momentum=96.66; 2026-09-21 ratio=101.13 momentum=97.10,137.81
stock,Guj.Nat.Resour.,GNRL.NS,Oil Exploration & Production,"Oil, Gas & Consumable Fuels",1502.13,0.0,11.35,488.08,5.72,70.75,77.79,7.25,,insufficient_data,0,,,,,{},insufficient_data,insufficient_data,,,,,False,False,,0.0
stock,L T Foods,LTFOODS.NS,Other Agricultural Products,Fast Moving Consumer Goods,14924.79,0.7,183.45,8.87,3151.83,27.92,23.31,17.6,,stage_2,4,421.35,404.65,0.62,0.018,"{'price_above_30w_ma': True, '30w_ma_rising': True, 'price_above_10w_ma': False, 'relative_strength_positive': True, 'near_52w_high': True}",weakening,weakening,100.9,98.53,0.03,1.93,False,False,2026-09-15 ratio=100.87 momentum=96.60; 2026-09-16 ratio=100.65 momentum=98.02; 2026-09-17 ratio=100.74 momentum=97.92; 2026-09-18 ratio=100.70 momentum=98.11; 2026-09-21 ratio=100.90 momentum=98.53,110.74
stock,KRBL,KRBL.NS,Other Agricultural Products,Fast Moving Consumer Goods,9272.56,1.11,260.74,73.16,1495.86,-5.59,12.23,15.16,,stage_2,4,389.9,362.06,1.82,0.01665,"{'price_above_30w_ma': True, '30w_ma_rising': True, 'price_above_10w_ma': False, 'relative_strength_positive': True, 'near_52w_high': True}",weakening,weakening,100.45,98.01,-0.37,1.12,False,False,2026-09-15 ratio=100.82 momentum=96.90; 2026-09-16 ratio=100.67 momentum=97.31; 2026-09-17 ratio=100.63 momentum=97.55; 2026-09-18 ratio=100.48 momentum=97.57; 2026-09-21 ratio=100.45 momentum=98.01,110.89
stock,Guj. Ambuja Exp,GAEL.NS,Other Agricultural Products,Fast Moving Consumer Goods,7474.58,0.18,176.77,171.87,1594.22,23.47,17.84,12.46,,not_stage_2,3,157.08,156.05,1.97,0.00671,"{'price_above_30w_ma': True, '30w_ma_rising': True, 'price_above_10w_ma': False, 'relative_strength_positive': False, 'near_52w_high': True}",weakening,weakening,100.07,98.59,0.01,3.83,False,False,2026-09-15 ratio=100.07 momentum=94.76; 2026-09-16 ratio=99.85 momentum=96.57; 2026-09-17 ratio=100.02 momentum=97.27; 2026-09-18 ratio=99.73 momentum=96.35; 2026-09-21 ratio=100.07 momentum=98.59,64.29
stock,TruAlt Bioenergy,TRUALT.NS,Other Agricultural Products,Fast Moving Consumer Goods,3762.78,0.0,59.27,1108.25,626.88,106.29,24.06,10.44,,not_stage_2,2,414.45,446.5,0.16,0.0177,"{'price_above_30w_ma': False, '30w_ma_rising': True, 'price_above_10w_ma': False, 'relative_strength_positive': False, 'near_52w_high': True}",improving,improving,99.35,100.47,-0.06,-1.38,False,False,2026-09-15 ratio=99.41 momentum=101.84; 2026-09-16 ratio=99.96 momentum=103.57; 2026-09-17 ratio=99.99 momentum=102.27; 2026-09-18 ratio=99.79 momentum=101.74; 2026-09-21 ratio=99.35 momentum=100.47,42.67
stock,Kaveri Seed Co.,KSCL.NS,Other Agricultural Products,Fast Moving Consumer Goods,3652.9,0.7,279.84,-14.18,742.5,-13.51,14.64,18.79,,not_stage_2,0,699.7,838.71,-1.89,0.02988,"{'price_above_30w_ma': False, '30w_ma_rising': False, 'price_above_10w_ma': False, 'relative_strength_positive': False, 'near_52w_high': False}",lagging,lagging,98.84,99.89,0.25,3.98,False,False,2026-09-15 ratio=98.59 momentum=95.90; 2026-09-16 ratio=98.38 momentum=95.68; 2026-09-17 ratio=98.69 momentum=100.01; 2026-09-18 ratio=98.51 momentum=97.60; 2026-09-21 ratio=98.84 momentum=99.89,0.0
stock,Sanstar,SANSTAR.NS,Other Agricultural Products,Fast Moving Consumer Goods,2229.15,0.0,9.21,2808.82,206.16,21.51,50.66,5.69,,stage_2,5,112.61,103.8,3.25,0.00481,"{'price_above_30w_ma': True, '30w_ma_rising': True, 'price_above_10w_ma': True, 'relative_strength_positive': True, 'near_52w_high': True}",leading,leading,101.46,101.16,-0.22,-1.7,False,False,2026-09-15 ratio=101.68 momentum=102.86; 2026-09-16 ratio=102.36 momentum=103.71; 2026-09-17 ratio=102.95 momentum=102.92; 2026-09-18 ratio=102.66 momentum=102.91; 2026-09-21 ratio=101.46 momentum=101.16,164.6
stock,A C J K Exports,AEROPLANE.NS,Other Agricultural Products,Fast Moving Consumer Goods,2125.29,0.0,36.63,127.52,663.73,55.1,17.16,15.7,,insufficient_data,0,,,,,{},leading,leading,101.64,101.07,-0.39,-1.29,False,False,2026-09-15 ratio=102.03 momentum=102.36; 2026-09-16 ratio=101.50 momentum=102.23; 2026-09-17 ratio=101.24 momentum=101.79; 2026-09-18 ratio=101.82 momentum=102.29; 2026-09-21 ratio=101.64 momentum=101.07,33.55
stock,GRM Overseas,GRMOVER.NS,Other Agricultural Products,Fast Moving Consumer Goods,1687.71,0.0,21.04,10.21,426.51,30.52,22.08,13.99,,not_stage_2,0,80.59,122.6,-7.93,0.00344,"{'price_above_30w_ma': False, '30w_ma_rising': False, 'price_above_10w_ma': False, 'relative_strength_positive': False, 'near_52w_high': False}",lagging,improving,98.42,98.7,-0.43,-1.66,False,False,2026-09-15 ratio=98.85 momentum=100.36; 2026-09-16 ratio=98.51 momentum=100.17; 2026-09-17 ratio=97.83 momentum=98.45; 2026-09-18 ratio=98.23 momentum=99.11; 2026-09-21 ratio=98.42 momentum=98.70,0.0
stock,AVT Natural Prod,AVTNPL.NS,Other Agricultural Products,Fast Moving Consumer Goods,1474.58,0.83,31.1,156.6,241.21,82.16,17.6,14.22,,stage_2,5,98.26,72.06,4.86,0.0042,"{'price_above_30w_ma': True, '30w_ma_rising': True, 'price_above_10w_ma': True, 'relative_strength_positive': True, 'near_52w_high': True}",weakening,weakening,101.32,98.23,0.11,3.51,False,False,2026-09-15 ratio=101.21 momentum=94.72; 2026-09-16 ratio=101.07 momentum=97.39; 2026-09-17 ratio=100.98 momentum=98.10; 2026-09-18 ratio=100.94 momentum=96.81; 2026-09-21 ratio=101.32 momentum=98.23,141.32
stock,Chamanlal Setia,CLSEL.NS,Other Agricultural Products,Fast Moving Consumer Goods,1473.62,1.01,31.99,47.83,345.92,12.58,11.78,18.18,,stage_2,5,293.4,276.62,1.04,0.01253,"{'price_above_30w_ma': True, '30w_ma_rising': True, 'price_above_10w_ma': True, 'relative_strength_positive': True, 'near_52w_high': True}",weakening,weakening,100.87,98.5,0.47,0.94,False,False,2026-09-15 ratio=100.39 momentum=97.56; 2026-09-16 ratio=101.54 momentum=99.66; 2026-09-17 ratio=101.24 momentum=99.01; 2026-09-18 ratio=101.08 momentum=98.07; 2026-09-21 ratio=100.87 momentum=98.50,131.43
stock,AU Small Finance,AUBANK.NS,Other Bank,Financial Services,79066.39,0.09,795.95,37.03,5302.74,21.11,27.68,7.66,,not_stage_2,3,1036.4,1012.52,0.81,0.04426,"{'price_above_30w_ma': True, '30w_ma_rising': True, 'price_above_10w_ma': False, 'relative_strength_positive': False, 'near_52w_high': True}",weakening,weakening,100.25,98.85,-0.16,1.66,False,False,2026-09-15 ratio=100.41 momentum=97.19; 2026-09-16 ratio=100.42 momentum=98.24; 2026-09-17 ratio=100.53 momentum=98.14; 2026-09-18 ratio=101.01 momentum=100.24; 2026-09-21 ratio=100.25 momentum=98.85,62.87
stock,Ujjivan Small,UJJIVANSFB.NS,Other Bank,Financial Services,12842.48,0.0,316.54,206.67,2024.92,25.08,14.18,7.73,,not_stage_2,3,64.74,60.74,0.83,0.00276,"{'price_above_30w_ma': True, '30w_ma_rising': True, 'price_above_10w_ma': False, 'relative_strength_positive': False, 'near_52w_high': True}",lagging,lagging,99.36,99.49,-0.27,3.12,False,False,2026-09-15 ratio=99.64 momentum=96.37; 2026-09-16 ratio=99.75 momentum=99.93; 2026-09-17 ratio=99.27 momentum=99.45; 2026-09-18 ratio=99.56 momentum=101.32; 2026-09-21 ratio=99.36 momentum=99.49,61.66
stock,Equitas Sma. Fin,EQUITASBNK.NS,Other Bank,Financial Services,8283.38,0.0,183.61,182.06,1960.4,18.89,16.23,6.43,,not_stage_2,3,72.91,70.13,1.34,0.00311,"{'price_above_30w_ma': True, '30w_ma_rising': True, 'price_above_10w_ma': False, 'relative_strength_positive': False, 'near_52w_high': True}",improving,improving,99.58,101.63,0.14,0.26,False,True,2026-09-15 ratio=99.44 momentum=101.37; 2026-09-16 ratio=100.19 momentum=103.71; 2026-09-17 ratio=99.59 momentum=101.34; 2026-09-18 ratio=100.31 momentum=103.22; 2026-09-21 ratio=99.58 momentum=101.63,70.83
stock,Jana Small Finan,JSFB.NS,Other Bank,Financial Services,5784.24,0.0,155.23,52.29,1514.53,22.08,15.23,7.45,,not_stage_2,3,533.7,472.01,4.57,0.02279,"{'price_above_30w_ma': True, '30w_ma_rising': True, 'price_above_10w_ma': False, 'relative_strength_positive': False, 'near_52w_high': True}",weakening,lagging,100.21,99.72,0.99,2.86,False,False,2026-09-15 ratio=99.22 momentum=96.86; 2026-09-16 ratio=99.64 momentum=98.62; 2026-09-17 ratio=99.99 momentum=99.77; 2026-09-18 ratio=100.15 momentum=99.52; 2026-09-21 ratio=100.21 momentum=99.72,70.19
stock,Utkarsh Small F.,UTKARSHBNK.NS,Other Bank,Financial Services,2500.19,0.0,-33.92,85.84,883.56,0.3,,1.46,,not_stage_2,2,13.88,13.8,0.42,0.00059,"{'price_above_30w_ma': True, '30w_ma_rising': True, 'price_above_10w_ma': False, 'relative_strength_positive': False, 'near_52w_high': False}",lagging,weakening,99.67,99.37,-0.76,0.49,False,False,2026-09-15 ratio=100.43 momentum=98.88; 2026-09-16 ratio=99.58 momentum=98.65; 2026-09-17 ratio=99.95 momentum=99.12; 2026-09-18 ratio=100.08 momentum=98.97; 2026-09-21 ratio=99.67 momentum=99.37,40.84
stock,ESAF Small Fin,ESAFSFB.NS,Other Bank,Financial Services,2112.89,0.0,80.08,198.6,1097.77,32.54,,5.65,,not_stage_2,3,39.46,32.27,5.18,0.00169,"{'price_above_30w_ma': True, '30w_ma_rising': True, 'price_above_10w_ma': False, 'relative_strength_positive': False, 'near_52w_high': True}",weakening,weakening,100.22,97.92,-0.16,1.97,False,False,2026-09-15 ratio=100.39 momentum=95.95; 2026-09-16 ratio=100.29 momentum=97.70; 2026-09-17 ratio=100.04 momentum=96.44; 2026-09-18 ratio=100.23 momentum=97.61; 2026-09-21 ratio=100.22 momentum=97.92,71.46
stock,Suryoday Small,SURYODAY.NS,Other Bank,Financial Services,1581.6,1.0,75.18,113.1,622.36,25.69,8.24,7.33,,not_stage_2,2,146.4,156.5,1.61,0.00625,"{'price_above_30w_ma': False, '30w_ma_rising': True, 'price_above_10w_ma': False, 'relative_strength_positive': False, 'near_52w_high': True}",improving,improving,99.18,101.42,0.17,0.97,False,True,2026-09-15 ratio=99.02 momentum=100.44; 2026-09-16 ratio=98.93 momentum=101.21; 2026-09-17 ratio=99.15 momentum=101.75; 2026-09-18 ratio=99.16 momentum=100.59; 2026-09-21 ratio=99.18 momentum=101.42,50.32
stock,Capital Small,CAPITALSFB.NS,Other Bank,Financial Services,1295.32,1.76,41.3,29.02,288.18,16.63,8.6,7.07,,stage_2,4,281.3,274.27,0.64,0.01201,"{'price_above_30w_ma': True, '30w_ma_rising': True, 'price_above_10w_ma': False, 'relative_strength_positive': True, 'near_52w_high': True}",leading,lagging,100.15,101.77,1.31,2.69,True,False,2026-09-15 ratio=98.84 momentum=99.08; 2026-09-16 ratio=99.21 momentum=99.56; 2026-09-17 ratio=100.08 momentum=101.38; 2026-09-18 ratio=99.81 momentum=101.01; 2026-09-21 ratio=100.15 momentum=101.77,145.88
stock,Fino Payments,FINOPB.NS,Other Bank,Financial Services,1098.94,0.0,-13.72,-177.25,72.23,18.43,44.95,4.41,,not_stage_2,0,133.02,142.4,-6.77,0.00568,"{'price_above_30w_ma': False, '30w_ma_rising': False, 'price_above_10w_ma': False, 'relative_strength_positive': False, 'near_52w_high': False}",lagging,improving,98.76,98.3,-0.51,-3.93,False,False,2026-09-15 ratio=99.27 momentum=102.23; 2026-09-16 ratio=99.05 momentum=103.48; 2026-09-17 ratio=99.02 momentum=99.03; 2026-09-18 ratio=98.88 momentum=98.12; 2026-09-21 ratio=98.76 momentum=98.30,0.0
stock,Ramco Inds.,RAMCOIND.NS,Other Construction Materials,Construction Materials,2824.0,0.38,86.59,21.91,613.81,15.48,8.98,4.57,,not_stage_2,3,320.85,304.3,0.8,0.0137,"{'price_above_30w_ma': True, '30w_ma_rising': True, 'price_above_10w_ma': False, 'relative_strength_positive': False, 'near_52w_high': True}",improving,improving,99.7,102.45,0.36,1.71,False,True,2026-09-15 ratio=99.34 momentum=100.74; 2026-09-16 ratio=99.44 momentum=102.33; 2026-09-17 ratio=99.41 momentum=103.68; 2026-09-18 ratio=100.17 momentum=103.59; 2026-09-21 ratio=99.70 momentum=102.45,73.85
stock,Glass Wall Syst.,GLASSWALL.NS,Other Construction Materials,Construction Materials,2518.07,0.0,,,,,30.8,50.32,,insufficient_data,0,,,,,{},insufficient_data,insufficient_data,,,,,False,False,,0.0
stock,Arisinfra Solu.,ARIS.NS,Other Construction Materials,Construction Materials,1174.7,0.0,20.04,306.31,290.81,37.12,17.78,15.57,,stage_2,5,140.1,122.92,3.19,0.00598,"{'price_above_30w_ma': True, '30w_ma_rising': True, 'price_above_10w_ma': True, 'relative_strength_positive': True, 'near_52w_high': True}",leading,lagging,101.65,102.28,1.82,10.63,True,False,2026-09-15 ratio=99.83 momentum=91.65; 2026-09-16 ratio=99.36 momentum=96.15; 2026-09-17 ratio=100.33 momentum=99.92; 2026-09-18 ratio=100.86 momentum=101.10; 2026-09-21 ratio=101.65 momentum=102.28,181.03
stock,BirlaNu Ltd,BIRLANU.NS,Other Construction Materials,Construction Materials,1055.33,1.07,9.4,812.12,1174.02,11.57,,-4.29,,not_stage_2,0,1385.6,1399.14,-2.06,0.05918,"{'price_above_30w_ma': False, '30w_ma_rising': False, 'price_above_10w_ma': False, 'relative_strength_positive': False, 'near_52w_high': False}",lagging,weakening,99.94,97.98,-0.31,-1.85,False,False,2026-09-15 ratio=100.26 momentum=99.83; 2026-09-16 ratio=100.10 momentum=98.92; 2026-09-17 ratio=99.99 momentum=98.89; 2026-09-18 ratio=99.92 momentum=98.63; 2026-09-21 ratio=99.94 momentum=97.98,0.0
stock,Everest Inds.,EVERESTIND.NS,Other Construction Materials,Construction Materials,715.8,0.22,102.09,1505.52,435.86,-12.95,,-8.5,,not_stage_2,2,432.45,408.5,0.39,0.01847,"{'price_above_30w_ma': True, '30w_ma_rising': True, 'price_above_10w_ma': False, 'relative_strength_positive': False, 'near_52w_high': False}",improving,lagging,99.34,102.74,0.67,4.62,False,True,2026-09-15 ratio=98.67 momentum=98.12; 2026-09-16 ratio=98.74 momentum=100.85; 2026-09-17 ratio=98.73 momentum=99.28; 2026-09-18 ratio=99.10 momentum=102.00; 2026-09-21 ratio=99.34 momentum=102.74,54.48
stock,Teamtech Formwork,TEAMTECH.NS,Other Construction Materials,Construction Materials,407.68,0.0,7.33,,31.74,,35.17,41.17,,insufficient_data,0,,,,,{},insufficient_data,insufficient_data,,,,,False,False,,0.0
stock,Sahyadri Industr,SAHYADRI.NS,Other Construction Materials,Construction Materials,404.07,0.68,26.52,146.24,258.58,20.51,8.95,9.72,,stage_2,5,360.25,292.26,5.76,0.01539,"{'price_above_30w_ma': True, '30w_ma_rising': True, 'price_above_10w_ma': True, 'relative_strength_positive': True, 'near_52w_high': True}",weakening,weakening,101.08,97.41,-0.07,-2.09,False,False,2026-09-15 ratio=101.16 momentum=99.50; 2026-09-16 ratio=101.03 momentum=99.56; 2026-09-17 ratio=100.92 momentum=99.08; 2026-09-18 ratio=101.01 momentum=99.23; 2026-09-21 ratio=101.08 momentum=97.41,141.92
stock,Vishnusurya Pro.,VISHNUINFR.NS,Other Construction Materials,Construction Materials,390.18,0.66,5.92,116.06,61.87,25.02,9.24,19.92,,not_stage_2,0,150.5,157.93,-1.54,0.00643,"{'price_above_30w_ma': False, '30w_ma_rising': False, 'price_above_10w_ma': False, 'relative_strength_positive': False, 'near_52w_high': False}",weakening,lagging,100.3,99.92,0.6,2.0,False,False,2026-09-15 ratio=99.70 momentum=97.93; 2026-09-16 ratio=100.88 momentum=102.33; 2026-09-17 ratio=101.23 momentum=100.63; 2026-09-18 ratio=99.57 momentum=97.61; 2026-09-21 ratio=100.30 momentum=99.92,1.5
stock,MCON Rasayan,MCON.NS,Other Construction Materials,Construction Materials,30.08,0.0,1.8,76.47,36.86,26.32,9.89,11.06,,not_stage_2,0,41.0,45.6,-1.69,0.00175,"{'price_above_30w_ma': False, '30w_ma_rising': False, 'price_above_10w_ma': False, 'relative_strength_positive': False, 'near_52w_high': False}",lagging,lagging,98.49,95.9,-1.17,1.03,False,False,2026-09-15 ratio=99.66 momentum=94.87; 2026-09-16 ratio=98.76 momentum=96.39; 2026-09-17 ratio=98.99 momentum=98.68; 2026-09-18 ratio=98.96 momentum=98.56; 2026-09-21 ratio=98.49 momentum=95.90,0.0
stock,SIS,SIS.NS,Other Consumer Services,Consumer Services,5955.64,1.66,101.66,9.37,4603.58,29.73,14.83,13.68,,stage_2,4,424.05,386.49,3.87,0.01811,"{'price_above_30w_ma': True, '30w_ma_rising': True, 'price_above_10w_ma': False, 'relative_strength_positive': True, 'near_52w_high': True}",weakening,leading,100.45,99.01,0.01,-1.76,False,False,2026-09-15 ratio=100.43 momentum=100.77; 2026-09-16 ratio=100.33 momentum=100.71; 2026-09-17 ratio=100.66 momentum=100.07; 2026-09-18 ratio=101.44 momentum=100.23; 2026-09-21 ratio=100.45 momentum=99.01,114.99
stock,E Factor Experie,EFACTOR.NS,Other Consumer Services,Consumer Services,198.35,0.79,14.61,-26.66,138.84,-9.5,10.08,24.71,,not_stage_2,0,156.4,191.21,-5.98,0.00668,"{'price_above_30w_ma': False, '30w_ma_rising': False, 'price_above_10w_ma': False, 'relative_strength_positive': False, 'near_52w_high': False}",lagging,lagging,99.4,98.09,0.13,2.06,False,False,2026-09-15 ratio=99.27 momentum=96.03; 2026-09-16 ratio=99.37 momentum=96.82; 2026-09-17 ratio=99.35 momentum=95.16; 2026-09-18 ratio=99.48 momentum=97.79; 2026-09-21 ratio=99.40 momentum=98.09,0.0
stock,Party Cruisers,PARTYCRUS.NS,Other Consumer Services,Consumer Services,138.36,0.0,10.04,62.85,111.27,32.28,11.06,34.5,,stage_2,5,97.1,90.12,1.81,0.00415,"{'price_above_30w_ma': True, '30w_ma_rising': True, 'price_above_10w_ma': True, 'relative_strength_positive': True, 'near_52w_high': True}",leading,leading,102.33,104.31,0.46,3.01,False,False,2026-09-15 ratio=101.87 momentum=101.30; 2026-09-16 ratio=102.46 momentum=101.62; 2026-09-17 ratio=102.24 momentum=101.38; 2026-09-18 ratio=102.50 momentum=102.90; 2026-09-21 ratio=102.33 momentum=104.31,181.82
stock,Touchwood Enter.,TOUCHWOOD.NS,Other Consumer Services,Consumer Services,68.54,0.0,0.38,-70.77,3.96,-76.57,20.64,13.52,,not_stage_2,0,61.67,68.63,-4.49,0.00263,"{'price_above_30w_ma': False, '30w_ma_rising': False, 'price_above_10w_ma': False, 'relative_strength_positive': False, 'near_52w_high': False}",improving,improving,99.75,101.71,0.15,-1.23,False,False,2026-09-15 ratio=99.61 momentum=102.94; 2026-09-16 ratio=99.80 momentum=102.93; 2026-09-17 ratio=99.73 momentum=104.61; 2026-09-18 ratio=99.48 momentum=105.70; 2026-09-21 ratio=99.75 momentum=101.71,8.55
stock,Blue Pebble,BLUEPEBBLE.NS,Other Consumer Services,Consumer Services,30.6,0.67,-0.26,,11.14,,62.45,2.42,,not_stage_2,2,76.0,93.19,-8.63,0.00325,"{'price_above_30w_ma': False, '30w_ma_rising': False, 'price_above_10w_ma': True, 'relative_strength_positive': True, 'near_52w_high': False}",weakening,leading,101.82,93.92,-0.46,-8.91,False,False,2026-09-15 ratio=102.28 momentum=102.83; 2026-09-16 ratio=101.54 momentum=103.28; 2026-09-17 ratio=101.90 momentum=102.71; 2026-09-18 ratio=101.97 momentum=103.86; 2026-09-21 ratio=101.82 momentum=93.92,49.1
stock,Thinking Hats,THESL.NS,Other Consumer Services,Consumer Services,18.17,0.0,0.51,-80.08,15.16,-61.15,14.65,5.96,,insufficient_data,0,,,,,{},insufficient_data,insufficient_data,,,,,False,False,,0.0
stock,HBL Engineering,HBLENGINE.NS,Other Industrial Products,Capital Goods,21197.07,0.39,109.14,-25.07,638.03,6.03,26.45,59.3,,not_stage_2,3,767.15,743.9,-0.03,0.03276,"{'price_above_30w_ma': True, '30w_ma_rising': False, 'price_above_10w_ma': True, 'relative_strength_positive': True, 'near_52w_high': False}",leading,leading,101.86,103.08,0.6,0.23,False,False,2026-09-15 ratio=101.26 momentum=102.85; 2026-09-16 ratio=100.71 momentum=102.44; 2026-09-17 ratio=102.32 momentum=103.98; 2026-09-18 ratio=102.27 momentum=104.03; 2026-09-21 ratio=101.86 momentum=103.08,104.7
stock,Inox India,INOXINDIA.NS,Other Industrial Products,Capital Goods,19602.55,0.09,58.07,-4.99,370.79,9.18,76.23,33.48,,stage_2,5,2133.7,1705.3,8.81,0.09113,"{'price_above_30w_ma': True, '30w_ma_rising': True, 'price_above_10w_ma': True, 'relative_strength_positive': True, 'near_52w_high': True}",weakening,weakening,100.96,97.78,0.42,0.68,False,False,2026-09-15 ratio=100.53 momentum=97.11; 2026-09-16 ratio=100.34 momentum=97.31; 2026-09-17 ratio=100.55 momentum=98.60; 2026-09-18 ratio=101.11 momentum=98.47; 2026-09-21 ratio=100.96 momentum=97.78,147.42
stock,KRN Heat Exchan,KRN.NS,Other Industrial Products,Capital Goods,9237.88,0.0,32.9,164.9,252.32,118.88,95.29,16.06,,stage_2,4,1420.1,1224.03,8.17,0.06065,"{'price_above_30w_ma': True, '30w_ma_rising': True, 'price_above_10w_ma': False, 'relative_strength_positive': True, 'near_52w_high': True}",weakening,weakening,100.39,97.81,-0.82,0.59,False,False,2026-09-15 ratio=101.21 momentum=97.21; 2026-09-16 ratio=100.68 momentum=97.58; 2026-09-17 ratio=100.36 momentum=97.58; 2026-09-18 ratio=100.63 momentum=98.66; 2026-09-21 ratio=100.39 momentum=97.81,123.29
stock,Esab India,ESABINDIA.NS,Other Industrial Products,Capital Goods,8649.73,1.34,56.14,37.13,421.12,19.63,41.79,64.68,,not_stage_2,2,5654.5,5874.58,0.58,0.2415,"{'price_above_30w_ma': False, '30w_ma_rising': True, 'price_above_10w_ma': False, 'relative_strength_positive': False, 'near_52w_high': True}",lagging,weakening,99.36,97.24,-1.13,-0.08,False,False,2026-09-15 ratio=100.49 momentum=97.32; 2026-09-16 ratio=100.05 momentum=96.67; 2026-09-17 ratio=99.75 momentum=97.42; 2026-09-18 ratio=99.70 momentum=97.30; 2026-09-21 ratio=99.36 momentum=97.24,41.16
stock,Subros,SUBROS.NS,Other Industrial Products,Capital Goods,4778.95,0.41,41.52,1.69,1032.11,17.52,27.8,19.16,,not_stage_2,0,720.65,748.66,-1.47,0.03078,"{'price_above_30w_ma': False, '30w_ma_rising': False, 'price_above_10w_ma': False, 'relative_strength_positive': False, 'near_52w_high': False}",improving,improving,99.39,102.32,0.81,1.34,False,True,2026-09-15 ratio=98.59 momentum=100.98; 2026-09-16 ratio=98.45 momentum=100.44; 2026-09-17 ratio=98.78 momentum=101.72; 2026-09-18 ratio=99.57 momentum=103.21; 2026-09-21 ratio=99.39 momentum=102.32,11.6
stock,Harsha Engg Intl,HARSHA.NS,Other Industrial Products,Capital Goods,4229.0,0.32,37.38,-1.45,457.43,25.22,27.35,13.0,,stage_2,5,465.1,403.96,2.45,0.01986,"{'price_above_30w_ma': True, '30w_ma_rising': True, 'price_above_10w_ma': True, 'relative_strength_positive': True, 'near_52w_high': True}",leading,weakening,102.3,100.09,1.52,3.73,True,False,2026-09-15 ratio=100.77 momentum=96.36; 2026-09-16 ratio=100.92 momentum=97.49; 2026-09-17 ratio=101.03 momentum=98.03; 2026-09-18 ratio=101.23 momentum=98.45; 2026-09-21 ratio=102.30 momentum=100.09,171.85
stock,Ador Welding,ADOR.NS,Other Industrial Products,Capital Goods,2785.07,1.44,27.35,890.46,308.63,23.19,23.26,22.71,,stage_2,5,1594.8,1247.15,6.33,0.06811,"{'price_above_30w_ma': True, '30w_ma_rising': True, 'price_above_10w_ma': True, 'relative_strength_positive': True, 'near_52w_high': True}",weakening,weakening,100.74,96.85,-0.05,0.1,False,False,2026-09-15 ratio=100.79 momentum=96.75; 2026-09-16 ratio=100.60 momentum=96.92; 2026-09-17 ratio=100.78 momentum=96.47; 2026-09-18 ratio=100.95 momentum=96.64; 2026-09-21 ratio=100.74 momentum=96.85,141.36
stock,Diffusion Eng,DIFFNKG.NS,Other Industrial Products,Capital Goods,1642.83,0.34,16.68,36.26,110.11,36.49,29.72,15.78,,stage_2,5,441.6,354.94,7.64,0.01886,"{'price_above_30w_ma': True, '30w_ma_rising': True, 'price_above_10w_ma': True, 'relative_strength_positive': True, 'near_52w_high': True}",weakening,weakening,101.19,94.88,0.16,-0.85,False,False,2026-09-15 ratio=101.04 momentum=95.73; 2026-09-16 ratio=100.99 momentum=96.48; 2026-09-17 ratio=101.13 momentum=96.57; 2026-09-18 ratio=101.33 momentum=96.39; 2026-09-21 ratio=101.19 momentum=94.88,146.23
stock,MIC Electronics,MICEL.NS,Other Industrial Products,Capital Goods,1029.72,0.0,2.13,27.54,43.72,276.57,,8.67,,not_stage_2,0,34.03,38.9,-1.7,0.00145,"{'price_above_30w_ma': False, '30w_ma_rising': False, 'price_above_10w_ma': False, 'relative_strength_positive': False, 'near_52w_high': False}",lagging,lagging,98.04,97.66,-1.25,1.7,False,False,2026-09-15 ratio=99.29 momentum=95.96; 2026-09-16 ratio=98.77 momentum=95.70; 2026-09-17 ratio=98.55 momentum=95.98; 2026-09-18 ratio=97.99 momentum=96.50; 2026-09-21 ratio=98.04 momentum=97.66,0.0
stock,Vilas Transcore,VILAS.NS,Other Industrial Products,Capital Goods,988.63,0.0,15.18,-26.24,231.91,21.66,25.61,15.87,,stage_2,5,419.95,383.93,0.08,0.01794,"{'price_above_30w_ma': True, '30w_ma_rising': True, 'price_above_10w_ma': True, 'relative_strength_positive': True, 'near_52w_high': True}",leading,lagging,101.88,101.7,3.33,3.99,True,False,2026-09-15 ratio=98.55 momentum=97.71; 2026-09-16 ratio=97.45 momentum=97.84; 2026-09-17 ratio=98.77 momentum=99.45; 2026-09-18 ratio=102.31 momentum=102.20; 2026-09-21 ratio=101.88 momentum=101.70,173.06
stock,Maruti Suzuki,MARUTI.NS,Passenger Cars & Utility Vehicles,Automobile and Auto Components,384514.35,1.14,3446.9,-9.11,52469.8,35.91,26.83,18.87,,not_stage_2,0,12190.0,13280.33,-2.61,0.52062,"{'price_above_30w_ma': False, '30w_ma_rising': False, 'price_above_10w_ma': False, 'relative_strength_positive': False, 'near_52w_high': False}",improving,lagging,97.81,102.33,-0.06,7.31,False,False,2026-09-15 ratio=97.87 momentum=95.02; 2026-09-16 ratio=97.66 momentum=101.39; 2026-09-17 ratio=98.14 momentum=102.89; 2026-09-18 ratio=97.61 momentum=99.77; 2026-09-21 ratio=97.81 momentum=102.33,11.65
stock,M & M,M&M.NS,Passenger Cars & Utility Vehicles,Automobile and Auto Components,376730.42,1.09,5997.56,33.8,58187.57,27.8,19.65,15.1,,not_stage_2,1,3044.5,3165.16,-1.6,0.13003,"{'price_above_30w_ma': False, '30w_ma_rising': False, 'price_above_10w_ma': False, 'relative_strength_positive': False, 'near_52w_high': True}",lagging,lagging,98.76,97.82,-0.2,2.48,False,False,2026-09-15 ratio=98.95 momentum=95.34; 2026-09-16 ratio=99.21 momentum=96.01; 2026-09-17 ratio=99.19 momentum=97.96; 2026-09-18 ratio=98.83 momentum=98.26; 2026-09-21 ratio=98.76 momentum=97.82,20.0
stock,Hyundai Motor I,HYUNDAI.NS,Passenger Cars & Utility Vehicles,Automobile and Auto Components,170227.37,1.0,888.62,-35.1,16334.63,-0.48,34.38,38.4,,not_stage_2,2,2101.0,1995.59,-0.23,0.08973,"{'price_above_30w_ma': True, '30w_ma_rising': False, 'price_above_10w_ma': False, 'relative_strength_positive': False, 'near_52w_high': True}",weakening,weakening,100.6,97.46,-0.38,-1.37,False,False,2026-09-15 ratio=100.98 momentum=98.83; 2026-09-16 ratio=100.99 momentum=100.06; 2026-09-17 ratio=100.96 momentum=100.64; 2026-09-18 ratio=101.31 momentum=103.05; 2026-09-21 ratio=100.60 momentum=97.46,43.0
stock,Tata Motors PVeh,TMPV.NS,Passenger Cars & Utility Vehicles,Automobile and Auto Components,110969.78,1.0,859.0,-69.83,95799.0,9.26,111.37,2.73,,not_stage_2,0,300.05,338.88,-2.81,0.01281,"{'price_above_30w_ma': False, '30w_ma_rising': False, 'price_above_10w_ma': False, 'relative_strength_positive': False, 'near_52w_high': False}",improving,improving,98.72,100.35,-0.38,-4.42,False,False,2026-09-15 ratio=99.10 momentum=104.78; 2026-09-16 ratio=98.79 momentum=103.05; 2026-09-17 ratio=99.99 momentum=103.03; 2026-09-18 ratio=98.94 momentum=100.76; 2026-09-21 ratio=98.72 momentum=100.35,1.75
stock,Force Motors,FORCEMOT.NS,Passenger Cars & Utility Vehicles,Automobile and Auto Components,22837.01,0.29,216.59,22.82,2440.01,6.21,20.76,36.05,,not_stage_2,0,17275.0,19213.77,-4.01,0.7378,"{'price_above_30w_ma': False, '30w_ma_rising': False, 'price_above_10w_ma': False, 'relative_strength_positive': False, 'near_52w_high': False}",leading,leading,100.29,101.77,0.09,0.15,False,False,2026-09-15 ratio=100.21 momentum=101.62; 2026-09-16 ratio=100.41 momentum=101.27; 2026-09-17 ratio=101.00 momentum=102.12; 2026-09-18 ratio=100.43 momentum=101.69; 2026-09-21 ratio=100.29 momentum=101.77,30.3
stock,Olectra Greentec,OLECTRA.NS,Passenger Cars & Utility Vehicles,Automobile and Auto Components,10480.43,0.05,26.66,-0.31,575.51,65.75,59.07,21.05,,not_stage_2,2,1217.2,1248.8,2.18,0.05199,"{'price_above_30w_ma': False, '30w_ma_rising': True, 'price_above_10w_ma': False, 'relative_strength_positive': False, 'near_52w_high': True}",improving,lagging,98.71,101.89,0.47,6.13,False,True,2026-09-15 ratio=98.24 momentum=95.76; 2026-09-16 ratio=98.03 momentum=97.83; 2026-09-17 ratio=98.39 momentum=100.05; 2026-09-18 ratio=98.61 momentum=100.41; 2026-09-21 ratio=98.71 momentum=101.89,53.81
stock,Mercury EV-Tech,MERCURYEV.NS,Passenger Cars & Utility Vehicles,Automobile and Auto Components,732.09,0.0,1.65,29.92,33.38,47.9,160.55,2.64,,insufficient_data,0,,,,,{},leading,leading,101.54,101.15,-1.16,0.56,False,False,2026-09-15 ratio=102.70 momentum=100.59; 2026-09-16 ratio=101.68 momentum=100.47; 2026-09-17 ratio=102.27 momentum=101.71; 2026-09-18 ratio=101.71 momentum=101.20; 2026-09-21 ratio=101.54 momentum=101.15,33.45
stock,Supreme Inds.,SUPREMEIND.NS,Plastic Products - Industrial,Capital Goods,44171.11,1.03,280.72,38.76,2717.66,4.16,42.78,20.73,,not_stage_2,2,3460.5,3574.19,-1.35,0.14779,"{'price_above_30w_ma': False, '30w_ma_rising': False, 'price_above_10w_ma': False, 'relative_strength_positive': True, 'near_52w_high': True}",leading,lagging,101.13,100.65,1.42,2.85,True,False,2026-09-15 ratio=99.71 momentum=97.80; 2026-09-16 ratio=99.49 momentum=97.28; 2026-09-17 ratio=99.79 momentum=98.39; 2026-09-18 ratio=102.14 momentum=101.48; 2026-09-21 ratio=101.13 momentum=100.65,78.9
stock,Astral,ASTRAL.NS,Plastic Products - Industrial,Capital Goods,37430.69,0.29,120.2,48.21,1578.0,15.93,63.19,19.22,,not_stage_2,1,1381.6,1517.27,-1.43,0.05901,"{'price_above_30w_ma': False, '30w_ma_rising': False, 'price_above_10w_ma': False, 'relative_strength_positive': False, 'near_52w_high': True}",lagging,lagging,99.62,97.76,-0.13,0.77,False,False,2026-09-15 ratio=99.75 momentum=96.99; 2026-09-16 ratio=99.67 momentum=97.64; 2026-09-17 ratio=99.84 momentum=98.32; 2026-09-18 ratio=100.19 momentum=98.59; 2026-09-21 ratio=99.62 momentum=97.76,20.0
stock,Garware Hi Tech,GRWRHITECH.NS,Plastic Products - Industrial,Capital Goods,15191.99,0.18,132.65,59.78,633.08,27.9,39.17,18.08,,not_stage_2,3,6366.5,5746.9,6.3,0.27191,"{'price_above_30w_ma': True, '30w_ma_rising': True, 'price_above_10w_ma': False, 'relative_strength_positive': False, 'near_52w_high': True}",lagging,lagging,97.44,97.2,-1.35,-0.13,False,False,2026-09-15 ratio=98.79 momentum=97.33; 2026-09-16 ratio=97.33 momentum=96.54; 2026-09-17 ratio=97.87 momentum=96.96; 2026-09-18 ratio=99.38 momentum=98.54; 2026-09-21 ratio=97.44 momentum=97.20,72.6
stock,Finolex Inds.,FINPIPE.NS,Plastic Products - Industrial,Capital Goods,9567.77,1.3,114.52,16.67,883.58,-15.3,15.55,11.83,,not_stage_2,0,152.94,168.26,-2.25,0.00653,"{'price_above_30w_ma': False, '30w_ma_rising': False, 'price_above_10w_ma': False, 'relative_strength_positive': False, 'near_52w_high': False}",lagging,lagging,98.52,98.23,-0.25,-1.52,False,False,2026-09-15 ratio=98.77 momentum=99.75; 2026-09-16 ratio=98.54 momentum=99.91; 2026-09-17 ratio=99.49 momentum=101.06; 2026-09-18 ratio=99.43 momentum=100.27; 2026-09-21 ratio=98.52 momentum=98.23,0.0
stock,Time Technoplast,TIMETECHNO.NS,Plastic Products - Industrial,Capital Goods,8986.67,0.82,117.86,22.21,1692.71,25.14,18.35,16.52,,not_stage_2,1,180.59,183.01,-0.76,0.00771,"{'price_above_30w_ma': False, '30w_ma_rising': False, 'price_above_10w_ma': False, 'relative_strength_positive': False, 'near_52w_high': True}",lagging,lagging,99.05,98.29,0.07,0.56,False,False,2026-09-15 ratio=98.98 momentum=97.74; 2026-09-16 ratio=98.58 momentum=96.65; 2026-09-17 ratio=98.61 momentum=97.52; 2026-09-18 ratio=99.00 momentum=98.03; 2026-09-21 ratio=99.05 momentum=98.29,20.0
stock,Kingfa Science,KINGFA.NS,Plastic Products - Industrial,Capital Goods,8442.37,0.32,80.21,101.58,688.57,49.06,37.41,23.2,,stage_2,5,6168.5,5143.1,4.83,0.26345,"{'price_above_30w_ma': True, '30w_ma_rising': True, 'price_above_10w_ma': True, 'relative_strength_positive': True, 'near_52w_high': True}",weakening,weakening,101.32,99.74,0.34,3.01,False,False,2026-09-15 ratio=100.97 momentum=96.72; 2026-09-16 ratio=101.17 momentum=98.06; 2026-09-17 ratio=101.03 momentum=98.54; 2026-09-18 ratio=100.89 momentum=98.74; 2026-09-21 ratio=101.32 momentum=99.74,141.26
stock,Prince Pipes,PRINCEPIPE.NS,Plastic Products - Industrial,Capital Goods,2940.93,0.38,33.75,600.21,609.42,5.0,28.23,6.03,,not_stage_2,3,265.25,263.21,0.54,0.01133,"{'price_above_30w_ma': True, '30w_ma_rising': True, 'price_above_10w_ma': False, 'relative_strength_positive': False, 'near_52w_high': True}",lagging,lagging,99.87,98.61,0.29,2.09,False,False,2026-09-15 ratio=99.58 momentum=96.52; 2026-09-16 ratio=99.32 momentum=97.06; 2026-09-17 ratio=99.38 momentum=97.96; 2026-09-18 ratio=100.29 momentum=98.35; 2026-09-21 ratio=99.87 momentum=98.61,61.08
stock,Apollo Pipes,APOLLOPIPE.NS,Plastic Products - Industrial,Capital Goods,2297.37,0.13,-11.12,-205.28,295.43,7.43,,1.23,,not_stage_2,3,526.1,493.6,6.52,0.02247,"{'price_above_30w_ma': True, '30w_ma_rising': True, 'price_above_10w_ma': False, 'relative_strength_positive': False, 'near_52w_high': True}",weakening,lagging,100.15,97.59,0.15,1.68,False,False,2026-09-15 ratio=99.99 momentum=95.91; 2026-09-16 ratio=99.71 momentum=96.85; 2026-09-17 ratio=99.99 momentum=97.72; 2026-09-18 ratio=100.28 momentum=97.59; 2026-09-21 ratio=100.15 momentum=97.59,73.79
stock,Jain Irrigation,JISLJALEQS.NS,Plastic Products - Industrial,Capital Goods,2063.8,0.0,-17.8,-207.18,1508.37,-2.41,,5.3,,not_stage_2,1,28.93,31.18,-2.56,0.00124,"{'price_above_30w_ma': False, '30w_ma_rising': False, 'price_above_10w_ma': False, 'relative_strength_positive': True, 'near_52w_high': False}",leading,leading,101.38,102.71,0.95,0.86,False,False,2026-09-15 ratio=100.42 momentum=101.85; 2026-09-16 ratio=100.28 momentum=102.01; 2026-09-17 ratio=100.98 momentum=103.48; 2026-09-18 ratio=101.08 momentum=105.92; 2026-09-21 ratio=101.38 momentum=102.71,60.45
stock,Jai Corp,JAICORPLTD.NS,Plastic Products - Industrial,Capital Goods,1697.29,0.52,28.2,-72.91,157.58,20.06,17.97,11.75,,not_stage_2,0,94.25,106.53,-2.09,0.00403,"{'price_above_30w_ma': False, '30w_ma_rising': False, 'price_above_10w_ma': False, 'relative_strength_positive': False, 'near_52w_high': False}",lagging,lagging,98.89,98.94,0.47,0.77,False,False,2026-09-15 ratio=98.41 momentum=98.17; 2026-09-16 ratio=98.34 momentum=98.39; 2026-09-17 ratio=98.48 momentum=98.80; 2026-09-18 ratio=98.78 momentum=98.92; 2026-09-21 ratio=98.89 momentum=98.94,0.0
stock,Knowledge Realty,KRT.NS,Real Estate Investment Trusts (REITs),Realty,50467.86,1.5,250.8,,1243.06,,80.47,5.22,,insufficient_data,0,,,,,{},insufficient_data,insufficient_data,,,,,False,False,,0.0
stock,Embassy Off.REIT,EMBASSY.NS,Real Estate Investment Trusts (REITs),Realty,41459.02,0.05,195.22,25.81,1240.81,17.08,169.01,5.61,,stage_2,5,440.97,434.65,0.15,0.01883,"{'price_above_30w_ma': True, '30w_ma_rising': True, 'price_above_10w_ma': True, 'relative_strength_positive': True, 'near_52w_high': True}",leading,leading,101.36,102.11,-1.09,-0.91,False,False,2026-09-15 ratio=102.45 momentum=103.02; 2026-09-16 ratio=102.06 momentum=102.55; 2026-09-17 ratio=101.88 momentum=103.06; 2026-09-18 ratio=101.83 momentum=102.29; 2026-09-21 ratio=101.36 momentum=102.11,162.65
stock,Bagmane Prime REIT,BAGMANE.NS,Real Estate Investment Trusts (REITs),Realty,37495.2,1.36,58.51,-77.18,437.01,-29.88,,0.0,,insufficient_data,0,,,,,{},insufficient_data,insufficient_data,,,,,False,False,,0.0
stock,Mindspace Busine,MINDSPACE.NS,Real Estate Investment Trusts (REITs),Realty,33234.13,2.35,271.81,67.1,946.44,27.85,42.64,7.64,,stage_2,5,504.76,476.62,0.42,0.02156,"{'price_above_30w_ma': True, '30w_ma_rising': True, 'price_above_10w_ma': True, 'relative_strength_positive': True, 'near_52w_high': True}",leading,leading,102.29,100.26,-0.71,-3.98,False,False,2026-09-15 ratio=103.00 momentum=104.24; 2026-09-16 ratio=102.72 momentum=103.36; 2026-09-17 ratio=102.40 momentum=100.98; 2026-09-18 ratio=102.67 momentum=101.57; 2026-09-21 ratio=102.29 momentum=100.26,158.59
stock,Brookfield India,BIRET.NS,Real Estate Investment Trusts (REITs),Realty,28129.64,1.94,221.34,44.36,973.83,51.78,52.43,5.36,,not_stage_2,3,338.98,332.34,-0.73,0.01448,"{'price_above_30w_ma': True, '30w_ma_rising': False, 'price_above_10w_ma': False, 'relative_strength_positive': True, 'near_52w_high': True}",leading,leading,101.56,100.26,-1.0,-2.55,False,False,2026-09-15 ratio=102.57 momentum=102.81; 2026-09-16 ratio=102.92 momentum=103.20; 2026-09-17 ratio=102.14 momentum=101.68; 2026-09-18 ratio=101.74 momentum=100.34; 2026-09-21 ratio=101.56 momentum=100.26,89.1
stock,Nexus Select,NXST.NS,Real Estate Investment Trusts (REITs),Realty,25176.28,1.47,156.52,30.89,680.53,10.91,57.16,5.83,,stage_2,4,166.38,160.25,0.42,0.00711,"{'price_above_30w_ma': True, '30w_ma_rising': True, 'price_above_10w_ma': False, 'relative_strength_positive': True, 'near_52w_high': True}",leading,leading,101.33,101.16,-1.52,-1.44,False,False,2026-09-15 ratio=102.85 momentum=102.60; 2026-09-16 ratio=102.23 momentum=102.01; 2026-09-17 ratio=101.89 momentum=100.63; 2026-09-18 ratio=101.63 momentum=99.60; 2026-09-21 ratio=101.33 momentum=101.16,138.29
stock,Apcotex Industri,APCOTEXIND.NS,Rubber,Capital Goods,3164.62,1.31,78.94,312.0,525.63,39.88,19.65,19.8,,stage_2,5,609.45,502.64,6.89,0.02603,"{'price_above_30w_ma': True, '30w_ma_rising': True, 'price_above_10w_ma': True, 'relative_strength_positive': True, 'near_52w_high': True}",weakening,weakening,100.67,98.1,0.5,1.62,False,False,2026-09-15 ratio=100.17 momentum=96.47; 2026-09-16 ratio=100.18 momentum=97.25; 2026-09-17 ratio=100.57 momentum=98.55; 2026-09-18 ratio=100.64 momentum=97.19; 2026-09-21 ratio=100.67 momentum=98.10,142.13
stock,Pix Transmission,PIXTRANS.NS,Rubber,Capital Goods,2398.56,0.51,52.75,89.34,149.25,22.8,18.2,21.73,,stage_2,4,1733.0,1640.86,2.36,0.07401,"{'price_above_30w_ma': True, '30w_ma_rising': True, 'price_above_10w_ma': False, 'relative_strength_positive': True, 'near_52w_high': True}",lagging,weakening,99.74,98.45,-0.37,-0.73,False,False,2026-09-15 ratio=100.12 momentum=99.18; 2026-09-16 ratio=99.86 momentum=99.86; 2026-09-17 ratio=99.80 momentum=100.20; 2026-09-18 ratio=99.95 momentum=98.94; 2026-09-21 ratio=99.74 momentum=98.45,109.72
stock,Tinna Rubber,TINNARUBR.NS,Rubber,Capital Goods,1811.22,0.32,20.57,75.21,156.18,19.89,29.36,22.46,,not_stage_2,3,1008.1,865.27,4.72,0.04305,"{'price_above_30w_ma': True, '30w_ma_rising': True, 'price_above_10w_ma': False, 'relative_strength_positive': False, 'near_52w_high': True}",leading,lagging,100.09,100.18,0.81,1.09,True,False,2026-09-15 ratio=99.27 momentum=99.09; 2026-09-16 ratio=99.84 momentum=99.86; 2026-09-17 ratio=99.69 momentum=99.27; 2026-09-18 ratio=99.96 momentum=99.29; 2026-09-21 ratio=100.09 momentum=100.18,100.79
stock,GRP,GRPLTD.NS,Rubber,Capital Goods,1067.31,0.17,4.2,140.0,156.83,26.73,155.81,6.94,,stage_2,4,2000.0,1904.55,1.28,0.08542,"{'price_above_30w_ma': True, '30w_ma_rising': True, 'price_above_10w_ma': False, 'relative_strength_positive': True, 'near_52w_high': True}",weakening,leading,101.07,99.69,-1.46,-4.06,False,False,2026-09-15 ratio=102.53 momentum=103.75; 2026-09-16 ratio=101.28 momentum=99.85; 2026-09-17 ratio=101.03 momentum=99.64; 2026-09-18 ratio=101.48 momentum=101.24; 2026-09-21 ratio=101.07 momentum=99.69,112.91
stock,Rubfila Intl.,RUBFILA.NS,Rubber,Capital Goods,359.83,3.03,6.0,0.67,110.17,-10.71,13.66,12.59,,not_stage_2,1,66.97,70.3,-0.17,0.00286,"{'price_above_30w_ma': False, '30w_ma_rising': False, 'price_above_10w_ma': False, 'relative_strength_positive': False, 'near_52w_high': True}",lagging,lagging,99.94,99.58,1.4,0.49,False,False,2026-09-15 ratio=98.54 momentum=99.09; 2026-09-16 ratio=99.01 momentum=99.80; 2026-09-17 ratio=99.23 momentum=101.10; 2026-09-18 ratio=99.78 momentum=101.91; 2026-09-21 ratio=99.94 momentum=99.58,20.0
stock,Harri. Malayalam,HARRMALAYA.NS,Rubber,Capital Goods,327.18,0.0,3.93,-34.06,124.92,7.26,12.07,11.77,,not_stage_2,2,176.66,200.64,0.6,0.00754,"{'price_above_30w_ma': False, '30w_ma_rising': True, 'price_above_10w_ma': False, 'relative_strength_positive': False, 'near_52w_high': True}",lagging,lagging,98.38,97.48,-0.31,-0.88,False,False,2026-09-15 ratio=98.69 momentum=98.37; 2026-09-16 ratio=98.34 momentum=98.43; 2026-09-17 ratio=98.53 momentum=100.98; 2026-09-18 ratio=98.37 momentum=98.24; 2026-09-21 ratio=98.38 momentum=97.48,41.2
stock,Gayatri Rubbers,GRCL.NS,Rubber,Capital Goods,313.3,0.0,2.95,86.71,24.48,33.99,56.05,37.86,,stage_2,5,570.0,507.63,4.82,0.02434,"{'price_above_30w_ma': True, '30w_ma_rising': True, 'price_above_10w_ma': True, 'relative_strength_positive': True, 'near_52w_high': True}",leading,leading,100.88,101.81,0.04,-0.73,False,False,2026-09-15 ratio=100.84 momentum=102.53; 2026-09-16 ratio=100.83 momentum=101.61; 2026-09-17 ratio=100.63 momentum=99.86; 2026-09-18 ratio=100.60 momentum=101.30; 2026-09-21 ratio=100.88 momentum=101.81,168.09
stock,Elgi Rubber Co,ELGIRUBCO.NS,Rubber,Capital Goods,297.35,0.0,40.85,293.38,70.09,-18.1,,-12.92,,stage_2,5,59.77,52.12,5.03,0.00255,"{'price_above_30w_ma': True, '30w_ma_rising': True, 'price_above_10w_ma': True, 'relative_strength_positive': True, 'near_52w_high': True}",leading,lagging,101.22,100.87,1.61,2.19,True,False,2026-09-15 ratio=99.61 momentum=98.68; 2026-09-16 ratio=99.94 momentum=98.72; 2026-09-17 ratio=102.10 momentum=101.32; 2026-09-18 ratio=102.26 momentum=101.80; 2026-09-21 ratio=101.22 momentum=100.87,175.51
stock,Sampann Utpadan,SAMPANN.NS,Rubber,Capital Goods,124.77,0.0,2.05,12.02,41.7,27.6,17.82,8.3,,not_stage_2,0,24.1,27.35,-3.33,0.00103,"{'price_above_30w_ma': False, '30w_ma_rising': False, 'price_above_10w_ma': False, 'relative_strength_positive': False, 'near_52w_high': False}",lagging,lagging,98.58,99.63,0.0,0.66,False,False,2026-09-15 ratio=98.57 momentum=98.98; 2026-09-16 ratio=98.87 momentum=103.74; 2026-09-17 ratio=98.84 momentum=104.37; 2026-09-18 ratio=99.21 momentum=103.70; 2026-09-21 ratio=98.58 momentum=99.63,0.0
stock,Lead Reclaim,LRRPL.NS,Rubber,Capital Goods,82.56,0.0,3.1,219.59,17.92,-18.25,20.09,21.34,,stage_2,5,91.0,83.17,4.4,0.00389,"{'price_above_30w_ma': True, '30w_ma_rising': True, 'price_above_10w_ma': True, 'relative_strength_positive': True, 'near_52w_high': True}",leading,leading,102.23,103.49,0.65,1.61,False,False,2026-09-15 ratio=101.58 momentum=101.88; 2026-09-16 ratio=101.15 momentum=101.53; 2026-09-17 ratio=101.35 momentum=102.05; 2026-09-18 ratio=101.25 momentum=101.98; 2026-09-21 ratio=102.23 momentum=103.49,182.4
stock,KIOCL,KIOCL.NS,Sponge Iron,Metals & Mining,21203.93,0.0,-15.48,59.04,158.01,73.75,545.37,1.35,,not_stage_2,1,342.55,373.86,0.36,0.01463,"{'price_above_30w_ma': False, '30w_ma_rising': True, 'price_above_10w_ma': False, 'relative_strength_positive': False, 'near_52w_high': False}",lagging,lagging,98.28,98.08,0.23,0.65,False,False,2026-09-15 ratio=98.06 momentum=97.43; 2026-09-16 ratio=97.00 momentum=97.15; 2026-09-17 ratio=97.99 momentum=98.12; 2026-09-18 ratio=98.24 momentum=98.24; 2026-09-21 ratio=98.28 momentum=98.08,20.72
stock,S.A.L Steel,SALSTEEL.NS,Sponge Iron,Metals & Mining,1233.85,0.0,3.09,131.95,87.37,-31.57,,1.08,,stage_2,5,80.98,59.0,8.16,0.00346,"{'price_above_30w_ma': True, '30w_ma_rising': True, 'price_above_10w_ma': True, 'relative_strength_positive': True, 'near_52w_high': True}",weakening,weakening,101.51,98.73,0.77,1.52,False,False,2026-09-15 ratio=100.74 momentum=97.21; 2026-09-16 ratio=101.03 momentum=97.10; 2026-09-17 ratio=101.32 momentum=97.79; 2026-09-18 ratio=101.60 momentum=98.57; 2026-09-21 ratio=101.51 momentum=98.73,148.87
stock,Vraj Iron,VRAJ.NS,Sponge Iron,Metals & Mining,421.79,0.0,11.51,51.65,193.83,40.14,11.74,10.49,,not_stage_2,4,125.88,122.3,-0.45,0.00538,"{'price_above_30w_ma': True, '30w_ma_rising': False, 'price_above_10w_ma': True, 'relative_strength_positive': True, 'near_52w_high': True}",leading,leading,101.08,103.27,0.23,2.32,False,False,2026-09-15 ratio=100.85 momentum=100.95; 2026-09-16 ratio=100.29 momentum=100.03; 2026-09-17 ratio=100.50 momentum=101.39; 2026-09-18 ratio=101.03 momentum=102.54; 2026-09-21 ratio=101.08 momentum=103.27,121.75
stock,Chaman Metallics,CMNL.NS,Sponge Iron,Metals & Mining,273.81,0.0,-1.62,-78.12,344.75,326.41,,5.37,,stage_2,4,116.0,109.86,0.56,0.00495,"{'price_above_30w_ma': True, '30w_ma_rising': True, 'price_above_10w_ma': True, 'relative_strength_positive': True, 'near_52w_high': False}",weakening,weakening,100.74,97.64,-0.45,0.39,False,False,2026-09-15 ratio=101.18 momentum=97.25; 2026-09-16 ratio=101.39 momentum=99.06; 2026-09-17 ratio=101.29 momentum=96.94; 2026-09-18 ratio=100.81 momentum=94.33; 2026-09-21 ratio=100.74 momentum=97.64,109.82
stock,Vaswani Industri,VASWANI.NS,Sponge Iron,Metals & Mining,150.04,0.0,1.16,-78.79,117.79,3.07,,8.76,,not_stage_2,0,45.61,53.33,-3.09,0.00195,"{'price_above_30w_ma': False, '30w_ma_rising': False, 'price_above_10w_ma': False, 'relative_strength_positive': False, 'near_52w_high': False}",improving,lagging,99.11,101.99,0.5,3.58,False,True,2026-09-15 ratio=98.61 momentum=98.41; 2026-09-16 ratio=98.71 momentum=97.77; 2026-09-17 ratio=98.59 momentum=98.97; 2026-09-18 ratio=99.27 momentum=103.87; 2026-09-21 ratio=99.11 momentum=101.99,9.95
stock,Shri Hare-Krish.,SHKSIL.NS,Sponge Iron,Metals & Mining,65.05,0.0,1.55,-64.85,27.21,-35.63,10.49,7.76,,insufficient_data,0,,,,,{},insufficient_data,insufficient_data,,,,,False,False,,0.0
stock,DOMS Industries,DOMS.NS,Stationary,Fast Moving Consumer Goods,13006.94,0.17,45.28,-22.33,670.51,19.25,59.83,24.32,,not_stage_2,1,2098.8,2240.63,-1.32,0.08964,"{'price_above_30w_ma': False, '30w_ma_rising': False, 'price_above_10w_ma': False, 'relative_strength_positive': False, 'near_52w_high': True}",lagging,lagging,97.84,97.49,-1.54,-1.71,False,False,2026-09-15 ratio=99.37 momentum=99.20; 2026-09-16 ratio=98.35 momentum=97.46; 2026-09-17 ratio=99.16 momentum=99.38; 2026-09-18 ratio=98.61 momentum=98.22; 2026-09-21 ratio=97.84 momentum=97.49,20.0
stock,Navneet Educat.,NAVNETEDUL.NS,Stationary,Fast Moving Consumer Goods,2726.89,2.42,141.0,-16.66,788.0,-0.76,21.79,10.23,,not_stage_2,1,123.12,137.98,-2.49,0.00526,"{'price_above_30w_ma': False, '30w_ma_rising': False, 'price_above_10w_ma': False, 'relative_strength_positive': False, 'near_52w_high': True}",improving,lagging,99.28,100.77,0.29,3.72,False,True,2026-09-15 ratio=98.99 momentum=97.05; 2026-09-16 ratio=99.08 momentum=98.08; 2026-09-17 ratio=99.06 momentum=96.53; 2026-09-18 ratio=99.31 momentum=100.25; 2026-09-21 ratio=99.28 momentum=100.77,23.85
stock,Flair Writing,FLAIR.NS,Stationary,Fast Moving Consumer Goods,2548.81,0.42,29.08,-0.28,319.25,10.64,18.24,16.83,,not_stage_2,0,241.29,280.09,-3.38,0.01031,"{'price_above_30w_ma': False, '30w_ma_rising': False, 'price_above_10w_ma': False, 'relative_strength_positive': False, 'near_52w_high': False}",improving,lagging,99.28,101.43,0.56,2.84,False,True,2026-09-15 ratio=98.72 momentum=98.59; 2026-09-16 ratio=98.29 momentum=96.85; 2026-09-17 ratio=99.17 momentum=99.67; 2026-09-18 ratio=98.69 momentum=96.85; 2026-09-21 ratio=99.28 momentum=101.43,7.15
stock,Kokuyo Camlin,KOKUYOCMLN.NS,Stationary,Fast Moving Consumer Goods,769.48,0.39,7.3,-27.44,229.18,0.79,34.94,10.21,,not_stage_2,0,75.71,83.75,-1.13,0.00323,"{'price_above_30w_ma': False, '30w_ma_rising': False, 'price_above_10w_ma': False, 'relative_strength_positive': False, 'near_52w_high': False}",lagging,improving,98.61,97.2,-0.47,-4.52,False,False,2026-09-15 ratio=99.08 momentum=101.71; 2026-09-16 ratio=98.86 momentum=101.84; 2026-09-17 ratio=98.71 momentum=101.88; 2026-09-18 ratio=99.22 momentum=103.88; 2026-09-21 ratio=98.61 momentum=97.20,0.0
stock,Linc,LINC.NS,Stationary,Fast Moving Consumer Goods,564.54,1.6,5.1,-30.42,135.65,1.01,16.42,19.12,,not_stage_2,0,92.37,100.57,-2.01,0.00395,"{'price_above_30w_ma': False, '30w_ma_rising': False, 'price_above_10w_ma': False, 'relative_strength_positive': False, 'near_52w_high': False}",lagging,improving,98.92,99.72,-0.84,-2.74,False,False,2026-09-15 ratio=99.75 momentum=102.46; 2026-09-16 ratio=98.70 momentum=99.84; 2026-09-17 ratio=98.89 momentum=99.51; 2026-09-18 ratio=98.99 momentum=100.03; 2026-09-21 ratio=98.92 momentum=99.72,0.0
stock,Sundaram Multi.,SUNDARAM.NS,Stationary,Fast Moving Consumer Goods,55.44,0.0,0.32,138.89,49.6,21.99,15.79,4.22,,not_stage_2,0,1.17,1.3,-4.11,5e-05,"{'price_above_30w_ma': False, '30w_ma_rising': False, 'price_above_10w_ma': False, 'relative_strength_positive': False, 'near_52w_high': False}",lagging,lagging,99.47,97.81,-0.44,-1.95,False,False,2026-09-15 ratio=99.91 momentum=99.77; 2026-09-16 ratio=99.61 momentum=100.67; 2026-09-17 ratio=99.79 momentum=99.62; 2026-09-18 ratio=99.30 momentum=96.97; 2026-09-21 ratio=99.47 momentum=97.81,0.0
stock,Vasa Retail,VASA.NS,Stationary,Fast Moving Consumer Goods,2.13,0.0,-0.05,28.57,0.0,,,-1.93,,not_stage_2,0,3.55,4.44,-3.47,0.00015,"{'price_above_30w_ma': False, '30w_ma_rising': False, 'price_above_10w_ma': False, 'relative_strength_positive': False, 'near_52w_high': False}",improving,lagging,98.01,100.52,0.44,2.35,False,True,2026-09-15 ratio=97.57 momentum=98.17; 2026-09-16 ratio=97.69 momentum=101.91; 2026-09-17 ratio=97.82 momentum=101.04; 2026-09-18 ratio=97.92 momentum=100.65; 2026-09-21 ratio=98.01 momentum=100.52,2.6
stock,Indus Towers,INDUSTOWER.NS,Telecom - Infrastructure,Telecommunic ation,101676.16,3.64,1745.8,0.52,8431.1,4.64,14.21,19.48,,not_stage_2,2,382.1,407.19,-2.53,0.01632,"{'price_above_30w_ma': False, '30w_ma_rising': False, 'price_above_10w_ma': False, 'relative_strength_positive': True, 'near_52w_high': True}",leading,leading,100.32,101.52,-0.51,0.42,False,False,2026-09-15 ratio=100.83 momentum=101.10; 2026-09-16 ratio=100.37 momentum=102.17; 2026-09-17 ratio=100.79 momentum=101.87; 2026-09-18 ratio=100.23 momentum=101.50; 2026-09-21 ratio=100.32 momentum=101.52,69.2
stock,HFCL,HFCL.NS,Telecom - Infrastructure,Telecommunic ation,33408.23,0.09,245.64,809.06,1914.98,119.85,58.35,10.76,,stage_2,5,221.06,166.68,14.19,0.00944,"{'price_above_30w_ma': True, '30w_ma_rising': True, 'price_above_10w_ma': True, 'relative_strength_positive': True, 'near_52w_high': True}",weakening,weakening,100.01,98.71,-0.63,1.75,False,False,2026-09-15 ratio=100.63 momentum=96.97; 2026-09-16 ratio=100.04 momentum=97.91; 2026-09-17 ratio=99.81 momentum=98.72; 2026-09-18 ratio=100.13 momentum=99.64; 2026-09-21 ratio=100.01 momentum=98.71,153.43
stock,Pace Digitek,PACEDIGITK.NS,Telecom - Infrastructure,Telecommunic ation,3653.91,0.0,62.5,13.24,555.36,51.29,12.16,21.4,,not_stage_2,0,167.74,179.37,-1.44,0.00716,"{'price_above_30w_ma': False, '30w_ma_rising': False, 'price_above_10w_ma': False, 'relative_strength_positive': False, 'near_52w_high': False}",improving,improving,98.55,100.58,0.19,0.42,False,True,2026-09-15 ratio=98.36 momentum=100.17; 2026-09-16 ratio=98.33 momentum=102.37; 2026-09-17 ratio=98.43 momentum=103.34; 2026-09-18 ratio=98.62 momentum=102.69; 2026-09-21 ratio=98.55 momentum=100.58,2.9
stock,GTL Infra.,GTLINFRA.NS,Telecom - Infrastructure,Telecommunic ation,1447.35,0.0,69.39,129.86,327.31,-2.16,,,,not_stage_2,0,1.12,1.25,-0.27,5e-05,"{'price_above_30w_ma': False, '30w_ma_rising': False, 'price_above_10w_ma': False, 'relative_strength_positive': False, 'near_52w_high': False}",lagging,improving,98.54,99.34,-0.37,-0.99,False,False,2026-09-15 ratio=98.91 momentum=100.33; 2026-09-16 ratio=98.35 momentum=99.45; 2026-09-17 ratio=99.05 momentum=100.88; 2026-09-18 ratio=99.23 momentum=101.37; 2026-09-21 ratio=98.54 momentum=99.34,0.0
stock,Suyog Telematics,SUYOG.NS,Telecom - Infrastructure,Telecommunic ation,786.74,0.15,13.93,-18.11,65.27,2.16,13.29,14.42,,not_stage_2,1,644.65,764.87,0.34,0.02753,"{'price_above_30w_ma': False, '30w_ma_rising': True, 'price_above_10w_ma': False, 'relative_strength_positive': False, 'near_52w_high': False}",lagging,lagging,98.22,99.47,0.32,0.19,False,False,2026-09-15 ratio=97.90 momentum=99.28; 2026-09-16 ratio=98.18 momentum=100.42; 2026-09-17 ratio=98.34 momentum=100.78; 2026-09-18 ratio=98.17 momentum=98.93; 2026-09-21 ratio=98.22 momentum=99.47,20.68
stock,Sar Televenture,SARTELE.NS,Telecom - Infrastructure,Telecommunic ation,416.48,0.0,36.23,25.49,280.35,35.3,5.8,8.84,,not_stage_2,0,75.85,132.86,-12.03,0.00324,"{'price_above_30w_ma': False, '30w_ma_rising': False, 'price_above_10w_ma': False, 'relative_strength_positive': False, 'near_52w_high': False}",lagging,lagging,98.03,98.47,-0.02,-0.09,False,False,2026-09-15 ratio=98.05 momentum=98.56; 2026-09-16 ratio=97.86 momentum=98.63; 2026-09-17 ratio=98.29 momentum=100.78; 2026-09-18 ratio=98.07 momentum=98.32; 2026-09-21 ratio=98.03 momentum=98.47,0.0
stock,Rama Telecom,RTL.NS,Telecom - Infrastructure,Telecommunic ation,108.89,0.0,0.48,-86.7,27.75,18.69,37.42,11.89,,insufficient_data,0,,,,,{},insufficient_data,insufficient_data,,,,,False,False,,0.0
stock,Kore Digital,KDL.NS,Telecom - Infrastructure,Telecommunic ation,77.01,0.0,11.91,-51.61,150.42,-36.24,2.1,38.1,,not_stage_2,0,67.4,118.17,-6.02,0.00288,"{'price_above_30w_ma': False, '30w_ma_rising': False, 'price_above_10w_ma': False, 'relative_strength_positive': False, 'near_52w_high': False}",lagging,improving,97.62,97.25,-1.51,-4.96,False,False,2026-09-15 ratio=99.14 momentum=102.21; 2026-09-16 ratio=99.03 momentum=101.79; 2026-09-17 ratio=99.03 momentum=102.53; 2026-09-18 ratio=98.23 momentum=98.15; 2026-09-21 ratio=97.62 momentum=97.25,0.0
