level,name,symbol,parent,sector,market_cap_cr,dividend_yield_pct,np_qtr_cr,qtr_profit_var_pct,sales_qtr_cr,qtr_sales_var_pct,pe,roce,error,stage,stage2_score,close,weekly_ma,weekly_ma_slope_4w_pct,rs_vs_benchmark,checks,rrg_quadrant,rrg_quadrant_5d_ago,rs_ratio,rs_momentum,rs_ratio_5d_delta,rs_momentum_5d_delta,moving_to_leading,improving_toward_leading,rrg_tail,stock_score
stock,Bajaj Auto,BAJAJ-AUTO.NS,2/3 Wheelers,Automobile and Auto Components,271534.79,1.52,3188.75,45.93,21688.83,65.14,23.04,28.24,,not_stage_2,2,10017.0,10488.03,1.38,0.4398,"{'price_above_30w_ma': False, '30w_ma_rising': True, 'price_above_10w_ma': False, 'relative_strength_positive': False, 'near_52w_high': True}",lagging,lagging,97.03,97.52,-2.4,1.01,False,False,2026-09-29 ratio=99.43 momentum=96.51; 2026-09-30 ratio=99.64 momentum=96.53; 2026-10-01 ratio=97.04 momentum=96.26; 2026-10-05 ratio=97.07 momentum=97.26; 2026-10-06 ratio=97.03 momentum=97.52,42.76
stock,Eicher Motors,EICHERMOT.NS,2/3 Wheelers,Automobile and Auto Components,191094.21,1.18,1462.51,21.35,6632.42,31.55,32.85,30.53,,not_stage_2,1,7051.0,7372.12,-0.66,0.30958,"{'price_above_30w_ma': False, '30w_ma_rising': False, 'price_above_10w_ma': False, 'relative_strength_positive': False, 'near_52w_high': True}",lagging,lagging,97.65,96.92,-0.6,-0.14,False,False,2026-09-29 ratio=98.26 momentum=97.06; 2026-09-30 ratio=98.29 momentum=96.98; 2026-10-01 ratio=97.13 momentum=96.27; 2026-10-05 ratio=97.77 momentum=97.05; 2026-10-06 ratio=97.65 momentum=96.92,20.0
stock,TVS Motor Co.,TVSMOTOR.NS,2/3 Wheelers,Automobile and Auto Components,186191.81,0.31,1057.61,67.11,16295.52,33.46,53.82,17.37,,not_stage_2,3,3981.0,3786.1,1.37,0.17479,"{'price_above_30w_ma': True, '30w_ma_rising': True, 'price_above_10w_ma': False, 'relative_strength_positive': False, 'near_52w_high': True}",lagging,leading,99.36,97.2,-1.33,-4.83,False,False,2026-09-29 ratio=100.69 momentum=102.03; 2026-09-30 ratio=100.95 momentum=103.97; 2026-10-01 ratio=100.50 momentum=100.42; 2026-10-05 ratio=100.34 momentum=98.51; 2026-10-06 ratio=99.36 momentum=97.20,62.74
stock,Hero Motocorp,HEROMOTOCO.NS,2/3 Wheelers,Automobile and Auto Components,100154.6,3.7,1417.93,-17.18,13126.35,34.94,18.09,35.22,,not_stage_2,1,5075.0,5182.68,-0.64,0.22282,"{'price_above_30w_ma': False, '30w_ma_rising': False, 'price_above_10w_ma': False, 'relative_strength_positive': False, 'near_52w_high': True}",lagging,leading,99.17,97.05,-1.07,-3.46,False,False,2026-09-29 ratio=100.24 momentum=100.50; 2026-09-30 ratio=100.49 momentum=101.07; 2026-10-01 ratio=100.30 momentum=99.18; 2026-10-05 ratio=99.63 momentum=98.19; 2026-10-06 ratio=99.17 momentum=97.05,20.0
stock,Ather Energy,ATHERENERG.NS,2/3 Wheelers,Automobile and Auto Components,57483.96,0.0,-50.87,71.46,1216.92,88.79,,-19.77,,not_stage_2,3,1446.0,1167.05,10.03,0.06349,"{'price_above_30w_ma': True, '30w_ma_rising': True, 'price_above_10w_ma': False, 'relative_strength_positive': False, 'near_52w_high': True}",weakening,weakening,100.14,96.23,0.12,-0.82,False,False,2026-09-29 ratio=100.01 momentum=97.04; 2026-09-30 ratio=100.15 momentum=97.62; 2026-10-01 ratio=100.08 momentum=97.89; 2026-10-05 ratio=100.01 momentum=95.75; 2026-10-06 ratio=100.14 momentum=96.23,80.76
stock,Ola Electric,OLAELEC.NS,2/3 Wheelers,Automobile and Auto Components,16810.38,0.0,-336.0,21.5,455.0,-45.05,,-19.87,,not_stage_2,1,35.96,37.91,4.5,0.00158,"{'price_above_30w_ma': False, '30w_ma_rising': True, 'price_above_10w_ma': False, 'relative_strength_positive': False, 'near_52w_high': False}",lagging,leading,99.44,99.92,-1.18,-0.09,False,False,2026-09-29 ratio=100.62 momentum=100.01; 2026-09-30 ratio=100.37 momentum=100.32; 2026-10-01 ratio=100.68 momentum=100.84; 2026-10-05 ratio=100.21 momentum=100.87; 2026-10-06 ratio=99.44 momentum=99.92,29.0
stock,Ebix,EBIX.NS,2/3 Wheelers,Automobile and Auto Components,368.35,0.0,82.0,92.94,573.24,-5.08,,10.05,,insufficient_data,0,,,,,{},insufficient_data,insufficient_data,,,,,False,False,,0.0
stock,Wardwizard Inno.,WARDINMOBI.NS,2/3 Wheelers,Automobile and Auto Components,154.92,0.0,0.19,-83.04,61.64,91.01,151.89,7.04,,insufficient_data,0,,,,,{},insufficient_data,insufficient_data,,,,,False,False,,0.0
stock,Tunwal E-Motors,TUNWAL.NS,2/3 Wheelers,Automobile and Auto Components,148.56,0.39,4.23,-34.72,132.45,27.15,11.67,13.28,,not_stage_2,2,26.1,28.37,-2.05,0.00115,"{'price_above_30w_ma': False, '30w_ma_rising': False, 'price_above_10w_ma': True, 'relative_strength_positive': True, 'near_52w_high': False}",leading,leading,102.23,102.17,-0.33,-0.72,False,False,2026-09-29 ratio=102.56 momentum=102.89; 2026-09-30 ratio=102.72 momentum=103.12; 2026-10-01 ratio=102.93 momentum=102.08; 2026-10-05 ratio=103.00 momentum=101.75; 2026-10-06 ratio=102.23 momentum=102.17,82.0
stock,Delta Auto.,DELTIC.NS,2/3 Wheelers,Automobile and Auto Components,53.51,0.0,3.1,-47.28,37.54,-28.28,8.79,11.35,,insufficient_data,0,,,,,{},insufficient_data,insufficient_data,,,,,False,False,,0.0
stock,Carborundum Uni.,CARBORUNIV.NS,Abrasives & Bearings,Capital Goods,23933.27,0.32,80.34,23.44,1426.63,17.03,95.44,10.52,,stage_2,5,1269.6,1061.93,5.59,0.05574,"{'price_above_30w_ma': True, '30w_ma_rising': True, 'price_above_10w_ma': True, 'relative_strength_positive': True, 'near_52w_high': True}",weakening,leading,102.1,98.49,0.15,-3.53,False,False,2026-09-29 ratio=101.95 momentum=102.02; 2026-09-30 ratio=102.52 momentum=102.81; 2026-10-01 ratio=102.31 momentum=102.02; 2026-10-05 ratio=102.37 momentum=100.56; 2026-10-06 ratio=102.10 momentum=98.49,146.68
stock,Timken India,TIMKEN.NS,Abrasives & Bearings,Capital Goods,23553.28,0.08,115.13,10.47,929.09,14.87,57.55,18.26,,not_stage_2,2,3156.9,3358.02,-0.86,0.13861,"{'price_above_30w_ma': False, '30w_ma_rising': False, 'price_above_10w_ma': False, 'relative_strength_positive': True, 'near_52w_high': True}",leading,weakening,101.2,101.39,0.49,2.47,True,False,2026-09-29 ratio=100.71 momentum=98.92; 2026-09-30 ratio=101.36 momentum=98.45; 2026-10-01 ratio=101.20 momentum=99.60; 2026-10-05 ratio=101.32 momentum=101.49; 2026-10-06 ratio=101.20 momentum=101.39,82.95
stock,Grindwell Norton,GRINDWELL.NS,Abrasives & Bearings,Capital Goods,22351.55,0.94,115.31,22.3,803.3,14.19,51.23,21.18,,stage_2,5,2033.1,1884.67,2.8,0.08926,"{'price_above_30w_ma': True, '30w_ma_rising': True, 'price_above_10w_ma': True, 'relative_strength_positive': True, 'near_52w_high': True}",leading,leading,101.83,102.4,1.78,-0.5,False,False,2026-09-29 ratio=100.05 momentum=102.90; 2026-09-30 ratio=101.65 momentum=104.04; 2026-10-01 ratio=101.56 momentum=103.83; 2026-10-05 ratio=101.76 momentum=103.62; 2026-10-06 ratio=101.83 momentum=102.40,171.75
stock,SKF India Indus.,SKFINDUS.NS,Abrasives & Bearings,Capital Goods,13558.51,0.73,61.92,-13.84,970.77,18.3,35.27,29.89,,stage_2,4,2774.6,2554.8,2.44,0.12182,"{'price_above_30w_ma': True, '30w_ma_rising': True, 'price_above_10w_ma': False, 'relative_strength_positive': True, 'near_52w_high': True}",weakening,weakening,100.48,98.72,-0.23,-0.32,False,False,2026-09-29 ratio=100.71 momentum=99.04; 2026-09-30 ratio=100.62 momentum=97.39; 2026-10-01 ratio=100.53 momentum=97.44; 2026-10-05 ratio=100.37 momentum=96.33; 2026-10-06 ratio=100.48 momentum=98.72,112.28
stock,SKF India,SKFINDIA.NS,Abrasives & Bearings,Capital Goods,7071.69,2.8,61.84,32.31,587.79,27.09,47.62,13.33,,not_stage_2,0,1461.9,1587.21,-1.37,0.06419,"{'price_above_30w_ma': False, '30w_ma_rising': False, 'price_above_10w_ma': False, 'relative_strength_positive': False, 'near_52w_high': False}",lagging,leading,99.86,98.4,-1.28,-2.86,False,False,2026-09-29 ratio=101.14 momentum=101.26; 2026-09-30 ratio=101.15 momentum=99.45; 2026-10-01 ratio=100.14 momentum=97.49; 2026-10-05 ratio=99.84 momentum=97.10; 2026-10-06 ratio=99.86 momentum=98.40,0.0
stock,Wendt India,WENDT.NS,Abrasives & Bearings,Capital Goods,1596.52,0.38,6.18,63.49,71.28,36.63,94.19,7.82,,stage_2,4,8097.5,7622.53,3.18,0.35553,"{'price_above_30w_ma': True, '30w_ma_rising': True, 'price_above_10w_ma': False, 'relative_strength_positive': True, 'near_52w_high': True}",weakening,weakening,100.45,97.15,-0.9,0.26,False,False,2026-09-29 ratio=101.35 momentum=96.89; 2026-09-30 ratio=101.29 momentum=96.67; 2026-10-01 ratio=100.86 momentum=95.24; 2026-10-05 ratio=100.46 momentum=95.50; 2026-10-06 ratio=100.45 momentum=97.15,113.61
stock,SKP Bearing,SKP.NS,Abrasives & Bearings,Capital Goods,284.19,0.0,0.04,-89.47,22.11,-0.05,481.68,11.38,,stage_2,4,170.0,157.56,0.4,0.00746,"{'price_above_30w_ma': True, '30w_ma_rising': True, 'price_above_10w_ma': True, 'relative_strength_positive': True, 'near_52w_high': False}",leading,weakening,101.92,101.63,-0.09,1.72,False,False,2026-09-29 ratio=102.01 momentum=99.90; 2026-09-30 ratio=101.84 momentum=101.53; 2026-10-01 ratio=101.59 momentum=102.06; 2026-10-05 ratio=101.64 momentum=101.39; 2026-10-06 ratio=101.92 momentum=101.63,143.55
stock,NRB Indl Bearing,NIBL.NS,Abrasives & Bearings,Capital Goods,76.49,0.0,-6.59,-29.47,18.9,1.89,,-18.17,,not_stage_2,3,31.22,31.29,0.11,0.00137,"{'price_above_30w_ma': False, '30w_ma_rising': True, 'price_above_10w_ma': False, 'relative_strength_positive': True, 'near_52w_high': True}",leading,leading,100.15,104.92,-0.1,4.03,False,False,2026-09-29 ratio=100.25 momentum=100.89; 2026-09-30 ratio=100.52 momentum=101.78; 2026-10-01 ratio=100.40 momentum=102.11; 2026-10-05 ratio=100.33 momentum=102.08; 2026-10-06 ratio=100.15 momentum=104.92,105.57
stock,Signpost India,SIGNPOST.NS,Advertising & Media Agencies,"Media, Entertainment & Publication",1428.7,0.19,18.69,22.32,152.26,10.61,19.46,25.13,,not_stage_2,3,262.1,269.18,1.21,0.01151,"{'price_above_30w_ma': False, '30w_ma_rising': True, 'price_above_10w_ma': False, 'relative_strength_positive': True, 'near_52w_high': True}",leading,improving,100.39,102.73,0.41,1.87,True,False,2026-09-29 ratio=99.99 momentum=100.86; 2026-09-30 ratio=100.36 momentum=102.77; 2026-10-01 ratio=100.37 momentum=103.80; 2026-10-05 ratio=100.41 momentum=101.94; 2026-10-06 ratio=100.39 momentum=102.73,108.02
stock,R K Swamy,RKSWAMY.NS,Advertising & Media Agencies,"Media, Entertainment & Publication",446.04,2.27,3.47,20.91,83.62,7.8,18.24,12.26,,not_stage_2,0,87.87,93.82,-1.54,0.00386,"{'price_above_30w_ma': False, '30w_ma_rising': False, 'price_above_10w_ma': False, 'relative_strength_positive': False, 'near_52w_high': False}",improving,improving,99.23,101.81,-0.34,0.14,False,False,2026-09-29 ratio=99.57 momentum=101.67; 2026-09-30 ratio=99.85 momentum=102.71; 2026-10-01 ratio=99.15 momentum=101.65; 2026-10-05 ratio=98.96 momentum=100.59; 2026-10-06 ratio=99.23 momentum=101.81,9.05
stock,Simca Advertis.,SIMCA.NS,Advertising & Media Agencies,"Media, Entertainment & Publication",385.43,0.0,9.04,1164.71,78.51,107.37,23.07,109.69,,insufficient_data,0,,,,,{},insufficient_data,insufficient_data,,,,,False,False,,0.0
stock,Vertoz,VERTOZ.NS,Advertising & Media Agencies,"Media, Entertainment & Publication",281.77,0.3,7.36,5.02,81.64,15.82,10.68,14.16,,not_stage_2,0,33.52,40.15,-2.45,0.00147,"{'price_above_30w_ma': False, '30w_ma_rising': False, 'price_above_10w_ma': False, 'relative_strength_positive': False, 'near_52w_high': False}",lagging,weakening,98.98,96.88,-1.4,0.39,False,False,2026-09-29 ratio=100.39 momentum=96.49; 2026-09-30 ratio=100.42 momentum=94.75; 2026-10-01 ratio=100.62 momentum=98.86; 2026-10-05 ratio=99.91 momentum=96.64; 2026-10-06 ratio=98.98 momentum=96.88,0.0
stock,Yaap Digital,YAAP.NS,Advertising & Media Agencies,"Media, Entertainment & Publication",257.26,0.0,19.0,84.08,135.66,28.14,16.27,28.46,,insufficient_data,0,,,,,{},insufficient_data,insufficient_data,,,,,False,False,,0.0
stock,Cash UR Drive,CUDML.NS,Advertising & Media Agencies,"Media, Entertainment & Publication",177.6,0.0,18.52,94.54,108.79,43.71,6.9,37.56,,insufficient_data,0,,,,,{},insufficient_data,insufficient_data,,,,,False,False,,0.0
stock,Pramara Promotio,PRAMARA.NS,Advertising & Media Agencies,"Media, Entertainment & Publication",150.6,0.0,3.91,5.96,59.27,6.49,15.0,14.95,,not_stage_2,2,104.45,190.2,-15.36,0.00459,"{'price_above_30w_ma': False, '30w_ma_rising': False, 'price_above_10w_ma': True, 'relative_strength_positive': True, 'near_52w_high': False}",leading,leading,100.12,103.03,-0.6,0.17,False,False,2026-09-29 ratio=100.72 momentum=102.86; 2026-09-30 ratio=100.33 momentum=102.28; 2026-10-01 ratio=99.98 momentum=102.24; 2026-10-05 ratio=99.89 momentum=102.32; 2026-10-06 ratio=100.12 momentum=103.03,75.75
stock,Digicontent,DGCONTENT.NS,Advertising & Media Agencies,"Media, Entertainment & Publication",143.25,0.0,-1.93,17.17,123.3,11.63,8.41,23.95,,not_stage_2,2,24.73,26.18,-0.73,0.00109,"{'price_above_30w_ma': False, '30w_ma_rising': False, 'price_above_10w_ma': True, 'relative_strength_positive': True, 'near_52w_high': False}",leading,leading,101.55,101.16,-1.92,-2.28,False,False,2026-09-29 ratio=103.47 momentum=103.44; 2026-09-30 ratio=103.41 momentum=102.66; 2026-10-01 ratio=103.26 momentum=102.25; 2026-10-05 ratio=102.18 momentum=101.04; 2026-10-06 ratio=101.55 momentum=101.16,73.55
stock,Value 360 Commu.,VALUE360.NS,Advertising & Media Agencies,"Media, Entertainment & Publication",118.82,0.0,4.99,131.34,35.84,16.97,11.98,38.64,,insufficient_data,0,,,,,{},insufficient_data,insufficient_data,,,,,False,False,,0.0
stock,Crayons Advertis,CRAYONS.NS,Advertising & Media Agencies,"Media, Entertainment & Publication",57.41,0.0,0.68,-94.03,171.88,26.88,16.77,5.53,,not_stage_2,0,23.95,29.16,-6.08,0.00105,"{'price_above_30w_ma': False, '30w_ma_rising': False, 'price_above_10w_ma': False, 'relative_strength_positive': False, 'near_52w_high': False}",improving,leading,99.49,101.23,-0.68,-0.9,False,False,2026-09-29 ratio=100.17 momentum=102.12; 2026-09-30 ratio=100.27 momentum=102.58; 2026-10-01 ratio=101.06 momentum=103.25; 2026-10-05 ratio=99.77 momentum=101.61; 2026-10-06 ratio=99.49 momentum=101.23,6.15
stock,Hind.Aeronautics,HAL.NS,Aerospace & Defense,Capital Goods,317288.91,0.95,1589.66,14.88,5515.17,14.45,34.04,31.97,,stage_2,4,4816.0,4481.03,2.28,0.21145,"{'price_above_30w_ma': True, '30w_ma_rising': True, 'price_above_10w_ma': False, 'relative_strength_positive': True, 'near_52w_high': True}",leading,lagging,101.37,101.33,1.49,3.89,True,False,2026-09-29 ratio=99.87 momentum=97.44; 2026-09-30 ratio=100.71 momentum=100.53; 2026-10-01 ratio=100.51 momentum=98.72; 2026-10-05 ratio=100.82 momentum=99.87; 2026-10-06 ratio=101.37 momentum=101.33,153.06
stock,Bharat Electron,BEL.NS,Aerospace & Defense,Capital Goods,276528.93,0.66,1054.53,8.7,5546.98,24.94,44.99,36.44,,not_stage_2,2,387.4,413.76,-1.87,0.01701,"{'price_above_30w_ma': False, '30w_ma_rising': False, 'price_above_10w_ma': False, 'relative_strength_positive': True, 'near_52w_high': True}",weakening,leading,100.5,99.62,-0.17,-4.38,False,False,2026-09-29 ratio=100.67 momentum=103.99; 2026-09-30 ratio=100.88 momentum=106.38; 2026-10-01 ratio=100.68 momentum=100.93; 2026-10-05 ratio=100.62 momentum=102.84; 2026-10-06 ratio=100.50 momentum=99.62,42.5
stock,Bharat Dynamics,BDL.NS,Aerospace & Defense,Capital Goods,39800.93,0.45,118.79,547.36,572.24,130.81,76.43,13.86,,not_stage_2,0,1101.8,1277.2,-1.84,0.04838,"{'price_above_30w_ma': False, '30w_ma_rising': False, 'price_above_10w_ma': False, 'relative_strength_positive': False, 'near_52w_high': False}",lagging,improving,98.54,99.18,0.5,-1.21,False,False,2026-09-29 ratio=98.05 momentum=100.39; 2026-09-30 ratio=98.64 momentum=102.46; 2026-10-01 ratio=98.48 momentum=100.69; 2026-10-05 ratio=98.57 momentum=97.07; 2026-10-06 ratio=98.54 momentum=99.18,0.0
stock,Garden Reach Sh.,GRSE.NS,Aerospace & Defense,Capital Goods,24076.02,0.93,172.84,43.82,1814.62,38.53,30.07,42.82,,not_stage_2,0,2137.3,2570.43,-0.98,0.09384,"{'price_above_30w_ma': False, '30w_ma_rising': False, 'price_above_10w_ma': False, 'relative_strength_positive': False, 'near_52w_high': False}",lagging,lagging,97.5,99.04,0.16,-0.34,False,False,2026-09-29 ratio=97.33 momentum=99.39; 2026-09-30 ratio=97.38 momentum=100.91; 2026-10-01 ratio=97.05 momentum=99.16; 2026-10-05 ratio=97.20 momentum=97.12; 2026-10-06 ratio=97.50 momentum=99.04,0.0
stock,Data Pattern,DATAPATTNS.NS,Aerospace & Defense,Capital Goods,23693.09,0.24,22.06,-13.49,116.03,16.81,87.67,21.92,,not_stage_2,3,4299.2,4181.04,3.79,0.18876,"{'price_above_30w_ma': True, '30w_ma_rising': True, 'price_above_10w_ma': False, 'relative_strength_positive': False, 'near_52w_high': True}",lagging,lagging,99.89,97.59,0.38,-0.31,False,False,2026-09-29 ratio=99.51 momentum=97.90; 2026-09-30 ratio=99.95 momentum=100.03; 2026-10-01 ratio=99.98 momentum=99.14; 2026-10-05 ratio=99.70 momentum=97.00; 2026-10-06 ratio=99.89 momentum=97.59,67.58
stock,Sigma Advanced System,SIGMAADV.NS,Aerospace & Defense,Capital Goods,20732.65,0.0,35.41,-81.87,374.28,7083.88,124.67,11.74,,stage_2,5,1119.4,537.34,26.37,0.04915,"{'price_above_30w_ma': True, '30w_ma_rising': True, 'price_above_10w_ma': True, 'relative_strength_positive': True, 'near_52w_high': True}",leading,leading,102.44,100.54,0.23,-2.03,False,False,2026-09-29 ratio=102.21 momentum=102.57; 2026-09-30 ratio=102.45 momentum=103.54; 2026-10-01 ratio=102.68 momentum=102.48; 2026-10-05 ratio=102.77 momentum=102.81; 2026-10-06 ratio=102.44 momentum=100.54,212.64
stock,Aequs,AEQUS.NS,Aerospace & Defense,Capital Goods,19369.23,0.0,-53.23,-1457.91,395.55,54.77,,1.69,,stage_2,5,286.1,212.44,8.48,0.01256,"{'price_above_30w_ma': True, '30w_ma_rising': True, 'price_above_10w_ma': True, 'relative_strength_positive': True, 'near_52w_high': True}",leading,leading,102.77,102.99,-0.76,-0.24,False,False,2026-09-29 ratio=103.53 momentum=103.23; 2026-09-30 ratio=103.59 momentum=103.38; 2026-10-01 ratio=103.05 momentum=102.49; 2026-10-05 ratio=103.14 momentum=102.63; 2026-10-06 ratio=102.77 momentum=102.99,190.76
stock,Astra Microwave,ASTRAMICRO.NS,Aerospace & Defense,Capital Goods,16149.68,0.14,12.35,-24.09,176.66,-11.55,85.43,20.28,,stage_2,5,1705.9,1472.34,6.51,0.0749,"{'price_above_30w_ma': True, '30w_ma_rising': True, 'price_above_10w_ma': True, 'relative_strength_positive': True, 'near_52w_high': True}",leading,leading,101.75,102.12,1.1,-1.5,False,False,2026-09-29 ratio=100.65 momentum=103.62; 2026-09-30 ratio=100.47 momentum=102.09; 2026-10-01 ratio=100.52 momentum=102.46; 2026-10-05 ratio=100.91 momentum=102.19; 2026-10-06 ratio=101.75 momentum=102.12,177.37
stock,Apollo Micro Sys,APOLLO.NS,Aerospace & Defense,Capital Goods,15415.87,0.06,25.21,45.38,251.29,88.12,127.07,14.53,,stage_2,5,408.05,356.94,6.75,0.01792,"{'price_above_30w_ma': True, '30w_ma_rising': True, 'price_above_10w_ma': True, 'relative_strength_positive': True, 'near_52w_high': True}",leading,leading,101.82,105.22,-0.11,4.06,False,False,2026-09-29 ratio=101.93 momentum=101.16; 2026-09-30 ratio=101.97 momentum=102.68; 2026-10-01 ratio=101.54 momentum=101.89; 2026-10-05 ratio=101.78 momentum=104.76; 2026-10-06 ratio=101.82 momentum=105.22,193.7
stock,Zen Technologies,ZENTEC.NS,Aerospace & Defense,Capital Goods,14269.01,0.06,31.85,-23.2,141.64,-10.48,78.53,16.18,,not_stage_2,2,1614.3,1688.48,2.19,0.07088,"{'price_above_30w_ma': False, '30w_ma_rising': True, 'price_above_10w_ma': False, 'relative_strength_positive': False, 'near_52w_high': True}",lagging,improving,99.37,99.16,-0.01,-3.16,False,False,2026-09-29 ratio=99.38 momentum=102.31; 2026-09-30 ratio=99.31 momentum=100.01; 2026-10-01 ratio=99.16 momentum=97.79; 2026-10-05 ratio=99.36 momentum=98.88; 2026-10-06 ratio=99.37 momentum=99.16,44.38
stock,Hindalco Inds.,HINDALCO.NS,Aluminium,Metals & Mining,204819.29,0.55,7013.0,116.7,84825.0,32.06,9.83,13.21,,not_stage_2,2,940.5,999.36,0.39,0.04129,"{'price_above_30w_ma': False, '30w_ma_rising': True, 'price_above_10w_ma': False, 'relative_strength_positive': False, 'near_52w_high': True}",lagging,leading,99.24,97.79,-0.82,-2.6,False,False,2026-09-29 ratio=100.06 momentum=100.39; 2026-09-30 ratio=99.69 momentum=98.12; 2026-10-01 ratio=99.94 momentum=98.58; 2026-10-05 ratio=99.57 momentum=97.44; 2026-10-06 ratio=99.24 momentum=97.79,40.78
stock,Vedanta Aluminium Metal,VAML.NS,Aluminium,Metals & Mining,154107.71,2.03,6597.0,216.06,21393.0,45.99,9.74,,,insufficient_data,0,,,,,{},improving,leading,98.37,100.07,-3.16,-3.09,False,False,2026-09-29 ratio=101.53 momentum=103.16; 2026-09-30 ratio=99.62 momentum=101.50; 2026-10-01 ratio=98.98 momentum=101.58; 2026-10-05 ratio=98.24 momentum=99.56; 2026-10-06 ratio=98.37 momentum=100.07,0.35
stock,Natl. Aluminium,NATIONALUM.NS,Aluminium,Metals & Mining,59089.83,3.58,2003.14,90.87,5302.38,39.28,8.75,39.59,,not_stage_2,1,337.25,378.42,-0.86,0.01481,"{'price_above_30w_ma': False, '30w_ma_rising': False, 'price_above_10w_ma': False, 'relative_strength_positive': False, 'near_52w_high': True}",lagging,lagging,98.95,98.38,-0.79,-1.21,False,False,2026-09-29 ratio=99.74 momentum=99.59; 2026-09-30 ratio=99.43 momentum=97.78; 2026-10-01 ratio=99.20 momentum=97.69; 2026-10-05 ratio=99.37 momentum=99.41; 2026-10-06 ratio=98.95 momentum=98.38,20.0
stock,Arfin India,ARFIN.NS,Aluminium,Metals & Mining,1734.71,0.12,3.53,246.08,207.96,91.23,107.68,13.96,,stage_2,5,96.36,88.99,2.64,0.00423,"{'price_above_30w_ma': True, '30w_ma_rising': True, 'price_above_10w_ma': True, 'relative_strength_positive': True, 'near_52w_high': True}",leading,leading,102.97,102.1,1.54,-0.56,False,False,2026-09-29 ratio=101.43 momentum=102.66; 2026-09-30 ratio=101.71 momentum=110.08; 2026-10-01 ratio=101.35 momentum=100.30; 2026-10-05 ratio=101.26 momentum=98.00; 2026-10-06 ratio=102.97 momentum=102.10,175.63
stock,MMP Industries,MMP.NS,Aluminium,Metals & Mining,1267.08,0.4,13.7,15.32,232.6,26.9,28.42,12.56,,stage_2,5,480.55,315.0,10.74,0.0211,"{'price_above_30w_ma': True, '30w_ma_rising': True, 'price_above_10w_ma': True, 'relative_strength_positive': True, 'near_52w_high': True}",weakening,weakening,101.44,96.82,0.23,0.21,False,False,2026-09-29 ratio=101.21 momentum=96.62; 2026-09-30 ratio=101.56 momentum=98.67; 2026-10-01 ratio=101.21 momentum=96.67; 2026-10-05 ratio=101.38 momentum=97.76; 2026-10-06 ratio=101.44 momentum=96.82,153.68
stock,Maan Aluminium,MAANALU.NS,Aluminium,Metals & Mining,623.66,0.0,3.1,13.55,231.86,9.79,46.54,7.74,,not_stage_2,0,105.03,125.45,-3.38,0.00461,"{'price_above_30w_ma': False, '30w_ma_rising': False, 'price_above_10w_ma': False, 'relative_strength_positive': False, 'near_52w_high': False}",improving,improving,99.23,102.57,0.92,0.93,False,True,2026-09-29 ratio=98.31 momentum=101.64; 2026-09-30 ratio=98.37 momentum=103.91; 2026-10-01 ratio=98.45 momentum=105.06; 2026-10-05 ratio=99.38 momentum=103.69; 2026-10-06 ratio=99.23 momentum=102.57,12.85
stock,Jainik Power,JAINIK.NS,Aluminium,Metals & Mining,272.6,0.0,7.85,64.57,208.91,9.73,19.44,29.88,,insufficient_data,0,,,,,{},insufficient_data,insufficient_data,,,,,False,False,,0.0
stock,Manaksia Alumi.,MANAKALUCO.NS,Aluminium,Metals & Mining,211.28,0.16,2.85,82.69,139.59,3.85,23.87,10.15,,not_stage_2,1,33.24,34.73,2.54,0.00146,"{'price_above_30w_ma': False, '30w_ma_rising': True, 'price_above_10w_ma': False, 'relative_strength_positive': False, 'near_52w_high': False}",lagging,lagging,98.77,97.65,-0.85,-1.12,False,False,2026-09-29 ratio=99.62 momentum=98.78; 2026-09-30 ratio=99.48 momentum=100.19; 2026-10-01 ratio=99.34 momentum=96.84; 2026-10-05 ratio=99.17 momentum=96.69; 2026-10-06 ratio=98.77 momentum=97.65,25.08
stock,Hind Aluminium,HINDALUMI.NS,Aluminium,Metals & Mining,57.31,0.0,1.91,-51.03,5.36,405.66,15.45,-2.7,,insufficient_data,0,,,,,{},insufficient_data,insufficient_data,,,,,False,False,,0.0
stock,Prec. Wires (I),PRECWIRE.NS,"Aluminium, Copper & Zinc Products",Capital Goods,9456.71,0.24,46.45,71.47,1779.24,59.49,54.15,32.94,,stage_2,5,515.15,411.56,6.77,0.02262,"{'price_above_30w_ma': True, '30w_ma_rising': True, 'price_above_10w_ma': True, 'relative_strength_positive': True, 'near_52w_high': True}",leading,leading,101.68,103.59,-0.02,0.82,False,False,2026-09-29 ratio=101.69 momentum=102.76; 2026-09-30 ratio=101.52 momentum=103.37; 2026-10-01 ratio=101.72 momentum=105.56; 2026-10-05 ratio=101.70 momentum=101.60; 2026-10-06 ratio=101.68 momentum=103.59,184.89
stock,CMR Green Tech.,CMRGREEN.NS,"Aluminium, Copper & Zinc Products",Capital Goods,4930.27,0.0,68.18,16.41,3122.73,64.92,20.73,14.06,,insufficient_data,0,,,,,{},weakening,leading,101.72,98.03,-0.67,-4.34,False,False,2026-09-29 ratio=102.39 momentum=102.37; 2026-09-30 ratio=101.98 momentum=102.77; 2026-10-01 ratio=101.93 momentum=103.88; 2026-10-05 ratio=101.46 momentum=95.83; 2026-10-06 ratio=101.72 momentum=98.03,8.6
stock,Vidya Wires,VIDYAWIRES.NS,"Aluminium, Copper & Zinc Products",Capital Goods,2133.65,0.0,17.14,41.42,549.71,33.5,34.05,20.59,,stage_2,5,95.83,87.01,6.4,0.00421,"{'price_above_30w_ma': True, '30w_ma_rising': True, 'price_above_10w_ma': True, 'relative_strength_positive': True, 'near_52w_high': True}",leading,leading,102.75,102.71,-0.42,0.02,False,False,2026-09-29 ratio=103.17 momentum=102.69; 2026-09-30 ratio=103.18 momentum=102.55; 2026-10-01 ratio=102.15 momentum=101.89; 2026-10-05 ratio=101.95 momentum=101.51; 2026-10-06 ratio=102.75 momentum=102.71,185.1
stock,Sunlite Recycli.,SUNLITE.NS,"Aluminium, Copper & Zinc Products",Capital Goods,926.58,0.15,25.8,257.84,1642.41,116.13,23.08,46.52,,insufficient_data,0,,,,,{},insufficient_data,insufficient_data,,,,,False,False,,0.0
stock,Baheti Recycling,BAHETI.NS,"Aluminium, Copper & Zinc Products",Capital Goods,744.5,0.0,17.79,61.87,409.72,53.38,27.55,21.55,,not_stage_2,3,725.55,678.64,3.5,0.03186,"{'price_above_30w_ma': True, '30w_ma_rising': True, 'price_above_10w_ma': False, 'relative_strength_positive': False, 'near_52w_high': True}",lagging,weakening,99.46,97.46,-1.06,-1.3,False,False,2026-09-29 ratio=100.53 momentum=98.76; 2026-09-30 ratio=100.21 momentum=100.91; 2026-10-01 ratio=99.98 momentum=100.00; 2026-10-05 ratio=99.89 momentum=96.94; 2026-10-06 ratio=99.46 momentum=97.46,67.0
stock,Shera Energy,SHERA.NS,"Aluminium, Copper & Zinc Products",Capital Goods,485.12,0.0,12.64,88.26,487.67,26.1,14.18,19.53,,stage_2,5,195.35,160.07,6.23,0.00858,"{'price_above_30w_ma': True, '30w_ma_rising': True, 'price_above_10w_ma': True, 'relative_strength_positive': True, 'near_52w_high': True}",leading,leading,101.91,100.42,-0.6,-1.07,False,False,2026-09-29 ratio=102.51 momentum=101.49; 2026-09-30 ratio=102.58 momentum=101.66; 2026-10-01 ratio=101.92 momentum=101.11; 2026-10-05 ratio=101.51 momentum=99.75; 2026-10-06 ratio=101.91 momentum=100.42,169.11
stock,ANB Metal,AMCL.NS,"Aluminium, Copper & Zinc Products",Capital Goods,438.06,0.0,12.97,199.54,137.39,115.08,20.41,29.6,,insufficient_data,0,,,,,{},insufficient_data,insufficient_data,,,,,False,False,,0.0
stock,Euro Panel,EUROBOND.NS,"Aluminium, Copper & Zinc Products",Capital Goods,345.23,0.0,4.96,-13.29,119.62,14.1,13.06,16.72,,not_stage_2,0,143.4,163.98,-1.09,0.0063,"{'price_above_30w_ma': False, '30w_ma_rising': False, 'price_above_10w_ma': False, 'relative_strength_positive': False, 'near_52w_high': False}",lagging,improving,98.68,97.58,-1.17,-4.41,False,False,2026-09-29 ratio=99.85 momentum=101.98; 2026-09-30 ratio=99.81 momentum=100.85; 2026-10-01 ratio=100.88 momentum=103.62; 2026-10-05 ratio=99.40 momentum=101.00; 2026-10-06 ratio=98.68 momentum=97.58,0.0
stock,Cubex Tubings,CUBEXTUB.NS,"Aluminium, Copper & Zinc Products",Capital Goods,226.53,0.0,1.32,7.32,64.97,30.28,30.04,11.49,,stage_2,5,149.91,92.39,5.86,0.00658,"{'price_above_30w_ma': True, '30w_ma_rising': True, 'price_above_10w_ma': True, 'relative_strength_positive': True, 'near_52w_high': True}",weakening,leading,101.86,98.36,-2.05,-4.1,False,False,2026-09-29 ratio=103.91 momentum=102.45; 2026-09-30 ratio=103.36 momentum=104.29; 2026-10-01 ratio=102.78 momentum=99.56; 2026-10-05 ratio=102.27 momentum=98.32; 2026-10-06 ratio=101.86 momentum=98.36,146.02
stock,Century Extrus.,CENTEXT.NS,"Aluminium, Copper & Zinc Products",Capital Goods,196.79,0.0,3.77,59.75,138.36,32.85,15.34,19.29,,not_stage_2,0,17.88,19.96,-1.14,0.00079,"{'price_above_30w_ma': False, '30w_ma_rising': False, 'price_above_10w_ma': False, 'relative_strength_positive': False, 'near_52w_high': False}",lagging,lagging,98.7,95.58,-0.29,0.18,False,False,2026-09-29 ratio=99.00 momentum=95.40; 2026-09-30 ratio=99.39 momentum=98.07; 2026-10-01 ratio=99.15 momentum=98.53; 2026-10-05 ratio=98.91 momentum=97.18; 2026-10-06 ratio=98.70 momentum=95.58,0.0
stock,Wonderla Holiday,WONDERLA.NS,Amusement Parks/ Other Recreation,Consumer Services,3287.33,0.38,72.8,38.48,242.63,44.22,31.08,6.2,,stage_2,4,509.7,501.82,0.44,0.02238,"{'price_above_30w_ma': True, '30w_ma_rising': True, 'price_above_10w_ma': False, 'relative_strength_positive': True, 'near_52w_high': True}",leading,weakening,101.02,100.39,0.1,2.84,True,False,2026-09-29 ratio=100.92 momentum=97.55; 2026-09-30 ratio=100.92 momentum=97.37; 2026-10-01 ratio=100.85 momentum=97.53; 2026-10-05 ratio=100.88 momentum=89.86; 2026-10-06 ratio=101.02 momentum=100.39,142.93
stock,Imagica. Enter.,IMAGICAA.NS,Amusement Parks/ Other Recreation,Consumer Services,2873.01,0.0,57.57,26.19,177.6,19.92,225.51,1.81,,not_stage_2,3,49.92,47.37,2.6,0.00219,"{'price_above_30w_ma': True, '30w_ma_rising': True, 'price_above_10w_ma': False, 'relative_strength_positive': False, 'near_52w_high': True}",weakening,leading,100.33,97.14,-0.52,-3.33,False,False,2026-09-29 ratio=100.85 momentum=100.47; 2026-09-30 ratio=100.81 momentum=95.26; 2026-10-01 ratio=100.80 momentum=100.03; 2026-10-05 ratio=100.17 momentum=95.82; 2026-10-06 ratio=100.33 momentum=97.14,66.85
stock,Delta Corp,DELTACORP.NS,Amusement Parks/ Other Recreation,Consumer Services,2201.97,0.61,-212.57,219.62,168.55,-8.48,14.28,5.08,,stage_2,5,84.34,64.98,2.78,0.0037,"{'price_above_30w_ma': True, '30w_ma_rising': True, 'price_above_10w_ma': True, 'relative_strength_positive': True, 'near_52w_high': True}",leading,leading,102.86,102.14,-0.86,-0.57,False,False,2026-09-29 ratio=103.72 momentum=102.71; 2026-09-30 ratio=103.50 momentum=102.68; 2026-10-01 ratio=102.30 momentum=102.26; 2026-10-05 ratio=103.44 momentum=103.32; 2026-10-06 ratio=102.86 momentum=102.14,175.56
stock,Nicco Parks,NICCOPAR.NS,Amusement Parks/ Other Recreation,Consumer Services,356.11,1.63,5.47,68.83,19.05,-27.54,60.26,13.52,,insufficient_data,0,,,,,{},insufficient_data,insufficient_data,,,,,False,False,,0.0
stock,Godrej Agrovet,GODREJAGRO.NS,Animal Feed,Fast Moving Consumer Goods,12312.33,1.72,128.31,-16.21,2855.22,9.22,26.24,19.16,,stage_2,5,648.1,591.72,0.9,0.02846,"{'price_above_30w_ma': True, '30w_ma_rising': True, 'price_above_10w_ma': True, 'relative_strength_positive': True, 'near_52w_high': True}",weakening,weakening,101.09,98.33,0.1,1.52,False,False,2026-09-29 ratio=100.99 momentum=96.81; 2026-09-30 ratio=100.85 momentum=97.33; 2026-10-01 ratio=101.07 momentum=98.04; 2026-10-05 ratio=101.12 momentum=97.99; 2026-10-06 ratio=101.09 momentum=98.33,132.25
stock,Avanti Feeds,AVANTIFEED.NS,Animal Feed,Fast Moving Consumer Goods,9844.47,1.38,116.3,-42.0,1899.86,18.32,18.3,24.38,,not_stage_2,0,714.1,1050.22,-6.07,0.03135,"{'price_above_30w_ma': False, '30w_ma_rising': False, 'price_above_10w_ma': False, 'relative_strength_positive': False, 'near_52w_high': False}",lagging,improving,98.38,98.24,-0.59,-4.56,False,False,2026-09-29 ratio=98.97 momentum=102.80; 2026-09-30 ratio=98.52 momentum=98.55; 2026-10-01 ratio=98.53 momentum=98.56; 2026-10-05 ratio=98.47 momentum=97.92; 2026-10-06 ratio=98.38 momentum=98.24,0.0
stock,Mukka Proteins,MUKKA.NS,Animal Feed,Fast Moving Consumer Goods,812.42,0.0,18.64,1142.76,489.65,186.73,11.75,11.61,,stage_2,4,26.97,24.37,2.35,0.00118,"{'price_above_30w_ma': True, '30w_ma_rising': True, 'price_above_10w_ma': False, 'relative_strength_positive': True, 'near_52w_high': True}",weakening,weakening,100.58,96.67,0.09,2.52,False,False,2026-09-29 ratio=100.49 momentum=94.14; 2026-09-30 ratio=100.38 momentum=94.24; 2026-10-01 ratio=100.34 momentum=95.64; 2026-10-05 ratio=100.59 momentum=99.63; 2026-10-06 ratio=100.58 momentum=96.67,112.6
stock,KSE,KSE.NS,Animal Feed,Fast Moving Consumer Goods,569.46,7.07,0.94,-98.44,453.67,9.06,12.36,33.55,,insufficient_data,0,,,,,{},insufficient_data,insufficient_data,,,,,False,False,,0.0
stock,Narmada Agrobase,NARMADA.NS,Animal Feed,Fast Moving Consumer Goods,85.76,0.0,0.75,-26.47,22.26,100.9,23.89,8.95,,not_stage_2,0,12.1,16.47,-2.52,0.00053,"{'price_above_30w_ma': False, '30w_ma_rising': False, 'price_above_10w_ma': False, 'relative_strength_positive': False, 'near_52w_high': False}",lagging,lagging,98.52,97.28,-0.57,0.46,False,False,2026-09-29 ratio=99.08 momentum=96.82; 2026-09-30 ratio=99.11 momentum=97.82; 2026-10-01 ratio=98.88 momentum=96.01; 2026-10-05 ratio=98.82 momentum=96.89; 2026-10-06 ratio=98.52 momentum=97.28,0.0
stock,Ajooni Biotech,AJOONI.NS,Animal Feed,Fast Moving Consumer Goods,51.84,0.0,0.43,-44.87,63.49,103.04,13.09,6.11,,not_stage_2,0,3.08,3.86,-4.44,0.00014,"{'price_above_30w_ma': False, '30w_ma_rising': False, 'price_above_10w_ma': False, 'relative_strength_positive': False, 'near_52w_high': False}",improving,lagging,98.3,103.5,-0.07,4.47,False,False,2026-09-29 ratio=98.37 momentum=99.03; 2026-09-30 ratio=98.41 momentum=101.91; 2026-10-01 ratio=98.46 momentum=102.26; 2026-10-05 ratio=98.10 momentum=100.53; 2026-10-06 ratio=98.30 momentum=103.50,17.5
stock,ICICI AMC,ICICIAMC.NS,Asset Management Company,Financial Services,151095.17,0.89,964.63,23.1,1564.22,17.55,43.35,115.1,,not_stage_2,3,3071.5,3177.78,0.56,0.13486,"{'price_above_30w_ma': False, '30w_ma_rising': True, 'price_above_10w_ma': False, 'relative_strength_positive': True, 'near_52w_high': True}",weakening,leading,100.83,97.58,-1.77,-5.48,False,False,2026-09-29 ratio=102.60 momentum=103.05; 2026-09-30 ratio=101.72 momentum=101.20; 2026-10-01 ratio=101.43 momentum=100.44; 2026-10-05 ratio=101.02 momentum=97.04; 2026-10-06 ratio=100.83 momentum=97.58,65.27
stock,SBI Funds Mgt.,SBIFUNDS.NS,Asset Management Company,Financial Services,102065.51,0.0,880.26,3.7,1152.73,15.16,32.94,56.5,,insufficient_data,0,,,,,{},insufficient_data,insufficient_data,,,,,False,False,,0.0
stock,HDFC AMC,HDFCAMC.NS,Asset Management Company,Financial Services,99381.06,2.33,838.36,12.09,1098.5,13.51,33.69,42.88,,not_stage_2,1,2352.4,2568.92,-1.07,0.10328,"{'price_above_30w_ma': False, '30w_ma_rising': False, 'price_above_10w_ma': False, 'relative_strength_positive': False, 'near_52w_high': True}",improving,lagging,99.53,100.05,2.44,3.17,False,True,2026-09-29 ratio=97.09 momentum=96.88; 2026-09-30 ratio=98.43 momentum=99.53; 2026-10-01 ratio=99.35 momentum=100.56; 2026-10-05 ratio=99.81 momentum=100.59; 2026-10-06 ratio=99.53 momentum=100.05,20.25
stock,Nippon Life Ind.,NAM-INDIA.NS,Asset Management Company,Financial Services,67244.44,2.05,503.7,27.16,766.87,26.42,41.08,43.8,,not_stage_2,2,1073.5,1094.49,2.69,0.04713,"{'price_above_30w_ma': False, '30w_ma_rising': True, 'price_above_10w_ma': False, 'relative_strength_positive': False, 'near_52w_high': True}",lagging,lagging,98.56,98.6,0.13,1.55,False,False,2026-09-29 ratio=98.43 momentum=97.05; 2026-09-30 ratio=98.70 momentum=99.05; 2026-10-01 ratio=98.24 momentum=98.95; 2026-10-05 ratio=98.50 momentum=98.11; 2026-10-06 ratio=98.56 momentum=98.60,45.38
stock,Aditya AMC,ABSLAMC.NS,Asset Management Company,Financial Services,29397.69,2.51,309.49,11.68,462.96,3.48,29.12,32.23,,not_stage_2,3,1009.65,1046.99,1.31,0.04433,"{'price_above_30w_ma': False, '30w_ma_rising': True, 'price_above_10w_ma': False, 'relative_strength_positive': True, 'near_52w_high': True}",leading,lagging,100.74,100.76,1.23,2.96,True,False,2026-09-29 ratio=99.50 momentum=97.80; 2026-09-30 ratio=100.66 momentum=99.46; 2026-10-01 ratio=100.76 momentum=98.11; 2026-10-05 ratio=101.52 momentum=101.32; 2026-10-06 ratio=100.74 momentum=100.76,100.12
stock,UTI AMC,UTIAMC.NS,Asset Management Company,Financial Services,11472.22,4.48,293.86,24.07,583.51,6.7,21.49,15.57,,not_stage_2,1,888.2,930.67,-1.44,0.039,"{'price_above_30w_ma': False, '30w_ma_rising': False, 'price_above_10w_ma': False, 'relative_strength_positive': True, 'near_52w_high': False}",weakening,leading,101.21,99.13,0.14,-0.97,False,False,2026-09-29 ratio=101.07 momentum=100.09; 2026-09-30 ratio=101.42 momentum=102.04; 2026-10-01 ratio=101.75 momentum=102.93; 2026-10-05 ratio=101.72 momentum=105.22; 2026-10-06 ratio=101.21 momentum=99.13,26.05
stock,Canara Robeco,CRAMC.NS,Asset Management Company,Financial Services,4584.78,1.74,75.6,23.98,145.37,20.07,20.99,40.11,,not_stage_2,0,224.88,249.12,-0.92,0.00987,"{'price_above_30w_ma': False, '30w_ma_rising': False, 'price_above_10w_ma': False, 'relative_strength_positive': False, 'near_52w_high': False}",improving,improving,98.62,103.07,0.37,1.64,False,True,2026-09-29 ratio=98.25 momentum=101.43; 2026-09-30 ratio=98.56 momentum=104.43; 2026-10-01 ratio=97.92 momentum=99.79; 2026-10-05 ratio=98.27 momentum=100.95; 2026-10-06 ratio=98.62 momentum=103.07,15.35
stock,Gaja Alternative Asset,GAJA.NS,Asset Management Company,Financial Services,2062.38,0.51,27.21,35.66,15.64,-49.15,23.9,17.02,,insufficient_data,0,,,,,{},insufficient_data,insufficient_data,,,,,False,False,,0.0
stock,IL&FS Inv.Manag.,IVC.NS,Asset Management Company,Financial Services,249.66,15.09,1.21,23.86,8.17,40.86,61.34,4.11,,not_stage_2,2,8.0,8.01,1.07,0.00035,"{'price_above_30w_ma': False, '30w_ma_rising': True, 'price_above_10w_ma': False, 'relative_strength_positive': False, 'near_52w_high': True}",improving,lagging,99.91,102.67,0.43,3.81,False,True,2026-09-29 ratio=99.47 momentum=98.86; 2026-09-30 ratio=99.70 momentum=102.96; 2026-10-01 ratio=99.81 momentum=102.29; 2026-10-05 ratio=99.80 momentum=101.76; 2026-10-06 ratio=99.91 momentum=102.67,55.49
stock,Samvardh. Mothe.,MOTHERSON.NS,Auto Components & Equipments,Automobile and Auto Components,167921.77,0.38,1075.66,81.52,35243.77,16.65,36.75,13.43,,stage_2,4,160.0,144.07,3.5,0.00702,"{'price_above_30w_ma': True, '30w_ma_rising': True, 'price_above_10w_ma': False, 'relative_strength_positive': True, 'near_52w_high': True}",weakening,weakening,100.7,99.36,0.0,-0.41,False,False,2026-09-29 ratio=100.70 momentum=99.77; 2026-09-30 ratio=101.32 momentum=103.61; 2026-10-01 ratio=100.69 momentum=98.78; 2026-10-05 ratio=100.46 momentum=98.20; 2026-10-06 ratio=100.70 momentum=99.36,115.5
stock,Bosch,BOSCHLTD.NS,Auto Components & Equipments,Automobile and Auto Components,130929.92,0.61,706.1,5.2,5841.9,22.0,55.4,21.54,,not_stage_2,3,45000.0,40680.0,4.32,1.97576,"{'price_above_30w_ma': True, '30w_ma_rising': True, 'price_above_10w_ma': False, 'relative_strength_positive': False, 'near_52w_high': True}",weakening,weakening,100.21,97.66,-0.39,0.99,False,False,2026-09-29 ratio=100.61 momentum=96.68; 2026-09-30 ratio=101.06 momentum=98.95; 2026-10-01 ratio=100.65 momentum=97.08; 2026-10-05 ratio=100.37 momentum=97.93; 2026-10-06 ratio=100.21 momentum=97.66,69.69
stock,Bharat Forge,BHARATFORG.NS,Auto Components & Equipments,Automobile and Auto Components,90003.36,0.46,-89.89,-57.72,4639.94,18.71,89.13,12.61,,not_stage_2,2,1880.0,1971.6,0.74,0.08254,"{'price_above_30w_ma': False, '30w_ma_rising': True, 'price_above_10w_ma': False, 'relative_strength_positive': False, 'near_52w_high': True}",lagging,improving,98.88,99.37,-0.89,-3.38,False,False,2026-09-29 ratio=99.77 momentum=102.75; 2026-09-30 ratio=99.69 momentum=103.43; 2026-10-01 ratio=99.18 momentum=101.60; 2026-10-05 ratio=98.38 momentum=98.42; 2026-10-06 ratio=98.88 momentum=99.37,41.48
stock,Uno Minda,UNOMINDA.NS,Auto Components & Equipments,Automobile and Auto Components,63889.85,0.24,315.51,1.76,5556.85,23.79,52.27,19.65,,not_stage_2,2,1120.0,1147.79,0.63,0.04917,"{'price_above_30w_ma': False, '30w_ma_rising': True, 'price_above_10w_ma': False, 'relative_strength_positive': False, 'near_52w_high': True}",lagging,improving,98.54,97.56,-1.41,-2.46,False,False,2026-09-29 ratio=99.96 momentum=100.02; 2026-09-30 ratio=100.23 momentum=99.81; 2026-10-01 ratio=98.92 momentum=97.78; 2026-10-05 ratio=98.40 momentum=95.62; 2026-10-06 ratio=98.54 momentum=97.56,41.26
stock,Schaeffler India,SCHAEFFLER.NS,Auto Components & Equipments,Automobile and Auto Components,59455.17,0.92,336.73,13.67,2681.41,17.5,46.05,27.9,,not_stage_2,1,3818.1,4061.93,-0.39,0.16764,"{'price_above_30w_ma': False, '30w_ma_rising': False, 'price_above_10w_ma': False, 'relative_strength_positive': False, 'near_52w_high': True}",lagging,leading,99.66,95.6,-1.28,-5.03,False,False,2026-09-29 ratio=100.94 momentum=100.64; 2026-09-30 ratio=100.87 momentum=101.33; 2026-10-01 ratio=101.16 momentum=100.07; 2026-10-05 ratio=100.41 momentum=92.36; 2026-10-06 ratio=99.66 momentum=95.60,20.0
stock,Sona BLW Precis.,SONACOMS.NS,Auto Components & Equipments,Automobile and Auto Components,50955.63,0.42,220.11,73.37,1157.24,50.82,65.54,15.11,,stage_2,5,820.0,673.07,6.26,0.036,"{'price_above_30w_ma': True, '30w_ma_rising': True, 'price_above_10w_ma': True, 'relative_strength_positive': True, 'near_52w_high': True}",leading,leading,101.63,102.87,-0.18,1.18,False,False,2026-09-29 ratio=101.81 momentum=101.69; 2026-09-30 ratio=102.19 momentum=103.83; 2026-10-01 ratio=101.64 momentum=102.75; 2026-10-05 ratio=101.25 momentum=100.02; 2026-10-06 ratio=101.63 momentum=102.87,180.02
stock,Tube Investments,TIINDIA.NS,Auto Components & Equipments,Automobile and Auto Components,46361.94,0.15,293.96,-15.25,6215.33,17.07,73.97,17.14,,not_stage_2,1,2472.7,2819.59,-0.7,0.10857,"{'price_above_30w_ma': False, '30w_ma_rising': False, 'price_above_10w_ma': False, 'relative_strength_positive': False, 'near_52w_high': True}",improving,lagging,98.94,100.66,1.0,1.3,False,True,2026-09-29 ratio=97.94 momentum=99.37; 2026-09-30 ratio=97.77 momentum=97.88; 2026-10-01 ratio=97.75 momentum=97.11; 2026-10-05 ratio=97.58 momentum=96.99; 2026-10-06 ratio=98.94 momentum=100.66,23.3
stock,Endurance Tech.,ENDURANCE.NS,Auto Components & Equipments,Automobile and Auto Components,35354.9,0.46,244.52,8.03,4314.89,30.01,35.91,17.8,,not_stage_2,2,2516.0,2611.52,0.66,0.11047,"{'price_above_30w_ma': False, '30w_ma_rising': True, 'price_above_10w_ma': False, 'relative_strength_positive': False, 'near_52w_high': True}",lagging,improving,98.11,96.75,-1.7,-4.98,False,False,2026-09-29 ratio=99.81 momentum=101.73; 2026-09-30 ratio=99.94 momentum=102.28; 2026-10-01 ratio=99.55 momentum=99.68; 2026-10-05 ratio=98.51 momentum=97.03; 2026-10-06 ratio=98.11 momentum=96.75,41.32
stock,Exide Inds.,EXIDEIND.NS,Auto Components & Equipments,Automobile and Auto Components,34246.53,0.5,351.3,28.38,5528.38,17.75,36.49,8.54,,not_stage_2,3,405.75,393.71,3.43,0.01781,"{'price_above_30w_ma': True, '30w_ma_rising': True, 'price_above_10w_ma': False, 'relative_strength_positive': False, 'near_52w_high': True}",lagging,lagging,99.06,96.41,-0.08,-3.58,False,False,2026-09-29 ratio=99.15 momentum=99.99; 2026-09-30 ratio=99.62 momentum=100.73; 2026-10-01 ratio=99.67 momentum=100.56; 2026-10-05 ratio=99.25 momentum=96.54; 2026-10-06 ratio=99.06 momentum=96.41,66.86
stock,Dhoot Transmission,DHOOTTRANS.NS,Auto Components & Equipments,Automobile and Auto Components,29856.66,0.0,132.68,36.89,1446.42,49.68,66.66,24.36,,insufficient_data,0,,,,,{},insufficient_data,insufficient_data,,,,,False,False,,0.0
stock,United Spirits,UNITDSPR.NS,Breweries & Distilleries,Fast Moving Consumer Goods,97472.44,1.26,463.0,-20.54,2708.0,-10.36,52.6,26.39,,not_stage_2,2,1358.0,1368.29,0.06,0.05962,"{'price_above_30w_ma': False, '30w_ma_rising': True, 'price_above_10w_ma': False, 'relative_strength_positive': False, 'near_52w_high': True}",lagging,lagging,98.61,98.92,-0.39,-0.59,False,False,2026-09-29 ratio=98.99 momentum=99.51; 2026-09-30 ratio=98.80 momentum=98.78; 2026-10-01 ratio=98.54 momentum=98.61; 2026-10-05 ratio=99.31 momentum=100.62; 2026-10-06 ratio=98.61 momentum=98.92,40.12
stock,Radico Khaitan,RADICO.NS,Breweries & Distilleries,Fast Moving Consumer Goods,59827.01,0.2,229.6,69.15,1683.69,11.8,84.18,24.15,,stage_2,4,4460.1,3824.76,6.37,0.19582,"{'price_above_30w_ma': True, '30w_ma_rising': True, 'price_above_10w_ma': False, 'relative_strength_positive': True, 'near_52w_high': True}",leading,leading,101.34,101.06,0.61,1.03,False,False,2026-09-29 ratio=100.74 momentum=100.04; 2026-09-30 ratio=100.85 momentum=99.13; 2026-10-01 ratio=100.20 momentum=98.90; 2026-10-05 ratio=100.35 momentum=97.80; 2026-10-06 ratio=101.34 momentum=101.06,149.74
stock,United Breweries,UBL.NS,Breweries & Distilleries,Fast Moving Consumer Goods,31343.87,0.84,166.28,-9.54,3066.86,7.07,90.69,10.68,,not_stage_2,0,1178.3,1365.47,-4.07,0.05173,"{'price_above_30w_ma': False, '30w_ma_rising': False, 'price_above_10w_ma': False, 'relative_strength_positive': False, 'near_52w_high': False}",improving,improving,98.43,100.41,-0.46,-0.13,False,False,2026-09-29 ratio=98.89 momentum=100.54; 2026-09-30 ratio=98.06 momentum=99.64; 2026-10-01 ratio=98.91 momentum=101.84; 2026-10-05 ratio=98.70 momentum=99.86; 2026-10-06 ratio=98.43 momentum=100.41,2.05
stock,Allied Blenders,ABDL.NS,Breweries & Distilleries,Fast Moving Consumer Goods,19433.84,0.78,45.42,-12.98,978.94,6.08,87.12,18.38,,stage_2,5,714.65,589.54,5.13,0.03138,"{'price_above_30w_ma': True, '30w_ma_rising': True, 'price_above_10w_ma': True, 'relative_strength_positive': True, 'near_52w_high': True}",weakening,leading,102.14,99.32,-0.85,-2.53,False,False,2026-09-29 ratio=102.98 momentum=101.84; 2026-09-30 ratio=102.80 momentum=100.35; 2026-10-01 ratio=101.91 momentum=98.59; 2026-10-05 ratio=102.06 momentum=99.42; 2026-10-06 ratio=102.14 momentum=99.32,145.96
stock,Tilaknagar Inds.,TI.NS,Breweries & Distilleries,Fast Moving Consumer Goods,13690.31,0.18,31.59,-30.28,1046.03,155.67,60.57,11.45,,stage_2,4,547.8,478.79,3.2,0.02405,"{'price_above_30w_ma': True, '30w_ma_rising': True, 'price_above_10w_ma': False, 'relative_strength_positive': True, 'near_52w_high': True}",weakening,leading,100.75,97.89,-0.21,-3.53,False,False,2026-09-29 ratio=100.96 momentum=101.42; 2026-09-30 ratio=100.77 momentum=100.04; 2026-10-01 ratio=100.88 momentum=99.52; 2026-10-05 ratio=100.74 momentum=98.08; 2026-10-06 ratio=100.75 momentum=97.89,115.15
stock,Piccadily Agro,PICCADIL.NS,Breweries & Distilleries,Fast Moving Consumer Goods,5803.46,0.17,21.44,16.33,251.18,17.42,41.3,18.01,,not_stage_2,2,594.2,617.66,0.82,0.02609,"{'price_above_30w_ma': False, '30w_ma_rising': True, 'price_above_10w_ma': False, 'relative_strength_positive': False, 'near_52w_high': True}",improving,improving,99.24,108.33,-0.07,5.39,False,False,2026-09-29 ratio=99.31 momentum=102.94; 2026-09-30 ratio=99.18 momentum=102.23; 2026-10-01 ratio=99.09 momentum=101.49; 2026-10-05 ratio=99.21 momentum=103.56; 2026-10-06 ratio=99.24 momentum=108.33,83.29
stock,India Glycols,INDIAGLYCO.NS,Breweries & Distilleries,Fast Moving Consumer Goods,2567.13,1.96,96.83,32.19,1130.39,8.64,8.1,12.4,,not_stage_2,0,318.95,881.89,-8.37,0.014,"{'price_above_30w_ma': False, '30w_ma_rising': False, 'price_above_10w_ma': False, 'relative_strength_positive': False, 'near_52w_high': False}",improving,improving,99.03,103.67,0.21,0.41,False,True,2026-09-29 ratio=98.82 momentum=103.25; 2026-09-30 ratio=98.88 momentum=103.29; 2026-10-01 ratio=98.91 momentum=103.47; 2026-10-05 ratio=98.96 momentum=103.32; 2026-10-06 ratio=99.03 momentum=103.67,18.35
stock,Globus Spirits,GLOBUSSPR.NS,Breweries & Distilleries,Fast Moving Consumer Goods,2504.53,0.82,26.48,49.05,788.78,12.71,24.91,11.25,,not_stage_2,0,812.7,896.83,-1.06,0.03568,"{'price_above_30w_ma': False, '30w_ma_rising': False, 'price_above_10w_ma': False, 'relative_strength_positive': False, 'near_52w_high': False}",improving,improving,99.2,101.12,0.48,0.56,False,True,2026-09-29 ratio=98.71 momentum=100.56; 2026-09-30 ratio=98.11 momentum=97.53; 2026-10-01 ratio=98.52 momentum=99.38; 2026-10-05 ratio=98.50 momentum=100.34; 2026-10-06 ratio=99.20 momentum=101.12,5.6
stock,G M Breweries,GMBREW.NS,Breweries & Distilleries,Fast Moving Consumer Goods,2251.34,0.91,37.74,45.94,199.58,22.55,13.34,17.96,,not_stage_2,4,981.35,940.18,-0.38,0.04309,"{'price_above_30w_ma': True, '30w_ma_rising': False, 'price_above_10w_ma': True, 'relative_strength_positive': True, 'near_52w_high': True}",weakening,leading,102.11,99.02,-0.25,-3.63,False,False,2026-09-29 ratio=102.35 momentum=102.65; 2026-09-30 ratio=102.35 momentum=103.74; 2026-10-01 ratio=102.06 momentum=98.29; 2026-10-05 ratio=101.75 momentum=96.07; 2026-10-06 ratio=102.11 momentum=99.02,90.55
stock,Som Distilleries,SDBL.NS,Breweries & Distilleries,Fast Moving Consumer Goods,1523.05,0.0,1.56,-98.91,268.63,-49.16,,5.67,,not_stage_2,2,74.02,76.09,-1.08,0.00325,"{'price_above_30w_ma': False, '30w_ma_rising': False, 'price_above_10w_ma': True, 'relative_strength_positive': True, 'near_52w_high': False}",leading,leading,101.4,101.07,-2.36,-0.79,False,False,2026-09-29 ratio=103.76 momentum=101.86; 2026-09-30 ratio=103.12 momentum=101.72; 2026-10-01 ratio=102.15 momentum=101.25; 2026-10-05 ratio=101.43 momentum=100.97; 2026-10-06 ratio=101.40 momentum=101.07,72.35
stock,Firstsour.Solu.,FSL.NS,Business Process Outsourcing (BPO)/ Knowledge Process Outsourcing (KPO),Services,18347.31,2.12,165.92,30.01,2724.87,22.87,22.98,16.8,,not_stage_2,3,260.25,251.58,1.92,0.01143,"{'price_above_30w_ma': True, '30w_ma_rising': True, 'price_above_10w_ma': False, 'relative_strength_positive': True, 'near_52w_high': False}",lagging,lagging,99.97,99.04,0.65,3.54,False,False,2026-09-29 ratio=99.32 momentum=95.49; 2026-09-30 ratio=99.84 momentum=97.04; 2026-10-01 ratio=99.62 momentum=97.09; 2026-10-05 ratio=99.97 momentum=97.92; 2026-10-06 ratio=99.97 momentum=99.04,63.84
stock,eClerx Services,ECLERX.NS,Business Process Outsourcing (BPO)/ Knowledge Process Outsourcing (KPO),Services,17868.36,0.05,164.24,15.99,1152.36,23.31,24.52,34.42,,stage_2,5,1917.2,1660.54,2.22,0.08418,"{'price_above_30w_ma': True, '30w_ma_rising': True, 'price_above_10w_ma': True, 'relative_strength_positive': True, 'near_52w_high': True}",leading,lagging,101.49,100.19,1.83,2.79,True,False,2026-09-29 ratio=99.66 momentum=97.40; 2026-09-30 ratio=100.45 momentum=97.81; 2026-10-01 ratio=100.44 momentum=98.47; 2026-10-05 ratio=101.36 momentum=100.58; 2026-10-06 ratio=101.49 momentum=100.19,167.84
stock,RPSG Ventures,RPSGVENT.NS,Business Process Outsourcing (BPO)/ Knowledge Process Outsourcing (KPO),Services,2869.89,0.0,253.09,34.95,3576.44,20.36,,10.61,,not_stage_2,3,833.1,881.55,2.8,0.03658,"{'price_above_30w_ma': False, '30w_ma_rising': True, 'price_above_10w_ma': False, 'relative_strength_positive': True, 'near_52w_high': True}",leading,leading,100.12,101.55,-0.05,-0.66,False,False,2026-09-29 ratio=100.18 momentum=102.21; 2026-09-30 ratio=100.96 momentum=104.16; 2026-10-01 ratio=100.47 momentum=102.68; 2026-10-05 ratio=100.45 momentum=101.97; 2026-10-06 ratio=100.12 momentum=101.55,93.95
stock,One Point One,ONEPOINT.NS,Business Process Outsourcing (BPO)/ Knowledge Process Outsourcing (KPO),Services,2078.82,0.0,16.31,72.78,158.32,129.42,45.14,9.59,,stage_2,5,78.65,57.7,5.86,0.00345,"{'price_above_30w_ma': True, '30w_ma_rising': True, 'price_above_10w_ma': True, 'relative_strength_positive': True, 'near_52w_high': True}",leading,leading,102.82,100.54,-0.46,-1.24,False,False,2026-09-29 ratio=103.28 momentum=101.77; 2026-09-30 ratio=103.23 momentum=103.35; 2026-10-01 ratio=103.10 momentum=100.61; 2026-10-05 ratio=103.21 momentum=101.08; 2026-10-06 ratio=102.82 momentum=100.54,173.52
stock,Hinduja Global,HGS.NS,Business Process Outsourcing (BPO)/ Knowledge Process Outsourcing (KPO),Services,1689.15,1.38,-66.26,-45.26,1050.36,-0.56,,1.46,,not_stage_2,0,361.4,403.23,-0.01,0.01587,"{'price_above_30w_ma': False, '30w_ma_rising': False, 'price_above_10w_ma': False, 'relative_strength_positive': False, 'near_52w_high': False}",lagging,lagging,98.1,98.44,-0.51,0.22,False,False,2026-09-29 ratio=98.61 momentum=98.21; 2026-09-30 ratio=99.13 momentum=99.43; 2026-10-01 ratio=99.18 momentum=99.75; 2026-10-05 ratio=98.78 momentum=100.43; 2026-10-06 ratio=98.10 momentum=98.44,0.0
stock,Alldigi Tech,ALLDIGI.NS,Business Process Outsourcing (BPO)/ Knowledge Process Outsourcing (KPO),Services,1191.98,7.66,18.12,21.69,150.28,4.43,12.93,27.89,,not_stage_2,2,768.1,804.03,-0.56,0.03372,"{'price_above_30w_ma': False, '30w_ma_rising': False, 'price_above_10w_ma': False, 'relative_strength_positive': True, 'near_52w_high': True}",improving,weakening,99.97,100.74,-0.4,2.03,False,False,2026-09-29 ratio=100.37 momentum=98.70; 2026-09-30 ratio=100.10 momentum=99.38; 2026-10-01 ratio=99.92 momentum=100.30; 2026-10-05 ratio=99.40 momentum=100.40; 2026-10-06 ratio=99.97 momentum=100.74,43.7
stock,We Win Ltd,WEWIN.NS,Business Process Outsourcing (BPO)/ Knowledge Process Outsourcing (KPO),Services,55.07,0.0,0.91,-15.74,30.77,51.65,12.27,10.9,,stage_2,4,51.92,49.84,1.77,0.00228,"{'price_above_30w_ma': True, '30w_ma_rising': True, 'price_above_10w_ma': True, 'relative_strength_positive': True, 'near_52w_high': False}",leading,leading,102.67,103.33,0.08,0.9,False,False,2026-09-29 ratio=102.60 momentum=102.44; 2026-09-30 ratio=103.44 momentum=102.60; 2026-10-01 ratio=103.42 momentum=102.29; 2026-10-05 ratio=102.78 momentum=102.14; 2026-10-06 ratio=102.67 momentum=103.33,158.54
stock,Kandarp Digi,KANDARP.NS,Business Process Outsourcing (BPO)/ Knowledge Process Outsourcing (KPO),Services,54.73,0.0,1.13,-15.67,16.35,4.01,29.59,11.23,,not_stage_2,0,59.0,112.74,-9.35,0.00259,"{'price_above_30w_ma': False, '30w_ma_rising': False, 'price_above_10w_ma': False, 'relative_strength_positive': False, 'near_52w_high': False}",lagging,improving,97.97,99.79,-0.04,-3.19,False,False,2026-09-29 ratio=98.02 momentum=102.98; 2026-09-30 ratio=97.87 momentum=101.94; 2026-10-01 ratio=97.80 momentum=101.23; 2026-10-05 ratio=97.72 momentum=100.38; 2026-10-06 ratio=97.97 momentum=99.79,0.0
stock,Cadsys (India),CADSYS.NS,Business Process Outsourcing (BPO)/ Knowledge Process Outsourcing (KPO),Services,37.96,0.0,-8.6,110.64,47.31,16.3,,-13.98,,not_stage_2,0,37.95,56.94,-1.32,0.00167,"{'price_above_30w_ma': False, '30w_ma_rising': False, 'price_above_10w_ma': False, 'relative_strength_positive': False, 'near_52w_high': False}",lagging,lagging,97.95,97.56,-0.62,-1.32,False,False,2026-09-29 ratio=98.57 momentum=98.88; 2026-09-30 ratio=98.28 momentum=97.29; 2026-10-01 ratio=98.41 momentum=97.95; 2026-10-05 ratio=97.97 momentum=97.34; 2026-10-06 ratio=97.95 momentum=97.56,0.0
stock,HRH Next,HRHNEXT.NS,Business Process Outsourcing (BPO)/ Knowledge Process Outsourcing (KPO),Services,30.63,0.0,2.78,152.73,35.92,24.68,6.3,15.84,,not_stage_2,1,23.2,26.93,0.04,0.00102,"{'price_above_30w_ma': False, '30w_ma_rising': True, 'price_above_10w_ma': False, 'relative_strength_positive': False, 'near_52w_high': False}",lagging,improving,98.97,98.64,-0.75,-2.02,False,False,2026-09-29 ratio=99.72 momentum=100.66; 2026-09-30 ratio=100.43 momentum=101.69; 2026-10-01 ratio=99.87 momentum=99.70; 2026-10-05 ratio=99.78 momentum=98.27; 2026-10-06 ratio=98.97 momentum=98.64,20.08
stock,Polycab India,POLYCAB.NS,Cables - Electricals,Capital Goods,125490.63,0.57,796.66,32.46,8209.73,39.01,43.81,33.21,,not_stage_2,2,8147.0,8688.23,0.28,0.3577,"{'price_above_30w_ma': False, '30w_ma_rising': True, 'price_above_10w_ma': False, 'relative_strength_positive': False, 'near_52w_high': True}",improving,improving,99.13,101.49,0.25,-0.43,False,False,2026-09-29 ratio=98.89 momentum=101.92; 2026-09-30 ratio=98.76 momentum=102.56; 2026-10-01 ratio=98.94 momentum=102.84; 2026-10-05 ratio=99.15 momentum=100.78; 2026-10-06 ratio=99.13 momentum=101.49,48.01
stock,KEI Industries,KEI.NS,Cables - Electricals,Capital Goods,44569.96,0.1,274.14,40.05,3185.34,22.97,44.71,20.05,,not_stage_2,1,4557.4,4969.44,-0.36,0.2001,"{'price_above_30w_ma': False, '30w_ma_rising': False, 'price_above_10w_ma': False, 'relative_strength_positive': False, 'near_52w_high': True}",improving,improving,99.17,102.11,0.27,0.25,False,True,2026-09-29 ratio=98.89 momentum=101.86; 2026-09-30 ratio=98.95 momentum=102.60; 2026-10-01 ratio=99.20 momentum=103.29; 2026-10-05 ratio=99.50 momentum=102.73; 2026-10-06 ratio=99.17 momentum=102.11,30.55
stock,R R Kabel,RRKABEL.NS,Cables - Electricals,Capital Goods,30814.51,0.35,205.2,117.32,3168.2,53.9,50.39,28.1,,stage_2,5,2789.7,2184.0,7.22,0.12248,"{'price_above_30w_ma': True, '30w_ma_rising': True, 'price_above_10w_ma': True, 'relative_strength_positive': True, 'near_52w_high': True}",leading,leading,101.93,103.83,1.69,1.42,False,False,2026-09-29 ratio=100.24 momentum=102.41; 2026-09-30 ratio=100.25 momentum=102.31; 2026-10-01 ratio=100.38 momentum=102.98; 2026-10-05 ratio=101.19 momentum=103.19; 2026-10-06 ratio=101.93 momentum=103.83,188.24
stock,Finolex Cables,FINCABLES.NS,Cables - Electricals,Capital Goods,22685.47,0.61,249.04,53.14,2013.15,44.26,28.35,16.01,,stage_2,5,1474.0,1113.51,7.31,0.06472,"{'price_above_30w_ma': True, '30w_ma_rising': True, 'price_above_10w_ma': True, 'relative_strength_positive': True, 'near_52w_high': True}",weakening,weakening,101.44,99.25,-0.08,0.05,False,False,2026-09-29 ratio=101.51 momentum=99.20; 2026-09-30 ratio=101.56 momentum=99.35; 2026-10-01 ratio=101.60 momentum=98.96; 2026-10-05 ratio=101.54 momentum=98.70; 2026-10-06 ratio=101.44 momentum=99.25,146.82
stock,KSH Internationa,KSHINTL.NS,Cables - Electricals,Capital Goods,7265.45,0.0,42.22,86.16,1164.24,108.38,55.5,21.46,,stage_2,5,1034.1,816.01,12.13,0.0454,"{'price_above_30w_ma': True, '30w_ma_rising': True, 'price_above_10w_ma': True, 'relative_strength_positive': True, 'near_52w_high': True}",weakening,weakening,100.84,99.63,-0.12,2.05,False,False,2026-09-29 ratio=100.95 momentum=97.58; 2026-09-30 ratio=100.69 momentum=96.15; 2026-10-01 ratio=101.02 momentum=99.07; 2026-10-05 ratio=101.00 momentum=99.33; 2026-10-06 ratio=100.84 momentum=99.63,153.46
stock,Universal Cables,UNIVCABLES.NS,Cables - Electricals,Capital Goods,5675.05,0.28,70.14,108.75,945.06,57.46,28.37,11.68,,stage_2,5,1649.2,1199.44,10.48,0.07241,"{'price_above_30w_ma': True, '30w_ma_rising': True, 'price_above_10w_ma': True, 'relative_strength_positive': True, 'near_52w_high': True}",leading,leading,101.68,103.13,1.39,2.38,False,False,2026-09-29 ratio=100.29 momentum=100.75; 2026-09-30 ratio=100.10 momentum=100.38; 2026-10-01 ratio=100.23 momentum=100.40; 2026-10-05 ratio=100.71 momentum=102.01; 2026-10-06 ratio=101.68 momentum=103.13,190.01
stock,V-Marc India,VMARCIND.NS,Cables - Electricals,Capital Goods,4790.6,0.0,28.55,163.62,555.51,102.42,40.95,41.37,,not_stage_2,0,323.05,697.77,-6.69,0.01418,"{'price_above_30w_ma': False, '30w_ma_rising': False, 'price_above_10w_ma': False, 'relative_strength_positive': False, 'near_52w_high': False}",weakening,weakening,100.06,99.84,0.03,1.8,False,False,2026-09-29 ratio=100.03 momentum=98.04; 2026-09-30 ratio=100.55 momentum=100.20; 2026-10-01 ratio=100.32 momentum=98.50; 2026-10-05 ratio=100.14 momentum=96.93; 2026-10-06 ratio=100.06 momentum=99.84,0.3
stock,Laser Power,LASERPOWER.NS,Cables - Electricals,Capital Goods,3992.03,0.0,20.73,3.75,521.55,14.84,36.34,20.51,,insufficient_data,0,,,,,{},insufficient_data,insufficient_data,,,,,False,False,,0.0
stock,Lumino Inds,LUMINO.NS,Cables - Electricals,Capital Goods,3307.48,0.0,40.3,32.87,521.43,19.29,19.49,26.59,,insufficient_data,0,,,,,{},insufficient_data,insufficient_data,,,,,False,False,,0.0
stock,Quadrant Future,QUADFUTURE.NS,Cables - Electricals,Capital Goods,2148.2,0.0,-9.13,32.37,40.59,41.28,,-15.48,,stage_2,5,547.4,381.39,9.36,0.02403,"{'price_above_30w_ma': True, '30w_ma_rising': True, 'price_above_10w_ma': True, 'relative_strength_positive': True, 'near_52w_high': True}",weakening,weakening,101.69,95.96,-0.37,-2.48,False,False,2026-09-29 ratio=102.06 momentum=98.45; 2026-09-30 ratio=102.03 momentum=98.53; 2026-10-01 ratio=101.77 momentum=96.32; 2026-10-05 ratio=101.62 momentum=95.98; 2026-10-06 ratio=101.69 momentum=95.96,152.17
stock,Godfrey Phillips,GODFRYPHLP.NS,Cigarettes & Tobacco Products,Fast Moving Consumer Goods,29065.34,2.68,198.39,-44.32,1205.51,-18.89,21.26,30.25,,not_stage_2,0,1900.0,2133.58,-1.44,0.08342,"{'price_above_30w_ma': False, '30w_ma_rising': False, 'price_above_10w_ma': False, 'relative_strength_positive': False, 'near_52w_high': False}",lagging,improving,98.94,99.82,0.64,-0.38,False,False,2026-09-29 ratio=98.30 momentum=100.20; 2026-09-30 ratio=98.89 momentum=101.15; 2026-10-01 ratio=98.57 momentum=99.97; 2026-10-05 ratio=98.82 momentum=97.53; 2026-10-06 ratio=98.94 momentum=99.82,0.0
stock,VST Industries,VSTIND.NS,Cigarettes & Tobacco Products,Fast Moving Consumer Goods,3428.11,5.96,42.42,-24.43,256.46,-13.91,12.31,28.13,,not_stage_2,2,202.64,233.74,-1.31,0.0089,"{'price_above_30w_ma': False, '30w_ma_rising': False, 'price_above_10w_ma': False, 'relative_strength_positive': True, 'near_52w_high': True}",leading,leading,100.1,102.54,0.1,0.14,False,False,2026-09-29 ratio=100.00 momentum=102.39; 2026-09-30 ratio=100.23 momentum=103.66; 2026-10-01 ratio=100.26 momentum=103.39; 2026-10-05 ratio=100.06 momentum=101.21; 2026-10-06 ratio=100.10 momentum=102.54,73.2
stock,Elitecon Inter.,ELITECON.NS,Cigarettes & Tobacco Products,Fast Moving Consumer Goods,1198.7,0.66,-85.05,-269.56,1880.69,500.55,7.4,46.33,,insufficient_data,0,,,,,{},insufficient_data,insufficient_data,,,,,False,False,,0.0
stock,NTC Industries,NTCIND.NS,Cigarettes & Tobacco Products,Fast Moving Consumer Goods,190.67,0.0,6.12,7.94,25.23,-10.25,9.53,11.14,,insufficient_data,0,,,,,{},insufficient_data,insufficient_data,,,,,False,False,,0.0
stock,Shanthala FMCG,SHANTHALA.NS,Cigarettes & Tobacco Products,Fast Moving Consumer Goods,9.51,0.0,0.72,71.43,25.82,-0.12,7.49,5.98,,not_stage_2,0,14.2,21.64,-9.32,0.00062,"{'price_above_30w_ma': False, '30w_ma_rising': False, 'price_above_10w_ma': False, 'relative_strength_positive': False, 'near_52w_high': False}",lagging,lagging,98.5,98.81,0.09,2.58,False,False,2026-09-29 ratio=98.41 momentum=96.23; 2026-09-30 ratio=97.66 momentum=97.18; 2026-10-01 ratio=97.98 momentum=98.00; 2026-10-05 ratio=98.28 momentum=98.40; 2026-10-06 ratio=98.50 momentum=98.81,0.0
stock,Marc Technocrats,MARC.NS,Consulting Services,Services,269.83,0.0,4.81,,37.53,,25.6,29.22,,stage_2,5,148.45,104.5,12.4,0.00652,"{'price_above_30w_ma': True, '30w_ma_rising': True, 'price_above_10w_ma': True, 'relative_strength_positive': True, 'near_52w_high': True}",weakening,weakening,101.12,99.05,-0.14,-0.93,False,False,2026-09-29 ratio=101.26 momentum=99.98; 2026-09-30 ratio=101.26 momentum=98.49; 2026-10-01 ratio=101.10 momentum=95.76; 2026-10-05 ratio=100.77 momentum=94.49; 2026-10-06 ratio=101.12 momentum=99.05,155.4
stock,EKI Energy,EKI.NS,Consulting Services,Services,239.32,0.0,-15.93,-2094.44,10.46,-29.99,,-6.15,,insufficient_data,0,,,,,{},insufficient_data,insufficient_data,,,,,False,False,,0.0
stock,AAA Technologies,AAATECH.NS,Consulting Services,Services,137.21,0.94,0.87,12.99,3.76,1.62,65.96,8.96,,not_stage_2,4,103.53,94.71,-0.32,0.00455,"{'price_above_30w_ma': True, '30w_ma_rising': False, 'price_above_10w_ma': True, 'relative_strength_positive': True, 'near_52w_high': True}",leading,leading,103.1,101.49,0.01,0.44,False,False,2026-09-29 ratio=103.08 momentum=101.05; 2026-09-30 ratio=101.74 momentum=100.25; 2026-10-01 ratio=101.38 momentum=102.51; 2026-10-05 ratio=101.81 momentum=103.14; 2026-10-06 ratio=103.10 momentum=101.49,122.95
stock,Mitcon Consult.,MITCON.NS,Consulting Services,Services,136.72,0.0,2.75,151.38,67.58,176.63,14.04,8.83,,stage_2,4,79.35,76.78,4.73,0.00348,"{'price_above_30w_ma': True, '30w_ma_rising': True, 'price_above_10w_ma': False, 'relative_strength_positive': True, 'near_52w_high': True}",weakening,weakening,100.8,99.25,-1.03,-0.37,False,False,2026-09-29 ratio=101.83 momentum=99.62; 2026-09-30 ratio=101.86 momentum=99.90; 2026-10-01 ratio=101.38 momentum=99.44; 2026-10-05 ratio=101.39 momentum=99.80; 2026-10-06 ratio=100.80 momentum=99.25,118.46
stock,Dhruv Consultanc,DHRUV.NS,Consulting Services,Services,35.96,0.0,-4.74,-396.25,15.55,-26.09,,-32.46,,not_stage_2,0,19.5,27.13,-3.88,0.00086,"{'price_above_30w_ma': False, '30w_ma_rising': False, 'price_above_10w_ma': False, 'relative_strength_positive': False, 'near_52w_high': False}",lagging,lagging,97.69,99.5,-0.91,0.22,False,False,2026-09-29 ratio=98.60 momentum=99.27; 2026-09-30 ratio=97.97 momentum=99.23; 2026-10-01 ratio=97.90 momentum=98.45; 2026-10-05 ratio=97.71 momentum=98.74; 2026-10-06 ratio=97.69 momentum=99.50,0.0
stock,Manglam Infra,MIEL.NS,Consulting Services,Services,22.0,0.0,1.6,1700.0,21.86,-21.42,7.01,9.5,,insufficient_data,0,,,,,{},insufficient_data,insufficient_data,,,,,False,False,,0.0
stock,Physicswallah,PWL.NS,E-Learning,Consumer Services,40532.92,0.0,-88.28,35.6,1053.95,24.42,663.26,3.99,,stage_2,5,131.86,117.82,5.02,0.00579,"{'price_above_30w_ma': True, '30w_ma_rising': True, 'price_above_10w_ma': True, 'relative_strength_positive': True, 'near_52w_high': True}",leading,weakening,101.59,100.01,0.83,0.28,True,False,2026-09-29 ratio=100.77 momentum=99.72; 2026-09-30 ratio=100.61 momentum=100.15; 2026-10-01 ratio=100.29 momentum=99.45; 2026-10-05 ratio=101.74 momentum=99.88; 2026-10-06 ratio=101.59 momentum=100.01,173.04
stock,Jaro Institute,JARO.NS,E-Learning,Consumer Services,921.51,1.21,11.17,48.34,70.75,16.61,16.3,22.09,,not_stage_2,0,413.85,472.21,-0.24,0.01817,"{'price_above_30w_ma': False, '30w_ma_rising': False, 'price_above_10w_ma': False, 'relative_strength_positive': False, 'near_52w_high': False}",lagging,lagging,98.75,97.19,-0.39,-0.27,False,False,2026-09-29 ratio=99.13 momentum=97.46; 2026-09-30 ratio=99.19 momentum=97.94; 2026-10-01 ratio=98.69 momentum=97.38; 2026-10-05 ratio=98.38 momentum=97.56; 2026-10-06 ratio=98.75 momentum=97.19,0.0
stock,Veranda Learning,VERANDA.NS,E-Learning,Consumer Services,306.47,0.0,33.87,854.4,149.54,41.52,4.75,12.83,,not_stage_2,1,29.72,210.76,0.31,0.0013,"{'price_above_30w_ma': False, '30w_ma_rising': True, 'price_above_10w_ma': False, 'relative_strength_positive': False, 'near_52w_high': False}",lagging,improving,93.28,96.95,-6.23,-4.15,False,False,2026-09-29 ratio=99.51 momentum=101.10; 2026-09-30 ratio=99.31 momentum=101.04; 2026-10-01 ratio=98.68 momentum=100.78; 2026-10-05 ratio=98.45 momentum=99.43; 2026-10-06 ratio=93.28 momentum=96.95,20.62
stock,Addictive Learn,ADDICTIVE.NS,E-Learning,Consumer Services,68.09,0.0,0.31,-75.97,22.69,8.41,,0.9,,insufficient_data,0,,,,,{},insufficient_data,insufficient_data,,,,,False,False,,0.0
stock,G-Tec Janix,GTECJAINX.NS,E-Learning,Consumer Services,36.36,0.0,0.3,100.0,2.25,-10.36,,-36.32,,stage_2,5,36.19,25.7,6.51,0.00159,"{'price_above_30w_ma': True, '30w_ma_rising': True, 'price_above_10w_ma': True, 'relative_strength_positive': True, 'near_52w_high': True}",leading,leading,103.21,101.88,0.53,0.88,False,False,2026-09-29 ratio=102.68 momentum=101.00; 2026-09-30 ratio=104.55 momentum=102.49; 2026-10-01 ratio=105.09 momentum=102.32; 2026-10-05 ratio=104.51 momentum=102.11; 2026-10-06 ratio=103.21 momentum=101.88,183.47
stock,Usha Mart. Edu.,UMESLTD.NS,E-Learning,Consumer Services,11.66,0.0,0.02,0.0,0.12,-7.69,28.43,18.01,,not_stage_2,0,4.45,5.56,-0.65,0.0002,"{'price_above_30w_ma': False, '30w_ma_rising': False, 'price_above_10w_ma': False, 'relative_strength_positive': False, 'near_52w_high': False}",improving,improving,98.93,105.86,0.23,4.41,False,True,2026-09-29 ratio=98.71 momentum=101.45; 2026-09-30 ratio=98.98 momentum=103.80; 2026-10-01 ratio=99.28 momentum=104.93; 2026-10-05 ratio=98.80 momentum=102.31; 2026-10-06 ratio=98.93 momentum=105.86,29.3
stock,Docmode Health,DHTL.NS,E-Learning,Consumer Services,7.38,0.0,-0.07,95.57,7.67,-64.07,,6.12,,not_stage_2,0,23.55,37.75,-6.03,0.00103,"{'price_above_30w_ma': False, '30w_ma_rising': False, 'price_above_10w_ma': False, 'relative_strength_positive': False, 'near_52w_high': False}",lagging,lagging,97.67,96.43,-0.6,-0.41,False,False,2026-09-29 ratio=98.27 momentum=96.84; 2026-09-30 ratio=97.93 momentum=97.97; 2026-10-01 ratio=97.69 momentum=96.42; 2026-10-05 ratio=98.08 momentum=100.84; 2026-10-06 ratio=97.67 momentum=96.43,0.0
stock,PVR Inox,PVRINOX.NS,"Film Production, Distribution & Exhibition","Media, Entertainment & Publication",13175.54,0.0,56.5,220.3,1622.2,11.91,41.54,6.79,,stage_2,5,1249.4,1072.57,3.17,0.05486,"{'price_above_30w_ma': True, '30w_ma_rising': True, 'price_above_10w_ma': True, 'relative_strength_positive': True, 'near_52w_high': True}",weakening,weakening,101.24,97.13,0.58,-1.29,False,False,2026-09-29 ratio=100.66 momentum=98.42; 2026-09-30 ratio=101.32 momentum=99.24; 2026-10-01 ratio=101.10 momentum=98.66; 2026-10-05 ratio=101.20 momentum=97.87; 2026-10-06 ratio=101.24 momentum=97.13,137.54
stock,Media Matrix,MMWL.NS,"Film Production, Distribution & Exhibition","Media, Entertainment & Publication",2021.29,0.0,3.58,84.46,428.45,83.37,284.69,9.71,,insufficient_data,0,,,,,{},leading,leading,103.47,103.27,2.73,2.69,False,False,2026-09-29 ratio=100.74 momentum=100.58; 2026-09-30 ratio=101.83 momentum=102.24; 2026-10-01 ratio=102.84 momentum=102.88; 2026-10-05 ratio=103.28 momentum=103.32; 2026-10-06 ratio=103.47 momentum=103.27,53.7
stock,Panorama Studios,PANORAMA.NS,"Film Production, Distribution & Exhibition","Media, Entertainment & Publication",1725.18,0.0,12.71,165.95,183.07,34.26,71.47,8.7,,insufficient_data,0,,,,,{},insufficient_data,insufficient_data,,,,,False,False,,0.0
stock,Sunshine Picture,SUNSHINE.NS,"Film Production, Distribution & Exhibition","Media, Entertainment & Publication",1399.2,0.0,0.25,123.15,6.48,16100.0,34.2,40.96,,insufficient_data,0,,,,,{},insufficient_data,insufficient_data,,,,,False,False,,0.0
stock,Connplex Cinemas,CONNPLEX.NS,"Film Production, Distribution & Exhibition","Media, Entertainment & Publication",490.21,0.0,13.03,38.91,83.46,51.97,18.93,43.55,,insufficient_data,0,,,,,{},insufficient_data,insufficient_data,,,,,False,False,,0.0
stock,Cineline India,CINELINE.NS,"Film Production, Distribution & Exhibition","Media, Entertainment & Publication",353.36,1.34,-1.21,74.27,59.27,30.87,26.25,10.86,,stage_2,4,87.72,85.1,0.37,0.00385,"{'price_above_30w_ma': True, '30w_ma_rising': True, 'price_above_10w_ma': False, 'relative_strength_positive': True, 'near_52w_high': True}",weakening,weakening,100.59,97.55,-0.23,0.69,False,False,2026-09-29 ratio=100.82 momentum=96.86; 2026-09-30 ratio=100.62 momentum=97.93; 2026-10-01 ratio=100.54 momentum=91.95; 2026-10-05 ratio=100.45 momentum=95.98; 2026-10-06 ratio=100.59 momentum=97.55,108.69
stock,UFO Moviez,UFO.NS,"Film Production, Distribution & Exhibition","Media, Entertainment & Publication",220.53,0.0,5.64,-13.5,110.69,3.81,9.18,11.19,,not_stage_2,0,57.38,67.77,-1.96,0.00252,"{'price_above_30w_ma': False, '30w_ma_rising': False, 'price_above_10w_ma': False, 'relative_strength_positive': False, 'near_52w_high': False}",improving,improving,97.89,100.09,-0.46,-2.23,False,False,2026-09-29 ratio=98.35 momentum=102.32; 2026-09-30 ratio=98.12 momentum=99.27; 2026-10-01 ratio=97.65 momentum=97.00; 2026-10-05 ratio=97.96 momentum=100.16; 2026-10-06 ratio=97.89 momentum=100.09,0.45
stock,Tips Films,TIPSFILMS.NS,"Film Production, Distribution & Exhibition","Media, Entertainment & Publication",142.86,0.0,-29.41,-720.46,47.96,-49.71,,-6.69,,not_stage_2,1,334.55,348.46,-1.04,0.01469,"{'price_above_30w_ma': False, '30w_ma_rising': False, 'price_above_10w_ma': False, 'relative_strength_positive': True, 'near_52w_high': False}",leading,leading,100.31,101.92,-0.18,-0.12,False,False,2026-09-29 ratio=100.49 momentum=102.04; 2026-09-30 ratio=99.50 momentum=100.78; 2026-10-01 ratio=99.46 momentum=100.50; 2026-10-05 ratio=99.23 momentum=100.02; 2026-10-06 ratio=100.31 momentum=101.92,51.15
stock,Mukta Arts,MUKTAARTS.NS,"Film Production, Distribution & Exhibition","Media, Entertainment & Publication",127.61,0.0,-2.15,64.7,40.59,10.51,,4.41,,stage_2,5,57.04,55.47,1.0,0.0025,"{'price_above_30w_ma': True, '30w_ma_rising': True, 'price_above_10w_ma': True, 'relative_strength_positive': True, 'near_52w_high': True}",leading,leading,101.4,102.09,-0.04,2.08,False,False,2026-09-29 ratio=101.44 momentum=100.01; 2026-09-30 ratio=101.79 momentum=102.54; 2026-10-01 ratio=101.34 momentum=101.48; 2026-10-05 ratio=100.55 momentum=98.21; 2026-10-06 ratio=101.40 momentum=102.09,164.45
stock,Baweja Studios L,BAWEJA.NS,"Film Production, Distribution & Exhibition","Media, Entertainment & Publication",46.52,0.0,4.57,-13.28,33.44,-22.93,7.65,7.94,,not_stage_2,2,26.1,28.13,-1.97,0.00115,"{'price_above_30w_ma': False, '30w_ma_rising': False, 'price_above_10w_ma': True, 'relative_strength_positive': True, 'near_52w_high': False}",leading,leading,101.36,103.29,0.24,0.99,False,False,2026-09-29 ratio=101.12 momentum=102.30; 2026-09-30 ratio=101.02 momentum=102.27; 2026-10-01 ratio=101.73 momentum=103.08; 2026-10-05 ratio=101.47 momentum=104.45; 2026-10-06 ratio=101.36 momentum=103.29,83.25
stock,Metro Brands,METROBRAND.NS,Footwear,Consumer Durables,22472.59,0.73,95.26,-4.79,720.36,14.66,55.29,20.12,,not_stage_2,0,818.85,983.86,-1.75,0.03595,"{'price_above_30w_ma': False, '30w_ma_rising': False, 'price_above_10w_ma': False, 'relative_strength_positive': False, 'near_52w_high': False}",lagging,lagging,98.0,96.45,-1.18,-1.41,False,False,2026-09-29 ratio=99.19 momentum=97.87; 2026-09-30 ratio=98.57 momentum=96.63; 2026-10-01 ratio=98.56 momentum=96.43; 2026-10-05 ratio=97.97 momentum=96.22; 2026-10-06 ratio=98.00 momentum=96.45,0.0
stock,Bata India,BATAINDIA.NS,Footwear,Consumer Durables,7895.54,4.06,63.98,15.88,978.95,3.94,45.42,12.74,,not_stage_2,0,619.85,686.62,-2.57,0.02721,"{'price_above_30w_ma': False, '30w_ma_rising': False, 'price_above_10w_ma': False, 'relative_strength_positive': False, 'near_52w_high': False}",improving,improving,98.87,103.1,0.09,2.6,False,True,2026-09-29 ratio=98.79 momentum=100.50; 2026-09-30 ratio=98.88 momentum=103.60; 2026-10-01 ratio=98.90 momentum=102.23; 2026-10-05 ratio=98.71 momentum=101.30; 2026-10-06 ratio=98.87 momentum=103.10,15.5
stock,Relaxo Footwear,RELAXO.NS,Footwear,Consumer Durables,7173.09,1.22,54.94,12.35,705.05,7.73,38.71,11.18,,not_stage_2,0,290.5,336.47,-1.55,0.01275,"{'price_above_30w_ma': False, '30w_ma_rising': False, 'price_above_10w_ma': False, 'relative_strength_positive': False, 'near_52w_high': False}",improving,improving,98.71,104.15,0.2,2.68,False,True,2026-09-29 ratio=98.51 momentum=101.47; 2026-09-30 ratio=98.60 momentum=102.00; 2026-10-01 ratio=98.57 momentum=101.29; 2026-10-05 ratio=98.50 momentum=103.54; 2026-10-06 ratio=98.71 momentum=104.15,20.75
stock,Campus Activewe.,CAMPUS.NS,Footwear,Consumer Durables,6373.41,0.72,26.14,17.75,385.2,12.21,41.38,21.22,,not_stage_2,0,208.68,230.17,-2.39,0.00916,"{'price_above_30w_ma': False, '30w_ma_rising': False, 'price_above_10w_ma': False, 'relative_strength_positive': False, 'near_52w_high': False}",leading,leading,100.06,101.78,-0.52,0.64,False,False,2026-09-29 ratio=100.58 momentum=101.15; 2026-09-30 ratio=100.56 momentum=101.77; 2026-10-01 ratio=100.18 momentum=101.14; 2026-10-05 ratio=99.23 momentum=99.90; 2026-10-06 ratio=100.06 momentum=101.78,29.2
stock,Redtape,REDTAPE.NS,Footwear,Consumer Durables,6281.55,1.76,44.48,15.23,481.28,3.65,25.49,24.48,,not_stage_2,1,114.8,126.86,-0.21,0.00504,"{'price_above_30w_ma': False, '30w_ma_rising': False, 'price_above_10w_ma': False, 'relative_strength_positive': False, 'near_52w_high': True}",improving,improving,99.31,101.19,-0.61,1.01,False,False,2026-09-29 ratio=99.92 momentum=100.18; 2026-09-30 ratio=100.10 momentum=101.86; 2026-10-01 ratio=99.82 momentum=100.94; 2026-10-05 ratio=99.32 momentum=100.57; 2026-10-06 ratio=99.31 momentum=101.19,25.95
stock,Sreeleathers,SREEL.NS,Footwear,Consumer Durables,649.18,0.7,6.99,138.57,59.63,19.74,19.76,6.97,,stage_2,5,286.85,221.15,5.86,0.01259,"{'price_above_30w_ma': True, '30w_ma_rising': True, 'price_above_10w_ma': True, 'relative_strength_positive': True, 'near_52w_high': True}",weakening,weakening,100.86,99.58,-0.24,4.65,False,False,2026-09-29 ratio=101.10 momentum=94.93; 2026-09-30 ratio=101.05 momentum=96.26; 2026-10-01 ratio=101.19 momentum=98.34; 2026-10-05 ratio=101.06 momentum=99.71; 2026-10-06 ratio=100.86 momentum=99.58,141.02
stock,Liberty Shoes,LIBERTSHOE.NS,Footwear,Consumer Durables,368.15,0.0,0.68,-76.97,169.86,-1.7,43.21,7.91,,not_stage_2,0,218.57,247.34,-1.15,0.0096,"{'price_above_30w_ma': False, '30w_ma_rising': False, 'price_above_10w_ma': False, 'relative_strength_positive': False, 'near_52w_high': False}",improving,improving,99.01,101.02,-0.54,-0.73,False,False,2026-09-29 ratio=99.54 momentum=101.75; 2026-09-30 ratio=99.25 momentum=101.52; 2026-10-01 ratio=99.07 momentum=101.61; 2026-10-05 ratio=98.59 momentum=100.16; 2026-10-06 ratio=99.01 momentum=101.02,5.1
stock,Brandman Retail,BRANDMAN.NS,Footwear,Consumer Durables,299.28,0.0,4.76,1152.63,45.19,287.56,10.08,36.81,,insufficient_data,0,,,,,{},insufficient_data,insufficient_data,,,,,False,False,,0.0
stock,Khadim India,KHADIM.NS,Footwear,Consumer Durables,211.44,0.0,0.52,-39.53,77.84,-18.66,46.88,7.79,,stage_2,4,114.7,104.27,0.23,0.00504,"{'price_above_30w_ma': True, '30w_ma_rising': True, 'price_above_10w_ma': True, 'relative_strength_positive': True, 'near_52w_high': False}",weakening,weakening,100.78,95.74,-0.24,-0.86,False,False,2026-09-29 ratio=101.01 momentum=96.60; 2026-09-30 ratio=100.90 momentum=97.55; 2026-10-01 ratio=100.88 momentum=97.34; 2026-10-05 ratio=100.94 momentum=97.06; 2026-10-06 ratio=100.78 momentum=95.74,109.36
stock,ICICI Lombard,ICICIGI.NS,General Insurance,Financial Services,79793.21,0.85,403.17,-46.03,7088.22,10.83,32.86,21.88,,not_stage_2,3,1598.3,1697.76,-2.64,0.07017,"{'price_above_30w_ma': False, '30w_ma_rising': False, 'price_above_10w_ma': True, 'relative_strength_positive': True, 'near_52w_high': True}",leading,leading,101.7,102.33,1.34,0.17,False,False,2026-09-29 ratio=100.36 momentum=102.16; 2026-09-30 ratio=101.93 momentum=103.25; 2026-10-01 ratio=101.59 momentum=102.29; 2026-10-05 ratio=102.03 momentum=103.14; 2026-10-06 ratio=101.70 momentum=102.33,100.15
stock,General Insuranc,GICRE.NS,General Insurance,Financial Services,55553.21,4.19,1743.67,-31.1,14400.9,-1.52,6.26,17.35,,not_stage_2,1,314.25,366.84,-1.44,0.0138,"{'price_above_30w_ma': False, '30w_ma_rising': False, 'price_above_10w_ma': False, 'relative_strength_positive': False, 'near_52w_high': True}",lagging,lagging,96.46,96.8,-0.73,-0.99,False,False,2026-09-29 ratio=97.19 momentum=97.79; 2026-09-30 ratio=99.76 momentum=100.76; 2026-10-01 ratio=98.87 momentum=99.58; 2026-10-05 ratio=97.57 momentum=96.17; 2026-10-06 ratio=96.46 momentum=96.80,20.0
stock,Star Health Insu,STARHEALTH.NS,General Insurance,Financial Services,32597.96,0.0,549.73,25.46,5522.07,13.15,38.61,9.69,,stage_2,4,550.55,541.17,2.22,0.02417,"{'price_above_30w_ma': True, '30w_ma_rising': True, 'price_above_10w_ma': False, 'relative_strength_positive': True, 'near_52w_high': True}",leading,improving,100.66,103.46,1.19,2.33,True,False,2026-09-29 ratio=99.46 momentum=101.12; 2026-09-30 ratio=99.37 momentum=100.69; 2026-10-01 ratio=100.17 momentum=100.21; 2026-10-05 ratio=99.62 momentum=101.18; 2026-10-06 ratio=100.66 momentum=103.46,160.04
stock,New India Assura,NIACL.NS,General Insurance,Financial Services,26262.43,0.94,-239.15,-160.61,11899.69,1.54,34.14,4.29,,not_stage_2,1,160.72,169.97,2.3,0.00706,"{'price_above_30w_ma': False, '30w_ma_rising': True, 'price_above_10w_ma': False, 'relative_strength_positive': False, 'near_52w_high': False}",lagging,lagging,98.98,97.53,-0.53,-0.3,False,False,2026-09-29 ratio=99.51 momentum=97.83; 2026-09-30 ratio=99.47 momentum=98.24; 2026-10-01 ratio=99.09 momentum=95.96; 2026-10-05 ratio=98.91 momentum=97.17; 2026-10-06 ratio=98.98 momentum=97.53,24.6
stock,Go Digit General,GODIGIT.NS,General Insurance,Financial Services,24474.33,0.0,86.39,-37.55,2427.02,8.54,49.7,13.1,,not_stage_2,2,258.6,290.16,-3.66,0.01135,"{'price_above_30w_ma': False, '30w_ma_rising': False, 'price_above_10w_ma': True, 'relative_strength_positive': True, 'near_52w_high': False}",leading,leading,101.8,102.52,0.83,1.2,False,False,2026-09-29 ratio=100.97 momentum=101.31; 2026-09-30 ratio=102.06 momentum=102.08; 2026-10-01 ratio=102.00 momentum=101.61; 2026-10-05 ratio=101.90 momentum=102.46; 2026-10-06 ratio=101.80 momentum=102.52,81.6
stock,Niva Bupa Health,NIVABUPA.NS,General Insurance,Financial Services,14301.89,0.0,137.8,92.89,2471.26,27.93,82.08,3.15,,not_stage_2,2,76.56,80.76,0.43,0.00336,"{'price_above_30w_ma': False, '30w_ma_rising': True, 'price_above_10w_ma': False, 'relative_strength_positive': False, 'near_52w_high': True}",lagging,lagging,99.18,99.58,1.82,3.62,False,False,2026-09-29 ratio=97.36 momentum=95.96; 2026-09-30 ratio=98.39 momentum=98.83; 2026-10-01 ratio=97.92 momentum=98.29; 2026-10-05 ratio=99.17 momentum=100.05; 2026-10-06 ratio=99.18 momentum=99.58,40.86
stock,LG Electronics,LGEINDIA.NS,Household Appliances,Consumer Durables,120889.97,0.0,652.86,27.2,7233.35,15.49,66.25,32.27,,stage_2,5,1758.6,1583.13,1.33,0.07721,"{'price_above_30w_ma': True, '30w_ma_rising': True, 'price_above_10w_ma': True, 'relative_strength_positive': True, 'near_52w_high': True}",leading,leading,101.88,102.23,-0.38,0.03,False,False,2026-09-29 ratio=102.25 momentum=102.20; 2026-09-30 ratio=102.02 momentum=102.22; 2026-10-01 ratio=102.04 momentum=101.66; 2026-10-05 ratio=102.29 momentum=101.03; 2026-10-06 ratio=101.88 momentum=102.23,168.21
stock,Voltas,VOLTAS.NS,Household Appliances,Consumer Durables,34944.99,0.38,212.76,52.19,4673.5,18.66,74.84,9.04,,not_stage_2,0,1067.9,1270.75,-4.15,0.04689,"{'price_above_30w_ma': False, '30w_ma_rising': False, 'price_above_10w_ma': False, 'relative_strength_positive': False, 'near_52w_high': False}",lagging,improving,98.47,98.97,-0.25,-1.12,False,False,2026-09-29 ratio=98.72 momentum=100.09; 2026-09-30 ratio=98.49 momentum=99.72; 2026-10-01 ratio=98.42 momentum=99.26; 2026-10-05 ratio=98.51 momentum=100.73; 2026-10-06 ratio=98.47 momentum=98.97,0.0
stock,Blue Star,BLUESTARCO.NS,Household Appliances,Consumer Durables,31609.96,0.56,102.51,-21.03,3377.92,13.27,59.74,21.24,,not_stage_2,3,1571.5,1619.0,-3.12,0.069,"{'price_above_30w_ma': False, '30w_ma_rising': False, 'price_above_10w_ma': True, 'relative_strength_positive': True, 'near_52w_high': True}",leading,leading,101.53,102.28,0.68,-0.33,False,False,2026-09-29 ratio=100.84 momentum=102.61; 2026-09-30 ratio=100.82 momentum=102.34; 2026-10-01 ratio=100.19 momentum=99.56; 2026-10-05 ratio=100.83 momentum=101.85; 2026-10-06 ratio=101.53 momentum=102.28,99.05
stock,Amber Enterp.,AMBER.NS,Household Appliances,Consumer Durables,24454.61,0.0,3.09,-3.37,3887.72,12.72,118.52,10.29,,not_stage_2,1,6869.0,7440.3,-1.1,0.30159,"{'price_above_30w_ma': False, '30w_ma_rising': False, 'price_above_10w_ma': False, 'relative_strength_positive': False, 'near_52w_high': True}",improving,lagging,99.82,100.37,1.69,2.89,False,True,2026-09-29 ratio=98.13 momentum=97.48; 2026-09-30 ratio=98.76 momentum=99.50; 2026-10-01 ratio=98.15 momentum=97.92; 2026-10-05 ratio=98.50 momentum=98.06; 2026-10-06 ratio=99.82 momentum=100.37,21.85
stock,Crompton Gr. Con,CROMPTON.NS,Household Appliances,Consumer Durables,13546.84,1.42,140.32,12.12,2022.47,11.2,29.84,18.98,,not_stage_2,0,211.98,252.8,-2.03,0.00931,"{'price_above_30w_ma': False, '30w_ma_rising': False, 'price_above_10w_ma': False, 'relative_strength_positive': False, 'near_52w_high': False}",lagging,lagging,98.62,99.9,0.32,2.94,False,False,2026-09-29 ratio=98.30 momentum=96.96; 2026-09-30 ratio=98.21 momentum=98.54; 2026-10-01 ratio=97.92 momentum=97.31; 2026-10-05 ratio=98.71 momentum=99.46; 2026-10-06 ratio=98.62 momentum=99.90,0.0
stock,V-Guard Industri,VGUARD.NS,Household Appliances,Consumer Durables,13199.24,0.5,130.25,76.37,1810.65,23.5,34.73,18.38,,not_stage_2,1,306.3,315.98,-0.31,0.01345,"{'price_above_30w_ma': False, '30w_ma_rising': False, 'price_above_10w_ma': False, 'relative_strength_positive': False, 'near_52w_high': True}",lagging,weakening,99.86,97.54,-0.24,-0.75,False,False,2026-09-29 ratio=100.10 momentum=98.29; 2026-09-30 ratio=99.40 momentum=96.77; 2026-10-01 ratio=99.41 momentum=96.25; 2026-10-05 ratio=99.38 momentum=96.73; 2026-10-06 ratio=99.86 momentum=97.54,20.0
stock,Whirlpool India,WHIRLPOOL.NS,Household Appliances,Consumer Durables,10724.54,0.59,102.88,-29.4,2726.75,12.1,39.33,10.67,,not_stage_2,3,867.8,827.75,-0.88,0.0381,"{'price_above_30w_ma': True, '30w_ma_rising': False, 'price_above_10w_ma': True, 'relative_strength_positive': True, 'near_52w_high': False}",leading,leading,101.74,102.22,-1.1,1.07,False,False,2026-09-29 ratio=102.84 momentum=101.15; 2026-09-30 ratio=102.68 momentum=101.57; 2026-10-01 ratio=102.12 momentum=101.56; 2026-10-05 ratio=102.07 momentum=102.03; 2026-10-06 ratio=101.74 momentum=102.22,99.8
stock,TTK Prestige,TTKPRESTIG.NS,Household Appliances,Consumer Durables,7113.9,1.45,58.97,103.94,813.85,33.57,34.37,12.1,,not_stage_2,2,522.85,548.27,0.1,0.02296,"{'price_above_30w_ma': False, '30w_ma_rising': True, 'price_above_10w_ma': False, 'relative_strength_positive': False, 'near_52w_high': True}",improving,improving,99.15,102.64,-0.18,0.31,False,False,2026-09-29 ratio=99.33 momentum=102.34; 2026-09-30 ratio=98.95 momentum=100.80; 2026-10-01 ratio=98.85 momentum=100.17; 2026-10-05 ratio=98.98 momentum=101.68; 2026-10-06 ratio=99.15 momentum=102.64,53.4
stock,Eureka Forbes,EUREKAFORB.NS,Household Appliances,Consumer Durables,6808.96,0.0,55.44,6.98,700.77,15.31,34.05,5.86,,not_stage_2,0,353.8,446.38,-2.87,0.01553,"{'price_above_30w_ma': False, '30w_ma_rising': False, 'price_above_10w_ma': False, 'relative_strength_positive': False, 'near_52w_high': False}",improving,lagging,98.16,102.3,-0.02,3.96,False,False,2026-09-29 ratio=98.18 momentum=98.34; 2026-09-30 ratio=98.23 momentum=98.51; 2026-10-01 ratio=98.08 momentum=98.10; 2026-10-05 ratio=97.68 momentum=97.78; 2026-10-06 ratio=98.16 momentum=102.30,11.5
stock,Bosch Home Comfort,BOSCH-HCIL.NS,Household Appliances,Consumer Durables,5294.07,1.85,22.79,29.34,1095.52,28.49,262.21,4.78,,stage_2,5,1976.9,1482.61,4.78,0.0868,"{'price_above_30w_ma': True, '30w_ma_rising': True, 'price_above_10w_ma': True, 'relative_strength_positive': True, 'near_52w_high': True}",leading,leading,101.94,102.44,-0.2,-0.59,False,False,2026-09-29 ratio=102.14 momentum=103.03; 2026-09-30 ratio=101.78 momentum=102.07; 2026-10-01 ratio=102.27 momentum=102.92; 2026-10-05 ratio=102.25 momentum=102.59; 2026-10-06 ratio=101.94 momentum=102.44,176.46
stock,Adani Total Gas,ATGL.NS,LPG/CNG/PNG/LNG Supplier,"Oil, Gas & Consumable Fuels",64019.7,0.04,133.03,-17.97,1743.48,27.1,105.34,15.09,,not_stage_2,2,588.45,646.38,1.91,0.02584,"{'price_above_30w_ma': False, '30w_ma_rising': True, 'price_above_10w_ma': False, 'relative_strength_positive': False, 'near_52w_high': True}",lagging,improving,99.12,96.29,-0.02,-4.76,False,False,2026-09-29 ratio=99.14 momentum=101.05; 2026-09-30 ratio=99.60 momentum=101.68; 2026-10-01 ratio=99.29 momentum=101.32; 2026-10-05 ratio=99.12 momentum=94.64; 2026-10-06 ratio=99.12 momentum=96.29,43.82
stock,Petronet LNG,PETRONET.NS,LPG/CNG/PNG/LNG Supplier,"Oil, Gas & Consumable Fuels",44609.98,3.37,1137.14,35.07,5557.84,-53.22,10.6,22.55,,not_stage_2,4,297.5,277.61,-0.53,0.01306,"{'price_above_30w_ma': True, '30w_ma_rising': False, 'price_above_10w_ma': True, 'relative_strength_positive': True, 'near_52w_high': True}",leading,weakening,102.37,102.17,0.97,2.65,True,False,2026-09-29 ratio=101.40 momentum=99.53; 2026-09-30 ratio=101.63 momentum=101.12; 2026-10-01 ratio=101.90 momentum=101.65; 2026-10-05 ratio=102.08 momentum=100.05; 2026-10-06 ratio=102.37 momentum=102.17,132.7
stock,Gujarat Energy,GUJENERGY.NS,LPG/CNG/PNG/LNG Supplier,"Oil, Gas & Consumable Fuels",21433.9,3.9,1007.4,69.8,9544.98,63.12,10.96,11.73,,not_stage_2,0,229.97,313.75,-6.38,0.0101,"{'price_above_30w_ma': False, '30w_ma_rising': False, 'price_above_10w_ma': False, 'relative_strength_positive': False, 'near_52w_high': False}",improving,improving,98.45,100.82,-0.54,-0.05,False,False,2026-09-29 ratio=98.99 momentum=100.87; 2026-09-30 ratio=99.22 momentum=101.20; 2026-10-01 ratio=98.70 momentum=101.05; 2026-10-05 ratio=98.82 momentum=100.31; 2026-10-06 ratio=98.45 momentum=100.82,4.1
stock,Indraprastha Gas,IGL.NS,LPG/CNG/PNG/LNG Supplier,"Oil, Gas & Consumable Fuels",20493.37,3.25,237.92,-43.97,4586.73,17.19,15.06,17.52,,not_stage_2,0,141.38,155.39,-1.59,0.00621,"{'price_above_30w_ma': False, '30w_ma_rising': False, 'price_above_10w_ma': False, 'relative_strength_positive': False, 'near_52w_high': False}",lagging,lagging,99.32,97.61,-0.37,2.3,False,False,2026-09-29 ratio=99.69 momentum=95.31; 2026-09-30 ratio=101.20 momentum=100.53; 2026-10-01 ratio=100.62 momentum=99.67; 2026-10-05 ratio=100.06 momentum=98.88; 2026-10-06 ratio=99.32 momentum=97.61,0.0
stock,Mahanagar Gas,MGL.NS,LPG/CNG/PNG/LNG Supplier,"Oil, Gas & Consumable Fuels",10287.7,2.88,193.7,-39.39,2371.71,13.95,14.27,17.14,,not_stage_2,1,1039.8,1092.09,-0.6,0.04565,"{'price_above_30w_ma': False, '30w_ma_rising': False, 'price_above_10w_ma': False, 'relative_strength_positive': False, 'near_52w_high': True}",lagging,weakening,99.53,98.61,-1.06,-0.94,False,False,2026-09-29 ratio=100.59 momentum=99.54; 2026-09-30 ratio=101.32 momentum=100.63; 2026-10-01 ratio=101.06 momentum=101.60; 2026-10-05 ratio=100.50 momentum=99.42; 2026-10-06 ratio=99.53 momentum=98.61,20.0
stock,GSPL Transmission,GSPLTRANS.NS,LPG/CNG/PNG/LNG Supplier,"Oil, Gas & Consumable Fuels",3677.91,0.0,,,,,,,,insufficient_data,0,,,,,{},insufficient_data,insufficient_data,,,,,False,False,,0.0
stock,Confidence Petro,CONFIPET.NS,LPG/CNG/PNG/LNG Supplier,"Oil, Gas & Consumable Fuels",3055.36,0.11,62.55,207.04,2408.53,116.6,22.69,9.23,,stage_2,5,86.67,69.72,11.95,0.00381,"{'price_above_30w_ma': True, '30w_ma_rising': True, 'price_above_10w_ma': True, 'relative_strength_positive': True, 'near_52w_high': True}",weakening,weakening,101.2,95.66,-0.36,-2.72,False,False,2026-09-29 ratio=101.56 momentum=98.38; 2026-09-30 ratio=101.67 momentum=98.94; 2026-10-01 ratio=101.41 momentum=98.48; 2026-10-05 ratio=101.30 momentum=92.69; 2026-10-06 ratio=101.20 momentum=95.66,154.9
stock,IRM Energy,IRMENERGY.NS,LPG/CNG/PNG/LNG Supplier,"Oil, Gas & Consumable Fuels",1080.28,0.57,33.81,142.89,325.85,24.13,14.78,8.63,,not_stage_2,1,262.1,263.93,1.99,0.01151,"{'price_above_30w_ma': False, '30w_ma_rising': True, 'price_above_10w_ma': False, 'relative_strength_positive': False, 'near_52w_high': False}",lagging,leading,99.73,97.69,-0.68,-4.0,False,False,2026-09-29 ratio=100.42 momentum=101.69; 2026-09-30 ratio=100.24 momentum=103.61; 2026-10-01 ratio=99.79 momentum=97.27; 2026-10-05 ratio=99.77 momentum=97.75; 2026-10-06 ratio=99.73 momentum=97.69,23.98
stock,Axiom Gas Engi.,AXIOMGAS.NS,LPG/CNG/PNG/LNG Supplier,"Oil, Gas & Consumable Fuels",148.45,0.0,2.24,,21.23,,15.71,32.1,,insufficient_data,0,,,,,{},insufficient_data,insufficient_data,,,,,False,False,,0.0
stock,Life Insurance,LICI.NS,Life Insurance,Financial Services,488669.32,2.59,13584.25,23.98,239865.7,6.76,8.13,35.14,,not_stage_2,1,390.0,408.89,-0.49,0.01712,"{'price_above_30w_ma': False, '30w_ma_rising': False, 'price_above_10w_ma': False, 'relative_strength_positive': False, 'near_52w_high': True}",improving,improving,99.95,100.71,-0.03,-0.64,False,False,2026-09-29 ratio=99.98 momentum=101.34; 2026-09-30 ratio=100.62 momentum=102.61; 2026-10-01 ratio=100.64 momentum=102.16; 2026-10-05 ratio=100.16 momentum=99.57; 2026-10-06 ratio=99.95 momentum=100.71,23.55
stock,SBI Life Insuran,SBILIFE.NS,Life Insurance,Financial Services,172802.77,0.16,724.93,21.97,46336.78,18.82,66.44,14.95,,not_stage_2,2,1750.0,1809.74,-1.84,0.07683,"{'price_above_30w_ma': False, '30w_ma_rising': False, 'price_above_10w_ma': False, 'relative_strength_positive': True, 'near_52w_high': True}",leading,leading,101.18,103.06,0.29,-2.1,False,False,2026-09-29 ratio=100.89 momentum=105.16; 2026-09-30 ratio=100.19 momentum=103.00; 2026-10-01 ratio=101.07 momentum=101.31; 2026-10-05 ratio=100.61 momentum=102.92; 2026-10-06 ratio=101.18 momentum=103.06,81.2
stock,HDFC Life Insur.,HDFCLIFE.NS,Life Insurance,Financial Services,118787.09,0.38,611.19,11.46,33758.51,14.58,60.14,10.3,,not_stage_2,2,543.95,572.11,-3.26,0.02388,"{'price_above_30w_ma': False, '30w_ma_rising': False, 'price_above_10w_ma': True, 'relative_strength_positive': True, 'near_52w_high': False}",weakening,leading,101.92,99.66,1.27,-1.94,False,False,2026-09-29 ratio=100.65 momentum=101.60; 2026-09-30 ratio=100.65 momentum=100.36; 2026-10-01 ratio=101.94 momentum=99.37; 2026-10-05 ratio=101.42 momentum=99.61; 2026-10-06 ratio=101.92 momentum=99.66,49.6
stock,ICICI Pru Life,ICICIPRULI.NS,Life Insurance,Financial Services,66466.07,0.36,623.91,61.94,3185.46,-79.69,41.34,10.14,,not_stage_2,0,459.5,505.37,-4.06,0.02017,"{'price_above_30w_ma': False, '30w_ma_rising': False, 'price_above_10w_ma': False, 'relative_strength_positive': False, 'near_52w_high': False}",lagging,lagging,99.1,98.04,1.53,-1.64,False,False,2026-09-29 ratio=97.57 momentum=99.67; 2026-09-30 ratio=97.84 momentum=99.11; 2026-10-01 ratio=98.64 momentum=98.10; 2026-10-05 ratio=99.05 momentum=98.31; 2026-10-06 ratio=99.10 momentum=98.04,0.0
stock,Max Financial,MFSL.NS,Life Insurance,Financial Services,46784.04,0.0,118.29,36.38,14969.51,16.75,431.17,2.87,,not_stage_2,0,1361.0,1568.52,-2.53,0.05976,"{'price_above_30w_ma': False, '30w_ma_rising': False, 'price_above_10w_ma': False, 'relative_strength_positive': False, 'near_52w_high': False}",lagging,lagging,98.08,97.11,-0.54,-2.8,False,False,2026-09-29 ratio=98.62 momentum=99.92; 2026-09-30 ratio=98.35 momentum=98.75; 2026-10-01 ratio=99.17 momentum=98.18; 2026-10-05 ratio=97.96 momentum=97.38; 2026-10-06 ratio=98.08 momentum=97.11,0.0
stock,Canara HSBC,CANHLIFE.NS,Life Insurance,Financial Services,13873.76,0.27,28.14,20.15,4350.86,19.81,105.64,8.35,,not_stage_2,2,143.13,145.19,0.28,0.00628,"{'price_above_30w_ma': False, '30w_ma_rising': True, 'price_above_10w_ma': False, 'relative_strength_positive': False, 'near_52w_high': True}",lagging,weakening,99.76,97.29,-1.51,-1.64,False,False,2026-09-29 ratio=101.27 momentum=98.93; 2026-09-30 ratio=101.14 momentum=97.67; 2026-10-01 ratio=100.40 momentum=94.78; 2026-10-05 ratio=99.90 momentum=96.36; 2026-10-06 ratio=99.76 momentum=97.29,40.56
stock,Container Corpn.,CONCOR.NS,Logistics Solution Provider,Services,33537.29,1.96,268.9,0.08,2159.76,0.28,27.0,12.64,,not_stage_2,1,445.85,485.18,-0.53,0.01958,"{'price_above_30w_ma': False, '30w_ma_rising': False, 'price_above_10w_ma': False, 'relative_strength_positive': False, 'near_52w_high': True}",lagging,lagging,97.92,93.14,0.38,-4.73,False,False,2026-09-29 ratio=97.54 momentum=97.87; 2026-09-30 ratio=98.05 momentum=98.07; 2026-10-01 ratio=97.99 momentum=97.98; 2026-10-05 ratio=97.85 momentum=94.28; 2026-10-06 ratio=97.92 momentum=93.14,20.0
stock,Delhivery,DELHIVERY.NS,Logistics Solution Provider,Services,29651.25,0.0,31.91,-64.95,2930.73,27.76,248.59,1.01,,not_stage_2,1,407.5,455.59,-0.23,0.01789,"{'price_above_30w_ma': False, '30w_ma_rising': False, 'price_above_10w_ma': False, 'relative_strength_positive': False, 'near_52w_high': True}",lagging,improving,98.21,98.13,-0.58,-2.84,False,False,2026-09-29 ratio=98.79 momentum=100.97; 2026-09-30 ratio=98.30 momentum=99.50; 2026-10-01 ratio=97.87 momentum=98.10; 2026-10-05 ratio=97.83 momentum=98.14; 2026-10-06 ratio=98.21 momentum=98.13,20.0
stock,Shadowfax Technologies,SHADOWFAX.NS,Logistics Solution Provider,Services,17203.56,0.0,66.2,624.29,1323.85,66.33,99.89,10.3,,stage_2,5,288.0,209.48,11.14,0.01264,"{'price_above_30w_ma': True, '30w_ma_rising': True, 'price_above_10w_ma': True, 'relative_strength_positive': True, 'near_52w_high': True}",weakening,leading,101.95,99.55,-0.13,-2.77,False,False,2026-09-29 ratio=102.08 momentum=102.32; 2026-09-30 ratio=102.00 momentum=102.60; 2026-10-01 ratio=101.70 momentum=101.40; 2026-10-05 ratio=102.22 momentum=104.92; 2026-10-06 ratio=101.95 momentum=99.55,157.03
stock,Blue Dart Expres,BLUEDART.NS,Logistics Solution Provider,Services,10814.7,0.55,88.49,81.22,1657.72,14.97,33.36,15.77,,not_stage_2,0,4562.8,4982.97,-2.18,0.20033,"{'price_above_30w_ma': False, '30w_ma_rising': False, 'price_above_10w_ma': False, 'relative_strength_positive': False, 'near_52w_high': False}",lagging,lagging,97.87,98.29,-0.26,2.3,False,False,2026-09-29 ratio=98.13 momentum=95.99; 2026-09-30 ratio=98.93 momentum=97.48; 2026-10-01 ratio=97.81 momentum=97.17; 2026-10-05 ratio=97.68 momentum=97.50; 2026-10-06 ratio=97.87 momentum=98.29,0.0
stock,Transport Corp.,TCI.NS,Logistics Solution Provider,Services,6811.84,1.13,106.6,-0.75,1248.5,9.58,14.92,19.45,,not_stage_2,2,888.0,924.01,-1.77,0.03899,"{'price_above_30w_ma': False, '30w_ma_rising': False, 'price_above_10w_ma': True, 'relative_strength_positive': True, 'near_52w_high': False}",leading,leading,101.69,103.16,0.66,1.56,False,False,2026-09-29 ratio=101.03 momentum=101.60; 2026-09-30 ratio=101.35 momentum=102.29; 2026-10-01 ratio=101.84 momentum=102.42; 2026-10-05 ratio=101.69 momentum=102.23; 2026-10-06 ratio=101.69 momentum=103.16,84.25
stock,TVS Supply,TVSSCS.NS,Logistics Solution Provider,Services,5752.24,0.0,22.48,-84.26,3335.22,28.66,81.16,10.06,,stage_2,5,130.67,124.6,1.91,0.00574,"{'price_above_30w_ma': True, '30w_ma_rising': True, 'price_above_10w_ma': True, 'relative_strength_positive': True, 'near_52w_high': True}",leading,leading,101.31,100.92,-0.33,-2.52,False,False,2026-09-29 ratio=101.64 momentum=103.44; 2026-09-30 ratio=101.55 momentum=105.71; 2026-10-01 ratio=101.31 momentum=102.99; 2026-10-05 ratio=100.90 momentum=98.28; 2026-10-06 ratio=101.31 momentum=100.92,159.97
stock,VRL Logistics,VRLLOG.NS,Logistics Solution Provider,Services,4978.72,1.75,80.53,60.93,878.84,18.07,18.63,18.27,,stage_2,4,284.95,259.56,0.79,0.01251,"{'price_above_30w_ma': True, '30w_ma_rising': True, 'price_above_10w_ma': False, 'relative_strength_positive': True, 'near_52w_high': True}",weakening,weakening,100.74,98.42,0.02,0.08,False,False,2026-09-29 ratio=100.72 momentum=98.34; 2026-09-30 ratio=101.06 momentum=101.79; 2026-10-01 ratio=101.07 momentum=101.67; 2026-10-05 ratio=100.95 momentum=99.08; 2026-10-06 ratio=100.74 momentum=98.42,110.28
stock,Mahindra Logis.,MAHLOG.NS,Logistics Solution Provider,Services,4083.76,0.61,27.83,335.09,2002.88,23.29,103.64,7.36,,stage_2,5,415.05,386.66,0.47,0.01822,"{'price_above_30w_ma': True, '30w_ma_rising': True, 'price_above_10w_ma': True, 'relative_strength_positive': True, 'near_52w_high': True}",leading,leading,101.67,100.74,-1.62,-1.5,False,False,2026-09-29 ratio=103.29 momentum=102.24; 2026-09-30 ratio=103.60 momentum=102.81; 2026-10-01 ratio=102.32 momentum=101.92; 2026-10-05 ratio=101.46 momentum=101.08; 2026-10-06 ratio=101.67 momentum=100.74,157.99
stock,Gateway Distri,GATEWAY.NS,Logistics Solution Provider,Services,2578.13,3.87,51.26,-20.79,549.3,-0.21,10.52,10.82,,not_stage_2,1,50.91,55.99,-1.25,0.00224,"{'price_above_30w_ma': False, '30w_ma_rising': False, 'price_above_10w_ma': False, 'relative_strength_positive': False, 'near_52w_high': True}",improving,improving,99.22,100.15,-0.48,-1.38,False,False,2026-09-29 ratio=99.70 momentum=101.53; 2026-09-30 ratio=100.20 momentum=103.24; 2026-10-01 ratio=100.45 momentum=102.62; 2026-10-05 ratio=99.98 momentum=101.45; 2026-10-06 ratio=99.22 momentum=100.15,20.75
stock,TCI Express,TCIEXP.NS,Logistics Solution Provider,Services,1919.14,1.4,22.38,6.37,311.95,8.79,21.05,14.63,,not_stage_2,0,501.4,526.67,-0.86,0.02201,"{'price_above_30w_ma': False, '30w_ma_rising': False, 'price_above_10w_ma': False, 'relative_strength_positive': False, 'near_52w_high': False}",improving,leading,99.47,102.21,-1.57,-0.59,False,False,2026-09-29 ratio=101.04 momentum=102.80; 2026-09-30 ratio=100.68 momentum=102.58; 2026-10-01 ratio=100.05 momentum=102.09; 2026-10-05 ratio=99.30 momentum=101.78; 2026-10-06 ratio=99.47 momentum=102.21,11.05
stock,Castrol India,CASTROLIND.NS,Lubricants,"Oil, Gas & Consumable Fuels",19510.29,4.44,347.7,42.5,1871.47,25.03,18.09,60.27,,stage_2,5,200.2,186.32,0.91,0.00879,"{'price_above_30w_ma': True, '30w_ma_rising': True, 'price_above_10w_ma': True, 'relative_strength_positive': True, 'near_52w_high': True}",weakening,leading,101.98,99.06,-0.82,-1.09,False,False,2026-09-29 ratio=102.80 momentum=100.15; 2026-09-30 ratio=102.72 momentum=100.35; 2026-10-01 ratio=102.52 momentum=99.11; 2026-10-05 ratio=102.25 momentum=96.68; 2026-10-06 ratio=101.98 momentum=99.06,136.72
stock,Gulf Oil Lubric.,GULFOILLUB.NS,Lubricants,"Oil, Gas & Consumable Fuels",5544.81,4.56,127.52,31.93,1320.36,32.52,13.95,27.23,,stage_2,4,1087.9,1021.18,0.53,0.04776,"{'price_above_30w_ma': True, '30w_ma_rising': True, 'price_above_10w_ma': False, 'relative_strength_positive': True, 'near_52w_high': True}",leading,leading,100.6,101.5,-0.59,-0.56,False,False,2026-09-29 ratio=101.19 momentum=102.06; 2026-09-30 ratio=101.71 momentum=102.69; 2026-10-01 ratio=101.20 momentum=101.79; 2026-10-05 ratio=100.41 momentum=100.51; 2026-10-06 ratio=100.60 momentum=101.50,136.56
stock,Savita Oil Tech,SOTL.NS,Lubricants,"Oil, Gas & Consumable Fuels",5506.63,0.62,292.25,395.59,1479.77,49.6,12.89,13.96,,stage_2,5,775.5,551.49,9.99,0.03405,"{'price_above_30w_ma': True, '30w_ma_rising': True, 'price_above_10w_ma': True, 'relative_strength_positive': True, 'near_52w_high': True}",leading,leading,102.24,102.65,0.88,0.32,False,False,2026-09-29 ratio=101.36 momentum=102.34; 2026-09-30 ratio=101.42 momentum=102.41; 2026-10-01 ratio=101.74 momentum=104.00; 2026-10-05 ratio=101.52 momentum=101.98; 2026-10-06 ratio=102.24 momentum=102.65,189.43
stock,Panama Petrochem,PANAMAPET.NS,Lubricants,"Oil, Gas & Consumable Fuels",3247.54,0.56,308.91,624.8,1735.15,150.3,6.78,19.15,,stage_2,5,504.1,394.43,7.56,0.02213,"{'price_above_30w_ma': True, '30w_ma_rising': True, 'price_above_10w_ma': True, 'relative_strength_positive': True, 'near_52w_high': True}",leading,leading,102.1,103.1,0.8,-0.41,False,False,2026-09-29 ratio=101.29 momentum=103.51; 2026-09-30 ratio=101.52 momentum=104.11; 2026-10-01 ratio=101.78 momentum=103.75; 2026-10-05 ratio=101.37 momentum=102.19; 2026-10-06 ratio=102.10 momentum=103.10,186.12
stock,Gandhar Oil Ref.,GANDHAR.NS,Lubricants,"Oil, Gas & Consumable Fuels",2925.97,0.67,205.89,633.09,1731.93,91.81,9.71,13.33,,stage_2,5,282.5,199.41,10.22,0.0124,"{'price_above_30w_ma': True, '30w_ma_rising': True, 'price_above_10w_ma': True, 'relative_strength_positive': True, 'near_52w_high': True}",leading,leading,101.82,101.5,0.1,-0.64,False,False,2026-09-29 ratio=101.72 momentum=102.14; 2026-09-30 ratio=101.96 momentum=102.90; 2026-10-01 ratio=102.14 momentum=101.80; 2026-10-05 ratio=101.80 momentum=100.39; 2026-10-06 ratio=101.82 momentum=101.50,182.04
stock,Veedol Corporat,VEEDOL.NS,Lubricants,"Oil, Gas & Consumable Fuels",2401.03,4.19,77.92,56.88,608.57,18.49,10.92,24.09,,not_stage_2,3,1392.4,1425.19,0.16,0.06113,"{'price_above_30w_ma': False, '30w_ma_rising': True, 'price_above_10w_ma': False, 'relative_strength_positive': True, 'near_52w_high': True}",leading,improving,100.43,103.82,0.72,3.82,True,False,2026-09-29 ratio=99.71 momentum=100.00; 2026-09-30 ratio=100.24 momentum=101.88; 2026-10-01 ratio=100.10 momentum=101.08; 2026-10-05 ratio=99.71 momentum=100.87; 2026-10-06 ratio=100.43 momentum=103.82,111.57
stock,GP Petroleums,GULFPETRO.NS,Lubricants,"Oil, Gas & Consumable Fuels",321.46,0.81,21.19,229.04,230.33,45.6,7.39,10.84,,stage_2,4,62.52,45.05,9.83,0.00274,"{'price_above_30w_ma': True, '30w_ma_rising': True, 'price_above_10w_ma': False, 'relative_strength_positive': True, 'near_52w_high': True}",weakening,weakening,100.58,99.93,0.13,1.78,False,False,2026-09-29 ratio=100.45 momentum=98.15; 2026-09-30 ratio=100.48 momentum=98.71; 2026-10-01 ratio=100.75 momentum=100.36; 2026-10-05 ratio=100.63 momentum=99.84; 2026-10-06 ratio=100.58 momentum=99.93,127.56
stock,Arabian Petrol.,ARABIAN.NS,Lubricants,"Oil, Gas & Consumable Fuels",111.65,0.0,5.21,3.37,200.25,36.98,9.92,18.46,,stage_2,5,104.1,75.32,3.49,0.00457,"{'price_above_30w_ma': True, '30w_ma_rising': True, 'price_above_10w_ma': True, 'relative_strength_positive': True, 'near_52w_high': True}",leading,leading,102.92,102.11,1.6,-1.14,False,False,2026-09-29 ratio=101.32 momentum=103.25; 2026-09-30 ratio=101.33 momentum=102.14; 2026-10-01 ratio=101.40 momentum=103.58; 2026-10-05 ratio=102.37 momentum=103.71; 2026-10-06 ratio=102.92 momentum=102.11,177.13
stock,Sundrex Oil,SOCL.NS,Lubricants,"Oil, Gas & Consumable Fuels",38.57,0.0,2.9,-16.18,67.25,96.29,7.25,21.5,,insufficient_data,0,,,,,{},insufficient_data,insufficient_data,,,,,False,False,,0.0
stock,Venky's (India),VENKEYS.NS,Meat Products including Poultry,Fast Moving Consumer Goods,2333.19,0.6,49.99,215.79,1118.38,29.17,13.45,11.9,,stage_2,5,1694.8,1511.2,3.14,0.07441,"{'price_above_30w_ma': True, '30w_ma_rising': True, 'price_above_10w_ma': True, 'relative_strength_positive': True, 'near_52w_high': True}",leading,weakening,101.58,102.13,0.37,8.43,True,False,2026-09-29 ratio=101.21 momentum=93.71; 2026-09-30 ratio=100.79 momentum=95.42; 2026-10-01 ratio=101.14 momentum=98.31; 2026-10-05 ratio=101.30 momentum=100.07; 2026-10-06 ratio=101.58 momentum=102.13,179.83
stock,HMA Agro Inds.,HMAAGRO.NS,Meat Products including Poultry,Fast Moving Consumer Goods,1245.9,0.0,50.51,6158.02,2110.32,87.98,5.8,16.19,,not_stage_2,4,24.56,22.93,-1.04,0.00108,"{'price_above_30w_ma': True, '30w_ma_rising': False, 'price_above_10w_ma': True, 'relative_strength_positive': True, 'near_52w_high': True}",weakening,weakening,102.08,97.17,-0.07,2.29,False,False,2026-09-29 ratio=102.14 momentum=94.88; 2026-09-30 ratio=102.14 momentum=97.73; 2026-10-01 ratio=101.87 momentum=97.81; 2026-10-05 ratio=101.64 momentum=95.75; 2026-10-06 ratio=102.08 momentum=97.17,90.4
stock,SKM Egg Prod.,SKMEGGPROD.NS,Meat Products including Poultry,Fast Moving Consumer Goods,1134.14,0.58,23.82,46.5,184.26,4.87,10.19,30.7,,not_stage_2,1,210.05,227.07,3.27,0.00922,"{'price_above_30w_ma': False, '30w_ma_rising': True, 'price_above_10w_ma': False, 'relative_strength_positive': False, 'near_52w_high': False}",lagging,lagging,98.55,97.91,-0.49,-2.05,False,False,2026-09-29 ratio=99.04 momentum=99.96; 2026-09-30 ratio=98.76 momentum=98.32; 2026-10-01 ratio=98.59 momentum=96.96; 2026-10-05 ratio=98.31 momentum=96.83; 2026-10-06 ratio=98.55 momentum=97.91,26.54
stock,Prime Focus,PFOCUS.NS,Media & Entertainment,"Media, Entertainment & Publication",22079.46,0.0,-45.78,-90.56,1266.81,23.81,123.68,11.28,,stage_2,4,292.7,285.2,2.48,0.01285,"{'price_above_30w_ma': True, '30w_ma_rising': True, 'price_above_10w_ma': False, 'relative_strength_positive': True, 'near_52w_high': True}",weakening,weakening,100.16,96.42,-1.14,-2.38,False,False,2026-09-29 ratio=101.30 momentum=98.80; 2026-09-30 ratio=101.24 momentum=98.83; 2026-10-01 ratio=100.73 momentum=97.55; 2026-10-05 ratio=100.00 momentum=96.64; 2026-10-06 ratio=100.16 momentum=96.42,110.76
stock,Saregama India,SAREGAMA.NS,Media & Entertainment,"Media, Entertainment & Publication",9708.92,0.89,51.88,40.64,263.6,27.48,42.54,17.29,,stage_2,4,503.7,445.29,5.15,0.02212,"{'price_above_30w_ma': True, '30w_ma_rising': True, 'price_above_10w_ma': False, 'relative_strength_positive': True, 'near_52w_high': True}",leading,leading,101.43,104.03,0.42,2.03,False,False,2026-09-29 ratio=101.00 momentum=102.00; 2026-09-30 ratio=102.10 momentum=103.44; 2026-10-01 ratio=101.46 momentum=102.37; 2026-10-05 ratio=101.36 momentum=101.18; 2026-10-06 ratio=101.43 momentum=104.03,162.6
stock,Tips Music,TIPSMUSIC.NS,Media & Entertainment,"Media, Entertainment & Publication",8141.94,2.03,43.7,-4.67,106.51,20.94,37.94,118.47,,stage_2,4,653.1,640.94,2.83,0.02867,"{'price_above_30w_ma': True, '30w_ma_rising': True, 'price_above_10w_ma': False, 'relative_strength_positive': True, 'near_52w_high': True}",leading,leading,101.22,102.35,0.25,2.05,False,False,2026-09-29 ratio=100.97 momentum=100.30; 2026-09-30 ratio=101.67 momentum=103.06; 2026-10-01 ratio=101.23 momentum=102.03; 2026-10-05 ratio=100.76 momentum=100.68; 2026-10-06 ratio=101.22 momentum=102.35,148.51
stock,Netwrk.18 Media,NETWORK18.NS,Media & Entertainment,"Media, Entertainment & Publication",3955.39,0.0,-38.36,-2074.55,516.26,10.34,,3.01,,not_stage_2,0,26.22,30.63,-2.94,0.00115,"{'price_above_30w_ma': False, '30w_ma_rising': False, 'price_above_10w_ma': False, 'relative_strength_positive': False, 'near_52w_high': False}",improving,improving,99.28,101.52,0.5,-0.14,False,False,2026-09-29 ratio=98.78 momentum=101.66; 2026-09-30 ratio=98.95 momentum=102.41; 2026-10-01 ratio=98.73 momentum=100.29; 2026-10-05 ratio=98.61 momentum=98.09; 2026-10-06 ratio=99.28 momentum=101.52,7.6
stock,Balaji Telefilms,BALAJITELE.NS,Media & Entertainment,"Media, Entertainment & Publication",1081.63,0.0,22.39,489.25,240.29,229.93,,-10.07,,not_stage_2,1,90.56,91.79,-1.36,0.00398,"{'price_above_30w_ma': False, '30w_ma_rising': False, 'price_above_10w_ma': False, 'relative_strength_positive': True, 'near_52w_high': False}",weakening,weakening,100.68,97.88,-0.43,2.18,False,False,2026-09-29 ratio=101.11 momentum=95.69; 2026-09-30 ratio=101.05 momentum=99.29; 2026-10-01 ratio=100.93 momentum=95.06; 2026-10-05 ratio=100.90 momentum=96.02; 2026-10-06 ratio=100.68 momentum=97.88,23.4
stock,Basilic Fly Stud,BASILIC.NS,Media & Entertainment,"Media, Entertainment & Publication",547.61,0.0,6.7,-9.37,103.5,9.87,11.38,21.51,,not_stage_2,2,198.3,204.63,-2.43,0.00871,"{'price_above_30w_ma': False, '30w_ma_rising': False, 'price_above_10w_ma': True, 'relative_strength_positive': True, 'near_52w_high': False}",leading,lagging,102.41,102.9,2.99,4.27,True,False,2026-09-29 ratio=99.42 momentum=98.63; 2026-09-30 ratio=99.09 momentum=100.63; 2026-10-01 ratio=100.26 momentum=101.83; 2026-10-05 ratio=100.73 momentum=102.07; 2026-10-06 ratio=102.41 momentum=102.90,96.55
stock,Ent.Network,ENIL.NS,Media & Entertainment,"Media, Entertainment & Publication",430.95,2.17,-6.01,-11.5,113.69,-2.79,322.52,-1.77,,not_stage_2,0,92.24,106.75,-1.14,0.00405,"{'price_above_30w_ma': False, '30w_ma_rising': False, 'price_above_10w_ma': False, 'relative_strength_positive': False, 'near_52w_high': False}",lagging,lagging,97.95,97.58,-1.15,0.25,False,False,2026-09-29 ratio=99.09 momentum=97.33; 2026-09-30 ratio=99.40 momentum=98.43; 2026-10-01 ratio=98.84 momentum=97.10; 2026-10-05 ratio=97.98 momentum=95.72; 2026-10-06 ratio=97.95 momentum=97.58,0.0
stock,Gretex Industrie,GRETEX.NS,Media & Entertainment,"Media, Entertainment & Publication",331.83,0.0,0.1,-92.09,27.6,43.97,225.73,3.26,,not_stage_2,0,214.0,269.45,-1.92,0.0094,"{'price_above_30w_ma': False, '30w_ma_rising': False, 'price_above_10w_ma': False, 'relative_strength_positive': False, 'near_52w_high': False}",improving,improving,98.78,102.87,0.18,-0.47,False,False,2026-09-29 ratio=98.60 momentum=103.34; 2026-09-30 ratio=98.68 momentum=103.59; 2026-10-01 ratio=98.80 momentum=103.62; 2026-10-05 ratio=98.80 momentum=103.25; 2026-10-06 ratio=98.78 momentum=102.87,14.35
stock,Shemaroo Entert.,SHEMAROO.NS,Media & Entertainment,"Media, Entertainment & Publication",322.57,0.0,-8.07,82.43,131.68,-5.62,,-39.34,,not_stage_2,2,111.76,113.39,2.2,0.00491,"{'price_above_30w_ma': False, '30w_ma_rising': True, 'price_above_10w_ma': False, 'relative_strength_positive': False, 'near_52w_high': True}",lagging,leading,98.91,98.92,-1.29,-2.55,False,False,2026-09-29 ratio=100.21 momentum=101.47; 2026-09-30 ratio=100.14 momentum=101.33; 2026-10-01 ratio=99.96 momentum=101.44; 2026-10-05 ratio=98.86 momentum=99.39; 2026-10-06 ratio=98.91 momentum=98.92,44.4
stock,Optimystix Entertainment,OPTIMYSTIX.NS,Media & Entertainment,"Media, Entertainment & Publication",318.55,0.0,,,,,13.3,27.26,,insufficient_data,0,,,,,{},insufficient_data,insufficient_data,,,,,False,False,,0.0
stock,Molbio Diagnosti,MOLBIO.NS,Medical Equipment & Supplies,Healthcare,17834.99,0.0,56.63,522.3,399.38,318.99,82.14,17.96,,insufficient_data,0,,,,,{},insufficient_data,insufficient_data,,,,,False,False,,0.0
stock,Poly Medicure,POLYMED.NS,Medical Equipment & Supplies,Healthcare,16385.43,0.22,85.28,-7.57,525.38,30.3,51.2,12.5,,not_stage_2,3,1633.8,1580.47,3.48,0.07173,"{'price_above_30w_ma': True, '30w_ma_rising': True, 'price_above_10w_ma': False, 'relative_strength_positive': False, 'near_52w_high': True}",lagging,weakening,99.69,98.4,-0.47,0.65,False,False,2026-09-29 ratio=100.16 momentum=97.75; 2026-09-30 ratio=100.90 momentum=99.94; 2026-10-01 ratio=100.41 momentum=98.67; 2026-10-05 ratio=99.75 momentum=97.22; 2026-10-06 ratio=99.69 momentum=98.40,66.96
stock,Fischer Medical,FISCHER.NS,Medical Equipment & Supplies,Healthcare,2283.25,0.15,3.79,-22.02,81.92,249.49,93.27,11.45,,not_stage_2,0,33.14,37.05,-1.21,0.00146,"{'price_above_30w_ma': False, '30w_ma_rising': False, 'price_above_10w_ma': False, 'relative_strength_positive': False, 'near_52w_high': False}",improving,improving,98.89,102.83,-0.36,1.57,False,False,2026-09-29 ratio=99.25 momentum=101.26; 2026-09-30 ratio=99.29 momentum=101.94; 2026-10-01 ratio=99.48 momentum=102.40; 2026-10-05 ratio=98.83 momentum=101.74; 2026-10-06 ratio=98.89 momentum=102.83,14.15
stock,Tarsons Products,TARSONS.NS,Medical Equipment & Supplies,Healthcare,1814.78,0.0,-1.44,-180.9,110.24,20.67,153.28,4.59,,stage_2,5,331.65,265.4,7.15,0.01456,"{'price_above_30w_ma': True, '30w_ma_rising': True, 'price_above_10w_ma': True, 'relative_strength_positive': True, 'near_52w_high': True}",weakening,leading,101.15,98.27,-0.19,-3.72,False,False,2026-09-29 ratio=101.34 momentum=102.00; 2026-09-30 ratio=100.74 momentum=101.67; 2026-10-01 ratio=101.47 momentum=102.84; 2026-10-05 ratio=101.68 momentum=106.77; 2026-10-06 ratio=101.15 momentum=98.27,145.05
stock,Q-Line Biotech,QLINE.NS,Medical Equipment & Supplies,Healthcare,1596.47,0.0,34.41,147.29,197.94,-8.59,28.19,22.45,,insufficient_data,0,,,,,{},insufficient_data,insufficient_data,,,,,False,False,,0.0
stock,Laxmi Dental,LAXMIDENTL.NS,Medical Equipment & Supplies,Healthcare,1081.51,0.0,10.32,22.77,74.7,13.87,31.1,15.05,,not_stage_2,1,190.53,206.32,0.56,0.00837,"{'price_above_30w_ma': False, '30w_ma_rising': True, 'price_above_10w_ma': False, 'relative_strength_positive': False, 'near_52w_high': False}",improving,improving,99.67,101.02,-0.23,0.49,False,False,2026-09-29 ratio=99.89 momentum=100.53; 2026-09-30 ratio=99.90 momentum=101.47; 2026-10-01 ratio=100.54 momentum=102.07; 2026-10-05 ratio=99.92 momentum=100.66; 2026-10-06 ratio=99.67 momentum=101.02,26.22
stock,Vasa Denticity,DENTALKART.NS,Medical Equipment & Supplies,Healthcare,824.25,0.0,4.19,45.99,82.17,36.9,68.12,7.54,,stage_2,5,490.15,405.77,0.26,0.02152,"{'price_above_30w_ma': True, '30w_ma_rising': True, 'price_above_10w_ma': True, 'relative_strength_positive': True, 'near_52w_high': True}",leading,leading,103.41,102.14,0.52,-1.54,False,False,2026-09-29 ratio=102.89 momentum=103.67; 2026-09-30 ratio=103.78 momentum=103.47; 2026-10-01 ratio=103.40 momentum=103.10; 2026-10-05 ratio=103.13 momentum=101.30; 2026-10-06 ratio=103.41 momentum=102.14,173.27
stock,OSEL Devices,OSELDEVICE.NS,Medical Equipment & Supplies,Healthcare,691.14,0.0,14.06,16.78,145.81,47.1,23.63,24.4,,insufficient_data,0,,,,,{},insufficient_data,insufficient_data,,,,,False,False,,0.0
stock,QMS Medical,QMSMEDI.NS,Medical Equipment & Supplies,Healthcare,388.66,0.25,3.96,24.57,56.87,22.3,36.15,12.92,,stage_2,5,192.71,115.7,13.98,0.00846,"{'price_above_30w_ma': True, '30w_ma_rising': True, 'price_above_10w_ma': True, 'relative_strength_positive': True, 'near_52w_high': True}",weakening,leading,101.42,97.81,-1.13,-4.66,False,False,2026-09-29 ratio=102.55 momentum=102.47; 2026-09-30 ratio=102.09 momentum=101.59; 2026-10-01 ratio=101.73 momentum=99.26; 2026-10-05 ratio=101.33 momentum=97.74; 2026-10-06 ratio=101.42 momentum=97.81,160.06
stock,Nureca,NURECA.NS,Medical Equipment & Supplies,Healthcare,314.29,0.0,3.07,279.01,40.34,18.02,72.42,3.3,,stage_2,5,338.55,285.77,3.25,0.01486,"{'price_above_30w_ma': True, '30w_ma_rising': True, 'price_above_10w_ma': True, 'relative_strength_positive': True, 'near_52w_high': True}",weakening,leading,101.02,99.75,-1.6,-3.26,False,False,2026-09-29 ratio=102.61 momentum=103.01; 2026-09-30 ratio=102.75 momentum=102.22; 2026-10-01 ratio=101.93 momentum=101.46; 2026-10-05 ratio=101.25 momentum=99.66; 2026-10-06 ratio=101.02 momentum=99.75,136.6
stock,CreditAcc. Gram.,CREDITACC.NS,Microfinance Institutions,Financial Services,19906.48,0.0,493.39,719.72,1783.49,21.92,16.44,9.98,,not_stage_2,2,1265.8,1368.22,0.68,0.05558,"{'price_above_30w_ma': False, '30w_ma_rising': True, 'price_above_10w_ma': False, 'relative_strength_positive': False, 'near_52w_high': True}",lagging,lagging,98.47,98.29,1.04,1.72,False,False,2026-09-29 ratio=97.43 momentum=96.58; 2026-09-30 ratio=98.44 momentum=97.66; 2026-10-01 ratio=98.21 momentum=98.95; 2026-10-05 ratio=98.37 momentum=98.54; 2026-10-06 ratio=98.47 momentum=98.29,41.36
stock,Muthoot Microfin,MUTHOOTMF.NS,Microfinance Institutions,Financial Services,2944.82,0.0,81.34,1216.18,668.64,19.69,12.0,9.31,,not_stage_2,1,176.76,195.45,1.12,0.00776,"{'price_above_30w_ma': False, '30w_ma_rising': True, 'price_above_10w_ma': False, 'relative_strength_positive': False, 'near_52w_high': False}",improving,improving,98.78,100.62,0.04,-0.95,False,False,2026-09-29 ratio=98.74 momentum=101.58; 2026-09-30 ratio=98.85 momentum=103.84; 2026-10-01 ratio=98.73 momentum=101.03; 2026-10-05 ratio=98.84 momentum=101.71; 2026-10-06 ratio=98.78 momentum=100.62,25.34
stock,Fusion Finance,FUSION.NS,Microfinance Institutions,Financial Services,2726.12,0.0,62.41,167.65,458.17,3.59,16.18,5.92,,not_stage_2,0,169.0,188.43,-0.11,0.00742,"{'price_above_30w_ma': False, '30w_ma_rising': False, 'price_above_10w_ma': False, 'relative_strength_positive': False, 'near_52w_high': False}",lagging,lagging,97.94,97.09,-0.44,0.17,False,False,2026-09-29 ratio=98.38 momentum=96.91; 2026-09-30 ratio=98.65 momentum=100.28; 2026-10-01 ratio=98.43 momentum=98.50; 2026-10-05 ratio=97.92 momentum=96.59; 2026-10-06 ratio=97.94 momentum=97.09,0.0
stock,Satin Creditcare,SATIN.NS,Microfinance Institutions,Financial Services,2470.6,0.0,122.65,172.0,762.14,8.39,6.03,13.84,,stage_2,5,228.35,214.62,5.01,0.01003,"{'price_above_30w_ma': True, '30w_ma_rising': True, 'price_above_10w_ma': True, 'relative_strength_positive': True, 'near_52w_high': True}",leading,leading,100.97,102.41,-0.47,-0.6,False,False,2026-09-29 ratio=101.44 momentum=103.01; 2026-09-30 ratio=101.14 momentum=102.35; 2026-10-01 ratio=100.96 momentum=102.03; 2026-10-05 ratio=100.01 momentum=100.80; 2026-10-06 ratio=100.97 momentum=102.41,171.92
stock,Spandana Sphoort,SPANDANA.NS,Microfinance Institutions,Financial Services,1935.09,0.0,11.88,103.3,283.91,-5.51,,-5.78,,not_stage_2,0,218.12,244.42,-0.99,0.00958,"{'price_above_30w_ma': False, '30w_ma_rising': False, 'price_above_10w_ma': False, 'relative_strength_positive': False, 'near_52w_high': False}",lagging,improving,98.6,98.67,-0.91,-3.98,False,False,2026-09-29 ratio=99.51 momentum=102.65; 2026-09-30 ratio=99.12 momentum=100.90; 2026-10-01 ratio=98.89 momentum=99.24; 2026-10-05 ratio=98.29 momentum=97.50; 2026-10-06 ratio=98.60 momentum=98.67,0.0
stock,Bajaj Finance,BAJFINANCE.NS,Non Banking Financial Company (NBFC),Financial Services,600899.71,0.56,6080.6,27.37,23165.45,18.65,29.34,10.87,,not_stage_2,2,963.1,975.96,0.4,0.04229,"{'price_above_30w_ma': False, '30w_ma_rising': True, 'price_above_10w_ma': False, 'relative_strength_positive': False, 'near_52w_high': True}",lagging,lagging,98.19,97.96,-0.31,-0.4,False,False,2026-09-29 ratio=98.51 momentum=98.36; 2026-09-30 ratio=98.16 momentum=98.41; 2026-10-01 ratio=98.15 momentum=98.19; 2026-10-05 ratio=98.82 momentum=97.56; 2026-10-06 ratio=98.19 momentum=97.96,40.8
stock,Shriram Finance,SHRIRAMFIN.NS,Non Banking Financial Company (NBFC),Financial Services,221930.33,1.14,3452.77,59.89,13400.43,16.16,19.61,11.49,,not_stage_2,1,965.05,1004.16,-0.78,0.04237,"{'price_above_30w_ma': False, '30w_ma_rising': False, 'price_above_10w_ma': False, 'relative_strength_positive': False, 'near_52w_high': True}",lagging,improving,98.69,97.61,-0.21,-3.6,False,False,2026-09-29 ratio=98.90 momentum=101.20; 2026-09-30 ratio=99.38 momentum=105.36; 2026-10-01 ratio=98.54 momentum=98.20; 2026-10-05 ratio=99.17 momentum=99.43; 2026-10-06 ratio=98.69 momentum=97.61,20.0
stock,Tata Capital,TATACAP.NS,Non Banking Financial Company (NBFC),Financial Services,136132.67,0.18,1628.18,56.32,8821.93,15.1,25.05,8.58,,not_stage_2,2,322.1,340.13,0.21,0.01414,"{'price_above_30w_ma': False, '30w_ma_rising': True, 'price_above_10w_ma': False, 'relative_strength_positive': False, 'near_52w_high': True}",lagging,lagging,97.82,98.01,-1.02,2.04,False,False,2026-09-29 ratio=98.84 momentum=95.97; 2026-09-30 ratio=98.60 momentum=98.38; 2026-10-01 ratio=97.95 momentum=97.72; 2026-10-05 ratio=97.60 momentum=95.72; 2026-10-06 ratio=97.82 momentum=98.01,40.42
stock,Cholaman.Inv.&Fn,CHOLAFIN.NS,Non Banking Financial Company (NBFC),Financial Services,133915.22,0.13,1656.22,45.56,8856.29,21.87,23.29,9.71,,not_stage_2,2,1611.0,1672.27,0.23,0.07073,"{'price_above_30w_ma': False, '30w_ma_rising': True, 'price_above_10w_ma': False, 'relative_strength_positive': False, 'near_52w_high': True}",lagging,lagging,97.79,97.52,-0.16,0.46,False,False,2026-09-29 ratio=97.95 momentum=97.06; 2026-09-30 ratio=97.99 momentum=97.91; 2026-10-01 ratio=97.55 momentum=97.65; 2026-10-05 ratio=97.90 momentum=96.75; 2026-10-06 ratio=97.79 momentum=97.52,40.46
stock,Muthoot Finance,MUTHOOTFIN.NS,Non Banking Financial Company (NBFC),Financial Services,106464.72,1.13,2824.84,38.83,8671.6,34.44,9.36,15.8,,not_stage_2,0,2686.0,3118.18,-2.43,0.11793,"{'price_above_30w_ma': False, '30w_ma_rising': False, 'price_above_10w_ma': False, 'relative_strength_positive': False, 'near_52w_high': False}",lagging,improving,99.03,97.06,-0.53,-5.62,False,False,2026-09-29 ratio=99.57 momentum=102.68; 2026-09-30 ratio=99.72 momentum=102.28; 2026-10-01 ratio=99.57 momentum=102.94; 2026-10-05 ratio=99.63 momentum=99.25; 2026-10-06 ratio=99.03 momentum=97.06,0.0
stock,L&T Finance Ltd,LTF.NS,Non Banking Financial Company (NBFC),Financial Services,65204.44,1.06,915.99,28.72,5212.92,22.38,20.36,8.4,,not_stage_2,2,264.4,290.86,0.16,0.01161,"{'price_above_30w_ma': False, '30w_ma_rising': True, 'price_above_10w_ma': False, 'relative_strength_positive': False, 'near_52w_high': True}",lagging,lagging,97.28,97.67,0.49,-0.86,False,False,2026-09-29 ratio=96.79 momentum=98.53; 2026-09-30 ratio=96.61 momentum=98.79; 2026-10-01 ratio=97.15 momentum=98.51; 2026-10-05 ratio=97.20 momentum=97.28; 2026-10-06 ratio=97.28 momentum=97.67,40.32
stock,SBI Cards,SBICARD.NS,Non Banking Financial Company (NBFC),Financial Services,52808.13,0.45,664.44,19.51,5040.55,3.36,23.21,10.1,,not_stage_2,0,569.4,635.47,-3.02,0.025,"{'price_above_30w_ma': False, '30w_ma_rising': False, 'price_above_10w_ma': False, 'relative_strength_positive': False, 'near_52w_high': False}",lagging,lagging,97.79,97.34,-0.32,-0.63,False,False,2026-09-29 ratio=98.11 momentum=97.97; 2026-09-30 ratio=98.18 momentum=98.45; 2026-10-01 ratio=97.70 momentum=97.42; 2026-10-05 ratio=97.79 momentum=96.55; 2026-10-06 ratio=97.79 momentum=97.34,0.0
stock,HDB FINANC SER,HDBFS.NS,Non Banking Financial Company (NBFC),Financial Services,49997.84,0.67,785.2,38.31,4937.9,10.58,18.11,9.09,,not_stage_2,1,616.75,671.83,-0.77,0.02708,"{'price_above_30w_ma': False, '30w_ma_rising': False, 'price_above_10w_ma': False, 'relative_strength_positive': False, 'near_52w_high': True}",lagging,lagging,97.92,96.69,-0.93,-1.71,False,False,2026-09-29 ratio=98.85 momentum=98.40; 2026-09-30 ratio=98.37 momentum=97.53; 2026-10-01 ratio=98.59 momentum=97.77; 2026-10-05 ratio=98.70 momentum=96.58; 2026-10-06 ratio=97.92 momentum=96.69,20.0
stock,Sundaram Finance,SUNDARMFIN.NS,Non Banking Financial Company (NBFC),Financial Services,47710.08,0.93,636.19,33.88,2644.13,12.57,20.95,9.44,,not_stage_2,1,4347.8,4555.74,-2.29,0.19089,"{'price_above_30w_ma': False, '30w_ma_rising': False, 'price_above_10w_ma': False, 'relative_strength_positive': False, 'near_52w_high': True}",lagging,lagging,99.83,97.57,-0.08,1.19,False,False,2026-09-29 ratio=99.91 momentum=96.38; 2026-09-30 ratio=100.15 momentum=97.41; 2026-10-01 ratio=100.67 momentum=98.34; 2026-10-05 ratio=99.58 momentum=96.53; 2026-10-06 ratio=99.83 momentum=97.57,20.0
stock,Authum Invest,AIIL.NS,Non Banking Financial Company (NBFC),Financial Services,46703.15,0.02,1114.81,18.43,1448.22,19.65,22.31,13.63,,stage_2,4,550.15,517.15,2.06,0.02415,"{'price_above_30w_ma': True, '30w_ma_rising': True, 'price_above_10w_ma': False, 'relative_strength_positive': True, 'near_52w_high': True}",weakening,leading,101.36,99.25,0.12,-2.1,False,False,2026-09-29 ratio=101.23 momentum=101.35; 2026-09-30 ratio=101.59 momentum=102.74; 2026-10-01 ratio=101.38 momentum=105.59; 2026-10-05 ratio=101.79 momentum=100.54; 2026-10-06 ratio=101.36 momentum=99.25,115.92
stock,Dolphin Offshore,DOLPHIN.NS,Offshore Support Solution Drilling,"Oil, Gas & Consumable Fuels",2621.88,0.0,14.81,30.71,42.85,160.64,36.4,14.92,,stage_2,5,643.35,467.9,7.06,0.02825,"{'price_above_30w_ma': True, '30w_ma_rising': True, 'price_above_10w_ma': True, 'relative_strength_positive': True, 'near_52w_high': True}",weakening,weakening,100.77,98.05,-0.2,0.28,False,False,2026-09-29 ratio=100.98 momentum=97.77; 2026-09-30 ratio=100.85 momentum=98.47; 2026-10-01 ratio=100.79 momentum=97.56; 2026-10-05 ratio=100.67 momentum=97.92; 2026-10-06 ratio=100.77 momentum=98.05,142.97
stock,Jindal Drilling,JINDRILL.NS,Offshore Support Solution Drilling,"Oil, Gas & Consumable Fuels",1736.09,0.17,47.14,-28.69,275.39,8.38,8.91,13.67,,not_stage_2,3,590.7,582.5,2.56,0.02594,"{'price_above_30w_ma': True, '30w_ma_rising': True, 'price_above_10w_ma': False, 'relative_strength_positive': False, 'near_52w_high': True}",leading,leading,100.1,102.02,-0.47,1.48,False,False,2026-09-29 ratio=100.58 momentum=100.54; 2026-09-30 ratio=100.66 momentum=101.07; 2026-10-01 ratio=100.35 momentum=101.44; 2026-10-05 ratio=100.15 momentum=100.46; 2026-10-06 ratio=100.10 momentum=102.02,95.72
stock,Alphageo (India),ALPHAGEO.NS,Offshore Support Solution Drilling,"Oil, Gas & Consumable Fuels",158.48,1.97,14.86,1660.49,82.13,101.1,,-7.2,,not_stage_2,3,251.15,234.93,4.25,0.01103,"{'price_above_30w_ma': True, '30w_ma_rising': True, 'price_above_10w_ma': False, 'relative_strength_positive': False, 'near_52w_high': True}",lagging,lagging,99.42,96.85,-0.4,0.61,False,False,2026-09-29 ratio=99.82 momentum=96.24; 2026-09-30 ratio=99.75 momentum=96.97; 2026-10-01 ratio=99.80 momentum=97.35; 2026-10-05 ratio=99.63 momentum=97.34; 2026-10-06 ratio=99.42 momentum=96.85,68.5
stock,Aban Offshore,ABAN.NS,Offshore Support Solution Drilling,"Oil, Gas & Consumable Fuels",103.96,0.0,83.72,133.12,165.26,44.43,,,,not_stage_2,2,16.92,17.1,-5.07,0.00074,"{'price_above_30w_ma': False, '30w_ma_rising': False, 'price_above_10w_ma': True, 'relative_strength_positive': True, 'near_52w_high': False}",leading,improving,101.18,102.6,1.65,2.05,True,False,2026-09-29 ratio=99.53 momentum=100.55; 2026-09-30 ratio=99.76 momentum=100.97; 2026-10-01 ratio=100.35 momentum=102.58; 2026-10-05 ratio=100.79 momentum=102.37; 2026-10-06 ratio=101.18 momentum=102.60,88.9
stock,Aakash Explor.,AAKASH.NS,Offshore Support Solution Drilling,"Oil, Gas & Consumable Fuels",83.43,0.0,0.52,-3.7,27.89,16.89,23.98,7.63,,not_stage_2,1,8.21,8.76,-0.74,0.00036,"{'price_above_30w_ma': False, '30w_ma_rising': False, 'price_above_10w_ma': False, 'relative_strength_positive': False, 'near_52w_high': True}",lagging,weakening,99.13,97.65,-1.6,-0.67,False,False,2026-09-29 ratio=100.73 momentum=98.32; 2026-09-30 ratio=100.26 momentum=98.36; 2026-10-01 ratio=100.16 momentum=98.05; 2026-10-05 ratio=100.40 momentum=98.97; 2026-10-06 ratio=99.13 momentum=97.65,20.0
stock,Deep Industries,DEEPINDS.NS,Oil Equipment & Services,"Oil, Gas & Consumable Fuels",5076.93,0.31,89.14,45.12,278.92,39.81,12.24,16.47,,stage_2,5,748.95,558.97,10.79,0.03288,"{'price_above_30w_ma': True, '30w_ma_rising': True, 'price_above_10w_ma': True, 'relative_strength_positive': True, 'near_52w_high': True}",leading,leading,100.99,100.16,-0.47,-1.39,False,False,2026-09-29 ratio=101.45 momentum=101.54; 2026-09-30 ratio=101.18 momentum=99.69; 2026-10-01 ratio=101.16 momentum=99.95; 2026-10-05 ratio=101.07 momentum=99.23; 2026-10-06 ratio=100.99 momentum=100.16,172.33
stock,Asian Energy,ASIANENE.NS,Oil Equipment & Services,"Oil, Gas & Consumable Fuels",2334.52,0.26,12.76,115.5,271.19,135.06,36.14,16.33,,stage_2,4,463.75,377.45,7.13,0.02036,"{'price_above_30w_ma': True, '30w_ma_rising': True, 'price_above_10w_ma': False, 'relative_strength_positive': True, 'near_52w_high': True}",weakening,weakening,100.43,97.35,-0.41,-0.2,False,False,2026-09-29 ratio=100.84 momentum=97.55; 2026-09-30 ratio=100.73 momentum=95.65; 2026-10-01 ratio=100.68 momentum=96.78; 2026-10-05 ratio=100.45 momentum=95.61; 2026-10-06 ratio=100.43 momentum=97.35,121.41
stock,Oil Country,OILCOUNTUB.NS,Oil Equipment & Services,"Oil, Gas & Consumable Fuels",431.84,0.0,-15.11,-71.51,17.44,-29.02,,-25.38,,stage_2,5,81.29,58.46,6.67,0.00357,"{'price_above_30w_ma': True, '30w_ma_rising': True, 'price_above_10w_ma': True, 'relative_strength_positive': True, 'near_52w_high': True}",leading,leading,102.62,102.47,-0.29,-0.51,False,False,2026-09-29 ratio=102.91 momentum=102.98; 2026-09-30 ratio=102.90 momentum=103.25; 2026-10-01 ratio=102.92 momentum=103.20; 2026-10-05 ratio=102.77 momentum=102.89; 2026-10-06 ratio=102.62 momentum=102.47,183.79
stock,Teja Engineering,TEJA.NS,Oil Equipment & Services,"Oil, Gas & Consumable Fuels",139.9,0.0,3.32,36.63,43.98,48.03,22.38,33.1,,insufficient_data,0,,,,,{},insufficient_data,insufficient_data,,,,,False,False,,0.0
stock,O N G C,ONGC.NS,Oil Exploration & Production,"Oil, Gas & Consumable Fuels",279380.46,5.97,6554.44,20.84,204987.35,25.68,6.39,14.15,,not_stage_2,0,224.2,255.38,-2.37,0.00984,"{'price_above_30w_ma': False, '30w_ma_rising': False, 'price_above_10w_ma': False, 'relative_strength_positive': False, 'near_52w_high': False}",lagging,weakening,99.71,98.61,-1.1,-0.98,False,False,2026-09-29 ratio=100.80 momentum=99.59; 2026-09-30 ratio=100.23 momentum=98.48; 2026-10-01 ratio=100.00 momentum=99.71; 2026-10-05 ratio=100.34 momentum=100.54; 2026-10-06 ratio=99.71 momentum=98.61,0.0
stock,Oil India,OIL.NS,Oil Exploration & Production,"Oil, Gas & Consumable Fuels",74246.66,2.53,4026.83,91.4,12503.32,57.7,8.89,11.51,,not_stage_2,1,447.85,463.16,-0.51,0.01966,"{'price_above_30w_ma': False, '30w_ma_rising': False, 'price_above_10w_ma': False, 'relative_strength_positive': False, 'near_52w_high': True}",lagging,weakening,99.9,97.45,-0.68,0.95,False,False,2026-09-29 ratio=100.58 momentum=96.50; 2026-09-30 ratio=100.14 momentum=95.29; 2026-10-01 ratio=100.08 momentum=97.09; 2026-10-05 ratio=100.06 momentum=97.71; 2026-10-06 ratio=99.90 momentum=97.45,20.0
stock,Vedanta Oil and Gas,VOGL.NS,Oil Exploration & Production,"Oil, Gas & Consumable Fuels",12157.48,0.0,945.0,2691.59,2507.0,8.48,56.55,,,insufficient_data,0,,,,,{},lagging,lagging,98.2,98.75,-1.44,-1.12,False,False,2026-09-29 ratio=99.64 momentum=99.87; 2026-09-30 ratio=99.24 momentum=98.55; 2026-10-01 ratio=98.74 momentum=97.79; 2026-10-05 ratio=98.01 momentum=97.83; 2026-10-06 ratio=98.20 momentum=98.75,0.0
stock,Antelopus Selan,ANTELOPUS.NS,Oil Exploration & Production,"Oil, Gas & Consumable Fuels",3988.05,0.0,54.32,450.71,131.04,158.82,28.45,19.92,,stage_2,5,1100.6,812.26,10.48,0.04832,"{'price_above_30w_ma': True, '30w_ma_rising': True, 'price_above_10w_ma': True, 'relative_strength_positive': True, 'near_52w_high': True}",weakening,weakening,101.11,98.25,-0.62,-0.59,False,False,2026-09-29 ratio=101.73 momentum=98.84; 2026-09-30 ratio=101.46 momentum=94.91; 2026-10-01 ratio=101.35 momentum=96.65; 2026-10-05 ratio=101.24 momentum=97.88; 2026-10-06 ratio=101.11 momentum=98.25,151.51
stock,Prabha Energy,PRABHA.NS,Oil Exploration & Production,"Oil, Gas & Consumable Fuels",3538.02,0.0,0.29,226.09,1.69,49.56,3216.38,-0.09,,stage_2,5,221.33,174.39,4.61,0.00972,"{'price_above_30w_ma': True, '30w_ma_rising': True, 'price_above_10w_ma': True, 'relative_strength_positive': True, 'near_52w_high': True}",weakening,weakening,100.77,97.56,-0.23,3.26,False,False,2026-09-29 ratio=101.00 momentum=94.30; 2026-09-30 ratio=100.93 momentum=96.98; 2026-10-01 ratio=100.85 momentum=98.18; 2026-10-05 ratio=100.69 momentum=96.34; 2026-10-06 ratio=100.77 momentum=97.56,138.07
stock,Hind.Oil Explor.,HINDOILEXP.NS,Oil Exploration & Production,"Oil, Gas & Consumable Fuels",2272.32,0.0,6.24,-47.91,114.18,45.17,90.46,3.49,,stage_2,4,166.35,159.88,2.63,0.0073,"{'price_above_30w_ma': True, '30w_ma_rising': True, 'price_above_10w_ma': False, 'relative_strength_positive': True, 'near_52w_high': True}",weakening,weakening,100.41,96.81,-0.68,-1.83,False,False,2026-09-29 ratio=101.09 momentum=98.63; 2026-09-30 ratio=100.93 momentum=96.86; 2026-10-01 ratio=100.71 momentum=95.28; 2026-10-05 ratio=100.44 momentum=94.59; 2026-10-06 ratio=100.41 momentum=96.81,112.31
stock,Guj.Nat.Resour.,GNRL.NS,Oil Exploration & Production,"Oil, Gas & Consumable Fuels",1499.95,0.0,11.35,488.08,5.72,70.75,77.68,7.26,,insufficient_data,0,,,,,{},insufficient_data,insufficient_data,,,,,False,False,,0.0
stock,L T Foods,LTFOODS.NS,Other Agricultural Products,Fast Moving Consumer Goods,14518.56,0.72,183.45,8.87,3151.83,27.92,22.67,17.6,,not_stage_2,3,408.15,405.64,0.47,0.01792,"{'price_above_30w_ma': True, '30w_ma_rising': True, 'price_above_10w_ma': False, 'relative_strength_positive': False, 'near_52w_high': True}",weakening,weakening,100.14,97.34,0.04,0.68,False,False,2026-09-29 ratio=100.10 momentum=96.66; 2026-09-30 ratio=100.03 momentum=97.87; 2026-10-01 ratio=100.10 momentum=97.96; 2026-10-05 ratio=100.26 momentum=98.58; 2026-10-06 ratio=100.14 momentum=97.34,61.64
stock,KRBL,KRBL.NS,Other Agricultural Products,Fast Moving Consumer Goods,9106.21,1.13,260.74,73.16,1495.86,-5.59,12.01,15.16,,stage_2,4,389.15,366.99,2.1,0.01709,"{'price_above_30w_ma': True, '30w_ma_rising': True, 'price_above_10w_ma': False, 'relative_strength_positive': True, 'near_52w_high': True}",weakening,weakening,100.38,99.66,-0.04,2.38,False,False,2026-09-29 ratio=100.43 momentum=97.28; 2026-09-30 ratio=100.30 momentum=97.60; 2026-10-01 ratio=100.19 momentum=97.45; 2026-10-05 ratio=100.30 momentum=98.98; 2026-10-06 ratio=100.38 momentum=99.66,111.1
stock,Guj. Ambuja Exp,GAEL.NS,Other Agricultural Products,Fast Moving Consumer Goods,7475.88,0.18,176.77,171.87,1594.22,23.47,17.84,12.46,,stage_2,4,162.81,158.09,1.88,0.00715,"{'price_above_30w_ma': True, '30w_ma_rising': True, 'price_above_10w_ma': False, 'relative_strength_positive': True, 'near_52w_high': True}",leading,leading,100.51,101.82,0.05,0.35,False,False,2026-09-29 ratio=100.46 momentum=101.46; 2026-09-30 ratio=100.32 momentum=101.81; 2026-10-01 ratio=100.11 momentum=100.33; 2026-10-05 ratio=99.96 momentum=101.01; 2026-10-06 ratio=100.51 momentum=101.82,140.41
stock,TruAlt Bioenergy,TRUALT.NS,Other Agricultural Products,Fast Moving Consumer Goods,3847.28,0.0,59.27,1108.25,626.88,106.29,24.6,10.44,,not_stage_2,4,444.35,451.81,1.38,0.01951,"{'price_above_30w_ma': False, '30w_ma_rising': True, 'price_above_10w_ma': True, 'relative_strength_positive': True, 'near_52w_high': True}",leading,leading,101.08,101.87,-1.16,-0.93,False,False,2026-09-29 ratio=102.24 momentum=102.80; 2026-09-30 ratio=102.66 momentum=102.31; 2026-10-01 ratio=101.53 momentum=101.33; 2026-10-05 ratio=101.24 momentum=101.32; 2026-10-06 ratio=101.08 momentum=101.87,117.51
stock,Kaveri Seed Co.,KSCL.NS,Other Agricultural Products,Fast Moving Consumer Goods,3656.55,0.7,279.84,-14.18,742.5,-13.51,14.65,15.82,,not_stage_2,0,717.45,837.92,-0.84,0.0315,"{'price_above_30w_ma': False, '30w_ma_rising': False, 'price_above_10w_ma': False, 'relative_strength_positive': False, 'near_52w_high': False}",improving,leading,99.79,101.02,-0.62,-0.46,False,False,2026-09-29 ratio=100.40 momentum=101.48; 2026-09-30 ratio=100.07 momentum=101.46; 2026-10-01 ratio=100.00 momentum=101.20; 2026-10-05 ratio=99.43 momentum=100.92; 2026-10-06 ratio=99.79 momentum=101.02,5.1
stock,A C J K Exports,AEROPLANE.NS,Other Agricultural Products,Fast Moving Consumer Goods,2267.83,0.0,36.63,127.52,663.73,55.1,18.31,15.66,,insufficient_data,0,,,,,{},leading,weakening,101.71,100.38,0.03,1.87,True,False,2026-09-29 ratio=101.68 momentum=98.51; 2026-09-30 ratio=101.98 momentum=102.04; 2026-10-01 ratio=102.10 momentum=104.80; 2026-10-05 ratio=102.09 momentum=101.42; 2026-10-06 ratio=101.71 momentum=100.38,40.45
stock,Sanstar,SANSTAR.NS,Other Agricultural Products,Fast Moving Consumer Goods,2083.79,0.0,9.21,2808.82,206.16,21.51,47.36,5.83,,not_stage_2,2,104.07,104.94,2.9,0.00457,"{'price_above_30w_ma': False, '30w_ma_rising': True, 'price_above_10w_ma': False, 'relative_strength_positive': False, 'near_52w_high': True}",lagging,weakening,99.59,96.74,-0.74,-1.75,False,False,2026-09-29 ratio=100.33 momentum=98.49; 2026-09-30 ratio=100.15 momentum=97.55; 2026-10-01 ratio=99.80 momentum=96.02; 2026-10-05 ratio=100.13 momentum=95.48; 2026-10-06 ratio=99.59 momentum=96.74,45.8
stock,GRM Overseas,GRMOVER.NS,Other Agricultural Products,Fast Moving Consumer Goods,1684.47,0.0,21.04,10.21,426.51,30.52,22.03,13.99,,not_stage_2,0,79.04,117.4,-8.23,0.00347,"{'price_above_30w_ma': False, '30w_ma_rising': False, 'price_above_10w_ma': False, 'relative_strength_positive': False, 'near_52w_high': False}",improving,lagging,98.59,100.64,0.27,2.71,False,True,2026-09-29 ratio=98.32 momentum=97.93; 2026-09-30 ratio=98.59 momentum=100.31; 2026-10-01 ratio=98.50 momentum=102.85; 2026-10-05 ratio=98.63 momentum=101.58; 2026-10-06 ratio=98.59 momentum=100.64,3.2
stock,Chamanlal Setia,CLSEL.NS,Other Agricultural Products,Fast Moving Consumer Goods,1466.4,1.02,31.99,47.83,345.92,12.58,11.72,18.18,,stage_2,5,291.95,279.31,1.55,0.01282,"{'price_above_30w_ma': True, '30w_ma_rising': True, 'price_above_10w_ma': True, 'relative_strength_positive': True, 'near_52w_high': True}",leading,leading,101.06,100.96,0.58,0.64,False,False,2026-09-29 ratio=100.48 momentum=100.33; 2026-09-30 ratio=100.69 momentum=96.02; 2026-10-01 ratio=100.69 momentum=97.11; 2026-10-05 ratio=100.62 momentum=97.49; 2026-10-06 ratio=101.06 momentum=100.96,158.2
stock,AVT Natural Prod,AVTNPL.NS,Other Agricultural Products,Fast Moving Consumer Goods,1358.14,0.9,31.1,156.6,241.21,82.16,16.21,14.22,,stage_2,5,90.18,73.77,4.97,0.00396,"{'price_above_30w_ma': True, '30w_ma_rising': True, 'price_above_10w_ma': True, 'relative_strength_positive': True, 'near_52w_high': True}",weakening,leading,101.0,99.14,-0.4,-1.36,False,False,2026-09-29 ratio=101.40 momentum=100.51; 2026-09-30 ratio=101.29 momentum=100.62; 2026-10-01 ratio=100.98 momentum=100.01; 2026-10-05 ratio=100.99 momentum=100.15; 2026-10-06 ratio=101.00 momentum=99.14,139.94
stock,AU Small Finance,AUBANK.NS,Other Bank,Financial Services,74427.37,0.1,795.95,37.03,5302.74,21.11,26.06,7.66,,stage_2,4,1028.0,1017.45,0.84,0.04514,"{'price_above_30w_ma': True, '30w_ma_rising': True, 'price_above_10w_ma': False, 'relative_strength_positive': True, 'near_52w_high': True}",leading,weakening,100.76,100.96,0.7,1.75,True,False,2026-09-29 ratio=100.07 momentum=99.22; 2026-09-30 ratio=100.37 momentum=99.89; 2026-10-01 ratio=99.73 momentum=98.22; 2026-10-05 ratio=101.31 momentum=100.59; 2026-10-06 ratio=100.76 momentum=100.96,145.28
stock,Ujjivan Small,UJJIVANSFB.NS,Other Bank,Financial Services,12624.78,0.0,316.54,206.67,2024.92,25.08,13.94,7.73,,stage_2,4,65.19,61.55,1.84,0.00286,"{'price_above_30w_ma': True, '30w_ma_rising': True, 'price_above_10w_ma': False, 'relative_strength_positive': True, 'near_52w_high': True}",leading,leading,100.14,100.97,-0.21,-0.9,False,False,2026-09-29 ratio=100.35 momentum=101.87; 2026-09-30 ratio=101.47 momentum=102.47; 2026-10-01 ratio=100.82 momentum=102.05; 2026-10-05 ratio=101.08 momentum=101.83; 2026-10-06 ratio=100.14 momentum=100.97,134.23
stock,Equitas Sma. Fin,EQUITASBNK.NS,Other Bank,Financial Services,7887.65,0.0,183.61,182.06,1960.4,18.89,15.45,6.43,,not_stage_2,2,67.96,70.61,1.42,0.00298,"{'price_above_30w_ma': False, '30w_ma_rising': True, 'price_above_10w_ma': False, 'relative_strength_positive': False, 'near_52w_high': True}",lagging,lagging,98.55,98.71,0.22,-0.15,False,False,2026-09-29 ratio=98.34 momentum=98.86; 2026-09-30 ratio=99.42 momentum=99.15; 2026-10-01 ratio=99.50 momentum=99.90; 2026-10-05 ratio=99.20 momentum=98.63; 2026-10-06 ratio=98.55 momentum=98.71,42.84
stock,Jana Small Finan,JSFB.NS,Other Bank,Financial Services,5291.11,0.0,155.23,52.29,1514.53,22.08,13.93,7.45,,not_stage_2,3,499.85,481.35,4.24,0.02195,"{'price_above_30w_ma': True, '30w_ma_rising': True, 'price_above_10w_ma': False, 'relative_strength_positive': False, 'near_52w_high': True}",lagging,lagging,99.0,98.6,-0.15,-1.26,False,False,2026-09-29 ratio=99.14 momentum=99.87; 2026-09-30 ratio=98.40 momentum=98.37; 2026-10-01 ratio=98.32 momentum=98.11; 2026-10-05 ratio=99.19 momentum=98.91; 2026-10-06 ratio=99.00 momentum=98.60,68.48
stock,Utkarsh Small F.,UTKARSHBNK.NS,Other Bank,Financial Services,2484.1,0.0,-33.92,85.84,883.56,0.3,,1.46,,not_stage_2,1,13.52,13.85,0.43,0.00059,"{'price_above_30w_ma': False, '30w_ma_rising': True, 'price_above_10w_ma': False, 'relative_strength_positive': False, 'near_52w_high': False}",lagging,leading,99.63,99.85,-0.84,-0.28,False,False,2026-09-29 ratio=100.47 momentum=100.13; 2026-09-30 ratio=100.29 momentum=102.56; 2026-10-01 ratio=99.85 momentum=99.62; 2026-10-05 ratio=99.26 momentum=97.49; 2026-10-06 ratio=99.63 momentum=99.85,20.86
stock,ESAF Small Fin,ESAFSFB.NS,Other Bank,Financial Services,2196.56,0.0,80.08,198.6,1097.77,32.54,,5.65,,stage_2,5,42.15,33.59,6.76,0.00185,"{'price_above_30w_ma': True, '30w_ma_rising': True, 'price_above_10w_ma': True, 'relative_strength_positive': True, 'near_52w_high': True}",leading,leading,101.15,101.29,-1.37,-1.31,False,False,2026-09-29 ratio=102.52 momentum=102.59; 2026-09-30 ratio=102.44 momentum=102.34; 2026-10-01 ratio=102.05 momentum=102.28; 2026-10-05 ratio=101.80 momentum=101.92; 2026-10-06 ratio=101.15 momentum=101.29,170.72
stock,Suryoday Small,SURYODAY.NS,Other Bank,Financial Services,1651.93,0.96,75.18,113.1,622.36,25.69,8.61,7.33,,not_stage_2,3,151.47,157.71,1.62,0.00665,"{'price_above_30w_ma': False, '30w_ma_rising': True, 'price_above_10w_ma': False, 'relative_strength_positive': True, 'near_52w_high': True}",leading,improving,100.78,103.74,1.25,1.19,True,False,2026-09-29 ratio=99.53 momentum=102.54; 2026-09-30 ratio=99.67 momentum=103.96; 2026-10-01 ratio=99.67 momentum=102.74; 2026-10-05 ratio=100.03 momentum=103.62; 2026-10-06 ratio=100.78 momentum=103.74,115.84
stock,Capital Small,CAPITALSFB.NS,Other Bank,Financial Services,1244.77,1.82,41.3,29.02,288.18,16.63,8.26,7.07,,not_stage_2,2,263.8,275.96,1.04,0.01158,"{'price_above_30w_ma': False, '30w_ma_rising': True, 'price_above_10w_ma': False, 'relative_strength_positive': False, 'near_52w_high': True}",lagging,leading,98.56,98.5,-2.73,-5.57,False,False,2026-09-29 ratio=101.29 momentum=104.08; 2026-09-30 ratio=102.90 momentum=104.36; 2026-10-01 ratio=101.52 momentum=101.72; 2026-10-05 ratio=101.64 momentum=102.35; 2026-10-06 ratio=98.56 momentum=98.50,42.08
stock,Fino Payments,FINOPB.NS,Other Bank,Financial Services,1070.6,0.0,-13.72,-177.25,72.23,18.43,43.79,4.41,,not_stage_2,0,128.29,139.18,-5.3,0.00563,"{'price_above_30w_ma': False, '30w_ma_rising': False, 'price_above_10w_ma': False, 'relative_strength_positive': False, 'near_52w_high': False}",improving,lagging,98.84,100.48,-0.06,2.56,False,False,2026-09-29 ratio=98.90 momentum=97.92; 2026-09-30 ratio=98.79 momentum=98.26; 2026-10-01 ratio=99.03 momentum=100.04; 2026-10-05 ratio=98.99 momentum=100.69; 2026-10-06 ratio=98.84 momentum=100.48,2.4
stock,Ramco Inds.,RAMCOIND.NS,Other Construction Materials,Construction Materials,2601.77,0.42,86.59,21.91,613.81,15.48,8.27,4.57,,not_stage_2,2,297.75,306.29,1.26,0.01307,"{'price_above_30w_ma': False, '30w_ma_rising': True, 'price_above_10w_ma': False, 'relative_strength_positive': False, 'near_52w_high': True}",lagging,lagging,98.29,97.04,-1.04,-2.92,False,False,2026-09-29 ratio=99.33 momentum=99.96; 2026-09-30 ratio=99.24 momentum=99.30; 2026-10-01 ratio=99.03 momentum=98.80; 2026-10-05 ratio=98.54 momentum=95.63; 2026-10-06 ratio=98.29 momentum=97.04,42.52
stock,Glass Wall Syst.,GLASSWALL.NS,Other Construction Materials,Construction Materials,2307.35,0.0,16.0,-14.76,101.14,32.49,31.55,64.76,,insufficient_data,0,,,,,{},insufficient_data,insufficient_data,,,,,False,False,,0.0
stock,Arisinfra Solu.,ARIS.NS,Other Construction Materials,Construction Materials,1164.09,0.0,20.04,306.31,290.81,37.12,17.62,15.57,,stage_2,5,143.66,125.41,3.3,0.00631,"{'price_above_30w_ma': True, '30w_ma_rising': True, 'price_above_10w_ma': True, 'relative_strength_positive': True, 'near_52w_high': True}",leading,leading,101.86,100.58,0.71,-1.26,False,False,2026-09-29 ratio=101.15 momentum=101.85; 2026-09-30 ratio=102.26 momentum=105.43; 2026-10-01 ratio=101.69 momentum=103.25; 2026-10-05 ratio=101.70 momentum=102.34; 2026-10-06 ratio=101.86 momentum=100.58,163.8
stock,BirlaNu Ltd,BIRLANU.NS,Other Construction Materials,Construction Materials,997.45,1.14,9.4,812.12,1174.02,11.57,,-4.29,,not_stage_2,1,1406.5,1402.58,-0.5,0.06175,"{'price_above_30w_ma': True, '30w_ma_rising': False, 'price_above_10w_ma': False, 'relative_strength_positive': False, 'near_52w_high': False}",leading,leading,100.22,101.17,-0.15,0.77,False,False,2026-09-29 ratio=100.37 momentum=100.40; 2026-09-30 ratio=100.34 momentum=100.87; 2026-10-01 ratio=100.35 momentum=101.33; 2026-10-05 ratio=100.07 momentum=100.56; 2026-10-06 ratio=100.22 momentum=101.17,46.95
stock,Everest Inds.,EVERESTIND.NS,Other Construction Materials,Construction Materials,793.22,0.2,102.09,1505.52,435.86,-12.95,,-8.5,,stage_2,5,515.95,416.26,2.4,0.02265,"{'price_above_30w_ma': True, '30w_ma_rising': True, 'price_above_10w_ma': True, 'relative_strength_positive': True, 'near_52w_high': True}",leading,leading,103.02,103.34,2.59,0.15,False,False,2026-09-29 ratio=100.43 momentum=103.19; 2026-09-30 ratio=101.20 momentum=103.72; 2026-10-01 ratio=101.99 momentum=103.97; 2026-10-05 ratio=101.97 momentum=103.20; 2026-10-06 ratio=103.02 momentum=103.34,181.6
stock,Teamtech Formwork,TEAMTECH.NS,Other Construction Materials,Construction Materials,438.55,0.0,7.33,,31.74,,37.84,41.17,,insufficient_data,0,,,,,{},insufficient_data,insufficient_data,,,,,False,False,,0.0
stock,Sahyadri Industr,SAHYADRI.NS,Other Construction Materials,Construction Materials,381.22,0.71,26.52,146.24,258.58,20.51,8.44,9.72,,stage_2,4,354.05,300.66,5.47,0.01554,"{'price_above_30w_ma': True, '30w_ma_rising': True, 'price_above_10w_ma': False, 'relative_strength_positive': True, 'near_52w_high': True}",weakening,weakening,100.57,97.1,-0.01,0.68,False,False,2026-09-29 ratio=100.58 momentum=96.43; 2026-09-30 ratio=100.52 momentum=97.28; 2026-10-01 ratio=100.88 momentum=99.76; 2026-10-05 ratio=100.97 momentum=99.81; 2026-10-06 ratio=100.57 momentum=97.10,118.79
stock,Vishnusurya Pro.,VISHNUINFR.NS,Other Construction Materials,Construction Materials,366.46,0.71,5.92,116.06,61.87,25.02,8.68,20.15,,not_stage_2,0,146.4,156.89,-1.44,0.00643,"{'price_above_30w_ma': False, '30w_ma_rising': False, 'price_above_10w_ma': False, 'relative_strength_positive': False, 'near_52w_high': False}",lagging,leading,99.64,98.79,-0.59,-1.96,False,False,2026-09-29 ratio=100.22 momentum=100.75; 2026-09-30 ratio=100.14 momentum=98.84; 2026-10-01 ratio=100.78 momentum=99.17; 2026-10-05 ratio=99.10 momentum=99.20; 2026-10-06 ratio=99.64 momentum=98.79,0.0
stock,MCON Rasayan,MCON.NS,Other Construction Materials,Construction Materials,30.0,0.0,1.8,76.47,36.86,26.32,9.87,11.06,,not_stage_2,0,39.95,45.44,-1.04,0.00175,"{'price_above_30w_ma': False, '30w_ma_rising': False, 'price_above_10w_ma': False, 'relative_strength_positive': False, 'near_52w_high': False}",improving,improving,99.51,103.84,-0.47,3.15,False,False,2026-09-29 ratio=99.98 momentum=100.69; 2026-09-30 ratio=100.07 momentum=102.74; 2026-10-01 ratio=99.91 momentum=101.93; 2026-10-05 ratio=99.81 momentum=101.91; 2026-10-06 ratio=99.51 momentum=103.84,19.2
stock,SIS,SIS.NS,Other Consumer Services,Consumer Services,5842.07,1.69,101.66,9.37,4603.58,29.73,14.54,13.68,,stage_2,4,416.7,394.71,4.38,0.0183,"{'price_above_30w_ma': True, '30w_ma_rising': True, 'price_above_10w_ma': False, 'relative_strength_positive': True, 'near_52w_high': True}",leading,leading,101.24,100.96,-0.39,-0.66,False,False,2026-09-29 ratio=101.63 momentum=101.62; 2026-09-30 ratio=101.82 momentum=101.85; 2026-10-01 ratio=101.51 momentum=101.02; 2026-10-05 ratio=101.44 momentum=100.01; 2026-10-06 ratio=101.24 momentum=100.96,144.76
stock,E Factor Experie,EFACTOR.NS,Other Consumer Services,Consumer Services,255.6,0.62,14.61,-26.66,138.84,-9.5,12.99,24.71,,not_stage_2,2,183.5,189.91,-3.3,0.00806,"{'price_above_30w_ma': False, '30w_ma_rising': False, 'price_above_10w_ma': True, 'relative_strength_positive': True, 'near_52w_high': False}",leading,leading,100.9,101.41,-0.73,-1.26,False,False,2026-09-29 ratio=101.63 momentum=102.67; 2026-09-30 ratio=101.23 momentum=101.87; 2026-10-01 ratio=101.37 momentum=101.88; 2026-10-05 ratio=100.43 momentum=100.89; 2026-10-06 ratio=100.90 momentum=101.41,71.55
stock,Party Cruisers,PARTYCRUS.NS,Other Consumer Services,Consumer Services,134.58,0.0,10.04,62.85,111.27,32.28,10.76,34.5,,stage_2,5,95.0,91.25,2.36,0.00417,"{'price_above_30w_ma': True, '30w_ma_rising': True, 'price_above_10w_ma': True, 'relative_strength_positive': True, 'near_52w_high': True}",weakening,leading,101.19,96.29,-0.84,-4.82,False,False,2026-09-29 ratio=102.04 momentum=101.12; 2026-09-30 ratio=101.92 momentum=96.53; 2026-10-01 ratio=101.86 momentum=97.90; 2026-10-05 ratio=101.60 momentum=95.57; 2026-10-06 ratio=101.19 momentum=96.29,135.67
stock,Touchwood Enter.,TOUCHWOOD.NS,Other Consumer Services,Consumer Services,66.05,0.0,0.38,-70.77,3.96,-76.57,19.89,13.52,,not_stage_2,0,58.95,67.66,-3.14,0.00259,"{'price_above_30w_ma': False, '30w_ma_rising': False, 'price_above_10w_ma': False, 'relative_strength_positive': False, 'near_52w_high': False}",lagging,improving,99.55,99.34,-0.43,-2.43,False,False,2026-09-29 ratio=99.98 momentum=101.77; 2026-09-30 ratio=99.77 momentum=99.85; 2026-10-01 ratio=99.04 momentum=97.79; 2026-10-05 ratio=99.60 momentum=100.38; 2026-10-06 ratio=99.55 momentum=99.34,0.0
stock,Blue Pebble,BLUEPEBBLE.NS,Other Consumer Services,Consumer Services,27.34,0.0,-0.26,,11.14,,55.79,2.42,,not_stage_2,0,66.0,90.38,-7.38,0.0029,"{'price_above_30w_ma': False, '30w_ma_rising': False, 'price_above_10w_ma': False, 'relative_strength_positive': False, 'near_52w_high': False}",lagging,lagging,99.56,95.73,-0.23,-1.02,False,False,2026-09-29 ratio=99.79 momentum=96.75; 2026-09-30 ratio=99.47 momentum=97.59; 2026-10-01 ratio=99.75 momentum=97.36; 2026-10-05 ratio=99.67 momentum=96.74; 2026-10-06 ratio=99.56 momentum=95.73,0.0
stock,Thinking Hats,THESL.NS,Other Consumer Services,Consumer Services,19.35,0.0,0.51,-80.08,15.16,-61.15,15.48,6.09,,insufficient_data,0,,,,,{},insufficient_data,insufficient_data,,,,,False,False,,0.0
stock,HBL Engineering,HBLENGINE.NS,Other Industrial Products,Capital Goods,21140.26,0.39,109.14,-25.07,638.03,6.03,26.37,59.3,,stage_2,4,764.3,752.14,1.66,0.03356,"{'price_above_30w_ma': True, '30w_ma_rising': True, 'price_above_10w_ma': True, 'relative_strength_positive': True, 'near_52w_high': False}",weakening,leading,101.42,99.08,-1.43,-3.51,False,False,2026-09-29 ratio=102.85 momentum=102.60; 2026-09-30 ratio=102.41 momentum=105.27; 2026-10-01 ratio=102.09 momentum=99.34; 2026-10-05 ratio=101.61 momentum=98.40; 2026-10-06 ratio=101.42 momentum=99.08,115.42
stock,Inox India,INOXINDIA.NS,Other Industrial Products,Capital Goods,18893.32,0.1,58.07,-4.99,370.79,9.18,73.47,33.48,,stage_2,4,2077.3,1770.36,7.9,0.09121,"{'price_above_30w_ma': True, '30w_ma_rising': True, 'price_above_10w_ma': False, 'relative_strength_positive': True, 'near_52w_high': True}",weakening,leading,100.86,99.7,-0.15,-1.72,False,False,2026-09-29 ratio=101.01 momentum=101.42; 2026-09-30 ratio=100.92 momentum=102.25; 2026-10-01 ratio=101.81 momentum=104.26; 2026-10-05 ratio=101.12 momentum=100.02; 2026-10-06 ratio=100.86 momentum=99.70,125.1
stock,KRN Heat Exchan,KRN.NS,Other Industrial Products,Capital Goods,9694.46,0.0,32.9,164.9,252.32,118.88,100.0,15.98,,stage_2,4,1462.3,1259.23,5.72,0.0642,"{'price_above_30w_ma': True, '30w_ma_rising': True, 'price_above_10w_ma': False, 'relative_strength_positive': True, 'near_52w_high': True}",leading,weakening,100.7,101.73,-0.01,4.78,False,False,2026-09-29 ratio=100.71 momentum=96.94; 2026-09-30 ratio=100.67 momentum=99.97; 2026-10-01 ratio=100.58 momentum=101.36; 2026-10-05 ratio=100.35 momentum=98.24; 2026-10-06 ratio=100.70 momentum=101.73,148.59
stock,Esab India,ESABINDIA.NS,Other Industrial Products,Capital Goods,8661.58,1.33,56.14,37.13,421.12,19.63,41.84,64.68,,not_stage_2,2,5608.0,5881.7,0.29,0.24622,"{'price_above_30w_ma': False, '30w_ma_rising': True, 'price_above_10w_ma': False, 'relative_strength_positive': False, 'near_52w_high': True}",leading,lagging,100.12,103.29,0.34,6.78,True,False,2026-09-29 ratio=99.78 momentum=96.51; 2026-09-30 ratio=99.98 momentum=99.60; 2026-10-01 ratio=100.05 momentum=101.36; 2026-10-05 ratio=99.96 momentum=101.08; 2026-10-06 ratio=100.12 momentum=103.29,87.63
stock,Subros,SUBROS.NS,Other Industrial Products,Capital Goods,4416.7,0.44,41.52,1.69,1032.11,17.52,25.69,19.16,,not_stage_2,0,682.95,748.12,-0.76,0.02999,"{'price_above_30w_ma': False, '30w_ma_rising': False, 'price_above_10w_ma': False, 'relative_strength_positive': False, 'near_52w_high': False}",lagging,improving,99.22,99.34,-0.59,-3.21,False,False,2026-09-29 ratio=99.81 momentum=102.54; 2026-09-30 ratio=99.85 momentum=104.15; 2026-10-01 ratio=99.59 momentum=104.69; 2026-10-05 ratio=99.17 momentum=98.33; 2026-10-06 ratio=99.22 momentum=99.34,0.0
stock,Harsha Engg Intl,HARSHA.NS,Other Industrial Products,Capital Goods,4194.37,0.33,37.38,-1.45,457.43,25.22,27.12,13.0,,stage_2,5,464.65,411.41,3.17,0.0204,"{'price_above_30w_ma': True, '30w_ma_rising': True, 'price_above_10w_ma': True, 'relative_strength_positive': True, 'near_52w_high': True}",weakening,leading,101.49,96.38,-0.49,-6.29,False,False,2026-09-29 ratio=101.98 momentum=102.67; 2026-09-30 ratio=102.10 momentum=103.09; 2026-10-01 ratio=102.23 momentum=104.16; 2026-10-05 ratio=101.63 momentum=101.99; 2026-10-06 ratio=101.49 momentum=96.38,138.79
stock,Ador Welding,ADOR.NS,Other Industrial Products,Capital Goods,2704.0,1.48,27.35,890.46,308.63,23.19,22.58,22.71,,stage_2,4,1535.0,1286.43,6.13,0.0674,"{'price_above_30w_ma': True, '30w_ma_rising': True, 'price_above_10w_ma': False, 'relative_strength_positive': True, 'near_52w_high': True}",weakening,leading,100.33,98.98,-1.03,-3.07,False,False,2026-09-29 ratio=101.37 momentum=102.05; 2026-09-30 ratio=101.17 momentum=102.30; 2026-10-01 ratio=101.04 momentum=101.14; 2026-10-05 ratio=100.26 momentum=97.98; 2026-10-06 ratio=100.33 momentum=98.98,118.91
stock,Diffusion Eng,DIFFNKG.NS,Other Industrial Products,Capital Goods,1699.53,0.33,16.68,36.26,110.11,36.49,30.74,15.78,,stage_2,5,454.1,368.75,7.42,0.01994,"{'price_above_30w_ma': True, '30w_ma_rising': True, 'price_above_10w_ma': True, 'relative_strength_positive': True, 'near_52w_high': True}",leading,leading,101.31,100.35,-0.14,-1.52,False,False,2026-09-29 ratio=101.44 momentum=101.87; 2026-09-30 ratio=101.17 momentum=100.86; 2026-10-01 ratio=101.93 momentum=102.48; 2026-10-05 ratio=101.41 momentum=100.23; 2026-10-06 ratio=101.31 momentum=100.35,168.14
stock,Sahasra Electro.,SAHASRA.NS,Other Industrial Products,Capital Goods,1130.05,0.22,6.31,384.57,78.12,57.66,79.64,6.04,,insufficient_data,0,,,,,{},insufficient_data,insufficient_data,,,,,False,False,,0.0
stock,MIC Electronics,MICEL.NS,Other Industrial Products,Capital Goods,1017.27,0.0,2.13,27.54,43.72,276.57,,8.67,,not_stage_2,0,34.6,39.06,-0.48,0.00152,"{'price_above_30w_ma': False, '30w_ma_rising': False, 'price_above_10w_ma': False, 'relative_strength_positive': False, 'near_52w_high': False}",improving,leading,99.81,101.98,-1.27,0.33,False,False,2026-09-29 ratio=101.08 momentum=101.65; 2026-09-30 ratio=101.72 momentum=102.33; 2026-10-01 ratio=101.34 momentum=102.16; 2026-10-05 ratio=100.60 momentum=102.30; 2026-10-06 ratio=99.81 momentum=101.98,9.9
stock,Maruti Suzuki,MARUTI.NS,Passenger Cars & Utility Vehicles,Automobile and Auto Components,360673.51,1.22,3446.9,-9.11,52469.8,35.91,25.16,18.87,,not_stage_2,0,11625.0,13151.53,-2.33,0.5104,"{'price_above_30w_ma': False, '30w_ma_rising': False, 'price_above_10w_ma': False, 'relative_strength_positive': False, 'near_52w_high': False}",improving,improving,98.32,101.94,-0.24,-0.08,False,False,2026-09-29 ratio=98.56 momentum=102.02; 2026-09-30 ratio=98.90 momentum=103.35; 2026-10-01 ratio=98.01 momentum=99.65; 2026-10-05 ratio=98.27 momentum=102.12; 2026-10-06 ratio=98.32 momentum=101.94,9.7
stock,M & M,M&M.NS,Passenger Cars & Utility Vehicles,Automobile and Auto Components,348554.33,1.18,5997.56,33.8,58187.57,27.8,18.18,15.1,,not_stage_2,1,2855.0,3146.56,-1.33,0.12535,"{'price_above_30w_ma': False, '30w_ma_rising': False, 'price_above_10w_ma': False, 'relative_strength_positive': False, 'near_52w_high': True}",lagging,lagging,97.87,97.44,-0.66,-0.88,False,False,2026-09-29 ratio=98.53 momentum=98.32; 2026-09-30 ratio=98.71 momentum=97.62; 2026-10-01 ratio=98.11 momentum=95.41; 2026-10-05 ratio=98.03 momentum=97.24; 2026-10-06 ratio=97.87 momentum=97.44,20.0
stock,Hyundai Motor I,HYUNDAI.NS,Passenger Cars & Utility Vehicles,Automobile and Auto Components,157963.79,1.08,888.62,-35.1,16334.63,-0.48,31.91,38.4,,not_stage_2,1,1989.0,1992.75,-0.39,0.08733,"{'price_above_30w_ma': False, '30w_ma_rising': False, 'price_above_10w_ma': False, 'relative_strength_positive': False, 'near_52w_high': True}",lagging,weakening,98.84,96.44,-1.85,-2.9,False,False,2026-09-29 ratio=100.69 momentum=99.35; 2026-09-30 ratio=99.91 momentum=97.55; 2026-10-01 ratio=100.00 momentum=97.71; 2026-10-05 ratio=99.41 momentum=94.68; 2026-10-06 ratio=98.84 momentum=96.44,20.0
stock,Tata Motors PVeh,TMPV.NS,Passenger Cars & Utility Vehicles,Automobile and Auto Components,104119.39,1.06,859.0,-69.83,95799.0,9.26,104.5,2.73,,not_stage_2,0,285.8,335.24,-2.58,0.01255,"{'price_above_30w_ma': False, '30w_ma_rising': False, 'price_above_10w_ma': False, 'relative_strength_positive': False, 'near_52w_high': False}",improving,lagging,98.72,100.01,0.58,1.87,False,True,2026-09-29 ratio=98.14 momentum=98.14; 2026-09-30 ratio=98.53 momentum=99.50; 2026-10-01 ratio=98.47 momentum=94.48; 2026-10-05 ratio=99.13 momentum=100.60; 2026-10-06 ratio=98.72 momentum=100.01,0.05
stock,Force Motors,FORCEMOT.NS,Passenger Cars & Utility Vehicles,Automobile and Auto Components,22370.43,0.29,216.59,22.82,2440.01,6.21,20.33,36.05,,not_stage_2,1,17110.0,18961.53,-3.66,0.75123,"{'price_above_30w_ma': False, '30w_ma_rising': False, 'price_above_10w_ma': False, 'relative_strength_positive': True, 'near_52w_high': False}",leading,weakening,100.56,100.74,0.39,0.83,True,False,2026-09-29 ratio=100.18 momentum=99.91; 2026-09-30 ratio=100.79 momentum=101.04; 2026-10-01 ratio=100.45 momentum=98.18; 2026-10-05 ratio=99.70 momentum=97.92; 2026-10-06 ratio=100.56 momentum=100.74,56.5
stock,Olectra Greentec,OLECTRA.NS,Passenger Cars & Utility Vehicles,Automobile and Auto Components,8897.56,0.06,26.66,-0.31,575.51,65.75,50.15,21.05,,not_stage_2,1,1102.9,1262.16,2.17,0.04842,"{'price_above_30w_ma': False, '30w_ma_rising': True, 'price_above_10w_ma': False, 'relative_strength_positive': False, 'near_52w_high': False}",lagging,lagging,97.94,99.09,-0.23,-0.8,False,False,2026-09-29 ratio=98.16 momentum=99.88; 2026-09-30 ratio=98.30 momentum=100.42; 2026-10-01 ratio=97.83 momentum=99.20; 2026-10-05 ratio=97.53 momentum=98.68; 2026-10-06 ratio=97.94 momentum=99.09,24.34
stock,Mercury EV-Tech,MERCURYEV.NS,Passenger Cars & Utility Vehicles,Automobile and Auto Components,718.06,0.0,1.65,29.92,33.38,47.9,157.47,2.64,,insufficient_data,0,,,,,{},weakening,weakening,100.39,96.95,-0.83,1.32,False,False,2026-09-29 ratio=101.22 momentum=95.63; 2026-09-30 ratio=101.04 momentum=98.21; 2026-10-01 ratio=100.70 momentum=94.65; 2026-10-05 ratio=100.49 momentum=96.38; 2026-10-06 ratio=100.39 momentum=96.95,1.95
stock,Supreme Inds.,SUPREMEIND.NS,Plastic Products - Industrial,Capital Goods,44853.47,1.01,280.72,38.76,2717.66,4.16,43.45,20.73,,not_stage_2,2,3497.9,3545.3,-1.59,0.15358,"{'price_above_30w_ma': False, '30w_ma_rising': False, 'price_above_10w_ma': False, 'relative_strength_positive': True, 'near_52w_high': True}",leading,leading,101.6,101.16,0.24,-0.82,False,False,2026-09-29 ratio=101.37 momentum=101.98; 2026-09-30 ratio=101.52 momentum=103.06; 2026-10-01 ratio=101.03 momentum=102.65; 2026-10-05 ratio=100.97 momentum=97.07; 2026-10-06 ratio=101.60 momentum=101.16,73.8
stock,Astral,ASTRAL.NS,Plastic Products - Industrial,Capital Goods,38336.04,0.28,120.2,48.21,1578.0,15.93,64.71,19.22,,not_stage_2,2,1402.3,1499.36,-2.24,0.06157,"{'price_above_30w_ma': False, '30w_ma_rising': False, 'price_above_10w_ma': False, 'relative_strength_positive': True, 'near_52w_high': True}",leading,lagging,100.17,102.26,0.51,2.64,True,False,2026-09-29 ratio=99.66 momentum=99.62; 2026-09-30 ratio=99.66 momentum=99.97; 2026-10-01 ratio=99.31 momentum=97.88; 2026-10-05 ratio=99.54 momentum=95.74; 2026-10-06 ratio=100.17 momentum=102.26,82.15
stock,Garware Hi Tech,GRWRHITECH.NS,Plastic Products - Industrial,Capital Goods,16018.98,0.17,132.65,59.78,633.08,27.9,41.3,18.08,,stage_2,5,7102.5,5961.07,6.62,0.31184,"{'price_above_30w_ma': True, '30w_ma_rising': True, 'price_above_10w_ma': True, 'relative_strength_positive': True, 'near_52w_high': True}",leading,leading,102.21,102.55,-0.14,0.24,False,False,2026-09-29 ratio=102.35 momentum=102.31; 2026-09-30 ratio=102.33 momentum=102.79; 2026-10-01 ratio=102.05 momentum=102.19; 2026-10-05 ratio=100.72 momentum=100.70; 2026-10-06 ratio=102.21 momentum=102.55,182.04
stock,Finolex Inds.,FINPIPE.NS,Plastic Products - Industrial,Capital Goods,9560.27,1.3,114.52,16.67,883.58,-15.3,15.53,11.83,,not_stage_2,2,154.72,166.08,-2.6,0.00679,"{'price_above_30w_ma': False, '30w_ma_rising': False, 'price_above_10w_ma': False, 'relative_strength_positive': True, 'near_52w_high': True}",leading,improving,101.52,104.4,1.56,2.29,True,False,2026-09-29 ratio=99.95 momentum=102.11; 2026-09-30 ratio=100.40 momentum=103.40; 2026-10-01 ratio=100.60 momentum=101.78; 2026-10-05 ratio=99.68 momentum=100.40; 2026-10-06 ratio=101.52 momentum=104.40,99.6
stock,Kingfa Science,KINGFA.NS,Plastic Products - Industrial,Capital Goods,9393.41,0.29,80.21,101.58,688.57,49.06,41.62,23.2,,stage_2,5,6932.0,5320.2,5.88,0.30435,"{'price_above_30w_ma': True, '30w_ma_rising': True, 'price_above_10w_ma': True, 'relative_strength_positive': True, 'near_52w_high': True}",leading,leading,102.39,103.44,0.19,0.29,False,False,2026-09-29 ratio=102.21 momentum=103.15; 2026-09-30 ratio=102.06 momentum=102.17; 2026-10-01 ratio=102.25 momentum=103.00; 2026-10-05 ratio=102.20 momentum=104.04; 2026-10-06 ratio=102.39 momentum=103.44,185.91
stock,Time Technoplast,TIMETECHNO.NS,Plastic Products - Industrial,Capital Goods,9055.23,0.82,117.86,22.21,1692.71,25.14,18.49,16.52,,not_stage_2,3,183.07,183.87,0.1,0.00804,"{'price_above_30w_ma': False, '30w_ma_rising': True, 'price_above_10w_ma': False, 'relative_strength_positive': True, 'near_52w_high': True}",leading,leading,100.08,102.69,-0.05,0.28,False,False,2026-09-29 ratio=100.13 momentum=102.40; 2026-09-30 ratio=100.07 momentum=103.07; 2026-10-01 ratio=99.96 momentum=103.10; 2026-10-05 ratio=99.74 momentum=101.81; 2026-10-06 ratio=100.08 momentum=102.69,94.05
stock,Prince Pipes,PRINCEPIPE.NS,Plastic Products - Industrial,Capital Goods,2838.1,0.39,33.75,600.21,609.42,5.0,27.25,6.03,,not_stage_2,2,258.2,263.81,0.52,0.01134,"{'price_above_30w_ma': False, '30w_ma_rising': True, 'price_above_10w_ma': False, 'relative_strength_positive': False, 'near_52w_high': True}",lagging,improving,99.7,99.46,0.1,-0.63,False,False,2026-09-29 ratio=99.60 momentum=100.09; 2026-09-30 ratio=99.67 momentum=101.59; 2026-10-01 ratio=99.01 momentum=98.77; 2026-10-05 ratio=98.90 momentum=95.72; 2026-10-06 ratio=99.70 momentum=99.46,41.04
stock,Apollo Pipes,APOLLOPIPE.NS,Plastic Products - Industrial,Capital Goods,2336.53,0.13,-11.12,-205.28,295.43,7.43,,1.23,,not_stage_2,3,529.8,502.6,4.5,0.02326,"{'price_above_30w_ma': True, '30w_ma_rising': True, 'price_above_10w_ma': False, 'relative_strength_positive': False, 'near_52w_high': True}",weakening,lagging,100.08,99.6,0.22,0.3,False,False,2026-09-29 ratio=99.86 momentum=99.30; 2026-09-30 ratio=99.75 momentum=100.24; 2026-10-01 ratio=99.93 momentum=99.71; 2026-10-05 ratio=100.24 momentum=99.81; 2026-10-06 ratio=100.08 momentum=99.60,69.4
stock,Jain Irrigation,JISLJALEQS.NS,Plastic Products - Industrial,Capital Goods,2001.09,0.0,-17.8,-207.18,1508.37,-2.41,,5.3,,not_stage_2,0,26.65,30.75,-2.61,0.00117,"{'price_above_30w_ma': False, '30w_ma_rising': False, 'price_above_10w_ma': False, 'relative_strength_positive': False, 'near_52w_high': False}",lagging,leading,99.17,95.27,-1.61,-5.55,False,False,2026-09-29 ratio=100.78 momentum=100.82; 2026-09-30 ratio=100.14 momentum=99.67; 2026-10-01 ratio=99.87 momentum=97.62; 2026-10-05 ratio=99.43 momentum=96.73; 2026-10-06 ratio=99.17 momentum=95.27,0.0
stock,Jai Corp,JAICORPLTD.NS,Plastic Products - Industrial,Capital Goods,1595.34,0.55,28.2,-72.91,157.58,20.06,16.89,11.75,,not_stage_2,0,90.17,105.96,-1.69,0.00396,"{'price_above_30w_ma': False, '30w_ma_rising': False, 'price_above_10w_ma': False, 'relative_strength_positive': False, 'near_52w_high': False}",lagging,improving,97.92,98.41,-0.64,-2.05,False,False,2026-09-29 ratio=98.56 momentum=100.46; 2026-09-30 ratio=98.72 momentum=101.36; 2026-10-01 ratio=98.02 momentum=98.74; 2026-10-05 ratio=97.33 momentum=97.46; 2026-10-06 ratio=97.92 momentum=98.41,0.0
stock,Knowledge Realty,KRT.NS,Real Estate Investment Trusts (REITs),Realty,49758.42,1.51,250.8,,1243.06,,79.34,5.22,,insufficient_data,0,,,,,{},insufficient_data,insufficient_data,,,,,False,False,,0.0
stock,Embassy Off.REIT,EMBASSY.NS,Real Estate Investment Trusts (REITs),Realty,41231.22,0.05,195.22,25.81,1240.81,17.08,168.08,5.61,,not_stage_2,3,431.21,434.61,0.17,0.01893,"{'price_above_30w_ma': False, '30w_ma_rising': True, 'price_above_10w_ma': False, 'relative_strength_positive': True, 'near_52w_high': True}",weakening,weakening,101.18,99.58,-1.06,0.13,False,False,2026-09-29 ratio=102.24 momentum=99.45; 2026-09-30 ratio=101.96 momentum=99.74; 2026-10-01 ratio=101.69 momentum=99.48; 2026-10-05 ratio=101.23 momentum=98.53; 2026-10-06 ratio=101.18 momentum=99.58,66.24
stock,Bagmane Prime REIT,BAGMANE.NS,Real Estate Investment Trusts (REITs),Realty,36267.84,1.41,58.51,-77.18,437.01,-29.88,,0.0,,insufficient_data,0,,,,,{},insufficient_data,insufficient_data,,,,,False,False,,0.0
stock,Mindspace Busine,MINDSPACE.NS,Real Estate Investment Trusts (REITs),Realty,32655.61,2.39,271.81,67.1,946.44,27.85,41.9,7.64,,stage_2,4,496.63,479.42,0.99,0.0218,"{'price_above_30w_ma': True, '30w_ma_rising': True, 'price_above_10w_ma': False, 'relative_strength_positive': True, 'near_52w_high': True}",weakening,weakening,101.38,97.43,-0.47,1.12,False,False,2026-09-29 ratio=101.85 momentum=96.31; 2026-09-30 ratio=102.21 momentum=98.22; 2026-10-01 ratio=102.20 momentum=99.28; 2026-10-05 ratio=101.83 momentum=96.91; 2026-10-06 ratio=101.38 momentum=97.43,113.88
stock,Brookfield India,BIRET.NS,Real Estate Investment Trusts (REITs),Realty,27309.0,2.0,221.34,44.36,973.83,51.78,50.9,5.36,,not_stage_2,2,329.89,331.54,-0.67,0.01448,"{'price_above_30w_ma': False, '30w_ma_rising': False, 'price_above_10w_ma': False, 'relative_strength_positive': True, 'near_52w_high': True}",weakening,weakening,100.7,98.36,-1.26,-0.35,False,False,2026-09-29 ratio=101.95 momentum=98.71; 2026-09-30 ratio=102.46 momentum=98.84; 2026-10-01 ratio=101.81 momentum=99.17; 2026-10-05 ratio=101.86 momentum=100.30; 2026-10-06 ratio=100.70 momentum=98.36,43.5
stock,Nexus Select,NXST.NS,Real Estate Investment Trusts (REITs),Realty,24953.57,1.48,156.52,30.89,680.53,10.91,56.66,5.83,,stage_2,4,164.81,160.87,0.6,0.00724,"{'price_above_30w_ma': True, '30w_ma_rising': True, 'price_above_10w_ma': False, 'relative_strength_positive': True, 'near_52w_high': True}",leading,weakening,101.35,100.05,-0.64,2.36,False,False,2026-09-29 ratio=101.99 momentum=97.69; 2026-09-30 ratio=102.78 momentum=101.18; 2026-10-01 ratio=102.47 momentum=101.17; 2026-10-05 ratio=101.90 momentum=100.55; 2026-10-06 ratio=101.35 momentum=100.05,133.2
stock,Apcotex Industri,APCOTEXIND.NS,Rubber,Capital Goods,3063.82,1.35,78.94,312.0,525.63,39.88,19.03,19.8,,stage_2,4,610.7,518.42,6.52,0.02681,"{'price_above_30w_ma': True, '30w_ma_rising': True, 'price_above_10w_ma': False, 'relative_strength_positive': True, 'near_52w_high': True}",leading,leading,101.44,102.52,0.69,-0.62,False,False,2026-09-29 ratio=100.75 momentum=103.14; 2026-09-30 ratio=100.85 momentum=104.51; 2026-10-01 ratio=100.99 momentum=102.29; 2026-10-05 ratio=100.45 momentum=99.06; 2026-10-06 ratio=101.44 momentum=102.52,157.84
stock,Pix Transmission,PIXTRANS.NS,Rubber,Capital Goods,2436.5,0.5,52.75,89.34,149.25,22.8,18.49,21.73,,stage_2,5,1796.7,1665.89,2.56,0.07889,"{'price_above_30w_ma': True, '30w_ma_rising': True, 'price_above_10w_ma': True, 'relative_strength_positive': True, 'near_52w_high': True}",leading,leading,101.24,102.06,0.72,0.53,False,False,2026-09-29 ratio=100.52 momentum=101.53; 2026-09-30 ratio=100.61 momentum=102.54; 2026-10-01 ratio=101.98 momentum=103.64; 2026-10-05 ratio=102.05 momentum=102.76; 2026-10-06 ratio=101.24 momentum=102.06,166.62
stock,Tinna Rubber,TINNARUBR.NS,Rubber,Capital Goods,1682.66,0.35,20.57,75.21,156.18,19.89,27.28,22.46,,not_stage_2,3,950.25,884.17,4.46,0.04172,"{'price_above_30w_ma': True, '30w_ma_rising': True, 'price_above_10w_ma': False, 'relative_strength_positive': False, 'near_52w_high': True}",lagging,lagging,98.86,96.46,-0.04,-2.72,False,False,2026-09-29 ratio=98.90 momentum=99.18; 2026-09-30 ratio=98.95 momentum=98.06; 2026-10-01 ratio=98.85 momentum=98.21; 2026-10-05 ratio=98.51 momentum=96.88; 2026-10-06 ratio=98.86 momentum=96.46,68.92
stock,GRP,GRPLTD.NS,Rubber,Capital Goods,982.45,0.19,4.2,140.0,156.83,26.73,143.42,6.94,,not_stage_2,2,1853.0,1910.11,1.0,0.08136,"{'price_above_30w_ma': False, '30w_ma_rising': True, 'price_above_10w_ma': False, 'relative_strength_positive': False, 'near_52w_high': True}",lagging,weakening,98.93,97.29,-1.21,3.88,False,False,2026-09-29 ratio=100.14 momentum=93.41; 2026-09-30 ratio=100.27 momentum=97.69; 2026-10-01 ratio=100.52 momentum=98.91; 2026-10-05 ratio=99.67 momentum=96.84; 2026-10-06 ratio=98.93 momentum=97.29,42.0
stock,Rubfila Intl.,RUBFILA.NS,Rubber,Capital Goods,350.71,3.08,6.0,0.67,110.17,-10.71,13.31,12.59,,not_stage_2,1,63.59,70.14,-0.16,0.00279,"{'price_above_30w_ma': False, '30w_ma_rising': False, 'price_above_10w_ma': False, 'relative_strength_positive': False, 'near_52w_high': True}",lagging,improving,99.27,98.21,-0.08,-3.55,False,False,2026-09-29 ratio=99.36 momentum=101.76; 2026-09-30 ratio=99.15 momentum=100.32; 2026-10-01 ratio=99.53 momentum=100.64; 2026-10-05 ratio=99.35 momentum=99.03; 2026-10-06 ratio=99.27 momentum=98.21,20.0
stock,Gayatri Rubbers,GRCL.NS,Rubber,Capital Goods,327.07,0.0,2.95,86.71,24.48,33.99,58.51,37.86,,stage_2,5,570.0,520.26,4.92,0.02503,"{'price_above_30w_ma': True, '30w_ma_rising': True, 'price_above_10w_ma': True, 'relative_strength_positive': True, 'near_52w_high': True}",leading,leading,101.01,100.33,0.0,-0.14,False,False,2026-09-29 ratio=101.01 momentum=100.46; 2026-09-30 ratio=101.22 momentum=100.97; 2026-10-01 ratio=101.36 momentum=101.72; 2026-10-05 ratio=101.19 momentum=101.41; 2026-10-06 ratio=101.01 momentum=100.33,161.54
stock,Harri. Malayalam,HARRMALAYA.NS,Rubber,Capital Goods,322.55,0.0,3.93,-34.06,124.92,7.26,11.9,11.77,,not_stage_2,1,175.08,200.42,-0.32,0.00769,"{'price_above_30w_ma': False, '30w_ma_rising': False, 'price_above_10w_ma': False, 'relative_strength_positive': False, 'near_52w_high': True}",improving,improving,99.01,101.51,0.03,-0.05,False,False,2026-09-29 ratio=98.98 momentum=101.56; 2026-09-30 ratio=99.35 momentum=103.17; 2026-10-01 ratio=99.55 momentum=102.35; 2026-10-05 ratio=98.94 momentum=101.34; 2026-10-06 ratio=99.01 momentum=101.51,27.55
stock,Elgi Rubber Co,ELGIRUBCO.NS,Rubber,Capital Goods,289.83,0.0,40.85,293.38,70.09,-18.1,,-12.92,,not_stage_2,3,55.97,52.72,3.94,0.00246,"{'price_above_30w_ma': True, '30w_ma_rising': True, 'price_above_10w_ma': False, 'relative_strength_positive': False, 'near_52w_high': True}",weakening,lagging,100.07,98.94,1.5,-0.3,False,False,2026-09-29 ratio=98.57 momentum=99.24; 2026-09-30 ratio=98.97 momentum=99.32; 2026-10-01 ratio=98.23 momentum=97.23; 2026-10-05 ratio=98.22 momentum=96.68; 2026-10-06 ratio=100.07 momentum=98.94,68.23
stock,Sampann Utpadan,SAMPANN.NS,Rubber,Capital Goods,122.41,0.0,2.05,12.02,41.7,27.6,17.49,8.3,,not_stage_2,0,23.99,27.07,-2.52,0.00105,"{'price_above_30w_ma': False, '30w_ma_rising': False, 'price_above_10w_ma': False, 'relative_strength_positive': False, 'near_52w_high': False}",improving,improving,99.48,102.38,0.22,0.36,False,True,2026-09-29 ratio=99.26 momentum=102.03; 2026-09-30 ratio=99.81 momentum=102.36; 2026-10-01 ratio=99.91 momentum=102.43; 2026-10-05 ratio=99.64 momentum=100.96; 2026-10-06 ratio=99.48 momentum=102.38,11.9
stock,Lead Reclaim,LRRPL.NS,Rubber,Capital Goods,93.16,0.0,3.1,219.59,17.92,-18.25,22.67,21.34,,stage_2,5,100.7,86.14,5.75,0.00442,"{'price_above_30w_ma': True, '30w_ma_rising': True, 'price_above_10w_ma': True, 'relative_strength_positive': True, 'near_52w_high': True}",weakening,leading,101.7,99.29,-1.62,-3.05,False,False,2026-09-29 ratio=103.32 momentum=102.35; 2026-09-30 ratio=103.63 momentum=103.05; 2026-10-01 ratio=103.45 momentum=102.58; 2026-10-05 ratio=102.58 momentum=101.89; 2026-10-06 ratio=101.70 momentum=99.29,145.0
stock,KIOCL,KIOCL.NS,Sponge Iron,Metals & Mining,21194.88,0.0,-15.48,59.04,158.01,73.75,545.14,1.35,,not_stage_2,2,344.6,375.51,0.49,0.01513,"{'price_above_30w_ma': False, '30w_ma_rising': True, 'price_above_10w_ma': False, 'relative_strength_positive': False, 'near_52w_high': True}",improving,improving,99.57,103.79,0.59,2.16,False,True,2026-09-29 ratio=98.97 momentum=101.63; 2026-09-30 ratio=98.83 momentum=105.73; 2026-10-01 ratio=98.48 momentum=101.91; 2026-10-05 ratio=98.30 momentum=100.24; 2026-10-06 ratio=99.57 momentum=103.79,59.93
stock,S.A.L Steel,SALSTEEL.NS,Sponge Iron,Metals & Mining,1254.16,0.0,3.09,131.95,87.37,-31.57,,1.08,,stage_2,5,89.6,62.8,10.86,0.00393,"{'price_above_30w_ma': True, '30w_ma_rising': True, 'price_above_10w_ma': True, 'relative_strength_positive': True, 'near_52w_high': True}",weakening,leading,101.32,99.54,-1.08,-4.28,False,False,2026-09-29 ratio=102.40 momentum=103.82; 2026-09-30 ratio=102.42 momentum=103.40; 2026-10-01 ratio=102.31 momentum=102.57; 2026-10-05 ratio=101.79 momentum=100.49; 2026-10-06 ratio=101.32 momentum=99.54,153.32
stock,Vraj Iron,VRAJ.NS,Sponge Iron,Metals & Mining,402.26,0.0,11.51,51.65,193.83,40.14,11.2,10.49,,not_stage_2,3,121.6,122.77,0.3,0.00534,"{'price_above_30w_ma': False, '30w_ma_rising': True, 'price_above_10w_ma': False, 'relative_strength_positive': True, 'near_52w_high': True}",weakening,leading,100.73,98.83,-0.89,-3.09,False,False,2026-09-29 ratio=101.62 momentum=101.92; 2026-09-30 ratio=101.42 momentum=103.34; 2026-10-01 ratio=101.19 momentum=102.56; 2026-10-05 ratio=101.14 momentum=100.44; 2026-10-06 ratio=100.73 momentum=98.83,64.25
stock,Chaman Metallics,CMNL.NS,Sponge Iron,Metals & Mining,288.05,0.0,-1.62,-78.12,344.75,326.41,,5.37,,stage_2,4,119.35,111.2,1.76,0.00524,"{'price_above_30w_ma': True, '30w_ma_rising': True, 'price_above_10w_ma': True, 'relative_strength_positive': True, 'near_52w_high': False}",leading,weakening,101.49,102.63,0.66,3.97,True,False,2026-09-29 ratio=100.83 momentum=98.65; 2026-09-30 ratio=101.51 momentum=100.44; 2026-10-01 ratio=101.68 momentum=101.17; 2026-10-05 ratio=101.20 momentum=101.27; 2026-10-06 ratio=101.49 momentum=102.63,159.12
stock,Vaswani Industri,VASWANI.NS,Sponge Iron,Metals & Mining,144.17,0.0,1.16,-78.79,117.79,3.07,,8.76,,not_stage_2,0,43.41,52.69,-3.03,0.00191,"{'price_above_30w_ma': False, '30w_ma_rising': False, 'price_above_10w_ma': False, 'relative_strength_positive': False, 'near_52w_high': False}",lagging,improving,98.75,98.2,-0.48,-4.71,False,False,2026-09-29 ratio=99.23 momentum=102.91; 2026-09-30 ratio=99.37 momentum=103.26; 2026-10-01 ratio=99.49 momentum=106.12; 2026-10-05 ratio=99.28 momentum=100.08; 2026-10-06 ratio=98.75 momentum=98.20,0.0
stock,Shri Hare-Krish.,SHKSIL.NS,Sponge Iron,Metals & Mining,62.37,0.0,1.55,-64.85,27.21,-35.63,10.06,7.76,,insufficient_data,0,,,,,{},insufficient_data,insufficient_data,,,,,False,False,,0.0
stock,DOMS Industries,DOMS.NS,Stationary,Fast Moving Consumer Goods,12492.72,0.18,45.28,-22.33,670.51,19.25,57.46,24.32,,not_stage_2,1,2073.2,2239.84,-0.69,0.09103,"{'price_above_30w_ma': False, '30w_ma_rising': False, 'price_above_10w_ma': False, 'relative_strength_positive': False, 'near_52w_high': True}",improving,lagging,99.42,101.53,0.57,2.55,False,True,2026-09-29 ratio=98.85 momentum=98.97; 2026-09-30 ratio=101.07 momentum=103.18; 2026-10-01 ratio=101.44 momentum=102.02; 2026-10-05 ratio=100.37 momentum=101.52; 2026-10-06 ratio=99.42 momentum=101.53,27.65
stock,Navneet Educat.,NAVNETEDUL.NS,Stationary,Fast Moving Consumer Goods,2745.7,2.42,141.0,-16.66,788.0,-0.76,21.94,10.23,,not_stage_2,1,124.27,137.31,-1.67,0.00546,"{'price_above_30w_ma': False, '30w_ma_rising': False, 'price_above_10w_ma': False, 'relative_strength_positive': False, 'near_52w_high': True}",improving,improving,99.88,101.34,0.7,0.18,False,True,2026-09-29 ratio=99.18 momentum=101.16; 2026-09-30 ratio=99.55 momentum=102.18; 2026-10-01 ratio=100.15 momentum=102.95; 2026-10-05 ratio=99.80 momentum=101.18; 2026-10-06 ratio=99.88 momentum=101.34,26.7
stock,Flair Writing,FLAIR.NS,Stationary,Fast Moving Consumer Goods,2398.38,0.44,29.08,-0.28,319.25,10.64,17.17,16.83,,not_stage_2,0,227.84,274.64,-3.63,0.01,"{'price_above_30w_ma': False, '30w_ma_rising': False, 'price_above_10w_ma': False, 'relative_strength_positive': False, 'near_52w_high': False}",lagging,improving,98.35,98.86,-0.64,-1.49,False,False,2026-09-29 ratio=98.99 momentum=100.35; 2026-09-30 ratio=98.99 momentum=101.03; 2026-10-01 ratio=98.84 momentum=99.54; 2026-10-05 ratio=98.50 momentum=99.74; 2026-10-06 ratio=98.35 momentum=98.86,0.0
stock,Kokuyo Camlin,KOKUYOCMLN.NS,Stationary,Fast Moving Consumer Goods,728.61,0.41,7.3,-27.44,229.18,0.79,33.09,10.21,,not_stage_2,0,74.57,83.6,-0.74,0.00327,"{'price_above_30w_ma': False, '30w_ma_rising': False, 'price_above_10w_ma': False, 'relative_strength_positive': False, 'near_52w_high': False}",improving,improving,99.06,101.08,-0.07,0.88,False,False,2026-09-29 ratio=99.13 momentum=100.20; 2026-09-30 ratio=99.76 momentum=102.53; 2026-10-01 ratio=99.61 momentum=102.35; 2026-10-05 ratio=99.90 momentum=101.50; 2026-10-06 ratio=99.06 momentum=101.08,5.4
stock,Linc,LINC.NS,Stationary,Fast Moving Consumer Goods,517.89,1.73,5.1,-30.42,135.65,1.01,15.06,19.12,,not_stage_2,0,88.25,99.53,-2.03,0.00387,"{'price_above_30w_ma': False, '30w_ma_rising': False, 'price_above_10w_ma': False, 'relative_strength_positive': False, 'near_52w_high': False}",lagging,lagging,98.58,99.13,-0.29,2.13,False,False,2026-09-29 ratio=98.86 momentum=97.00; 2026-09-30 ratio=98.93 momentum=100.88; 2026-10-01 ratio=98.44 momentum=98.66; 2026-10-05 ratio=98.63 momentum=99.03; 2026-10-06 ratio=98.58 momentum=99.13,0.0
stock,Sundaram Multi.,SUNDARAM.NS,Stationary,Fast Moving Consumer Goods,50.24,0.0,0.32,138.89,49.6,21.99,14.31,4.22,,not_stage_2,0,1.09,1.28,-3.3,5e-05,"{'price_above_30w_ma': False, '30w_ma_rising': False, 'price_above_10w_ma': False, 'relative_strength_positive': False, 'near_52w_high': False}",lagging,lagging,98.75,97.9,-0.11,2.02,False,False,2026-09-29 ratio=98.86 momentum=95.88; 2026-09-30 ratio=98.79 momentum=97.37; 2026-10-01 ratio=98.83 momentum=96.95; 2026-10-05 ratio=98.94 momentum=98.90; 2026-10-06 ratio=98.75 momentum=97.90,0.0
stock,Vasa Retail,VASA.NS,Stationary,Fast Moving Consumer Goods,2.13,0.0,-0.05,28.57,0.0,,,-1.93,,not_stage_2,0,3.55,4.36,-3.54,0.00016,"{'price_above_30w_ma': False, '30w_ma_rising': False, 'price_above_10w_ma': False, 'relative_strength_positive': False, 'near_52w_high': False}",improving,improving,98.97,102.98,0.12,-0.41,False,False,2026-09-29 ratio=98.84 momentum=103.39; 2026-09-30 ratio=98.94 momentum=103.28; 2026-10-01 ratio=99.08 momentum=103.27; 2026-10-05 ratio=99.05 momentum=103.08; 2026-10-06 ratio=98.97 momentum=102.98,14.9
stock,Indus Towers,INDUSTOWER.NS,Telecom - Infrastructure,Telecommunic ation,101660.84,3.64,1745.8,0.52,8431.1,4.64,14.21,19.48,,not_stage_2,3,389.1,403.25,-2.34,0.01708,"{'price_above_30w_ma': False, '30w_ma_rising': False, 'price_above_10w_ma': True, 'relative_strength_positive': True, 'near_52w_high': True}",leading,weakening,102.68,102.74,1.99,3.07,True,False,2026-09-29 ratio=100.69 momentum=99.68; 2026-09-30 ratio=101.56 momentum=102.37; 2026-10-01 ratio=102.22 momentum=102.10; 2026-10-05 ratio=102.29 momentum=102.69; 2026-10-06 ratio=102.68 momentum=102.74,117.1
stock,HFCL,HFCL.NS,Telecom - Infrastructure,Telecommunic ation,41701.19,0.07,245.64,809.06,1914.98,119.85,72.83,10.76,,stage_2,5,262.78,178.34,13.75,0.01154,"{'price_above_30w_ma': True, '30w_ma_rising': True, 'price_above_10w_ma': True, 'relative_strength_positive': True, 'near_52w_high': True}",leading,weakening,102.59,102.64,2.13,3.47,True,False,2026-09-29 ratio=100.46 momentum=99.17; 2026-09-30 ratio=101.13 momentum=102.86; 2026-10-01 ratio=101.84 momentum=103.37; 2026-10-05 ratio=102.27 momentum=102.62; 2026-10-06 ratio=102.59 momentum=102.64,208.65
stock,Pace Digitek,PACEDIGITK.NS,Telecom - Infrastructure,Telecommunic ation,3571.91,0.0,62.5,13.24,555.36,51.29,11.89,21.4,,not_stage_2,1,166.28,179.6,-0.45,0.0073,"{'price_above_30w_ma': False, '30w_ma_rising': False, 'price_above_10w_ma': False, 'relative_strength_positive': True, 'near_52w_high': False}",improving,improving,99.97,105.66,0.43,3.4,False,True,2026-09-29 ratio=99.54 momentum=102.26; 2026-09-30 ratio=99.44 momentum=102.43; 2026-10-01 ratio=100.22 momentum=103.88; 2026-10-05 ratio=99.88 momentum=103.15; 2026-10-06 ratio=99.97 momentum=105.66,48.3
stock,GTL Infra.,GTLINFRA.NS,Telecom - Infrastructure,Telecommunic ation,1370.61,0.0,69.39,129.86,327.31,-2.16,,,,not_stage_2,1,1.09,1.25,0.03,5e-05,"{'price_above_30w_ma': False, '30w_ma_rising': True, 'price_above_10w_ma': False, 'relative_strength_positive': False, 'near_52w_high': False}",improving,lagging,98.71,100.65,0.56,2.94,False,True,2026-09-29 ratio=98.15 momentum=97.71; 2026-09-30 ratio=98.38 momentum=100.09; 2026-10-01 ratio=98.43 momentum=97.90; 2026-10-05 ratio=97.95 momentum=94.73; 2026-10-06 ratio=98.71 momentum=100.65,23.31
stock,Suyog Telematics,SUYOG.NS,Telecom - Infrastructure,Telecommunic ation,781.41,0.15,13.93,-18.11,65.27,2.16,13.2,14.42,,not_stage_2,1,667.25,764.09,-0.37,0.0293,"{'price_above_30w_ma': False, '30w_ma_rising': False, 'price_above_10w_ma': False, 'relative_strength_positive': False, 'near_52w_high': True}",improving,improving,99.21,102.19,-0.26,-1.96,False,False,2026-09-29 ratio=99.48 momentum=104.15; 2026-09-30 ratio=99.62 momentum=103.04; 2026-10-01 ratio=99.67 momentum=102.45; 2026-10-05 ratio=99.24 momentum=102.10; 2026-10-06 ratio=99.21 momentum=102.19,30.95
stock,Sar Televenture,SARTELE.NS,Telecom - Infrastructure,Telecommunic ation,473.14,0.0,36.23,25.49,280.35,35.3,6.53,8.84,,not_stage_2,2,96.85,127.32,-10.53,0.00425,"{'price_above_30w_ma': False, '30w_ma_rising': False, 'price_above_10w_ma': True, 'relative_strength_positive': True, 'near_52w_high': False}",leading,improving,100.26,103.09,0.47,0.81,True,False,2026-09-29 ratio=99.79 momentum=102.29; 2026-09-30 ratio=100.63 momentum=103.19; 2026-10-01 ratio=100.33 momentum=102.27; 2026-10-05 ratio=100.38 momentum=102.70; 2026-10-06 ratio=100.26 momentum=103.09,86.75
stock,Rama Telecom,RTL.NS,Telecom - Infrastructure,Telecommunic ation,101.5,0.0,0.48,-86.7,27.75,18.69,34.88,11.89,,insufficient_data,0,,,,,{},insufficient_data,insufficient_data,,,,,False,False,,0.0
stock,Kore Digital,KDL.NS,Telecom - Infrastructure,Telecommunic ation,48.76,0.0,11.91,-51.61,150.42,-36.24,1.37,38.1,,not_stage_2,0,42.65,112.68,-7.93,0.00187,"{'price_above_30w_ma': False, '30w_ma_rising': False, 'price_above_10w_ma': False, 'relative_strength_positive': False, 'near_52w_high': False}",lagging,lagging,97.57,98.97,0.09,1.63,False,False,2026-09-29 ratio=97.47 momentum=97.35; 2026-09-30 ratio=97.50 momentum=96.93; 2026-10-01 ratio=97.56 momentum=93.63; 2026-10-05 ratio=97.57 momentum=90.15; 2026-10-06 ratio=97.57 momentum=98.97,0.0
