level,name,symbol,parent,sector,market_cap_cr,dividend_yield_pct,np_qtr_cr,qtr_profit_var_pct,sales_qtr_cr,qtr_sales_var_pct,pe,roce,error,stage,stage2_score,close,weekly_ma,weekly_ma_slope_4w_pct,rs_vs_benchmark,checks,rrg_quadrant,rrg_quadrant_5d_ago,rs_ratio,rs_momentum,rs_ratio_5d_delta,rs_momentum_5d_delta,moving_to_leading,improving_toward_leading,rrg_tail,stock_score
stock,Bajaj Auto,BAJAJ-AUTO.NS,2/3 Wheelers,Automobile and Auto Components,275463.37,1.5,3188.75,45.93,21688.83,65.14,23.37,28.24,,not_stage_2,2,10045.0,10449.97,1.64,0.448,"{'price_above_30w_ma': False, '30w_ma_rising': True, 'price_above_10w_ma': False, 'relative_strength_positive': False, 'near_52w_high': True}",lagging,weakening,97.04,96.26,-3.27,-0.76,False,False,2026-09-25 ratio=100.31 momentum=97.03; 2026-09-28 ratio=100.05 momentum=96.46; 2026-09-29 ratio=99.43 momentum=96.51; 2026-09-30 ratio=99.64 momentum=96.53; 2026-10-01 ratio=97.04 momentum=96.26,43.28
stock,Eicher Motors,EICHERMOT.NS,2/3 Wheelers,Automobile and Auto Components,192755.42,1.17,1462.51,21.35,6632.42,31.55,33.14,30.53,,not_stage_2,1,6920.0,7361.78,-1.03,0.30863,"{'price_above_30w_ma': False, '30w_ma_rising': False, 'price_above_10w_ma': False, 'relative_strength_positive': False, 'near_52w_high': True}",lagging,lagging,97.13,96.27,-1.64,0.32,False,False,2026-09-25 ratio=98.78 momentum=95.95; 2026-09-28 ratio=98.44 momentum=97.16; 2026-09-29 ratio=98.26 momentum=97.06; 2026-09-30 ratio=98.29 momentum=96.98; 2026-10-01 ratio=97.13 momentum=96.27,20.0
stock,TVS Motor Co.,TVSMOTOR.NS,2/3 Wheelers,Automobile and Auto Components,191507.62,0.3,1057.61,67.11,16295.52,33.46,55.36,17.37,,stage_2,4,4021.0,3764.21,1.02,0.17933,"{'price_above_30w_ma': True, '30w_ma_rising': True, 'price_above_10w_ma': False, 'relative_strength_positive': True, 'near_52w_high': True}",leading,leading,100.5,100.42,-0.11,-0.65,False,False,2026-09-25 ratio=100.61 momentum=101.07; 2026-09-28 ratio=100.62 momentum=100.79; 2026-09-29 ratio=100.69 momentum=102.03; 2026-09-30 ratio=100.95 momentum=103.97; 2026-10-01 ratio=100.50 momentum=100.42,131.64
stock,Hero Motocorp,HEROMOTOCO.NS,2/3 Wheelers,Automobile and Auto Components,101861.87,3.63,1417.93,-17.18,13126.35,34.94,18.39,35.22,,not_stage_2,2,5168.0,5187.04,-0.79,0.23049,"{'price_above_30w_ma': False, '30w_ma_rising': False, 'price_above_10w_ma': False, 'relative_strength_positive': True, 'near_52w_high': True}",weakening,leading,100.3,99.18,-0.27,-2.4,False,False,2026-09-25 ratio=100.58 momentum=101.58; 2026-09-28 ratio=101.09 momentum=103.77; 2026-09-29 ratio=100.24 momentum=100.50; 2026-09-30 ratio=100.49 momentum=101.07; 2026-10-01 ratio=100.30 momentum=99.18,41.5
stock,Ather Energy,ATHERENERG.NS,2/3 Wheelers,Automobile and Auto Components,55933.29,0.0,-50.87,71.46,1216.92,88.79,,-19.77,,not_stage_2,3,1406.1,1142.35,11.0,0.06271,"{'price_above_30w_ma': True, '30w_ma_rising': True, 'price_above_10w_ma': False, 'relative_strength_positive': False, 'near_52w_high': True}",weakening,weakening,100.08,97.89,-0.42,1.05,False,False,2026-09-25 ratio=100.50 momentum=96.84; 2026-09-28 ratio=100.34 momentum=96.29; 2026-09-29 ratio=100.01 momentum=97.04; 2026-09-30 ratio=100.15 momentum=97.62; 2026-10-01 ratio=100.08 momentum=97.89,82.4
stock,Ola Electric,OLAELEC.NS,2/3 Wheelers,Automobile and Auto Components,16977.0,0.0,-336.0,21.5,455.0,-45.05,,-19.87,,not_stage_2,2,37.08,37.48,4.05,0.00165,"{'price_above_30w_ma': False, '30w_ma_rising': True, 'price_above_10w_ma': False, 'relative_strength_positive': True, 'near_52w_high': False}",leading,leading,100.68,100.84,-0.21,0.76,False,False,2026-09-25 ratio=100.89 momentum=100.08; 2026-09-28 ratio=100.86 momentum=100.19; 2026-09-29 ratio=100.62 momentum=100.01; 2026-09-30 ratio=100.37 momentum=100.32; 2026-10-01 ratio=100.68 momentum=100.84,75.7
stock,Ebix,EBIX.NS,2/3 Wheelers,Automobile and Auto Components,362.37,0.0,82.0,92.94,573.24,-5.08,,10.05,,insufficient_data,0,,,,,{},insufficient_data,insufficient_data,,,,,False,False,,0.0
stock,Wardwizard Inno.,WARDINMOBI.NS,2/3 Wheelers,Automobile and Auto Components,155.52,0.0,0.19,-83.04,61.64,91.01,152.47,7.04,,insufficient_data,0,,,,,{},insufficient_data,insufficient_data,,,,,False,False,,0.0
stock,Tunwal E-Motors,TUNWAL.NS,2/3 Wheelers,Automobile and Auto Components,151.44,0.38,4.23,-34.72,132.45,27.15,11.9,13.28,,not_stage_2,2,25.9,28.5,-2.07,0.00116,"{'price_above_30w_ma': False, '30w_ma_rising': False, 'price_above_10w_ma': True, 'relative_strength_positive': True, 'near_52w_high': False}",leading,leading,102.93,102.08,1.87,-0.99,False,False,2026-09-25 ratio=101.07 momentum=103.06; 2026-09-28 ratio=102.31 momentum=105.74; 2026-09-29 ratio=102.56 momentum=102.89; 2026-09-30 ratio=102.72 momentum=103.12; 2026-10-01 ratio=102.93 momentum=102.08,85.05
stock,Delta Auto.,DELTIC.NS,2/3 Wheelers,Automobile and Auto Components,54.81,0.0,3.1,-47.28,37.54,-28.28,9.0,11.35,,insufficient_data,0,,,,,{},insufficient_data,insufficient_data,,,,,False,False,,0.0
stock,Carborundum Uni.,CARBORUNIV.NS,Abrasives & Bearings,Capital Goods,24148.46,0.32,80.34,23.44,1426.63,17.03,96.29,10.52,,stage_2,5,1239.7,1044.79,4.75,0.05529,"{'price_above_30w_ma': True, '30w_ma_rising': True, 'price_above_10w_ma': True, 'relative_strength_positive': True, 'near_52w_high': True}",leading,leading,102.31,102.02,-0.86,0.56,False,False,2026-09-25 ratio=103.16 momentum=101.46; 2026-09-28 ratio=102.71 momentum=101.47; 2026-09-29 ratio=101.95 momentum=102.02; 2026-09-30 ratio=102.52 momentum=102.81; 2026-10-01 ratio=102.31 momentum=102.02,176.15
stock,Timken India,TIMKEN.NS,Abrasives & Bearings,Capital Goods,23560.76,0.08,115.13,10.47,929.09,14.87,57.57,18.26,,not_stage_2,2,3098.8,3367.64,-0.34,0.1382,"{'price_above_30w_ma': False, '30w_ma_rising': False, 'price_above_10w_ma': False, 'relative_strength_positive': True, 'near_52w_high': True}",weakening,weakening,101.2,99.6,-0.3,1.3,False,False,2026-09-25 ratio=101.51 momentum=98.30; 2026-09-28 ratio=101.69 momentum=97.95; 2026-09-29 ratio=100.71 momentum=98.92; 2026-09-30 ratio=101.36 momentum=98.45; 2026-10-01 ratio=101.20 momentum=99.60,46.0
stock,Grindwell Norton,GRINDWELL.NS,Abrasives & Bearings,Capital Goods,22190.5,0.95,115.31,22.3,803.3,14.19,50.86,21.18,,stage_2,4,1975.8,1864.73,2.17,0.08812,"{'price_above_30w_ma': True, '30w_ma_rising': True, 'price_above_10w_ma': False, 'relative_strength_positive': True, 'near_52w_high': True}",leading,leading,101.56,103.83,1.18,1.74,False,False,2026-09-25 ratio=100.37 momentum=102.09; 2026-09-28 ratio=99.95 momentum=101.82; 2026-09-29 ratio=100.05 momentum=102.90; 2026-09-30 ratio=101.65 momentum=104.04; 2026-10-01 ratio=101.56 momentum=103.83,156.29
stock,SKF India Indus.,SKFINDUS.NS,Abrasives & Bearings,Capital Goods,13494.09,0.73,61.92,-13.84,970.77,18.3,35.1,29.89,,stage_2,4,2734.2,2535.52,2.26,0.12194,"{'price_above_30w_ma': True, '30w_ma_rising': True, 'price_above_10w_ma': False, 'relative_strength_positive': True, 'near_52w_high': True}",weakening,weakening,100.53,97.44,-0.76,-1.69,False,False,2026-09-25 ratio=101.30 momentum=99.13; 2026-09-28 ratio=101.31 momentum=100.00; 2026-09-29 ratio=100.71 momentum=99.04; 2026-09-30 ratio=100.62 momentum=97.39; 2026-10-01 ratio=100.53 momentum=97.44,112.17
stock,SKF India,SKFINDIA.NS,Abrasives & Bearings,Capital Goods,7148.24,2.77,61.84,32.31,587.79,27.09,48.13,13.33,,not_stage_2,1,1450.2,1591.29,-1.47,0.06468,"{'price_above_30w_ma': False, '30w_ma_rising': False, 'price_above_10w_ma': False, 'relative_strength_positive': True, 'near_52w_high': False}",weakening,leading,100.14,97.49,-1.03,-3.95,False,False,2026-09-25 ratio=101.17 momentum=101.44; 2026-09-28 ratio=101.05 momentum=100.94; 2026-09-29 ratio=101.14 momentum=101.26; 2026-09-30 ratio=101.15 momentum=99.45; 2026-10-01 ratio=100.14 momentum=97.49,20.7
stock,Wendt India,WENDT.NS,Abrasives & Bearings,Capital Goods,1603.3,0.37,6.18,63.49,71.28,36.63,94.59,7.82,,stage_2,4,8116.0,7564.97,3.21,0.36197,"{'price_above_30w_ma': True, '30w_ma_rising': True, 'price_above_10w_ma': False, 'relative_strength_positive': True, 'near_52w_high': True}",weakening,weakening,100.86,95.24,-0.81,-2.05,False,False,2026-09-25 ratio=101.67 momentum=97.29; 2026-09-28 ratio=101.49 momentum=95.75; 2026-09-29 ratio=101.35 momentum=96.89; 2026-09-30 ratio=101.29 momentum=96.67; 2026-10-01 ratio=100.86 momentum=95.24,115.72
stock,SKP Bearing,SKP.NS,Abrasives & Bearings,Capital Goods,273.9,0.0,0.04,-89.47,22.11,-0.05,464.24,11.38,,stage_2,4,163.0,157.03,0.33,0.00727,"{'price_above_30w_ma': True, '30w_ma_rising': True, 'price_above_10w_ma': True, 'relative_strength_positive': True, 'near_52w_high': False}",leading,weakening,101.59,102.06,0.82,5.53,True,False,2026-09-25 ratio=100.78 momentum=96.53; 2026-09-28 ratio=101.49 momentum=97.27; 2026-09-29 ratio=102.01 momentum=99.90; 2026-09-30 ratio=101.84 momentum=101.53; 2026-10-01 ratio=101.59 momentum=102.06,153.91
stock,NRB Indl Bearing,NIBL.NS,Abrasives & Bearings,Capital Goods,75.98,0.0,-6.59,-29.47,18.9,1.89,,-18.17,,stage_2,4,31.32,31.25,0.25,0.0014,"{'price_above_30w_ma': True, '30w_ma_rising': True, 'price_above_10w_ma': False, 'relative_strength_positive': True, 'near_52w_high': True}",leading,leading,100.4,102.11,-0.11,0.08,False,False,2026-09-25 ratio=100.51 momentum=102.03; 2026-09-28 ratio=100.26 momentum=99.16; 2026-09-29 ratio=100.25 momentum=100.89; 2026-09-30 ratio=100.52 momentum=101.78; 2026-10-01 ratio=100.40 momentum=102.11,138.05
stock,Signpost India,SIGNPOST.NS,Advertising & Media Agencies,"Media, Entertainment & Publication",1394.24,0.19,18.69,22.32,152.26,10.61,18.99,25.13,,not_stage_2,3,259.4,268.19,1.28,0.01157,"{'price_above_30w_ma': False, '30w_ma_rising': True, 'price_above_10w_ma': False, 'relative_strength_positive': True, 'near_52w_high': True}",leading,leading,100.37,103.8,0.01,1.28,False,False,2026-09-25 ratio=100.36 momentum=102.53; 2026-09-28 ratio=100.28 momentum=100.65; 2026-09-29 ratio=99.99 momentum=100.86; 2026-09-30 ratio=100.36 momentum=102.77; 2026-10-01 ratio=100.37 momentum=103.80,103.41
stock,R K Swamy,RKSWAMY.NS,Advertising & Media Agencies,"Media, Entertainment & Publication",434.58,2.32,3.47,20.91,83.62,7.8,17.77,12.26,,not_stage_2,0,86.46,94.07,-1.75,0.00386,"{'price_above_30w_ma': False, '30w_ma_rising': False, 'price_above_10w_ma': False, 'relative_strength_positive': False, 'near_52w_high': False}",improving,improving,99.15,101.65,-0.23,0.45,False,False,2026-09-25 ratio=99.38 momentum=101.20; 2026-09-28 ratio=99.24 momentum=99.94; 2026-09-29 ratio=99.57 momentum=101.67; 2026-09-30 ratio=99.85 momentum=102.71; 2026-10-01 ratio=99.15 momentum=101.65,8.25
stock,Simca Advertis.,SIMCA.NS,Advertising & Media Agencies,"Media, Entertainment & Publication",361.54,0.0,9.04,1164.71,78.51,107.37,21.64,109.69,,insufficient_data,0,,,,,{},insufficient_data,insufficient_data,,,,,False,False,,0.0
stock,Vertoz,VERTOZ.NS,Advertising & Media Agencies,"Media, Entertainment & Publication",296.0,0.29,7.36,5.02,81.64,15.82,11.22,14.16,,not_stage_2,1,35.66,40.24,-3.21,0.00159,"{'price_above_30w_ma': False, '30w_ma_rising': False, 'price_above_10w_ma': False, 'relative_strength_positive': True, 'near_52w_high': False}",weakening,weakening,100.62,98.86,0.21,3.9,False,False,2026-09-25 ratio=100.41 momentum=94.96; 2026-09-28 ratio=100.66 momentum=96.88; 2026-09-29 ratio=100.39 momentum=96.49; 2026-09-30 ratio=100.42 momentum=94.75; 2026-10-01 ratio=100.62 momentum=98.86,23.1
stock,Yaap Digital,YAAP.NS,Advertising & Media Agencies,"Media, Entertainment & Publication",261.66,0.0,19.0,84.08,135.66,28.14,16.55,28.46,,insufficient_data,0,,,,,{},insufficient_data,insufficient_data,,,,,False,False,,0.0
stock,Cash UR Drive,CUDML.NS,Advertising & Media Agencies,"Media, Entertainment & Publication",181.05,0.0,18.52,94.54,108.79,43.71,7.04,37.56,,insufficient_data,0,,,,,{},insufficient_data,insufficient_data,,,,,False,False,,0.0
stock,Digicontent,DGCONTENT.NS,Advertising & Media Agencies,"Media, Entertainment & Publication",144.94,0.0,-1.93,17.17,123.3,11.63,8.51,23.95,,not_stage_2,2,25.43,26.15,-1.24,0.00113,"{'price_above_30w_ma': False, '30w_ma_rising': False, 'price_above_10w_ma': True, 'relative_strength_positive': True, 'near_52w_high': False}",leading,leading,103.26,102.25,2.86,0.97,False,False,2026-09-25 ratio=100.40 momentum=101.27; 2026-09-28 ratio=100.15 momentum=100.23; 2026-09-29 ratio=103.47 momentum=103.44; 2026-09-30 ratio=103.41 momentum=102.66; 2026-10-01 ratio=103.26 momentum=102.25,87.55
stock,Pramara Promotio,PRAMARA.NS,Advertising & Media Agencies,"Media, Entertainment & Publication",141.18,0.0,3.91,5.96,59.27,6.49,14.06,14.95,,not_stage_2,1,102.1,198.4,-15.04,0.00455,"{'price_above_30w_ma': False, '30w_ma_rising': False, 'price_above_10w_ma': False, 'relative_strength_positive': True, 'near_52w_high': False}",improving,improving,99.98,102.24,0.32,-1.06,False,False,2026-09-25 ratio=99.66 momentum=103.30; 2026-09-28 ratio=100.22 momentum=103.59; 2026-09-29 ratio=100.72 momentum=102.86; 2026-09-30 ratio=100.33 momentum=102.28; 2026-10-01 ratio=99.98 momentum=102.24,31.2
stock,Value 360 Commu.,VALUE360.NS,Advertising & Media Agencies,"Media, Entertainment & Publication",88.25,0.0,4.99,131.34,35.84,16.97,8.9,38.64,,insufficient_data,0,,,,,{},insufficient_data,insufficient_data,,,,,False,False,,0.0
stock,Crayons Advertis,CRAYONS.NS,Advertising & Media Agencies,"Media, Entertainment & Publication",58.51,0.0,0.68,-94.03,171.88,26.88,17.09,5.53,,not_stage_2,1,25.0,29.59,-6.08,0.00111,"{'price_above_30w_ma': False, '30w_ma_rising': False, 'price_above_10w_ma': False, 'relative_strength_positive': True, 'near_52w_high': False}",leading,improving,101.06,103.25,1.34,2.84,True,False,2026-09-25 ratio=99.72 momentum=100.41; 2026-09-28 ratio=101.42 momentum=102.88; 2026-09-29 ratio=100.17 momentum=102.12; 2026-09-30 ratio=100.27 momentum=102.58; 2026-10-01 ratio=101.06 momentum=103.25,71.55
stock,Hind.Aeronautics,HAL.NS,Aerospace & Defense,Capital Goods,312986.7,0.96,1589.66,14.88,5515.17,14.45,33.58,31.97,,stage_2,4,4601.0,4450.98,2.13,0.2052,"{'price_above_30w_ma': True, '30w_ma_rising': True, 'price_above_10w_ma': False, 'relative_strength_positive': True, 'near_52w_high': True}",weakening,weakening,100.51,98.72,-0.41,1.89,False,False,2026-09-25 ratio=100.92 momentum=96.83; 2026-09-28 ratio=100.97 momentum=96.46; 2026-09-29 ratio=99.87 momentum=97.44; 2026-09-30 ratio=100.71 momentum=100.53; 2026-10-01 ratio=100.51 momentum=98.72,111.81
stock,Bharat Electron,BEL.NS,Aerospace & Defense,Capital Goods,281316.84,0.65,1054.53,8.7,5546.98,24.94,45.77,36.44,,not_stage_2,2,383.1,415.49,-1.7,0.01709,"{'price_above_30w_ma': False, '30w_ma_rising': False, 'price_above_10w_ma': False, 'relative_strength_positive': True, 'near_52w_high': True}",leading,weakening,100.68,100.93,0.15,1.93,True,False,2026-09-25 ratio=100.54 momentum=99.00; 2026-09-28 ratio=100.33 momentum=98.13; 2026-09-29 ratio=100.67 momentum=103.99; 2026-09-30 ratio=100.88 momentum=106.38; 2026-10-01 ratio=100.68 momentum=100.93,78.05
stock,Bharat Dynamics,BDL.NS,Aerospace & Defense,Capital Goods,40182.58,0.45,118.79,547.36,572.24,130.81,77.16,13.86,,not_stage_2,0,1087.9,1284.2,-1.44,0.04852,"{'price_above_30w_ma': False, '30w_ma_rising': False, 'price_above_10w_ma': False, 'relative_strength_positive': False, 'near_52w_high': False}",improving,lagging,98.48,100.69,-0.03,1.05,False,False,2026-09-25 ratio=98.51 momentum=99.64; 2026-09-28 ratio=98.43 momentum=99.34; 2026-09-29 ratio=98.05 momentum=100.39; 2026-09-30 ratio=98.64 momentum=102.46; 2026-10-01 ratio=98.48 momentum=100.69,3.45
stock,Garden Reach Sh.,GRSE.NS,Aerospace & Defense,Capital Goods,24175.05,0.93,172.84,43.82,1814.62,38.53,30.2,42.82,,not_stage_2,0,2111.1,2576.16,-0.77,0.09415,"{'price_above_30w_ma': False, '30w_ma_rising': False, 'price_above_10w_ma': False, 'relative_strength_positive': False, 'near_52w_high': False}",lagging,lagging,97.05,99.16,-0.91,-0.01,False,False,2026-09-25 ratio=97.95 momentum=99.16; 2026-09-28 ratio=97.56 momentum=98.38; 2026-09-29 ratio=97.33 momentum=99.39; 2026-09-30 ratio=97.38 momentum=100.91; 2026-10-01 ratio=97.05 momentum=99.16,0.0
stock,Data Pattern,DATAPATTNS.NS,Aerospace & Defense,Capital Goods,23661.62,0.24,22.06,-13.49,116.03,16.81,87.55,21.92,,not_stage_2,3,4251.3,4144.9,4.68,0.1896,"{'price_above_30w_ma': True, '30w_ma_rising': True, 'price_above_10w_ma': False, 'relative_strength_positive': False, 'near_52w_high': True}",lagging,weakening,99.98,99.14,-0.25,2.0,False,False,2026-09-25 ratio=100.24 momentum=97.14; 2026-09-28 ratio=99.83 momentum=90.98; 2026-09-29 ratio=99.51 momentum=97.90; 2026-09-30 ratio=99.95 momentum=100.03; 2026-10-01 ratio=99.98 momentum=99.14,69.36
stock,Sigma Advanced System,SIGMAADV.NS,Aerospace & Defense,Capital Goods,21473.37,0.0,35.41,-81.87,374.28,7083.88,129.12,11.74,,stage_2,5,1076.9,504.87,25.07,0.04803,"{'price_above_30w_ma': True, '30w_ma_rising': True, 'price_above_10w_ma': True, 'relative_strength_positive': True, 'near_52w_high': True}",leading,leading,102.68,102.48,0.6,1.36,False,False,2026-09-25 ratio=102.08 momentum=101.13; 2026-09-28 ratio=101.96 momentum=98.81; 2026-09-29 ratio=102.21 momentum=102.57; 2026-09-30 ratio=102.45 momentum=103.54; 2026-10-01 ratio=102.68 momentum=102.48,220.94
stock,Aequs,AEQUS.NS,Aerospace & Defense,Capital Goods,19080.44,0.0,-53.23,-1457.91,395.55,54.77,,1.69,,stage_2,5,275.05,206.79,7.13,0.01227,"{'price_above_30w_ma': True, '30w_ma_rising': True, 'price_above_10w_ma': True, 'relative_strength_positive': True, 'near_52w_high': True}",leading,leading,103.05,102.49,1.54,0.42,False,False,2026-09-25 ratio=101.50 momentum=102.08; 2026-09-28 ratio=103.00 momentum=103.11; 2026-09-29 ratio=103.53 momentum=103.23; 2026-09-30 ratio=103.59 momentum=103.38; 2026-10-01 ratio=103.05 momentum=102.49,186.96
stock,Astra Microwave,ASTRAMICRO.NS,Aerospace & Defense,Capital Goods,15682.07,0.15,12.35,-24.09,176.66,-11.55,82.96,20.28,,stage_2,4,1624.5,1448.09,6.75,0.07245,"{'price_above_30w_ma': True, '30w_ma_rising': True, 'price_above_10w_ma': False, 'relative_strength_positive': True, 'near_52w_high': True}",leading,lagging,100.52,102.46,1.09,3.97,True,False,2026-09-25 ratio=99.43 momentum=98.49; 2026-09-28 ratio=99.30 momentum=98.20; 2026-09-29 ratio=100.65 momentum=103.62; 2026-09-30 ratio=100.47 momentum=102.09; 2026-10-01 ratio=100.52 momentum=102.46,163.4
stock,Apollo Micro Sys,APOLLO.NS,Aerospace & Defense,Capital Goods,14927.15,0.06,25.21,45.38,251.29,88.12,123.04,14.53,,stage_2,5,394.0,350.03,6.7,0.01757,"{'price_above_30w_ma': True, '30w_ma_rising': True, 'price_above_10w_ma': True, 'relative_strength_positive': True, 'near_52w_high': True}",leading,weakening,101.54,101.89,0.33,2.6,True,False,2026-09-25 ratio=101.21 momentum=99.29; 2026-09-28 ratio=102.37 momentum=99.47; 2026-09-29 ratio=101.93 momentum=101.16; 2026-09-30 ratio=101.97 momentum=102.68; 2026-10-01 ratio=101.54 momentum=101.89,185.55
stock,Zen Technologies,ZENTEC.NS,Aerospace & Defense,Capital Goods,14441.94,0.06,31.85,-23.2,141.64,-10.48,79.48,16.18,,not_stage_2,2,1576.1,1680.16,2.53,0.07029,"{'price_above_30w_ma': False, '30w_ma_rising': True, 'price_above_10w_ma': False, 'relative_strength_positive': False, 'near_52w_high': True}",lagging,lagging,99.16,97.79,-0.6,-0.66,False,False,2026-09-25 ratio=99.76 momentum=98.45; 2026-09-28 ratio=99.60 momentum=98.80; 2026-09-29 ratio=99.38 momentum=102.31; 2026-09-30 ratio=99.31 momentum=100.01; 2026-10-01 ratio=99.16 momentum=97.79,45.06
stock,Hindalco Inds.,HINDALCO.NS,Aluminium,Metals & Mining,210879.74,0.53,7013.0,116.7,84825.0,32.06,10.12,13.21,,not_stage_2,2,941.85,998.34,0.53,0.04201,"{'price_above_30w_ma': False, '30w_ma_rising': True, 'price_above_10w_ma': False, 'relative_strength_positive': False, 'near_52w_high': True}",lagging,weakening,99.94,98.58,-0.31,2.47,False,False,2026-09-25 ratio=100.26 momentum=96.11; 2026-09-28 ratio=100.03 momentum=98.87; 2026-09-29 ratio=100.06 momentum=100.39; 2026-09-30 ratio=99.69 momentum=98.12; 2026-10-01 ratio=99.94 momentum=98.58,41.06
stock,Vedanta Aluminium Metal,VAML.NS,Aluminium,Metals & Mining,155085.99,2.02,6597.0,216.06,21393.0,45.99,9.8,,,insufficient_data,0,,,,,{},improving,weakening,98.98,101.58,-1.11,1.66,False,False,2026-09-25 ratio=100.09 momentum=99.92; 2026-09-28 ratio=100.08 momentum=101.23; 2026-09-29 ratio=101.53 momentum=103.16; 2026-09-30 ratio=99.62 momentum=101.50; 2026-10-01 ratio=98.98 momentum=101.58,7.9
stock,Natl. Aluminium,NATIONALUM.NS,Aluminium,Metals & Mining,62445.48,3.38,2003.14,90.87,5302.38,39.28,9.25,39.59,,not_stage_2,1,334.9,380.09,-0.32,0.01494,"{'price_above_30w_ma': False, '30w_ma_rising': False, 'price_above_10w_ma': False, 'relative_strength_positive': False, 'near_52w_high': True}",lagging,weakening,99.2,97.69,-0.94,0.36,False,False,2026-09-25 ratio=100.13 momentum=97.33; 2026-09-28 ratio=99.86 momentum=98.58; 2026-09-29 ratio=99.74 momentum=99.59; 2026-09-30 ratio=99.43 momentum=97.78; 2026-10-01 ratio=99.20 momentum=97.69,20.0
stock,Arfin India,ARFIN.NS,Aluminium,Metals & Mining,1476.49,0.14,3.53,246.08,207.96,91.23,91.65,13.96,,not_stage_2,3,87.25,88.28,2.29,0.00389,"{'price_above_30w_ma': False, '30w_ma_rising': True, 'price_above_10w_ma': False, 'relative_strength_positive': True, 'near_52w_high': True}",leading,leading,101.35,100.3,-0.35,-0.51,False,False,2026-09-25 ratio=101.70 momentum=100.81; 2026-09-28 ratio=101.51 momentum=101.29; 2026-09-29 ratio=101.43 momentum=102.66; 2026-09-30 ratio=101.71 momentum=110.08; 2026-10-01 ratio=101.35 momentum=100.30,92.83
stock,MMP Industries,MMP.NS,Aluminium,Metals & Mining,1188.97,0.43,13.7,15.32,232.6,26.9,26.66,12.56,,stage_2,5,449.6,305.99,10.37,0.02005,"{'price_above_30w_ma': True, '30w_ma_rising': True, 'price_above_10w_ma': True, 'relative_strength_positive': True, 'near_52w_high': True}",weakening,weakening,101.21,96.67,-0.16,-1.03,False,False,2026-09-25 ratio=101.37 momentum=97.70; 2026-09-28 ratio=101.30 momentum=96.11; 2026-09-29 ratio=101.21 momentum=96.62; 2026-09-30 ratio=101.56 momentum=98.67; 2026-10-01 ratio=101.21 momentum=96.67,151.79
stock,Maan Aluminium,MAANALU.NS,Aluminium,Metals & Mining,629.72,0.0,3.1,13.55,231.86,9.79,46.99,7.74,,not_stage_2,0,99.34,126.24,-3.66,0.00443,"{'price_above_30w_ma': False, '30w_ma_rising': False, 'price_above_10w_ma': False, 'relative_strength_positive': False, 'near_52w_high': False}",improving,lagging,98.45,105.06,0.76,6.82,False,True,2026-09-25 ratio=97.69 momentum=98.24; 2026-09-28 ratio=98.23 momentum=99.52; 2026-09-29 ratio=98.31 momentum=101.64; 2026-09-30 ratio=98.37 momentum=103.91; 2026-10-01 ratio=98.45 momentum=105.06,25.3
stock,Jainik Power,JAINIK.NS,Aluminium,Metals & Mining,267.37,0.0,7.85,64.57,208.91,9.73,19.07,29.88,,insufficient_data,0,,,,,{},insufficient_data,insufficient_data,,,,,False,False,,0.0
stock,Manaksia Alumi.,MANAKALUCO.NS,Aluminium,Metals & Mining,220.59,0.15,2.85,82.69,139.59,3.85,24.93,10.15,,not_stage_2,1,33.76,34.49,2.54,0.00151,"{'price_above_30w_ma': False, '30w_ma_rising': True, 'price_above_10w_ma': False, 'relative_strength_positive': False, 'near_52w_high': False}",lagging,lagging,99.34,96.84,-0.43,0.56,False,False,2026-09-25 ratio=99.77 momentum=96.29; 2026-09-28 ratio=99.39 momentum=94.23; 2026-09-29 ratio=99.62 momentum=98.78; 2026-09-30 ratio=99.48 momentum=100.19; 2026-10-01 ratio=99.34 momentum=96.84,25.08
stock,Hind Aluminium,HINDALUMI.NS,Aluminium,Metals & Mining,57.85,0.0,1.91,-51.03,5.36,405.66,15.59,-2.7,,insufficient_data,0,,,,,{},insufficient_data,insufficient_data,,,,,False,False,,0.0
stock,Prec. Wires (I),PRECWIRE.NS,"Aluminium, Copper & Zinc Products",Capital Goods,9275.68,0.25,46.45,71.47,1779.24,59.49,53.12,32.94,,stage_2,5,501.4,403.83,6.61,0.02236,"{'price_above_30w_ma': True, '30w_ma_rising': True, 'price_above_10w_ma': True, 'relative_strength_positive': True, 'near_52w_high': True}",leading,leading,101.72,105.56,0.03,4.49,False,False,2026-09-25 ratio=101.68 momentum=101.08; 2026-09-28 ratio=101.34 momentum=100.23; 2026-09-29 ratio=101.69 momentum=102.76; 2026-09-30 ratio=101.52 momentum=103.37; 2026-10-01 ratio=101.72 momentum=105.56,194.62
stock,CMR Green Tech.,CMRGREEN.NS,"Aluminium, Copper & Zinc Products",Capital Goods,4851.64,0.0,68.18,16.41,3122.73,64.92,20.4,14.06,,insufficient_data,0,,,,,{},leading,leading,101.93,103.88,0.29,2.97,False,False,2026-09-25 ratio=101.63 momentum=100.90; 2026-09-28 ratio=101.65 momentum=101.34; 2026-09-29 ratio=102.39 momentum=102.37; 2026-09-30 ratio=101.98 momentum=102.77; 2026-10-01 ratio=101.93 momentum=103.88,49.05
stock,Vidya Wires,VIDYAWIRES.NS,"Aluminium, Copper & Zinc Products",Capital Goods,1941.24,0.0,17.14,41.42,549.71,33.5,30.98,20.59,,stage_2,5,90.97,85.58,6.44,0.00406,"{'price_above_30w_ma': True, '30w_ma_rising': True, 'price_above_10w_ma': True, 'relative_strength_positive': True, 'near_52w_high': True}",leading,leading,102.15,101.89,0.4,0.2,False,False,2026-09-25 ratio=101.75 momentum=101.70; 2026-09-28 ratio=102.46 momentum=102.22; 2026-09-29 ratio=103.17 momentum=102.69; 2026-09-30 ratio=103.18 momentum=102.55; 2026-10-01 ratio=102.15 momentum=101.89,178.08
stock,Sunlite Recycli.,SUNLITE.NS,"Aluminium, Copper & Zinc Products",Capital Goods,905.94,0.15,25.8,257.84,1642.41,116.13,22.56,46.52,,insufficient_data,0,,,,,{},insufficient_data,insufficient_data,,,,,False,False,,0.0
stock,Baheti Recycling,BAHETI.NS,"Aluminium, Copper & Zinc Products",Capital Goods,767.85,0.0,17.79,61.87,409.72,53.38,28.42,21.55,,not_stage_2,3,733.1,672.27,3.68,0.0327,"{'price_above_30w_ma': True, '30w_ma_rising': True, 'price_above_10w_ma': False, 'relative_strength_positive': False, 'near_52w_high': True}",lagging,weakening,99.98,100.0,-0.25,3.16,False,False,2026-09-25 ratio=100.23 momentum=96.84; 2026-09-28 ratio=100.54 momentum=96.64; 2026-09-29 ratio=100.53 momentum=98.76; 2026-09-30 ratio=100.21 momentum=100.91; 2026-10-01 ratio=99.98 momentum=100.00,67.36
stock,Shera Energy,SHERA.NS,"Aluminium, Copper & Zinc Products",Capital Goods,457.02,0.0,12.64,88.26,487.67,26.1,13.36,19.53,,stage_2,5,190.0,157.27,6.14,0.00847,"{'price_above_30w_ma': True, '30w_ma_rising': True, 'price_above_10w_ma': True, 'relative_strength_positive': True, 'near_52w_high': True}",leading,weakening,101.92,101.11,1.08,4.07,True,False,2026-09-25 ratio=100.84 momentum=97.05; 2026-09-28 ratio=102.25 momentum=99.12; 2026-09-29 ratio=102.51 momentum=101.49; 2026-09-30 ratio=102.58 momentum=101.66; 2026-10-01 ratio=101.92 momentum=101.11,182.43
stock,ANB Metal,AMCL.NS,"Aluminium, Copper & Zinc Products",Capital Goods,438.6,0.0,12.97,199.54,137.39,115.08,20.44,29.6,,insufficient_data,0,,,,,{},insufficient_data,insufficient_data,,,,,False,False,,0.0
stock,Euro Panel,EUROBOND.NS,"Aluminium, Copper & Zinc Products",Capital Goods,353.58,0.0,4.96,-13.29,119.62,14.1,13.37,16.72,,not_stage_2,1,148.29,164.14,-1.58,0.00661,"{'price_above_30w_ma': False, '30w_ma_rising': False, 'price_above_10w_ma': False, 'relative_strength_positive': True, 'near_52w_high': False}",leading,improving,100.88,103.62,0.91,1.47,True,False,2026-09-25 ratio=99.98 momentum=102.15; 2026-09-28 ratio=100.47 momentum=102.42; 2026-09-29 ratio=99.85 momentum=101.98; 2026-09-30 ratio=99.81 momentum=100.85; 2026-10-01 ratio=100.88 momentum=103.62,72.5
stock,Cubex Tubings,CUBEXTUB.NS,"Aluminium, Copper & Zinc Products",Capital Goods,225.95,0.0,1.32,7.32,64.97,30.28,29.97,11.49,,stage_2,5,166.1,90.33,2.08,0.00741,"{'price_above_30w_ma': True, '30w_ma_rising': True, 'price_above_10w_ma': True, 'relative_strength_positive': True, 'near_52w_high': True}",weakening,leading,102.78,99.56,-1.81,-2.31,False,False,2026-09-25 ratio=104.59 momentum=101.87; 2026-09-28 ratio=104.38 momentum=101.86; 2026-09-29 ratio=103.91 momentum=102.45; 2026-09-30 ratio=103.36 momentum=104.29; 2026-10-01 ratio=102.78 momentum=99.56,143.06
stock,Century Extrus.,CENTEXT.NS,"Aluminium, Copper & Zinc Products",Capital Goods,197.89,0.0,3.77,59.75,138.36,32.85,15.42,19.29,,not_stage_2,0,18.18,19.99,-1.26,0.00081,"{'price_above_30w_ma': False, '30w_ma_rising': False, 'price_above_10w_ma': False, 'relative_strength_positive': False, 'near_52w_high': False}",lagging,lagging,99.15,98.53,0.1,2.03,False,False,2026-09-25 ratio=99.06 momentum=96.51; 2026-09-28 ratio=98.96 momentum=96.28; 2026-09-29 ratio=99.00 momentum=95.40; 2026-09-30 ratio=99.39 momentum=98.07; 2026-10-01 ratio=99.15 momentum=98.53,0.0
stock,Wonderla Holiday,WONDERLA.NS,Amusement Parks/ Other Recreation,Consumer Services,3171.35,0.4,72.8,38.48,242.63,44.22,29.98,6.2,,not_stage_2,3,495.1,502.15,0.68,0.02208,"{'price_above_30w_ma': False, '30w_ma_rising': True, 'price_above_10w_ma': False, 'relative_strength_positive': True, 'near_52w_high': True}",weakening,weakening,100.85,97.53,-0.12,-0.44,False,False,2026-09-25 ratio=100.98 momentum=97.97; 2026-09-28 ratio=101.05 momentum=97.83; 2026-09-29 ratio=100.92 momentum=97.55; 2026-09-30 ratio=100.92 momentum=97.37; 2026-10-01 ratio=100.85 momentum=97.53,65.61
stock,Imagica. Enter.,IMAGICAA.NS,Amusement Parks/ Other Recreation,Consumer Services,2873.64,0.0,57.57,26.19,177.6,19.92,225.56,1.81,,stage_2,4,50.7,47.05,2.24,0.00226,"{'price_above_30w_ma': True, '30w_ma_rising': True, 'price_above_10w_ma': False, 'relative_strength_positive': True, 'near_52w_high': True}",leading,weakening,100.8,100.03,-0.13,2.62,False,False,2026-09-25 ratio=100.93 momentum=97.41; 2026-09-28 ratio=100.84 momentum=98.23; 2026-09-29 ratio=100.85 momentum=100.47; 2026-09-30 ratio=100.81 momentum=95.26; 2026-10-01 ratio=100.80 momentum=100.03,133.63
stock,Delta Corp,DELTACORP.NS,Amusement Parks/ Other Recreation,Consumer Services,2287.57,0.59,-212.57,219.62,168.55,-8.48,14.84,5.08,,stage_2,5,73.48,64.0,0.48,0.00328,"{'price_above_30w_ma': True, '30w_ma_rising': True, 'price_above_10w_ma': True, 'relative_strength_positive': True, 'near_52w_high': True}",leading,leading,102.3,102.26,-1.91,-0.49,False,False,2026-09-25 ratio=104.22 momentum=102.75; 2026-09-28 ratio=103.03 momentum=102.29; 2026-09-29 ratio=103.72 momentum=102.71; 2026-09-30 ratio=103.50 momentum=102.68; 2026-10-01 ratio=102.30 momentum=102.26,168.76
stock,Nicco Parks,NICCOPAR.NS,Amusement Parks/ Other Recreation,Consumer Services,374.87,1.56,5.47,68.83,19.05,-27.54,63.43,13.52,,insufficient_data,0,,,,,{},insufficient_data,insufficient_data,,,,,False,False,,0.0
stock,Godrej Agrovet,GODREJAGRO.NS,Animal Feed,Fast Moving Consumer Goods,12331.65,1.72,128.31,-16.21,2855.22,9.22,26.28,19.16,,stage_2,5,631.9,589.08,0.59,0.02818,"{'price_above_30w_ma': True, '30w_ma_rising': True, 'price_above_10w_ma': True, 'relative_strength_positive': True, 'near_52w_high': True}",weakening,weakening,101.07,98.04,-0.27,2.14,False,False,2026-09-25 ratio=101.34 momentum=95.89; 2026-09-28 ratio=101.20 momentum=93.57; 2026-09-29 ratio=100.99 momentum=96.81; 2026-09-30 ratio=100.85 momentum=97.33; 2026-10-01 ratio=101.07 momentum=98.04,131.53
stock,Avanti Feeds,AVANTIFEED.NS,Animal Feed,Fast Moving Consumer Goods,9688.43,1.41,116.3,-42.0,1899.86,18.32,18.01,24.38,,not_stage_2,0,711.55,1066.13,-6.4,0.03173,"{'price_above_30w_ma': False, '30w_ma_rising': False, 'price_above_10w_ma': False, 'relative_strength_positive': False, 'near_52w_high': False}",lagging,lagging,98.53,98.56,-0.27,2.17,False,False,2026-09-25 ratio=98.80 momentum=96.39; 2026-09-28 ratio=98.83 momentum=98.51; 2026-09-29 ratio=98.97 momentum=102.80; 2026-09-30 ratio=98.52 momentum=98.55; 2026-10-01 ratio=98.53 momentum=98.56,0.0
stock,Mukka Proteins,MUKKA.NS,Animal Feed,Fast Moving Consumer Goods,800.1,0.0,18.64,1142.76,489.65,186.73,11.57,11.61,,stage_2,4,25.7,24.2,2.68,0.00115,"{'price_above_30w_ma': True, '30w_ma_rising': True, 'price_above_10w_ma': False, 'relative_strength_positive': True, 'near_52w_high': True}",weakening,weakening,100.34,95.64,-0.4,-2.11,False,False,2026-09-25 ratio=100.74 momentum=97.75; 2026-09-28 ratio=100.68 momentum=96.24; 2026-09-29 ratio=100.49 momentum=94.14; 2026-09-30 ratio=100.38 momentum=94.24; 2026-10-01 ratio=100.34 momentum=95.64,112.06
stock,KSE,KSE.NS,Animal Feed,Fast Moving Consumer Goods,558.72,7.16,0.94,-98.44,453.67,9.06,12.12,33.55,,insufficient_data,0,,,,,{},insufficient_data,insufficient_data,,,,,False,False,,0.0
stock,Narmada Agrobase,NARMADA.NS,Animal Feed,Fast Moving Consumer Goods,93.32,0.0,0.75,-26.47,22.26,100.9,25.99,8.95,,not_stage_2,0,12.31,16.58,-2.23,0.00055,"{'price_above_30w_ma': False, '30w_ma_rising': False, 'price_above_10w_ma': False, 'relative_strength_positive': False, 'near_52w_high': False}",lagging,improving,98.88,96.01,-0.44,-4.27,False,False,2026-09-25 ratio=99.33 momentum=100.27; 2026-09-28 ratio=99.27 momentum=96.49; 2026-09-29 ratio=99.08 momentum=96.82; 2026-09-30 ratio=99.11 momentum=97.82; 2026-10-01 ratio=98.88 momentum=96.01,0.0
stock,Ajooni Biotech,AJOONI.NS,Animal Feed,Fast Moving Consumer Goods,52.02,0.0,0.43,-44.87,63.49,103.04,13.14,6.11,,not_stage_2,0,3.1,3.9,-4.72,0.00014,"{'price_above_30w_ma': False, '30w_ma_rising': False, 'price_above_10w_ma': False, 'relative_strength_positive': False, 'near_52w_high': False}",improving,lagging,98.46,102.26,0.27,3.51,False,True,2026-09-25 ratio=98.19 momentum=98.75; 2026-09-28 ratio=98.27 momentum=99.07; 2026-09-29 ratio=98.37 momentum=99.03; 2026-09-30 ratio=98.41 momentum=101.91; 2026-10-01 ratio=98.46 momentum=102.26,11.3
stock,ICICI AMC,ICICIAMC.NS,Asset Management Company,Financial Services,151302.42,0.89,964.63,23.1,1564.22,17.55,43.41,115.1,,not_stage_2,3,3084.4,3171.39,0.4,0.13756,"{'price_above_30w_ma': False, '30w_ma_rising': True, 'price_above_10w_ma': False, 'relative_strength_positive': True, 'near_52w_high': True}",leading,leading,101.43,100.44,-0.53,-2.87,False,False,2026-09-25 ratio=101.95 momentum=103.30; 2026-09-28 ratio=102.58 momentum=104.72; 2026-09-29 ratio=102.60 momentum=103.05; 2026-09-30 ratio=101.72 momentum=101.20; 2026-10-01 ratio=101.43 momentum=100.44,90.15
stock,SBI Funds Mgt.,SBIFUNDS.NS,Asset Management Company,Financial Services,100904.44,0.0,880.26,3.7,1152.73,15.16,32.56,56.5,,insufficient_data,0,,,,,{},insufficient_data,insufficient_data,,,,,False,False,,0.0
stock,HDFC AMC,HDFCAMC.NS,Asset Management Company,Financial Services,100660.62,2.3,838.36,12.09,1098.5,13.51,34.12,42.88,,not_stage_2,1,2308.1,2569.87,-1.55,0.10294,"{'price_above_30w_ma': False, '30w_ma_rising': False, 'price_above_10w_ma': False, 'relative_strength_positive': False, 'near_52w_high': True}",improving,lagging,99.35,100.56,0.38,1.1,False,True,2026-09-25 ratio=98.97 momentum=99.46; 2026-09-28 ratio=98.27 momentum=98.40; 2026-09-29 ratio=97.09 momentum=96.88; 2026-09-30 ratio=98.43 momentum=99.53; 2026-10-01 ratio=99.35 momentum=100.56,22.8
stock,Nippon Life Ind.,NAM-INDIA.NS,Asset Management Company,Financial Services,67908.45,2.03,503.7,27.16,766.87,26.42,41.48,43.8,,not_stage_2,2,1046.0,1086.16,2.8,0.04665,"{'price_above_30w_ma': False, '30w_ma_rising': True, 'price_above_10w_ma': False, 'relative_strength_positive': False, 'near_52w_high': True}",lagging,weakening,98.24,98.95,-2.6,-0.46,False,False,2026-09-25 ratio=100.84 momentum=99.41; 2026-09-28 ratio=99.20 momentum=96.19; 2026-09-29 ratio=98.43 momentum=97.05; 2026-09-30 ratio=98.70 momentum=99.05; 2026-10-01 ratio=98.24 momentum=98.95,45.6
stock,Aditya AMC,ABSLAMC.NS,Asset Management Company,Financial Services,29763.68,2.48,309.49,11.68,462.96,3.48,29.48,32.23,,not_stage_2,3,991.7,1044.43,1.86,0.04423,"{'price_above_30w_ma': False, '30w_ma_rising': True, 'price_above_10w_ma': False, 'relative_strength_positive': True, 'near_52w_high': True}",weakening,weakening,100.76,98.11,0.33,-0.3,False,False,2026-09-25 ratio=100.43 momentum=98.40; 2026-09-28 ratio=100.22 momentum=96.17; 2026-09-29 ratio=99.50 momentum=97.80; 2026-09-30 ratio=100.66 momentum=99.46; 2026-10-01 ratio=100.76 momentum=98.11,67.52
stock,UTI AMC,UTIAMC.NS,Asset Management Company,Financial Services,11443.94,4.49,293.86,24.07,583.51,6.7,21.43,15.57,,not_stage_2,1,883.7,932.82,-1.76,0.03941,"{'price_above_30w_ma': False, '30w_ma_rising': False, 'price_above_10w_ma': False, 'relative_strength_positive': True, 'near_52w_high': False}",leading,leading,101.75,102.93,0.27,1.68,False,False,2026-09-25 ratio=101.48 momentum=101.25; 2026-09-28 ratio=101.73 momentum=102.09; 2026-09-29 ratio=101.07 momentum=100.09; 2026-09-30 ratio=101.42 momentum=102.04; 2026-10-01 ratio=101.75 momentum=102.93,63.4
stock,Canara Robeco,CRAMC.NS,Asset Management Company,Financial Services,4391.77,1.82,75.6,23.98,145.37,20.07,20.11,40.11,,not_stage_2,0,216.52,249.57,-0.96,0.00966,"{'price_above_30w_ma': False, '30w_ma_rising': False, 'price_above_10w_ma': False, 'relative_strength_positive': False, 'near_52w_high': False}",lagging,improving,97.92,99.79,-0.47,-0.7,False,False,2026-09-25 ratio=98.39 momentum=100.49; 2026-09-28 ratio=98.30 momentum=100.17; 2026-09-29 ratio=98.25 momentum=101.43; 2026-09-30 ratio=98.56 momentum=104.43; 2026-10-01 ratio=97.92 momentum=99.79,0.0
stock,Gaja Alternative Asset,GAJA.NS,Asset Management Company,Financial Services,1915.91,0.55,27.21,35.66,15.64,-49.15,22.2,17.02,,insufficient_data,0,,,,,{},insufficient_data,insufficient_data,,,,,False,False,,0.0
stock,IL&FS Inv.Manag.,IVC.NS,Asset Management Company,Financial Services,246.52,15.29,1.21,23.86,8.17,40.86,60.57,4.11,,insufficient_data,0,,,,,{},insufficient_data,insufficient_data,,,,,False,False,,0.0
stock,Samvardh. Mothe.,MOTHERSON.NS,Auto Components & Equipments,Automobile and Auto Components,165177.03,0.38,1075.66,81.52,35243.77,16.65,36.15,13.43,,stage_2,4,157.03,142.53,3.21,0.007,"{'price_above_30w_ma': True, '30w_ma_rising': True, 'price_above_10w_ma': False, 'relative_strength_positive': True, 'near_52w_high': True}",weakening,leading,100.69,98.78,-0.55,-2.19,False,False,2026-09-25 ratio=101.23 momentum=100.97; 2026-09-28 ratio=101.12 momentum=99.57; 2026-09-29 ratio=100.70 momentum=99.77; 2026-09-30 ratio=101.32 momentum=103.61; 2026-10-01 ratio=100.69 momentum=98.78,114.87
stock,Bosch,BOSCHLTD.NS,Auto Components & Equipments,Automobile and Auto Components,132614.47,0.6,706.1,5.2,5841.9,22.0,56.12,21.54,,stage_2,4,45480.0,40186.17,4.19,2.02837,"{'price_above_30w_ma': True, '30w_ma_rising': True, 'price_above_10w_ma': False, 'relative_strength_positive': True, 'near_52w_high': True}",weakening,weakening,100.65,97.08,-0.52,0.01,False,False,2026-09-25 ratio=101.17 momentum=97.07; 2026-09-28 ratio=100.99 momentum=95.68; 2026-09-29 ratio=100.61 momentum=96.68; 2026-09-30 ratio=101.06 momentum=98.95; 2026-10-01 ratio=100.65 momentum=97.08,116.63
stock,Bharat Forge,BHARATFORG.NS,Auto Components & Equipments,Automobile and Auto Components,89573.33,0.46,-89.89,-57.72,4639.94,18.71,88.71,12.61,,not_stage_2,2,1875.0,1964.77,0.75,0.08362,"{'price_above_30w_ma': False, '30w_ma_rising': True, 'price_above_10w_ma': False, 'relative_strength_positive': False, 'near_52w_high': True}",improving,leading,99.18,101.6,-0.96,-0.47,False,False,2026-09-25 ratio=100.14 momentum=102.07; 2026-09-28 ratio=99.88 momentum=101.70; 2026-09-29 ratio=99.77 momentum=102.75; 2026-09-30 ratio=99.69 momentum=103.43; 2026-10-01 ratio=99.18 momentum=101.60,49.5
stock,Uno Minda,UNOMINDA.NS,Auto Components & Equipments,Automobile and Auto Components,63579.14,0.24,315.51,1.76,5556.85,23.79,52.01,19.65,,not_stage_2,2,1111.0,1144.23,0.19,0.04955,"{'price_above_30w_ma': False, '30w_ma_rising': True, 'price_above_10w_ma': False, 'relative_strength_positive': False, 'near_52w_high': True}",lagging,weakening,98.92,97.78,-1.87,-2.0,False,False,2026-09-25 ratio=100.78 momentum=99.78; 2026-09-28 ratio=100.17 momentum=99.38; 2026-09-29 ratio=99.96 momentum=100.02; 2026-09-30 ratio=100.23 momentum=99.81; 2026-10-01 ratio=98.92 momentum=97.78,40.38
stock,Schaeffler India,SCHAEFFLER.NS,Auto Components & Equipments,Automobile and Auto Components,60098.76,0.91,336.73,13.67,2681.41,17.5,46.55,27.9,,not_stage_2,2,3885.6,4062.35,-0.23,0.17329,"{'price_above_30w_ma': False, '30w_ma_rising': False, 'price_above_10w_ma': False, 'relative_strength_positive': True, 'near_52w_high': True}",leading,leading,101.16,100.07,0.01,-1.26,False,False,2026-09-25 ratio=101.15 momentum=101.33; 2026-09-28 ratio=101.24 momentum=101.13; 2026-09-29 ratio=100.94 momentum=100.64; 2026-09-30 ratio=100.87 momentum=101.33; 2026-10-01 ratio=101.16 momentum=100.07,66.15
stock,Sona BLW Precis.,SONACOMS.NS,Auto Components & Equipments,Automobile and Auto Components,49743.04,0.43,220.11,73.37,1157.24,50.82,63.98,15.11,,stage_2,5,805.0,661.94,5.95,0.0359,"{'price_above_30w_ma': True, '30w_ma_rising': True, 'price_above_10w_ma': True, 'relative_strength_positive': True, 'near_52w_high': True}",leading,leading,101.64,102.75,-0.08,1.34,False,False,2026-09-25 ratio=101.71 momentum=101.41; 2026-09-28 ratio=101.58 momentum=101.72; 2026-09-29 ratio=101.81 momentum=101.69; 2026-09-30 ratio=102.19 momentum=103.83; 2026-10-01 ratio=101.64 momentum=102.75,178.85
stock,Tube Investments,TIINDIA.NS,Auto Components & Equipments,Automobile and Auto Components,44908.78,0.15,293.96,-15.25,6215.33,17.07,71.66,17.14,,not_stage_2,0,2340.0,2819.11,-0.59,0.10436,"{'price_above_30w_ma': False, '30w_ma_rising': False, 'price_above_10w_ma': False, 'relative_strength_positive': False, 'near_52w_high': False}",lagging,lagging,97.75,97.11,-0.58,0.01,False,False,2026-09-25 ratio=98.32 momentum=97.10; 2026-09-28 ratio=98.26 momentum=98.63; 2026-09-29 ratio=97.94 momentum=99.37; 2026-09-30 ratio=97.77 momentum=97.88; 2026-10-01 ratio=97.75 momentum=97.11,0.0
stock,Endurance Tech.,ENDURANCE.NS,Auto Components & Equipments,Automobile and Auto Components,35538.47,0.46,244.52,8.03,4314.89,30.01,36.09,17.8,,not_stage_2,2,2601.4,2607.76,0.78,0.11602,"{'price_above_30w_ma': False, '30w_ma_rising': True, 'price_above_10w_ma': False, 'relative_strength_positive': False, 'near_52w_high': True}",lagging,lagging,99.55,99.68,0.33,1.34,False,False,2026-09-25 ratio=99.22 momentum=98.34; 2026-09-28 ratio=100.26 momentum=101.57; 2026-09-29 ratio=99.81 momentum=101.73; 2026-09-30 ratio=99.94 momentum=102.28; 2026-10-01 ratio=99.55 momentum=99.68,41.56
stock,Exide Inds.,EXIDEIND.NS,Auto Components & Equipments,Automobile and Auto Components,34446.25,0.49,351.3,28.38,5528.38,17.75,36.71,8.54,,not_stage_2,3,409.45,390.07,3.16,0.01826,"{'price_above_30w_ma': True, '30w_ma_rising': True, 'price_above_10w_ma': False, 'relative_strength_positive': False, 'near_52w_high': True}",improving,improving,99.67,100.56,-0.06,-0.01,False,False,2026-09-25 ratio=99.72 momentum=100.58; 2026-09-28 ratio=99.37 momentum=100.71; 2026-09-29 ratio=99.15 momentum=99.99; 2026-09-30 ratio=99.62 momentum=100.73; 2026-10-01 ratio=99.67 momentum=100.56,69.12
stock,Dhoot Transmission,DHOOTTRANS.NS,Auto Components & Equipments,Automobile and Auto Components,31128.12,0.0,132.68,36.89,1446.42,49.68,69.5,24.36,,insufficient_data,0,,,,,{},insufficient_data,insufficient_data,,,,,False,False,,0.0
stock,United Spirits,UNITDSPR.NS,Breweries & Distilleries,Fast Moving Consumer Goods,99574.33,1.24,463.0,-20.54,2708.0,-10.36,53.73,26.39,,not_stage_2,1,1335.1,1366.84,-0.07,0.05954,"{'price_above_30w_ma': False, '30w_ma_rising': False, 'price_above_10w_ma': False, 'relative_strength_positive': False, 'near_52w_high': True}",lagging,leading,98.54,98.61,-1.52,-2.96,False,False,2026-09-25 ratio=100.06 momentum=101.57; 2026-09-28 ratio=100.36 momentum=102.09; 2026-09-29 ratio=98.99 momentum=99.51; 2026-09-30 ratio=98.80 momentum=98.78; 2026-10-01 ratio=98.54 momentum=98.61,20.0
stock,Radico Khaitan,RADICO.NS,Breweries & Distilleries,Fast Moving Consumer Goods,57469.25,0.21,229.6,69.15,1683.69,11.8,80.86,24.15,,stage_2,4,4237.0,3769.43,6.38,0.18897,"{'price_above_30w_ma': True, '30w_ma_rising': True, 'price_above_10w_ma': False, 'relative_strength_positive': True, 'near_52w_high': True}",weakening,leading,100.2,98.9,-1.24,-2.76,False,False,2026-09-25 ratio=101.44 momentum=101.67; 2026-09-28 ratio=101.37 momentum=102.83; 2026-09-29 ratio=100.74 momentum=100.04; 2026-09-30 ratio=100.85 momentum=99.13; 2026-10-01 ratio=100.20 momentum=98.90,118.76
stock,United Breweries,UBL.NS,Breweries & Distilleries,Fast Moving Consumer Goods,31287.06,0.85,166.28,-9.54,3066.86,7.07,90.52,10.68,,not_stage_2,0,1188.8,1380.95,-3.82,0.05302,"{'price_above_30w_ma': False, '30w_ma_rising': False, 'price_above_10w_ma': False, 'relative_strength_positive': False, 'near_52w_high': False}",improving,improving,98.91,101.84,-0.3,0.19,False,False,2026-09-25 ratio=99.20 momentum=101.65; 2026-09-28 ratio=98.93 momentum=100.77; 2026-09-29 ratio=98.89 momentum=100.54; 2026-09-30 ratio=98.06 momentum=99.64; 2026-10-01 ratio=98.91 momentum=101.84,9.2
stock,Allied Blenders,ABDL.NS,Breweries & Distilleries,Fast Moving Consumer Goods,19488.8,0.78,45.42,-12.98,978.94,6.08,87.37,18.38,,stage_2,5,679.45,580.43,4.15,0.0303,"{'price_above_30w_ma': True, '30w_ma_rising': True, 'price_above_10w_ma': True, 'relative_strength_positive': True, 'near_52w_high': True}",weakening,leading,101.91,98.59,-1.6,-5.7,False,False,2026-09-25 ratio=103.51 momentum=104.29; 2026-09-28 ratio=103.50 momentum=103.16; 2026-09-29 ratio=102.98 momentum=101.84; 2026-09-30 ratio=102.80 momentum=100.35; 2026-10-01 ratio=101.91 momentum=98.59,142.85
stock,Tilaknagar Inds.,TI.NS,Breweries & Distilleries,Fast Moving Consumer Goods,13395.16,0.19,31.59,-30.28,1046.03,155.67,59.26,11.45,,stage_2,5,542.55,475.22,2.95,0.0242,"{'price_above_30w_ma': True, '30w_ma_rising': True, 'price_above_10w_ma': True, 'relative_strength_positive': True, 'near_52w_high': True}",weakening,leading,100.88,99.52,-0.56,-1.72,False,False,2026-09-25 ratio=101.44 momentum=101.24; 2026-09-28 ratio=101.18 momentum=101.42; 2026-09-29 ratio=100.96 momentum=101.42; 2026-09-30 ratio=100.77 momentum=100.04; 2026-10-01 ratio=100.88 momentum=99.52,135.3
stock,Piccadily Agro,PICCADIL.NS,Breweries & Distilleries,Fast Moving Consumer Goods,5800.48,0.17,21.44,16.33,251.18,17.42,41.28,18.01,,not_stage_2,2,581.05,615.58,0.58,0.02591,"{'price_above_30w_ma': False, '30w_ma_rising': True, 'price_above_10w_ma': False, 'relative_strength_positive': False, 'near_52w_high': True}",improving,improving,99.09,101.49,-0.13,-1.15,False,False,2026-09-25 ratio=99.22 momentum=102.64; 2026-09-28 ratio=99.20 momentum=102.09; 2026-09-29 ratio=99.31 momentum=102.94; 2026-09-30 ratio=99.18 momentum=102.23; 2026-10-01 ratio=99.09 momentum=101.49,48.61
stock,Globus Spirits,GLOBUSSPR.NS,Breweries & Distilleries,Fast Moving Consumer Goods,2484.97,0.83,26.48,49.05,788.78,12.71,24.72,11.25,,not_stage_2,0,786.9,897.27,-1.52,0.0351,"{'price_above_30w_ma': False, '30w_ma_rising': False, 'price_above_10w_ma': False, 'relative_strength_positive': False, 'near_52w_high': False}",lagging,improving,98.52,99.38,-0.71,-2.6,False,False,2026-09-25 ratio=99.23 momentum=101.98; 2026-09-28 ratio=99.24 momentum=101.22; 2026-09-29 ratio=98.71 momentum=100.56; 2026-09-30 ratio=98.11 momentum=97.53; 2026-10-01 ratio=98.52 momentum=99.38,0.0
stock,G M Breweries,GMBREW.NS,Breweries & Distilleries,Fast Moving Consumer Goods,2165.66,0.95,37.74,45.94,199.58,22.55,12.84,17.96,,not_stage_2,4,952.0,939.61,-0.8,0.04246,"{'price_above_30w_ma': True, '30w_ma_rising': False, 'price_above_10w_ma': True, 'relative_strength_positive': True, 'near_52w_high': True}",weakening,leading,102.06,98.29,-0.68,-4.59,False,False,2026-09-25 ratio=102.74 momentum=102.88; 2026-09-28 ratio=102.57 momentum=103.03; 2026-09-29 ratio=102.35 momentum=102.65; 2026-09-30 ratio=102.35 momentum=103.74; 2026-10-01 ratio=102.06 momentum=98.29,90.3
stock,India Glycols,INDIAGLYCO.NS,Breweries & Distilleries,Fast Moving Consumer Goods,2033.26,2.47,96.83,32.19,1130.39,8.64,6.41,12.4,,not_stage_2,0,298.8,899.74,-8.59,0.01333,"{'price_above_30w_ma': False, '30w_ma_rising': False, 'price_above_10w_ma': False, 'relative_strength_positive': False, 'near_52w_high': False}",improving,improving,98.91,103.47,0.19,-0.07,False,False,2026-09-25 ratio=98.72 momentum=103.54; 2026-09-28 ratio=98.75 momentum=103.32; 2026-09-29 ratio=98.82 momentum=103.25; 2026-09-30 ratio=98.88 momentum=103.29; 2026-10-01 ratio=98.91 momentum=103.47,17.35
stock,Som Distilleries,SDBL.NS,Breweries & Distilleries,Fast Moving Consumer Goods,1522.05,0.0,1.56,-98.91,268.63,-49.16,,5.67,,not_stage_2,2,74.94,76.11,-1.57,0.00334,"{'price_above_30w_ma': False, '30w_ma_rising': False, 'price_above_10w_ma': True, 'relative_strength_positive': True, 'near_52w_high': False}",leading,leading,102.15,101.25,-0.34,-0.81,False,False,2026-09-25 ratio=102.49 momentum=102.06; 2026-09-28 ratio=104.97 momentum=102.55; 2026-09-29 ratio=103.76 momentum=101.86; 2026-09-30 ratio=103.12 momentum=101.72; 2026-10-01 ratio=102.15 momentum=101.25,77.0
stock,Firstsour.Solu.,FSL.NS,Business Process Outsourcing (BPO)/ Knowledge Process Outsourcing (KPO),Services,18198.9,2.14,165.92,30.01,2724.87,22.87,22.8,16.8,,not_stage_2,1,250.4,250.41,1.36,0.01117,"{'price_above_30w_ma': False, '30w_ma_rising': True, 'price_above_10w_ma': False, 'relative_strength_positive': False, 'near_52w_high': False}",lagging,improving,99.62,97.09,-0.09,-3.51,False,False,2026-09-25 ratio=99.72 momentum=100.60; 2026-09-28 ratio=99.75 momentum=101.17; 2026-09-29 ratio=99.32 momentum=95.49; 2026-09-30 ratio=99.84 momentum=97.04; 2026-10-01 ratio=99.62 momentum=97.09,22.72
stock,eClerx Services,ECLERX.NS,Business Process Outsourcing (BPO)/ Knowledge Process Outsourcing (KPO),Services,17721.98,0.05,164.24,15.99,1152.36,23.31,24.31,34.42,,not_stage_2,3,1802.9,1649.19,1.66,0.08041,"{'price_above_30w_ma': True, '30w_ma_rising': True, 'price_above_10w_ma': False, 'relative_strength_positive': True, 'near_52w_high': False}",weakening,leading,100.44,98.47,-0.5,-1.84,False,False,2026-09-25 ratio=100.94 momentum=100.32; 2026-09-28 ratio=100.23 momentum=97.95; 2026-09-29 ratio=99.66 momentum=97.40; 2026-09-30 ratio=100.45 momentum=97.81; 2026-10-01 ratio=100.44 momentum=98.47,65.52
stock,RPSG Ventures,RPSGVENT.NS,Business Process Outsourcing (BPO)/ Knowledge Process Outsourcing (KPO),Services,2759.08,0.0,253.09,34.95,3576.44,20.36,,10.61,,not_stage_2,3,829.85,873.69,2.33,0.03701,"{'price_above_30w_ma': False, '30w_ma_rising': True, 'price_above_10w_ma': False, 'relative_strength_positive': True, 'near_52w_high': True}",leading,improving,100.47,102.68,0.76,1.34,True,False,2026-09-25 ratio=99.72 momentum=101.34; 2026-09-28 ratio=100.38 momentum=103.53; 2026-09-29 ratio=100.18 momentum=102.21; 2026-09-30 ratio=100.96 momentum=104.16; 2026-10-01 ratio=100.47 momentum=102.68,110.41
stock,One Point One,ONEPOINT.NS,Business Process Outsourcing (BPO)/ Knowledge Process Outsourcing (KPO),Services,2059.58,0.0,16.31,72.78,158.32,129.42,44.72,9.59,,stage_2,5,74.37,56.54,4.3,0.00332,"{'price_above_30w_ma': True, '30w_ma_rising': True, 'price_above_10w_ma': True, 'relative_strength_positive': True, 'near_52w_high': True}",leading,leading,103.1,100.61,-0.38,-0.82,False,False,2026-09-25 ratio=103.48 momentum=101.43; 2026-09-28 ratio=103.24 momentum=102.19; 2026-09-29 ratio=103.28 momentum=101.77; 2026-09-30 ratio=103.23 momentum=103.35; 2026-10-01 ratio=103.10 momentum=100.61,172.15
stock,Hinduja Global,HGS.NS,Business Process Outsourcing (BPO)/ Knowledge Process Outsourcing (KPO),Services,1697.76,1.37,-66.26,-45.26,1050.36,-0.56,,1.46,,not_stage_2,0,367.05,403.43,-0.18,0.01637,"{'price_above_30w_ma': False, '30w_ma_rising': False, 'price_above_10w_ma': False, 'relative_strength_positive': False, 'near_52w_high': False}",lagging,improving,99.18,99.75,0.33,-0.9,False,False,2026-09-25 ratio=98.85 momentum=100.65; 2026-09-28 ratio=99.02 momentum=101.51; 2026-09-29 ratio=98.61 momentum=98.21; 2026-09-30 ratio=99.13 momentum=99.43; 2026-10-01 ratio=99.18 momentum=99.75,0.0
stock,Alldigi Tech,ALLDIGI.NS,Business Process Outsourcing (BPO)/ Knowledge Process Outsourcing (KPO),Services,1144.25,7.99,18.12,21.69,150.28,4.43,12.41,27.89,,not_stage_2,2,756.35,803.53,-0.76,0.03373,"{'price_above_30w_ma': False, '30w_ma_rising': False, 'price_above_10w_ma': False, 'relative_strength_positive': True, 'near_52w_high': True}",improving,lagging,99.92,100.3,0.22,1.89,False,True,2026-09-25 ratio=99.69 momentum=98.42; 2026-09-28 ratio=100.25 momentum=99.91; 2026-09-29 ratio=100.37 momentum=98.70; 2026-09-30 ratio=100.10 momentum=99.38; 2026-10-01 ratio=99.92 momentum=100.30,41.5
stock,We Win Ltd,WEWIN.NS,Business Process Outsourcing (BPO)/ Knowledge Process Outsourcing (KPO),Services,51.82,0.0,0.91,-15.74,30.77,51.65,11.54,10.9,,stage_2,4,51.65,49.43,0.91,0.0023,"{'price_above_30w_ma': True, '30w_ma_rising': True, 'price_above_10w_ma': True, 'relative_strength_positive': True, 'near_52w_high': False}",leading,leading,103.42,102.29,0.61,0.23,False,False,2026-09-25 ratio=102.80 momentum=102.05; 2026-09-28 ratio=103.04 momentum=102.16; 2026-09-29 ratio=102.60 momentum=102.44; 2026-09-30 ratio=103.44 momentum=102.60; 2026-10-01 ratio=103.42 momentum=102.29,155.37
stock,Kandarp Digi,KANDARP.NS,Business Process Outsourcing (BPO)/ Knowledge Process Outsourcing (KPO),Services,51.15,0.0,1.13,-15.67,16.35,4.01,27.65,11.23,,not_stage_2,0,59.65,115.43,-8.94,0.00266,"{'price_above_30w_ma': False, '30w_ma_rising': False, 'price_above_10w_ma': False, 'relative_strength_positive': False, 'near_52w_high': False}",improving,improving,97.8,101.23,-0.58,-2.52,False,False,2026-09-25 ratio=98.38 momentum=103.75; 2026-09-28 ratio=98.22 momentum=102.76; 2026-09-29 ratio=98.02 momentum=102.98; 2026-09-30 ratio=97.87 momentum=101.94; 2026-10-01 ratio=97.80 momentum=101.23,6.15
stock,Cadsys (India),CADSYS.NS,Business Process Outsourcing (BPO)/ Knowledge Process Outsourcing (KPO),Services,37.96,0.0,-8.6,110.64,47.31,16.3,,-13.98,,not_stage_2,0,39.9,57.25,-1.07,0.00178,"{'price_above_30w_ma': False, '30w_ma_rising': False, 'price_above_10w_ma': False, 'relative_strength_positive': False, 'near_52w_high': False}",lagging,lagging,98.41,97.95,-0.44,-1.71,False,False,2026-09-25 ratio=98.85 momentum=99.66; 2026-09-28 ratio=99.00 momentum=102.42; 2026-09-29 ratio=98.57 momentum=98.88; 2026-09-30 ratio=98.28 momentum=97.29; 2026-10-01 ratio=98.41 momentum=97.95,0.0
stock,HRH Next,HRHNEXT.NS,Business Process Outsourcing (BPO)/ Knowledge Process Outsourcing (KPO),Services,31.69,0.0,2.78,152.73,35.92,24.68,6.52,15.84,,not_stage_2,0,24.0,26.92,-0.48,0.00107,"{'price_above_30w_ma': False, '30w_ma_rising': False, 'price_above_10w_ma': False, 'relative_strength_positive': False, 'near_52w_high': False}",lagging,improving,99.87,99.7,0.46,-0.48,False,False,2026-09-25 ratio=99.41 momentum=100.19; 2026-09-28 ratio=98.83 momentum=100.52; 2026-09-29 ratio=99.72 momentum=100.66; 2026-09-30 ratio=100.43 momentum=101.69; 2026-10-01 ratio=99.87 momentum=99.70,0.0
stock,Polycab India,POLYCAB.NS,Cables - Electricals,Capital Goods,121762.75,0.58,796.66,32.46,8209.73,39.01,42.51,33.21,,not_stage_2,2,7990.0,8656.45,0.16,0.35635,"{'price_above_30w_ma': False, '30w_ma_rising': True, 'price_above_10w_ma': False, 'relative_strength_positive': False, 'near_52w_high': True}",improving,improving,98.94,102.84,-0.54,0.52,False,False,2026-09-25 ratio=99.48 momentum=102.32; 2026-09-28 ratio=99.13 momentum=102.34; 2026-09-29 ratio=98.89 momentum=101.92; 2026-09-30 ratio=98.76 momentum=102.56; 2026-10-01 ratio=98.94 momentum=102.84,54.52
stock,KEI Industries,KEI.NS,Cables - Electricals,Capital Goods,44341.47,0.1,274.14,40.05,3185.34,22.97,44.48,20.05,,not_stage_2,1,4502.0,4956.12,-0.62,0.20079,"{'price_above_30w_ma': False, '30w_ma_rising': False, 'price_above_10w_ma': False, 'relative_strength_positive': False, 'near_52w_high': True}",improving,improving,99.2,103.29,-0.02,0.89,False,False,2026-09-25 ratio=99.22 momentum=102.40; 2026-09-28 ratio=98.99 momentum=101.98; 2026-09-29 ratio=98.89 momentum=101.86; 2026-09-30 ratio=98.95 momentum=102.60; 2026-10-01 ratio=99.20 momentum=103.29,36.45
stock,R R Kabel,RRKABEL.NS,Cables - Electricals,Capital Goods,29950.34,0.36,205.2,117.32,3168.2,53.9,48.98,28.1,,stage_2,4,2518.2,2135.78,6.63,0.11231,"{'price_above_30w_ma': True, '30w_ma_rising': True, 'price_above_10w_ma': False, 'relative_strength_positive': True, 'near_52w_high': True}",leading,leading,100.38,102.98,0.34,1.43,False,False,2026-09-25 ratio=100.04 momentum=101.55; 2026-09-28 ratio=99.81 momentum=100.75; 2026-09-29 ratio=100.24 momentum=102.41; 2026-09-30 ratio=100.25 momentum=102.31; 2026-10-01 ratio=100.38 momentum=102.98,155.06
stock,Finolex Cables,FINCABLES.NS,Cables - Electricals,Capital Goods,22440.79,0.61,249.04,53.14,2013.15,44.26,28.05,16.01,,stage_2,5,1458.8,1092.91,7.44,0.06506,"{'price_above_30w_ma': True, '30w_ma_rising': True, 'price_above_10w_ma': True, 'relative_strength_positive': True, 'near_52w_high': True}",weakening,weakening,101.6,98.96,-0.03,2.7,False,False,2026-09-25 ratio=101.64 momentum=96.26; 2026-09-28 ratio=101.40 momentum=94.32; 2026-09-29 ratio=101.51 momentum=99.20; 2026-09-30 ratio=101.56 momentum=99.35; 2026-10-01 ratio=101.60 momentum=98.96,147.88
stock,KSH Internationa,KSHINTL.NS,Cables - Electricals,Capital Goods,7024.23,0.0,42.22,86.16,1164.24,108.38,53.66,21.46,,stage_2,5,1028.2,794.45,13.37,0.04586,"{'price_above_30w_ma': True, '30w_ma_rising': True, 'price_above_10w_ma': True, 'relative_strength_positive': True, 'near_52w_high': True}",weakening,weakening,101.02,99.07,0.13,3.01,False,False,2026-09-25 ratio=100.89 momentum=96.06; 2026-09-28 ratio=100.51 momentum=92.21; 2026-09-29 ratio=100.95 momentum=97.58; 2026-09-30 ratio=100.69 momentum=96.15; 2026-10-01 ratio=101.02 momentum=99.07,156.84
stock,Universal Cables,UNIVCABLES.NS,Cables - Electricals,Capital Goods,5274.39,0.3,70.14,108.75,945.06,57.46,26.37,11.68,,stage_2,4,1451.3,1164.57,9.97,0.06473,"{'price_above_30w_ma': True, '30w_ma_rising': True, 'price_above_10w_ma': False, 'relative_strength_positive': True, 'near_52w_high': True}",leading,weakening,100.23,100.4,-0.11,3.68,False,False,2026-09-25 ratio=100.34 momentum=96.72; 2026-09-28 ratio=100.00 momentum=96.80; 2026-09-29 ratio=100.29 momentum=100.75; 2026-09-30 ratio=100.10 momentum=100.38; 2026-10-01 ratio=100.23 momentum=100.40,148.09
stock,V-Marc India,VMARCIND.NS,Cables - Electricals,Capital Goods,4712.95,0.0,28.55,163.62,555.51,102.42,40.29,41.37,,not_stage_2,1,325.0,710.04,-6.09,0.01449,"{'price_above_30w_ma': False, '30w_ma_rising': False, 'price_above_10w_ma': False, 'relative_strength_positive': True, 'near_52w_high': False}",weakening,weakening,100.32,98.5,0.24,1.29,False,False,2026-09-25 ratio=100.08 momentum=97.21; 2026-09-28 ratio=99.88 momentum=95.39; 2026-09-29 ratio=100.03 momentum=98.04; 2026-09-30 ratio=100.55 momentum=100.20; 2026-10-01 ratio=100.32 momentum=98.50,21.6
stock,Laser Power,LASERPOWER.NS,Cables - Electricals,Capital Goods,3758.36,0.0,20.73,3.75,521.55,14.84,34.21,20.51,,insufficient_data,0,,,,,{},insufficient_data,insufficient_data,,,,,False,False,,0.0
stock,Lumino Inds,LUMINO.NS,Cables - Electricals,Capital Goods,3011.43,0.0,40.3,32.87,521.43,19.29,17.74,26.59,,insufficient_data,0,,,,,{},insufficient_data,insufficient_data,,,,,False,False,,0.0
stock,Quadrant Future,QUADFUTURE.NS,Cables - Electricals,Capital Goods,2117.0,0.0,-9.13,32.37,40.59,41.28,,-15.48,,stage_2,5,531.4,373.04,8.9,0.0237,"{'price_above_30w_ma': True, '30w_ma_rising': True, 'price_above_10w_ma': True, 'relative_strength_positive': True, 'near_52w_high': True}",weakening,leading,101.77,96.32,-0.5,-6.62,False,False,2026-09-25 ratio=102.28 momentum=102.94; 2026-09-28 ratio=102.03 momentum=98.76; 2026-09-29 ratio=102.06 momentum=98.45; 2026-09-30 ratio=102.03 momentum=98.53; 2026-10-01 ratio=101.77 momentum=96.32,151.65
stock,Godfrey Phillips,GODFRYPHLP.NS,Cigarettes & Tobacco Products,Fast Moving Consumer Goods,29262.18,2.67,198.39,-44.32,1205.51,-18.89,21.4,30.25,,not_stage_2,0,1849.7,2137.47,-1.49,0.0825,"{'price_above_30w_ma': False, '30w_ma_rising': False, 'price_above_10w_ma': False, 'relative_strength_positive': False, 'near_52w_high': False}",lagging,improving,98.57,99.97,-0.69,-1.58,False,False,2026-09-25 ratio=99.26 momentum=101.56; 2026-09-28 ratio=99.16 momentum=102.86; 2026-09-29 ratio=98.30 momentum=100.20; 2026-09-30 ratio=98.89 momentum=101.15; 2026-10-01 ratio=98.57 momentum=99.97,0.0
stock,VST Industries,VSTIND.NS,Cigarettes & Tobacco Products,Fast Moving Consumer Goods,3412.85,5.97,42.42,-24.43,256.46,-13.91,12.25,28.13,,not_stage_2,1,201.14,234.17,-1.62,0.00897,"{'price_above_30w_ma': False, '30w_ma_rising': False, 'price_above_10w_ma': False, 'relative_strength_positive': True, 'near_52w_high': False}",leading,improving,100.26,103.39,0.64,2.05,True,False,2026-09-25 ratio=99.62 momentum=101.34; 2026-09-28 ratio=100.03 momentum=103.20; 2026-09-29 ratio=100.00 momentum=102.39; 2026-09-30 ratio=100.23 momentum=103.66; 2026-10-01 ratio=100.26 momentum=103.39,68.25
stock,Elitecon Inter.,ELITECON.NS,Cigarettes & Tobacco Products,Fast Moving Consumer Goods,1197.28,0.67,-85.05,-269.56,1880.69,500.55,7.39,46.33,,insufficient_data,0,,,,,{},insufficient_data,insufficient_data,,,,,False,False,,0.0
stock,NTC Industries,NTCIND.NS,Cigarettes & Tobacco Products,Fast Moving Consumer Goods,197.41,0.0,6.12,7.94,25.23,-10.25,9.87,11.14,,insufficient_data,0,,,,,{},insufficient_data,insufficient_data,,,,,False,False,,0.0
stock,Shanthala FMCG,SHANTHALA.NS,Cigarettes & Tobacco Products,Fast Moving Consumer Goods,9.31,0.0,0.72,71.43,25.82,-0.12,7.33,5.98,,not_stage_2,0,13.6,22.13,-9.94,0.00061,"{'price_above_30w_ma': False, '30w_ma_rising': False, 'price_above_10w_ma': False, 'relative_strength_positive': False, 'near_52w_high': False}",lagging,lagging,97.98,98.0,-1.26,-0.76,False,False,2026-09-25 ratio=99.23 momentum=98.76; 2026-09-28 ratio=98.51 momentum=96.26; 2026-09-29 ratio=98.41 momentum=96.23; 2026-09-30 ratio=97.66 momentum=97.18; 2026-10-01 ratio=97.98 momentum=98.00,0.0
stock,EKI Energy,EKI.NS,Consulting Services,Services,257.65,0.0,-15.93,-2094.44,10.46,-29.99,,-6.15,,insufficient_data,0,,,,,{},insufficient_data,insufficient_data,,,,,False,False,,0.0
stock,Marc Technocrats,MARC.NS,Consulting Services,Services,244.81,0.0,4.81,,37.53,,23.23,29.22,,stage_2,5,144.95,101.65,12.52,0.00646,"{'price_above_30w_ma': True, '30w_ma_rising': True, 'price_above_10w_ma': True, 'relative_strength_positive': True, 'near_52w_high': True}",weakening,weakening,101.1,95.76,-0.03,-1.83,False,False,2026-09-25 ratio=101.13 momentum=97.59; 2026-09-28 ratio=101.25 momentum=100.15; 2026-09-29 ratio=101.26 momentum=99.98; 2026-09-30 ratio=101.26 momentum=98.49; 2026-10-01 ratio=101.10 momentum=95.76,155.54
stock,Mitcon Consult.,MITCON.NS,Consulting Services,Services,141.33,0.0,2.75,151.38,67.58,176.63,14.51,8.83,,stage_2,5,80.34,75.87,4.46,0.00358,"{'price_above_30w_ma': True, '30w_ma_rising': True, 'price_above_10w_ma': True, 'relative_strength_positive': True, 'near_52w_high': True}",weakening,leading,101.38,99.44,-1.26,-0.8,False,False,2026-09-25 ratio=102.64 momentum=100.24; 2026-09-28 ratio=101.99 momentum=100.10; 2026-09-29 ratio=101.83 momentum=99.62; 2026-09-30 ratio=101.86 momentum=99.90; 2026-10-01 ratio=101.38 momentum=99.44,140.82
stock,AAA Technologies,AAATECH.NS,Consulting Services,Services,122.42,1.05,0.87,12.99,3.76,1.62,58.86,8.96,,not_stage_2,1,92.74,94.33,-1.48,0.00414,"{'price_above_30w_ma': False, '30w_ma_rising': False, 'price_above_10w_ma': False, 'relative_strength_positive': True, 'near_52w_high': False}",leading,leading,101.38,102.51,-2.54,0.55,False,False,2026-09-25 ratio=103.92 momentum=101.96; 2026-09-28 ratio=103.31 momentum=101.53; 2026-09-29 ratio=103.08 momentum=101.05; 2026-09-30 ratio=101.74 momentum=100.25; 2026-10-01 ratio=101.38 momentum=102.51,59.45
stock,Dhruv Consultanc,DHRUV.NS,Consulting Services,Services,37.0,0.0,-4.74,-396.25,15.55,-26.09,,-32.46,,not_stage_2,0,19.74,27.48,-3.41,0.00088,"{'price_above_30w_ma': False, '30w_ma_rising': False, 'price_above_10w_ma': False, 'relative_strength_positive': False, 'near_52w_high': False}",lagging,lagging,97.9,98.45,-0.83,-0.66,False,False,2026-09-25 ratio=98.73 momentum=99.12; 2026-09-28 ratio=99.00 momentum=102.18; 2026-09-29 ratio=98.60 momentum=99.27; 2026-09-30 ratio=97.97 momentum=99.23; 2026-10-01 ratio=97.90 momentum=98.45,0.0
stock,Manglam Infra,MIEL.NS,Consulting Services,Services,23.05,0.0,1.6,1700.0,21.86,-21.42,7.34,9.5,,insufficient_data,0,,,,,{},insufficient_data,insufficient_data,,,,,False,False,,0.0
stock,Physicswallah,PWL.NS,E-Learning,Consumer Services,38084.67,0.0,-88.28,35.6,1053.95,24.42,623.2,3.99,,stage_2,4,120.17,116.23,4.49,0.00536,"{'price_above_30w_ma': True, '30w_ma_rising': True, 'price_above_10w_ma': False, 'relative_strength_positive': True, 'near_52w_high': True}",weakening,leading,100.29,99.45,-1.46,-3.58,False,False,2026-09-25 ratio=101.75 momentum=103.03; 2026-09-28 ratio=101.14 momentum=99.57; 2026-09-29 ratio=100.77 momentum=99.72; 2026-09-30 ratio=100.61 momentum=100.15; 2026-10-01 ratio=100.29 momentum=99.45,115.43
stock,Veranda Learning,VERANDA.NS,E-Learning,Consumer Services,2053.27,0.0,33.87,854.4,149.54,41.52,31.83,12.83,,not_stage_2,2,213.8,214.52,2.58,0.00954,"{'price_above_30w_ma': False, '30w_ma_rising': True, 'price_above_10w_ma': False, 'relative_strength_positive': False, 'near_52w_high': True}",improving,leading,98.68,100.78,-1.56,-0.27,False,False,2026-09-25 ratio=100.24 momentum=101.04; 2026-09-28 ratio=101.29 momentum=102.44; 2026-09-29 ratio=99.51 momentum=101.10; 2026-09-30 ratio=99.31 momentum=101.04; 2026-10-01 ratio=98.68 momentum=100.78,49.06
stock,Jaro Institute,JARO.NS,E-Learning,Consumer Services,902.28,1.23,11.17,48.34,70.75,16.61,15.96,22.09,,not_stage_2,0,408.4,472.72,-0.27,0.01821,"{'price_above_30w_ma': False, '30w_ma_rising': False, 'price_above_10w_ma': False, 'relative_strength_positive': False, 'near_52w_high': False}",lagging,lagging,98.69,97.38,-1.24,-2.47,False,False,2026-09-25 ratio=99.93 momentum=99.86; 2026-09-28 ratio=99.15 momentum=98.52; 2026-09-29 ratio=99.13 momentum=97.46; 2026-09-30 ratio=99.19 momentum=97.94; 2026-10-01 ratio=98.69 momentum=97.38,0.0
stock,Addictive Learn,ADDICTIVE.NS,E-Learning,Consumer Services,63.8,0.0,0.31,-75.97,22.69,8.41,,0.9,,insufficient_data,0,,,,,{},insufficient_data,insufficient_data,,,,,False,False,,0.0
stock,G-Tec Janix,GTECJAINX.NS,E-Learning,Consumer Services,38.38,0.0,0.3,100.0,2.25,-10.36,,-36.32,,stage_2,5,35.88,25.17,5.46,0.0016,"{'price_above_30w_ma': True, '30w_ma_rising': True, 'price_above_10w_ma': True, 'relative_strength_positive': True, 'near_52w_high': True}",leading,lagging,105.09,102.32,6.28,3.94,True,False,2026-09-25 ratio=98.81 momentum=98.39; 2026-09-28 ratio=99.72 momentum=100.52; 2026-09-29 ratio=102.68 momentum=101.00; 2026-09-30 ratio=104.55 momentum=102.49; 2026-10-01 ratio=105.09 momentum=102.32,202.97
stock,Usha Mart. Edu.,UMESLTD.NS,E-Learning,Consumer Services,11.54,0.0,0.02,0.0,0.12,-7.69,28.15,18.01,,not_stage_2,1,4.57,5.63,0.81,0.0002,"{'price_above_30w_ma': False, '30w_ma_rising': True, 'price_above_10w_ma': False, 'relative_strength_positive': False, 'near_52w_high': False}",improving,improving,99.28,104.93,0.53,4.86,False,True,2026-09-25 ratio=98.76 momentum=100.07; 2026-09-28 ratio=99.05 momentum=100.47; 2026-09-29 ratio=98.71 momentum=101.45; 2026-09-30 ratio=98.98 momentum=103.80; 2026-10-01 ratio=99.28 momentum=104.93,46.27
stock,Docmode Health,DHTL.NS,E-Learning,Consumer Services,7.78,0.0,-0.07,95.57,7.67,-64.07,,6.12,,not_stage_2,0,23.75,38.39,-6.15,0.00106,"{'price_above_30w_ma': False, '30w_ma_rising': False, 'price_above_10w_ma': False, 'relative_strength_positive': False, 'near_52w_high': False}",lagging,lagging,97.69,96.42,0.02,1.03,False,False,2026-09-25 ratio=97.67 momentum=95.39; 2026-09-28 ratio=97.98 momentum=95.80; 2026-09-29 ratio=98.27 momentum=96.84; 2026-09-30 ratio=97.93 momentum=97.97; 2026-10-01 ratio=97.69 momentum=96.42,0.0
stock,PVR Inox,PVRINOX.NS,"Film Production, Distribution & Exhibition","Media, Entertainment & Publication",12092.34,0.0,56.5,220.3,1622.2,11.91,38.12,6.79,,stage_2,4,1215.3,1063.39,2.89,0.0542,"{'price_above_30w_ma': True, '30w_ma_rising': True, 'price_above_10w_ma': False, 'relative_strength_positive': True, 'near_52w_high': True}",weakening,weakening,101.1,98.66,-0.08,-0.78,False,False,2026-09-25 ratio=101.18 momentum=99.44; 2026-09-28 ratio=101.04 momentum=98.79; 2026-09-29 ratio=100.66 momentum=98.42; 2026-09-30 ratio=101.32 momentum=99.24; 2026-10-01 ratio=101.10 momentum=98.66,116.28
stock,Media Matrix,MMWL.NS,"Film Production, Distribution & Exhibition","Media, Entertainment & Publication",1849.77,0.0,3.58,84.46,428.45,83.37,260.53,9.71,,insufficient_data,0,,,,,{},leading,leading,102.84,102.88,0.91,0.93,False,False,2026-09-25 ratio=101.93 momentum=101.95; 2026-09-28 ratio=101.40 momentum=101.72; 2026-09-29 ratio=100.74 momentum=100.58; 2026-09-30 ratio=101.83 momentum=102.24; 2026-10-01 ratio=102.84 momentum=102.88,48.6
stock,Panorama Studios,PANORAMA.NS,"Film Production, Distribution & Exhibition","Media, Entertainment & Publication",1654.4,0.0,12.71,165.95,183.07,34.26,68.53,8.7,,insufficient_data,0,,,,,{},insufficient_data,insufficient_data,,,,,False,False,,0.0
stock,Sunshine Picture,SUNSHINE.NS,"Film Production, Distribution & Exhibition","Media, Entertainment & Publication",1394.06,0.0,0.25,123.15,6.48,16100.0,34.08,40.96,,insufficient_data,0,,,,,{},insufficient_data,insufficient_data,,,,,False,False,,0.0
stock,Connplex Cinemas,CONNPLEX.NS,"Film Production, Distribution & Exhibition","Media, Entertainment & Publication",466.9,0.0,13.03,38.91,83.46,51.97,18.03,43.55,,insufficient_data,0,,,,,{},insufficient_data,insufficient_data,,,,,False,False,,0.0
stock,Cineline India,CINELINE.NS,"Film Production, Distribution & Exhibition","Media, Entertainment & Publication",328.61,1.45,-1.21,74.27,59.27,30.87,24.41,10.86,,stage_2,4,85.96,85.04,0.73,0.00383,"{'price_above_30w_ma': True, '30w_ma_rising': True, 'price_above_10w_ma': False, 'relative_strength_positive': True, 'near_52w_high': True}",weakening,weakening,100.54,91.95,-0.21,-5.75,False,False,2026-09-25 ratio=100.75 momentum=97.70; 2026-09-28 ratio=100.77 momentum=95.08; 2026-09-29 ratio=100.82 momentum=96.86; 2026-09-30 ratio=100.62 momentum=97.93; 2026-10-01 ratio=100.54 momentum=91.95,109.16
stock,UFO Moviez,UFO.NS,"Film Production, Distribution & Exhibition","Media, Entertainment & Publication",222.0,0.0,5.64,-13.5,110.69,3.81,9.24,11.19,,not_stage_2,0,56.49,68.0,-2.14,0.00252,"{'price_above_30w_ma': False, '30w_ma_rising': False, 'price_above_10w_ma': False, 'relative_strength_positive': False, 'near_52w_high': False}",lagging,lagging,97.65,97.0,-0.33,0.32,False,False,2026-09-25 ratio=97.97 momentum=96.68; 2026-09-28 ratio=98.13 momentum=96.46; 2026-09-29 ratio=98.35 momentum=102.32; 2026-09-30 ratio=98.12 momentum=99.27; 2026-10-01 ratio=97.65 momentum=97.00,0.0
stock,Tips Films,TIPSFILMS.NS,"Film Production, Distribution & Exhibition","Media, Entertainment & Publication",134.98,0.0,-29.41,-720.46,47.96,-49.71,,-6.69,,not_stage_2,0,315.4,348.39,-1.56,0.01407,"{'price_above_30w_ma': False, '30w_ma_rising': False, 'price_above_10w_ma': False, 'relative_strength_positive': False, 'near_52w_high': False}",improving,leading,99.46,100.5,-0.87,-1.68,False,False,2026-09-25 ratio=100.33 momentum=102.18; 2026-09-28 ratio=100.10 momentum=101.26; 2026-09-29 ratio=100.49 momentum=102.04; 2026-09-30 ratio=99.50 momentum=100.78; 2026-10-01 ratio=99.46 momentum=100.50,2.5
stock,Mukta Arts,MUKTAARTS.NS,"Film Production, Distribution & Exhibition","Media, Entertainment & Publication",123.97,0.0,-2.15,64.7,40.59,10.51,,4.41,,stage_2,4,55.92,55.15,0.23,0.00249,"{'price_above_30w_ma': True, '30w_ma_rising': True, 'price_above_10w_ma': False, 'relative_strength_positive': True, 'near_52w_high': True}",leading,weakening,101.34,101.48,0.63,2.25,True,False,2026-09-25 ratio=100.71 momentum=99.23; 2026-09-28 ratio=101.69 momentum=99.73; 2026-09-29 ratio=101.44 momentum=100.01; 2026-09-30 ratio=101.79 momentum=102.54; 2026-10-01 ratio=101.34 momentum=101.48,149.56
stock,Baweja Studios L,BAWEJA.NS,"Film Production, Distribution & Exhibition","Media, Entertainment & Publication",48.09,0.0,4.57,-13.28,33.44,-22.93,7.91,7.94,,not_stage_2,2,26.5,28.2,-2.52,0.00118,"{'price_above_30w_ma': False, '30w_ma_rising': False, 'price_above_10w_ma': True, 'relative_strength_positive': True, 'near_52w_high': False}",leading,leading,101.73,103.08,0.68,0.62,False,False,2026-09-25 ratio=101.05 momentum=102.46; 2026-09-28 ratio=101.05 momentum=101.85; 2026-09-29 ratio=101.12 momentum=102.30; 2026-09-30 ratio=101.02 momentum=102.27; 2026-10-01 ratio=101.73 momentum=103.08,84.05
stock,Metro Brands,METROBRAND.NS,Footwear,Consumer Durables,22149.69,0.74,95.26,-4.79,720.36,14.66,54.5,20.12,,not_stage_2,0,833.5,987.58,-1.8,0.03717,"{'price_above_30w_ma': False, '30w_ma_rising': False, 'price_above_10w_ma': False, 'relative_strength_positive': False, 'near_52w_high': False}",lagging,lagging,98.56,96.43,-0.43,-1.3,False,False,2026-09-25 ratio=98.99 momentum=97.73; 2026-09-28 ratio=99.17 momentum=98.63; 2026-09-29 ratio=99.19 momentum=97.87; 2026-09-30 ratio=98.57 momentum=96.63; 2026-10-01 ratio=98.56 momentum=96.43,0.0
stock,Bata India,BATAINDIA.NS,Footwear,Consumer Durables,7853.68,4.09,63.98,15.88,978.95,3.94,45.18,12.74,,not_stage_2,0,613.0,689.27,-3.13,0.02734,"{'price_above_30w_ma': False, '30w_ma_rising': False, 'price_above_10w_ma': False, 'relative_strength_positive': False, 'near_52w_high': False}",improving,lagging,98.9,102.23,0.3,3.15,False,True,2026-09-25 ratio=98.60 momentum=99.08; 2026-09-28 ratio=98.85 momentum=100.80; 2026-09-29 ratio=98.79 momentum=100.50; 2026-09-30 ratio=98.88 momentum=103.60; 2026-10-01 ratio=98.90 momentum=102.23,11.15
stock,Relaxo Footwear,RELAXO.NS,Footwear,Consumer Durables,7018.82,1.24,54.94,12.35,705.05,7.73,37.88,11.18,,not_stage_2,0,285.35,336.61,-1.84,0.01273,"{'price_above_30w_ma': False, '30w_ma_rising': False, 'price_above_10w_ma': False, 'relative_strength_positive': False, 'near_52w_high': False}",improving,improving,98.57,101.29,0.17,-0.3,False,False,2026-09-25 ratio=98.39 momentum=101.59; 2026-09-28 ratio=98.41 momentum=101.16; 2026-09-29 ratio=98.51 momentum=101.47; 2026-09-30 ratio=98.60 momentum=102.00; 2026-10-01 ratio=98.57 momentum=101.29,6.45
stock,Redtape,REDTAPE.NS,Footwear,Consumer Durables,6293.71,1.76,44.48,15.23,481.28,3.65,25.54,24.48,,not_stage_2,1,115.29,126.86,-0.67,0.00514,"{'price_above_30w_ma': False, '30w_ma_rising': False, 'price_above_10w_ma': False, 'relative_strength_positive': False, 'near_52w_high': True}",improving,leading,99.82,100.94,-0.36,-2.3,False,False,2026-09-25 ratio=100.17 momentum=103.24; 2026-09-28 ratio=100.39 momentum=103.14; 2026-09-29 ratio=99.92 momentum=100.18; 2026-09-30 ratio=100.10 momentum=101.86; 2026-10-01 ratio=99.82 momentum=100.94,24.7
stock,Campus Activewe.,CAMPUS.NS,Footwear,Consumer Durables,6239.53,0.73,26.14,17.75,385.2,12.21,40.51,21.22,,not_stage_2,0,205.83,231.12,-2.8,0.00918,"{'price_above_30w_ma': False, '30w_ma_rising': False, 'price_above_10w_ma': False, 'relative_strength_positive': False, 'near_52w_high': False}",leading,improving,100.18,101.14,0.78,0.7,True,False,2026-09-25 ratio=99.40 momentum=100.44; 2026-09-28 ratio=100.79 momentum=102.27; 2026-09-29 ratio=100.58 momentum=101.15; 2026-09-30 ratio=100.56 momentum=101.77; 2026-10-01 ratio=100.18 momentum=101.14,36.6
stock,Sreeleathers,SREEL.NS,Footwear,Consumer Durables,673.35,0.69,6.99,138.57,59.63,19.74,20.5,6.97,,stage_2,5,292.6,218.0,6.46,0.01305,"{'price_above_30w_ma': True, '30w_ma_rising': True, 'price_above_10w_ma': True, 'relative_strength_positive': True, 'near_52w_high': True}",weakening,weakening,101.19,98.34,-0.11,3.41,False,False,2026-09-25 ratio=101.30 momentum=94.93; 2026-09-28 ratio=101.30 momentum=96.02; 2026-09-29 ratio=101.10 momentum=94.93; 2026-09-30 ratio=101.05 momentum=96.26; 2026-10-01 ratio=101.19 momentum=98.34,143.87
stock,Liberty Shoes,LIBERTSHOE.NS,Footwear,Consumer Durables,361.96,0.0,0.68,-76.97,169.86,-1.7,42.48,7.91,,not_stage_2,0,216.78,248.8,-1.04,0.00967,"{'price_above_30w_ma': False, '30w_ma_rising': False, 'price_above_10w_ma': False, 'relative_strength_positive': False, 'near_52w_high': False}",improving,improving,99.07,101.61,-0.91,-0.15,False,False,2026-09-25 ratio=99.98 momentum=101.76; 2026-09-28 ratio=99.51 momentum=101.03; 2026-09-29 ratio=99.54 momentum=101.75; 2026-09-30 ratio=99.25 momentum=101.52; 2026-10-01 ratio=99.07 momentum=101.61,8.05
stock,Brandman Retail,BRANDMAN.NS,Footwear,Consumer Durables,295.31,0.0,4.76,1152.63,45.19,287.56,9.95,36.81,,insufficient_data,0,,,,,{},insufficient_data,insufficient_data,,,,,False,False,,0.0
stock,Khadim India,KHADIM.NS,Footwear,Consumer Durables,212.09,0.0,0.52,-39.53,77.84,-18.66,47.03,7.79,,not_stage_2,3,113.4,103.82,-1.23,0.00506,"{'price_above_30w_ma': True, '30w_ma_rising': False, 'price_above_10w_ma': True, 'relative_strength_positive': True, 'near_52w_high': False}",weakening,weakening,100.88,97.34,-0.24,0.95,False,False,2026-09-25 ratio=101.13 momentum=96.39; 2026-09-28 ratio=101.21 momentum=97.63; 2026-09-29 ratio=101.01 momentum=96.60; 2026-09-30 ratio=100.90 momentum=97.55; 2026-10-01 ratio=100.88 momentum=97.34,64.4
stock,ICICI Lombard,ICICIGI.NS,General Insurance,Financial Services,79938.37,0.84,403.17,-46.03,7088.22,10.83,32.92,21.88,,not_stage_2,3,1563.0,1705.72,-3.03,0.06971,"{'price_above_30w_ma': False, '30w_ma_rising': False, 'price_above_10w_ma': True, 'relative_strength_positive': True, 'near_52w_high': True}",leading,leading,101.59,102.29,1.01,-0.14,False,False,2026-09-25 ratio=100.58 momentum=102.43; 2026-09-28 ratio=100.78 momentum=102.39; 2026-09-29 ratio=100.36 momentum=102.16; 2026-09-30 ratio=101.93 momentum=103.25; 2026-10-01 ratio=101.59 momentum=102.29,99.4
stock,General Insuranc,GICRE.NS,General Insurance,Financial Services,55982.9,4.15,1743.67,-31.1,14400.9,-1.52,6.31,17.35,,not_stage_2,1,323.9,368.36,-1.39,0.01445,"{'price_above_30w_ma': False, '30w_ma_rising': False, 'price_above_10w_ma': False, 'relative_strength_positive': False, 'near_52w_high': True}",lagging,lagging,98.87,99.58,-0.43,-0.3,False,False,2026-09-25 ratio=99.30 momentum=99.89; 2026-09-28 ratio=98.69 momentum=96.99; 2026-09-29 ratio=97.19 momentum=97.79; 2026-09-30 ratio=99.76 momentum=100.76; 2026-10-01 ratio=98.87 momentum=99.58,20.0
stock,Star Health Insu,STARHEALTH.NS,General Insurance,Financial Services,31506.08,0.0,549.73,25.46,5522.07,13.15,37.32,9.69,,not_stage_2,3,537.7,538.27,2.28,0.02398,"{'price_above_30w_ma': False, '30w_ma_rising': True, 'price_above_10w_ma': False, 'relative_strength_positive': True, 'near_52w_high': True}",leading,weakening,100.17,100.21,-0.28,0.81,False,False,2026-09-25 ratio=100.45 momentum=99.40; 2026-09-28 ratio=100.74 momentum=101.06; 2026-09-29 ratio=99.46 momentum=101.12; 2026-09-30 ratio=99.37 momentum=100.69; 2026-10-01 ratio=100.17 momentum=100.21,86.46
stock,New India Assura,NIACL.NS,General Insurance,Financial Services,26097.73,0.95,-239.15,-160.61,11899.69,1.54,33.92,4.29,,not_stage_2,1,160.21,169.1,2.77,0.00715,"{'price_above_30w_ma': False, '30w_ma_rising': True, 'price_above_10w_ma': False, 'relative_strength_positive': False, 'near_52w_high': False}",lagging,lagging,99.09,95.96,-0.79,-0.66,False,False,2026-09-25 ratio=99.88 momentum=96.62; 2026-09-28 ratio=99.59 momentum=95.94; 2026-09-29 ratio=99.51 momentum=97.83; 2026-09-30 ratio=99.47 momentum=98.24; 2026-10-01 ratio=99.09 momentum=95.96,25.54
stock,Go Digit General,GODIGIT.NS,General Insurance,Financial Services,23688.38,0.0,86.39,-37.55,2427.02,8.54,48.11,13.1,,not_stage_2,1,256.3,292.7,-3.53,0.01143,"{'price_above_30w_ma': False, '30w_ma_rising': False, 'price_above_10w_ma': False, 'relative_strength_positive': True, 'near_52w_high': False}",leading,leading,102.0,101.61,1.59,-0.41,False,False,2026-09-25 ratio=100.41 momentum=102.01; 2026-09-28 ratio=102.03 momentum=102.49; 2026-09-29 ratio=100.97 momentum=101.31; 2026-09-30 ratio=102.06 momentum=102.08; 2026-10-01 ratio=102.00 momentum=101.61,58.05
stock,Niva Bupa Health,NIVABUPA.NS,General Insurance,Financial Services,14026.44,0.0,137.8,92.89,2471.26,27.93,80.5,3.15,,not_stage_2,2,72.98,80.62,0.41,0.00325,"{'price_above_30w_ma': False, '30w_ma_rising': True, 'price_above_10w_ma': False, 'relative_strength_positive': False, 'near_52w_high': True}",lagging,lagging,97.92,98.29,-0.48,-1.27,False,False,2026-09-25 ratio=98.40 momentum=99.56; 2026-09-28 ratio=98.34 momentum=98.90; 2026-09-29 ratio=97.36 momentum=95.96; 2026-09-30 ratio=98.39 momentum=98.83; 2026-10-01 ratio=97.92 momentum=98.29,40.82
stock,LG Electronics,LGEINDIA.NS,Household Appliances,Consumer Durables,120203.8,0.0,652.86,27.2,7233.35,15.49,65.88,32.27,,stage_2,5,1721.8,1576.58,1.18,0.07679,"{'price_above_30w_ma': True, '30w_ma_rising': True, 'price_above_10w_ma': True, 'relative_strength_positive': True, 'near_52w_high': True}",leading,leading,102.04,101.66,0.01,-0.32,False,False,2026-09-25 ratio=102.04 momentum=101.97; 2026-09-28 ratio=102.27 momentum=102.82; 2026-09-29 ratio=102.25 momentum=102.20; 2026-09-30 ratio=102.02 momentum=102.22; 2026-10-01 ratio=102.04 momentum=101.66,165.86
stock,Voltas,VOLTAS.NS,Household Appliances,Consumer Durables,35116.8,0.38,212.76,52.19,4673.5,18.66,75.2,9.04,,not_stage_2,0,1053.2,1282.3,-4.15,0.04697,"{'price_above_30w_ma': False, '30w_ma_rising': False, 'price_above_10w_ma': False, 'relative_strength_positive': False, 'near_52w_high': False}",lagging,improving,98.42,99.26,-0.38,-1.39,False,False,2026-09-25 ratio=98.80 momentum=100.65; 2026-09-28 ratio=99.43 momentum=101.76; 2026-09-29 ratio=98.72 momentum=100.09; 2026-09-30 ratio=98.49 momentum=99.72; 2026-10-01 ratio=98.42 momentum=99.26,0.0
stock,Blue Star,BLUESTARCO.NS,Household Appliances,Consumer Durables,31047.83,0.56,102.51,-21.03,3377.92,13.27,58.67,21.24,,not_stage_2,1,1459.6,1627.72,-3.44,0.0651,"{'price_above_30w_ma': False, '30w_ma_rising': False, 'price_above_10w_ma': False, 'relative_strength_positive': True, 'near_52w_high': False}",weakening,leading,100.19,99.56,-0.7,-3.93,False,False,2026-09-25 ratio=100.89 momentum=103.49; 2026-09-28 ratio=101.37 momentum=102.22; 2026-09-29 ratio=100.84 momentum=102.61; 2026-09-30 ratio=100.82 momentum=102.34; 2026-10-01 ratio=100.19 momentum=99.56,20.95
stock,Amber Enterp.,AMBER.NS,Household Appliances,Consumer Durables,23223.82,0.0,3.09,-3.37,3887.72,12.72,112.55,10.29,,not_stage_2,0,6500.0,7426.2,-1.5,0.28989,"{'price_above_30w_ma': False, '30w_ma_rising': False, 'price_above_10w_ma': False, 'relative_strength_positive': False, 'near_52w_high': False}",lagging,lagging,98.15,97.92,-1.28,0.56,False,False,2026-09-25 ratio=99.43 momentum=97.36; 2026-09-28 ratio=100.26 momentum=100.44; 2026-09-29 ratio=98.13 momentum=97.48; 2026-09-30 ratio=98.76 momentum=99.50; 2026-10-01 ratio=98.15 momentum=97.92,0.0
stock,Crompton Gr. Con,CROMPTON.NS,Household Appliances,Consumer Durables,13618.8,1.42,140.32,12.12,2022.47,11.2,30.0,18.98,,not_stage_2,0,202.7,253.94,-2.05,0.00904,"{'price_above_30w_ma': False, '30w_ma_rising': False, 'price_above_10w_ma': False, 'relative_strength_positive': False, 'near_52w_high': False}",lagging,lagging,97.92,97.31,-0.58,-0.94,False,False,2026-09-25 ratio=98.50 momentum=98.25; 2026-09-28 ratio=98.91 momentum=99.51; 2026-09-29 ratio=98.30 momentum=96.96; 2026-09-30 ratio=98.21 momentum=98.54; 2026-10-01 ratio=97.92 momentum=97.31,0.0
stock,V-Guard Industri,VGUARD.NS,Household Appliances,Consumer Durables,12956.71,0.51,130.25,76.37,1810.65,23.5,34.09,18.38,,not_stage_2,1,294.55,316.44,-0.18,0.01314,"{'price_above_30w_ma': False, '30w_ma_rising': False, 'price_above_10w_ma': False, 'relative_strength_positive': False, 'near_52w_high': True}",lagging,lagging,99.41,96.25,-0.2,-0.73,False,False,2026-09-25 ratio=99.61 momentum=96.97; 2026-09-28 ratio=100.09 momentum=98.45; 2026-09-29 ratio=100.10 momentum=98.29; 2026-09-30 ratio=99.40 momentum=96.77; 2026-10-01 ratio=99.41 momentum=96.25,20.0
stock,Whirlpool India,WHIRLPOOL.NS,Household Appliances,Consumer Durables,11060.05,0.57,102.88,-29.4,2726.75,12.1,40.57,10.67,,not_stage_2,3,861.65,826.74,-1.53,0.03843,"{'price_above_30w_ma': True, '30w_ma_rising': False, 'price_above_10w_ma': True, 'relative_strength_positive': True, 'near_52w_high': False}",leading,leading,102.12,101.56,-2.12,0.38,False,False,2026-09-25 ratio=104.23 momentum=101.18; 2026-09-28 ratio=103.78 momentum=101.51; 2026-09-29 ratio=102.84 momentum=101.15; 2026-09-30 ratio=102.68 momentum=101.57; 2026-10-01 ratio=102.12 momentum=101.56,98.4
stock,TTK Prestige,TTKPRESTIG.NS,Household Appliances,Consumer Durables,7025.69,1.46,58.97,103.94,813.85,33.57,33.95,12.1,,not_stage_2,2,506.4,548.91,0.06,0.02259,"{'price_above_30w_ma': False, '30w_ma_rising': True, 'price_above_10w_ma': False, 'relative_strength_positive': False, 'near_52w_high': True}",improving,improving,98.85,100.17,0.09,-2.4,False,False,2026-09-25 ratio=98.76 momentum=102.58; 2026-09-28 ratio=98.74 momentum=102.19; 2026-09-29 ratio=99.33 momentum=102.34; 2026-09-30 ratio=98.95 momentum=100.80; 2026-10-01 ratio=98.85 momentum=100.17,40.97
stock,Eureka Forbes,EUREKAFORB.NS,Household Appliances,Consumer Durables,6619.53,0.0,55.44,6.98,700.77,15.31,33.1,5.86,,not_stage_2,0,352.5,449.19,-3.13,0.01572,"{'price_above_30w_ma': False, '30w_ma_rising': False, 'price_above_10w_ma': False, 'relative_strength_positive': False, 'near_52w_high': False}",lagging,lagging,98.08,98.1,0.06,-1.23,False,False,2026-09-25 ratio=98.02 momentum=99.33; 2026-09-28 ratio=97.96 momentum=99.20; 2026-09-29 ratio=98.18 momentum=98.34; 2026-09-30 ratio=98.23 momentum=98.51; 2026-10-01 ratio=98.08 momentum=98.10,0.0
stock,Bosch Home Comfort,BOSCH-HCIL.NS,Household Appliances,Consumer Durables,5433.11,1.8,22.79,29.34,1095.52,28.49,269.1,4.78,,stage_2,5,1967.2,1459.53,3.89,0.08774,"{'price_above_30w_ma': True, '30w_ma_rising': True, 'price_above_10w_ma': True, 'relative_strength_positive': True, 'near_52w_high': True}",leading,leading,102.27,102.92,0.86,0.55,False,False,2026-09-25 ratio=101.41 momentum=102.36; 2026-09-28 ratio=101.46 momentum=101.81; 2026-09-29 ratio=102.14 momentum=103.03; 2026-09-30 ratio=101.78 momentum=102.07; 2026-10-01 ratio=102.27 momentum=102.92,178.73
stock,Adani Total Gas,ATGL.NS,LPG/CNG/PNG/LNG Supplier,"Oil, Gas & Consumable Fuels",64146.42,0.04,133.03,-17.97,1743.48,27.1,105.55,15.09,,not_stage_2,2,583.05,645.63,2.2,0.026,"{'price_above_30w_ma': False, '30w_ma_rising': True, 'price_above_10w_ma': False, 'relative_strength_positive': False, 'near_52w_high': True}",improving,improving,99.29,101.32,-0.39,0.16,False,False,2026-09-25 ratio=99.68 momentum=101.16; 2026-09-28 ratio=99.36 momentum=100.98; 2026-09-29 ratio=99.14 momentum=101.05; 2026-09-30 ratio=99.60 momentum=101.68; 2026-10-01 ratio=99.29 momentum=101.32,51.0
stock,Petronet LNG,PETRONET.NS,LPG/CNG/PNG/LNG Supplier,"Oil, Gas & Consumable Fuels",43500.0,3.45,1137.14,35.07,5557.84,-53.22,10.34,22.55,,not_stage_2,3,285.5,277.24,-0.7,0.01273,"{'price_above_30w_ma': True, '30w_ma_rising': False, 'price_above_10w_ma': False, 'relative_strength_positive': True, 'near_52w_high': True}",leading,weakening,101.9,101.65,0.53,2.85,True,False,2026-09-25 ratio=101.37 momentum=98.79; 2026-09-28 ratio=102.13 momentum=101.18; 2026-09-29 ratio=101.40 momentum=99.53; 2026-09-30 ratio=101.63 momentum=101.12; 2026-10-01 ratio=101.90 momentum=101.65,107.75
stock,Gujarat Energy,GUJENERGY.NS,LPG/CNG/PNG/LNG Supplier,"Oil, Gas & Consumable Fuels",21781.03,3.83,1007.4,69.8,9544.98,63.12,11.14,11.73,,not_stage_2,0,230.07,318.56,-6.65,0.01026,"{'price_above_30w_ma': False, '30w_ma_rising': False, 'price_above_10w_ma': False, 'relative_strength_positive': False, 'near_52w_high': False}",improving,lagging,98.7,101.05,0.32,3.59,False,True,2026-09-25 ratio=98.38 momentum=97.47; 2026-09-28 ratio=98.71 momentum=101.58; 2026-09-29 ratio=98.99 momentum=100.87; 2026-09-30 ratio=99.22 momentum=101.20; 2026-10-01 ratio=98.70 momentum=101.05,5.25
stock,Indraprastha Gas,IGL.NS,LPG/CNG/PNG/LNG Supplier,"Oil, Gas & Consumable Fuels",19894.02,3.34,237.92,-43.97,4586.73,17.19,14.62,17.52,,not_stage_2,1,142.79,155.89,-1.57,0.00637,"{'price_above_30w_ma': False, '30w_ma_rising': False, 'price_above_10w_ma': False, 'relative_strength_positive': True, 'near_52w_high': False}",weakening,lagging,100.62,99.67,0.85,3.32,False,False,2026-09-25 ratio=99.77 momentum=96.35; 2026-09-28 ratio=100.04 momentum=96.86; 2026-09-29 ratio=99.69 momentum=95.31; 2026-09-30 ratio=101.20 momentum=100.53; 2026-10-01 ratio=100.62 momentum=99.67,23.1
stock,Mahanagar Gas,MGL.NS,LPG/CNG/PNG/LNG Supplier,"Oil, Gas & Consumable Fuels",10309.44,2.87,193.7,-39.39,2371.71,13.95,14.3,17.14,,not_stage_2,2,1045.4,1091.93,-0.69,0.04662,"{'price_above_30w_ma': False, '30w_ma_rising': False, 'price_above_10w_ma': False, 'relative_strength_positive': True, 'near_52w_high': True}",leading,weakening,101.06,101.6,0.35,3.59,True,False,2026-09-25 ratio=100.71 momentum=98.01; 2026-09-28 ratio=100.32 momentum=98.96; 2026-09-29 ratio=100.59 momentum=99.54; 2026-09-30 ratio=101.32 momentum=100.63; 2026-10-01 ratio=101.06 momentum=101.60,83.3
stock,GSPL Transmission,GSPLTRANS.NS,LPG/CNG/PNG/LNG Supplier,"Oil, Gas & Consumable Fuels",4075.99,0.0,,,,,,,,insufficient_data,0,,,,,{},insufficient_data,insufficient_data,,,,,False,False,,0.0
stock,Confidence Petro,CONFIPET.NS,LPG/CNG/PNG/LNG Supplier,"Oil, Gas & Consumable Fuels",2863.25,0.12,62.55,207.04,2408.53,116.6,21.27,9.23,,stage_2,5,86.05,68.05,12.69,0.00384,"{'price_above_30w_ma': True, '30w_ma_rising': True, 'price_above_10w_ma': True, 'relative_strength_positive': True, 'near_52w_high': True}",weakening,weakening,101.41,98.48,-0.21,0.94,False,False,2026-09-25 ratio=101.62 momentum=97.55; 2026-09-28 ratio=101.37 momentum=96.26; 2026-09-29 ratio=101.56 momentum=98.38; 2026-09-30 ratio=101.67 momentum=98.94; 2026-10-01 ratio=101.41 momentum=98.48,157.43
stock,IRM Energy,IRMENERGY.NS,LPG/CNG/PNG/LNG Supplier,"Oil, Gas & Consumable Fuels",1065.5,0.58,33.81,142.89,325.85,24.13,14.57,8.63,,not_stage_2,1,257.7,262.24,1.79,0.01149,"{'price_above_30w_ma': False, '30w_ma_rising': True, 'price_above_10w_ma': False, 'relative_strength_positive': False, 'near_52w_high': False}",lagging,weakening,99.79,97.27,-0.35,0.57,False,False,2026-09-25 ratio=100.14 momentum=96.69; 2026-09-28 ratio=100.22 momentum=92.54; 2026-09-29 ratio=100.42 momentum=101.69; 2026-09-30 ratio=100.24 momentum=103.61; 2026-10-01 ratio=99.79 momentum=97.27,23.58
stock,Axiom Gas Engi.,AXIOMGAS.NS,LPG/CNG/PNG/LNG Supplier,"Oil, Gas & Consumable Fuels",148.09,0.0,2.24,,21.23,,15.67,32.1,,insufficient_data,0,,,,,{},insufficient_data,insufficient_data,,,,,False,False,,0.0
stock,Life Insurance,LICI.NS,Life Insurance,Financial Services,491705.32,2.57,13584.25,23.98,239865.7,6.76,8.18,35.14,,not_stage_2,2,391.85,408.77,-0.74,0.01748,"{'price_above_30w_ma': False, '30w_ma_rising': False, 'price_above_10w_ma': False, 'relative_strength_positive': True, 'near_52w_high': True}",leading,leading,100.64,102.16,-0.32,-0.03,False,False,2026-09-25 ratio=100.96 momentum=102.19; 2026-09-28 ratio=100.80 momentum=101.71; 2026-09-29 ratio=99.98 momentum=101.34; 2026-09-30 ratio=100.62 momentum=102.61; 2026-10-01 ratio=100.64 momentum=102.16,74.0
stock,SBI Life Insuran,SBILIFE.NS,Life Insurance,Financial Services,171532.1,0.16,724.93,21.97,46336.78,18.82,65.95,14.95,,not_stage_2,2,1721.6,1814.89,-2.18,0.07678,"{'price_above_30w_ma': False, '30w_ma_rising': False, 'price_above_10w_ma': False, 'relative_strength_positive': True, 'near_52w_high': True}",leading,leading,101.07,101.31,0.72,-0.71,False,False,2026-09-25 ratio=100.35 momentum=102.02; 2026-09-28 ratio=100.64 momentum=102.95; 2026-09-29 ratio=100.89 momentum=105.16; 2026-09-30 ratio=100.19 momentum=103.00; 2026-10-01 ratio=101.07 momentum=101.31,71.9
stock,HDFC Life Insur.,HDFCLIFE.NS,Life Insurance,Financial Services,115364.47,0.4,611.19,11.46,33758.51,14.58,58.41,10.3,,not_stage_2,1,534.2,574.83,-3.7,0.02382,"{'price_above_30w_ma': False, '30w_ma_rising': False, 'price_above_10w_ma': False, 'relative_strength_positive': True, 'near_52w_high': False}",weakening,leading,101.94,99.37,1.47,-1.57,False,False,2026-09-25 ratio=100.47 momentum=100.94; 2026-09-28 ratio=101.14 momentum=101.19; 2026-09-29 ratio=100.65 momentum=101.60; 2026-09-30 ratio=100.65 momentum=100.36; 2026-10-01 ratio=101.94 momentum=99.37,29.7
stock,ICICI Pru Life,ICICIPRULI.NS,Life Insurance,Financial Services,66016.42,0.36,623.91,61.94,3185.46,-79.69,41.06,10.14,,not_stage_2,0,448.05,509.51,-4.31,0.01998,"{'price_above_30w_ma': False, '30w_ma_rising': False, 'price_above_10w_ma': False, 'relative_strength_positive': False, 'near_52w_high': False}",lagging,lagging,98.64,98.1,0.3,-1.73,False,False,2026-09-25 ratio=98.34 momentum=99.83; 2026-09-28 ratio=98.67 momentum=99.99; 2026-09-29 ratio=97.57 momentum=99.67; 2026-09-30 ratio=97.84 momentum=99.11; 2026-10-01 ratio=98.64 momentum=98.10,0.0
stock,Max Financial,MFSL.NS,Life Insurance,Financial Services,46521.47,0.0,118.29,36.38,14969.51,16.75,428.75,2.87,,not_stage_2,1,1392.0,1577.43,-2.68,0.06208,"{'price_above_30w_ma': False, '30w_ma_rising': False, 'price_above_10w_ma': False, 'relative_strength_positive': False, 'near_52w_high': True}",lagging,improving,99.17,98.18,-0.43,-1.94,False,False,2026-09-25 ratio=99.60 momentum=100.12; 2026-09-28 ratio=99.83 momentum=100.24; 2026-09-29 ratio=98.62 momentum=99.92; 2026-09-30 ratio=98.35 momentum=98.75; 2026-10-01 ratio=99.17 momentum=98.18,20.0
stock,Canara HSBC,CANHLIFE.NS,Life Insurance,Financial Services,13524.2,0.28,28.14,20.15,4350.86,19.81,102.98,8.35,,not_stage_2,3,143.85,145.09,0.23,0.00642,"{'price_above_30w_ma': False, '30w_ma_rising': True, 'price_above_10w_ma': False, 'relative_strength_positive': True, 'near_52w_high': True}",weakening,weakening,100.4,94.78,-0.59,-4.08,False,False,2026-09-25 ratio=100.99 momentum=98.87; 2026-09-28 ratio=100.83 momentum=98.67; 2026-09-29 ratio=101.27 momentum=98.93; 2026-09-30 ratio=101.14 momentum=97.67; 2026-10-01 ratio=100.40 momentum=94.78,62.46
stock,Container Corpn.,CONCOR.NS,Logistics Solution Provider,Services,33621.62,1.95,268.9,0.08,2159.76,0.28,27.07,12.64,,not_stage_2,1,442.0,485.43,-0.47,0.01971,"{'price_above_30w_ma': False, '30w_ma_rising': False, 'price_above_10w_ma': False, 'relative_strength_positive': False, 'near_52w_high': True}",lagging,lagging,97.99,97.98,-0.07,0.41,False,False,2026-09-25 ratio=98.05 momentum=97.56; 2026-09-28 ratio=97.76 momentum=97.51; 2026-09-29 ratio=97.54 momentum=97.87; 2026-09-30 ratio=98.05 momentum=98.07; 2026-10-01 ratio=97.99 momentum=97.98,20.0
stock,Delhivery,DELHIVERY.NS,Logistics Solution Provider,Services,29994.25,0.0,31.91,-64.95,2930.73,27.76,251.46,1.01,,not_stage_2,1,400.0,455.45,-0.13,0.01784,"{'price_above_30w_ma': False, '30w_ma_rising': False, 'price_above_10w_ma': False, 'relative_strength_positive': False, 'near_52w_high': True}",lagging,lagging,97.87,98.1,-0.6,2.16,False,False,2026-09-25 ratio=98.47 momentum=95.95; 2026-09-28 ratio=97.81 momentum=96.29; 2026-09-29 ratio=98.79 momentum=100.97; 2026-09-30 ratio=98.30 momentum=99.50; 2026-10-01 ratio=97.87 momentum=98.10,20.0
stock,Shadowfax Technologies,SHADOWFAX.NS,Logistics Solution Provider,Services,16965.59,0.0,66.2,624.29,1323.85,66.33,98.51,10.3,,stage_2,5,273.15,203.46,10.46,0.01218,"{'price_above_30w_ma': True, '30w_ma_rising': True, 'price_above_10w_ma': True, 'relative_strength_positive': True, 'near_52w_high': True}",leading,leading,101.7,101.4,-0.44,0.28,False,False,2026-09-25 ratio=102.14 momentum=101.13; 2026-09-28 ratio=101.84 momentum=100.85; 2026-09-29 ratio=102.08 momentum=102.32; 2026-09-30 ratio=102.00 momentum=102.60; 2026-10-01 ratio=101.70 momentum=101.40,181.42
stock,Blue Dart Expres,BLUEDART.NS,Logistics Solution Provider,Services,10712.67,0.55,88.49,81.22,1657.72,14.97,33.05,15.77,,not_stage_2,0,4496.8,5004.86,-2.37,0.20055,"{'price_above_30w_ma': False, '30w_ma_rising': False, 'price_above_10w_ma': False, 'relative_strength_positive': False, 'near_52w_high': False}",lagging,lagging,97.81,97.17,-1.35,-0.65,False,False,2026-09-25 ratio=99.16 momentum=97.82; 2026-09-28 ratio=100.01 momentum=100.65; 2026-09-29 ratio=98.13 momentum=95.99; 2026-09-30 ratio=98.93 momentum=97.48; 2026-10-01 ratio=97.81 momentum=97.17,0.0
stock,Transport Corp.,TCI.NS,Logistics Solution Provider,Services,6751.54,1.14,106.6,-0.75,1248.5,9.58,14.79,19.45,,not_stage_2,1,877.1,926.42,-2.21,0.03912,"{'price_above_30w_ma': False, '30w_ma_rising': False, 'price_above_10w_ma': False, 'relative_strength_positive': True, 'near_52w_high': False}",leading,leading,101.84,102.42,0.87,0.04,False,False,2026-09-25 ratio=100.97 momentum=102.38; 2026-09-28 ratio=100.76 momentum=101.55; 2026-09-29 ratio=101.03 momentum=101.60; 2026-09-30 ratio=101.35 momentum=102.29; 2026-10-01 ratio=101.84 momentum=102.42,61.3
stock,TVS Supply,TVSSCS.NS,Logistics Solution Provider,Services,5615.46,0.0,22.48,-84.26,3335.22,28.66,79.23,10.06,,stage_2,4,128.42,123.71,1.17,0.00573,"{'price_above_30w_ma': True, '30w_ma_rising': True, 'price_above_10w_ma': False, 'relative_strength_positive': True, 'near_52w_high': True}",leading,leading,101.31,102.99,0.35,0.95,False,False,2026-09-25 ratio=100.96 momentum=102.04; 2026-09-28 ratio=101.00 momentum=101.18; 2026-09-29 ratio=101.64 momentum=103.44; 2026-09-30 ratio=101.55 momentum=105.71; 2026-10-01 ratio=101.31 momentum=102.99,148.84
stock,VRL Logistics,VRLLOG.NS,Logistics Solution Provider,Services,4985.7,1.75,80.53,60.93,878.84,18.07,18.65,18.27,,stage_2,4,285.05,258.66,0.4,0.01271,"{'price_above_30w_ma': True, '30w_ma_rising': True, 'price_above_10w_ma': False, 'relative_strength_positive': True, 'near_52w_high': True}",leading,weakening,101.07,101.67,0.21,3.37,True,False,2026-09-25 ratio=100.86 momentum=98.30; 2026-09-28 ratio=100.94 momentum=99.78; 2026-09-29 ratio=100.72 momentum=98.34; 2026-09-30 ratio=101.06 momentum=101.79; 2026-10-01 ratio=101.07 momentum=101.67,149.5
stock,Mahindra Logis.,MAHLOG.NS,Logistics Solution Provider,Services,4038.11,0.61,27.83,335.09,2002.88,23.29,102.48,7.36,,stage_2,5,416.4,385.12,0.03,0.01857,"{'price_above_30w_ma': True, '30w_ma_rising': True, 'price_above_10w_ma': True, 'relative_strength_positive': True, 'near_52w_high': True}",leading,leading,102.32,101.92,-0.65,0.37,False,False,2026-09-25 ratio=102.96 momentum=101.55; 2026-09-28 ratio=103.32 momentum=101.84; 2026-09-29 ratio=103.29 momentum=102.24; 2026-09-30 ratio=103.60 momentum=102.81; 2026-10-01 ratio=102.32 momentum=101.92,166.26
stock,Gateway Distri,GATEWAY.NS,Logistics Solution Provider,Services,2572.67,3.88,51.26,-20.79,549.3,-0.21,10.49,10.82,,not_stage_2,2,51.88,56.09,-1.4,0.00231,"{'price_above_30w_ma': False, '30w_ma_rising': False, 'price_above_10w_ma': False, 'relative_strength_positive': True, 'near_52w_high': True}",leading,improving,100.45,102.62,0.83,1.62,True,False,2026-09-25 ratio=99.62 momentum=101.00; 2026-09-28 ratio=99.78 momentum=101.67; 2026-09-29 ratio=99.70 momentum=101.53; 2026-09-30 ratio=100.20 momentum=103.24; 2026-10-01 ratio=100.45 momentum=102.62,85.35
stock,TCI Express,TCIEXP.NS,Logistics Solution Provider,Services,1899.91,1.42,22.38,6.37,311.95,8.79,20.84,14.63,,not_stage_2,1,504.75,526.01,-1.29,0.02251,"{'price_above_30w_ma': False, '30w_ma_rising': False, 'price_above_10w_ma': False, 'relative_strength_positive': True, 'near_52w_high': False}",leading,lagging,100.05,102.09,1.12,3.76,True,False,2026-09-25 ratio=98.93 momentum=98.33; 2026-09-28 ratio=98.59 momentum=99.49; 2026-09-29 ratio=101.04 momentum=102.80; 2026-09-30 ratio=100.68 momentum=102.58; 2026-10-01 ratio=100.05 momentum=102.09,60.7
stock,Castrol India,CASTROLIND.NS,Lubricants,"Oil, Gas & Consumable Fuels",19733.98,4.39,347.7,42.5,1871.47,25.03,18.3,60.27,,stage_2,5,199.04,185.85,0.71,0.00888,"{'price_above_30w_ma': True, '30w_ma_rising': True, 'price_above_10w_ma': True, 'relative_strength_positive': True, 'near_52w_high': True}",weakening,leading,102.52,99.11,-0.72,-3.01,False,False,2026-09-25 ratio=103.24 momentum=102.12; 2026-09-28 ratio=103.20 momentum=101.96; 2026-09-29 ratio=102.80 momentum=100.15; 2026-09-30 ratio=102.72 momentum=100.35; 2026-10-01 ratio=102.52 momentum=99.11,139.02
stock,Gulf Oil Lubric.,GULFOILLUB.NS,Lubricants,"Oil, Gas & Consumable Fuels",5296.0,4.77,127.52,31.93,1320.36,32.52,13.33,27.23,,stage_2,4,1093.0,1018.1,0.02,0.04875,"{'price_above_30w_ma': True, '30w_ma_rising': True, 'price_above_10w_ma': False, 'relative_strength_positive': True, 'near_52w_high': True}",leading,leading,101.2,101.79,0.34,-0.31,False,False,2026-09-25 ratio=100.85 momentum=102.10; 2026-09-28 ratio=101.25 momentum=102.79; 2026-09-29 ratio=101.19 momentum=102.06; 2026-09-30 ratio=101.71 momentum=102.69; 2026-10-01 ratio=101.20 momentum=101.79,139.99
stock,Savita Oil Tech,SOTL.NS,Lubricants,"Oil, Gas & Consumable Fuels",4985.71,0.69,292.25,395.59,1479.77,49.6,11.67,13.96,,stage_2,5,729.5,536.57,9.63,0.03254,"{'price_above_30w_ma': True, '30w_ma_rising': True, 'price_above_10w_ma': True, 'relative_strength_positive': True, 'near_52w_high': True}",leading,leading,101.74,104.0,0.67,3.57,False,False,2026-09-25 ratio=101.07 momentum=100.44; 2026-09-28 ratio=100.98 momentum=98.06; 2026-09-29 ratio=101.36 momentum=102.34; 2026-09-30 ratio=101.42 momentum=102.41; 2026-10-01 ratio=101.74 momentum=104.00,192.96
stock,Panama Petrochem,PANAMAPET.NS,Lubricants,"Oil, Gas & Consumable Fuels",2917.0,0.62,308.91,624.8,1735.15,150.3,6.09,19.15,,stage_2,5,487.1,386.62,7.3,0.02172,"{'price_above_30w_ma': True, '30w_ma_rising': True, 'price_above_10w_ma': True, 'relative_strength_positive': True, 'near_52w_high': True}",leading,weakening,101.78,103.75,1.21,5.56,True,False,2026-09-25 ratio=100.57 momentum=98.19; 2026-09-28 ratio=100.62 momentum=98.98; 2026-09-29 ratio=101.29 momentum=103.51; 2026-09-30 ratio=101.52 momentum=104.11; 2026-10-01 ratio=101.78 momentum=103.75,197.25
stock,Gandhar Oil Ref.,GANDHAR.NS,Lubricants,"Oil, Gas & Consumable Fuels",2726.43,0.72,205.89,633.09,1731.93,91.81,9.05,13.33,,stage_2,5,282.6,194.31,9.96,0.0126,"{'price_above_30w_ma': True, '30w_ma_rising': True, 'price_above_10w_ma': True, 'relative_strength_positive': True, 'near_52w_high': True}",leading,weakening,102.14,101.8,1.21,4.52,True,False,2026-09-25 ratio=100.93 momentum=97.27; 2026-09-28 ratio=101.14 momentum=97.76; 2026-09-29 ratio=101.72 momentum=102.14; 2026-09-30 ratio=101.96 momentum=102.90; 2026-10-01 ratio=102.14 momentum=101.80,194.62
stock,Veedol Corporat,VEEDOL.NS,Lubricants,"Oil, Gas & Consumable Fuels",2352.94,4.3,77.92,56.88,608.57,18.49,10.7,24.09,,not_stage_2,0,1356.6,1422.57,-0.06,0.0605,"{'price_above_30w_ma': False, '30w_ma_rising': False, 'price_above_10w_ma': False, 'relative_strength_positive': False, 'near_52w_high': False}",leading,weakening,100.1,101.08,0.06,2.16,True,False,2026-09-25 ratio=100.04 momentum=98.92; 2026-09-28 ratio=99.83 momentum=98.41; 2026-09-29 ratio=99.71 momentum=100.00; 2026-09-30 ratio=100.24 momentum=101.88; 2026-10-01 ratio=100.10 momentum=101.08,35.9
stock,GP Petroleums,GULFPETRO.NS,Lubricants,"Oil, Gas & Consumable Fuels",316.61,0.81,21.19,229.04,230.33,45.6,7.28,10.84,,stage_2,5,62.45,43.99,9.84,0.00279,"{'price_above_30w_ma': True, '30w_ma_rising': True, 'price_above_10w_ma': True, 'relative_strength_positive': True, 'near_52w_high': True}",leading,weakening,100.75,100.36,0.32,4.97,True,False,2026-09-25 ratio=100.43 momentum=95.40; 2026-09-28 ratio=100.53 momentum=96.84; 2026-09-29 ratio=100.45 momentum=98.15; 2026-09-30 ratio=100.48 momentum=98.71; 2026-10-01 ratio=100.75 momentum=100.36,180.23
stock,Arabian Petrol.,ARABIAN.NS,Lubricants,"Oil, Gas & Consumable Fuels",105.38,0.0,5.21,3.37,200.25,36.98,9.36,18.46,,stage_2,5,88.0,74.25,2.27,0.00392,"{'price_above_30w_ma': True, '30w_ma_rising': True, 'price_above_10w_ma': True, 'relative_strength_positive': True, 'near_52w_high': True}",leading,leading,101.4,103.58,0.18,2.19,False,False,2026-09-25 ratio=101.21 momentum=101.38; 2026-09-28 ratio=101.58 momentum=103.40; 2026-09-29 ratio=101.32 momentum=103.25; 2026-09-30 ratio=101.33 momentum=102.14; 2026-10-01 ratio=101.40 momentum=103.58,174.44
stock,Sundrex Oil,SOCL.NS,Lubricants,"Oil, Gas & Consumable Fuels",38.17,0.0,2.9,-16.18,67.25,96.29,7.17,21.5,,insufficient_data,0,,,,,{},insufficient_data,insufficient_data,,,,,False,False,,0.0
stock,Venky's (India),VENKEYS.NS,Meat Products including Poultry,Fast Moving Consumer Goods,2314.13,0.61,49.99,215.79,1118.38,29.17,13.34,11.9,,stage_2,5,1613.0,1495.26,2.87,0.07194,"{'price_above_30w_ma': True, '30w_ma_rising': True, 'price_above_10w_ma': True, 'relative_strength_positive': True, 'near_52w_high': True}",weakening,weakening,101.14,98.31,-0.06,0.47,False,False,2026-09-25 ratio=101.20 momentum=97.84; 2026-09-28 ratio=101.21 momentum=94.44; 2026-09-29 ratio=101.21 momentum=93.71; 2026-09-30 ratio=100.79 momentum=95.42; 2026-10-01 ratio=101.14 momentum=98.31,136.44
stock,HMA Agro Inds.,HMAAGRO.NS,Meat Products including Poultry,Fast Moving Consumer Goods,1171.8,0.0,50.51,6158.02,2110.32,87.98,5.46,16.19,,not_stage_2,3,23.47,22.92,-2.18,0.00105,"{'price_above_30w_ma': True, '30w_ma_rising': False, 'price_above_10w_ma': True, 'relative_strength_positive': True, 'near_52w_high': False}",weakening,leading,101.87,97.81,-0.44,-5.24,False,False,2026-09-25 ratio=102.30 momentum=103.04; 2026-09-28 ratio=102.41 momentum=107.19; 2026-09-29 ratio=102.14 momentum=94.88; 2026-09-30 ratio=102.14 momentum=97.73; 2026-10-01 ratio=101.87 momentum=97.81,69.35
stock,SKM Egg Prod.,SKMEGGPROD.NS,Meat Products including Poultry,Fast Moving Consumer Goods,1060.57,0.62,23.82,46.5,184.26,4.87,9.53,30.7,,not_stage_2,1,205.29,225.17,3.36,0.00916,"{'price_above_30w_ma': False, '30w_ma_rising': True, 'price_above_10w_ma': False, 'relative_strength_positive': False, 'near_52w_high': False}",lagging,lagging,98.59,96.96,-0.28,1.58,False,False,2026-09-25 ratio=98.87 momentum=95.38; 2026-09-28 ratio=98.68 momentum=95.73; 2026-09-29 ratio=99.04 momentum=99.96; 2026-09-30 ratio=98.76 momentum=98.32; 2026-10-01 ratio=98.59 momentum=96.96,26.72
stock,Prime Focus,PFOCUS.NS,Media & Entertainment,"Media, Entertainment & Publication",22245.68,0.0,-45.78,-90.56,1266.81,23.81,124.61,11.28,,stage_2,5,301.55,284.03,2.66,0.01345,"{'price_above_30w_ma': True, '30w_ma_rising': True, 'price_above_10w_ma': True, 'relative_strength_positive': True, 'near_52w_high': True}",weakening,weakening,100.73,97.55,-0.35,-1.39,False,False,2026-09-25 ratio=101.08 momentum=98.94; 2026-09-28 ratio=101.22 momentum=99.37; 2026-09-29 ratio=101.30 momentum=98.80; 2026-09-30 ratio=101.24 momentum=98.83; 2026-10-01 ratio=100.73 momentum=97.55,133.97
stock,Saregama India,SAREGAMA.NS,Media & Entertainment,"Media, Entertainment & Publication",9584.56,0.91,51.88,40.64,263.6,27.48,42.0,17.29,,stage_2,4,494.75,439.92,5.23,0.02207,"{'price_above_30w_ma': True, '30w_ma_rising': True, 'price_above_10w_ma': False, 'relative_strength_positive': True, 'near_52w_high': True}",leading,weakening,101.46,102.37,0.86,2.96,True,False,2026-09-25 ratio=100.60 momentum=99.41; 2026-09-28 ratio=100.60 momentum=99.21; 2026-09-29 ratio=101.00 momentum=102.00; 2026-09-30 ratio=102.10 momentum=103.44; 2026-10-01 ratio=101.46 momentum=102.37,164.61
stock,Tips Music,TIPSMUSIC.NS,Media & Entertainment,"Media, Entertainment & Publication",8126.77,2.03,43.7,-4.67,106.51,20.94,37.87,118.47,,stage_2,4,644.2,635.53,2.43,0.02873,"{'price_above_30w_ma': True, '30w_ma_rising': True, 'price_above_10w_ma': False, 'relative_strength_positive': True, 'near_52w_high': True}",leading,leading,101.23,102.03,-0.21,-1.27,False,False,2026-09-25 ratio=101.44 momentum=103.30; 2026-09-28 ratio=101.33 momentum=102.07; 2026-09-29 ratio=100.97 momentum=100.30; 2026-09-30 ratio=101.67 momentum=103.06; 2026-10-01 ratio=101.23 momentum=102.03,146.16
stock,Netwrk.18 Media,NETWORK18.NS,Media & Entertainment,"Media, Entertainment & Publication",3922.85,0.0,-38.36,-2074.55,516.26,10.34,,3.01,,not_stage_2,0,25.43,30.79,-3.49,0.00113,"{'price_above_30w_ma': False, '30w_ma_rising': False, 'price_above_10w_ma': False, 'relative_strength_positive': False, 'near_52w_high': False}",improving,improving,98.73,100.29,-0.42,-1.16,False,False,2026-09-25 ratio=99.16 momentum=101.45; 2026-09-28 ratio=98.77 momentum=100.61; 2026-09-29 ratio=98.78 momentum=101.66; 2026-09-30 ratio=98.95 momentum=102.41; 2026-10-01 ratio=98.73 momentum=100.29,1.45
stock,Balaji Telefilms,BALAJITELE.NS,Media & Entertainment,"Media, Entertainment & Publication",1104.56,0.0,22.39,489.25,240.29,229.93,,-10.07,,not_stage_2,1,90.04,91.92,-1.2,0.00402,"{'price_above_30w_ma': False, '30w_ma_rising': False, 'price_above_10w_ma': False, 'relative_strength_positive': True, 'near_52w_high': False}",weakening,leading,100.93,95.06,-0.38,-5.52,False,False,2026-09-25 ratio=101.30 momentum=100.58; 2026-09-28 ratio=101.53 momentum=102.10; 2026-09-29 ratio=101.11 momentum=95.69; 2026-09-30 ratio=101.05 momentum=99.29; 2026-10-01 ratio=100.93 momentum=95.06,24.65
stock,Basilic Fly Stud,BASILIC.NS,Media & Entertainment,"Media, Entertainment & Publication",462.22,0.0,6.7,-9.37,103.5,9.87,9.6,21.51,,not_stage_2,1,178.45,204.7,-3.77,0.00796,"{'price_above_30w_ma': False, '30w_ma_rising': False, 'price_above_10w_ma': False, 'relative_strength_positive': True, 'near_52w_high': False}",leading,lagging,100.26,101.83,2.45,4.88,True,False,2026-09-25 ratio=97.81 momentum=96.95; 2026-09-28 ratio=98.27 momentum=97.06; 2026-09-29 ratio=99.42 momentum=98.63; 2026-09-30 ratio=99.09 momentum=100.63; 2026-10-01 ratio=100.26 momentum=101.83,60.45
stock,Ent.Network,ENIL.NS,Media & Entertainment,"Media, Entertainment & Publication",437.09,2.18,-6.01,-11.5,113.69,-2.79,327.12,-1.77,,not_stage_2,0,93.36,107.19,-0.94,0.00416,"{'price_above_30w_ma': False, '30w_ma_rising': False, 'price_above_10w_ma': False, 'relative_strength_positive': False, 'near_52w_high': False}",lagging,lagging,98.84,97.1,-0.96,-1.79,False,False,2026-09-25 ratio=99.81 momentum=98.89; 2026-09-28 ratio=99.23 momentum=97.64; 2026-09-29 ratio=99.09 momentum=97.33; 2026-09-30 ratio=99.40 momentum=98.43; 2026-10-01 ratio=98.84 momentum=97.10,0.0
stock,Gretex Industrie,GRETEX.NS,Media & Entertainment,"Media, Entertainment & Publication",331.83,0.0,0.1,-92.09,27.6,43.97,225.73,3.26,,not_stage_2,0,214.0,270.95,-1.38,0.00954,"{'price_above_30w_ma': False, '30w_ma_rising': False, 'price_above_10w_ma': False, 'relative_strength_positive': False, 'near_52w_high': False}",improving,improving,98.8,103.62,0.48,1.24,False,True,2026-09-25 ratio=98.32 momentum=102.38; 2026-09-28 ratio=98.51 momentum=106.36; 2026-09-29 ratio=98.60 momentum=103.34; 2026-09-30 ratio=98.68 momentum=103.59; 2026-10-01 ratio=98.80 momentum=103.62,18.1
stock,Shemaroo Entert.,SHEMAROO.NS,Media & Entertainment,"Media, Entertainment & Publication",317.64,0.0,-8.07,82.43,131.68,-5.62,,-39.34,,stage_2,4,115.21,112.95,2.21,0.00514,"{'price_above_30w_ma': True, '30w_ma_rising': True, 'price_above_10w_ma': False, 'relative_strength_positive': True, 'near_52w_high': True}",improving,leading,99.96,101.44,-1.21,0.22,False,False,2026-09-25 ratio=101.17 momentum=101.22; 2026-09-28 ratio=100.93 momentum=101.11; 2026-09-29 ratio=100.21 momentum=101.47; 2026-09-30 ratio=100.14 momentum=101.33; 2026-10-01 ratio=99.96 momentum=101.44,116.62
stock,Optimystix Entertainment,OPTIMYSTIX.NS,Media & Entertainment,"Media, Entertainment & Publication",309.48,0.0,,,,,12.92,27.26,,insufficient_data,0,,,,,{},insufficient_data,insufficient_data,,,,,False,False,,0.0
stock,Molbio Diagnosti,MOLBIO.NS,Medical Equipment & Supplies,Healthcare,17325.18,0.0,56.63,522.3,399.38,318.99,79.8,17.96,,insufficient_data,0,,,,,{},insufficient_data,insufficient_data,,,,,False,False,,0.0
stock,Poly Medicure,POLYMED.NS,Medical Equipment & Supplies,Healthcare,16416.5,0.22,85.28,-7.57,525.38,30.3,51.3,12.5,,stage_2,4,1638.1,1568.02,3.68,0.07306,"{'price_above_30w_ma': True, '30w_ma_rising': True, 'price_above_10w_ma': False, 'relative_strength_positive': True, 'near_52w_high': True}",weakening,weakening,100.41,98.67,-0.79,-0.09,False,False,2026-09-25 ratio=101.20 momentum=98.76; 2026-09-28 ratio=99.90 momentum=96.09; 2026-09-29 ratio=100.16 momentum=97.75; 2026-09-30 ratio=100.90 momentum=99.94; 2026-10-01 ratio=100.41 momentum=98.67,114.41
stock,Fischer Medical,FISCHER.NS,Medical Equipment & Supplies,Healthcare,2291.69,0.15,3.79,-22.02,81.92,249.49,93.61,11.45,,not_stage_2,0,33.46,37.08,-1.6,0.00149,"{'price_above_30w_ma': False, '30w_ma_rising': False, 'price_above_10w_ma': False, 'relative_strength_positive': False, 'near_52w_high': False}",improving,improving,99.48,102.4,0.29,1.49,False,True,2026-09-25 ratio=99.18 momentum=100.90; 2026-09-28 ratio=99.44 momentum=99.87; 2026-09-29 ratio=99.25 momentum=101.26; 2026-09-30 ratio=99.29 momentum=101.94; 2026-10-01 ratio=99.48 momentum=102.40,12.0
stock,Tarsons Products,TARSONS.NS,Medical Equipment & Supplies,Healthcare,1787.47,0.0,-1.44,-180.9,110.24,20.67,150.97,4.59,,stage_2,5,329.4,260.77,6.87,0.01469,"{'price_above_30w_ma': True, '30w_ma_rising': True, 'price_above_10w_ma': True, 'relative_strength_positive': True, 'near_52w_high': True}",leading,leading,101.47,102.84,0.3,1.81,False,False,2026-09-25 ratio=101.17 momentum=101.04; 2026-09-28 ratio=101.75 momentum=102.05; 2026-09-29 ratio=101.34 momentum=102.00; 2026-09-30 ratio=100.74 momentum=101.67; 2026-10-01 ratio=101.47 momentum=102.84,180.29
stock,Q-Line Biotech,QLINE.NS,Medical Equipment & Supplies,Healthcare,1547.94,0.0,34.41,147.29,197.94,-8.59,27.33,22.45,,insufficient_data,0,,,,,{},insufficient_data,insufficient_data,,,,,False,False,,0.0
stock,Laxmi Dental,LAXMIDENTL.NS,Medical Equipment & Supplies,Healthcare,1048.53,0.0,10.32,22.77,74.7,13.87,30.15,15.05,,not_stage_2,2,193.87,205.92,0.54,0.00865,"{'price_above_30w_ma': False, '30w_ma_rising': True, 'price_above_10w_ma': False, 'relative_strength_positive': True, 'near_52w_high': False}",leading,leading,100.54,102.07,0.36,1.09,False,False,2026-09-25 ratio=100.18 momentum=100.98; 2026-09-28 ratio=99.81 momentum=99.31; 2026-09-29 ratio=99.89 momentum=100.53; 2026-09-30 ratio=99.90 momentum=101.47; 2026-10-01 ratio=100.54 momentum=102.07,74.13
stock,Vasa Denticity,DENTALKART.NS,Medical Equipment & Supplies,Healthcare,806.48,0.0,4.19,45.99,82.17,36.9,66.65,7.54,,not_stage_2,4,459.0,402.44,-1.45,0.02047,"{'price_above_30w_ma': True, '30w_ma_rising': False, 'price_above_10w_ma': True, 'relative_strength_positive': True, 'near_52w_high': True}",leading,leading,103.4,103.1,1.94,0.7,False,False,2026-09-25 ratio=101.46 momentum=102.40; 2026-09-28 ratio=102.46 momentum=103.47; 2026-09-29 ratio=102.89 momentum=103.67; 2026-09-30 ratio=103.78 momentum=103.47; 2026-10-01 ratio=103.40 momentum=103.10,132.5
stock,OSEL Devices,OSELDEVICE.NS,Medical Equipment & Supplies,Healthcare,650.93,0.0,14.06,16.78,145.81,47.1,22.25,24.4,,insufficient_data,0,,,,,{},insufficient_data,insufficient_data,,,,,False,False,,0.0
stock,QMS Medical,QMSMEDI.NS,Medical Equipment & Supplies,Healthcare,359.46,0.27,3.96,24.57,56.87,22.3,33.44,12.92,,stage_2,5,195.67,111.95,12.87,0.00873,"{'price_above_30w_ma': True, '30w_ma_rising': True, 'price_above_10w_ma': True, 'relative_strength_positive': True, 'near_52w_high': True}",weakening,leading,101.73,99.26,-0.4,-4.28,False,False,2026-09-25 ratio=102.14 momentum=103.54; 2026-09-28 ratio=102.41 momentum=103.85; 2026-09-29 ratio=102.55 momentum=102.47; 2026-09-30 ratio=102.09 momentum=101.59; 2026-10-01 ratio=101.73 momentum=99.26,159.39
stock,Nureca,NURECA.NS,Medical Equipment & Supplies,Healthcare,323.52,0.0,3.07,279.01,40.34,18.02,74.54,3.3,,stage_2,5,349.85,283.06,2.91,0.0156,"{'price_above_30w_ma': True, '30w_ma_rising': True, 'price_above_10w_ma': True, 'relative_strength_positive': True, 'near_52w_high': True}",leading,leading,101.93,101.46,-0.06,-0.6,False,False,2026-09-25 ratio=101.99 momentum=102.06; 2026-09-28 ratio=102.74 momentum=103.18; 2026-09-29 ratio=102.61 momentum=103.01; 2026-09-30 ratio=102.75 momentum=102.22; 2026-10-01 ratio=101.93 momentum=101.46,167.77
stock,CreditAcc. Gram.,CREDITACC.NS,Microfinance Institutions,Financial Services,20088.85,0.0,493.39,719.72,1783.49,21.92,16.59,9.98,,not_stage_2,2,1239.0,1364.73,0.8,0.05526,"{'price_above_30w_ma': False, '30w_ma_rising': True, 'price_above_10w_ma': False, 'relative_strength_positive': False, 'near_52w_high': True}",lagging,lagging,98.21,98.95,0.22,0.76,False,False,2026-09-25 ratio=97.99 momentum=98.20; 2026-09-28 ratio=97.76 momentum=97.09; 2026-09-29 ratio=97.43 momentum=96.58; 2026-09-30 ratio=98.44 momentum=97.66; 2026-10-01 ratio=98.21 momentum=98.95,41.6
stock,Muthoot Microfin,MUTHOOTMF.NS,Microfinance Institutions,Financial Services,3007.14,0.0,81.34,1216.18,668.64,19.69,12.25,9.31,,not_stage_2,1,174.09,194.43,0.7,0.00776,"{'price_above_30w_ma': False, '30w_ma_rising': True, 'price_above_10w_ma': False, 'relative_strength_positive': False, 'near_52w_high': False}",improving,lagging,98.73,101.03,0.05,3.11,False,True,2026-09-25 ratio=98.68 momentum=97.92; 2026-09-28 ratio=98.74 momentum=96.41; 2026-09-29 ratio=98.74 momentum=101.58; 2026-09-30 ratio=98.85 momentum=103.84; 2026-10-01 ratio=98.73 momentum=101.03,26.55
stock,Fusion Finance,FUSION.NS,Microfinance Institutions,Financial Services,2714.13,0.0,62.41,167.65,458.17,3.59,16.11,5.92,,not_stage_2,0,171.36,188.12,-0.25,0.00764,"{'price_above_30w_ma': False, '30w_ma_rising': False, 'price_above_10w_ma': False, 'relative_strength_positive': False, 'near_52w_high': False}",lagging,lagging,98.43,98.5,0.09,1.21,False,False,2026-09-25 ratio=98.34 momentum=97.30; 2026-09-28 ratio=98.15 momentum=96.87; 2026-09-29 ratio=98.38 momentum=96.91; 2026-09-30 ratio=98.65 momentum=100.28; 2026-10-01 ratio=98.43 momentum=98.50,0.0
stock,Satin Creditcare,SATIN.NS,Microfinance Institutions,Financial Services,2389.38,0.0,122.65,172.0,762.14,8.39,5.83,13.84,,stage_2,5,227.47,211.8,4.7,0.01014,"{'price_above_30w_ma': True, '30w_ma_rising': True, 'price_above_10w_ma': True, 'relative_strength_positive': True, 'near_52w_high': True}",leading,leading,100.96,102.03,-0.05,-1.59,False,False,2026-09-25 ratio=101.01 momentum=103.62; 2026-09-28 ratio=101.13 momentum=103.11; 2026-09-29 ratio=101.44 momentum=103.01; 2026-09-30 ratio=101.14 momentum=102.35; 2026-10-01 ratio=100.96 momentum=102.03,169.35
stock,Spandana Sphoort,SPANDANA.NS,Microfinance Institutions,Financial Services,1892.63,0.0,11.88,103.3,283.91,-5.51,,-5.78,,not_stage_2,0,216.34,244.45,-1.27,0.00965,"{'price_above_30w_ma': False, '30w_ma_rising': False, 'price_above_10w_ma': False, 'relative_strength_positive': False, 'near_52w_high': False}",lagging,improving,98.89,99.24,-0.24,-1.81,False,False,2026-09-25 ratio=99.13 momentum=101.05; 2026-09-28 ratio=99.55 momentum=102.05; 2026-09-29 ratio=99.51 momentum=102.65; 2026-09-30 ratio=99.12 momentum=100.90; 2026-10-01 ratio=98.89 momentum=99.24,0.0
stock,Bajaj Finance,BAJFINANCE.NS,Non Banking Financial Company (NBFC),Financial Services,603917.57,0.56,6080.6,27.37,23165.45,18.65,29.49,10.87,,not_stage_2,2,948.3,972.36,0.07,0.04229,"{'price_above_30w_ma': False, '30w_ma_rising': True, 'price_above_10w_ma': False, 'relative_strength_positive': False, 'near_52w_high': True}",lagging,lagging,98.15,98.19,-0.51,0.72,False,False,2026-09-25 ratio=98.66 momentum=97.47; 2026-09-28 ratio=98.83 momentum=98.01; 2026-09-29 ratio=98.51 momentum=98.36; 2026-09-30 ratio=98.16 momentum=98.41; 2026-10-01 ratio=98.15 momentum=98.19,40.14
stock,Shriram Finance,SHRIRAMFIN.NS,Non Banking Financial Company (NBFC),Financial Services,228574.79,1.11,3452.77,59.89,13400.43,16.16,20.2,11.49,,not_stage_2,1,945.0,1005.45,-0.77,0.04215,"{'price_above_30w_ma': False, '30w_ma_rising': False, 'price_above_10w_ma': False, 'relative_strength_positive': False, 'near_52w_high': True}",lagging,lagging,98.54,98.2,-0.51,0.94,False,False,2026-09-25 ratio=99.05 momentum=97.26; 2026-09-28 ratio=98.97 momentum=96.69; 2026-09-29 ratio=98.90 momentum=101.20; 2026-09-30 ratio=99.38 momentum=105.36; 2026-10-01 ratio=98.54 momentum=98.20,20.0
stock,Cholaman.Inv.&Fn,CHOLAFIN.NS,Non Banking Financial Company (NBFC),Financial Services,137159.74,0.12,1656.22,45.56,8856.29,21.87,23.85,9.71,,not_stage_2,2,1580.0,1669.03,0.31,0.07047,"{'price_above_30w_ma': False, '30w_ma_rising': True, 'price_above_10w_ma': False, 'relative_strength_positive': False, 'near_52w_high': True}",lagging,lagging,97.55,97.65,-0.32,1.43,False,False,2026-09-25 ratio=97.87 momentum=96.22; 2026-09-28 ratio=97.92 momentum=96.34; 2026-09-29 ratio=97.95 momentum=97.06; 2026-09-30 ratio=97.99 momentum=97.91; 2026-10-01 ratio=97.55 momentum=97.65,40.62
stock,Tata Capital,TATACAP.NS,Non Banking Financial Company (NBFC),Financial Services,134817.04,0.18,1628.18,56.32,8821.93,15.1,24.8,8.58,,not_stage_2,2,319.3,339.83,0.22,0.01424,"{'price_above_30w_ma': False, '30w_ma_rising': True, 'price_above_10w_ma': False, 'relative_strength_positive': False, 'near_52w_high': True}",lagging,lagging,97.95,97.72,-1.06,0.57,False,False,2026-09-25 ratio=99.02 momentum=97.15; 2026-09-28 ratio=98.34 momentum=95.40; 2026-09-29 ratio=98.84 momentum=95.97; 2026-09-30 ratio=98.60 momentum=98.38; 2026-10-01 ratio=97.95 momentum=97.72,40.44
stock,Muthoot Finance,MUTHOOTFIN.NS,Non Banking Financial Company (NBFC),Financial Services,109054.9,1.1,2824.84,38.83,8671.6,34.44,9.59,15.8,,not_stage_2,0,2697.1,3139.75,-2.56,0.12029,"{'price_above_30w_ma': False, '30w_ma_rising': False, 'price_above_10w_ma': False, 'relative_strength_positive': False, 'near_52w_high': False}",improving,leading,99.57,102.94,-0.48,1.51,False,False,2026-09-25 ratio=100.05 momentum=101.43; 2026-09-28 ratio=99.72 momentum=101.60; 2026-09-29 ratio=99.57 momentum=102.68; 2026-09-30 ratio=99.72 momentum=102.28; 2026-10-01 ratio=99.57 momentum=102.94,14.7
stock,L&T Finance Ltd,LTF.NS,Non Banking Financial Company (NBFC),Financial Services,66106.35,1.04,915.99,28.72,5212.92,22.38,20.64,8.4,,not_stage_2,2,264.35,290.65,0.36,0.01179,"{'price_above_30w_ma': False, '30w_ma_rising': True, 'price_above_10w_ma': False, 'relative_strength_positive': False, 'near_52w_high': True}",lagging,lagging,97.15,98.51,-0.32,0.8,False,False,2026-09-25 ratio=97.47 momentum=97.71; 2026-09-28 ratio=97.81 momentum=98.13; 2026-09-29 ratio=96.79 momentum=98.53; 2026-09-30 ratio=96.61 momentum=98.79; 2026-10-01 ratio=97.15 momentum=98.51,40.72
stock,SBI Cards,SBICARD.NS,Non Banking Financial Company (NBFC),Financial Services,53863.04,0.44,664.44,19.51,5040.55,3.36,23.67,10.1,,not_stage_2,0,563.2,639.99,-2.85,0.02512,"{'price_above_30w_ma': False, '30w_ma_rising': False, 'price_above_10w_ma': False, 'relative_strength_positive': False, 'near_52w_high': False}",lagging,lagging,97.7,97.42,-1.53,1.45,False,False,2026-09-25 ratio=99.23 momentum=95.98; 2026-09-28 ratio=98.57 momentum=96.18; 2026-09-29 ratio=98.11 momentum=97.97; 2026-09-30 ratio=98.18 momentum=98.45; 2026-10-01 ratio=97.70 momentum=97.42,0.0
stock,HDB FINANC SER,HDBFS.NS,Non Banking Financial Company (NBFC),Financial Services,51721.11,0.64,785.2,38.31,4937.9,10.58,18.73,9.09,,not_stage_2,1,618.2,672.69,-0.84,0.02757,"{'price_above_30w_ma': False, '30w_ma_rising': False, 'price_above_10w_ma': False, 'relative_strength_positive': False, 'near_52w_high': True}",lagging,lagging,98.59,97.77,-0.6,-0.65,False,False,2026-09-25 ratio=99.19 momentum=98.42; 2026-09-28 ratio=99.17 momentum=98.95; 2026-09-29 ratio=98.85 momentum=98.40; 2026-09-30 ratio=98.37 momentum=97.53; 2026-10-01 ratio=98.59 momentum=97.77,20.0
stock,Sundaram Finance,SUNDARMFIN.NS,Non Banking Financial Company (NBFC),Financial Services,47423.57,0.94,636.19,33.88,2644.13,12.57,20.82,9.44,,not_stage_2,2,4395.9,4582.1,-2.13,0.19605,"{'price_above_30w_ma': False, '30w_ma_rising': False, 'price_above_10w_ma': False, 'relative_strength_positive': True, 'near_52w_high': True}",weakening,weakening,100.67,98.34,0.1,1.51,False,False,2026-09-25 ratio=100.58 momentum=96.83; 2026-09-28 ratio=100.65 momentum=97.17; 2026-09-29 ratio=99.91 momentum=96.38; 2026-09-30 ratio=100.15 momentum=97.41; 2026-10-01 ratio=100.67 momentum=98.34,43.35
stock,Authum Invest,AIIL.NS,Non Banking Financial Company (NBFC),Financial Services,46843.28,0.02,1114.81,18.43,1448.22,19.65,22.38,13.63,,stage_2,4,539.3,514.63,1.95,0.02405,"{'price_above_30w_ma': True, '30w_ma_rising': True, 'price_above_10w_ma': False, 'relative_strength_positive': True, 'near_52w_high': True}",leading,leading,101.38,105.59,-0.41,1.29,False,False,2026-09-25 ratio=101.79 momentum=104.30; 2026-09-28 ratio=101.58 momentum=101.11; 2026-09-29 ratio=101.23 momentum=101.35; 2026-09-30 ratio=101.59 momentum=102.74; 2026-10-01 ratio=101.38 momentum=105.59,163.75
stock,Dolphin Offshore,DOLPHIN.NS,Offshore Support Solution Drilling,"Oil, Gas & Consumable Fuels",2484.28,0.0,14.81,30.71,42.85,160.64,34.49,14.92,,stage_2,5,628.1,459.83,7.17,0.02801,"{'price_above_30w_ma': True, '30w_ma_rising': True, 'price_above_10w_ma': True, 'relative_strength_positive': True, 'near_52w_high': True}",weakening,weakening,100.79,97.56,-0.45,-0.24,False,False,2026-09-25 ratio=101.24 momentum=97.79; 2026-09-28 ratio=100.98 momentum=97.49; 2026-09-29 ratio=100.98 momentum=97.77; 2026-09-30 ratio=100.85 momentum=98.47; 2026-10-01 ratio=100.79 momentum=97.56,143.29
stock,Jindal Drilling,JINDRILL.NS,Offshore Support Solution Drilling,"Oil, Gas & Consumable Fuels",1698.08,0.17,47.14,-28.69,275.39,8.38,8.72,13.67,,stage_2,4,587.65,578.61,2.84,0.02621,"{'price_above_30w_ma': True, '30w_ma_rising': True, 'price_above_10w_ma': False, 'relative_strength_positive': True, 'near_52w_high': True}",leading,lagging,100.35,101.44,0.38,5.01,True,False,2026-09-25 ratio=99.97 momentum=96.43; 2026-09-28 ratio=101.43 momentum=100.49; 2026-09-29 ratio=100.58 momentum=100.54; 2026-09-30 ratio=100.66 momentum=101.07; 2026-10-01 ratio=100.35 momentum=101.44,149.63
stock,Alphageo (India),ALPHAGEO.NS,Offshore Support Solution Drilling,"Oil, Gas & Consumable Fuels",162.14,1.96,14.86,1660.49,82.13,101.1,,-7.2,,not_stage_2,3,258.2,232.79,4.86,0.01152,"{'price_above_30w_ma': True, '30w_ma_rising': True, 'price_above_10w_ma': False, 'relative_strength_positive': False, 'near_52w_high': True}",lagging,weakening,99.8,97.35,-0.51,2.09,False,False,2026-09-25 ratio=100.31 momentum=95.26; 2026-09-28 ratio=100.07 momentum=95.55; 2026-09-29 ratio=99.82 momentum=96.24; 2026-09-30 ratio=99.75 momentum=96.97; 2026-10-01 ratio=99.80 momentum=97.35,69.72
stock,Aban Offshore,ABAN.NS,Offshore Support Solution Drilling,"Oil, Gas & Consumable Fuels",94.08,0.0,83.72,133.12,165.26,44.43,,,,not_stage_2,1,15.36,17.4,-4.56,0.00069,"{'price_above_30w_ma': False, '30w_ma_rising': False, 'price_above_10w_ma': False, 'relative_strength_positive': True, 'near_52w_high': False}",leading,lagging,100.35,102.58,1.32,4.2,True,False,2026-09-25 ratio=99.03 momentum=98.38; 2026-09-28 ratio=99.32 momentum=99.96; 2026-09-29 ratio=99.53 momentum=100.55; 2026-09-30 ratio=99.76 momentum=100.97; 2026-10-01 ratio=100.35 momentum=102.58,64.65
stock,Aakash Explor.,AAKASH.NS,Offshore Support Solution Drilling,"Oil, Gas & Consumable Fuels",85.46,0.0,0.52,-3.7,27.89,16.89,24.56,7.63,,not_stage_2,3,8.34,8.8,0.25,0.00037,"{'price_above_30w_ma': False, '30w_ma_rising': True, 'price_above_10w_ma': False, 'relative_strength_positive': True, 'near_52w_high': True}",weakening,weakening,100.16,98.05,-1.34,0.45,False,False,2026-09-25 ratio=101.50 momentum=97.60; 2026-09-28 ratio=101.51 momentum=97.85; 2026-09-29 ratio=100.73 momentum=98.32; 2026-09-30 ratio=100.26 momentum=98.36; 2026-10-01 ratio=100.16 momentum=98.05,61.3
stock,Deep Industries,DEEPINDS.NS,Oil Equipment & Services,"Oil, Gas & Consumable Fuels",4781.12,0.33,89.14,45.12,278.92,39.81,11.53,16.47,,stage_2,5,749.0,545.06,10.9,0.0334,"{'price_above_30w_ma': True, '30w_ma_rising': True, 'price_above_10w_ma': True, 'relative_strength_positive': True, 'near_52w_high': True}",weakening,weakening,101.16,99.95,-0.22,2.25,False,False,2026-09-25 ratio=101.38 momentum=97.70; 2026-09-28 ratio=101.33 momentum=97.41; 2026-09-29 ratio=101.45 momentum=101.54; 2026-09-30 ratio=101.18 momentum=99.69; 2026-10-01 ratio=101.16 momentum=99.95,152.6
stock,Asian Energy,ASIANENE.NS,Oil Equipment & Services,"Oil, Gas & Consumable Fuels",2231.91,0.27,12.76,115.5,271.19,135.06,34.55,16.33,,stage_2,5,466.75,370.98,7.88,0.02082,"{'price_above_30w_ma': True, '30w_ma_rising': True, 'price_above_10w_ma': True, 'relative_strength_positive': True, 'near_52w_high': True}",weakening,weakening,100.68,96.78,-0.23,0.25,False,False,2026-09-25 ratio=100.91 momentum=96.52; 2026-09-28 ratio=100.78 momentum=92.74; 2026-09-29 ratio=100.84 momentum=97.55; 2026-09-30 ratio=100.73 momentum=95.65; 2026-10-01 ratio=100.68 momentum=96.78,144.16
stock,Oil Country,OILCOUNTUB.NS,Oil Equipment & Services,"Oil, Gas & Consumable Fuels",414.36,0.0,-15.11,-71.51,17.44,-29.02,,-25.38,,stage_2,5,78.14,57.2,5.14,0.00348,"{'price_above_30w_ma': True, '30w_ma_rising': True, 'price_above_10w_ma': True, 'relative_strength_positive': True, 'near_52w_high': True}",leading,leading,102.92,103.2,0.24,-0.49,False,False,2026-09-25 ratio=102.68 momentum=103.69; 2026-09-28 ratio=102.91 momentum=104.01; 2026-09-29 ratio=102.91 momentum=102.98; 2026-09-30 ratio=102.90 momentum=103.25; 2026-10-01 ratio=102.92 momentum=103.20,185.88
stock,Teja Engineering,TEJA.NS,Oil Equipment & Services,"Oil, Gas & Consumable Fuels",137.46,0.0,3.32,36.63,43.98,48.03,21.99,33.1,,insufficient_data,0,,,,,{},insufficient_data,insufficient_data,,,,,False,False,,0.0
stock,O N G C,ONGC.NS,Oil Exploration & Production,"Oil, Gas & Consumable Fuels",282930.48,5.89,6554.44,20.84,204987.35,25.68,6.47,14.15,,not_stage_2,1,222.37,256.71,-2.3,0.00992,"{'price_above_30w_ma': False, '30w_ma_rising': False, 'price_above_10w_ma': False, 'relative_strength_positive': True, 'near_52w_high': False}",lagging,leading,100.0,99.71,-1.06,-1.12,False,False,2026-09-25 ratio=101.05 momentum=100.82; 2026-09-28 ratio=100.66 momentum=101.58; 2026-09-29 ratio=100.80 momentum=99.59; 2026-09-30 ratio=100.23 momentum=98.48; 2026-10-01 ratio=100.00 momentum=99.71,20.0
stock,Oil India,OIL.NS,Oil Exploration & Production,"Oil, Gas & Consumable Fuels",72628.04,2.58,4026.83,91.4,12503.32,57.7,8.69,11.51,,not_stage_2,2,444.0,463.91,-0.1,0.0198,"{'price_above_30w_ma': False, '30w_ma_rising': False, 'price_above_10w_ma': False, 'relative_strength_positive': True, 'near_52w_high': True}",weakening,weakening,100.08,97.09,-0.88,-0.01,False,False,2026-09-25 ratio=100.96 momentum=97.10; 2026-09-28 ratio=100.94 momentum=97.87; 2026-09-29 ratio=100.58 momentum=96.50; 2026-09-30 ratio=100.14 momentum=95.29; 2026-10-01 ratio=100.08 momentum=97.09,40.4
stock,Vedanta Oil and Gas,VOGL.NS,Oil Exploration & Production,"Oil, Gas & Consumable Fuels",12071.37,0.0,945.0,2691.59,2507.0,8.48,56.15,,,insufficient_data,0,,,,,{},lagging,lagging,98.74,97.79,-0.79,-0.62,False,False,2026-09-25 ratio=99.53 momentum=98.41; 2026-09-28 ratio=99.23 momentum=95.88; 2026-09-29 ratio=99.64 momentum=99.87; 2026-09-30 ratio=99.24 momentum=98.55; 2026-10-01 ratio=98.74 momentum=97.79,0.0
stock,Antelopus Selan,ANTELOPUS.NS,Oil Exploration & Production,"Oil, Gas & Consumable Fuels",3893.66,0.0,54.32,450.71,131.04,158.82,27.78,19.92,,stage_2,5,1106.5,793.67,10.79,0.04935,"{'price_above_30w_ma': True, '30w_ma_rising': True, 'price_above_10w_ma': True, 'relative_strength_positive': True, 'near_52w_high': True}",weakening,weakening,101.35,96.65,-1.09,-1.68,False,False,2026-09-25 ratio=102.44 momentum=98.33; 2026-09-28 ratio=101.79 momentum=96.53; 2026-09-29 ratio=101.73 momentum=98.84; 2026-09-30 ratio=101.46 momentum=94.91; 2026-10-01 ratio=101.35 momentum=96.65,153.33
stock,Prabha Energy,PRABHA.NS,Oil Exploration & Production,"Oil, Gas & Consumable Fuels",3354.3,0.0,0.29,226.09,1.69,49.56,3049.36,-0.09,,stage_2,5,218.31,172.1,5.06,0.00974,"{'price_above_30w_ma': True, '30w_ma_rising': True, 'price_above_10w_ma': True, 'relative_strength_positive': True, 'near_52w_high': True}",weakening,weakening,100.85,98.18,-0.29,1.89,False,False,2026-09-25 ratio=101.14 momentum=96.30; 2026-09-28 ratio=101.00 momentum=95.46; 2026-09-29 ratio=101.00 momentum=94.30; 2026-09-30 ratio=100.93 momentum=96.98; 2026-10-01 ratio=100.85 momentum=98.18,139.37
stock,Hind.Oil Explor.,HINDOILEXP.NS,Oil Exploration & Production,"Oil, Gas & Consumable Fuels",2180.3,0.0,6.24,-47.91,114.18,45.17,86.8,3.49,,stage_2,4,167.31,159.17,3.12,0.00746,"{'price_above_30w_ma': True, '30w_ma_rising': True, 'price_above_10w_ma': False, 'relative_strength_positive': True, 'near_52w_high': True}",weakening,weakening,100.71,95.28,-0.19,-0.94,False,False,2026-09-25 ratio=100.90 momentum=96.22; 2026-09-28 ratio=101.03 momentum=96.43; 2026-09-29 ratio=101.09 momentum=98.63; 2026-09-30 ratio=100.93 momentum=96.86; 2026-10-01 ratio=100.71 momentum=95.28,114.79
stock,Guj.Nat.Resour.,GNRL.NS,Oil Exploration & Production,"Oil, Gas & Consumable Fuels",1484.48,0.0,11.35,488.08,5.72,70.75,76.88,7.26,,insufficient_data,0,,,,,{},insufficient_data,insufficient_data,,,,,False,False,,0.0
stock,L T Foods,LTFOODS.NS,Other Agricultural Products,Fast Moving Consumer Goods,14091.52,0.74,183.45,8.87,3151.83,27.92,22.01,17.6,,not_stage_2,2,399.15,404.87,0.31,0.0178,"{'price_above_30w_ma': False, '30w_ma_rising': True, 'price_above_10w_ma': False, 'relative_strength_positive': False, 'near_52w_high': True}",weakening,weakening,100.1,97.96,-0.55,1.99,False,False,2026-09-25 ratio=100.65 momentum=95.98; 2026-09-28 ratio=100.32 momentum=93.69; 2026-09-29 ratio=100.10 momentum=96.66; 2026-09-30 ratio=100.03 momentum=97.87; 2026-10-01 ratio=100.10 momentum=97.96,41.12
stock,KRBL,KRBL.NS,Other Agricultural Products,Fast Moving Consumer Goods,8747.03,1.18,260.74,73.16,1495.86,-5.59,11.54,15.16,,stage_2,4,375.9,364.27,1.89,0.01676,"{'price_above_30w_ma': True, '30w_ma_rising': True, 'price_above_10w_ma': False, 'relative_strength_positive': True, 'near_52w_high': True}",weakening,weakening,100.19,97.45,-0.46,0.59,False,False,2026-09-25 ratio=100.65 momentum=96.86; 2026-09-28 ratio=100.31 momentum=92.97; 2026-09-29 ratio=100.43 momentum=97.28; 2026-09-30 ratio=100.30 momentum=97.60; 2026-10-01 ratio=100.19 momentum=97.45,109.73
stock,Guj. Ambuja Exp,GAEL.NS,Other Agricultural Products,Fast Moving Consumer Goods,7259.84,0.19,176.77,171.87,1594.22,23.47,17.33,12.46,,stage_2,4,157.69,157.0,1.71,0.00703,"{'price_above_30w_ma': True, '30w_ma_rising': True, 'price_above_10w_ma': False, 'relative_strength_positive': True, 'near_52w_high': True}",leading,weakening,100.11,100.33,-0.32,0.37,False,False,2026-09-25 ratio=100.42 momentum=99.96; 2026-09-28 ratio=100.29 momentum=99.91; 2026-09-29 ratio=100.46 momentum=101.46; 2026-09-30 ratio=100.32 momentum=101.81; 2026-10-01 ratio=100.11 momentum=100.33,130.62
stock,TruAlt Bioenergy,TRUALT.NS,Other Agricultural Products,Fast Moving Consumer Goods,3792.84,0.0,59.27,1108.25,626.88,106.29,24.25,10.44,,not_stage_2,4,444.3,449.99,0.95,0.01982,"{'price_above_30w_ma': False, '30w_ma_rising': True, 'price_above_10w_ma': True, 'relative_strength_positive': True, 'near_52w_high': True}",leading,leading,101.53,101.33,0.42,-1.51,False,False,2026-09-25 ratio=101.11 momentum=102.84; 2026-09-28 ratio=102.31 momentum=103.33; 2026-09-29 ratio=102.24 momentum=102.80; 2026-09-30 ratio=102.66 momentum=102.31; 2026-10-01 ratio=101.53 momentum=101.33,116.2
stock,Kaveri Seed Co.,KSCL.NS,Other Agricultural Products,Fast Moving Consumer Goods,3608.71,0.71,279.84,-14.18,742.5,-13.51,14.46,15.82,,not_stage_2,1,715.1,841.03,-1.07,0.03189,"{'price_above_30w_ma': False, '30w_ma_rising': False, 'price_above_10w_ma': False, 'relative_strength_positive': True, 'near_52w_high': False}",improving,leading,100.0,101.2,-1.66,-1.42,False,False,2026-09-25 ratio=101.66 momentum=102.62; 2026-09-28 ratio=101.07 momentum=101.87; 2026-09-29 ratio=100.40 momentum=101.48; 2026-09-30 ratio=100.07 momentum=101.46; 2026-10-01 ratio=100.00 momentum=101.20,26.0
stock,A C J K Exports,AEROPLANE.NS,Other Agricultural Products,Fast Moving Consumer Goods,2187.42,0.0,36.63,127.52,663.73,55.1,17.66,15.66,,insufficient_data,0,,,,,{},leading,weakening,102.1,104.8,-0.06,6.37,False,False,2026-09-25 ratio=102.16 momentum=98.43; 2026-09-28 ratio=101.64 momentum=96.87; 2026-09-29 ratio=101.68 momentum=98.51; 2026-09-30 ratio=101.98 momentum=102.04; 2026-10-01 ratio=102.10 momentum=104.80,54.5
stock,Sanstar,SANSTAR.NS,Other Agricultural Products,Fast Moving Consumer Goods,2097.41,0.0,9.21,2808.82,206.16,21.51,47.67,5.83,,not_stage_2,2,103.0,104.27,2.96,0.00459,"{'price_above_30w_ma': False, '30w_ma_rising': True, 'price_above_10w_ma': False, 'relative_strength_positive': False, 'near_52w_high': True}",lagging,leading,99.8,96.02,-0.75,-4.87,False,False,2026-09-25 ratio=100.55 momentum=100.88; 2026-09-28 ratio=100.57 momentum=99.30; 2026-09-29 ratio=100.33 momentum=98.49; 2026-09-30 ratio=100.15 momentum=97.55; 2026-10-01 ratio=99.80 momentum=96.02,45.92
stock,GRM Overseas,GRMOVER.NS,Other Agricultural Products,Fast Moving Consumer Goods,1626.6,0.0,21.04,10.21,426.51,30.52,21.28,13.99,,not_stage_2,0,77.87,119.91,-8.16,0.00347,"{'price_above_30w_ma': False, '30w_ma_rising': False, 'price_above_10w_ma': False, 'relative_strength_positive': False, 'near_52w_high': False}",improving,lagging,98.5,102.85,0.15,6.82,False,True,2026-09-25 ratio=98.35 momentum=96.03; 2026-09-28 ratio=98.68 momentum=98.77; 2026-09-29 ratio=98.32 momentum=97.93; 2026-09-30 ratio=98.59 momentum=100.31; 2026-10-01 ratio=98.50 momentum=102.85,14.25
stock,Chamanlal Setia,CLSEL.NS,Other Agricultural Products,Fast Moving Consumer Goods,1407.73,1.06,31.99,47.83,345.92,12.58,11.25,18.18,,stage_2,4,281.95,277.66,1.01,0.01257,"{'price_above_30w_ma': True, '30w_ma_rising': True, 'price_above_10w_ma': False, 'relative_strength_positive': True, 'near_52w_high': True}",weakening,weakening,100.69,97.11,-0.38,-0.51,False,False,2026-09-25 ratio=101.07 momentum=97.62; 2026-09-28 ratio=100.72 momentum=97.95; 2026-09-29 ratio=100.48 momentum=100.33; 2026-09-30 ratio=100.69 momentum=96.02; 2026-10-01 ratio=100.69 momentum=97.11,110.47
stock,AVT Natural Prod,AVTNPL.NS,Other Agricultural Products,Fast Moving Consumer Goods,1353.03,0.9,31.1,156.6,241.21,82.16,16.15,14.22,,stage_2,5,87.85,72.77,4.75,0.00392,"{'price_above_30w_ma': True, '30w_ma_rising': True, 'price_above_10w_ma': True, 'relative_strength_positive': True, 'near_52w_high': True}",leading,weakening,100.98,100.01,-0.37,0.91,False,False,2026-09-25 ratio=101.35 momentum=99.10; 2026-09-28 ratio=100.87 momentum=98.10; 2026-09-29 ratio=101.40 momentum=100.51; 2026-09-30 ratio=101.29 momentum=100.62; 2026-10-01 ratio=100.98 momentum=100.01,159.45
stock,AU Small Finance,AUBANK.NS,Other Bank,Financial Services,77330.86,0.1,795.95,37.03,5302.74,21.11,27.07,7.66,,not_stage_2,2,987.0,1012.66,0.58,0.04402,"{'price_above_30w_ma': False, '30w_ma_rising': True, 'price_above_10w_ma': False, 'relative_strength_positive': False, 'near_52w_high': True}",lagging,lagging,99.73,98.22,-0.2,0.19,False,False,2026-09-25 ratio=99.93 momentum=98.03; 2026-09-28 ratio=99.68 momentum=96.90; 2026-09-29 ratio=100.07 momentum=99.22; 2026-09-30 ratio=100.37 momentum=99.89; 2026-10-01 ratio=99.73 momentum=98.22,41.16
stock,Ujjivan Small,UJJIVANSFB.NS,Other Bank,Financial Services,12975.33,0.0,316.54,206.67,2024.92,25.08,14.32,7.73,,stage_2,4,65.6,61.06,1.28,0.00293,"{'price_above_30w_ma': True, '30w_ma_rising': True, 'price_above_10w_ma': False, 'relative_strength_positive': True, 'near_52w_high': True}",leading,lagging,100.82,102.05,1.21,4.08,True,False,2026-09-25 ratio=99.61 momentum=97.96; 2026-09-28 ratio=99.29 momentum=97.63; 2026-09-29 ratio=100.35 momentum=101.87; 2026-09-30 ratio=101.47 momentum=102.47; 2026-10-01 ratio=100.82 momentum=102.05,151.91
stock,Equitas Sma. Fin,EQUITASBNK.NS,Other Bank,Financial Services,7812.1,0.0,183.61,182.06,1960.4,18.89,15.3,6.43,,not_stage_2,2,68.41,70.22,1.09,0.00305,"{'price_above_30w_ma': False, '30w_ma_rising': True, 'price_above_10w_ma': False, 'relative_strength_positive': False, 'near_52w_high': True}",lagging,lagging,99.5,99.9,2.04,2.55,False,False,2026-09-25 ratio=97.46 momentum=97.34; 2026-09-28 ratio=97.66 momentum=97.70; 2026-09-29 ratio=98.34 momentum=98.86; 2026-09-30 ratio=99.42 momentum=99.15; 2026-10-01 ratio=99.50 momentum=99.90,42.18
stock,Jana Small Finan,JSFB.NS,Other Bank,Financial Services,5276.29,0.0,155.23,52.29,1514.53,22.08,13.89,7.45,,not_stage_2,3,482.4,476.46,4.15,0.02151,"{'price_above_30w_ma': True, '30w_ma_rising': True, 'price_above_10w_ma': False, 'relative_strength_positive': False, 'near_52w_high': True}",lagging,leading,98.32,98.11,-2.26,-3.51,False,False,2026-09-25 ratio=100.58 momentum=101.62; 2026-09-28 ratio=98.76 momentum=97.99; 2026-09-29 ratio=99.14 momentum=99.87; 2026-09-30 ratio=98.40 momentum=98.37; 2026-10-01 ratio=98.32 momentum=98.11,68.3
stock,Utkarsh Small F.,UTKARSHBNK.NS,Other Bank,Financial Services,2352.53,0.0,-33.92,85.84,883.56,0.3,,1.46,,not_stage_2,2,13.43,13.81,0.36,0.0006,"{'price_above_30w_ma': False, '30w_ma_rising': True, 'price_above_10w_ma': False, 'relative_strength_positive': True, 'near_52w_high': False}",lagging,lagging,99.85,99.62,0.16,3.72,False,False,2026-09-25 ratio=99.69 momentum=95.90; 2026-09-28 ratio=99.72 momentum=95.95; 2026-09-29 ratio=100.47 momentum=100.13; 2026-09-30 ratio=100.29 momentum=102.56; 2026-10-01 ratio=99.85 momentum=99.62,40.72
stock,ESAF Small Fin,ESAFSFB.NS,Other Bank,Financial Services,2228.61,0.0,80.08,198.6,1097.77,32.54,,5.65,,stage_2,5,43.4,32.99,6.13,0.00194,"{'price_above_30w_ma': True, '30w_ma_rising': True, 'price_above_10w_ma': True, 'relative_strength_positive': True, 'near_52w_high': True}",leading,leading,102.05,102.28,0.38,0.14,False,False,2026-09-25 ratio=101.67 momentum=102.14; 2026-09-28 ratio=101.95 momentum=102.38; 2026-09-29 ratio=102.52 momentum=102.59; 2026-09-30 ratio=102.44 momentum=102.34; 2026-10-01 ratio=102.05 momentum=102.28,178.91
stock,Suryoday Small,SURYODAY.NS,Other Bank,Financial Services,1561.07,1.02,75.18,113.1,622.36,25.69,8.14,7.33,,not_stage_2,1,143.55,157.06,1.6,0.0064,"{'price_above_30w_ma': False, '30w_ma_rising': True, 'price_above_10w_ma': False, 'relative_strength_positive': False, 'near_52w_high': False}",improving,improving,99.67,102.74,0.05,0.67,False,True,2026-09-25 ratio=99.62 momentum=102.07; 2026-09-28 ratio=99.49 momentum=102.00; 2026-09-29 ratio=99.53 momentum=102.54; 2026-09-30 ratio=99.67 momentum=103.96; 2026-10-01 ratio=99.67 momentum=102.74,36.9
stock,Capital Small,CAPITALSFB.NS,Other Bank,Financial Services,1270.98,1.79,41.3,29.02,288.18,16.63,8.43,7.07,,stage_2,4,277.5,275.07,0.69,0.01238,"{'price_above_30w_ma': True, '30w_ma_rising': True, 'price_above_10w_ma': False, 'relative_strength_positive': True, 'near_52w_high': True}",leading,leading,101.52,101.72,0.68,-1.49,False,False,2026-09-25 ratio=100.85 momentum=103.22; 2026-09-28 ratio=101.18 momentum=103.84; 2026-09-29 ratio=101.29 momentum=104.08; 2026-09-30 ratio=102.90 momentum=104.36; 2026-10-01 ratio=101.52 momentum=101.72,142.58
stock,Fino Payments,FINOPB.NS,Other Bank,Financial Services,1069.36,0.0,-13.72,-177.25,72.23,18.43,43.74,4.41,,not_stage_2,0,128.22,140.52,-6.06,0.00572,"{'price_above_30w_ma': False, '30w_ma_rising': False, 'price_above_10w_ma': False, 'relative_strength_positive': False, 'near_52w_high': False}",improving,lagging,99.03,100.04,0.52,3.05,False,True,2026-09-25 ratio=98.51 momentum=96.99; 2026-09-28 ratio=98.64 momentum=96.97; 2026-09-29 ratio=98.90 momentum=97.92; 2026-09-30 ratio=98.79 momentum=98.26; 2026-10-01 ratio=99.03 momentum=100.04,0.2
stock,Ramco Inds.,RAMCOIND.NS,Other Construction Materials,Construction Materials,2592.22,0.42,86.59,21.91,613.81,15.48,8.24,4.57,,not_stage_2,2,302.3,305.24,1.03,0.01348,"{'price_above_30w_ma': False, '30w_ma_rising': True, 'price_above_10w_ma': False, 'relative_strength_positive': False, 'near_52w_high': True}",lagging,improving,99.03,98.8,-0.62,-3.48,False,False,2026-09-25 ratio=99.64 momentum=102.28; 2026-09-28 ratio=99.29 momentum=99.87; 2026-09-29 ratio=99.33 momentum=99.96; 2026-09-30 ratio=99.24 momentum=99.30; 2026-10-01 ratio=99.03 momentum=98.80,42.06
stock,Glass Wall Syst.,GLASSWALL.NS,Other Construction Materials,Construction Materials,2239.71,0.0,,,,,27.39,50.32,,insufficient_data,0,,,,,{},insufficient_data,insufficient_data,,,,,False,False,,0.0
stock,Arisinfra Solu.,ARIS.NS,Other Construction Materials,Construction Materials,1147.08,0.0,20.04,306.31,290.81,37.12,17.37,15.57,,stage_2,5,138.66,123.95,2.78,0.00618,"{'price_above_30w_ma': True, '30w_ma_rising': True, 'price_above_10w_ma': True, 'relative_strength_positive': True, 'near_52w_high': True}",leading,leading,101.69,103.25,0.2,1.82,False,False,2026-09-25 ratio=101.49 momentum=101.43; 2026-09-28 ratio=100.83 momentum=100.83; 2026-09-29 ratio=101.15 momentum=101.85; 2026-09-30 ratio=102.26 momentum=105.43; 2026-10-01 ratio=101.69 momentum=103.25,175.26
stock,BirlaNu Ltd,BIRLANU.NS,Other Construction Materials,Construction Materials,1040.27,1.09,9.4,812.12,1174.02,11.57,,-4.29,,not_stage_2,1,1391.2,1399.15,-1.52,0.06205,"{'price_above_30w_ma': False, '30w_ma_rising': False, 'price_above_10w_ma': False, 'relative_strength_positive': True, 'near_52w_high': False}",leading,leading,100.35,101.33,-0.16,1.13,False,False,2026-09-25 ratio=100.52 momentum=100.21; 2026-09-28 ratio=100.77 momentum=100.56; 2026-09-29 ratio=100.37 momentum=100.40; 2026-09-30 ratio=100.34 momentum=100.87; 2026-10-01 ratio=100.35 momentum=101.33,48.4
stock,Everest Inds.,EVERESTIND.NS,Other Construction Materials,Construction Materials,758.14,0.21,102.09,1505.52,435.86,-12.95,,-8.5,,stage_2,4,475.3,411.27,1.16,0.0212,"{'price_above_30w_ma': True, '30w_ma_rising': True, 'price_above_10w_ma': True, 'relative_strength_positive': True, 'near_52w_high': False}",leading,improving,101.99,103.97,2.22,2.33,True,False,2026-09-25 ratio=99.76 momentum=101.64; 2026-09-28 ratio=99.87 momentum=102.12; 2026-09-29 ratio=100.43 momentum=103.19; 2026-09-30 ratio=101.20 momentum=103.72; 2026-10-01 ratio=101.99 momentum=103.97,167.12
stock,Teamtech Formwork,TEAMTECH.NS,Other Construction Materials,Construction Materials,459.23,0.0,7.33,,31.74,,39.62,41.17,,insufficient_data,0,,,,,{},insufficient_data,insufficient_data,,,,,False,False,,0.0
stock,Sahyadri Industr,SAHYADRI.NS,Other Construction Materials,Construction Materials,395.6,0.69,26.52,146.24,258.58,20.51,8.76,9.72,,stage_2,4,355.65,296.23,5.52,0.01586,"{'price_above_30w_ma': True, '30w_ma_rising': True, 'price_above_10w_ma': False, 'relative_strength_positive': True, 'near_52w_high': True}",weakening,weakening,100.88,99.76,0.04,2.89,False,False,2026-09-25 ratio=100.84 momentum=96.87; 2026-09-28 ratio=100.64 momentum=91.96; 2026-09-29 ratio=100.58 momentum=96.43; 2026-09-30 ratio=100.52 momentum=97.28; 2026-10-01 ratio=100.88 momentum=99.76,120.44
stock,Vishnusurya Pro.,VISHNUINFR.NS,Other Construction Materials,Construction Materials,370.74,0.7,5.92,116.06,61.87,25.02,8.78,20.15,,not_stage_2,1,148.7,157.21,-1.58,0.00663,"{'price_above_30w_ma': False, '30w_ma_rising': False, 'price_above_10w_ma': False, 'relative_strength_positive': True, 'near_52w_high': False}",weakening,lagging,100.78,99.17,1.49,1.28,False,False,2026-09-25 ratio=99.29 momentum=97.89; 2026-09-28 ratio=98.83 momentum=96.88; 2026-09-29 ratio=100.22 momentum=100.75; 2026-09-30 ratio=100.14 momentum=98.84; 2026-10-01 ratio=100.78 momentum=99.17,23.9
stock,MCON Rasayan,MCON.NS,Other Construction Materials,Construction Materials,29.52,0.0,1.8,76.47,36.86,26.32,9.71,11.06,,not_stage_2,0,40.25,45.49,-1.29,0.0018,"{'price_above_30w_ma': False, '30w_ma_rising': False, 'price_above_10w_ma': False, 'relative_strength_positive': False, 'near_52w_high': False}",improving,improving,99.91,101.93,0.06,1.27,False,True,2026-09-25 ratio=99.85 momentum=100.65; 2026-09-28 ratio=99.25 momentum=99.57; 2026-09-29 ratio=99.98 momentum=100.69; 2026-09-30 ratio=100.07 momentum=102.74; 2026-10-01 ratio=99.91 momentum=101.93,9.65
stock,SIS,SIS.NS,Other Consumer Services,Consumer Services,5861.63,1.69,101.66,9.37,4603.58,29.73,14.59,13.68,,stage_2,4,412.85,390.13,4.01,0.01841,"{'price_above_30w_ma': True, '30w_ma_rising': True, 'price_above_10w_ma': False, 'relative_strength_positive': True, 'near_52w_high': True}",leading,leading,101.51,101.02,0.74,0.66,False,False,2026-09-25 ratio=100.77 momentum=100.36; 2026-09-28 ratio=98.78 momentum=97.57; 2026-09-29 ratio=101.63 momentum=101.62; 2026-09-30 ratio=101.82 momentum=101.85; 2026-10-01 ratio=101.51 momentum=101.02,145.67
stock,E Factor Experie,EFACTOR.NS,Other Consumer Services,Consumer Services,230.59,0.68,14.61,-26.66,138.84,-9.5,11.72,24.71,,not_stage_2,2,185.75,190.38,-4.66,0.00828,"{'price_above_30w_ma': False, '30w_ma_rising': False, 'price_above_10w_ma': True, 'relative_strength_positive': True, 'near_52w_high': False}",leading,improving,101.37,101.88,1.39,1.54,True,False,2026-09-25 ratio=99.98 momentum=100.33; 2026-09-28 ratio=100.68 momentum=101.92; 2026-09-29 ratio=101.63 momentum=102.67; 2026-09-30 ratio=101.23 momentum=101.87; 2026-10-01 ratio=101.37 momentum=101.88,86.25
stock,Party Cruisers,PARTYCRUS.NS,Other Consumer Services,Consumer Services,135.77,0.0,10.04,62.85,111.27,32.28,10.85,34.5,,stage_2,5,98.0,90.75,2.49,0.00437,"{'price_above_30w_ma': True, '30w_ma_rising': True, 'price_above_10w_ma': True, 'relative_strength_positive': True, 'near_52w_high': True}",weakening,leading,101.86,97.9,-0.21,-2.18,False,False,2026-09-25 ratio=102.07 momentum=100.08; 2026-09-28 ratio=102.14 momentum=89.97; 2026-09-29 ratio=102.04 momentum=101.12; 2026-09-30 ratio=101.92 momentum=96.53; 2026-10-01 ratio=101.86 momentum=97.90,139.28
stock,Touchwood Enter.,TOUCHWOOD.NS,Other Consumer Services,Consumer Services,64.86,0.0,0.38,-70.77,3.96,-76.57,19.54,13.52,,not_stage_2,0,57.14,68.11,-3.86,0.00255,"{'price_above_30w_ma': False, '30w_ma_rising': False, 'price_above_10w_ma': False, 'relative_strength_positive': False, 'near_52w_high': False}",lagging,improving,99.04,97.79,-0.45,-3.01,False,False,2026-09-25 ratio=99.50 momentum=100.79; 2026-09-28 ratio=99.94 momentum=102.48; 2026-09-29 ratio=99.98 momentum=101.77; 2026-09-30 ratio=99.77 momentum=99.85; 2026-10-01 ratio=99.04 momentum=97.79,0.0
stock,Blue Pebble,BLUEPEBBLE.NS,Other Consumer Services,Consumer Services,26.93,0.0,-0.26,,11.14,,54.96,2.42,,not_stage_2,0,66.0,91.51,-8.53,0.00294,"{'price_above_30w_ma': False, '30w_ma_rising': False, 'price_above_10w_ma': False, 'relative_strength_positive': False, 'near_52w_high': False}",lagging,weakening,99.75,97.36,-0.58,0.15,False,False,2026-09-25 ratio=100.33 momentum=97.21; 2026-09-28 ratio=100.10 momentum=97.23; 2026-09-29 ratio=99.79 momentum=96.75; 2026-09-30 ratio=99.47 momentum=97.59; 2026-10-01 ratio=99.75 momentum=97.36,0.0
stock,Thinking Hats,THESL.NS,Other Consumer Services,Consumer Services,19.42,0.0,0.51,-80.08,15.16,-61.15,15.66,5.96,,insufficient_data,0,,,,,{},insufficient_data,insufficient_data,,,,,False,False,,0.0
stock,HBL Engineering,HBLENGINE.NS,Other Industrial Products,Capital Goods,21166.61,0.39,109.14,-25.07,638.03,6.03,26.41,59.3,,stage_2,4,779.35,748.61,1.0,0.03476,"{'price_above_30w_ma': True, '30w_ma_rising': True, 'price_above_10w_ma': True, 'relative_strength_positive': True, 'near_52w_high': False}",weakening,leading,102.09,99.34,-0.92,-3.86,False,False,2026-09-25 ratio=103.01 momentum=103.20; 2026-09-28 ratio=102.58 momentum=102.50; 2026-09-29 ratio=102.85 momentum=102.60; 2026-09-30 ratio=102.41 momentum=105.27; 2026-10-01 ratio=102.09 momentum=99.34,117.45
stock,Inox India,INOXINDIA.NS,Other Industrial Products,Capital Goods,18961.4,0.1,58.07,-4.99,370.79,9.18,73.73,33.48,,stage_2,5,2168.3,1739.0,8.36,0.0967,"{'price_above_30w_ma': True, '30w_ma_rising': True, 'price_above_10w_ma': True, 'relative_strength_positive': True, 'near_52w_high': True}",leading,weakening,101.81,104.26,0.38,6.72,True,False,2026-09-25 ratio=101.43 momentum=97.54; 2026-09-28 ratio=100.86 momentum=96.16; 2026-09-29 ratio=101.01 momentum=101.42; 2026-09-30 ratio=100.92 momentum=102.25; 2026-10-01 ratio=101.81 momentum=104.26,202.07
stock,KRN Heat Exchan,KRN.NS,Other Industrial Products,Capital Goods,9116.4,0.0,32.9,164.9,252.32,118.88,94.04,15.98,,stage_2,4,1414.7,1239.02,6.65,0.06309,"{'price_above_30w_ma': True, '30w_ma_rising': True, 'price_above_10w_ma': False, 'relative_strength_positive': True, 'near_52w_high': True}",leading,weakening,100.58,101.36,0.39,4.67,True,False,2026-09-25 ratio=100.19 momentum=96.68; 2026-09-28 ratio=100.34 momentum=95.33; 2026-09-29 ratio=100.71 momentum=96.94; 2026-09-30 ratio=100.67 momentum=99.97; 2026-10-01 ratio=100.58 momentum=101.36,158.0
stock,Esab India,ESABINDIA.NS,Other Industrial Products,Capital Goods,8487.71,1.36,56.14,37.13,421.12,19.63,41.0,64.68,,not_stage_2,2,5500.5,5874.23,0.36,0.24532,"{'price_above_30w_ma': False, '30w_ma_rising': True, 'price_above_10w_ma': False, 'relative_strength_positive': False, 'near_52w_high': True}",leading,lagging,100.05,101.36,0.62,3.68,True,False,2026-09-25 ratio=99.43 momentum=97.67; 2026-09-28 ratio=99.75 momentum=96.80; 2026-09-29 ratio=99.78 momentum=96.51; 2026-09-30 ratio=99.98 momentum=99.60; 2026-10-01 ratio=100.05 momentum=101.36,77.77
stock,Subros,SUBROS.NS,Other Industrial Products,Capital Goods,4408.96,0.44,41.52,1.69,1032.11,17.52,25.65,19.16,,not_stage_2,0,684.9,747.58,-1.26,0.03055,"{'price_above_30w_ma': False, '30w_ma_rising': False, 'price_above_10w_ma': False, 'relative_strength_positive': False, 'near_52w_high': False}",improving,improving,99.59,104.69,-0.34,3.04,False,False,2026-09-25 ratio=99.93 momentum=101.65; 2026-09-28 ratio=99.66 momentum=101.43; 2026-09-29 ratio=99.81 momentum=102.54; 2026-09-30 ratio=99.85 momentum=104.15; 2026-10-01 ratio=99.59 momentum=104.69,23.45
stock,Harsha Engg Intl,HARSHA.NS,Other Industrial Products,Capital Goods,4208.97,0.32,37.38,-1.45,457.43,25.22,27.22,13.0,,stage_2,5,474.5,407.61,2.77,0.02116,"{'price_above_30w_ma': True, '30w_ma_rising': True, 'price_above_10w_ma': True, 'relative_strength_positive': True, 'near_52w_high': True}",leading,leading,102.23,104.16,0.43,3.88,False,False,2026-09-25 ratio=101.80 momentum=100.28; 2026-09-28 ratio=102.08 momentum=101.03; 2026-09-29 ratio=101.98 momentum=102.67; 2026-09-30 ratio=102.10 momentum=103.09; 2026-10-01 ratio=102.23 momentum=104.16,182.49
stock,Ador Welding,ADOR.NS,Other Industrial Products,Capital Goods,2631.31,1.52,27.35,890.46,308.63,23.19,21.98,22.71,,stage_2,4,1570.4,1267.23,6.17,0.07004,"{'price_above_30w_ma': True, '30w_ma_rising': True, 'price_above_10w_ma': False, 'relative_strength_positive': True, 'near_52w_high': True}",leading,leading,101.04,101.14,-0.38,0.51,False,False,2026-09-25 ratio=101.43 momentum=100.63; 2026-09-28 ratio=101.37 momentum=100.94; 2026-09-29 ratio=101.37 momentum=102.05; 2026-09-30 ratio=101.17 momentum=102.30; 2026-10-01 ratio=101.04 momentum=101.14,148.24
stock,Diffusion Eng,DIFFNKG.NS,Other Industrial Products,Capital Goods,1688.86,0.33,16.68,36.26,110.11,36.49,30.55,15.78,,stage_2,5,464.4,361.55,7.18,0.02071,"{'price_above_30w_ma': True, '30w_ma_rising': True, 'price_above_10w_ma': True, 'relative_strength_positive': True, 'near_52w_high': True}",leading,weakening,101.93,102.48,1.14,6.03,True,False,2026-09-25 ratio=100.80 momentum=96.45; 2026-09-28 ratio=101.35 momentum=98.65; 2026-09-29 ratio=101.44 momentum=101.87; 2026-09-30 ratio=101.17 momentum=100.86; 2026-10-01 ratio=101.93 momentum=102.48,191.41
stock,Sahasra Electro.,SAHASRA.NS,Other Industrial Products,Capital Goods,1251.89,0.2,6.31,384.57,78.12,57.66,88.22,6.04,,insufficient_data,0,,,,,{},insufficient_data,insufficient_data,,,,,False,False,,0.0
stock,MIC Electronics,MICEL.NS,Other Industrial Products,Capital Goods,1050.94,0.0,2.13,27.54,43.72,276.57,,8.67,,not_stage_2,1,36.0,39.02,-1.13,0.00161,"{'price_above_30w_ma': False, '30w_ma_rising': False, 'price_above_10w_ma': False, 'relative_strength_positive': True, 'near_52w_high': False}",leading,leading,101.34,102.16,0.7,0.98,False,False,2026-09-25 ratio=100.64 momentum=101.18; 2026-09-28 ratio=100.51 momentum=101.10; 2026-09-29 ratio=101.08 momentum=101.65; 2026-09-30 ratio=101.72 momentum=102.33; 2026-10-01 ratio=101.34 momentum=102.16,57.5
stock,Maruti Suzuki,MARUTI.NS,Passenger Cars & Utility Vehicles,Automobile and Auto Components,362569.05,1.21,3446.9,-9.11,52469.8,35.91,25.29,18.87,,not_stage_2,0,11386.0,13183.73,-2.77,0.50781,"{'price_above_30w_ma': False, '30w_ma_rising': False, 'price_above_10w_ma': False, 'relative_strength_positive': False, 'near_52w_high': False}",lagging,improving,98.01,99.65,-0.35,-1.36,False,False,2026-09-25 ratio=98.36 momentum=101.01; 2026-09-28 ratio=98.70 momentum=102.79; 2026-09-29 ratio=98.56 momentum=102.02; 2026-09-30 ratio=98.90 momentum=103.35; 2026-10-01 ratio=98.01 momentum=99.65,0.0
stock,M & M,M&M.NS,Passenger Cars & Utility Vehicles,Automobile and Auto Components,355350.8,1.15,5997.56,33.8,58187.57,27.8,18.53,15.1,,not_stage_2,1,2860.0,3149.09,-1.69,0.12755,"{'price_above_30w_ma': False, '30w_ma_rising': False, 'price_above_10w_ma': False, 'relative_strength_positive': False, 'near_52w_high': True}",lagging,lagging,98.11,95.41,-0.75,-2.57,False,False,2026-09-25 ratio=98.86 momentum=97.98; 2026-09-28 ratio=98.93 momentum=98.25; 2026-09-29 ratio=98.53 momentum=98.32; 2026-09-30 ratio=98.71 momentum=97.62; 2026-10-01 ratio=98.11 momentum=95.41,20.0
stock,Hyundai Motor I,HYUNDAI.NS,Passenger Cars & Utility Vehicles,Automobile and Auto Components,162508.22,1.05,888.62,-35.1,16334.63,-0.48,32.82,38.4,,not_stage_2,2,2024.0,1993.72,-0.35,0.09027,"{'price_above_30w_ma': True, '30w_ma_rising': False, 'price_above_10w_ma': False, 'relative_strength_positive': False, 'near_52w_high': True}",lagging,weakening,100.0,97.71,-0.47,-0.33,False,False,2026-09-25 ratio=100.47 momentum=98.04; 2026-09-28 ratio=100.09 momentum=97.78; 2026-09-29 ratio=100.69 momentum=99.35; 2026-09-30 ratio=99.91 momentum=97.55; 2026-10-01 ratio=100.00 momentum=97.71,40.0
stock,Tata Motors PVeh,TMPV.NS,Passenger Cars & Utility Vehicles,Automobile and Auto Components,106309.57,1.04,859.0,-69.83,95799.0,9.26,106.69,2.73,,not_stage_2,0,279.4,336.18,-3.05,0.01246,"{'price_above_30w_ma': False, '30w_ma_rising': False, 'price_above_10w_ma': False, 'relative_strength_positive': False, 'near_52w_high': False}",lagging,lagging,98.47,94.48,0.19,-5.52,False,False,2026-09-25 ratio=98.28 momentum=100.00; 2026-09-28 ratio=98.03 momentum=99.05; 2026-09-29 ratio=98.14 momentum=98.14; 2026-09-30 ratio=98.53 momentum=99.50; 2026-10-01 ratio=98.47 momentum=94.48,0.0
stock,Force Motors,FORCEMOT.NS,Passenger Cars & Utility Vehicles,Automobile and Auto Components,21938.48,0.3,216.59,22.82,2440.01,6.21,19.94,36.05,,not_stage_2,1,16800.0,19066.03,-4.13,0.74927,"{'price_above_30w_ma': False, '30w_ma_rising': False, 'price_above_10w_ma': False, 'relative_strength_positive': True, 'near_52w_high': False}",weakening,weakening,100.45,98.18,-0.21,1.33,False,False,2026-09-25 ratio=100.66 momentum=96.84; 2026-09-28 ratio=100.61 momentum=99.38; 2026-09-29 ratio=100.18 momentum=99.91; 2026-09-30 ratio=100.79 momentum=101.04; 2026-10-01 ratio=100.45 momentum=98.18,22.25
stock,Olectra Greentec,OLECTRA.NS,Passenger Cars & Utility Vehicles,Automobile and Auto Components,8851.59,0.06,26.66,-0.31,575.51,65.75,49.89,21.05,,not_stage_2,1,1096.2,1254.74,2.09,0.04889,"{'price_above_30w_ma': False, '30w_ma_rising': True, 'price_above_10w_ma': False, 'relative_strength_positive': False, 'near_52w_high': False}",lagging,improving,97.83,99.2,-1.28,-1.86,False,False,2026-09-25 ratio=99.11 momentum=101.06; 2026-09-28 ratio=98.82 momentum=100.45; 2026-09-29 ratio=98.16 momentum=99.88; 2026-09-30 ratio=98.30 momentum=100.42; 2026-10-01 ratio=97.83 momentum=99.20,24.18
stock,Mercury EV-Tech,MERCURYEV.NS,Passenger Cars & Utility Vehicles,Automobile and Auto Components,699.29,0.0,1.65,29.92,33.38,47.9,153.35,2.64,,insufficient_data,0,,,,,{},weakening,weakening,100.7,94.65,-0.72,-2.23,False,False,2026-09-25 ratio=101.43 momentum=96.87; 2026-09-28 ratio=101.33 momentum=96.02; 2026-09-29 ratio=101.22 momentum=95.63; 2026-09-30 ratio=101.04 momentum=98.21; 2026-10-01 ratio=100.70 momentum=94.65,3.5
stock,Supreme Inds.,SUPREMEIND.NS,Plastic Products - Industrial,Capital Goods,43175.16,1.06,280.72,38.76,2717.66,4.16,41.82,20.73,,not_stage_2,2,3380.0,3558.25,-1.61,0.15075,"{'price_above_30w_ma': False, '30w_ma_rising': False, 'price_above_10w_ma': False, 'relative_strength_positive': True, 'near_52w_high': True}",leading,leading,101.03,102.65,-0.94,1.68,False,False,2026-09-25 ratio=101.97 momentum=100.97; 2026-09-28 ratio=101.91 momentum=102.11; 2026-09-29 ratio=101.37 momentum=101.98; 2026-09-30 ratio=101.52 momentum=103.06; 2026-10-01 ratio=101.03 momentum=102.65,78.4
stock,Astral,ASTRAL.NS,Plastic Products - Industrial,Capital Goods,36592.84,0.29,120.2,48.21,1578.0,15.93,61.77,19.22,,not_stage_2,1,1344.0,1506.35,-2.18,0.05994,"{'price_above_30w_ma': False, '30w_ma_rising': False, 'price_above_10w_ma': False, 'relative_strength_positive': False, 'near_52w_high': True}",lagging,lagging,99.31,97.88,-0.4,1.59,False,False,2026-09-25 ratio=99.71 momentum=96.29; 2026-09-28 ratio=99.52 momentum=97.98; 2026-09-29 ratio=99.66 momentum=99.62; 2026-09-30 ratio=99.66 momentum=99.97; 2026-10-01 ratio=99.31 momentum=97.88,20.0
stock,Garware Hi Tech,GRWRHITECH.NS,Plastic Products - Industrial,Capital Goods,15624.95,0.18,132.65,59.78,633.08,27.9,40.29,18.08,,stage_2,4,6925.5,5851.82,6.38,0.30887,"{'price_above_30w_ma': True, '30w_ma_rising': True, 'price_above_10w_ma': False, 'relative_strength_positive': True, 'near_52w_high': True}",leading,lagging,102.05,102.19,2.53,3.06,True,False,2026-09-25 ratio=99.52 momentum=99.14; 2026-09-28 ratio=100.22 momentum=99.45; 2026-09-29 ratio=102.35 momentum=102.31; 2026-09-30 ratio=102.33 momentum=102.79; 2026-10-01 ratio=102.05 momentum=102.19,168.96
stock,Finolex Inds.,FINPIPE.NS,Plastic Products - Industrial,Capital Goods,9264.34,1.34,114.52,16.67,883.58,-15.3,15.05,11.83,,not_stage_2,2,150.49,167.07,-2.69,0.00671,"{'price_above_30w_ma': False, '30w_ma_rising': False, 'price_above_10w_ma': False, 'relative_strength_positive': True, 'near_52w_high': True}",leading,improving,100.6,101.78,0.62,1.16,True,False,2026-09-25 ratio=99.98 momentum=100.61; 2026-09-28 ratio=99.94 momentum=101.97; 2026-09-29 ratio=99.95 momentum=102.11; 2026-09-30 ratio=100.40 momentum=103.40; 2026-10-01 ratio=100.60 momentum=101.78,81.9
stock,Kingfa Science,KINGFA.NS,Plastic Products - Industrial,Capital Goods,9037.42,0.3,80.21,101.58,688.57,49.06,40.05,23.2,,stage_2,5,6586.5,5225.65,5.32,0.29375,"{'price_above_30w_ma': True, '30w_ma_rising': True, 'price_above_10w_ma': True, 'relative_strength_positive': True, 'near_52w_high': True}",leading,weakening,102.25,103.0,0.68,4.29,True,False,2026-09-25 ratio=101.57 momentum=98.71; 2026-09-28 ratio=102.00 momentum=100.47; 2026-09-29 ratio=102.21 momentum=103.15; 2026-09-30 ratio=102.06 momentum=102.17; 2026-10-01 ratio=102.25 momentum=103.00,191.89
stock,Time Technoplast,TIMETECHNO.NS,Plastic Products - Industrial,Capital Goods,8821.76,0.84,117.86,22.21,1692.71,25.14,18.01,16.52,,not_stage_2,2,179.68,183.14,-0.67,0.00801,"{'price_above_30w_ma': False, '30w_ma_rising': False, 'price_above_10w_ma': False, 'relative_strength_positive': True, 'near_52w_high': True}",improving,lagging,99.96,103.1,0.56,3.87,False,True,2026-09-25 ratio=99.41 momentum=99.23; 2026-09-28 ratio=99.98 momentum=101.94; 2026-09-29 ratio=100.13 momentum=102.40; 2026-09-30 ratio=100.07 momentum=103.07; 2026-10-01 ratio=99.96 momentum=103.10,55.5
stock,Prince Pipes,PRINCEPIPE.NS,Plastic Products - Industrial,Capital Goods,2735.83,0.4,33.75,600.21,609.42,5.0,26.27,6.03,,not_stage_2,1,246.9,263.34,0.35,0.01101,"{'price_above_30w_ma': False, '30w_ma_rising': True, 'price_above_10w_ma': False, 'relative_strength_positive': False, 'near_52w_high': False}",lagging,lagging,99.01,98.77,-0.72,3.71,False,False,2026-09-25 ratio=99.73 momentum=95.06; 2026-09-28 ratio=99.72 momentum=99.02; 2026-09-29 ratio=99.60 momentum=100.09; 2026-09-30 ratio=99.67 momentum=101.59; 2026-10-01 ratio=99.01 momentum=98.77,20.7
stock,Apollo Pipes,APOLLOPIPE.NS,Plastic Products - Industrial,Capital Goods,2337.86,0.13,-11.12,-205.28,295.43,7.43,,1.23,,not_stage_2,3,512.6,498.53,5.38,0.02286,"{'price_above_30w_ma': True, '30w_ma_rising': True, 'price_above_10w_ma': False, 'relative_strength_positive': False, 'near_52w_high': True}",lagging,lagging,99.93,99.71,0.27,3.9,False,False,2026-09-25 ratio=99.66 momentum=95.82; 2026-09-28 ratio=100.01 momentum=97.26; 2026-09-29 ratio=99.86 momentum=99.30; 2026-09-30 ratio=99.75 momentum=100.24; 2026-10-01 ratio=99.93 momentum=99.71,70.76
stock,Jain Irrigation,JISLJALEQS.NS,Plastic Products - Industrial,Capital Goods,1915.87,0.0,-17.8,-207.18,1508.37,-2.41,,5.3,,not_stage_2,0,27.3,30.93,-2.86,0.00122,"{'price_above_30w_ma': False, '30w_ma_rising': False, 'price_above_10w_ma': False, 'relative_strength_positive': False, 'near_52w_high': False}",lagging,weakening,99.87,97.62,-0.39,-1.84,False,False,2026-09-25 ratio=100.26 momentum=99.46; 2026-09-28 ratio=100.66 momentum=100.50; 2026-09-29 ratio=100.78 momentum=100.82; 2026-09-30 ratio=100.14 momentum=99.67; 2026-10-01 ratio=99.87 momentum=97.62,0.0
stock,Jai Corp,JAICORPLTD.NS,Plastic Products - Industrial,Capital Goods,1553.04,0.57,28.2,-72.91,157.58,20.06,16.44,11.75,,not_stage_2,0,89.54,106.2,-2.01,0.00399,"{'price_above_30w_ma': False, '30w_ma_rising': False, 'price_above_10w_ma': False, 'relative_strength_positive': False, 'near_52w_high': False}",lagging,lagging,98.02,98.74,-1.0,-0.91,False,False,2026-09-25 ratio=99.02 momentum=99.65; 2026-09-28 ratio=98.65 momentum=99.16; 2026-09-29 ratio=98.56 momentum=100.46; 2026-09-30 ratio=98.72 momentum=101.36; 2026-10-01 ratio=98.02 momentum=98.74,0.0
stock,Knowledge Realty,KRT.NS,Real Estate Investment Trusts (REITs),Realty,49918.04,1.51,250.8,,1243.06,,79.6,5.22,,insufficient_data,0,,,,,{},insufficient_data,insufficient_data,,,,,False,False,,0.0
stock,Embassy Off.REIT,EMBASSY.NS,Real Estate Investment Trusts (REITs),Realty,40490.23,0.05,195.22,25.81,1240.81,17.08,165.06,5.61,,not_stage_2,3,428.71,434.38,0.11,0.01912,"{'price_above_30w_ma': False, '30w_ma_rising': True, 'price_above_10w_ma': False, 'relative_strength_positive': True, 'near_52w_high': True}",weakening,weakening,101.69,99.48,0.11,-0.42,False,False,2026-09-25 ratio=101.58 momentum=99.90; 2026-09-28 ratio=102.25 momentum=101.14; 2026-09-29 ratio=102.24 momentum=99.45; 2026-09-30 ratio=101.96 momentum=99.74; 2026-10-01 ratio=101.69 momentum=99.48,68.67
stock,Bagmane Prime REIT,BAGMANE.NS,Real Estate Investment Trusts (REITs),Realty,36210.0,1.41,58.51,-77.18,437.01,-29.88,,0.0,,insufficient_data,0,,,,,{},insufficient_data,insufficient_data,,,,,False,False,,0.0
stock,Mindspace Busine,MINDSPACE.NS,Real Estate Investment Trusts (REITs),Realty,32948.74,2.37,271.81,67.1,946.44,27.85,42.27,7.64,,stage_2,5,498.46,478.0,0.66,0.02223,"{'price_above_30w_ma': True, '30w_ma_rising': True, 'price_above_10w_ma': True, 'relative_strength_positive': True, 'near_52w_high': True}",weakening,leading,102.2,99.28,-0.2,-2.41,False,False,2026-09-25 ratio=102.40 momentum=101.69; 2026-09-28 ratio=102.53 momentum=102.23; 2026-09-29 ratio=101.85 momentum=96.31; 2026-09-30 ratio=102.21 momentum=98.22; 2026-10-01 ratio=102.20 momentum=99.28,137.32
stock,Brookfield India,BIRET.NS,Real Estate Investment Trusts (REITs),Realty,27644.16,1.98,221.34,44.36,973.83,51.78,51.53,5.36,,not_stage_2,2,330.25,331.82,-0.76,0.01473,"{'price_above_30w_ma': False, '30w_ma_rising': False, 'price_above_10w_ma': False, 'relative_strength_positive': True, 'near_52w_high': True}",weakening,leading,101.81,99.17,-0.03,-1.29,False,False,2026-09-25 ratio=101.84 momentum=100.45; 2026-09-28 ratio=102.70 momentum=102.82; 2026-09-29 ratio=101.95 momentum=98.71; 2026-09-30 ratio=102.46 momentum=98.84; 2026-10-01 ratio=101.81 momentum=99.17,49.05
stock,Nexus Select,NXST.NS,Real Estate Investment Trusts (REITs),Realty,24995.99,1.48,156.52,30.89,680.53,10.91,56.75,5.83,,stage_2,4,165.57,160.55,0.48,0.00738,"{'price_above_30w_ma': True, '30w_ma_rising': True, 'price_above_10w_ma': False, 'relative_strength_positive': True, 'near_52w_high': True}",leading,weakening,102.47,101.17,0.83,3.09,True,False,2026-09-25 ratio=101.64 momentum=98.08; 2026-09-28 ratio=102.34 momentum=100.16; 2026-09-29 ratio=101.99 momentum=97.69; 2026-09-30 ratio=102.78 momentum=101.18; 2026-10-01 ratio=102.47 momentum=101.17,154.16
stock,Apcotex Industri,APCOTEXIND.NS,Rubber,Capital Goods,3044.6,1.36,78.94,312.0,525.63,39.88,18.91,19.8,,stage_2,4,593.25,509.83,6.4,0.02646,"{'price_above_30w_ma': True, '30w_ma_rising': True, 'price_above_10w_ma': False, 'relative_strength_positive': True, 'near_52w_high': True}",leading,weakening,100.99,102.29,0.5,3.14,True,False,2026-09-25 ratio=100.48 momentum=99.16; 2026-09-28 ratio=100.29 momentum=98.48; 2026-09-29 ratio=100.75 momentum=103.14; 2026-09-30 ratio=100.85 momentum=104.51; 2026-10-01 ratio=100.99 momentum=102.29,164.2
stock,Pix Transmission,PIXTRANS.NS,Rubber,Capital Goods,2500.01,0.49,52.75,89.34,149.25,22.8,18.97,21.73,,stage_2,5,1809.3,1652.71,2.4,0.08069,"{'price_above_30w_ma': True, '30w_ma_rising': True, 'price_above_10w_ma': True, 'relative_strength_positive': True, 'near_52w_high': True}",leading,leading,101.98,103.64,1.83,1.35,False,False,2026-09-25 ratio=100.15 momentum=102.28; 2026-09-28 ratio=100.39 momentum=103.27; 2026-09-29 ratio=100.52 momentum=101.53; 2026-09-30 ratio=100.61 momentum=102.54; 2026-10-01 ratio=101.98 momentum=103.64,177.9
stock,Tinna Rubber,TINNARUBR.NS,Rubber,Capital Goods,1675.74,0.35,20.57,75.21,156.18,19.89,27.17,22.46,,not_stage_2,3,938.85,874.12,4.43,0.04187,"{'price_above_30w_ma': True, '30w_ma_rising': True, 'price_above_10w_ma': False, 'relative_strength_positive': False, 'near_52w_high': True}",lagging,lagging,98.85,98.21,-0.21,1.26,False,False,2026-09-25 ratio=99.06 momentum=96.95; 2026-09-28 ratio=98.64 momentum=95.98; 2026-09-29 ratio=98.90 momentum=99.18; 2026-09-30 ratio=98.95 momentum=98.06; 2026-10-01 ratio=98.85 momentum=98.21,68.86
stock,GRP,GRPLTD.NS,Rubber,Capital Goods,996.75,0.19,4.2,140.0,156.83,26.73,145.51,6.94,,not_stage_2,3,1895.0,1907.79,1.11,0.08452,"{'price_above_30w_ma': False, '30w_ma_rising': True, 'price_above_10w_ma': False, 'relative_strength_positive': True, 'near_52w_high': True}",weakening,leading,100.52,98.91,-0.91,-1.46,False,False,2026-09-25 ratio=101.44 momentum=100.37; 2026-09-28 ratio=101.09 momentum=102.03; 2026-09-29 ratio=100.14 momentum=93.41; 2026-09-30 ratio=100.27 momentum=97.69; 2026-10-01 ratio=100.52 momentum=98.91,64.82
stock,Rubfila Intl.,RUBFILA.NS,Rubber,Capital Goods,342.86,3.17,6.0,0.67,110.17,-10.71,13.02,12.59,,not_stage_2,1,63.25,70.12,-0.36,0.00282,"{'price_above_30w_ma': False, '30w_ma_rising': False, 'price_above_10w_ma': False, 'relative_strength_positive': False, 'near_52w_high': True}",improving,lagging,99.53,100.64,1.01,2.91,False,True,2026-09-25 ratio=98.53 momentum=97.74; 2026-09-28 ratio=98.60 momentum=97.31; 2026-09-29 ratio=99.36 momentum=101.76; 2026-09-30 ratio=99.15 momentum=100.32; 2026-10-01 ratio=99.53 momentum=100.64,23.2
stock,Gayatri Rubbers,GRCL.NS,Rubber,Capital Goods,327.73,0.0,2.95,86.71,24.48,33.99,58.63,37.86,,stage_2,5,574.0,514.52,5.11,0.0256,"{'price_above_30w_ma': True, '30w_ma_rising': True, 'price_above_10w_ma': True, 'relative_strength_positive': True, 'near_52w_high': True}",leading,leading,101.36,101.72,-0.16,-1.7,False,False,2026-09-25 ratio=101.52 momentum=103.42; 2026-09-28 ratio=100.97 momentum=100.77; 2026-09-29 ratio=101.01 momentum=100.46; 2026-09-30 ratio=101.22 momentum=100.97; 2026-10-01 ratio=101.36 momentum=101.72,170.62
stock,Harri. Malayalam,HARRMALAYA.NS,Rubber,Capital Goods,319.36,0.0,3.93,-34.06,124.92,7.26,11.78,11.77,,not_stage_2,1,179.67,200.51,-0.01,0.00801,"{'price_above_30w_ma': False, '30w_ma_rising': False, 'price_above_10w_ma': False, 'relative_strength_positive': False, 'near_52w_high': True}",improving,lagging,99.55,102.35,1.19,5.11,False,True,2026-09-25 ratio=98.37 momentum=97.25; 2026-09-28 ratio=98.29 momentum=96.03; 2026-09-29 ratio=98.98 momentum=101.56; 2026-09-30 ratio=99.35 momentum=103.17; 2026-10-01 ratio=99.55 momentum=102.35,31.75
stock,Elgi Rubber Co,ELGIRUBCO.NS,Rubber,Capital Goods,258.32,0.0,40.85,293.38,70.09,-18.1,,-12.92,,not_stage_2,1,51.38,52.14,3.95,0.00229,"{'price_above_30w_ma': False, '30w_ma_rising': True, 'price_above_10w_ma': False, 'relative_strength_positive': False, 'near_52w_high': False}",lagging,lagging,98.23,97.23,-0.75,-0.38,False,False,2026-09-25 ratio=98.98 momentum=97.61; 2026-09-28 ratio=98.11 momentum=97.95; 2026-09-29 ratio=98.57 momentum=99.24; 2026-09-30 ratio=98.97 momentum=99.32; 2026-10-01 ratio=98.23 momentum=97.23,27.9
stock,Sampann Utpadan,SAMPANN.NS,Rubber,Capital Goods,122.2,0.0,2.05,12.02,41.7,27.6,17.46,8.3,,not_stage_2,0,24.01,27.24,-2.81,0.00107,"{'price_above_30w_ma': False, '30w_ma_rising': False, 'price_above_10w_ma': False, 'relative_strength_positive': False, 'near_52w_high': False}",improving,improving,99.91,102.43,0.36,-1.79,False,False,2026-09-25 ratio=99.55 momentum=104.22; 2026-09-28 ratio=99.70 momentum=102.52; 2026-09-29 ratio=99.26 momentum=102.03; 2026-09-30 ratio=99.81 momentum=102.36; 2026-10-01 ratio=99.91 momentum=102.43,12.15
stock,Lead Reclaim,LRRPL.NS,Rubber,Capital Goods,103.19,0.0,3.1,219.59,17.92,-18.25,25.11,21.34,,stage_2,5,109.95,84.9,5.48,0.0049,"{'price_above_30w_ma': True, '30w_ma_rising': True, 'price_above_10w_ma': True, 'relative_strength_positive': True, 'near_52w_high': True}",leading,weakening,103.45,102.58,1.7,3.41,True,False,2026-09-25 ratio=101.75 momentum=99.17; 2026-09-28 ratio=102.80 momentum=101.01; 2026-09-29 ratio=103.32 momentum=102.35; 2026-09-30 ratio=103.63 momentum=103.05; 2026-10-01 ratio=103.45 momentum=102.58,196.11
stock,KIOCL,KIOCL.NS,Sponge Iron,Metals & Mining,19609.09,0.0,-15.48,59.04,158.01,73.75,504.35,1.35,,not_stage_2,1,323.85,374.06,0.14,0.01444,"{'price_above_30w_ma': False, '30w_ma_rising': True, 'price_above_10w_ma': False, 'relative_strength_positive': False, 'near_52w_high': False}",improving,lagging,98.48,101.91,-0.3,4.03,False,False,2026-09-25 ratio=98.78 momentum=97.87; 2026-09-28 ratio=98.50 momentum=99.10; 2026-09-29 ratio=98.97 momentum=101.63; 2026-09-30 ratio=98.83 momentum=105.73; 2026-10-01 ratio=98.48 momentum=101.91,29.83
stock,S.A.L Steel,SALSTEEL.NS,Sponge Iron,Metals & Mining,1360.52,0.0,3.09,131.95,87.37,-31.57,,1.08,,stage_2,5,98.92,61.22,9.82,0.00441,"{'price_above_30w_ma': True, '30w_ma_rising': True, 'price_above_10w_ma': True, 'relative_strength_positive': True, 'near_52w_high': True}",leading,leading,102.31,102.57,0.07,0.29,False,False,2026-09-25 ratio=102.24 momentum=102.27; 2026-09-28 ratio=102.19 momentum=102.44; 2026-09-29 ratio=102.40 momentum=103.82; 2026-09-30 ratio=102.42 momentum=103.40; 2026-10-01 ratio=102.31 momentum=102.57,189.04
stock,Vraj Iron,VRAJ.NS,Sponge Iron,Metals & Mining,402.98,0.0,11.51,51.65,193.83,40.14,11.22,10.49,,not_stage_2,2,121.76,122.48,-0.02,0.00543,"{'price_above_30w_ma': False, '30w_ma_rising': False, 'price_above_10w_ma': False, 'relative_strength_positive': True, 'near_52w_high': True}",leading,leading,101.19,102.56,-0.12,0.86,False,False,2026-09-25 ratio=101.31 momentum=101.71; 2026-09-28 ratio=101.44 momentum=102.11; 2026-09-29 ratio=101.62 momentum=101.92; 2026-09-30 ratio=101.42 momentum=103.34; 2026-10-01 ratio=101.19 momentum=102.56,78.75
stock,Chaman Metallics,CMNL.NS,Sponge Iron,Metals & Mining,277.55,0.0,-1.62,-78.12,344.75,326.41,,5.37,,stage_2,4,118.0,110.49,1.11,0.00526,"{'price_above_30w_ma': True, '30w_ma_rising': True, 'price_above_10w_ma': True, 'relative_strength_positive': True, 'near_52w_high': False}",leading,weakening,101.68,101.17,0.32,1.54,True,False,2026-09-25 ratio=101.35 momentum=99.63; 2026-09-28 ratio=101.38 momentum=100.51; 2026-09-29 ratio=100.83 momentum=98.65; 2026-09-30 ratio=101.51 momentum=100.44; 2026-10-01 ratio=101.68 momentum=101.17,151.47
stock,Vaswani Industri,VASWANI.NS,Sponge Iron,Metals & Mining,145.39,0.0,1.16,-78.79,117.79,3.07,,8.76,,not_stage_2,0,44.36,52.97,-3.28,0.00198,"{'price_above_30w_ma': False, '30w_ma_rising': False, 'price_above_10w_ma': False, 'relative_strength_positive': False, 'near_52w_high': False}",improving,improving,99.49,106.12,0.32,4.97,False,True,2026-09-25 ratio=99.16 momentum=101.15; 2026-09-28 ratio=99.19 momentum=101.61; 2026-09-29 ratio=99.23 momentum=102.91; 2026-09-30 ratio=99.37 momentum=103.26; 2026-10-01 ratio=99.49 momentum=106.12,30.6
stock,Shri Hare-Krish.,SHKSIL.NS,Sponge Iron,Metals & Mining,60.45,0.0,1.55,-64.85,27.21,-35.63,9.75,7.76,,insufficient_data,0,,,,,{},insufficient_data,insufficient_data,,,,,False,False,,0.0
stock,DOMS Industries,DOMS.NS,Stationary,Fast Moving Consumer Goods,12621.96,0.18,45.28,-22.33,670.51,19.25,58.06,24.32,,not_stage_2,2,2097.5,2240.15,-1.03,0.09355,"{'price_above_30w_ma': False, '30w_ma_rising': False, 'price_above_10w_ma': False, 'relative_strength_positive': True, 'near_52w_high': True}",leading,lagging,101.44,102.02,2.96,4.12,True,False,2026-09-25 ratio=98.47 momentum=97.90; 2026-09-28 ratio=98.41 momentum=99.40; 2026-09-29 ratio=98.85 momentum=98.97; 2026-09-30 ratio=101.07 momentum=103.18; 2026-10-01 ratio=101.44 momentum=102.02,87.3
stock,Navneet Educat.,NAVNETEDUL.NS,Stationary,Fast Moving Consumer Goods,2720.26,2.44,141.0,-16.66,788.0,-0.76,21.74,10.23,,not_stage_2,2,123.87,137.45,-2.23,0.00552,"{'price_above_30w_ma': False, '30w_ma_rising': False, 'price_above_10w_ma': False, 'relative_strength_positive': True, 'near_52w_high': True}",leading,lagging,100.15,102.95,1.2,4.09,True,False,2026-09-25 ratio=98.95 momentum=98.86; 2026-09-28 ratio=99.15 momentum=99.34; 2026-09-29 ratio=99.18 momentum=101.16; 2026-09-30 ratio=99.55 momentum=102.18; 2026-10-01 ratio=100.15 momentum=102.95,85.5
stock,Flair Writing,FLAIR.NS,Stationary,Fast Moving Consumer Goods,2386.47,0.44,29.08,-0.28,319.25,10.64,17.08,16.83,,not_stage_2,0,226.57,277.01,-3.78,0.0101,"{'price_above_30w_ma': False, '30w_ma_rising': False, 'price_above_10w_ma': False, 'relative_strength_positive': False, 'near_52w_high': False}",lagging,improving,98.84,99.54,-0.86,-1.54,False,False,2026-09-25 ratio=99.70 momentum=101.08; 2026-09-28 ratio=100.05 momentum=101.84; 2026-09-29 ratio=98.99 momentum=100.35; 2026-09-30 ratio=98.99 momentum=101.03; 2026-10-01 ratio=98.84 momentum=99.54,0.0
stock,Kokuyo Camlin,KOKUYOCMLN.NS,Stationary,Fast Moving Consumer Goods,760.5,0.4,7.3,-27.44,229.18,0.79,34.54,10.21,,not_stage_2,0,74.77,83.67,-1.1,0.00333,"{'price_above_30w_ma': False, '30w_ma_rising': False, 'price_above_10w_ma': False, 'relative_strength_positive': False, 'near_52w_high': False}",improving,lagging,99.61,102.35,0.59,3.34,False,True,2026-09-25 ratio=99.02 momentum=99.01; 2026-09-28 ratio=98.98 momentum=99.77; 2026-09-29 ratio=99.13 momentum=100.20; 2026-09-30 ratio=99.76 momentum=102.53; 2026-10-01 ratio=99.61 momentum=102.35,11.75
stock,Linc,LINC.NS,Stationary,Fast Moving Consumer Goods,520.71,1.71,5.1,-30.42,135.65,1.01,15.15,19.12,,not_stage_2,0,86.54,99.95,-2.03,0.00386,"{'price_above_30w_ma': False, '30w_ma_rising': False, 'price_above_10w_ma': False, 'relative_strength_positive': False, 'near_52w_high': False}",lagging,lagging,98.44,98.66,-1.23,-0.85,False,False,2026-09-25 ratio=99.67 momentum=99.51; 2026-09-28 ratio=99.04 momentum=98.33; 2026-09-29 ratio=98.86 momentum=97.00; 2026-09-30 ratio=98.93 momentum=100.88; 2026-10-01 ratio=98.44 momentum=98.66,0.0
stock,Sundaram Multi.,SUNDARAM.NS,Stationary,Fast Moving Consumer Goods,51.65,0.0,0.32,138.89,49.6,21.99,14.72,4.22,,not_stage_2,0,1.08,1.29,-4.05,5e-05,"{'price_above_30w_ma': False, '30w_ma_rising': False, 'price_above_10w_ma': False, 'relative_strength_positive': False, 'near_52w_high': False}",lagging,lagging,98.83,96.95,-0.38,0.19,False,False,2026-09-25 ratio=99.21 momentum=96.76; 2026-09-28 ratio=99.41 momentum=98.08; 2026-09-29 ratio=98.86 momentum=95.88; 2026-09-30 ratio=98.79 momentum=97.37; 2026-10-01 ratio=98.83 momentum=96.95,0.0
stock,Vasa Retail,VASA.NS,Stationary,Fast Moving Consumer Goods,2.13,0.0,-0.05,28.57,0.0,,,-1.93,,not_stage_2,0,3.55,4.4,-3.68,0.00016,"{'price_above_30w_ma': False, '30w_ma_rising': False, 'price_above_10w_ma': False, 'relative_strength_positive': False, 'near_52w_high': False}",improving,improving,99.08,103.27,0.57,-1.15,False,False,2026-09-25 ratio=98.51 momentum=104.42; 2026-09-28 ratio=98.76 momentum=104.40; 2026-09-29 ratio=98.84 momentum=103.39; 2026-09-30 ratio=98.94 momentum=103.28; 2026-10-01 ratio=99.08 momentum=103.27,16.35
stock,Indus Towers,INDUSTOWER.NS,Telecom - Infrastructure,Telecommunic ation,100302.95,3.68,1745.8,0.52,8431.1,4.64,14.02,19.48,,not_stage_2,2,376.25,404.41,-2.67,0.01678,"{'price_above_30w_ma': False, '30w_ma_rising': False, 'price_above_10w_ma': False, 'relative_strength_positive': True, 'near_52w_high': True}",leading,leading,102.22,102.1,1.6,-0.41,False,False,2026-09-25 ratio=100.63 momentum=102.51; 2026-09-28 ratio=99.70 momentum=96.40; 2026-09-29 ratio=100.69 momentum=99.68; 2026-09-30 ratio=101.56 momentum=102.37; 2026-10-01 ratio=102.22 momentum=102.10,81.6
stock,HFCL,HFCL.NS,Telecom - Infrastructure,Telecommunic ation,38306.39,0.08,245.64,809.06,1914.98,119.85,66.9,10.76,,stage_2,5,238.36,171.98,13.65,0.01063,"{'price_above_30w_ma': True, '30w_ma_rising': True, 'price_above_10w_ma': True, 'relative_strength_positive': True, 'near_52w_high': True}",leading,lagging,101.84,103.37,1.88,6.43,True,False,2026-09-25 ratio=99.96 momentum=96.93; 2026-09-28 ratio=99.82 momentum=94.53; 2026-09-29 ratio=100.46 momentum=99.17; 2026-09-30 ratio=101.13 momentum=102.86; 2026-10-01 ratio=101.84 momentum=103.37,208.35
stock,Pace Digitek,PACEDIGITK.NS,Telecom - Infrastructure,Telecommunic ation,3540.83,0.0,62.5,13.24,555.36,51.29,11.79,21.4,,not_stage_2,1,167.35,179.52,-0.91,0.00746,"{'price_above_30w_ma': False, '30w_ma_rising': False, 'price_above_10w_ma': False, 'relative_strength_positive': True, 'near_52w_high': False}",leading,improving,100.22,103.88,0.67,1.8,True,False,2026-09-25 ratio=99.56 momentum=102.08; 2026-09-28 ratio=99.44 momentum=101.76; 2026-09-29 ratio=99.54 momentum=102.26; 2026-09-30 ratio=99.44 momentum=102.43; 2026-10-01 ratio=100.22 momentum=103.88,70.5
stock,GTL Infra.,GTLINFRA.NS,Telecom - Infrastructure,Telecommunic ation,1357.8,0.0,69.39,129.86,327.31,-2.16,,,,not_stage_2,0,1.07,1.25,-0.43,5e-05,"{'price_above_30w_ma': False, '30w_ma_rising': False, 'price_above_10w_ma': False, 'relative_strength_positive': False, 'near_52w_high': False}",lagging,lagging,98.43,97.9,-0.28,-0.72,False,False,2026-09-25 ratio=98.71 momentum=98.62; 2026-09-28 ratio=98.32 momentum=96.88; 2026-09-29 ratio=98.15 momentum=97.71; 2026-09-30 ratio=98.38 momentum=100.09; 2026-10-01 ratio=98.43 momentum=97.90,0.0
stock,Suyog Telematics,SUYOG.NS,Telecom - Infrastructure,Telecommunic ation,778.31,0.15,13.93,-18.11,65.27,2.16,13.15,14.42,,not_stage_2,1,689.9,764.71,-0.39,0.03077,"{'price_above_30w_ma': False, '30w_ma_rising': False, 'price_above_10w_ma': False, 'relative_strength_positive': False, 'near_52w_high': True}",improving,improving,99.67,102.45,1.04,-0.0,False,False,2026-09-25 ratio=98.62 momentum=102.45; 2026-09-28 ratio=98.70 momentum=103.53; 2026-09-29 ratio=99.48 momentum=104.15; 2026-09-30 ratio=99.62 momentum=103.04; 2026-10-01 ratio=99.67 momentum=102.45,32.25
stock,Sar Televenture,SARTELE.NS,Telecom - Infrastructure,Telecommunic ation,489.94,0.0,36.23,25.49,280.35,35.3,6.76,8.84,,not_stage_2,1,96.85,130.12,-11.56,0.00432,"{'price_above_30w_ma': False, '30w_ma_rising': False, 'price_above_10w_ma': False, 'relative_strength_positive': True, 'near_52w_high': False}",leading,improving,100.33,102.27,0.76,0.34,True,False,2026-09-25 ratio=99.56 momentum=101.93; 2026-09-28 ratio=99.18 momentum=101.61; 2026-09-29 ratio=99.79 momentum=102.29; 2026-09-30 ratio=100.63 momentum=103.19; 2026-10-01 ratio=100.33 momentum=102.27,63.0
stock,Rama Telecom,RTL.NS,Telecom - Infrastructure,Telecommunic ation,96.36,0.0,0.48,-86.7,27.75,18.69,33.11,11.89,,insufficient_data,0,,,,,{},insufficient_data,insufficient_data,,,,,False,False,,0.0
stock,Kore Digital,KDL.NS,Telecom - Infrastructure,Telecommunic ation,53.93,0.0,11.91,-51.61,150.42,-36.24,1.52,38.1,,not_stage_2,0,47.2,115.43,-6.97,0.00211,"{'price_above_30w_ma': False, '30w_ma_rising': False, 'price_above_10w_ma': False, 'relative_strength_positive': False, 'near_52w_high': False}",lagging,lagging,97.56,93.63,0.15,-4.66,False,False,2026-09-25 ratio=97.40 momentum=98.29; 2026-09-28 ratio=97.46 momentum=97.24; 2026-09-29 ratio=97.47 momentum=97.35; 2026-09-30 ratio=97.50 momentum=96.93; 2026-10-01 ratio=97.56 momentum=93.63,0.0
