level,name,symbol,parent,sector,market_cap_cr,dividend_yield_pct,np_qtr_cr,qtr_profit_var_pct,sales_qtr_cr,qtr_sales_var_pct,pe,roce,error,stage,stage2_score,close,weekly_ma,weekly_ma_slope_4w_pct,rs_vs_benchmark,checks,rrg_quadrant,rrg_quadrant_5d_ago,rs_ratio,rs_momentum,rs_ratio_5d_delta,rs_momentum_5d_delta,moving_to_leading,improving_toward_leading,rrg_tail,stock_score
stock,Bajaj Auto,BAJAJ-AUTO.NS,2/3 Wheelers,Automobile and Auto Components,302943.75,1.36,3188.75,45.93,21688.83,65.14,25.7,28.24,,stage_2,4,11281.0,10442.33,2.36,0.4875,"{'price_above_30w_ma': True, '30w_ma_rising': True, 'price_above_10w_ma': False, 'relative_strength_positive': True, 'near_52w_high': True}",weakening,weakening,100.31,97.03,-0.22,-0.29,False,False,2026-09-21 ratio=100.53 momentum=97.32; 2026-09-22 ratio=100.40 momentum=97.63; 2026-09-23 ratio=100.32 momentum=96.94; 2026-09-24 ratio=100.27 momentum=96.79; 2026-09-25 ratio=100.31 momentum=97.03,111.27
stock,Eicher Motors,EICHERMOT.NS,2/3 Wheelers,Automobile and Auto Components,198026.24,1.14,1462.51,21.35,6632.42,31.55,34.05,30.53,,not_stage_2,1,7360.0,7385.13,-0.52,0.31806,"{'price_above_30w_ma': False, '30w_ma_rising': False, 'price_above_10w_ma': False, 'relative_strength_positive': False, 'near_52w_high': True}",lagging,lagging,98.78,95.95,-0.83,-3.21,False,False,2026-09-21 ratio=99.61 momentum=99.16; 2026-09-22 ratio=99.17 momentum=97.87; 2026-09-23 ratio=99.08 momentum=96.96; 2026-09-24 ratio=98.91 momentum=96.00; 2026-09-25 ratio=98.78 momentum=95.95,20.0
stock,TVS Motor Co.,TVSMOTOR.NS,2/3 Wheelers,Automobile and Auto Components,194421.91,0.29,1057.61,67.11,16295.52,33.46,56.2,17.37,,stage_2,4,4157.3,3756.31,1.15,0.17965,"{'price_above_30w_ma': True, '30w_ma_rising': True, 'price_above_10w_ma': False, 'relative_strength_positive': True, 'near_52w_high': True}",leading,leading,100.61,101.07,0.14,0.57,False,False,2026-09-21 ratio=100.47 momentum=100.50; 2026-09-22 ratio=100.44 momentum=99.94; 2026-09-23 ratio=100.29 momentum=98.29; 2026-09-24 ratio=100.37 momentum=97.34; 2026-09-25 ratio=100.61 momentum=101.07,135.7
stock,Hero Motocorp,HEROMOTOCO.NS,2/3 Wheelers,Automobile and Auto Components,107876.11,3.43,1417.93,-17.18,13126.35,34.94,19.48,35.22,,not_stage_2,3,5360.0,5198.53,-0.86,0.23163,"{'price_above_30w_ma': True, '30w_ma_rising': False, 'price_above_10w_ma': False, 'relative_strength_positive': True, 'near_52w_high': True}",leading,leading,100.58,101.58,-0.09,-1.26,False,False,2026-09-21 ratio=100.67 momentum=102.84; 2026-09-22 ratio=100.54 momentum=102.23; 2026-09-23 ratio=100.48 momentum=100.45; 2026-09-24 ratio=100.41 momentum=101.47; 2026-09-25 ratio=100.58 momentum=101.58,90.8
stock,Ather Energy,ATHERENERG.NS,2/3 Wheelers,Automobile and Auto Components,57703.81,0.0,-50.87,71.46,1216.92,88.79,,-19.77,,stage_2,5,1497.0,1117.95,11.81,0.06469,"{'price_above_30w_ma': True, '30w_ma_rising': True, 'price_above_10w_ma': True, 'relative_strength_positive': True, 'near_52w_high': True}",weakening,weakening,100.5,96.84,-0.6,-1.85,False,False,2026-09-21 ratio=101.10 momentum=98.70; 2026-09-22 ratio=100.80 momentum=97.60; 2026-09-23 ratio=100.44 momentum=97.60; 2026-09-24 ratio=100.57 momentum=98.04; 2026-09-25 ratio=100.50 momentum=96.84,151.12
stock,Ola Electric,OLAELEC.NS,2/3 Wheelers,Automobile and Auto Components,17514.06,0.0,-336.0,21.5,455.0,-45.05,,-19.87,,stage_2,4,38.48,37.04,3.47,0.00166,"{'price_above_30w_ma': True, '30w_ma_rising': True, 'price_above_10w_ma': True, 'relative_strength_positive': True, 'near_52w_high': False}",leading,lagging,100.89,100.08,1.34,0.17,True,False,2026-09-21 ratio=99.54 momentum=99.91; 2026-09-22 ratio=100.38 momentum=101.42; 2026-09-23 ratio=103.37 momentum=103.31; 2026-09-24 ratio=103.79 momentum=102.77; 2026-09-25 ratio=100.89 momentum=100.08,146.79
stock,Ebix,EBIX.NS,2/3 Wheelers,Automobile and Auto Components,367.95,0.0,82.0,92.94,573.24,-5.08,,5.95,,insufficient_data,0,,,,,{},insufficient_data,insufficient_data,,,,,False,False,,0.0
stock,Wardwizard Inno.,WARDINMOBI.NS,2/3 Wheelers,Automobile and Auto Components,163.06,1.84,0.19,-83.04,61.64,91.01,159.86,7.04,,insufficient_data,0,,,,,{},insufficient_data,insufficient_data,,,,,False,False,,0.0
stock,Tunwal E-Motors,TUNWAL.NS,2/3 Wheelers,Automobile and Auto Components,148.27,0.39,4.23,-34.72,132.45,27.15,11.65,13.28,,not_stage_2,1,25.45,28.69,-1.85,0.0011,"{'price_above_30w_ma': False, '30w_ma_rising': False, 'price_above_10w_ma': False, 'relative_strength_positive': True, 'near_52w_high': False}",leading,leading,101.07,103.06,0.88,1.35,False,False,2026-09-21 ratio=100.19 momentum=101.72; 2026-09-22 ratio=100.16 momentum=101.95; 2026-09-23 ratio=100.85 momentum=101.48; 2026-09-24 ratio=101.29 momentum=101.54; 2026-09-25 ratio=101.07 momentum=103.06,60.65
stock,Delta Auto.,DELTIC.NS,2/3 Wheelers,Automobile and Auto Components,52.75,0.0,3.1,-47.28,37.54,-28.28,8.66,11.35,,insufficient_data,0,,,,,{},insufficient_data,insufficient_data,,,,,False,False,,0.0
stock,Timken India,TIMKEN.NS,Abrasives & Bearings,Capital Goods,23929.29,0.08,115.13,10.47,929.09,14.87,58.47,18.26,,not_stage_2,3,3206.1,3377.19,-0.17,0.13855,"{'price_above_30w_ma': False, '30w_ma_rising': False, 'price_above_10w_ma': True, 'relative_strength_positive': True, 'near_52w_high': True}",weakening,leading,101.51,98.3,0.94,-2.58,False,False,2026-09-21 ratio=100.56 momentum=100.88; 2026-09-22 ratio=101.19 momentum=101.75; 2026-09-23 ratio=102.19 momentum=103.01; 2026-09-24 ratio=102.29 momentum=101.54; 2026-09-25 ratio=101.51 momentum=98.30,67.55
stock,Carborundum Uni.,CARBORUNIV.NS,Abrasives & Bearings,Capital Goods,23771.26,0.32,80.34,23.44,1426.63,17.03,94.79,10.52,,stage_2,5,1278.5,1030.28,4.55,0.05525,"{'price_above_30w_ma': True, '30w_ma_rising': True, 'price_above_10w_ma': True, 'relative_strength_positive': True, 'near_52w_high': True}",leading,leading,103.16,101.46,-0.01,-0.66,False,False,2026-09-21 ratio=103.17 momentum=102.11; 2026-09-22 ratio=103.57 momentum=102.34; 2026-09-23 ratio=103.87 momentum=102.17; 2026-09-24 ratio=104.01 momentum=101.86; 2026-09-25 ratio=103.16 momentum=101.46,177.2
stock,Grindwell Norton,GRINDWELL.NS,Abrasives & Bearings,Capital Goods,21238.31,0.99,115.31,22.3,803.3,14.19,48.68,21.18,,stage_2,4,1972.7,1851.16,2.04,0.08525,"{'price_above_30w_ma': True, '30w_ma_rising': True, 'price_above_10w_ma': False, 'relative_strength_positive': True, 'near_52w_high': True}",leading,improving,100.37,102.09,0.57,-0.38,False,False,2026-09-21 ratio=99.80 momentum=102.47; 2026-09-22 ratio=99.57 momentum=102.08; 2026-09-23 ratio=99.91 momentum=102.17; 2026-09-24 ratio=100.40 momentum=102.62; 2026-09-25 ratio=100.37 momentum=102.09,141.38
stock,SKF India Indus.,SKFINDUS.NS,Abrasives & Bearings,Capital Goods,14206.13,0.69,61.92,-13.84,970.77,18.3,36.95,29.89,,stage_2,5,2918.0,2522.51,2.43,0.1261,"{'price_above_30w_ma': True, '30w_ma_rising': True, 'price_above_10w_ma': True, 'relative_strength_positive': True, 'near_52w_high': True}",weakening,weakening,101.3,99.13,0.3,2.15,False,False,2026-09-21 ratio=101.00 momentum=96.98; 2026-09-22 ratio=100.44 momentum=96.13; 2026-09-23 ratio=100.95 momentum=98.17; 2026-09-24 ratio=101.57 momentum=98.82; 2026-09-25 ratio=101.30 momentum=99.13,136.36
stock,SKF India,SKFINDIA.NS,Abrasives & Bearings,Capital Goods,7481.32,2.65,61.84,32.31,587.79,27.09,50.38,13.33,,not_stage_2,1,1539.8,1597.47,-1.49,0.06654,"{'price_above_30w_ma': False, '30w_ma_rising': False, 'price_above_10w_ma': False, 'relative_strength_positive': True, 'near_52w_high': False}",leading,leading,101.17,101.44,0.42,0.05,False,False,2026-09-21 ratio=100.76 momentum=101.39; 2026-09-22 ratio=100.36 momentum=99.95; 2026-09-23 ratio=100.47 momentum=100.21; 2026-09-24 ratio=101.37 momentum=101.97; 2026-09-25 ratio=101.17 momentum=101.44,53.05
stock,Wendt India,WENDT.NS,Abrasives & Bearings,Capital Goods,1692.23,0.35,6.18,63.49,71.28,36.63,99.84,7.82,,stage_2,5,8646.0,7512.03,3.07,0.37363,"{'price_above_30w_ma': True, '30w_ma_rising': True, 'price_above_10w_ma': True, 'relative_strength_positive': True, 'near_52w_high': True}",weakening,leading,101.67,97.29,-0.09,-4.13,False,False,2026-09-21 ratio=101.77 momentum=101.42; 2026-09-22 ratio=101.72 momentum=99.52; 2026-09-23 ratio=101.65 momentum=98.63; 2026-09-24 ratio=101.55 momentum=99.52; 2026-09-25 ratio=101.67 momentum=97.29,139.49
stock,SKP Bearing,SKP.NS,Abrasives & Bearings,Capital Goods,269.84,0.68,0.04,-89.47,22.11,-0.05,457.35,11.38,,not_stage_2,2,159.25,156.77,-0.49,0.00688,"{'price_above_30w_ma': True, '30w_ma_rising': False, 'price_above_10w_ma': False, 'relative_strength_positive': True, 'near_52w_high': False}",weakening,leading,100.78,96.53,-0.46,-5.62,False,False,2026-09-21 ratio=101.23 momentum=102.15; 2026-09-22 ratio=100.88 momentum=98.52; 2026-09-23 ratio=101.24 momentum=98.22; 2026-09-24 ratio=101.99 momentum=98.76; 2026-09-25 ratio=100.78 momentum=96.53,43.9
stock,NRB Indl Bearing,NIBL.NS,Abrasives & Bearings,Capital Goods,75.48,0.0,-6.59,-29.47,18.9,1.89,,-18.17,,stage_2,4,32.65,31.28,0.56,0.00141,"{'price_above_30w_ma': True, '30w_ma_rising': True, 'price_above_10w_ma': False, 'relative_strength_positive': True, 'near_52w_high': True}",leading,improving,100.51,102.03,1.21,2.0,True,False,2026-09-21 ratio=99.29 momentum=100.03; 2026-09-22 ratio=100.61 momentum=102.62; 2026-09-23 ratio=100.74 momentum=102.74; 2026-09-24 ratio=100.54 momentum=101.93; 2026-09-25 ratio=100.51 momentum=102.03,148.82
stock,Signpost India,SIGNPOST.NS,Advertising & Media Agencies,"Media, Entertainment & Publication",1414.52,0.19,18.69,22.32,152.26,10.61,19.26,25.13,,stage_2,4,271.2,267.56,1.51,0.01172,"{'price_above_30w_ma': True, '30w_ma_rising': True, 'price_above_10w_ma': False, 'relative_strength_positive': True, 'near_52w_high': True}",leading,improving,100.36,102.53,0.44,-4.61,False,False,2026-09-21 ratio=99.92 momentum=107.14; 2026-09-22 ratio=99.91 momentum=101.70; 2026-09-23 ratio=100.21 momentum=104.11; 2026-09-24 ratio=100.42 momentum=102.44; 2026-09-25 ratio=100.36 momentum=102.53,142.47
stock,R K Swamy,RKSWAMY.NS,Advertising & Media Agencies,"Media, Entertainment & Publication",448.78,2.26,3.47,20.91,83.62,7.8,18.35,12.26,,not_stage_2,0,90.59,94.48,-1.88,0.00391,"{'price_above_30w_ma': False, '30w_ma_rising': False, 'price_above_10w_ma': False, 'relative_strength_positive': False, 'near_52w_high': False}",improving,lagging,99.38,101.2,0.82,2.45,False,True,2026-09-21 ratio=98.56 momentum=98.76; 2026-09-22 ratio=98.48 momentum=98.56; 2026-09-23 ratio=99.48 momentum=100.59; 2026-09-24 ratio=99.69 momentum=101.15; 2026-09-25 ratio=99.38 momentum=101.20,6.0
stock,Simca Advertis.,SIMCA.NS,Advertising & Media Agencies,"Media, Entertainment & Publication",345.38,0.0,9.04,1164.71,78.51,107.37,20.67,109.69,,insufficient_data,0,,,,,{},insufficient_data,insufficient_data,,,,,False,False,,0.0
stock,Vertoz,VERTOZ.NS,Advertising & Media Agencies,"Media, Entertainment & Publication",308.28,0.28,7.36,5.02,81.64,15.82,11.68,14.16,,not_stage_2,1,36.29,40.41,-4.12,0.00157,"{'price_above_30w_ma': False, '30w_ma_rising': False, 'price_above_10w_ma': False, 'relative_strength_positive': True, 'near_52w_high': False}",weakening,weakening,100.41,94.96,-0.12,-4.99,False,False,2026-09-21 ratio=100.53 momentum=99.95; 2026-09-22 ratio=100.58 momentum=100.63; 2026-09-23 ratio=100.47 momentum=98.19; 2026-09-24 ratio=100.75 momentum=98.76; 2026-09-25 ratio=100.41 momentum=94.96,22.05
stock,Yaap Digital,YAAP.NS,Advertising & Media Agencies,"Media, Entertainment & Publication",257.58,0.0,19.0,84.08,135.66,28.14,16.29,28.46,,insufficient_data,0,,,,,{},insufficient_data,insufficient_data,,,,,False,False,,0.0
stock,Cash UR Drive,CUDML.NS,Advertising & Media Agencies,"Media, Entertainment & Publication",179.02,0.0,18.52,94.54,108.79,43.71,6.96,37.56,,insufficient_data,0,,,,,{},insufficient_data,insufficient_data,,,,,False,False,,0.0
stock,Pramara Promotio,PRAMARA.NS,Advertising & Media Agencies,"Media, Entertainment & Publication",150.18,0.0,3.91,5.96,59.27,6.49,14.96,14.95,,not_stage_2,0,102.6,206.87,-14.45,0.00443,"{'price_above_30w_ma': False, '30w_ma_rising': False, 'price_above_10w_ma': False, 'relative_strength_positive': False, 'near_52w_high': False}",improving,lagging,99.66,103.3,1.54,3.56,False,True,2026-09-21 ratio=98.13 momentum=99.74; 2026-09-22 ratio=98.50 momentum=100.94; 2026-09-23 ratio=98.82 momentum=101.45; 2026-09-24 ratio=99.30 momentum=102.06; 2026-09-25 ratio=99.66 momentum=103.30,16.5
stock,Digicontent,DGCONTENT.NS,Advertising & Media Agencies,"Media, Entertainment & Publication",132.66,0.0,-1.93,17.17,123.3,11.63,7.79,23.95,,not_stage_2,1,23.9,26.14,-1.23,0.00103,"{'price_above_30w_ma': False, '30w_ma_rising': False, 'price_above_10w_ma': False, 'relative_strength_positive': True, 'near_52w_high': False}",leading,lagging,100.4,101.27,0.41,1.62,True,False,2026-09-21 ratio=100.00 momentum=99.65; 2026-09-22 ratio=99.95 momentum=99.95; 2026-09-23 ratio=101.30 momentum=102.41; 2026-09-24 ratio=100.22 momentum=98.76; 2026-09-25 ratio=100.40 momentum=101.27,58.35
stock,Value 360 Commu.,VALUE360.NS,Advertising & Media Agencies,"Media, Entertainment & Publication",90.35,0.0,4.99,131.34,35.84,16.97,9.11,38.64,,insufficient_data,0,,,,,{},insufficient_data,insufficient_data,,,,,False,False,,0.0
stock,Crayons Advertis,CRAYONS.NS,Advertising & Media Agencies,"Media, Entertainment & Publication",62.78,0.0,0.68,-94.03,171.88,26.88,18.34,5.53,,not_stage_2,0,24.5,30.01,-6.33,0.00106,"{'price_above_30w_ma': False, '30w_ma_rising': False, 'price_above_10w_ma': False, 'relative_strength_positive': False, 'near_52w_high': False}",improving,lagging,99.72,100.41,1.05,0.63,False,True,2026-09-21 ratio=98.67 momentum=99.78; 2026-09-22 ratio=99.44 momentum=102.40; 2026-09-23 ratio=99.36 momentum=101.86; 2026-09-24 ratio=99.77 momentum=100.49; 2026-09-25 ratio=99.72 momentum=100.41,2.05
stock,Hind.Aeronautics,HAL.NS,Aerospace & Defense,Capital Goods,316865.6,0.95,1589.66,14.88,5515.17,14.45,33.99,31.97,,stage_2,4,4800.0,4431.74,2.31,0.20743,"{'price_above_30w_ma': True, '30w_ma_rising': True, 'price_above_10w_ma': False, 'relative_strength_positive': True, 'near_52w_high': True}",weakening,weakening,100.92,96.83,0.04,-2.81,False,False,2026-09-21 ratio=100.88 momentum=99.63; 2026-09-22 ratio=100.81 momentum=99.36; 2026-09-23 ratio=100.84 momentum=97.26; 2026-09-24 ratio=100.90 momentum=96.53; 2026-09-25 ratio=100.92 momentum=96.83,114.22
stock,Bharat Electron,BEL.NS,Aerospace & Defense,Capital Goods,281791.97,0.65,1054.53,8.7,5546.98,24.94,45.85,36.44,,not_stage_2,2,393.55,418.34,-1.22,0.01701,"{'price_above_30w_ma': False, '30w_ma_rising': False, 'price_above_10w_ma': False, 'relative_strength_positive': True, 'near_52w_high': True}",weakening,leading,100.54,99.0,-0.03,-1.37,False,False,2026-09-21 ratio=100.56 momentum=100.37; 2026-09-22 ratio=100.65 momentum=100.38; 2026-09-23 ratio=100.26 momentum=98.18; 2026-09-24 ratio=100.52 momentum=98.67; 2026-09-25 ratio=100.54 momentum=99.00,42.7
stock,Bharat Dynamics,BDL.NS,Aerospace & Defense,Capital Goods,40816.23,0.44,118.79,547.36,572.24,130.81,78.38,13.86,,not_stage_2,0,1140.0,1293.16,-0.78,0.04926,"{'price_above_30w_ma': False, '30w_ma_rising': False, 'price_above_10w_ma': False, 'relative_strength_positive': False, 'near_52w_high': False}",lagging,lagging,98.51,99.64,-0.19,0.78,False,False,2026-09-21 ratio=98.70 momentum=98.86; 2026-09-22 ratio=98.70 momentum=99.02; 2026-09-23 ratio=98.51 momentum=97.91; 2026-09-24 ratio=98.81 momentum=99.19; 2026-09-25 ratio=98.51 momentum=99.64,0.0
stock,Garden Reach Sh.,GRSE.NS,Aerospace & Defense,Capital Goods,25706.51,0.87,172.84,43.82,1814.62,38.53,32.11,42.82,,not_stage_2,1,2319.0,2589.9,-0.07,0.10021,"{'price_above_30w_ma': False, '30w_ma_rising': False, 'price_above_10w_ma': False, 'relative_strength_positive': False, 'near_52w_high': True}",lagging,lagging,97.95,99.16,-0.04,0.68,False,False,2026-09-21 ratio=98.00 momentum=98.49; 2026-09-22 ratio=98.68 momentum=99.49; 2026-09-23 ratio=98.24 momentum=97.94; 2026-09-24 ratio=98.36 momentum=97.85; 2026-09-25 ratio=97.95 momentum=99.16,20.0
stock,Data Pattern,DATAPATTNS.NS,Aerospace & Defense,Capital Goods,23933.21,0.23,22.06,-13.49,116.03,16.81,88.56,21.92,,stage_2,4,4418.8,4119.57,5.69,0.19096,"{'price_above_30w_ma': True, '30w_ma_rising': True, 'price_above_10w_ma': False, 'relative_strength_positive': True, 'near_52w_high': True}",weakening,weakening,100.24,97.14,-0.29,-2.53,False,False,2026-09-21 ratio=100.53 momentum=99.67; 2026-09-22 ratio=100.45 momentum=99.47; 2026-09-23 ratio=100.05 momentum=96.95; 2026-09-24 ratio=100.23 momentum=96.76; 2026-09-25 ratio=100.24 momentum=97.14,117.58
stock,Sigma Advanced System,SIGMAADV.NS,Aerospace & Defense,Capital Goods,17670.99,0.0,35.41,-81.87,374.28,7083.88,106.26,11.74,,stage_2,5,946.0,474.31,23.34,0.04088,"{'price_above_30w_ma': True, '30w_ma_rising': True, 'price_above_10w_ma': True, 'relative_strength_positive': True, 'near_52w_high': True}",leading,leading,102.08,101.13,-0.23,-1.1,False,False,2026-09-21 ratio=102.31 momentum=102.23; 2026-09-22 ratio=102.49 momentum=104.04; 2026-09-23 ratio=102.19 momentum=101.45; 2026-09-24 ratio=102.27 momentum=103.47; 2026-09-25 ratio=102.08 momentum=101.13,207.73
stock,Aequs,AEQUS.NS,Aerospace & Defense,Capital Goods,17433.39,0.0,-53.23,-1457.91,395.55,54.77,,1.69,,stage_2,5,246.05,202.22,6.63,0.01063,"{'price_above_30w_ma': True, '30w_ma_rising': True, 'price_above_10w_ma': True, 'relative_strength_positive': True, 'near_52w_high': True}",leading,lagging,101.5,102.08,1.66,3.47,True,False,2026-09-21 ratio=99.85 momentum=98.61; 2026-09-22 ratio=101.12 momentum=102.53; 2026-09-23 ratio=101.07 momentum=102.06; 2026-09-24 ratio=101.32 momentum=101.97; 2026-09-25 ratio=101.50 momentum=102.08,186.16
stock,Apollo Micro Sys,APOLLO.NS,Aerospace & Defense,Capital Goods,15176.25,0.06,25.21,45.38,251.29,88.12,125.09,14.53,,stage_2,5,395.6,344.24,6.54,0.0171,"{'price_above_30w_ma': True, '30w_ma_rising': True, 'price_above_10w_ma': True, 'relative_strength_positive': True, 'near_52w_high': True}",weakening,leading,101.21,99.29,0.94,-1.04,False,False,2026-09-21 ratio=100.28 momentum=100.34; 2026-09-22 ratio=101.91 momentum=100.70; 2026-09-23 ratio=101.56 momentum=99.55; 2026-09-24 ratio=101.59 momentum=99.17; 2026-09-25 ratio=101.21 momentum=99.29,144.13
stock,Astra Microwave,ASTRAMICRO.NS,Aerospace & Defense,Capital Goods,15097.21,0.15,12.35,-24.09,176.66,-11.55,79.86,20.28,,not_stage_2,3,1622.4,1428.54,7.5,0.07011,"{'price_above_30w_ma': True, '30w_ma_rising': True, 'price_above_10w_ma': False, 'relative_strength_positive': False, 'near_52w_high': True}",lagging,lagging,99.43,98.49,-0.22,-0.89,False,False,2026-09-21 ratio=99.65 momentum=99.38; 2026-09-22 ratio=98.94 momentum=98.61; 2026-09-23 ratio=98.55 momentum=95.92; 2026-09-24 ratio=99.00 momentum=97.42; 2026-09-25 ratio=99.43 momentum=98.49,75.0
stock,Zen Technologies,ZENTEC.NS,Aerospace & Defense,Capital Goods,14844.81,0.06,31.85,-23.2,141.64,-10.48,81.7,16.18,,not_stage_2,3,1682.4,1675.18,3.23,0.0727,"{'price_above_30w_ma': True, '30w_ma_rising': True, 'price_above_10w_ma': False, 'relative_strength_positive': False, 'near_52w_high': True}",lagging,lagging,99.76,98.45,0.26,0.11,False,False,2026-09-21 ratio=99.50 momentum=98.34; 2026-09-22 ratio=99.43 momentum=98.12; 2026-09-23 ratio=99.34 momentum=95.65; 2026-09-24 ratio=99.37 momentum=96.58; 2026-09-25 ratio=99.76 momentum=98.45,66.46
stock,Hindalco Inds.,HINDALCO.NS,Aluminium,Metals & Mining,214812.38,0.52,7013.0,116.7,84825.0,32.06,10.31,13.21,,not_stage_2,3,977.0,998.91,0.82,0.04222,"{'price_above_30w_ma': False, '30w_ma_rising': True, 'price_above_10w_ma': False, 'relative_strength_positive': True, 'near_52w_high': True}",weakening,weakening,100.26,96.11,0.1,-2.69,False,False,2026-09-21 ratio=100.16 momentum=98.80; 2026-09-22 ratio=100.00 momentum=98.60; 2026-09-23 ratio=100.72 momentum=99.63; 2026-09-24 ratio=100.53 momentum=96.89; 2026-09-25 ratio=100.26 momentum=96.11,62.94
stock,Vedanta Aluminium Metal,VAML.NS,Aluminium,Metals & Mining,164198.14,1.9,6597.0,216.06,21393.0,45.99,10.37,,,insufficient_data,0,,,,,{},weakening,lagging,100.09,99.92,1.79,0.86,False,False,2026-09-21 ratio=98.31 momentum=99.06; 2026-09-22 ratio=99.60 momentum=99.87; 2026-09-23 ratio=100.43 momentum=100.54; 2026-09-24 ratio=100.46 momentum=99.37; 2026-09-25 ratio=100.09 momentum=99.92,0.45
stock,Natl. Aluminium,NATIONALUM.NS,Aluminium,Metals & Mining,64098.45,3.3,2003.14,90.87,5302.38,39.28,9.5,39.59,,not_stage_2,3,358.7,382.13,0.39,0.0155,"{'price_above_30w_ma': False, '30w_ma_rising': True, 'price_above_10w_ma': False, 'relative_strength_positive': True, 'near_52w_high': True}",weakening,lagging,100.13,97.33,0.52,-0.56,False,False,2026-09-21 ratio=99.61 momentum=97.89; 2026-09-22 ratio=99.65 momentum=98.73; 2026-09-23 ratio=100.17 momentum=99.06; 2026-09-24 ratio=100.20 momentum=97.55; 2026-09-25 ratio=100.13 momentum=97.33,61.43
stock,Arfin India,ARFIN.NS,Aluminium,Metals & Mining,1493.68,0.14,3.53,246.08,207.96,91.23,92.72,13.96,,stage_2,5,90.31,87.94,2.27,0.0039,"{'price_above_30w_ma': True, '30w_ma_rising': True, 'price_above_10w_ma': True, 'relative_strength_positive': True, 'near_52w_high': True}",leading,leading,101.7,100.81,-0.3,-0.74,False,False,2026-09-21 ratio=102.00 momentum=101.55; 2026-09-22 ratio=101.46 momentum=97.91; 2026-09-23 ratio=101.85 momentum=99.95; 2026-09-24 ratio=101.62 momentum=100.42; 2026-09-25 ratio=101.70 momentum=100.81,162.09
stock,MMP Industries,MMP.NS,Aluminium,Metals & Mining,1148.84,0.44,13.7,15.32,232.6,26.9,25.76,12.56,,stage_2,5,460.25,298.77,9.7,0.01989,"{'price_above_30w_ma': True, '30w_ma_rising': True, 'price_above_10w_ma': True, 'relative_strength_positive': True, 'near_52w_high': True}",weakening,leading,101.37,97.7,-0.43,-2.53,False,False,2026-09-21 ratio=101.79 momentum=100.23; 2026-09-22 ratio=101.51 momentum=97.43; 2026-09-23 ratio=101.46 momentum=94.94; 2026-09-24 ratio=101.36 momentum=96.11; 2026-09-25 ratio=101.37 momentum=97.70,151.25
stock,Maan Aluminium,MAANALU.NS,Aluminium,Metals & Mining,605.01,0.0,3.1,13.55,231.86,9.79,45.15,7.74,,not_stage_2,0,100.18,127.32,-3.63,0.00433,"{'price_above_30w_ma': False, '30w_ma_rising': False, 'price_above_10w_ma': False, 'relative_strength_positive': False, 'near_52w_high': False}",lagging,lagging,97.69,98.24,-0.2,0.89,False,False,2026-09-21 ratio=97.90 momentum=97.35; 2026-09-22 ratio=98.04 momentum=98.16; 2026-09-23 ratio=97.88 momentum=97.39; 2026-09-24 ratio=98.08 momentum=98.95; 2026-09-25 ratio=97.69 momentum=98.24,0.0
stock,Jainik Power,JAINIK.NS,Aluminium,Metals & Mining,292.7,0.0,7.85,64.57,208.91,9.73,20.88,29.88,,insufficient_data,0,,,,,{},insufficient_data,insufficient_data,,,,,False,False,,0.0
stock,Manaksia Alumi.,MANAKALUCO.NS,Aluminium,Metals & Mining,223.06,0.15,2.85,82.69,139.59,3.85,25.2,10.15,,not_stage_2,2,35.63,34.34,2.73,0.00154,"{'price_above_30w_ma': True, '30w_ma_rising': True, 'price_above_10w_ma': False, 'relative_strength_positive': False, 'near_52w_high': False}",lagging,lagging,99.77,96.29,0.34,-2.01,False,False,2026-09-21 ratio=99.42 momentum=98.29; 2026-09-22 ratio=99.46 momentum=97.19; 2026-09-23 ratio=99.69 momentum=97.04; 2026-09-24 ratio=99.65 momentum=95.76; 2026-09-25 ratio=99.77 momentum=96.29,45.46
stock,Hind Aluminium,HINDALUMI.NS,Aluminium,Metals & Mining,57.6,0.0,1.91,-51.03,5.36,405.66,15.53,-2.7,,insufficient_data,0,,,,,{},insufficient_data,insufficient_data,,,,,False,False,,0.0
stock,Prec. Wires (I),PRECWIRE.NS,"Aluminium, Copper & Zinc Products",Capital Goods,8786.67,0.26,46.45,71.47,1779.24,59.49,50.32,32.94,,stage_2,5,502.6,398.23,7.28,0.02172,"{'price_above_30w_ma': True, '30w_ma_rising': True, 'price_above_10w_ma': True, 'relative_strength_positive': True, 'near_52w_high': True}",leading,weakening,101.68,101.08,0.4,2.15,True,False,2026-09-21 ratio=101.28 momentum=98.93; 2026-09-22 ratio=101.61 momentum=100.87; 2026-09-23 ratio=101.63 momentum=99.61; 2026-09-24 ratio=101.52 momentum=99.64; 2026-09-25 ratio=101.68 momentum=101.08,183.36
stock,CMR Green Tech.,CMRGREEN.NS,"Aluminium, Copper & Zinc Products",Capital Goods,4855.62,0.0,68.18,16.41,3122.73,64.92,20.41,14.06,,insufficient_data,0,,,,,{},leading,leading,101.63,100.9,-0.75,-0.8,False,False,2026-09-21 ratio=102.38 momentum=101.70; 2026-09-22 ratio=102.31 momentum=102.00; 2026-09-23 ratio=101.80 momentum=101.15; 2026-09-24 ratio=101.27 momentum=100.99; 2026-09-25 ratio=101.63 momentum=100.90,32.65
stock,Vidya Wires,VIDYAWIRES.NS,"Aluminium, Copper & Zinc Products",Capital Goods,1934.22,0.0,17.14,41.42,549.71,33.5,30.86,20.59,,stage_2,5,90.54,84.26,6.55,0.00391,"{'price_above_30w_ma': True, '30w_ma_rising': True, 'price_above_10w_ma': True, 'relative_strength_positive': True, 'near_52w_high': True}",leading,lagging,101.75,101.7,2.6,3.07,True,False,2026-09-21 ratio=99.16 momentum=98.62; 2026-09-22 ratio=99.05 momentum=99.22; 2026-09-23 ratio=100.45 momentum=101.16; 2026-09-24 ratio=100.06 momentum=99.59; 2026-09-25 ratio=101.75 momentum=101.70,185.35
stock,Sunlite Recycli.,SUNLITE.NS,"Aluminium, Copper & Zinc Products",Capital Goods,836.98,0.16,25.8,257.84,1642.41,116.13,20.85,46.52,,insufficient_data,0,,,,,{},insufficient_data,insufficient_data,,,,,False,False,,0.0
stock,Baheti Recycling,BAHETI.NS,"Aluminium, Copper & Zinc Products",Capital Goods,800.5,0.0,17.79,61.87,409.72,53.38,29.63,21.55,,stage_2,4,761.4,666.96,4.2,0.0329,"{'price_above_30w_ma': True, '30w_ma_rising': True, 'price_above_10w_ma': False, 'relative_strength_positive': True, 'near_52w_high': True}",weakening,weakening,100.23,96.84,0.01,-0.58,False,False,2026-09-21 ratio=100.22 momentum=97.41; 2026-09-22 ratio=100.25 momentum=98.04; 2026-09-23 ratio=100.08 momentum=97.52; 2026-09-24 ratio=100.08 momentum=97.19; 2026-09-25 ratio=100.23 momentum=96.84,114.55
stock,Shera Energy,SHERA.NS,"Aluminium, Copper & Zinc Products",Capital Goods,466.06,0.0,12.64,88.26,487.67,26.1,13.62,19.53,,stage_2,4,177.9,154.77,5.9,0.00769,"{'price_above_30w_ma': True, '30w_ma_rising': True, 'price_above_10w_ma': False, 'relative_strength_positive': True, 'near_52w_high': True}",weakening,weakening,100.84,97.05,-0.8,-2.68,False,False,2026-09-21 ratio=101.64 momentum=99.73; 2026-09-22 ratio=101.20 momentum=99.03; 2026-09-23 ratio=101.03 momentum=97.80; 2026-09-24 ratio=100.74 momentum=97.76; 2026-09-25 ratio=100.84 momentum=97.05,121.0
stock,ANB Metal,AMCL.NS,"Aluminium, Copper & Zinc Products",Capital Goods,411.73,0.0,12.97,199.54,137.39,115.08,19.19,29.6,,insufficient_data,0,,,,,{},insufficient_data,insufficient_data,,,,,False,False,,0.0
stock,Euro Panel,EUROBOND.NS,"Aluminium, Copper & Zinc Products",Capital Goods,361.47,0.0,4.96,-13.29,119.62,14.1,13.67,16.72,,not_stage_2,1,150.56,164.57,-1.84,0.00651,"{'price_above_30w_ma': False, '30w_ma_rising': False, 'price_above_10w_ma': False, 'relative_strength_positive': True, 'near_52w_high': False}",improving,leading,99.98,102.15,-0.08,-1.81,False,False,2026-09-21 ratio=100.06 momentum=103.96; 2026-09-22 ratio=100.18 momentum=103.35; 2026-09-23 ratio=99.82 momentum=100.40; 2026-09-24 ratio=99.56 momentum=101.08; 2026-09-25 ratio=99.98 momentum=102.15,30.75
stock,Cubex Tubings,CUBEXTUB.NS,"Aluminium, Copper & Zinc Products",Capital Goods,239.79,0.0,1.32,7.32,64.97,30.28,31.8,11.49,,not_stage_2,4,152.24,87.98,-1.98,0.00658,"{'price_above_30w_ma': True, '30w_ma_rising': False, 'price_above_10w_ma': True, 'relative_strength_positive': True, 'near_52w_high': True}",leading,leading,104.59,101.87,0.56,-0.85,False,False,2026-09-21 ratio=104.03 momentum=102.73; 2026-09-22 ratio=105.84 momentum=103.27; 2026-09-23 ratio=105.71 momentum=102.11; 2026-09-24 ratio=105.07 momentum=101.31; 2026-09-25 ratio=104.59 momentum=101.87,132.3
stock,Century Extrus.,CENTEXT.NS,"Aluminium, Copper & Zinc Products",Capital Goods,199.54,0.0,3.77,59.75,138.36,32.85,15.55,19.29,,not_stage_2,0,18.56,20.08,-1.04,0.0008,"{'price_above_30w_ma': False, '30w_ma_rising': False, 'price_above_10w_ma': False, 'relative_strength_positive': False, 'near_52w_high': False}",lagging,lagging,99.06,96.51,-0.47,-2.35,False,False,2026-09-21 ratio=99.53 momentum=98.86; 2026-09-22 ratio=99.06 momentum=99.43; 2026-09-23 ratio=99.09 momentum=98.86; 2026-09-24 ratio=99.32 momentum=98.46; 2026-09-25 ratio=99.06 momentum=96.51,0.0
stock,Wonderla Holiday,WONDERLA.NS,Amusement Parks/ Other Recreation,Consumer Services,3214.78,0.4,72.8,38.48,242.63,44.22,30.39,6.2,,stage_2,5,510.15,502.13,0.87,0.02205,"{'price_above_30w_ma': True, '30w_ma_rising': True, 'price_above_10w_ma': True, 'relative_strength_positive': True, 'near_52w_high': True}",weakening,weakening,100.98,97.97,-0.01,3.36,False,False,2026-09-21 ratio=100.99 momentum=94.61; 2026-09-22 ratio=100.99 momentum=96.56; 2026-09-23 ratio=100.85 momentum=97.60; 2026-09-24 ratio=101.07 momentum=98.14; 2026-09-25 ratio=100.98 momentum=97.97,131.64
stock,Imagica. Enter.,IMAGICAA.NS,Amusement Parks/ Other Recreation,Consumer Services,3025.06,0.0,57.57,26.19,177.6,19.92,237.45,1.81,,stage_2,5,52.29,46.7,1.98,0.00226,"{'price_above_30w_ma': True, '30w_ma_rising': True, 'price_above_10w_ma': True, 'relative_strength_positive': True, 'near_52w_high': True}",weakening,weakening,100.93,97.41,-0.14,-0.0,False,False,2026-09-21 ratio=101.06 momentum=97.41; 2026-09-22 ratio=100.95 momentum=97.36; 2026-09-23 ratio=100.96 momentum=97.40; 2026-09-24 ratio=100.80 momentum=94.65; 2026-09-25 ratio=100.93 momentum=97.41,133.61
stock,Delta Corp,DELTACORP.NS,Amusement Parks/ Other Recreation,Consumer Services,1932.05,0.69,-212.57,219.62,168.55,-8.48,12.53,5.08,,not_stage_2,4,76.84,63.51,-0.81,0.00332,"{'price_above_30w_ma': True, '30w_ma_rising': False, 'price_above_10w_ma': True, 'relative_strength_positive': True, 'near_52w_high': True}",leading,leading,104.22,102.75,3.2,-0.6,False,False,2026-09-21 ratio=101.02 momentum=103.35; 2026-09-22 ratio=101.18 momentum=102.63; 2026-09-23 ratio=103.33 momentum=103.14; 2026-09-24 ratio=104.16 momentum=102.81; 2026-09-25 ratio=104.22 momentum=102.75,134.85
stock,Nicco Parks,NICCOPAR.NS,Amusement Parks/ Other Recreation,Consumer Services,376.74,1.55,5.47,68.83,19.05,-27.54,63.75,13.52,,insufficient_data,0,,,,,{},insufficient_data,insufficient_data,,,,,False,False,,0.0
stock,Godrej Agrovet,GODREJAGRO.NS,Animal Feed,Fast Moving Consumer Goods,12356.8,1.71,128.31,-16.21,2855.22,9.22,26.33,19.16,,stage_2,5,657.8,587.86,0.91,0.02843,"{'price_above_30w_ma': True, '30w_ma_rising': True, 'price_above_10w_ma': True, 'relative_strength_positive': True, 'near_52w_high': True}",weakening,weakening,101.34,95.89,-0.2,-2.54,False,False,2026-09-21 ratio=101.54 momentum=98.43; 2026-09-22 ratio=101.39 momentum=97.21; 2026-09-23 ratio=101.56 momentum=97.09; 2026-09-24 ratio=101.79 momentum=97.16; 2026-09-25 ratio=101.34 momentum=95.89,133.52
stock,Avanti Feeds,AVANTIFEED.NS,Animal Feed,Fast Moving Consumer Goods,10102.61,1.35,116.3,-42.0,1899.86,18.32,18.78,24.38,,not_stage_2,0,753.15,1081.24,-5.69,0.03255,"{'price_above_30w_ma': False, '30w_ma_rising': False, 'price_above_10w_ma': False, 'relative_strength_positive': False, 'near_52w_high': False}",lagging,improving,98.8,96.39,0.1,-4.78,False,False,2026-09-21 ratio=98.70 momentum=101.17; 2026-09-22 ratio=98.60 momentum=101.10; 2026-09-23 ratio=98.80 momentum=96.66; 2026-09-24 ratio=98.77 momentum=98.59; 2026-09-25 ratio=98.80 momentum=96.39,0.0
stock,Mukka Proteins,MUKKA.NS,Animal Feed,Fast Moving Consumer Goods,804.66,0.0,18.64,1142.76,489.65,186.73,11.64,11.61,,stage_2,5,27.4,24.08,3.14,0.00118,"{'price_above_30w_ma': True, '30w_ma_rising': True, 'price_above_10w_ma': True, 'relative_strength_positive': True, 'near_52w_high': True}",weakening,weakening,100.74,97.75,-0.28,0.95,False,False,2026-09-21 ratio=101.02 momentum=96.80; 2026-09-22 ratio=100.74 momentum=96.31; 2026-09-23 ratio=100.58 momentum=97.22; 2026-09-24 ratio=100.68 momentum=97.90; 2026-09-25 ratio=100.74 momentum=97.75,134.98
stock,KSE,KSE.NS,Animal Feed,Fast Moving Consumer Goods,573.82,6.97,0.94,-98.44,453.67,9.06,12.45,33.55,,insufficient_data,0,,,,,{},insufficient_data,insufficient_data,,,,,False,False,,0.0
stock,Narmada Agrobase,NARMADA.NS,Animal Feed,Fast Moving Consumer Goods,99.61,0.0,0.75,-26.47,22.26,100.9,27.75,8.95,,not_stage_2,0,13.37,16.71,-2.0,0.00058,"{'price_above_30w_ma': False, '30w_ma_rising': False, 'price_above_10w_ma': False, 'relative_strength_positive': False, 'near_52w_high': False}",improving,improving,99.33,100.27,0.16,-2.36,False,False,2026-09-21 ratio=99.16 momentum=102.64; 2026-09-22 ratio=99.20 momentum=99.22; 2026-09-23 ratio=99.15 momentum=96.79; 2026-09-24 ratio=99.25 momentum=96.97; 2026-09-25 ratio=99.33 momentum=100.27,1.35
stock,Ajooni Biotech,AJOONI.NS,Animal Feed,Fast Moving Consumer Goods,54.09,0.0,0.43,-44.87,63.49,103.04,13.66,6.11,,not_stage_2,0,3.19,3.95,-4.4,0.00014,"{'price_above_30w_ma': False, '30w_ma_rising': False, 'price_above_10w_ma': False, 'relative_strength_positive': False, 'near_52w_high': False}",lagging,lagging,98.19,98.75,0.61,3.57,False,False,2026-09-21 ratio=97.59 momentum=95.19; 2026-09-22 ratio=97.71 momentum=99.07; 2026-09-23 ratio=98.26 momentum=100.73; 2026-09-24 ratio=98.14 momentum=98.75; 2026-09-25 ratio=98.19 momentum=98.75,0.0
stock,ICICI AMC,ICICIAMC.NS,Asset Management Company,Financial Services,158926.81,0.85,964.63,23.1,1564.22,17.55,45.59,115.1,,stage_2,5,3184.6,3168.49,0.21,0.13762,"{'price_above_30w_ma': True, '30w_ma_rising': True, 'price_above_10w_ma': True, 'relative_strength_positive': True, 'near_52w_high': True}",leading,leading,101.95,103.3,-0.21,0.0,False,False,2026-09-21 ratio=102.17 momentum=103.30; 2026-09-22 ratio=101.58 momentum=102.39; 2026-09-23 ratio=101.66 momentum=102.56; 2026-09-24 ratio=102.03 momentum=103.20; 2026-09-25 ratio=101.95 momentum=103.30,171.67
stock,SBI Funds Mgt.,SBIFUNDS.NS,Asset Management Company,Financial Services,106515.74,0.0,880.26,3.7,1152.73,15.16,34.37,56.5,,insufficient_data,0,,,,,{},insufficient_data,insufficient_data,,,,,False,False,,0.0
stock,HDFC AMC,HDFCAMC.NS,Asset Management Company,Financial Services,98827.12,2.35,838.36,12.09,1098.5,13.51,33.5,42.88,,not_stage_2,1,2378.0,2576.39,-1.63,0.10276,"{'price_above_30w_ma': False, '30w_ma_rising': False, 'price_above_10w_ma': False, 'relative_strength_positive': False, 'near_52w_high': True}",lagging,improving,98.97,99.46,-0.52,-3.39,False,False,2026-09-21 ratio=99.49 momentum=102.84; 2026-09-22 ratio=99.49 momentum=103.45; 2026-09-23 ratio=99.63 momentum=102.19; 2026-09-24 ratio=99.13 momentum=99.69; 2026-09-25 ratio=98.97 momentum=99.46,20.0
stock,Nippon Life Ind.,NAM-INDIA.NS,Asset Management Company,Financial Services,70074.76,1.97,503.7,27.16,766.87,26.42,42.81,43.8,,stage_2,4,1157.0,1079.97,2.99,0.05,"{'price_above_30w_ma': True, '30w_ma_rising': True, 'price_above_10w_ma': False, 'relative_strength_positive': True, 'near_52w_high': True}",weakening,leading,100.84,99.41,0.83,-1.1,False,False,2026-09-21 ratio=100.01 momentum=100.51; 2026-09-22 ratio=100.61 momentum=99.32; 2026-09-23 ratio=100.61 momentum=99.30; 2026-09-24 ratio=100.58 momentum=99.99; 2026-09-25 ratio=100.84 momentum=99.41,115.18
stock,Aditya AMC,ABSLAMC.NS,Asset Management Company,Financial Services,28575.95,2.58,309.49,11.68,462.96,3.48,28.31,32.23,,not_stage_2,3,1014.5,1042.18,2.47,0.04384,"{'price_above_30w_ma': False, '30w_ma_rising': True, 'price_above_10w_ma': False, 'relative_strength_positive': True, 'near_52w_high': True}",weakening,leading,100.43,98.4,0.06,-1.92,False,False,2026-09-21 ratio=100.37 momentum=100.32; 2026-09-22 ratio=100.37 momentum=100.75; 2026-09-23 ratio=100.30 momentum=100.49; 2026-09-24 ratio=100.68 momentum=99.88; 2026-09-25 ratio=100.43 momentum=98.40,67.09
stock,UTI AMC,UTIAMC.NS,Asset Management Company,Financial Services,11492.76,4.47,293.86,24.07,583.51,6.7,21.52,15.57,,not_stage_2,2,901.85,935.67,-2.09,0.03897,"{'price_above_30w_ma': False, '30w_ma_rising': False, 'price_above_10w_ma': True, 'relative_strength_positive': True, 'near_52w_high': False}",leading,leading,101.48,101.25,0.04,-3.39,False,False,2026-09-21 ratio=101.44 momentum=104.64; 2026-09-22 ratio=101.67 momentum=104.28; 2026-09-23 ratio=101.24 momentum=102.63; 2026-09-24 ratio=101.91 momentum=103.19; 2026-09-25 ratio=101.48 momentum=101.25,73.65
stock,Canara Robeco,CRAMC.NS,Asset Management Company,Financial Services,4495.84,1.77,75.6,23.98,145.37,20.07,20.58,40.11,,not_stage_2,0,230.45,249.88,-0.9,0.00996,"{'price_above_30w_ma': False, '30w_ma_rising': False, 'price_above_10w_ma': False, 'relative_strength_positive': False, 'near_52w_high': False}",improving,lagging,98.39,100.49,0.78,4.03,False,True,2026-09-21 ratio=97.61 momentum=96.45; 2026-09-22 ratio=97.49 momentum=95.05; 2026-09-23 ratio=97.81 momentum=98.96; 2026-09-24 ratio=98.20 momentum=100.69; 2026-09-25 ratio=98.39 momentum=100.49,2.45
stock,Gaja Alternative Asset,GAJA.NS,Asset Management Company,Financial Services,1988.09,0.53,27.21,35.66,15.64,-49.15,23.03,17.02,,insufficient_data,0,,,,,{},insufficient_data,insufficient_data,,,,,False,False,,0.0
stock,IL&FS Inv.Manag.,IVC.NS,Asset Management Company,Financial Services,245.26,15.36,1.21,23.86,8.17,40.86,60.26,4.11,,not_stage_2,2,7.8,7.95,2.07,0.00034,"{'price_above_30w_ma': False, '30w_ma_rising': True, 'price_above_10w_ma': False, 'relative_strength_positive': False, 'near_52w_high': True}",lagging,lagging,99.43,95.29,0.12,-1.83,False,False,2026-09-21 ratio=99.32 momentum=97.11; 2026-09-22 ratio=99.29 momentum=97.02; 2026-09-23 ratio=99.31 momentum=97.11; 2026-09-24 ratio=99.32 momentum=96.38; 2026-09-25 ratio=99.43 momentum=95.29,44.14
stock,Samvardh. Mothe.,MOTHERSON.NS,Auto Components & Equipments,Automobile and Auto Components,171372.48,0.37,1075.66,81.52,35243.77,16.65,37.5,13.43,,stage_2,5,165.71,141.39,3.45,0.00716,"{'price_above_30w_ma': True, '30w_ma_rising': True, 'price_above_10w_ma': True, 'relative_strength_positive': True, 'near_52w_high': True}",leading,leading,101.23,100.97,0.37,0.09,False,False,2026-09-21 ratio=100.87 momentum=100.89; 2026-09-22 ratio=100.78 momentum=99.40; 2026-09-23 ratio=100.93 momentum=98.92; 2026-09-24 ratio=100.98 momentum=98.63; 2026-09-25 ratio=101.23 momentum=100.97,162.9
stock,Bosch,BOSCHLTD.NS,Auto Components & Equipments,Automobile and Auto Components,138690.66,0.57,706.1,5.2,5841.9,22.0,58.69,21.54,,stage_2,5,48250.0,39781.33,4.08,2.08509,"{'price_above_30w_ma': True, '30w_ma_rising': True, 'price_above_10w_ma': True, 'relative_strength_positive': True, 'near_52w_high': True}",weakening,weakening,101.17,97.07,0.18,-2.65,False,False,2026-09-21 ratio=100.99 momentum=99.73; 2026-09-22 ratio=101.20 momentum=99.11; 2026-09-23 ratio=101.00 momentum=97.45; 2026-09-24 ratio=101.12 momentum=96.56; 2026-09-25 ratio=101.17 momentum=97.07,139.01
stock,Bharat Forge,BHARATFORG.NS,Auto Components & Equipments,Automobile and Auto Components,95632.84,0.43,-89.89,-57.72,4639.94,18.71,94.71,12.61,,stage_2,4,2008.0,1966.4,1.52,0.08677,"{'price_above_30w_ma': True, '30w_ma_rising': True, 'price_above_10w_ma': False, 'relative_strength_positive': True, 'near_52w_high': True}",leading,improving,100.14,102.07,0.92,-1.21,False,False,2026-09-21 ratio=99.22 momentum=103.28; 2026-09-22 ratio=99.90 momentum=103.52; 2026-09-23 ratio=99.70 momentum=101.10; 2026-09-24 ratio=100.10 momentum=101.62; 2026-09-25 ratio=100.14 momentum=102.07,139.09
stock,Uno Minda,UNOMINDA.NS,Auto Components & Equipments,Automobile and Auto Components,67736.9,0.23,315.51,1.76,5556.85,23.79,55.42,19.65,,stage_2,4,1218.0,1144.58,0.49,0.05263,"{'price_above_30w_ma': True, '30w_ma_rising': True, 'price_above_10w_ma': False, 'relative_strength_positive': True, 'near_52w_high': True}",weakening,weakening,100.78,99.78,-0.03,0.3,False,False,2026-09-21 ratio=100.82 momentum=99.49; 2026-09-22 ratio=100.84 momentum=99.66; 2026-09-23 ratio=100.63 momentum=99.22; 2026-09-24 ratio=101.04 momentum=99.98; 2026-09-25 ratio=100.78 momentum=99.78,109.88
stock,Schaeffler India,SCHAEFFLER.NS,Auto Components & Equipments,Automobile and Auto Components,61825.92,0.88,336.73,13.67,2681.41,17.5,47.89,27.9,,not_stage_2,3,4007.7,4077.02,0.25,0.17319,"{'price_above_30w_ma': False, '30w_ma_rising': True, 'price_above_10w_ma': False, 'relative_strength_positive': True, 'near_52w_high': True}",leading,leading,101.15,101.33,-0.91,-1.17,False,False,2026-09-21 ratio=102.06 momentum=102.50; 2026-09-22 ratio=101.41 momentum=101.28; 2026-09-23 ratio=101.51 momentum=101.64; 2026-09-24 ratio=101.53 momentum=101.55; 2026-09-25 ratio=101.15 momentum=101.33,92.9
stock,Sona BLW Precis.,SONACOMS.NS,Auto Components & Equipments,Automobile and Auto Components,50392.78,0.42,220.11,73.37,1157.24,50.82,64.82,15.11,,stage_2,5,824.5,652.27,5.96,0.03563,"{'price_above_30w_ma': True, '30w_ma_rising': True, 'price_above_10w_ma': True, 'relative_strength_positive': True, 'near_52w_high': True}",leading,leading,101.71,101.41,0.82,1.07,False,False,2026-09-21 ratio=100.90 momentum=100.34; 2026-09-22 ratio=101.24 momentum=101.81; 2026-09-23 ratio=101.68 momentum=101.76; 2026-09-24 ratio=101.60 momentum=101.26; 2026-09-25 ratio=101.71 momentum=101.41,172.52
stock,Tube Investments,TIINDIA.NS,Auto Components & Equipments,Automobile and Auto Components,47447.33,0.14,293.96,-15.25,6215.33,17.07,75.71,17.14,,not_stage_2,2,2511.1,2831.87,0.31,0.10852,"{'price_above_30w_ma': False, '30w_ma_rising': True, 'price_above_10w_ma': False, 'relative_strength_positive': False, 'near_52w_high': True}",lagging,lagging,98.32,97.1,-0.32,-2.25,False,False,2026-09-21 ratio=98.65 momentum=99.35; 2026-09-22 ratio=98.65 momentum=99.28; 2026-09-23 ratio=98.61 momentum=99.95; 2026-09-24 ratio=98.70 momentum=97.44; 2026-09-25 ratio=98.32 momentum=97.10,40.62
stock,Endurance Tech.,ENDURANCE.NS,Auto Components & Equipments,Automobile and Auto Components,38012.61,0.43,244.52,8.03,4314.89,30.01,38.61,17.8,,not_stage_2,3,2645.9,2602.78,1.03,0.11434,"{'price_above_30w_ma': True, '30w_ma_rising': True, 'price_above_10w_ma': False, 'relative_strength_positive': False, 'near_52w_high': True}",lagging,leading,99.22,98.34,-0.9,-1.84,False,False,2026-09-21 ratio=100.12 momentum=100.18; 2026-09-22 ratio=99.53 momentum=98.73; 2026-09-23 ratio=99.11 momentum=98.04; 2026-09-24 ratio=99.51 momentum=97.87; 2026-09-25 ratio=99.22 momentum=98.34,62.06
stock,Exide Inds.,EXIDEIND.NS,Auto Components & Equipments,Automobile and Auto Components,34998.75,0.49,351.3,28.38,5528.38,17.75,37.3,8.54,,not_stage_2,3,423.65,386.95,3.17,0.01831,"{'price_above_30w_ma': True, '30w_ma_rising': True, 'price_above_10w_ma': False, 'relative_strength_positive': False, 'near_52w_high': True}",improving,leading,99.72,100.58,-0.46,-1.05,False,False,2026-09-21 ratio=100.18 momentum=101.63; 2026-09-22 ratio=99.96 momentum=100.84; 2026-09-23 ratio=99.59 momentum=100.69; 2026-09-24 ratio=100.02 momentum=102.42; 2026-09-25 ratio=99.72 momentum=100.58,69.24
stock,Dhoot Transmission,DHOOTTRANS.NS,Auto Components & Equipments,Automobile and Auto Components,30784.88,0.0,132.68,36.89,1446.42,49.68,68.73,24.36,,insufficient_data,0,,,,,{},insufficient_data,insufficient_data,,,,,False,False,,0.0
stock,United Spirits,UNITDSPR.NS,Breweries & Distilleries,Fast Moving Consumer Goods,103068.68,1.2,463.0,-20.54,2708.0,-10.36,55.62,26.39,,not_stage_2,3,1423.8,1368.66,0.3,0.06153,"{'price_above_30w_ma': True, '30w_ma_rising': True, 'price_above_10w_ma': False, 'relative_strength_positive': False, 'near_52w_high': True}",leading,lagging,100.06,101.57,0.74,4.96,True,False,2026-09-21 ratio=99.32 momentum=96.61; 2026-09-22 ratio=99.39 momentum=97.97; 2026-09-23 ratio=100.11 momentum=100.22; 2026-09-24 ratio=100.20 momentum=101.61; 2026-09-25 ratio=100.06 momentum=101.57,98.75
stock,Radico Khaitan,RADICO.NS,Breweries & Distilleries,Fast Moving Consumer Goods,60004.32,0.2,229.6,69.15,1683.69,11.8,84.43,24.15,,stage_2,5,4557.1,3720.42,6.78,0.19693,"{'price_above_30w_ma': True, '30w_ma_rising': True, 'price_above_10w_ma': True, 'relative_strength_positive': True, 'near_52w_high': True}",leading,leading,101.44,101.67,0.56,1.55,False,False,2026-09-21 ratio=100.88 momentum=100.12; 2026-09-22 ratio=100.78 momentum=100.32; 2026-09-23 ratio=101.43 momentum=101.73; 2026-09-24 ratio=101.15 momentum=101.29; 2026-09-25 ratio=101.44 momentum=101.67,174.11
stock,United Breweries,UBL.NS,Breweries & Distilleries,Fast Moving Consumer Goods,32137.32,0.82,166.28,-9.54,3066.86,7.07,92.98,10.68,,not_stage_2,0,1251.3,1399.93,-3.05,0.05407,"{'price_above_30w_ma': False, '30w_ma_rising': False, 'price_above_10w_ma': False, 'relative_strength_positive': False, 'near_52w_high': False}",improving,improving,99.2,101.65,0.95,1.26,False,True,2026-09-21 ratio=98.25 momentum=100.39; 2026-09-22 ratio=98.17 momentum=98.14; 2026-09-23 ratio=98.65 momentum=102.90; 2026-09-24 ratio=99.65 momentum=102.27; 2026-09-25 ratio=99.20 momentum=101.65,8.25
stock,Allied Blenders,ABDL.NS,Breweries & Distilleries,Fast Moving Consumer Goods,20231.38,0.75,45.42,-12.98,978.94,6.08,90.7,18.38,,stage_2,5,715.05,573.61,3.51,0.0309,"{'price_above_30w_ma': True, '30w_ma_rising': True, 'price_above_10w_ma': True, 'relative_strength_positive': True, 'near_52w_high': True}",leading,leading,103.51,104.29,0.88,2.03,False,False,2026-09-21 ratio=102.63 momentum=102.26; 2026-09-22 ratio=102.18 momentum=102.35; 2026-09-23 ratio=102.25 momentum=103.11; 2026-09-24 ratio=104.12 momentum=104.40; 2026-09-25 ratio=103.51 momentum=104.29,191.02
stock,Tilaknagar Inds.,TI.NS,Breweries & Distilleries,Fast Moving Consumer Goods,13942.36,0.18,31.59,-30.28,1046.03,155.67,61.68,11.78,,stage_2,5,581.7,472.16,2.9,0.02514,"{'price_above_30w_ma': True, '30w_ma_rising': True, 'price_above_10w_ma': True, 'relative_strength_positive': True, 'near_52w_high': True}",leading,leading,101.44,101.24,-0.11,-1.0,False,False,2026-09-21 ratio=101.54 momentum=102.24; 2026-09-22 ratio=101.43 momentum=101.76; 2026-09-23 ratio=101.80 momentum=101.96; 2026-09-24 ratio=101.65 momentum=101.80; 2026-09-25 ratio=101.44 momentum=101.24,164.2
stock,Piccadily Agro,PICCADIL.NS,Breweries & Distilleries,Fast Moving Consumer Goods,5919.26,0.17,21.44,16.33,251.18,17.42,42.12,18.01,,not_stage_2,2,613.0,614.33,0.54,0.02649,"{'price_above_30w_ma': False, '30w_ma_rising': True, 'price_above_10w_ma': False, 'relative_strength_positive': False, 'near_52w_high': True}",improving,lagging,99.22,102.64,0.71,4.46,False,True,2026-09-21 ratio=98.52 momentum=98.18; 2026-09-22 ratio=99.06 momentum=101.66; 2026-09-23 ratio=99.16 momentum=102.32; 2026-09-24 ratio=99.01 momentum=102.13; 2026-09-25 ratio=99.22 momentum=102.64,54.28
stock,Globus Spirits,GLOBUSSPR.NS,Breweries & Distilleries,Fast Moving Consumer Goods,2577.15,0.8,26.48,49.05,788.78,12.71,25.64,11.25,,not_stage_2,0,832.55,899.96,-1.28,0.03598,"{'price_above_30w_ma': False, '30w_ma_rising': False, 'price_above_10w_ma': False, 'relative_strength_positive': False, 'near_52w_high': False}",improving,lagging,99.23,101.98,0.51,6.16,False,True,2026-09-21 ratio=98.72 momentum=95.82; 2026-09-22 ratio=98.55 momentum=93.49; 2026-09-23 ratio=98.73 momentum=98.02; 2026-09-24 ratio=99.52 momentum=101.53; 2026-09-25 ratio=99.23 momentum=101.98,9.9
stock,G M Breweries,GMBREW.NS,Breweries & Distilleries,Fast Moving Consumer Goods,2208.38,0.93,37.74,45.94,199.58,22.55,13.09,17.96,,not_stage_2,4,978.8,940.94,-1.05,0.0423,"{'price_above_30w_ma': True, '30w_ma_rising': False, 'price_above_10w_ma': True, 'relative_strength_positive': True, 'near_52w_high': True}",leading,leading,102.74,102.88,0.33,0.04,False,False,2026-09-21 ratio=102.41 momentum=102.83; 2026-09-22 ratio=102.38 momentum=101.43; 2026-09-23 ratio=102.64 momentum=102.11; 2026-09-24 ratio=102.80 momentum=102.38; 2026-09-25 ratio=102.74 momentum=102.88,128.1
stock,India Glycols,INDIAGLYCO.NS,Breweries & Distilleries,Fast Moving Consumer Goods,1994.05,2.52,96.83,32.19,1130.39,8.64,6.29,12.4,,not_stage_2,0,309.9,917.95,-8.69,0.01339,"{'price_above_30w_ma': False, '30w_ma_rising': False, 'price_above_10w_ma': False, 'relative_strength_positive': False, 'near_52w_high': False}",improving,improving,98.72,103.54,0.43,-0.96,False,False,2026-09-21 ratio=98.28 momentum=104.51; 2026-09-22 ratio=98.37 momentum=104.45; 2026-09-23 ratio=98.45 momentum=104.33; 2026-09-24 ratio=98.65 momentum=104.12; 2026-09-25 ratio=98.72 momentum=103.54,17.7
stock,Som Distilleries,SDBL.NS,Breweries & Distilleries,Fast Moving Consumer Goods,1677.9,0.0,1.56,-98.91,268.63,-49.16,,5.67,,not_stage_2,2,74.36,76.24,-1.92,0.00321,"{'price_above_30w_ma': False, '30w_ma_rising': False, 'price_above_10w_ma': True, 'relative_strength_positive': True, 'near_52w_high': False}",leading,lagging,102.49,102.06,3.17,4.61,True,False,2026-09-21 ratio=99.32 momentum=97.45; 2026-09-22 ratio=99.10 momentum=95.89; 2026-09-23 ratio=99.09 momentum=96.86; 2026-09-24 ratio=99.20 momentum=96.41; 2026-09-25 ratio=102.49 momentum=102.06,92.75
stock,Firstsour.Solu.,FSL.NS,Business Process Outsourcing (BPO)/ Knowledge Process Outsourcing (KPO),Services,18099.92,2.15,165.92,30.01,2724.87,22.87,22.68,16.8,,not_stage_2,2,259.45,249.38,0.59,0.01121,"{'price_above_30w_ma': True, '30w_ma_rising': True, 'price_above_10w_ma': False, 'relative_strength_positive': False, 'near_52w_high': False}",improving,leading,99.72,100.6,-0.49,0.23,False,False,2026-09-21 ratio=100.21 momentum=100.36; 2026-09-22 ratio=100.26 momentum=100.74; 2026-09-23 ratio=100.06 momentum=100.53; 2026-09-24 ratio=99.96 momentum=100.54; 2026-09-25 ratio=99.72 momentum=100.60,44.18
stock,eClerx Services,ECLERX.NS,Business Process Outsourcing (BPO)/ Knowledge Process Outsourcing (KPO),Services,17081.49,0.06,164.24,15.99,1152.36,23.31,23.44,34.42,,stage_2,5,1898.8,1639.46,0.68,0.08206,"{'price_above_30w_ma': True, '30w_ma_rising': True, 'price_above_10w_ma': True, 'relative_strength_positive': True, 'near_52w_high': True}",leading,leading,100.94,100.32,-0.44,-2.32,False,False,2026-09-21 ratio=101.39 momentum=102.63; 2026-09-22 ratio=101.15 momentum=102.24; 2026-09-23 ratio=101.00 momentum=99.50; 2026-09-24 ratio=100.94 momentum=99.41; 2026-09-25 ratio=100.94 momentum=100.32,152.66
stock,RPSG Ventures,RPSGVENT.NS,Business Process Outsourcing (BPO)/ Knowledge Process Outsourcing (KPO),Services,2776.1,0.0,253.09,34.95,3576.44,20.36,,10.61,,not_stage_2,2,837.3,867.23,2.13,0.03618,"{'price_above_30w_ma': False, '30w_ma_rising': True, 'price_above_10w_ma': False, 'relative_strength_positive': False, 'near_52w_high': True}",improving,improving,99.72,101.34,0.2,-0.63,False,False,2026-09-21 ratio=99.52 momentum=101.98; 2026-09-22 ratio=99.59 momentum=103.31; 2026-09-23 ratio=99.82 momentum=103.95; 2026-09-24 ratio=100.07 momentum=99.71; 2026-09-25 ratio=99.72 momentum=101.34,50.96
stock,One Point One,ONEPOINT.NS,Business Process Outsourcing (BPO)/ Knowledge Process Outsourcing (KPO),Services,1821.38,0.0,16.31,72.78,158.32,129.42,39.55,10.88,,stage_2,5,69.6,55.63,3.14,0.00301,"{'price_above_30w_ma': True, '30w_ma_rising': True, 'price_above_10w_ma': True, 'relative_strength_positive': True, 'near_52w_high': True}",leading,leading,103.48,101.43,0.9,-1.21,False,False,2026-09-21 ratio=102.58 momentum=102.64; 2026-09-22 ratio=103.63 momentum=102.60; 2026-09-23 ratio=104.40 momentum=103.76; 2026-09-24 ratio=104.07 momentum=101.68; 2026-09-25 ratio=103.48 momentum=101.43,175.83
stock,Hinduja Global,HGS.NS,Business Process Outsourcing (BPO)/ Knowledge Process Outsourcing (KPO),Services,1732.18,1.34,-66.26,-45.26,1050.36,-0.56,,1.46,,not_stage_2,0,376.6,402.9,-0.41,0.01627,"{'price_above_30w_ma': False, '30w_ma_rising': False, 'price_above_10w_ma': False, 'relative_strength_positive': False, 'near_52w_high': False}",improving,lagging,98.85,100.65,0.29,3.14,False,True,2026-09-21 ratio=98.56 momentum=97.51; 2026-09-22 ratio=98.83 momentum=99.02; 2026-09-23 ratio=98.60 momentum=99.55; 2026-09-24 ratio=98.77 momentum=100.00; 2026-09-25 ratio=98.85 momentum=100.65,3.25
stock,Alldigi Tech,ALLDIGI.NS,Business Process Outsourcing (BPO)/ Knowledge Process Outsourcing (KPO),Services,1182.34,7.73,18.12,21.69,150.28,4.43,12.83,27.89,,not_stage_2,1,776.95,804.47,-0.99,0.03358,"{'price_above_30w_ma': False, '30w_ma_rising': False, 'price_above_10w_ma': False, 'relative_strength_positive': False, 'near_52w_high': True}",lagging,lagging,99.69,98.42,-0.03,-1.1,False,False,2026-09-21 ratio=99.72 momentum=99.51; 2026-09-22 ratio=99.72 momentum=98.63; 2026-09-23 ratio=99.32 momentum=98.06; 2026-09-24 ratio=99.55 momentum=98.04; 2026-09-25 ratio=99.69 momentum=98.42,20.0
stock,Kandarp Digi,KANDARP.NS,Business Process Outsourcing (BPO)/ Knowledge Process Outsourcing (KPO),Services,62.36,0.0,1.13,-15.67,16.35,4.01,33.71,11.23,,not_stage_2,0,73.15,118.47,-7.68,0.00316,"{'price_above_30w_ma': False, '30w_ma_rising': False, 'price_above_10w_ma': False, 'relative_strength_positive': False, 'near_52w_high': False}",improving,lagging,98.38,103.75,0.35,5.21,False,True,2026-09-21 ratio=98.04 momentum=98.54; 2026-09-22 ratio=98.17 momentum=97.17; 2026-09-23 ratio=98.27 momentum=100.45; 2026-09-24 ratio=98.73 momentum=102.67; 2026-09-25 ratio=98.38 momentum=103.75,18.75
stock,We Win Ltd,WEWIN.NS,Business Process Outsourcing (BPO)/ Knowledge Process Outsourcing (KPO),Services,49.74,0.0,0.91,-15.74,30.77,51.65,11.08,10.9,,not_stage_2,3,48.26,49.13,0.2,0.00209,"{'price_above_30w_ma': False, '30w_ma_rising': True, 'price_above_10w_ma': True, 'relative_strength_positive': True, 'near_52w_high': False}",leading,improving,102.8,102.05,3.77,-0.55,False,False,2026-09-21 ratio=99.03 momentum=102.61; 2026-09-22 ratio=99.59 momentum=103.31; 2026-09-23 ratio=102.07 momentum=103.95; 2026-09-24 ratio=103.59 momentum=103.20; 2026-09-25 ratio=102.80 momentum=102.05,104.65
stock,Cadsys (India),CADSYS.NS,Business Process Outsourcing (BPO)/ Knowledge Process Outsourcing (KPO),Services,43.71,0.0,-8.6,110.64,47.31,16.3,,-13.98,,not_stage_2,0,43.7,57.5,-0.77,0.00189,"{'price_above_30w_ma': False, '30w_ma_rising': False, 'price_above_10w_ma': False, 'relative_strength_positive': False, 'near_52w_high': False}",lagging,improving,98.85,99.66,-0.25,-3.15,False,False,2026-09-21 ratio=99.10 momentum=102.82; 2026-09-22 ratio=99.16 momentum=102.73; 2026-09-23 ratio=99.14 momentum=102.19; 2026-09-24 ratio=99.29 momentum=102.26; 2026-09-25 ratio=98.85 momentum=99.66,0.0
stock,HRH Next,HRHNEXT.NS,Business Process Outsourcing (BPO)/ Knowledge Process Outsourcing (KPO),Services,30.51,0.0,2.78,152.73,35.92,24.68,6.28,15.84,,not_stage_2,0,24.3,26.88,-0.98,0.00105,"{'price_above_30w_ma': False, '30w_ma_rising': False, 'price_above_10w_ma': False, 'relative_strength_positive': False, 'near_52w_high': False}",improving,improving,99.41,100.19,-0.32,-0.48,False,False,2026-09-21 ratio=99.74 momentum=100.67; 2026-09-22 ratio=98.91 momentum=99.43; 2026-09-23 ratio=98.86 momentum=98.10; 2026-09-24 ratio=98.61 momentum=97.42; 2026-09-25 ratio=99.41 momentum=100.19,0.95
stock,Polycab India,POLYCAB.NS,Cables - Electricals,Capital Goods,123560.39,0.57,796.66,32.46,8209.73,39.01,43.14,33.21,,not_stage_2,2,8408.5,8675.18,0.64,0.36337,"{'price_above_30w_ma': False, '30w_ma_rising': True, 'price_above_10w_ma': False, 'relative_strength_positive': False, 'near_52w_high': True}",improving,improving,99.48,102.32,0.67,-1.25,False,False,2026-09-21 ratio=98.81 momentum=103.56; 2026-09-22 ratio=98.90 momentum=103.74; 2026-09-23 ratio=99.01 momentum=102.50; 2026-09-24 ratio=99.39 momentum=102.40; 2026-09-25 ratio=99.48 momentum=102.32,52.88
stock,KEI Industries,KEI.NS,Cables - Electricals,Capital Goods,43173.23,0.1,274.14,40.05,3185.34,22.97,43.31,20.05,,not_stage_2,1,4673.5,4970.09,-0.08,0.20196,"{'price_above_30w_ma': False, '30w_ma_rising': False, 'price_above_10w_ma': False, 'relative_strength_positive': False, 'near_52w_high': True}",improving,improving,99.22,102.4,0.46,2.1,False,True,2026-09-21 ratio=98.76 momentum=100.30; 2026-09-22 ratio=98.79 momentum=102.84; 2026-09-23 ratio=99.15 momentum=103.04; 2026-09-24 ratio=99.15 momentum=102.13; 2026-09-25 ratio=99.22 momentum=102.40,32.0
stock,R R Kabel,RRKABEL.NS,Cables - Electricals,Capital Goods,27836.0,0.39,205.2,117.32,3168.2,53.9,45.52,28.1,,not_stage_2,3,2528.3,2102.79,6.74,0.10926,"{'price_above_30w_ma': True, '30w_ma_rising': True, 'price_above_10w_ma': False, 'relative_strength_positive': False, 'near_52w_high': True}",leading,lagging,100.04,101.55,0.72,3.44,True,False,2026-09-21 ratio=99.32 momentum=98.12; 2026-09-22 ratio=99.69 momentum=103.10; 2026-09-23 ratio=99.61 momentum=99.53; 2026-09-24 ratio=100.13 momentum=102.48; 2026-09-25 ratio=100.04 momentum=101.55,111.43
stock,Finolex Cables,FINCABLES.NS,Cables - Electricals,Capital Goods,21535.39,0.64,249.04,53.14,2013.15,44.26,26.91,16.01,,stage_2,5,1460.9,1076.58,7.41,0.06313,"{'price_above_30w_ma': True, '30w_ma_rising': True, 'price_above_10w_ma': True, 'relative_strength_positive': True, 'near_52w_high': True}",weakening,leading,101.64,96.26,0.08,-5.67,False,False,2026-09-21 ratio=101.56 momentum=101.93; 2026-09-22 ratio=101.90 momentum=103.84; 2026-09-23 ratio=101.77 momentum=100.75; 2026-09-24 ratio=101.86 momentum=99.46; 2026-09-25 ratio=101.64 momentum=96.26,148.02
stock,KSH Internationa,KSHINTL.NS,Cables - Electricals,Capital Goods,6667.02,0.0,42.22,86.16,1164.24,108.38,50.93,21.46,,stage_2,5,1035.5,772.55,14.1,0.04475,"{'price_above_30w_ma': True, '30w_ma_rising': True, 'price_above_10w_ma': True, 'relative_strength_positive': True, 'near_52w_high': True}",weakening,weakening,100.89,96.06,0.0,-1.79,False,False,2026-09-21 ratio=100.89 momentum=97.85; 2026-09-22 ratio=100.98 momentum=97.93; 2026-09-23 ratio=100.95 momentum=96.80; 2026-09-24 ratio=100.97 momentum=97.10; 2026-09-25 ratio=100.89 momentum=96.06,157.65
stock,Universal Cables,UNIVCABLES.NS,Cables - Electricals,Capital Goods,4944.92,0.32,70.14,108.75,945.06,57.46,24.72,11.68,,stage_2,4,1494.0,1138.8,10.38,0.06456,"{'price_above_30w_ma': True, '30w_ma_rising': True, 'price_above_10w_ma': False, 'relative_strength_positive': True, 'near_52w_high': True}",weakening,weakening,100.34,96.72,0.07,-0.86,False,False,2026-09-21 ratio=100.27 momentum=97.58; 2026-09-22 ratio=100.27 momentum=99.20; 2026-09-23 ratio=100.38 momentum=98.79; 2026-09-24 ratio=100.55 momentum=98.84; 2026-09-25 ratio=100.34 momentum=96.72,127.46
stock,V-Marc India,VMARCIND.NS,Cables - Electricals,Capital Goods,4553.97,0.0,28.55,163.62,555.51,102.42,38.93,41.37,,not_stage_2,0,322.45,722.51,-5.58,0.01393,"{'price_above_30w_ma': False, '30w_ma_rising': False, 'price_above_10w_ma': False, 'relative_strength_positive': False, 'near_52w_high': False}",weakening,weakening,100.08,97.21,-0.01,-2.4,False,False,2026-09-21 ratio=100.09 momentum=99.61; 2026-09-22 ratio=100.33 momentum=101.62; 2026-09-23 ratio=100.43 momentum=100.46; 2026-09-24 ratio=100.31 momentum=99.32; 2026-09-25 ratio=100.08 momentum=97.21,0.4
stock,Laser Power,LASERPOWER.NS,Cables - Electricals,Capital Goods,3684.62,0.0,20.73,3.75,521.55,14.84,33.54,20.51,,insufficient_data,0,,,,,{},insufficient_data,insufficient_data,,,,,False,False,,0.0
stock,Lumino Inds,LUMINO.NS,Cables - Electricals,Capital Goods,3190.2,0.0,40.3,32.87,521.43,19.29,18.8,26.59,,insufficient_data,0,,,,,{},insufficient_data,insufficient_data,,,,,False,False,,0.0
stock,Quadrant Future,QUADFUTURE.NS,Cables - Electricals,Capital Goods,2128.53,0.0,-9.13,32.37,40.59,41.28,,-15.48,,stage_2,5,547.5,364.98,7.89,0.02366,"{'price_above_30w_ma': True, '30w_ma_rising': True, 'price_above_10w_ma': True, 'relative_strength_positive': True, 'near_52w_high': True}",leading,leading,102.28,102.94,-0.3,0.27,False,False,2026-09-21 ratio=102.58 momentum=102.67; 2026-09-22 ratio=102.22 momentum=102.77; 2026-09-23 ratio=102.11 momentum=101.42; 2026-09-24 ratio=101.73 momentum=100.56; 2026-09-25 ratio=102.28 momentum=102.94,186.88
stock,Godfrey Phillips,GODFRYPHLP.NS,Cigarettes & Tobacco Products,Fast Moving Consumer Goods,30127.88,2.59,198.39,-44.32,1205.51,-18.89,22.03,30.25,,not_stage_2,0,1970.4,2144.24,-1.39,0.08515,"{'price_above_30w_ma': False, '30w_ma_rising': False, 'price_above_10w_ma': False, 'relative_strength_positive': False, 'near_52w_high': False}",improving,improving,99.26,101.56,0.26,1.42,False,True,2026-09-21 ratio=99.00 momentum=100.14; 2026-09-22 ratio=98.98 momentum=100.44; 2026-09-23 ratio=99.32 momentum=101.23; 2026-09-24 ratio=99.39 momentum=101.62; 2026-09-25 ratio=99.26 momentum=101.56,7.8
stock,VST Industries,VSTIND.NS,Cigarettes & Tobacco Products,Fast Moving Consumer Goods,3456.55,5.88,42.42,-24.43,256.46,-13.91,12.41,28.13,,not_stage_2,1,204.54,234.87,-1.73,0.00884,"{'price_above_30w_ma': False, '30w_ma_rising': False, 'price_above_10w_ma': False, 'relative_strength_positive': False, 'near_52w_high': True}",improving,improving,99.62,101.34,0.14,-1.0,False,False,2026-09-21 ratio=99.48 momentum=102.34; 2026-09-22 ratio=99.47 momentum=102.38; 2026-09-23 ratio=99.75 momentum=103.17; 2026-09-24 ratio=99.95 momentum=102.24; 2026-09-25 ratio=99.62 momentum=101.34,26.7
stock,Elitecon Inter.,ELITECON.NS,Cigarettes & Tobacco Products,Fast Moving Consumer Goods,1376.48,0.58,-85.05,-269.56,1880.69,500.55,8.5,46.33,,insufficient_data,0,,,,,{},insufficient_data,insufficient_data,,,,,False,False,,0.0
stock,NTC Industries,NTCIND.NS,Cigarettes & Tobacco Products,Fast Moving Consumer Goods,192.41,0.0,6.12,7.94,25.23,-10.25,9.62,11.14,,insufficient_data,0,,,,,{},insufficient_data,insufficient_data,,,,,False,False,,0.0
stock,Shanthala FMCG,SHANTHALA.NS,Cigarettes & Tobacco Products,Fast Moving Consumer Goods,9.42,0.0,0.72,71.43,25.82,-0.12,7.41,5.98,,not_stage_2,0,15.4,22.66,-9.27,0.00067,"{'price_above_30w_ma': False, '30w_ma_rising': False, 'price_above_10w_ma': False, 'relative_strength_positive': False, 'near_52w_high': False}",lagging,improving,99.23,98.76,0.06,-1.32,False,False,2026-09-21 ratio=99.17 momentum=100.08; 2026-09-22 ratio=99.22 momentum=100.02; 2026-09-23 ratio=99.21 momentum=99.45; 2026-09-24 ratio=99.36 momentum=99.82; 2026-09-25 ratio=99.23 momentum=98.76,0.0
stock,Marc Technocrats,MARC.NS,Consulting Services,Services,256.23,0.0,4.81,,37.53,,24.31,29.22,,stage_2,5,148.05,98.97,13.58,0.0064,"{'price_above_30w_ma': True, '30w_ma_rising': True, 'price_above_10w_ma': True, 'relative_strength_positive': True, 'near_52w_high': True}",weakening,weakening,101.13,97.59,-0.13,-0.5,False,False,2026-09-21 ratio=101.27 momentum=98.09; 2026-09-22 ratio=101.28 momentum=98.59; 2026-09-23 ratio=101.08 momentum=99.60; 2026-09-24 ratio=101.34 momentum=99.37; 2026-09-25 ratio=101.13 momentum=97.59,157.81
stock,EKI Energy,EKI.NS,Consulting Services,Services,252.87,2.19,-15.93,-2094.44,10.46,-29.99,,-6.15,,insufficient_data,0,,,,,{},insufficient_data,insufficient_data,,,,,False,False,,0.0
stock,Mitcon Consult.,MITCON.NS,Consulting Services,Services,144.92,0.0,2.75,151.38,67.58,176.63,14.88,8.83,,stage_2,5,86.77,74.99,4.11,0.00375,"{'price_above_30w_ma': True, '30w_ma_rising': True, 'price_above_10w_ma': True, 'relative_strength_positive': True, 'near_52w_high': True}",leading,leading,102.64,100.24,1.29,-1.16,False,False,2026-09-21 ratio=101.35 momentum=101.40; 2026-09-22 ratio=101.45 momentum=98.80; 2026-09-23 ratio=101.94 momentum=99.40; 2026-09-24 ratio=103.61 momentum=101.03; 2026-09-25 ratio=102.64 momentum=100.24,167.62
stock,AAA Technologies,AAATECH.NS,Consulting Services,Services,126.65,1.0,0.87,12.99,3.76,1.62,60.89,8.96,,not_stage_2,4,101.5,94.33,-1.72,0.00439,"{'price_above_30w_ma': True, '30w_ma_rising': False, 'price_above_10w_ma': True, 'relative_strength_positive': True, 'near_52w_high': True}",leading,leading,103.92,101.96,2.21,0.21,False,False,2026-09-21 ratio=101.71 momentum=101.74; 2026-09-22 ratio=101.63 momentum=101.33; 2026-09-23 ratio=101.36 momentum=100.67; 2026-09-24 ratio=101.25 momentum=100.51; 2026-09-25 ratio=103.92 momentum=101.96,129.4
stock,Dhruv Consultanc,DHRUV.NS,Consulting Services,Services,39.58,0.93,-4.74,-396.25,15.55,-26.09,,-32.46,,not_stage_2,0,21.5,27.86,-3.42,0.00093,"{'price_above_30w_ma': False, '30w_ma_rising': False, 'price_above_10w_ma': False, 'relative_strength_positive': False, 'near_52w_high': False}",lagging,lagging,98.73,99.12,0.83,-0.09,False,False,2026-09-21 ratio=97.91 momentum=99.20; 2026-09-22 ratio=98.52 momentum=99.61; 2026-09-23 ratio=98.04 momentum=96.76; 2026-09-24 ratio=98.23 momentum=97.03; 2026-09-25 ratio=98.73 momentum=99.12,0.0
stock,Manglam Infra,MIEL.NS,Consulting Services,Services,23.23,0.0,1.6,1700.0,21.86,-21.42,7.4,9.5,,insufficient_data,0,,,,,{},insufficient_data,insufficient_data,,,,,False,False,,0.0
stock,Physicswallah,PWL.NS,E-Learning,Consumer Services,37193.38,0.0,-88.28,35.6,1053.95,24.42,608.62,3.99,,stage_2,5,134.36,114.99,3.7,0.00581,"{'price_above_30w_ma': True, '30w_ma_rising': True, 'price_above_10w_ma': True, 'relative_strength_positive': True, 'near_52w_high': True}",leading,leading,101.75,103.03,0.16,0.26,False,False,2026-09-21 ratio=101.59 momentum=102.77; 2026-09-22 ratio=101.90 momentum=102.27; 2026-09-23 ratio=101.81 momentum=102.56; 2026-09-24 ratio=101.61 momentum=102.57; 2026-09-25 ratio=101.75 momentum=103.03,176.3
stock,Veranda Learning,VERANDA.NS,E-Learning,Consumer Services,2296.95,0.0,33.87,854.4,149.54,41.52,35.61,12.83,,not_stage_2,3,232.59,212.85,2.51,0.01005,"{'price_above_30w_ma': True, '30w_ma_rising': True, 'price_above_10w_ma': False, 'relative_strength_positive': False, 'near_52w_high': True}",leading,lagging,100.24,101.04,0.6,2.12,True,False,2026-09-21 ratio=99.64 momentum=98.93; 2026-09-22 ratio=99.83 momentum=99.05; 2026-09-23 ratio=99.83 momentum=100.50; 2026-09-24 ratio=100.35 momentum=100.70; 2026-09-25 ratio=100.24 momentum=101.04,101.42
stock,Jaro Institute,JARO.NS,E-Learning,Consumer Services,941.97,1.18,11.17,48.34,70.75,16.61,16.66,22.09,,not_stage_2,1,442.95,473.91,-0.25,0.01914,"{'price_above_30w_ma': False, '30w_ma_rising': False, 'price_above_10w_ma': False, 'relative_strength_positive': True, 'near_52w_high': False}",lagging,leading,99.93,99.86,-1.25,-2.89,False,False,2026-09-21 ratio=101.18 momentum=102.75; 2026-09-22 ratio=100.63 momentum=102.20; 2026-09-23 ratio=100.66 momentum=102.62; 2026-09-24 ratio=100.88 momentum=104.34; 2026-09-25 ratio=99.93 momentum=99.86,20.0
stock,Addictive Learn,ADDICTIVE.NS,E-Learning,Consumer Services,70.0,0.0,0.31,-75.97,22.69,8.41,,0.9,,insufficient_data,0,,,,,{},insufficient_data,insufficient_data,,,,,False,False,,0.0
stock,G-Tec Janix,GTECJAINX.NS,E-Learning,Consumer Services,27.48,0.0,0.3,100.0,2.25,-10.36,,-36.32,,not_stage_2,3,26.52,24.6,4.61,0.00115,"{'price_above_30w_ma': True, '30w_ma_rising': True, 'price_above_10w_ma': False, 'relative_strength_positive': False, 'near_52w_high': True}",lagging,lagging,98.81,98.39,-0.03,0.82,False,False,2026-09-21 ratio=98.84 momentum=97.56; 2026-09-22 ratio=100.64 momentum=99.64; 2026-09-23 ratio=100.14 momentum=100.03; 2026-09-24 ratio=98.93 momentum=99.40; 2026-09-25 ratio=98.81 momentum=98.39,69.22
stock,Usha Mart. Edu.,UMESLTD.NS,E-Learning,Consumer Services,11.99,0.0,0.02,0.0,0.12,-7.69,29.25,18.01,,not_stage_2,1,4.55,5.62,0.83,0.0002,"{'price_above_30w_ma': False, '30w_ma_rising': True, 'price_above_10w_ma': False, 'relative_strength_positive': False, 'near_52w_high': False}",improving,lagging,98.76,100.07,1.1,1.13,False,True,2026-09-21 ratio=97.66 momentum=98.93; 2026-09-22 ratio=98.54 momentum=99.85; 2026-09-23 ratio=98.62 momentum=99.80; 2026-09-24 ratio=98.64 momentum=99.59; 2026-09-25 ratio=98.76 momentum=100.07,22.01
stock,Docmode Health,DHTL.NS,E-Learning,Consumer Services,8.09,0.0,-0.07,95.57,7.67,-64.07,,6.12,,not_stage_2,0,25.65,38.96,-7.36,0.00111,"{'price_above_30w_ma': False, '30w_ma_rising': False, 'price_above_10w_ma': False, 'relative_strength_positive': False, 'near_52w_high': False}",lagging,lagging,97.67,95.39,-0.69,-3.54,False,False,2026-09-21 ratio=98.35 momentum=98.93; 2026-09-22 ratio=97.95 momentum=97.78; 2026-09-23 ratio=97.83 momentum=97.48; 2026-09-24 ratio=98.08 momentum=97.15; 2026-09-25 ratio=97.67 momentum=95.39,0.0
stock,PVR Inox,PVRINOX.NS,"Film Production, Distribution & Exhibition","Media, Entertainment & Publication",12029.5,0.0,56.5,220.3,1622.2,11.91,37.92,6.79,,stage_2,5,1254.6,1056.99,3.01,0.05422,"{'price_above_30w_ma': True, '30w_ma_rising': True, 'price_above_10w_ma': True, 'relative_strength_positive': True, 'near_52w_high': True}",weakening,leading,101.18,99.44,-1.1,-2.44,False,False,2026-09-21 ratio=102.28 momentum=101.89; 2026-09-22 ratio=102.06 momentum=103.50; 2026-09-23 ratio=101.74 momentum=100.65; 2026-09-24 ratio=101.28 momentum=101.24; 2026-09-25 ratio=101.18 momentum=99.44,136.92
stock,Media Matrix,MMWL.NS,"Film Production, Distribution & Exhibition","Media, Entertainment & Publication",1649.27,0.0,3.58,84.46,428.45,83.37,232.29,9.71,,insufficient_data,0,,,,,{},leading,lagging,101.93,101.95,3.02,4.66,True,False,2026-09-21 ratio=98.91 momentum=97.29; 2026-09-22 ratio=99.10 momentum=97.62; 2026-09-23 ratio=99.59 momentum=99.11; 2026-09-24 ratio=100.98 momentum=101.48; 2026-09-25 ratio=101.93 momentum=101.95,49.4
stock,Panorama Studios,PANORAMA.NS,"Film Production, Distribution & Exhibition","Media, Entertainment & Publication",1540.11,0.1,12.71,165.95,183.07,34.26,63.8,8.7,,insufficient_data,0,,,,,{},insufficient_data,insufficient_data,,,,,False,False,,0.0
stock,Sunshine Picture,SUNSHINE.NS,"Film Production, Distribution & Exhibition","Media, Entertainment & Publication",1394.76,0.0,0.25,123.15,6.48,16100.0,34.09,40.96,,insufficient_data,0,,,,,{},insufficient_data,insufficient_data,,,,,False,False,,0.0
stock,Connplex Cinemas,CONNPLEX.NS,"Film Production, Distribution & Exhibition","Media, Entertainment & Publication",475.21,0.0,13.03,38.91,83.46,51.97,18.35,43.55,,insufficient_data,0,,,,,{},insufficient_data,insufficient_data,,,,,False,False,,0.0
stock,Cineline India,CINELINE.NS,"Film Production, Distribution & Exhibition","Media, Entertainment & Publication",335.47,1.42,-1.21,74.27,59.27,30.87,24.92,10.86,,stage_2,4,89.19,85.05,1.15,0.00385,"{'price_above_30w_ma': True, '30w_ma_rising': True, 'price_above_10w_ma': False, 'relative_strength_positive': True, 'near_52w_high': True}",weakening,weakening,100.75,97.7,-0.13,0.21,False,False,2026-09-21 ratio=100.88 momentum=97.48; 2026-09-22 ratio=100.71 momentum=95.75; 2026-09-23 ratio=100.75 momentum=97.03; 2026-09-24 ratio=100.83 momentum=97.53; 2026-09-25 ratio=100.75 momentum=97.70,111.05
stock,UFO Moviez,UFO.NS,"Film Production, Distribution & Exhibition","Media, Entertainment & Publication",226.36,0.0,5.64,-13.5,110.69,3.81,9.42,11.19,,not_stage_2,0,59.73,68.36,-2.05,0.00258,"{'price_above_30w_ma': False, '30w_ma_rising': False, 'price_above_10w_ma': False, 'relative_strength_positive': False, 'near_52w_high': False}",lagging,lagging,97.97,96.68,0.09,-0.82,False,False,2026-09-21 ratio=97.88 momentum=97.50; 2026-09-22 ratio=97.93 momentum=97.75; 2026-09-23 ratio=97.83 momentum=95.67; 2026-09-24 ratio=97.86 momentum=96.90; 2026-09-25 ratio=97.97 momentum=96.68,0.0
stock,Tips Films,TIPSFILMS.NS,"Film Production, Distribution & Exhibition","Media, Entertainment & Publication",144.06,0.0,-29.41,-720.46,47.96,-49.71,,-6.69,,not_stage_2,2,341.45,349.48,-1.8,0.01476,"{'price_above_30w_ma': False, '30w_ma_rising': False, 'price_above_10w_ma': False, 'relative_strength_positive': True, 'near_52w_high': True}",leading,lagging,100.33,102.18,1.13,3.4,True,False,2026-09-21 ratio=99.20 momentum=98.79; 2026-09-22 ratio=99.05 momentum=98.44; 2026-09-23 ratio=98.91 momentum=96.69; 2026-09-24 ratio=99.01 momentum=97.50; 2026-09-25 ratio=100.33 momentum=102.18,82.55
stock,Mukta Arts,MUKTAARTS.NS,"Film Production, Distribution & Exhibition","Media, Entertainment & Publication",129.01,0.0,-2.15,64.7,40.59,10.51,,4.41,,not_stage_2,3,56.21,54.96,-0.23,0.00243,"{'price_above_30w_ma': True, '30w_ma_rising': False, 'price_above_10w_ma': False, 'relative_strength_positive': True, 'near_52w_high': True}",weakening,weakening,100.71,99.23,0.21,1.37,False,False,2026-09-21 ratio=100.50 momentum=97.86; 2026-09-22 ratio=100.52 momentum=96.48; 2026-09-23 ratio=101.19 momentum=100.30; 2026-09-24 ratio=101.38 momentum=99.27; 2026-09-25 ratio=100.71 momentum=99.23,63.55
stock,Baweja Studios L,BAWEJA.NS,"Film Production, Distribution & Exhibition","Media, Entertainment & Publication",47.91,0.0,4.57,-13.28,33.44,-22.93,7.88,7.94,,not_stage_2,2,26.45,28.34,-2.56,0.00114,"{'price_above_30w_ma': False, '30w_ma_rising': False, 'price_above_10w_ma': True, 'relative_strength_positive': True, 'near_52w_high': False}",leading,lagging,101.05,102.46,1.38,3.15,True,False,2026-09-21 ratio=99.66 momentum=99.31; 2026-09-22 ratio=99.78 momentum=99.31; 2026-09-23 ratio=100.53 momentum=101.23; 2026-09-24 ratio=100.75 momentum=102.52; 2026-09-25 ratio=101.05 momentum=102.46,87.55
stock,Metro Brands,METROBRAND.NS,Footwear,Consumer Durables,23846.79,0.69,95.26,-4.79,720.36,14.66,58.67,20.12,,not_stage_2,0,882.0,992.39,-1.67,0.03811,"{'price_above_30w_ma': False, '30w_ma_rising': False, 'price_above_10w_ma': False, 'relative_strength_positive': False, 'near_52w_high': False}",lagging,improving,98.99,97.73,-0.82,-5.46,False,False,2026-09-21 ratio=99.81 momentum=103.19; 2026-09-22 ratio=99.53 momentum=101.38; 2026-09-23 ratio=99.28 momentum=98.43; 2026-09-24 ratio=99.07 momentum=97.07; 2026-09-25 ratio=98.99 momentum=97.73,0.0
stock,Bata India,BATAINDIA.NS,Footwear,Consumer Durables,8029.12,4.0,63.98,15.88,978.95,3.94,46.19,12.74,,not_stage_2,0,629.8,693.63,-3.31,0.02722,"{'price_above_30w_ma': False, '30w_ma_rising': False, 'price_above_10w_ma': False, 'relative_strength_positive': False, 'near_52w_high': False}",lagging,lagging,98.6,99.08,0.35,1.37,False,False,2026-09-21 ratio=98.26 momentum=97.71; 2026-09-22 ratio=98.29 momentum=97.59; 2026-09-23 ratio=98.46 momentum=98.06; 2026-09-24 ratio=98.53 momentum=96.50; 2026-09-25 ratio=98.60 momentum=99.08,0.0
stock,Relaxo Footwear,RELAXO.NS,Footwear,Consumer Durables,7237.89,1.2,54.94,12.35,705.05,7.73,39.06,11.18,,not_stage_2,0,297.0,337.83,-1.72,0.01283,"{'price_above_30w_ma': False, '30w_ma_rising': False, 'price_above_10w_ma': False, 'relative_strength_positive': False, 'near_52w_high': False}",improving,lagging,98.39,101.59,0.64,3.1,False,True,2026-09-21 ratio=97.76 momentum=98.50; 2026-09-22 ratio=97.91 momentum=99.97; 2026-09-23 ratio=98.15 momentum=101.07; 2026-09-24 ratio=98.20 momentum=101.58; 2026-09-25 ratio=98.39 momentum=101.59,7.95
stock,Redtape,REDTAPE.NS,Footwear,Consumer Durables,6637.52,1.67,44.48,15.23,481.28,3.65,26.93,24.48,,not_stage_2,2,121.05,126.97,-0.68,0.00523,"{'price_above_30w_ma': False, '30w_ma_rising': False, 'price_above_10w_ma': False, 'relative_strength_positive': True, 'near_52w_high': True}",leading,improving,100.17,103.24,1.33,2.9,True,False,2026-09-21 ratio=98.84 momentum=100.35; 2026-09-22 ratio=99.42 momentum=101.81; 2026-09-23 ratio=99.80 momentum=103.40; 2026-09-24 ratio=100.46 momentum=103.15; 2026-09-25 ratio=100.17 momentum=103.24,87.05
stock,Campus Activewe.,CAMPUS.NS,Footwear,Consumer Durables,6453.83,0.71,26.14,17.75,385.2,12.21,41.9,21.22,,not_stage_2,0,209.99,232.4,-2.94,0.00907,"{'price_above_30w_ma': False, '30w_ma_rising': False, 'price_above_10w_ma': False, 'relative_strength_positive': False, 'near_52w_high': False}",improving,lagging,99.4,100.44,0.47,5.59,False,True,2026-09-21 ratio=98.94 momentum=94.85; 2026-09-22 ratio=99.22 momentum=98.29; 2026-09-23 ratio=98.89 momentum=97.68; 2026-09-24 ratio=99.83 momentum=100.85; 2026-09-25 ratio=99.40 momentum=100.44,2.2
stock,Sreeleathers,SREEL.NS,Footwear,Consumer Durables,682.08,0.68,6.99,138.57,59.63,19.74,20.76,6.97,,stage_2,5,298.51,214.78,5.83,0.0129,"{'price_above_30w_ma': True, '30w_ma_rising': True, 'price_above_10w_ma': True, 'relative_strength_positive': True, 'near_52w_high': True}",weakening,weakening,101.3,94.93,0.38,-4.0,False,False,2026-09-21 ratio=100.93 momentum=98.93; 2026-09-22 ratio=100.94 momentum=98.56; 2026-09-23 ratio=101.21 momentum=98.67; 2026-09-24 ratio=101.41 momentum=96.96; 2026-09-25 ratio=101.30 momentum=94.93,143.16
stock,Liberty Shoes,LIBERTSHOE.NS,Footwear,Consumer Durables,385.44,0.0,0.68,-76.97,169.86,-1.7,45.24,7.91,,not_stage_2,1,235.92,249.05,-1.44,0.0102,"{'price_above_30w_ma': False, '30w_ma_rising': False, 'price_above_10w_ma': False, 'relative_strength_positive': True, 'near_52w_high': False}",improving,improving,99.98,101.76,1.53,1.49,False,True,2026-09-21 ratio=98.45 momentum=100.27; 2026-09-22 ratio=98.41 momentum=100.10; 2026-09-23 ratio=99.67 momentum=103.32; 2026-09-24 ratio=100.19 momentum=101.94; 2026-09-25 ratio=99.98 momentum=101.76,28.8
stock,Brandman Retail,BRANDMAN.NS,Footwear,Consumer Durables,300.85,0.0,4.76,1152.63,45.19,287.56,10.14,36.81,,insufficient_data,0,,,,,{},insufficient_data,insufficient_data,,,,,False,False,,0.0
stock,Khadim India,KHADIM.NS,Footwear,Consumer Durables,212.55,0.0,0.52,-39.53,77.84,-18.66,47.13,7.79,,not_stage_2,3,118.1,103.52,-2.95,0.0051,"{'price_above_30w_ma': True, '30w_ma_rising': False, 'price_above_10w_ma': True, 'relative_strength_positive': True, 'near_52w_high': False}",weakening,weakening,101.13,96.39,-0.93,-3.51,False,False,2026-09-21 ratio=102.06 momentum=99.90; 2026-09-22 ratio=101.79 momentum=99.33; 2026-09-23 ratio=101.48 momentum=97.51; 2026-09-24 ratio=101.38 momentum=96.87; 2026-09-25 ratio=101.13 momentum=96.39,65.65
stock,ICICI Lombard,ICICIGI.NS,General Insurance,Financial Services,76925.82,0.88,403.17,-46.03,7088.22,10.83,31.68,21.88,,not_stage_2,2,1553.7,1716.3,-3.08,0.06714,"{'price_above_30w_ma': False, '30w_ma_rising': False, 'price_above_10w_ma': False, 'relative_strength_positive': True, 'near_52w_high': True}",leading,improving,100.58,102.43,1.27,-0.59,False,False,2026-09-21 ratio=99.31 momentum=103.02; 2026-09-22 ratio=98.97 momentum=102.01; 2026-09-23 ratio=99.18 momentum=102.31; 2026-09-24 ratio=101.15 momentum=103.38; 2026-09-25 ratio=100.58 momentum=102.43,75.05
stock,General Insuranc,GICRE.NS,General Insurance,Financial Services,57789.51,4.02,1743.67,-31.1,14400.9,-1.52,6.51,17.35,,not_stage_2,1,337.5,369.68,-1.23,0.01458,"{'price_above_30w_ma': False, '30w_ma_rising': False, 'price_above_10w_ma': False, 'relative_strength_positive': False, 'near_52w_high': True}",lagging,weakening,99.3,99.89,-0.81,0.89,False,False,2026-09-21 ratio=100.11 momentum=99.00; 2026-09-22 ratio=99.43 momentum=99.71; 2026-09-23 ratio=99.70 momentum=99.94; 2026-09-24 ratio=99.89 momentum=98.83; 2026-09-25 ratio=99.30 momentum=99.89,20.0
stock,Star Health Insu,STARHEALTH.NS,General Insurance,Financial Services,32536.03,0.0,549.73,25.46,5522.07,13.15,38.54,9.69,,stage_2,4,558.15,535.64,2.42,0.02412,"{'price_above_30w_ma': True, '30w_ma_rising': True, 'price_above_10w_ma': False, 'relative_strength_positive': True, 'near_52w_high': True}",weakening,lagging,100.45,99.4,2.15,-0.51,False,False,2026-09-21 ratio=98.30 momentum=99.91; 2026-09-22 ratio=98.67 momentum=99.23; 2026-09-23 ratio=98.87 momentum=98.48; 2026-09-24 ratio=99.83 momentum=99.01; 2026-09-25 ratio=100.45 momentum=99.40,112.09
stock,New India Assura,NIACL.NS,General Insurance,Financial Services,27965.88,0.88,-239.15,-160.61,11899.69,1.54,36.35,4.29,,not_stage_2,3,176.6,168.38,4.02,0.00763,"{'price_above_30w_ma': True, '30w_ma_rising': True, 'price_above_10w_ma': False, 'relative_strength_positive': False, 'near_52w_high': True}",lagging,weakening,99.88,96.62,-0.6,0.86,False,False,2026-09-21 ratio=100.48 momentum=95.76; 2026-09-22 ratio=100.57 momentum=93.95; 2026-09-23 ratio=100.73 momentum=97.46; 2026-09-24 ratio=100.19 momentum=95.46; 2026-09-25 ratio=99.88 momentum=96.62,68.04
stock,Go Digit General,GODIGIT.NS,General Insurance,Financial Services,24316.21,0.0,86.39,-37.55,2427.02,8.54,49.38,13.1,,not_stage_2,1,253.7,295.33,-3.23,0.01096,"{'price_above_30w_ma': False, '30w_ma_rising': False, 'price_above_10w_ma': False, 'relative_strength_positive': True, 'near_52w_high': False}",leading,lagging,100.41,102.01,1.54,3.53,True,False,2026-09-21 ratio=98.86 momentum=98.48; 2026-09-22 ratio=98.96 momentum=98.83; 2026-09-23 ratio=99.08 momentum=98.57; 2026-09-24 ratio=100.06 momentum=101.35; 2026-09-25 ratio=100.41 momentum=102.01,62.1
stock,Niva Bupa Health,NIVABUPA.NS,General Insurance,Financial Services,13969.86,0.0,137.8,92.89,2471.26,27.93,80.17,3.15,,not_stage_2,2,77.19,80.58,0.45,0.00334,"{'price_above_30w_ma': False, '30w_ma_rising': True, 'price_above_10w_ma': False, 'relative_strength_positive': False, 'near_52w_high': True}",lagging,improving,98.4,99.56,-1.09,-3.32,False,False,2026-09-21 ratio=99.49 momentum=102.88; 2026-09-22 ratio=99.85 momentum=102.45; 2026-09-23 ratio=99.36 momentum=100.99; 2026-09-24 ratio=97.90 momentum=98.56; 2026-09-25 ratio=98.40 momentum=99.56,40.9
stock,LG Electronics,LGEINDIA.NS,Household Appliances,Consumer Durables,117458.12,0.0,652.86,27.2,7233.35,15.49,64.37,32.27,,stage_2,5,1725.4,1571.84,1.18,0.07456,"{'price_above_30w_ma': True, '30w_ma_rising': True, 'price_above_10w_ma': True, 'relative_strength_positive': True, 'near_52w_high': True}",leading,leading,102.04,101.97,0.8,1.62,False,False,2026-09-21 ratio=101.24 momentum=100.35; 2026-09-22 ratio=101.36 momentum=100.02; 2026-09-23 ratio=101.58 momentum=98.82; 2026-09-24 ratio=101.89 momentum=101.39; 2026-09-25 ratio=102.04 momentum=101.97,167.41
stock,Voltas,VOLTAS.NS,Household Appliances,Consumer Durables,37612.32,0.35,212.76,52.19,4673.5,18.66,80.55,9.04,,not_stage_2,0,1118.2,1296.47,-3.72,0.04832,"{'price_above_30w_ma': False, '30w_ma_rising': False, 'price_above_10w_ma': False, 'relative_strength_positive': False, 'near_52w_high': False}",improving,improving,98.8,100.65,0.02,-1.99,False,False,2026-09-21 ratio=98.78 momentum=102.64; 2026-09-22 ratio=98.28 momentum=99.80; 2026-09-23 ratio=98.69 momentum=102.76; 2026-09-24 ratio=98.76 momentum=101.90; 2026-09-25 ratio=98.80 momentum=100.65,3.25
stock,Blue Star,BLUESTARCO.NS,Household Appliances,Consumer Durables,32392.55,0.54,102.51,-21.03,3377.92,13.27,61.21,21.24,,not_stage_2,3,1565.0,1644.02,-3.24,0.06763,"{'price_above_30w_ma': False, '30w_ma_rising': False, 'price_above_10w_ma': True, 'relative_strength_positive': True, 'near_52w_high': True}",leading,leading,100.89,103.49,0.47,0.64,False,False,2026-09-21 ratio=100.42 momentum=102.85; 2026-09-22 ratio=100.06 momentum=101.69; 2026-09-23 ratio=100.10 momentum=102.96; 2026-09-24 ratio=100.37 momentum=104.83; 2026-09-25 ratio=100.89 momentum=103.49,101.9
stock,Amber Enterp.,AMBER.NS,Household Appliances,Consumer Durables,24646.86,0.0,3.09,-3.37,3887.72,12.72,119.45,10.29,,not_stage_2,1,6960.0,7471.95,-0.53,0.30077,"{'price_above_30w_ma': False, '30w_ma_rising': False, 'price_above_10w_ma': False, 'relative_strength_positive': False, 'near_52w_high': True}",lagging,lagging,99.43,97.36,-0.14,-0.49,False,False,2026-09-21 ratio=99.57 momentum=97.85; 2026-09-22 ratio=99.28 momentum=96.85; 2026-09-23 ratio=99.44 momentum=98.17; 2026-09-24 ratio=99.29 momentum=98.14; 2026-09-25 ratio=99.43 momentum=97.36,20.0
stock,Crompton Gr. Con,CROMPTON.NS,Household Appliances,Consumer Durables,14082.42,1.37,140.32,12.12,2022.47,11.2,31.02,18.98,,not_stage_2,0,218.6,255.45,-1.63,0.00945,"{'price_above_30w_ma': False, '30w_ma_rising': False, 'price_above_10w_ma': False, 'relative_strength_positive': False, 'near_52w_high': False}",lagging,improving,98.5,98.25,-0.14,-2.61,False,False,2026-09-21 ratio=98.64 momentum=100.85; 2026-09-22 ratio=98.49 momentum=99.79; 2026-09-23 ratio=98.58 momentum=99.05; 2026-09-24 ratio=98.63 momentum=97.18; 2026-09-25 ratio=98.50 momentum=98.25,0.0
stock,V-Guard Industri,VGUARD.NS,Household Appliances,Consumer Durables,13422.01,0.49,130.25,76.37,1810.65,23.5,35.32,18.38,,not_stage_2,2,304.35,317.01,0.01,0.01315,"{'price_above_30w_ma': False, '30w_ma_rising': True, 'price_above_10w_ma': False, 'relative_strength_positive': False, 'near_52w_high': True}",lagging,weakening,99.61,96.97,-1.17,0.81,False,False,2026-09-21 ratio=100.78 momentum=96.16; 2026-09-22 ratio=100.55 momentum=96.57; 2026-09-23 ratio=100.17 momentum=96.74; 2026-09-24 ratio=99.98 momentum=97.14; 2026-09-25 ratio=99.61 momentum=96.97,40.02
stock,Whirlpool India,WHIRLPOOL.NS,Household Appliances,Consumer Durables,11646.82,0.55,102.88,-29.4,2726.75,12.1,42.72,10.67,,not_stage_2,3,918.9,827.9,-1.55,0.03971,"{'price_above_30w_ma': True, '30w_ma_rising': False, 'price_above_10w_ma': True, 'relative_strength_positive': True, 'near_52w_high': False}",leading,lagging,104.23,101.18,6.06,3.58,True,False,2026-09-21 ratio=98.17 momentum=97.60; 2026-09-22 ratio=98.27 momentum=97.43; 2026-09-23 ratio=103.76 momentum=101.16; 2026-09-24 ratio=103.32 momentum=100.90; 2026-09-25 ratio=104.23 momentum=101.18,117.05
stock,TTK Prestige,TTKPRESTIG.NS,Household Appliances,Consumer Durables,7035.34,1.46,58.97,103.94,813.85,33.57,34.0,12.1,,not_stage_2,1,524.4,547.66,-0.21,0.02266,"{'price_above_30w_ma': False, '30w_ma_rising': False, 'price_above_10w_ma': False, 'relative_strength_positive': False, 'near_52w_high': True}",improving,improving,98.76,102.58,0.37,2.51,False,True,2026-09-21 ratio=98.39 momentum=100.07; 2026-09-22 ratio=98.33 momentum=101.27; 2026-09-23 ratio=98.53 momentum=101.24; 2026-09-24 ratio=98.54 momentum=101.38; 2026-09-25 ratio=98.76 momentum=102.58,32.9
stock,Eureka Forbes,EUREKAFORB.NS,Household Appliances,Consumer Durables,6995.69,0.0,55.44,6.98,700.77,15.31,34.98,5.86,,not_stage_2,0,370.85,451.77,-3.21,0.01603,"{'price_above_30w_ma': False, '30w_ma_rising': False, 'price_above_10w_ma': False, 'relative_strength_positive': False, 'near_52w_high': False}",lagging,lagging,98.02,99.33,0.23,4.95,False,False,2026-09-21 ratio=97.79 momentum=94.38; 2026-09-22 ratio=97.94 momentum=98.99; 2026-09-23 ratio=97.99 momentum=97.56; 2026-09-24 ratio=98.21 momentum=99.72; 2026-09-25 ratio=98.02 momentum=99.33,0.0
stock,IFB Industries,IFBIND.NS,Household Appliances,Consumer Durables,4919.94,0.0,38.06,50.08,1523.52,17.1,31.48,18.22,,not_stage_2,2,1225.2,1210.85,1.18,0.05295,"{'price_above_30w_ma': True, '30w_ma_rising': True, 'price_above_10w_ma': False, 'relative_strength_positive': False, 'near_52w_high': False}",lagging,lagging,98.6,98.83,0.73,0.86,False,False,2026-09-21 ratio=97.87 momentum=97.97; 2026-09-22 ratio=97.85 momentum=97.61; 2026-09-23 ratio=98.91 momentum=99.17; 2026-09-24 ratio=98.56 momentum=99.27; 2026-09-25 ratio=98.60 momentum=98.83,42.36
stock,Adani Total Gas,ATGL.NS,LPG/CNG/PNG/LNG Supplier,"Oil, Gas & Consumable Fuels",65469.19,0.04,133.03,-17.97,1743.48,27.1,107.73,15.09,,not_stage_2,2,611.65,642.29,2.04,0.02643,"{'price_above_30w_ma': False, '30w_ma_rising': True, 'price_above_10w_ma': False, 'relative_strength_positive': False, 'near_52w_high': True}",improving,leading,99.68,101.16,-0.54,-0.88,False,False,2026-09-21 ratio=100.22 momentum=102.04; 2026-09-22 ratio=99.93 momentum=101.78; 2026-09-23 ratio=99.83 momentum=101.27; 2026-09-24 ratio=99.76 momentum=100.87; 2026-09-25 ratio=99.68 momentum=101.16,49.88
stock,Petronet LNG,PETRONET.NS,LPG/CNG/PNG/LNG Supplier,"Oil, Gas & Consumable Fuels",43477.5,3.45,1137.14,35.07,5557.84,-53.22,10.33,22.55,,not_stage_2,4,286.5,277.4,-0.74,0.01238,"{'price_above_30w_ma': True, '30w_ma_rising': False, 'price_above_10w_ma': True, 'relative_strength_positive': True, 'near_52w_high': True}",weakening,weakening,101.37,98.79,0.06,-1.03,False,False,2026-09-21 ratio=101.31 momentum=99.83; 2026-09-22 ratio=100.74 momentum=96.86; 2026-09-23 ratio=101.00 momentum=99.08; 2026-09-24 ratio=101.55 momentum=99.85; 2026-09-25 ratio=101.37 momentum=98.79,86.85
stock,Gujarat Energy,GUJENERGY.NS,LPG/CNG/PNG/LNG Supplier,"Oil, Gas & Consumable Fuels",22061.53,3.79,1007.4,69.8,9544.98,63.12,11.28,11.73,,not_stage_2,0,236.02,324.08,-6.51,0.0102,"{'price_above_30w_ma': False, '30w_ma_rising': False, 'price_above_10w_ma': False, 'relative_strength_positive': False, 'near_52w_high': False}",lagging,lagging,98.38,97.47,0.3,0.0,False,False,2026-09-21 ratio=98.07 momentum=97.46; 2026-09-22 ratio=97.52 momentum=96.87; 2026-09-23 ratio=98.14 momentum=97.61; 2026-09-24 ratio=98.41 momentum=97.27; 2026-09-25 ratio=98.38 momentum=97.47,0.0
stock,Indraprastha Gas,IGL.NS,LPG/CNG/PNG/LNG Supplier,"Oil, Gas & Consumable Fuels",20081.62,3.31,237.92,-43.97,4586.73,17.19,14.76,17.52,,not_stage_2,0,144.95,156.38,-1.64,0.00626,"{'price_above_30w_ma': False, '30w_ma_rising': False, 'price_above_10w_ma': False, 'relative_strength_positive': False, 'near_52w_high': False}",lagging,weakening,99.77,96.35,-0.74,-1.41,False,False,2026-09-21 ratio=100.51 momentum=97.76; 2026-09-22 ratio=99.94 momentum=97.89; 2026-09-23 ratio=99.83 momentum=97.26; 2026-09-24 ratio=100.20 momentum=97.37; 2026-09-25 ratio=99.77 momentum=96.35,0.0
stock,Mahanagar Gas,MGL.NS,LPG/CNG/PNG/LNG Supplier,"Oil, Gas & Consumable Fuels",10362.23,2.86,193.7,-39.39,2371.71,13.95,14.37,17.14,,not_stage_2,2,1071.3,1092.06,-0.84,0.0463,"{'price_above_30w_ma': False, '30w_ma_rising': False, 'price_above_10w_ma': False, 'relative_strength_positive': True, 'near_52w_high': True}",weakening,leading,100.71,98.01,0.36,-2.98,False,False,2026-09-21 ratio=100.35 momentum=100.99; 2026-09-22 ratio=99.94 momentum=99.82; 2026-09-23 ratio=101.22 momentum=100.42; 2026-09-24 ratio=101.46 momentum=101.66; 2026-09-25 ratio=100.71 momentum=98.01,43.55
stock,Confidence Petro,CONFIPET.NS,LPG/CNG/PNG/LNG Supplier,"Oil, Gas & Consumable Fuels",2845.64,0.12,62.55,207.04,2408.53,116.6,21.14,9.23,,stage_2,5,88.28,66.17,12.77,0.00381,"{'price_above_30w_ma': True, '30w_ma_rising': True, 'price_above_10w_ma': True, 'relative_strength_positive': True, 'near_52w_high': True}",weakening,leading,101.62,97.55,-0.27,-2.66,False,False,2026-09-21 ratio=101.89 momentum=100.20; 2026-09-22 ratio=101.51 momentum=99.60; 2026-09-23 ratio=101.72 momentum=99.81; 2026-09-24 ratio=101.44 momentum=95.05; 2026-09-25 ratio=101.62 momentum=97.55,158.64
stock,IRM Energy,IRMENERGY.NS,LPG/CNG/PNG/LNG Supplier,"Oil, Gas & Consumable Fuels",1090.54,0.57,33.81,142.89,325.85,24.13,14.92,8.63,,not_stage_2,3,268.25,260.87,1.69,0.01159,"{'price_above_30w_ma': True, '30w_ma_rising': True, 'price_above_10w_ma': False, 'relative_strength_positive': True, 'near_52w_high': False}",weakening,weakening,100.14,96.69,-0.11,-2.1,False,False,2026-09-21 ratio=100.25 momentum=98.79; 2026-09-22 ratio=100.05 momentum=97.70; 2026-09-23 ratio=100.28 momentum=98.25; 2026-09-24 ratio=100.18 momentum=97.07; 2026-09-25 ratio=100.14 momentum=96.69,64.08
stock,Axiom Gas Engi.,AXIOMGAS.NS,LPG/CNG/PNG/LNG Supplier,"Oil, Gas & Consumable Fuels",181.49,0.0,2.24,,21.23,,19.21,32.1,,insufficient_data,0,,,,,{},insufficient_data,insufficient_data,,,,,False,False,,0.0
stock,Life Insurance,LICI.NS,Life Insurance,Financial Services,507132.01,2.5,13584.25,23.98,239865.7,6.76,8.44,35.14,,not_stage_2,2,409.05,409.42,-0.87,0.01768,"{'price_above_30w_ma': False, '30w_ma_rising': False, 'price_above_10w_ma': False, 'relative_strength_positive': True, 'near_52w_high': True}",leading,lagging,100.96,102.19,1.26,3.24,True,False,2026-09-21 ratio=99.70 momentum=98.95; 2026-09-22 ratio=100.20 momentum=101.18; 2026-09-23 ratio=100.30 momentum=100.96; 2026-09-24 ratio=100.77 momentum=101.80; 2026-09-25 ratio=100.96 momentum=102.19,85.75
stock,SBI Life Insuran,SBILIFE.NS,Life Insurance,Financial Services,172832.9,0.16,724.93,21.97,46336.78,18.82,66.45,14.95,,not_stage_2,2,1742.0,1822.22,-2.17,0.07528,"{'price_above_30w_ma': False, '30w_ma_rising': False, 'price_above_10w_ma': False, 'relative_strength_positive': True, 'near_52w_high': True}",leading,leading,100.35,102.02,0.2,1.3,False,False,2026-09-21 ratio=100.15 momentum=100.72; 2026-09-22 ratio=100.31 momentum=101.79; 2026-09-23 ratio=100.22 momentum=102.34; 2026-09-24 ratio=100.76 momentum=102.82; 2026-09-25 ratio=100.35 momentum=102.02,71.85
stock,HDFC Life Insur.,HDFCLIFE.NS,Life Insurance,Financial Services,115603.68,0.4,611.19,11.46,33758.51,14.58,58.53,10.3,,not_stage_2,1,531.0,579.31,-3.8,0.02295,"{'price_above_30w_ma': False, '30w_ma_rising': False, 'price_above_10w_ma': False, 'relative_strength_positive': True, 'near_52w_high': False}",leading,leading,100.47,100.94,-1.69,-0.72,False,False,2026-09-21 ratio=102.16 momentum=101.66; 2026-09-22 ratio=102.24 momentum=102.14; 2026-09-23 ratio=102.09 momentum=101.75; 2026-09-24 ratio=100.26 momentum=101.46; 2026-09-25 ratio=100.47 momentum=100.94,47.05
stock,ICICI Pru Life,ICICIPRULI.NS,Life Insurance,Financial Services,66711.98,0.36,623.91,61.94,3185.46,-79.69,41.49,10.14,,not_stage_2,0,463.0,515.04,-4.21,0.02001,"{'price_above_30w_ma': False, '30w_ma_rising': False, 'price_above_10w_ma': False, 'relative_strength_positive': False, 'near_52w_high': False}",lagging,leading,98.34,99.83,-2.24,-0.9,False,False,2026-09-21 ratio=100.59 momentum=100.73; 2026-09-22 ratio=100.18 momentum=102.23; 2026-09-23 ratio=99.74 momentum=101.74; 2026-09-24 ratio=98.57 momentum=100.83; 2026-09-25 ratio=98.34 momentum=99.83,0.0
stock,Max Financial,MFSL.NS,Life Insurance,Financial Services,49834.57,0.0,118.29,36.38,14969.51,16.75,459.28,2.87,,not_stage_2,1,1458.0,1587.74,-2.36,0.06301,"{'price_above_30w_ma': False, '30w_ma_rising': False, 'price_above_10w_ma': False, 'relative_strength_positive': False, 'near_52w_high': True}",improving,leading,99.6,100.12,-2.23,-1.3,False,False,2026-09-21 ratio=101.83 momentum=101.41; 2026-09-22 ratio=101.64 momentum=101.54; 2026-09-23 ratio=101.68 momentum=101.75; 2026-09-24 ratio=98.45 momentum=99.41; 2026-09-25 ratio=99.60 momentum=100.12,20.6
stock,Canara HSBC,CANHLIFE.NS,Life Insurance,Financial Services,14029.79,0.27,28.14,20.15,4350.86,19.81,106.83,8.35,,stage_2,4,150.7,145.16,0.56,0.00651,"{'price_above_30w_ma': True, '30w_ma_rising': True, 'price_above_10w_ma': False, 'relative_strength_positive': True, 'near_52w_high': True}",weakening,weakening,100.99,98.87,-0.26,1.39,False,False,2026-09-21 ratio=101.25 momentum=97.48; 2026-09-22 ratio=101.41 momentum=99.75; 2026-09-23 ratio=100.82 momentum=97.81; 2026-09-24 ratio=101.30 momentum=101.12; 2026-09-25 ratio=100.99 momentum=98.87,111.07
stock,Container Corpn.,CONCOR.NS,Logistics Solution Provider,Services,34272.81,1.91,268.9,0.08,2159.76,0.28,27.59,12.64,,not_stage_2,1,461.5,486.69,-0.23,0.01994,"{'price_above_30w_ma': False, '30w_ma_rising': False, 'price_above_10w_ma': False, 'relative_strength_positive': False, 'near_52w_high': True}",lagging,lagging,98.05,97.56,-1.54,-0.09,False,False,2026-09-21 ratio=99.59 momentum=97.66; 2026-09-22 ratio=97.98 momentum=97.05; 2026-09-23 ratio=97.72 momentum=97.46; 2026-09-24 ratio=98.50 momentum=97.56; 2026-09-25 ratio=98.05 momentum=97.56,20.0
stock,Delhivery,DELHIVERY.NS,Logistics Solution Provider,Services,30486.86,0.0,31.91,-64.95,2930.73,27.76,255.59,1.01,,not_stage_2,2,422.7,456.2,0.19,0.01827,"{'price_above_30w_ma': False, '30w_ma_rising': True, 'price_above_10w_ma': False, 'relative_strength_positive': False, 'near_52w_high': True}",lagging,lagging,98.47,95.95,-0.57,-3.11,False,False,2026-09-21 ratio=99.04 momentum=99.05; 2026-09-22 ratio=98.88 momentum=98.80; 2026-09-23 ratio=99.00 momentum=98.44; 2026-09-24 ratio=98.88 momentum=97.45; 2026-09-25 ratio=98.47 momentum=95.95,40.38
stock,Shadowfax Technologies,SHADOWFAX.NS,Logistics Solution Provider,Services,16063.76,0.0,66.2,624.29,1323.85,66.33,93.27,10.3,,stage_2,5,282.45,198.36,10.6,0.01221,"{'price_above_30w_ma': True, '30w_ma_rising': True, 'price_above_10w_ma': True, 'relative_strength_positive': True, 'near_52w_high': True}",leading,leading,102.14,101.13,0.08,-0.27,False,False,2026-09-21 ratio=102.06 momentum=101.39; 2026-09-22 ratio=102.46 momentum=102.72; 2026-09-23 ratio=102.37 momentum=102.17; 2026-09-24 ratio=102.45 momentum=101.83; 2026-09-25 ratio=102.14 momentum=101.13,182.55
stock,Blue Dart Expres,BLUEDART.NS,Logistics Solution Provider,Services,11270.8,0.53,88.49,81.22,1657.72,14.97,34.77,15.77,,not_stage_2,0,4746.5,5035.1,-2.33,0.20512,"{'price_above_30w_ma': False, '30w_ma_rising': False, 'price_above_10w_ma': False, 'relative_strength_positive': False, 'near_52w_high': False}",lagging,lagging,99.16,97.82,-0.09,0.15,False,False,2026-09-21 ratio=99.25 momentum=97.67; 2026-09-22 ratio=99.22 momentum=97.43; 2026-09-23 ratio=99.09 momentum=96.58; 2026-09-24 ratio=99.87 momentum=98.17; 2026-09-25 ratio=99.16 momentum=97.82,0.0
stock,Transport Corp.,TCI.NS,Logistics Solution Provider,Services,6629.36,1.16,106.6,-0.75,1248.5,9.58,14.52,19.45,,not_stage_2,1,883.7,929.82,-2.52,0.03819,"{'price_above_30w_ma': False, '30w_ma_rising': False, 'price_above_10w_ma': False, 'relative_strength_positive': True, 'near_52w_high': False}",leading,lagging,100.97,102.38,3.89,3.98,True,False,2026-09-21 ratio=97.08 momentum=98.40; 2026-09-22 ratio=97.65 momentum=99.21; 2026-09-23 ratio=98.25 momentum=98.89; 2026-09-24 ratio=98.99 momentum=99.81; 2026-09-25 ratio=100.97 momentum=102.38,66.75
stock,TVS Supply,TVSSCS.NS,Logistics Solution Provider,Services,5665.81,0.0,22.48,-84.26,3335.22,28.66,79.94,10.06,,stage_2,4,130.26,123.16,1.54,0.00563,"{'price_above_30w_ma': True, '30w_ma_rising': True, 'price_above_10w_ma': False, 'relative_strength_positive': True, 'near_52w_high': True}",leading,leading,100.96,102.04,-0.13,0.06,False,False,2026-09-21 ratio=101.08 momentum=101.98; 2026-09-22 ratio=101.08 momentum=102.09; 2026-09-23 ratio=101.01 momentum=102.38; 2026-09-24 ratio=101.07 momentum=103.67; 2026-09-25 ratio=100.96 momentum=102.04,143.08
stock,VRL Logistics,VRLLOG.NS,Logistics Solution Provider,Services,5006.86,1.74,80.53,60.93,878.84,18.07,18.73,18.27,,stage_2,5,289.7,258.29,0.42,0.01252,"{'price_above_30w_ma': True, '30w_ma_rising': True, 'price_above_10w_ma': True, 'relative_strength_positive': True, 'near_52w_high': True}",weakening,weakening,100.86,98.3,-0.07,2.06,False,False,2026-09-21 ratio=100.92 momentum=96.24; 2026-09-22 ratio=100.92 momentum=97.82; 2026-09-23 ratio=100.83 momentum=94.77; 2026-09-24 ratio=101.02 momentum=100.04; 2026-09-25 ratio=100.86 momentum=98.30,130.14
stock,Mahindra Logis.,MAHLOG.NS,Logistics Solution Provider,Services,4187.02,0.59,27.83,335.09,2002.88,23.29,106.26,7.36,,stage_2,5,420.25,384.31,0.19,0.01816,"{'price_above_30w_ma': True, '30w_ma_rising': True, 'price_above_10w_ma': True, 'relative_strength_positive': True, 'near_52w_high': True}",leading,weakening,102.96,101.55,1.9,1.7,True,False,2026-09-21 ratio=101.06 momentum=99.85; 2026-09-22 ratio=101.33 momentum=100.42; 2026-09-23 ratio=102.76 momentum=101.23; 2026-09-24 ratio=103.42 momentum=101.89; 2026-09-25 ratio=102.96 momentum=101.55,177.93
stock,Gateway Distri,GATEWAY.NS,Logistics Solution Provider,Services,2591.16,3.86,51.26,-20.79,549.3,-0.21,10.57,10.83,,not_stage_2,1,52.5,56.26,-1.44,0.00227,"{'price_above_30w_ma': False, '30w_ma_rising': False, 'price_above_10w_ma': False, 'relative_strength_positive': False, 'near_52w_high': True}",improving,lagging,99.62,101.0,0.46,3.23,False,True,2026-09-21 ratio=99.16 momentum=97.78; 2026-09-22 ratio=99.17 momentum=99.53; 2026-09-23 ratio=99.26 momentum=98.97; 2026-09-24 ratio=99.62 momentum=101.43; 2026-09-25 ratio=99.62 momentum=101.00,25.0
stock,TCI Express,TCIEXP.NS,Logistics Solution Provider,Services,1867.83,1.44,22.38,6.37,311.95,8.79,20.49,14.63,,not_stage_2,0,501.55,527.02,-1.26,0.02167,"{'price_above_30w_ma': False, '30w_ma_rising': False, 'price_above_10w_ma': False, 'relative_strength_positive': False, 'near_52w_high': False}",lagging,lagging,98.93,98.33,1.6,0.67,False,False,2026-09-21 ratio=97.33 momentum=97.66; 2026-09-22 ratio=97.78 momentum=97.91; 2026-09-23 ratio=98.70 momentum=98.17; 2026-09-24 ratio=98.54 momentum=97.86; 2026-09-25 ratio=98.93 momentum=98.33,0.0
stock,Castrol India,CASTROLIND.NS,Lubricants,"Oil, Gas & Consumable Fuels",19885.32,4.35,347.7,42.5,1871.47,25.03,18.44,60.27,,stage_2,5,201.67,185.45,0.58,0.00872,"{'price_above_30w_ma': True, '30w_ma_rising': True, 'price_above_10w_ma': True, 'relative_strength_positive': True, 'near_52w_high': True}",leading,weakening,103.24,102.12,0.86,3.7,True,False,2026-09-21 ratio=102.38 momentum=98.42; 2026-09-22 ratio=102.71 momentum=100.39; 2026-09-23 ratio=101.92 momentum=97.68; 2026-09-24 ratio=102.59 momentum=98.92; 2026-09-25 ratio=103.24 momentum=102.12,182.96
stock,Gulf Oil Lubric.,GULFOILLUB.NS,Lubricants,"Oil, Gas & Consumable Fuels",5499.66,4.59,127.52,31.93,1320.36,32.52,13.84,27.23,,not_stage_2,4,1106.6,1015.53,-0.39,0.04782,"{'price_above_30w_ma': True, '30w_ma_rising': False, 'price_above_10w_ma': True, 'relative_strength_positive': True, 'near_52w_high': True}",leading,improving,100.85,102.1,1.05,1.72,True,False,2026-09-21 ratio=99.80 momentum=100.38; 2026-09-22 ratio=99.72 momentum=100.82; 2026-09-23 ratio=100.49 momentum=103.40; 2026-09-24 ratio=100.65 momentum=101.24; 2026-09-25 ratio=100.85 momentum=102.10,124.75
stock,Savita Oil Tech,SOTL.NS,Lubricants,"Oil, Gas & Consumable Fuels",4794.43,0.72,292.25,395.59,1479.77,49.6,11.22,13.96,,stage_2,5,713.2,524.07,9.99,0.03082,"{'price_above_30w_ma': True, '30w_ma_rising': True, 'price_above_10w_ma': True, 'relative_strength_positive': True, 'near_52w_high': True}",leading,weakening,101.07,100.44,-0.23,1.87,False,False,2026-09-21 ratio=101.29 momentum=98.56; 2026-09-22 ratio=101.28 momentum=101.19; 2026-09-23 ratio=101.02 momentum=101.82; 2026-09-24 ratio=101.40 momentum=102.67; 2026-09-25 ratio=101.07 momentum=100.44,172.53
stock,Panama Petrochem,PANAMAPET.NS,Lubricants,"Oil, Gas & Consumable Fuels",2827.17,0.64,308.91,624.8,1735.15,150.3,5.9,19.15,,stage_2,4,473.4,379.59,7.28,0.02046,"{'price_above_30w_ma': True, '30w_ma_rising': True, 'price_above_10w_ma': False, 'relative_strength_positive': True, 'near_52w_high': True}",weakening,weakening,100.57,98.19,0.01,-0.48,False,False,2026-09-21 ratio=100.56 momentum=98.67; 2026-09-22 ratio=100.83 momentum=100.02; 2026-09-23 ratio=100.69 momentum=99.49; 2026-09-24 ratio=100.98 momentum=98.70; 2026-09-25 ratio=100.57 momentum=98.19,122.41
stock,Gandhar Oil Ref.,GANDHAR.NS,Lubricants,"Oil, Gas & Consumable Fuels",2563.47,0.76,205.89,633.09,1731.93,91.81,8.5,13.33,,stage_2,5,261.65,189.37,9.58,0.01131,"{'price_above_30w_ma': True, '30w_ma_rising': True, 'price_above_10w_ma': True, 'relative_strength_positive': True, 'near_52w_high': True}",weakening,weakening,100.93,97.27,-0.27,-1.63,False,False,2026-09-21 ratio=101.20 momentum=98.90; 2026-09-22 ratio=101.27 momentum=99.80; 2026-09-23 ratio=101.15 momentum=99.25; 2026-09-24 ratio=101.06 momentum=98.35; 2026-09-25 ratio=100.93 momentum=97.27,148.81
stock,Veedol Corporat,VEEDOL.NS,Lubricants,"Oil, Gas & Consumable Fuels",2377.23,4.25,77.92,56.88,608.57,18.49,10.81,24.09,,not_stage_2,0,1393.4,1421.46,-0.14,0.06021,"{'price_above_30w_ma': False, '30w_ma_rising': False, 'price_above_10w_ma': False, 'relative_strength_positive': False, 'near_52w_high': False}",weakening,lagging,100.04,98.92,1.29,2.2,False,False,2026-09-21 ratio=98.74 momentum=96.72; 2026-09-22 ratio=99.19 momentum=97.89; 2026-09-23 ratio=98.95 momentum=97.19; 2026-09-24 ratio=99.46 momentum=97.91; 2026-09-25 ratio=100.04 momentum=98.92,0.2
stock,GP Petroleums,GULFPETRO.NS,Lubricants,"Oil, Gas & Consumable Fuels",311.72,0.82,21.19,229.04,230.33,45.6,7.16,10.84,,stage_2,5,60.88,42.94,10.29,0.00263,"{'price_above_30w_ma': True, '30w_ma_rising': True, 'price_above_10w_ma': True, 'relative_strength_positive': True, 'near_52w_high': True}",weakening,weakening,100.43,95.4,-0.16,-1.97,False,False,2026-09-21 ratio=100.59 momentum=97.36; 2026-09-22 ratio=100.74 momentum=98.22; 2026-09-23 ratio=100.96 momentum=99.42; 2026-09-24 ratio=100.76 momentum=96.58; 2026-09-25 ratio=100.43 momentum=95.40,147.73
stock,Arabian Petrol.,ARABIAN.NS,Lubricants,"Oil, Gas & Consumable Fuels",97.97,0.0,5.21,3.37,200.25,36.98,8.7,18.46,,stage_2,5,88.0,73.82,2.44,0.0038,"{'price_above_30w_ma': True, '30w_ma_rising': True, 'price_above_10w_ma': True, 'relative_strength_positive': True, 'near_52w_high': True}",leading,leading,101.21,101.38,-0.53,0.22,False,False,2026-09-21 ratio=101.74 momentum=101.16; 2026-09-22 ratio=101.26 momentum=100.05; 2026-09-23 ratio=101.22 momentum=99.92; 2026-09-24 ratio=101.17 momentum=100.09; 2026-09-25 ratio=101.21 momentum=101.38,162.83
stock,Sundrex Oil,SOCL.NS,Lubricants,"Oil, Gas & Consumable Fuels",37.5,0.0,2.9,-16.18,67.25,96.29,7.05,21.24,,insufficient_data,0,,,,,{},insufficient_data,insufficient_data,,,,,False,False,,0.0
stock,Venky's (India),VENKEYS.NS,Meat Products including Poultry,Fast Moving Consumer Goods,2301.36,0.61,49.99,215.79,1118.38,29.17,13.27,11.9,,stage_2,5,1652.8,1484.33,2.25,0.07142,"{'price_above_30w_ma': True, '30w_ma_rising': True, 'price_above_10w_ma': True, 'relative_strength_positive': True, 'near_52w_high': True}",weakening,weakening,101.2,97.84,0.08,-0.4,False,False,2026-09-21 ratio=101.12 momentum=98.24; 2026-09-22 ratio=101.48 momentum=99.14; 2026-09-23 ratio=101.49 momentum=97.98; 2026-09-24 ratio=101.42 momentum=98.14; 2026-09-25 ratio=101.20 momentum=97.84,135.5
stock,HMA Agro Inds.,HMAAGRO.NS,Meat Products including Poultry,Fast Moving Consumer Goods,1203.86,1.25,50.51,6158.02,2110.32,87.98,5.61,16.19,,not_stage_2,4,23.98,22.97,-2.85,0.00104,"{'price_above_30w_ma': True, '30w_ma_rising': False, 'price_above_10w_ma': True, 'relative_strength_positive': True, 'near_52w_high': True}",leading,leading,102.3,103.04,-0.42,1.38,False,False,2026-09-21 ratio=102.72 momentum=101.66; 2026-09-22 ratio=102.39 momentum=101.57; 2026-09-23 ratio=102.05 momentum=101.97; 2026-09-24 ratio=101.93 momentum=102.00; 2026-09-25 ratio=102.30 momentum=103.04,126.7
stock,SKM Egg Prod.,SKMEGGPROD.NS,Meat Products including Poultry,Fast Moving Consumer Goods,1112.97,0.59,23.82,46.5,184.26,4.87,10.0,30.7,,not_stage_2,1,220.4,223.46,3.53,0.00952,"{'price_above_30w_ma': False, '30w_ma_rising': True, 'price_above_10w_ma': False, 'relative_strength_positive': False, 'near_52w_high': False}",lagging,lagging,98.87,95.38,-0.16,-2.43,False,False,2026-09-21 ratio=99.03 momentum=97.82; 2026-09-22 ratio=98.82 momentum=98.29; 2026-09-23 ratio=99.06 momentum=98.02; 2026-09-24 ratio=98.98 momentum=96.72; 2026-09-25 ratio=98.87 momentum=95.38,27.06
stock,Prime Focus,PFOCUS.NS,Media & Entertainment,"Media, Entertainment & Publication",24546.95,0.0,-45.78,-90.56,1266.81,23.81,137.5,11.28,,stage_2,5,315.45,283.16,2.9,0.01363,"{'price_above_30w_ma': True, '30w_ma_rising': True, 'price_above_10w_ma': True, 'relative_strength_positive': True, 'near_52w_high': True}",weakening,leading,101.08,98.94,-1.92,-4.27,False,False,2026-09-21 ratio=102.99 momentum=103.21; 2026-09-22 ratio=102.94 momentum=102.48; 2026-09-23 ratio=101.89 momentum=100.16; 2026-09-24 ratio=101.30 momentum=98.76; 2026-09-25 ratio=101.08 momentum=98.94,136.2
stock,Saregama India,SAREGAMA.NS,Media & Entertainment,"Media, Entertainment & Publication",9439.95,0.92,51.88,40.64,263.6,27.48,41.36,17.29,,insufficient_data,0,,,,,{},insufficient_data,insufficient_data,,,,,False,False,,0.0
stock,Tips Music,TIPSMUSIC.NS,Media & Entertainment,"Media, Entertainment & Publication",8401.12,1.98,43.7,-4.67,106.51,20.94,39.15,118.47,,stage_2,5,668.95,631.07,2.21,0.02891,"{'price_above_30w_ma': True, '30w_ma_rising': True, 'price_above_10w_ma': True, 'relative_strength_positive': True, 'near_52w_high': True}",leading,leading,101.44,103.3,0.83,0.95,False,False,2026-09-21 ratio=100.62 momentum=102.35; 2026-09-22 ratio=100.87 momentum=104.11; 2026-09-23 ratio=101.18 momentum=105.67; 2026-09-24 ratio=101.26 momentum=104.16; 2026-09-25 ratio=101.44 momentum=103.30,173.12
stock,Netwrk.18 Media,NETWORK18.NS,Media & Entertainment,"Media, Entertainment & Publication",4006.12,0.0,-38.36,-2074.55,516.26,10.34,,3.01,,not_stage_2,0,26.75,31.04,-3.67,0.00116,"{'price_above_30w_ma': False, '30w_ma_rising': False, 'price_above_10w_ma': False, 'relative_strength_positive': False, 'near_52w_high': False}",improving,lagging,99.16,101.45,0.28,3.04,False,True,2026-09-21 ratio=98.87 momentum=98.41; 2026-09-22 ratio=99.09 momentum=100.86; 2026-09-23 ratio=99.18 momentum=101.33; 2026-09-24 ratio=99.49 momentum=102.12; 2026-09-25 ratio=99.16 momentum=101.45,7.25
stock,Balaji Telefilms,BALAJITELE.NS,Media & Entertainment,"Media, Entertainment & Publication",1144.3,0.0,22.39,489.25,240.29,229.93,,-10.07,,not_stage_2,3,93.85,92.41,-0.56,0.00406,"{'price_above_30w_ma': True, '30w_ma_rising': False, 'price_above_10w_ma': True, 'relative_strength_positive': True, 'near_52w_high': False}",leading,leading,101.3,100.58,0.1,0.56,False,False,2026-09-21 ratio=101.20 momentum=100.02; 2026-09-22 ratio=101.26 momentum=100.89; 2026-09-23 ratio=101.22 momentum=99.49; 2026-09-24 ratio=101.41 momentum=99.97; 2026-09-25 ratio=101.30 momentum=100.58,89.4
stock,Ent.Network,ENIL.NS,Media & Entertainment,"Media, Entertainment & Publication",457.68,2.08,-6.01,-11.5,113.69,-2.79,342.53,-0.75,,not_stage_2,0,99.07,107.6,-0.84,0.00428,"{'price_above_30w_ma': False, '30w_ma_rising': False, 'price_above_10w_ma': False, 'relative_strength_positive': False, 'near_52w_high': False}",lagging,lagging,99.81,98.89,0.15,-0.98,False,False,2026-09-21 ratio=99.65 momentum=99.86; 2026-09-22 ratio=99.66 momentum=100.67; 2026-09-23 ratio=99.70 momentum=101.56; 2026-09-24 ratio=100.16 momentum=101.41; 2026-09-25 ratio=99.81 momentum=98.89,0.0
stock,Basilic Fly Stud,BASILIC.NS,Media & Entertainment,"Media, Entertainment & Publication",422.68,0.0,6.7,-9.37,103.5,9.87,8.78,21.51,,not_stage_2,0,167.3,206.15,-4.13,0.00723,"{'price_above_30w_ma': False, '30w_ma_rising': False, 'price_above_10w_ma': False, 'relative_strength_positive': False, 'near_52w_high': False}",lagging,lagging,97.81,96.95,-0.22,-1.59,False,False,2026-09-21 ratio=98.02 momentum=98.54; 2026-09-22 ratio=97.87 momentum=98.56; 2026-09-23 ratio=97.90 momentum=98.77; 2026-09-24 ratio=97.53 momentum=97.67; 2026-09-25 ratio=97.81 momentum=96.95,0.0
stock,Shemaroo Entert.,SHEMAROO.NS,Media & Entertainment,"Media, Entertainment & Publication",345.37,0.0,-8.07,82.43,131.68,-5.62,,-39.34,,stage_2,5,124.51,112.43,2.57,0.00538,"{'price_above_30w_ma': True, '30w_ma_rising': True, 'price_above_10w_ma': True, 'relative_strength_positive': True, 'near_52w_high': True}",leading,lagging,101.17,101.22,1.43,2.8,True,False,2026-09-21 ratio=99.74 momentum=98.42; 2026-09-22 ratio=100.33 momentum=99.73; 2026-09-23 ratio=100.72 momentum=99.89; 2026-09-24 ratio=100.94 momentum=100.53; 2026-09-25 ratio=101.17 momentum=101.22,172.09
stock,Gretex Industrie,GRETEX.NS,Media & Entertainment,"Media, Entertainment & Publication",331.83,0.0,0.1,-92.09,27.6,43.97,237.02,3.01,,not_stage_2,0,214.0,271.96,-0.64,0.00925,"{'price_above_30w_ma': False, '30w_ma_rising': False, 'price_above_10w_ma': False, 'relative_strength_positive': False, 'near_52w_high': False}",improving,improving,98.32,102.38,0.0,-0.41,False,False,2026-09-21 ratio=98.32 momentum=102.78; 2026-09-22 ratio=98.43 momentum=104.04; 2026-09-23 ratio=98.47 momentum=103.68; 2026-09-24 ratio=98.66 momentum=103.42; 2026-09-25 ratio=98.32 momentum=102.38,11.9
stock,Optimystix Entertainment,OPTIMYSTIX.NS,Media & Entertainment,"Media, Entertainment & Publication",305.64,0.0,,,,,12.76,27.26,,insufficient_data,0,,,,,{},insufficient_data,insufficient_data,,,,,False,False,,0.0
stock,Poly Medicure,POLYMED.NS,Medical Equipment & Supplies,Healthcare,16589.83,0.21,85.28,-7.57,525.38,30.3,51.84,12.5,,stage_2,5,1724.4,1558.62,3.77,0.07452,"{'price_above_30w_ma': True, '30w_ma_rising': True, 'price_above_10w_ma': True, 'relative_strength_positive': True, 'near_52w_high': True}",weakening,leading,101.2,98.76,0.64,-2.32,False,False,2026-09-21 ratio=100.56 momentum=101.08; 2026-09-22 ratio=100.51 momentum=100.66; 2026-09-23 ratio=100.87 momentum=99.36; 2026-09-24 ratio=101.20 momentum=100.00; 2026-09-25 ratio=101.20 momentum=98.76,138.54
stock,Molbio Diagnosti,MOLBIO.NS,Medical Equipment & Supplies,Healthcare,14259.23,0.0,56.63,522.3,399.38,318.99,65.67,17.96,,insufficient_data,0,,,,,{},insufficient_data,insufficient_data,,,,,False,False,,0.0
stock,Fischer Medical,FISCHER.NS,Medical Equipment & Supplies,Healthcare,2381.12,0.15,3.79,-22.02,81.92,249.49,97.27,11.45,,not_stage_2,0,34.29,37.15,-2.12,0.00148,"{'price_above_30w_ma': False, '30w_ma_rising': False, 'price_above_10w_ma': False, 'relative_strength_positive': False, 'near_52w_high': False}",improving,lagging,99.18,100.9,1.46,3.01,False,True,2026-09-21 ratio=97.72 momentum=97.89; 2026-09-22 ratio=98.00 momentum=98.47; 2026-09-23 ratio=99.31 momentum=100.78; 2026-09-24 ratio=99.19 momentum=101.13; 2026-09-25 ratio=99.18 momentum=100.90,4.5
stock,Tarsons Products,TARSONS.NS,Medical Equipment & Supplies,Healthcare,1801.35,0.0,-1.44,-180.9,110.24,20.67,152.14,4.59,,stage_2,5,332.75,256.11,6.66,0.01438,"{'price_above_30w_ma': True, '30w_ma_rising': True, 'price_above_10w_ma': True, 'relative_strength_positive': True, 'near_52w_high': True}",leading,leading,101.17,101.04,-0.47,-0.0,False,False,2026-09-21 ratio=101.64 momentum=101.04; 2026-09-22 ratio=101.09 momentum=100.51; 2026-09-23 ratio=101.17 momentum=100.73; 2026-09-24 ratio=101.43 momentum=101.11; 2026-09-25 ratio=101.17 momentum=101.04,169.37
stock,Q-Line Biotech,QLINE.NS,Medical Equipment & Supplies,Healthcare,1555.29,0.0,34.41,147.29,197.94,-8.59,27.54,22.46,,insufficient_data,0,,,,,{},insufficient_data,insufficient_data,,,,,False,False,,0.0
stock,Laxmi Dental,LAXMIDENTL.NS,Medical Equipment & Supplies,Healthcare,1056.54,0.0,10.32,22.77,74.7,13.87,30.38,15.05,,not_stage_2,2,199.07,205.52,0.28,0.0086,"{'price_above_30w_ma': False, '30w_ma_rising': True, 'price_above_10w_ma': False, 'relative_strength_positive': True, 'near_52w_high': False}",leading,improving,100.18,100.98,0.88,0.23,True,False,2026-09-21 ratio=99.31 momentum=100.75; 2026-09-22 ratio=99.23 momentum=100.52; 2026-09-23 ratio=99.36 momentum=99.91; 2026-09-24 ratio=99.98 momentum=100.84; 2026-09-25 ratio=100.18 momentum=100.98,76.36
stock,Vasa Denticity,DENTALKART.NS,Medical Equipment & Supplies,Healthcare,736.06,0.0,4.19,45.99,82.17,36.9,60.83,7.54,,not_stage_2,3,414.0,401.5,-2.93,0.01789,"{'price_above_30w_ma': True, '30w_ma_rising': False, 'price_above_10w_ma': True, 'relative_strength_positive': True, 'near_52w_high': False}",leading,leading,101.46,102.4,0.23,1.9,False,False,2026-09-21 ratio=101.23 momentum=100.49; 2026-09-22 ratio=100.76 momentum=99.03; 2026-09-23 ratio=101.21 momentum=100.90; 2026-09-24 ratio=101.57 momentum=101.57; 2026-09-25 ratio=101.46 momentum=102.40,99.3
stock,OSEL Devices,OSELDEVICE.NS,Medical Equipment & Supplies,Healthcare,684.82,0.0,14.06,16.78,145.81,47.1,23.41,24.4,,insufficient_data,0,,,,,{},insufficient_data,insufficient_data,,,,,False,False,,0.0
stock,QMS Medical,QMSMEDI.NS,Medical Equipment & Supplies,Healthcare,399.26,0.24,3.96,24.57,56.87,22.3,37.14,12.92,,stage_2,5,196.64,108.2,11.77,0.0085,"{'price_above_30w_ma': True, '30w_ma_rising': True, 'price_above_10w_ma': True, 'relative_strength_positive': True, 'near_52w_high': True}",leading,leading,102.14,103.54,-0.16,2.36,False,False,2026-09-21 ratio=102.30 momentum=101.18; 2026-09-22 ratio=102.40 momentum=101.15; 2026-09-23 ratio=102.28 momentum=101.85; 2026-09-24 ratio=102.16 momentum=102.16; 2026-09-25 ratio=102.14 momentum=103.54,196.94
stock,Nureca,NURECA.NS,Medical Equipment & Supplies,Healthcare,346.44,0.0,3.07,279.01,40.34,18.02,79.82,3.3,,stage_2,5,351.5,280.45,2.53,0.01519,"{'price_above_30w_ma': True, '30w_ma_rising': True, 'price_above_10w_ma': True, 'relative_strength_positive': True, 'near_52w_high': True}",leading,leading,101.99,102.06,0.81,0.28,False,False,2026-09-21 ratio=101.19 momentum=101.78; 2026-09-22 ratio=101.14 momentum=102.19; 2026-09-23 ratio=101.02 momentum=102.23; 2026-09-24 ratio=101.60 momentum=102.24; 2026-09-25 ratio=101.99 momentum=102.06,170.31
stock,CreditAcc. Gram.,CREDITACC.NS,Microfinance Institutions,Financial Services,20133.94,0.0,493.39,719.72,1783.49,21.92,16.63,9.98,,not_stage_2,2,1298.8,1363.52,1.09,0.05613,"{'price_above_30w_ma': False, '30w_ma_rising': True, 'price_above_10w_ma': False, 'relative_strength_positive': False, 'near_52w_high': True}",lagging,lagging,97.99,98.2,-1.06,-1.51,False,False,2026-09-21 ratio=99.05 momentum=99.71; 2026-09-22 ratio=98.55 momentum=98.76; 2026-09-23 ratio=98.35 momentum=98.44; 2026-09-24 ratio=98.22 momentum=98.63; 2026-09-25 ratio=97.99 momentum=98.20,42.18
stock,Muthoot Microfin,MUTHOOTMF.NS,Microfinance Institutions,Financial Services,3045.9,0.0,81.34,1216.18,668.64,19.69,12.41,9.31,,not_stage_2,1,181.56,193.92,0.86,0.00785,"{'price_above_30w_ma': False, '30w_ma_rising': True, 'price_above_10w_ma': False, 'relative_strength_positive': False, 'near_52w_high': False}",lagging,lagging,98.68,97.92,-0.06,0.5,False,False,2026-09-21 ratio=98.74 momentum=97.42; 2026-09-22 ratio=98.80 momentum=100.31; 2026-09-23 ratio=98.85 momentum=98.16; 2026-09-24 ratio=98.76 momentum=98.28; 2026-09-25 ratio=98.68 momentum=97.92,21.72
stock,Fusion Finance,FUSION.NS,Microfinance Institutions,Financial Services,2778.89,0.0,62.41,167.65,458.17,3.59,16.49,5.92,,not_stage_2,2,177.14,188.34,0.1,0.00765,"{'price_above_30w_ma': False, '30w_ma_rising': True, 'price_above_10w_ma': False, 'relative_strength_positive': False, 'near_52w_high': True}",lagging,lagging,98.34,97.3,-0.39,0.04,False,False,2026-09-21 ratio=98.73 momentum=97.25; 2026-09-22 ratio=98.71 momentum=97.45; 2026-09-23 ratio=98.70 momentum=94.77; 2026-09-24 ratio=98.32 momentum=95.10; 2026-09-25 ratio=98.34 momentum=97.30,40.2
stock,Satin Creditcare,SATIN.NS,Microfinance Institutions,Financial Services,2582.9,0.0,122.65,172.0,762.14,8.39,6.3,13.84,,stage_2,5,236.65,209.26,4.49,0.01023,"{'price_above_30w_ma': True, '30w_ma_rising': True, 'price_above_10w_ma': True, 'relative_strength_positive': True, 'near_52w_high': True}",leading,improving,101.01,103.62,1.41,1.09,True,False,2026-09-21 ratio=99.60 momentum=102.53; 2026-09-22 ratio=99.82 momentum=103.75; 2026-09-23 ratio=99.92 momentum=103.29; 2026-09-24 ratio=100.26 momentum=103.82; 2026-09-25 ratio=101.01 momentum=103.62,187.13
stock,Spandana Sphoort,SPANDANA.NS,Microfinance Institutions,Financial Services,2023.46,0.0,11.88,103.3,283.91,-5.51,,-5.78,,not_stage_2,0,225.53,245.08,-1.14,0.00975,"{'price_above_30w_ma': False, '30w_ma_rising': False, 'price_above_10w_ma': False, 'relative_strength_positive': False, 'near_52w_high': False}",improving,improving,99.13,101.05,0.03,0.32,False,True,2026-09-21 ratio=99.09 momentum=100.73; 2026-09-22 ratio=99.10 momentum=100.28; 2026-09-23 ratio=99.30 momentum=101.06; 2026-09-24 ratio=99.17 momentum=101.45; 2026-09-25 ratio=99.13 momentum=101.05,5.25
stock,Bajaj Finance,BAJFINANCE.NS,Non Banking Financial Company (NBFC),Financial Services,613256.5,0.55,6080.6,27.37,23165.45,18.65,29.94,10.87,,not_stage_2,3,996.9,972.42,0.34,0.04308,"{'price_above_30w_ma': True, '30w_ma_rising': True, 'price_above_10w_ma': False, 'relative_strength_positive': False, 'near_52w_high': True}",lagging,lagging,98.66,97.47,-0.68,-0.3,False,False,2026-09-21 ratio=99.34 momentum=97.77; 2026-09-22 ratio=98.95 momentum=96.96; 2026-09-23 ratio=100.08 momentum=99.28; 2026-09-24 ratio=98.15 momentum=96.72; 2026-09-25 ratio=98.66 momentum=97.47,60.68
stock,Shriram Finance,SHRIRAMFIN.NS,Non Banking Financial Company (NBFC),Financial Services,229727.79,1.11,3452.77,59.89,13400.43,16.16,20.3,11.49,,not_stage_2,1,994.1,1007.53,-0.44,0.04296,"{'price_above_30w_ma': False, '30w_ma_rising': False, 'price_above_10w_ma': False, 'relative_strength_positive': False, 'near_52w_high': True}",lagging,lagging,99.05,97.26,-0.21,-2.25,False,False,2026-09-21 ratio=99.26 momentum=99.52; 2026-09-22 ratio=99.20 momentum=99.32; 2026-09-23 ratio=99.16 momentum=99.35; 2026-09-24 ratio=99.04 momentum=98.33; 2026-09-25 ratio=99.05 momentum=97.26,20.0
stock,Cholaman.Inv.&Fn,CHOLAFIN.NS,Non Banking Financial Company (NBFC),Financial Services,139620.31,0.12,1656.22,45.56,8856.29,21.87,24.28,9.71,,not_stage_2,2,1662.7,1670.58,0.59,0.07185,"{'price_above_30w_ma': False, '30w_ma_rising': True, 'price_above_10w_ma': False, 'relative_strength_positive': False, 'near_52w_high': True}",lagging,lagging,97.87,96.22,-1.69,-2.09,False,False,2026-09-21 ratio=99.56 momentum=98.31; 2026-09-22 ratio=99.59 momentum=97.96; 2026-09-23 ratio=99.70 momentum=98.64; 2026-09-24 ratio=98.31 momentum=96.96; 2026-09-25 ratio=97.87 momentum=96.22,41.18
stock,Tata Capital,TATACAP.NS,Non Banking Financial Company (NBFC),Financial Services,139274.15,0.17,1628.18,56.32,8821.93,15.1,25.62,8.58,,not_stage_2,2,339.15,339.8,0.5,0.01466,"{'price_above_30w_ma': False, '30w_ma_rising': True, 'price_above_10w_ma': False, 'relative_strength_positive': False, 'near_52w_high': True}",lagging,lagging,99.02,97.15,-0.04,0.21,False,False,2026-09-21 ratio=99.05 momentum=96.94; 2026-09-22 ratio=98.92 momentum=97.33; 2026-09-23 ratio=99.77 momentum=97.95; 2026-09-24 ratio=98.82 momentum=97.14; 2026-09-25 ratio=99.02 momentum=97.15,41.0
stock,Muthoot Finance,MUTHOOTFIN.NS,Non Banking Financial Company (NBFC),Financial Services,110805.3,1.09,2824.84,38.83,8671.6,34.44,9.74,15.8,,not_stage_2,0,2835.0,3157.81,-2.79,0.12251,"{'price_above_30w_ma': False, '30w_ma_rising': False, 'price_above_10w_ma': False, 'relative_strength_positive': False, 'near_52w_high': False}",leading,improving,100.05,101.43,0.21,0.66,True,False,2026-09-21 ratio=99.83 momentum=100.77; 2026-09-22 ratio=99.73 momentum=100.90; 2026-09-23 ratio=99.86 momentum=100.20; 2026-09-24 ratio=100.04 momentum=102.04; 2026-09-25 ratio=100.05 momentum=101.43,37.4
stock,L&T Finance Ltd,LTF.NS,Non Banking Financial Company (NBFC),Financial Services,70390.91,0.98,915.99,28.72,5212.92,22.38,21.98,8.4,,not_stage_2,2,284.0,290.9,0.78,0.01227,"{'price_above_30w_ma': False, '30w_ma_rising': True, 'price_above_10w_ma': False, 'relative_strength_positive': False, 'near_52w_high': True}",lagging,leading,97.47,97.71,-3.24,-2.61,False,False,2026-09-21 ratio=100.71 momentum=100.32; 2026-09-22 ratio=100.43 momentum=99.98; 2026-09-23 ratio=101.09 momentum=101.25; 2026-09-24 ratio=97.06 momentum=97.07; 2026-09-25 ratio=97.47 momentum=97.71,41.56
stock,SBI Cards,SBICARD.NS,Non Banking Financial Company (NBFC),Financial Services,56334.28,0.42,664.44,19.51,5040.55,3.36,24.76,10.1,,not_stage_2,0,611.2,645.35,-2.52,0.02641,"{'price_above_30w_ma': False, '30w_ma_rising': False, 'price_above_10w_ma': False, 'relative_strength_positive': False, 'near_52w_high': False}",lagging,weakening,99.23,95.98,-1.27,-2.87,False,False,2026-09-21 ratio=100.49 momentum=98.84; 2026-09-22 ratio=100.48 momentum=97.76; 2026-09-23 ratio=100.26 momentum=97.68; 2026-09-24 ratio=99.83 momentum=96.59; 2026-09-25 ratio=99.23 momentum=95.98,0.0
stock,HDB FINANC SER,HDBFS.NS,Non Banking Financial Company (NBFC),Financial Services,52954.84,0.63,785.2,38.31,4937.9,10.58,19.18,9.09,,not_stage_2,1,648.15,674.45,-0.78,0.02801,"{'price_above_30w_ma': False, '30w_ma_rising': False, 'price_above_10w_ma': False, 'relative_strength_positive': False, 'near_52w_high': True}",lagging,leading,99.19,98.42,-1.15,-3.51,False,False,2026-09-21 ratio=100.34 momentum=101.92; 2026-09-22 ratio=100.24 momentum=101.15; 2026-09-23 ratio=99.94 momentum=100.10; 2026-09-24 ratio=100.07 momentum=100.56; 2026-09-25 ratio=99.19 momentum=98.42,20.0
stock,Sundaram Finance,SUNDARMFIN.NS,Non Banking Financial Company (NBFC),Financial Services,49566.4,0.9,636.19,33.88,2644.13,12.57,21.76,9.44,,not_stage_2,2,4508.0,4614.1,-2.0,0.19481,"{'price_above_30w_ma': False, '30w_ma_rising': False, 'price_above_10w_ma': False, 'relative_strength_positive': True, 'near_52w_high': True}",weakening,weakening,100.58,96.83,-1.01,-2.5,False,False,2026-09-21 ratio=101.58 momentum=99.33; 2026-09-22 ratio=102.05 momentum=98.60; 2026-09-23 ratio=101.21 momentum=96.82; 2026-09-24 ratio=101.24 momentum=96.22; 2026-09-25 ratio=100.58 momentum=96.83,42.9
stock,Authum Invest,AIIL.NS,Non Banking Financial Company (NBFC),Financial Services,46575.44,0.02,1114.81,18.43,1448.22,19.65,22.25,13.63,,stage_2,5,559.6,511.06,1.34,0.02418,"{'price_above_30w_ma': True, '30w_ma_rising': True, 'price_above_10w_ma': True, 'relative_strength_positive': True, 'near_52w_high': True}",leading,leading,101.79,104.3,0.25,1.6,False,False,2026-09-21 ratio=101.54 momentum=102.70; 2026-09-22 ratio=100.93 momentum=102.32; 2026-09-23 ratio=101.54 momentum=102.13; 2026-09-24 ratio=101.49 momentum=102.80; 2026-09-25 ratio=101.79 momentum=104.30,178.13
stock,Dolphin Offshore,DOLPHIN.NS,Offshore Support Solution Drilling,"Oil, Gas & Consumable Fuels",2592.3,0.0,14.81,30.71,42.85,160.64,35.99,14.92,,stage_2,5,687.45,453.71,7.81,0.02971,"{'price_above_30w_ma': True, '30w_ma_rising': True, 'price_above_10w_ma': True, 'relative_strength_positive': True, 'near_52w_high': True}",weakening,weakening,101.24,97.79,-0.17,-0.18,False,False,2026-09-21 ratio=101.41 momentum=97.98; 2026-09-22 ratio=101.67 momentum=96.87; 2026-09-23 ratio=101.56 momentum=97.55; 2026-09-24 ratio=101.30 momentum=95.11; 2026-09-25 ratio=101.24 momentum=97.79,146.82
stock,Jindal Drilling,JINDRILL.NS,Offshore Support Solution Drilling,"Oil, Gas & Consumable Fuels",1808.79,0.16,47.14,-28.69,275.39,8.38,9.29,13.67,,not_stage_2,3,592.2,577.1,3.72,0.02559,"{'price_above_30w_ma': True, '30w_ma_rising': True, 'price_above_10w_ma': False, 'relative_strength_positive': False, 'near_52w_high': True}",lagging,lagging,99.97,96.43,0.8,-1.1,False,False,2026-09-21 ratio=99.17 momentum=97.53; 2026-09-22 ratio=99.65 momentum=97.86; 2026-09-23 ratio=100.23 momentum=97.64; 2026-09-24 ratio=100.05 momentum=96.69; 2026-09-25 ratio=99.97 momentum=96.43,67.44
stock,Alphageo (India),ALPHAGEO.NS,Offshore Support Solution Drilling,"Oil, Gas & Consumable Fuels",171.56,1.85,14.86,1660.49,82.13,101.1,,-7.2,,stage_2,5,283.15,230.94,5.61,0.01224,"{'price_above_30w_ma': True, '30w_ma_rising': True, 'price_above_10w_ma': True, 'relative_strength_positive': True, 'near_52w_high': True}",weakening,weakening,100.31,95.26,-0.32,-2.19,False,False,2026-09-21 ratio=100.63 momentum=97.46; 2026-09-22 ratio=100.61 momentum=97.36; 2026-09-23 ratio=100.48 momentum=96.96; 2026-09-24 ratio=100.40 momentum=96.02; 2026-09-25 ratio=100.31 momentum=95.26,137.77
stock,Aakash Explor.,AAKASH.NS,Offshore Support Solution Drilling,"Oil, Gas & Consumable Fuels",89.1,0.0,0.52,-3.7,27.89,16.89,25.6,7.63,,stage_2,5,8.92,8.85,1.17,0.00039,"{'price_above_30w_ma': True, '30w_ma_rising': True, 'price_above_10w_ma': True, 'relative_strength_positive': True, 'near_52w_high': True}",weakening,leading,101.5,97.6,0.14,-3.69,False,False,2026-09-21 ratio=101.37 momentum=101.29; 2026-09-22 ratio=101.57 momentum=102.19; 2026-09-23 ratio=102.06 momentum=103.77; 2026-09-24 ratio=102.40 momentum=106.08; 2026-09-25 ratio=101.50 momentum=97.60,134.84
stock,Aban Offshore,ABAN.NS,Offshore Support Solution Drilling,"Oil, Gas & Consumable Fuels",82.12,0.0,83.72,133.12,165.26,44.43,,,,not_stage_2,0,13.85,17.63,-4.38,0.0006,"{'price_above_30w_ma': False, '30w_ma_rising': False, 'price_above_10w_ma': False, 'relative_strength_positive': False, 'near_52w_high': False}",lagging,lagging,99.03,98.38,-0.2,2.06,False,False,2026-09-21 ratio=99.22 momentum=96.33; 2026-09-22 ratio=99.10 momentum=96.68; 2026-09-23 ratio=98.98 momentum=97.77; 2026-09-24 ratio=99.11 momentum=97.45; 2026-09-25 ratio=99.03 momentum=98.38,0.0
stock,Deep Industries,DEEPINDS.NS,Oil Equipment & Services,"Oil, Gas & Consumable Fuels",4916.46,0.33,89.14,45.12,278.92,39.81,11.85,16.47,,stage_2,5,781.1,531.35,11.0,0.03375,"{'price_above_30w_ma': True, '30w_ma_rising': True, 'price_above_10w_ma': True, 'relative_strength_positive': True, 'near_52w_high': True}",weakening,weakening,101.38,97.7,0.42,0.51,False,False,2026-09-21 ratio=100.96 momentum=97.18; 2026-09-22 ratio=101.27 momentum=98.04; 2026-09-23 ratio=101.29 momentum=96.73; 2026-09-24 ratio=101.31 momentum=97.04; 2026-09-25 ratio=101.38 momentum=97.70,153.9
stock,Asian Energy,ASIANENE.NS,Oil Equipment & Services,"Oil, Gas & Consumable Fuels",2307.34,0.26,12.76,115.5,271.19,135.06,35.72,16.33,,stage_2,5,487.75,364.93,8.89,0.02108,"{'price_above_30w_ma': True, '30w_ma_rising': True, 'price_above_10w_ma': True, 'relative_strength_positive': True, 'near_52w_high': True}",weakening,weakening,100.91,96.52,0.01,-1.14,False,False,2026-09-21 ratio=100.90 momentum=97.66; 2026-09-22 ratio=100.98 momentum=98.22; 2026-09-23 ratio=100.91 momentum=96.45; 2026-09-24 ratio=100.76 momentum=96.49; 2026-09-25 ratio=100.91 momentum=96.52,147.33
stock,Oil Country,OILCOUNTUB.NS,Oil Equipment & Services,"Oil, Gas & Consumable Fuels",382.85,0.0,-15.11,-71.51,17.44,-29.02,,-25.38,,stage_2,5,72.2,56.16,4.27,0.00312,"{'price_above_30w_ma': True, '30w_ma_rising': True, 'price_above_10w_ma': True, 'relative_strength_positive': True, 'near_52w_high': True}",leading,weakening,102.68,103.69,0.59,3.75,True,False,2026-09-21 ratio=102.08 momentum=99.94; 2026-09-22 ratio=102.29 momentum=101.35; 2026-09-23 ratio=102.35 momentum=101.67; 2026-09-24 ratio=102.69 momentum=102.60; 2026-09-25 ratio=102.68 momentum=103.69,195.39
stock,Teja Engineering,TEJA.NS,Oil Equipment & Services,"Oil, Gas & Consumable Fuels",137.78,0.0,3.32,36.63,43.98,48.03,22.04,33.1,,insufficient_data,0,,,,,{},insufficient_data,insufficient_data,,,,,False,False,,0.0
stock,O N G C,ONGC.NS,Oil Exploration & Production,"Oil, Gas & Consumable Fuels",289346.42,5.76,6554.44,20.84,204987.35,25.68,6.62,14.15,,not_stage_2,2,235.86,258.59,-2.01,0.01019,"{'price_above_30w_ma': False, '30w_ma_rising': False, 'price_above_10w_ma': False, 'relative_strength_positive': True, 'near_52w_high': True}",leading,leading,101.05,100.82,0.58,-1.38,False,False,2026-09-21 ratio=100.47 momentum=102.20; 2026-09-22 ratio=100.72 momentum=103.24; 2026-09-23 ratio=100.69 momentum=101.42; 2026-09-24 ratio=101.75 momentum=103.12; 2026-09-25 ratio=101.05 momentum=100.82,69.35
stock,Oil India,OIL.NS,Oil Exploration & Production,"Oil, Gas & Consumable Fuels",76125.24,2.46,4026.83,91.4,12503.32,57.7,9.11,11.51,,stage_2,5,475.15,465.26,0.12,0.02053,"{'price_above_30w_ma': True, '30w_ma_rising': True, 'price_above_10w_ma': True, 'relative_strength_positive': True, 'near_52w_high': True}",weakening,weakening,100.96,97.1,-0.03,-1.19,False,False,2026-09-21 ratio=100.99 momentum=98.29; 2026-09-22 ratio=100.56 momentum=97.88; 2026-09-23 ratio=100.56 momentum=97.37; 2026-09-24 ratio=101.24 momentum=97.94; 2026-09-25 ratio=100.96 momentum=97.10,130.04
stock,Vedanta Oil and Gas,VOGL.NS,Oil Exploration & Production,"Oil, Gas & Consumable Fuels",13017.8,0.0,945.0,2691.59,2507.0,8.48,60.56,,,insufficient_data,0,,,,,{},lagging,lagging,99.53,98.41,0.52,1.98,False,False,2026-09-21 ratio=99.00 momentum=96.43; 2026-09-22 ratio=99.69 momentum=98.96; 2026-09-23 ratio=100.06 momentum=100.03; 2026-09-24 ratio=99.67 momentum=99.07; 2026-09-25 ratio=99.53 momentum=98.41,0.0
stock,Antelopus Selan,ANTELOPUS.NS,Oil Exploration & Production,"Oil, Gas & Consumable Fuels",4091.45,0.0,54.32,450.71,131.04,158.82,29.19,19.92,,stage_2,5,1261.7,776.56,10.51,0.05452,"{'price_above_30w_ma': True, '30w_ma_rising': True, 'price_above_10w_ma': True, 'relative_strength_positive': True, 'near_52w_high': True}",weakening,weakening,102.44,98.33,0.68,-0.48,False,False,2026-09-21 ratio=101.76 momentum=98.81; 2026-09-22 ratio=101.76 momentum=98.58; 2026-09-23 ratio=101.96 momentum=97.12; 2026-09-24 ratio=101.78 momentum=95.30; 2026-09-25 ratio=102.44 momentum=98.33,158.22
stock,Prabha Energy,PRABHA.NS,Oil Exploration & Production,"Oil, Gas & Consumable Fuels",3476.58,0.0,0.29,226.09,1.69,49.56,3160.52,-0.09,,stage_2,5,230.87,170.0,5.23,0.00998,"{'price_above_30w_ma': True, '30w_ma_rising': True, 'price_above_10w_ma': True, 'relative_strength_positive': True, 'near_52w_high': True}",weakening,weakening,101.14,96.3,-0.12,-1.68,False,False,2026-09-21 ratio=101.26 momentum=97.98; 2026-09-22 ratio=101.36 momentum=97.55; 2026-09-23 ratio=101.26 momentum=96.48; 2026-09-24 ratio=101.08 momentum=96.46; 2026-09-25 ratio=101.14 momentum=96.30,141.16
stock,Hind.Oil Explor.,HINDOILEXP.NS,Oil Exploration & Production,"Oil, Gas & Consumable Fuels",2287.54,0.0,6.24,-47.91,114.18,45.17,91.06,3.49,,stage_2,5,173.38,158.81,3.55,0.00749,"{'price_above_30w_ma': True, '30w_ma_rising': True, 'price_above_10w_ma': True, 'relative_strength_positive': True, 'near_52w_high': True}",weakening,weakening,100.9,96.22,-0.23,-0.88,False,False,2026-09-21 ratio=101.13 momentum=97.10; 2026-09-22 ratio=101.01 momentum=96.89; 2026-09-23 ratio=100.82 momentum=96.15; 2026-09-24 ratio=100.94 momentum=95.05; 2026-09-25 ratio=100.90 momentum=96.22,136.6
stock,Guj.Nat.Resour.,GNRL.NS,Oil Exploration & Production,"Oil, Gas & Consumable Fuels",1510.4,0.0,11.35,488.08,5.72,70.75,78.22,7.26,,insufficient_data,0,,,,,{},insufficient_data,insufficient_data,,,,,False,False,,0.0
stock,L T Foods,LTFOODS.NS,Other Agricultural Products,Fast Moving Consumer Goods,14185.28,0.73,183.45,8.87,3151.83,27.92,22.15,17.6,,stage_2,4,422.35,404.69,0.63,0.01825,"{'price_above_30w_ma': True, '30w_ma_rising': True, 'price_above_10w_ma': False, 'relative_strength_positive': True, 'near_52w_high': True}",weakening,weakening,100.65,95.98,-0.26,-2.55,False,False,2026-09-21 ratio=100.90 momentum=98.53; 2026-09-22 ratio=100.58 momentum=97.62; 2026-09-23 ratio=100.79 momentum=97.10; 2026-09-24 ratio=100.82 momentum=95.69; 2026-09-25 ratio=100.65 momentum=95.98,109.51
stock,KRBL,KRBL.NS,Other Agricultural Products,Fast Moving Consumer Goods,8765.34,1.18,260.74,73.16,1495.86,-5.59,11.56,15.16,,stage_2,5,398.65,362.35,1.9,0.01723,"{'price_above_30w_ma': True, '30w_ma_rising': True, 'price_above_10w_ma': True, 'relative_strength_positive': True, 'near_52w_high': True}",weakening,weakening,100.65,96.86,0.2,-1.15,False,False,2026-09-21 ratio=100.45 momentum=98.01; 2026-09-22 ratio=100.37 momentum=97.62; 2026-09-23 ratio=100.73 momentum=97.80; 2026-09-24 ratio=100.70 momentum=96.58; 2026-09-25 ratio=100.65 momentum=96.86,132.05
stock,Guj. Ambuja Exp,GAEL.NS,Other Agricultural Products,Fast Moving Consumer Goods,7360.29,0.19,176.77,171.87,1594.22,23.47,17.57,12.46,,stage_2,4,163.87,156.27,2.11,0.00708,"{'price_above_30w_ma': True, '30w_ma_rising': True, 'price_above_10w_ma': False, 'relative_strength_positive': True, 'near_52w_high': True}",weakening,weakening,100.42,99.96,0.35,1.37,False,False,2026-09-21 ratio=100.07 momentum=98.59; 2026-09-22 ratio=99.69 momentum=98.02; 2026-09-23 ratio=100.19 momentum=98.61; 2026-09-24 ratio=100.37 momentum=99.00; 2026-09-25 ratio=100.42 momentum=99.96,111.32
stock,Kaveri Seed Co.,KSCL.NS,Other Agricultural Products,Fast Moving Consumer Goods,3958.24,0.65,279.84,-14.18,742.5,-13.51,15.86,15.82,,not_stage_2,3,804.55,842.2,-1.48,0.03477,"{'price_above_30w_ma': False, '30w_ma_rising': False, 'price_above_10w_ma': True, 'relative_strength_positive': True, 'near_52w_high': True}",leading,lagging,101.66,102.62,2.82,2.73,True,False,2026-09-21 ratio=98.84 momentum=99.89; 2026-09-22 ratio=98.66 momentum=99.49; 2026-09-23 ratio=98.89 momentum=100.66; 2026-09-24 ratio=101.17 momentum=103.08; 2026-09-25 ratio=101.66 momentum=102.62,111.4
stock,TruAlt Bioenergy,TRUALT.NS,Other Agricultural Products,Fast Moving Consumer Goods,3927.42,0.0,59.27,1108.25,626.88,106.29,25.11,10.44,,not_stage_2,4,441.9,447.41,0.36,0.0191,"{'price_above_30w_ma': False, '30w_ma_rising': True, 'price_above_10w_ma': True, 'relative_strength_positive': True, 'near_52w_high': True}",leading,improving,101.11,102.84,1.75,2.37,True,False,2026-09-21 ratio=99.35 momentum=100.47; 2026-09-22 ratio=99.41 momentum=100.40; 2026-09-23 ratio=100.67 momentum=104.13; 2026-09-24 ratio=100.49 momentum=102.07; 2026-09-25 ratio=101.11 momentum=102.84,130.47
stock,Sanstar,SANSTAR.NS,Other Agricultural Products,Fast Moving Consumer Goods,2138.31,0.0,9.21,2808.82,206.16,21.51,48.6,5.69,,stage_2,4,108.42,103.66,3.11,0.00469,"{'price_above_30w_ma': True, '30w_ma_rising': True, 'price_above_10w_ma': False, 'relative_strength_positive': True, 'near_52w_high': True}",leading,leading,100.55,100.88,-0.91,-0.28,False,False,2026-09-21 ratio=101.46 momentum=101.16; 2026-09-22 ratio=101.61 momentum=101.54; 2026-09-23 ratio=100.98 momentum=100.79; 2026-09-24 ratio=100.96 momentum=100.64; 2026-09-25 ratio=100.55 momentum=100.88,138.37
stock,A C J K Exports,AEROPLANE.NS,Other Agricultural Products,Fast Moving Consumer Goods,2086.0,0.0,36.63,127.52,663.73,55.1,16.84,15.7,,insufficient_data,0,,,,,{},weakening,leading,102.16,98.43,0.52,-2.64,False,False,2026-09-21 ratio=101.64 momentum=101.07; 2026-09-22 ratio=101.93 momentum=100.76; 2026-09-23 ratio=101.83 momentum=99.91; 2026-09-24 ratio=101.72 momentum=99.22; 2026-09-25 ratio=102.16 momentum=98.43,10.8
stock,GRM Overseas,GRMOVER.NS,Other Agricultural Products,Fast Moving Consumer Goods,1657.89,0.0,21.04,10.21,426.51,30.52,21.69,13.99,,not_stage_2,0,80.63,122.6,-7.93,0.00348,"{'price_above_30w_ma': False, '30w_ma_rising': False, 'price_above_10w_ma': False, 'relative_strength_positive': False, 'near_52w_high': False}",lagging,lagging,98.35,96.03,-0.07,-2.67,False,False,2026-09-21 ratio=98.42 momentum=98.70; 2026-09-22 ratio=97.86 momentum=98.55; 2026-09-23 ratio=98.14 momentum=97.68; 2026-09-24 ratio=98.08 momentum=96.64; 2026-09-25 ratio=98.35 momentum=96.03,0.0
stock,Chamanlal Setia,CLSEL.NS,Other Agricultural Products,Fast Moving Consumer Goods,1420.91,1.05,31.99,47.83,345.92,12.58,11.36,18.18,,stage_2,5,294.7,276.66,1.05,0.01274,"{'price_above_30w_ma': True, '30w_ma_rising': True, 'price_above_10w_ma': True, 'relative_strength_positive': True, 'near_52w_high': True}",weakening,weakening,101.07,97.62,0.2,-0.88,False,False,2026-09-21 ratio=100.87 momentum=98.50; 2026-09-22 ratio=100.92 momentum=98.89; 2026-09-23 ratio=100.99 momentum=97.67; 2026-09-24 ratio=101.02 momentum=96.96; 2026-09-25 ratio=101.07 momentum=97.62,132.45
stock,AVT Natural Prod,AVTNPL.NS,Other Agricultural Products,Fast Moving Consumer Goods,1319.07,0.92,31.1,156.6,241.21,82.16,15.74,14.22,,stage_2,5,92.58,71.87,4.58,0.004,"{'price_above_30w_ma': True, '30w_ma_rising': True, 'price_above_10w_ma': True, 'relative_strength_positive': True, 'near_52w_high': True}",weakening,weakening,101.35,99.1,0.04,0.88,False,False,2026-09-21 ratio=101.32 momentum=98.23; 2026-09-22 ratio=102.08 momentum=100.75; 2026-09-23 ratio=101.79 momentum=100.03; 2026-09-24 ratio=101.48 momentum=98.60; 2026-09-25 ratio=101.35 momentum=99.10,140.91
stock,AU Small Finance,AUBANK.NS,Other Bank,Financial Services,74852.09,0.1,795.95,37.03,5302.74,21.11,26.21,7.66,,not_stage_2,3,1018.0,1011.9,0.75,0.04399,"{'price_above_30w_ma': True, '30w_ma_rising': True, 'price_above_10w_ma': False, 'relative_strength_positive': False, 'near_52w_high': True}",lagging,weakening,99.93,98.03,-0.31,-0.82,False,False,2026-09-21 ratio=100.25 momentum=98.85; 2026-09-22 ratio=100.31 momentum=99.75; 2026-09-23 ratio=100.65 momentum=97.95; 2026-09-24 ratio=99.47 momentum=96.21; 2026-09-25 ratio=99.93 momentum=98.03,61.5
stock,Ujjivan Small,UJJIVANSFB.NS,Other Bank,Financial Services,12283.85,0.0,316.54,206.67,2024.92,25.08,13.56,7.73,,not_stage_2,3,64.71,60.74,0.83,0.0028,"{'price_above_30w_ma': True, '30w_ma_rising': True, 'price_above_10w_ma': False, 'relative_strength_positive': False, 'near_52w_high': True}",lagging,lagging,99.61,97.96,0.24,-1.52,False,False,2026-09-21 ratio=99.36 momentum=99.49; 2026-09-22 ratio=99.44 momentum=99.09; 2026-09-23 ratio=99.82 momentum=100.52; 2026-09-24 ratio=98.84 momentum=97.94; 2026-09-25 ratio=99.61 momentum=97.96,61.66
stock,Equitas Sma. Fin,EQUITASBNK.NS,Other Bank,Financial Services,7568.2,0.0,183.61,182.06,1960.4,18.89,14.83,6.43,,not_stage_2,2,67.03,69.93,1.05,0.0029,"{'price_above_30w_ma': False, '30w_ma_rising': True, 'price_above_10w_ma': False, 'relative_strength_positive': False, 'near_52w_high': True}",lagging,improving,97.46,97.34,-2.12,-4.29,False,False,2026-09-21 ratio=99.58 momentum=101.63; 2026-09-22 ratio=99.96 momentum=101.88; 2026-09-23 ratio=99.51 momentum=100.98; 2026-09-24 ratio=99.08 momentum=98.67; 2026-09-25 ratio=97.46 momentum=97.34,42.1
stock,Jana Small Finan,JSFB.NS,Other Bank,Financial Services,5270.82,0.0,155.23,52.29,1514.53,22.08,13.88,7.45,,stage_2,4,535.25,472.06,4.58,0.02313,"{'price_above_30w_ma': True, '30w_ma_rising': True, 'price_above_10w_ma': False, 'relative_strength_positive': True, 'near_52w_high': True}",leading,weakening,100.58,101.62,0.37,1.9,True,False,2026-09-21 ratio=100.21 momentum=99.72; 2026-09-22 ratio=100.36 momentum=99.80; 2026-09-23 ratio=100.83 momentum=100.70; 2026-09-24 ratio=100.01 momentum=98.88; 2026-09-25 ratio=100.58 momentum=101.62,155.16
stock,Utkarsh Small F.,UTKARSHBNK.NS,Other Bank,Financial Services,2416.62,0.0,-33.92,85.84,883.56,0.3,,1.46,,not_stage_2,1,13.8,13.8,0.4,0.0006,"{'price_above_30w_ma': False, '30w_ma_rising': True, 'price_above_10w_ma': False, 'relative_strength_positive': False, 'near_52w_high': False}",lagging,lagging,99.69,95.9,0.01,-3.47,False,False,2026-09-21 ratio=99.67 momentum=99.37; 2026-09-22 ratio=99.57 momentum=98.37; 2026-09-23 ratio=99.82 momentum=96.99; 2026-09-24 ratio=99.88 momentum=93.10; 2026-09-25 ratio=99.69 momentum=95.90,20.8
stock,ESAF Small Fin,ESAFSFB.NS,Other Bank,Financial Services,2223.99,0.0,80.08,198.6,1097.77,32.54,,5.65,,stage_2,5,42.86,32.38,5.55,0.00185,"{'price_above_30w_ma': True, '30w_ma_rising': True, 'price_above_10w_ma': True, 'relative_strength_positive': True, 'near_52w_high': True}",leading,weakening,101.67,102.14,1.44,4.22,True,False,2026-09-21 ratio=100.22 momentum=97.92; 2026-09-22 ratio=100.28 momentum=97.41; 2026-09-23 ratio=100.65 momentum=98.56; 2026-09-24 ratio=100.95 momentum=100.19; 2026-09-25 ratio=101.67 momentum=102.14,185.15
stock,Suryoday Small,SURYODAY.NS,Other Bank,Financial Services,1533.69,1.03,75.18,113.1,622.36,25.69,7.99,7.33,,not_stage_2,2,149.12,156.59,1.67,0.00644,"{'price_above_30w_ma': False, '30w_ma_rising': True, 'price_above_10w_ma': False, 'relative_strength_positive': False, 'near_52w_high': True}",improving,improving,99.62,102.07,0.44,0.65,False,True,2026-09-21 ratio=99.18 momentum=101.42; 2026-09-22 ratio=99.21 momentum=100.91; 2026-09-23 ratio=99.41 momentum=100.27; 2026-09-24 ratio=99.31 momentum=99.41; 2026-09-25 ratio=99.62 momentum=102.07,53.69
stock,Capital Small,CAPITALSFB.NS,Other Bank,Financial Services,1278.91,1.78,41.3,29.02,288.18,16.63,8.49,7.07,,stage_2,4,282.75,274.32,0.66,0.01222,"{'price_above_30w_ma': True, '30w_ma_rising': True, 'price_above_10w_ma': False, 'relative_strength_positive': True, 'near_52w_high': True}",leading,leading,100.85,103.22,0.7,1.45,False,False,2026-09-21 ratio=100.15 momentum=101.77; 2026-09-22 ratio=100.22 momentum=102.11; 2026-09-23 ratio=100.52 momentum=102.20; 2026-09-24 ratio=100.62 momentum=101.27; 2026-09-25 ratio=100.85 momentum=103.22,146.67
stock,Fino Payments,FINOPB.NS,Other Bank,Financial Services,1057.14,0.0,-13.72,-177.25,72.23,18.43,43.24,4.41,,not_stage_2,0,128.25,142.24,-6.88,0.00554,"{'price_above_30w_ma': False, '30w_ma_rising': False, 'price_above_10w_ma': False, 'relative_strength_positive': False, 'near_52w_high': False}",lagging,lagging,98.51,96.99,-0.25,-1.31,False,False,2026-09-21 ratio=98.76 momentum=98.30; 2026-09-22 ratio=98.70 momentum=98.16; 2026-09-23 ratio=98.64 momentum=97.45; 2026-09-24 ratio=98.57 momentum=97.80; 2026-09-25 ratio=98.51 momentum=96.99,0.0
stock,Ramco Inds.,RAMCOIND.NS,Other Construction Materials,Construction Materials,2699.9,0.4,86.59,21.91,613.81,15.48,8.58,4.57,,not_stage_2,3,319.95,304.27,0.79,0.01383,"{'price_above_30w_ma': True, '30w_ma_rising': True, 'price_above_10w_ma': False, 'relative_strength_positive': False, 'near_52w_high': True}",improving,improving,99.64,102.28,-0.06,-0.17,False,False,2026-09-21 ratio=99.70 momentum=102.45; 2026-09-22 ratio=99.41 momentum=101.42; 2026-09-23 ratio=99.73 momentum=102.29; 2026-09-24 ratio=99.87 momentum=102.60; 2026-09-25 ratio=99.64 momentum=102.28,72.98
stock,Glass Wall Syst.,GLASSWALL.NS,Other Construction Materials,Construction Materials,2379.15,0.0,,,,,29.1,50.32,,insufficient_data,0,,,,,{},insufficient_data,insufficient_data,,,,,False,False,,0.0
stock,BirlaNu Ltd,BIRLANU.NS,Other Construction Materials,Construction Materials,1086.64,1.04,9.4,812.12,1174.02,11.57,,-4.29,,not_stage_2,2,1438.8,1400.91,-1.94,0.06218,"{'price_above_30w_ma': True, '30w_ma_rising': False, 'price_above_10w_ma': False, 'relative_strength_positive': True, 'near_52w_high': False}",leading,lagging,100.52,100.21,0.57,2.22,True,False,2026-09-21 ratio=99.94 momentum=97.98; 2026-09-22 ratio=99.94 momentum=97.71; 2026-09-23 ratio=100.05 momentum=98.47; 2026-09-24 ratio=100.41 momentum=100.62; 2026-09-25 ratio=100.52 momentum=100.21,73.65
stock,Arisinfra Solu.,ARIS.NS,Other Construction Materials,Construction Materials,1083.82,0.0,20.04,306.31,290.81,37.12,16.41,15.57,,stage_2,5,140.29,122.93,3.19,0.00606,"{'price_above_30w_ma': True, '30w_ma_rising': True, 'price_above_10w_ma': True, 'relative_strength_positive': True, 'near_52w_high': True}",leading,leading,101.49,101.43,-0.16,-0.85,False,False,2026-09-21 ratio=101.65 momentum=102.28; 2026-09-22 ratio=101.46 momentum=101.92; 2026-09-23 ratio=101.73 momentum=101.89; 2026-09-24 ratio=101.76 momentum=101.63; 2026-09-25 ratio=101.49 momentum=101.43,165.98
stock,Everest Inds.,EVERESTIND.NS,Other Construction Materials,Construction Materials,669.19,0.24,102.09,1505.52,435.86,-12.95,,-8.5,,not_stage_2,2,426.3,408.3,0.34,0.01842,"{'price_above_30w_ma': True, '30w_ma_rising': True, 'price_above_10w_ma': False, 'relative_strength_positive': False, 'near_52w_high': False}",improving,improving,99.76,101.64,0.43,-1.1,False,False,2026-09-21 ratio=99.34 momentum=102.74; 2026-09-22 ratio=99.76 momentum=102.92; 2026-09-23 ratio=100.14 momentum=102.33; 2026-09-24 ratio=99.96 momentum=101.53; 2026-09-25 ratio=99.76 momentum=101.64,48.88
stock,Teamtech Formwork,TEAMTECH.NS,Other Construction Materials,Construction Materials,400.18,0.0,7.33,,31.74,,34.53,41.17,,insufficient_data,0,,,,,{},insufficient_data,insufficient_data,,,,,False,False,,0.0
stock,Sahyadri Industr,SAHYADRI.NS,Other Construction Materials,Construction Materials,384.54,0.71,26.52,146.24,258.58,20.51,8.52,9.72,,stage_2,5,362.6,292.34,5.79,0.01567,"{'price_above_30w_ma': True, '30w_ma_rising': True, 'price_above_10w_ma': True, 'relative_strength_positive': True, 'near_52w_high': True}",weakening,weakening,100.84,96.87,-0.25,-0.54,False,False,2026-09-21 ratio=101.08 momentum=97.41; 2026-09-22 ratio=100.81 momentum=96.45; 2026-09-23 ratio=100.97 momentum=97.47; 2026-09-24 ratio=101.02 momentum=98.10; 2026-09-25 ratio=100.84 momentum=96.87,140.78
stock,Vishnusurya Pro.,VISHNUINFR.NS,Other Construction Materials,Construction Materials,372.03,0.7,5.92,116.06,61.87,25.02,8.81,19.92,,insufficient_data,0,,,,,{},insufficient_data,insufficient_data,,,,,False,False,,0.0
stock,MCON Rasayan,MCON.NS,Other Construction Materials,Construction Materials,28.97,0.0,1.8,76.47,36.86,26.32,9.53,11.06,,not_stage_2,0,41.5,45.62,-1.65,0.00179,"{'price_above_30w_ma': False, '30w_ma_rising': False, 'price_above_10w_ma': False, 'relative_strength_positive': False, 'near_52w_high': False}",improving,lagging,99.85,100.65,1.36,4.75,False,True,2026-09-21 ratio=98.49 momentum=95.90; 2026-09-22 ratio=99.46 momentum=99.39; 2026-09-23 ratio=99.37 momentum=98.78; 2026-09-24 ratio=99.68 momentum=100.59; 2026-09-25 ratio=99.85 momentum=100.65,3.25
stock,SIS,SIS.NS,Other Consumer Services,Consumer Services,5573.2,1.78,101.66,9.37,4603.58,29.73,13.87,13.68,,stage_2,4,418.4,386.3,3.82,0.01808,"{'price_above_30w_ma': True, '30w_ma_rising': True, 'price_above_10w_ma': False, 'relative_strength_positive': True, 'near_52w_high': True}",leading,weakening,100.77,100.36,0.33,1.35,True,False,2026-09-21 ratio=100.45 momentum=99.01; 2026-09-22 ratio=100.99 momentum=100.56; 2026-09-23 ratio=100.47 momentum=98.70; 2026-09-24 ratio=100.92 momentum=99.24; 2026-09-25 ratio=100.77 momentum=100.36,148.29
stock,E Factor Experie,EFACTOR.NS,Other Consumer Services,Consumer Services,233.54,0.67,14.61,-26.66,138.84,-9.5,11.87,24.71,,not_stage_2,0,171.15,191.7,-5.74,0.0074,"{'price_above_30w_ma': False, '30w_ma_rising': False, 'price_above_10w_ma': False, 'relative_strength_positive': False, 'near_52w_high': False}",improving,lagging,99.98,100.33,0.58,2.25,False,True,2026-09-21 ratio=99.40 momentum=98.09; 2026-09-22 ratio=98.80 momentum=96.29; 2026-09-23 ratio=98.37 momentum=97.10; 2026-09-24 ratio=99.35 momentum=99.19; 2026-09-25 ratio=99.98 momentum=100.33,1.65
stock,Party Cruisers,PARTYCRUS.NS,Other Consumer Services,Consumer Services,138.43,0.0,10.04,62.85,111.27,32.28,11.07,34.5,,stage_2,5,98.95,90.18,1.88,0.00428,"{'price_above_30w_ma': True, '30w_ma_rising': True, 'price_above_10w_ma': True, 'relative_strength_positive': True, 'near_52w_high': True}",leading,leading,102.07,100.08,-0.26,-4.23,False,False,2026-09-21 ratio=102.33 momentum=104.31; 2026-09-22 ratio=102.13 momentum=101.88; 2026-09-23 ratio=102.18 momentum=102.49; 2026-09-24 ratio=102.26 momentum=100.30; 2026-09-25 ratio=102.07 momentum=100.08,159.51
stock,Touchwood Enter.,TOUCHWOOD.NS,Other Consumer Services,Consumer Services,66.63,0.0,0.38,-70.77,3.96,-76.57,20.07,13.52,,not_stage_2,0,60.14,68.58,-4.56,0.0026,"{'price_above_30w_ma': False, '30w_ma_rising': False, 'price_above_10w_ma': False, 'relative_strength_positive': False, 'near_52w_high': False}",improving,improving,99.5,100.79,-0.26,-0.92,False,False,2026-09-21 ratio=99.75 momentum=101.71; 2026-09-22 ratio=99.84 momentum=102.49; 2026-09-23 ratio=99.82 momentum=103.54; 2026-09-24 ratio=100.24 momentum=103.88; 2026-09-25 ratio=99.50 momentum=100.79,3.95
stock,Blue Pebble,BLUEPEBBLE.NS,Other Consumer Services,Consumer Services,28.09,0.73,-0.26,,11.14,,57.33,2.42,,not_stage_2,1,71.25,93.03,-8.79,0.00308,"{'price_above_30w_ma': False, '30w_ma_rising': False, 'price_above_10w_ma': False, 'relative_strength_positive': True, 'near_52w_high': False}",weakening,weakening,100.33,97.21,-1.49,3.29,False,False,2026-09-21 ratio=101.82 momentum=93.92; 2026-09-22 ratio=101.11 momentum=98.49; 2026-09-23 ratio=100.84 momentum=98.02; 2026-09-24 ratio=100.38 momentum=96.80; 2026-09-25 ratio=100.33 momentum=97.21,21.65
stock,Thinking Hats,THESL.NS,Other Consumer Services,Consumer Services,18.35,0.0,0.51,-80.08,15.16,-61.15,14.8,5.96,,insufficient_data,0,,,,,{},insufficient_data,insufficient_data,,,,,False,False,,0.0
stock,HBL Engineering,HBLENGINE.NS,Other Industrial Products,Capital Goods,21777.82,0.38,109.14,-25.07,638.03,6.03,27.17,59.3,,stage_2,5,806.0,745.2,0.14,0.03483,"{'price_above_30w_ma': True, '30w_ma_rising': True, 'price_above_10w_ma': True, 'relative_strength_positive': True, 'near_52w_high': True}",leading,leading,103.01,103.2,1.15,0.12,False,False,2026-09-21 ratio=101.86 momentum=103.08; 2026-09-22 ratio=102.38 momentum=103.65; 2026-09-23 ratio=102.08 momentum=102.08; 2026-09-24 ratio=102.59 momentum=102.40; 2026-09-25 ratio=103.01 momentum=103.20,176.33
stock,Inox India,INOXINDIA.NS,Other Industrial Products,Capital Goods,18627.73,0.1,58.07,-4.99,370.79,9.18,72.44,33.48,,stage_2,5,2156.8,1706.07,8.86,0.0932,"{'price_above_30w_ma': True, '30w_ma_rising': True, 'price_above_10w_ma': True, 'relative_strength_positive': True, 'near_52w_high': True}",weakening,weakening,101.43,97.54,0.48,-0.24,False,False,2026-09-21 ratio=100.96 momentum=97.78; 2026-09-22 ratio=101.29 momentum=98.38; 2026-09-23 ratio=101.41 momentum=98.69; 2026-09-24 ratio=100.86 momentum=98.22; 2026-09-25 ratio=101.43 momentum=97.54,149.87
stock,KRN Heat Exchan,KRN.NS,Other Industrial Products,Capital Goods,9076.12,0.0,32.9,164.9,252.32,118.88,93.63,16.06,,stage_2,4,1381.8,1222.75,8.06,0.05971,"{'price_above_30w_ma': True, '30w_ma_rising': True, 'price_above_10w_ma': False, 'relative_strength_positive': True, 'near_52w_high': True}",weakening,weakening,100.19,96.68,-0.21,-1.12,False,False,2026-09-21 ratio=100.39 momentum=97.81; 2026-09-22 ratio=100.42 momentum=97.42; 2026-09-23 ratio=100.31 momentum=96.61; 2026-09-24 ratio=100.36 momentum=97.11; 2026-09-25 ratio=100.19 momentum=96.68,122.07
stock,Esab India,ESABINDIA.NS,Other Industrial Products,Capital Goods,8494.64,1.36,56.14,37.13,421.12,19.63,41.04,64.68,,not_stage_2,2,5527.0,5870.33,0.51,0.23885,"{'price_above_30w_ma': False, '30w_ma_rising': True, 'price_above_10w_ma': False, 'relative_strength_positive': False, 'near_52w_high': True}",lagging,lagging,99.43,97.67,0.08,0.43,False,False,2026-09-21 ratio=99.36 momentum=97.24; 2026-09-22 ratio=99.82 momentum=97.45; 2026-09-23 ratio=99.48 momentum=96.45; 2026-09-24 ratio=99.53 momentum=96.85; 2026-09-25 ratio=99.43 momentum=97.67,41.02
stock,Subros,SUBROS.NS,Other Industrial Products,Capital Goods,4556.46,0.43,41.52,1.69,1032.11,17.52,26.51,19.16,,not_stage_2,0,720.9,748.67,-1.46,0.03115,"{'price_above_30w_ma': False, '30w_ma_rising': False, 'price_above_10w_ma': False, 'relative_strength_positive': False, 'near_52w_high': False}",improving,improving,99.93,101.65,0.53,-0.67,False,False,2026-09-21 ratio=99.39 momentum=102.32; 2026-09-22 ratio=99.66 momentum=102.68; 2026-09-23 ratio=99.89 momentum=103.04; 2026-09-24 ratio=99.94 momentum=100.98; 2026-09-25 ratio=99.93 momentum=101.65,8.25
stock,Harsha Engg Intl,HARSHA.NS,Other Industrial Products,Capital Goods,4238.1,0.32,37.38,-1.45,457.43,25.22,27.4,13.0,,stage_2,5,462.05,403.86,2.42,0.01997,"{'price_above_30w_ma': True, '30w_ma_rising': True, 'price_above_10w_ma': True, 'relative_strength_positive': True, 'near_52w_high': True}",leading,leading,101.8,100.28,-0.5,0.18,False,False,2026-09-21 ratio=102.30 momentum=100.09; 2026-09-22 ratio=102.10 momentum=99.74; 2026-09-23 ratio=101.86 momentum=98.20; 2026-09-24 ratio=101.78 momentum=99.30; 2026-09-25 ratio=101.80 momentum=100.28,160.24
stock,Ador Welding,ADOR.NS,Other Industrial Products,Capital Goods,2804.81,1.43,27.35,890.46,308.63,23.19,23.42,22.71,,stage_2,5,1638.9,1248.62,6.45,0.07082,"{'price_above_30w_ma': True, '30w_ma_rising': True, 'price_above_10w_ma': True, 'relative_strength_positive': True, 'near_52w_high': True}",leading,weakening,101.43,100.63,0.69,3.78,True,False,2026-09-21 ratio=100.74 momentum=96.85; 2026-09-22 ratio=100.94 momentum=98.13; 2026-09-23 ratio=100.86 momentum=98.13; 2026-09-24 ratio=101.25 momentum=99.36; 2026-09-25 ratio=101.43 momentum=100.63,178.2
stock,Diffusion Eng,DIFFNKG.NS,Other Industrial Products,Capital Goods,1661.9,0.34,16.68,36.26,110.11,36.49,30.06,15.78,,stage_2,5,430.45,354.57,7.53,0.0186,"{'price_above_30w_ma': True, '30w_ma_rising': True, 'price_above_10w_ma': True, 'relative_strength_positive': True, 'near_52w_high': True}",weakening,weakening,100.8,96.45,-0.4,1.57,False,False,2026-09-21 ratio=101.19 momentum=94.88; 2026-09-22 ratio=101.12 momentum=97.04; 2026-09-23 ratio=100.95 momentum=98.00; 2026-09-24 ratio=100.78 momentum=97.51; 2026-09-25 ratio=100.80 momentum=96.45,144.06
stock,Sahasra Electro.,SAHASRA.NS,Other Industrial Products,Capital Goods,1125.29,0.22,6.31,384.57,78.12,57.66,79.3,6.04,,insufficient_data,0,,,,,{},insufficient_data,insufficient_data,,,,,False,False,,0.0
stock,MIC Electronics,MICEL.NS,Other Industrial Products,Capital Goods,1053.92,0.0,2.13,27.54,43.72,276.57,,8.67,,not_stage_2,1,36.1,38.97,-1.53,0.00156,"{'price_above_30w_ma': False, '30w_ma_rising': False, 'price_above_10w_ma': False, 'relative_strength_positive': True, 'near_52w_high': False}",leading,lagging,100.64,101.18,2.6,3.52,True,False,2026-09-21 ratio=98.04 momentum=97.66; 2026-09-22 ratio=98.72 momentum=97.92; 2026-09-23 ratio=99.15 momentum=98.93; 2026-09-24 ratio=100.16 momentum=100.47; 2026-09-25 ratio=100.64 momentum=101.18,59.1
stock,Maruti Suzuki,MARUTI.NS,Passenger Cars & Utility Vehicles,Automobile and Auto Components,377534.61,1.17,3446.9,-9.11,52469.8,35.91,26.34,18.87,,not_stage_2,0,12065.0,13276.17,-2.64,0.52138,"{'price_above_30w_ma': False, '30w_ma_rising': False, 'price_above_10w_ma': False, 'relative_strength_positive': False, 'near_52w_high': False}",improving,improving,98.36,101.01,0.55,-1.33,False,False,2026-09-21 ratio=97.81 momentum=102.33; 2026-09-22 ratio=98.12 momentum=101.22; 2026-09-23 ratio=98.18 momentum=101.37; 2026-09-24 ratio=98.19 momentum=100.05; 2026-09-25 ratio=98.36 momentum=101.01,5.05
stock,M & M,M&M.NS,Passenger Cars & Utility Vehicles,Automobile and Auto Components,372436.88,1.1,5997.56,33.8,58187.57,27.8,19.42,15.1,,not_stage_2,1,3035.0,3164.84,-1.61,0.13116,"{'price_above_30w_ma': False, '30w_ma_rising': False, 'price_above_10w_ma': False, 'relative_strength_positive': False, 'near_52w_high': True}",lagging,lagging,98.86,97.98,0.11,0.16,False,False,2026-09-21 ratio=98.76 momentum=97.82; 2026-09-22 ratio=98.76 momentum=97.90; 2026-09-23 ratio=98.50 momentum=96.92; 2026-09-24 ratio=98.45 momentum=96.01; 2026-09-25 ratio=98.86 momentum=97.98,20.0
stock,Hyundai Motor I,HYUNDAI.NS,Passenger Cars & Utility Vehicles,Automobile and Auto Components,167419.38,1.02,888.62,-35.1,16334.63,-0.48,33.82,38.4,,not_stage_2,3,2115.0,1996.06,-0.2,0.0914,"{'price_above_30w_ma': True, '30w_ma_rising': False, 'price_above_10w_ma': False, 'relative_strength_positive': True, 'near_52w_high': True}",weakening,weakening,100.47,98.04,-0.13,0.57,False,False,2026-09-21 ratio=100.60 momentum=97.46; 2026-09-22 ratio=100.22 momentum=96.95; 2026-09-23 ratio=100.02 momentum=96.68; 2026-09-24 ratio=99.99 momentum=97.43; 2026-09-25 ratio=100.47 momentum=98.04,62.35
stock,Tata Motors PVeh,TMPV.NS,Passenger Cars & Utility Vehicles,Automobile and Auto Components,103821.92,1.06,859.0,-69.83,95799.0,9.26,104.2,2.73,,not_stage_2,0,290.45,338.56,-2.9,0.01255,"{'price_above_30w_ma': False, '30w_ma_rising': False, 'price_above_10w_ma': False, 'relative_strength_positive': False, 'near_52w_high': False}",lagging,improving,98.28,100.0,-0.44,-0.36,False,False,2026-09-21 ratio=98.72 momentum=100.35; 2026-09-22 ratio=98.73 momentum=100.79; 2026-09-23 ratio=98.69 momentum=100.39; 2026-09-24 ratio=98.69 momentum=100.46; 2026-09-25 ratio=98.28 momentum=100.00,0.0
stock,Force Motors,FORCEMOT.NS,Passenger Cars & Utility Vehicles,Automobile and Auto Components,22531.41,0.29,216.59,22.82,2440.01,6.21,20.48,36.05,,not_stage_2,1,17388.0,19217.53,-3.99,0.75141,"{'price_above_30w_ma': False, '30w_ma_rising': False, 'price_above_10w_ma': False, 'relative_strength_positive': True, 'near_52w_high': False}",weakening,leading,100.66,96.84,0.37,-4.93,False,False,2026-09-21 ratio=100.29 momentum=101.77; 2026-09-22 ratio=99.90 momentum=99.38; 2026-09-23 ratio=99.87 momentum=99.64; 2026-09-24 ratio=100.10 momentum=100.49; 2026-09-25 ratio=100.66 momentum=96.84,23.3
stock,Olectra Greentec,OLECTRA.NS,Passenger Cars & Utility Vehicles,Automobile and Auto Components,9634.64,0.05,26.66,-0.31,575.51,65.75,54.3,21.05,,not_stage_2,2,1207.2,1248.46,2.15,0.05217,"{'price_above_30w_ma': False, '30w_ma_rising': True, 'price_above_10w_ma': False, 'relative_strength_positive': False, 'near_52w_high': True}",improving,improving,99.11,101.06,0.39,-0.83,False,False,2026-09-21 ratio=98.71 momentum=101.89; 2026-09-22 ratio=99.06 momentum=103.32; 2026-09-23 ratio=100.18 momentum=103.10; 2026-09-24 ratio=99.98 momentum=102.20; 2026-09-25 ratio=99.11 momentum=101.06,49.6
stock,Mercury EV-Tech,MERCURYEV.NS,Passenger Cars & Utility Vehicles,Automobile and Auto Components,740.31,0.0,1.65,29.92,33.38,47.9,162.35,2.64,,insufficient_data,0,,,,,{},weakening,leading,101.43,96.87,-0.11,-4.27,False,False,2026-09-21 ratio=101.54 momentum=101.15; 2026-09-22 ratio=101.57 momentum=100.52; 2026-09-23 ratio=100.97 momentum=98.78; 2026-09-24 ratio=101.23 momentum=99.44; 2026-09-25 ratio=101.43 momentum=96.87,7.15
stock,Supreme Inds.,SUPREMEIND.NS,Plastic Products - Industrial,Capital Goods,44532.13,1.03,280.72,38.76,2717.66,4.16,43.13,20.73,,not_stage_2,3,3550.0,3577.17,-1.27,0.15341,"{'price_above_30w_ma': False, '30w_ma_rising': False, 'price_above_10w_ma': True, 'relative_strength_positive': True, 'near_52w_high': True}",leading,leading,101.97,100.97,0.84,0.32,False,False,2026-09-21 ratio=101.13 momentum=100.65; 2026-09-22 ratio=100.80 momentum=99.07; 2026-09-23 ratio=100.98 momentum=99.54; 2026-09-24 ratio=100.88 momentum=99.51; 2026-09-25 ratio=101.97 momentum=100.97,94.7
stock,Astral,ASTRAL.NS,Plastic Products - Industrial,Capital Goods,36818.5,0.29,120.2,48.21,1578.0,15.93,62.15,19.22,,not_stage_2,1,1399.0,1517.85,-1.39,0.06046,"{'price_above_30w_ma': False, '30w_ma_rising': False, 'price_above_10w_ma': False, 'relative_strength_positive': False, 'near_52w_high': True}",lagging,lagging,99.71,96.29,0.1,-1.47,False,False,2026-09-21 ratio=99.62 momentum=97.76; 2026-09-22 ratio=99.30 momentum=97.00; 2026-09-23 ratio=99.36 momentum=96.41; 2026-09-24 ratio=99.71 momentum=96.70; 2026-09-25 ratio=99.71 momentum=96.29,20.0
stock,Garware Hi Tech,GRWRHITECH.NS,Plastic Products - Industrial,Capital Goods,15457.67,0.18,132.65,59.78,633.08,27.9,39.85,18.08,,not_stage_2,3,6640.0,5756.02,6.46,0.28694,"{'price_above_30w_ma': True, '30w_ma_rising': True, 'price_above_10w_ma': False, 'relative_strength_positive': False, 'near_52w_high': True}",lagging,lagging,99.52,99.14,2.08,1.93,False,False,2026-09-21 ratio=97.44 momentum=97.20; 2026-09-22 ratio=97.28 momentum=97.81; 2026-09-23 ratio=98.27 momentum=98.00; 2026-09-24 ratio=97.86 momentum=98.76; 2026-09-25 ratio=99.52 momentum=99.14,72.92
stock,Finolex Inds.,FINPIPE.NS,Plastic Products - Industrial,Capital Goods,9407.05,1.32,114.52,16.67,883.58,-15.3,15.29,11.83,,not_stage_2,1,154.16,168.3,-2.23,0.00666,"{'price_above_30w_ma': False, '30w_ma_rising': False, 'price_above_10w_ma': False, 'relative_strength_positive': True, 'near_52w_high': False}",improving,lagging,99.98,100.61,1.46,2.38,False,True,2026-09-21 ratio=98.52 momentum=98.23; 2026-09-22 ratio=98.99 momentum=99.59; 2026-09-23 ratio=99.17 momentum=99.13; 2026-09-24 ratio=100.08 momentum=100.97; 2026-09-25 ratio=99.98 momentum=100.61,23.05
stock,Time Technoplast,TIMETECHNO.NS,Plastic Products - Industrial,Capital Goods,9053.75,0.82,117.86,22.21,1692.71,25.14,18.48,16.52,,not_stage_2,1,181.22,183.03,-0.75,0.00783,"{'price_above_30w_ma': False, '30w_ma_rising': False, 'price_above_10w_ma': False, 'relative_strength_positive': False, 'near_52w_high': True}",lagging,lagging,99.41,99.23,0.36,0.94,False,False,2026-09-21 ratio=99.05 momentum=98.29; 2026-09-22 ratio=99.15 momentum=99.31; 2026-09-23 ratio=99.18 momentum=98.50; 2026-09-24 ratio=99.24 momentum=98.53; 2026-09-25 ratio=99.41 momentum=99.23,20.0
stock,Kingfa Science,KINGFA.NS,Plastic Products - Industrial,Capital Goods,8651.2,0.31,80.21,101.58,688.57,49.06,38.34,23.2,,stage_2,5,6237.5,5145.4,4.88,0.26955,"{'price_above_30w_ma': True, '30w_ma_rising': True, 'price_above_10w_ma': True, 'relative_strength_positive': True, 'near_52w_high': True}",weakening,weakening,101.57,98.71,0.26,-1.03,False,False,2026-09-21 ratio=101.32 momentum=99.74; 2026-09-22 ratio=101.53 momentum=99.54; 2026-09-23 ratio=101.55 momentum=99.70; 2026-09-24 ratio=101.67 momentum=99.18; 2026-09-25 ratio=101.57 momentum=98.71,142.61
stock,Prince Pipes,PRINCEPIPE.NS,Plastic Products - Industrial,Capital Goods,2848.62,0.39,33.75,600.21,609.42,5.0,27.35,6.03,,not_stage_2,2,261.8,263.1,0.49,0.01131,"{'price_above_30w_ma': False, '30w_ma_rising': True, 'price_above_10w_ma': False, 'relative_strength_positive': False, 'near_52w_high': True}",lagging,lagging,99.73,95.06,-0.14,-3.54,False,False,2026-09-21 ratio=99.87 momentum=98.61; 2026-09-22 ratio=99.87 momentum=98.25; 2026-09-23 ratio=99.78 momentum=97.24; 2026-09-24 ratio=99.64 momentum=96.71; 2026-09-25 ratio=99.73 momentum=95.06,40.98
stock,Apollo Pipes,APOLLOPIPE.NS,Plastic Products - Industrial,Capital Goods,2295.79,0.13,-11.12,-205.28,295.43,7.43,,1.23,,not_stage_2,3,511.45,493.11,6.42,0.0221,"{'price_above_30w_ma': True, '30w_ma_rising': True, 'price_above_10w_ma': False, 'relative_strength_positive': False, 'near_52w_high': True}",lagging,weakening,99.66,95.82,-0.49,-1.78,False,False,2026-09-21 ratio=100.15 momentum=97.59; 2026-09-22 ratio=99.90 momentum=96.96; 2026-09-23 ratio=99.77 momentum=96.56; 2026-09-24 ratio=99.69 momentum=96.22; 2026-09-25 ratio=99.66 momentum=95.82,72.84
stock,Jain Irrigation,JISLJALEQS.NS,Plastic Products - Industrial,Capital Goods,2063.79,0.0,-17.8,-207.18,1508.37,-2.41,,5.3,,not_stage_2,1,28.75,31.17,-2.58,0.00124,"{'price_above_30w_ma': False, '30w_ma_rising': False, 'price_above_10w_ma': False, 'relative_strength_positive': True, 'near_52w_high': False}",weakening,leading,100.26,99.46,-1.12,-3.26,False,False,2026-09-21 ratio=101.38 momentum=102.71; 2026-09-22 ratio=100.16 momentum=97.05; 2026-09-23 ratio=100.07 momentum=98.22; 2026-09-24 ratio=100.19 momentum=98.79; 2026-09-25 ratio=100.26 momentum=99.46,21.3
stock,Jai Corp,JAICORPLTD.NS,Plastic Products - Industrial,Capital Goods,1617.81,0.54,28.2,-72.91,157.58,20.06,17.13,11.75,,not_stage_2,0,94.43,106.54,-2.08,0.00408,"{'price_above_30w_ma': False, '30w_ma_rising': False, 'price_above_10w_ma': False, 'relative_strength_positive': False, 'near_52w_high': False}",lagging,lagging,99.02,99.65,0.13,0.72,False,False,2026-09-21 ratio=98.89 momentum=98.94; 2026-09-22 ratio=98.72 momentum=98.59; 2026-09-23 ratio=99.45 momentum=100.48; 2026-09-24 ratio=99.18 momentum=99.60; 2026-09-25 ratio=99.02 momentum=99.65,0.0
stock,Knowledge Realty,KRT.NS,Real Estate Investment Trusts (REITs),Realty,50170.3,1.5,250.8,,1243.06,,80.0,5.22,,insufficient_data,0,,,,,{},insufficient_data,insufficient_data,,,,,False,False,,0.0
stock,Embassy Off.REIT,EMBASSY.NS,Real Estate Investment Trusts (REITs),Realty,41492.16,0.05,195.22,25.81,1240.81,17.08,169.15,5.61,,stage_2,4,437.66,434.54,0.12,0.01891,"{'price_above_30w_ma': True, '30w_ma_rising': True, 'price_above_10w_ma': False, 'relative_strength_positive': True, 'near_52w_high': True}",weakening,leading,101.58,99.9,0.22,-2.22,False,False,2026-09-21 ratio=101.36 momentum=102.11; 2026-09-22 ratio=101.74 momentum=103.01; 2026-09-23 ratio=100.98 momentum=98.92; 2026-09-24 ratio=102.06 momentum=100.42; 2026-09-25 ratio=101.58 momentum=99.90,113.14
stock,Bagmane Prime REIT,BAGMANE.NS,Real Estate Investment Trusts (REITs),Realty,37068.66,1.37,58.51,-77.18,437.01,-29.88,,0.0,,insufficient_data,0,,,,,{},insufficient_data,insufficient_data,,,,,False,False,,0.0
stock,Mindspace Busine,MINDSPACE.NS,Real Estate Investment Trusts (REITs),Realty,33342.43,2.34,271.81,67.1,946.44,27.85,42.78,7.64,,stage_2,5,508.08,476.73,0.44,0.02196,"{'price_above_30w_ma': True, '30w_ma_rising': True, 'price_above_10w_ma': True, 'relative_strength_positive': True, 'near_52w_high': True}",leading,leading,102.4,101.69,0.11,1.43,False,False,2026-09-21 ratio=102.29 momentum=100.26; 2026-09-22 ratio=102.26 momentum=100.55; 2026-09-23 ratio=101.69 momentum=98.51; 2026-09-24 ratio=102.46 momentum=99.23; 2026-09-25 ratio=102.40 momentum=101.69,166.33
stock,Brookfield India,BIRET.NS,Real Estate Investment Trusts (REITs),Realty,28030.05,1.95,221.34,44.36,973.83,51.78,52.25,5.36,,not_stage_2,3,337.99,332.31,-0.74,0.01461,"{'price_above_30w_ma': True, '30w_ma_rising': False, 'price_above_10w_ma': False, 'relative_strength_positive': True, 'near_52w_high': True}",leading,leading,101.84,100.45,0.28,0.19,False,False,2026-09-21 ratio=101.56 momentum=100.26; 2026-09-22 ratio=101.74 momentum=99.78; 2026-09-23 ratio=101.26 momentum=97.85; 2026-09-24 ratio=101.98 momentum=98.21; 2026-09-25 ratio=101.84 momentum=100.45,91.45
stock,Nexus Select,NXST.NS,Real Estate Investment Trusts (REITs),Realty,25114.16,1.47,156.52,30.89,680.53,10.91,57.02,5.83,,stage_2,4,165.94,160.24,0.41,0.00717,"{'price_above_30w_ma': True, '30w_ma_rising': True, 'price_above_10w_ma': False, 'relative_strength_positive': True, 'near_52w_high': True}",weakening,leading,101.64,98.08,0.31,-3.08,False,False,2026-09-21 ratio=101.33 momentum=101.16; 2026-09-22 ratio=101.57 momentum=99.68; 2026-09-23 ratio=101.14 momentum=97.99; 2026-09-24 ratio=102.10 momentum=98.92; 2026-09-25 ratio=101.64 momentum=98.08,114.02
stock,Apcotex Industri,APCOTEXIND.NS,Rubber,Capital Goods,3038.11,1.37,78.94,312.0,525.63,39.88,18.87,19.8,,stage_2,4,599.4,502.31,6.82,0.0259,"{'price_above_30w_ma': True, '30w_ma_rising': True, 'price_above_10w_ma': False, 'relative_strength_positive': True, 'near_52w_high': True}",weakening,weakening,100.48,99.16,-0.19,1.06,False,False,2026-09-21 ratio=100.67 momentum=98.10; 2026-09-22 ratio=100.74 momentum=98.17; 2026-09-23 ratio=100.63 momentum=99.19; 2026-09-24 ratio=100.71 momentum=98.72; 2026-09-25 ratio=100.48 momentum=99.16,121.04
stock,Pix Transmission,PIXTRANS.NS,Rubber,Capital Goods,2350.9,0.52,52.75,89.34,149.25,22.8,17.84,21.73,,stage_2,4,1734.8,1640.92,2.37,0.07497,"{'price_above_30w_ma': True, '30w_ma_rising': True, 'price_above_10w_ma': False, 'relative_strength_positive': True, 'near_52w_high': True}",leading,lagging,100.15,102.28,0.41,3.84,True,False,2026-09-21 ratio=99.74 momentum=98.45; 2026-09-22 ratio=99.88 momentum=101.04; 2026-09-23 ratio=100.13 momentum=104.67; 2026-09-24 ratio=100.39 momentum=101.99; 2026-09-25 ratio=100.15 momentum=102.28,151.89
stock,Tinna Rubber,TINNARUBR.NS,Rubber,Capital Goods,1701.42,0.34,20.57,75.21,156.18,19.89,27.58,22.46,,not_stage_2,3,978.1,864.27,4.6,0.04227,"{'price_above_30w_ma': True, '30w_ma_rising': True, 'price_above_10w_ma': False, 'relative_strength_positive': False, 'near_52w_high': True}",lagging,leading,99.06,96.95,-1.03,-3.23,False,False,2026-09-21 ratio=100.09 momentum=100.18; 2026-09-22 ratio=99.67 momentum=99.55; 2026-09-23 ratio=99.51 momentum=98.69; 2026-09-24 ratio=99.28 momentum=96.23; 2026-09-25 ratio=99.06 momentum=96.95,69.2
stock,GRP,GRPLTD.NS,Rubber,Capital Goods,1040.21,0.18,4.2,140.0,156.83,26.73,151.86,6.94,,stage_2,4,1999.0,1904.51,1.28,0.08639,"{'price_above_30w_ma': True, '30w_ma_rising': True, 'price_above_10w_ma': False, 'relative_strength_positive': True, 'near_52w_high': True}",leading,weakening,101.44,100.37,0.36,0.68,True,False,2026-09-21 ratio=101.07 momentum=99.69; 2026-09-22 ratio=101.28 momentum=100.11; 2026-09-23 ratio=101.09 momentum=99.61; 2026-09-24 ratio=101.38 momentum=99.07; 2026-09-25 ratio=101.44 momentum=100.37,146.61
stock,Rubfila Intl.,RUBFILA.NS,Rubber,Capital Goods,338.47,3.21,6.0,0.67,110.17,-10.71,12.85,12.59,,not_stage_2,1,63.31,70.18,-0.34,0.00274,"{'price_above_30w_ma': False, '30w_ma_rising': False, 'price_above_10w_ma': False, 'relative_strength_positive': False, 'near_52w_high': True}",lagging,lagging,98.53,97.74,-1.41,-1.84,False,False,2026-09-21 ratio=99.94 momentum=99.58; 2026-09-22 ratio=99.70 momentum=98.62; 2026-09-23 ratio=99.22 momentum=97.62; 2026-09-24 ratio=98.78 momentum=98.11; 2026-09-25 ratio=98.53 momentum=97.74,20.0
stock,Gayatri Rubbers,GRCL.NS,Rubber,Capital Goods,325.98,0.0,2.95,86.71,24.48,33.99,58.31,37.86,,stage_2,5,597.9,508.56,5.01,0.02584,"{'price_above_30w_ma': True, '30w_ma_rising': True, 'price_above_10w_ma': True, 'relative_strength_positive': True, 'near_52w_high': True}",leading,leading,101.52,103.42,0.64,1.61,False,False,2026-09-21 ratio=100.88 momentum=101.81; 2026-09-22 ratio=100.59 momentum=103.35; 2026-09-23 ratio=99.94 momentum=98.14; 2026-09-24 ratio=100.88 momentum=102.20; 2026-09-25 ratio=101.52 momentum=103.42,179.72
stock,Harri. Malayalam,HARRMALAYA.NS,Rubber,Capital Goods,309.94,0.0,3.93,-34.06,124.92,7.26,11.44,11.77,,not_stage_2,2,172.59,200.51,0.54,0.00746,"{'price_above_30w_ma': False, '30w_ma_rising': True, 'price_above_10w_ma': False, 'relative_strength_positive': False, 'near_52w_high': True}",lagging,lagging,98.37,97.25,-0.01,-0.23,False,False,2026-09-21 ratio=98.38 momentum=97.48; 2026-09-22 ratio=98.38 momentum=98.40; 2026-09-23 ratio=98.48 momentum=97.95; 2026-09-24 ratio=98.52 momentum=97.96; 2026-09-25 ratio=98.37 momentum=97.25,41.08
stock,Elgi Rubber Co,ELGIRUBCO.NS,Rubber,Capital Goods,261.77,0.0,40.85,293.38,70.09,-18.1,,-12.92,,not_stage_2,3,54.96,51.96,4.7,0.00238,"{'price_above_30w_ma': True, '30w_ma_rising': True, 'price_above_10w_ma': False, 'relative_strength_positive': False, 'near_52w_high': True}",lagging,leading,98.98,97.61,-2.24,-3.26,False,False,2026-09-21 ratio=101.22 momentum=100.87; 2026-09-22 ratio=101.23 momentum=101.19; 2026-09-23 ratio=100.83 momentum=100.15; 2026-09-24 ratio=100.18 momentum=97.39; 2026-09-25 ratio=98.98 momentum=97.61,69.4
stock,Sampann Utpadan,SAMPANN.NS,Rubber,Capital Goods,124.35,0.0,2.05,12.02,41.7,27.6,17.76,8.3,,not_stage_2,0,24.56,27.36,-3.28,0.00106,"{'price_above_30w_ma': False, '30w_ma_rising': False, 'price_above_10w_ma': False, 'relative_strength_positive': False, 'near_52w_high': False}",improving,lagging,99.55,104.22,0.97,4.59,False,True,2026-09-21 ratio=98.58 momentum=99.63; 2026-09-22 ratio=98.73 momentum=101.58; 2026-09-23 ratio=98.89 momentum=102.13; 2026-09-24 ratio=99.08 momentum=103.33; 2026-09-25 ratio=99.55 momentum=104.22,21.1
stock,Lead Reclaim,LRRPL.NS,Rubber,Capital Goods,84.81,0.0,3.1,219.59,17.92,-18.25,20.63,21.34,,stage_2,5,93.5,83.25,4.51,0.00404,"{'price_above_30w_ma': True, '30w_ma_rising': True, 'price_above_10w_ma': True, 'relative_strength_positive': True, 'near_52w_high': True}",weakening,leading,101.75,99.17,-0.49,-4.33,False,False,2026-09-21 ratio=102.23 momentum=103.49; 2026-09-22 ratio=101.36 momentum=102.15; 2026-09-23 ratio=102.25 momentum=100.96; 2026-09-24 ratio=102.90 momentum=101.47; 2026-09-25 ratio=101.75 momentum=99.17,142.77
stock,KIOCL,KIOCL.NS,Sponge Iron,Metals & Mining,20143.16,0.0,-15.48,59.04,158.01,73.75,518.09,1.35,,not_stage_2,1,340.75,373.8,0.34,0.01473,"{'price_above_30w_ma': False, '30w_ma_rising': True, 'price_above_10w_ma': False, 'relative_strength_positive': False, 'near_52w_high': False}",lagging,lagging,98.78,97.87,0.49,-0.21,False,False,2026-09-21 ratio=98.28 momentum=98.08; 2026-09-22 ratio=98.56 momentum=98.47; 2026-09-23 ratio=98.98 momentum=98.34; 2026-09-24 ratio=98.81 momentum=97.59; 2026-09-25 ratio=98.78 momentum=97.87,20.68
stock,S.A.L Steel,SALSTEEL.NS,Sponge Iron,Metals & Mining,1346.76,0.0,3.09,131.95,87.37,-31.57,,1.08,,stage_2,5,93.6,59.42,8.93,0.00404,"{'price_above_30w_ma': True, '30w_ma_rising': True, 'price_above_10w_ma': True, 'relative_strength_positive': True, 'near_52w_high': True}",leading,weakening,102.24,102.27,0.74,3.54,True,False,2026-09-21 ratio=101.51 momentum=98.73; 2026-09-22 ratio=101.36 momentum=98.04; 2026-09-23 ratio=101.62 momentum=99.91; 2026-09-24 ratio=102.03 momentum=101.28; 2026-09-25 ratio=102.24 momentum=102.27,195.41
stock,Vraj Iron,VRAJ.NS,Sponge Iron,Metals & Mining,413.58,0.0,11.51,51.65,193.83,40.14,11.51,10.49,,not_stage_2,4,126.24,122.31,-0.44,0.00546,"{'price_above_30w_ma': True, '30w_ma_rising': False, 'price_above_10w_ma': True, 'relative_strength_positive': True, 'near_52w_high': True}",leading,leading,101.31,101.71,0.23,-1.57,False,False,2026-09-21 ratio=101.08 momentum=103.27; 2026-09-22 ratio=100.65 momentum=101.97; 2026-09-23 ratio=100.90 momentum=103.77; 2026-09-24 ratio=101.13 momentum=102.06; 2026-09-25 ratio=101.31 momentum=101.71,115.1
stock,Chaman Metallics,CMNL.NS,Sponge Iron,Metals & Mining,279.36,0.0,-1.62,-78.12,344.75,326.41,,5.37,,stage_2,4,116.9,109.89,0.58,0.00505,"{'price_above_30w_ma': True, '30w_ma_rising': True, 'price_above_10w_ma': True, 'relative_strength_positive': True, 'near_52w_high': False}",weakening,weakening,101.35,99.63,0.61,1.99,False,False,2026-09-21 ratio=100.74 momentum=97.64; 2026-09-22 ratio=101.27 momentum=98.89; 2026-09-23 ratio=100.88 momentum=96.90; 2026-09-24 ratio=100.84 momentum=96.04; 2026-09-25 ratio=101.35 momentum=99.63,112.91
stock,Vaswani Industri,VASWANI.NS,Sponge Iron,Metals & Mining,146.81,0.0,1.16,-78.79,117.79,3.07,,8.76,,not_stage_2,0,45.35,53.32,-3.1,0.00196,"{'price_above_30w_ma': False, '30w_ma_rising': False, 'price_above_10w_ma': False, 'relative_strength_positive': False, 'near_52w_high': False}",improving,improving,99.16,101.15,0.06,-0.84,False,False,2026-09-21 ratio=99.11 momentum=101.99; 2026-09-22 ratio=99.02 momentum=103.09; 2026-09-23 ratio=98.99 momentum=101.22; 2026-09-24 ratio=99.08 momentum=102.01; 2026-09-25 ratio=99.16 momentum=101.15,5.75
stock,Shri Hare-Krish.,SHKSIL.NS,Sponge Iron,Metals & Mining,64.49,0.0,1.55,-64.85,27.21,-35.63,10.4,7.76,,insufficient_data,0,,,,,{},insufficient_data,insufficient_data,,,,,False,False,,0.0
stock,DOMS Industries,DOMS.NS,Stationary,Fast Moving Consumer Goods,12414.8,0.18,45.28,-22.33,670.51,19.25,57.11,24.32,,not_stage_2,1,2083.0,2240.11,-1.34,0.09002,"{'price_above_30w_ma': False, '30w_ma_rising': False, 'price_above_10w_ma': False, 'relative_strength_positive': False, 'near_52w_high': True}",lagging,lagging,98.47,97.9,0.64,0.41,False,False,2026-09-21 ratio=97.84 momentum=97.49; 2026-09-22 ratio=98.43 momentum=98.21; 2026-09-23 ratio=99.43 momentum=99.45; 2026-09-24 ratio=99.54 momentum=98.77; 2026-09-25 ratio=98.47 momentum=97.90,20.0
stock,Navneet Educat.,NAVNETEDUL.NS,Stationary,Fast Moving Consumer Goods,2692.83,2.46,141.0,-16.66,788.0,-0.76,21.52,10.23,,not_stage_2,1,122.76,137.97,-2.49,0.0053,"{'price_above_30w_ma': False, '30w_ma_rising': False, 'price_above_10w_ma': False, 'relative_strength_positive': False, 'near_52w_high': True}",lagging,improving,98.95,98.86,-0.32,-1.91,False,False,2026-09-21 ratio=99.28 momentum=100.77; 2026-09-22 ratio=98.81 momentum=96.32; 2026-09-23 ratio=98.84 momentum=97.30; 2026-09-24 ratio=99.13 momentum=100.48; 2026-09-25 ratio=98.95 momentum=98.86,20.0
stock,Flair Writing,FLAIR.NS,Stationary,Fast Moving Consumer Goods,2475.13,0.43,29.08,-0.28,319.25,10.64,17.72,16.83,,not_stage_2,0,237.58,279.96,-3.42,0.01027,"{'price_above_30w_ma': False, '30w_ma_rising': False, 'price_above_10w_ma': False, 'relative_strength_positive': False, 'near_52w_high': False}",improving,improving,99.7,101.08,0.42,-0.35,False,False,2026-09-21 ratio=99.28 momentum=101.43; 2026-09-22 ratio=99.99 momentum=103.07; 2026-09-23 ratio=99.67 momentum=102.79; 2026-09-24 ratio=101.18 momentum=102.82; 2026-09-25 ratio=99.70 momentum=101.08,5.4
stock,Kokuyo Camlin,KOKUYOCMLN.NS,Stationary,Fast Moving Consumer Goods,748.67,0.4,7.3,-27.44,229.18,0.79,34.0,10.21,,not_stage_2,0,76.03,83.76,-1.12,0.00329,"{'price_above_30w_ma': False, '30w_ma_rising': False, 'price_above_10w_ma': False, 'relative_strength_positive': False, 'near_52w_high': False}",lagging,lagging,99.02,99.01,0.41,1.81,False,False,2026-09-21 ratio=98.61 momentum=97.20; 2026-09-22 ratio=98.56 momentum=98.27; 2026-09-23 ratio=98.70 momentum=98.59; 2026-09-24 ratio=99.33 momentum=100.19; 2026-09-25 ratio=99.02 momentum=99.01,0.0
stock,Linc,LINC.NS,Stationary,Fast Moving Consumer Goods,533.32,1.67,5.1,-30.42,135.65,1.01,15.51,19.12,,not_stage_2,0,93.23,100.6,-1.98,0.00403,"{'price_above_30w_ma': False, '30w_ma_rising': False, 'price_above_10w_ma': False, 'relative_strength_positive': False, 'near_52w_high': False}",lagging,lagging,99.67,99.51,0.75,-0.21,False,False,2026-09-21 ratio=98.92 momentum=99.72; 2026-09-22 ratio=99.17 momentum=99.43; 2026-09-23 ratio=99.44 momentum=99.08; 2026-09-24 ratio=99.45 momentum=98.55; 2026-09-25 ratio=99.67 momentum=99.51,0.0
stock,Sundaram Multi.,SUNDARAM.NS,Stationary,Fast Moving Consumer Goods,53.55,0.0,0.32,138.89,49.6,21.99,15.26,4.22,,not_stage_2,0,1.14,1.3,-4.19,5e-05,"{'price_above_30w_ma': False, '30w_ma_rising': False, 'price_above_10w_ma': False, 'relative_strength_positive': False, 'near_52w_high': False}",lagging,lagging,99.21,96.76,-0.26,-1.06,False,False,2026-09-21 ratio=99.47 momentum=97.81; 2026-09-22 ratio=99.58 momentum=100.33; 2026-09-23 ratio=99.48 momentum=98.06; 2026-09-24 ratio=99.70 momentum=98.83; 2026-09-25 ratio=99.21 momentum=96.76,0.0
stock,Vasa Retail,VASA.NS,Stationary,Fast Moving Consumer Goods,2.13,0.0,-0.05,28.57,0.0,,,-1.93,,not_stage_2,0,3.55,4.44,-3.47,0.00015,"{'price_above_30w_ma': False, '30w_ma_rising': False, 'price_above_10w_ma': False, 'relative_strength_positive': False, 'near_52w_high': False}",improving,improving,98.51,104.42,0.5,3.9,False,True,2026-09-21 ratio=98.01 momentum=100.52; 2026-09-22 ratio=98.16 momentum=102.31; 2026-09-23 ratio=98.20 momentum=103.07; 2026-09-24 ratio=98.48 momentum=104.45; 2026-09-25 ratio=98.51 momentum=104.42,22.1
stock,Indus Towers,INDUSTOWER.NS,Telecom - Infrastructure,Telecommunic ation,95075.37,3.89,1745.8,0.52,8431.1,4.64,13.29,19.48,,not_stage_2,2,374.65,406.94,-2.58,0.01619,"{'price_above_30w_ma': False, '30w_ma_rising': False, 'price_above_10w_ma': False, 'relative_strength_positive': True, 'near_52w_high': True}",leading,leading,100.63,102.51,0.3,0.98,False,False,2026-09-21 ratio=100.32 momentum=101.52; 2026-09-22 ratio=100.91 momentum=102.41; 2026-09-23 ratio=101.03 momentum=103.06; 2026-09-24 ratio=101.23 momentum=102.73; 2026-09-25 ratio=100.63 momentum=102.51,75.7
stock,HFCL,HFCL.NS,Telecom - Infrastructure,Telecommunic ation,31518.17,0.1,245.64,809.06,1914.98,119.85,55.05,10.76,,not_stage_2,3,211.27,166.35,13.97,0.00913,"{'price_above_30w_ma': True, '30w_ma_rising': True, 'price_above_10w_ma': False, 'relative_strength_positive': False, 'near_52w_high': True}",lagging,weakening,99.96,96.93,-0.05,-1.78,False,False,2026-09-21 ratio=100.01 momentum=98.71; 2026-09-22 ratio=100.43 momentum=98.24; 2026-09-23 ratio=100.14 momentum=96.70; 2026-09-24 ratio=99.96 momentum=95.71; 2026-09-25 ratio=99.96 momentum=96.93,87.94
stock,Pace Digitek,PACEDIGITK.NS,Telecom - Infrastructure,Telecommunic ation,3494.79,0.0,62.5,13.24,555.36,51.29,11.63,21.4,,not_stage_2,0,166.35,179.32,-1.46,0.00719,"{'price_above_30w_ma': False, '30w_ma_rising': False, 'price_above_10w_ma': False, 'relative_strength_positive': False, 'near_52w_high': False}",improving,improving,99.56,102.08,1.01,1.5,False,True,2026-09-21 ratio=98.55 momentum=100.58; 2026-09-22 ratio=99.47 momentum=103.95; 2026-09-23 ratio=99.55 momentum=102.92; 2026-09-24 ratio=99.64 momentum=102.25; 2026-09-25 ratio=99.56 momentum=102.08,10.4
stock,GTL Infra.,GTLINFRA.NS,Telecom - Infrastructure,Telecommunic ation,1396.23,0.0,69.39,129.86,327.31,-2.16,,,,not_stage_2,0,1.12,1.25,-0.27,5e-05,"{'price_above_30w_ma': False, '30w_ma_rising': False, 'price_above_10w_ma': False, 'relative_strength_positive': False, 'near_52w_high': False}",lagging,lagging,98.71,98.62,0.17,-0.71,False,False,2026-09-21 ratio=98.54 momentum=99.34; 2026-09-22 ratio=98.35 momentum=96.67; 2026-09-23 ratio=98.84 momentum=98.43; 2026-09-24 ratio=98.46 momentum=97.87; 2026-09-25 ratio=98.71 momentum=98.62,0.0
stock,Suyog Telematics,SUYOG.NS,Telecom - Infrastructure,Telecommunic ation,753.74,0.16,13.93,-18.11,65.27,2.16,12.73,14.42,,not_stage_2,1,650.4,765.06,0.37,0.02811,"{'price_above_30w_ma': False, '30w_ma_rising': True, 'price_above_10w_ma': False, 'relative_strength_positive': False, 'near_52w_high': False}",improving,lagging,98.62,102.45,0.4,2.98,False,True,2026-09-21 ratio=98.22 momentum=99.47; 2026-09-22 ratio=98.29 momentum=100.28; 2026-09-23 ratio=98.70 momentum=101.45; 2026-09-24 ratio=98.74 momentum=102.06; 2026-09-25 ratio=98.62 momentum=102.45,32.99
stock,Sar Televenture,SARTELE.NS,Telecom - Infrastructure,Telecommunic ation,425.25,0.0,36.23,25.49,280.35,35.3,5.92,8.84,,not_stage_2,0,91.65,133.38,-11.68,0.00396,"{'price_above_30w_ma': False, '30w_ma_rising': False, 'price_above_10w_ma': False, 'relative_strength_positive': False, 'near_52w_high': False}",improving,lagging,99.56,101.93,1.53,3.45,False,True,2026-09-21 ratio=98.03 momentum=98.47; 2026-09-22 ratio=98.30 momentum=99.14; 2026-09-23 ratio=98.82 momentum=101.99; 2026-09-24 ratio=100.05 momentum=102.86; 2026-09-25 ratio=99.56 momentum=101.93,9.65
stock,Rama Telecom,RTL.NS,Telecom - Infrastructure,Telecommunic ation,108.89,0.0,0.48,-86.7,27.75,18.69,37.42,11.89,,insufficient_data,0,,,,,{},insufficient_data,insufficient_data,,,,,False,False,,0.0
stock,Kore Digital,KDL.NS,Telecom - Infrastructure,Telecommunic ation,66.13,0.0,11.91,-51.61,150.42,-36.24,1.86,38.1,,not_stage_2,0,57.85,117.86,-6.27,0.0025,"{'price_above_30w_ma': False, '30w_ma_rising': False, 'price_above_10w_ma': False, 'relative_strength_positive': False, 'near_52w_high': False}",lagging,lagging,97.4,98.29,-0.22,1.03,False,False,2026-09-21 ratio=97.62 momentum=97.25; 2026-09-22 ratio=97.52 momentum=97.66; 2026-09-23 ratio=97.42 momentum=97.78; 2026-09-24 ratio=97.44 momentum=98.12; 2026-09-25 ratio=97.40 momentum=98.29,0.0
