level,name,symbol,parent,sector,market_cap_cr,dividend_yield_pct,np_qtr_cr,qtr_profit_var_pct,sales_qtr_cr,qtr_sales_var_pct,pe,roce,error,stage,stage2_score,close,weekly_ma,weekly_ma_slope_4w_pct,rs_vs_benchmark,checks,rrg_quadrant,rrg_quadrant_5d_ago,rs_ratio,rs_momentum,rs_ratio_5d_delta,rs_momentum_5d_delta,moving_to_leading,improving_toward_leading,rrg_tail,stock_score
stock,Bajaj Auto,BAJAJ-AUTO.NS,2/3 Wheelers,Automobile and Auto Components,285892.17,1.44,3188.75,45.93,21688.83,65.14,24.25,28.24,,stage_2,5,10522.5,9816.7,1.63,0.43412,"{'price_above_30w_ma': True, '30w_ma_rising': True, 'price_above_10w_ma': True, 'relative_strength_positive': True, 'near_52w_high': True}",leading,improving,100.37,104.09,0.8,2.63,True,False,2026-07-14 ratio=99.57 momentum=101.46; 2026-07-15 ratio=100.00 momentum=102.01; 2026-07-16 ratio=100.01 momentum=102.42; 2026-07-17 ratio=100.00 momentum=103.99; 2026-07-20 ratio=100.37 momentum=104.09,180.56
stock,Eicher Motors,EICHERMOT.NS,2/3 Wheelers,Automobile and Auto Components,211074.88,1.07,1519.95,11.58,6080.09,16.01,37.97,30.52,,stage_2,5,7563.5,7296.85,0.39,0.31204,"{'price_above_30w_ma': True, '30w_ma_rising': True, 'price_above_10w_ma': True, 'relative_strength_positive': True, 'near_52w_high': True}",leading,improving,100.86,101.38,1.19,0.24,True,False,2026-07-14 ratio=99.66 momentum=101.14; 2026-07-15 ratio=100.32 momentum=102.56; 2026-07-16 ratio=100.39 momentum=102.19; 2026-07-17 ratio=100.72 momentum=102.20; 2026-07-20 ratio=100.86 momentum=101.38,166.98
stock,TVS Motor Co.,TVSMOTOR.NS,2/3 Wheelers,Automobile and Auto Components,180153.03,0.32,1057.61,67.11,16295.52,33.46,52.08,17.37,,not_stage_2,3,3590.2,3595.95,-0.15,0.14812,"{'price_above_30w_ma': False, '30w_ma_rising': False, 'price_above_10w_ma': True, 'relative_strength_positive': True, 'near_52w_high': True}",weakening,leading,100.57,97.33,-0.5,-4.92,False,False,2026-07-14 ratio=101.06 momentum=102.25; 2026-07-15 ratio=101.03 momentum=102.88; 2026-07-16 ratio=100.51 momentum=98.07; 2026-07-17 ratio=100.68 momentum=98.80; 2026-07-20 ratio=100.57 momentum=97.33,62.85
stock,Hero Motocorp,HEROMOTOCO.NS,2/3 Wheelers,Automobile and Auto Components,100728.79,3.67,1473.92,25.72,12978.28,30.18,17.53,35.22,,not_stage_2,2,4977.7,5243.58,-2.5,0.20536,"{'price_above_30w_ma': False, '30w_ma_rising': False, 'price_above_10w_ma': True, 'relative_strength_positive': False, 'near_52w_high': True}",improving,improving,99.52,104.75,0.69,2.54,False,True,2026-07-14 ratio=98.83 momentum=102.21; 2026-07-15 ratio=98.81 momentum=101.87; 2026-07-16 ratio=99.05 momentum=102.62; 2026-07-17 ratio=98.75 momentum=104.35; 2026-07-20 ratio=99.52 momentum=104.75,63.75
stock,Ather Energy,ATHERENERG.NS,2/3 Wheelers,Automobile and Auto Components,50779.1,0.0,-100.23,57.23,1174.66,73.75,,-19.77,,stage_2,5,1296.7,866.27,9.26,0.0535,"{'price_above_30w_ma': True, '30w_ma_rising': True, 'price_above_10w_ma': True, 'relative_strength_positive': True, 'near_52w_high': True}",leading,weakening,102.16,101.37,0.19,3.8,True,False,2026-07-14 ratio=101.97 momentum=97.57; 2026-07-15 ratio=102.70 momentum=100.75; 2026-07-16 ratio=102.24 momentum=99.78; 2026-07-17 ratio=102.12 momentum=100.43; 2026-07-20 ratio=102.16 momentum=101.37,191.17
stock,Ola Electric,OLAELEC.NS,2/3 Wheelers,Automobile and Auto Components,17921.2,0.0,-500.0,42.53,265.0,-56.63,,-19.56,,not_stage_2,2,39.18,35.43,2.06,0.00162,"{'price_above_30w_ma': True, '30w_ma_rising': True, 'price_above_10w_ma': False, 'relative_strength_positive': False, 'near_52w_high': False}",lagging,lagging,99.32,96.35,-0.31,-1.14,False,False,2026-07-14 ratio=99.63 momentum=97.50; 2026-07-15 ratio=99.90 momentum=97.23; 2026-07-16 ratio=99.67 momentum=95.74; 2026-07-17 ratio=99.59 momentum=94.86; 2026-07-20 ratio=99.32 momentum=96.35,44.12
stock,Tunwal E-Motors,TUNWAL.NS,2/3 Wheelers,Automobile and Auto Components,156.35,0.37,4.23,-34.72,132.45,27.15,12.28,13.28,,not_stage_2,0,26.6,30.17,-5.02,0.0011,"{'price_above_30w_ma': False, '30w_ma_rising': False, 'price_above_10w_ma': False, 'relative_strength_positive': False, 'near_52w_high': False}",improving,lagging,99.05,103.23,0.36,5.66,False,True,2026-07-14 ratio=98.69 momentum=97.57; 2026-07-15 ratio=98.72 momentum=99.33; 2026-07-16 ratio=98.84 momentum=102.28; 2026-07-17 ratio=98.72 momentum=104.20; 2026-07-20 ratio=99.05 momentum=103.23,16.15
stock,Delta Auto.,DELTIC.NS,2/3 Wheelers,Automobile and Auto Components,50.46,0.0,3.1,-47.28,37.54,-28.28,7.69,11.81,,insufficient_data,0,,,,,{},insufficient_data,insufficient_data,,,,,False,False,,0.0
stock,Victory Ele.,VICTORYEV.NS,2/3 Wheelers,Automobile and Auto Components,40.47,0.0,0.53,-86.91,15.27,-52.67,18.82,10.52,,insufficient_data,0,,,,,{},insufficient_data,insufficient_data,,,,,False,False,,0.0
stock,Timken India,TIMKEN.NS,Abrasives & Bearings,Capital Goods,23267.41,0.08,154.79,-17.15,1073.14,14.19,58.41,18.26,,not_stage_2,2,3129.5,3346.47,0.71,0.12911,"{'price_above_30w_ma': False, '30w_ma_rising': True, 'price_above_10w_ma': False, 'relative_strength_positive': False, 'near_52w_high': True}",improving,lagging,97.94,102.07,0.3,4.72,False,True,2026-07-14 ratio=97.64 momentum=97.35; 2026-07-15 ratio=97.92 momentum=97.65; 2026-07-16 ratio=97.86 momentum=96.14; 2026-07-17 ratio=97.82 momentum=99.82; 2026-07-20 ratio=97.94 momentum=102.07,51.77
stock,Grindwell Norton,GRINDWELL.NS,Abrasives & Bearings,Capital Goods,23199.16,0.91,119.34,28.31,842.21,18.7,59.89,21.18,,stage_2,5,2128.1,1727.96,4.16,0.0878,"{'price_above_30w_ma': True, '30w_ma_rising': True, 'price_above_10w_ma': True, 'relative_strength_positive': True, 'near_52w_high': True}",leading,weakening,100.85,100.18,0.61,3.78,True,False,2026-07-14 ratio=100.24 momentum=96.41; 2026-07-15 ratio=100.49 momentum=96.94; 2026-07-16 ratio=102.77 momentum=102.04; 2026-07-17 ratio=100.48 momentum=99.47; 2026-07-20 ratio=100.85 momentum=100.18,168.47
stock,Carborundum Uni.,CARBORUNIV.NS,Abrasives & Bearings,Capital Goods,20653.31,0.37,-40.01,-17.82,1398.35,14.89,80.3,10.52,,not_stage_2,3,1087.2,935.74,3.42,0.04485,"{'price_above_30w_ma': True, '30w_ma_rising': True, 'price_above_10w_ma': False, 'relative_strength_positive': False, 'near_52w_high': True}",lagging,lagging,99.69,96.59,0.04,0.39,False,False,2026-07-14 ratio=99.65 momentum=96.20; 2026-07-15 ratio=99.84 momentum=96.59; 2026-07-16 ratio=99.86 momentum=97.22; 2026-07-17 ratio=99.16 momentum=95.88; 2026-07-20 ratio=99.69 momentum=96.59,66.84
stock,SKF India Indus.,SKFINDUS.NS,Abrasives & Bearings,Capital Goods,13916.29,0.36,118.97,-1.93,945.72,31.24,37.46,56.38,,insufficient_data,0,,,,,{},weakening,weakening,100.41,97.28,-0.54,1.63,False,False,2026-07-14 ratio=100.95 momentum=95.65; 2026-07-15 ratio=100.94 momentum=96.29; 2026-07-16 ratio=100.73 momentum=97.18; 2026-07-17 ratio=100.38 momentum=97.05; 2026-07-20 ratio=100.41 momentum=97.28,2.05
stock,SKF India,SKFINDIA.NS,Abrasives & Bearings,Capital Goods,7210.03,2.74,-20.23,-128.78,594.54,20.68,24.38,13.33,,not_stage_2,0,1482.3,1662.18,-2.08,0.06115,"{'price_above_30w_ma': False, '30w_ma_rising': False, 'price_above_10w_ma': False, 'relative_strength_positive': False, 'near_52w_high': False}",lagging,lagging,97.41,99.84,-0.67,2.27,False,False,2026-07-14 ratio=98.08 momentum=97.57; 2026-07-15 ratio=97.47 momentum=96.68; 2026-07-16 ratio=97.20 momentum=93.66; 2026-07-17 ratio=96.91 momentum=96.64; 2026-07-20 ratio=97.41 momentum=99.84,0.0
stock,Wendt India,WENDT.NS,Abrasives & Bearings,Capital Goods,1512.4,0.4,5.09,-60.51,66.78,-11.67,124.27,7.82,,not_stage_2,4,7579.0,7116.83,-0.43,0.31268,"{'price_above_30w_ma': True, '30w_ma_rising': False, 'price_above_10w_ma': True, 'relative_strength_positive': True, 'near_52w_high': True}",weakening,weakening,100.14,95.8,-0.83,-0.13,False,False,2026-07-14 ratio=100.97 momentum=95.93; 2026-07-15 ratio=100.80 momentum=96.31; 2026-07-16 ratio=100.78 momentum=95.91; 2026-07-17 ratio=100.11 momentum=95.27; 2026-07-20 ratio=100.14 momentum=95.80,80.7
stock,SKP Bearing,SKP.NS,Abrasives & Bearings,Capital Goods,261.45,0.7,-0.95,,37.99,,297.1,11.38,,not_stage_2,0,155.55,158.9,-1.99,0.00642,"{'price_above_30w_ma': False, '30w_ma_rising': False, 'price_above_10w_ma': False, 'relative_strength_positive': False, 'near_52w_high': False}",improving,lagging,99.47,101.42,0.08,2.42,False,True,2026-07-14 ratio=99.39 momentum=99.00; 2026-07-15 ratio=99.16 momentum=98.28; 2026-07-16 ratio=99.16 momentum=96.07; 2026-07-17 ratio=99.37 momentum=101.27; 2026-07-20 ratio=99.47 momentum=101.42,7.1
stock,NRB Indl Bearing,NIBL.NS,Abrasives & Bearings,Capital Goods,85.97,0.0,-6.82,2.29,20.58,27.75,,-16.17,,stage_2,5,34.97,30.94,1.62,0.00144,"{'price_above_30w_ma': True, '30w_ma_rising': True, 'price_above_10w_ma': True, 'relative_strength_positive': True, 'near_52w_high': True}",leading,leading,102.81,102.17,0.21,-1.39,False,False,2026-07-14 ratio=102.60 momentum=103.56; 2026-07-15 ratio=102.33 momentum=102.80; 2026-07-16 ratio=103.18 momentum=102.66; 2026-07-17 ratio=102.98 momentum=102.35; 2026-07-20 ratio=102.81 momentum=102.17,173.14
stock,Signpost India,SIGNPOST.NS,Advertising & Media Agencies,"Media, Entertainment & Publication",1633.43,0.16,21.01,2183.7,161.92,46.08,23.33,25.13,,stage_2,5,319.9,254.09,5.47,0.0132,"{'price_above_30w_ma': True, '30w_ma_rising': True, 'price_above_10w_ma': True, 'relative_strength_positive': True, 'near_52w_high': True}",leading,leading,101.38,102.58,-0.54,-0.99,False,False,2026-07-14 ratio=101.91 momentum=103.56; 2026-07-15 ratio=101.75 momentum=99.82; 2026-07-16 ratio=101.85 momentum=101.37; 2026-07-17 ratio=101.68 momentum=101.08; 2026-07-20 ratio=101.38 momentum=102.58,175.74
stock,R K Swamy,RKSWAMY.NS,Advertising & Media Agencies,"Media, Entertainment & Publication",512.48,1.97,15.94,29.28,100.88,20.8,21.0,12.17,,not_stage_2,2,101.0,97.94,-1.32,0.00417,"{'price_above_30w_ma': True, '30w_ma_rising': False, 'price_above_10w_ma': True, 'relative_strength_positive': False, 'near_52w_high': False}",weakening,weakening,100.07,95.92,-0.61,-2.86,False,False,2026-07-14 ratio=100.69 momentum=98.77; 2026-07-15 ratio=100.60 momentum=98.10; 2026-07-16 ratio=100.80 momentum=100.09; 2026-07-17 ratio=100.33 momentum=96.73; 2026-07-20 ratio=100.07 momentum=95.92,40.35
stock,Yaap Digital,YAAP.NS,Advertising & Media Agencies,"Media, Entertainment & Publication",336.6,0.0,19.0,84.08,135.66,28.14,18.23,30.86,,insufficient_data,0,,,,,{},insufficient_data,insufficient_data,,,,,False,False,,0.0
stock,Vertoz,VERTOZ.NS,Advertising & Media Agencies,"Media, Entertainment & Publication",300.95,0.28,6.25,-2.33,73.69,13.06,11.54,14.16,,not_stage_2,0,36.79,46.99,-9.33,0.00152,"{'price_above_30w_ma': False, '30w_ma_rising': False, 'price_above_10w_ma': False, 'relative_strength_positive': False, 'near_52w_high': False}",improving,improving,98.45,102.33,-0.32,-0.3,False,False,2026-07-14 ratio=98.78 momentum=102.63; 2026-07-15 ratio=98.47 momentum=101.62; 2026-07-16 ratio=98.50 momentum=104.26; 2026-07-17 ratio=98.39 momentum=101.72; 2026-07-20 ratio=98.45 momentum=102.33,11.65
stock,Cash UR Drive,CUDML.NS,Advertising & Media Agencies,"Media, Entertainment & Publication",278.27,0.0,18.52,94.54,108.79,43.71,9.46,40.31,,insufficient_data,0,,,,,{},insufficient_data,insufficient_data,,,,,False,False,,0.0
stock,Simca Advertis.,SIMCA.NS,Advertising & Media Agencies,"Media, Entertainment & Publication",234.94,0.0,9.04,1164.71,78.51,107.37,14.13,97.5,,insufficient_data,0,,,,,{},insufficient_data,insufficient_data,,,,,False,False,,0.0
stock,Pramara Promotio,PRAMARA.NS,Advertising & Media Agencies,"Media, Entertainment & Publication",188.25,0.0,3.91,5.96,59.27,6.49,18.75,14.95,,not_stage_2,0,135.3,280.74,-9.27,0.00558,"{'price_above_30w_ma': False, '30w_ma_rising': False, 'price_above_10w_ma': False, 'relative_strength_positive': False, 'near_52w_high': False}",improving,improving,99.46,103.22,0.1,-0.03,False,False,2026-07-14 ratio=99.37 momentum=103.25; 2026-07-15 ratio=99.42 momentum=103.20; 2026-07-16 ratio=99.44 momentum=103.18; 2026-07-17 ratio=99.44 momentum=103.12; 2026-07-20 ratio=99.46 momentum=103.22,16.1
stock,Digicontent,DGCONTENT.NS,Advertising & Media Agencies,"Media, Entertainment & Publication",143.55,0.0,0.9,-85.53,118.35,3.34,38.38,23.95,,not_stage_2,0,25.31,27.43,-3.09,0.00104,"{'price_above_30w_ma': False, '30w_ma_rising': False, 'price_above_10w_ma': False, 'relative_strength_positive': False, 'near_52w_high': False}",improving,lagging,98.67,100.75,-0.52,1.24,False,False,2026-07-14 ratio=99.19 momentum=99.52; 2026-07-15 ratio=99.35 momentum=101.31; 2026-07-16 ratio=99.52 momentum=101.90; 2026-07-17 ratio=99.05 momentum=100.86; 2026-07-20 ratio=98.67 momentum=100.75,3.75
stock,Value 360 Commu.,VALUE360.NS,Advertising & Media Agencies,"Media, Entertainment & Publication",124.38,0.0,4.99,131.34,35.84,16.97,12.54,38.64,,insufficient_data,0,,,,,{},insufficient_data,insufficient_data,,,,,False,False,,0.0
stock,Crayons Advertis,CRAYONS.NS,Advertising & Media Agencies,"Media, Entertainment & Publication",63.52,0.0,0.68,-94.03,171.88,26.88,16.89,5.55,,not_stage_2,0,26.6,34.03,-4.45,0.0011,"{'price_above_30w_ma': False, '30w_ma_rising': False, 'price_above_10w_ma': False, 'relative_strength_positive': False, 'near_52w_high': False}",improving,improving,98.46,101.28,-0.58,-0.34,False,False,2026-07-14 ratio=99.04 momentum=101.63; 2026-07-15 ratio=99.06 momentum=101.61; 2026-07-16 ratio=98.87 momentum=101.34; 2026-07-17 ratio=98.82 momentum=102.53; 2026-07-20 ratio=98.46 momentum=101.28,6.4
stock,Hind.Aeronautics,HAL.NS,Aerospace & Defense,Capital Goods,306412.64,0.98,4196.04,5.52,13942.4,1.77,33.61,31.96,,stage_2,5,4491.0,4255.26,0.37,0.18528,"{'price_above_30w_ma': True, '30w_ma_rising': True, 'price_above_10w_ma': True, 'relative_strength_positive': True, 'near_52w_high': True}",leading,improving,100.17,102.21,0.24,2.05,True,False,2026-07-14 ratio=99.93 momentum=100.16; 2026-07-15 ratio=99.74 momentum=98.93; 2026-07-16 ratio=99.88 momentum=100.22; 2026-07-17 ratio=100.05 momentum=101.37; 2026-07-20 ratio=100.17 momentum=102.21,167.64
stock,Bharat Electron,BEL.NS,Aerospace & Defense,Capital Goods,299737.48,0.59,2226.35,4.62,10224.43,11.75,49.45,36.53,,not_stage_2,2,408.15,425.8,0.49,0.01684,"{'price_above_30w_ma': False, '30w_ma_rising': True, 'price_above_10w_ma': False, 'relative_strength_positive': False, 'near_52w_high': True}",lagging,lagging,98.37,95.22,-0.3,-4.26,False,False,2026-07-14 ratio=98.66 momentum=99.47; 2026-07-15 ratio=98.76 momentum=99.10; 2026-07-16 ratio=98.41 momentum=99.24; 2026-07-17 ratio=98.26 momentum=98.23; 2026-07-20 ratio=98.37 momentum=95.22,40.98
stock,Bharat Dynamics,BDL.NS,Aerospace & Defense,Capital Goods,46670.74,0.37,113.18,-58.51,480.2,-72.98,111.03,13.84,,not_stage_2,1,1257.6,1332.78,-1.3,0.05188,"{'price_above_30w_ma': False, '30w_ma_rising': False, 'price_above_10w_ma': False, 'relative_strength_positive': False, 'near_52w_high': True}",lagging,lagging,98.94,96.89,-0.31,-0.3,False,False,2026-07-14 ratio=99.24 momentum=97.19; 2026-07-15 ratio=99.15 momentum=97.29; 2026-07-16 ratio=99.07 momentum=97.43; 2026-07-17 ratio=98.79 momentum=97.21; 2026-07-20 ratio=98.94 momentum=96.89,20.0
stock,Garden Reach Sh.,GRSE.NS,Aerospace & Defense,Capital Goods,30009.19,0.53,303.2,24.14,2119.21,29.06,40.12,42.96,,not_stage_2,2,2561.7,2567.6,1.23,0.10569,"{'price_above_30w_ma': False, '30w_ma_rising': True, 'price_above_10w_ma': False, 'relative_strength_positive': False, 'near_52w_high': True}",lagging,lagging,98.14,94.85,-0.6,-2.61,False,False,2026-07-14 ratio=98.74 momentum=97.46; 2026-07-15 ratio=98.80 momentum=97.48; 2026-07-16 ratio=98.58 momentum=95.75; 2026-07-17 ratio=98.27 momentum=95.81; 2026-07-20 ratio=98.14 momentum=94.85,42.46
stock,Data Pattern,DATAPATTNS.NS,Aerospace & Defense,Capital Goods,23759.04,0.24,138.38,21.3,344.85,-12.96,96.13,21.92,,not_stage_2,3,3990.7,3547.69,6.33,0.16464,"{'price_above_30w_ma': True, '30w_ma_rising': True, 'price_above_10w_ma': False, 'relative_strength_positive': False, 'near_52w_high': True}",lagging,lagging,98.76,95.23,-0.87,-2.23,False,False,2026-07-14 ratio=99.63 momentum=97.46; 2026-07-15 ratio=99.51 momentum=97.29; 2026-07-16 ratio=99.36 momentum=95.95; 2026-07-17 ratio=99.00 momentum=96.62; 2026-07-20 ratio=98.76 momentum=95.23,72.66
stock,Astra Microwave,ASTRAMICRO.NS,Aerospace & Defense,Capital Goods,16587.84,0.13,105.98,44.21,488.24,19.71,85.96,20.25,,stage_2,5,1751.0,1192.49,10.57,0.07224,"{'price_above_30w_ma': True, '30w_ma_rising': True, 'price_above_10w_ma': True, 'relative_strength_positive': True, 'near_52w_high': True}",weakening,weakening,100.96,97.03,-0.08,0.21,False,False,2026-07-14 ratio=101.04 momentum=96.82; 2026-07-15 ratio=101.11 momentum=97.75; 2026-07-16 ratio=100.96 momentum=97.28; 2026-07-17 ratio=100.85 momentum=96.57; 2026-07-20 ratio=100.96 momentum=97.03,150.94
stock,Zen Technologies,ZENTEC.NS,Aerospace & Defense,Capital Goods,16421.11,0.05,47.24,-68.8,178.08,-45.2,85.16,16.18,,not_stage_2,3,1749.8,1546.78,3.64,0.07219,"{'price_above_30w_ma': True, '30w_ma_rising': True, 'price_above_10w_ma': False, 'relative_strength_positive': False, 'near_52w_high': True}",lagging,weakening,99.78,97.31,-0.72,-2.38,False,False,2026-07-14 ratio=100.50 momentum=99.69; 2026-07-15 ratio=100.62 momentum=100.81; 2026-07-16 ratio=100.48 momentum=100.48; 2026-07-17 ratio=99.92 momentum=99.55; 2026-07-20 ratio=99.78 momentum=97.31,67.28
stock,Aequs,AEQUS.NS,Aerospace & Defense,Capital Goods,15995.38,0.0,-53.72,-739.04,367.1,47.26,,1.55,,insufficient_data,0,,,,,{},weakening,weakening,101.1,99.57,-0.35,1.36,False,False,2026-07-14 ratio=101.45 momentum=98.21; 2026-07-15 ratio=101.31 momentum=97.95; 2026-07-16 ratio=100.98 momentum=98.81; 2026-07-17 ratio=100.55 momentum=97.99; 2026-07-20 ratio=101.10 momentum=99.57,5.5
stock,Apollo Micro Sys,APOLLO.NS,Aerospace & Defense,Capital Goods,14512.82,0.06,36.79,168.71,293.26,81.28,128.52,14.47,,not_stage_2,3,392.8,299.31,7.75,0.01621,"{'price_above_30w_ma': True, '30w_ma_rising': True, 'price_above_10w_ma': False, 'relative_strength_positive': False, 'near_52w_high': True}",lagging,weakening,99.83,94.98,-0.52,-3.02,False,False,2026-07-14 ratio=100.36 momentum=98.01; 2026-07-15 ratio=100.29 momentum=98.29; 2026-07-16 ratio=100.11 momentum=96.66; 2026-07-17 ratio=99.96 momentum=93.07; 2026-07-20 ratio=99.83 momentum=94.98,75.5
stock,Sigma Advanced System,SIGMAADV.NS,Aerospace & Defense,Capital Goods,9859.49,0.0,128.45,1400.69,322.82,469.05,35.55,60.82,,stage_2,5,533.4,301.11,19.29,0.02201,"{'price_above_30w_ma': True, '30w_ma_rising': True, 'price_above_10w_ma': True, 'relative_strength_positive': True, 'near_52w_high': True}",weakening,weakening,100.62,97.83,-0.59,-0.46,False,False,2026-07-14 ratio=101.21 momentum=98.29; 2026-07-15 ratio=101.03 momentum=95.20; 2026-07-16 ratio=101.08 momentum=97.30; 2026-07-17 ratio=100.88 momentum=97.56; 2026-07-20 ratio=100.62 momentum=97.83,166.68
stock,Hindalco Inds.,HINDALCO.NS,Aluminium,Metals & Mining,213801.13,0.53,2597.0,-22.12,78133.0,20.41,12.67,13.21,,not_stage_2,2,947.8,975.58,1.43,0.0391,"{'price_above_30w_ma': False, '30w_ma_rising': True, 'price_above_10w_ma': False, 'relative_strength_positive': False, 'near_52w_high': True}",improving,improving,98.7,100.97,-0.28,-1.2,False,False,2026-07-14 ratio=98.98 momentum=102.18; 2026-07-15 ratio=98.74 momentum=102.80; 2026-07-16 ratio=98.84 momentum=103.36; 2026-07-17 ratio=98.55 momentum=102.45; 2026-07-20 ratio=98.70 momentum=100.97,47.71
stock,Vedanta Aluminium Metal,VAML.NS,Aluminium,Metals & Mining,172663.18,0.0,,,,,,,,insufficient_data,0,,,,,{},insufficient_data,insufficient_data,,,,,False,False,,0.0
stock,Natl. Aluminium,NATIONALUM.NS,Aluminium,Metals & Mining,62978.1,3.06,1722.44,-16.68,5012.82,-4.84,10.86,39.59,,not_stage_2,2,342.9,377.26,2.25,0.01415,"{'price_above_30w_ma': False, '30w_ma_rising': True, 'price_above_10w_ma': False, 'relative_strength_positive': False, 'near_52w_high': True}",improving,improving,98.74,101.09,-0.56,-2.0,False,False,2026-07-14 ratio=99.31 momentum=103.10; 2026-07-15 ratio=99.22 momentum=103.29; 2026-07-16 ratio=99.05 momentum=103.72; 2026-07-17 ratio=98.56 momentum=100.79; 2026-07-20 ratio=98.74 momentum=101.09,49.95
stock,Arfin India,ARFIN.NS,Aluminium,Metals & Mining,1460.97,0.13,5.71,957.41,191.7,24.99,107.42,13.97,,not_stage_2,3,86.02,84.27,3.87,0.00355,"{'price_above_30w_ma': True, '30w_ma_rising': True, 'price_above_10w_ma': False, 'relative_strength_positive': False, 'near_52w_high': True}",lagging,improving,98.54,98.27,0.01,-2.9,False,False,2026-07-14 ratio=98.53 momentum=101.17; 2026-07-15 ratio=98.61 momentum=99.34; 2026-07-16 ratio=99.05 momentum=98.18; 2026-07-17 ratio=98.37 momentum=96.40; 2026-07-20 ratio=98.54 momentum=98.27,67.74
stock,MMP Industries,MMP.NS,Aluminium,Metals & Mining,722.2,0.7,17.99,14.36,249.68,11.9,18.73,12.49,,stage_2,5,284.45,256.06,1.68,0.01174,"{'price_above_30w_ma': True, '30w_ma_rising': True, 'price_above_10w_ma': True, 'relative_strength_positive': True, 'near_52w_high': True}",leading,weakening,100.51,102.13,0.18,2.66,True,False,2026-07-14 ratio=100.33 momentum=99.46; 2026-07-15 ratio=100.15 momentum=100.09; 2026-07-16 ratio=100.70 momentum=101.19; 2026-07-17 ratio=100.09 momentum=100.13; 2026-07-20 ratio=100.51 momentum=102.13,171.56
stock,Maan Aluminium,MAANALU.NS,Aluminium,Metals & Mining,689.83,0.0,1.7,-56.85,254.57,3.54,52.94,7.73,,not_stage_2,0,113.29,136.86,-3.7,0.00467,"{'price_above_30w_ma': False, '30w_ma_rising': False, 'price_above_10w_ma': False, 'relative_strength_positive': False, 'near_52w_high': False}",lagging,improving,98.07,97.92,-0.34,-2.86,False,False,2026-07-14 ratio=98.40 momentum=100.79; 2026-07-15 ratio=98.48 momentum=100.45; 2026-07-16 ratio=98.59 momentum=98.94; 2026-07-17 ratio=98.32 momentum=94.71; 2026-07-20 ratio=98.07 momentum=97.92,0.0
stock,Jainik Power,JAINIK.NS,Aluminium,Metals & Mining,272.53,0.0,7.85,64.57,208.91,9.73,19.44,29.88,,insufficient_data,0,,,,,{},insufficient_data,insufficient_data,,,,,False,False,,0.0
stock,Manaksia Alumi.,MANAKALUCO.NS,Aluminium,Metals & Mining,240.77,0.19,3.24,62.0,155.66,13.56,31.85,10.15,,not_stage_2,3,36.83,34.52,4.77,0.00152,"{'price_above_30w_ma': True, '30w_ma_rising': True, 'price_above_10w_ma': True, 'relative_strength_positive': False, 'near_52w_high': False}",improving,improving,99.92,101.53,-0.05,0.96,False,False,2026-07-14 ratio=99.97 momentum=100.57; 2026-07-15 ratio=100.00 momentum=100.64; 2026-07-16 ratio=100.28 momentum=101.40; 2026-07-17 ratio=99.85 momentum=100.44; 2026-07-20 ratio=99.92 momentum=101.53,77.19
stock,Prec. Wires (I),PRECWIRE.NS,"Aluminium, Copper & Zinc Products",Capital Goods,6566.46,0.35,54.87,85.5,1762.85,67.19,42.71,32.94,,not_stage_2,3,364.9,336.53,5.97,0.01505,"{'price_above_30w_ma': True, '30w_ma_rising': True, 'price_above_10w_ma': False, 'relative_strength_positive': False, 'near_52w_high': True}",lagging,lagging,98.13,99.83,-0.43,1.9,False,False,2026-07-14 ratio=98.56 momentum=97.92; 2026-07-15 ratio=98.80 momentum=98.47; 2026-07-16 ratio=98.69 momentum=97.94; 2026-07-17 ratio=97.83 momentum=96.68; 2026-07-20 ratio=98.13 momentum=99.83,71.94
stock,CMR Green Tech.,CMRGREEN.NS,"Aluminium, Copper & Zinc Products",Capital Goods,4855.36,0.0,65.98,141.95,2364.67,45.38,22.86,13.98,,insufficient_data,0,,,,,{},insufficient_data,insufficient_data,,,,,False,False,,0.0
stock,Vidya Wires,VIDYAWIRES.NS,"Aluminium, Copper & Zinc Products",Capital Goods,1936.14,0.0,19.61,54.53,598.78,57.73,33.58,20.69,,insufficient_data,0,,,,,{},lagging,lagging,99.03,95.8,-0.56,-0.77,False,False,2026-07-14 ratio=99.59 momentum=96.56; 2026-07-15 ratio=99.41 momentum=97.14; 2026-07-16 ratio=99.44 momentum=96.20; 2026-07-17 ratio=99.32 momentum=96.19; 2026-07-20 ratio=99.03 momentum=95.80,0.0
stock,Baheti Recycling,BAHETI.NS,"Aluminium, Copper & Zinc Products",Capital Goods,735.44,0.0,17.79,61.87,409.72,53.38,27.18,21.66,,stage_2,5,711.85,608.53,2.44,0.02937,"{'price_above_30w_ma': True, '30w_ma_rising': True, 'price_above_10w_ma': True, 'relative_strength_positive': True, 'near_52w_high': True}",weakening,weakening,100.94,97.68,-0.23,0.53,False,False,2026-07-14 ratio=101.16 momentum=97.14; 2026-07-15 ratio=101.13 momentum=95.30; 2026-07-16 ratio=101.02 momentum=95.99; 2026-07-17 ratio=100.66 momentum=95.70; 2026-07-20 ratio=100.94 momentum=97.68,134.58
stock,Sunlite Recycli.,SUNLITE.NS,"Aluminium, Copper & Zinc Products",Capital Goods,577.02,0.0,25.8,257.84,1642.41,116.13,14.37,46.52,,insufficient_data,0,,,,,{},insufficient_data,insufficient_data,,,,,False,False,,0.0
stock,ANB Metal,AMCL.NS,"Aluminium, Copper & Zinc Products",Capital Goods,499.37,0.0,12.97,199.54,137.39,115.08,23.27,29.63,,insufficient_data,0,,,,,{},insufficient_data,insufficient_data,,,,,False,False,,0.0
stock,Shera Energy,SHERA.NS,"Aluminium, Copper & Zinc Products",Capital Goods,424.39,0.0,12.64,88.26,487.67,26.1,12.41,19.54,,stage_2,5,174.0,138.49,3.85,0.00718,"{'price_above_30w_ma': True, '30w_ma_rising': True, 'price_above_10w_ma': True, 'relative_strength_positive': True, 'near_52w_high': True}",leading,lagging,101.19,102.52,1.66,3.71,True,False,2026-07-14 ratio=99.53 momentum=98.81; 2026-07-15 ratio=99.03 momentum=96.34; 2026-07-16 ratio=100.04 momentum=101.02; 2026-07-17 ratio=100.82 momentum=103.13; 2026-07-20 ratio=101.19 momentum=102.52,181.25
stock,Euro Panel,EUROBOND.NS,"Aluminium, Copper & Zinc Products",Capital Goods,405.48,0.0,8.81,41.19,141.04,19.92,14.91,16.95,,not_stage_2,0,163.56,170.58,-1.1,0.00675,"{'price_above_30w_ma': False, '30w_ma_rising': False, 'price_above_10w_ma': False, 'relative_strength_positive': False, 'near_52w_high': False}",improving,lagging,98.31,100.23,0.07,1.3,False,True,2026-07-14 ratio=98.24 momentum=98.94; 2026-07-15 ratio=98.38 momentum=98.71; 2026-07-16 ratio=98.59 momentum=100.16; 2026-07-17 ratio=98.35 momentum=97.07; 2026-07-20 ratio=98.31 momentum=100.23,1.15
stock,Rajputana Indu.,RAJINDLTD.NS,"Aluminium, Copper & Zinc Products",Capital Goods,184.94,0.0,3.69,32.26,204.08,22.12,14.07,19.73,,insufficient_data,0,,,,,{},insufficient_data,insufficient_data,,,,,False,False,,0.0
stock,Century Extrus.,CENTEXT.NS,"Aluminium, Copper & Zinc Products",Capital Goods,151.28,0.0,2.95,27.34,142.22,18.72,13.13,19.21,,not_stage_2,0,18.89,20.43,-1.47,0.00078,"{'price_above_30w_ma': False, '30w_ma_rising': False, 'price_above_10w_ma': False, 'relative_strength_positive': False, 'near_52w_high': False}",improving,improving,98.47,102.0,-0.02,1.05,False,False,2026-07-14 ratio=98.49 momentum=100.95; 2026-07-15 ratio=98.55 momentum=101.36; 2026-07-16 ratio=97.79 momentum=98.86; 2026-07-17 ratio=99.01 momentum=101.07; 2026-07-20 ratio=98.47 momentum=102.00,10.0
stock,Wonderla Holiday,WONDERLA.NS,Amusement Parks/ Other Recreation,Consumer Services,2996.75,0.42,16.42,24.52,135.85,40.37,35.23,6.42,,not_stage_2,0,470.8,500.58,-1.49,0.01942,"{'price_above_30w_ma': False, '30w_ma_rising': False, 'price_above_10w_ma': False, 'relative_strength_positive': False, 'near_52w_high': False}",lagging,lagging,98.03,96.28,-0.37,-1.34,False,False,2026-07-14 ratio=98.40 momentum=97.61; 2026-07-15 ratio=98.33 momentum=97.09; 2026-07-16 ratio=98.32 momentum=97.47; 2026-07-17 ratio=97.79 momentum=94.91; 2026-07-20 ratio=98.03 momentum=96.28,0.0
stock,Imagica. Enter.,IMAGICAA.NS,Amusement Parks/ Other Recreation,Consumer Services,2656.72,0.0,0.4,-97.76,91.86,-2.69,4217.02,1.86,,not_stage_2,3,46.19,45.63,-0.19,0.00191,"{'price_above_30w_ma': True, '30w_ma_rising': False, 'price_above_10w_ma': True, 'relative_strength_positive': True, 'near_52w_high': False}",weakening,weakening,100.09,98.0,-0.71,0.77,False,False,2026-07-14 ratio=100.80 momentum=97.23; 2026-07-15 ratio=101.36 momentum=100.59; 2026-07-16 ratio=101.13 momentum=99.52; 2026-07-17 ratio=100.76 momentum=99.40; 2026-07-20 ratio=100.09 momentum=98.00,60.45
stock,Delta Corp,DELTACORP.NS,Amusement Parks/ Other Recreation,Consumer Services,1699.28,1.97,16.45,-28.81,161.25,-11.72,19.01,5.02,,not_stage_2,0,63.92,65.11,-1.03,0.00264,"{'price_above_30w_ma': False, '30w_ma_rising': False, 'price_above_10w_ma': False, 'relative_strength_positive': False, 'near_52w_high': False}",improving,improving,98.91,100.7,-0.51,-1.23,False,False,2026-07-14 ratio=99.42 momentum=101.92; 2026-07-15 ratio=99.15 momentum=101.32; 2026-07-16 ratio=99.21 momentum=98.91; 2026-07-17 ratio=98.93 momentum=99.51; 2026-07-20 ratio=98.91 momentum=100.70,3.5
stock,Avanti Feeds,AVANTIFEED.NS,Animal Feed,Fast Moving Consumer Goods,13662.03,0.9,138.86,-12.84,1467.72,6.19,22.26,25.93,,not_stage_2,1,1034.2,1138.45,1.86,0.04267,"{'price_above_30w_ma': False, '30w_ma_rising': True, 'price_above_10w_ma': False, 'relative_strength_positive': False, 'near_52w_high': False}",improving,improving,99.5,102.7,0.64,-1.24,False,False,2026-07-14 ratio=98.87 momentum=103.94; 2026-07-15 ratio=99.20 momentum=103.73; 2026-07-16 ratio=99.49 momentum=103.44; 2026-07-17 ratio=99.40 momentum=102.53; 2026-07-20 ratio=99.50 momentum=102.70,37.22
stock,Godrej Agrovet,GODREJAGRO.NS,Animal Feed,Fast Moving Consumer Goods,11070.32,1.91,102.28,48.14,2332.65,9.33,24.02,19.16,,not_stage_2,1,571.9,577.64,-0.28,0.02359,"{'price_above_30w_ma': False, '30w_ma_rising': False, 'price_above_10w_ma': True, 'relative_strength_positive': False, 'near_52w_high': False}",improving,improving,99.4,101.82,0.55,0.16,False,True,2026-07-14 ratio=98.85 momentum=101.66; 2026-07-15 ratio=99.99 momentum=103.93; 2026-07-16 ratio=99.65 momentum=103.30; 2026-07-17 ratio=98.90 momentum=101.67; 2026-07-20 ratio=99.40 momentum=101.82,29.1
stock,Mukka Proteins,MUKKA.NS,Animal Feed,Fast Moving Consumer Goods,693.9,0.0,21.36,51.73,380.61,-0.25,13.33,11.61,,not_stage_2,3,23.5,23.05,-0.77,0.00097,"{'price_above_30w_ma': True, '30w_ma_rising': False, 'price_above_10w_ma': True, 'relative_strength_positive': False, 'near_52w_high': True}",improving,lagging,99.68,100.66,-0.07,1.85,False,False,2026-07-14 ratio=99.75 momentum=98.81; 2026-07-15 ratio=99.58 momentum=97.52; 2026-07-16 ratio=99.29 momentum=98.13; 2026-07-17 ratio=98.81 momentum=97.10; 2026-07-20 ratio=99.68 momentum=100.66,63.3
stock,Narmada Agrobase,NARMADA.NS,Animal Feed,Fast Moving Consumer Goods,138.2,0.0,0.8,2.56,34.0,16.04,35.8,8.95,,stage_2,5,38.75,33.74,6.69,0.0016,"{'price_above_30w_ma': True, '30w_ma_rising': True, 'price_above_10w_ma': True, 'relative_strength_positive': True, 'near_52w_high': True}",leading,lagging,100.62,101.51,2.02,9.16,True,False,2026-07-14 ratio=98.60 momentum=92.36; 2026-07-15 ratio=99.16 momentum=97.80; 2026-07-16 ratio=100.41 momentum=102.56; 2026-07-17 ratio=100.77 momentum=101.69; 2026-07-20 ratio=100.62 momentum=101.51,179.03
stock,Ajooni Biotech,AJOONI.NS,Animal Feed,Fast Moving Consumer Goods,73.03,0.0,0.95,-38.31,60.62,107.11,16.91,6.49,,not_stage_2,3,4.2,4.17,-1.4,0.00017,"{'price_above_30w_ma': True, '30w_ma_rising': False, 'price_above_10w_ma': True, 'relative_strength_positive': True, 'near_52w_high': False}",leading,improving,100.76,101.77,1.95,-2.53,False,False,2026-07-14 ratio=98.81 momentum=104.30; 2026-07-15 ratio=100.67 momentum=103.72; 2026-07-16 ratio=101.05 momentum=102.71; 2026-07-17 ratio=100.44 momentum=101.82; 2026-07-20 ratio=100.76 momentum=101.77,92.65
stock,ICICI AMC,ICICIAMC.NS,Asset Management Company,Financial Services,155691.43,0.87,964.63,23.1,1564.22,17.55,44.67,115.1,,insufficient_data,0,,,,,{},lagging,lagging,98.13,95.87,-0.39,-2.27,False,False,2026-07-14 ratio=98.52 momentum=98.13; 2026-07-15 ratio=98.37 momentum=95.95; 2026-07-16 ratio=98.10 momentum=95.72; 2026-07-17 ratio=98.53 momentum=95.77; 2026-07-20 ratio=98.13 momentum=95.87,0.0
stock,HDFC AMC,HDFCAMC.NS,Asset Management Company,Financial Services,110674.16,2.09,838.36,12.09,1098.5,13.51,37.52,42.88,,not_stage_2,3,2644.9,2620.36,0.37,0.10912,"{'price_above_30w_ma': True, '30w_ma_rising': True, 'price_above_10w_ma': False, 'relative_strength_positive': False, 'near_52w_high': True}",lagging,lagging,99.23,98.19,-0.33,-1.43,False,False,2026-07-14 ratio=99.56 momentum=99.63; 2026-07-15 ratio=100.40 momentum=99.30; 2026-07-16 ratio=98.85 momentum=97.07; 2026-07-17 ratio=99.15 momentum=97.08; 2026-07-20 ratio=99.23 momentum=98.19,60.74
stock,Nippon Life Ind.,NAM-INDIA.NS,Asset Management Company,Financial Services,74599.44,1.84,384.72,28.84,738.73,30.39,48.78,43.8,,stage_2,5,1183.2,997.79,4.76,0.04881,"{'price_above_30w_ma': True, '30w_ma_rising': True, 'price_above_10w_ma': True, 'relative_strength_positive': True, 'near_52w_high': True}",weakening,weakening,100.75,98.6,-0.51,-1.04,False,False,2026-07-14 ratio=101.26 momentum=99.64; 2026-07-15 ratio=101.30 momentum=98.29; 2026-07-16 ratio=100.26 momentum=96.36; 2026-07-17 ratio=100.75 momentum=97.66; 2026-07-20 ratio=100.75 momentum=98.60,138.27
stock,Aditya AMC,ABSLAMC.NS,Asset Management Company,Financial Services,30173.1,2.44,309.49,11.68,462.96,3.48,29.89,32.23,,stage_2,4,1118.6,983.91,5.67,0.04615,"{'price_above_30w_ma': True, '30w_ma_rising': True, 'price_above_10w_ma': True, 'relative_strength_positive': False, 'near_52w_high': True}",weakening,weakening,100.03,96.84,-0.72,-0.78,False,False,2026-07-14 ratio=100.75 momentum=97.62; 2026-07-15 ratio=100.79 momentum=98.84; 2026-07-16 ratio=100.46 momentum=94.75; 2026-07-17 ratio=100.55 momentum=95.44; 2026-07-20 ratio=100.03 momentum=96.84,116.49
stock,UTI AMC,UTIAMC.NS,Asset Management Company,Financial Services,11812.76,4.35,-51.44,-176.38,390.28,3.82,25.13,15.57,,not_stage_2,0,929.85,982.37,-2.25,0.03836,"{'price_above_30w_ma': False, '30w_ma_rising': False, 'price_above_10w_ma': False, 'relative_strength_positive': False, 'near_52w_high': False}",lagging,leading,98.17,98.32,-3.11,-3.44,False,False,2026-07-14 ratio=101.28 momentum=101.76; 2026-07-15 ratio=100.31 momentum=100.88; 2026-07-16 ratio=98.66 momentum=99.60; 2026-07-17 ratio=98.39 momentum=98.64; 2026-07-20 ratio=98.17 momentum=98.32,0.0
stock,Canara Robeco,CRAMC.NS,Asset Management Company,Financial Services,5029.31,1.59,75.6,23.98,145.37,20.07,23.03,40.11,,not_stage_2,4,255.8,255.31,-2.16,0.01055,"{'price_above_30w_ma': True, '30w_ma_rising': False, 'price_above_10w_ma': True, 'relative_strength_positive': True, 'near_52w_high': True}",leading,leading,100.43,100.82,-2.28,-1.86,False,False,2026-07-14 ratio=102.71 momentum=102.68; 2026-07-15 ratio=102.22 momentum=101.94; 2026-07-16 ratio=101.13 momentum=100.82; 2026-07-17 ratio=100.79 momentum=100.60; 2026-07-20 ratio=100.43 momentum=100.82,106.25
stock,IL&FS Inv.Manag.,IVC.NS,Asset Management Company,Financial Services,260.96,6.02,3.96,-81.92,35.21,364.51,67.61,4.07,,stage_2,5,8.29,7.71,0.19,0.00034,"{'price_above_30w_ma': True, '30w_ma_rising': True, 'price_above_10w_ma': True, 'relative_strength_positive': True, 'near_52w_high': True}",leading,weakening,100.25,101.76,0.22,5.45,True,False,2026-07-14 ratio=100.03 momentum=96.31; 2026-07-15 ratio=100.67 momentum=101.48; 2026-07-16 ratio=100.79 momentum=102.06; 2026-07-17 ratio=100.49 momentum=101.89; 2026-07-20 ratio=100.25 momentum=101.76,165.43
stock,Samvardh. Mothe.,MOTHERSON.NS,Auto Components & Equipments,Automobile and Auto Components,153271.62,0.41,1561.56,55.33,34309.31,17.03,35.95,13.43,,not_stage_2,3,143.25,128.31,2.62,0.00591,"{'price_above_30w_ma': True, '30w_ma_rising': True, 'price_above_10w_ma': False, 'relative_strength_positive': False, 'near_52w_high': True}",lagging,weakening,99.96,96.07,-0.18,-0.2,False,False,2026-07-14 ratio=100.14 momentum=96.27; 2026-07-15 ratio=100.08 momentum=96.01; 2026-07-16 ratio=100.24 momentum=95.96; 2026-07-17 ratio=100.05 momentum=94.82; 2026-07-20 ratio=99.96 momentum=96.07,65.24
stock,Bosch,BOSCHLTD.NS,Auto Components & Equipments,Automobile and Auto Components,120550.56,0.66,570.0,2.98,5565.7,13.34,57.75,21.54,,stage_2,5,40960.0,36797.83,1.85,1.68987,"{'price_above_30w_ma': True, '30w_ma_rising': True, 'price_above_10w_ma': True, 'relative_strength_positive': True, 'near_52w_high': True}",weakening,weakening,100.8,97.41,-0.59,-1.79,False,False,2026-07-14 ratio=101.39 momentum=99.20; 2026-07-15 ratio=101.32 momentum=97.90; 2026-07-16 ratio=101.10 momentum=97.02; 2026-07-17 ratio=100.68 momentum=96.59; 2026-07-20 ratio=100.80 momentum=97.41,132.7
stock,Bharat Forge,BHARATFORG.NS,Auto Components & Equipments,Automobile and Auto Components,105265.55,0.39,233.45,2.05,4528.04,17.53,93.26,12.61,,stage_2,5,2209.0,1825.48,5.67,0.09114,"{'price_above_30w_ma': True, '30w_ma_rising': True, 'price_above_10w_ma': True, 'relative_strength_positive': True, 'near_52w_high': True}",leading,weakening,101.85,101.79,0.68,6.3,True,False,2026-07-14 ratio=101.16 momentum=95.49; 2026-07-15 ratio=100.89 momentum=97.28; 2026-07-16 ratio=100.92 momentum=95.98; 2026-07-17 ratio=101.63 momentum=100.56; 2026-07-20 ratio=101.85 momentum=101.79,184.54
stock,Uno Minda,UNOMINDA.NS,Auto Components & Equipments,Automobile and Auto Components,66258.59,0.23,351.76,22.39,5336.41,17.85,54.6,19.65,,not_stage_2,4,1154.4,1134.07,-1.33,0.04763,"{'price_above_30w_ma': True, '30w_ma_rising': False, 'price_above_10w_ma': True, 'relative_strength_positive': True, 'near_52w_high': True}",leading,leading,100.89,101.5,0.19,-0.38,False,False,2026-07-14 ratio=100.70 momentum=101.88; 2026-07-15 ratio=101.39 momentum=103.73; 2026-07-16 ratio=101.09 momentum=101.87; 2026-07-17 ratio=100.75 momentum=101.44; 2026-07-20 ratio=100.89 momentum=101.50,111.95
stock,Schaeffler India,SCHAEFFLER.NS,Auto Components & Equipments,Automobile and Auto Components,65336.5,0.84,319.71,20.46,2506.96,18.81,52.25,27.9,,stage_2,4,4155.2,4018.78,0.96,0.17143,"{'price_above_30w_ma': True, '30w_ma_rising': True, 'price_above_10w_ma': True, 'relative_strength_positive': False, 'near_52w_high': True}",improving,lagging,99.63,102.08,-0.17,3.94,False,False,2026-07-14 ratio=99.80 momentum=98.14; 2026-07-15 ratio=99.48 momentum=100.27; 2026-07-16 ratio=99.67 momentum=101.80; 2026-07-17 ratio=99.26 momentum=99.87; 2026-07-20 ratio=99.63 momentum=102.08,117.32
stock,Tube Investments,TIINDIA.NS,Auto Components & Equipments,Automobile and Auto Components,56314.83,0.12,234.01,81.73,6214.74,20.68,85.21,17.14,,not_stage_2,3,2886.9,2759.17,1.41,0.1191,"{'price_above_30w_ma': True, '30w_ma_rising': True, 'price_above_10w_ma': False, 'relative_strength_positive': False, 'near_52w_high': True}",lagging,lagging,98.47,97.16,-0.34,-0.68,False,False,2026-07-14 ratio=98.81 momentum=97.84; 2026-07-15 ratio=98.95 momentum=96.30; 2026-07-16 ratio=98.91 momentum=88.83; 2026-07-17 ratio=98.35 momentum=96.79; 2026-07-20 ratio=98.47 momentum=97.16,62.82
stock,Sona BLW Precis.,SONACOMS.NS,Auto Components & Equipments,Automobile and Auto Components,45628.13,0.46,207.34,34.83,1171.58,52.14,69.61,15.11,,stage_2,5,714.55,560.31,4.89,0.02948,"{'price_above_30w_ma': True, '30w_ma_rising': True, 'price_above_10w_ma': True, 'relative_strength_positive': True, 'near_52w_high': True}",leading,leading,102.73,100.89,0.81,-0.22,False,False,2026-07-14 ratio=101.91 momentum=101.11; 2026-07-15 ratio=101.88 momentum=102.37; 2026-07-16 ratio=102.26 momentum=97.41; 2026-07-17 ratio=102.55 momentum=100.11; 2026-07-20 ratio=102.73 momentum=100.89,172.88
stock,Endurance Tech.,ENDURANCE.NS,Auto Components & Equipments,Automobile and Auto Components,38710.42,0.42,276.45,17.32,4085.95,37.88,40.02,18.28,,stage_2,5,2741.5,2511.52,0.34,0.11311,"{'price_above_30w_ma': True, '30w_ma_rising': True, 'price_above_10w_ma': True, 'relative_strength_positive': True, 'near_52w_high': True}",leading,weakening,100.84,102.44,0.39,3.97,True,False,2026-07-14 ratio=100.46 momentum=98.47; 2026-07-15 ratio=101.08 momentum=103.30; 2026-07-16 ratio=101.30 momentum=102.27; 2026-07-17 ratio=100.60 momentum=101.16; 2026-07-20 ratio=100.84 momentum=102.44,172.08
stock,Exide Inds.,EXIDEIND.NS,Auto Components & Equipments,Automobile and Auto Components,37693.25,0.45,216.73,15.19,4735.13,9.22,45.38,8.54,,stage_2,5,436.65,354.36,2.22,0.01801,"{'price_above_30w_ma': True, '30w_ma_rising': True, 'price_above_10w_ma': True, 'relative_strength_positive': True, 'near_52w_high': True}",leading,leading,101.6,101.41,0.29,-0.44,False,False,2026-07-14 ratio=101.31 momentum=101.86; 2026-07-15 ratio=101.23 momentum=102.34; 2026-07-16 ratio=101.26 momentum=97.72; 2026-07-17 ratio=101.56 momentum=100.22; 2026-07-20 ratio=101.60 momentum=101.41,164.49
stock,ZF Commercial,ZFCVINDIA.NS,Auto Components & Equipments,Automobile and Auto Components,27297.39,0.17,141.35,12.91,1132.8,12.92,55.22,19.08,,not_stage_2,1,2338.6,2429.02,-0.51,0.09648,"{'price_above_30w_ma': False, '30w_ma_rising': False, 'price_above_10w_ma': False, 'relative_strength_positive': False, 'near_52w_high': True}",improving,lagging,98.48,100.77,0.24,6.38,False,True,2026-07-14 ratio=98.23 momentum=94.40; 2026-07-15 ratio=98.74 momentum=96.12; 2026-07-16 ratio=98.50 momentum=98.33; 2026-07-17 ratio=99.07 momentum=101.54; 2026-07-20 ratio=98.48 momentum=100.77,23.85
stock,United Spirits,UNITDSPR.NS,Breweries & Distilleries,Fast Moving Consumer Goods,101159.96,1.22,539.0,30.08,3054.0,3.67,55.34,26.39,,not_stage_2,4,1395.3,1333.08,-0.47,0.05757,"{'price_above_30w_ma': True, '30w_ma_rising': False, 'price_above_10w_ma': True, 'relative_strength_positive': True, 'near_52w_high': True}",weakening,leading,101.31,98.22,-0.22,-2.29,False,False,2026-07-14 ratio=101.53 momentum=100.52; 2026-07-15 ratio=101.13 momentum=100.16; 2026-07-16 ratio=101.29 momentum=99.93; 2026-07-17 ratio=100.76 momentum=98.43; 2026-07-20 ratio=101.31 momentum=98.22,86.55
stock,Radico Khaitan,RADICO.NS,Breweries & Distilleries,Fast Moving Consumer Goods,54777.36,0.22,179.46,94.92,1503.71,15.31,89.09,24.15,,stage_2,5,4132.4,3218.6,3.51,0.17049,"{'price_above_30w_ma': True, '30w_ma_rising': True, 'price_above_10w_ma': True, 'relative_strength_positive': True, 'near_52w_high': True}",weakening,weakening,101.7,97.7,-0.06,-0.19,False,False,2026-07-14 ratio=101.76 momentum=97.90; 2026-07-15 ratio=101.83 momentum=98.74; 2026-07-16 ratio=101.83 momentum=99.28; 2026-07-17 ratio=101.54 momentum=100.06; 2026-07-20 ratio=101.70 momentum=97.70,140.52
stock,United Breweries,UBL.NS,Breweries & Distilleries,Fast Moving Consumer Goods,37133.06,0.71,101.87,-58.32,2250.07,-3.14,99.29,10.68,,not_stage_2,1,1350.9,1465.59,-2.64,0.05573,"{'price_above_30w_ma': False, '30w_ma_rising': False, 'price_above_10w_ma': True, 'relative_strength_positive': False, 'near_52w_high': False}",improving,improving,99.41,100.33,-0.14,-1.28,False,False,2026-07-14 ratio=99.55 momentum=101.60; 2026-07-15 ratio=99.79 momentum=101.11; 2026-07-16 ratio=99.57 momentum=100.94; 2026-07-17 ratio=98.83 momentum=99.58; 2026-07-20 ratio=99.41 momentum=100.33,21.65
stock,Allied Blenders,ABDL.NS,Breweries & Distilleries,Fast Moving Consumer Goods,17325.25,0.87,37.62,-48.05,1006.89,9.37,75.62,18.38,,stage_2,5,626.35,536.52,0.35,0.02584,"{'price_above_30w_ma': True, '30w_ma_rising': True, 'price_above_10w_ma': True, 'relative_strength_positive': True, 'near_52w_high': True}",weakening,weakening,100.3,96.84,-0.12,-0.07,False,False,2026-07-14 ratio=100.42 momentum=96.91; 2026-07-15 ratio=100.34 momentum=97.29; 2026-07-16 ratio=100.50 momentum=97.75; 2026-07-17 ratio=100.05 momentum=98.09; 2026-07-20 ratio=100.30 momentum=96.84,127.2
stock,Tilaknagar Inds.,TI.NS,Breweries & Distilleries,Fast Moving Consumer Goods,11010.11,0.22,-14.91,-38.42,949.49,147.52,43.55,11.78,,not_stage_2,3,442.85,441.22,-0.38,0.01827,"{'price_above_30w_ma': True, '30w_ma_rising': False, 'price_above_10w_ma': True, 'relative_strength_positive': False, 'near_52w_high': True}",lagging,weakening,99.56,98.03,-0.46,1.56,False,False,2026-07-14 ratio=100.02 momentum=96.47; 2026-07-15 ratio=99.65 momentum=96.16; 2026-07-16 ratio=99.93 momentum=97.78; 2026-07-17 ratio=99.29 momentum=97.30; 2026-07-20 ratio=99.56 momentum=98.03,60.0
stock,India Glycols,INDIAGLYCO.NS,Breweries & Distilleries,Fast Moving Consumer Goods,7734.55,0.65,86.88,35.71,976.35,13.11,26.36,12.43,,stage_2,5,1143.2,968.43,0.77,0.04716,"{'price_above_30w_ma': True, '30w_ma_rising': True, 'price_above_10w_ma': True, 'relative_strength_positive': True, 'near_52w_high': True}",leading,leading,101.8,101.56,0.25,-3.91,False,False,2026-07-14 ratio=101.55 momentum=105.47; 2026-07-15 ratio=102.08 momentum=103.69; 2026-07-16 ratio=102.28 momentum=101.92; 2026-07-17 ratio=102.01 momentum=101.53; 2026-07-20 ratio=101.80 momentum=101.56,163.34
stock,Piccadily Agro,PICCADIL.NS,Breweries & Distilleries,Fast Moving Consumer Goods,7431.85,0.0,44.7,12.14,335.47,31.44,54.05,18.01,,stage_2,5,751.6,593.79,3.14,0.03101,"{'price_above_30w_ma': True, '30w_ma_rising': True, 'price_above_10w_ma': True, 'relative_strength_positive': True, 'near_52w_high': True}",leading,leading,102.71,100.44,-0.62,-3.23,False,False,2026-07-14 ratio=103.33 momentum=103.67; 2026-07-15 ratio=103.19 momentum=105.36; 2026-07-16 ratio=103.10 momentum=103.10; 2026-07-17 ratio=102.44 momentum=100.91; 2026-07-20 ratio=102.71 momentum=100.44,167.03
stock,Globus Spirits,GLOBUSSPR.NS,Breweries & Distilleries,Fast Moving Consumer Goods,2613.89,0.31,26.48,49.05,788.78,12.71,26.0,11.45,,not_stage_2,2,917.1,928.08,-0.75,0.03784,"{'price_above_30w_ma': False, '30w_ma_rising': False, 'price_above_10w_ma': True, 'relative_strength_positive': True, 'near_52w_high': False}",leading,leading,100.19,100.93,-0.13,-1.98,False,False,2026-07-14 ratio=100.32 momentum=102.91; 2026-07-15 ratio=100.74 momentum=102.65; 2026-07-16 ratio=101.48 momentum=102.86; 2026-07-17 ratio=100.30 momentum=101.30; 2026-07-20 ratio=100.19 momentum=100.93,65.6
stock,G M Breweries,GMBREW.NS,Breweries & Distilleries,Fast Moving Consumer Goods,2082.04,0.99,37.74,45.94,199.58,22.55,12.34,17.96,,not_stage_2,1,922.5,975.76,-1.37,0.03806,"{'price_above_30w_ma': False, '30w_ma_rising': False, 'price_above_10w_ma': True, 'relative_strength_positive': False, 'near_52w_high': False}",lagging,lagging,99.26,98.09,0.31,0.23,False,False,2026-07-14 ratio=98.95 momentum=97.86; 2026-07-15 ratio=98.79 momentum=97.79; 2026-07-16 ratio=98.89 momentum=97.61; 2026-07-17 ratio=98.07 momentum=97.35; 2026-07-20 ratio=99.26 momentum=98.09,20.0
stock,Assoc.Alcohols,ASALCBR.NS,Breweries & Distilleries,Fast Moving Consumer Goods,1599.71,0.25,23.51,5.28,238.5,-1.64,18.08,17.98,,not_stage_2,0,817.15,832.63,-1.96,0.03371,"{'price_above_30w_ma': False, '30w_ma_rising': False, 'price_above_10w_ma': False, 'relative_strength_positive': False, 'near_52w_high': False}",lagging,lagging,98.46,96.15,0.48,-0.6,False,False,2026-07-14 ratio=97.98 momentum=96.75; 2026-07-15 ratio=98.82 momentum=98.02; 2026-07-16 ratio=98.44 momentum=97.29; 2026-07-17 ratio=98.24 momentum=96.55; 2026-07-20 ratio=98.46 momentum=96.15,0.0
stock,Firstsour.Solu.,FSL.NS,Business Process Outsourcing (BPO)/ Knowledge Process Outsourcing (KPO),Services,18810.48,2.07,205.24,27.72,2583.45,19.52,25.16,16.8,,not_stage_2,3,266.65,255.83,-4.29,0.011,"{'price_above_30w_ma': True, '30w_ma_rising': False, 'price_above_10w_ma': True, 'relative_strength_positive': True, 'near_52w_high': False}",leading,leading,100.72,101.61,-0.07,-1.37,False,False,2026-07-14 ratio=100.79 momentum=102.98; 2026-07-15 ratio=100.60 momentum=102.73; 2026-07-16 ratio=100.83 momentum=102.39; 2026-07-17 ratio=100.66 momentum=102.15; 2026-07-20 ratio=100.72 momentum=101.61,91.65
stock,eClerx Services,ECLERX.NS,Business Process Outsourcing (BPO)/ Knowledge Process Outsourcing (KPO),Services,18095.36,0.03,189.65,24.45,1107.29,23.27,25.62,34.81,,not_stage_2,4,1877.5,1701.64,-4.31,0.07746,"{'price_above_30w_ma': True, '30w_ma_rising': False, 'price_above_10w_ma': True, 'relative_strength_positive': True, 'near_52w_high': True}",leading,leading,102.6,102.47,0.28,-0.98,False,False,2026-07-14 ratio=102.32 momentum=103.45; 2026-07-15 ratio=102.10 momentum=103.56; 2026-07-16 ratio=102.37 momentum=103.56; 2026-07-17 ratio=103.61 momentum=103.17; 2026-07-20 ratio=102.60 momentum=102.47,125.35
stock,RPSG Ventures,RPSGVENT.NS,Business Process Outsourcing (BPO)/ Knowledge Process Outsourcing (KPO),Services,3035.84,0.0,-72.0,-327.88,2927.03,15.18,,10.69,,stage_2,5,908.8,821.16,2.03,0.03749,"{'price_above_30w_ma': True, '30w_ma_rising': True, 'price_above_10w_ma': True, 'relative_strength_positive': True, 'near_52w_high': True}",improving,improving,99.75,103.17,0.13,1.83,False,True,2026-07-14 ratio=99.62 momentum=101.34; 2026-07-15 ratio=99.57 momentum=101.66; 2026-07-16 ratio=99.47 momentum=102.21; 2026-07-17 ratio=99.39 momentum=103.39; 2026-07-20 ratio=99.75 momentum=103.17,144.91
stock,Hinduja Global,HGS.NS,Business Process Outsourcing (BPO)/ Knowledge Process Outsourcing (KPO),Services,2003.86,0.0,-13.58,-430.06,1084.67,-6.58,,1.42,,not_stage_2,4,429.75,407.01,-0.94,0.01773,"{'price_above_30w_ma': True, '30w_ma_rising': False, 'price_above_10w_ma': True, 'relative_strength_positive': True, 'near_52w_high': True}",leading,leading,100.37,101.39,-2.38,-1.39,False,False,2026-07-14 ratio=102.75 momentum=102.77; 2026-07-15 ratio=101.95 momentum=101.78; 2026-07-16 ratio=101.21 momentum=101.03; 2026-07-17 ratio=100.39 momentum=100.74; 2026-07-20 ratio=100.37 momentum=101.39,108.8
stock,One Point One,ONEPOINT.NS,Business Process Outsourcing (BPO)/ Knowledge Process Outsourcing (KPO),Services,1411.18,0.0,10.27,18.08,96.2,43.48,35.94,10.88,,not_stage_2,3,53.85,53.25,0.16,0.00222,"{'price_above_30w_ma': True, '30w_ma_rising': True, 'price_above_10w_ma': False, 'relative_strength_positive': False, 'near_52w_high': True}",lagging,lagging,98.05,95.27,-0.8,-3.65,False,False,2026-07-14 ratio=98.85 momentum=98.92; 2026-07-15 ratio=98.49 momentum=97.67; 2026-07-16 ratio=98.35 momentum=97.21; 2026-07-17 ratio=98.09 momentum=96.01; 2026-07-20 ratio=98.05 momentum=95.27,60.32
stock,Alldigi Tech,ALLDIGI.NS,Business Process Outsourcing (BPO)/ Knowledge Process Outsourcing (KPO),Services,1257.54,7.27,28.88,64.17,154.67,5.87,14.19,30.34,,not_stage_2,4,837.8,816.33,-0.38,0.03456,"{'price_above_30w_ma': True, '30w_ma_rising': False, 'price_above_10w_ma': True, 'relative_strength_positive': True, 'near_52w_high': True}",leading,improving,100.37,102.33,0.89,0.33,True,False,2026-07-14 ratio=99.48 momentum=102.00; 2026-07-15 ratio=99.66 momentum=102.08; 2026-07-16 ratio=99.53 momentum=100.40; 2026-07-17 ratio=98.80 momentum=100.15; 2026-07-20 ratio=100.37 momentum=102.33,123.5
stock,Kandarp Digi,KANDARP.NS,Business Process Outsourcing (BPO)/ Knowledge Process Outsourcing (KPO),Services,87.49,0.0,1.13,-15.67,16.35,4.01,47.29,11.22,,not_stage_2,0,95.0,136.44,-3.1,0.00392,"{'price_above_30w_ma': False, '30w_ma_rising': False, 'price_above_10w_ma': False, 'relative_strength_positive': False, 'near_52w_high': False}",improving,improving,98.75,101.2,-0.28,-1.93,False,False,2026-07-14 ratio=99.02 momentum=103.13; 2026-07-15 ratio=98.99 momentum=103.61; 2026-07-16 ratio=98.88 momentum=103.24; 2026-07-17 ratio=98.88 momentum=103.15; 2026-07-20 ratio=98.75 momentum=101.20,6.0
stock,Cadsys (India),CADSYS.NS,Business Process Outsourcing (BPO)/ Knowledge Process Outsourcing (KPO),Services,62.32,0.0,-8.6,110.64,47.31,16.3,,-14.11,,not_stage_2,3,65.55,57.43,6.27,0.0027,"{'price_above_30w_ma': True, '30w_ma_rising': True, 'price_above_10w_ma': False, 'relative_strength_positive': False, 'near_52w_high': True}",lagging,lagging,98.02,98.14,-0.66,3.85,False,False,2026-07-14 ratio=98.68 momentum=94.29; 2026-07-15 ratio=97.98 momentum=95.68; 2026-07-16 ratio=97.99 momentum=96.55; 2026-07-17 ratio=97.79 momentum=96.98; 2026-07-20 ratio=98.02 momentum=98.14,72.54
stock,We Win Ltd,WEWIN.NS,Business Process Outsourcing (BPO)/ Knowledge Process Outsourcing (KPO),Services,46.24,0.0,0.95,-12.84,30.77,51.65,10.28,10.91,,not_stage_2,1,45.35,48.64,0.3,0.00187,"{'price_above_30w_ma': False, '30w_ma_rising': True, 'price_above_10w_ma': False, 'relative_strength_positive': False, 'near_52w_high': False}",lagging,improving,98.75,99.65,-0.12,-2.05,False,False,2026-07-14 ratio=98.87 momentum=101.70; 2026-07-15 ratio=98.81 momentum=101.71; 2026-07-16 ratio=99.03 momentum=103.13; 2026-07-17 ratio=98.80 momentum=99.93; 2026-07-20 ratio=98.75 momentum=99.65,20.6
stock,HRH Next,HRHNEXT.NS,Business Process Outsourcing (BPO)/ Knowledge Process Outsourcing (KPO),Services,36.38,0.0,2.78,152.73,35.92,24.68,7.49,15.84,,not_stage_2,3,28.95,28.18,-0.11,0.00119,"{'price_above_30w_ma': True, '30w_ma_rising': False, 'price_above_10w_ma': True, 'relative_strength_positive': True, 'near_52w_high': False}",leading,leading,100.62,103.94,0.29,0.99,False,False,2026-07-14 ratio=100.33 momentum=102.95; 2026-07-15 ratio=99.75 momentum=101.60; 2026-07-16 ratio=99.82 momentum=101.59; 2026-07-17 ratio=99.67 momentum=100.78; 2026-07-20 ratio=100.62 momentum=103.94,102.8
stock,Polycab India,POLYCAB.NS,Cables - Electricals,Capital Goods,134128.76,0.53,796.66,32.46,8209.73,39.01,46.83,33.21,,not_stage_2,3,8885.0,8309.85,2.88,0.36657,"{'price_above_30w_ma': True, '30w_ma_rising': True, 'price_above_10w_ma': False, 'relative_strength_positive': False, 'near_52w_high': True}",lagging,weakening,97.78,97.08,-2.3,-0.41,False,False,2026-07-14 ratio=100.08 momentum=97.48; 2026-07-15 ratio=99.47 momentum=96.63; 2026-07-16 ratio=99.06 momentum=96.19; 2026-07-17 ratio=97.57 momentum=96.19; 2026-07-20 ratio=97.78 momentum=97.08,65.76
stock,KEI Industries,KEI.NS,Cables - Electricals,Capital Goods,47556.52,0.09,284.31,25.5,3476.4,19.27,51.78,20.07,,not_stage_2,3,4928.5,4764.59,2.42,0.20333,"{'price_above_30w_ma': True, '30w_ma_rising': True, 'price_above_10w_ma': False, 'relative_strength_positive': False, 'near_52w_high': True}",lagging,lagging,97.93,96.55,-1.1,0.47,False,False,2026-07-14 ratio=99.03 momentum=96.07; 2026-07-15 ratio=98.83 momentum=97.14; 2026-07-16 ratio=98.73 momentum=96.37; 2026-07-17 ratio=97.64 momentum=95.23; 2026-07-20 ratio=97.93 momentum=96.55,64.84
stock,R R Kabel,RRKABEL.NS,Cables - Electricals,Capital Goods,26527.76,0.41,167.95,30.06,2964.14,33.65,52.62,28.1,,stage_2,5,2332.9,1739.56,7.06,0.09625,"{'price_above_30w_ma': True, '30w_ma_rising': True, 'price_above_10w_ma': True, 'relative_strength_positive': True, 'near_52w_high': True}",leading,weakening,100.72,100.1,-0.28,1.13,False,False,2026-07-14 ratio=101.00 momentum=98.97; 2026-07-15 ratio=100.67 momentum=98.18; 2026-07-16 ratio=101.27 momentum=100.32; 2026-07-17 ratio=100.46 momentum=98.50; 2026-07-20 ratio=100.72 momentum=100.10,163.22
stock,Finolex Cables,FINCABLES.NS,Cables - Electricals,Capital Goods,15388.76,0.8,224.43,17.07,1951.08,22.36,21.56,16.01,,not_stage_2,3,1015.4,934.89,4.3,0.04189,"{'price_above_30w_ma': True, '30w_ma_rising': True, 'price_above_10w_ma': False, 'relative_strength_positive': False, 'near_52w_high': True}",lagging,lagging,98.52,95.87,-0.42,-0.34,False,False,2026-07-14 ratio=98.95 momentum=96.21; 2026-07-15 ratio=99.00 momentum=96.16; 2026-07-16 ratio=99.22 momentum=95.76; 2026-07-17 ratio=98.42 momentum=94.81; 2026-07-20 ratio=98.52 momentum=95.87,68.6
stock,KSH Internationa,KSHINTL.NS,Cables - Electricals,Capital Goods,6134.26,0.0,34.53,87.16,1018.34,100.52,55.08,21.36,,insufficient_data,0,,,,,{},leading,weakening,100.98,100.47,0.08,1.63,True,False,2026-07-14 ratio=100.90 momentum=98.84; 2026-07-15 ratio=101.00 momentum=99.82; 2026-07-16 ratio=101.18 momentum=101.18; 2026-07-17 ratio=100.65 momentum=99.40; 2026-07-20 ratio=100.98 momentum=100.47,37.25
stock,V-Marc India,VMARCIND.NS,Cables - Electricals,Capital Goods,4228.69,0.0,63.63,157.3,1105.46,97.52,42.25,41.38,,not_stage_2,0,285.0,813.12,-6.21,0.01176,"{'price_above_30w_ma': False, '30w_ma_rising': False, 'price_above_10w_ma': False, 'relative_strength_positive': False, 'near_52w_high': False}",improving,improving,98.64,103.88,0.23,0.08,False,True,2026-07-14 ratio=98.40 momentum=103.80; 2026-07-15 ratio=98.47 momentum=103.75; 2026-07-16 ratio=98.53 momentum=103.76; 2026-07-17 ratio=98.57 momentum=103.77; 2026-07-20 ratio=98.64 momentum=103.88,19.4
stock,Universal Cables,UNIVCABLES.NS,Cables - Electricals,Capital Goods,4163.79,0.37,55.32,11.33,840.27,24.66,25.53,11.68,,stage_2,5,1200.8,904.86,4.34,0.04954,"{'price_above_30w_ma': True, '30w_ma_rising': True, 'price_above_10w_ma': True, 'relative_strength_positive': True, 'near_52w_high': True}",leading,weakening,100.26,100.79,-0.32,1.94,False,False,2026-07-14 ratio=100.59 momentum=98.85; 2026-07-15 ratio=100.44 momentum=98.73; 2026-07-16 ratio=100.36 momentum=98.88; 2026-07-17 ratio=99.85 momentum=98.53; 2026-07-20 ratio=100.26 momentum=100.79,158.93
stock,Paramount Comm.,PARACABLES.NS,Cables - Electricals,Capital Goods,2154.54,0.0,20.52,9.5,573.31,13.07,36.07,12.35,,not_stage_2,3,64.85,47.17,9.24,0.00268,"{'price_above_30w_ma': True, '30w_ma_rising': True, 'price_above_10w_ma': False, 'relative_strength_positive': False, 'near_52w_high': True}",lagging,weakening,99.79,95.82,-0.41,-1.95,False,False,2026-07-14 ratio=100.20 momentum=97.78; 2026-07-15 ratio=100.16 momentum=96.20; 2026-07-16 ratio=100.32 momentum=97.16; 2026-07-17 ratio=99.75 momentum=95.95; 2026-07-20 ratio=99.79 momentum=95.82,78.48
stock,Dynamic Cables,DYCL.NS,Cables - Electricals,Capital Goods,2106.01,0.12,24.95,37.01,349.1,33.22,23.1,26.21,,stage_2,5,445.65,324.22,2.31,0.01839,"{'price_above_30w_ma': True, '30w_ma_rising': True, 'price_above_10w_ma': True, 'relative_strength_positive': True, 'near_52w_high': True}",leading,leading,102.97,103.3,1.58,1.46,False,False,2026-07-14 ratio=101.39 momentum=101.84; 2026-07-15 ratio=101.27 momentum=101.69; 2026-07-16 ratio=101.49 momentum=102.02; 2026-07-17 ratio=101.16 momentum=101.56; 2026-07-20 ratio=102.97 momentum=103.30,180.97
stock,Quadrant Future,QUADFUTURE.NS,Cables - Electricals,Capital Goods,1582.4,0.0,1.14,-27.85,56.56,-3.27,,-15.85,,stage_2,5,408.25,328.86,5.6,0.01684,"{'price_above_30w_ma': True, '30w_ma_rising': True, 'price_above_10w_ma': True, 'relative_strength_positive': True, 'near_52w_high': True}",weakening,weakening,100.56,95.85,-0.41,-1.89,False,False,2026-07-14 ratio=100.97 momentum=97.74; 2026-07-15 ratio=100.95 momentum=97.60; 2026-07-16 ratio=100.68 momentum=96.78; 2026-07-17 ratio=100.51 momentum=95.39; 2026-07-20 ratio=100.56 momentum=95.85,139.0
stock,Godfrey Phillips,GODFRYPHLP.NS,Cigarettes & Tobacco Products,Fast Moving Consumer Goods,33258.43,1.49,521.46,77.36,1787.27,13.59,21.8,32.84,,not_stage_2,0,2133.5,2167.85,-3.98,0.08802,"{'price_above_30w_ma': False, '30w_ma_rising': False, 'price_above_10w_ma': False, 'relative_strength_positive': False, 'near_52w_high': False}",improving,lagging,98.72,102.49,0.7,6.08,False,True,2026-07-14 ratio=98.02 momentum=96.41; 2026-07-15 ratio=98.22 momentum=97.55; 2026-07-16 ratio=98.62 momentum=99.59; 2026-07-17 ratio=98.38 momentum=99.18; 2026-07-20 ratio=98.72 momentum=102.49,12.45
stock,VST Industries,VSTIND.NS,Cigarettes & Tobacco Products,Fast Moving Consumer Goods,3980.7,5.12,116.69,120.17,457.06,30.87,13.67,28.13,,not_stage_2,1,231.35,243.3,-0.46,0.00954,"{'price_above_30w_ma': False, '30w_ma_rising': False, 'price_above_10w_ma': False, 'relative_strength_positive': False, 'near_52w_high': True}",lagging,lagging,97.01,98.32,0.91,0.15,False,False,2026-07-14 ratio=96.11 momentum=98.17; 2026-07-15 ratio=96.08 momentum=98.49; 2026-07-16 ratio=96.85 momentum=98.83; 2026-07-17 ratio=96.72 momentum=98.05; 2026-07-20 ratio=97.01 momentum=98.32,20.0
stock,Elitecon Inter.,ELITECON.NS,Cigarettes & Tobacco Products,Fast Moving Consumer Goods,2829.35,0.28,103.57,676.39,1741.26,1750.04,8.83,,,insufficient_data,0,,,,,{},lagging,lagging,97.82,98.15,0.43,0.79,False,False,2026-07-15 ratio=97.38 momentum=97.36; 2026-07-16 ratio=97.47 momentum=97.24; 2026-07-17 ratio=97.67 momentum=97.43; 2026-07-20 ratio=97.82 momentum=98.15,0.0
stock,Shanthala FMCG,SHANTHALA.NS,Cigarettes & Tobacco Products,Fast Moving Consumer Goods,15.71,0.0,0.72,71.43,25.82,-0.12,12.37,5.98,,not_stage_2,1,23.45,27.8,-2.07,0.00097,"{'price_above_30w_ma': False, '30w_ma_rising': False, 'price_above_10w_ma': True, 'relative_strength_positive': False, 'near_52w_high': False}",lagging,lagging,99.44,99.45,0.45,0.01,False,False,2026-07-14 ratio=98.99 momentum=99.45; 2026-07-15 ratio=99.00 momentum=99.65; 2026-07-16 ratio=99.04 momentum=99.91; 2026-07-17 ratio=99.34 momentum=98.82; 2026-07-20 ratio=99.44 momentum=99.45,20.0
stock,Marc Technocrats,MARC.NS,Consulting Services,Services,197.29,0.0,4.81,,37.53,,18.72,29.22,,insufficient_data,0,,,,,{},leading,weakening,102.76,102.33,1.98,2.88,True,False,2026-07-14 ratio=100.77 momentum=99.45; 2026-07-15 ratio=100.06 momentum=99.14; 2026-07-16 ratio=100.55 momentum=101.52; 2026-07-17 ratio=101.02 momentum=101.40; 2026-07-20 ratio=102.76 momentum=102.33,55.45
stock,Mitcon Consult.,MITCON.NS,Consulting Services,Services,132.38,0.0,5.64,179.29,45.23,18.62,16.36,8.83,,not_stage_2,3,72.66,69.44,1.17,0.003,"{'price_above_30w_ma': True, '30w_ma_rising': True, 'price_above_10w_ma': False, 'relative_strength_positive': False, 'near_52w_high': True}",improving,lagging,98.14,100.02,-0.35,2.16,False,False,2026-07-14 ratio=98.49 momentum=97.86; 2026-07-15 ratio=97.93 momentum=94.21; 2026-07-16 ratio=98.67 momentum=98.22; 2026-07-17 ratio=98.46 momentum=100.79; 2026-07-20 ratio=98.14 momentum=100.02,62.44
stock,AAA Technologies,AAATECH.NS,Consulting Services,Services,116.93,1.65,-0.35,-135.0,3.38,-68.02,56.76,8.93,,not_stage_2,0,92.68,97.95,-0.41,0.00382,"{'price_above_30w_ma': False, '30w_ma_rising': False, 'price_above_10w_ma': False, 'relative_strength_positive': False, 'near_52w_high': False}",lagging,lagging,98.36,99.76,-0.88,1.91,False,False,2026-07-14 ratio=99.25 momentum=97.85; 2026-07-15 ratio=98.61 momentum=96.99; 2026-07-16 ratio=98.96 momentum=97.09; 2026-07-17 ratio=96.79 momentum=95.88; 2026-07-20 ratio=98.36 momentum=99.76,0.0
stock,Dhruv Consultanc,DHRUV.NS,Consulting Services,Services,48.52,0.78,-0.06,-103.02,8.32,-69.86,,-32.69,,not_stage_2,0,25.95,32.03,-8.57,0.00107,"{'price_above_30w_ma': False, '30w_ma_rising': False, 'price_above_10w_ma': False, 'relative_strength_positive': False, 'near_52w_high': False}",improving,improving,98.59,100.72,-0.39,-0.05,False,False,2026-07-14 ratio=98.98 momentum=100.77; 2026-07-15 ratio=99.12 momentum=101.63; 2026-07-16 ratio=98.58 momentum=99.82; 2026-07-17 ratio=98.20 momentum=99.81; 2026-07-20 ratio=98.59 momentum=100.72,3.6
stock,Manglam Infra,MIEL.NS,Consulting Services,Services,21.82,0.0,1.6,1700.0,21.86,-21.42,6.95,9.52,,insufficient_data,0,,,,,{},insufficient_data,insufficient_data,,,,,False,False,,0.0
stock,Physicswallah,PWL.NS,E-Learning,Consumer Services,38825.47,0.0,-69.14,80.56,918.8,50.72,,4.02,,stage_2,5,133.03,111.71,0.32,0.00549,"{'price_above_30w_ma': True, '30w_ma_rising': True, 'price_above_10w_ma': True, 'relative_strength_positive': True, 'near_52w_high': True}",weakening,weakening,100.87,98.35,-0.98,-1.4,False,False,2026-07-14 ratio=101.84 momentum=99.74; 2026-07-15 ratio=101.34 momentum=98.33; 2026-07-16 ratio=101.18 momentum=97.98; 2026-07-17 ratio=101.08 momentum=98.84; 2026-07-20 ratio=100.87 momentum=98.35,129.99
stock,Veranda Learning,VERANDA.NS,E-Learning,Consumer Services,2286.31,0.0,15.69,103.09,132.39,51.6,98.09,12.83,,not_stage_2,3,224.07,200.63,3.14,0.00924,"{'price_above_30w_ma': True, '30w_ma_rising': True, 'price_above_10w_ma': False, 'relative_strength_positive': False, 'near_52w_high': True}",lagging,lagging,98.26,97.05,-1.18,-0.75,False,False,2026-07-14 ratio=99.43 momentum=97.81; 2026-07-15 ratio=99.18 momentum=98.01; 2026-07-16 ratio=98.72 momentum=97.49; 2026-07-17 ratio=98.26 momentum=97.46; 2026-07-20 ratio=98.26 momentum=97.05,66.28
stock,Jaro Institute,JARO.NS,E-Learning,Consumer Services,1076.44,1.03,21.33,17.26,72.79,-1.79,24.5,22.09,,not_stage_2,1,493.75,478.83,-0.99,0.02037,"{'price_above_30w_ma': True, '30w_ma_rising': False, 'price_above_10w_ma': False, 'relative_strength_positive': False, 'near_52w_high': False}",lagging,lagging,99.15,97.94,-0.41,0.24,False,False,2026-07-14 ratio=99.56 momentum=97.70; 2026-07-15 ratio=99.50 momentum=97.83; 2026-07-16 ratio=99.44 momentum=96.99; 2026-07-17 ratio=99.16 momentum=97.52; 2026-07-20 ratio=99.15 momentum=97.94,20.0
stock,Addictive Learn,ADDICTIVE.NS,E-Learning,Consumer Services,65.07,0.0,-4.65,-205.92,33.83,-12.74,,-0.11,,insufficient_data,0,,,,,{},insufficient_data,insufficient_data,,,,,False,False,,0.0
stock,G-Tec Janix,GTECJAINX.NS,E-Learning,Consumer Services,28.62,0.0,-0.66,7.04,1.57,-9.25,,-36.32,,stage_2,5,27.54,22.16,1.5,0.00114,"{'price_above_30w_ma': True, '30w_ma_rising': True, 'price_above_10w_ma': True, 'relative_strength_positive': True, 'near_52w_high': True}",weakening,weakening,100.27,98.06,0.22,1.72,False,False,2026-07-14 ratio=100.05 momentum=96.34; 2026-07-15 ratio=100.11 momentum=96.53; 2026-07-16 ratio=100.17 momentum=96.82; 2026-07-17 ratio=100.18 momentum=96.82; 2026-07-20 ratio=100.27 momentum=98.06,129.35
stock,Usha Mart. Edu.,UMESLTD.NS,E-Learning,Consumer Services,14.5,0.0,0.2,69.23,0.32,166.67,35.37,5.23,,not_stage_2,2,5.32,5.45,1.52,0.00022,"{'price_above_30w_ma': False, '30w_ma_rising': True, 'price_above_10w_ma': False, 'relative_strength_positive': False, 'near_52w_high': True}",lagging,weakening,99.24,98.11,-1.38,-1.83,False,False,2026-07-14 ratio=100.62 momentum=99.94; 2026-07-15 ratio=100.44 momentum=97.92; 2026-07-16 ratio=99.93 momentum=93.92; 2026-07-17 ratio=99.38 momentum=95.80; 2026-07-20 ratio=99.24 momentum=98.11,43.04
stock,Docmode Health,DHTL.NS,E-Learning,Consumer Services,11.79,0.0,-0.09,82.69,17.85,-12.59,,-0.29,,not_stage_2,0,37.5,48.3,-7.54,0.00155,"{'price_above_30w_ma': False, '30w_ma_rising': False, 'price_above_10w_ma': False, 'relative_strength_positive': False, 'near_52w_high': False}",improving,lagging,98.87,103.69,0.23,4.61,False,True,2026-07-14 ratio=98.63 momentum=99.09; 2026-07-15 ratio=99.00 momentum=100.09; 2026-07-16 ratio=98.84 momentum=101.00; 2026-07-17 ratio=98.80 momentum=102.00; 2026-07-20 ratio=98.87 momentum=103.69,18.45
stock,PVR Inox,PVRINOX.NS,"Film Production, Distribution & Exhibition","Media, Entertainment & Publication",9830.8,0.0,186.4,116.94,1547.3,25.81,41.52,6.96,,not_stage_2,4,1019.25,993.68,-0.61,0.04205,"{'price_above_30w_ma': True, '30w_ma_rising': False, 'price_above_10w_ma': True, 'relative_strength_positive': True, 'near_52w_high': True}",leading,leading,100.59,101.99,0.23,-1.39,False,False,2026-07-14 ratio=100.36 momentum=103.38; 2026-07-15 ratio=100.22 momentum=102.30; 2026-07-16 ratio=100.24 momentum=102.58; 2026-07-17 ratio=99.68 momentum=100.09; 2026-07-20 ratio=100.59 momentum=101.99,112.9
stock,Media Matrix,MMWL.NS,"Film Production, Distribution & Exhibition","Media, Entertainment & Publication",1591.5,0.0,2.08,805.0,300.67,10.63,272.05,9.78,,insufficient_data,0,,,,,{},leading,leading,100.91,102.29,0.51,0.98,False,False,2026-07-17 ratio=100.41 momentum=101.31; 2026-07-20 ratio=100.91 momentum=102.29,36.0
stock,Connplex Cinemas,CONNPLEX.NS,"Film Production, Distribution & Exhibition","Media, Entertainment & Publication",377.51,0.0,13.03,38.91,83.46,51.97,14.48,43.57,,insufficient_data,0,,,,,{},insufficient_data,insufficient_data,,,,,False,False,,0.0
stock,Cineline India,CINELINE.NS,"Film Production, Distribution & Exhibition","Media, Entertainment & Publication",266.22,0.0,3.32,-75.24,62.23,13.12,22.22,10.86,,not_stage_2,1,77.67,83.08,-1.46,0.0032,"{'price_above_30w_ma': False, '30w_ma_rising': False, 'price_above_10w_ma': False, 'relative_strength_positive': False, 'near_52w_high': True}",lagging,lagging,98.65,98.46,0.58,1.08,False,False,2026-07-14 ratio=98.07 momentum=97.38; 2026-07-15 ratio=98.18 momentum=97.28; 2026-07-16 ratio=98.07 momentum=97.46; 2026-07-17 ratio=98.11 momentum=98.71; 2026-07-20 ratio=98.65 momentum=98.46,20.0
stock,UFO Moviez,UFO.NS,"Film Production, Distribution & Exhibition","Media, Entertainment & Publication",263.81,0.0,4.48,730.99,133.22,43.19,10.59,12.18,,not_stage_2,1,67.51,71.78,-2.09,0.00279,"{'price_above_30w_ma': False, '30w_ma_rising': False, 'price_above_10w_ma': False, 'relative_strength_positive': False, 'near_52w_high': True}",lagging,lagging,97.79,98.18,-0.38,-0.83,False,False,2026-07-14 ratio=98.17 momentum=99.01; 2026-07-15 ratio=98.10 momentum=97.70; 2026-07-16 ratio=97.91 momentum=95.72; 2026-07-17 ratio=97.41 momentum=95.19; 2026-07-20 ratio=97.79 momentum=98.18,20.0
stock,Tips Films,TIPSFILMS.NS,"Film Production, Distribution & Exhibition","Media, Entertainment & Publication",139.63,0.0,-3.47,89.39,2.36,-96.09,,-6.69,,not_stage_2,0,325.95,359.55,-3.19,0.01345,"{'price_above_30w_ma': False, '30w_ma_rising': False, 'price_above_10w_ma': False, 'relative_strength_positive': False, 'near_52w_high': False}",improving,improving,98.63,103.0,0.14,1.64,False,True,2026-07-14 ratio=98.49 momentum=101.36; 2026-07-15 ratio=98.70 momentum=103.06; 2026-07-16 ratio=98.65 momentum=102.71; 2026-07-17 ratio=98.69 momentum=103.75; 2026-07-20 ratio=98.63 momentum=103.00,15.0
stock,Mukta Arts,MUKTAARTS.NS,"Film Production, Distribution & Exhibition","Media, Entertainment & Publication",126.25,0.0,-0.7,124.32,45.39,19.1,,11.17,,not_stage_2,0,53.3,55.93,-1.98,0.0022,"{'price_above_30w_ma': False, '30w_ma_rising': False, 'price_above_10w_ma': False, 'relative_strength_positive': False, 'near_52w_high': False}",lagging,lagging,98.77,99.62,0.12,3.93,False,False,2026-07-14 ratio=98.65 momentum=95.68; 2026-07-15 ratio=98.24 momentum=96.08; 2026-07-16 ratio=98.33 momentum=96.39; 2026-07-17 ratio=98.21 momentum=95.86; 2026-07-20 ratio=98.77 momentum=99.62,0.0
stock,Vels Film,VELS.NS,"Film Production, Distribution & Exhibition","Media, Entertainment & Publication",94.23,0.0,-20.14,-12.07,31.38,486.54,,-12.43,,stage_2,5,73.0,62.36,2.71,0.00301,"{'price_above_30w_ma': True, '30w_ma_rising': True, 'price_above_10w_ma': True, 'relative_strength_positive': True, 'near_52w_high': True}",leading,weakening,102.34,102.22,1.82,3.33,True,False,2026-07-14 ratio=100.52 momentum=98.90; 2026-07-15 ratio=103.44 momentum=102.50; 2026-07-16 ratio=103.06 momentum=102.14; 2026-07-17 ratio=102.22 momentum=101.69; 2026-07-20 ratio=102.34 momentum=102.22,183.22
stock,Baweja Studios L,BAWEJA.NS,"Film Production, Distribution & Exhibition","Media, Entertainment & Publication",53.25,0.0,4.57,-13.28,33.44,-22.93,8.76,7.94,,not_stage_2,0,28.95,31.05,-4.63,0.00119,"{'price_above_30w_ma': False, '30w_ma_rising': False, 'price_above_10w_ma': False, 'relative_strength_positive': False, 'near_52w_high': False}",improving,lagging,99.22,103.6,0.53,6.78,False,True,2026-07-14 ratio=98.68 momentum=96.83; 2026-07-15 ratio=99.12 momentum=101.40; 2026-07-16 ratio=99.12 momentum=103.57; 2026-07-17 ratio=98.94 momentum=100.40; 2026-07-20 ratio=99.22 momentum=103.60,18.0
stock,Prit Nandy Comm.,PNC.NS,"Film Production, Distribution & Exhibition","Media, Entertainment & Publication",29.21,0.0,-2.06,-379.07,2.49,-68.04,5.88,-0.13,,not_stage_2,0,19.3,21.96,-3.94,0.0008,"{'price_above_30w_ma': False, '30w_ma_rising': False, 'price_above_10w_ma': False, 'relative_strength_positive': False, 'near_52w_high': False}",lagging,lagging,98.84,97.06,-0.44,-0.46,False,False,2026-07-14 ratio=99.28 momentum=97.52; 2026-07-15 ratio=99.78 momentum=97.95; 2026-07-16 ratio=99.68 momentum=95.44; 2026-07-17 ratio=98.91 momentum=94.61; 2026-07-20 ratio=98.84 momentum=97.06,0.0
stock,Metro Brands,METROBRAND.NS,Footwear,Consumer Durables,29276.24,0.51,117.73,23.07,772.98,20.26,71.2,20.18,,not_stage_2,4,1068.9,1031.62,-0.99,0.0441,"{'price_above_30w_ma': True, '30w_ma_rising': False, 'price_above_10w_ma': True, 'relative_strength_positive': True, 'near_52w_high': True}",leading,leading,100.65,102.65,0.36,0.41,False,False,2026-07-14 ratio=100.29 momentum=102.24; 2026-07-15 ratio=99.49 momentum=100.42; 2026-07-16 ratio=99.37 momentum=100.66; 2026-07-17 ratio=100.60 momentum=101.92; 2026-07-20 ratio=100.65 momentum=102.65,116.5
stock,Relaxo Footwear,RELAXO.NS,Footwear,Consumer Durables,10230.13,0.73,67.67,20.37,751.1,8.05,57.07,11.07,,stage_2,5,437.05,344.33,0.53,0.01803,"{'price_above_30w_ma': True, '30w_ma_rising': True, 'price_above_10w_ma': True, 'relative_strength_positive': True, 'near_52w_high': True}",leading,weakening,101.94,100.82,0.84,4.55,True,False,2026-07-14 ratio=101.10 momentum=96.27; 2026-07-15 ratio=100.77 momentum=94.96; 2026-07-16 ratio=100.47 momentum=95.42; 2026-07-17 ratio=102.08 momentum=101.13; 2026-07-20 ratio=101.94 momentum=100.82,169.86
stock,Bata India,BATAINDIA.NS,Footwear,Consumer Durables,8982.79,1.29,2.21,-58.62,827.63,5.0,53.35,12.74,,not_stage_2,1,700.5,748.94,-4.45,0.0289,"{'price_above_30w_ma': False, '30w_ma_rising': False, 'price_above_10w_ma': True, 'relative_strength_positive': False, 'near_52w_high': False}",improving,improving,99.91,102.93,0.67,2.6,False,True,2026-07-14 ratio=99.24 momentum=100.33; 2026-07-15 ratio=99.07 momentum=100.40; 2026-07-16 ratio=99.10 momentum=98.84; 2026-07-17 ratio=99.44 momentum=100.53; 2026-07-20 ratio=99.91 momentum=102.93,34.65
stock,Redtape,REDTAPE.NS,Footwear,Consumer Durables,7321.38,1.51,69.88,69.53,675.51,33.51,30.44,24.11,,not_stage_2,3,132.57,126.6,1.2,0.00547,"{'price_above_30w_ma': True, '30w_ma_rising': True, 'price_above_10w_ma': False, 'relative_strength_positive': False, 'near_52w_high': True}",lagging,lagging,98.83,96.75,-0.73,-0.06,False,False,2026-07-14 ratio=99.56 momentum=96.81; 2026-07-15 ratio=99.26 momentum=96.90; 2026-07-16 ratio=99.15 momentum=96.81; 2026-07-17 ratio=99.11 momentum=95.70; 2026-07-20 ratio=98.83 momentum=96.75,62.4
stock,Campus Activewe.,CAMPUS.NS,Footwear,Consumer Durables,6822.16,0.67,44.14,26.01,455.63,12.3,45.45,21.25,,not_stage_2,1,225.21,244.78,-1.81,0.00929,"{'price_above_30w_ma': False, '30w_ma_rising': False, 'price_above_10w_ma': False, 'relative_strength_positive': False, 'near_52w_high': True}",improving,lagging,98.32,100.28,-0.17,3.14,False,False,2026-07-14 ratio=98.49 momentum=97.14; 2026-07-15 ratio=98.28 momentum=97.03; 2026-07-16 ratio=98.52 momentum=99.97; 2026-07-17 ratio=99.26 momentum=102.37; 2026-07-20 ratio=98.32 momentum=100.28,21.4
stock,Sreeleathers,SREEL.NS,Footwear,Consumer Durables,533.47,0.43,9.67,82.8,62.69,17.95,18.54,8.0,,not_stage_2,4,212.9,199.74,-0.57,0.00878,"{'price_above_30w_ma': True, '30w_ma_rising': False, 'price_above_10w_ma': True, 'relative_strength_positive': True, 'near_52w_high': True}",weakening,weakening,100.88,98.98,-0.03,1.15,False,False,2026-07-14 ratio=100.90 momentum=97.83; 2026-07-15 ratio=100.97 momentum=97.29; 2026-07-16 ratio=100.88 momentum=98.79; 2026-07-17 ratio=100.80 momentum=94.81; 2026-07-20 ratio=100.88 momentum=98.98,84.4
stock,Liberty Shoes,LIBERTSHOE.NS,Footwear,Consumer Durables,453.52,0.0,5.3,-10.69,212.05,13.0,40.93,7.91,,not_stage_2,3,269.8,253.61,-0.52,0.01113,"{'price_above_30w_ma': True, '30w_ma_rising': False, 'price_above_10w_ma': True, 'relative_strength_positive': True, 'near_52w_high': False}",weakening,weakening,101.23,99.3,0.09,1.41,False,False,2026-07-14 ratio=101.14 momentum=97.90; 2026-07-15 ratio=100.75 momentum=98.40; 2026-07-16 ratio=100.17 momentum=98.46; 2026-07-17 ratio=101.77 momentum=102.19; 2026-07-20 ratio=101.23 momentum=99.30,66.15
stock,Brandman Retail,BRANDMAN.NS,Footwear,Consumer Durables,346.35,0.0,5.64,37.9,67.1,137.69,13.69,36.81,,insufficient_data,0,,,,,{},insufficient_data,insufficient_data,,,,,False,False,,0.0
stock,Khadim India,KHADIM.NS,Footwear,Consumer Durables,178.53,0.0,0.77,-86.1,83.56,-10.92,42.71,6.87,,not_stage_2,0,98.02,118.78,-7.0,0.00404,"{'price_above_30w_ma': False, '30w_ma_rising': False, 'price_above_10w_ma': False, 'relative_strength_positive': False, 'near_52w_high': False}",lagging,lagging,98.2,98.09,-0.42,0.76,False,False,2026-07-14 ratio=98.62 momentum=97.34; 2026-07-15 ratio=97.68 momentum=97.29; 2026-07-16 ratio=97.38 momentum=96.55; 2026-07-17 ratio=98.28 momentum=97.39; 2026-07-20 ratio=98.20 momentum=98.09,0.0
stock,ICICI Lombard,ICICIGI.NS,General Insurance,Financial Services,81092.47,0.83,403.17,-46.03,7088.22,10.83,33.4,21.88,,not_stage_2,1,1621.6,1812.02,-1.78,0.0669,"{'price_above_30w_ma': False, '30w_ma_rising': False, 'price_above_10w_ma': False, 'relative_strength_positive': False, 'near_52w_high': True}",lagging,improving,96.88,98.84,-2.57,-2.77,False,False,2026-07-14 ratio=99.45 momentum=101.60; 2026-07-15 ratio=100.05 momentum=102.23; 2026-07-16 ratio=95.96 momentum=97.85; 2026-07-17 ratio=96.16 momentum=98.30; 2026-07-20 ratio=96.88 momentum=98.84,20.0
stock,General Insuranc,GICRE.NS,General Insurance,Financial Services,63465.42,2.76,2532.59,1.35,13018.27,-1.44,6.57,17.35,,not_stage_2,1,360.25,377.06,-0.46,0.01486,"{'price_above_30w_ma': False, '30w_ma_rising': False, 'price_above_10w_ma': False, 'relative_strength_positive': False, 'near_52w_high': True}",improving,improving,98.75,102.83,-0.3,1.08,False,False,2026-07-14 ratio=99.05 momentum=101.75; 2026-07-15 ratio=99.16 momentum=102.83; 2026-07-16 ratio=99.07 momentum=102.74; 2026-07-17 ratio=98.72 momentum=101.76; 2026-07-20 ratio=98.75 momentum=102.83,34.15
stock,Star Health Insu,STARHEALTH.NS,General Insurance,Financial Services,34646.58,0.0,111.34,21731.37,4648.07,13.89,62.2,8.57,,stage_2,5,581.2,500.89,3.56,0.02398,"{'price_above_30w_ma': True, '30w_ma_rising': True, 'price_above_10w_ma': True, 'relative_strength_positive': True, 'near_52w_high': True}",weakening,weakening,100.74,98.78,-0.91,1.73,False,False,2026-07-14 ratio=101.65 momentum=97.05; 2026-07-15 ratio=101.49 momentum=97.62; 2026-07-16 ratio=101.66 momentum=98.99; 2026-07-17 ratio=100.76 momentum=98.15; 2026-07-20 ratio=100.74 momentum=98.78,135.82
stock,New India Assura,NIACL.NS,General Insurance,Financial Services,29352.53,0.84,579.84,61.19,12543.82,7.54,20.73,4.29,,stage_2,5,176.8,156.93,1.74,0.00729,"{'price_above_30w_ma': True, '30w_ma_rising': True, 'price_above_10w_ma': True, 'relative_strength_positive': True, 'near_52w_high': True}",weakening,weakening,100.28,97.29,-0.22,-0.72,False,False,2026-07-14 ratio=100.50 momentum=98.01; 2026-07-15 ratio=100.67 momentum=97.65; 2026-07-16 ratio=100.50 momentum=96.00; 2026-07-17 ratio=100.10 momentum=96.29; 2026-07-20 ratio=100.28 momentum=97.29,129.88
stock,Go Digit General,GODIGIT.NS,General Insurance,Financial Services,26355.81,0.0,149.42,29.24,2710.87,4.49,48.4,13.1,,not_stage_2,1,280.9,317.75,-1.96,0.01159,"{'price_above_30w_ma': False, '30w_ma_rising': False, 'price_above_10w_ma': False, 'relative_strength_positive': False, 'near_52w_high': True}",lagging,lagging,96.86,97.96,-2.71,2.0,False,False,2026-07-14 ratio=99.57 momentum=95.96; 2026-07-15 ratio=98.17 momentum=95.57; 2026-07-16 ratio=96.63 momentum=96.39; 2026-07-17 ratio=96.41 momentum=96.97; 2026-07-20 ratio=96.86 momentum=97.96,20.0
stock,Niva Bupa Health,NIVABUPA.NS,General Insurance,Financial Services,15910.81,0.0,345.13,67.47,2138.56,28.0,121.66,3.45,,stage_2,4,86.08,79.14,1.96,0.00355,"{'price_above_30w_ma': True, '30w_ma_rising': True, 'price_above_10w_ma': True, 'relative_strength_positive': False, 'near_52w_high': True}",weakening,leading,100.13,99.74,-0.54,-0.36,False,False,2026-07-14 ratio=100.67 momentum=100.10; 2026-07-15 ratio=101.53 momentum=102.58; 2026-07-16 ratio=100.81 momentum=100.13; 2026-07-17 ratio=99.99 momentum=98.22; 2026-07-20 ratio=100.13 momentum=99.74,109.57
stock,LG Electronics,LGEINDIA.NS,Household Appliances,Consumer Durables,106126.06,0.0,692.73,-8.19,8053.55,8.12,62.98,32.23,,stage_2,5,1576.4,1522.44,0.0,0.06504,"{'price_above_30w_ma': True, '30w_ma_rising': True, 'price_above_10w_ma': True, 'relative_strength_positive': True, 'near_52w_high': True}",leading,lagging,100.12,102.03,1.26,4.45,True,False,2026-07-14 ratio=98.86 momentum=97.57; 2026-07-15 ratio=99.84 momentum=100.24; 2026-07-16 ratio=100.70 momentum=101.65; 2026-07-17 ratio=100.12 momentum=102.14; 2026-07-20 ratio=100.12 momentum=102.03,165.75
stock,Voltas,VOLTAS.NS,Household Appliances,Consumer Durables,44973.85,0.29,113.43,-51.8,4887.83,2.52,114.49,9.04,,not_stage_2,3,1357.4,1367.03,-0.47,0.056,"{'price_above_30w_ma': False, '30w_ma_rising': False, 'price_above_10w_ma': True, 'relative_strength_positive': True, 'near_52w_high': True}",leading,leading,101.17,101.96,-0.09,-0.77,False,False,2026-07-14 ratio=101.26 momentum=102.73; 2026-07-15 ratio=101.97 momentum=102.66; 2026-07-16 ratio=101.88 momentum=102.22; 2026-07-17 ratio=100.55 momentum=101.34; 2026-07-20 ratio=101.17 momentum=101.96,95.65
stock,Blue Star,BLUESTARCO.NS,Household Appliances,Consumer Durables,35012.09,0.5,227.18,10.41,4072.06,1.32,62.65,21.24,,not_stage_2,3,1714.3,1743.0,-0.82,0.07073,"{'price_above_30w_ma': False, '30w_ma_rising': False, 'price_above_10w_ma': True, 'relative_strength_positive': True, 'near_52w_high': True}",leading,leading,101.09,102.2,-0.56,-0.18,False,False,2026-07-14 ratio=101.65 momentum=102.38; 2026-07-15 ratio=101.85 momentum=102.39; 2026-07-16 ratio=101.74 momentum=102.28; 2026-07-17 ratio=100.30 momentum=101.45; 2026-07-20 ratio=101.09 momentum=102.20,96.45
stock,Amber Enterp.,AMBER.NS,Household Appliances,Consumer Durables,26881.09,0.0,161.96,-19.47,4147.52,10.49,135.76,10.25,,stage_2,5,7859.0,7302.23,2.05,0.32424,"{'price_above_30w_ma': True, '30w_ma_rising': True, 'price_above_10w_ma': True, 'relative_strength_positive': True, 'near_52w_high': True}",leading,improving,100.05,102.39,0.14,0.61,True,False,2026-07-14 ratio=99.90 momentum=101.77; 2026-07-15 ratio=100.05 momentum=102.58; 2026-07-16 ratio=100.48 momentum=103.62; 2026-07-17 ratio=99.77 momentum=102.10; 2026-07-20 ratio=100.05 momentum=102.39,171.3
stock,Crompton Gr. Con,CROMPTON.NS,Household Appliances,Consumer Durables,16638.76,1.16,-536.81,-31.74,2083.3,10.9,47.51,18.98,,not_stage_2,3,262.1,258.71,0.32,0.01081,"{'price_above_30w_ma': True, '30w_ma_rising': True, 'price_above_10w_ma': False, 'relative_strength_positive': False, 'near_52w_high': True}",lagging,lagging,98.79,97.81,0.17,0.92,False,False,2026-07-14 ratio=98.62 momentum=96.89; 2026-07-15 ratio=98.54 momentum=97.76; 2026-07-16 ratio=98.65 momentum=96.68; 2026-07-17 ratio=98.25 momentum=96.07; 2026-07-20 ratio=98.79 momentum=97.81,60.64
stock,V-Guard Industri,VGUARD.NS,Household Appliances,Consumer Durables,13148.24,0.5,112.13,23.04,1755.27,14.12,40.87,18.38,,not_stage_2,1,300.95,316.97,-1.27,0.01242,"{'price_above_30w_ma': False, '30w_ma_rising': False, 'price_above_10w_ma': False, 'relative_strength_positive': False, 'near_52w_high': True}",improving,improving,98.67,100.43,-0.13,-0.73,False,False,2026-07-14 ratio=98.80 momentum=101.16; 2026-07-15 ratio=99.09 momentum=100.74; 2026-07-16 ratio=98.82 momentum=98.27; 2026-07-17 ratio=98.42 momentum=99.90; 2026-07-20 ratio=98.67 momentum=100.43,22.15
stock,Whirlpool India,WHIRLPOOL.NS,Household Appliances,Consumer Durables,9765.32,0.65,80.5,-29.67,2180.77,8.78,31.08,11.07,,not_stage_2,0,773.55,845.97,-2.16,0.03191,"{'price_above_30w_ma': False, '30w_ma_rising': False, 'price_above_10w_ma': False, 'relative_strength_positive': False, 'near_52w_high': False}",lagging,lagging,98.62,98.39,-0.34,2.07,False,False,2026-07-14 ratio=98.96 momentum=96.32; 2026-07-15 ratio=98.84 momentum=96.94; 2026-07-16 ratio=98.83 momentum=96.93; 2026-07-17 ratio=98.55 momentum=96.64; 2026-07-20 ratio=98.62 momentum=98.39,0.0
stock,TTK Prestige,TTKPRESTIG.NS,Household Appliances,Consumer Durables,8987.05,1.14,36.08,212.18,729.17,12.26,51.94,12.1,,stage_2,5,665.45,547.96,0.42,0.02745,"{'price_above_30w_ma': True, '30w_ma_rising': True, 'price_above_10w_ma': True, 'relative_strength_positive': True, 'near_52w_high': True}",weakening,weakening,101.8,98.7,-0.72,0.31,False,False,2026-07-14 ratio=102.52 momentum=98.39; 2026-07-15 ratio=102.41 momentum=97.69; 2026-07-16 ratio=102.40 momentum=96.17; 2026-07-17 ratio=102.00 momentum=98.56; 2026-07-20 ratio=101.80 momentum=98.70,134.84
stock,Eureka Forbes,EUREKAFORB.NS,Household Appliances,Consumer Durables,8972.69,0.0,51.09,3.84,683.83,11.64,47.22,5.86,,not_stage_2,2,461.95,489.49,-4.62,0.01906,"{'price_above_30w_ma': False, '30w_ma_rising': False, 'price_above_10w_ma': True, 'relative_strength_positive': True, 'near_52w_high': False}",improving,improving,99.53,100.81,-0.31,-0.7,False,False,2026-07-14 ratio=99.83 momentum=101.51; 2026-07-15 ratio=99.72 momentum=100.71; 2026-07-16 ratio=99.86 momentum=99.82; 2026-07-17 ratio=99.27 momentum=98.83; 2026-07-20 ratio=99.53 momentum=100.81,44.05
stock,IFB Industries,IFBIND.NS,Household Appliances,Consumer Durables,5490.46,0.0,42.67,128.46,1498.2,12.33,38.01,19.51,,not_stage_2,3,1343.7,1200.88,-2.77,0.05544,"{'price_above_30w_ma': True, '30w_ma_rising': False, 'price_above_10w_ma': True, 'relative_strength_positive': True, 'near_52w_high': False}",leading,leading,100.92,100.83,-0.77,-0.14,False,False,2026-07-14 ratio=101.68 momentum=100.97; 2026-07-15 ratio=101.50 momentum=100.85; 2026-07-16 ratio=101.27 momentum=100.68; 2026-07-17 ratio=100.70 momentum=100.08; 2026-07-20 ratio=100.92 momentum=100.83,88.75
stock,Adani Total Gas,ATGL.NS,LPG/CNG/PNG/LNG Supplier,"Oil, Gas & Consumable Fuels",77030.7,0.04,133.03,-17.97,1743.48,27.1,126.75,15.09,,not_stage_2,3,712.9,614.45,3.02,0.02941,"{'price_above_30w_ma': True, '30w_ma_rising': True, 'price_above_10w_ma': False, 'relative_strength_positive': False, 'near_52w_high': True}",lagging,weakening,99.98,97.81,-0.37,0.08,False,False,2026-07-14 ratio=100.34 momentum=97.73; 2026-07-15 ratio=100.19 momentum=96.45; 2026-07-16 ratio=100.02 momentum=95.01; 2026-07-17 ratio=99.83 momentum=96.49; 2026-07-20 ratio=99.98 momentum=97.81,66.04
stock,Petronet LNG,PETRONET.NS,LPG/CNG/PNG/LNG Supplier,"Oil, Gas & Consumable Fuels",41497.5,3.61,1370.74,25.19,9442.09,-23.33,10.61,22.74,,not_stage_2,2,275.05,279.55,0.05,0.01135,"{'price_above_30w_ma': False, '30w_ma_rising': True, 'price_above_10w_ma': False, 'relative_strength_positive': False, 'near_52w_high': True}",improving,lagging,99.02,101.11,-0.46,3.89,False,False,2026-07-14 ratio=99.48 momentum=97.22; 2026-07-15 ratio=99.84 momentum=99.34; 2026-07-16 ratio=99.43 momentum=101.01; 2026-07-17 ratio=98.58 momentum=99.17; 2026-07-20 ratio=99.02 momentum=101.11,45.65
stock,Gujarat Energy,GUJENERGY.NS,LPG/CNG/PNG/LNG Supplier,"Oil, Gas & Consumable Fuels",25050.76,2.18,151.8,-27.01,5791.85,41.2,14.07,18.49,,not_stage_2,0,271.65,372.2,-3.89,0.01121,"{'price_above_30w_ma': False, '30w_ma_rising': False, 'price_above_10w_ma': False, 'relative_strength_positive': False, 'near_52w_high': False}",improving,improving,98.11,103.1,0.09,1.34,False,True,2026-07-14 ratio=98.03 momentum=101.76; 2026-07-15 ratio=98.15 momentum=101.60; 2026-07-16 ratio=98.32 momentum=103.74; 2026-07-17 ratio=98.17 momentum=103.23; 2026-07-20 ratio=98.11 momentum=103.10,15.5
stock,Indraprastha Gas,IGL.NS,LPG/CNG/PNG/LNG Supplier,"Oil, Gas & Consumable Fuels",21513.82,2.77,338.75,-25.18,4162.69,5.45,13.88,17.9,,not_stage_2,0,154.66,164.61,-2.95,0.00638,"{'price_above_30w_ma': False, '30w_ma_rising': False, 'price_above_10w_ma': False, 'relative_strength_positive': False, 'near_52w_high': False}",improving,lagging,98.84,104.28,0.5,8.99,False,True,2026-07-14 ratio=98.34 momentum=95.29; 2026-07-15 ratio=98.36 momentum=100.65; 2026-07-16 ratio=98.78 momentum=102.12; 2026-07-17 ratio=98.49 momentum=102.25; 2026-07-20 ratio=98.84 momentum=104.28,21.4
stock,Mahanagar Gas,MGL.NS,LPG/CNG/PNG/LNG Supplier,"Oil, Gas & Consumable Fuels",10681.83,2.77,131.92,-45.56,2051.22,4.52,12.61,18.28,,not_stage_2,1,1090.9,1094.74,-0.41,0.04501,"{'price_above_30w_ma': False, '30w_ma_rising': False, 'price_above_10w_ma': False, 'relative_strength_positive': False, 'near_52w_high': True}",lagging,lagging,98.99,98.5,-0.85,2.0,False,False,2026-07-14 ratio=99.84 momentum=96.49; 2026-07-15 ratio=99.43 momentum=94.49; 2026-07-16 ratio=99.61 momentum=97.25; 2026-07-17 ratio=99.07 momentum=97.57; 2026-07-20 ratio=98.99 momentum=98.50,20.0
stock,Confidence Petro,CONFIPET.NS,LPG/CNG/PNG/LNG Supplier,"Oil, Gas & Consumable Fuels",2513.4,0.13,34.39,37.5,1215.69,31.45,27.06,9.23,,stage_2,5,76.66,51.37,11.5,0.00316,"{'price_above_30w_ma': True, '30w_ma_rising': True, 'price_above_10w_ma': True, 'relative_strength_positive': True, 'near_52w_high': True}",leading,weakening,100.96,101.11,0.25,2.16,True,False,2026-07-14 ratio=100.71 momentum=98.95; 2026-07-15 ratio=100.91 momentum=98.23; 2026-07-16 ratio=100.90 momentum=97.99; 2026-07-17 ratio=100.41 momentum=97.98; 2026-07-20 ratio=100.96 momentum=101.11,188.35
stock,IRM Energy,IRMENERGY.NS,LPG/CNG/PNG/LNG Supplier,"Oil, Gas & Consumable Fuels",1070.63,0.58,12.76,190.66,279.67,4.41,20.12,8.63,,not_stage_2,1,260.45,252.93,-0.98,0.01075,"{'price_above_30w_ma': True, '30w_ma_rising': False, 'price_above_10w_ma': False, 'relative_strength_positive': False, 'near_52w_high': False}",lagging,lagging,98.85,97.83,-0.45,-1.48,False,False,2026-07-14 ratio=99.29 momentum=99.31; 2026-07-15 ratio=99.07 momentum=97.52; 2026-07-16 ratio=99.14 momentum=94.68; 2026-07-17 ratio=98.85 momentum=95.87; 2026-07-20 ratio=98.85 momentum=97.83,20.0
stock,Life Insurance,LICI.NS,Life Insurance,Financial Services,543570.3,2.33,23467.18,23.26,276743.77,13.82,9.46,35.14,,stage_2,5,433.0,413.12,0.16,0.01786,"{'price_above_30w_ma': True, '30w_ma_rising': True, 'price_above_10w_ma': True, 'relative_strength_positive': True, 'near_52w_high': True}",leading,weakening,100.66,100.09,-0.6,1.72,False,False,2026-07-14 ratio=101.26 momentum=98.37; 2026-07-15 ratio=101.48 momentum=99.03; 2026-07-16 ratio=101.33 momentum=100.11; 2026-07-17 ratio=100.57 momentum=99.00; 2026-07-20 ratio=100.66 momentum=100.09,149.07
stock,SBI Life Insuran,SBILIFE.NS,Life Insurance,Financial Services,183382.34,0.15,804.64,-1.09,4071.03,-82.35,74.23,14.95,,not_stage_2,2,1824.5,1899.36,-1.37,0.07527,"{'price_above_30w_ma': False, '30w_ma_rising': False, 'price_above_10w_ma': True, 'relative_strength_positive': False, 'near_52w_high': True}",improving,leading,99.59,102.43,-0.61,0.34,False,False,2026-07-14 ratio=100.20 momentum=102.09; 2026-07-15 ratio=100.67 momentum=102.11; 2026-07-16 ratio=99.77 momentum=101.49; 2026-07-17 ratio=99.53 momentum=101.29; 2026-07-20 ratio=99.59 momentum=102.43,52.15
stock,HDFC Life Insur.,HDFCLIFE.NS,Life Insurance,Financial Services,121875.85,0.37,611.19,11.46,33758.51,14.58,61.7,10.3,,not_stage_2,0,564.65,634.27,-4.02,0.0233,"{'price_above_30w_ma': False, '30w_ma_rising': False, 'price_above_10w_ma': False, 'relative_strength_positive': False, 'near_52w_high': False}",improving,lagging,98.74,103.07,0.42,4.95,False,True,2026-07-14 ratio=98.32 momentum=98.12; 2026-07-15 ratio=98.93 momentum=101.67; 2026-07-16 ratio=98.93 momentum=101.66; 2026-07-17 ratio=98.55 momentum=101.31; 2026-07-20 ratio=98.74 momentum=103.07,15.35
stock,ICICI Pru Life,ICICIPRULI.NS,Life Insurance,Financial Services,72612.6,0.33,623.91,61.94,3185.46,-79.69,45.16,10.14,,not_stage_2,1,498.4,563.32,-3.33,0.02056,"{'price_above_30w_ma': False, '30w_ma_rising': False, 'price_above_10w_ma': True, 'relative_strength_positive': False, 'near_52w_high': False}",improving,improving,99.44,101.65,-0.29,0.15,False,False,2026-07-14 ratio=99.73 momentum=101.51; 2026-07-15 ratio=100.55 momentum=102.25; 2026-07-16 ratio=99.93 momentum=101.28; 2026-07-17 ratio=99.28 momentum=101.08; 2026-07-20 ratio=99.44 momentum=101.65,28.25
stock,Max Financial,MFSL.NS,Life Insurance,Financial Services,53126.97,0.0,-31.52,-184.35,10801.94,-12.72,639.47,2.95,,not_stage_2,1,1543.1,1644.7,-0.92,0.06366,"{'price_above_30w_ma': False, '30w_ma_rising': False, 'price_above_10w_ma': False, 'relative_strength_positive': False, 'near_52w_high': True}",lagging,improving,97.79,99.75,-1.48,-1.31,False,False,2026-07-14 ratio=99.26 momentum=101.06; 2026-07-15 ratio=99.20 momentum=100.10; 2026-07-16 ratio=98.46 momentum=98.70; 2026-07-17 ratio=97.38 momentum=98.36; 2026-07-20 ratio=97.79 momentum=99.75,20.0
stock,Canara HSBC,CANHLIFE.NS,Life Insurance,Financial Services,14687.95,0.0,28.14,20.15,4350.86,19.81,111.84,8.35,,stage_2,5,149.77,143.61,1.47,0.00618,"{'price_above_30w_ma': True, '30w_ma_rising': True, 'price_above_10w_ma': True, 'relative_strength_positive': True, 'near_52w_high': True}",leading,leading,101.89,102.09,-0.49,-0.46,False,False,2026-07-14 ratio=102.38 momentum=102.56; 2026-07-15 ratio=103.96 momentum=103.06; 2026-07-16 ratio=103.55 momentum=102.33; 2026-07-17 ratio=101.83 momentum=101.28; 2026-07-20 ratio=101.89 momentum=102.09,167.84
stock,Container Corpn.,CONCOR.NS,Logistics Solution Provider,Services,37444.95,1.87,263.5,-12.39,2263.3,-1.07,30.15,12.41,,not_stage_2,4,499.0,487.1,-0.68,0.02059,"{'price_above_30w_ma': True, '30w_ma_rising': False, 'price_above_10w_ma': True, 'relative_strength_positive': True, 'near_52w_high': True}",leading,leading,100.47,101.72,0.2,-0.13,False,False,2026-07-14 ratio=100.27 momentum=101.85; 2026-07-15 ratio=100.26 momentum=101.34; 2026-07-16 ratio=100.19 momentum=101.47; 2026-07-17 ratio=99.87 momentum=100.33; 2026-07-20 ratio=100.47 momentum=101.72,110.95
stock,Delhivery,DELHIVERY.NS,Logistics Solution Provider,Services,36310.42,0.0,72.4,-2.29,2850.0,30.04,203.42,2.82,,stage_2,5,486.85,445.66,2.9,0.02009,"{'price_above_30w_ma': True, '30w_ma_rising': True, 'price_above_10w_ma': True, 'relative_strength_positive': True, 'near_52w_high': True}",weakening,leading,100.38,96.79,-1.46,-4.4,False,False,2026-07-14 ratio=101.84 momentum=101.19; 2026-07-15 ratio=101.12 momentum=95.33; 2026-07-16 ratio=101.01 momentum=96.48; 2026-07-17 ratio=100.54 momentum=97.19; 2026-07-20 ratio=100.38 momentum=96.79,132.7
stock,Shadowfax Technologies,SHADOWFAX.NS,Logistics Solution Provider,Services,12839.54,0.0,55.27,648.31,1205.81,73.62,111.47,9.66,,insufficient_data,0,,,,,{},weakening,weakening,100.59,98.45,0.45,1.73,False,False,2026-07-14 ratio=100.14 momentum=96.72; 2026-07-15 ratio=99.95 momentum=96.07; 2026-07-16 ratio=99.83 momentum=96.87; 2026-07-17 ratio=100.67 momentum=99.15; 2026-07-20 ratio=100.59 momentum=98.45,2.95
stock,Blue Dart Expres,BLUEDART.NS,Logistics Solution Provider,Services,11556.04,0.51,48.85,-11.26,1533.47,8.2,41.2,16.64,,not_stage_2,1,4883.0,5210.99,-1.41,0.20146,"{'price_above_30w_ma': False, '30w_ma_rising': False, 'price_above_10w_ma': True, 'relative_strength_positive': False, 'near_52w_high': False}",improving,improving,99.38,100.11,-0.21,-1.71,False,False,2026-07-14 ratio=99.60 momentum=101.82; 2026-07-15 ratio=99.68 momentum=101.81; 2026-07-16 ratio=99.67 momentum=102.02; 2026-07-17 ratio=99.52 momentum=102.76; 2026-07-20 ratio=99.38 momentum=100.11,20.55
stock,Transport Corp.,TCI.NS,Logistics Solution Provider,Services,7152.98,1.07,124.5,8.23,1323.8,12.3,15.77,19.45,,not_stage_2,2,930.15,976.38,-1.58,0.03837,"{'price_above_30w_ma': False, '30w_ma_rising': False, 'price_above_10w_ma': True, 'relative_strength_positive': False, 'near_52w_high': True}",improving,lagging,99.46,101.51,-0.03,1.89,False,False,2026-07-14 ratio=99.50 momentum=99.61; 2026-07-15 ratio=99.65 momentum=101.00; 2026-07-16 ratio=99.78 momentum=100.37; 2026-07-17 ratio=99.31 momentum=100.07; 2026-07-20 ratio=99.46 momentum=101.51,47.55
stock,TVS Supply,TVSSCS.NS,Logistics Solution Provider,Services,5967.4,0.0,18.36,543.4,3032.22,21.35,32.07,10.06,,stage_2,5,136.15,117.05,3.58,0.00562,"{'price_above_30w_ma': True, '30w_ma_rising': True, 'price_above_10w_ma': True, 'relative_strength_positive': True, 'near_52w_high': True}",weakening,weakening,100.68,98.22,-0.63,-1.0,False,False,2026-07-14 ratio=101.31 momentum=99.22; 2026-07-15 ratio=101.15 momentum=97.12; 2026-07-16 ratio=101.11 momentum=98.34; 2026-07-17 ratio=100.58 momentum=97.75; 2026-07-20 ratio=100.68 momentum=98.22,135.56
stock,VRL Logistics,VRLLOG.NS,Logistics Solution Provider,Services,4261.47,3.08,72.14,-2.87,852.85,5.42,17.63,18.27,,not_stage_2,1,229.56,252.14,-1.88,0.00947,"{'price_above_30w_ma': False, '30w_ma_rising': False, 'price_above_10w_ma': False, 'relative_strength_positive': False, 'near_52w_high': True}",lagging,lagging,98.55,96.23,-0.04,-2.57,False,False,2026-07-14 ratio=98.59 momentum=98.80; 2026-07-15 ratio=98.64 momentum=97.35; 2026-07-16 ratio=98.68 momentum=98.08; 2026-07-17 ratio=98.69 momentum=99.69; 2026-07-20 ratio=98.55 momentum=96.23,20.0
stock,Mahindra Logis.,MAHLOG.NS,Logistics Solution Provider,Services,3881.09,0.64,27.83,335.09,2002.88,23.29,98.49,7.36,,stage_2,5,393.05,368.27,2.66,0.01622,"{'price_above_30w_ma': True, '30w_ma_rising': True, 'price_above_10w_ma': True, 'relative_strength_positive': True, 'near_52w_high': True}",leading,leading,101.31,101.6,-0.05,-2.06,False,False,2026-07-14 ratio=101.36 momentum=103.66; 2026-07-15 ratio=101.11 momentum=104.70; 2026-07-16 ratio=101.15 momentum=103.07; 2026-07-17 ratio=100.84 momentum=100.50; 2026-07-20 ratio=101.31 momentum=101.60,164.87
stock,Gateway Distri,GATEWAY.NS,Logistics Solution Provider,Services,2912.92,3.43,63.7,25.51,533.65,-0.24,11.3,10.83,,not_stage_2,3,58.26,57.58,-0.23,0.0024,"{'price_above_30w_ma': True, '30w_ma_rising': False, 'price_above_10w_ma': True, 'relative_strength_positive': False, 'near_52w_high': True}",lagging,leading,99.49,96.2,-1.13,-4.75,False,False,2026-07-14 ratio=100.62 momentum=100.95; 2026-07-15 ratio=100.24 momentum=99.26; 2026-07-16 ratio=100.07 momentum=97.39; 2026-07-17 ratio=99.22 momentum=95.46; 2026-07-20 ratio=99.49 momentum=96.20,60.0
stock,TCI Express,TCIEXP.NS,Logistics Solution Provider,Services,2251.54,1.37,16.03,-9.5,328.08,6.77,27.29,13.76,,not_stage_2,4,577.65,531.49,-0.46,0.02383,"{'price_above_30w_ma': True, '30w_ma_rising': False, 'price_above_10w_ma': True, 'relative_strength_positive': True, 'near_52w_high': True}",leading,leading,101.7,102.78,0.56,1.36,False,False,2026-07-14 ratio=101.14 momentum=101.42; 2026-07-15 ratio=101.44 momentum=101.80; 2026-07-16 ratio=101.95 momentum=102.12; 2026-07-17 ratio=101.74 momentum=102.23; 2026-07-20 ratio=101.70 momentum=102.78,122.4
stock,Castrol India,CASTROLIND.NS,Lubricants,"Oil, Gas & Consumable Fuels",18277.0,4.74,242.18,3.74,1545.24,8.67,18.75,60.27,,not_stage_2,3,184.27,184.23,-0.26,0.0076,"{'price_above_30w_ma': True, '30w_ma_rising': False, 'price_above_10w_ma': True, 'relative_strength_positive': False, 'near_52w_high': True}",improving,lagging,98.78,102.15,-0.26,4.13,False,False,2026-07-14 ratio=99.04 momentum=98.02; 2026-07-15 ratio=99.08 momentum=98.92; 2026-07-16 ratio=99.48 momentum=100.78; 2026-07-17 ratio=98.52 momentum=100.00; 2026-07-20 ratio=98.78 momentum=102.15,70.75
stock,Gulf Oil Lubric.,GULFOILLUB.NS,Lubricants,"Oil, Gas & Consumable Fuels",4903.52,4.85,90.02,-1.75,1040.24,13.68,13.35,27.46,,not_stage_2,2,999.8,1016.11,-1.92,0.04125,"{'price_above_30w_ma': False, '30w_ma_rising': False, 'price_above_10w_ma': True, 'relative_strength_positive': False, 'near_52w_high': True}",lagging,weakening,99.99,96.33,-0.84,1.66,False,False,2026-07-14 ratio=100.83 momentum=94.67; 2026-07-15 ratio=100.65 momentum=97.37; 2026-07-16 ratio=100.69 momentum=97.92; 2026-07-17 ratio=100.16 momentum=96.99; 2026-07-20 ratio=99.99 momentum=96.33,40.0
stock,Savita Oil Tech,SOTL.NS,Lubricants,"Oil, Gas & Consumable Fuels",4125.62,0.66,50.34,45.79,1223.96,21.71,21.28,15.68,,stage_2,5,589.65,420.25,7.0,0.02433,"{'price_above_30w_ma': True, '30w_ma_rising': True, 'price_above_10w_ma': True, 'relative_strength_positive': True, 'near_52w_high': True}",weakening,leading,100.91,99.03,-0.07,-2.35,False,False,2026-07-14 ratio=100.98 momentum=101.38; 2026-07-15 ratio=101.16 momentum=102.48; 2026-07-16 ratio=100.90 momentum=102.01; 2026-07-17 ratio=100.78 momentum=100.91; 2026-07-20 ratio=100.91 momentum=99.03,143.55
stock,Panama Petrochem,PANAMAPET.NS,Lubricants,"Oil, Gas & Consumable Fuels",2778.77,0.65,71.08,60.56,822.77,18.35,13.08,19.15,,stage_2,5,453.3,322.21,6.57,0.0187,"{'price_above_30w_ma': True, '30w_ma_rising': True, 'price_above_10w_ma': True, 'relative_strength_positive': True, 'near_52w_high': True}",weakening,weakening,101.31,99.42,0.45,2.65,False,False,2026-07-14 ratio=100.86 momentum=96.77; 2026-07-15 ratio=100.95 momentum=98.17; 2026-07-16 ratio=100.93 momentum=97.88; 2026-07-17 ratio=100.68 momentum=97.18; 2026-07-20 ratio=101.31 momentum=99.42,144.69
stock,Veedol Corporat,VEEDOL.NS,Lubricants,"Oil, Gas & Consumable Fuels",2448.77,4.13,57.46,-3.75,606.98,14.04,12.78,24.23,,not_stage_2,0,1396.6,1429.16,-1.95,0.05762,"{'price_above_30w_ma': False, '30w_ma_rising': False, 'price_above_10w_ma': False, 'relative_strength_positive': False, 'near_52w_high': False}",lagging,lagging,97.41,97.95,-1.5,1.8,False,False,2026-07-14 ratio=98.92 momentum=96.15; 2026-07-15 ratio=99.25 momentum=99.66; 2026-07-16 ratio=99.37 momentum=98.14; 2026-07-17 ratio=97.40 momentum=96.42; 2026-07-20 ratio=97.41 momentum=97.95,0.0
stock,Gandhar Oil Ref.,GANDHAR.NS,Lubricants,"Oil, Gas & Consumable Fuels",2223.53,0.33,37.05,248.59,1093.37,13.69,16.43,13.19,,stage_2,5,228.32,156.04,6.39,0.00942,"{'price_above_30w_ma': True, '30w_ma_rising': True, 'price_above_10w_ma': True, 'relative_strength_positive': True, 'near_52w_high': True}",leading,leading,102.82,104.11,0.66,3.57,False,False,2026-07-14 ratio=102.15 momentum=100.55; 2026-07-15 ratio=102.23 momentum=101.42; 2026-07-16 ratio=102.35 momentum=101.90; 2026-07-17 ratio=101.92 momentum=100.79; 2026-07-20 ratio=102.82 momentum=104.11,192.43
stock,GP Petroleums,GULFPETRO.NS,Lubricants,"Oil, Gas & Consumable Fuels",195.22,0.0,9.33,19.72,162.66,-10.95,6.76,10.9,,not_stage_2,3,36.54,34.2,0.81,0.00151,"{'price_above_30w_ma': True, '30w_ma_rising': True, 'price_above_10w_ma': False, 'relative_strength_positive': False, 'near_52w_high': True}",lagging,weakening,99.37,97.49,-0.84,-0.38,False,False,2026-07-14 ratio=100.21 momentum=97.88; 2026-07-15 ratio=100.17 momentum=98.15; 2026-07-16 ratio=100.14 momentum=95.95; 2026-07-17 ratio=99.52 momentum=96.71; 2026-07-20 ratio=99.37 momentum=97.49,61.62
stock,Arabian Petrol.,ARABIAN.NS,Lubricants,"Oil, Gas & Consumable Fuels",73.25,0.0,5.21,3.37,200.25,36.98,6.51,18.41,,not_stage_2,1,67.25,69.89,-0.25,0.00277,"{'price_above_30w_ma': False, '30w_ma_rising': False, 'price_above_10w_ma': False, 'relative_strength_positive': False, 'near_52w_high': True}",lagging,improving,99.0,98.04,-0.77,-3.42,False,False,2026-07-14 ratio=99.77 momentum=101.45; 2026-07-15 ratio=99.08 momentum=99.43; 2026-07-16 ratio=99.12 momentum=98.59; 2026-07-17 ratio=98.87 momentum=97.57; 2026-07-20 ratio=99.00 momentum=98.04,20.0
stock,Sundrex Oil,SOCL.NS,Lubricants,"Oil, Gas & Consumable Fuels",39.98,0.0,2.9,-16.18,67.25,96.29,7.52,21.24,,insufficient_data,0,,,,,{},insufficient_data,insufficient_data,,,,,False,False,,0.0
stock,Venky's (India),VENKEYS.NS,Meat Products including Poultry,Fast Moving Consumer Goods,2152.12,0.65,101.37,662.18,1100.47,30.52,15.46,11.89,,stage_2,5,1522.3,1452.12,0.57,0.06281,"{'price_above_30w_ma': True, '30w_ma_rising': True, 'price_above_10w_ma': True, 'relative_strength_positive': True, 'near_52w_high': True}",leading,leading,100.31,102.87,0.2,0.87,False,False,2026-07-14 ratio=100.12 momentum=102.00; 2026-07-15 ratio=100.07 momentum=102.20; 2026-07-16 ratio=99.89 momentum=101.71; 2026-07-17 ratio=99.39 momentum=100.97; 2026-07-20 ratio=100.31 momentum=102.87,162.04
stock,SKM Egg Prod.,SKMEGGPROD.NS,Meat Products including Poultry,Fast Moving Consumer Goods,1651.94,0.24,32.79,414.65,186.65,58.93,15.92,30.0,,stage_2,5,319.35,204.13,7.57,0.01318,"{'price_above_30w_ma': True, '30w_ma_rising': True, 'price_above_10w_ma': True, 'relative_strength_positive': True, 'near_52w_high': True}",weakening,weakening,101.21,97.64,-0.9,-2.12,False,False,2026-07-14 ratio=102.11 momentum=99.76; 2026-07-15 ratio=101.69 momentum=96.73; 2026-07-16 ratio=101.56 momentum=97.47; 2026-07-17 ratio=101.23 momentum=97.23; 2026-07-20 ratio=101.21 momentum=97.64,146.19
stock,HMA Agro Inds.,HMAAGRO.NS,Meat Products including Poultry,Fast Moving Consumer Goods,1089.68,1.38,8.23,-39.71,1579.1,5.3,6.61,15.99,,not_stage_2,0,21.72,24.53,-3.78,0.0009,"{'price_above_30w_ma': False, '30w_ma_rising': False, 'price_above_10w_ma': False, 'relative_strength_positive': False, 'near_52w_high': False}",improving,improving,98.65,103.47,0.02,0.67,False,True,2026-07-14 ratio=98.63 momentum=102.80; 2026-07-15 ratio=98.63 momentum=101.93; 2026-07-16 ratio=98.86 momentum=101.74; 2026-07-17 ratio=98.73 momentum=101.81; 2026-07-20 ratio=98.65 momentum=103.47,17.35
stock,Prime Focus,PFOCUS.NS,Media & Entertainment,"Media, Entertainment & Publication",22473.19,0.0,117.7,-24.77,1384.47,41.42,95.69,11.5,,stage_2,5,284.11,265.21,2.77,0.01172,"{'price_above_30w_ma': True, '30w_ma_rising': True, 'price_above_10w_ma': True, 'relative_strength_positive': True, 'near_52w_high': True}",leading,leading,101.57,102.67,0.59,-0.73,False,False,2026-07-14 ratio=100.98 momentum=103.40; 2026-07-15 ratio=100.66 momentum=102.32; 2026-07-16 ratio=101.83 momentum=102.78; 2026-07-17 ratio=101.67 momentum=102.65; 2026-07-20 ratio=101.57 momentum=102.67,171.74
stock,Saregama India,SAREGAMA.NS,Media & Entertainment,"Media, Entertainment & Publication",9952.83,0.87,74.14,35.42,287.44,19.36,46.67,17.76,,stage_2,5,514.15,385.71,4.89,0.02121,"{'price_above_30w_ma': True, '30w_ma_rising': True, 'price_above_10w_ma': True, 'relative_strength_positive': True, 'near_52w_high': True}",leading,weakening,101.37,101.33,0.48,3.34,True,False,2026-07-14 ratio=100.89 momentum=97.99; 2026-07-15 ratio=100.99 momentum=98.55; 2026-07-16 ratio=100.95 momentum=98.48; 2026-07-17 ratio=100.92 momentum=99.32; 2026-07-20 ratio=101.37 momentum=101.33,178.28
stock,Tips Music,TIPSMUSIC.NS,Media & Entertainment,"Media, Entertainment & Publication",9104.17,1.83,59.06,92.94,103.93,32.41,42.0,122.19,,stage_2,5,710.55,597.52,3.68,0.02931,"{'price_above_30w_ma': True, '30w_ma_rising': True, 'price_above_10w_ma': True, 'relative_strength_positive': True, 'near_52w_high': True}",leading,leading,101.73,100.77,-0.04,-2.46,False,False,2026-07-14 ratio=101.77 momentum=103.23; 2026-07-15 ratio=100.00 momentum=99.76; 2026-07-16 ratio=100.38 momentum=99.54; 2026-07-17 ratio=99.80 momentum=98.74; 2026-07-20 ratio=101.73 momentum=100.77,164.86
stock,Netwrk.18 Media,NETWORK18.NS,Media & Entertainment,"Media, Entertainment & Publication",4558.15,0.0,-38.36,-2074.55,516.26,10.34,,3.02,,not_stage_2,0,29.89,34.05,-4.48,0.00123,"{'price_above_30w_ma': False, '30w_ma_rising': False, 'price_above_10w_ma': False, 'relative_strength_positive': False, 'near_52w_high': False}",lagging,improving,97.85,97.62,-1.62,-3.3,False,False,2026-07-14 ratio=99.47 momentum=100.92; 2026-07-15 ratio=99.30 momentum=99.11; 2026-07-16 ratio=98.13 momentum=96.28; 2026-07-17 ratio=97.73 momentum=96.23; 2026-07-20 ratio=97.85 momentum=97.62,0.0
stock,Balaji Telefilms,BALAJITELE.NS,Media & Entertainment,"Media, Entertainment & Publication",1055.92,0.0,-14.16,-114.98,47.62,-28.12,,-9.54,,not_stage_2,0,87.65,94.14,-2.65,0.00362,"{'price_above_30w_ma': False, '30w_ma_rising': False, 'price_above_10w_ma': False, 'relative_strength_positive': False, 'near_52w_high': False}",lagging,improving,99.3,99.12,-0.4,-4.37,False,False,2026-07-14 ratio=99.70 momentum=103.48; 2026-07-15 ratio=99.69 momentum=102.22; 2026-07-16 ratio=99.55 momentum=101.89; 2026-07-17 ratio=99.33 momentum=98.66; 2026-07-20 ratio=99.30 momentum=99.12,0.0
stock,Ent.Network,ENIL.NS,Media & Entertainment,"Media, Entertainment & Publication",510.88,1.87,8.27,-18.52,142.14,-10.16,261.99,-0.75,,not_stage_2,0,108.49,110.65,-0.92,0.00448,"{'price_above_30w_ma': False, '30w_ma_rising': False, 'price_above_10w_ma': False, 'relative_strength_positive': False, 'near_52w_high': False}",improving,improving,99.33,103.31,0.42,1.33,False,True,2026-07-14 ratio=98.91 momentum=101.99; 2026-07-15 ratio=98.80 momentum=101.65; 2026-07-16 ratio=98.86 momentum=102.00; 2026-07-17 ratio=99.06 momentum=104.35; 2026-07-20 ratio=99.33 momentum=103.31,16.55
stock,Basilic Fly Stud,BASILIC.NS,Media & Entertainment,"Media, Entertainment & Publication",498.98,0.0,15.4,-29.81,113.4,-15.12,9.77,22.32,,not_stage_2,0,198.5,231.31,-6.84,0.00819,"{'price_above_30w_ma': False, '30w_ma_rising': False, 'price_above_10w_ma': False, 'relative_strength_positive': False, 'near_52w_high': False}",improving,improving,98.78,104.7,-0.14,2.66,False,False,2026-07-14 ratio=98.92 momentum=102.03; 2026-07-15 ratio=98.91 momentum=102.00; 2026-07-16 ratio=98.86 momentum=99.52; 2026-07-17 ratio=98.77 momentum=98.37; 2026-07-20 ratio=98.78 momentum=104.70,23.5
stock,Gretex Industrie,GRETEX.NS,Media & Entertainment,"Media, Entertainment & Publication",471.38,0.0,0.1,-92.09,27.6,43.97,336.7,3.01,,stage_2,5,304.0,258.11,5.89,0.01254,"{'price_above_30w_ma': True, '30w_ma_rising': True, 'price_above_10w_ma': True, 'relative_strength_positive': True, 'near_52w_high': True}",leading,leading,101.77,102.77,0.36,-0.16,False,False,2026-07-14 ratio=101.40 momentum=102.93; 2026-07-15 ratio=102.08 momentum=102.60; 2026-07-16 ratio=102.01 momentum=102.56; 2026-07-17 ratio=101.76 momentum=102.18; 2026-07-20 ratio=101.77 momentum=102.77,179.48
stock,Shemaroo Entert.,SHEMAROO.NS,Media & Entertainment,"Media, Entertainment & Publication",363.64,0.0,-71.97,-1308.59,139.48,-31.72,,-39.45,,stage_2,4,120.75,106.08,2.14,0.00498,"{'price_above_30w_ma': True, '30w_ma_rising': True, 'price_above_10w_ma': True, 'relative_strength_positive': False, 'near_52w_high': True}",weakening,weakening,100.29,98.02,-0.56,1.4,False,False,2026-07-14 ratio=100.85 momentum=96.61; 2026-07-15 ratio=100.70 momentum=95.72; 2026-07-16 ratio=100.91 momentum=99.95; 2026-07-17 ratio=100.35 momentum=96.97; 2026-07-20 ratio=100.29 momentum=98.02,110.73
stock,Phantom Digital,PHANTOMFX.NS,Media & Entertainment,"Media, Entertainment & Publication",289.24,0.0,20.69,150.18,84.98,139.11,8.87,17.61,,not_stage_2,2,183.95,196.25,-4.21,0.00759,"{'price_above_30w_ma': False, '30w_ma_rising': False, 'price_above_10w_ma': True, 'relative_strength_positive': True, 'near_52w_high': False}",lagging,leading,99.85,99.9,-0.5,-2.24,False,False,2026-07-14 ratio=100.35 momentum=102.14; 2026-07-15 ratio=100.15 momentum=102.46; 2026-07-16 ratio=100.04 momentum=103.26; 2026-07-17 ratio=99.47 momentum=102.55; 2026-07-20 ratio=99.85 momentum=99.90,40.0
stock,Poly Medicure,POLYMED.NS,Medical Equipment & Supplies,Healthcare,17189.56,0.21,65.04,-27.81,534.51,21.25,52.53,14.04,,not_stage_2,4,1720.9,1492.73,-1.34,0.071,"{'price_above_30w_ma': True, '30w_ma_rising': False, 'price_above_10w_ma': True, 'relative_strength_positive': True, 'near_52w_high': True}",leading,weakening,101.23,100.47,0.28,3.07,True,False,2026-07-14 ratio=100.95 momentum=97.39; 2026-07-15 ratio=101.37 momentum=99.93; 2026-07-16 ratio=101.39 momentum=97.97; 2026-07-17 ratio=100.82 momentum=98.37; 2026-07-20 ratio=101.23 momentum=100.47,118.5
stock,Fischer Medical,FISCHER.NS,Medical Equipment & Supplies,Healthcare,2616.75,0.01,-7.1,-641.98,97.73,98.76,84.36,11.43,,not_stage_2,3,39.92,38.17,-1.88,0.00165,"{'price_above_30w_ma': True, '30w_ma_rising': False, 'price_above_10w_ma': True, 'relative_strength_positive': True, 'near_52w_high': False}",leading,weakening,101.51,103.24,0.78,7.02,True,False,2026-07-14 ratio=100.72 momentum=96.22; 2026-07-15 ratio=101.03 momentum=96.16; 2026-07-16 ratio=101.02 momentum=99.83; 2026-07-17 ratio=101.14 momentum=99.78; 2026-07-20 ratio=101.51 momentum=103.24,113.75
stock,Tarsons Products,TARSONS.NS,Medical Equipment & Supplies,Healthcare,1660.3,0.0,4.18,-60.59,120.93,7.31,110.25,4.56,,stage_2,5,281.35,218.95,3.58,0.01161,"{'price_above_30w_ma': True, '30w_ma_rising': True, 'price_above_10w_ma': True, 'relative_strength_positive': True, 'near_52w_high': True}",weakening,weakening,101.0,96.92,-1.19,-2.91,False,False,2026-07-14 ratio=102.19 momentum=99.82; 2026-07-15 ratio=101.74 momentum=100.00; 2026-07-16 ratio=101.69 momentum=99.89; 2026-07-17 ratio=101.18 momentum=98.86; 2026-07-20 ratio=101.00 momentum=96.92,137.16
stock,Laxmi Dental,LAXMIDENTL.NS,Medical Equipment & Supplies,Healthcare,1235.77,0.0,10.1,149.5,73.95,21.89,36.95,14.86,,not_stage_2,1,224.21,209.44,-2.55,0.00925,"{'price_above_30w_ma': True, '30w_ma_rising': False, 'price_above_10w_ma': False, 'relative_strength_positive': False, 'near_52w_high': False}",lagging,lagging,99.83,98.52,0.02,1.03,False,False,2026-07-14 ratio=99.81 momentum=97.49; 2026-07-15 ratio=99.90 momentum=98.60; 2026-07-16 ratio=100.00 momentum=98.90; 2026-07-17 ratio=99.53 momentum=95.06; 2026-07-20 ratio=99.83 momentum=98.52,20.0
stock,Q-Line Biotech,QLINE.NS,Medical Equipment & Supplies,Healthcare,1193.0,0.0,34.41,147.29,197.94,-8.59,21.12,22.46,,insufficient_data,0,,,,,{},insufficient_data,insufficient_data,,,,,False,False,,0.0
stock,OSEL Devices,OSELDEVICE.NS,Medical Equipment & Supplies,Healthcare,798.44,0.0,14.06,16.78,145.81,47.1,27.3,24.4,,insufficient_data,0,,,,,{},insufficient_data,insufficient_data,,,,,False,False,,0.0
stock,Vasa Denticity,DENTALKART.NS,Medical Equipment & Supplies,Healthcare,748.37,0.0,1.36,-68.52,72.41,-0.54,69.42,9.21,,not_stage_2,2,420.25,444.48,-5.05,0.01734,"{'price_above_30w_ma': False, '30w_ma_rising': False, 'price_above_10w_ma': True, 'relative_strength_positive': True, 'near_52w_high': False}",leading,lagging,100.57,102.77,1.59,3.9,True,False,2026-07-14 ratio=98.98 momentum=98.87; 2026-07-15 ratio=99.45 momentum=101.36; 2026-07-16 ratio=100.09 momentum=102.24; 2026-07-17 ratio=100.95 momentum=103.17; 2026-07-20 ratio=100.57 momentum=102.77,86.7
stock,Aprameya Enginee,APRAMEYA.NS,Medical Equipment & Supplies,Healthcare,282.08,0.0,-1.72,-109.64,12.61,-90.03,55.97,12.64,,insufficient_data,0,,,,,{},insufficient_data,insufficient_data,,,,,False,False,,0.0
stock,Nureca,NURECA.NS,Medical Equipment & Supplies,Healthcare,278.81,0.0,3.07,279.01,40.34,18.02,64.24,3.3,,not_stage_2,4,282.46,265.79,-1.81,0.01165,"{'price_above_30w_ma': True, '30w_ma_rising': False, 'price_above_10w_ma': True, 'relative_strength_positive': True, 'near_52w_high': True}",leading,leading,101.27,102.62,0.27,-0.19,False,False,2026-07-14 ratio=100.99 momentum=102.80; 2026-07-15 ratio=100.79 momentum=102.19; 2026-07-16 ratio=100.82 momentum=102.13; 2026-07-17 ratio=101.07 momentum=102.47; 2026-07-20 ratio=101.27 momentum=102.62,119.45
stock,Vaidya Sane,MADHAVBAUG.NS,Medical Equipment & Supplies,Healthcare,215.0,0.0,4.16,-0.24,56.96,18.37,23.92,15.14,,not_stage_2,2,207.0,211.97,-4.88,0.00854,"{'price_above_30w_ma': False, '30w_ma_rising': False, 'price_above_10w_ma': True, 'relative_strength_positive': True, 'near_52w_high': False}",leading,improving,100.39,102.59,0.51,-0.36,False,False,2026-07-14 ratio=99.88 momentum=102.95; 2026-07-15 ratio=100.19 momentum=102.68; 2026-07-16 ratio=100.20 momentum=102.06; 2026-07-17 ratio=100.22 momentum=102.34; 2026-07-20 ratio=100.39 momentum=102.59,74.9
stock,CreditAcc. Gram.,CREDITACC.NS,Microfinance Institutions,Financial Services,24602.78,0.0,339.55,619.23,1597.27,13.55,31.64,9.98,,stage_2,5,1498.0,1317.37,2.44,0.0618,"{'price_above_30w_ma': True, '30w_ma_rising': True, 'price_above_10w_ma': True, 'relative_strength_positive': True, 'near_52w_high': True}",weakening,weakening,100.88,97.36,0.17,0.17,False,False,2026-07-14 ratio=100.72 momentum=97.20; 2026-07-15 ratio=100.76 momentum=97.84; 2026-07-16 ratio=100.97 momentum=97.81; 2026-07-17 ratio=100.60 momentum=97.29; 2026-07-20 ratio=100.88 momentum=97.36,134.28
stock,Muthoot Microfin,MUTHOOTMF.NS,Microfinance Institutions,Financial Services,4335.62,0.0,71.12,117.73,631.81,13.83,25.39,9.31,,stage_2,5,253.29,186.13,4.4,0.01045,"{'price_above_30w_ma': True, '30w_ma_rising': True, 'price_above_10w_ma': True, 'relative_strength_positive': True, 'near_52w_high': True}",leading,leading,102.44,101.48,-0.05,1.0,False,False,2026-07-14 ratio=102.49 momentum=100.48; 2026-07-15 ratio=102.63 momentum=100.33; 2026-07-16 ratio=102.36 momentum=100.68; 2026-07-17 ratio=101.90 momentum=99.74; 2026-07-20 ratio=102.44 momentum=101.48,173.4
stock,Fusion Finance,FUSION.NS,Microfinance Institutions,Financial Services,3682.68,0.0,114.19,169.39,424.02,-9.02,265.9,5.92,,stage_2,5,225.98,183.47,5.06,0.00932,"{'price_above_30w_ma': True, '30w_ma_rising': True, 'price_above_10w_ma': True, 'relative_strength_positive': True, 'near_52w_high': True}",weakening,leading,101.32,97.57,-0.44,-6.61,False,False,2026-07-14 ratio=101.76 momentum=104.18; 2026-07-15 ratio=101.57 momentum=101.04; 2026-07-16 ratio=101.40 momentum=98.24; 2026-07-17 ratio=101.28 momentum=95.82; 2026-07-20 ratio=101.32 momentum=97.57,141.72
stock,Satin Creditcare,SATIN.NS,Microfinance Institutions,Financial Services,2855.23,0.0,162.04,640.16,919.5,49.48,8.59,13.84,,stage_2,5,256.07,186.91,8.78,0.01056,"{'price_above_30w_ma': True, '30w_ma_rising': True, 'price_above_10w_ma': True, 'relative_strength_positive': True, 'near_52w_high': True}",weakening,leading,101.07,99.39,-0.66,-3.17,False,False,2026-07-14 ratio=101.73 momentum=102.56; 2026-07-15 ratio=101.37 momentum=100.28; 2026-07-16 ratio=101.81 momentum=101.25; 2026-07-17 ratio=100.95 momentum=98.96; 2026-07-20 ratio=101.07 momentum=99.39,147.91
stock,Spandana Sphoort,SPANDANA.NS,Microfinance Institutions,Financial Services,2446.94,0.0,5.49,101.34,238.44,-36.33,,-5.04,,stage_2,5,285.7,248.37,1.7,0.01179,"{'price_above_30w_ma': True, '30w_ma_rising': True, 'price_above_10w_ma': True, 'relative_strength_positive': True, 'near_52w_high': True}",weakening,leading,100.71,95.79,-1.25,-6.76,False,False,2026-07-14 ratio=101.96 momentum=102.55; 2026-07-15 ratio=101.88 momentum=101.48; 2026-07-16 ratio=101.67 momentum=100.23; 2026-07-17 ratio=101.23 momentum=96.64; 2026-07-20 ratio=100.71 momentum=95.79,131.95
stock,Bajaj Finance,BAJFINANCE.NS,Non Banking Financial Company (NBFC),Financial Services,665679.03,0.51,5553.3,21.99,21605.79,18.1,34.63,10.87,,stage_2,5,1064.0,946.7,0.35,0.0439,"{'price_above_30w_ma': True, '30w_ma_rising': True, 'price_above_10w_ma': True, 'relative_strength_positive': True, 'near_52w_high': True}",weakening,weakening,102.11,99.98,0.78,3.41,False,False,2026-07-14 ratio=101.33 momentum=96.58; 2026-07-15 ratio=101.60 momentum=97.00; 2026-07-16 ratio=101.91 momentum=98.42; 2026-07-17 ratio=101.98 momentum=98.00; 2026-07-20 ratio=102.11 momentum=99.98,136.25
stock,Shriram Finance,SHRIRAMFIN.NS,Non Banking Financial Company (NBFC),Financial Services,249765.48,1.02,3020.95,40.94,12513.43,9.25,24.91,11.49,,stage_2,5,1035.4,996.46,2.09,0.04272,"{'price_above_30w_ma': True, '30w_ma_rising': True, 'price_above_10w_ma': True, 'relative_strength_positive': True, 'near_52w_high': True}",weakening,weakening,100.91,97.39,0.21,0.46,False,False,2026-07-14 ratio=100.69 momentum=96.93; 2026-07-15 ratio=101.10 momentum=97.91; 2026-07-16 ratio=100.85 momentum=96.50; 2026-07-17 ratio=100.82 momentum=96.75; 2026-07-20 ratio=100.91 momentum=97.39,133.73
stock,Cholaman.Inv.&Fn,CHOLAFIN.NS,Non Banking Financial Company (NBFC),Financial Services,149952.94,0.11,1645.2,30.62,8416.71,19.46,28.63,9.71,,stage_2,5,1782.8,1633.87,0.77,0.07355,"{'price_above_30w_ma': True, '30w_ma_rising': True, 'price_above_10w_ma': True, 'relative_strength_positive': True, 'near_52w_high': True}",weakening,weakening,100.95,96.02,-0.17,-0.09,False,False,2026-07-14 ratio=101.12 momentum=96.11; 2026-07-15 ratio=101.35 momentum=96.77; 2026-07-16 ratio=101.17 momentum=97.76; 2026-07-17 ratio=101.11 momentum=98.19; 2026-07-20 ratio=100.95 momentum=96.02,131.29
stock,Tata Capital,TATACAP.NS,Non Banking Financial Company (NBFC),Financial Services,148803.88,0.16,1466.27,42.82,8160.1,9.12,30.5,8.58,,stage_2,5,353.0,336.22,1.05,0.01456,"{'price_above_30w_ma': True, '30w_ma_rising': True, 'price_above_10w_ma': True, 'relative_strength_positive': True, 'near_52w_high': True}",weakening,weakening,100.74,99.84,-0.4,3.71,False,False,2026-07-14 ratio=101.14 momentum=96.14; 2026-07-15 ratio=101.16 momentum=96.81; 2026-07-16 ratio=100.73 momentum=97.26; 2026-07-17 ratio=100.76 momentum=99.50; 2026-07-20 ratio=100.74 momentum=99.84,130.8
stock,Muthoot Finance,MUTHOOTFIN.NS,Non Banking Financial Company (NBFC),Financial Services,123612.14,0.97,3397.48,126.67,9288.71,65.23,11.67,15.77,,not_stage_2,1,2982.8,3389.93,-2.92,0.12306,"{'price_above_30w_ma': False, '30w_ma_rising': False, 'price_above_10w_ma': False, 'relative_strength_positive': False, 'near_52w_high': True}",lagging,improving,98.68,98.44,-0.12,-2.83,False,False,2026-07-14 ratio=98.80 momentum=101.27; 2026-07-15 ratio=98.83 momentum=103.19; 2026-07-16 ratio=98.77 momentum=104.36; 2026-07-17 ratio=98.61 momentum=100.14; 2026-07-20 ratio=98.68 momentum=98.44,20.0
stock,L&T Finance Ltd,LTF.NS,Non Banking Financial Company (NBFC),Financial Services,76861.13,0.9,915.99,28.72,5212.92,22.38,24.0,8.4,,stage_2,5,305.85,286.53,0.53,0.01262,"{'price_above_30w_ma': True, '30w_ma_rising': True, 'price_above_10w_ma': True, 'relative_strength_positive': True, 'near_52w_high': True}",weakening,weakening,100.54,95.98,-0.79,-1.31,False,False,2026-07-14 ratio=101.33 momentum=97.29; 2026-07-15 ratio=101.09 momentum=97.66; 2026-07-16 ratio=100.90 momentum=97.90; 2026-07-17 ratio=100.72 momentum=96.85; 2026-07-20 ratio=100.54 momentum=95.98,128.76
stock,SBI Cards,SBICARD.NS,Non Banking Financial Company (NBFC),Financial Services,61383.89,0.39,609.3,14.06,4934.5,5.57,28.33,10.1,,not_stage_2,2,644.95,691.62,-4.51,0.02661,"{'price_above_30w_ma': False, '30w_ma_rising': False, 'price_above_10w_ma': True, 'relative_strength_positive': True, 'near_52w_high': False}",leading,leading,101.11,102.1,0.07,-1.04,False,False,2026-07-14 ratio=101.04 momentum=103.14; 2026-07-15 ratio=101.10 momentum=102.57; 2026-07-16 ratio=101.35 momentum=102.23; 2026-07-17 ratio=101.50 momentum=102.24; 2026-07-20 ratio=101.11 momentum=102.10,76.05
stock,HDB FINANC SER,HDBFS.NS,Non Banking Financial Company (NBFC),Financial Services,59836.94,0.56,785.2,38.31,4937.9,10.58,21.67,9.09,,not_stage_2,4,728.1,690.03,-0.4,0.03004,"{'price_above_30w_ma': True, '30w_ma_rising': False, 'price_above_10w_ma': True, 'relative_strength_positive': True, 'near_52w_high': True}",weakening,weakening,100.56,97.71,-0.8,1.8,False,False,2026-07-14 ratio=101.36 momentum=95.92; 2026-07-15 ratio=101.50 momentum=95.22; 2026-07-16 ratio=101.45 momentum=98.66; 2026-07-17 ratio=100.62 momentum=96.16; 2026-07-20 ratio=100.56 momentum=97.71,82.8
stock,Sundaram Finance,SUNDARMFIN.NS,Non Banking Financial Company (NBFC),Financial Services,49692.31,0.89,554.17,1.41,2560.4,13.34,23.57,9.44,,not_stage_2,2,4425.2,4810.17,-1.17,0.18257,"{'price_above_30w_ma': False, '30w_ma_rising': False, 'price_above_10w_ma': True, 'relative_strength_positive': False, 'near_52w_high': True}",lagging,lagging,99.32,98.92,-0.37,-0.51,False,False,2026-07-14 ratio=99.68 momentum=99.42; 2026-07-15 ratio=99.95 momentum=99.50; 2026-07-16 ratio=99.58 momentum=98.90; 2026-07-17 ratio=99.21 momentum=98.69; 2026-07-20 ratio=99.32 momentum=98.92,40.0
stock,M & M Fin. Serv.,M&MFIN.NS,Non Banking Financial Company (NBFC),Financial Services,48628.14,2.14,927.48,75.43,5717.91,14.57,14.51,8.72,,not_stage_2,3,322.55,330.67,-1.61,0.01331,"{'price_above_30w_ma': False, '30w_ma_rising': False, 'price_above_10w_ma': True, 'relative_strength_positive': True, 'near_52w_high': True}",weakening,leading,100.43,98.49,-0.36,-1.62,False,False,2026-07-14 ratio=100.79 momentum=100.11; 2026-07-15 ratio=100.73 momentum=100.47; 2026-07-16 ratio=100.51 momentum=99.90; 2026-07-17 ratio=100.44 momentum=97.59; 2026-07-20 ratio=100.43 momentum=98.49,62.15
stock,Jindal Drilling,JINDRILL.NS,Offshore Support Solution Drilling,"Oil, Gas & Consumable Fuels",1719.96,0.17,45.38,-32.23,262.87,7.29,8.05,15.4,,stage_2,4,601.4,539.77,1.49,0.02481,"{'price_above_30w_ma': True, '30w_ma_rising': True, 'price_above_10w_ma': True, 'relative_strength_positive': False, 'near_52w_high': True}",improving,leading,99.84,101.8,-0.8,-0.19,False,False,2026-07-14 ratio=100.64 momentum=101.99; 2026-07-15 ratio=100.12 momentum=101.27; 2026-07-16 ratio=99.87 momentum=101.03; 2026-07-17 ratio=99.51 momentum=100.63; 2026-07-20 ratio=99.84 momentum=101.80,116.98
stock,Dolphin Offshore,DOLPHIN.NS,Offshore Support Solution Drilling,"Oil, Gas & Consumable Fuels",1500.37,0.0,28.33,171.1,45.36,121.92,21.89,14.92,,not_stage_2,1,378.0,409.71,-0.2,0.0156,"{'price_above_30w_ma': False, '30w_ma_rising': False, 'price_above_10w_ma': False, 'relative_strength_positive': False, 'near_52w_high': True}",improving,improving,98.82,101.97,-0.97,-0.5,False,False,2026-07-14 ratio=99.79 momentum=102.47; 2026-07-15 ratio=98.97 momentum=101.46; 2026-07-16 ratio=99.15 momentum=101.41; 2026-07-17 ratio=98.64 momentum=100.42; 2026-07-20 ratio=98.82 momentum=101.97,29.85
stock,Alphageo (India),ALPHAGEO.NS,Offshore Support Solution Drilling,"Oil, Gas & Consumable Fuels",128.21,3.97,-2.99,18.25,49.29,-30.14,,-6.96,,not_stage_2,0,200.25,208.16,-1.57,0.00826,"{'price_above_30w_ma': False, '30w_ma_rising': False, 'price_above_10w_ma': False, 'relative_strength_positive': False, 'near_52w_high': False}",improving,improving,99.0,103.01,0.05,0.59,False,True,2026-07-14 ratio=98.95 momentum=102.42; 2026-07-15 ratio=98.93 momentum=102.49; 2026-07-16 ratio=99.04 momentum=102.38; 2026-07-17 ratio=98.69 momentum=102.30; 2026-07-20 ratio=99.00 momentum=103.01,15.05
stock,Aakash Explor.,AAKASH.NS,Offshore Support Solution Drilling,"Oil, Gas & Consumable Fuels",90.92,0.0,1.88,571.43,32.65,26.7,25.98,7.93,,not_stage_2,3,8.98,8.66,0.29,0.00037,"{'price_above_30w_ma': True, '30w_ma_rising': True, 'price_above_10w_ma': False, 'relative_strength_positive': False, 'near_52w_high': True}",improving,leading,99.46,100.25,-0.62,-1.0,False,False,2026-07-14 ratio=100.08 momentum=101.25; 2026-07-15 ratio=99.99 momentum=99.45; 2026-07-16 ratio=99.81 momentum=99.56; 2026-07-17 ratio=99.39 momentum=98.95; 2026-07-20 ratio=99.46 momentum=100.25,61.83
stock,Aban Offshore,ABAN.NS,Offshore Support Solution Drilling,"Oil, Gas & Consumable Fuels",88.77,0.0,29.56,110.69,91.31,-21.49,,,,not_stage_2,0,14.99,18.98,-7.98,0.00062,"{'price_above_30w_ma': False, '30w_ma_rising': False, 'price_above_10w_ma': False, 'relative_strength_positive': False, 'near_52w_high': False}",lagging,improving,99.45,99.88,0.1,-3.81,False,False,2026-07-14 ratio=99.35 momentum=103.68; 2026-07-15 ratio=99.70 momentum=103.33; 2026-07-16 ratio=99.49 momentum=101.73; 2026-07-17 ratio=99.19 momentum=99.96; 2026-07-20 ratio=99.45 momentum=99.88,0.0
stock,Deep Industries,DEEPINDS.NS,Oil Equipment & Services,"Oil, Gas & Consumable Fuels",3011.52,0.65,-7.22,417.4,248.71,48.72,8.14,16.48,,not_stage_2,3,476.05,434.65,0.95,0.01964,"{'price_above_30w_ma': True, '30w_ma_rising': True, 'price_above_10w_ma': False, 'relative_strength_positive': False, 'near_52w_high': True}",improving,improving,99.64,102.57,0.25,0.75,False,True,2026-07-14 ratio=99.40 momentum=101.82; 2026-07-15 ratio=99.15 momentum=101.24; 2026-07-16 ratio=99.74 momentum=102.86; 2026-07-17 ratio=99.59 momentum=101.59; 2026-07-20 ratio=99.64 momentum=102.57,74.75
stock,Asian Energy,ASIANENE.NS,Oil Equipment & Services,"Oil, Gas & Consumable Fuels",1705.68,0.29,32.65,50.57,338.23,56.99,29.54,16.51,,not_stage_2,3,355.6,307.59,2.4,0.01467,"{'price_above_30w_ma': True, '30w_ma_rising': True, 'price_above_10w_ma': False, 'relative_strength_positive': False, 'near_52w_high': True}",leading,weakening,100.06,101.66,-0.16,2.64,False,False,2026-07-14 ratio=100.22 momentum=99.02; 2026-07-15 ratio=100.65 momentum=100.89; 2026-07-16 ratio=100.56 momentum=101.01; 2026-07-17 ratio=100.09 momentum=101.13; 2026-07-20 ratio=100.06 momentum=101.66,93.4
stock,Teja Engineering,TEJA.NS,Oil Equipment & Services,"Oil, Gas & Consumable Fuels",382.18,0.0,,,,,95.31,33.75,,insufficient_data,0,,,,,{},insufficient_data,insufficient_data,,,,,False,False,,0.0
stock,Oil Country,OILCOUNTUB.NS,Oil Equipment & Services,"Oil, Gas & Consumable Fuels",296.18,0.0,-13.64,-29.41,29.86,-13.02,,-25.38,,not_stage_2,1,55.48,52.81,-2.03,0.00229,"{'price_above_30w_ma': True, '30w_ma_rising': False, 'price_above_10w_ma': False, 'relative_strength_positive': False, 'near_52w_high': False}",lagging,lagging,98.98,98.81,1.07,2.63,False,False,2026-07-14 ratio=97.91 momentum=96.19; 2026-07-15 ratio=97.81 momentum=97.16; 2026-07-16 ratio=98.15 momentum=98.29; 2026-07-17 ratio=97.83 momentum=96.19; 2026-07-20 ratio=98.98 momentum=98.81,20.0
stock,O N G C,ONGC.NS,Oil Exploration & Production,"Oil, Gas & Consumable Fuels",314368.6,4.9,13677.87,47.8,173805.19,3.61,7.54,14.15,,not_stage_2,2,249.58,265.61,0.42,0.0103,"{'price_above_30w_ma': False, '30w_ma_rising': True, 'price_above_10w_ma': False, 'relative_strength_positive': False, 'near_52w_high': True}",improving,improving,99.34,104.04,0.07,0.99,False,True,2026-07-14 ratio=99.27 momentum=103.05; 2026-07-15 ratio=99.22 momentum=103.06; 2026-07-16 ratio=99.23 momentum=103.49; 2026-07-17 ratio=99.18 momentum=103.82; 2026-07-20 ratio=99.34 momentum=104.04,61.04
stock,Oil India,OIL.NS,Oil Exploration & Production,"Oil, Gas & Consumable Fuels",72408.45,2.58,2424.46,60.26,9293.27,5.51,10.94,11.56,,not_stage_2,4,453.55,462.01,0.81,0.01871,"{'price_above_30w_ma': False, '30w_ma_rising': True, 'price_above_10w_ma': True, 'relative_strength_positive': True, 'near_52w_high': True}",improving,improving,99.8,103.72,0.28,0.39,False,True,2026-07-14 ratio=99.52 momentum=103.33; 2026-07-15 ratio=99.43 momentum=102.61; 2026-07-16 ratio=99.27 momentum=102.27; 2026-07-17 ratio=99.31 momentum=102.47; 2026-07-20 ratio=99.80 momentum=103.72,100.22
stock,Vedanta Oil and Gas,VOGL.NS,Oil Exploration & Production,"Oil, Gas & Consumable Fuels",13619.88,0.0,,,,,,,,insufficient_data,0,,,,,{},insufficient_data,insufficient_data,,,,,False,False,,0.0
stock,Antelopus Selan,ANTELOPUS.NS,Oil Exploration & Production,"Oil, Gas & Consumable Fuels",3053.67,0.0,38.08,157.65,102.01,65.28,34.08,21.22,,stage_2,5,861.8,645.94,9.58,0.03556,"{'price_above_30w_ma': True, '30w_ma_rising': True, 'price_above_10w_ma': True, 'relative_strength_positive': True, 'near_52w_high': True}",leading,leading,100.86,101.63,-0.15,-0.44,False,False,2026-07-14 ratio=101.01 momentum=102.07; 2026-07-15 ratio=100.47 momentum=100.25; 2026-07-16 ratio=100.34 momentum=99.59; 2026-07-17 ratio=100.16 momentum=99.50; 2026-07-20 ratio=100.86 momentum=101.63,176.61
stock,Hind.Oil Explor.,HINDOILEXP.NS,Oil Exploration & Production,"Oil, Gas & Consumable Fuels",2148.29,0.0,7.77,-84.81,-205.89,-574.51,67.94,3.41,,not_stage_2,3,161.94,152.41,0.36,0.00668,"{'price_above_30w_ma': True, '30w_ma_rising': True, 'price_above_10w_ma': False, 'relative_strength_positive': False, 'near_52w_high': True}",improving,lagging,99.47,102.42,0.56,5.01,False,True,2026-07-14 ratio=98.92 momentum=97.41; 2026-07-15 ratio=99.32 momentum=100.12; 2026-07-16 ratio=99.07 momentum=99.43; 2026-07-17 ratio=98.66 momentum=97.86; 2026-07-20 ratio=99.47 momentum=102.42,72.82
stock,Prabha Energy,PRABHA.NS,Oil Exploration & Production,"Oil, Gas & Consumable Fuels",1996.49,0.0,0.1,111.24,1.44,41.18,3502.61,0.1,,not_stage_2,0,145.3,159.43,-3.21,0.00599,"{'price_above_30w_ma': False, '30w_ma_rising': False, 'price_above_10w_ma': False, 'relative_strength_positive': False, 'near_52w_high': False}",improving,lagging,98.31,102.91,-0.48,2.94,False,False,2026-07-14 ratio=98.79 momentum=99.97; 2026-07-15 ratio=98.64 momentum=100.59; 2026-07-16 ratio=98.59 momentum=100.90; 2026-07-17 ratio=98.37 momentum=101.81; 2026-07-20 ratio=98.31 momentum=102.91,14.55
stock,Guj.Nat.Resour.,GNRL.NS,Oil Exploration & Production,"Oil, Gas & Consumable Fuels",1499.66,0.0,1.05,166.04,11.2,158.66,151.63,7.25,,insufficient_data,0,,,,,{},weakening,weakening,100.08,96.9,0.03,0.49,False,False,2026-07-15 ratio=100.05 momentum=96.40; 2026-07-16 ratio=99.90 momentum=97.10; 2026-07-17 ratio=100.05 momentum=98.58; 2026-07-20 ratio=100.08 momentum=96.90,0.4
stock,L T Foods,LTFOODS.NS,Other Agricultural Products,Fast Moving Consumer Goods,13195.61,0.79,135.67,-15.48,2906.7,30.44,21.1,17.74,,not_stage_2,1,385.35,392.97,-0.37,0.0159,"{'price_above_30w_ma': False, '30w_ma_rising': False, 'price_above_10w_ma': False, 'relative_strength_positive': False, 'near_52w_high': True}",improving,improving,99.3,103.71,0.22,0.74,False,True,2026-07-14 ratio=99.08 momentum=102.97; 2026-07-15 ratio=99.43 momentum=102.79; 2026-07-16 ratio=99.23 momentum=101.88; 2026-07-17 ratio=99.02 momentum=101.61; 2026-07-20 ratio=99.30 momentum=103.71,38.55
stock,KRBL,KRBL.NS,Other Agricultural Products,Fast Moving Consumer Goods,8126.74,0.99,155.38,0.76,1525.5,5.77,12.54,15.16,,not_stage_2,2,355.45,349.64,-1.2,0.01466,"{'price_above_30w_ma': True, '30w_ma_rising': False, 'price_above_10w_ma': False, 'relative_strength_positive': False, 'near_52w_high': True}",lagging,lagging,99.14,97.34,0.1,0.79,False,False,2026-07-14 ratio=99.04 momentum=96.55; 2026-07-15 ratio=99.49 momentum=96.98; 2026-07-16 ratio=99.51 momentum=96.57; 2026-07-17 ratio=99.22 momentum=96.83; 2026-07-20 ratio=99.14 momentum=97.34,40.0
stock,Guj. Ambuja Exp,GAEL.NS,Other Agricultural Products,Fast Moving Consumer Goods,6541.1,0.18,135.32,322.57,1466.51,15.78,21.29,12.51,,not_stage_2,2,143.88,147.03,2.94,0.00594,"{'price_above_30w_ma': False, '30w_ma_rising': True, 'price_above_10w_ma': False, 'relative_strength_positive': False, 'near_52w_high': True}",lagging,lagging,97.14,97.4,-0.51,0.27,False,False,2026-07-14 ratio=97.65 momentum=97.13; 2026-07-15 ratio=97.54 momentum=97.68; 2026-07-16 ratio=97.51 momentum=97.26; 2026-07-17 ratio=97.05 momentum=96.98; 2026-07-20 ratio=97.14 momentum=97.40,45.88
stock,Kaveri Seed Co.,KSCL.NS,Other Agricultural Products,Fast Moving Consumer Goods,4462.08,0.58,-27.81,-21.23,107.11,18.68,15.08,18.79,,not_stage_2,0,845.05,875.83,-1.42,0.03486,"{'price_above_30w_ma': False, '30w_ma_rising': False, 'price_above_10w_ma': False, 'relative_strength_positive': False, 'near_52w_high': False}",lagging,lagging,98.42,96.97,-0.05,-1.08,False,False,2026-07-14 ratio=98.47 momentum=98.06; 2026-07-15 ratio=98.38 momentum=98.38; 2026-07-16 ratio=98.19 momentum=96.75; 2026-07-17 ratio=98.26 momentum=96.04; 2026-07-20 ratio=98.42 momentum=96.97,0.0
stock,TruAlt Bioenergy,TRUALT.NS,Other Agricultural Products,Fast Moving Consumer Goods,3596.89,0.0,60.94,-46.39,595.52,-34.34,37.49,10.44,,not_stage_2,2,420.1,432.2,0.87,0.01733,"{'price_above_30w_ma': False, '30w_ma_rising': True, 'price_above_10w_ma': False, 'relative_strength_positive': False, 'near_52w_high': True}",lagging,lagging,98.1,98.36,0.21,0.25,False,False,2026-07-14 ratio=97.89 momentum=98.11; 2026-07-15 ratio=98.07 momentum=97.36; 2026-07-16 ratio=97.96 momentum=95.97; 2026-07-17 ratio=97.84 momentum=94.34; 2026-07-20 ratio=98.10 momentum=98.36,41.74
stock,Sanstar,SANSTAR.NS,Other Agricultural Products,Fast Moving Consumer Goods,2158.29,0.0,20.49,271.2,216.78,-4.47,62.65,5.69,,not_stage_2,3,109.03,97.74,3.11,0.0045,"{'price_above_30w_ma': True, '30w_ma_rising': True, 'price_above_10w_ma': False, 'relative_strength_positive': False, 'near_52w_high': True}",lagging,lagging,99.11,97.39,-0.72,1.05,False,False,2026-07-14 ratio=99.82 momentum=96.35; 2026-07-15 ratio=99.58 momentum=96.63; 2026-07-16 ratio=99.67 momentum=97.06; 2026-07-17 ratio=98.99 momentum=96.37; 2026-07-20 ratio=99.11 momentum=97.39,66.22
stock,A C J K Exports,AEROPLANE.NS,Other Agricultural Products,Fast Moving Consumer Goods,1926.58,0.0,19.96,65.64,694.68,19.7,18.65,15.7,,insufficient_data,0,,,,,{},insufficient_data,insufficient_data,,,,,False,False,,0.0
stock,GRM Overseas,GRMOVER.NS,Other Agricultural Products,Fast Moving Consumer Goods,1893.28,0.0,21.61,5.52,597.2,104.95,25.47,13.99,,not_stage_2,0,90.99,146.09,-5.44,0.00375,"{'price_above_30w_ma': False, '30w_ma_rising': False, 'price_above_10w_ma': False, 'relative_strength_positive': False, 'near_52w_high': False}",improving,improving,99.06,104.42,0.05,0.9,False,True,2026-07-14 ratio=99.01 momentum=103.52; 2026-07-15 ratio=99.00 momentum=104.40; 2026-07-16 ratio=99.05 momentum=106.08; 2026-07-17 ratio=99.04 momentum=104.22; 2026-07-20 ratio=99.06 momentum=104.42,22.1
stock,Chamanlal Setia,CLSEL.NS,Other Agricultural Products,Fast Moving Consumer Goods,1386.85,0.9,38.27,55.89,428.37,16.5,12.08,18.32,,not_stage_2,2,266.45,268.13,0.98,0.01099,"{'price_above_30w_ma': False, '30w_ma_rising': True, 'price_above_10w_ma': False, 'relative_strength_positive': False, 'near_52w_high': True}",lagging,lagging,97.91,97.49,-1.53,0.46,False,False,2026-07-14 ratio=99.44 momentum=97.04; 2026-07-15 ratio=99.26 momentum=97.71; 2026-07-16 ratio=99.24 momentum=96.77; 2026-07-17 ratio=98.18 momentum=96.67; 2026-07-20 ratio=97.91 momentum=97.49,41.96
stock,Gulshan Polyols,GULPOLY.NS,Other Agricultural Products,Fast Moving Consumer Goods,1127.85,0.17,37.54,434.76,550.82,6.98,10.51,18.31,,not_stage_2,3,182.56,168.64,3.85,0.00753,"{'price_above_30w_ma': True, '30w_ma_rising': True, 'price_above_10w_ma': False, 'relative_strength_positive': False, 'near_52w_high': True}",lagging,lagging,98.79,96.86,-0.34,-1.24,False,False,2026-07-14 ratio=99.13 momentum=98.10; 2026-07-15 ratio=98.72 momentum=96.82; 2026-07-16 ratio=98.69 momentum=97.90; 2026-07-17 ratio=98.21 momentum=97.12; 2026-07-20 ratio=98.79 momentum=96.86,67.7
stock,AU Small Finance,AUBANK.NS,Other Bank,Financial Services,75206.27,0.1,831.87,65.15,5019.15,17.53,28.47,7.66,,not_stage_2,3,993.3,990.36,0.9,0.04098,"{'price_above_30w_ma': True, '30w_ma_rising': True, 'price_above_10w_ma': False, 'relative_strength_positive': False, 'near_52w_high': True}",lagging,weakening,98.43,97.25,-2.27,-0.82,False,False,2026-07-14 ratio=100.70 momentum=98.07; 2026-07-15 ratio=100.72 momentum=97.45; 2026-07-16 ratio=100.47 momentum=97.59; 2026-07-17 ratio=99.77 momentum=97.40; 2026-07-20 ratio=98.43 momentum=97.25,61.8
stock,Ujjivan Small,UJJIVANSFB.NS,Other Bank,Financial Services,12770.47,0.0,281.97,238.13,1878.36,19.39,18.42,7.73,,stage_2,5,65.61,58.39,2.45,0.00271,"{'price_above_30w_ma': True, '30w_ma_rising': True, 'price_above_10w_ma': True, 'relative_strength_positive': True, 'near_52w_high': True}",leading,leading,101.93,102.42,-0.35,0.88,False,False,2026-07-14 ratio=102.28 momentum=101.54; 2026-07-15 ratio=102.24 momentum=100.38; 2026-07-16 ratio=102.18 momentum=100.62; 2026-07-17 ratio=101.72 momentum=101.39; 2026-07-20 ratio=101.93 momentum=102.42,171.65
stock,Equitas Sma. Fin,EQUITASBNK.NS,Other Bank,Financial Services,9314.75,0.0,212.68,405.06,1836.35,11.7,90.36,6.44,,stage_2,5,79.28,68.09,3.84,0.00327,"{'price_above_30w_ma': True, '30w_ma_rising': True, 'price_above_10w_ma': True, 'relative_strength_positive': True, 'near_52w_high': True}",leading,leading,100.98,100.16,-0.48,-0.99,False,False,2026-07-14 ratio=101.46 momentum=101.15; 2026-07-15 ratio=101.36 momentum=100.39; 2026-07-16 ratio=100.70 momentum=99.11; 2026-07-17 ratio=100.54 momentum=99.57; 2026-07-20 ratio=100.98 momentum=100.16,158.38
stock,Jana Small Finan,JSFB.NS,Other Bank,Financial Services,5936.93,0.0,155.23,52.29,1514.53,22.08,15.63,7.45,,stage_2,5,531.6,422.52,2.07,0.02193,"{'price_above_30w_ma': True, '30w_ma_rising': True, 'price_above_10w_ma': True, 'relative_strength_positive': True, 'near_52w_high': True}",leading,leading,102.75,103.24,1.8,2.31,False,False,2026-07-14 ratio=100.95 momentum=100.93; 2026-07-15 ratio=100.82 momentum=100.95; 2026-07-16 ratio=101.29 momentum=101.01; 2026-07-17 ratio=100.68 momentum=101.08; 2026-07-20 ratio=102.75 momentum=103.24,179.09
stock,Utkarsh Small F.,UTKARSHBNK.NS,Other Bank,Financial Services,2653.27,0.0,-188.02,-6430.64,836.75,-4.87,,1.46,,not_stage_2,3,15.01,13.75,-0.25,0.00062,"{'price_above_30w_ma': True, '30w_ma_rising': False, 'price_above_10w_ma': True, 'relative_strength_positive': True, 'near_52w_high': False}",leading,leading,101.17,101.35,-0.08,0.29,False,False,2026-07-14 ratio=101.25 momentum=101.06; 2026-07-15 ratio=101.20 momentum=99.69; 2026-07-16 ratio=101.30 momentum=99.50; 2026-07-17 ratio=101.03 momentum=99.40; 2026-07-20 ratio=101.17 momentum=101.35,92.6
stock,Suryoday Small,SURYODAY.NS,Other Bank,Financial Services,2023.86,0.79,49.72,247.19,601.59,27.84,13.33,7.33,,stage_2,5,183.05,150.68,4.1,0.00755,"{'price_above_30w_ma': True, '30w_ma_rising': True, 'price_above_10w_ma': True, 'relative_strength_positive': True, 'near_52w_high': True}",weakening,leading,101.01,99.99,-0.91,-1.82,False,False,2026-07-14 ratio=101.92 momentum=101.81; 2026-07-15 ratio=102.08 momentum=101.70; 2026-07-16 ratio=101.54 momentum=100.17; 2026-07-17 ratio=100.48 momentum=98.85; 2026-07-20 ratio=101.01 momentum=99.99,138.25
stock,ESAF Small Fin,ESAFSFB.NS,Other Bank,Financial Services,1865.87,0.0,23.51,112.83,995.08,11.55,,5.64,,stage_2,5,35.41,28.23,4.54,0.00146,"{'price_above_30w_ma': True, '30w_ma_rising': True, 'price_above_10w_ma': True, 'relative_strength_positive': True, 'near_52w_high': True}",weakening,weakening,101.36,99.4,-0.23,-0.33,False,False,2026-07-14 ratio=101.59 momentum=99.73; 2026-07-15 ratio=101.78 momentum=100.97; 2026-07-16 ratio=101.78 momentum=101.58; 2026-07-17 ratio=101.29 momentum=99.06; 2026-07-20 ratio=101.36 momentum=99.40,140.88
stock,Fino Payments,FINOPB.NS,Other Bank,Financial Services,1438.01,0.0,7.1,-65.04,64.1,21.45,25.73,4.53,,not_stage_2,3,168.49,166.25,-8.77,0.00695,"{'price_above_30w_ma': True, '30w_ma_rising': False, 'price_above_10w_ma': True, 'relative_strength_positive': True, 'near_52w_high': False}",leading,leading,102.04,101.6,-1.59,-0.4,False,False,2026-07-14 ratio=103.63 momentum=102.00; 2026-07-15 ratio=102.80 momentum=101.60; 2026-07-16 ratio=101.66 momentum=100.92; 2026-07-17 ratio=102.56 momentum=101.72; 2026-07-20 ratio=102.04 momentum=101.60,98.2
stock,Capital Small,CAPITALSFB.NS,Other Bank,Financial Services,1386.92,1.64,40.08,17.06,273.14,18.01,9.81,7.07,,stage_2,5,305.25,268.53,1.64,0.01259,"{'price_above_30w_ma': True, '30w_ma_rising': True, 'price_above_10w_ma': True, 'relative_strength_positive': True, 'near_52w_high': True}",leading,leading,102.33,102.73,0.47,0.26,False,False,2026-07-14 ratio=101.86 momentum=102.48; 2026-07-15 ratio=101.73 momentum=103.30; 2026-07-16 ratio=102.03 momentum=103.34; 2026-07-17 ratio=102.11 momentum=102.11; 2026-07-20 ratio=102.33 momentum=102.73,173.58
stock,Ramco Inds.,RAMCOIND.NS,Other Construction Materials,Construction Materials,3033.38,0.36,87.63,128.93,501.83,18.74,10.09,4.57,,stage_2,5,354.35,298.02,1.73,0.01462,"{'price_above_30w_ma': True, '30w_ma_rising': True, 'price_above_10w_ma': True, 'relative_strength_positive': True, 'near_52w_high': True}",weakening,weakening,101.31,98.34,-0.8,0.57,False,False,2026-07-14 ratio=102.11 momentum=97.77; 2026-07-15 ratio=102.03 momentum=99.48; 2026-07-16 ratio=101.73 momentum=99.13; 2026-07-17 ratio=101.29 momentum=98.55; 2026-07-20 ratio=101.31 momentum=98.34,135.01
stock,BirlaNu Ltd,BIRLANU.NS,Other Construction Materials,Construction Materials,1015.53,1.11,-22.35,-63.54,1010.13,8.74,,-4.29,,not_stage_2,0,1289.6,1459.91,-2.06,0.0532,"{'price_above_30w_ma': False, '30w_ma_rising': False, 'price_above_10w_ma': False, 'relative_strength_positive': False, 'near_52w_high': False}",lagging,lagging,98.78,99.52,0.36,4.27,False,False,2026-07-14 ratio=98.43 momentum=95.25; 2026-07-15 ratio=98.39 momentum=97.15; 2026-07-16 ratio=98.34 momentum=97.23; 2026-07-17 ratio=98.54 momentum=97.75; 2026-07-20 ratio=98.78 momentum=99.52,0.0
stock,Arisinfra Solu.,ARIS.NS,Other Construction Materials,Construction Materials,972.86,0.0,21.66,1332.3,343.36,55.26,17.88,15.57,,not_stage_2,0,114.86,115.53,-2.05,0.00474,"{'price_above_30w_ma': False, '30w_ma_rising': False, 'price_above_10w_ma': False, 'relative_strength_positive': False, 'near_52w_high': False}",improving,improving,99.46,102.13,0.71,-1.48,False,False,2026-07-14 ratio=98.75 momentum=103.61; 2026-07-15 ratio=98.76 momentum=102.59; 2026-07-16 ratio=99.33 momentum=104.97; 2026-07-17 ratio=99.03 momentum=102.29; 2026-07-20 ratio=99.46 momentum=102.13,10.65
stock,Everest Inds.,EVERESTIND.NS,Other Construction Materials,Construction Materials,776.38,0.2,-47.17,-31346.67,327.17,-27.72,,-8.5,,not_stage_2,3,489.3,407.4,-0.83,0.02019,"{'price_above_30w_ma': True, '30w_ma_rising': False, 'price_above_10w_ma': True, 'relative_strength_positive': True, 'near_52w_high': False}",weakening,weakening,101.15,97.22,-0.93,0.43,False,False,2026-07-14 ratio=102.08 momentum=96.79; 2026-07-15 ratio=101.81 momentum=93.69; 2026-07-16 ratio=101.51 momentum=94.93; 2026-07-17 ratio=101.13 momentum=96.28; 2026-07-20 ratio=101.15 momentum=97.22,65.75
stock,Teamtech Formwork,TEAMTECH.NS,Other Construction Materials,Construction Materials,408.12,0.0,7.33,,31.74,,35.21,41.17,,insufficient_data,0,,,,,{},insufficient_data,insufficient_data,,,,,False,False,,0.0
stock,Vishnusurya Pro.,VISHNUINFR.NS,Other Construction Materials,Construction Materials,404.7,0.64,8.01,7.23,127.38,35.93,11.37,19.92,,not_stage_2,1,162.0,165.44,-0.38,0.00668,"{'price_above_30w_ma': False, '30w_ma_rising': False, 'price_above_10w_ma': False, 'relative_strength_positive': False, 'near_52w_high': True}",lagging,lagging,99.21,95.58,0.4,-2.36,False,False,2026-07-14 ratio=98.82 momentum=97.95; 2026-07-15 ratio=98.94 momentum=96.84; 2026-07-16 ratio=98.97 momentum=97.97; 2026-07-17 ratio=99.06 momentum=98.35; 2026-07-20 ratio=99.21 momentum=95.58,20.0
stock,Sahyadri Industr,SAHYADRI.NS,Other Construction Materials,Construction Materials,312.85,0.35,10.55,147.07,194.52,28.46,10.62,9.71,,stage_2,4,283.05,260.62,1.49,0.01168,"{'price_above_30w_ma': True, '30w_ma_rising': True, 'price_above_10w_ma': True, 'relative_strength_positive': False, 'near_52w_high': True}",lagging,lagging,99.43,99.13,-0.14,1.17,False,False,2026-07-14 ratio=99.57 momentum=97.96; 2026-07-15 ratio=99.78 momentum=98.80; 2026-07-16 ratio=99.49 momentum=99.22; 2026-07-17 ratio=99.27 momentum=98.61; 2026-07-20 ratio=99.43 momentum=99.13,107.98
stock,MCON Rasayan,MCON.NS,Other Construction Materials,Construction Materials,32.31,0.0,1.8,76.47,36.86,26.32,10.63,11.06,,not_stage_2,0,44.5,48.98,-5.5,0.00184,"{'price_above_30w_ma': False, '30w_ma_rising': False, 'price_above_10w_ma': False, 'relative_strength_positive': False, 'near_52w_high': False}",improving,lagging,99.48,101.75,0.57,1.88,False,True,2026-07-14 ratio=98.91 momentum=99.86; 2026-07-15 ratio=99.14 momentum=100.48; 2026-07-16 ratio=99.38 momentum=102.25; 2026-07-17 ratio=99.47 momentum=103.15; 2026-07-20 ratio=99.48 momentum=101.75,8.75
stock,SIS,SIS.NS,Other Consumer Services,Consumer Services,6238.03,1.59,102.5,92.24,4489.3,30.96,18.08,13.68,,stage_2,5,436.05,356.14,3.94,0.01799,"{'price_above_30w_ma': True, '30w_ma_rising': True, 'price_above_10w_ma': True, 'relative_strength_positive': True, 'near_52w_high': True}",leading,leading,100.75,101.17,-0.26,-0.82,False,False,2026-07-14 ratio=101.00 momentum=101.99; 2026-07-15 ratio=101.17 momentum=102.18; 2026-07-16 ratio=101.20 momentum=102.05; 2026-07-17 ratio=100.54 momentum=99.88; 2026-07-20 ratio=100.75 momentum=101.17,162.48
stock,E Factor Experie,EFACTOR.NS,Other Consumer Services,Consumer Services,210.1,0.75,14.61,-26.66,138.84,-9.5,10.68,24.71,,not_stage_2,0,160.35,220.56,-9.27,0.00662,"{'price_above_30w_ma': False, '30w_ma_rising': False, 'price_above_10w_ma': False, 'relative_strength_positive': False, 'near_52w_high': False}",improving,lagging,98.66,100.56,0.1,2.66,False,True,2026-07-14 ratio=98.57 momentum=97.90; 2026-07-15 ratio=98.61 momentum=98.61; 2026-07-16 ratio=98.96 momentum=100.54; 2026-07-17 ratio=98.62 momentum=98.53; 2026-07-20 ratio=98.66 momentum=100.56,2.8
stock,Party Cruisers,PARTYCRUS.NS,Other Consumer Services,Consumer Services,107.47,0.0,2.82,33.02,33.33,11.58,8.72,39.65,,not_stage_2,2,87.0,89.24,0.87,0.00359,"{'price_above_30w_ma': False, '30w_ma_rising': True, 'price_above_10w_ma': False, 'relative_strength_positive': False, 'near_52w_high': True}",improving,lagging,98.84,103.53,0.3,3.99,False,True,2026-07-14 ratio=98.54 momentum=99.54; 2026-07-15 ratio=98.45 momentum=102.68; 2026-07-16 ratio=98.85 momentum=103.11; 2026-07-17 ratio=98.77 momentum=99.99; 2026-07-20 ratio=98.84 momentum=103.53,59.39
stock,Touchwood Enter.,TOUCHWOOD.NS,Other Consumer Services,Consumer Services,74.78,0.0,0.7,-50.0,27.94,12.03,17.6,13.39,,not_stage_2,0,67.51,77.67,-5.74,0.00279,"{'price_above_30w_ma': False, '30w_ma_rising': False, 'price_above_10w_ma': False, 'relative_strength_positive': False, 'near_52w_high': False}",improving,improving,98.29,101.22,-0.32,1.0,False,False,2026-07-14 ratio=98.61 momentum=100.22; 2026-07-15 ratio=98.66 momentum=101.67; 2026-07-16 ratio=98.91 momentum=101.08; 2026-07-17 ratio=98.45 momentum=99.55; 2026-07-20 ratio=98.29 momentum=101.22,6.1
stock,Blue Pebble,BLUEPEBBLE.NS,Other Consumer Services,Consumer Services,27.34,0.75,-0.26,,11.14,,55.8,2.38,,not_stage_2,0,70.0,113.0,-4.16,0.00289,"{'price_above_30w_ma': False, '30w_ma_rising': False, 'price_above_10w_ma': False, 'relative_strength_positive': False, 'near_52w_high': False}",improving,lagging,98.77,103.68,0.05,3.99,False,True,2026-07-14 ratio=98.73 momentum=99.69; 2026-07-15 ratio=98.87 momentum=101.68; 2026-07-16 ratio=98.83 momentum=101.30; 2026-07-17 ratio=99.00 momentum=103.09; 2026-07-20 ratio=98.77 momentum=103.68,18.4
stock,Thinking Hats,THESL.NS,Other Consumer Services,Consumer Services,25.04,0.0,0.51,-80.08,15.16,-61.15,20.19,5.96,,insufficient_data,0,,,,,{},insufficient_data,insufficient_data,,,,,False,False,,0.0
stock,HBL Engineering,HBLENGINE.NS,Other Industrial Products,Capital Goods,20208.9,0.27,63.73,44.18,604.12,27.03,24.12,58.45,,not_stage_2,0,730.65,765.23,-1.32,0.03014,"{'price_above_30w_ma': False, '30w_ma_rising': False, 'price_above_10w_ma': False, 'relative_strength_positive': False, 'near_52w_high': False}",lagging,lagging,97.61,92.6,-0.09,-4.77,False,False,2026-07-14 ratio=97.70 momentum=97.37; 2026-07-15 ratio=98.23 momentum=97.19; 2026-07-16 ratio=97.86 momentum=96.11; 2026-07-17 ratio=97.73 momentum=94.78; 2026-07-20 ratio=97.61 momentum=92.60,0.0
stock,Inox India,INOXINDIA.NS,Other Industrial Products,Capital Goods,19004.06,0.1,75.24,11.19,460.65,24.7,73.05,33.48,,stage_2,5,2003.4,1424.69,8.45,0.08265,"{'price_above_30w_ma': True, '30w_ma_rising': True, 'price_above_10w_ma': True, 'relative_strength_positive': True, 'near_52w_high': True}",leading,weakening,101.19,100.8,0.45,4.37,True,False,2026-07-14 ratio=100.74 momentum=96.43; 2026-07-15 ratio=101.22 momentum=99.29; 2026-07-16 ratio=101.30 momentum=99.99; 2026-07-17 ratio=101.09 momentum=100.16; 2026-07-20 ratio=101.19 momentum=100.80,181.85
stock,Esab India,ESABINDIA.NS,Other Industrial Products,Capital Goods,9058.02,1.27,43.55,-8.18,395.75,7.62,46.99,64.68,,not_stage_2,2,5895.0,5808.88,-0.61,0.24321,"{'price_above_30w_ma': True, '30w_ma_rising': False, 'price_above_10w_ma': False, 'relative_strength_positive': False, 'near_52w_high': True}",improving,lagging,99.46,104.07,0.52,4.63,False,True,2026-07-14 ratio=98.93 momentum=99.44; 2026-07-15 ratio=98.94 momentum=100.34; 2026-07-16 ratio=99.02 momentum=100.02; 2026-07-17 ratio=98.92 momentum=99.18; 2026-07-20 ratio=99.46 momentum=104.07,60.35
stock,KRN Heat Exchan,KRN.NS,Other Industrial Products,Capital Goods,8217.66,0.0,23.36,57.09,179.48,36.49,107.46,16.06,,stage_2,5,1269.4,1015.81,6.77,0.05237,"{'price_above_30w_ma': True, '30w_ma_rising': True, 'price_above_10w_ma': True, 'relative_strength_positive': True, 'near_52w_high': True}",leading,weakening,100.85,101.99,0.54,4.73,True,False,2026-07-14 ratio=100.31 momentum=97.26; 2026-07-15 ratio=101.21 momentum=102.43; 2026-07-16 ratio=101.25 momentum=102.61; 2026-07-17 ratio=100.44 momentum=101.28; 2026-07-20 ratio=100.85 momentum=101.99,182.74
stock,Subros,SUBROS.NS,Other Industrial Products,Capital Goods,5234.84,0.32,49.33,6.77,1049.76,15.55,30.53,19.75,,not_stage_2,3,805.1,769.3,-0.84,0.03322,"{'price_above_30w_ma': True, '30w_ma_rising': False, 'price_above_10w_ma': True, 'relative_strength_positive': True, 'near_52w_high': False}",weakening,weakening,100.5,95.6,-0.35,-1.08,False,False,2026-07-14 ratio=100.85 momentum=96.68; 2026-07-15 ratio=100.87 momentum=97.29; 2026-07-16 ratio=100.67 momentum=96.03; 2026-07-17 ratio=100.41 momentum=94.99; 2026-07-20 ratio=100.50 momentum=95.60,62.5
stock,Harsha Engg Intl,HARSHA.NS,Other Industrial Products,Capital Goods,3770.59,0.36,47.23,200.64,473.91,27.06,27.0,13.0,,stage_2,5,421.15,387.91,1.67,0.01738,"{'price_above_30w_ma': True, '30w_ma_rising': True, 'price_above_10w_ma': True, 'relative_strength_positive': True, 'near_52w_high': True}",weakening,weakening,100.05,97.57,-0.02,-0.04,False,False,2026-07-14 ratio=100.08 momentum=97.61; 2026-07-15 ratio=100.68 momentum=99.96; 2026-07-16 ratio=100.92 momentum=102.14; 2026-07-17 ratio=99.73 momentum=98.86; 2026-07-20 ratio=100.05 momentum=97.57,128.59
stock,Ador Welding,ADOR.NS,Other Industrial Products,Capital Goods,2622.95,1.53,27.35,890.46,308.63,23.19,21.91,22.71,,stage_2,5,1455.3,1087.06,4.09,0.06004,"{'price_above_30w_ma': True, '30w_ma_rising': True, 'price_above_10w_ma': True, 'relative_strength_positive': True, 'near_52w_high': True}",leading,weakening,102.52,102.22,0.87,5.1,True,False,2026-07-14 ratio=101.65 momentum=97.13; 2026-07-15 ratio=102.04 momentum=102.12; 2026-07-16 ratio=101.84 momentum=99.21; 2026-07-17 ratio=101.91 momentum=98.03; 2026-07-20 ratio=102.52 momentum=102.22,186.88
stock,Diffusion Eng,DIFFNKG.NS,Other Industrial Products,Capital Goods,1481.52,0.38,15.97,22.81,141.57,38.08,29.13,16.42,,stage_2,5,386.15,309.29,3.73,0.01593,"{'price_above_30w_ma': True, '30w_ma_rising': True, 'price_above_10w_ma': True, 'relative_strength_positive': True, 'near_52w_high': True}",weakening,weakening,100.6,96.16,-0.39,-0.13,False,False,2026-07-14 ratio=100.99 momentum=96.29; 2026-07-15 ratio=100.91 momentum=96.80; 2026-07-16 ratio=100.85 momentum=95.55; 2026-07-17 ratio=100.42 momentum=95.39; 2026-07-20 ratio=100.60 momentum=96.16,135.46
stock,MIC Electronics,MICEL.NS,Other Industrial Products,Capital Goods,908.37,0.0,-18.35,-614.01,50.79,13.24,,8.55,,not_stage_2,0,37.35,39.98,-2.05,0.00154,"{'price_above_30w_ma': False, '30w_ma_rising': False, 'price_above_10w_ma': False, 'relative_strength_positive': False, 'near_52w_high': False}",improving,lagging,98.59,101.39,0.1,3.1,False,True,2026-07-14 ratio=98.49 momentum=98.29; 2026-07-15 ratio=98.64 momentum=98.91; 2026-07-16 ratio=98.86 momentum=101.87; 2026-07-17 ratio=98.67 momentum=100.39; 2026-07-20 ratio=98.59 momentum=101.39,6.95
stock,Vilas Transcore,VILAS.NS,Other Industrial Products,Capital Goods,893.4,0.0,15.18,-26.24,231.91,21.66,22.58,16.12,,not_stage_2,0,370.05,384.35,-0.68,0.01527,"{'price_above_30w_ma': False, '30w_ma_rising': False, 'price_above_10w_ma': False, 'relative_strength_positive': False, 'near_52w_high': False}",lagging,improving,99.1,98.7,-0.54,-3.12,False,False,2026-07-14 ratio=99.64 momentum=101.82; 2026-07-15 ratio=99.25 momentum=100.40; 2026-07-16 ratio=99.76 momentum=99.33; 2026-07-17 ratio=99.03 momentum=94.50; 2026-07-20 ratio=99.10 momentum=98.70,0.0
stock,Maruti Suzuki,MARUTI.NS,Passenger Cars & Utility Vehicles,Automobile and Auto Components,427493.18,1.03,3659.0,-6.45,52462.5,28.21,29.12,19.02,,not_stage_2,1,13514.0,13983.5,-2.39,0.55754,"{'price_above_30w_ma': False, '30w_ma_rising': False, 'price_above_10w_ma': False, 'relative_strength_positive': False, 'near_52w_high': True}",lagging,lagging,99.44,96.61,-0.26,-0.29,False,False,2026-07-14 ratio=99.70 momentum=96.89; 2026-07-15 ratio=99.95 momentum=96.66; 2026-07-16 ratio=100.57 momentum=97.76; 2026-07-17 ratio=100.16 momentum=97.45; 2026-07-20 ratio=99.44 momentum=96.61,20.0
stock,M & M,M&M.NS,Passenger Cars & Utility Vehicles,Automobile and Auto Components,398140.63,1.03,5259.91,48.85,54981.91,29.07,23.02,15.1,,not_stage_2,3,3165.5,3251.5,-2.02,0.1306,"{'price_above_30w_ma': False, '30w_ma_rising': False, 'price_above_10w_ma': True, 'relative_strength_positive': True, 'near_52w_high': True}",weakening,lagging,100.18,99.87,0.92,0.04,False,False,2026-07-14 ratio=99.27 momentum=99.83; 2026-07-15 ratio=99.06 momentum=97.82; 2026-07-16 ratio=99.64 momentum=98.13; 2026-07-17 ratio=100.12 momentum=101.31; 2026-07-20 ratio=100.18 momentum=99.87,60.9
stock,Hyundai Motor I,HYUNDAI.NS,Passenger Cars & Utility Vehicles,Automobile and Auto Components,159144.3,1.07,1255.63,-22.22,18916.15,5.44,29.3,38.42,,not_stage_2,1,1972.3,2009.64,-2.18,0.08137,"{'price_above_30w_ma': False, '30w_ma_rising': False, 'price_above_10w_ma': True, 'relative_strength_positive': False, 'near_52w_high': False}",weakening,leading,100.32,98.48,-0.23,-2.54,False,False,2026-07-14 ratio=100.55 momentum=101.02; 2026-07-15 ratio=101.19 momentum=102.99; 2026-07-16 ratio=101.52 momentum=102.58; 2026-07-17 ratio=100.58 momentum=98.93; 2026-07-20 ratio=100.32 momentum=98.48,21.6
stock,Tata Motors PVeh,TMPV.NS,Passenger Cars & Utility Vehicles,Automobile and Auto Components,122924.62,0.9,5878.0,-24.63,105447.0,7.19,1.42,2.73,,not_stage_2,0,336.45,352.9,-0.55,0.01388,"{'price_above_30w_ma': False, '30w_ma_rising': False, 'price_above_10w_ma': False, 'relative_strength_positive': False, 'near_52w_high': False}",lagging,lagging,98.8,99.4,0.13,3.96,False,False,2026-07-14 ratio=98.67 momentum=95.44; 2026-07-15 ratio=98.66 momentum=96.28; 2026-07-16 ratio=98.64 momentum=97.27; 2026-07-17 ratio=98.68 momentum=98.85; 2026-07-20 ratio=98.80 momentum=99.40,0.0
stock,Force Motors,FORCEMOT.NS,Passenger Cars & Utility Vehicles,Automobile and Auto Components,23290.36,0.23,278.54,56.59,2549.84,8.23,22.04,36.08,,not_stage_2,1,17910.0,20330.2,0.37,0.73891,"{'price_above_30w_ma': False, '30w_ma_rising': True, 'price_above_10w_ma': False, 'relative_strength_positive': False, 'near_52w_high': False}",lagging,lagging,98.79,98.85,0.24,0.9,False,False,2026-07-14 ratio=98.56 momentum=97.94; 2026-07-15 ratio=99.38 momentum=101.07; 2026-07-16 ratio=99.47 momentum=98.71; 2026-07-17 ratio=99.03 momentum=99.12; 2026-07-20 ratio=98.79 momentum=98.85,20.74
stock,Olectra Greentec,OLECTRA.NS,Passenger Cars & Utility Vehicles,Automobile and Auto Components,11125.22,0.03,57.39,164.38,644.72,43.62,62.68,21.05,,not_stage_2,3,1345.7,1186.77,2.19,0.05552,"{'price_above_30w_ma': True, '30w_ma_rising': True, 'price_above_10w_ma': False, 'relative_strength_positive': False, 'near_52w_high': True}",lagging,weakening,99.78,95.57,-0.52,-1.44,False,False,2026-07-14 ratio=100.30 momentum=97.01; 2026-07-15 ratio=100.36 momentum=96.86; 2026-07-16 ratio=100.27 momentum=95.21; 2026-07-17 ratio=99.75 momentum=95.22; 2026-07-20 ratio=99.78 momentum=95.57,64.38
stock,Mercury EV-Tech,MERCURYEV.NS,Passenger Cars & Utility Vehicles,Automobile and Auto Components,675.92,0.0,0.3,-80.65,20.21,-34.13,161.7,2.64,,insufficient_data,0,,,,,{},insufficient_data,insufficient_data,,,,,False,False,,0.0
stock,Hindustan Motors,HINDMOTORS.NS,Passenger Cars & Utility Vehicles,Automobile and Auto Components,336.98,0.0,-4.29,671.83,0.0,,40.45,20.28,,insufficient_data,0,,,,,{},insufficient_data,insufficient_data,,,,,False,False,,0.0
stock,Supreme Inds.,SUPREMEIND.NS,Plastic Products - Industrial,Capital Goods,43177.7,1.06,433.57,47.5,3527.66,16.54,46.29,20.73,,not_stage_2,1,3436.7,3614.87,0.17,0.14179,"{'price_above_30w_ma': False, '30w_ma_rising': True, 'price_above_10w_ma': False, 'relative_strength_positive': False, 'near_52w_high': False}",improving,improving,99.48,102.53,-0.02,-1.89,False,False,2026-07-14 ratio=99.50 momentum=104.42; 2026-07-15 ratio=99.68 momentum=103.25; 2026-07-16 ratio=100.09 momentum=102.73; 2026-07-17 ratio=99.35 momentum=102.32; 2026-07-20 ratio=99.48 momentum=102.53,32.99
stock,Astral,ASTRAL.NS,Plastic Products - Industrial,Capital Goods,38016.68,0.26,213.0,21.24,2088.5,24.21,68.97,19.86,,not_stage_2,1,1396.1,1527.44,-0.43,0.0576,"{'price_above_30w_ma': False, '30w_ma_rising': False, 'price_above_10w_ma': False, 'relative_strength_positive': False, 'near_52w_high': True}",improving,improving,98.91,102.67,0.51,-3.06,False,False,2026-07-14 ratio=98.40 momentum=105.72; 2026-07-15 ratio=98.48 momentum=104.15; 2026-07-16 ratio=98.71 momentum=104.09; 2026-07-17 ratio=98.63 momentum=102.60; 2026-07-20 ratio=98.91 momentum=102.67,33.35
stock,Garware Hi Tech,GRWRHITECH.NS,Plastic Products - Industrial,Capital Goods,16079.14,0.17,108.21,39.09,596.69,8.9,47.54,18.02,,stage_2,5,6923.0,4723.0,10.84,0.28562,"{'price_above_30w_ma': True, '30w_ma_rising': True, 'price_above_10w_ma': True, 'relative_strength_positive': True, 'near_52w_high': True}",weakening,leading,100.98,96.99,-0.33,-4.09,False,False,2026-07-14 ratio=101.31 momentum=101.08; 2026-07-15 ratio=101.23 momentum=97.32; 2026-07-16 ratio=101.13 momentum=96.82; 2026-07-17 ratio=101.05 momentum=98.11; 2026-07-20 ratio=100.98 momentum=96.99,151.58
stock,Finolex Inds.,FINPIPE.NS,Plastic Products - Industrial,Capital Goods,10282.54,1.21,261.25,58.74,1313.88,12.12,17.16,12.71,,not_stage_2,2,165.08,174.59,0.06,0.00681,"{'price_above_30w_ma': False, '30w_ma_rising': True, 'price_above_10w_ma': False, 'relative_strength_positive': False, 'near_52w_high': True}",lagging,lagging,98.27,96.71,-0.14,-0.65,False,False,2026-07-14 ratio=98.41 momentum=97.36; 2026-07-15 ratio=98.45 momentum=96.85; 2026-07-16 ratio=98.66 momentum=96.35; 2026-07-17 ratio=98.00 momentum=94.66; 2026-07-20 ratio=98.27 momentum=96.71,40.12
stock,Time Technoplast,TIMETECHNO.NS,Plastic Products - Industrial,Capital Goods,10260.71,0.6,134.31,20.38,1676.67,14.16,21.89,16.71,,stage_2,5,213.11,182.44,0.84,0.00879,"{'price_above_30w_ma': True, '30w_ma_rising': True, 'price_above_10w_ma': True, 'relative_strength_positive': True, 'near_52w_high': True}",leading,leading,104.26,102.5,3.73,2.0,False,False,2026-07-14 ratio=100.52 momentum=100.51; 2026-07-15 ratio=103.66 momentum=103.00; 2026-07-16 ratio=103.92 momentum=101.94; 2026-07-17 ratio=103.73 momentum=101.99; 2026-07-20 ratio=104.26 momentum=102.50,180.48
stock,Kingfa Science,KINGFA.NS,Plastic Products - Industrial,Capital Goods,6842.77,0.0,59.15,41.17,578.47,23.2,36.94,23.2,,not_stage_2,3,5050.0,4666.4,3.24,0.20835,"{'price_above_30w_ma': True, '30w_ma_rising': True, 'price_above_10w_ma': False, 'relative_strength_positive': False, 'near_52w_high': True}",lagging,lagging,98.78,98.7,-0.44,3.6,False,False,2026-07-14 ratio=99.21 momentum=95.10; 2026-07-15 ratio=99.20 momentum=96.32; 2026-07-16 ratio=99.32 momentum=97.68; 2026-07-17 ratio=98.63 momentum=96.32; 2026-07-20 ratio=98.78 momentum=98.70,66.48
stock,Prince Pipes,PRINCEPIPE.NS,Plastic Products - Industrial,Capital Goods,2928.21,0.19,56.11,132.05,850.07,18.12,38.92,6.12,,not_stage_2,3,267.5,256.29,0.92,0.01104,"{'price_above_30w_ma': True, '30w_ma_rising': True, 'price_above_10w_ma': False, 'relative_strength_positive': False, 'near_52w_high': True}",lagging,lagging,99.3,98.02,-0.23,2.2,False,False,2026-07-14 ratio=99.53 momentum=95.81; 2026-07-15 ratio=99.82 momentum=98.29; 2026-07-16 ratio=99.57 momentum=96.38; 2026-07-17 ratio=99.36 momentum=94.05; 2026-07-20 ratio=99.30 momentum=98.02,61.84
stock,Jain Irrigation,JISLJALEQS.NS,Plastic Products - Industrial,Capital Goods,2209.84,0.0,-19.04,-164.41,1823.97,4.3,,5.3,,not_stage_2,0,30.7,33.53,-3.51,0.00127,"{'price_above_30w_ma': False, '30w_ma_rising': False, 'price_above_10w_ma': False, 'relative_strength_positive': False, 'near_52w_high': False}",lagging,lagging,99.02,95.85,-0.29,-0.66,False,False,2026-07-14 ratio=99.31 momentum=96.50; 2026-07-15 ratio=99.28 momentum=96.52; 2026-07-16 ratio=99.20 momentum=95.93; 2026-07-17 ratio=98.85 momentum=94.98; 2026-07-20 ratio=99.02 momentum=95.85,0.0
stock,Apollo Pipes,APOLLOPIPE.NS,Plastic Products - Industrial,Capital Goods,2174.22,0.14,-0.13,-89.88,347.02,10.24,,1.23,,not_stage_2,3,493.35,418.21,6.66,0.02035,"{'price_above_30w_ma': True, '30w_ma_rising': True, 'price_above_10w_ma': False, 'relative_strength_positive': False, 'near_52w_high': True}",improving,leading,99.45,100.72,-1.15,0.03,False,False,2026-07-14 ratio=100.60 momentum=100.69; 2026-07-15 ratio=100.75 momentum=101.36; 2026-07-16 ratio=100.28 momentum=100.94; 2026-07-17 ratio=99.68 momentum=100.38; 2026-07-20 ratio=99.45 momentum=100.72,76.92
stock,Jai Corp,JAICORPLTD.NS,Plastic Products - Industrial,Capital Goods,1848.77,0.47,20.79,-11.25,120.62,-10.9,10.83,13.27,,not_stage_2,0,107.15,111.84,-2.29,0.00442,"{'price_above_30w_ma': False, '30w_ma_rising': False, 'price_above_10w_ma': False, 'relative_strength_positive': False, 'near_52w_high': False}",lagging,lagging,97.75,99.39,-0.24,1.13,False,False,2026-07-14 ratio=97.99 momentum=98.26; 2026-07-15 ratio=97.85 momentum=98.09; 2026-07-16 ratio=97.77 momentum=97.57; 2026-07-17 ratio=97.41 momentum=94.53; 2026-07-20 ratio=97.75 momentum=99.39,0.0
stock,Knowledge Realty,KRT.NS,Real Estate Investment Trusts (REITs),Realty,51439.03,4.09,107.37,,1196.55,,142.64,5.22,,insufficient_data,0,,,,,{},insufficient_data,insufficient_data,,,,,False,False,,0.0
stock,Embassy Off.REIT,EMBASSY.NS,Real Estate Investment Trusts (REITs),Realty,42241.94,0.19,-430.02,-77.05,1204.68,10.95,153.86,5.61,,stage_2,5,449.3,434.04,0.45,0.01854,"{'price_above_30w_ma': True, '30w_ma_rising': True, 'price_above_10w_ma': True, 'relative_strength_positive': True, 'near_52w_high': True}",leading,weakening,101.01,100.38,0.25,1.12,True,False,2026-07-14 ratio=100.77 momentum=99.26; 2026-07-15 ratio=100.81 momentum=98.38; 2026-07-16 ratio=101.16 momentum=99.40; 2026-07-17 ratio=101.20 momentum=100.34; 2026-07-20 ratio=101.01 momentum=100.38,162.85
stock,Bagmane Prime REIT,BAGMANE.NS,Real Estate Investment Trusts (REITs),Realty,35669.4,0.0,253.94,,623.27,,39.79,33.22,,insufficient_data,0,,,,,{},insufficient_data,insufficient_data,,,,,False,False,,0.0
stock,Mindspace Busine,MINDSPACE.NS,Real Estate Investment Trusts (REITs),Realty,32901.08,8.55,208.74,127.77,889.95,30.67,48.62,7.64,,stage_2,5,495.01,473.91,0.36,0.02042,"{'price_above_30w_ma': True, '30w_ma_rising': True, 'price_above_10w_ma': True, 'relative_strength_positive': True, 'near_52w_high': True}",leading,leading,101.83,100.72,-0.47,-1.86,False,False,2026-07-14 ratio=102.31 momentum=102.59; 2026-07-15 ratio=102.20 momentum=101.34; 2026-07-16 ratio=102.11 momentum=100.47; 2026-07-17 ratio=101.45 momentum=98.63; 2026-07-20 ratio=101.83 momentum=100.72,158.47
stock,Brookfield India,BIRET.NS,Real Estate Investment Trusts (REITs),Realty,28297.28,7.37,53.86,-50.2,959.58,54.71,59.02,5.36,,stage_2,5,340.99,334.86,0.08,0.01407,"{'price_above_30w_ma': True, '30w_ma_rising': True, 'price_above_10w_ma': True, 'relative_strength_positive': True, 'near_52w_high': True}",weakening,leading,101.48,99.49,-0.56,-0.72,False,False,2026-07-14 ratio=102.04 momentum=100.20; 2026-07-15 ratio=101.88 momentum=99.22; 2026-07-16 ratio=101.71 momentum=98.55; 2026-07-17 ratio=101.15 momentum=98.34; 2026-07-20 ratio=101.48 momentum=99.49,132.56
stock,Nexus Select,NXST.NS,Real Estate Investment Trusts (REITs),Realty,25374.74,5.43,12.18,-89.34,652.37,12.41,69.11,5.83,,stage_2,5,167.54,158.28,0.37,0.00691,"{'price_above_30w_ma': True, '30w_ma_rising': True, 'price_above_10w_ma': True, 'relative_strength_positive': True, 'near_52w_high': True}",leading,weakening,101.91,103.18,0.18,5.0,True,False,2026-07-14 ratio=101.73 momentum=98.18; 2026-07-15 ratio=101.63 momentum=100.27; 2026-07-16 ratio=101.55 momentum=99.33; 2026-07-17 ratio=101.46 momentum=101.55; 2026-07-20 ratio=101.91 momentum=103.18,181.19
stock,Apcotex Industri,APCOTEXIND.NS,Rubber,Capital Goods,2894.5,1.43,34.74,107.28,397.58,13.79,28.85,19.8,,stage_2,5,552.1,427.55,5.01,0.02278,"{'price_above_30w_ma': True, '30w_ma_rising': True, 'price_above_10w_ma': True, 'relative_strength_positive': True, 'near_52w_high': True}",leading,leading,101.53,102.85,0.95,2.29,False,False,2026-07-14 ratio=100.59 momentum=100.56; 2026-07-15 ratio=100.33 momentum=99.84; 2026-07-16 ratio=101.14 momentum=101.70; 2026-07-17 ratio=100.34 momentum=99.38; 2026-07-20 ratio=101.53 momentum=102.85,176.92
stock,Pix Transmission,PIXTRANS.NS,Rubber,Capital Goods,2515.14,0.49,20.22,-10.73,170.77,4.91,23.67,21.73,,stage_2,5,1857.3,1529.01,3.37,0.07663,"{'price_above_30w_ma': True, '30w_ma_rising': True, 'price_above_10w_ma': True, 'relative_strength_positive': True, 'near_52w_high': True}",leading,weakening,101.52,100.12,-0.26,3.07,False,False,2026-07-14 ratio=101.78 momentum=97.05; 2026-07-15 ratio=102.30 momentum=99.50; 2026-07-16 ratio=101.61 momentum=97.87; 2026-07-17 ratio=100.98 momentum=97.62; 2026-07-20 ratio=101.52 momentum=100.12,159.94
stock,Tinna Rubber,TINNARUBR.NS,Rubber,Capital Goods,2069.83,0.35,20.57,75.21,156.18,19.89,33.56,22.31,,stage_2,5,1189.9,766.65,4.13,0.04909,"{'price_above_30w_ma': True, '30w_ma_rising': True, 'price_above_10w_ma': True, 'relative_strength_positive': True, 'near_52w_high': True}",leading,weakening,103.38,103.34,1.82,4.2,True,False,2026-07-14 ratio=101.57 momentum=99.14; 2026-07-15 ratio=101.48 momentum=99.10; 2026-07-16 ratio=101.47 momentum=99.77; 2026-07-17 ratio=101.35 momentum=100.10; 2026-07-20 ratio=103.38 momentum=103.34,196.86
stock,GRP,GRPLTD.NS,Rubber,Capital Goods,1037.92,0.18,-1.34,-106.89,144.52,-9.87,226.62,6.94,,stage_2,5,1896.2,1825.57,1.19,0.07823,"{'price_above_30w_ma': True, '30w_ma_rising': True, 'price_above_10w_ma': True, 'relative_strength_positive': True, 'near_52w_high': True}",leading,weakening,100.68,101.71,-0.02,1.77,False,False,2026-07-14 ratio=100.70 momentum=99.94; 2026-07-15 ratio=100.86 momentum=100.35; 2026-07-16 ratio=100.44 momentum=100.58; 2026-07-17 ratio=100.43 momentum=101.05; 2026-07-20 ratio=100.68 momentum=101.71,159.33
stock,Harri. Malayalam,HARRMALAYA.NS,Rubber,Capital Goods,404.51,0.0,9.11,75.53,147.13,7.62,13.89,15.28,,stage_2,5,217.43,192.28,3.52,0.00897,"{'price_above_30w_ma': True, '30w_ma_rising': True, 'price_above_10w_ma': True, 'relative_strength_positive': True, 'near_52w_high': True}",leading,leading,100.76,101.74,-1.19,-1.08,False,False,2026-07-14 ratio=101.94 momentum=102.82; 2026-07-15 ratio=101.05 momentum=101.34; 2026-07-16 ratio=101.52 momentum=102.39; 2026-07-17 ratio=100.84 momentum=101.59; 2026-07-20 ratio=100.76 momentum=101.74,164.54
stock,Rubfila Intl.,RUBFILA.NS,Rubber,Capital Goods,399.57,2.72,6.42,-22.74,160.6,8.9,15.02,12.29,,not_stage_2,2,72.98,70.83,-0.02,0.00301,"{'price_above_30w_ma': True, '30w_ma_rising': False, 'price_above_10w_ma': False, 'relative_strength_positive': False, 'near_52w_high': True}",lagging,lagging,99.24,99.88,-0.22,-0.05,False,False,2026-07-14 ratio=99.47 momentum=99.93; 2026-07-15 ratio=99.60 momentum=100.84; 2026-07-16 ratio=99.84 momentum=101.45; 2026-07-17 ratio=99.36 momentum=100.50; 2026-07-20 ratio=99.24 momentum=99.88,40.0
stock,Gayatri Rubbers,GRCL.NS,Rubber,Capital Goods,348.53,0.0,2.95,86.71,24.48,33.99,62.35,39.54,,stage_2,5,607.6,453.7,7.43,0.02507,"{'price_above_30w_ma': True, '30w_ma_rising': True, 'price_above_10w_ma': True, 'relative_strength_positive': True, 'near_52w_high': True}",leading,leading,100.97,100.24,-0.74,-2.76,False,False,2026-07-14 ratio=101.71 momentum=103.00; 2026-07-15 ratio=101.52 momentum=102.37; 2026-07-16 ratio=101.44 momentum=102.06; 2026-07-17 ratio=100.94 momentum=99.87; 2026-07-20 ratio=100.97 momentum=100.24,165.91
stock,Elgi Rubber Co,ELGIRUBCO.NS,Rubber,Capital Goods,291.88,0.0,-204.05,-179.7,86.34,-11.19,,-12.92,,stage_2,4,58.53,46.67,2.72,0.00241,"{'price_above_30w_ma': True, '30w_ma_rising': True, 'price_above_10w_ma': True, 'relative_strength_positive': True, 'near_52w_high': False}",weakening,leading,101.48,95.72,-0.17,-6.48,False,False,2026-07-14 ratio=101.65 momentum=102.20; 2026-07-15 ratio=101.69 momentum=102.85; 2026-07-16 ratio=102.57 momentum=107.26; 2026-07-17 ratio=102.20 momentum=100.49; 2026-07-20 ratio=101.48 momentum=95.72,117.84
stock,Sampann Utpadan,SAMPANN.NS,Rubber,Capital Goods,131.05,0.0,1.2,-37.5,38.75,19.67,19.33,8.18,,not_stage_2,0,26.95,29.35,-1.94,0.00111,"{'price_above_30w_ma': False, '30w_ma_rising': False, 'price_above_10w_ma': False, 'relative_strength_positive': False, 'near_52w_high': False}",lagging,lagging,98.33,97.6,-1.5,-1.93,False,False,2026-07-14 ratio=99.83 momentum=99.53; 2026-07-15 ratio=98.71 momentum=97.85; 2026-07-16 ratio=100.34 momentum=97.84; 2026-07-17 ratio=98.06 momentum=96.56; 2026-07-20 ratio=98.33 momentum=97.60,0.0
stock,Lead Reclaim,LRRPL.NS,Rubber,Capital Goods,79.49,0.0,3.1,219.59,17.92,-18.25,19.44,21.28,,stage_2,4,90.1,77.04,2.52,0.00372,"{'price_above_30w_ma': True, '30w_ma_rising': True, 'price_above_10w_ma': True, 'relative_strength_positive': False, 'near_52w_high': True}",leading,weakening,100.21,101.91,-0.62,3.12,False,False,2026-07-14 ratio=100.82 momentum=98.79; 2026-07-15 ratio=100.52 momentum=98.14; 2026-07-16 ratio=100.49 momentum=99.59; 2026-07-17 ratio=100.93 momentum=100.03; 2026-07-20 ratio=100.21 momentum=101.91,140.64
stock,KIOCL,KIOCL.NS,Sponge Iron,Metals & Mining,22419.94,0.0,53.39,244.77,220.33,-10.6,1353.04,1.38,,not_stage_2,2,371.8,370.71,0.88,0.01534,"{'price_above_30w_ma': True, '30w_ma_rising': True, 'price_above_10w_ma': False, 'relative_strength_positive': False, 'near_52w_high': False}",lagging,lagging,98.04,99.99,-0.39,1.94,False,False,2026-07-14 ratio=98.43 momentum=98.05; 2026-07-15 ratio=98.43 momentum=99.90; 2026-07-16 ratio=98.26 momentum=100.35; 2026-07-17 ratio=97.69 momentum=98.14; 2026-07-20 ratio=98.04 momentum=99.99,41.76
stock,S.A.L Steel,SALSTEEL.NS,Sponge Iron,Metals & Mining,792.89,0.0,-1.02,82.91,11.97,-89.76,,1.08,,not_stage_2,3,52.17,49.95,4.31,0.00215,"{'price_above_30w_ma': True, '30w_ma_rising': True, 'price_above_10w_ma': False, 'relative_strength_positive': False, 'near_52w_high': True}",lagging,improving,97.83,98.64,-1.37,-2.56,False,False,2026-07-14 ratio=99.19 momentum=101.20; 2026-07-15 ratio=98.80 momentum=98.62; 2026-07-16 ratio=98.62 momentum=97.03; 2026-07-17 ratio=97.95 momentum=98.27; 2026-07-20 ratio=97.83 momentum=98.64,68.62
stock,Vraj Iron,VRAJ.NS,Sponge Iron,Metals & Mining,434.18,0.0,15.57,55.54,170.21,11.24,13.56,10.51,,stage_2,5,132.04,123.9,0.01,0.00545,"{'price_above_30w_ma': True, '30w_ma_rising': True, 'price_above_10w_ma': True, 'relative_strength_positive': True, 'near_52w_high': True}",leading,leading,100.91,101.63,-0.7,-1.44,False,False,2026-07-14 ratio=101.61 momentum=103.07; 2026-07-15 ratio=103.11 momentum=103.11; 2026-07-16 ratio=102.99 momentum=102.49; 2026-07-17 ratio=101.26 momentum=101.71; 2026-07-20 ratio=100.91 momentum=101.63,157.72
stock,Chaman Metallics,CMNL.NS,Sponge Iron,Metals & Mining,247.86,0.0,-1.62,-78.12,344.75,326.41,,5.37,,not_stage_2,0,96.1,110.26,-3.12,0.00396,"{'price_above_30w_ma': False, '30w_ma_rising': False, 'price_above_10w_ma': False, 'relative_strength_positive': False, 'near_52w_high': False}",lagging,improving,98.73,99.57,-0.15,-0.65,False,False,2026-07-14 ratio=98.88 momentum=100.22; 2026-07-15 ratio=99.16 momentum=103.35; 2026-07-16 ratio=98.86 momentum=98.69; 2026-07-17 ratio=98.66 momentum=99.53; 2026-07-20 ratio=98.73 momentum=99.57,0.0
stock,Vaswani Industri,VASWANI.NS,Sponge Iron,Metals & Mining,175.01,0.0,5.39,22.78,143.89,24.69,41.28,8.76,,not_stage_2,1,52.82,55.9,-1.05,0.00218,"{'price_above_30w_ma': False, '30w_ma_rising': False, 'price_above_10w_ma': False, 'relative_strength_positive': False, 'near_52w_high': True}",lagging,lagging,98.59,98.06,-0.14,2.97,False,False,2026-07-14 ratio=98.73 momentum=95.09; 2026-07-15 ratio=99.04 momentum=102.36; 2026-07-16 ratio=98.96 momentum=98.79; 2026-07-17 ratio=98.54 momentum=97.78; 2026-07-20 ratio=98.59 momentum=98.06,20.0
stock,Shri Hare-Krish.,SHKSIL.NS,Sponge Iron,Metals & Mining,80.31,0.0,1.55,-64.85,27.21,-35.63,12.95,7.76,,insufficient_data,0,,,,,{},insufficient_data,insufficient_data,,,,,False,False,,0.0
stock,DOMS Industries,DOMS.NS,Stationary,Fast Moving Consumer Goods,13784.75,0.14,58.2,17.13,603.98,18.72,59.89,24.33,,not_stage_2,2,2266.2,2316.41,-1.58,0.0935,"{'price_above_30w_ma': False, '30w_ma_rising': False, 'price_above_10w_ma': True, 'relative_strength_positive': False, 'near_52w_high': True}",lagging,weakening,99.49,98.99,-0.74,-0.18,False,False,2026-07-14 ratio=100.23 momentum=99.17; 2026-07-15 ratio=100.17 momentum=100.07; 2026-07-16 ratio=99.53 momentum=97.99; 2026-07-17 ratio=99.29 momentum=98.82; 2026-07-20 ratio=99.49 momentum=98.99,40.0
stock,Navneet Educat.,NAVNETEDUL.NS,Stationary,Fast Moving Consumer Goods,3233.92,2.05,39.0,-47.07,430.0,-0.92,20.79,10.23,,stage_2,5,147.57,143.39,0.5,0.00609,"{'price_above_30w_ma': True, '30w_ma_rising': True, 'price_above_10w_ma': True, 'relative_strength_positive': True, 'near_52w_high': True}",weakening,leading,100.43,99.4,-0.64,-7.98,False,False,2026-07-14 ratio=101.08 momentum=107.38; 2026-07-15 ratio=101.58 momentum=100.48; 2026-07-16 ratio=101.30 momentum=101.10; 2026-07-17 ratio=99.63 momentum=96.58; 2026-07-20 ratio=100.43 momentum=99.40,128.15
stock,Flair Writing,FLAIR.NS,Stationary,Fast Moving Consumer Goods,2621.18,0.4,36.53,16.15,322.95,8.35,18.75,16.8,,not_stage_2,0,253.4,299.34,-1.67,0.01045,"{'price_above_30w_ma': False, '30w_ma_rising': False, 'price_above_10w_ma': False, 'relative_strength_positive': False, 'near_52w_high': False}",improving,improving,98.69,102.74,-0.17,-0.75,False,False,2026-07-14 ratio=98.86 momentum=103.50; 2026-07-15 ratio=98.86 momentum=101.66; 2026-07-16 ratio=98.77 momentum=101.30; 2026-07-17 ratio=98.83 momentum=103.17; 2026-07-20 ratio=98.69 momentum=102.74,13.7
stock,Kokuyo Camlin,KOKUYOCMLN.NS,Stationary,Fast Moving Consumer Goods,855.79,0.35,2.88,-34.4,226.23,13.1,34.48,10.21,,not_stage_2,0,84.22,85.42,-0.54,0.00347,"{'price_above_30w_ma': False, '30w_ma_rising': False, 'price_above_10w_ma': False, 'relative_strength_positive': False, 'near_52w_high': False}",lagging,lagging,98.62,98.94,-0.96,-0.63,False,False,2026-07-14 ratio=99.58 momentum=99.57; 2026-07-15 ratio=99.34 momentum=99.06; 2026-07-16 ratio=99.10 momentum=97.13; 2026-07-17 ratio=98.31 momentum=96.04; 2026-07-20 ratio=98.62 momentum=98.94,0.0
stock,Linc,LINC.NS,Stationary,Fast Moving Consumer Goods,628.27,1.42,11.66,-7.9,136.66,-9.55,17.16,19.21,,not_stage_2,4,107.21,104.94,-0.59,0.00442,"{'price_above_30w_ma': True, '30w_ma_rising': False, 'price_above_10w_ma': True, 'relative_strength_positive': True, 'near_52w_high': True}",weakening,weakening,100.29,98.95,-0.5,0.81,False,False,2026-07-14 ratio=100.79 momentum=98.13; 2026-07-15 ratio=100.54 momentum=98.15; 2026-07-16 ratio=100.99 momentum=98.93; 2026-07-17 ratio=100.36 momentum=97.45; 2026-07-20 ratio=100.29 momentum=98.95,81.45
stock,Sundaram Multi.,SUNDARAM.NS,Stationary,Fast Moving Consumer Goods,60.18,0.0,1.17,211.58,44.35,11.85,21.8,3.8,,not_stage_2,0,1.26,1.43,-4.32,5e-05,"{'price_above_30w_ma': False, '30w_ma_rising': False, 'price_above_10w_ma': False, 'relative_strength_positive': False, 'near_52w_high': False}",improving,improving,98.22,103.29,0.42,3.2,False,True,2026-07-14 ratio=97.80 momentum=100.08; 2026-07-15 ratio=98.08 momentum=101.26; 2026-07-16 ratio=98.35 momentum=102.73; 2026-07-17 ratio=98.37 momentum=102.24; 2026-07-20 ratio=98.22 momentum=103.29,16.45
stock,Indus Towers,INDUSTOWER.NS,Telecom - Infrastructure,Telecommunic ation,106700.49,0.0,1792.9,0.78,8101.0,4.84,14.93,19.49,,not_stage_2,1,402.0,426.3,-0.54,0.01659,"{'price_above_30w_ma': False, '30w_ma_rising': False, 'price_above_10w_ma': False, 'relative_strength_positive': False, 'near_52w_high': True}",improving,improving,99.12,102.4,-0.32,0.96,False,False,2026-07-14 ratio=99.44 momentum=101.44; 2026-07-15 ratio=99.49 momentum=101.80; 2026-07-16 ratio=99.43 momentum=102.36; 2026-07-17 ratio=99.12 momentum=102.17; 2026-07-20 ratio=99.12 momentum=102.40,32.0
stock,HFCL,HFCL.NS,Telecom - Infrastructure,Telecommunic ation,33362.54,0.05,184.45,319.21,1824.12,127.81,107.02,10.86,,stage_2,5,208.03,120.53,19.57,0.00858,"{'price_above_30w_ma': True, '30w_ma_rising': True, 'price_above_10w_ma': True, 'relative_strength_positive': True, 'near_52w_high': True}",weakening,weakening,100.68,96.51,-0.39,-0.82,False,False,2026-07-14 ratio=101.07 momentum=97.33; 2026-07-15 ratio=101.38 momentum=100.02; 2026-07-16 ratio=101.39 momentum=102.00; 2026-07-17 ratio=100.87 momentum=97.71; 2026-07-20 ratio=100.68 momentum=96.51,167.54
stock,Pace Digitek,PACEDIGITK.NS,Telecom - Infrastructure,Telecommunic ation,4430.13,0.0,105.92,73.27,1096.78,60.52,14.89,21.26,,stage_2,5,202.43,181.06,0.77,0.00835,"{'price_above_30w_ma': True, '30w_ma_rising': True, 'price_above_10w_ma': True, 'relative_strength_positive': True, 'near_52w_high': True}",weakening,weakening,100.44,97.36,-0.47,-0.58,False,False,2026-07-14 ratio=100.91 momentum=97.94; 2026-07-15 ratio=101.14 momentum=97.83; 2026-07-16 ratio=100.91 momentum=96.81; 2026-07-17 ratio=100.35 momentum=96.19; 2026-07-20 ratio=100.44 momentum=97.36,128.74
stock,GTL Infra.,GTLINFRA.NS,Telecom - Infrastructure,Telecommunic ation,1601.14,0.0,1185.58,94.92,330.36,-1.98,,,,not_stage_2,3,1.25,1.23,0.6,5e-05,"{'price_above_30w_ma': True, '30w_ma_rising': True, 'price_above_10w_ma': False, 'relative_strength_positive': False, 'near_52w_high': True}",lagging,lagging,98.4,97.67,-0.38,1.48,False,False,2026-07-14 ratio=98.78 momentum=96.19; 2026-07-15 ratio=98.74 momentum=95.89; 2026-07-16 ratio=98.62 momentum=95.82; 2026-07-17 ratio=98.18 momentum=96.13; 2026-07-20 ratio=98.40 momentum=97.67,61.2
stock,Suyog Telematics,SUYOG.NS,Telecom - Infrastructure,Telecommunic ation,985.82,0.21,14.14,202.61,52.74,5.35,15.83,14.42,,stage_2,5,843.85,721.9,4.59,0.03481,"{'price_above_30w_ma': True, '30w_ma_rising': True, 'price_above_10w_ma': True, 'relative_strength_positive': True, 'near_52w_high': True}",weakening,weakening,100.64,97.22,-0.79,-1.3,False,False,2026-07-14 ratio=101.43 momentum=98.52; 2026-07-15 ratio=101.46 momentum=99.16; 2026-07-16 ratio=101.10 momentum=96.78; 2026-07-17 ratio=100.71 momentum=96.82; 2026-07-20 ratio=100.64 momentum=97.22,137.38
stock,Sar Televenture,SARTELE.NS,Telecom - Infrastructure,Telecommunic ation,598.51,0.0,36.23,25.49,280.35,35.3,8.33,8.84,,not_stage_2,0,121.45,171.61,-7.31,0.00501,"{'price_above_30w_ma': False, '30w_ma_rising': False, 'price_above_10w_ma': False, 'relative_strength_positive': False, 'near_52w_high': False}",lagging,lagging,98.51,98.37,-0.02,1.94,False,False,2026-07-14 ratio=98.52 momentum=96.42; 2026-07-15 ratio=98.41 momentum=96.10; 2026-07-16 ratio=98.82 momentum=97.52; 2026-07-17 ratio=98.58 momentum=96.45; 2026-07-20 ratio=98.51 momentum=98.37,0.0
stock,Kore Digital,KDL.NS,Telecom - Infrastructure,Telecommunic ation,138.34,0.0,11.91,-51.61,150.42,-36.24,3.77,38.1,,not_stage_2,0,115.0,137.45,-4.35,0.00474,"{'price_above_30w_ma': False, '30w_ma_rising': False, 'price_above_10w_ma': False, 'relative_strength_positive': False, 'near_52w_high': False}",lagging,improving,98.96,98.17,0.16,-2.3,False,False,2026-07-14 ratio=98.80 momentum=100.47; 2026-07-15 ratio=99.11 momentum=101.39; 2026-07-16 ratio=98.89 momentum=101.24; 2026-07-17 ratio=99.02 momentum=100.66; 2026-07-20 ratio=98.96 momentum=98.17,0.0
stock,Rama Telecom,RTL.NS,Telecom - Infrastructure,Telecommunic ation,106.91,0.0,0.48,-86.7,27.75,18.69,36.74,11.91,,insufficient_data,0,,,,,{},insufficient_data,insufficient_data,,,,,False,False,,0.0
