level,name,symbol,parent,sector,market_cap_cr,dividend_yield_pct,np_qtr_cr,qtr_profit_var_pct,sales_qtr_cr,qtr_sales_var_pct,pe,roce,error,stage,stage2_score,close,weekly_ma,weekly_ma_slope_4w_pct,rs_vs_benchmark,checks,rrg_quadrant,rrg_quadrant_5d_ago,rs_ratio,rs_momentum,rs_ratio_5d_delta,rs_momentum_5d_delta,moving_to_leading,improving_toward_leading,rrg_tail,stock_score
stock,Bajaj Auto,BAJAJ-AUTO.NS,2/3 Wheelers,Automobile and Auto Components,326602.58,1.26,3188.75,45.93,21688.83,65.14,27.71,28.24,,stage_2,5,11800.0,10349.22,3.0,0.49623,"{'price_above_30w_ma': True, '30w_ma_rising': True, 'price_above_10w_ma': True, 'relative_strength_positive': True, 'near_52w_high': True}",weakening,leading,101.09,98.69,-0.75,-3.63,False,False,2026-09-01 ratio=101.84 momentum=102.32; 2026-09-02 ratio=101.56 momentum=100.56; 2026-09-03 ratio=101.27 momentum=98.88; 2026-09-04 ratio=101.21 momentum=99.60; 2026-09-07 ratio=101.09 momentum=98.69,136.45
stock,Eicher Motors,EICHERMOT.NS,2/3 Wheelers,Automobile and Auto Components,212187.87,1.06,1462.51,21.35,6632.42,31.55,36.48,30.53,,not_stage_2,3,7630.5,7438.67,1.44,0.3193,"{'price_above_30w_ma': True, '30w_ma_rising': True, 'price_above_10w_ma': False, 'relative_strength_positive': False, 'near_52w_high': True}",lagging,weakening,99.94,97.56,-1.05,1.21,False,False,2026-08-31 ratio=100.99 momentum=96.35; 2026-09-01 ratio=101.05 momentum=96.80; 2026-09-02 ratio=100.25 momentum=96.33; 2026-09-03 ratio=100.20 momentum=97.10; 2026-09-04 ratio=99.94 momentum=97.56,62.88
stock,TVS Motor Co.,TVSMOTOR.NS,2/3 Wheelers,Automobile and Auto Components,196045.13,0.29,1057.61,67.11,16295.52,33.46,56.67,17.37,,stage_2,5,4132.0,3735.12,1.92,0.17377,"{'price_above_30w_ma': True, '30w_ma_rising': True, 'price_above_10w_ma': True, 'relative_strength_positive': True, 'near_52w_high': True}",weakening,weakening,100.45,97.66,-0.19,1.1,False,False,2026-09-01 ratio=100.64 momentum=96.56; 2026-09-02 ratio=100.67 momentum=97.08; 2026-09-03 ratio=100.66 momentum=97.39; 2026-09-04 ratio=100.42 momentum=97.15; 2026-09-07 ratio=100.45 momentum=97.66,131.09
stock,Hero Motocorp,HEROMOTOCO.NS,2/3 Wheelers,Automobile and Auto Components,106241.33,3.47,1417.93,-17.18,13126.35,34.94,19.18,35.22,,not_stage_2,2,5270.0,5217.79,-0.22,0.22162,"{'price_above_30w_ma': True, '30w_ma_rising': False, 'price_above_10w_ma': False, 'relative_strength_positive': False, 'near_52w_high': True}",weakening,weakening,100.13,96.73,-0.74,-0.38,False,False,2026-09-01 ratio=100.87 momentum=97.11; 2026-09-02 ratio=100.21 momentum=96.21; 2026-09-03 ratio=100.24 momentum=96.55; 2026-09-04 ratio=100.17 momentum=96.52; 2026-09-07 ratio=100.13 momentum=96.73,40.65
stock,Ather Energy,ATHERENERG.NS,2/3 Wheelers,Automobile and Auto Components,62629.11,0.0,-50.87,71.46,1216.92,88.79,,-19.77,,stage_2,5,1599.3,1058.81,12.8,0.06726,"{'price_above_30w_ma': True, '30w_ma_rising': True, 'price_above_10w_ma': True, 'relative_strength_positive': True, 'near_52w_high': True}",leading,leading,101.48,100.66,-0.89,-1.13,False,False,2026-09-01 ratio=102.37 momentum=101.79; 2026-09-02 ratio=102.09 momentum=101.56; 2026-09-03 ratio=101.77 momentum=101.04; 2026-09-04 ratio=101.40 momentum=100.28; 2026-09-07 ratio=101.48 momentum=100.66,181.3
stock,Ola Electric,OLAELEC.NS,2/3 Wheelers,Automobile and Auto Components,17421.29,0.0,-336.0,21.5,455.0,-45.05,,-19.56,,not_stage_2,2,37.96,36.25,2.45,0.0016,"{'price_above_30w_ma': True, '30w_ma_rising': True, 'price_above_10w_ma': False, 'relative_strength_positive': False, 'near_52w_high': False}",improving,leading,99.59,101.3,-0.82,-0.4,False,False,2026-09-01 ratio=100.41 momentum=101.70; 2026-09-02 ratio=99.87 momentum=101.48; 2026-09-03 ratio=99.24 momentum=100.48; 2026-09-04 ratio=99.59 momentum=101.06; 2026-09-07 ratio=99.59 momentum=101.30,51.4
stock,Ebix,EBIX.NS,2/3 Wheelers,Automobile and Auto Components,425.32,0.0,82.0,92.94,573.24,-5.08,,5.95,,insufficient_data,0,,,,,{},insufficient_data,insufficient_data,,,,,False,False,,0.0
stock,Wardwizard Inno.,WARDINMOBI.NS,2/3 Wheelers,Automobile and Auto Components,173.57,1.73,0.19,-83.04,61.64,91.01,170.17,7.04,,insufficient_data,0,,,,,{},insufficient_data,insufficient_data,,,,,False,False,,0.0
stock,Tunwal E-Motors,TUNWAL.NS,2/3 Wheelers,Automobile and Auto Components,146.25,0.39,4.23,-34.72,132.45,27.15,11.49,13.28,,not_stage_2,0,24.9,28.98,-1.76,0.00105,"{'price_above_30w_ma': False, '30w_ma_rising': False, 'price_above_10w_ma': False, 'relative_strength_positive': False, 'near_52w_high': False}",lagging,lagging,98.6,97.94,0.23,0.58,False,False,2026-09-01 ratio=98.37 momentum=97.36; 2026-09-02 ratio=98.56 momentum=98.03; 2026-09-03 ratio=98.90 momentum=98.69; 2026-09-04 ratio=98.67 momentum=98.21; 2026-09-07 ratio=98.60 momentum=97.94,0.0
stock,Delta Auto.,DELTIC.NS,2/3 Wheelers,Automobile and Auto Components,54.81,0.0,3.1,-47.28,37.54,-28.28,8.36,11.81,,insufficient_data,0,,,,,{},insufficient_data,insufficient_data,,,,,False,False,,0.0
stock,Timken India,TIMKEN.NS,Abrasives & Bearings,Capital Goods,23309.53,0.08,115.13,10.47,929.09,14.87,56.96,18.26,,not_stage_2,2,3098.7,3380.33,0.23,0.13031,"{'price_above_30w_ma': False, '30w_ma_rising': True, 'price_above_10w_ma': False, 'relative_strength_positive': False, 'near_52w_high': True}",improving,improving,99.5,102.59,-0.39,2.33,False,False,2026-09-01 ratio=99.89 momentum=100.27; 2026-09-02 ratio=99.58 momentum=99.98; 2026-09-03 ratio=99.57 momentum=101.02; 2026-09-04 ratio=99.58 momentum=101.67; 2026-09-07 ratio=99.50 momentum=102.59,53.41
stock,Grindwell Norton,GRINDWELL.NS,Abrasives & Bearings,Capital Goods,21298.06,0.99,115.31,22.3,803.3,14.19,48.82,21.18,,not_stage_2,3,1962.5,1825.04,3.64,0.08212,"{'price_above_30w_ma': True, '30w_ma_rising': True, 'price_above_10w_ma': False, 'relative_strength_positive': False, 'near_52w_high': True}",lagging,lagging,98.68,97.79,-0.48,2.16,False,False,2026-08-31 ratio=99.16 momentum=95.63; 2026-09-01 ratio=98.66 momentum=95.57; 2026-09-02 ratio=98.66 momentum=97.40; 2026-09-03 ratio=98.86 momentum=98.19; 2026-09-04 ratio=98.68 momentum=97.79,67.28
stock,Carborundum Uni.,CARBORUNIV.NS,Abrasives & Bearings,Capital Goods,20869.92,0.36,80.34,23.44,1426.63,17.03,83.22,10.52,,stage_2,4,1104.0,1006.7,4.56,0.04643,"{'price_above_30w_ma': True, '30w_ma_rising': True, 'price_above_10w_ma': False, 'relative_strength_positive': True, 'near_52w_high': True}",leading,lagging,100.57,101.02,0.63,2.03,True,False,2026-09-01 ratio=99.94 momentum=98.99; 2026-09-02 ratio=99.43 momentum=99.47; 2026-09-03 ratio=99.68 momentum=98.07; 2026-09-04 ratio=101.05 momentum=100.07; 2026-09-07 ratio=100.57 momentum=101.02,152.07
stock,SKF India Indus.,SKFINDUS.NS,Abrasives & Bearings,Capital Goods,14619.46,0.68,61.92,-13.84,970.77,18.3,38.03,29.89,,stage_2,5,3016.1,2498.34,1.93,0.12684,"{'price_above_30w_ma': True, '30w_ma_rising': True, 'price_above_10w_ma': True, 'relative_strength_positive': True, 'near_52w_high': True}",leading,leading,102.24,102.55,0.27,0.0,False,False,2026-09-01 ratio=101.96 momentum=102.54; 2026-09-02 ratio=102.79 momentum=101.94; 2026-09-03 ratio=102.78 momentum=102.40; 2026-09-04 ratio=102.12 momentum=101.95; 2026-09-07 ratio=102.24 momentum=102.55,172.81
stock,SKF India,SKFINDIA.NS,Abrasives & Bearings,Capital Goods,7597.32,2.61,61.84,32.31,587.79,27.09,51.16,13.33,,not_stage_2,2,1546.6,1609.85,-1.27,0.06504,"{'price_above_30w_ma': False, '30w_ma_rising': False, 'price_above_10w_ma': True, 'relative_strength_positive': True, 'near_52w_high': False}",leading,lagging,100.38,100.93,0.65,4.18,True,False,2026-09-01 ratio=99.73 momentum=96.76; 2026-09-02 ratio=99.90 momentum=95.13; 2026-09-03 ratio=100.11 momentum=98.51; 2026-09-04 ratio=100.32 momentum=100.17; 2026-09-07 ratio=100.38 momentum=100.93,76.55
stock,Wendt India,WENDT.NS,Abrasives & Bearings,Capital Goods,1682.87,0.36,6.18,63.49,71.28,36.63,99.28,7.82,,stage_2,5,8160.0,7329.43,2.23,0.34146,"{'price_above_30w_ma': True, '30w_ma_rising': True, 'price_above_10w_ma': True, 'relative_strength_positive': True, 'near_52w_high': True}",weakening,leading,101.1,99.97,0.06,-0.74,False,False,2026-08-31 ratio=101.04 momentum=100.71; 2026-09-01 ratio=100.75 momentum=100.18; 2026-09-02 ratio=100.45 momentum=100.04; 2026-09-03 ratio=101.81 momentum=102.21; 2026-09-04 ratio=101.10 momentum=99.97,134.96
stock,SKP Bearing,SKP.NS,Abrasives & Bearings,Capital Goods,277.72,0.66,0.04,-89.47,22.11,-0.05,470.72,11.38,,not_stage_2,0,151.5,156.51,-1.06,0.00634,"{'price_above_30w_ma': False, '30w_ma_rising': False, 'price_above_10w_ma': False, 'relative_strength_positive': False, 'near_52w_high': False}",improving,lagging,99.51,101.07,1.47,2.83,False,True,2026-08-31 ratio=98.04 momentum=98.24; 2026-09-01 ratio=98.91 momentum=97.31; 2026-09-02 ratio=98.71 momentum=98.78; 2026-09-03 ratio=98.50 momentum=97.94; 2026-09-04 ratio=99.51 momentum=101.07,5.35
stock,NRB Indl Bearing,NIBL.NS,Abrasives & Bearings,Capital Goods,72.14,0.0,-6.59,-29.47,18.9,1.89,,-18.17,,not_stage_2,2,30.8,31.17,0.49,0.00129,"{'price_above_30w_ma': False, '30w_ma_rising': True, 'price_above_10w_ma': False, 'relative_strength_positive': False, 'near_52w_high': True}",improving,lagging,99.28,100.47,0.04,4.98,False,True,2026-08-31 ratio=99.25 momentum=95.49; 2026-09-01 ratio=99.24 momentum=98.76; 2026-09-02 ratio=99.44 momentum=100.36; 2026-09-03 ratio=99.29 momentum=97.83; 2026-09-04 ratio=99.28 momentum=100.47,43.33
stock,Signpost India,SIGNPOST.NS,Advertising & Media Agencies,"Media, Entertainment & Publication",1415.86,0.19,18.69,22.32,152.26,10.61,19.28,25.13,,not_stage_2,3,269.5,265.73,2.23,0.01133,"{'price_above_30w_ma': True, '30w_ma_rising': True, 'price_above_10w_ma': False, 'relative_strength_positive': False, 'near_52w_high': True}",improving,lagging,99.59,101.38,0.82,5.85,False,True,2026-09-01 ratio=98.78 momentum=95.53; 2026-09-02 ratio=98.47 momentum=96.41; 2026-09-03 ratio=98.62 momentum=97.31; 2026-09-04 ratio=98.57 momentum=97.33; 2026-09-07 ratio=99.59 momentum=101.38,71.36
stock,R K Swamy,RKSWAMY.NS,Advertising & Media Agencies,"Media, Entertainment & Publication",477.25,2.12,3.47,20.91,83.62,7.8,19.52,12.26,,not_stage_2,0,93.66,95.31,-1.77,0.00394,"{'price_above_30w_ma': False, '30w_ma_rising': False, 'price_above_10w_ma': False, 'relative_strength_positive': False, 'near_52w_high': False}",improving,lagging,98.95,102.14,1.22,8.2,False,True,2026-09-01 ratio=97.73 momentum=93.94; 2026-09-02 ratio=98.31 momentum=103.23; 2026-09-03 ratio=98.40 momentum=101.76; 2026-09-04 ratio=98.95 momentum=102.76; 2026-09-07 ratio=98.95 momentum=102.14,10.7
stock,Vertoz,VERTOZ.NS,Advertising & Media Agencies,"Media, Entertainment & Publication",327.11,0.26,7.36,5.02,81.64,15.82,12.4,14.16,,not_stage_2,2,37.66,41.57,-7.05,0.00158,"{'price_above_30w_ma': False, '30w_ma_rising': False, 'price_above_10w_ma': True, 'relative_strength_positive': True, 'near_52w_high': False}",leading,leading,100.55,103.02,-0.02,1.29,False,False,2026-08-31 ratio=100.57 momentum=101.73; 2026-09-01 ratio=100.39 momentum=101.66; 2026-09-02 ratio=101.06 momentum=102.67; 2026-09-03 ratio=101.14 momentum=103.70; 2026-09-04 ratio=100.55 momentum=103.02,77.85
stock,Simca Advertis.,SIMCA.NS,Advertising & Media Agencies,"Media, Entertainment & Publication",311.56,0.0,9.04,1164.71,78.51,107.37,18.73,97.5,,insufficient_data,0,,,,,{},insufficient_data,insufficient_data,,,,,False,False,,0.0
stock,Yaap Digital,YAAP.NS,Advertising & Media Agencies,"Media, Entertainment & Publication",276.94,0.0,19.0,84.08,135.66,28.14,15.0,30.86,,insufficient_data,0,,,,,{},insufficient_data,insufficient_data,,,,,False,False,,0.0
stock,Cash UR Drive,CUDML.NS,Advertising & Media Agencies,"Media, Entertainment & Publication",182.54,0.0,18.52,94.54,108.79,43.71,6.21,40.31,,insufficient_data,0,,,,,{},insufficient_data,insufficient_data,,,,,False,False,,0.0
stock,Digicontent,DGCONTENT.NS,Advertising & Media Agencies,"Media, Entertainment & Publication",143.91,0.0,-1.93,17.17,123.3,11.63,8.45,23.95,,not_stage_2,1,24.83,26.48,-1.68,0.00104,"{'price_above_30w_ma': False, '30w_ma_rising': False, 'price_above_10w_ma': False, 'relative_strength_positive': True, 'near_52w_high': False}",leading,leading,100.1,101.51,0.05,-1.68,False,False,2026-08-31 ratio=100.06 momentum=103.19; 2026-09-01 ratio=99.24 momentum=100.84; 2026-09-02 ratio=100.08 momentum=103.38; 2026-09-03 ratio=99.66 momentum=102.12; 2026-09-04 ratio=100.10 momentum=101.51,48.05
stock,Pramara Promotio,PRAMARA.NS,Advertising & Media Agencies,"Media, Entertainment & Publication",139.45,0.0,3.91,5.96,59.27,6.49,13.89,14.95,,not_stage_2,0,102.25,233.52,-12.07,0.00428,"{'price_above_30w_ma': False, '30w_ma_rising': False, 'price_above_10w_ma': False, 'relative_strength_positive': False, 'near_52w_high': False}",lagging,improving,98.19,97.41,-0.52,-5.14,False,False,2026-08-31 ratio=98.72 momentum=102.55; 2026-09-01 ratio=98.80 momentum=99.88; 2026-09-02 ratio=98.29 momentum=96.82; 2026-09-03 ratio=98.20 momentum=96.90; 2026-09-04 ratio=98.19 momentum=97.41,0.0
stock,Value 360 Commu.,VALUE360.NS,Advertising & Media Agencies,"Media, Entertainment & Publication",111.02,0.0,4.99,131.34,35.84,16.97,11.19,38.64,,insufficient_data,0,,,,,{},insufficient_data,insufficient_data,,,,,False,False,,0.0
stock,Crayons Advertis,CRAYONS.NS,Advertising & Media Agencies,"Media, Entertainment & Publication",58.63,0.0,0.68,-94.03,171.88,26.88,15.59,5.55,,not_stage_2,0,25.1,31.51,-5.09,0.00105,"{'price_above_30w_ma': False, '30w_ma_rising': False, 'price_above_10w_ma': False, 'relative_strength_positive': False, 'near_52w_high': False}",lagging,improving,98.79,97.51,-0.46,-3.44,False,False,2026-08-31 ratio=99.25 momentum=100.95; 2026-09-01 ratio=99.30 momentum=99.44; 2026-09-02 ratio=99.46 momentum=97.57; 2026-09-03 ratio=99.51 momentum=97.39; 2026-09-04 ratio=98.79 momentum=97.51,0.0
stock,Hind.Aeronautics,HAL.NS,Aerospace & Defense,Capital Goods,336398.11,0.89,1589.66,14.88,5515.17,14.45,36.09,31.97,,stage_2,5,4856.0,4358.08,1.81,0.2032,"{'price_above_30w_ma': True, '30w_ma_rising': True, 'price_above_10w_ma': True, 'relative_strength_positive': True, 'near_52w_high': True}",weakening,weakening,101.06,96.64,0.29,-0.13,False,False,2026-08-31 ratio=100.77 momentum=96.77; 2026-09-01 ratio=100.79 momentum=95.79; 2026-09-02 ratio=100.76 momentum=96.09; 2026-09-03 ratio=100.70 momentum=96.30; 2026-09-04 ratio=101.06 momentum=96.64,133.92
stock,Bharat Electron,BEL.NS,Aerospace & Defense,Capital Goods,299732.01,0.61,1054.53,8.7,5546.98,24.94,48.77,36.44,,not_stage_2,2,404.0,421.63,-0.7,0.01699,"{'price_above_30w_ma': False, '30w_ma_rising': False, 'price_above_10w_ma': False, 'relative_strength_positive': True, 'near_52w_high': True}",leading,leading,100.41,101.68,-0.18,0.38,False,False,2026-09-01 ratio=100.59 momentum=101.30; 2026-09-02 ratio=100.34 momentum=100.71; 2026-09-03 ratio=100.70 momentum=102.58; 2026-09-04 ratio=100.34 momentum=99.96; 2026-09-07 ratio=100.41 momentum=101.68,70.45
stock,Bharat Dynamics,BDL.NS,Aerospace & Defense,Capital Goods,45388.22,0.39,118.79,547.36,572.24,130.81,87.16,13.84,,not_stage_2,1,1255.0,1302.92,-1.05,0.05252,"{'price_above_30w_ma': False, '30w_ma_rising': False, 'price_above_10w_ma': False, 'relative_strength_positive': False, 'near_52w_high': True}",lagging,lagging,99.26,97.98,-0.05,1.17,False,False,2026-08-31 ratio=99.30 momentum=96.80; 2026-09-01 ratio=98.92 momentum=96.14; 2026-09-02 ratio=99.15 momentum=97.70; 2026-09-03 ratio=99.30 momentum=98.95; 2026-09-04 ratio=99.26 momentum=97.98,20.0
stock,Garden Reach Sh.,GRSE.NS,Aerospace & Defense,Capital Goods,28934.13,0.51,172.84,43.82,1814.62,38.53,36.14,42.82,,not_stage_2,2,2533.2,2596.09,0.7,0.106,"{'price_above_30w_ma': False, '30w_ma_rising': True, 'price_above_10w_ma': False, 'relative_strength_positive': False, 'near_52w_high': True}",lagging,improving,99.26,99.72,-0.04,-0.41,False,False,2026-08-31 ratio=99.31 momentum=100.13; 2026-09-01 ratio=98.92 momentum=96.02; 2026-09-02 ratio=98.65 momentum=96.76; 2026-09-03 ratio=98.93 momentum=98.49; 2026-09-04 ratio=99.26 momentum=99.72,41.4
stock,Data Pattern,DATAPATTNS.NS,Aerospace & Defense,Capital Goods,27614.78,0.2,22.06,-13.49,116.03,16.81,102.18,21.92,,stage_2,5,4585.0,3959.64,7.59,0.19186,"{'price_above_30w_ma': True, '30w_ma_rising': True, 'price_above_10w_ma': True, 'relative_strength_positive': True, 'near_52w_high': True}",weakening,leading,100.84,98.19,0.59,-1.97,False,False,2026-08-31 ratio=100.25 momentum=100.15; 2026-09-01 ratio=100.29 momentum=98.00; 2026-09-02 ratio=100.48 momentum=97.71; 2026-09-03 ratio=100.89 momentum=99.81; 2026-09-04 ratio=100.84 momentum=98.19,144.38
stock,Astra Microwave,ASTRAMICRO.NS,Aerospace & Defense,Capital Goods,16702.74,0.14,12.35,-24.09,176.66,-11.55,88.36,20.28,,not_stage_2,3,1711.6,1383.41,8.1,0.07198,"{'price_above_30w_ma': True, '30w_ma_rising': True, 'price_above_10w_ma': False, 'relative_strength_positive': False, 'near_52w_high': True}",improving,lagging,99.91,101.81,0.83,6.6,False,True,2026-09-01 ratio=99.08 momentum=95.21; 2026-09-02 ratio=98.50 momentum=95.31; 2026-09-03 ratio=98.96 momentum=97.87; 2026-09-04 ratio=100.07 momentum=102.32; 2026-09-07 ratio=99.91 momentum=101.81,85.25
stock,Zen Technologies,ZENTEC.NS,Aerospace & Defense,Capital Goods,16477.53,0.05,31.85,-23.2,141.64,-10.48,90.69,16.18,,stage_2,5,1801.4,1638.65,4.35,0.07538,"{'price_above_30w_ma': True, '30w_ma_rising': True, 'price_above_10w_ma': True, 'relative_strength_positive': True, 'near_52w_high': True}",weakening,lagging,100.35,97.38,0.47,-1.29,False,False,2026-08-31 ratio=99.88 momentum=98.67; 2026-09-01 ratio=99.96 momentum=96.07; 2026-09-02 ratio=100.67 momentum=98.13; 2026-09-03 ratio=100.49 momentum=98.51; 2026-09-04 ratio=100.35 momentum=97.38,135.45
stock,Aequs,AEQUS.NS,Aerospace & Defense,Capital Goods,15550.08,0.0,-53.23,-1457.91,395.55,54.77,,1.69,,not_stage_2,3,233.86,196.1,7.87,0.00983,"{'price_above_30w_ma': True, '30w_ma_rising': True, 'price_above_10w_ma': False, 'relative_strength_positive': False, 'near_52w_high': True}",lagging,weakening,99.62,95.77,-1.13,-2.22,False,False,2026-09-01 ratio=100.75 momentum=97.98; 2026-09-02 ratio=100.68 momentum=97.16; 2026-09-03 ratio=100.84 momentum=97.88; 2026-09-04 ratio=100.31 momentum=96.10; 2026-09-07 ratio=99.62 momentum=95.77,75.74
stock,Apollo Micro Sys,APOLLO.NS,Aerospace & Defense,Capital Goods,15531.06,0.06,25.21,45.38,251.29,88.12,128.02,14.47,,stage_2,5,403.95,333.78,6.48,0.01699,"{'price_above_30w_ma': True, '30w_ma_rising': True, 'price_above_10w_ma': True, 'relative_strength_positive': True, 'near_52w_high': True}",leading,lagging,101.0,103.67,1.98,4.53,True,False,2026-09-01 ratio=99.01 momentum=99.14; 2026-09-02 ratio=99.40 momentum=101.47; 2026-09-03 ratio=99.50 momentum=102.48; 2026-09-04 ratio=99.85 momentum=104.00; 2026-09-07 ratio=101.00 momentum=103.67,191.31
stock,Sigma Advanced System,SIGMAADV.NS,Aerospace & Defense,Capital Goods,14763.32,0.0,35.41,-81.87,374.28,7083.88,88.77,60.82,,stage_2,5,740.15,422.12,21.58,0.03113,"{'price_above_30w_ma': True, '30w_ma_rising': True, 'price_above_10w_ma': True, 'relative_strength_positive': True, 'near_52w_high': True}",leading,leading,101.4,101.01,-0.79,-0.89,False,False,2026-09-01 ratio=102.19 momentum=101.89; 2026-09-02 ratio=102.01 momentum=100.59; 2026-09-03 ratio=101.70 momentum=101.11; 2026-09-04 ratio=101.70 momentum=100.48; 2026-09-07 ratio=101.40 momentum=101.01,200.21
stock,Hindalco Inds.,HINDALCO.NS,Aluminium,Metals & Mining,226553.74,0.5,7013.0,116.7,84825.0,32.06,10.88,13.21,,stage_2,5,1011.0,993.06,1.09,0.04231,"{'price_above_30w_ma': True, '30w_ma_rising': True, 'price_above_10w_ma': True, 'relative_strength_positive': True, 'near_52w_high': True}",weakening,weakening,100.72,98.96,0.02,0.29,False,False,2026-08-31 ratio=100.70 momentum=98.67; 2026-09-01 ratio=100.70 momentum=98.70; 2026-09-02 ratio=100.72 momentum=98.41; 2026-09-03 ratio=100.75 momentum=99.37; 2026-09-04 ratio=100.72 momentum=98.96,130.78
stock,Vedanta Aluminium Metal,VAML.NS,Aluminium,Metals & Mining,170766.45,1.83,6597.0,216.06,21393.0,45.99,10.79,,,insufficient_data,0,,,,,{},improving,improving,99.74,100.07,0.0,0.0,False,False,2026-09-07 ratio=99.74 momentum=100.07,0.35
stock,Natl. Aluminium,NATIONALUM.NS,Aluminium,Metals & Mining,67943.97,3.1,2003.14,90.87,5302.38,39.28,10.06,39.59,,not_stage_2,3,365.9,381.85,0.61,0.01539,"{'price_above_30w_ma': False, '30w_ma_rising': True, 'price_above_10w_ma': False, 'relative_strength_positive': True, 'near_52w_high': True}",weakening,weakening,100.27,96.56,-0.18,-1.4,False,False,2026-09-01 ratio=100.45 momentum=97.96; 2026-09-02 ratio=100.45 momentum=98.22; 2026-09-03 ratio=100.64 momentum=98.98; 2026-09-04 ratio=100.60 momentum=98.15; 2026-09-07 ratio=100.27 momentum=96.56,62.57
stock,Arfin India,ARFIN.NS,Aluminium,Metals & Mining,1541.29,0.12,3.53,246.08,207.96,91.23,95.67,13.96,,stage_2,5,95.27,87.01,1.9,0.00401,"{'price_above_30w_ma': True, '30w_ma_rising': True, 'price_above_10w_ma': True, 'relative_strength_positive': True, 'near_52w_high': True}",leading,improving,103.08,103.57,3.45,0.94,True,False,2026-09-01 ratio=99.63 momentum=102.63; 2026-09-02 ratio=100.61 momentum=103.07; 2026-09-03 ratio=101.14 momentum=103.66; 2026-09-04 ratio=100.48 momentum=101.70; 2026-09-07 ratio=103.08 momentum=103.57,192.05
stock,MMP Industries,MMP.NS,Aluminium,Metals & Mining,1215.52,0.42,13.7,15.32,232.6,26.9,27.26,12.49,,stage_2,5,404.15,277.24,6.98,0.01691,"{'price_above_30w_ma': True, '30w_ma_rising': True, 'price_above_10w_ma': True, 'relative_strength_positive': True, 'near_52w_high': True}",weakening,weakening,101.72,96.55,-0.04,-1.91,False,False,2026-08-31 ratio=101.76 momentum=98.46; 2026-09-01 ratio=101.48 momentum=96.81; 2026-09-02 ratio=101.47 momentum=96.45; 2026-09-03 ratio=101.65 momentum=96.05; 2026-09-04 ratio=101.72 momentum=96.55,147.56
stock,Maan Aluminium,MAANALU.NS,Aluminium,Metals & Mining,688.08,0.0,3.1,13.55,231.86,9.79,51.35,7.73,,not_stage_2,0,117.9,131.04,-2.88,0.00493,"{'price_above_30w_ma': False, '30w_ma_rising': False, 'price_above_10w_ma': False, 'relative_strength_positive': False, 'near_52w_high': False}",improving,leading,99.74,100.72,-0.84,-2.51,False,False,2026-08-31 ratio=100.57 momentum=103.23; 2026-09-01 ratio=99.84 momentum=101.08; 2026-09-02 ratio=99.73 momentum=100.80; 2026-09-03 ratio=100.58 momentum=102.74; 2026-09-04 ratio=99.74 momentum=100.72,3.6
stock,Jainik Power,JAINIK.NS,Aluminium,Metals & Mining,309.27,0.0,7.85,64.57,208.91,9.73,22.06,29.88,,insufficient_data,0,,,,,{},insufficient_data,insufficient_data,,,,,False,False,,0.0
stock,Manaksia Alumi.,MANAKALUCO.NS,Aluminium,Metals & Mining,256.57,0.13,2.85,82.69,139.59,3.85,28.99,10.15,,not_stage_2,3,38.1,33.64,-3.08,0.00159,"{'price_above_30w_ma': True, '30w_ma_rising': False, 'price_above_10w_ma': True, 'relative_strength_positive': True, 'near_52w_high': False}",leading,leading,100.71,101.37,-0.06,0.17,False,False,2026-08-31 ratio=100.77 momentum=101.20; 2026-09-01 ratio=100.73 momentum=101.44; 2026-09-02 ratio=100.22 momentum=100.12; 2026-09-03 ratio=100.53 momentum=101.57; 2026-09-04 ratio=100.71 momentum=101.37,90.4
stock,Hind Aluminium,HINDALUMI.NS,Aluminium,Metals & Mining,61.2,0.0,1.91,-51.03,5.36,405.66,16.5,-2.7,,insufficient_data,0,,,,,{},insufficient_data,insufficient_data,,,,,False,False,,0.0
stock,Prec. Wires (I),PRECWIRE.NS,"Aluminium, Copper & Zinc Products",Capital Goods,8772.73,0.26,46.45,71.47,1779.24,59.49,50.24,32.94,,stage_2,5,472.8,378.78,9.1,0.01978,"{'price_above_30w_ma': True, '30w_ma_rising': True, 'price_above_10w_ma': True, 'relative_strength_positive': True, 'near_52w_high': True}",leading,leading,101.61,100.42,-1.25,-0.44,False,False,2026-08-31 ratio=102.85 momentum=100.85; 2026-09-01 ratio=102.44 momentum=100.39; 2026-09-02 ratio=102.02 momentum=100.99; 2026-09-03 ratio=102.06 momentum=100.94; 2026-09-04 ratio=101.61 momentum=100.42,173.35
stock,CMR Green Tech.,CMRGREEN.NS,"Aluminium, Copper & Zinc Products",Capital Goods,4858.4,0.0,68.18,16.41,3122.73,64.92,21.98,13.98,,insufficient_data,0,,,,,{},leading,leading,100.14,101.22,-0.04,-1.05,False,False,2026-09-02 ratio=100.19 momentum=102.27; 2026-09-03 ratio=100.85 momentum=103.22; 2026-09-04 ratio=100.67 momentum=103.24; 2026-09-07 ratio=100.14 momentum=101.22,26.8
stock,Vidya Wires,VIDYAWIRES.NS,"Aluminium, Copper & Zinc Products",Capital Goods,1895.95,0.0,17.14,41.42,549.71,33.5,30.25,20.59,,not_stage_2,3,88.15,81.77,7.23,0.00371,"{'price_above_30w_ma': True, '30w_ma_rising': True, 'price_above_10w_ma': False, 'relative_strength_positive': False, 'near_52w_high': True}",improving,improving,99.41,101.84,-0.35,-0.41,False,False,2026-09-01 ratio=99.76 momentum=102.25; 2026-09-02 ratio=99.31 momentum=100.96; 2026-09-03 ratio=99.59 momentum=101.89; 2026-09-04 ratio=99.76 momentum=102.58; 2026-09-07 ratio=99.41 momentum=101.84,83.66
stock,Baheti Recycling,BAHETI.NS,"Aluminium, Copper & Zinc Products",Capital Goods,866.57,0.0,17.79,61.87,409.72,53.38,32.02,21.66,,stage_2,5,846.0,648.43,4.88,0.0354,"{'price_above_30w_ma': True, '30w_ma_rising': True, 'price_above_10w_ma': True, 'relative_strength_positive': True, 'near_52w_high': True}",weakening,leading,101.86,99.04,-0.76,-3.84,False,False,2026-08-31 ratio=102.62 momentum=102.87; 2026-09-01 ratio=102.08 momentum=102.29; 2026-09-02 ratio=102.00 momentum=99.98; 2026-09-03 ratio=102.06 momentum=101.07; 2026-09-04 ratio=101.86 momentum=99.04,144.06
stock,Sunlite Recycli.,SUNLITE.NS,"Aluminium, Copper & Zinc Products",Capital Goods,776.79,0.0,25.8,257.84,1642.41,116.13,19.35,46.52,,insufficient_data,0,,,,,{},insufficient_data,insufficient_data,,,,,False,False,,0.0
stock,Shera Energy,SHERA.NS,"Aluminium, Copper & Zinc Products",Capital Goods,454.58,0.0,12.64,88.26,487.67,26.1,13.29,19.54,,stage_2,5,182.3,148.18,5.24,0.00763,"{'price_above_30w_ma': True, '30w_ma_rising': True, 'price_above_10w_ma': True, 'relative_strength_positive': True, 'near_52w_high': True}",leading,weakening,101.75,100.22,0.58,1.78,True,False,2026-08-31 ratio=101.17 momentum=98.45; 2026-09-01 ratio=101.00 momentum=96.68; 2026-09-02 ratio=101.27 momentum=97.24; 2026-09-03 ratio=101.88 momentum=102.41; 2026-09-04 ratio=101.75 momentum=100.22,175.33
stock,ANB Metal,AMCL.NS,"Aluminium, Copper & Zinc Products",Capital Goods,453.28,0.0,12.97,199.54,137.39,115.08,21.12,29.63,,insufficient_data,0,,,,,{},insufficient_data,insufficient_data,,,,,False,False,,0.0
stock,Euro Panel,EUROBOND.NS,"Aluminium, Copper & Zinc Products",Capital Goods,380.18,0.0,4.96,-13.29,119.62,14.1,14.38,16.95,,not_stage_2,0,151.0,166.77,-1.69,0.00632,"{'price_above_30w_ma': False, '30w_ma_rising': False, 'price_above_10w_ma': False, 'relative_strength_positive': False, 'near_52w_high': False}",lagging,lagging,98.65,99.53,0.53,0.16,False,False,2026-08-31 ratio=98.11 momentum=99.38; 2026-09-01 ratio=97.85 momentum=97.55; 2026-09-02 ratio=98.38 momentum=98.70; 2026-09-03 ratio=98.65 momentum=99.30; 2026-09-04 ratio=98.65 momentum=99.53,0.0
stock,Century Extrus.,CENTEXT.NS,"Aluminium, Copper & Zinc Products",Capital Goods,170.55,0.0,3.77,59.75,138.36,32.85,13.29,19.29,,not_stage_2,1,20.19,20.25,-0.58,0.00084,"{'price_above_30w_ma': False, '30w_ma_rising': False, 'price_above_10w_ma': False, 'relative_strength_positive': True, 'near_52w_high': False}",lagging,weakening,100.0,99.2,-1.35,-0.43,False,False,2026-08-31 ratio=101.34 momentum=99.63; 2026-09-01 ratio=101.35 momentum=99.58; 2026-09-02 ratio=101.51 momentum=99.70; 2026-09-03 ratio=100.70 momentum=100.69; 2026-09-04 ratio=100.00 momentum=99.20,20.0
stock,M Tek Copper,MCL.NS,"Aluminium, Copper & Zinc Products",Capital Goods,161.09,0.0,1.05,0.96,80.26,73.72,35.64,12.62,,not_stage_2,2,57.02,59.32,-4.7,0.0024,"{'price_above_30w_ma': False, '30w_ma_rising': False, 'price_above_10w_ma': True, 'relative_strength_positive': True, 'near_52w_high': False}",weakening,weakening,100.92,99.71,0.36,1.94,False,False,2026-09-01 ratio=100.56 momentum=97.77; 2026-09-02 ratio=100.43 momentum=98.29; 2026-09-03 ratio=101.55 momentum=101.62; 2026-09-04 ratio=101.40 momentum=101.48; 2026-09-07 ratio=100.92 momentum=99.71,44.6
stock,Wonderla Holiday,WONDERLA.NS,Amusement Parks/ Other Recreation,Consumer Services,3290.35,0.39,72.8,38.48,242.63,44.22,31.11,6.2,,stage_2,5,533.9,498.77,0.18,0.02234,"{'price_above_30w_ma': True, '30w_ma_rising': True, 'price_above_10w_ma': True, 'relative_strength_positive': True, 'near_52w_high': True}",weakening,leading,102.11,98.5,-0.56,-4.69,False,False,2026-08-31 ratio=102.67 momentum=103.19; 2026-09-01 ratio=102.44 momentum=102.93; 2026-09-02 ratio=102.14 momentum=102.80; 2026-09-03 ratio=101.88 momentum=102.51; 2026-09-04 ratio=102.11 momentum=98.50,135.91
stock,Imagica. Enter.,IMAGICAA.NS,Amusement Parks/ Other Recreation,Consumer Services,3072.15,0.0,57.57,26.19,177.6,19.92,241.14,1.86,,stage_2,5,54.86,46.25,1.38,0.00231,"{'price_above_30w_ma': True, '30w_ma_rising': True, 'price_above_10w_ma': True, 'relative_strength_positive': True, 'near_52w_high': True}",leading,leading,101.9,100.41,-0.36,-1.35,False,False,2026-09-01 ratio=102.26 momentum=101.76; 2026-09-02 ratio=102.09 momentum=100.75; 2026-09-03 ratio=101.99 momentum=101.39; 2026-09-04 ratio=102.09 momentum=100.91; 2026-09-07 ratio=101.90 momentum=100.41,159.31
stock,Delta Corp,DELTACORP.NS,Amusement Parks/ Other Recreation,Consumer Services,1484.78,0.9,-212.57,219.62,168.55,-8.48,9.63,5.08,,not_stage_2,0,56.2,63.29,-1.68,0.00236,"{'price_above_30w_ma': False, '30w_ma_rising': False, 'price_above_10w_ma': False, 'relative_strength_positive': False, 'near_52w_high': False}",improving,lagging,98.16,100.6,0.28,1.71,False,True,2026-09-01 ratio=97.87 momentum=98.89; 2026-09-02 ratio=97.95 momentum=99.82; 2026-09-03 ratio=97.84 momentum=99.89; 2026-09-04 ratio=97.91 momentum=100.68; 2026-09-07 ratio=98.16 momentum=100.60,3.0
stock,Nicco Parks,NICCOPAR.NS,Amusement Parks/ Other Recreation,Consumer Services,372.18,1.56,5.47,68.83,19.05,-27.54,62.98,13.52,,insufficient_data,0,,,,,{},insufficient_data,insufficient_data,,,,,False,False,,0.0
stock,Godrej Agrovet,GODREJAGRO.NS,Animal Feed,Fast Moving Consumer Goods,12957.91,1.63,128.31,-16.21,2855.22,9.22,27.62,19.16,,stage_2,5,644.85,585.6,1.56,0.02698,"{'price_above_30w_ma': True, '30w_ma_rising': True, 'price_above_10w_ma': True, 'relative_strength_positive': True, 'near_52w_high': True}",leading,leading,102.33,101.97,-0.1,1.51,False,False,2026-08-31 ratio=102.43 momentum=100.46; 2026-09-01 ratio=103.71 momentum=101.77; 2026-09-02 ratio=103.77 momentum=102.57; 2026-09-03 ratio=103.01 momentum=101.73; 2026-09-04 ratio=102.33 momentum=101.97,169.62
stock,Avanti Feeds,AVANTIFEED.NS,Animal Feed,Fast Moving Consumer Goods,11399.28,1.19,116.3,-42.0,1899.86,18.32,21.19,24.38,,not_stage_2,0,786.55,1117.71,-2.17,0.03308,"{'price_above_30w_ma': False, '30w_ma_rising': False, 'price_above_10w_ma': False, 'relative_strength_positive': False, 'near_52w_high': False}",lagging,improving,98.38,98.84,-0.3,-1.81,False,False,2026-09-01 ratio=98.68 momentum=100.65; 2026-09-02 ratio=98.29 momentum=97.45; 2026-09-03 ratio=98.31 momentum=98.42; 2026-09-04 ratio=98.42 momentum=100.34; 2026-09-07 ratio=98.38 momentum=98.84,0.0
stock,Mukka Proteins,MUKKA.NS,Animal Feed,Fast Moving Consumer Goods,921.6,0.0,18.64,1142.76,489.65,186.73,13.33,11.61,,stage_2,5,32.15,23.81,2.88,0.00135,"{'price_above_30w_ma': True, '30w_ma_rising': True, 'price_above_10w_ma': True, 'relative_strength_positive': True, 'near_52w_high': True}",leading,weakening,103.64,102.04,1.71,3.64,True,False,2026-09-01 ratio=101.93 momentum=98.41; 2026-09-02 ratio=102.05 momentum=99.84; 2026-09-03 ratio=103.03 momentum=101.70; 2026-09-04 ratio=103.84 momentum=101.90; 2026-09-07 ratio=103.64 momentum=102.04,189.16
stock,KSE,KSE.NS,Animal Feed,Fast Moving Consumer Goods,569.1,6.99,0.94,-98.44,453.67,9.06,12.35,33.55,,insufficient_data,0,,,,,{},insufficient_data,insufficient_data,,,,,False,False,,0.0
stock,Narmada Agrobase,NARMADA.NS,Animal Feed,Fast Moving Consumer Goods,112.84,0.0,0.75,-26.47,22.26,100.9,31.43,8.95,,not_stage_2,0,13.51,16.96,-0.38,0.00057,"{'price_above_30w_ma': False, '30w_ma_rising': False, 'price_above_10w_ma': False, 'relative_strength_positive': False, 'near_52w_high': False}",improving,improving,98.81,104.43,0.05,1.72,False,True,2026-08-31 ratio=98.76 momentum=102.71; 2026-09-01 ratio=98.82 momentum=100.57; 2026-09-02 ratio=98.81 momentum=100.76; 2026-09-03 ratio=98.85 momentum=102.07; 2026-09-04 ratio=98.81 momentum=104.43,22.15
stock,Ajooni Biotech,AJOONI.NS,Animal Feed,Fast Moving Consumer Goods,59.25,0.0,0.43,-44.87,63.49,103.04,14.96,6.49,,not_stage_2,0,3.49,4.04,-2.31,0.00015,"{'price_above_30w_ma': False, '30w_ma_rising': False, 'price_above_10w_ma': False, 'relative_strength_positive': False, 'near_52w_high': False}",lagging,lagging,98.07,98.07,-1.42,-1.51,False,False,2026-09-01 ratio=99.49 momentum=99.59; 2026-09-02 ratio=99.43 momentum=99.77; 2026-09-03 ratio=99.37 momentum=100.28; 2026-09-04 ratio=99.34 momentum=100.60; 2026-09-07 ratio=98.07 momentum=98.07,0.0
stock,ICICI AMC,ICICIAMC.NS,Asset Management Company,Financial Services,148855.88,0.9,964.63,23.1,1564.22,17.55,42.7,115.1,,not_stage_2,2,3013.7,3159.05,0.61,0.12674,"{'price_above_30w_ma': False, '30w_ma_rising': True, 'price_above_10w_ma': False, 'relative_strength_positive': False, 'near_52w_high': True}",lagging,lagging,99.25,98.45,0.26,-1.0,False,False,2026-09-01 ratio=98.99 momentum=99.45; 2026-09-02 ratio=98.59 momentum=97.01; 2026-09-03 ratio=98.73 momentum=97.94; 2026-09-04 ratio=98.66 momentum=97.34; 2026-09-07 ratio=99.25 momentum=98.45,41.22
stock,SBI Funds Mgt.,SBIFUNDS.NS,Asset Management Company,Financial Services,113105.4,0.0,880.26,3.7,1152.73,15.16,36.5,56.5,,insufficient_data,0,,,,,{},insufficient_data,insufficient_data,,,,,False,False,,0.0
stock,HDFC AMC,HDFCAMC.NS,Asset Management Company,Financial Services,104671.65,2.21,838.36,12.09,1098.5,13.51,35.48,42.88,,not_stage_2,1,2458.3,2610.41,-0.18,0.10287,"{'price_above_30w_ma': False, '30w_ma_rising': False, 'price_above_10w_ma': False, 'relative_strength_positive': False, 'near_52w_high': True}",lagging,leading,98.77,98.03,-1.44,-4.86,False,False,2026-08-31 ratio=100.21 momentum=102.89; 2026-09-01 ratio=99.43 momentum=100.83; 2026-09-02 ratio=99.41 momentum=99.87; 2026-09-03 ratio=99.32 momentum=98.40; 2026-09-04 ratio=98.77 momentum=98.03,20.0
stock,Nippon Life Ind.,NAM-INDIA.NS,Asset Management Company,Financial Services,76136.9,1.81,503.7,27.16,766.87,26.42,46.51,43.8,,stage_2,5,1195.0,1066.02,4.12,0.05025,"{'price_above_30w_ma': True, '30w_ma_rising': True, 'price_above_10w_ma': True, 'relative_strength_positive': True, 'near_52w_high': True}",weakening,weakening,101.07,97.93,0.99,-2.04,False,False,2026-09-01 ratio=100.08 momentum=99.97; 2026-09-02 ratio=100.06 momentum=98.20; 2026-09-03 ratio=99.89 momentum=97.82; 2026-09-04 ratio=99.65 momentum=96.53; 2026-09-07 ratio=101.07 momentum=97.93,138.59
stock,Aditya AMC,ABSLAMC.NS,Asset Management Company,Financial Services,30067.14,2.46,309.49,11.68,462.96,3.48,29.78,32.23,,stage_2,4,1062.3,1025.38,3.17,0.04445,"{'price_above_30w_ma': True, '30w_ma_rising': True, 'price_above_10w_ma': False, 'relative_strength_positive': True, 'near_52w_high': True}",leading,improving,100.21,103.21,0.41,0.86,True,False,2026-08-31 ratio=99.80 momentum=102.34; 2026-09-01 ratio=99.54 momentum=101.55; 2026-09-02 ratio=99.56 momentum=101.78; 2026-09-03 ratio=99.95 momentum=103.29; 2026-09-04 ratio=100.21 momentum=103.21,158.44
stock,UTI AMC,UTIAMC.NS,Asset Management Company,Financial Services,11576.25,4.44,293.86,24.07,583.51,6.7,21.68,15.57,,not_stage_2,0,889.95,943.6,-1.83,0.03743,"{'price_above_30w_ma': False, '30w_ma_rising': False, 'price_above_10w_ma': False, 'relative_strength_positive': False, 'near_52w_high': False}",improving,improving,99.64,103.5,0.66,2.65,False,True,2026-09-01 ratio=98.98 momentum=100.85; 2026-09-02 ratio=99.09 momentum=101.09; 2026-09-03 ratio=99.25 momentum=101.83; 2026-09-04 ratio=99.26 momentum=102.09; 2026-09-07 ratio=99.64 momentum=103.50,17.5
stock,Canara Robeco,CRAMC.NS,Asset Management Company,Financial Services,4835.74,1.65,75.6,23.98,145.37,20.07,22.14,40.11,,not_stage_2,1,249.25,251.77,0.17,0.01048,"{'price_above_30w_ma': False, '30w_ma_rising': True, 'price_above_10w_ma': False, 'relative_strength_positive': False, 'near_52w_high': False}",lagging,improving,99.19,97.67,-0.68,-2.68,False,False,2026-09-01 ratio=99.87 momentum=100.34; 2026-09-02 ratio=99.69 momentum=101.00; 2026-09-03 ratio=99.44 momentum=96.55; 2026-09-04 ratio=99.42 momentum=96.01; 2026-09-07 ratio=99.19 momentum=97.67,20.34
stock,Gaja Alternative Asset,GAJA.NS,Asset Management Company,Financial Services,2163.97,0.49,62.09,,99.3,,27.3,17.02,,insufficient_data,0,,,,,{},insufficient_data,insufficient_data,,,,,False,False,,0.0
stock,IL&FS Inv.Manag.,IVC.NS,Asset Management Company,Financial Services,314.97,11.98,1.21,23.86,8.17,40.86,77.39,4.11,,stage_2,5,10.24,7.87,1.82,0.00043,"{'price_above_30w_ma': True, '30w_ma_rising': True, 'price_above_10w_ma': True, 'relative_strength_positive': True, 'near_52w_high': True}",leading,leading,103.97,101.88,-0.27,-0.82,False,False,2026-08-31 ratio=104.24 momentum=102.70; 2026-09-01 ratio=104.43 momentum=102.38; 2026-09-02 ratio=104.46 momentum=102.03; 2026-09-03 ratio=104.57 momentum=102.08; 2026-09-04 ratio=103.97 momentum=101.88,177.89
stock,Samvardh. Mothe.,MOTHERSON.NS,Auto Components & Equipments,Automobile and Auto Components,172668.08,0.37,1075.66,81.52,35243.77,16.65,37.78,13.43,,stage_2,5,162.0,139.12,4.69,0.00681,"{'price_above_30w_ma': True, '30w_ma_rising': True, 'price_above_10w_ma': True, 'relative_strength_positive': True, 'near_52w_high': True}",weakening,weakening,100.89,96.79,-0.3,0.35,False,False,2026-09-01 ratio=101.18 momentum=96.44; 2026-09-02 ratio=101.01 momentum=95.76; 2026-09-03 ratio=100.88 momentum=96.27; 2026-09-04 ratio=100.71 momentum=96.26; 2026-09-07 ratio=100.89 momentum=96.79,138.83
stock,Bosch,BOSCHLTD.NS,Auto Components & Equipments,Automobile and Auto Components,142583.41,0.55,706.1,5.2,5841.9,22.0,60.33,21.54,,stage_2,5,48025.0,38982.33,4.27,2.01963,"{'price_above_30w_ma': True, '30w_ma_rising': True, 'price_above_10w_ma': True, 'relative_strength_positive': True, 'near_52w_high': True}",weakening,weakening,101.46,98.33,-0.21,3.1,False,False,2026-09-01 ratio=101.67 momentum=95.22; 2026-09-02 ratio=101.29 momentum=95.29; 2026-09-03 ratio=101.19 momentum=95.88; 2026-09-04 ratio=101.07 momentum=97.05; 2026-09-07 ratio=101.46 momentum=98.33,140.84
stock,Bharat Forge,BHARATFORG.NS,Auto Components & Equipments,Automobile and Auto Components,95991.02,0.42,-89.89,-57.72,4639.94,18.71,95.06,12.61,,not_stage_2,2,1955.0,1957.44,3.28,0.08221,"{'price_above_30w_ma': False, '30w_ma_rising': True, 'price_above_10w_ma': False, 'relative_strength_positive': False, 'near_52w_high': True}",lagging,lagging,98.05,99.27,-0.85,0.88,False,False,2026-09-01 ratio=98.90 momentum=98.39; 2026-09-02 ratio=98.81 momentum=99.02; 2026-09-03 ratio=98.09 momentum=98.36; 2026-09-04 ratio=97.80 momentum=98.07; 2026-09-07 ratio=98.05 momentum=99.27,46.56
stock,Uno Minda,UNOMINDA.NS,Auto Components & Equipments,Automobile and Auto Components,71501.79,0.21,315.51,1.76,5556.85,23.79,58.5,19.65,,stage_2,5,1241.7,1141.97,0.93,0.05222,"{'price_above_30w_ma': True, '30w_ma_rising': True, 'price_above_10w_ma': True, 'relative_strength_positive': True, 'near_52w_high': True}",weakening,weakening,101.02,98.65,-0.49,1.73,False,False,2026-09-01 ratio=101.51 momentum=96.92; 2026-09-02 ratio=100.95 momentum=94.92; 2026-09-03 ratio=101.48 momentum=99.17; 2026-09-04 ratio=101.09 momentum=97.67; 2026-09-07 ratio=101.02 momentum=98.65,131.96
stock,Schaeffler India,SCHAEFFLER.NS,Auto Components & Equipments,Automobile and Auto Components,61778.64,0.89,336.73,13.67,2681.41,17.5,47.85,27.9,,not_stage_2,2,3956.4,4071.77,0.96,0.16556,"{'price_above_30w_ma': False, '30w_ma_rising': True, 'price_above_10w_ma': False, 'relative_strength_positive': False, 'near_52w_high': True}",improving,improving,98.95,100.83,-0.26,-0.42,False,False,2026-08-31 ratio=99.22 momentum=101.25; 2026-09-01 ratio=99.11 momentum=99.12; 2026-09-02 ratio=98.98 momentum=96.35; 2026-09-03 ratio=98.89 momentum=99.20; 2026-09-04 ratio=98.95 momentum=100.83,46.07
stock,Tube Investments,TIINDIA.NS,Auto Components & Equipments,Automobile and Auto Components,51067.46,0.13,293.96,-15.25,6215.33,17.07,81.48,17.14,,not_stage_2,2,2698.0,2835.89,2.34,0.1129,"{'price_above_30w_ma': False, '30w_ma_rising': True, 'price_above_10w_ma': False, 'relative_strength_positive': False, 'near_52w_high': True}",lagging,improving,98.83,97.43,-0.45,-4.74,False,False,2026-08-31 ratio=99.28 momentum=102.17; 2026-09-01 ratio=99.20 momentum=96.70; 2026-09-02 ratio=98.98 momentum=95.80; 2026-09-03 ratio=99.16 momentum=97.32; 2026-09-04 ratio=98.83 momentum=97.43,44.68
stock,Sona BLW Precis.,SONACOMS.NS,Auto Components & Equipments,Automobile and Auto Components,50148.11,0.42,220.11,73.37,1157.24,50.82,64.5,15.11,,stage_2,5,788.0,633.41,6.84,0.03314,"{'price_above_30w_ma': True, '30w_ma_rising': True, 'price_above_10w_ma': True, 'relative_strength_positive': True, 'near_52w_high': True}",weakening,weakening,100.84,97.22,-0.31,0.57,False,False,2026-09-01 ratio=101.15 momentum=96.66; 2026-09-02 ratio=100.79 momentum=95.48; 2026-09-03 ratio=101.04 momentum=97.01; 2026-09-04 ratio=100.82 momentum=96.68; 2026-09-07 ratio=100.84 momentum=97.22,142.88
stock,Endurance Tech.,ENDURANCE.NS,Auto Components & Equipments,Automobile and Auto Components,38507.56,0.42,244.52,8.03,4314.89,30.01,39.11,17.8,,stage_2,4,2782.8,2587.46,2.49,0.11645,"{'price_above_30w_ma': True, '30w_ma_rising': True, 'price_above_10w_ma': False, 'relative_strength_positive': True, 'near_52w_high': True}",weakening,weakening,100.05,97.05,-0.61,-0.01,False,False,2026-08-31 ratio=100.67 momentum=97.06; 2026-09-01 ratio=100.43 momentum=96.28; 2026-09-02 ratio=99.84 momentum=96.59; 2026-09-03 ratio=99.86 momentum=97.09; 2026-09-04 ratio=100.05 momentum=97.05,110.23
stock,Exide Inds.,EXIDEIND.NS,Auto Components & Equipments,Automobile and Auto Components,35538.58,0.48,351.3,28.38,5528.38,17.75,37.87,8.54,,not_stage_2,3,425.75,381.1,3.98,0.0179,"{'price_above_30w_ma': True, '30w_ma_rising': True, 'price_above_10w_ma': False, 'relative_strength_positive': False, 'near_52w_high': True}",lagging,lagging,99.59,96.89,-0.4,0.25,False,False,2026-09-01 ratio=99.99 momentum=96.64; 2026-09-02 ratio=99.62 momentum=96.45; 2026-09-03 ratio=99.51 momentum=96.10; 2026-09-04 ratio=99.49 momentum=96.36; 2026-09-07 ratio=99.59 momentum=96.89,67.96
stock,Dhoot Transmission,DHOOTTRANS.NS,Auto Components & Equipments,Automobile and Auto Components,32720.77,0.0,132.68,36.89,1446.42,49.68,73.05,24.36,,insufficient_data,0,,,,,{},insufficient_data,insufficient_data,,,,,False,False,,0.0
stock,United Spirits,UNITDSPR.NS,Breweries & Distilleries,Fast Moving Consumer Goods,105103.46,1.18,463.0,-20.54,2708.0,-10.36,56.71,26.39,,not_stage_2,3,1440.0,1369.0,1.24,0.06056,"{'price_above_30w_ma': True, '30w_ma_rising': True, 'price_above_10w_ma': False, 'relative_strength_positive': False, 'near_52w_high': True}",lagging,weakening,99.93,96.29,-0.35,-1.09,False,False,2026-09-01 ratio=100.28 momentum=97.37; 2026-09-02 ratio=100.38 momentum=97.72; 2026-09-03 ratio=100.69 momentum=98.16; 2026-09-04 ratio=100.37 momentum=97.14; 2026-09-07 ratio=99.93 momentum=96.29,62.48
stock,Radico Khaitan,RADICO.NS,Breweries & Distilleries,Fast Moving Consumer Goods,60103.28,0.2,229.6,69.15,1683.69,11.8,84.57,24.15,,stage_2,5,4444.0,3598.39,6.8,0.18689,"{'price_above_30w_ma': True, '30w_ma_rising': True, 'price_above_10w_ma': True, 'relative_strength_positive': True, 'near_52w_high': True}",weakening,weakening,100.72,97.4,-0.06,1.35,False,False,2026-09-01 ratio=100.77 momentum=96.05; 2026-09-02 ratio=100.85 momentum=96.41; 2026-09-03 ratio=101.17 momentum=97.64; 2026-09-04 ratio=100.86 momentum=97.24; 2026-09-07 ratio=100.72 momentum=97.40,142.2
stock,United Breweries,UBL.NS,Breweries & Distilleries,Fast Moving Consumer Goods,33174.56,0.8,166.28,-9.54,3066.86,7.07,95.98,10.68,,not_stage_2,0,1279.4,1435.84,-1.41,0.05354,"{'price_above_30w_ma': False, '30w_ma_rising': False, 'price_above_10w_ma': False, 'relative_strength_positive': False, 'near_52w_high': False}",lagging,lagging,98.15,97.96,-0.24,1.54,False,False,2026-08-31 ratio=98.38 momentum=96.42; 2026-09-01 ratio=98.48 momentum=97.38; 2026-09-02 ratio=98.05 momentum=96.51; 2026-09-03 ratio=98.24 momentum=98.66; 2026-09-04 ratio=98.15 momentum=97.96,0.0
stock,Allied Blenders,ABDL.NS,Breweries & Distilleries,Fast Moving Consumer Goods,16628.77,0.91,45.42,-12.98,978.94,6.08,74.55,18.38,,not_stage_2,3,600.0,559.66,2.67,0.02523,"{'price_above_30w_ma': True, '30w_ma_rising': True, 'price_above_10w_ma': False, 'relative_strength_positive': False, 'near_52w_high': True}",improving,improving,99.4,100.83,-0.33,-0.12,False,False,2026-09-01 ratio=99.73 momentum=100.95; 2026-09-02 ratio=99.39 momentum=101.35; 2026-09-03 ratio=99.64 momentum=102.95; 2026-09-04 ratio=99.64 momentum=104.48; 2026-09-07 ratio=99.40 momentum=100.83,69.49
stock,Tilaknagar Inds.,TI.NS,Breweries & Distilleries,Fast Moving Consumer Goods,13422.59,0.19,31.59,-30.28,1046.03,155.67,59.38,11.78,,stage_2,5,535.1,461.6,4.16,0.02239,"{'price_above_30w_ma': True, '30w_ma_rising': True, 'price_above_10w_ma': True, 'relative_strength_positive': True, 'near_52w_high': True}",weakening,weakening,100.86,96.3,-0.6,0.02,False,False,2026-08-31 ratio=101.46 momentum=96.28; 2026-09-01 ratio=101.13 momentum=95.78; 2026-09-02 ratio=101.26 momentum=96.67; 2026-09-03 ratio=101.08 momentum=96.06; 2026-09-04 ratio=100.86 momentum=96.30,137.62
stock,Piccadily Agro,PICCADIL.NS,Breweries & Distilleries,Fast Moving Consumer Goods,5987.43,0.16,21.44,16.33,251.18,17.42,42.61,18.01,,not_stage_2,3,617.95,613.16,1.33,0.02599,"{'price_above_30w_ma': True, '30w_ma_rising': True, 'price_above_10w_ma': False, 'relative_strength_positive': False, 'near_52w_high': True}",lagging,lagging,98.75,96.61,-0.39,-1.0,False,False,2026-09-01 ratio=99.14 momentum=97.61; 2026-09-02 ratio=98.95 momentum=96.90; 2026-09-03 ratio=98.88 momentum=96.68; 2026-09-04 ratio=98.72 momentum=95.95; 2026-09-07 ratio=98.75 momentum=96.61,62.66
stock,Globus Spirits,GLOBUSSPR.NS,Breweries & Distilleries,Fast Moving Consumer Goods,2708.27,0.76,26.48,49.05,788.78,12.71,26.94,11.25,,not_stage_2,4,914.3,911.09,-0.42,0.03826,"{'price_above_30w_ma': True, '30w_ma_rising': False, 'price_above_10w_ma': True, 'relative_strength_positive': True, 'near_52w_high': True}",leading,leading,100.82,103.23,0.03,-4.83,False,False,2026-08-31 ratio=100.79 momentum=108.06; 2026-09-01 ratio=100.72 momentum=103.13; 2026-09-02 ratio=100.67 momentum=100.86; 2026-09-03 ratio=101.09 momentum=104.05; 2026-09-04 ratio=100.82 momentum=103.23,120.25
stock,G M Breweries,GMBREW.NS,Breweries & Distilleries,Fast Moving Consumer Goods,2123.8,0.97,37.74,45.94,199.58,22.55,12.59,17.96,,not_stage_2,2,919.85,947.17,-1.28,0.03849,"{'price_above_30w_ma': False, '30w_ma_rising': False, 'price_above_10w_ma': True, 'relative_strength_positive': True, 'near_52w_high': False}",leading,improving,100.62,102.89,1.63,2.35,True,False,2026-08-31 ratio=98.99 momentum=100.53; 2026-09-01 ratio=99.02 momentum=101.43; 2026-09-02 ratio=99.50 momentum=103.59; 2026-09-03 ratio=100.35 momentum=103.58; 2026-09-04 ratio=100.62 momentum=102.89,87.55
stock,India Glycols,INDIAGLYCO.NS,Breweries & Distilleries,Fast Moving Consumer Goods,1883.03,2.61,96.83,32.19,1130.39,8.64,5.94,12.4,,not_stage_2,1,260.4,984.34,0.45,0.0109,"{'price_above_30w_ma': False, '30w_ma_rising': True, 'price_above_10w_ma': False, 'relative_strength_positive': False, 'near_52w_high': False}",lagging,leading,96.22,98.34,-4.54,-3.66,False,False,2026-08-31 ratio=100.76 momentum=102.00; 2026-09-01 ratio=100.20 momentum=98.34; 2026-09-02 ratio=93.72 momentum=96.94; 2026-09-03 ratio=95.38 momentum=98.14; 2026-09-04 ratio=96.22 momentum=98.34,20.9
stock,Som Distilleries,SDBL.NS,Breweries & Distilleries,Fast Moving Consumer Goods,1503.2,0.0,1.56,-98.91,268.63,-49.16,,5.68,,not_stage_2,2,75.02,77.08,-2.17,0.00315,"{'price_above_30w_ma': False, '30w_ma_rising': False, 'price_above_10w_ma': True, 'relative_strength_positive': True, 'near_52w_high': False}",leading,weakening,101.73,102.93,1.56,4.05,True,False,2026-09-01 ratio=100.18 momentum=98.88; 2026-09-02 ratio=100.86 momentum=102.06; 2026-09-03 ratio=100.90 momentum=101.95; 2026-09-04 ratio=101.32 momentum=102.47; 2026-09-07 ratio=101.73 momentum=102.93,93.3
stock,eClerx Services,ECLERX.NS,Business Process Outsourcing (BPO)/ Knowledge Process Outsourcing (KPO),Services,18335.06,0.05,164.24,15.99,1152.36,23.31,25.16,34.42,,not_stage_2,4,1905.7,1622.19,-2.64,0.07974,"{'price_above_30w_ma': True, '30w_ma_rising': False, 'price_above_10w_ma': True, 'relative_strength_positive': True, 'near_52w_high': True}",leading,leading,100.78,100.71,-0.46,-0.73,False,False,2026-08-31 ratio=101.24 momentum=101.44; 2026-09-01 ratio=101.19 momentum=101.97; 2026-09-02 ratio=101.36 momentum=101.96; 2026-09-03 ratio=101.17 momentum=102.31; 2026-09-04 ratio=100.78 momentum=100.71,107.45
stock,Firstsour.Solu.,FSL.NS,Business Process Outsourcing (BPO)/ Knowledge Process Outsourcing (KPO),Services,18223.67,2.13,165.92,30.01,2724.87,22.87,22.83,16.8,,not_stage_2,1,259.6,247.23,-1.44,0.01092,"{'price_above_30w_ma': True, '30w_ma_rising': False, 'price_above_10w_ma': False, 'relative_strength_positive': False, 'near_52w_high': False}",lagging,weakening,99.76,96.61,-0.27,-3.19,False,False,2026-09-01 ratio=100.02 momentum=99.80; 2026-09-02 ratio=100.28 momentum=98.68; 2026-09-03 ratio=100.04 momentum=98.01; 2026-09-04 ratio=99.96 momentum=96.32; 2026-09-07 ratio=99.76 momentum=96.61,20.0
stock,RPSG Ventures,RPSGVENT.NS,Business Process Outsourcing (BPO)/ Knowledge Process Outsourcing (KPO),Services,2748.15,0.0,253.09,34.95,3576.44,20.36,,10.61,,not_stage_2,2,831.4,853.77,2.46,0.03479,"{'price_above_30w_ma': False, '30w_ma_rising': True, 'price_above_10w_ma': False, 'relative_strength_positive': False, 'near_52w_high': True}",lagging,lagging,98.46,98.14,-0.17,3.26,False,False,2026-08-31 ratio=98.64 momentum=94.87; 2026-09-01 ratio=98.50 momentum=95.76; 2026-09-02 ratio=98.62 momentum=98.23; 2026-09-03 ratio=98.49 momentum=97.76; 2026-09-04 ratio=98.46 momentum=98.14,44.92
stock,Hinduja Global,HGS.NS,Business Process Outsourcing (BPO)/ Knowledge Process Outsourcing (KPO),Services,1803.39,1.29,-66.26,-45.26,1050.36,-0.56,,1.46,,not_stage_2,0,399.25,404.17,-0.37,0.01671,"{'price_above_30w_ma': False, '30w_ma_rising': False, 'price_above_10w_ma': False, 'relative_strength_positive': False, 'near_52w_high': False}",improving,lagging,99.16,103.34,0.36,4.6,False,True,2026-08-31 ratio=98.80 momentum=98.74; 2026-09-01 ratio=98.37 momentum=98.01; 2026-09-02 ratio=98.57 momentum=97.60; 2026-09-03 ratio=98.67 momentum=99.99; 2026-09-04 ratio=99.16 momentum=103.34,16.7
stock,One Point One,ONEPOINT.NS,Business Process Outsourcing (BPO)/ Knowledge Process Outsourcing (KPO),Services,1481.39,0.0,16.31,72.78,158.32,129.42,32.17,10.88,,stage_2,5,57.73,54.54,1.67,0.00243,"{'price_above_30w_ma': True, '30w_ma_rising': True, 'price_above_10w_ma': True, 'relative_strength_positive': True, 'near_52w_high': True}",leading,lagging,101.58,102.83,2.46,4.58,True,False,2026-09-01 ratio=99.12 momentum=98.24; 2026-09-02 ratio=99.28 momentum=98.05; 2026-09-03 ratio=99.38 momentum=98.14; 2026-09-04 ratio=100.95 momentum=102.71; 2026-09-07 ratio=101.58 momentum=102.83,180.39
stock,Alldigi Tech,ALLDIGI.NS,Business Process Outsourcing (BPO)/ Knowledge Process Outsourcing (KPO),Services,1228.12,7.45,18.12,21.69,150.28,4.43,13.32,27.89,,not_stage_2,2,805.85,809.68,-0.62,0.03372,"{'price_above_30w_ma': False, '30w_ma_rising': False, 'price_above_10w_ma': False, 'relative_strength_positive': True, 'near_52w_high': True}",improving,leading,99.94,100.87,-0.07,-1.71,False,False,2026-08-31 ratio=100.00 momentum=102.57; 2026-09-01 ratio=99.76 momentum=99.96; 2026-09-02 ratio=99.45 momentum=98.66; 2026-09-03 ratio=99.78 momentum=102.71; 2026-09-04 ratio=99.94 momentum=100.87,44.35
stock,Kandarp Digi,KANDARP.NS,Business Process Outsourcing (BPO)/ Knowledge Process Outsourcing (KPO),Services,79.54,0.0,1.13,-15.67,16.35,4.01,43.0,11.22,,not_stage_2,0,97.0,126.76,-4.87,0.00406,"{'price_above_30w_ma': False, '30w_ma_rising': False, 'price_above_10w_ma': False, 'relative_strength_positive': False, 'near_52w_high': False}",lagging,lagging,99.75,99.76,0.84,0.67,False,False,2026-08-31 ratio=98.91 momentum=99.09; 2026-09-01 ratio=97.98 momentum=97.41; 2026-09-02 ratio=99.91 momentum=99.98; 2026-09-03 ratio=98.66 momentum=98.53; 2026-09-04 ratio=99.75 momentum=99.76,0.0
stock,Cadsys (India),CADSYS.NS,Business Process Outsourcing (BPO)/ Knowledge Process Outsourcing (KPO),Services,46.41,0.0,-8.6,110.64,47.31,16.3,,-14.11,,not_stage_2,1,46.45,57.87,0.23,0.00194,"{'price_above_30w_ma': False, '30w_ma_rising': True, 'price_above_10w_ma': False, 'relative_strength_positive': False, 'near_52w_high': False}",improving,improving,98.65,100.94,0.27,-0.0,False,False,2026-08-31 ratio=98.38 momentum=100.94; 2026-09-01 ratio=98.45 momentum=100.68; 2026-09-02 ratio=98.54 momentum=100.70; 2026-09-03 ratio=98.61 momentum=101.05; 2026-09-04 ratio=98.65 momentum=100.94,25.16
stock,We Win Ltd,WEWIN.NS,Business Process Outsourcing (BPO)/ Knowledge Process Outsourcing (KPO),Services,43.04,0.0,0.91,-15.74,30.77,51.65,9.65,10.9,,not_stage_2,1,41.91,48.99,0.47,0.00175,"{'price_above_30w_ma': False, '30w_ma_rising': True, 'price_above_10w_ma': False, 'relative_strength_positive': False, 'near_52w_high': False}",lagging,lagging,97.63,97.29,-1.07,-1.05,False,False,2026-08-31 ratio=98.70 momentum=98.34; 2026-09-01 ratio=98.52 momentum=98.17; 2026-09-02 ratio=97.96 momentum=97.32; 2026-09-03 ratio=97.93 momentum=98.00; 2026-09-04 ratio=97.63 momentum=97.29,20.94
stock,HRH Next,HRHNEXT.NS,Business Process Outsourcing (BPO)/ Knowledge Process Outsourcing (KPO),Services,34.53,0.0,2.78,152.73,35.92,24.68,7.11,15.84,,not_stage_2,0,25.2,26.97,-1.83,0.00106,"{'price_above_30w_ma': False, '30w_ma_rising': False, 'price_above_10w_ma': False, 'relative_strength_positive': False, 'near_52w_high': False}",lagging,lagging,99.28,98.31,1.63,-0.21,False,False,2026-09-01 ratio=97.66 momentum=98.53; 2026-09-02 ratio=98.69 momentum=98.62; 2026-09-03 ratio=98.86 momentum=98.73; 2026-09-04 ratio=99.32 momentum=99.29; 2026-09-07 ratio=99.28 momentum=98.31,0.0
stock,Polycab India,POLYCAB.NS,Cables - Electricals,Capital Goods,126288.61,0.56,796.66,32.46,8209.73,39.01,44.09,33.21,,not_stage_2,2,8261.0,8664.88,2.23,0.34741,"{'price_above_30w_ma': False, '30w_ma_rising': True, 'price_above_10w_ma': False, 'relative_strength_positive': False, 'near_52w_high': True}",lagging,lagging,97.45,98.12,-1.59,-1.17,False,False,2026-09-01 ratio=99.04 momentum=99.28; 2026-09-02 ratio=98.91 momentum=98.83; 2026-09-03 ratio=99.00 momentum=99.37; 2026-09-04 ratio=97.33 momentum=97.97; 2026-09-07 ratio=97.45 momentum=98.12,44.46
stock,KEI Industries,KEI.NS,Cables - Electricals,Capital Goods,44994.47,0.1,274.14,40.05,3185.34,22.97,45.14,20.05,,not_stage_2,2,4704.0,4991.39,2.6,0.19782,"{'price_above_30w_ma': False, '30w_ma_rising': True, 'price_above_10w_ma': False, 'relative_strength_positive': False, 'near_52w_high': True}",lagging,weakening,98.39,97.67,-1.82,1.76,False,False,2026-09-01 ratio=100.21 momentum=95.92; 2026-09-02 ratio=99.74 momentum=96.47; 2026-09-03 ratio=100.31 momentum=98.07; 2026-09-04 ratio=98.72 momentum=97.29; 2026-09-07 ratio=98.39 momentum=97.67,45.2
stock,R R Kabel,RRKABEL.NS,Cables - Electricals,Capital Goods,27684.6,0.39,205.2,117.32,3168.2,53.9,45.27,28.1,,not_stage_2,3,2454.1,2002.99,9.87,0.10269,"{'price_above_30w_ma': True, '30w_ma_rising': True, 'price_above_10w_ma': False, 'relative_strength_positive': False, 'near_52w_high': True}",lagging,leading,99.56,96.49,-2.15,-3.89,False,False,2026-08-31 ratio=101.72 momentum=100.37; 2026-09-01 ratio=101.40 momentum=98.78; 2026-09-02 ratio=100.37 momentum=95.78; 2026-09-03 ratio=100.32 momentum=96.80; 2026-09-04 ratio=99.56 momentum=96.49,79.74
stock,Finolex Cables,FINCABLES.NS,Cables - Electricals,Capital Goods,19918.92,0.69,249.04,53.14,2013.15,44.26,24.89,16.01,,stage_2,5,1227.0,1031.13,6.84,0.0516,"{'price_above_30w_ma': True, '30w_ma_rising': True, 'price_above_10w_ma': True, 'relative_strength_positive': True, 'near_52w_high': True}",weakening,weakening,100.98,97.35,-0.15,1.8,False,False,2026-09-01 ratio=101.13 momentum=95.55; 2026-09-02 ratio=100.70 momentum=95.07; 2026-09-03 ratio=101.36 momentum=98.08; 2026-09-04 ratio=100.89 momentum=97.97; 2026-09-07 ratio=100.98 momentum=97.35,143.58
stock,KSH Internationa,KSHINTL.NS,Cables - Electricals,Capital Goods,7973.87,0.0,42.22,86.16,1164.24,108.38,60.92,21.46,,stage_2,5,1105.65,725.58,14.36,0.0465,"{'price_above_30w_ma': True, '30w_ma_rising': True, 'price_above_10w_ma': True, 'relative_strength_positive': True, 'near_52w_high': True}",leading,weakening,102.74,101.8,1.86,4.48,True,False,2026-09-01 ratio=100.88 momentum=97.32; 2026-09-02 ratio=100.83 momentum=96.71; 2026-09-03 ratio=101.97 momentum=99.54; 2026-09-04 ratio=102.70 momentum=101.22; 2026-09-07 ratio=102.74 momentum=101.80,206.42
stock,Universal Cables,UNIVCABLES.NS,Cables - Electricals,Capital Goods,5293.02,0.3,70.14,108.75,945.06,57.46,26.46,11.68,,stage_2,5,1487.6,1085.53,12.07,0.06256,"{'price_above_30w_ma': True, '30w_ma_rising': True, 'price_above_10w_ma': True, 'relative_strength_positive': True, 'near_52w_high': True}",weakening,weakening,100.48,96.34,-0.82,1.52,False,False,2026-09-01 ratio=101.29 momentum=94.82; 2026-09-02 ratio=101.21 momentum=95.67; 2026-09-03 ratio=101.17 momentum=96.10; 2026-09-04 ratio=100.89 momentum=97.42; 2026-09-07 ratio=100.48 momentum=96.34,151.54
stock,V-Marc India,VMARCIND.NS,Cables - Electricals,Capital Goods,4715.15,0.0,28.55,163.62,555.51,102.42,40.31,41.37,,not_stage_2,2,320.1,756.08,-4.2,0.01339,"{'price_above_30w_ma': False, '30w_ma_rising': False, 'price_above_10w_ma': True, 'relative_strength_positive': True, 'near_52w_high': False}",leading,improving,100.23,103.61,0.38,0.0,True,False,2026-08-31 ratio=99.85 momentum=103.60; 2026-09-01 ratio=99.85 momentum=103.78; 2026-09-02 ratio=99.85 momentum=103.24; 2026-09-03 ratio=100.08 momentum=104.21; 2026-09-04 ratio=100.23 momentum=103.61,89.2
stock,Laser Power,LASERPOWER.NS,Cables - Electricals,Capital Goods,4283.37,0.0,20.73,3.75,521.55,14.84,38.99,20.51,,insufficient_data,0,,,,,{},insufficient_data,insufficient_data,,,,,False,False,,0.0
stock,Lumino Inds,LUMINO.NS,Cables - Electricals,Capital Goods,3293.41,0.0,63.7,,947.62,,20.61,26.61,,insufficient_data,0,,,,,{},insufficient_data,insufficient_data,,,,,False,False,,0.0
stock,Paramount Comm.,PARACABLES.NS,Cables - Electricals,Capital Goods,2261.66,0.0,19.7,6.49,529.4,17.35,37.12,12.35,,stage_2,5,65.61,53.92,7.8,0.00276,"{'price_above_30w_ma': True, '30w_ma_rising': True, 'price_above_10w_ma': True, 'relative_strength_positive': True, 'near_52w_high': True}",leading,improving,100.51,102.18,1.06,1.4,True,False,2026-09-01 ratio=99.45 momentum=100.78; 2026-09-02 ratio=99.81 momentum=101.58; 2026-09-03 ratio=99.93 momentum=101.58; 2026-09-04 ratio=100.34 momentum=102.16; 2026-09-07 ratio=100.51 momentum=102.18,184.05
stock,Godfrey Phillips,GODFRYPHLP.NS,Cigarettes & Tobacco Products,Fast Moving Consumer Goods,31415.04,2.49,198.39,-44.32,1205.51,-18.89,22.97,30.25,,not_stage_2,0,2051.0,2169.89,-0.04,0.08582,"{'price_above_30w_ma': False, '30w_ma_rising': False, 'price_above_10w_ma': False, 'relative_strength_positive': False, 'near_52w_high': False}",lagging,improving,98.94,99.38,-0.45,-1.41,False,False,2026-08-31 ratio=99.39 momentum=100.79; 2026-09-01 ratio=99.04 momentum=100.11; 2026-09-02 ratio=98.43 momentum=97.61; 2026-09-03 ratio=98.84 momentum=99.62; 2026-09-04 ratio=98.94 momentum=99.38,0.0
stock,VST Industries,VSTIND.NS,Cigarettes & Tobacco Products,Fast Moving Consumer Goods,3514.43,5.8,42.42,-24.43,256.46,-13.91,12.62,28.13,,not_stage_2,1,206.96,236.94,-1.55,0.0087,"{'price_above_30w_ma': False, '30w_ma_rising': False, 'price_above_10w_ma': False, 'relative_strength_positive': False, 'near_52w_high': True}",improving,improving,99.11,103.3,0.2,1.51,False,True,2026-09-01 ratio=98.91 momentum=101.79; 2026-09-02 ratio=98.98 momentum=103.13; 2026-09-03 ratio=99.05 momentum=102.97; 2026-09-04 ratio=99.09 momentum=102.78; 2026-09-07 ratio=99.11 momentum=103.30,36.5
stock,Elitecon Inter.,ELITECON.NS,Cigarettes & Tobacco Products,Fast Moving Consumer Goods,1251.7,0.64,103.57,676.39,1741.26,1750.04,3.91,,,insufficient_data,0,,,,,{},insufficient_data,insufficient_data,,,,,False,False,,0.0
stock,NTC Industries,NTCIND.NS,Cigarettes & Tobacco Products,Fast Moving Consumer Goods,202.87,0.0,6.12,7.94,25.23,-10.25,10.14,11.14,,insufficient_data,0,,,,,{},insufficient_data,insufficient_data,,,,,False,False,,0.0
stock,Shanthala FMCG,SHANTHALA.NS,Cigarettes & Tobacco Products,Fast Moving Consumer Goods,11.12,0.0,0.72,71.43,25.82,-0.12,8.76,5.98,,not_stage_2,0,16.6,23.86,-8.49,0.0007,"{'price_above_30w_ma': False, '30w_ma_rising': False, 'price_above_10w_ma': False, 'relative_strength_positive': False, 'near_52w_high': False}",improving,improving,99.22,101.89,0.19,1.59,False,True,2026-09-01 ratio=99.03 momentum=100.30; 2026-09-02 ratio=99.10 momentum=102.45; 2026-09-03 ratio=99.14 momentum=102.42; 2026-09-04 ratio=99.16 momentum=101.77; 2026-09-07 ratio=99.22 momentum=101.89,9.45
stock,Marc Technocrats,MARC.NS,Consulting Services,Services,242.39,0.0,4.81,,37.53,,23.0,29.22,,stage_2,5,148.6,90.34,15.56,0.00622,"{'price_above_30w_ma': True, '30w_ma_rising': True, 'price_above_10w_ma': True, 'relative_strength_positive': True, 'near_52w_high': True}",weakening,leading,101.55,97.4,-0.15,-5.19,False,False,2026-08-31 ratio=101.71 momentum=102.60; 2026-09-01 ratio=101.72 momentum=104.56; 2026-09-02 ratio=101.70 momentum=105.54; 2026-09-03 ratio=101.63 momentum=98.92; 2026-09-04 ratio=101.55 momentum=97.40,163.87
stock,EKI Energy,EKI.NS,Consulting Services,Services,195.34,2.82,-15.93,-2094.44,10.46,-29.99,,-3.84,,insufficient_data,0,,,,,{},insufficient_data,insufficient_data,,,,,False,False,,0.0
stock,Mitcon Consult.,MITCON.NS,Consulting Services,Services,140.64,0.0,2.75,151.38,67.58,176.63,14.44,8.83,,stage_2,5,77.8,72.63,3.59,0.00326,"{'price_above_30w_ma': True, '30w_ma_rising': True, 'price_above_10w_ma': True, 'relative_strength_positive': True, 'near_52w_high': True}",leading,leading,100.74,100.31,0.06,-0.9,False,False,2026-08-31 ratio=100.68 momentum=101.22; 2026-09-01 ratio=100.90 momentum=100.55; 2026-09-02 ratio=100.93 momentum=100.83; 2026-09-03 ratio=100.77 momentum=100.32; 2026-09-04 ratio=100.74 momentum=100.31,157.43
stock,AAA Technologies,AAATECH.NS,Consulting Services,Services,119.44,1.62,0.87,12.99,3.76,1.62,57.42,8.16,,not_stage_2,1,91.74,95.75,-1.79,0.00384,"{'price_above_30w_ma': False, '30w_ma_rising': False, 'price_above_10w_ma': False, 'relative_strength_positive': True, 'near_52w_high': False}",lagging,leading,99.86,98.73,-0.76,-4.14,False,False,2026-08-31 ratio=100.62 momentum=102.87; 2026-09-01 ratio=100.30 momentum=101.42; 2026-09-02 ratio=100.28 momentum=100.34; 2026-09-03 ratio=100.37 momentum=101.01; 2026-09-04 ratio=99.86 momentum=98.73,20.0
stock,Dhruv Consultanc,DHRUV.NS,Consulting Services,Services,41.98,0.85,-4.74,-396.25,15.55,-26.09,,-32.46,,not_stage_2,0,22.32,28.44,-6.94,0.00093,"{'price_above_30w_ma': False, '30w_ma_rising': False, 'price_above_10w_ma': False, 'relative_strength_positive': False, 'near_52w_high': False}",lagging,lagging,98.26,97.58,-0.65,-1.34,False,False,2026-08-31 ratio=98.91 momentum=98.92; 2026-09-01 ratio=98.95 momentum=99.07; 2026-09-02 ratio=98.97 momentum=97.44; 2026-09-03 ratio=99.05 momentum=98.07; 2026-09-04 ratio=98.26 momentum=97.58,0.0
stock,Manglam Infra,MIEL.NS,Consulting Services,Services,20.85,0.0,1.6,1700.0,21.86,-21.42,6.64,9.5,,insufficient_data,0,,,,,{},insufficient_data,insufficient_data,,,,,False,False,,0.0
stock,Physicswallah,PWL.NS,E-Learning,Consumer Services,36753.77,0.0,-88.28,35.6,1053.95,24.42,601.42,4.02,,stage_2,5,129.67,111.98,0.81,0.00545,"{'price_above_30w_ma': True, '30w_ma_rising': True, 'price_above_10w_ma': True, 'relative_strength_positive': True, 'near_52w_high': True}",leading,lagging,100.41,101.89,1.89,4.56,True,False,2026-09-01 ratio=98.52 momentum=97.33; 2026-09-02 ratio=98.72 momentum=97.91; 2026-09-03 ratio=99.34 momentum=99.79; 2026-09-04 ratio=99.98 momentum=101.57; 2026-09-07 ratio=100.41 momentum=101.89,168.12
stock,Veranda Learning,VERANDA.NS,E-Learning,Consumer Services,2253.55,0.0,33.87,854.4,149.54,41.52,34.94,12.83,,stage_2,4,242.63,209.12,2.75,0.01015,"{'price_above_30w_ma': True, '30w_ma_rising': True, 'price_above_10w_ma': False, 'relative_strength_positive': True, 'near_52w_high': True}",weakening,leading,100.36,94.95,-0.58,-7.19,False,False,2026-08-31 ratio=100.95 momentum=102.13; 2026-09-01 ratio=100.25 momentum=100.31; 2026-09-02 ratio=100.52 momentum=101.80; 2026-09-03 ratio=100.37 momentum=97.60; 2026-09-04 ratio=100.36 momentum=94.95,112.3
stock,Jaro Institute,JARO.NS,E-Learning,Consumer Services,982.46,1.13,11.17,48.34,70.75,16.61,17.37,22.09,,not_stage_2,0,443.4,472.99,-1.11,0.01865,"{'price_above_30w_ma': False, '30w_ma_rising': False, 'price_above_10w_ma': False, 'relative_strength_positive': False, 'near_52w_high': False}",improving,improving,99.16,102.66,-0.06,1.13,False,False,2026-09-01 ratio=99.22 momentum=101.53; 2026-09-02 ratio=99.40 momentum=102.38; 2026-09-03 ratio=99.43 momentum=103.00; 2026-09-04 ratio=99.12 momentum=102.01; 2026-09-07 ratio=99.16 momentum=102.66,13.3
stock,Addictive Learn,ADDICTIVE.NS,E-Learning,Consumer Services,67.93,0.0,0.31,-75.97,22.69,8.41,,-0.11,,insufficient_data,0,,,,,{},insufficient_data,insufficient_data,,,,,False,False,,0.0
stock,G-Tec Janix,GTECJAINX.NS,E-Learning,Consumer Services,28.58,0.0,0.3,100.0,2.25,-10.36,,-36.32,,stage_2,5,29.27,23.87,5.54,0.00122,"{'price_above_30w_ma': True, '30w_ma_rising': True, 'price_above_10w_ma': True, 'relative_strength_positive': True, 'near_52w_high': True}",weakening,lagging,100.74,99.54,0.99,1.06,False,False,2026-08-31 ratio=99.74 momentum=98.49; 2026-09-01 ratio=99.92 momentum=97.94; 2026-09-02 ratio=100.47 momentum=100.58; 2026-09-03 ratio=100.45 momentum=100.50; 2026-09-04 ratio=100.74 momentum=99.54,139.78
stock,Usha Mart. Edu.,UMESLTD.NS,E-Learning,Consumer Services,13.4,0.0,0.02,0.0,0.12,-7.69,32.68,5.23,,not_stage_2,2,5.09,5.59,1.66,0.00021,"{'price_above_30w_ma': False, '30w_ma_rising': True, 'price_above_10w_ma': False, 'relative_strength_positive': False, 'near_52w_high': True}",lagging,lagging,98.52,99.55,-0.76,1.59,False,False,2026-08-31 ratio=99.28 momentum=97.96; 2026-09-01 ratio=97.42 momentum=96.96; 2026-09-02 ratio=97.62 momentum=97.47; 2026-09-03 ratio=98.17 momentum=97.06; 2026-09-04 ratio=98.52 momentum=99.55,43.32
stock,Docmode Health,DHTL.NS,E-Learning,Consumer Services,10.75,0.0,-0.07,95.57,7.67,-64.07,,6.12,,not_stage_2,1,34.2,40.23,-9.79,0.00144,"{'price_above_30w_ma': False, '30w_ma_rising': False, 'price_above_10w_ma': False, 'relative_strength_positive': True, 'near_52w_high': False}",improving,improving,99.97,104.54,0.85,1.74,False,True,2026-09-01 ratio=99.13 momentum=102.80; 2026-09-02 ratio=99.22 momentum=102.91; 2026-09-03 ratio=99.27 momentum=101.46; 2026-09-04 ratio=99.29 momentum=103.53; 2026-09-07 ratio=99.97 momentum=104.54,42.7
stock,PVR Inox,PVRINOX.NS,"Film Production, Distribution & Exhibition","Media, Entertainment & Publication",12081.96,0.0,56.5,220.3,1622.2,11.91,38.09,6.79,,stage_2,5,1156.5,1036.94,2.83,0.04864,"{'price_above_30w_ma': True, '30w_ma_rising': True, 'price_above_10w_ma': True, 'relative_strength_positive': True, 'near_52w_high': True}",weakening,weakening,100.65,96.31,-0.84,-1.38,False,False,2026-09-01 ratio=101.48 momentum=97.70; 2026-09-02 ratio=101.31 momentum=97.33; 2026-09-03 ratio=101.65 momentum=98.58; 2026-09-04 ratio=101.36 momentum=98.01; 2026-09-07 ratio=100.65 momentum=96.31,133.91
stock,Media Matrix,MMWL.NS,"Film Production, Distribution & Exhibition","Media, Entertainment & Publication",1582.5,0.0,3.58,84.46,428.45,83.37,222.89,9.78,,insufficient_data,0,,,,,{},weakening,weakening,100.4,97.91,0.38,-0.07,False,False,2026-09-01 ratio=100.01 momentum=97.98; 2026-09-02 ratio=100.09 momentum=99.17; 2026-09-03 ratio=100.03 momentum=99.87; 2026-09-04 ratio=100.58 momentum=99.42; 2026-09-07 ratio=100.40 momentum=97.91,2.0
stock,Sunshine Picture,SUNSHINE.NS,"Film Production, Distribution & Exhibition","Media, Entertainment & Publication",1524.9,0.0,,,,,38.53,40.96,,insufficient_data,0,,,,,{},insufficient_data,insufficient_data,,,,,False,False,,0.0
stock,Panorama Studios,PANORAMA.NS,"Film Production, Distribution & Exhibition","Media, Entertainment & Publication",1258.67,0.12,12.71,165.95,183.07,34.26,52.14,8.7,,insufficient_data,0,,,,,{},insufficient_data,insufficient_data,,,,,False,False,,0.0
stock,Connplex Cinemas,CONNPLEX.NS,"Film Production, Distribution & Exhibition","Media, Entertainment & Publication",477.5,0.0,13.03,38.91,83.46,51.97,18.44,43.55,,insufficient_data,0,,,,,{},insufficient_data,insufficient_data,,,,,False,False,,0.0
stock,Cineline India,CINELINE.NS,"Film Production, Distribution & Exhibition","Media, Entertainment & Publication",365.22,1.31,-1.21,74.27,59.27,30.87,27.13,10.86,,stage_2,5,98.71,84.87,1.13,0.00415,"{'price_above_30w_ma': True, '30w_ma_rising': True, 'price_above_10w_ma': True, 'relative_strength_positive': True, 'near_52w_high': True}",leading,weakening,102.89,102.35,1.67,2.43,True,False,2026-09-01 ratio=101.22 momentum=99.92; 2026-09-02 ratio=101.12 momentum=99.06; 2026-09-03 ratio=101.44 momentum=102.35; 2026-09-04 ratio=102.39 momentum=103.05; 2026-09-07 ratio=102.89 momentum=102.35,183.46
stock,UFO Moviez,UFO.NS,"Film Production, Distribution & Exhibition","Media, Entertainment & Publication",252.05,0.0,5.64,-13.5,110.69,3.81,10.49,11.19,,not_stage_2,1,65.09,69.48,-1.88,0.00272,"{'price_above_30w_ma': False, '30w_ma_rising': False, 'price_above_10w_ma': False, 'relative_strength_positive': False, 'near_52w_high': True}",improving,improving,99.1,102.9,-0.23,0.84,False,False,2026-08-31 ratio=99.33 momentum=102.05; 2026-09-01 ratio=98.82 momentum=100.05; 2026-09-02 ratio=99.18 momentum=102.56; 2026-09-03 ratio=99.27 momentum=101.50; 2026-09-04 ratio=99.10 momentum=102.90,34.5
stock,Tips Films,TIPSFILMS.NS,"Film Production, Distribution & Exhibition","Media, Entertainment & Publication",142.68,0.0,-29.41,-720.46,47.96,-49.71,,-6.69,,not_stage_2,0,331.0,353.92,-1.56,0.01385,"{'price_above_30w_ma': False, '30w_ma_rising': False, 'price_above_10w_ma': False, 'relative_strength_positive': False, 'near_52w_high': False}",lagging,lagging,99.4,96.12,-0.07,-3.82,False,False,2026-08-31 ratio=99.47 momentum=99.94; 2026-09-01 ratio=99.40 momentum=100.18; 2026-09-02 ratio=99.36 momentum=97.83; 2026-09-03 ratio=99.43 momentum=95.76; 2026-09-04 ratio=99.40 momentum=96.12,0.0
stock,Mukta Arts,MUKTAARTS.NS,"Film Production, Distribution & Exhibition","Media, Entertainment & Publication",131.33,0.0,-2.15,64.7,40.59,10.51,,11.17,,not_stage_2,4,58.9,55.03,-0.81,0.00246,"{'price_above_30w_ma': True, '30w_ma_rising': False, 'price_above_10w_ma': True, 'relative_strength_positive': True, 'near_52w_high': True}",leading,improving,101.62,103.72,1.69,2.81,True,False,2026-08-31 ratio=99.93 momentum=100.91; 2026-09-01 ratio=100.40 momentum=103.05; 2026-09-02 ratio=100.82 momentum=103.07; 2026-09-03 ratio=100.31 momentum=100.48; 2026-09-04 ratio=101.62 momentum=103.72,136.7
stock,Baweja Studios L,BAWEJA.NS,"Film Production, Distribution & Exhibition","Media, Entertainment & Publication",47.17,0.0,4.57,-13.28,33.44,-22.93,7.76,7.94,,not_stage_2,1,26.1,28.77,-2.4,0.0011,"{'price_above_30w_ma': False, '30w_ma_rising': False, 'price_above_10w_ma': False, 'relative_strength_positive': True, 'near_52w_high': False}",leading,improving,100.04,102.57,0.7,-0.74,False,False,2026-09-01 ratio=99.34 momentum=103.30; 2026-09-02 ratio=99.77 momentum=104.29; 2026-09-03 ratio=99.87 momentum=103.14; 2026-09-04 ratio=99.95 momentum=102.84; 2026-09-07 ratio=100.04 momentum=102.57,53.05
stock,Metro Brands,METROBRAND.NS,Footwear,Consumer Durables,25834.67,0.63,95.26,-4.79,720.36,14.66,63.56,20.12,,not_stage_2,0,929.15,1005.7,-1.48,0.03888,"{'price_above_30w_ma': False, '30w_ma_rising': False, 'price_above_10w_ma': False, 'relative_strength_positive': False, 'near_52w_high': False}",improving,improving,99.09,104.06,0.51,2.2,False,True,2026-08-31 ratio=98.58 momentum=101.86; 2026-09-01 ratio=98.63 momentum=102.17; 2026-09-02 ratio=98.49 momentum=101.55; 2026-09-03 ratio=98.83 momentum=103.32; 2026-09-04 ratio=99.09 momentum=104.06,20.3
stock,Bata India,BATAINDIA.NS,Footwear,Consumer Durables,8535.49,3.77,63.98,15.88,978.95,3.94,49.1,12.74,,not_stage_2,0,669.45,705.41,-3.15,0.02815,"{'price_above_30w_ma': False, '30w_ma_rising': False, 'price_above_10w_ma': False, 'relative_strength_positive': False, 'near_52w_high': False}",lagging,lagging,99.12,99.54,0.12,4.75,False,False,2026-09-01 ratio=99.01 momentum=94.79; 2026-09-02 ratio=98.87 momentum=95.01; 2026-09-03 ratio=99.35 momentum=96.32; 2026-09-04 ratio=99.09 momentum=94.84; 2026-09-07 ratio=99.12 momentum=99.54,0.0
stock,Relaxo Footwear,RELAXO.NS,Footwear,Consumer Durables,8296.04,1.05,54.94,12.35,705.05,7.73,44.77,11.18,,not_stage_2,1,344.75,342.92,-0.31,0.01443,"{'price_above_30w_ma': True, '30w_ma_rising': False, 'price_above_10w_ma': False, 'relative_strength_positive': False, 'near_52w_high': False}",lagging,lagging,98.01,96.99,-0.22,0.3,False,False,2026-08-31 ratio=98.23 momentum=96.70; 2026-09-01 ratio=98.31 momentum=96.96; 2026-09-02 ratio=97.86 momentum=97.05; 2026-09-03 ratio=97.87 momentum=97.23; 2026-09-04 ratio=98.01 momentum=96.99,20.0
stock,Campus Activewe.,CAMPUS.NS,Footwear,Consumer Durables,6629.57,0.69,26.14,17.75,385.2,12.21,43.04,21.22,,not_stage_2,2,223.24,237.77,-1.81,0.00934,"{'price_above_30w_ma': False, '30w_ma_rising': False, 'price_above_10w_ma': False, 'relative_strength_positive': True, 'near_52w_high': True}",leading,leading,100.18,100.8,-0.02,-2.74,False,False,2026-08-31 ratio=100.21 momentum=103.53; 2026-09-01 ratio=99.94 momentum=104.82; 2026-09-02 ratio=99.70 momentum=100.98; 2026-09-03 ratio=100.29 momentum=104.64; 2026-09-04 ratio=100.18 momentum=100.80,64.9
stock,Redtape,REDTAPE.NS,Footwear,Consumer Durables,6392.58,1.73,44.48,15.23,481.28,3.65,25.94,24.48,,not_stage_2,1,120.43,127.71,0.19,0.00504,"{'price_above_30w_ma': False, '30w_ma_rising': True, 'price_above_10w_ma': False, 'relative_strength_positive': False, 'near_52w_high': False}",improving,improving,98.68,101.65,-0.22,-2.13,False,False,2026-08-31 ratio=98.90 momentum=103.78; 2026-09-01 ratio=98.62 momentum=100.91; 2026-09-02 ratio=98.25 momentum=99.00; 2026-09-03 ratio=98.13 momentum=99.95; 2026-09-04 ratio=98.68 momentum=101.65,28.63
stock,Sreeleathers,SREEL.NS,Footwear,Consumer Durables,666.32,0.7,6.99,138.57,59.63,19.74,20.28,8.0,,stage_2,5,265.52,204.78,2.36,0.01111,"{'price_above_30w_ma': True, '30w_ma_rising': True, 'price_above_10w_ma': True, 'relative_strength_positive': True, 'near_52w_high': True}",leading,weakening,102.12,101.43,0.69,6.42,True,False,2026-08-31 ratio=101.44 momentum=95.01; 2026-09-01 ratio=101.50 momentum=96.22; 2026-09-02 ratio=101.72 momentum=98.17; 2026-09-03 ratio=101.93 momentum=100.04; 2026-09-04 ratio=102.12 momentum=101.43,177.47
stock,Liberty Shoes,LIBERTSHOE.NS,Footwear,Consumer Durables,385.08,0.0,0.68,-76.97,169.86,-1.7,45.2,7.91,,not_stage_2,0,233.27,251.41,-0.41,0.00976,"{'price_above_30w_ma': False, '30w_ma_rising': False, 'price_above_10w_ma': False, 'relative_strength_positive': False, 'near_52w_high': False}",lagging,lagging,98.38,97.63,-0.29,-0.56,False,False,2026-08-31 ratio=98.68 momentum=98.19; 2026-09-01 ratio=98.54 momentum=98.21; 2026-09-02 ratio=98.34 momentum=97.60; 2026-09-03 ratio=98.41 momentum=99.91; 2026-09-04 ratio=98.38 momentum=97.63,0.0
stock,Brandman Retail,BRANDMAN.NS,Footwear,Consumer Durables,318.11,0.0,4.76,1152.63,45.19,287.56,10.72,36.81,,insufficient_data,0,,,,,{},insufficient_data,insufficient_data,,,,,False,False,,0.0
stock,Khadim India,KHADIM.NS,Footwear,Consumer Durables,215.78,0.0,0.52,-39.53,77.84,-18.66,47.84,6.87,,not_stage_2,3,117.3,105.12,-7.09,0.00491,"{'price_above_30w_ma': True, '30w_ma_rising': False, 'price_above_10w_ma': True, 'relative_strength_positive': True, 'near_52w_high': False}",leading,leading,102.07,103.79,-0.15,1.46,False,False,2026-08-31 ratio=102.22 momentum=102.33; 2026-09-01 ratio=102.40 momentum=102.45; 2026-09-02 ratio=102.08 momentum=102.17; 2026-09-03 ratio=101.89 momentum=102.86; 2026-09-04 ratio=102.07 momentum=103.79,109.3
stock,ICICI Lombard,ICICIGI.NS,General Insurance,Financial Services,73834.73,0.91,403.17,-46.03,7088.22,10.83,30.41,21.88,,not_stage_2,0,1510.0,1759.03,-1.9,0.06319,"{'price_above_30w_ma': False, '30w_ma_rising': False, 'price_above_10w_ma': False, 'relative_strength_positive': False, 'near_52w_high': False}",lagging,lagging,98.41,97.24,-0.36,-2.1,False,False,2026-08-31 ratio=98.77 momentum=99.35; 2026-09-01 ratio=98.82 momentum=98.80; 2026-09-02 ratio=98.62 momentum=97.44; 2026-09-03 ratio=98.51 momentum=96.99; 2026-09-04 ratio=98.41 momentum=97.24,0.0
stock,General Insuranc,GICRE.NS,General Insurance,Financial Services,61000.91,3.81,1743.67,-31.1,14400.9,-1.52,6.87,17.35,,not_stage_2,3,358.45,373.57,-0.62,0.015,"{'price_above_30w_ma': False, '30w_ma_rising': False, 'price_above_10w_ma': True, 'relative_strength_positive': True, 'near_52w_high': True}",leading,improving,100.78,102.03,1.17,1.25,True,False,2026-08-31 ratio=99.62 momentum=100.79; 2026-09-01 ratio=99.71 momentum=99.87; 2026-09-02 ratio=100.20 momentum=100.61; 2026-09-03 ratio=100.45 momentum=101.18; 2026-09-04 ratio=100.78 momentum=102.03,104.05
stock,New India Assura,NIACL.NS,General Insurance,Financial Services,33820.26,0.73,-239.15,-160.61,11899.69,1.54,43.96,4.29,,stage_2,5,231.2,167.24,5.0,0.00972,"{'price_above_30w_ma': True, '30w_ma_rising': True, 'price_above_10w_ma': True, 'relative_strength_positive': True, 'near_52w_high': True}",leading,leading,104.09,102.42,3.16,1.27,False,False,2026-09-01 ratio=100.94 momentum=101.15; 2026-09-02 ratio=102.93 momentum=102.96; 2026-09-03 ratio=102.33 momentum=102.36; 2026-09-04 ratio=104.91 momentum=103.25; 2026-09-07 ratio=104.09 momentum=102.42,187.55
stock,Star Health Insu,STARHEALTH.NS,General Insurance,Financial Services,33663.26,0.0,549.73,25.46,5522.07,13.15,39.88,9.69,,not_stage_2,3,557.35,526.27,3.27,0.02332,"{'price_above_30w_ma': True, '30w_ma_rising': True, 'price_above_10w_ma': False, 'relative_strength_positive': False, 'near_52w_high': True}",lagging,lagging,98.38,98.01,-0.27,0.84,False,False,2026-08-31 ratio=98.65 momentum=97.17; 2026-09-01 ratio=98.13 momentum=96.82; 2026-09-02 ratio=98.71 momentum=97.59; 2026-09-03 ratio=98.53 momentum=98.32; 2026-09-04 ratio=98.38 momentum=98.01,66.54
stock,Go Digit General,GODIGIT.NS,General Insurance,Financial Services,23933.1,0.0,86.39,-37.55,2427.02,8.54,48.6,13.1,,not_stage_2,0,256.6,301.19,-2.7,0.01079,"{'price_above_30w_ma': False, '30w_ma_rising': False, 'price_above_10w_ma': False, 'relative_strength_positive': False, 'near_52w_high': False}",improving,improving,99.4,102.53,0.07,-0.74,False,False,2026-09-01 ratio=99.32 momentum=103.27; 2026-09-02 ratio=99.32 momentum=104.44; 2026-09-03 ratio=99.35 momentum=104.11; 2026-09-04 ratio=99.39 momentum=102.14; 2026-09-07 ratio=99.40 momentum=102.53,12.65
stock,Niva Bupa Health,NIVABUPA.NS,General Insurance,Financial Services,14886.35,0.0,137.8,92.89,2471.26,27.93,85.43,3.15,,not_stage_2,3,80.67,80.44,0.64,0.00339,"{'price_above_30w_ma': True, '30w_ma_rising': True, 'price_above_10w_ma': False, 'relative_strength_positive': False, 'near_52w_high': True}",improving,improving,98.66,102.68,-0.06,2.23,False,False,2026-09-01 ratio=98.71 momentum=100.45; 2026-09-02 ratio=98.20 momentum=97.09; 2026-09-03 ratio=98.36 momentum=101.72; 2026-09-04 ratio=98.10 momentum=101.06; 2026-09-07 ratio=98.66 momentum=102.68,74.68
stock,LG Electronics,LGEINDIA.NS,Household Appliances,Consumer Durables,113535.32,0.0,652.86,27.2,7233.35,15.49,62.22,32.27,,stage_2,5,1647.8,1562.74,1.57,0.0693,"{'price_above_30w_ma': True, '30w_ma_rising': True, 'price_above_10w_ma': True, 'relative_strength_positive': True, 'near_52w_high': True}",weakening,weakening,101.35,98.49,-0.2,-0.4,False,False,2026-09-01 ratio=101.56 momentum=98.89; 2026-09-02 ratio=101.46 momentum=98.86; 2026-09-03 ratio=101.59 momentum=100.61; 2026-09-04 ratio=101.16 momentum=100.20; 2026-09-07 ratio=101.35 momentum=98.49,134.89
stock,Voltas,VOLTAS.NS,Household Appliances,Consumer Durables,37564.29,0.35,212.76,52.19,4673.5,18.66,80.45,9.04,,not_stage_2,0,1167.2,1325.85,-2.05,0.04909,"{'price_above_30w_ma': False, '30w_ma_rising': False, 'price_above_10w_ma': False, 'relative_strength_positive': False, 'near_52w_high': False}",lagging,lagging,98.33,99.46,-0.04,-0.53,False,False,2026-09-01 ratio=98.37 momentum=100.00; 2026-09-02 ratio=97.58 momentum=99.21; 2026-09-03 ratio=98.25 momentum=102.23; 2026-09-04 ratio=98.18 momentum=100.04; 2026-09-07 ratio=98.33 momentum=99.46,0.0
stock,Blue Star,BLUESTARCO.NS,Household Appliances,Consumer Durables,29918.27,0.58,102.51,-21.03,3377.92,13.27,56.54,21.24,,not_stage_2,0,1484.0,1685.75,-2.35,0.0621,"{'price_above_30w_ma': False, '30w_ma_rising': False, 'price_above_10w_ma': False, 'relative_strength_positive': False, 'near_52w_high': False}",improving,improving,99.05,102.3,0.54,0.09,False,True,2026-08-31 ratio=98.50 momentum=102.21; 2026-09-01 ratio=98.88 momentum=104.82; 2026-09-02 ratio=98.53 momentum=101.63; 2026-09-03 ratio=99.05 momentum=103.12; 2026-09-04 ratio=99.05 momentum=102.30,11.5
stock,Amber Enterp.,AMBER.NS,Household Appliances,Consumer Durables,25857.8,0.0,3.09,-3.37,3887.72,12.72,125.32,10.29,,not_stage_2,3,7474.0,7539.58,2.56,0.31275,"{'price_above_30w_ma': False, '30w_ma_rising': True, 'price_above_10w_ma': False, 'relative_strength_positive': True, 'near_52w_high': True}",leading,leading,100.44,102.51,-0.2,-0.22,False,False,2026-08-31 ratio=100.64 momentum=102.73; 2026-09-01 ratio=100.28 momentum=101.46; 2026-09-02 ratio=100.12 momentum=101.72; 2026-09-03 ratio=100.19 momentum=102.21; 2026-09-04 ratio=100.44 momentum=102.51,99.87
stock,Crompton Gr. Con,CROMPTON.NS,Household Appliances,Consumer Durables,14956.34,1.29,140.32,12.12,2022.47,11.2,32.95,18.98,,not_stage_2,1,232.4,259.26,0.29,0.00972,"{'price_above_30w_ma': False, '30w_ma_rising': True, 'price_above_10w_ma': False, 'relative_strength_positive': False, 'near_52w_high': False}",lagging,lagging,98.5,97.44,0.2,-2.52,False,False,2026-08-31 ratio=98.30 momentum=99.96; 2026-09-01 ratio=98.02 momentum=99.09; 2026-09-02 ratio=97.96 momentum=98.47; 2026-09-03 ratio=97.99 momentum=96.84; 2026-09-04 ratio=98.50 momentum=97.44,20.58
stock,V-Guard Industri,VGUARD.NS,Household Appliances,Consumer Durables,14431.23,0.45,130.25,76.37,1810.65,23.5,37.97,18.38,,stage_2,5,335.4,316.99,0.25,0.01403,"{'price_above_30w_ma': True, '30w_ma_rising': True, 'price_above_10w_ma': True, 'relative_strength_positive': True, 'near_52w_high': True}",weakening,weakening,101.47,98.93,-1.02,1.85,False,False,2026-08-31 ratio=102.49 momentum=97.08; 2026-09-01 ratio=102.12 momentum=98.89; 2026-09-02 ratio=102.00 momentum=98.70; 2026-09-03 ratio=101.81 momentum=98.09; 2026-09-04 ratio=101.47 momentum=98.93,132.85
stock,Whirlpool India,WHIRLPOOL.NS,Household Appliances,Consumer Durables,10204.42,0.62,102.88,-29.4,2726.75,12.1,37.43,10.67,,not_stage_2,2,815.95,839.62,-0.22,0.03414,"{'price_above_30w_ma': False, '30w_ma_rising': False, 'price_above_10w_ma': True, 'relative_strength_positive': True, 'near_52w_high': False}",leading,leading,101.83,102.41,1.02,0.98,False,False,2026-08-31 ratio=100.82 momentum=101.43; 2026-09-01 ratio=100.78 momentum=101.53; 2026-09-02 ratio=101.01 momentum=102.25; 2026-09-03 ratio=101.31 momentum=101.67; 2026-09-04 ratio=101.83 momentum=102.41,81.2
stock,Eureka Forbes,EUREKAFORB.NS,Household Appliances,Consumer Durables,7882.82,0.0,55.44,6.98,700.77,15.31,39.42,5.86,,not_stage_2,0,406.2,459.98,-3.01,0.01708,"{'price_above_30w_ma': False, '30w_ma_rising': False, 'price_above_10w_ma': False, 'relative_strength_positive': False, 'near_52w_high': False}",improving,improving,98.17,100.74,-0.78,-0.5,False,False,2026-09-01 ratio=98.96 momentum=101.23; 2026-09-02 ratio=98.86 momentum=102.02; 2026-09-03 ratio=99.31 momentum=103.09; 2026-09-04 ratio=98.99 momentum=102.83; 2026-09-07 ratio=98.17 momentum=100.74,3.7
stock,TTK Prestige,TTKPRESTIG.NS,Household Appliances,Consumer Durables,7509.18,1.37,58.97,103.94,813.85,33.57,36.28,12.1,,not_stage_2,3,562.75,548.6,0.05,0.02355,"{'price_above_30w_ma': True, '30w_ma_rising': True, 'price_above_10w_ma': False, 'relative_strength_positive': False, 'near_52w_high': True}",lagging,lagging,98.38,97.38,-0.6,-0.33,False,False,2026-08-31 ratio=98.98 momentum=97.71; 2026-09-01 ratio=98.85 momentum=97.32; 2026-09-02 ratio=99.11 momentum=99.00; 2026-09-03 ratio=99.04 momentum=98.54; 2026-09-04 ratio=98.38 momentum=97.38,60.1
stock,IFB Industries,IFBIND.NS,Household Appliances,Consumer Durables,5257.8,0.0,38.06,50.08,1523.52,17.1,33.64,18.22,,not_stage_2,2,1305.7,1200.85,1.04,0.05464,"{'price_above_30w_ma': True, '30w_ma_rising': True, 'price_above_10w_ma': False, 'relative_strength_positive': False, 'near_52w_high': False}",lagging,lagging,99.51,97.39,-0.42,-0.67,False,False,2026-08-31 ratio=99.94 momentum=98.07; 2026-09-01 ratio=99.32 momentum=96.35; 2026-09-02 ratio=99.35 momentum=96.96; 2026-09-03 ratio=99.70 momentum=97.44; 2026-09-04 ratio=99.51 momentum=97.39,42.08
stock,Adani Total Gas,ATGL.NS,LPG/CNG/PNG/LNG Supplier,"Oil, Gas & Consumable Fuels",67011.32,0.04,133.03,-17.97,1743.48,27.1,110.26,15.09,,not_stage_2,2,612.35,631.75,2.24,0.02562,"{'price_above_30w_ma': False, '30w_ma_rising': True, 'price_above_10w_ma': False, 'relative_strength_positive': False, 'near_52w_high': True}",lagging,lagging,98.59,99.46,0.14,-0.01,False,False,2026-08-31 ratio=98.45 momentum=99.46; 2026-09-01 ratio=98.33 momentum=98.53; 2026-09-02 ratio=98.53 momentum=96.56; 2026-09-03 ratio=98.59 momentum=97.87; 2026-09-04 ratio=98.59 momentum=99.46,44.48
stock,Petronet LNG,PETRONET.NS,LPG/CNG/PNG/LNG Supplier,"Oil, Gas & Consumable Fuels",43047.55,3.5,1137.14,35.07,5557.84,-53.22,10.23,22.55,,stage_2,5,288.1,279.21,0.09,0.01206,"{'price_above_30w_ma': True, '30w_ma_rising': True, 'price_above_10w_ma': True, 'relative_strength_positive': True, 'near_52w_high': True}",weakening,leading,101.36,98.88,-1.66,-6.87,False,False,2026-08-31 ratio=103.02 momentum=105.75; 2026-09-01 ratio=101.79 momentum=101.25; 2026-09-02 ratio=101.56 momentum=99.82; 2026-09-03 ratio=101.64 momentum=99.68; 2026-09-04 ratio=101.36 momentum=98.88,131.98
stock,Gujarat Energy,GUJENERGY.NS,LPG/CNG/PNG/LNG Supplier,"Oil, Gas & Consumable Fuels",24423.01,3.42,1007.4,69.8,9544.98,63.12,12.49,18.49,,not_stage_2,0,261.93,335.82,-5.94,0.01102,"{'price_above_30w_ma': False, '30w_ma_rising': False, 'price_above_10w_ma': False, 'relative_strength_positive': False, 'near_52w_high': False}",improving,lagging,99.51,101.63,0.46,3.1,False,True,2026-09-01 ratio=99.05 momentum=98.53; 2026-09-02 ratio=99.41 momentum=101.46; 2026-09-03 ratio=99.52 momentum=101.59; 2026-09-04 ratio=99.51 momentum=101.53; 2026-09-07 ratio=99.51 momentum=101.63,8.15
stock,Indraprastha Gas,IGL.NS,LPG/CNG/PNG/LNG Supplier,"Oil, Gas & Consumable Fuels",21548.9,2.11,237.92,-43.97,4586.73,17.19,15.83,17.52,,not_stage_2,2,158.04,158.38,-2.15,0.00661,"{'price_above_30w_ma': False, '30w_ma_rising': False, 'price_above_10w_ma': True, 'relative_strength_positive': True, 'near_52w_high': False}",leading,improving,102.0,103.6,2.4,1.51,True,False,2026-08-31 ratio=99.59 momentum=102.10; 2026-09-01 ratio=99.54 momentum=101.91; 2026-09-02 ratio=99.37 momentum=99.34; 2026-09-03 ratio=99.76 momentum=101.90; 2026-09-04 ratio=102.00 momentum=103.60,98.0
stock,Mahanagar Gas,MGL.NS,LPG/CNG/PNG/LNG Supplier,"Oil, Gas & Consumable Fuels",10902.65,2.72,193.7,-39.39,2371.71,13.95,15.12,17.14,,not_stage_2,2,1096.6,1099.5,0.3,0.04589,"{'price_above_30w_ma': False, '30w_ma_rising': True, 'price_above_10w_ma': False, 'relative_strength_positive': False, 'near_52w_high': True}",improving,lagging,99.94,100.94,1.24,3.7,False,True,2026-08-31 ratio=98.70 momentum=97.24; 2026-09-01 ratio=98.91 momentum=98.53; 2026-09-02 ratio=98.63 momentum=96.94; 2026-09-03 ratio=98.70 momentum=96.56; 2026-09-04 ratio=99.94 momentum=100.94,45.3
stock,Confidence Petro,CONFIPET.NS,LPG/CNG/PNG/LNG Supplier,"Oil, Gas & Consumable Fuels",2741.33,0.12,62.55,207.04,2408.53,116.6,20.36,9.23,,stage_2,5,82.18,62.04,11.45,0.00346,"{'price_above_30w_ma': True, '30w_ma_rising': True, 'price_above_10w_ma': True, 'relative_strength_positive': True, 'near_52w_high': True}",leading,leading,101.72,105.31,0.32,2.3,False,False,2026-09-01 ratio=101.41 momentum=103.00; 2026-09-02 ratio=102.06 momentum=102.79; 2026-09-03 ratio=102.39 momentum=103.52; 2026-09-04 ratio=101.79 momentum=102.22; 2026-09-07 ratio=101.72 momentum=105.31,203.05
stock,IRM Energy,IRMENERGY.NS,LPG/CNG/PNG/LNG Supplier,"Oil, Gas & Consumable Fuels",1158.71,0.53,33.81,142.89,325.85,24.13,15.85,8.63,,stage_2,5,284.5,258.93,2.12,0.01196,"{'price_above_30w_ma': True, '30w_ma_rising': True, 'price_above_10w_ma': True, 'relative_strength_positive': True, 'near_52w_high': True}",leading,weakening,101.14,101.56,0.44,4.91,True,False,2026-09-01 ratio=100.70 momentum=96.65; 2026-09-02 ratio=101.03 momentum=98.52; 2026-09-03 ratio=101.08 momentum=99.89; 2026-09-04 ratio=100.84 momentum=98.94; 2026-09-07 ratio=101.14 momentum=101.56,172.74
stock,Life Insurance,LICI.NS,Life Insurance,Financial Services,519220.03,2.43,13584.25,23.98,239865.7,6.76,8.64,35.14,,not_stage_2,2,411.5,411.15,-0.2,0.01731,"{'price_above_30w_ma': True, '30w_ma_rising': False, 'price_above_10w_ma': False, 'relative_strength_positive': False, 'near_52w_high': True}",lagging,improving,99.87,99.91,0.35,-1.49,False,False,2026-09-01 ratio=99.53 momentum=101.40; 2026-09-02 ratio=99.47 momentum=99.52; 2026-09-03 ratio=100.09 momentum=101.64; 2026-09-04 ratio=99.97 momentum=100.32; 2026-09-07 ratio=99.87 momentum=99.91,40.0
stock,SBI Life Insuran,SBILIFE.NS,Life Insurance,Financial Services,169772.49,0.16,724.93,21.97,46336.78,18.82,65.27,14.95,,not_stage_2,1,1732.0,1845.27,-1.72,0.07284,"{'price_above_30w_ma': False, '30w_ma_rising': False, 'price_above_10w_ma': False, 'relative_strength_positive': False, 'near_52w_high': True}",improving,lagging,98.84,101.04,0.39,2.35,False,True,2026-09-01 ratio=98.45 momentum=98.69; 2026-09-02 ratio=98.31 momentum=97.46; 2026-09-03 ratio=98.33 momentum=98.16; 2026-09-04 ratio=99.61 momentum=101.05; 2026-09-07 ratio=98.84 momentum=101.04,25.2
stock,HDFC Life Insur.,HDFCLIFE.NS,Life Insurance,Financial Services,115582.61,0.39,611.19,11.46,33758.51,14.58,58.52,10.3,,not_stage_2,0,533.2,591.48,-3.59,0.02242,"{'price_above_30w_ma': False, '30w_ma_rising': False, 'price_above_10w_ma': False, 'relative_strength_positive': False, 'near_52w_high': False}",lagging,improving,99.37,99.09,0.03,-2.74,False,False,2026-09-01 ratio=99.34 momentum=101.83; 2026-09-02 ratio=99.12 momentum=100.96; 2026-09-03 ratio=99.22 momentum=100.87; 2026-09-04 ratio=100.06 momentum=101.56; 2026-09-07 ratio=99.37 momentum=99.09,0.0
stock,ICICI Pru Life,ICICIPRULI.NS,Life Insurance,Financial Services,67895.11,0.35,623.91,61.94,3185.46,-79.69,42.23,10.14,,not_stage_2,0,494.55,532.47,-3.5,0.02069,"{'price_above_30w_ma': False, '30w_ma_rising': False, 'price_above_10w_ma': False, 'relative_strength_positive': False, 'near_52w_high': False}",lagging,leading,99.72,97.79,-1.95,-4.44,False,False,2026-08-31 ratio=101.67 momentum=102.23; 2026-09-01 ratio=99.49 momentum=99.46; 2026-09-02 ratio=100.22 momentum=100.23; 2026-09-03 ratio=99.84 momentum=99.77; 2026-09-04 ratio=99.72 momentum=97.79,0.0
stock,Max Financial,MFSL.NS,Life Insurance,Financial Services,51532.5,0.0,118.29,36.38,14969.51,16.75,474.93,2.87,,not_stage_2,2,1548.4,1620.86,-0.68,0.06479,"{'price_above_30w_ma': False, '30w_ma_rising': False, 'price_above_10w_ma': False, 'relative_strength_positive': True, 'near_52w_high': True}",leading,leading,100.3,100.53,0.01,-1.84,False,False,2026-08-31 ratio=100.28 momentum=102.36; 2026-09-01 ratio=99.66 momentum=98.05; 2026-09-02 ratio=99.27 momentum=98.81; 2026-09-03 ratio=100.05 momentum=100.24; 2026-09-04 ratio=100.30 momentum=100.53,64.15
stock,Canara HSBC,CANHLIFE.NS,Life Insurance,Financial Services,14647.1,0.26,28.14,20.15,4350.86,19.81,111.53,8.35,,stage_2,5,153.97,144.84,0.7,0.00648,"{'price_above_30w_ma': True, '30w_ma_rising': True, 'price_above_10w_ma': True, 'relative_strength_positive': True, 'near_52w_high': True}",weakening,leading,101.49,99.32,0.11,-2.26,False,False,2026-09-01 ratio=101.38 momentum=101.57; 2026-09-02 ratio=101.24 momentum=99.26; 2026-09-03 ratio=101.55 momentum=100.99; 2026-09-04 ratio=102.05 momentum=100.52; 2026-09-07 ratio=101.49 momentum=99.32,133.85
stock,Container Corpn.,CONCOR.NS,Logistics Solution Provider,Services,38301.63,1.51,268.9,0.08,2159.76,0.28,30.84,12.64,,stage_2,5,503.9,487.93,0.36,0.02119,"{'price_above_30w_ma': True, '30w_ma_rising': True, 'price_above_10w_ma': True, 'relative_strength_positive': True, 'near_52w_high': True}",weakening,weakening,100.59,98.34,-0.35,-0.28,False,False,2026-09-01 ratio=100.94 momentum=98.63; 2026-09-02 ratio=100.86 momentum=98.79; 2026-09-03 ratio=100.81 momentum=98.50; 2026-09-04 ratio=100.71 momentum=98.95; 2026-09-07 ratio=100.59 momentum=98.34,128.67
stock,Delhivery,DELHIVERY.NS,Logistics Solution Provider,Services,34169.97,0.0,31.91,-64.95,2930.73,27.76,286.47,1.01,,not_stage_2,3,457.9,456.04,1.42,0.01916,"{'price_above_30w_ma': True, '30w_ma_rising': True, 'price_above_10w_ma': False, 'relative_strength_positive': False, 'near_52w_high': True}",improving,improving,99.43,101.66,0.3,1.04,False,True,2026-08-31 ratio=99.13 momentum=100.62; 2026-09-01 ratio=99.38 momentum=101.36; 2026-09-02 ratio=99.26 momentum=101.06; 2026-09-03 ratio=99.74 momentum=102.33; 2026-09-04 ratio=99.43 momentum=101.66,71.14
stock,Shadowfax Technologies,SHADOWFAX.NS,Logistics Solution Provider,Services,14650.67,0.0,66.2,624.29,1323.85,66.33,85.06,10.3,,insufficient_data,0,,,,,{},weakening,weakening,101.05,97.61,-0.5,-0.93,False,False,2026-09-01 ratio=101.55 momentum=98.54; 2026-09-02 ratio=101.35 momentum=96.95; 2026-09-03 ratio=101.68 momentum=99.18; 2026-09-04 ratio=101.57 momentum=99.58; 2026-09-07 ratio=101.05 momentum=97.61,5.25
stock,Blue Dart Expres,BLUEDART.NS,Logistics Solution Provider,Services,11845.66,0.5,88.49,81.22,1657.72,14.97,36.54,15.77,,not_stage_2,2,4991.7,5126.55,-1.18,0.20888,"{'price_above_30w_ma': False, '30w_ma_rising': False, 'price_above_10w_ma': False, 'relative_strength_positive': True, 'near_52w_high': True}",weakening,lagging,100.4,99.44,0.94,2.78,False,False,2026-08-31 ratio=99.47 momentum=96.66; 2026-09-01 ratio=101.17 momentum=100.38; 2026-09-02 ratio=100.63 momentum=99.43; 2026-09-03 ratio=100.80 momentum=100.21; 2026-09-04 ratio=100.40 momentum=99.44,42.0
stock,Shiprocket,SHIPROCKET.NS,Logistics Solution Provider,Services,9762.97,0.0,-13.71,23.96,592.09,33.81,,-2.68,,insufficient_data,0,,,,,{},insufficient_data,insufficient_data,,,,,False,False,,0.0
stock,Transport Corp.,TCI.NS,Logistics Solution Provider,Services,6686.49,1.15,106.6,-0.75,1248.5,9.58,14.64,19.45,,not_stage_2,0,868.2,947.33,-1.96,0.03633,"{'price_above_30w_ma': False, '30w_ma_rising': False, 'price_above_10w_ma': False, 'relative_strength_positive': False, 'near_52w_high': False}",lagging,lagging,98.06,98.62,0.82,1.34,False,False,2026-08-31 ratio=97.24 momentum=97.28; 2026-09-01 ratio=98.22 momentum=98.43; 2026-09-02 ratio=97.84 momentum=97.54; 2026-09-03 ratio=98.13 momentum=99.11; 2026-09-04 ratio=98.06 momentum=98.62,0.0
stock,TVS Supply,TVSSCS.NS,Logistics Solution Provider,Services,5611.51,0.0,22.48,-84.26,3335.22,28.66,79.18,10.06,,not_stage_2,3,130.41,122.29,3.17,0.00546,"{'price_above_30w_ma': True, '30w_ma_rising': True, 'price_above_10w_ma': False, 'relative_strength_positive': False, 'near_52w_high': True}",improving,improving,99.9,104.57,0.88,2.67,False,True,2026-08-31 ratio=99.02 momentum=101.90; 2026-09-01 ratio=98.72 momentum=101.24; 2026-09-02 ratio=98.80 momentum=101.53; 2026-09-03 ratio=99.77 momentum=102.52; 2026-09-04 ratio=99.90 momentum=104.57,89.19
stock,VRL Logistics,VRLLOG.NS,Logistics Solution Provider,Services,5141.41,1.7,80.53,60.93,878.84,18.07,19.23,18.27,,stage_2,5,297.7,257.62,1.71,0.01246,"{'price_above_30w_ma': True, '30w_ma_rising': True, 'price_above_10w_ma': True, 'relative_strength_positive': True, 'near_52w_high': True}",weakening,weakening,101.28,99.22,-0.38,0.78,False,False,2026-08-31 ratio=101.66 momentum=98.44; 2026-09-01 ratio=101.47 momentum=97.15; 2026-09-02 ratio=101.47 momentum=97.32; 2026-09-03 ratio=101.36 momentum=96.97; 2026-09-04 ratio=101.28 momentum=99.22,134.82
stock,Mahindra Logis.,MAHLOG.NS,Logistics Solution Provider,Services,4065.0,0.61,27.83,335.09,2002.88,23.29,103.16,7.36,,stage_2,5,405.35,385.01,2.59,0.01696,"{'price_above_30w_ma': True, '30w_ma_rising': True, 'price_above_10w_ma': True, 'relative_strength_positive': True, 'near_52w_high': True}",leading,lagging,101.14,101.3,1.42,3.78,True,False,2026-08-31 ratio=99.73 momentum=97.52; 2026-09-01 ratio=99.34 momentum=96.95; 2026-09-02 ratio=100.00 momentum=97.79; 2026-09-03 ratio=100.73 momentum=99.83; 2026-09-04 ratio=101.14 momentum=101.30,172.38
stock,Gateway Distri,GATEWAY.NS,Logistics Solution Provider,Services,2693.58,3.71,51.26,-20.79,549.3,-0.21,10.99,10.83,,not_stage_2,1,54.69,56.88,-0.9,0.00229,"{'price_above_30w_ma': False, '30w_ma_rising': False, 'price_above_10w_ma': False, 'relative_strength_positive': False, 'near_52w_high': True}",improving,improving,99.39,103.2,0.67,1.25,False,True,2026-08-31 ratio=98.71 momentum=101.95; 2026-09-01 ratio=98.42 momentum=101.03; 2026-09-02 ratio=98.68 momentum=101.40; 2026-09-03 ratio=99.30 momentum=102.02; 2026-09-04 ratio=99.39 momentum=103.20,36.0
stock,Castrol India,CASTROLIND.NS,Lubricants,"Oil, Gas & Consumable Fuels",18755.79,4.62,347.7,42.5,1871.47,25.03,17.39,60.27,,stage_2,5,189.01,184.67,0.25,0.00795,"{'price_above_30w_ma': True, '30w_ma_rising': True, 'price_above_10w_ma': True, 'relative_strength_positive': True, 'near_52w_high': True}",leading,leading,102.57,102.03,2.02,1.86,False,False,2026-09-01 ratio=100.55 momentum=100.17; 2026-09-02 ratio=101.14 momentum=99.05; 2026-09-03 ratio=101.47 momentum=100.82; 2026-09-04 ratio=102.95 momentum=102.44; 2026-09-07 ratio=102.57 momentum=102.03,168.5
stock,Gulf Oil Lubric.,GULFOILLUB.NS,Lubricants,"Oil, Gas & Consumable Fuels",5242.99,4.82,127.52,31.93,1320.36,32.52,13.2,27.23,,not_stage_2,3,1052.8,1015.53,0.07,0.04427,"{'price_above_30w_ma': True, '30w_ma_rising': True, 'price_above_10w_ma': False, 'relative_strength_positive': False, 'near_52w_high': True}",lagging,weakening,99.57,96.69,-1.2,0.39,False,False,2026-09-01 ratio=100.77 momentum=96.30; 2026-09-02 ratio=100.72 momentum=97.19; 2026-09-03 ratio=100.52 momentum=97.45; 2026-09-04 ratio=99.73 momentum=97.22; 2026-09-07 ratio=99.57 momentum=96.69,60.14
stock,Savita Oil Tech,SOTL.NS,Lubricants,"Oil, Gas & Consumable Fuels",4682.97,0.73,292.25,395.59,1479.77,49.6,10.96,13.96,,stage_2,5,705.75,501.06,10.36,0.02968,"{'price_above_30w_ma': True, '30w_ma_rising': True, 'price_above_10w_ma': True, 'relative_strength_positive': True, 'near_52w_high': True}",leading,leading,101.06,100.04,-1.12,-0.7,False,False,2026-09-01 ratio=102.18 momentum=100.75; 2026-09-02 ratio=101.85 momentum=100.77; 2026-09-03 ratio=101.57 momentum=100.81; 2026-09-04 ratio=101.54 momentum=101.32; 2026-09-07 ratio=101.06 momentum=100.04,171.22
stock,Panama Petrochem,PANAMAPET.NS,Lubricants,"Oil, Gas & Consumable Fuels",2926.09,0.62,308.91,624.8,1735.15,150.3,6.11,19.15,,stage_2,5,481.35,366.64,7.36,0.02024,"{'price_above_30w_ma': True, '30w_ma_rising': True, 'price_above_10w_ma': True, 'relative_strength_positive': True, 'near_52w_high': True}",leading,weakening,100.82,100.08,-0.13,1.86,False,False,2026-09-01 ratio=100.95 momentum=98.22; 2026-09-02 ratio=101.10 momentum=99.89; 2026-09-03 ratio=100.94 momentum=100.02; 2026-09-04 ratio=101.22 momentum=101.13; 2026-09-07 ratio=100.82 momentum=100.08,164.22
stock,Gandhar Oil Ref.,GANDHAR.NS,Lubricants,"Oil, Gas & Consumable Fuels",2585.0,0.76,205.89,633.09,1731.93,91.81,8.58,13.33,,stage_2,5,264.85,180.65,8.6,0.01114,"{'price_above_30w_ma': True, '30w_ma_rising': True, 'price_above_10w_ma': True, 'relative_strength_positive': True, 'near_52w_high': True}",leading,weakening,101.31,100.19,0.02,2.79,True,False,2026-09-01 ratio=101.29 momentum=97.40; 2026-09-02 ratio=101.43 momentum=101.85; 2026-09-03 ratio=101.44 momentum=101.42; 2026-09-04 ratio=101.40 momentum=102.43; 2026-09-07 ratio=101.31 momentum=100.19,179.7
stock,Veedol Corporat,VEEDOL.NS,Lubricants,"Oil, Gas & Consumable Fuels",2536.15,3.99,77.92,56.88,608.57,18.49,11.53,24.09,,stage_2,4,1476.8,1423.39,0.35,0.0618,"{'price_above_30w_ma': True, '30w_ma_rising': True, 'price_above_10w_ma': True, 'relative_strength_positive': True, 'near_52w_high': False}",weakening,weakening,100.92,99.39,0.35,1.54,False,False,2026-08-31 ratio=100.58 momentum=97.85; 2026-09-01 ratio=101.02 momentum=98.81; 2026-09-02 ratio=100.83 momentum=97.21; 2026-09-03 ratio=100.63 momentum=97.73; 2026-09-04 ratio=100.92 momentum=99.39,110.3
stock,GP Petroleums,GULFPETRO.NS,Lubricants,"Oil, Gas & Consumable Fuels",323.76,0.77,21.19,229.04,230.33,45.6,7.44,10.84,,stage_2,5,65.91,40.05,12.32,0.00276,"{'price_above_30w_ma': True, '30w_ma_rising': True, 'price_above_10w_ma': True, 'relative_strength_positive': True, 'near_52w_high': True}",weakening,weakening,101.23,96.98,-0.36,-0.91,False,False,2026-08-31 ratio=101.58 momentum=97.90; 2026-09-01 ratio=101.51 momentum=97.74; 2026-09-02 ratio=101.48 momentum=97.50; 2026-09-03 ratio=101.36 momentum=96.70; 2026-09-04 ratio=101.23 momentum=96.98,155.79
stock,Arabian Petrol.,ARABIAN.NS,Lubricants,"Oil, Gas & Consumable Fuels",93.94,0.0,5.21,3.37,200.25,36.98,8.34,18.41,,stage_2,5,86.25,72.6,3.05,0.00361,"{'price_above_30w_ma': True, '30w_ma_rising': True, 'price_above_10w_ma': True, 'relative_strength_positive': True, 'near_52w_high': True}",leading,weakening,101.24,100.6,-0.36,1.81,False,False,2026-08-31 ratio=101.61 momentum=98.79; 2026-09-01 ratio=101.54 momentum=98.85; 2026-09-02 ratio=101.33 momentum=98.06; 2026-09-03 ratio=101.30 momentum=99.01; 2026-09-04 ratio=101.24 momentum=100.60,160.3
stock,Sundrex Oil,SOCL.NS,Lubricants,"Oil, Gas & Consumable Fuels",39.1,0.0,2.9,-16.18,67.25,96.29,7.35,21.24,,insufficient_data,0,,,,,{},insufficient_data,insufficient_data,,,,,False,False,,0.0
stock,Venky's (India),VENKEYS.NS,Meat Products including Poultry,Fast Moving Consumer Goods,2411.77,0.59,49.99,215.79,1118.38,29.17,13.91,11.89,,stage_2,5,1659.6,1453.59,0.3,0.06945,"{'price_above_30w_ma': True, '30w_ma_rising': True, 'price_above_10w_ma': True, 'relative_strength_positive': True, 'near_52w_high': True}",leading,leading,102.21,102.92,-1.42,0.04,False,False,2026-08-31 ratio=103.64 momentum=102.88; 2026-09-01 ratio=102.50 momentum=101.82; 2026-09-02 ratio=102.58 momentum=102.20; 2026-09-03 ratio=102.65 momentum=102.53; 2026-09-04 ratio=102.21 momentum=102.92,171.25
stock,SKM Egg Prod.,SKMEGGPROD.NS,Meat Products including Poultry,Fast Moving Consumer Goods,1332.25,0.49,23.82,46.5,184.26,4.87,11.97,30.0,,not_stage_2,3,246.85,220.07,4.2,0.01038,"{'price_above_30w_ma': True, '30w_ma_rising': True, 'price_above_10w_ma': False, 'relative_strength_positive': False, 'near_52w_high': True}",lagging,improving,99.14,98.53,-0.32,-1.51,False,False,2026-09-01 ratio=99.45 momentum=100.05; 2026-09-02 ratio=99.47 momentum=101.23; 2026-09-03 ratio=99.51 momentum=101.50; 2026-09-04 ratio=99.36 momentum=99.52; 2026-09-07 ratio=99.14 momentum=98.53,68.4
stock,HMA Agro Inds.,HMAAGRO.NS,Meat Products including Poultry,Fast Moving Consumer Goods,999.14,1.5,50.51,6158.02,2110.32,87.98,4.65,15.99,,not_stage_2,0,20.84,23.43,-2.51,0.00087,"{'price_above_30w_ma': False, '30w_ma_rising': False, 'price_above_10w_ma': False, 'relative_strength_positive': False, 'near_52w_high': False}",lagging,lagging,99.22,95.97,0.16,-0.75,False,False,2026-08-31 ratio=99.07 momentum=96.72; 2026-09-01 ratio=99.05 momentum=98.04; 2026-09-02 ratio=99.22 momentum=97.95; 2026-09-03 ratio=99.36 momentum=98.30; 2026-09-04 ratio=99.22 momentum=95.97,0.0
stock,Prime Focus,PFOCUS.NS,Media & Entertainment,"Media, Entertainment & Publication",24328.78,0.0,-45.78,-90.56,1266.81,23.81,136.28,11.5,,stage_2,5,307.0,276.67,2.81,0.01285,"{'price_above_30w_ma': True, '30w_ma_rising': True, 'price_above_10w_ma': True, 'relative_strength_positive': True, 'near_52w_high': True}",leading,leading,101.43,100.68,0.79,-1.02,False,False,2026-08-31 ratio=100.64 momentum=101.70; 2026-09-01 ratio=100.59 momentum=98.83; 2026-09-02 ratio=100.39 momentum=99.13; 2026-09-03 ratio=100.82 momentum=100.33; 2026-09-04 ratio=101.43 momentum=100.68,161.17
stock,Saregama India,SAREGAMA.NS,Media & Entertainment,"Media, Entertainment & Publication",9596.2,0.91,51.88,40.64,263.6,27.48,42.05,17.29,,not_stage_2,3,492.75,418.06,5.65,0.02062,"{'price_above_30w_ma': True, '30w_ma_rising': True, 'price_above_10w_ma': False, 'relative_strength_positive': False, 'near_52w_high': True}",lagging,lagging,99.75,98.75,0.79,2.27,False,False,2026-08-31 ratio=98.96 momentum=96.48; 2026-09-01 ratio=99.68 momentum=98.05; 2026-09-02 ratio=98.96 momentum=97.27; 2026-09-03 ratio=99.84 momentum=97.73; 2026-09-04 ratio=99.75 momentum=98.75,71.3
stock,Tips Music,TIPSMUSIC.NS,Media & Entertainment,"Media, Entertainment & Publication",8252.19,2.02,43.7,-4.67,106.51,20.94,38.45,118.47,,not_stage_2,3,649.75,620.47,2.56,0.02719,"{'price_above_30w_ma': True, '30w_ma_rising': True, 'price_above_10w_ma': False, 'relative_strength_positive': False, 'near_52w_high': True}",improving,lagging,99.58,101.1,0.44,1.95,False,True,2026-08-31 ratio=99.14 momentum=99.15; 2026-09-01 ratio=99.16 momentum=98.54; 2026-09-02 ratio=98.84 momentum=97.55; 2026-09-03 ratio=99.72 momentum=101.62; 2026-09-04 ratio=99.58 momentum=101.10,70.62
stock,Netwrk.18 Media,NETWORK18.NS,Media & Entertainment,"Media, Entertainment & Publication",4206.62,0.0,-38.36,-2074.55,516.26,10.34,,3.01,,not_stage_2,0,27.64,31.59,-3.54,0.00116,"{'price_above_30w_ma': False, '30w_ma_rising': False, 'price_above_10w_ma': False, 'relative_strength_positive': False, 'near_52w_high': False}",lagging,improving,98.87,98.22,0.09,-1.81,False,False,2026-09-01 ratio=98.78 momentum=100.02; 2026-09-02 ratio=98.41 momentum=99.59; 2026-09-03 ratio=98.67 momentum=97.88; 2026-09-04 ratio=99.24 momentum=99.56; 2026-09-07 ratio=98.87 momentum=98.22,0.0
stock,Balaji Telefilms,BALAJITELE.NS,Media & Entertainment,"Media, Entertainment & Publication",1134.48,0.0,22.39,489.25,240.29,229.93,,-9.54,,not_stage_2,3,91.81,93.09,0.84,0.00386,"{'price_above_30w_ma': False, '30w_ma_rising': True, 'price_above_10w_ma': True, 'relative_strength_positive': True, 'near_52w_high': False}",weakening,weakening,100.92,96.88,0.03,-1.94,False,False,2026-09-01 ratio=100.89 momentum=98.82; 2026-09-02 ratio=100.71 momentum=99.19; 2026-09-03 ratio=100.78 momentum=99.68; 2026-09-04 ratio=101.19 momentum=96.47; 2026-09-07 ratio=100.92 momentum=96.88,66.28
stock,Basilic Fly Stud,BASILIC.NS,Media & Entertainment,"Media, Entertainment & Publication",468.79,0.0,6.7,-9.37,103.5,9.87,9.74,22.32,,not_stage_2,0,188.65,212.73,-4.34,0.00789,"{'price_above_30w_ma': False, '30w_ma_rising': False, 'price_above_10w_ma': False, 'relative_strength_positive': False, 'near_52w_high': False}",improving,leading,99.26,100.72,-1.08,-5.72,False,False,2026-08-31 ratio=100.34 momentum=106.44; 2026-09-01 ratio=99.87 momentum=102.98; 2026-09-02 ratio=99.66 momentum=101.52; 2026-09-03 ratio=100.00 momentum=101.72; 2026-09-04 ratio=99.26 momentum=100.72,3.6
stock,Ent.Network,ENIL.NS,Media & Entertainment,"Media, Entertainment & Publication",468.64,2.0,-6.01,-11.5,113.69,-2.79,350.73,-0.75,,not_stage_2,0,102.65,108.21,-1.45,0.0043,"{'price_above_30w_ma': False, '30w_ma_rising': False, 'price_above_10w_ma': False, 'relative_strength_positive': False, 'near_52w_high': False}",improving,improving,99.7,101.51,0.67,0.56,False,True,2026-08-31 ratio=99.03 momentum=100.95; 2026-09-01 ratio=98.77 momentum=100.46; 2026-09-02 ratio=98.79 momentum=100.15; 2026-09-03 ratio=98.67 momentum=100.22; 2026-09-04 ratio=99.70 momentum=101.51,7.55
stock,Shemaroo Entert.,SHEMAROO.NS,Media & Entertainment,"Media, Entertainment & Publication",359.27,0.0,-8.07,82.43,131.68,-5.62,,-39.34,,stage_2,5,126.61,110.51,3.55,0.0053,"{'price_above_30w_ma': True, '30w_ma_rising': True, 'price_above_10w_ma': True, 'relative_strength_positive': True, 'near_52w_high': True}",leading,weakening,100.72,101.19,0.6,2.53,True,False,2026-08-31 ratio=100.12 momentum=98.65; 2026-09-01 ratio=100.42 momentum=99.75; 2026-09-02 ratio=100.73 momentum=97.77; 2026-09-03 ratio=100.57 momentum=94.64; 2026-09-04 ratio=100.72 momentum=101.19,171.65
stock,Optimystix Entertainment,OPTIMYSTIX.NS,Media & Entertainment,"Media, Entertainment & Publication",350.19,0.0,,,,,14.62,27.26,,insufficient_data,0,,,,,{},insufficient_data,insufficient_data,,,,,False,False,,0.0
stock,Gretex Industrie,GRETEX.NS,Media & Entertainment,"Media, Entertainment & Publication",349.12,0.0,0.1,-92.09,27.6,43.97,249.37,3.01,,not_stage_2,2,237.0,274.75,4.0,0.00992,"{'price_above_30w_ma': False, '30w_ma_rising': True, 'price_above_10w_ma': False, 'relative_strength_positive': False, 'near_52w_high': True}",lagging,lagging,96.61,97.06,-1.96,0.1,False,False,2026-08-31 ratio=98.58 momentum=96.96; 2026-09-01 ratio=97.64 momentum=96.85; 2026-09-02 ratio=97.82 momentum=97.26; 2026-09-03 ratio=97.04 momentum=97.12; 2026-09-04 ratio=96.61 momentum=97.06,48.0
stock,Poly Medicure,POLYMED.NS,Medical Equipment & Supplies,Healthcare,17539.13,0.2,85.28,-7.57,525.38,30.3,54.8,12.5,,stage_2,4,1701.1,1526.09,2.39,0.07154,"{'price_above_30w_ma': True, '30w_ma_rising': True, 'price_above_10w_ma': False, 'relative_strength_positive': True, 'near_52w_high': True}",weakening,weakening,100.31,99.28,-0.9,0.11,False,False,2026-09-01 ratio=101.20 momentum=99.17; 2026-09-02 ratio=101.87 momentum=100.99; 2026-09-03 ratio=101.55 momentum=100.63; 2026-09-04 ratio=100.19 momentum=99.52; 2026-09-07 ratio=100.31 momentum=99.28,111.33
stock,Molbio Diagnosti,MOLBIO.NS,Medical Equipment & Supplies,Healthcare,12867.79,0.0,52.75,347.79,408.38,309.57,51.54,18.48,,insufficient_data,0,,,,,{},insufficient_data,insufficient_data,,,,,False,False,,0.0
stock,Fischer Medical,FISCHER.NS,Medical Equipment & Supplies,Healthcare,2491.5,0.14,3.79,-22.02,81.92,249.49,101.78,11.38,,not_stage_2,0,35.72,37.5,-1.26,0.0015,"{'price_above_30w_ma': False, '30w_ma_rising': False, 'price_above_10w_ma': False, 'relative_strength_positive': False, 'near_52w_high': False}",lagging,lagging,98.82,99.71,-0.48,0.78,False,False,2026-09-01 ratio=99.30 momentum=98.93; 2026-09-02 ratio=100.11 momentum=99.12; 2026-09-03 ratio=99.62 momentum=98.49; 2026-09-04 ratio=98.87 momentum=98.00; 2026-09-07 ratio=98.82 momentum=99.71,0.0
stock,Tarsons Products,TARSONS.NS,Medical Equipment & Supplies,Healthcare,1729.21,0.0,-1.44,-180.9,110.24,20.67,146.05,4.56,,stage_2,5,335.55,244.0,8.09,0.01404,"{'price_above_30w_ma': True, '30w_ma_rising': True, 'price_above_10w_ma': True, 'relative_strength_positive': True, 'near_52w_high': True}",weakening,weakening,101.02,98.07,0.07,2.68,False,False,2026-08-31 ratio=100.95 momentum=95.39; 2026-09-01 ratio=101.37 momentum=100.07; 2026-09-02 ratio=101.44 momentum=99.66; 2026-09-03 ratio=101.10 momentum=99.28; 2026-09-04 ratio=101.02 momentum=98.07,146.28
stock,Q-Line Biotech,QLINE.NS,Medical Equipment & Supplies,Healthcare,1455.8,0.0,34.41,147.29,197.94,-8.59,25.78,22.46,,insufficient_data,0,,,,,{},insufficient_data,insufficient_data,,,,,False,False,,0.0
stock,Laxmi Dental,LAXMIDENTL.NS,Medical Equipment & Supplies,Healthcare,1095.52,0.0,10.32,22.77,74.7,13.87,31.5,14.86,,not_stage_2,1,197.73,205.01,0.05,0.00832,"{'price_above_30w_ma': False, '30w_ma_rising': True, 'price_above_10w_ma': False, 'relative_strength_positive': False, 'near_52w_high': False}",improving,improving,99.1,102.94,0.79,0.82,False,True,2026-09-01 ratio=98.31 momentum=102.12; 2026-09-02 ratio=98.61 momentum=103.25; 2026-09-03 ratio=99.09 momentum=103.10; 2026-09-04 ratio=99.11 momentum=102.55; 2026-09-07 ratio=99.10 momentum=102.94,34.8
stock,Vasa Denticity,DENTALKART.NS,Medical Equipment & Supplies,Healthcare,701.37,0.0,4.19,45.99,82.17,36.9,57.96,9.21,,not_stage_2,3,412.0,408.39,-5.8,0.01724,"{'price_above_30w_ma': True, '30w_ma_rising': False, 'price_above_10w_ma': True, 'relative_strength_positive': True, 'near_52w_high': False}",leading,weakening,100.94,102.3,0.54,2.94,True,False,2026-08-31 ratio=100.40 momentum=99.35; 2026-09-01 ratio=100.11 momentum=99.60; 2026-09-02 ratio=100.28 momentum=100.08; 2026-09-03 ratio=100.34 momentum=100.12; 2026-09-04 ratio=100.94 momentum=102.30,106.2
stock,OSEL Devices,OSELDEVICE.NS,Medical Equipment & Supplies,Healthcare,658.23,0.0,14.06,16.78,145.81,47.1,22.5,24.4,,insufficient_data,0,,,,,{},insufficient_data,insufficient_data,,,,,False,False,,0.0
stock,QMS Medical,QMSMEDI.NS,Medical Equipment & Supplies,Healthcare,300.06,0.32,3.96,24.57,56.87,22.3,27.91,13.23,,stage_2,5,158.97,99.19,8.86,0.00665,"{'price_above_30w_ma': True, '30w_ma_rising': True, 'price_above_10w_ma': True, 'relative_strength_positive': True, 'near_52w_high': True}",weakening,weakening,101.97,95.16,-0.47,-0.91,False,False,2026-08-31 ratio=102.44 momentum=96.07; 2026-09-01 ratio=102.47 momentum=98.44; 2026-09-02 ratio=102.20 momentum=98.55; 2026-09-03 ratio=102.10 momentum=97.31; 2026-09-04 ratio=101.97 momentum=95.16,152.57
stock,Nureca,NURECA.NS,Medical Equipment & Supplies,Healthcare,299.96,0.0,3.07,279.01,40.34,18.02,69.12,3.3,,stage_2,5,322.7,275.06,1.95,0.0135,"{'price_above_30w_ma': True, '30w_ma_rising': True, 'price_above_10w_ma': True, 'relative_strength_positive': True, 'near_52w_high': True}",leading,weakening,100.7,100.47,-0.33,1.93,False,False,2026-08-31 ratio=101.03 momentum=98.54; 2026-09-01 ratio=101.17 momentum=99.82; 2026-09-02 ratio=101.12 momentum=100.66; 2026-09-03 ratio=100.99 momentum=100.33; 2026-09-04 ratio=100.70 momentum=100.47,154.75
stock,CreditAcc. Gram.,CREDITACC.NS,Microfinance Institutions,Financial Services,22762.99,0.0,493.39,719.72,1783.49,21.92,18.8,9.98,,not_stage_2,3,1443.1,1353.87,1.43,0.06039,"{'price_above_30w_ma': True, '30w_ma_rising': True, 'price_above_10w_ma': False, 'relative_strength_positive': False, 'near_52w_high': True}",lagging,lagging,99.13,98.82,1.66,1.63,False,False,2026-08-31 ratio=97.48 momentum=97.18; 2026-09-01 ratio=98.07 momentum=97.65; 2026-09-02 ratio=98.36 momentum=97.62; 2026-09-03 ratio=99.05 momentum=97.74; 2026-09-04 ratio=99.13 momentum=98.82,62.86
stock,Muthoot Microfin,MUTHOOTMF.NS,Microfinance Institutions,Financial Services,3432.79,0.0,81.34,1216.18,668.64,19.69,13.99,9.31,,not_stage_2,3,197.93,193.33,1.65,0.00832,"{'price_above_30w_ma': True, '30w_ma_rising': True, 'price_above_10w_ma': False, 'relative_strength_positive': False, 'near_52w_high': True}",lagging,lagging,98.76,97.86,0.27,1.14,False,False,2026-09-01 ratio=98.49 momentum=96.71; 2026-09-02 ratio=98.95 momentum=98.66; 2026-09-03 ratio=99.20 momentum=98.94; 2026-09-04 ratio=99.10 momentum=99.23; 2026-09-07 ratio=98.76 momentum=97.86,63.3
stock,Fusion Finance,FUSION.NS,Microfinance Institutions,Financial Services,3271.11,0.0,62.41,167.65,458.17,3.59,19.41,5.92,,not_stage_2,3,203.19,188.6,1.4,0.0085,"{'price_above_30w_ma': True, '30w_ma_rising': True, 'price_above_10w_ma': False, 'relative_strength_positive': False, 'near_52w_high': True}",improving,lagging,99.66,100.17,0.17,0.26,False,True,2026-08-31 ratio=99.49 momentum=99.92; 2026-09-01 ratio=99.07 momentum=99.29; 2026-09-02 ratio=99.01 momentum=98.76; 2026-09-03 ratio=99.44 momentum=98.37; 2026-09-04 ratio=99.66 momentum=100.17,63.65
stock,Satin Creditcare,SATIN.NS,Microfinance Institutions,Financial Services,2399.21,0.0,122.65,172.0,762.14,8.39,5.86,13.84,,not_stage_2,3,220.75,202.3,4.69,0.00924,"{'price_above_30w_ma': True, '30w_ma_rising': True, 'price_above_10w_ma': False, 'relative_strength_positive': False, 'near_52w_high': True}",improving,improving,99.0,101.72,0.03,1.0,False,True,2026-08-31 ratio=98.97 momentum=100.72; 2026-09-01 ratio=98.61 momentum=97.56; 2026-09-02 ratio=98.80 momentum=99.80; 2026-09-03 ratio=98.91 momentum=100.07; 2026-09-04 ratio=99.00 momentum=101.72,77.98
stock,Spandana Sphoort,SPANDANA.NS,Microfinance Institutions,Financial Services,1711.84,0.0,11.88,103.3,283.91,-5.51,,-5.78,,not_stage_2,1,239.81,247.61,-0.09,0.01003,"{'price_above_30w_ma': False, '30w_ma_rising': False, 'price_above_10w_ma': False, 'relative_strength_positive': False, 'near_52w_high': True}",improving,lagging,99.04,102.59,0.17,4.03,False,True,2026-08-31 ratio=98.87 momentum=98.56; 2026-09-01 ratio=98.73 momentum=99.74; 2026-09-02 ratio=98.80 momentum=100.44; 2026-09-03 ratio=98.88 momentum=100.02; 2026-09-04 ratio=99.04 momentum=102.59,32.95
stock,Bajaj Finance,BAJFINANCE.NS,Non Banking Financial Company (NBFC),Financial Services,656154.04,0.51,6080.6,27.37,23165.45,18.65,32.04,10.87,,stage_2,4,1060.0,972.9,1.5,0.04458,"{'price_above_30w_ma': True, '30w_ma_rising': True, 'price_above_10w_ma': False, 'relative_strength_positive': True, 'near_52w_high': True}",weakening,weakening,100.42,99.2,0.37,2.63,False,False,2026-09-01 ratio=100.04 momentum=96.57; 2026-09-02 ratio=100.22 momentum=97.90; 2026-09-03 ratio=100.05 momentum=97.05; 2026-09-04 ratio=100.31 momentum=97.63; 2026-09-07 ratio=100.42 momentum=99.20,110.1
stock,Shriram Finance,SHRIRAMFIN.NS,Non Banking Financial Company (NBFC),Financial Services,242122.0,1.05,3452.77,59.89,13400.43,16.16,21.39,11.49,,not_stage_2,3,1037.0,1012.3,0.67,0.04361,"{'price_above_30w_ma': True, '30w_ma_rising': True, 'price_above_10w_ma': False, 'relative_strength_positive': False, 'near_52w_high': True}",lagging,lagging,99.49,97.59,-0.36,0.28,False,False,2026-09-01 ratio=99.85 momentum=97.31; 2026-09-02 ratio=99.65 momentum=97.62; 2026-09-03 ratio=99.60 momentum=97.37; 2026-09-04 ratio=99.46 momentum=97.23; 2026-09-07 ratio=99.49 momentum=97.59,61.34
stock,Cholaman.Inv.&Fn,CHOLAFIN.NS,Non Banking Financial Company (NBFC),Financial Services,157107.49,0.11,1656.22,45.56,8856.29,21.87,27.32,9.71,,stage_2,5,1839.0,1663.95,1.51,0.07695,"{'price_above_30w_ma': True, '30w_ma_rising': True, 'price_above_10w_ma': True, 'relative_strength_positive': True, 'near_52w_high': True}",weakening,weakening,100.69,99.49,-0.18,0.75,False,False,2026-08-31 ratio=100.87 momentum=98.73; 2026-09-01 ratio=99.97 momentum=96.96; 2026-09-02 ratio=100.42 momentum=97.99; 2026-09-03 ratio=100.99 momentum=99.39; 2026-09-04 ratio=100.69 momentum=99.49,131.47
stock,Tata Capital,TATACAP.NS,Non Banking Financial Company (NBFC),Financial Services,156634.63,0.15,1628.18,56.32,8821.93,15.1,28.82,8.58,,stage_2,5,369.95,339.64,0.91,0.01556,"{'price_above_30w_ma': True, '30w_ma_rising': True, 'price_above_10w_ma': True, 'relative_strength_positive': True, 'near_52w_high': True}",leading,leading,101.74,101.71,0.51,1.03,False,False,2026-09-01 ratio=101.23 momentum=100.68; 2026-09-02 ratio=101.07 momentum=99.80; 2026-09-03 ratio=101.94 momentum=101.62; 2026-09-04 ratio=102.16 momentum=102.22; 2026-09-07 ratio=101.74 momentum=101.71,164.07
stock,Muthoot Finance,MUTHOOTFIN.NS,Non Banking Financial Company (NBFC),Financial Services,116212.06,1.03,2824.84,38.83,8671.6,34.44,10.22,15.8,,not_stage_2,0,2880.0,3198.65,-3.05,0.12111,"{'price_above_30w_ma': False, '30w_ma_rising': False, 'price_above_10w_ma': False, 'relative_strength_positive': False, 'near_52w_high': False}",lagging,improving,99.41,97.28,0.16,-3.04,False,False,2026-09-01 ratio=99.24 momentum=100.32; 2026-09-02 ratio=99.74 momentum=101.17; 2026-09-03 ratio=99.71 momentum=100.17; 2026-09-04 ratio=99.57 momentum=99.51; 2026-09-07 ratio=99.41 momentum=97.28,0.0
stock,L&T Finance Ltd,LTF.NS,Non Banking Financial Company (NBFC),Financial Services,77693.5,0.89,915.99,28.72,5212.92,22.38,24.26,8.4,,stage_2,5,312.5,290.51,1.32,0.01314,"{'price_above_30w_ma': True, '30w_ma_rising': True, 'price_above_10w_ma': True, 'relative_strength_positive': True, 'near_52w_high': True}",weakening,lagging,100.45,99.84,0.76,3.73,False,False,2026-09-01 ratio=99.68 momentum=96.11; 2026-09-02 ratio=100.35 momentum=99.22; 2026-09-03 ratio=100.96 momentum=101.13; 2026-09-04 ratio=100.47 momentum=99.65; 2026-09-07 ratio=100.45 momentum=99.84,129.89
stock,SBI Cards,SBICARD.NS,Non Banking Financial Company (NBFC),Financial Services,64001.4,0.37,664.44,19.51,5040.55,3.36,28.13,10.1,,not_stage_2,2,658.25,658.79,-2.65,0.02754,"{'price_above_30w_ma': False, '30w_ma_rising': False, 'price_above_10w_ma': True, 'relative_strength_positive': True, 'near_52w_high': False}",leading,leading,101.48,101.21,0.76,0.93,False,False,2026-08-31 ratio=100.72 momentum=100.27; 2026-09-01 ratio=100.12 momentum=101.72; 2026-09-02 ratio=100.42 momentum=101.50; 2026-09-03 ratio=101.73 momentum=101.95; 2026-09-04 ratio=101.48 momentum=101.21,73.45
stock,HDB FINANC SER,HDBFS.NS,Non Banking Financial Company (NBFC),Financial Services,56741.27,0.59,785.2,38.31,4937.9,10.58,20.55,9.09,,not_stage_2,3,685.05,677.57,-0.45,0.02881,"{'price_above_30w_ma': True, '30w_ma_rising': False, 'price_above_10w_ma': False, 'relative_strength_positive': True, 'near_52w_high': True}",improving,lagging,99.8,101.92,0.67,6.91,False,True,2026-09-01 ratio=99.13 momentum=95.01; 2026-09-02 ratio=99.28 momentum=99.86; 2026-09-03 ratio=99.91 momentum=102.03; 2026-09-04 ratio=99.58 momentum=100.32; 2026-09-07 ratio=99.80 momentum=101.92,69.6
stock,Sundaram Finance,SUNDARMFIN.NS,Non Banking Financial Company (NBFC),Financial Services,52284.96,0.85,636.19,33.88,2644.13,12.57,22.96,9.44,,not_stage_2,3,4648.7,4681.69,-1.82,0.19453,"{'price_above_30w_ma': False, '30w_ma_rising': False, 'price_above_10w_ma': True, 'relative_strength_positive': True, 'near_52w_high': True}",leading,leading,101.83,102.66,1.64,2.19,False,False,2026-08-31 ratio=100.20 momentum=100.47; 2026-09-01 ratio=100.25 momentum=98.53; 2026-09-02 ratio=100.76 momentum=101.74; 2026-09-03 ratio=101.10 momentum=102.42; 2026-09-04 ratio=101.83 momentum=102.66,102.45
stock,M & M Fin. Serv.,M&MFIN.NS,Non Banking Financial Company (NBFC),Financial Services,52027.84,2.0,927.48,75.43,5717.91,14.57,15.52,8.72,,stage_2,5,372.35,335.16,0.24,0.01566,"{'price_above_30w_ma': True, '30w_ma_rising': True, 'price_above_10w_ma': True, 'relative_strength_positive': True, 'near_52w_high': True}",weakening,weakening,100.46,98.62,0.29,2.21,False,False,2026-09-01 ratio=100.17 momentum=96.41; 2026-09-02 ratio=100.36 momentum=96.44; 2026-09-03 ratio=100.60 momentum=98.60; 2026-09-04 ratio=100.47 momentum=98.24; 2026-09-07 ratio=100.46 momentum=98.62,127.78
stock,Dolphin Offshore,DOLPHIN.NS,Offshore Support Solution Drilling,"Oil, Gas & Consumable Fuels",2755.71,0.0,14.81,30.71,42.85,160.64,38.26,14.92,,stage_2,5,674.0,429.06,5.78,0.0282,"{'price_above_30w_ma': True, '30w_ma_rising': True, 'price_above_10w_ma': True, 'relative_strength_positive': True, 'near_52w_high': True}",weakening,weakening,102.08,96.87,0.57,0.52,False,False,2026-08-31 ratio=101.51 momentum=96.36; 2026-09-01 ratio=101.45 momentum=95.79; 2026-09-02 ratio=101.61 momentum=96.42; 2026-09-03 ratio=101.69 momentum=96.91; 2026-09-04 ratio=102.08 momentum=96.87,146.96
stock,Jindal Drilling,JINDRILL.NS,Offshore Support Solution Drilling,"Oil, Gas & Consumable Fuels",1964.55,0.15,47.14,-28.69,275.39,8.38,10.08,13.67,,stage_2,5,663.05,562.63,3.33,0.02775,"{'price_above_30w_ma': True, '30w_ma_rising': True, 'price_above_10w_ma': True, 'relative_strength_positive': True, 'near_52w_high': True}",leading,leading,102.2,100.86,1.3,-2.23,False,False,2026-08-31 ratio=100.90 momentum=103.09; 2026-09-01 ratio=100.73 momentum=95.80; 2026-09-02 ratio=101.72 momentum=100.10; 2026-09-03 ratio=101.91 momentum=101.52; 2026-09-04 ratio=102.20 momentum=100.86,166.96
stock,Alphageo (India),ALPHAGEO.NS,Offshore Support Solution Drilling,"Oil, Gas & Consumable Fuels",208.7,1.55,14.86,1660.49,82.13,101.1,,-7.2,,stage_2,5,323.85,221.99,6.55,0.01355,"{'price_above_30w_ma': True, '30w_ma_rising': True, 'price_above_10w_ma': True, 'relative_strength_positive': True, 'near_52w_high': True}",weakening,weakening,101.46,97.41,0.45,1.07,False,False,2026-08-31 ratio=101.01 momentum=96.33; 2026-09-01 ratio=100.88 momentum=95.62; 2026-09-02 ratio=101.13 momentum=96.00; 2026-09-03 ratio=101.37 momentum=97.49; 2026-09-04 ratio=101.46 momentum=97.41,145.4
stock,Aakash Explor.,AAKASH.NS,Offshore Support Solution Drilling,"Oil, Gas & Consumable Fuels",85.96,0.0,0.52,-3.7,27.89,16.89,24.7,7.63,,not_stage_2,3,8.75,8.78,1.12,0.00037,"{'price_above_30w_ma': False, '30w_ma_rising': True, 'price_above_10w_ma': False, 'relative_strength_positive': True, 'near_52w_high': True}",improving,lagging,99.86,102.42,0.93,2.99,False,True,2026-08-31 ratio=98.92 momentum=99.43; 2026-09-01 ratio=99.18 momentum=96.13; 2026-09-02 ratio=99.40 momentum=104.13; 2026-09-03 ratio=100.00 momentum=104.62; 2026-09-04 ratio=99.86 momentum=102.42,74.34
stock,Aban Offshore,ABAN.NS,Offshore Support Solution Drilling,"Oil, Gas & Consumable Fuels",84.58,0.0,1.8,100.73,99.12,-14.34,,,,not_stage_2,0,14.99,18.23,-3.48,0.00063,"{'price_above_30w_ma': False, '30w_ma_rising': False, 'price_above_10w_ma': False, 'relative_strength_positive': False, 'near_52w_high': False}",lagging,lagging,99.59,96.96,0.1,0.42,False,False,2026-08-31 ratio=99.49 momentum=96.54; 2026-09-01 ratio=99.32 momentum=96.42; 2026-09-02 ratio=99.53 momentum=96.73; 2026-09-03 ratio=99.49 momentum=96.78; 2026-09-04 ratio=99.59 momentum=96.96,0.0
stock,Deep Industries,DEEPINDS.NS,Oil Equipment & Services,"Oil, Gas & Consumable Fuels",5238.68,0.31,89.14,45.12,278.92,39.81,12.63,16.47,,stage_2,5,786.45,491.48,9.85,0.03291,"{'price_above_30w_ma': True, '30w_ma_rising': True, 'price_above_10w_ma': True, 'relative_strength_positive': True, 'near_52w_high': True}",leading,weakening,102.13,101.25,0.68,3.14,True,False,2026-08-31 ratio=101.45 momentum=98.10; 2026-09-01 ratio=101.14 momentum=93.61; 2026-09-02 ratio=101.42 momentum=98.20; 2026-09-03 ratio=101.86 momentum=101.58; 2026-09-04 ratio=102.13 momentum=101.25,191.6
stock,Asian Energy,ASIANENE.NS,Oil Equipment & Services,"Oil, Gas & Consumable Fuels",2693.39,0.23,12.76,115.5,271.19,135.06,41.7,16.51,,stage_2,5,517.45,343.87,8.82,0.02165,"{'price_above_30w_ma': True, '30w_ma_rising': True, 'price_above_10w_ma': True, 'relative_strength_positive': True, 'near_52w_high': True}",weakening,weakening,102.09,98.43,0.37,-0.83,False,False,2026-08-31 ratio=101.72 momentum=99.27; 2026-09-01 ratio=101.96 momentum=97.46; 2026-09-02 ratio=102.17 momentum=96.79; 2026-09-03 ratio=102.35 momentum=97.09; 2026-09-04 ratio=102.09 momentum=98.43,153.09
stock,Oil Country,OILCOUNTUB.NS,Oil Equipment & Services,"Oil, Gas & Consumable Fuels",321.08,0.0,-15.11,-71.51,17.44,-29.02,,-25.38,,stage_2,5,65.0,54.41,2.78,0.00272,"{'price_above_30w_ma': True, '30w_ma_rising': True, 'price_above_10w_ma': True, 'relative_strength_positive': True, 'near_52w_high': True}",leading,leading,102.1,101.84,-0.74,-0.81,False,False,2026-08-31 ratio=102.84 momentum=102.65; 2026-09-01 ratio=103.60 momentum=102.36; 2026-09-02 ratio=103.37 momentum=102.05; 2026-09-03 ratio=102.67 momentum=101.73; 2026-09-04 ratio=102.10 momentum=101.84,170.26
stock,Teja Engineering,TEJA.NS,Oil Equipment & Services,"Oil, Gas & Consumable Fuels",153.15,0.0,3.32,36.63,43.98,48.03,24.5,33.1,,insufficient_data,0,,,,,{},insufficient_data,insufficient_data,,,,,False,False,,0.0
stock,O N G C,ONGC.NS,Oil Exploration & Production,"Oil, Gas & Consumable Fuels",296577.33,5.61,6554.44,20.84,204987.35,25.68,6.78,14.15,,not_stage_2,1,233.7,261.62,-1.43,0.00983,"{'price_above_30w_ma': False, '30w_ma_rising': False, 'price_above_10w_ma': False, 'relative_strength_positive': False, 'near_52w_high': True}",improving,improving,99.57,100.97,0.0,0.71,False,True,2026-09-01 ratio=99.57 momentum=100.26; 2026-09-02 ratio=99.99 momentum=101.26; 2026-09-03 ratio=99.82 momentum=101.03; 2026-09-04 ratio=99.54 momentum=101.15; 2026-09-07 ratio=99.57 momentum=100.97,24.85
stock,Oil India,OIL.NS,Oil Exploration & Production,"Oil, Gas & Consumable Fuels",80922.79,2.32,4026.83,91.4,12503.32,57.7,9.69,11.51,,stage_2,5,487.0,465.46,0.25,0.02048,"{'price_above_30w_ma': True, '30w_ma_rising': True, 'price_above_10w_ma': True, 'relative_strength_positive': True, 'near_52w_high': True}",leading,weakening,101.72,100.01,-0.3,0.41,False,False,2026-09-01 ratio=102.02 momentum=99.60; 2026-09-02 ratio=102.35 momentum=100.78; 2026-09-03 ratio=101.92 momentum=99.53; 2026-09-04 ratio=101.75 momentum=100.20; 2026-09-07 ratio=101.72 momentum=100.01,154.15
stock,Vedanta Oil and Gas,VOGL.NS,Oil Exploration & Production,"Oil, Gas & Consumable Fuels",14343.22,0.0,945.0,2691.59,2507.0,8.48,66.72,,,insufficient_data,0,,,,,{},weakening,weakening,100.12,97.98,0.0,0.0,False,False,2026-09-07 ratio=100.12 momentum=97.98,0.6
stock,Antelopus Selan,ANTELOPUS.NS,Oil Exploration & Production,"Oil, Gas & Consumable Fuels",3860.76,0.0,54.32,450.71,131.04,158.82,27.54,21.22,,stage_2,5,985.3,730.11,6.58,0.04144,"{'price_above_30w_ma': True, '30w_ma_rising': True, 'price_above_10w_ma': True, 'relative_strength_positive': True, 'near_52w_high': True}",leading,lagging,102.96,101.68,3.62,10.79,True,False,2026-09-01 ratio=99.34 momentum=90.89; 2026-09-02 ratio=103.64 momentum=103.13; 2026-09-03 ratio=104.18 momentum=102.58; 2026-09-04 ratio=102.69 momentum=101.63; 2026-09-07 ratio=102.96 momentum=101.68,191.36
stock,Prabha Energy,PRABHA.NS,Oil Exploration & Production,"Oil, Gas & Consumable Fuels",3465.4,0.0,0.29,226.09,1.69,49.56,3150.36,-0.09,,stage_2,5,243.39,166.66,5.85,0.01024,"{'price_above_30w_ma': True, '30w_ma_rising': True, 'price_above_10w_ma': True, 'relative_strength_positive': True, 'near_52w_high': True}",weakening,weakening,102.57,97.12,0.49,-0.06,False,False,2026-09-01 ratio=102.08 momentum=97.18; 2026-09-02 ratio=102.13 momentum=97.12; 2026-09-03 ratio=102.17 momentum=96.27; 2026-09-04 ratio=102.33 momentum=95.61; 2026-09-07 ratio=102.57 momentum=97.12,149.55
stock,Hind.Oil Explor.,HINDOILEXP.NS,Oil Exploration & Production,"Oil, Gas & Consumable Fuels",2559.66,0.0,6.24,-47.91,114.18,45.17,101.9,3.49,,stage_2,5,188.85,155.91,2.01,0.00794,"{'price_above_30w_ma': True, '30w_ma_rising': True, 'price_above_10w_ma': True, 'relative_strength_positive': True, 'near_52w_high': True}",leading,leading,103.82,102.53,1.05,-0.42,False,False,2026-09-01 ratio=102.77 momentum=102.95; 2026-09-02 ratio=102.16 momentum=102.68; 2026-09-03 ratio=104.79 momentum=103.11; 2026-09-04 ratio=103.95 momentum=102.81; 2026-09-07 ratio=103.82 momentum=102.53,180.77
stock,Guj.Nat.Resour.,GNRL.NS,Oil Exploration & Production,"Oil, Gas & Consumable Fuels",1669.57,0.0,11.35,488.08,5.72,70.75,86.46,7.25,,insufficient_data,0,,,,,{},insufficient_data,insufficient_data,,,,,False,False,,0.0
stock,L T Foods,LTFOODS.NS,Other Agricultural Products,Fast Moving Consumer Goods,15810.45,0.66,183.45,8.87,3151.83,27.92,24.69,17.74,,stage_2,5,448.95,404.08,1.73,0.01888,"{'price_above_30w_ma': True, '30w_ma_rising': True, 'price_above_10w_ma': True, 'relative_strength_positive': True, 'near_52w_high': True}",weakening,weakening,101.81,94.73,0.3,-3.42,False,False,2026-09-01 ratio=101.51 momentum=98.15; 2026-09-02 ratio=101.75 momentum=98.47; 2026-09-03 ratio=101.69 momentum=98.90; 2026-09-04 ratio=101.67 momentum=99.57; 2026-09-07 ratio=101.81 momentum=94.73,137.51
stock,KRBL,KRBL.NS,Other Agricultural Products,Fast Moving Consumer Goods,9872.08,1.04,260.74,73.16,1495.86,-5.59,13.02,15.16,,stage_2,5,421.95,357.53,2.59,0.01766,"{'price_above_30w_ma': True, '30w_ma_rising': True, 'price_above_10w_ma': True, 'relative_strength_positive': True, 'near_52w_high': True}",weakening,weakening,101.6,99.05,-0.2,-0.74,False,False,2026-08-31 ratio=101.80 momentum=99.79; 2026-09-01 ratio=101.81 momentum=99.97; 2026-09-02 ratio=101.82 momentum=99.40; 2026-09-03 ratio=101.79 momentum=100.06; 2026-09-04 ratio=101.60 momentum=99.05,138.18
stock,Guj. Ambuja Exp,GAEL.NS,Other Agricultural Products,Fast Moving Consumer Goods,7674.95,0.18,176.77,171.87,1594.22,23.47,18.32,12.46,,stage_2,5,165.48,155.26,2.97,0.00696,"{'price_above_30w_ma': True, '30w_ma_rising': True, 'price_above_10w_ma': True, 'relative_strength_positive': True, 'near_52w_high': True}",weakening,weakening,100.33,95.76,-0.51,-2.3,False,False,2026-09-01 ratio=100.84 momentum=98.06; 2026-09-02 ratio=100.79 momentum=98.79; 2026-09-03 ratio=100.80 momentum=96.66; 2026-09-04 ratio=100.48 momentum=97.50; 2026-09-07 ratio=100.33 momentum=95.76,132.59
stock,Kaveri Seed Co.,KSCL.NS,Other Agricultural Products,Fast Moving Consumer Goods,3741.46,0.69,279.84,-14.18,742.5,-13.51,14.99,18.79,,not_stage_2,0,744.1,850.14,-1.67,0.03114,"{'price_above_30w_ma': False, '30w_ma_rising': False, 'price_above_10w_ma': False, 'relative_strength_positive': False, 'near_52w_high': False}",improving,improving,98.85,101.39,-0.14,-0.51,False,False,2026-08-31 ratio=98.99 momentum=101.89; 2026-09-01 ratio=98.97 momentum=101.27; 2026-09-02 ratio=98.68 momentum=99.64; 2026-09-03 ratio=98.85 momentum=100.36; 2026-09-04 ratio=98.85 momentum=101.39,6.95
stock,TruAlt Bioenergy,TRUALT.NS,Other Agricultural Products,Fast Moving Consumer Goods,3562.64,0.0,59.27,1108.25,626.88,106.29,22.78,10.44,,not_stage_2,2,424.1,445.91,1.38,0.01783,"{'price_above_30w_ma': False, '30w_ma_rising': True, 'price_above_10w_ma': False, 'relative_strength_positive': False, 'near_52w_high': True}",lagging,lagging,99.3,98.86,0.17,1.84,False,False,2026-09-01 ratio=99.13 momentum=97.03; 2026-09-02 ratio=99.32 momentum=95.91; 2026-09-03 ratio=99.27 momentum=94.11; 2026-09-04 ratio=99.22 momentum=97.37; 2026-09-07 ratio=99.30 momentum=98.86,42.76
stock,Sanstar,SANSTAR.NS,Other Agricultural Products,Fast Moving Consumer Goods,2197.54,0.0,9.21,2808.82,206.16,21.51,49.94,5.69,,stage_2,4,110.01,101.97,2.48,0.00463,"{'price_above_30w_ma': True, '30w_ma_rising': True, 'price_above_10w_ma': False, 'relative_strength_positive': True, 'near_52w_high': True}",leading,improving,100.1,103.48,0.97,2.23,True,False,2026-09-01 ratio=99.13 momentum=101.25; 2026-09-02 ratio=99.77 momentum=102.68; 2026-09-03 ratio=99.44 momentum=102.91; 2026-09-04 ratio=100.22 momentum=104.21; 2026-09-07 ratio=100.10 momentum=103.48,157.86
stock,A C J K Exports,AEROPLANE.NS,Other Agricultural Products,Fast Moving Consumer Goods,2065.24,0.0,36.63,127.52,663.73,55.1,16.68,15.7,,insufficient_data,0,,,,,{},leading,lagging,101.63,102.55,1.67,5.54,True,False,2026-09-01 ratio=99.96 momentum=97.01; 2026-09-02 ratio=100.26 momentum=98.71; 2026-09-03 ratio=100.79 momentum=101.01; 2026-09-04 ratio=101.21 momentum=102.49; 2026-09-07 ratio=101.63 momentum=102.55,50.9
stock,GRM Overseas,GRMOVER.NS,Other Agricultural Products,Fast Moving Consumer Goods,1828.89,0.0,21.04,10.21,426.51,30.52,23.92,13.99,,not_stage_2,0,87.53,130.57,-7.35,0.00366,"{'price_above_30w_ma': False, '30w_ma_rising': False, 'price_above_10w_ma': False, 'relative_strength_positive': False, 'near_52w_high': False}",improving,lagging,99.35,103.26,0.68,4.38,False,True,2026-08-31 ratio=98.67 momentum=98.89; 2026-09-01 ratio=98.42 momentum=99.68; 2026-09-02 ratio=98.84 momentum=99.54; 2026-09-03 ratio=98.86 momentum=102.03; 2026-09-04 ratio=99.35 momentum=103.26,16.3
stock,Chamanlal Setia,CLSEL.NS,Other Agricultural Products,Fast Moving Consumer Goods,1520.37,0.98,31.99,47.83,345.92,12.58,12.15,18.32,,stage_2,5,301.9,274.89,1.96,0.01263,"{'price_above_30w_ma': True, '30w_ma_rising': True, 'price_above_10w_ma': True, 'relative_strength_positive': True, 'near_52w_high': True}",leading,leading,101.62,101.68,0.08,0.25,False,False,2026-08-31 ratio=101.55 momentum=101.43; 2026-09-01 ratio=101.70 momentum=101.74; 2026-09-02 ratio=101.71 momentum=101.85; 2026-09-03 ratio=102.00 momentum=103.03; 2026-09-04 ratio=101.62 momentum=101.68,165.42
stock,AVT Natural Prod,AVTNPL.NS,Other Agricultural Products,Fast Moving Consumer Goods,1373.59,0.89,31.1,156.6,241.21,82.16,16.4,14.22,,stage_2,5,91.02,69.47,4.0,0.00381,"{'price_above_30w_ma': True, '30w_ma_rising': True, 'price_above_10w_ma': True, 'relative_strength_positive': True, 'near_52w_high': True}",weakening,weakening,101.95,97.04,-0.58,0.87,False,False,2026-08-31 ratio=102.52 momentum=96.17; 2026-09-01 ratio=101.90 momentum=95.96; 2026-09-02 ratio=101.71 momentum=96.35; 2026-09-03 ratio=102.16 momentum=96.73; 2026-09-04 ratio=101.95 momentum=97.04,142.75
stock,AU Small Finance,AUBANK.NS,Other Bank,Financial Services,80178.4,0.09,795.95,37.03,5302.74,21.11,28.07,7.66,,stage_2,5,1065.0,1006.82,1.23,0.04456,"{'price_above_30w_ma': True, '30w_ma_rising': True, 'price_above_10w_ma': True, 'relative_strength_positive': True, 'near_52w_high': True}",weakening,leading,100.64,97.39,-0.55,-2.73,False,False,2026-08-31 ratio=101.20 momentum=100.12; 2026-09-01 ratio=100.96 momentum=99.16; 2026-09-02 ratio=101.09 momentum=99.32; 2026-09-03 ratio=100.94 momentum=98.84; 2026-09-04 ratio=100.64 momentum=97.39,130.66
stock,Ujjivan Small,UJJIVANSFB.NS,Other Bank,Financial Services,12630.47,0.0,316.54,206.67,2024.92,25.08,13.94,7.73,,not_stage_2,3,64.43,60.29,1.41,0.0027,"{'price_above_30w_ma': True, '30w_ma_rising': True, 'price_above_10w_ma': False, 'relative_strength_positive': False, 'near_52w_high': True}",lagging,weakening,99.49,96.98,-1.08,-0.87,False,False,2026-08-31 ratio=100.57 momentum=97.85; 2026-09-01 ratio=99.77 momentum=96.32; 2026-09-02 ratio=99.42 momentum=96.47; 2026-09-03 ratio=99.24 momentum=96.69; 2026-09-04 ratio=99.49 momentum=96.98,62.82
stock,Equitas Sma. Fin,EQUITASBNK.NS,Other Bank,Financial Services,8298.08,0.0,183.61,182.06,1960.4,18.89,16.26,6.43,,not_stage_2,3,72.95,69.47,1.11,0.00305,"{'price_above_30w_ma': True, '30w_ma_rising': True, 'price_above_10w_ma': False, 'relative_strength_positive': False, 'near_52w_high': True}",lagging,improving,99.03,93.72,-0.06,-6.58,False,False,2026-08-31 ratio=99.09 momentum=100.30; 2026-09-01 ratio=98.93 momentum=97.74; 2026-09-02 ratio=99.15 momentum=99.84; 2026-09-03 ratio=99.07 momentum=96.15; 2026-09-04 ratio=99.03 momentum=93.72,62.22
stock,Jana Small Finan,JSFB.NS,Other Bank,Financial Services,5721.27,0.0,155.23,52.29,1514.53,22.08,15.07,7.45,,stage_2,4,538.5,462.48,5.5,0.02265,"{'price_above_30w_ma': True, '30w_ma_rising': True, 'price_above_10w_ma': False, 'relative_strength_positive': True, 'near_52w_high': True}",weakening,weakening,100.44,96.21,0.25,-0.84,False,False,2026-09-01 ratio=100.19 momentum=97.05; 2026-09-02 ratio=100.09 momentum=97.15; 2026-09-03 ratio=100.34 momentum=98.31; 2026-09-04 ratio=100.31 momentum=96.99; 2026-09-07 ratio=100.44 momentum=96.21,118.2
stock,Utkarsh Small F.,UTKARSHBNK.NS,Other Bank,Financial Services,2795.79,0.0,-33.92,85.84,883.56,0.3,,1.46,,not_stage_2,3,14.56,13.76,0.47,0.00061,"{'price_above_30w_ma': True, '30w_ma_rising': True, 'price_above_10w_ma': False, 'relative_strength_positive': True, 'near_52w_high': False}",leading,leading,100.49,101.49,-1.04,-1.13,False,False,2026-08-31 ratio=101.53 momentum=102.62; 2026-09-01 ratio=101.09 momentum=102.05; 2026-09-02 ratio=101.00 momentum=102.62; 2026-09-03 ratio=101.35 momentum=104.93; 2026-09-04 ratio=100.49 momentum=101.49,90.84
stock,ESAF Small Fin,ESAFSFB.NS,Other Bank,Financial Services,2162.05,0.0,80.08,198.6,1097.77,32.54,,5.65,,stage_2,5,41.76,31.53,6.34,0.00176,"{'price_above_30w_ma': True, '30w_ma_rising': True, 'price_above_10w_ma': True, 'relative_strength_positive': True, 'near_52w_high': True}",weakening,weakening,101.06,97.84,0.05,-1.03,False,False,2026-09-01 ratio=101.01 momentum=98.87; 2026-09-02 ratio=101.28 momentum=98.60; 2026-09-03 ratio=101.06 momentum=97.61; 2026-09-04 ratio=100.94 momentum=97.14; 2026-09-07 ratio=101.06 momentum=97.84,142.98
stock,Suryoday Small,SURYODAY.NS,Other Bank,Financial Services,1644.6,0.97,75.18,113.1,622.36,25.69,8.57,7.33,,not_stage_2,2,152.07,154.6,1.53,0.00636,"{'price_above_30w_ma': False, '30w_ma_rising': True, 'price_above_10w_ma': False, 'relative_strength_positive': False, 'near_52w_high': True}",improving,improving,98.99,100.49,0.06,-2.09,False,False,2026-08-31 ratio=98.93 momentum=102.58; 2026-09-01 ratio=98.73 momentum=102.30; 2026-09-02 ratio=98.89 momentum=103.07; 2026-09-03 ratio=99.07 momentum=102.95; 2026-09-04 ratio=98.99 momentum=100.49,45.51
stock,Capital Small,CAPITALSFB.NS,Other Bank,Financial Services,1254.42,1.81,41.3,29.02,288.18,16.63,8.33,7.07,,not_stage_2,3,277.9,273.34,0.98,0.01169,"{'price_above_30w_ma': True, '30w_ma_rising': True, 'price_above_10w_ma': False, 'relative_strength_positive': False, 'near_52w_high': True}",lagging,lagging,98.89,99.06,-0.48,-0.36,False,False,2026-09-01 ratio=99.37 momentum=99.42; 2026-09-02 ratio=99.44 momentum=99.27; 2026-09-03 ratio=99.30 momentum=99.93; 2026-09-04 ratio=99.12 momentum=100.96; 2026-09-07 ratio=98.89 momentum=99.06,61.96
stock,Fino Payments,FINOPB.NS,Other Bank,Financial Services,1161.04,0.0,-13.72,-177.25,72.23,18.43,47.49,4.53,,not_stage_2,0,139.33,149.58,-6.58,0.00583,"{'price_above_30w_ma': False, '30w_ma_rising': False, 'price_above_10w_ma': False, 'relative_strength_positive': False, 'near_52w_high': False}",lagging,lagging,99.08,98.74,0.2,0.91,False,False,2026-08-31 ratio=98.88 momentum=97.83; 2026-09-01 ratio=98.70 momentum=95.43; 2026-09-02 ratio=99.13 momentum=98.18; 2026-09-03 ratio=99.15 momentum=98.89; 2026-09-04 ratio=99.08 momentum=98.74,0.0
stock,Ramco Inds.,RAMCOIND.NS,Other Construction Materials,Construction Materials,2787.64,0.39,86.59,21.91,613.81,15.48,8.86,4.57,,not_stage_2,3,323.25,302.11,1.34,0.01353,"{'price_above_30w_ma': True, '30w_ma_rising': True, 'price_above_10w_ma': False, 'relative_strength_positive': False, 'near_52w_high': True}",lagging,lagging,98.83,97.69,-0.35,1.36,False,False,2026-08-31 ratio=99.18 momentum=96.33; 2026-09-01 ratio=98.88 momentum=97.21; 2026-09-02 ratio=98.62 momentum=97.62; 2026-09-03 ratio=98.87 momentum=97.25; 2026-09-04 ratio=98.83 momentum=97.69,62.68
stock,BirlaNu Ltd,BIRLANU.NS,Other Construction Materials,Construction Materials,1078.71,1.05,9.4,812.12,1174.02,11.57,,-4.29,,not_stage_2,3,1448.0,1420.79,-1.57,0.06059,"{'price_above_30w_ma': True, '30w_ma_rising': False, 'price_above_10w_ma': True, 'relative_strength_positive': True, 'near_52w_high': False}",weakening,weakening,100.42,97.98,0.14,0.4,False,False,2026-08-31 ratio=100.28 momentum=97.57; 2026-09-01 ratio=100.26 momentum=96.24; 2026-09-02 ratio=100.19 momentum=96.07; 2026-09-03 ratio=100.22 momentum=96.76; 2026-09-04 ratio=100.42 momentum=97.98,62.1
stock,Arisinfra Solu.,ARIS.NS,Other Construction Materials,Construction Materials,1041.57,0.0,20.04,306.31,290.81,37.12,15.77,15.57,,not_stage_2,3,126.32,121.43,4.25,0.00531,"{'price_above_30w_ma': True, '30w_ma_rising': True, 'price_above_10w_ma': False, 'relative_strength_positive': False, 'near_52w_high': True}",weakening,weakening,100.19,97.61,-0.39,0.14,False,False,2026-09-01 ratio=100.58 momentum=97.47; 2026-09-02 ratio=100.36 momentum=97.86; 2026-09-03 ratio=100.45 momentum=98.03; 2026-09-04 ratio=100.34 momentum=97.67; 2026-09-07 ratio=100.19 momentum=97.61,69.45
stock,Everest Inds.,EVERESTIND.NS,Other Construction Materials,Construction Materials,666.77,0.23,102.09,1505.52,435.86,-12.95,,-8.5,,not_stage_2,2,423.9,406.56,0.05,0.01774,"{'price_above_30w_ma': True, '30w_ma_rising': True, 'price_above_10w_ma': False, 'relative_strength_positive': False, 'near_52w_high': False}",lagging,lagging,98.75,96.19,-0.2,-0.56,False,False,2026-08-31 ratio=98.96 momentum=96.75; 2026-09-01 ratio=98.62 momentum=95.94; 2026-09-02 ratio=98.83 momentum=97.63; 2026-09-03 ratio=98.77 momentum=96.42; 2026-09-04 ratio=98.75 momentum=96.19,40.1
stock,Sahyadri Industr,SAHYADRI.NS,Other Construction Materials,Construction Materials,424.02,0.65,26.52,146.24,258.58,20.51,9.39,9.72,,stage_2,5,392.15,280.72,5.99,0.01641,"{'price_above_30w_ma': True, '30w_ma_rising': True, 'price_above_10w_ma': True, 'relative_strength_positive': True, 'near_52w_high': True}",leading,weakening,102.12,100.09,0.79,3.3,True,False,2026-08-31 ratio=101.32 momentum=96.80; 2026-09-01 ratio=101.19 momentum=97.24; 2026-09-02 ratio=101.29 momentum=96.80; 2026-09-03 ratio=101.34 momentum=96.97; 2026-09-04 ratio=102.12 momentum=100.09,178.03
stock,Teamtech Formwork,TEAMTECH.NS,Other Construction Materials,Construction Materials,411.72,0.0,7.33,,31.74,,35.52,41.17,,insufficient_data,0,,,,,{},insufficient_data,insufficient_data,,,,,False,False,,0.0
stock,Vishnusurya Pro.,VISHNUINFR.NS,Other Construction Materials,Construction Materials,401.85,0.65,5.92,116.06,61.87,25.02,9.52,19.92,,not_stage_2,2,158.0,159.74,-2.65,0.00661,"{'price_above_30w_ma': False, '30w_ma_rising': False, 'price_above_10w_ma': True, 'relative_strength_positive': True, 'near_52w_high': False}",leading,leading,100.35,102.59,-0.41,-0.64,False,False,2026-08-31 ratio=100.76 momentum=103.24; 2026-09-01 ratio=99.73 momentum=102.81; 2026-09-02 ratio=100.90 momentum=101.92; 2026-09-03 ratio=100.93 momentum=103.76; 2026-09-04 ratio=100.35 momentum=102.59,74.7
stock,MCON Rasayan,MCON.NS,Other Construction Materials,Construction Materials,31.17,0.0,1.8,76.47,36.86,26.32,10.25,11.06,,not_stage_2,1,44.0,46.09,-3.23,0.00184,"{'price_above_30w_ma': False, '30w_ma_rising': False, 'price_above_10w_ma': False, 'relative_strength_positive': True, 'near_52w_high': False}",weakening,leading,100.25,98.44,-0.71,-2.74,False,False,2026-08-31 ratio=100.96 momentum=101.19; 2026-09-01 ratio=100.04 momentum=98.37; 2026-09-02 ratio=99.51 momentum=97.43; 2026-09-03 ratio=99.58 momentum=97.59; 2026-09-04 ratio=100.25 momentum=98.44,21.25
stock,SIS,SIS.NS,Other Consumer Services,Consumer Services,6042.61,1.64,101.66,9.37,4603.58,29.73,15.04,13.68,,stage_2,5,430.95,375.08,3.5,0.01803,"{'price_above_30w_ma': True, '30w_ma_rising': True, 'price_above_10w_ma': True, 'relative_strength_positive': True, 'near_52w_high': True}",leading,leading,100.79,102.34,0.63,-0.4,False,False,2026-08-31 ratio=100.16 momentum=102.74; 2026-09-01 ratio=100.10 momentum=102.55; 2026-09-02 ratio=100.64 momentum=102.53; 2026-09-03 ratio=101.36 momentum=103.38; 2026-09-04 ratio=100.79 momentum=102.34,167.65
stock,E Factor Experie,EFACTOR.NS,Other Consumer Services,Consumer Services,220.61,0.71,14.61,-26.66,138.84,-9.5,11.21,24.71,,not_stage_2,0,173.0,199.69,-5.43,0.00724,"{'price_above_30w_ma': False, '30w_ma_rising': False, 'price_above_10w_ma': False, 'relative_strength_positive': False, 'near_52w_high': False}",lagging,weakening,99.75,96.83,-0.77,-0.57,False,False,2026-08-31 ratio=100.51 momentum=97.41; 2026-09-01 ratio=100.29 momentum=97.00; 2026-09-02 ratio=100.36 momentum=96.87; 2026-09-03 ratio=99.89 momentum=96.60; 2026-09-04 ratio=99.75 momentum=96.83,0.0
stock,Party Cruisers,PARTYCRUS.NS,Other Consumer Services,Consumer Services,103.11,0.0,10.04,62.85,111.27,32.28,8.21,34.58,,not_stage_2,0,79.7,88.54,-0.61,0.00334,"{'price_above_30w_ma': False, '30w_ma_rising': False, 'price_above_10w_ma': False, 'relative_strength_positive': False, 'near_52w_high': False}",improving,improving,98.73,101.22,-1.14,-0.35,False,False,2026-08-31 ratio=99.87 momentum=101.57; 2026-09-01 ratio=99.92 momentum=101.88; 2026-09-02 ratio=100.09 momentum=102.65; 2026-09-03 ratio=98.72 momentum=100.87; 2026-09-04 ratio=98.73 momentum=101.22,6.1
stock,Touchwood Enter.,TOUCHWOOD.NS,Other Consumer Services,Consumer Services,67.66,0.0,0.38,-70.77,3.96,-76.57,20.38,13.52,,not_stage_2,0,62.81,70.85,-5.67,0.00263,"{'price_above_30w_ma': False, '30w_ma_rising': False, 'price_above_10w_ma': False, 'relative_strength_positive': False, 'near_52w_high': False}",improving,lagging,99.35,102.21,1.51,2.41,False,True,2026-08-31 ratio=97.84 momentum=99.80; 2026-09-01 ratio=98.11 momentum=101.03; 2026-09-02 ratio=97.83 momentum=99.33; 2026-09-03 ratio=98.25 momentum=100.90; 2026-09-04 ratio=99.35 momentum=102.21,11.05
stock,Blue Pebble,BLUEPEBBLE.NS,Other Consumer Services,Consumer Services,31.25,0.65,-0.26,,11.14,,63.78,2.38,,not_stage_2,2,76.5,97.5,-9.44,0.00322,"{'price_above_30w_ma': False, '30w_ma_rising': False, 'price_above_10w_ma': True, 'relative_strength_positive': True, 'near_52w_high': False}",leading,lagging,101.65,101.92,3.5,5.09,True,False,2026-09-01 ratio=98.15 momentum=96.84; 2026-09-02 ratio=99.74 momentum=100.66; 2026-09-03 ratio=100.05 momentum=101.09; 2026-09-04 ratio=103.40 momentum=103.21; 2026-09-07 ratio=101.65 momentum=101.92,87.85
stock,Thinking Hats,THESL.NS,Other Consumer Services,Consumer Services,18.23,0.0,0.51,-80.08,15.16,-61.15,14.7,5.96,,insufficient_data,0,,,,,{},insufficient_data,insufficient_data,,,,,False,False,,0.0
stock,HBL Engineering,HBLENGINE.NS,Other Industrial Products,Capital Goods,20267.0,0.41,109.14,-25.07,638.03,6.03,25.29,58.45,,not_stage_2,1,703.9,739.22,-1.16,0.0296,"{'price_above_30w_ma': False, '30w_ma_rising': False, 'price_above_10w_ma': False, 'relative_strength_positive': True, 'near_52w_high': False}",improving,improving,99.91,102.42,1.23,0.95,False,True,2026-09-01 ratio=98.68 momentum=101.48; 2026-09-02 ratio=98.81 momentum=101.59; 2026-09-03 ratio=98.97 momentum=98.13; 2026-09-04 ratio=99.62 momentum=102.00; 2026-09-07 ratio=99.91 momentum=102.42,32.1
stock,Inox India,INOXINDIA.NS,Other Industrial Products,Capital Goods,20116.34,0.09,58.07,-4.99,370.79,9.18,78.23,33.48,,stage_2,5,2231.4,1640.24,8.94,0.09384,"{'price_above_30w_ma': True, '30w_ma_rising': True, 'price_above_10w_ma': True, 'relative_strength_positive': True, 'near_52w_high': True}",leading,leading,102.66,101.98,-0.0,0.47,False,False,2026-09-01 ratio=102.66 momentum=101.51; 2026-09-02 ratio=101.92 momentum=101.25; 2026-09-03 ratio=102.61 momentum=101.94; 2026-09-04 ratio=102.98 momentum=102.21; 2026-09-07 ratio=102.66 momentum=101.98,186.08
stock,KRN Heat Exchan,KRN.NS,Other Industrial Products,Capital Goods,10856.39,0.0,32.9,164.9,252.32,118.88,111.99,16.06,,stage_2,5,1625.4,1192.11,11.44,0.06835,"{'price_above_30w_ma': True, '30w_ma_rising': True, 'price_above_10w_ma': True, 'relative_strength_positive': True, 'near_52w_high': True}",leading,weakening,102.12,100.46,0.4,5.48,True,False,2026-09-01 ratio=101.71 momentum=94.98; 2026-09-02 ratio=101.74 momentum=96.06; 2026-09-03 ratio=101.48 momentum=95.59; 2026-09-04 ratio=101.88 momentum=98.92; 2026-09-07 ratio=102.12 momentum=100.46,190.78
stock,Esab India,ESABINDIA.NS,Other Industrial Products,Capital Goods,9352.07,1.24,56.14,37.13,421.12,19.63,45.18,64.68,,stage_2,5,6067.5,5853.13,1.24,0.25389,"{'price_above_30w_ma': True, '30w_ma_rising': True, 'price_above_10w_ma': True, 'relative_strength_positive': True, 'near_52w_high': True}",weakening,weakening,101.19,96.43,-0.23,1.37,False,False,2026-08-31 ratio=101.41 momentum=95.06; 2026-09-01 ratio=101.47 momentum=96.39; 2026-09-02 ratio=101.14 momentum=97.97; 2026-09-03 ratio=101.30 momentum=97.74; 2026-09-04 ratio=101.19 momentum=96.43,133.43
stock,Subros,SUBROS.NS,Other Industrial Products,Capital Goods,4546.03,0.43,41.52,1.69,1032.11,17.52,26.45,19.16,,not_stage_2,0,709.6,757.12,-1.07,0.02969,"{'price_above_30w_ma': False, '30w_ma_rising': False, 'price_above_10w_ma': False, 'relative_strength_positive': False, 'near_52w_high': False}",improving,lagging,98.46,101.75,0.22,7.39,False,True,2026-08-31 ratio=98.23 momentum=94.36; 2026-09-01 ratio=98.30 momentum=95.79; 2026-09-02 ratio=98.22 momentum=95.40; 2026-09-03 ratio=98.31 momentum=98.85; 2026-09-04 ratio=98.46 momentum=101.75,8.75
stock,Harsha Engg Intl,HARSHA.NS,Other Industrial Products,Capital Goods,4255.07,0.32,37.38,-1.45,457.43,25.22,27.51,13.0,,stage_2,5,454.35,396.63,1.86,0.01901,"{'price_above_30w_ma': True, '30w_ma_rising': True, 'price_above_10w_ma': True, 'relative_strength_positive': True, 'near_52w_high': True}",leading,leading,102.24,101.24,-0.5,-2.52,False,False,2026-08-31 ratio=102.74 momentum=103.76; 2026-09-01 ratio=102.45 momentum=101.32; 2026-09-02 ratio=102.30 momentum=100.96; 2026-09-03 ratio=102.23 momentum=101.07; 2026-09-04 ratio=102.24 momentum=101.24,166.12
stock,Ador Welding,ADOR.NS,Other Industrial Products,Capital Goods,2829.45,1.41,27.35,890.46,308.63,23.19,23.63,22.71,,stage_2,5,1674.4,1193.59,6.94,0.07007,"{'price_above_30w_ma': True, '30w_ma_rising': True, 'price_above_10w_ma': True, 'relative_strength_positive': True, 'near_52w_high': True}",weakening,leading,101.63,99.81,-0.55,-2.02,False,False,2026-08-31 ratio=102.19 momentum=101.83; 2026-09-01 ratio=102.05 momentum=100.84; 2026-09-02 ratio=102.22 momentum=100.13; 2026-09-03 ratio=102.01 momentum=99.33; 2026-09-04 ratio=101.63 momentum=99.81,147.03
stock,Diffusion Eng,DIFFNKG.NS,Other Industrial Products,Capital Goods,1655.02,0.34,16.68,36.26,110.11,36.49,29.94,15.78,,stage_2,5,454.4,343.43,7.56,0.01911,"{'price_above_30w_ma': True, '30w_ma_rising': True, 'price_above_10w_ma': True, 'relative_strength_positive': True, 'near_52w_high': True}",leading,leading,101.77,100.93,-1.66,-0.77,False,False,2026-09-01 ratio=103.43 momentum=101.70; 2026-09-02 ratio=103.10 momentum=101.42; 2026-09-03 ratio=102.83 momentum=101.48; 2026-09-04 ratio=102.48 momentum=101.33; 2026-09-07 ratio=101.77 momentum=100.93,173.62
stock,MIC Electronics,MICEL.NS,Other Industrial Products,Capital Goods,1073.21,0.0,2.13,27.54,43.72,276.57,,8.67,,not_stage_2,0,36.74,39.47,-0.35,0.00154,"{'price_above_30w_ma': False, '30w_ma_rising': False, 'price_above_10w_ma': False, 'relative_strength_positive': False, 'near_52w_high': False}",improving,leading,99.75,100.76,-1.41,-1.27,False,False,2026-08-31 ratio=101.16 momentum=102.04; 2026-09-01 ratio=100.85 momentum=101.67; 2026-09-02 ratio=100.62 momentum=101.56; 2026-09-03 ratio=100.24 momentum=101.49; 2026-09-04 ratio=99.75 momentum=100.76,3.8
stock,Vilas Transcore,VILAS.NS,Other Industrial Products,Capital Goods,865.61,0.0,15.18,-26.24,231.91,21.66,21.88,16.12,,not_stage_2,2,356.3,384.94,0.67,0.01498,"{'price_above_30w_ma': False, '30w_ma_rising': True, 'price_above_10w_ma': False, 'relative_strength_positive': True, 'near_52w_high': False}",improving,improving,99.88,103.83,0.83,3.78,False,True,2026-09-01 ratio=99.06 momentum=100.05; 2026-09-02 ratio=99.19 momentum=100.42; 2026-09-03 ratio=99.71 momentum=102.36; 2026-09-04 ratio=99.56 momentum=103.84; 2026-09-07 ratio=99.88 momentum=103.83,60.49
stock,Maruti Suzuki,MARUTI.NS,Passenger Cars & Utility Vehicles,Automobile and Auto Components,397436.29,1.11,3446.9,-9.11,52469.8,35.91,27.73,18.87,,not_stage_2,1,12760.0,13477.03,-1.92,0.5366,"{'price_above_30w_ma': False, '30w_ma_rising': False, 'price_above_10w_ma': False, 'relative_strength_positive': False, 'near_52w_high': True}",lagging,lagging,97.88,98.26,0.57,1.62,False,False,2026-09-01 ratio=97.31 momentum=96.64; 2026-09-02 ratio=97.45 momentum=96.98; 2026-09-03 ratio=97.66 momentum=96.96; 2026-09-04 ratio=97.37 momentum=98.07; 2026-09-07 ratio=97.88 momentum=98.26,20.0
stock,M & M,M&M.NS,Passenger Cars & Utility Vehicles,Automobile and Auto Components,392470.73,1.04,5997.56,33.8,58187.57,27.8,20.47,15.1,,not_stage_2,1,3160.0,3190.72,-1.04,0.13289,"{'price_above_30w_ma': False, '30w_ma_rising': False, 'price_above_10w_ma': False, 'relative_strength_positive': False, 'near_52w_high': True}",lagging,weakening,99.47,97.33,-0.61,0.49,False,False,2026-09-01 ratio=100.07 momentum=96.83; 2026-09-02 ratio=99.62 momentum=96.64; 2026-09-03 ratio=99.29 momentum=96.84; 2026-09-04 ratio=99.44 momentum=97.39; 2026-09-07 ratio=99.47 momentum=97.33,20.0
stock,Hyundai Motor I,HYUNDAI.NS,Passenger Cars & Utility Vehicles,Automobile and Auto Components,180842.36,0.95,888.62,-35.1,16334.63,-0.48,36.53,38.4,,stage_2,5,2210.0,2001.76,0.13,0.09294,"{'price_above_30w_ma': True, '30w_ma_rising': True, 'price_above_10w_ma': True, 'relative_strength_positive': True, 'near_52w_high': True}",weakening,weakening,101.3,99.42,0.32,2.14,False,False,2026-09-01 ratio=100.98 momentum=97.28; 2026-09-02 ratio=100.84 momentum=97.88; 2026-09-03 ratio=100.81 momentum=97.19; 2026-09-04 ratio=101.21 momentum=98.74; 2026-09-07 ratio=101.30 momentum=99.42,131.76
stock,Tata Motors PVeh,TMPV.NS,Passenger Cars & Utility Vehicles,Automobile and Auto Components,112770.38,0.98,859.0,-69.83,95799.0,9.26,113.18,2.73,,not_stage_2,0,307.0,344.3,-1.79,0.01291,"{'price_above_30w_ma': False, '30w_ma_rising': False, 'price_above_10w_ma': False, 'relative_strength_positive': False, 'near_52w_high': False}",improving,lagging,98.37,100.12,0.24,2.62,False,True,2026-09-01 ratio=98.13 momentum=97.50; 2026-09-02 ratio=98.55 momentum=98.93; 2026-09-03 ratio=98.58 momentum=99.64; 2026-09-04 ratio=98.55 momentum=100.06; 2026-09-07 ratio=98.37 momentum=100.12,0.6
stock,Force Motors,FORCEMOT.NS,Passenger Cars & Utility Vehicles,Automobile and Auto Components,23234.89,0.28,216.59,22.82,2440.01,6.21,21.12,36.05,,not_stage_2,0,17500.0,19886.8,-1.56,0.73229,"{'price_above_30w_ma': False, '30w_ma_rising': False, 'price_above_10w_ma': False, 'relative_strength_positive': False, 'near_52w_high': False}",improving,lagging,99.35,100.93,0.32,4.3,False,True,2026-08-31 ratio=99.03 momentum=96.63; 2026-09-01 ratio=99.51 momentum=98.76; 2026-09-02 ratio=99.49 momentum=100.38; 2026-09-03 ratio=99.36 momentum=100.36; 2026-09-04 ratio=99.35 momentum=100.93,4.65
stock,Olectra Greentec,OLECTRA.NS,Passenger Cars & Utility Vehicles,Automobile and Auto Components,9958.84,0.05,26.66,-0.31,575.51,65.75,56.13,21.05,,not_stage_2,1,1229.0,1229.03,2.71,0.05143,"{'price_above_30w_ma': False, '30w_ma_rising': True, 'price_above_10w_ma': False, 'relative_strength_positive': False, 'near_52w_high': False}",lagging,lagging,98.35,97.87,-0.34,-0.62,False,False,2026-08-31 ratio=98.69 momentum=98.48; 2026-09-01 ratio=98.36 momentum=97.01; 2026-09-02 ratio=98.39 momentum=98.03; 2026-09-03 ratio=98.54 momentum=99.50; 2026-09-04 ratio=98.35 momentum=97.87,25.42
stock,Mercury EV-Tech,MERCURYEV.NS,Passenger Cars & Utility Vehicles,Automobile and Auto Components,728.14,0.0,1.65,29.92,33.38,47.9,159.68,2.64,,insufficient_data,0,,,,,{},weakening,leading,101.21,97.9,-0.01,-3.7,False,False,2026-09-01 ratio=101.22 momentum=101.60; 2026-09-02 ratio=100.69 momentum=97.89; 2026-09-03 ratio=100.72 momentum=96.76; 2026-09-04 ratio=100.71 momentum=96.77; 2026-09-07 ratio=101.21 momentum=97.90,6.05
stock,Supreme Inds.,SUPREMEIND.NS,Plastic Products - Industrial,Capital Goods,45132.65,1.01,280.72,38.76,2717.66,4.16,43.72,20.73,,not_stage_2,4,3475.0,3616.3,0.13,0.14541,"{'price_above_30w_ma': False, '30w_ma_rising': True, 'price_above_10w_ma': True, 'relative_strength_positive': True, 'near_52w_high': True}",weakening,weakening,100.56,96.53,-0.44,-3.3,False,False,2026-08-31 ratio=101.00 momentum=99.83; 2026-09-01 ratio=101.37 momentum=100.18; 2026-09-02 ratio=100.97 momentum=98.07; 2026-09-03 ratio=100.85 momentum=96.96; 2026-09-04 ratio=100.56 momentum=96.53,83.06
stock,Astral,ASTRAL.NS,Plastic Products - Industrial,Capital Goods,40362.12,0.27,120.2,48.21,1578.0,15.93,68.13,19.22,,not_stage_2,4,1492.9,1539.95,0.68,0.06247,"{'price_above_30w_ma': False, '30w_ma_rising': True, 'price_above_10w_ma': True, 'relative_strength_positive': True, 'near_52w_high': True}",weakening,leading,100.91,99.96,-0.18,-1.56,False,False,2026-08-31 ratio=101.09 momentum=101.52; 2026-09-01 ratio=100.94 momentum=101.07; 2026-09-02 ratio=100.81 momentum=95.77; 2026-09-03 ratio=100.98 momentum=100.15; 2026-09-04 ratio=100.91 momentum=99.96,85.91
stock,Garware Hi Tech,GRWRHITECH.NS,Plastic Products - Industrial,Capital Goods,16228.64,0.17,132.65,59.78,633.08,27.9,41.84,18.08,,stage_2,5,7086.5,5500.8,10.32,0.29653,"{'price_above_30w_ma': True, '30w_ma_rising': True, 'price_above_10w_ma': True, 'relative_strength_positive': True, 'near_52w_high': True}",leading,leading,100.95,100.28,-0.19,-1.75,False,False,2026-08-31 ratio=101.14 momentum=102.03; 2026-09-01 ratio=101.61 momentum=101.89; 2026-09-02 ratio=101.76 momentum=102.14; 2026-09-03 ratio=101.12 momentum=100.77; 2026-09-04 ratio=100.95 momentum=100.28,171.79
stock,Finolex Inds.,FINPIPE.NS,Plastic Products - Industrial,Capital Goods,9792.36,1.27,114.52,16.67,883.58,-15.3,15.91,11.83,,not_stage_2,0,158.63,171.69,-1.15,0.00664,"{'price_above_30w_ma': False, '30w_ma_rising': False, 'price_above_10w_ma': False, 'relative_strength_positive': False, 'near_52w_high': False}",improving,improving,99.27,101.36,0.42,0.26,False,True,2026-08-31 ratio=98.86 momentum=101.10; 2026-09-01 ratio=98.57 momentum=100.07; 2026-09-02 ratio=99.10 momentum=101.48; 2026-09-03 ratio=99.33 momentum=102.53; 2026-09-04 ratio=99.27 momentum=101.36,6.8
stock,Time Technoplast,TIMETECHNO.NS,Plastic Products - Industrial,Capital Goods,9239.82,0.8,117.86,22.21,1692.71,25.14,18.86,16.52,,not_stage_2,3,184.53,183.81,0.04,0.00776,"{'price_above_30w_ma': True, '30w_ma_rising': True, 'price_above_10w_ma': False, 'relative_strength_positive': False, 'near_52w_high': True}",improving,improving,99.42,100.24,-0.42,-0.8,False,False,2026-09-01 ratio=99.84 momentum=101.04; 2026-09-02 ratio=99.70 momentum=98.49; 2026-09-03 ratio=99.82 momentum=99.31; 2026-09-04 ratio=99.71 momentum=100.70; 2026-09-07 ratio=99.42 momentum=100.24,61.28
stock,Kingfa Science,KINGFA.NS,Plastic Products - Industrial,Capital Goods,8188.06,0.33,80.21,101.58,688.57,49.06,36.28,23.2,,stage_2,5,5932.5,4961.76,4.7,0.24825,"{'price_above_30w_ma': True, '30w_ma_rising': True, 'price_above_10w_ma': True, 'relative_strength_positive': True, 'near_52w_high': True}",weakening,weakening,101.42,98.65,-0.5,2.9,False,False,2026-08-31 ratio=101.93 momentum=95.76; 2026-09-01 ratio=101.78 momentum=94.87; 2026-09-02 ratio=101.54 momentum=97.77; 2026-09-03 ratio=101.39 momentum=97.26; 2026-09-04 ratio=101.42 momentum=98.65,141.5
stock,Prince Pipes,PRINCEPIPE.NS,Plastic Products - Industrial,Capital Goods,3166.53,0.35,33.75,600.21,609.42,5.0,30.4,6.03,,stage_2,5,283.0,262.43,2.09,0.01184,"{'price_above_30w_ma': True, '30w_ma_rising': True, 'price_above_10w_ma': True, 'relative_strength_positive': True, 'near_52w_high': True}",leading,leading,100.97,100.28,-0.84,-1.51,False,False,2026-08-31 ratio=101.81 momentum=101.79; 2026-09-01 ratio=101.60 momentum=100.09; 2026-09-02 ratio=101.14 momentum=100.28; 2026-09-03 ratio=101.60 momentum=101.60; 2026-09-04 ratio=100.97 momentum=100.28,155.43
stock,Apollo Pipes,APOLLOPIPE.NS,Plastic Products - Industrial,Capital Goods,2607.82,0.12,-11.12,-205.28,295.43,7.43,,1.23,,stage_2,5,601.0,482.49,9.58,0.02527,"{'price_above_30w_ma': True, '30w_ma_rising': True, 'price_above_10w_ma': True, 'relative_strength_positive': True, 'near_52w_high': True}",weakening,weakening,101.37,97.71,-0.33,-0.45,False,False,2026-09-01 ratio=101.70 momentum=98.16; 2026-09-02 ratio=101.49 momentum=97.12; 2026-09-03 ratio=101.71 momentum=97.03; 2026-09-04 ratio=101.45 momentum=97.59; 2026-09-07 ratio=101.37 momentum=97.71,151.01
stock,Jain Irrigation,JISLJALEQS.NS,Plastic Products - Industrial,Capital Goods,2267.27,0.0,-17.8,-207.18,1508.37,-2.41,,5.3,,not_stage_2,2,30.87,31.84,-3.13,0.00129,"{'price_above_30w_ma': False, '30w_ma_rising': False, 'price_above_10w_ma': True, 'relative_strength_positive': True, 'near_52w_high': False}",leading,improving,100.41,103.82,1.3,1.87,True,False,2026-08-31 ratio=99.11 momentum=101.95; 2026-09-01 ratio=99.08 momentum=101.94; 2026-09-02 ratio=99.23 momentum=101.57; 2026-09-03 ratio=99.25 momentum=101.55; 2026-09-04 ratio=100.41 momentum=103.82,91.15
stock,Jai Corp,JAICORPLTD.NS,Plastic Products - Industrial,Capital Goods,1725.74,0.51,28.2,-72.91,157.58,20.06,18.27,11.75,,not_stage_2,0,99.52,108.38,-1.55,0.00416,"{'price_above_30w_ma': False, '30w_ma_rising': False, 'price_above_10w_ma': False, 'relative_strength_positive': False, 'near_52w_high': False}",improving,improving,99.25,101.08,0.37,0.36,False,True,2026-08-31 ratio=98.89 momentum=100.72; 2026-09-01 ratio=98.88 momentum=100.87; 2026-09-02 ratio=98.93 momentum=102.47; 2026-09-03 ratio=99.18 momentum=102.84; 2026-09-04 ratio=99.25 momentum=101.08,5.4
stock,Knowledge Realty,KRT.NS,Real Estate Investment Trusts (REITs),Realty,50397.06,1.5,250.8,,1243.06,,80.36,5.22,,insufficient_data,0,,,,,{},insufficient_data,insufficient_data,,,,,False,False,,0.0
stock,Embassy Off.REIT,EMBASSY.NS,Real Estate Investment Trusts (REITs),Realty,41699.75,0.05,195.22,25.81,1240.81,17.08,169.99,5.61,,stage_2,4,438.69,433.91,0.02,0.01836,"{'price_above_30w_ma': True, '30w_ma_rising': True, 'price_above_10w_ma': False, 'relative_strength_positive': True, 'near_52w_high': True}",leading,leading,100.47,102.59,0.44,1.66,False,False,2026-08-31 ratio=100.02 momentum=100.93; 2026-09-01 ratio=100.09 momentum=100.24; 2026-09-02 ratio=99.93 momentum=100.82; 2026-09-03 ratio=100.55 momentum=103.10; 2026-09-04 ratio=100.47 momentum=102.59,140.34
stock,Bagmane Prime REIT,BAGMANE.NS,Real Estate Investment Trusts (REITs),Realty,36481.99,1.4,58.51,-77.18,437.01,-29.88,,0.0,,insufficient_data,0,,,,,{},insufficient_data,insufficient_data,,,,,False,False,,0.0
stock,Mindspace Busine,MINDSPACE.NS,Real Estate Investment Trusts (REITs),Realty,32949.4,2.37,271.81,67.1,946.44,27.85,42.28,7.64,,stage_2,5,501.11,474.85,0.07,0.02097,"{'price_above_30w_ma': True, '30w_ma_rising': True, 'price_above_10w_ma': True, 'relative_strength_positive': True, 'near_52w_high': True}",leading,leading,102.19,101.94,1.13,1.85,False,False,2026-08-31 ratio=101.06 momentum=100.09; 2026-09-01 ratio=101.36 momentum=100.47; 2026-09-02 ratio=102.02 momentum=101.25; 2026-09-03 ratio=102.05 momentum=101.49; 2026-09-04 ratio=102.19 momentum=101.94,165.79
stock,Brookfield India,BIRET.NS,Real Estate Investment Trusts (REITs),Realty,28369.47,1.93,221.34,44.36,973.83,51.78,52.88,5.36,,not_stage_2,4,341.79,334.37,-0.25,0.0143,"{'price_above_30w_ma': True, '30w_ma_rising': False, 'price_above_10w_ma': True, 'relative_strength_positive': True, 'near_52w_high': True}",leading,weakening,101.42,102.16,0.66,3.43,True,False,2026-08-31 ratio=100.76 momentum=98.73; 2026-09-01 ratio=100.85 momentum=100.00; 2026-09-02 ratio=101.15 momentum=100.65; 2026-09-03 ratio=101.55 momentum=102.07; 2026-09-04 ratio=101.42 momentum=102.16,127.9
stock,Nexus Select,NXST.NS,Real Estate Investment Trusts (REITs),Realty,25359.56,1.46,156.52,30.89,680.53,10.91,57.58,5.83,,stage_2,4,165.89,159.78,0.63,0.00694,"{'price_above_30w_ma': True, '30w_ma_rising': True, 'price_above_10w_ma': False, 'relative_strength_positive': True, 'near_52w_high': True}",leading,leading,100.79,100.6,-0.36,-0.14,False,False,2026-08-31 ratio=101.15 momentum=100.74; 2026-09-01 ratio=101.06 momentum=99.86; 2026-09-02 ratio=101.54 momentum=100.40; 2026-09-03 ratio=101.86 momentum=102.21; 2026-09-04 ratio=100.79 momentum=100.60,133.21
stock,Apcotex Industri,APCOTEXIND.NS,Rubber,Capital Goods,3174.95,1.31,78.94,312.0,525.63,39.88,19.72,19.8,,stage_2,5,635.5,479.17,7.83,0.02659,"{'price_above_30w_ma': True, '30w_ma_rising': True, 'price_above_10w_ma': True, 'relative_strength_positive': True, 'near_52w_high': True}",weakening,leading,101.23,99.51,-0.37,-2.44,False,False,2026-08-31 ratio=101.60 momentum=101.94; 2026-09-01 ratio=101.40 momentum=98.34; 2026-09-02 ratio=101.20 momentum=98.79; 2026-09-03 ratio=101.60 momentum=101.96; 2026-09-04 ratio=101.23 momentum=99.51,146.81
stock,Pix Transmission,PIXTRANS.NS,Rubber,Capital Goods,2354.94,0.52,52.75,89.34,149.25,22.8,17.87,21.73,,stage_2,4,1791.7,1613.98,4.23,0.07497,"{'price_above_30w_ma': True, '30w_ma_rising': True, 'price_above_10w_ma': False, 'relative_strength_positive': True, 'near_52w_high': True}",weakening,weakening,100.03,99.26,-0.27,3.14,False,False,2026-08-31 ratio=100.30 momentum=96.12; 2026-09-01 ratio=99.89 momentum=95.44; 2026-09-02 ratio=99.75 momentum=97.59; 2026-09-03 ratio=100.16 momentum=99.19; 2026-09-04 ratio=100.03 momentum=99.26,113.61
stock,Tinna Rubber,TINNARUBR.NS,Rubber,Capital Goods,1837.26,0.32,20.57,75.21,156.18,19.89,29.79,22.46,,not_stage_2,3,1012.9,845.7,5.55,0.0426,"{'price_above_30w_ma': True, '30w_ma_rising': True, 'price_above_10w_ma': False, 'relative_strength_positive': False, 'near_52w_high': True}",lagging,lagging,99.83,98.7,-0.05,1.27,False,False,2026-09-01 ratio=99.88 momentum=97.44; 2026-09-02 ratio=99.95 momentum=97.79; 2026-09-03 ratio=100.20 momentum=99.27; 2026-09-04 ratio=100.03 momentum=99.22; 2026-09-07 ratio=99.83 momentum=98.70,71.1
stock,GRP,GRPLTD.NS,Rubber,Capital Goods,1077.27,0.17,4.2,140.0,156.83,26.73,157.27,6.94,,stage_2,5,2013.0,1886.88,2.01,0.08423,"{'price_above_30w_ma': True, '30w_ma_rising': True, 'price_above_10w_ma': True, 'relative_strength_positive': True, 'near_52w_high': True}",weakening,weakening,101.25,99.94,0.85,3.35,False,False,2026-08-31 ratio=100.39 momentum=96.59; 2026-09-01 ratio=101.37 momentum=100.99; 2026-09-02 ratio=101.24 momentum=100.97; 2026-09-03 ratio=100.79 momentum=99.88; 2026-09-04 ratio=101.25 momentum=99.94,135.27
stock,Rubfila Intl.,RUBFILA.NS,Rubber,Capital Goods,380.74,2.85,6.0,0.67,110.17,-10.71,14.45,12.59,,not_stage_2,3,70.96,70.34,-0.42,0.00298,"{'price_above_30w_ma': True, '30w_ma_rising': False, 'price_above_10w_ma': False, 'relative_strength_positive': True, 'near_52w_high': True}",leading,improving,100.37,103.15,1.23,1.97,True,False,2026-09-01 ratio=99.14 momentum=101.18; 2026-09-02 ratio=98.54 momentum=99.63; 2026-09-03 ratio=98.71 momentum=100.72; 2026-09-04 ratio=100.17 momentum=101.77; 2026-09-07 ratio=100.37 momentum=103.15,107.6
stock,Harri. Malayalam,HARRMALAYA.NS,Rubber,Capital Goods,350.31,0.0,3.93,-34.06,124.92,7.26,12.93,15.28,,not_stage_2,2,192.72,200.54,2.44,0.00806,"{'price_above_30w_ma': False, '30w_ma_rising': True, 'price_above_10w_ma': False, 'relative_strength_positive': False, 'near_52w_high': True}",improving,improving,98.84,101.0,-0.06,-1.52,False,False,2026-08-31 ratio=98.90 momentum=102.52; 2026-09-01 ratio=98.60 momentum=103.53; 2026-09-02 ratio=98.38 momentum=101.35; 2026-09-03 ratio=98.68 momentum=101.31; 2026-09-04 ratio=98.84 momentum=101.00,49.88
stock,Gayatri Rubbers,GRCL.NS,Rubber,Capital Goods,329.93,0.0,2.95,86.71,24.48,33.99,59.02,37.87,,stage_2,5,575.0,489.51,5.19,0.02406,"{'price_above_30w_ma': True, '30w_ma_rising': True, 'price_above_10w_ma': True, 'relative_strength_positive': True, 'near_52w_high': True}",leading,leading,100.33,104.46,0.16,1.99,False,False,2026-08-31 ratio=100.17 momentum=102.47; 2026-09-01 ratio=100.36 momentum=102.84; 2026-09-02 ratio=100.67 momentum=103.51; 2026-09-03 ratio=100.23 momentum=104.17; 2026-09-04 ratio=100.33 momentum=104.46,179.33
stock,Elgi Rubber Co,ELGIRUBCO.NS,Rubber,Capital Goods,296.19,0.0,40.85,293.38,70.09,-18.1,,-12.92,,stage_2,4,58.69,50.16,5.01,0.00246,"{'price_above_30w_ma': True, '30w_ma_rising': True, 'price_above_10w_ma': False, 'relative_strength_positive': True, 'near_52w_high': True}",weakening,weakening,100.4,97.91,-0.12,-0.88,False,False,2026-08-31 ratio=100.52 momentum=98.79; 2026-09-01 ratio=100.88 momentum=101.83; 2026-09-02 ratio=100.98 momentum=103.18; 2026-09-03 ratio=100.55 momentum=99.21; 2026-09-04 ratio=100.40 momentum=97.91,117.02
stock,Sampann Utpadan,SAMPANN.NS,Rubber,Capital Goods,124.8,0.0,2.05,12.02,41.7,27.6,17.83,8.18,,not_stage_2,0,25.19,28.03,-3.04,0.00105,"{'price_above_30w_ma': False, '30w_ma_rising': False, 'price_above_10w_ma': False, 'relative_strength_positive': False, 'near_52w_high': False}",improving,improving,98.68,100.83,-0.25,-1.81,False,False,2026-08-31 ratio=98.93 momentum=102.65; 2026-09-01 ratio=97.66 momentum=97.04; 2026-09-02 ratio=97.72 momentum=98.35; 2026-09-03 ratio=98.12 momentum=99.31; 2026-09-04 ratio=98.68 momentum=100.83,4.15
stock,Lead Reclaim,LRRPL.NS,Rubber,Capital Goods,79.37,0.0,3.1,219.59,17.92,-18.25,19.41,21.28,,stage_2,4,88.0,80.49,3.08,0.00368,"{'price_above_30w_ma': True, '30w_ma_rising': True, 'price_above_10w_ma': False, 'relative_strength_positive': True, 'near_52w_high': True}",leading,improving,100.31,102.11,0.59,-0.65,False,False,2026-08-31 ratio=99.72 momentum=102.77; 2026-09-01 ratio=99.77 momentum=102.59; 2026-09-02 ratio=99.77 momentum=102.59; 2026-09-03 ratio=99.99 momentum=100.94; 2026-09-04 ratio=100.31 momentum=102.11,143.26
stock,KIOCL,KIOCL.NS,Sponge Iron,Metals & Mining,22924.38,0.0,-15.48,59.04,158.01,73.75,589.62,1.38,,not_stage_2,3,376.5,374.38,1.16,0.01583,"{'price_above_30w_ma': True, '30w_ma_rising': True, 'price_above_10w_ma': False, 'relative_strength_positive': True, 'near_52w_high': False}",leading,leading,100.32,100.21,-0.14,-1.74,False,False,2026-09-01 ratio=100.46 momentum=101.94; 2026-09-02 ratio=100.41 momentum=103.20; 2026-09-03 ratio=100.51 momentum=102.02; 2026-09-04 ratio=100.64 momentum=101.68; 2026-09-07 ratio=100.32 momentum=100.21,84.97
stock,S.A.L Steel,SALSTEEL.NS,Sponge Iron,Metals & Mining,1163.3,0.0,3.09,131.95,87.37,-31.57,,1.08,,stage_2,5,81.37,55.74,8.77,0.0034,"{'price_above_30w_ma': True, '30w_ma_rising': True, 'price_above_10w_ma': True, 'relative_strength_positive': True, 'near_52w_high': True}",weakening,weakening,101.93,96.76,-0.26,-1.69,False,False,2026-08-31 ratio=102.19 momentum=98.45; 2026-09-01 ratio=102.45 momentum=98.94; 2026-09-02 ratio=102.27 momentum=96.85; 2026-09-03 ratio=102.13 momentum=97.04; 2026-09-04 ratio=101.93 momentum=96.76,152.19
stock,Vraj Iron,VRAJ.NS,Sponge Iron,Metals & Mining,398.39,0.0,11.51,51.65,193.83,40.14,11.09,10.49,,not_stage_2,2,122.14,122.29,-0.42,0.00514,"{'price_above_30w_ma': False, '30w_ma_rising': False, 'price_above_10w_ma': False, 'relative_strength_positive': True, 'near_52w_high': True}",leading,leading,100.05,101.18,-0.23,-0.4,False,False,2026-09-01 ratio=100.28 momentum=101.58; 2026-09-02 ratio=100.03 momentum=100.99; 2026-09-03 ratio=100.09 momentum=100.80; 2026-09-04 ratio=99.92 momentum=100.80; 2026-09-07 ratio=100.05 momentum=101.18,66.15
stock,Chaman Metallics,CMNL.NS,Sponge Iron,Metals & Mining,284.79,0.0,-1.62,-78.12,344.75,326.41,,5.37,,stage_2,4,115.75,109.28,0.1,0.00484,"{'price_above_30w_ma': True, '30w_ma_rising': True, 'price_above_10w_ma': True, 'relative_strength_positive': True, 'near_52w_high': False}",weakening,leading,101.59,99.59,-0.76,-2.81,False,False,2026-08-31 ratio=102.35 momentum=102.40; 2026-09-01 ratio=101.80 momentum=101.33; 2026-09-02 ratio=102.44 momentum=101.99; 2026-09-03 ratio=102.52 momentum=102.69; 2026-09-04 ratio=101.59 momentum=99.59,113.15
stock,Vaswani Industri,VASWANI.NS,Sponge Iron,Metals & Mining,156.16,0.0,1.16,-78.79,117.79,3.07,,8.76,,not_stage_2,0,47.01,54.77,-1.27,0.00197,"{'price_above_30w_ma': False, '30w_ma_rising': False, 'price_above_10w_ma': False, 'relative_strength_positive': False, 'near_52w_high': False}",improving,improving,98.6,101.86,-0.34,-0.08,False,False,2026-08-31 ratio=98.95 momentum=101.95; 2026-09-01 ratio=99.08 momentum=101.86; 2026-09-02 ratio=98.76 momentum=100.86; 2026-09-03 ratio=98.38 momentum=101.33; 2026-09-04 ratio=98.60 momentum=101.86,9.3
stock,Shri Hare-Krish.,SHKSIL.NS,Sponge Iron,Metals & Mining,59.69,0.0,1.55,-64.85,27.21,-35.63,9.63,7.76,,insufficient_data,0,,,,,{},insufficient_data,insufficient_data,,,,,False,False,,0.0
stock,DOMS Industries,DOMS.NS,Stationary,Fast Moving Consumer Goods,13304.99,0.17,45.28,-22.33,670.51,19.25,61.2,24.32,,not_stage_2,1,2201.5,2258.01,-1.07,0.09258,"{'price_above_30w_ma': False, '30w_ma_rising': False, 'price_above_10w_ma': False, 'relative_strength_positive': False, 'near_52w_high': True}",improving,improving,99.69,102.75,0.04,1.09,False,True,2026-09-01 ratio=99.65 momentum=101.67; 2026-09-02 ratio=99.48 momentum=102.14; 2026-09-03 ratio=99.62 momentum=102.24; 2026-09-04 ratio=99.61 momentum=102.41; 2026-09-07 ratio=99.69 momentum=102.75,33.75
stock,Navneet Educat.,NAVNETEDUL.NS,Stationary,Fast Moving Consumer Goods,2899.98,2.3,141.0,-16.66,788.0,-0.76,23.17,10.23,,not_stage_2,1,131.21,140.58,-1.23,0.00549,"{'price_above_30w_ma': False, '30w_ma_rising': False, 'price_above_10w_ma': False, 'relative_strength_positive': False, 'near_52w_high': True}",improving,improving,99.18,101.23,-0.22,-2.1,False,False,2026-08-31 ratio=99.40 momentum=103.33; 2026-09-01 ratio=99.35 momentum=102.23; 2026-09-02 ratio=99.47 momentum=102.19; 2026-09-03 ratio=99.28 momentum=101.74; 2026-09-04 ratio=99.18 momentum=101.23,26.15
stock,Flair Writing,FLAIR.NS,Stationary,Fast Moving Consumer Goods,2498.18,0.42,29.08,-0.28,319.25,10.64,17.88,16.83,,not_stage_2,0,240.22,285.11,-2.81,0.0101,"{'price_above_30w_ma': False, '30w_ma_rising': False, 'price_above_10w_ma': False, 'relative_strength_positive': False, 'near_52w_high': False}",lagging,improving,98.51,97.5,-0.96,-3.97,False,False,2026-09-01 ratio=99.47 momentum=101.48; 2026-09-02 ratio=99.28 momentum=101.53; 2026-09-03 ratio=99.51 momentum=101.30; 2026-09-04 ratio=98.83 momentum=99.43; 2026-09-07 ratio=98.51 momentum=97.50,0.0
stock,Kokuyo Camlin,KOKUYOCMLN.NS,Stationary,Fast Moving Consumer Goods,797.62,0.38,7.3,-27.44,229.18,0.79,36.22,10.21,,not_stage_2,0,79.43,84.27,-0.73,0.00334,"{'price_above_30w_ma': False, '30w_ma_rising': False, 'price_above_10w_ma': False, 'relative_strength_positive': False, 'near_52w_high': False}",improving,lagging,99.01,100.44,0.72,3.68,False,True,2026-09-01 ratio=98.29 momentum=96.76; 2026-09-02 ratio=98.27 momentum=100.85; 2026-09-03 ratio=98.53 momentum=102.37; 2026-09-04 ratio=99.22 momentum=103.29; 2026-09-07 ratio=99.01 momentum=100.44,2.2
stock,Linc,LINC.NS,Stationary,Fast Moving Consumer Goods,589.72,1.53,5.1,-30.42,135.65,1.01,17.15,19.12,,not_stage_2,0,95.07,102.02,-1.74,0.00398,"{'price_above_30w_ma': False, '30w_ma_rising': False, 'price_above_10w_ma': False, 'relative_strength_positive': False, 'near_52w_high': False}",improving,improving,99.04,102.42,0.3,1.46,False,True,2026-08-31 ratio=98.74 momentum=100.97; 2026-09-01 ratio=98.76 momentum=102.77; 2026-09-02 ratio=99.11 momentum=102.56; 2026-09-03 ratio=98.97 momentum=103.84; 2026-09-04 ratio=99.04 momentum=102.42,12.1
stock,Sundaram Multi.,SUNDARAM.NS,Stationary,Fast Moving Consumer Goods,57.34,0.0,0.32,138.89,49.6,21.99,16.34,3.8,,not_stage_2,1,1.23,1.34,-4.08,5e-05,"{'price_above_30w_ma': False, '30w_ma_rising': False, 'price_above_10w_ma': False, 'relative_strength_positive': True, 'near_52w_high': False}",improving,improving,99.92,102.59,-0.02,-3.91,False,False,2026-08-31 ratio=99.94 momentum=106.51; 2026-09-01 ratio=99.52 momentum=100.62; 2026-09-02 ratio=99.84 momentum=98.57; 2026-09-03 ratio=99.91 momentum=100.77; 2026-09-04 ratio=99.92 momentum=102.59,32.95
stock,Vasa Retail,VASA.NS,Stationary,Fast Moving Consumer Goods,2.22,0.0,-0.05,28.57,0.0,,,-1.93,,not_stage_2,1,4.05,4.57,-2.14,0.00017,"{'price_above_30w_ma': False, '30w_ma_rising': False, 'price_above_10w_ma': False, 'relative_strength_positive': False, 'near_52w_high': True}",improving,lagging,97.68,100.92,-0.76,3.2,False,False,2026-08-31 ratio=98.44 momentum=97.72; 2026-09-01 ratio=96.72 momentum=99.26; 2026-09-02 ratio=97.25 momentum=99.67; 2026-09-03 ratio=97.53 momentum=100.69; 2026-09-04 ratio=97.68 momentum=100.92,24.6
stock,Indus Towers,INDUSTOWER.NS,Telecom - Infrastructure,Telecommunic ation,98534.45,3.75,1745.8,0.52,8431.1,4.64,13.77,19.48,,not_stage_2,1,376.45,412.51,-2.05,0.01583,"{'price_above_30w_ma': False, '30w_ma_rising': False, 'price_above_10w_ma': False, 'relative_strength_positive': False, 'near_52w_high': True}",improving,improving,99.69,103.13,0.59,2.09,False,True,2026-09-01 ratio=99.10 momentum=101.04; 2026-09-02 ratio=99.65 momentum=101.98; 2026-09-03 ratio=99.39 momentum=102.58; 2026-09-04 ratio=99.54 momentum=102.04; 2026-09-07 ratio=99.69 momentum=103.13,35.65
stock,HFCL,HFCL.NS,Telecom - Infrastructure,Telecommunic ation,38390.87,0.08,245.64,809.06,1914.98,119.85,67.05,10.86,,stage_2,5,243.01,157.09,16.97,0.01022,"{'price_above_30w_ma': True, '30w_ma_rising': True, 'price_above_10w_ma': True, 'relative_strength_positive': True, 'near_52w_high': True}",weakening,weakening,101.86,99.53,0.4,-0.03,False,False,2026-09-01 ratio=101.45 momentum=99.56; 2026-09-02 ratio=100.82 momentum=98.97; 2026-09-03 ratio=100.43 momentum=99.02; 2026-09-04 ratio=101.12 momentum=99.60; 2026-09-07 ratio=101.86 momentum=99.53,168.24
stock,Pace Digitek,PACEDIGITK.NS,Telecom - Infrastructure,Telecommunic ation,3456.88,0.0,62.5,13.24,555.36,51.29,11.51,21.4,,not_stage_2,0,161.09,180.51,-0.41,0.00677,"{'price_above_30w_ma': False, '30w_ma_rising': False, 'price_above_10w_ma': False, 'relative_strength_positive': False, 'near_52w_high': False}",lagging,lagging,98.2,97.99,0.14,-1.17,False,False,2026-09-01 ratio=98.06 momentum=99.16; 2026-09-02 ratio=98.13 momentum=99.33; 2026-09-03 ratio=98.32 momentum=100.10; 2026-09-04 ratio=98.48 momentum=99.11; 2026-09-07 ratio=98.20 momentum=97.99,0.0
stock,GTL Infra.,GTLINFRA.NS,Telecom - Infrastructure,Telecommunic ation,1511.51,0.0,69.39,129.86,327.31,-2.16,,,,not_stage_2,1,1.16,1.25,1.4,5e-05,"{'price_above_30w_ma': False, '30w_ma_rising': True, 'price_above_10w_ma': False, 'relative_strength_positive': False, 'near_52w_high': False}",lagging,lagging,98.78,97.81,-0.03,-0.94,False,False,2026-08-31 ratio=98.80 momentum=98.75; 2026-09-01 ratio=98.54 momentum=97.58; 2026-09-02 ratio=98.76 momentum=98.49; 2026-09-03 ratio=98.78 momentum=98.79; 2026-09-04 ratio=98.78 momentum=97.81,22.8
stock,Suyog Telematics,SUYOG.NS,Telecom - Infrastructure,Telecommunic ation,835.56,0.14,13.93,-18.11,65.27,2.16,14.11,14.42,,not_stage_2,2,718.5,769.22,2.7,0.03022,"{'price_above_30w_ma': False, '30w_ma_rising': True, 'price_above_10w_ma': False, 'relative_strength_positive': False, 'near_52w_high': True}",improving,lagging,98.24,102.01,0.15,7.31,False,True,2026-09-01 ratio=98.09 momentum=94.70; 2026-09-02 ratio=98.17 momentum=98.76; 2026-09-03 ratio=98.39 momentum=102.26; 2026-09-04 ratio=98.33 momentum=101.69; 2026-09-07 ratio=98.24 momentum=102.01,55.45
stock,Sar Televenture,SARTELE.NS,Telecom - Infrastructure,Telecommunic ation,437.29,0.0,36.23,25.49,280.35,35.3,6.09,8.84,,not_stage_2,0,89.85,142.64,-9.89,0.00378,"{'price_above_30w_ma': False, '30w_ma_rising': False, 'price_above_10w_ma': False, 'relative_strength_positive': False, 'near_52w_high': False}",lagging,lagging,98.42,99.55,0.34,0.3,False,False,2026-09-01 ratio=98.09 momentum=99.24; 2026-09-02 ratio=98.16 momentum=98.07; 2026-09-03 ratio=98.35 momentum=99.28; 2026-09-04 ratio=98.29 momentum=96.64; 2026-09-07 ratio=98.42 momentum=99.55,0.0
stock,Kore Digital,KDL.NS,Telecom - Infrastructure,Telecommunic ation,109.12,0.0,11.91,-51.61,150.42,-36.24,2.97,38.1,,not_stage_2,0,92.45,124.07,-6.55,0.00387,"{'price_above_30w_ma': False, '30w_ma_rising': False, 'price_above_10w_ma': False, 'relative_strength_positive': False, 'near_52w_high': False}",improving,improving,98.97,102.07,0.36,1.08,False,True,2026-08-31 ratio=98.61 momentum=100.99; 2026-09-01 ratio=98.63 momentum=101.47; 2026-09-02 ratio=98.57 momentum=101.05; 2026-09-03 ratio=98.77 momentum=101.47; 2026-09-04 ratio=98.97 momentum=102.07,10.35
stock,Rama Telecom,RTL.NS,Telecom - Infrastructure,Telecommunic ation,105.66,0.0,0.48,-86.7,27.75,18.69,36.31,11.89,,insufficient_data,0,,,,,{},insufficient_data,insufficient_data,,,,,False,False,,0.0
