level,name,symbol,parent,sector,market_cap_cr,dividend_yield_pct,np_qtr_cr,qtr_profit_var_pct,sales_qtr_cr,qtr_sales_var_pct,pe,roce,error,stage,stage2_score,close,weekly_ma,weekly_ma_slope_4w_pct,rs_vs_benchmark,checks,rrg_quadrant,rrg_quadrant_5d_ago,rs_ratio,rs_momentum,rs_ratio_5d_delta,rs_momentum_5d_delta,moving_to_leading,improving_toward_leading,rrg_tail,stock_score
stock,Bajaj Auto,BAJAJ-AUTO.NS,2/3 Wheelers,Automobile and Auto Components,328404.94,1.29,3188.75,45.93,21688.83,65.14,27.86,28.24,,stage_2,5,11600.0,9972.13,2.59,0.47126,"{'price_above_30w_ma': True, '30w_ma_rising': True, 'price_above_10w_ma': True, 'relative_strength_positive': True, 'near_52w_high': True}",leading,leading,101.71,105.25,-0.2,3.49,False,False,2026-07-29 ratio=101.92 momentum=101.75; 2026-07-30 ratio=101.94 momentum=101.94; 2026-07-31 ratio=101.95 momentum=102.33; 2026-08-03 ratio=102.14 momentum=102.58; 2026-08-04 ratio=101.71 momentum=105.25,184.98
stock,Eicher Motors,EICHERMOT.NS,2/3 Wheelers,Automobile and Auto Components,219194.44,1.03,1462.51,21.35,6632.42,31.55,37.69,30.53,,stage_2,5,7935.0,7329.9,0.72,0.32237,"{'price_above_30w_ma': True, '30w_ma_rising': True, 'price_above_10w_ma': True, 'relative_strength_positive': True, 'near_52w_high': True}",weakening,leading,101.42,99.42,0.02,-2.52,False,False,2026-07-29 ratio=101.39 momentum=101.93; 2026-07-30 ratio=101.87 momentum=103.28; 2026-07-31 ratio=101.36 momentum=101.76; 2026-08-03 ratio=101.78 momentum=103.60; 2026-08-04 ratio=101.42 momentum=99.42,133.54
stock,TVS Motor Co.,TVSMOTOR.NS,2/3 Wheelers,Automobile and Auto Components,209428.38,0.28,1057.61,67.11,16295.52,33.46,60.54,17.37,,stage_2,5,4360.0,3640.82,1.16,0.17713,"{'price_above_30w_ma': True, '30w_ma_rising': True, 'price_above_10w_ma': True, 'relative_strength_positive': True, 'near_52w_high': True}",weakening,leading,102.61,99.75,-0.23,-1.84,False,False,2026-07-29 ratio=102.84 momentum=101.58; 2026-07-30 ratio=103.14 momentum=102.62; 2026-07-31 ratio=103.18 momentum=103.10; 2026-08-03 ratio=102.87 momentum=106.82; 2026-08-04 ratio=102.61 momentum=99.75,140.37
stock,Hero Motocorp,HEROMOTOCO.NS,2/3 Wheelers,Automobile and Auto Components,111789.59,3.33,1473.92,25.72,12978.28,30.18,19.46,35.22,,not_stage_2,4,5548.0,5218.96,-1.43,0.22539,"{'price_above_30w_ma': True, '30w_ma_rising': False, 'price_above_10w_ma': True, 'relative_strength_positive': True, 'near_52w_high': True}",leading,leading,103.22,103.25,1.82,1.16,False,False,2026-07-29 ratio=101.40 momentum=102.09; 2026-07-30 ratio=102.90 momentum=103.00; 2026-07-31 ratio=103.01 momentum=103.69; 2026-08-03 ratio=102.65 momentum=103.13; 2026-08-04 ratio=103.22 momentum=103.25,132.35
stock,Ather Energy,ATHERENERG.NS,2/3 Wheelers,Automobile and Auto Components,57143.73,0.0,-50.87,71.46,1216.92,88.79,,-19.77,,stage_2,5,1450.4,907.86,9.73,0.05892,"{'price_above_30w_ma': True, '30w_ma_rising': True, 'price_above_10w_ma': True, 'relative_strength_positive': True, 'near_52w_high': True}",leading,weakening,102.49,101.18,1.27,4.52,True,False,2026-07-29 ratio=101.23 momentum=96.66; 2026-07-30 ratio=101.11 momentum=97.32; 2026-07-31 ratio=101.20 momentum=97.58; 2026-08-03 ratio=101.10 momentum=96.52; 2026-08-04 ratio=102.49 momentum=101.18,192.81
stock,Ola Electric,OLAELEC.NS,2/3 Wheelers,Automobile and Auto Components,17851.77,0.0,-500.0,42.53,265.0,-56.63,,-19.56,,not_stage_2,2,38.57,35.25,0.33,0.00157,"{'price_above_30w_ma': True, '30w_ma_rising': True, 'price_above_10w_ma': False, 'relative_strength_positive': False, 'near_52w_high': False}",lagging,lagging,98.82,96.01,-0.17,-1.25,False,False,2026-07-29 ratio=98.99 momentum=97.26; 2026-07-30 ratio=98.78 momentum=96.73; 2026-07-31 ratio=99.00 momentum=96.86; 2026-08-03 ratio=98.82 momentum=96.33; 2026-08-04 ratio=98.82 momentum=96.01,40.66
stock,Tunwal E-Motors,TUNWAL.NS,2/3 Wheelers,Automobile and Auto Components,150.0,0.38,4.23,-34.72,132.45,27.15,11.78,13.28,,not_stage_2,0,26.0,29.64,-3.67,0.00106,"{'price_above_30w_ma': False, '30w_ma_rising': False, 'price_above_10w_ma': False, 'relative_strength_positive': False, 'near_52w_high': False}",lagging,improving,98.82,98.45,-0.38,-3.79,False,False,2026-07-28 ratio=99.20 momentum=102.24; 2026-07-29 ratio=99.12 momentum=102.05; 2026-07-30 ratio=99.25 momentum=102.47; 2026-07-31 ratio=99.00 momentum=102.60; 2026-08-03 ratio=98.82 momentum=98.45,0.0
stock,Delta Auto.,DELTIC.NS,2/3 Wheelers,Automobile and Auto Components,53.82,0.0,3.1,-47.28,37.54,-28.28,8.2,11.81,,insufficient_data,0,,,,,{},insufficient_data,insufficient_data,,,,,False,False,,0.0
stock,Victory Ele.,VICTORYEV.NS,2/3 Wheelers,Automobile and Auto Components,40.96,0.0,0.53,-86.91,15.27,-52.67,19.05,10.52,,insufficient_data,0,,,,,{},insufficient_data,insufficient_data,,,,,False,False,,0.0
stock,Timken India,TIMKEN.NS,Abrasives & Bearings,Capital Goods,24324.69,0.08,154.79,-17.15,1073.14,14.19,61.06,18.26,,not_stage_2,2,3231.9,3359.03,0.63,0.1313,"{'price_above_30w_ma': False, '30w_ma_rising': True, 'price_above_10w_ma': False, 'relative_strength_positive': False, 'near_52w_high': True}",improving,improving,98.99,104.27,0.55,2.44,False,True,2026-07-29 ratio=98.44 momentum=101.82; 2026-07-30 ratio=98.48 momentum=102.29; 2026-07-31 ratio=98.69 momentum=103.38; 2026-08-03 ratio=98.82 momentum=103.45; 2026-08-04 ratio=98.99 momentum=104.27,62.61
stock,Grindwell Norton,GRINDWELL.NS,Abrasives & Bearings,Capital Goods,23303.03,0.91,115.31,22.3,803.3,14.19,53.41,21.18,,stage_2,4,2094.5,1759.71,3.99,0.08509,"{'price_above_30w_ma': True, '30w_ma_rising': True, 'price_above_10w_ma': True, 'relative_strength_positive': False, 'near_52w_high': True}",lagging,leading,99.98,97.75,-0.67,-2.46,False,False,2026-07-29 ratio=100.66 momentum=100.21; 2026-07-30 ratio=100.39 momentum=92.52; 2026-07-31 ratio=100.50 momentum=100.05; 2026-08-03 ratio=99.78 momentum=96.42; 2026-08-04 ratio=99.98 momentum=97.75,112.98
stock,Carborundum Uni.,CARBORUNIV.NS,Abrasives & Bearings,Capital Goods,20507.82,0.37,-40.01,-17.82,1398.35,14.89,79.74,10.52,,not_stage_2,3,1078.5,950.91,3.25,0.04381,"{'price_above_30w_ma': True, '30w_ma_rising': True, 'price_above_10w_ma': False, 'relative_strength_positive': False, 'near_52w_high': True}",lagging,lagging,99.25,98.07,0.19,1.42,False,False,2026-07-29 ratio=99.06 momentum=96.66; 2026-07-30 ratio=98.94 momentum=96.25; 2026-07-31 ratio=99.15 momentum=99.94; 2026-08-03 ratio=99.43 momentum=98.84; 2026-08-04 ratio=99.25 momentum=98.07,66.5
stock,SKF India Indus.,SKFINDUS.NS,Abrasives & Bearings,Capital Goods,13767.25,0.36,118.97,-1.93,945.72,31.24,37.06,29.89,,stage_2,5,2771.9,2452.1,1.03,0.11261,"{'price_above_30w_ma': True, '30w_ma_rising': True, 'price_above_10w_ma': True, 'relative_strength_positive': True, 'near_52w_high': True}",weakening,weakening,100.38,97.68,0.13,0.68,False,False,2026-07-29 ratio=100.25 momentum=97.00; 2026-07-30 ratio=100.21 momentum=97.98; 2026-07-31 ratio=100.41 momentum=100.14; 2026-08-03 ratio=100.03 momentum=98.75; 2026-08-04 ratio=100.38 momentum=97.68,128.96
stock,SKF India,SKFINDIA.NS,Abrasives & Bearings,Capital Goods,7417.04,2.68,-20.23,-128.78,594.54,20.68,25.08,13.33,,not_stage_2,0,1493.3,1638.63,-2.52,0.06067,"{'price_above_30w_ma': False, '30w_ma_rising': False, 'price_above_10w_ma': False, 'relative_strength_positive': False, 'near_52w_high': False}",improving,improving,98.42,109.02,0.23,7.6,False,True,2026-07-29 ratio=98.18 momentum=101.43; 2026-07-30 ratio=98.15 momentum=102.04; 2026-07-31 ratio=98.28 momentum=104.04; 2026-08-03 ratio=98.39 momentum=103.44; 2026-08-04 ratio=98.42 momentum=109.02,45.1
stock,Wendt India,WENDT.NS,Abrasives & Bearings,Capital Goods,1615.73,0.37,6.18,63.49,71.28,36.63,95.32,7.82,,stage_2,5,8102.0,7168.1,0.29,0.32915,"{'price_above_30w_ma': True, '30w_ma_rising': True, 'price_above_10w_ma': True, 'relative_strength_positive': True, 'near_52w_high': True}",leading,leading,100.63,100.82,-0.71,0.08,False,False,2026-07-29 ratio=101.34 momentum=100.74; 2026-07-30 ratio=100.97 momentum=100.26; 2026-07-31 ratio=101.11 momentum=101.44; 2026-08-03 ratio=100.78 momentum=100.98; 2026-08-04 ratio=100.63 momentum=100.82,152.83
stock,SKP Bearing,SKP.NS,Abrasives & Bearings,Capital Goods,273.9,0.67,-0.95,,37.99,,311.25,11.38,,not_stage_2,3,158.0,157.76,-1.49,0.00642,"{'price_above_30w_ma': True, '30w_ma_rising': False, 'price_above_10w_ma': True, 'relative_strength_positive': True, 'near_52w_high': False}",lagging,leading,99.46,99.98,-0.7,-2.17,False,False,2026-07-28 ratio=100.17 momentum=102.15; 2026-07-29 ratio=99.89 momentum=102.31; 2026-07-30 ratio=99.57 momentum=101.55; 2026-07-31 ratio=99.97 momentum=102.73; 2026-08-03 ratio=99.46 momentum=99.98,60.0
stock,NRB Indl Bearing,NIBL.NS,Abrasives & Bearings,Capital Goods,86.11,0.0,-6.74,3.16,20.58,27.75,,-18.17,,stage_2,5,35.35,31.04,1.67,0.00144,"{'price_above_30w_ma': True, '30w_ma_rising': True, 'price_above_10w_ma': True, 'relative_strength_positive': True, 'near_52w_high': True}",weakening,leading,101.07,97.9,-1.44,-2.71,False,False,2026-07-29 ratio=102.51 momentum=100.60; 2026-07-30 ratio=101.62 momentum=96.56; 2026-07-31 ratio=100.63 momentum=96.86; 2026-08-03 ratio=100.90 momentum=97.78; 2026-08-04 ratio=101.07 momentum=97.90,133.69
stock,Signpost India,SIGNPOST.NS,Advertising & Media Agencies,"Media, Entertainment & Publication",1462.96,0.18,18.69,22.32,152.26,10.61,19.92,25.13,,not_stage_2,3,274.0,257.98,4.34,0.01113,"{'price_above_30w_ma': True, '30w_ma_rising': True, 'price_above_10w_ma': False, 'relative_strength_positive': False, 'near_52w_high': True}",lagging,weakening,99.13,97.61,-1.56,-0.12,False,False,2026-07-29 ratio=100.69 momentum=97.72; 2026-07-30 ratio=100.79 momentum=97.16; 2026-07-31 ratio=99.59 momentum=95.41; 2026-08-03 ratio=99.27 momentum=96.27; 2026-08-04 ratio=99.13 momentum=97.61,68.68
stock,R K Swamy,RKSWAMY.NS,Advertising & Media Agencies,"Media, Entertainment & Publication",516.07,1.96,15.94,29.28,100.88,20.8,21.19,12.26,,not_stage_2,2,101.93,97.43,-1.24,0.00414,"{'price_above_30w_ma': True, '30w_ma_rising': False, 'price_above_10w_ma': True, 'relative_strength_positive': False, 'near_52w_high': False}",lagging,weakening,99.18,98.78,-1.33,-1.07,False,False,2026-07-29 ratio=100.52 momentum=99.86; 2026-07-30 ratio=100.75 momentum=99.91; 2026-07-31 ratio=99.76 momentum=99.09; 2026-08-03 ratio=98.93 momentum=98.53; 2026-08-04 ratio=99.18 momentum=98.78,40.0
stock,Yaap Digital,YAAP.NS,Advertising & Media Agencies,"Media, Entertainment & Publication",320.07,0.0,19.0,84.08,135.66,28.14,17.34,30.86,,insufficient_data,0,,,,,{},insufficient_data,insufficient_data,,,,,False,False,,0.0
stock,Vertoz,VERTOZ.NS,Advertising & Media Agencies,"Media, Entertainment & Publication",304.95,0.28,6.25,-2.33,73.69,13.06,11.7,14.16,,not_stage_2,0,35.78,44.72,-9.65,0.00145,"{'price_above_30w_ma': False, '30w_ma_rising': False, 'price_above_10w_ma': False, 'relative_strength_positive': False, 'near_52w_high': False}",improving,improving,98.75,104.47,0.1,2.92,False,True,2026-07-29 ratio=98.66 momentum=101.54; 2026-07-30 ratio=98.67 momentum=101.24; 2026-07-31 ratio=98.67 momentum=101.94; 2026-08-03 ratio=98.62 momentum=101.14; 2026-08-04 ratio=98.75 momentum=104.47,22.35
stock,Simca Advertis.,SIMCA.NS,Advertising & Media Agencies,"Media, Entertainment & Publication",270.2,0.0,9.04,1164.71,78.51,107.37,16.25,97.5,,insufficient_data,0,,,,,{},insufficient_data,insufficient_data,,,,,False,False,,0.0
stock,Cash UR Drive,CUDML.NS,Advertising & Media Agencies,"Media, Entertainment & Publication",242.72,0.0,18.52,94.54,108.79,43.71,8.26,40.31,,insufficient_data,0,,,,,{},insufficient_data,insufficient_data,,,,,False,False,,0.0
stock,Pramara Promotio,PRAMARA.NS,Advertising & Media Agencies,"Media, Entertainment & Publication",168.72,0.0,3.91,5.96,59.27,6.49,16.8,14.95,,not_stage_2,0,126.45,265.81,-9.86,0.00514,"{'price_above_30w_ma': False, '30w_ma_rising': False, 'price_above_10w_ma': False, 'relative_strength_positive': False, 'near_52w_high': False}",lagging,improving,98.66,96.83,-0.77,-5.06,False,False,2026-07-28 ratio=99.43 momentum=101.89; 2026-07-29 ratio=99.28 momentum=97.69; 2026-07-30 ratio=99.32 momentum=98.37; 2026-07-31 ratio=99.09 momentum=97.24; 2026-08-03 ratio=98.66 momentum=96.83,0.0
stock,Digicontent,DGCONTENT.NS,Advertising & Media Agencies,"Media, Entertainment & Publication",138.03,0.0,-1.93,17.17,123.3,11.63,8.1,23.95,,not_stage_2,0,23.88,26.86,-3.75,0.00097,"{'price_above_30w_ma': False, '30w_ma_rising': False, 'price_above_10w_ma': False, 'relative_strength_positive': False, 'near_52w_high': False}",lagging,lagging,98.0,99.35,-0.91,0.36,False,False,2026-07-29 ratio=98.90 momentum=98.99; 2026-07-30 ratio=98.15 momentum=95.96; 2026-07-31 ratio=97.93 momentum=96.39; 2026-08-03 ratio=97.73 momentum=97.27; 2026-08-04 ratio=98.00 momentum=99.35,0.0
stock,Value 360 Commu.,VALUE360.NS,Advertising & Media Agencies,"Media, Entertainment & Publication",116.98,0.0,4.99,131.34,35.84,16.97,11.79,38.64,,insufficient_data,0,,,,,{},insufficient_data,insufficient_data,,,,,False,False,,0.0
stock,Crayons Advertis,CRAYONS.NS,Advertising & Media Agencies,"Media, Entertainment & Publication",67.92,0.0,0.68,-94.03,171.88,26.88,18.06,5.55,,not_stage_2,0,26.5,33.17,-4.73,0.00108,"{'price_above_30w_ma': False, '30w_ma_rising': False, 'price_above_10w_ma': False, 'relative_strength_positive': False, 'near_52w_high': False}",improving,lagging,98.88,101.28,0.29,2.83,False,True,2026-07-28 ratio=98.59 momentum=98.45; 2026-07-29 ratio=98.79 momentum=98.91; 2026-07-30 ratio=99.18 momentum=101.03; 2026-07-31 ratio=98.96 momentum=100.46; 2026-08-03 ratio=98.88 momentum=101.28,6.4
stock,Hind.Aeronautics,HAL.NS,Aerospace & Defense,Capital Goods,311966.08,0.97,4196.04,5.52,13942.4,1.77,34.22,31.96,,stage_2,5,4635.0,4271.39,0.6,0.1883,"{'price_above_30w_ma': True, '30w_ma_rising': True, 'price_above_10w_ma': True, 'relative_strength_positive': True, 'near_52w_high': True}",weakening,leading,100.96,99.63,-0.48,-2.12,False,False,2026-07-29 ratio=101.44 momentum=101.75; 2026-07-30 ratio=101.13 momentum=101.48; 2026-07-31 ratio=101.64 momentum=102.29; 2026-08-03 ratio=101.26 momentum=102.13; 2026-08-04 ratio=100.96 momentum=99.63,131.0
stock,Bharat Electron,BEL.NS,Aerospace & Defense,Capital Goods,288978.09,0.61,1054.53,8.7,5546.98,24.94,47.02,36.53,,not_stage_2,1,391.5,424.28,-0.15,0.01591,"{'price_above_30w_ma': False, '30w_ma_rising': False, 'price_above_10w_ma': False, 'relative_strength_positive': False, 'near_52w_high': True}",lagging,lagging,97.63,98.86,1.01,1.54,False,False,2026-07-29 ratio=96.62 momentum=97.32; 2026-07-30 ratio=96.67 momentum=98.13; 2026-07-31 ratio=97.18 momentum=98.88; 2026-08-03 ratio=97.28 momentum=98.89; 2026-08-04 ratio=97.63 momentum=98.86,20.0
stock,Bharat Dynamics,BDL.NS,Aerospace & Defense,Capital Goods,46739.64,0.37,113.18,-58.51,480.2,-72.98,111.19,13.84,,not_stage_2,1,1265.0,1315.72,-2.11,0.05139,"{'price_above_30w_ma': False, '30w_ma_rising': False, 'price_above_10w_ma': False, 'relative_strength_positive': False, 'near_52w_high': True}",lagging,improving,99.09,99.15,-0.11,-1.08,False,False,2026-07-29 ratio=99.20 momentum=100.22; 2026-07-30 ratio=98.91 momentum=99.27; 2026-07-31 ratio=99.02 momentum=101.21; 2026-08-03 ratio=98.92 momentum=99.93; 2026-08-04 ratio=99.09 momentum=99.15,20.0
stock,Garden Reach Sh.,GRSE.NS,Aerospace & Defense,Capital Goods,29187.69,0.54,172.84,43.82,1814.62,38.53,36.46,42.96,,not_stage_2,2,2546.9,2576.3,0.8,0.10347,"{'price_above_30w_ma': False, '30w_ma_rising': True, 'price_above_10w_ma': False, 'relative_strength_positive': False, 'near_52w_high': True}",lagging,improving,97.78,97.99,-1.06,-2.14,False,False,2026-07-29 ratio=98.84 momentum=100.13; 2026-07-30 ratio=98.29 momentum=99.21; 2026-07-31 ratio=98.46 momentum=100.55; 2026-08-03 ratio=97.85 momentum=99.29; 2026-08-04 ratio=97.78 momentum=97.99,41.6
stock,Data Pattern,DATAPATTNS.NS,Aerospace & Defense,Capital Goods,25487.51,0.22,22.06,-13.49,116.03,16.81,94.31,21.92,,stage_2,5,4554.7,3686.26,6.76,0.18504,"{'price_above_30w_ma': True, '30w_ma_rising': True, 'price_above_10w_ma': True, 'relative_strength_positive': True, 'near_52w_high': True}",leading,leading,100.18,100.76,0.08,0.11,False,False,2026-07-29 ratio=100.10 momentum=100.65; 2026-07-30 ratio=100.10 momentum=100.86; 2026-07-31 ratio=99.32 momentum=100.38; 2026-08-03 ratio=99.59 momentum=101.18; 2026-08-04 ratio=100.18 momentum=100.76,163.22
stock,Astra Microwave,ASTRAMICRO.NS,Aerospace & Defense,Capital Goods,17502.41,0.12,105.98,44.21,488.24,19.71,90.7,20.25,,stage_2,5,1835.4,1252.8,9.93,0.07456,"{'price_above_30w_ma': True, '30w_ma_rising': True, 'price_above_10w_ma': True, 'relative_strength_positive': True, 'near_52w_high': True}",weakening,weakening,100.9,99.91,0.09,1.74,False,False,2026-07-29 ratio=100.81 momentum=98.17; 2026-07-30 ratio=100.52 momentum=97.90; 2026-07-31 ratio=101.17 momentum=101.48; 2026-08-03 ratio=100.93 momentum=99.85; 2026-08-04 ratio=100.90 momentum=99.91,149.36
stock,Aequs,AEQUS.NS,Aerospace & Defense,Capital Goods,15475.64,0.0,-53.23,-1457.91,395.55,54.77,,1.55,,stage_2,5,230.79,177.39,7.01,0.00938,"{'price_above_30w_ma': True, '30w_ma_rising': True, 'price_above_10w_ma': True, 'relative_strength_positive': True, 'near_52w_high': True}",weakening,weakening,100.26,95.75,-0.14,-0.68,False,False,2026-07-29 ratio=100.39 momentum=96.43; 2026-07-30 ratio=100.31 momentum=97.40; 2026-07-31 ratio=100.30 momentum=99.08; 2026-08-03 ratio=100.33 momentum=96.64; 2026-08-04 ratio=100.26 momentum=95.75,140.32
stock,Zen Technologies,ZENTEC.NS,Aerospace & Defense,Capital Goods,15224.29,0.06,31.85,-23.2,141.64,-10.48,83.79,16.18,,not_stage_2,3,1683.4,1569.15,3.18,0.06839,"{'price_above_30w_ma': True, '30w_ma_rising': True, 'price_above_10w_ma': False, 'relative_strength_positive': False, 'near_52w_high': True}",lagging,lagging,98.6,98.0,0.14,0.93,False,False,2026-07-29 ratio=98.45 momentum=97.07; 2026-07-30 ratio=98.08 momentum=97.20; 2026-07-31 ratio=98.15 momentum=98.12; 2026-08-03 ratio=98.23 momentum=98.43; 2026-08-04 ratio=98.60 momentum=98.00,66.36
stock,Apollo Micro Sys,APOLLO.NS,Aerospace & Defense,Capital Goods,14785.93,0.06,36.79,168.71,293.26,81.28,130.94,14.47,,not_stage_2,3,398.2,308.37,6.4,0.01618,"{'price_above_30w_ma': True, '30w_ma_rising': True, 'price_above_10w_ma': False, 'relative_strength_positive': False, 'near_52w_high': True}",lagging,lagging,98.88,98.51,0.13,1.93,False,False,2026-07-29 ratio=98.74 momentum=96.59; 2026-07-30 ratio=98.36 momentum=96.97; 2026-07-31 ratio=98.80 momentum=98.06; 2026-08-03 ratio=98.80 momentum=98.28; 2026-08-04 ratio=98.88 momentum=98.51,72.8
stock,Sigma Advanced System,SIGMAADV.NS,Aerospace & Defense,Capital Goods,13001.68,0.0,128.45,1400.69,322.82,469.05,46.87,60.82,,stage_2,5,686.8,331.08,19.35,0.0279,"{'price_above_30w_ma': True, '30w_ma_rising': True, 'price_above_10w_ma': True, 'relative_strength_positive': True, 'near_52w_high': True}",leading,leading,102.19,103.01,0.91,2.18,False,False,2026-07-29 ratio=101.29 momentum=100.83; 2026-07-30 ratio=101.18 momentum=100.29; 2026-07-31 ratio=101.47 momentum=101.53; 2026-08-03 ratio=101.73 momentum=102.39; 2026-08-04 ratio=102.19 momentum=103.01,209.7
stock,Hindalco Inds.,HINDALCO.NS,Aluminium,Metals & Mining,230351.62,0.49,2597.0,-22.12,78133.0,20.41,13.65,13.21,,stage_2,5,1020.0,981.01,1.13,0.04144,"{'price_above_30w_ma': True, '30w_ma_rising': True, 'price_above_10w_ma': True, 'relative_strength_positive': True, 'near_52w_high': True}",improving,improving,99.81,103.88,0.66,1.54,False,True,2026-07-29 ratio=99.15 momentum=102.35; 2026-07-30 ratio=99.25 momentum=102.04; 2026-07-31 ratio=99.30 momentum=104.20; 2026-08-03 ratio=99.39 momentum=103.94; 2026-08-04 ratio=99.81 momentum=103.88,146.66
stock,Vedanta Aluminium Metal,VAML.NS,Aluminium,Metals & Mining,182829.87,1.71,6597.0,216.06,21393.0,45.99,11.55,,,insufficient_data,0,,,,,{},insufficient_data,insufficient_data,,,,,False,False,,0.0
stock,Natl. Aluminium,NATIONALUM.NS,Aluminium,Metals & Mining,70192.13,3.05,2003.14,90.87,5302.38,39.28,10.4,39.59,,not_stage_2,4,377.0,378.92,1.31,0.01532,"{'price_above_30w_ma': False, '30w_ma_rising': True, 'price_above_10w_ma': True, 'relative_strength_positive': True, 'near_52w_high': True}",improving,lagging,99.98,103.51,0.9,4.33,False,True,2026-07-29 ratio=99.08 momentum=99.19; 2026-07-30 ratio=99.17 momentum=100.67; 2026-07-31 ratio=99.24 momentum=104.27; 2026-08-03 ratio=99.65 momentum=103.95; 2026-08-04 ratio=99.98 momentum=103.51,100.17
stock,Arfin India,ARFIN.NS,Aluminium,Metals & Mining,1443.25,0.13,5.71,957.41,191.7,24.99,106.12,13.97,,not_stage_2,3,86.23,85.21,2.66,0.0035,"{'price_above_30w_ma': True, '30w_ma_rising': True, 'price_above_10w_ma': False, 'relative_strength_positive': False, 'near_52w_high': True}",lagging,improving,98.53,99.66,-0.35,-0.73,False,False,2026-07-29 ratio=98.88 momentum=100.39; 2026-07-30 ratio=99.20 momentum=100.23; 2026-07-31 ratio=99.46 momentum=101.83; 2026-08-03 ratio=98.15 momentum=99.42; 2026-08-04 ratio=98.53 momentum=99.66,65.32
stock,MMP Industries,MMP.NS,Aluminium,Metals & Mining,764.75,0.66,17.99,14.36,249.68,11.9,19.84,12.49,,stage_2,5,301.05,258.31,1.78,0.01223,"{'price_above_30w_ma': True, '30w_ma_rising': True, 'price_above_10w_ma': True, 'relative_strength_positive': True, 'near_52w_high': True}",leading,lagging,102.15,102.48,2.21,2.99,True,False,2026-07-29 ratio=99.95 momentum=99.49; 2026-07-30 ratio=99.99 momentum=98.38; 2026-07-31 ratio=101.41 momentum=102.78; 2026-08-03 ratio=101.10 momentum=101.23; 2026-08-04 ratio=102.15 momentum=102.48,181.71
stock,Maan Aluminium,MAANALU.NS,Aluminium,Metals & Mining,759.53,0.0,1.7,-56.85,254.57,3.54,58.29,7.73,,not_stage_2,3,127.09,135.01,-3.71,0.00516,"{'price_above_30w_ma': False, '30w_ma_rising': False, 'price_above_10w_ma': True, 'relative_strength_positive': True, 'near_52w_high': True}",improving,improving,99.92,102.91,0.81,0.57,False,True,2026-07-29 ratio=99.11 momentum=102.35; 2026-07-30 ratio=98.83 momentum=100.83; 2026-07-31 ratio=99.46 momentum=102.91; 2026-08-03 ratio=99.74 momentum=103.59; 2026-08-04 ratio=99.92 momentum=102.91,74.55
stock,Jainik Power,JAINIK.NS,Aluminium,Metals & Mining,266.86,0.0,7.85,64.57,208.91,9.73,19.03,29.88,,insufficient_data,0,,,,,{},insufficient_data,insufficient_data,,,,,False,False,,0.0
stock,Manaksia Alumi.,MANAKALUCO.NS,Aluminium,Metals & Mining,229.36,0.2,3.24,62.0,155.66,13.56,30.34,10.15,,not_stage_2,2,35.12,34.53,2.5,0.00143,"{'price_above_30w_ma': True, '30w_ma_rising': True, 'price_above_10w_ma': False, 'relative_strength_positive': False, 'near_52w_high': False}",lagging,lagging,98.84,97.32,-0.71,-1.21,False,False,2026-07-29 ratio=99.55 momentum=98.53; 2026-07-30 ratio=99.04 momentum=95.92; 2026-07-31 ratio=99.02 momentum=97.51; 2026-08-03 ratio=98.46 momentum=96.55; 2026-08-04 ratio=98.84 momentum=97.32,45.0
stock,Prec. Wires (I),PRECWIRE.NS,"Aluminium, Copper & Zinc Products",Capital Goods,6960.38,0.33,54.87,85.5,1762.85,67.19,45.28,32.94,,not_stage_2,3,381.2,346.1,5.53,0.01549,"{'price_above_30w_ma': True, '30w_ma_rising': True, 'price_above_10w_ma': False, 'relative_strength_positive': False, 'near_52w_high': True}",improving,lagging,99.05,103.73,0.73,5.07,False,True,2026-07-29 ratio=98.31 momentum=98.66; 2026-07-30 ratio=98.16 momentum=98.54; 2026-07-31 ratio=98.80 momentum=103.01; 2026-08-03 ratio=98.86 momentum=102.40; 2026-08-04 ratio=99.05 momentum=103.73,89.71
stock,CMR Green Tech.,CMRGREEN.NS,"Aluminium, Copper & Zinc Products",Capital Goods,5015.96,0.0,65.98,141.95,2364.67,45.38,23.62,13.98,,insufficient_data,0,,,,,{},insufficient_data,insufficient_data,,,,,False,False,,0.0
stock,Vidya Wires,VIDYAWIRES.NS,"Aluminium, Copper & Zinc Products",Capital Goods,1961.85,0.0,19.61,54.53,598.78,57.73,34.02,20.69,,not_stage_2,3,92.14,74.79,7.94,0.00374,"{'price_above_30w_ma': True, '30w_ma_rising': True, 'price_above_10w_ma': False, 'relative_strength_positive': False, 'near_52w_high': True}",improving,lagging,98.95,100.98,0.21,3.67,False,True,2026-07-29 ratio=98.74 momentum=97.31; 2026-07-30 ratio=98.74 momentum=96.43; 2026-07-31 ratio=99.00 momentum=97.77; 2026-08-03 ratio=99.02 momentum=99.94; 2026-08-04 ratio=98.95 momentum=100.98,80.78
stock,Baheti Recycling,BAHETI.NS,"Aluminium, Copper & Zinc Products",Capital Goods,772.46,0.0,17.79,61.87,409.72,53.38,28.55,21.66,,stage_2,5,724.2,616.72,2.3,0.02942,"{'price_above_30w_ma': True, '30w_ma_rising': True, 'price_above_10w_ma': True, 'relative_strength_positive': True, 'near_52w_high': True}",weakening,weakening,100.52,97.16,-0.27,0.09,False,False,2026-07-28 ratio=100.79 momentum=97.07; 2026-07-29 ratio=100.77 momentum=96.66; 2026-07-30 ratio=100.60 momentum=96.66; 2026-07-31 ratio=100.69 momentum=100.25; 2026-08-03 ratio=100.52 momentum=97.16,132.2
stock,Sunlite Recycli.,SUNLITE.NS,"Aluminium, Copper & Zinc Products",Capital Goods,682.01,0.0,25.8,257.84,1642.41,116.13,16.99,46.52,,insufficient_data,0,,,,,{},insufficient_data,insufficient_data,,,,,False,False,,0.0
stock,ANB Metal,AMCL.NS,"Aluminium, Copper & Zinc Products",Capital Goods,462.74,0.0,12.97,199.54,137.39,115.08,21.56,29.63,,insufficient_data,0,,,,,{},insufficient_data,insufficient_data,,,,,False,False,,0.0
stock,Euro Panel,EUROBOND.NS,"Aluminium, Copper & Zinc Products",Capital Goods,408.92,0.0,8.81,41.19,141.04,19.92,15.03,16.95,,not_stage_2,0,163.9,169.61,-1.23,0.00666,"{'price_above_30w_ma': False, '30w_ma_rising': False, 'price_above_10w_ma': False, 'relative_strength_positive': False, 'near_52w_high': False}",improving,lagging,98.84,101.18,0.48,1.33,False,True,2026-07-29 ratio=98.36 momentum=99.85; 2026-07-30 ratio=98.48 momentum=99.32; 2026-07-31 ratio=98.32 momentum=99.78; 2026-08-03 ratio=98.43 momentum=100.76; 2026-08-04 ratio=98.84 momentum=101.18,5.9
stock,Shera Energy,SHERA.NS,"Aluminium, Copper & Zinc Products",Capital Goods,403.25,0.0,12.64,88.26,487.67,26.1,11.79,19.54,,stage_2,5,167.5,140.84,4.09,0.0068,"{'price_above_30w_ma': True, '30w_ma_rising': True, 'price_above_10w_ma': True, 'relative_strength_positive': True, 'near_52w_high': True}",lagging,leading,99.93,98.25,-0.35,-2.71,False,False,2026-07-28 ratio=100.28 momentum=100.96; 2026-07-29 ratio=99.90 momentum=101.43; 2026-07-30 ratio=99.96 momentum=99.87; 2026-07-31 ratio=99.92 momentum=98.69; 2026-08-03 ratio=99.93 momentum=98.25,133.18
stock,Century Extrus.,CENTEXT.NS,"Aluminium, Copper & Zinc Products",Capital Goods,190.31,0.0,2.95,27.34,142.22,18.72,16.41,19.29,,not_stage_2,3,23.67,20.39,-0.86,0.00096,"{'price_above_30w_ma': True, '30w_ma_rising': False, 'price_above_10w_ma': True, 'relative_strength_positive': True, 'near_52w_high': False}",leading,lagging,104.18,103.31,6.05,4.34,True,False,2026-07-29 ratio=98.13 momentum=98.97; 2026-07-30 ratio=98.10 momentum=100.86; 2026-07-31 ratio=100.07 momentum=101.92; 2026-08-03 ratio=99.83 momentum=102.18; 2026-08-04 ratio=104.18 momentum=103.31,127.45
stock,Rajputana Indu.,RAJINDLTD.NS,"Aluminium, Copper & Zinc Products",Capital Goods,155.4,0.0,3.69,32.26,204.08,22.12,11.83,19.73,,insufficient_data,0,,,,,{},insufficient_data,insufficient_data,,,,,False,False,,0.0
stock,Wonderla Holiday,WONDERLA.NS,Amusement Parks/ Other Recreation,Consumer Services,3232.66,0.39,72.8,38.48,242.63,44.22,30.56,6.2,,not_stage_2,4,508.85,498.39,-1.11,0.02067,"{'price_above_30w_ma': True, '30w_ma_rising': False, 'price_above_10w_ma': True, 'relative_strength_positive': True, 'near_52w_high': True}",leading,improving,101.4,103.44,3.06,3.4,True,False,2026-07-29 ratio=98.34 momentum=100.04; 2026-07-30 ratio=98.64 momentum=100.94; 2026-07-31 ratio=99.00 momentum=103.67; 2026-08-03 ratio=99.03 momentum=103.07; 2026-08-04 ratio=101.40 momentum=103.44,134.2
stock,Imagica. Enter.,IMAGICAA.NS,Amusement Parks/ Other Recreation,Consumer Services,2746.23,0.0,0.4,-97.76,91.86,-2.69,4359.1,1.86,,not_stage_2,4,48.7,45.6,-0.08,0.00198,"{'price_above_30w_ma': True, '30w_ma_rising': False, 'price_above_10w_ma': True, 'relative_strength_positive': True, 'near_52w_high': True}",leading,lagging,100.88,100.64,0.99,4.25,True,False,2026-07-29 ratio=99.90 momentum=96.39; 2026-07-30 ratio=99.48 momentum=96.45; 2026-07-31 ratio=100.23 momentum=98.80; 2026-08-03 ratio=100.96 momentum=101.82; 2026-08-04 ratio=100.88 momentum=100.64,117.6
stock,Delta Corp,DELTACORP.NS,Amusement Parks/ Other Recreation,Consumer Services,1706.77,1.96,16.45,-28.81,161.25,-11.72,19.09,5.02,,not_stage_2,0,63.75,64.7,-1.19,0.00259,"{'price_above_30w_ma': False, '30w_ma_rising': False, 'price_above_10w_ma': False, 'relative_strength_positive': False, 'near_52w_high': False}",improving,lagging,99.03,101.47,0.14,3.82,False,True,2026-07-29 ratio=98.89 momentum=97.65; 2026-07-30 ratio=98.67 momentum=94.91; 2026-07-31 ratio=98.92 momentum=99.91; 2026-08-03 ratio=98.80 momentum=99.06; 2026-08-04 ratio=99.03 momentum=101.47,7.35
stock,Avanti Feeds,AVANTIFEED.NS,Animal Feed,Fast Moving Consumer Goods,12182.93,1.12,138.86,-12.84,1467.72,6.19,21.88,24.38,,not_stage_2,1,893.4,1140.17,1.24,0.0363,"{'price_above_30w_ma': False, '30w_ma_rising': True, 'price_above_10w_ma': False, 'relative_strength_positive': False, 'near_52w_high': False}",lagging,lagging,98.73,97.47,-0.41,-1.93,False,False,2026-07-29 ratio=99.13 momentum=99.40; 2026-07-30 ratio=99.02 momentum=96.60; 2026-07-31 ratio=98.80 momentum=97.03; 2026-08-03 ratio=98.78 momentum=96.74; 2026-08-04 ratio=98.73 momentum=97.47,22.48
stock,Godrej Agrovet,GODREJAGRO.NS,Animal Feed,Fast Moving Consumer Goods,10833.72,1.95,102.28,48.14,2332.65,9.33,23.5,19.16,,not_stage_2,0,563.25,577.31,-0.04,0.02288,"{'price_above_30w_ma': False, '30w_ma_rising': False, 'price_above_10w_ma': False, 'relative_strength_positive': False, 'near_52w_high': False}",lagging,lagging,98.5,98.46,-0.11,0.9,False,False,2026-07-29 ratio=98.61 momentum=97.56; 2026-07-30 ratio=98.49 momentum=98.25; 2026-07-31 ratio=98.28 momentum=99.16; 2026-08-03 ratio=98.30 momentum=98.65; 2026-08-04 ratio=98.50 momentum=98.46,0.0
stock,Mukka Proteins,MUKKA.NS,Animal Feed,Fast Moving Consumer Goods,691.77,0.0,21.36,51.73,380.61,-0.25,13.29,11.61,,not_stage_2,1,22.95,22.98,-0.52,0.00093,"{'price_above_30w_ma': False, '30w_ma_rising': False, 'price_above_10w_ma': False, 'relative_strength_positive': False, 'near_52w_high': True}",lagging,lagging,98.87,98.59,-0.43,-0.31,False,False,2026-07-29 ratio=99.30 momentum=98.91; 2026-07-30 ratio=98.75 momentum=98.24; 2026-07-31 ratio=98.60 momentum=99.38; 2026-08-03 ratio=99.09 momentum=98.09; 2026-08-04 ratio=98.87 momentum=98.59,20.0
stock,Narmada Agrobase,NARMADA.NS,Animal Feed,Fast Moving Consumer Goods,120.87,0.0,0.8,2.56,34.0,16.04,31.31,8.95,,not_stage_2,1,15.95,17.09,5.02,0.00065,"{'price_above_30w_ma': False, '30w_ma_rising': True, 'price_above_10w_ma': False, 'relative_strength_positive': False, 'near_52w_high': False}",lagging,lagging,97.8,97.06,-0.9,-2.39,False,False,2026-07-29 ratio=98.70 momentum=99.46; 2026-07-30 ratio=99.50 momentum=98.83; 2026-07-31 ratio=98.54 momentum=96.58; 2026-08-03 ratio=97.80 momentum=94.93; 2026-08-04 ratio=97.80 momentum=97.06,30.04
stock,Ajooni Biotech,AJOONI.NS,Animal Feed,Fast Moving Consumer Goods,67.52,0.0,0.95,-38.31,60.62,107.11,15.63,6.49,,not_stage_2,1,3.92,4.15,-0.88,0.00016,"{'price_above_30w_ma': False, '30w_ma_rising': False, 'price_above_10w_ma': True, 'relative_strength_positive': False, 'near_52w_high': False}",lagging,lagging,99.52,94.56,-0.38,-3.49,False,False,2026-07-29 ratio=99.90 momentum=98.05; 2026-07-30 ratio=100.16 momentum=97.35; 2026-07-31 ratio=100.04 momentum=98.84; 2026-08-03 ratio=99.71 momentum=96.88; 2026-08-04 ratio=99.52 momentum=94.56,20.0
stock,ICICI AMC,ICICIAMC.NS,Asset Management Company,Financial Services,151411.38,0.89,964.63,23.1,1564.22,17.55,43.44,115.1,,insufficient_data,0,,,,,{},lagging,improving,98.06,98.62,-0.35,-1.53,False,False,2026-07-29 ratio=98.40 momentum=100.14; 2026-07-30 ratio=97.94 momentum=99.47; 2026-07-31 ratio=98.44 momentum=99.69; 2026-08-03 ratio=98.05 momentum=99.74; 2026-08-04 ratio=98.06 momentum=98.62,0.0
stock,SBI Funds Mgt.,SBIFUNDS.NS,Asset Management Company,Financial Services,116057.81,0.0,880.26,3.7,1152.73,15.16,37.45,56.5,,insufficient_data,0,,,,,{},insufficient_data,insufficient_data,,,,,False,False,,0.0
stock,HDFC AMC,HDFCAMC.NS,Asset Management Company,Financial Services,110730.5,2.11,838.36,12.09,1098.5,13.51,37.54,42.88,,not_stage_2,1,2556.0,2615.42,-0.22,0.10384,"{'price_above_30w_ma': False, '30w_ma_rising': False, 'price_above_10w_ma': False, 'relative_strength_positive': False, 'near_52w_high': True}",lagging,lagging,98.37,99.41,-0.04,5.51,False,False,2026-07-29 ratio=98.41 momentum=93.90; 2026-07-30 ratio=98.45 momentum=98.76; 2026-07-31 ratio=99.20 momentum=100.16; 2026-08-03 ratio=98.61 momentum=97.60; 2026-08-04 ratio=98.37 momentum=99.41,20.0
stock,Nippon Life Ind.,NAM-INDIA.NS,Asset Management Company,Financial Services,77098.15,1.79,503.7,27.16,766.87,26.42,47.1,43.8,,stage_2,5,1202.0,1015.17,3.87,0.04883,"{'price_above_30w_ma': True, '30w_ma_rising': True, 'price_above_10w_ma': True, 'relative_strength_positive': True, 'near_52w_high': True}",leading,weakening,100.61,100.49,0.38,2.74,True,False,2026-07-29 ratio=100.23 momentum=97.75; 2026-07-30 ratio=99.55 momentum=98.60; 2026-07-31 ratio=99.85 momentum=98.02; 2026-08-03 ratio=99.42 momentum=96.70; 2026-08-04 ratio=100.61 momentum=100.49,168.24
stock,Aditya AMC,ABSLAMC.NS,Asset Management Company,Financial Services,29021.5,2.56,309.49,11.68,462.96,3.48,28.75,32.23,,not_stage_2,3,995.6,992.9,3.5,0.04045,"{'price_above_30w_ma': True, '30w_ma_rising': True, 'price_above_10w_ma': False, 'relative_strength_positive': False, 'near_52w_high': True}",lagging,lagging,98.15,96.97,-0.36,-0.56,False,False,2026-07-29 ratio=98.51 momentum=97.53; 2026-07-30 ratio=98.38 momentum=97.37; 2026-07-31 ratio=98.42 momentum=95.98; 2026-08-03 ratio=98.32 momentum=91.50; 2026-08-04 ratio=98.15 momentum=96.97,67.0
stock,UTI AMC,UTIAMC.NS,Asset Management Company,Financial Services,11696.37,4.4,293.86,24.07,583.51,6.7,21.91,15.57,,not_stage_2,0,909.1,967.57,-2.79,0.03693,"{'price_above_30w_ma': False, '30w_ma_rising': False, 'price_above_10w_ma': False, 'relative_strength_positive': False, 'near_52w_high': False}",improving,lagging,98.07,100.74,-0.23,6.6,False,False,2026-07-29 ratio=98.30 momentum=94.14; 2026-07-30 ratio=98.09 momentum=97.97; 2026-07-31 ratio=97.90 momentum=98.05; 2026-08-03 ratio=97.98 momentum=99.19; 2026-08-04 ratio=98.07 momentum=100.74,3.7
stock,Canara Robeco,CRAMC.NS,Asset Management Company,Financial Services,5319.52,1.5,75.6,23.98,145.37,20.07,24.35,40.11,,not_stage_2,4,266.6,252.82,-2.2,0.01083,"{'price_above_30w_ma': True, '30w_ma_rising': False, 'price_above_10w_ma': True, 'relative_strength_positive': True, 'near_52w_high': True}",leading,weakening,101.03,101.41,0.13,3.08,True,False,2026-07-29 ratio=100.90 momentum=98.33; 2026-07-30 ratio=100.51 momentum=99.25; 2026-07-31 ratio=100.58 momentum=99.74; 2026-08-03 ratio=99.84 momentum=99.35; 2026-08-04 ratio=101.03 momentum=101.41,122.2
stock,IL&FS Inv.Manag.,IVC.NS,Asset Management Company,Financial Services,265.67,5.9,3.96,-81.92,35.21,364.51,68.83,4.07,,stage_2,4,8.48,7.74,0.51,0.00034,"{'price_above_30w_ma': True, '30w_ma_rising': True, 'price_above_10w_ma': True, 'relative_strength_positive': False, 'near_52w_high': True}",weakening,lagging,100.1,98.9,0.19,2.39,False,False,2026-07-29 ratio=99.90 momentum=96.51; 2026-07-30 ratio=99.91 momentum=95.64; 2026-07-31 ratio=100.19 momentum=98.42; 2026-08-03 ratio=99.85 momentum=98.19; 2026-08-04 ratio=100.10 momentum=98.90,106.52
stock,Samvardh. Mothe.,MOTHERSON.NS,Auto Components & Equipments,Automobile and Auto Components,160209.25,0.4,1561.56,55.33,34309.31,17.03,37.57,13.43,,stage_2,5,151.0,130.52,2.99,0.00613,"{'price_above_30w_ma': True, '30w_ma_rising': True, 'price_above_10w_ma': True, 'relative_strength_positive': True, 'near_52w_high': True}",leading,weakening,100.59,100.69,0.56,0.81,True,False,2026-07-29 ratio=100.03 momentum=99.87; 2026-07-30 ratio=100.06 momentum=99.51; 2026-07-31 ratio=101.02 momentum=102.36; 2026-08-03 ratio=101.48 momentum=103.27; 2026-08-04 ratio=100.59 momentum=100.69,167.38
stock,Bosch,BOSCHLTD.NS,Auto Components & Equipments,Automobile and Auto Components,121660.02,0.66,570.0,2.98,5565.7,13.34,58.28,21.54,,stage_2,4,41200.0,36986.67,1.43,1.67378,"{'price_above_30w_ma': True, '30w_ma_rising': True, 'price_above_10w_ma': True, 'relative_strength_positive': False, 'near_52w_high': True}",weakening,weakening,100.12,98.8,-0.41,1.02,False,False,2026-07-29 ratio=100.53 momentum=97.78; 2026-07-30 ratio=100.70 momentum=98.91; 2026-07-31 ratio=100.35 momentum=99.19; 2026-08-03 ratio=100.06 momentum=98.48; 2026-08-04 ratio=100.12 momentum=98.80,108.46
stock,Bharat Forge,BHARATFORG.NS,Auto Components & Equipments,Automobile and Auto Components,105609.17,0.39,233.45,2.05,4528.04,17.53,93.57,12.61,,stage_2,5,2195.0,1872.67,5.51,0.08917,"{'price_above_30w_ma': True, '30w_ma_rising': True, 'price_above_10w_ma': True, 'relative_strength_positive': True, 'near_52w_high': True}",weakening,leading,100.73,96.9,-0.23,-3.31,False,False,2026-07-29 ratio=100.96 momentum=100.21; 2026-07-30 ratio=100.79 momentum=99.61; 2026-07-31 ratio=101.08 momentum=98.36; 2026-08-03 ratio=100.78 momentum=96.75; 2026-08-04 ratio=100.73 momentum=96.90,139.67
stock,Uno Minda,UNOMINDA.NS,Auto Components & Equipments,Automobile and Auto Components,71149.23,0.22,315.51,1.76,5556.85,23.79,58.21,19.65,,not_stage_2,4,1227.0,1127.7,-1.23,0.04985,"{'price_above_30w_ma': True, '30w_ma_rising': False, 'price_above_10w_ma': True, 'relative_strength_positive': True, 'near_52w_high': True}",leading,leading,102.75,103.18,1.19,2.83,False,False,2026-07-29 ratio=101.56 momentum=100.34; 2026-07-30 ratio=101.55 momentum=100.93; 2026-07-31 ratio=101.70 momentum=101.89; 2026-08-03 ratio=102.02 momentum=102.13; 2026-08-04 ratio=102.75 momentum=103.18,129.65
stock,Schaeffler India,SCHAEFFLER.NS,Auto Components & Equipments,Automobile and Auto Components,63720.14,0.86,336.73,13.67,2681.41,17.5,49.36,27.9,,not_stage_2,3,4055.5,4033.69,0.92,0.16476,"{'price_above_30w_ma': True, '30w_ma_rising': True, 'price_above_10w_ma': False, 'relative_strength_positive': False, 'near_52w_high': True}",lagging,improving,97.79,98.11,-1.86,-2.26,False,False,2026-07-29 ratio=99.65 momentum=100.37; 2026-07-30 ratio=97.80 momentum=97.72; 2026-07-31 ratio=98.26 momentum=98.93; 2026-08-03 ratio=97.46 momentum=98.12; 2026-08-04 ratio=97.79 momentum=98.11,61.84
stock,Tube Investments,TIINDIA.NS,Auto Components & Equipments,Automobile and Auto Components,53236.44,0.13,234.01,81.73,6214.74,20.68,80.55,17.14,,not_stage_2,2,2744.3,2770.08,1.05,0.11149,"{'price_above_30w_ma': False, '30w_ma_rising': True, 'price_above_10w_ma': False, 'relative_strength_positive': False, 'near_52w_high': True}",lagging,lagging,98.09,98.22,0.01,1.69,False,False,2026-07-29 ratio=98.07 momentum=96.53; 2026-07-30 ratio=97.57 momentum=96.17; 2026-07-31 ratio=98.04 momentum=99.15; 2026-08-03 ratio=97.99 momentum=98.73; 2026-08-04 ratio=98.09 momentum=98.22,42.1
stock,Sona BLW Precis.,SONACOMS.NS,Auto Components & Equipments,Automobile and Auto Components,49324.95,0.43,220.11,73.37,1157.24,50.82,63.44,15.11,,stage_2,5,787.0,580.77,6.44,0.03197,"{'price_above_30w_ma': True, '30w_ma_rising': True, 'price_above_10w_ma': True, 'relative_strength_positive': True, 'near_52w_high': True}",weakening,weakening,102.22,97.31,0.54,-2.21,False,False,2026-07-29 ratio=101.68 momentum=99.51; 2026-07-30 ratio=102.44 momentum=100.46; 2026-07-31 ratio=102.34 momentum=99.48; 2026-08-03 ratio=102.24 momentum=98.73; 2026-08-04 ratio=102.22 momentum=97.31,148.98
stock,Endurance Tech.,ENDURANCE.NS,Auto Components & Equipments,Automobile and Auto Components,40286.21,0.41,276.45,17.32,4085.95,37.88,43.16,17.8,,stage_2,5,2838.7,2522.43,0.74,0.11532,"{'price_above_30w_ma': True, '30w_ma_rising': True, 'price_above_10w_ma': True, 'relative_strength_positive': True, 'near_52w_high': True}",leading,leading,101.34,100.6,0.11,0.21,False,False,2026-07-29 ratio=101.23 momentum=100.39; 2026-07-30 ratio=101.38 momentum=100.19; 2026-07-31 ratio=100.54 momentum=99.84; 2026-08-03 ratio=100.30 momentum=98.77; 2026-08-04 ratio=101.34 momentum=100.60,156.18
stock,Exide Inds.,EXIDEIND.NS,Auto Components & Equipments,Automobile and Auto Components,38999.21,0.44,351.3,28.38,5528.38,17.75,41.56,8.54,,stage_2,5,458.35,361.04,3.28,0.01862,"{'price_above_30w_ma': True, '30w_ma_rising': True, 'price_above_10w_ma': True, 'relative_strength_positive': True, 'near_52w_high': True}",weakening,weakening,101.66,99.63,0.55,-0.04,False,False,2026-07-29 ratio=101.11 momentum=99.67; 2026-07-30 ratio=101.66 momentum=101.12; 2026-07-31 ratio=101.48 momentum=99.77; 2026-08-03 ratio=100.98 momentum=98.39; 2026-08-04 ratio=101.66 momentum=99.63,139.86
stock,ZF Commercial,ZFCVINDIA.NS,Auto Components & Equipments,Automobile and Auto Components,29197.45,0.16,99.1,-17.53,1041.71,8.15,59.41,19.08,,not_stage_2,4,2555.6,2431.51,-0.32,0.10382,"{'price_above_30w_ma': True, '30w_ma_rising': False, 'price_above_10w_ma': True, 'relative_strength_positive': True, 'near_52w_high': True}",leading,improving,100.42,102.72,1.26,1.33,True,False,2026-07-29 ratio=99.16 momentum=101.39; 2026-07-30 ratio=99.04 momentum=102.02; 2026-07-31 ratio=99.33 momentum=100.90; 2026-08-03 ratio=99.28 momentum=103.38; 2026-08-04 ratio=100.42 momentum=102.72,125.7
stock,United Spirits,UNITDSPR.NS,Breweries & Distilleries,Fast Moving Consumer Goods,111650.75,1.11,463.0,-20.54,2708.0,-10.36,60.25,26.39,,stage_2,5,1525.0,1346.42,0.84,0.06195,"{'price_above_30w_ma': True, '30w_ma_rising': True, 'price_above_10w_ma': True, 'relative_strength_positive': True, 'near_52w_high': True}",leading,leading,101.78,101.19,-0.59,-0.42,False,False,2026-07-29 ratio=102.36 momentum=101.61; 2026-07-30 ratio=102.51 momentum=101.64; 2026-07-31 ratio=102.06 momentum=102.14; 2026-08-03 ratio=101.81 momentum=100.90; 2026-08-04 ratio=101.78 momentum=101.19,161.53
stock,Radico Khaitan,RADICO.NS,Breweries & Distilleries,Fast Moving Consumer Goods,60122.39,0.2,229.6,69.15,1683.69,11.8,84.59,24.15,,stage_2,5,4450.0,3308.93,4.68,0.18078,"{'price_above_30w_ma': True, '30w_ma_rising': True, 'price_above_10w_ma': True, 'relative_strength_positive': True, 'near_52w_high': True}",leading,leading,101.74,101.31,-0.37,0.08,False,False,2026-07-29 ratio=102.11 momentum=101.23; 2026-07-30 ratio=101.91 momentum=100.34; 2026-07-31 ratio=101.67 momentum=100.61; 2026-08-03 ratio=101.76 momentum=100.25; 2026-08-04 ratio=101.74 momentum=101.31,169.61
stock,United Breweries,UBL.NS,Breweries & Distilleries,Fast Moving Consumer Goods,37928.89,0.7,101.87,-58.32,2250.07,-3.14,110.96,10.68,,not_stage_2,2,1434.1,1457.51,-1.75,0.05826,"{'price_above_30w_ma': False, '30w_ma_rising': False, 'price_above_10w_ma': True, 'relative_strength_positive': True, 'near_52w_high': False}",weakening,leading,101.18,99.65,-1.09,-2.05,False,False,2026-07-29 ratio=102.27 momentum=101.70; 2026-07-30 ratio=101.91 momentum=101.76; 2026-07-31 ratio=101.22 momentum=102.47; 2026-08-03 ratio=101.08 momentum=102.78; 2026-08-04 ratio=101.18 momentum=99.65,45.9
stock,Allied Blenders,ABDL.NS,Breweries & Distilleries,Fast Moving Consumer Goods,17425.96,0.87,45.42,-12.98,978.94,6.08,78.12,18.38,,not_stage_2,3,622.85,541.69,1.0,0.0253,"{'price_above_30w_ma': True, '30w_ma_rising': True, 'price_above_10w_ma': False, 'relative_strength_positive': False, 'near_52w_high': True}",lagging,leading,99.64,98.58,-0.95,-2.74,False,False,2026-07-29 ratio=100.59 momentum=101.32; 2026-07-30 ratio=100.61 momentum=100.53; 2026-07-31 ratio=99.79 momentum=98.96; 2026-08-03 ratio=99.49 momentum=97.57; 2026-08-04 ratio=99.64 momentum=98.58,62.0
stock,Tilaknagar Inds.,TI.NS,Breweries & Distilleries,Fast Moving Consumer Goods,12157.29,0.2,31.59,-30.28,1046.03,155.67,53.79,11.78,,stage_2,5,491.15,443.19,0.11,0.01995,"{'price_above_30w_ma': True, '30w_ma_rising': True, 'price_above_10w_ma': True, 'relative_strength_positive': True, 'near_52w_high': True}",leading,leading,103.44,103.25,1.27,-0.08,False,False,2026-07-29 ratio=102.17 momentum=103.33; 2026-07-30 ratio=102.08 momentum=102.31; 2026-07-31 ratio=101.65 momentum=102.60; 2026-08-03 ratio=100.85 momentum=101.56; 2026-08-04 ratio=103.44 momentum=103.25,178.67
stock,India Glycols,INDIAGLYCO.NS,Breweries & Distilleries,Fast Moving Consumer Goods,7795.78,0.64,86.88,35.71,976.35,13.11,26.68,12.4,,stage_2,5,1164.1,980.65,2.0,0.04729,"{'price_above_30w_ma': True, '30w_ma_rising': True, 'price_above_10w_ma': True, 'relative_strength_positive': True, 'near_52w_high': True}",weakening,weakening,101.21,98.45,-0.14,0.82,False,False,2026-07-29 ratio=101.35 momentum=97.63; 2026-07-30 ratio=101.04 momentum=96.91; 2026-07-31 ratio=101.22 momentum=98.21; 2026-08-03 ratio=100.90 momentum=98.26; 2026-08-04 ratio=101.21 momentum=98.45,135.05
stock,Piccadily Agro,PICCADIL.NS,Breweries & Distilleries,Fast Moving Consumer Goods,7733.5,0.0,44.7,12.14,335.47,31.44,56.24,18.01,,stage_2,5,784.5,604.56,3.92,0.03187,"{'price_above_30w_ma': True, '30w_ma_rising': True, 'price_above_10w_ma': True, 'relative_strength_positive': True, 'near_52w_high': True}",weakening,weakening,101.75,97.93,0.35,1.72,False,False,2026-07-29 ratio=101.40 momentum=96.21; 2026-07-30 ratio=101.14 momentum=95.90; 2026-07-31 ratio=101.27 momentum=97.71; 2026-08-03 ratio=101.30 momentum=96.97; 2026-08-04 ratio=101.75 momentum=97.93,141.59
stock,Globus Spirits,GLOBUSSPR.NS,Breweries & Distilleries,Fast Moving Consumer Goods,2588.61,0.31,26.48,49.05,788.78,12.71,25.75,11.45,,not_stage_2,1,890.95,914.46,-1.87,0.0362,"{'price_above_30w_ma': False, '30w_ma_rising': False, 'price_above_10w_ma': True, 'relative_strength_positive': False, 'near_52w_high': False}",lagging,lagging,99.15,98.0,0.12,0.38,False,False,2026-07-29 ratio=99.03 momentum=97.62; 2026-07-30 ratio=99.09 momentum=94.91; 2026-07-31 ratio=99.15 momentum=97.18; 2026-08-03 ratio=99.29 momentum=97.22; 2026-08-04 ratio=99.15 momentum=98.00,20.0
stock,G M Breweries,GMBREW.NS,Breweries & Distilleries,Fast Moving Consumer Goods,2056.67,1.0,37.74,45.94,199.58,22.55,12.19,17.96,,not_stage_2,0,900.75,959.21,-2.94,0.03659,"{'price_above_30w_ma': False, '30w_ma_rising': False, 'price_above_10w_ma': False, 'relative_strength_positive': False, 'near_52w_high': False}",lagging,lagging,98.3,98.83,-0.24,-0.57,False,False,2026-07-29 ratio=98.54 momentum=99.40; 2026-07-30 ratio=98.43 momentum=98.95; 2026-07-31 ratio=98.32 momentum=100.62; 2026-08-03 ratio=97.81 momentum=97.05; 2026-08-04 ratio=98.30 momentum=98.83,0.0
stock,Assoc.Alcohols,ASALCBR.NS,Breweries & Distilleries,Fast Moving Consumer Goods,1540.72,0.26,17.92,-24.26,280.86,5.31,18.62,17.98,,not_stage_2,0,768.8,822.0,-2.35,0.03123,"{'price_above_30w_ma': False, '30w_ma_rising': False, 'price_above_10w_ma': False, 'relative_strength_positive': False, 'near_52w_high': False}",lagging,lagging,97.77,99.97,0.48,2.15,False,False,2026-07-29 ratio=97.28 momentum=97.82; 2026-07-30 ratio=97.78 momentum=99.06; 2026-07-31 ratio=97.48 momentum=98.95; 2026-08-03 ratio=97.73 momentum=98.97; 2026-08-04 ratio=97.77 momentum=99.97,0.0
stock,Firstsour.Solu.,FSL.NS,Business Process Outsourcing (BPO)/ Knowledge Process Outsourcing (KPO),Services,23388.62,1.66,205.24,27.72,2583.45,19.52,31.28,16.8,,not_stage_2,4,330.7,254.52,-2.5,0.01343,"{'price_above_30w_ma': True, '30w_ma_rising': False, 'price_above_10w_ma': True, 'relative_strength_positive': True, 'near_52w_high': True}",leading,leading,103.12,102.05,0.69,-1.04,False,False,2026-07-29 ratio=102.44 momentum=103.09; 2026-07-30 ratio=102.56 momentum=102.16; 2026-07-31 ratio=102.44 momentum=101.96; 2026-08-03 ratio=103.07 momentum=102.21; 2026-08-04 ratio=103.12 momentum=102.05,125.85
stock,eClerx Services,ECLERX.NS,Business Process Outsourcing (BPO)/ Knowledge Process Outsourcing (KPO),Services,18150.78,0.03,189.65,24.45,1107.29,23.27,25.7,34.81,,not_stage_2,4,1919.2,1671.26,-3.2,0.07797,"{'price_above_30w_ma': True, '30w_ma_rising': False, 'price_above_10w_ma': True, 'relative_strength_positive': True, 'near_52w_high': True}",weakening,weakening,101.42,97.04,-0.59,-2.79,False,False,2026-07-29 ratio=102.01 momentum=99.83; 2026-07-30 ratio=101.68 momentum=98.81; 2026-07-31 ratio=101.26 momentum=95.16; 2026-08-03 ratio=101.43 momentum=97.63; 2026-08-04 ratio=101.42 momentum=97.04,87.1
stock,RPSG Ventures,RPSGVENT.NS,Business Process Outsourcing (BPO)/ Knowledge Process Outsourcing (KPO),Services,3175.13,0.0,-72.0,-327.88,2927.03,15.18,,10.61,,stage_2,5,959.85,834.58,2.88,0.03899,"{'price_above_30w_ma': True, '30w_ma_rising': True, 'price_above_10w_ma': True, 'relative_strength_positive': True, 'near_52w_high': True}",leading,leading,101.18,102.64,0.29,-0.77,False,False,2026-07-29 ratio=100.89 momentum=103.41; 2026-07-30 ratio=100.38 momentum=102.43; 2026-07-31 ratio=100.68 momentum=103.70; 2026-08-03 ratio=100.78 momentum=102.86; 2026-08-04 ratio=101.18 momentum=102.64,169.86
stock,Hinduja Global,HGS.NS,Business Process Outsourcing (BPO)/ Knowledge Process Outsourcing (KPO),Services,1961.51,0.0,-13.58,-430.06,1084.67,-6.58,,1.42,,not_stage_2,3,421.45,405.42,-0.63,0.01712,"{'price_above_30w_ma': True, '30w_ma_rising': False, 'price_above_10w_ma': True, 'relative_strength_positive': False, 'near_52w_high': True}",lagging,lagging,99.09,96.87,-0.77,2.75,False,False,2026-07-29 ratio=99.86 momentum=94.12; 2026-07-30 ratio=99.89 momentum=95.18; 2026-07-31 ratio=99.56 momentum=97.61; 2026-08-03 ratio=99.61 momentum=98.05; 2026-08-04 ratio=99.09 momentum=96.87,60.0
stock,One Point One,ONEPOINT.NS,Business Process Outsourcing (BPO)/ Knowledge Process Outsourcing (KPO),Services,1498.22,0.0,10.27,18.08,96.2,43.48,38.15,10.88,,stage_2,4,56.93,53.45,0.12,0.00231,"{'price_above_30w_ma': True, '30w_ma_rising': True, 'price_above_10w_ma': True, 'relative_strength_positive': False, 'near_52w_high': True}",improving,improving,99.3,103.38,-0.06,1.48,False,False,2026-07-29 ratio=99.36 momentum=101.90; 2026-07-30 ratio=99.51 momentum=102.26; 2026-07-31 ratio=99.61 momentum=102.92; 2026-08-03 ratio=99.12 momentum=102.43; 2026-08-04 ratio=99.30 momentum=103.38,122.14
stock,Alldigi Tech,ALLDIGI.NS,Business Process Outsourcing (BPO)/ Knowledge Process Outsourcing (KPO),Services,1240.17,7.38,18.12,21.69,150.28,4.43,13.46,27.89,,not_stage_2,1,813.1,814.83,-0.19,0.03303,"{'price_above_30w_ma': False, '30w_ma_rising': False, 'price_above_10w_ma': False, 'relative_strength_positive': False, 'near_52w_high': True}",lagging,leading,98.61,99.2,-3.01,-2.48,False,False,2026-07-29 ratio=101.62 momentum=101.68; 2026-07-30 ratio=100.83 momentum=101.18; 2026-07-31 ratio=98.80 momentum=100.00; 2026-08-03 ratio=98.37 momentum=98.50; 2026-08-04 ratio=98.61 momentum=99.20,20.0
stock,Kandarp Digi,KANDARP.NS,Business Process Outsourcing (BPO)/ Knowledge Process Outsourcing (KPO),Services,91.53,0.0,1.13,-15.67,16.35,4.01,49.47,11.22,,not_stage_2,0,98.45,133.1,-4.33,0.004,"{'price_above_30w_ma': False, '30w_ma_rising': False, 'price_above_10w_ma': False, 'relative_strength_positive': False, 'near_52w_high': False}",improving,lagging,99.2,102.9,0.27,4.0,False,True,2026-07-28 ratio=98.93 momentum=98.90; 2026-07-29 ratio=98.83 momentum=98.00; 2026-07-30 ratio=99.03 momentum=101.70; 2026-07-31 ratio=99.34 momentum=102.93; 2026-08-03 ratio=99.20 momentum=102.90,14.5
stock,Cadsys (India),CADSYS.NS,Business Process Outsourcing (BPO)/ Knowledge Process Outsourcing (KPO),Services,56.26,0.0,-8.6,110.64,47.31,16.3,,-14.11,,not_stage_2,3,59.2,57.93,3.57,0.00241,"{'price_above_30w_ma': True, '30w_ma_rising': True, 'price_above_10w_ma': False, 'relative_strength_positive': False, 'near_52w_high': True}",lagging,lagging,97.9,99.7,0.19,1.98,False,False,2026-07-28 ratio=97.71 momentum=97.72; 2026-07-29 ratio=97.73 momentum=99.39; 2026-07-30 ratio=97.85 momentum=99.64; 2026-07-31 ratio=97.95 momentum=100.39; 2026-08-03 ratio=97.90 momentum=99.70,67.14
stock,We Win Ltd,WEWIN.NS,Business Process Outsourcing (BPO)/ Knowledge Process Outsourcing (KPO),Services,47.42,0.0,0.95,-12.84,30.77,51.65,10.54,10.91,,not_stage_2,1,45.21,48.7,0.21,0.00184,"{'price_above_30w_ma': False, '30w_ma_rising': True, 'price_above_10w_ma': False, 'relative_strength_positive': False, 'near_52w_high': False}",lagging,lagging,98.8,100.0,0.23,1.21,False,False,2026-07-29 ratio=98.57 momentum=98.79; 2026-07-30 ratio=98.91 momentum=99.40; 2026-07-31 ratio=98.74 momentum=99.71; 2026-08-03 ratio=98.77 momentum=100.11; 2026-08-04 ratio=98.80 momentum=100.00,20.42
stock,HRH Next,HRHNEXT.NS,Business Process Outsourcing (BPO)/ Knowledge Process Outsourcing (KPO),Services,35.65,0.0,2.78,152.73,35.92,24.68,7.34,15.84,,not_stage_2,0,27.0,27.8,-0.96,0.0011,"{'price_above_30w_ma': False, '30w_ma_rising': False, 'price_above_10w_ma': False, 'relative_strength_positive': False, 'near_52w_high': False}",lagging,lagging,99.13,95.97,-0.59,-2.3,False,False,2026-07-28 ratio=99.73 momentum=98.27; 2026-07-29 ratio=99.54 momentum=99.43; 2026-07-30 ratio=99.52 momentum=99.18; 2026-07-31 ratio=100.47 momentum=101.89; 2026-08-03 ratio=99.13 momentum=95.97,0.0
stock,Polycab India,POLYCAB.NS,Cables - Electricals,Capital Goods,138224.49,0.51,796.66,32.46,8209.73,39.01,48.26,33.21,,not_stage_2,3,9176.0,8403.92,2.26,0.37278,"{'price_above_30w_ma': True, '30w_ma_rising': True, 'price_above_10w_ma': False, 'relative_strength_positive': False, 'near_52w_high': True}",improving,lagging,98.72,103.27,0.22,5.35,False,True,2026-07-29 ratio=98.50 momentum=97.92; 2026-07-30 ratio=98.11 momentum=97.73; 2026-07-31 ratio=98.65 momentum=103.12; 2026-08-03 ratio=98.18 momentum=101.41; 2026-08-04 ratio=98.72 momentum=103.27,80.87
stock,KEI Industries,KEI.NS,Cables - Electricals,Capital Goods,52719.92,0.08,274.14,40.05,3185.34,22.97,52.89,20.07,,stage_2,5,5500.0,4817.26,1.95,0.22344,"{'price_above_30w_ma': True, '30w_ma_rising': True, 'price_above_10w_ma': True, 'relative_strength_positive': True, 'near_52w_high': True}",leading,lagging,100.55,103.24,2.46,5.85,True,False,2026-07-29 ratio=98.10 momentum=97.39; 2026-07-30 ratio=97.94 momentum=96.64; 2026-07-31 ratio=98.74 momentum=104.74; 2026-08-03 ratio=98.58 momentum=102.90; 2026-08-04 ratio=100.55 momentum=103.24,177.85
stock,R R Kabel,RRKABEL.NS,Cables - Electricals,Capital Goods,29893.31,0.36,205.2,117.32,3168.2,53.9,48.88,28.1,,stage_2,5,2641.1,1819.05,8.02,0.1073,"{'price_above_30w_ma': True, '30w_ma_rising': True, 'price_above_10w_ma': True, 'relative_strength_positive': True, 'near_52w_high': True}",leading,leading,101.7,103.89,0.04,1.91,False,False,2026-07-29 ratio=101.66 momentum=101.98; 2026-07-30 ratio=101.58 momentum=100.63; 2026-07-31 ratio=101.72 momentum=102.99; 2026-08-03 ratio=101.59 momentum=102.55; 2026-08-04 ratio=101.70 momentum=103.89,188.99
stock,Finolex Cables,FINCABLES.NS,Cables - Electricals,Capital Goods,15183.09,0.81,224.43,17.07,1951.08,22.36,21.27,16.01,,not_stage_2,3,993.25,948.53,3.22,0.04035,"{'price_above_30w_ma': True, '30w_ma_rising': True, 'price_above_10w_ma': False, 'relative_strength_positive': False, 'near_52w_high': True}",improving,lagging,98.58,100.59,0.16,2.75,False,True,2026-07-29 ratio=98.41 momentum=97.84; 2026-07-30 ratio=98.26 momentum=95.18; 2026-07-31 ratio=98.52 momentum=100.49; 2026-08-03 ratio=98.50 momentum=99.88; 2026-08-04 ratio=98.58 momentum=100.59,69.39
stock,KSH Internationa,KSHINTL.NS,Cables - Electricals,Capital Goods,6168.87,0.0,34.53,87.16,1018.34,100.52,55.39,21.36,,insufficient_data,0,,,,,{},weakening,lagging,101.07,99.93,1.34,2.87,False,False,2026-07-29 ratio=99.73 momentum=97.06; 2026-07-30 ratio=99.68 momentum=97.05; 2026-07-31 ratio=99.70 momentum=98.36; 2026-08-03 ratio=100.18 momentum=98.58; 2026-08-04 ratio=101.07 momentum=99.93,5.35
stock,Universal Cables,UNIVCABLES.NS,Cables - Electricals,Capital Goods,4955.7,0.32,55.32,11.33,840.27,24.66,30.39,11.68,,stage_2,5,1427.7,938.93,6.23,0.058,"{'price_above_30w_ma': True, '30w_ma_rising': True, 'price_above_10w_ma': True, 'relative_strength_positive': True, 'near_52w_high': True}",leading,leading,102.43,103.08,0.62,0.77,False,False,2026-07-29 ratio=101.80 momentum=102.30; 2026-07-30 ratio=101.53 momentum=101.85; 2026-07-31 ratio=101.81 momentum=103.20; 2026-08-03 ratio=102.43 momentum=103.13; 2026-08-04 ratio=102.43 momentum=103.08,185.01
stock,Laser Power,LASERPOWER.NS,Cables - Electricals,Capital Goods,4026.7,0.0,,,,,36.91,20.51,,insufficient_data,0,,,,,{},insufficient_data,insufficient_data,,,,,False,False,,0.0
stock,V-Marc India,VMARCIND.NS,Cables - Electricals,Capital Goods,3813.29,0.0,63.63,157.3,1105.46,97.52,38.1,41.38,,not_stage_2,0,266.2,787.54,-6.36,0.01081,"{'price_above_30w_ma': False, '30w_ma_rising': False, 'price_above_10w_ma': False, 'relative_strength_positive': False, 'near_52w_high': False}",improving,improving,99.03,103.57,0.11,0.03,False,True,2026-07-28 ratio=98.92 momentum=103.55; 2026-07-29 ratio=98.95 momentum=103.46; 2026-07-30 ratio=98.98 momentum=103.44; 2026-07-31 ratio=99.02 momentum=103.77; 2026-08-03 ratio=99.03 momentum=103.57,17.85
stock,Paramount Comm.,PARACABLES.NS,Cables - Electricals,Capital Goods,2124.09,0.0,20.52,9.5,573.31,13.07,35.56,12.35,,not_stage_2,3,64.88,48.87,7.8,0.00264,"{'price_above_30w_ma': True, '30w_ma_rising': True, 'price_above_10w_ma': False, 'relative_strength_positive': False, 'near_52w_high': True}",lagging,lagging,98.94,94.48,-0.25,-2.9,False,False,2026-07-29 ratio=99.19 momentum=97.38; 2026-07-30 ratio=98.84 momentum=95.54; 2026-07-31 ratio=99.27 momentum=98.46; 2026-08-03 ratio=99.33 momentum=98.32; 2026-08-04 ratio=98.94 momentum=94.48,75.6
stock,Dynamic Cables,DYCL.NS,Cables - Electricals,Capital Goods,1932.51,0.13,24.95,37.01,349.1,33.22,21.19,26.21,,stage_2,5,398.3,327.1,2.59,0.01618,"{'price_above_30w_ma': True, '30w_ma_rising': True, 'price_above_10w_ma': True, 'relative_strength_positive': True, 'near_52w_high': True}",weakening,weakening,100.84,96.01,-0.17,-3.55,False,False,2026-07-29 ratio=101.01 momentum=99.55; 2026-07-30 ratio=100.68 momentum=98.80; 2026-07-31 ratio=100.92 momentum=99.66; 2026-08-03 ratio=100.91 momentum=96.37; 2026-08-04 ratio=100.84 momentum=96.01,134.38
stock,Godfrey Phillips,GODFRYPHLP.NS,Cigarettes & Tobacco Products,Fast Moving Consumer Goods,36480.6,2.14,198.39,-44.32,1205.51,-18.89,26.68,30.25,,not_stage_2,3,2336.9,2172.43,-1.9,0.09494,"{'price_above_30w_ma': True, '30w_ma_rising': False, 'price_above_10w_ma': True, 'relative_strength_positive': True, 'near_52w_high': False}",leading,improving,100.86,102.6,2.41,2.11,True,False,2026-07-29 ratio=98.45 momentum=100.49; 2026-07-30 ratio=98.98 momentum=100.75; 2026-07-31 ratio=98.97 momentum=101.28; 2026-08-03 ratio=99.78 momentum=101.94; 2026-08-04 ratio=100.86 momentum=102.60,107.3
stock,VST Industries,VSTIND.NS,Cigarettes & Tobacco Products,Fast Moving Consumer Goods,3759.21,5.42,42.42,-24.43,256.46,-13.91,13.5,28.13,,not_stage_2,1,221.22,241.51,-1.32,0.00899,"{'price_above_30w_ma': False, '30w_ma_rising': False, 'price_above_10w_ma': False, 'relative_strength_positive': False, 'near_52w_high': True}",improving,improving,97.97,101.43,0.59,-1.1,False,False,2026-07-29 ratio=97.38 momentum=102.54; 2026-07-30 ratio=97.53 momentum=101.47; 2026-07-31 ratio=97.80 momentum=103.00; 2026-08-03 ratio=97.64 momentum=102.27; 2026-08-04 ratio=97.97 momentum=101.43,27.15
stock,Elitecon Inter.,ELITECON.NS,Cigarettes & Tobacco Products,Fast Moving Consumer Goods,3014.3,0.26,103.57,676.39,1741.26,1750.04,9.41,,,insufficient_data,0,,,,,{},improving,improving,98.97,103.18,0.73,-0.75,False,False,2026-07-29 ratio=98.24 momentum=103.94; 2026-07-30 ratio=98.31 momentum=104.27; 2026-07-31 ratio=98.37 momentum=103.56; 2026-08-03 ratio=98.64 momentum=103.33; 2026-08-04 ratio=98.97 momentum=103.18,15.9
stock,Shanthala FMCG,SHANTHALA.NS,Cigarettes & Tobacco Products,Fast Moving Consumer Goods,11.55,0.0,0.72,71.43,25.82,-0.12,9.09,5.98,,not_stage_2,0,17.25,26.56,-5.4,0.0007,"{'price_above_30w_ma': False, '30w_ma_rising': False, 'price_above_10w_ma': False, 'relative_strength_positive': False, 'near_52w_high': False}",lagging,lagging,97.64,97.74,0.23,-0.95,False,False,2026-07-28 ratio=97.41 momentum=98.69; 2026-07-29 ratio=97.52 momentum=98.75; 2026-07-30 ratio=97.50 momentum=98.64; 2026-07-31 ratio=97.55 momentum=98.22; 2026-08-03 ratio=97.64 momentum=97.74,0.0
stock,Marc Technocrats,MARC.NS,Consulting Services,Services,204.29,0.0,4.81,,37.53,,19.38,29.22,,insufficient_data,0,,,,,{},weakening,leading,101.4,97.9,-1.55,-4.06,False,False,2026-07-28 ratio=102.96 momentum=101.96; 2026-07-29 ratio=102.68 momentum=103.02; 2026-07-30 ratio=101.88 momentum=102.05; 2026-07-31 ratio=101.49 momentum=100.88; 2026-08-03 ratio=101.40 momentum=97.90,7.0
stock,Mitcon Consult.,MITCON.NS,Consulting Services,Services,133.17,0.0,5.64,179.29,45.23,18.62,16.46,8.83,,not_stage_2,3,76.45,70.02,1.33,0.00311,"{'price_above_30w_ma': True, '30w_ma_rising': True, 'price_above_10w_ma': False, 'relative_strength_positive': False, 'near_52w_high': True}",improving,improving,99.18,101.17,0.18,-3.45,False,False,2026-07-29 ratio=99.00 momentum=104.62; 2026-07-30 ratio=98.95 momentum=101.13; 2026-07-31 ratio=98.72 momentum=101.06; 2026-08-03 ratio=98.94 momentum=104.22; 2026-08-04 ratio=99.18 momentum=101.17,68.51
stock,AAA Technologies,AAATECH.NS,Consulting Services,Services,116.17,1.68,-0.35,-135.0,3.38,-68.02,56.39,8.93,,not_stage_2,0,89.23,97.41,-0.91,0.00363,"{'price_above_30w_ma': False, '30w_ma_rising': False, 'price_above_10w_ma': False, 'relative_strength_positive': False, 'near_52w_high': False}",lagging,lagging,97.84,99.66,0.18,1.39,False,False,2026-07-29 ratio=97.65 momentum=98.28; 2026-07-30 ratio=97.52 momentum=97.13; 2026-07-31 ratio=97.86 momentum=103.36; 2026-08-03 ratio=97.93 momentum=98.59; 2026-08-04 ratio=97.84 momentum=99.66,0.0
stock,Dhruv Consultanc,DHRUV.NS,Consulting Services,Services,48.34,0.78,-0.06,-103.02,8.32,-69.86,,-32.69,,not_stage_2,0,25.49,30.61,-8.88,0.00104,"{'price_above_30w_ma': False, '30w_ma_rising': False, 'price_above_10w_ma': False, 'relative_strength_positive': False, 'near_52w_high': False}",improving,lagging,98.9,101.98,0.36,5.49,False,True,2026-07-29 ratio=98.54 momentum=96.49; 2026-07-30 ratio=98.55 momentum=99.82; 2026-07-31 ratio=98.51 momentum=102.05; 2026-08-03 ratio=98.37 momentum=98.45; 2026-08-04 ratio=98.90 momentum=101.98,9.9
stock,Manglam Infra,MIEL.NS,Consulting Services,Services,22.88,0.0,1.6,1700.0,21.86,-21.42,7.29,9.52,,insufficient_data,0,,,,,{},insufficient_data,insufficient_data,,,,,False,False,,0.0
stock,Physicswallah,PWL.NS,E-Learning,Consumer Services,36597.59,0.0,-69.14,80.56,918.8,50.72,,4.02,,not_stage_2,3,126.13,111.23,-0.28,0.00512,"{'price_above_30w_ma': True, '30w_ma_rising': False, 'price_above_10w_ma': True, 'relative_strength_positive': False, 'near_52w_high': True}",lagging,weakening,99.99,97.28,-0.23,0.27,False,False,2026-07-29 ratio=100.22 momentum=97.01; 2026-07-30 ratio=100.08 momentum=97.07; 2026-07-31 ratio=100.02 momentum=97.09; 2026-08-03 ratio=99.94 momentum=97.50; 2026-08-04 ratio=99.99 momentum=97.28,60.0
stock,Veranda Learning,VERANDA.NS,E-Learning,Consumer Services,2484.97,0.0,15.69,103.09,132.39,51.6,106.61,12.83,,stage_2,5,257.3,203.51,3.04,0.01045,"{'price_above_30w_ma': True, '30w_ma_rising': True, 'price_above_10w_ma': True, 'relative_strength_positive': True, 'near_52w_high': True}",leading,lagging,101.79,101.59,3.19,2.52,True,False,2026-07-29 ratio=98.60 momentum=99.07; 2026-07-30 ratio=98.91 momentum=100.32; 2026-07-31 ratio=102.39 momentum=103.78; 2026-08-03 ratio=101.27 momentum=102.70; 2026-08-04 ratio=101.79 momentum=101.59,177.98
stock,Jaro Institute,JARO.NS,E-Learning,Consumer Services,1019.73,1.09,21.33,17.26,72.79,-1.79,23.21,22.09,,not_stage_2,0,457.35,479.8,-0.22,0.01858,"{'price_above_30w_ma': False, '30w_ma_rising': False, 'price_above_10w_ma': False, 'relative_strength_positive': False, 'near_52w_high': False}",lagging,lagging,98.2,96.78,-0.29,-0.21,False,False,2026-07-29 ratio=98.49 momentum=96.99; 2026-07-30 ratio=98.30 momentum=96.15; 2026-07-31 ratio=98.37 momentum=96.98; 2026-08-03 ratio=98.39 momentum=96.15; 2026-08-04 ratio=98.20 momentum=96.78,0.0
stock,Addictive Learn,ADDICTIVE.NS,E-Learning,Consumer Services,63.95,0.0,-4.65,-205.92,33.83,-12.74,,-0.11,,insufficient_data,0,,,,,{},insufficient_data,insufficient_data,,,,,False,False,,0.0
stock,G-Tec Janix,GTECJAINX.NS,E-Learning,Consumer Services,29.69,0.0,-0.66,7.04,1.57,-9.25,,-36.32,,stage_2,4,29.14,22.53,2.6,0.00118,"{'price_above_30w_ma': True, '30w_ma_rising': True, 'price_above_10w_ma': True, 'relative_strength_positive': False, 'near_52w_high': True}",weakening,leading,100.15,99.0,-0.2,-2.96,False,False,2026-07-29 ratio=100.34 momentum=101.95; 2026-07-30 ratio=100.19 momentum=100.09; 2026-07-31 ratio=100.02 momentum=98.94; 2026-08-03 ratio=99.92 momentum=98.23; 2026-08-04 ratio=100.15 momentum=99.00,110.95
stock,Usha Mart. Edu.,UMESLTD.NS,E-Learning,Consumer Services,14.59,0.0,0.2,69.23,0.32,166.67,35.58,5.23,,not_stage_2,2,5.46,5.49,1.03,0.00022,"{'price_above_30w_ma': False, '30w_ma_rising': True, 'price_above_10w_ma': False, 'relative_strength_positive': False, 'near_52w_high': True}",lagging,lagging,98.57,97.56,-1.3,-0.42,False,False,2026-07-29 ratio=99.87 momentum=97.98; 2026-07-30 ratio=99.35 momentum=97.94; 2026-07-31 ratio=99.05 momentum=98.98; 2026-08-03 ratio=98.78 momentum=98.82; 2026-08-04 ratio=98.57 momentum=97.56,42.06
stock,Docmode Health,DHTL.NS,E-Learning,Consumer Services,10.66,0.0,-0.09,82.69,17.85,-12.59,,-0.29,,not_stage_2,0,35.65,45.88,-7.74,0.00145,"{'price_above_30w_ma': False, '30w_ma_rising': False, 'price_above_10w_ma': False, 'relative_strength_positive': False, 'near_52w_high': False}",lagging,improving,98.79,99.42,-0.04,-2.27,False,False,2026-07-28 ratio=98.84 momentum=101.69; 2026-07-29 ratio=98.82 momentum=98.56; 2026-07-30 ratio=98.84 momentum=100.06; 2026-07-31 ratio=98.86 momentum=100.48; 2026-08-03 ratio=98.79 momentum=99.42,0.0
stock,PVR Inox,PVRINOX.NS,"Film Production, Distribution & Exhibition","Media, Entertainment & Publication",11680.95,0.0,56.5,220.3,1622.2,11.91,36.82,6.96,,stage_2,5,1188.1,1004.64,0.96,0.04827,"{'price_above_30w_ma': True, '30w_ma_rising': True, 'price_above_10w_ma': True, 'relative_strength_positive': True, 'near_52w_high': True}",leading,leading,102.92,102.36,-0.45,0.54,False,False,2026-07-29 ratio=103.37 momentum=101.82; 2026-07-30 ratio=102.80 momentum=101.51; 2026-07-31 ratio=102.48 momentum=101.84; 2026-08-03 ratio=102.17 momentum=101.10; 2026-08-04 ratio=102.92 momentum=102.36,173.32
stock,Media Matrix,MMWL.NS,"Film Production, Distribution & Exhibition","Media, Entertainment & Publication",1616.62,0.0,2.08,805.0,300.67,10.63,276.35,9.78,,insufficient_data,0,,,,,{},lagging,leading,99.84,98.92,-0.4,-2.34,False,False,2026-07-29 ratio=100.24 momentum=101.26; 2026-07-30 ratio=101.15 momentum=102.74; 2026-07-31 ratio=99.89 momentum=99.18; 2026-08-03 ratio=99.79 momentum=98.38; 2026-08-04 ratio=99.84 momentum=98.92,0.0
stock,Connplex Cinemas,CONNPLEX.NS,"Film Production, Distribution & Exhibition","Media, Entertainment & Publication",383.91,0.0,13.03,38.91,83.46,51.97,14.72,43.57,,insufficient_data,0,,,,,{},insufficient_data,insufficient_data,,,,,False,False,,0.0
stock,Cineline India,CINELINE.NS,"Film Production, Distribution & Exhibition","Media, Entertainment & Publication",340.49,0.0,-1.21,74.27,59.27,30.87,25.3,10.86,,not_stage_2,4,89.51,83.64,-0.39,0.00364,"{'price_above_30w_ma': True, '30w_ma_rising': False, 'price_above_10w_ma': True, 'relative_strength_positive': True, 'near_52w_high': True}",leading,improving,102.64,102.9,2.78,1.76,True,False,2026-07-29 ratio=99.86 momentum=101.14; 2026-07-30 ratio=99.97 momentum=101.39; 2026-07-31 ratio=102.72 momentum=103.19; 2026-08-03 ratio=102.29 momentum=102.58; 2026-08-04 ratio=102.64 momentum=102.90,137.7
stock,UFO Moviez,UFO.NS,"Film Production, Distribution & Exhibition","Media, Entertainment & Publication",264.98,0.0,5.64,-13.5,110.69,3.81,11.03,11.19,,not_stage_2,1,68.11,70.8,-2.96,0.00277,"{'price_above_30w_ma': False, '30w_ma_rising': False, 'price_above_10w_ma': False, 'relative_strength_positive': False, 'near_52w_high': True}",improving,lagging,98.59,101.41,0.5,1.43,False,True,2026-07-29 ratio=98.09 momentum=99.98; 2026-07-30 ratio=97.73 momentum=99.57; 2026-07-31 ratio=97.79 momentum=101.09; 2026-08-03 ratio=98.62 momentum=102.43; 2026-08-04 ratio=98.59 momentum=101.41,27.05
stock,Tips Films,TIPSFILMS.NS,"Film Production, Distribution & Exhibition","Media, Entertainment & Publication",162.02,0.0,-3.47,89.39,2.36,-96.09,,-6.69,,not_stage_2,4,378.5,359.64,-1.84,0.01538,"{'price_above_30w_ma': True, '30w_ma_rising': False, 'price_above_10w_ma': True, 'relative_strength_positive': True, 'near_52w_high': True}",leading,leading,100.68,102.03,-1.33,-0.2,False,False,2026-07-29 ratio=102.01 momentum=102.22; 2026-07-30 ratio=101.15 momentum=101.71; 2026-07-31 ratio=101.07 momentum=101.73; 2026-08-03 ratio=100.59 momentum=101.58; 2026-08-04 ratio=100.68 momentum=102.03,113.55
stock,Mukta Arts,MUKTAARTS.NS,"Film Production, Distribution & Exhibition","Media, Entertainment & Publication",123.68,0.0,-0.7,124.32,45.39,19.1,,11.17,,not_stage_2,0,54.25,55.38,-2.05,0.0022,"{'price_above_30w_ma': False, '30w_ma_rising': False, 'price_above_10w_ma': False, 'relative_strength_positive': False, 'near_52w_high': False}",lagging,improving,98.74,98.63,-1.24,-4.22,False,False,2026-07-29 ratio=99.99 momentum=102.85; 2026-07-30 ratio=99.39 momentum=102.03; 2026-07-31 ratio=99.26 momentum=103.03; 2026-08-03 ratio=98.84 momentum=100.23; 2026-08-04 ratio=98.74 momentum=98.63,0.0
stock,Vels Film,VELS.NS,"Film Production, Distribution & Exhibition","Media, Entertainment & Publication",94.23,0.0,-20.14,-12.07,31.38,486.54,,-12.43,,stage_2,5,73.0,63.36,3.35,0.00297,"{'price_above_30w_ma': True, '30w_ma_rising': True, 'price_above_10w_ma': True, 'relative_strength_positive': True, 'near_52w_high': True}",weakening,leading,100.28,97.29,-1.6,-5.76,False,False,2026-07-28 ratio=101.89 momentum=103.05; 2026-07-29 ratio=101.32 momentum=95.35; 2026-07-30 ratio=101.15 momentum=96.10; 2026-07-31 ratio=100.99 momentum=97.90; 2026-08-03 ratio=100.28 momentum=97.29,133.1
stock,Baweja Studios L,BAWEJA.NS,"Film Production, Distribution & Exhibition","Media, Entertainment & Publication",50.49,0.0,4.57,-13.28,33.44,-22.93,8.3,7.94,,not_stage_2,0,28.75,30.11,-5.48,0.00117,"{'price_above_30w_ma': False, '30w_ma_rising': False, 'price_above_10w_ma': False, 'relative_strength_positive': False, 'near_52w_high': False}",lagging,lagging,99.08,99.82,0.81,0.54,False,False,2026-07-28 ratio=98.27 momentum=99.28; 2026-07-29 ratio=97.90 momentum=98.21; 2026-07-30 ratio=97.84 momentum=98.35; 2026-07-31 ratio=98.70 momentum=99.69; 2026-08-03 ratio=99.08 momentum=99.82,0.0
stock,Prit Nandy Comm.,PNC.NS,"Film Production, Distribution & Exhibition","Media, Entertainment & Publication",28.2,0.0,-0.77,-224.19,1.58,-92.54,7.86,-0.13,,not_stage_2,0,19.59,21.51,-4.42,0.0008,"{'price_above_30w_ma': False, '30w_ma_rising': False, 'price_above_10w_ma': False, 'relative_strength_positive': False, 'near_52w_high': False}",lagging,lagging,98.74,96.69,-0.62,-1.73,False,False,2026-07-29 ratio=99.36 momentum=98.43; 2026-07-30 ratio=99.78 momentum=100.34; 2026-07-31 ratio=98.91 momentum=100.02; 2026-08-03 ratio=99.32 momentum=102.08; 2026-08-04 ratio=98.74 momentum=96.69,0.0
stock,Metro Brands,METROBRAND.NS,Footwear,Consumer Durables,28411.18,0.53,95.26,-4.79,720.36,14.66,69.9,20.18,,not_stage_2,3,1040.7,1023.04,-1.32,0.04228,"{'price_above_30w_ma': True, '30w_ma_rising': False, 'price_above_10w_ma': True, 'relative_strength_positive': False, 'near_52w_high': True}",lagging,lagging,98.82,96.6,-0.26,-2.83,False,False,2026-07-29 ratio=99.09 momentum=99.43; 2026-07-30 ratio=98.88 momentum=99.34; 2026-07-31 ratio=99.09 momentum=97.95; 2026-08-03 ratio=98.17 momentum=96.85; 2026-08-04 ratio=98.82 momentum=96.60,60.0
stock,Relaxo Footwear,RELAXO.NS,Footwear,Consumer Durables,10111.95,0.74,67.67,20.37,751.1,8.05,56.41,11.07,,stage_2,5,406.6,343.42,0.43,0.01652,"{'price_above_30w_ma': True, '30w_ma_rising': True, 'price_above_10w_ma': True, 'relative_strength_positive': True, 'near_52w_high': True}",weakening,leading,100.66,96.3,-0.34,-4.19,False,False,2026-07-29 ratio=101.00 momentum=100.49; 2026-07-30 ratio=100.92 momentum=101.05; 2026-07-31 ratio=100.75 momentum=95.95; 2026-08-03 ratio=100.67 momentum=93.19; 2026-08-04 ratio=100.66 momentum=96.30,129.16
stock,Bata India,BATAINDIA.NS,Footwear,Consumer Durables,9108.76,1.27,2.21,-58.62,827.63,5.0,54.09,12.74,,not_stage_2,1,709.55,732.9,-4.3,0.02883,"{'price_above_30w_ma': False, '30w_ma_rising': False, 'price_above_10w_ma': True, 'relative_strength_positive': False, 'near_52w_high': False}",improving,improving,99.98,100.21,0.07,-2.02,False,False,2026-07-29 ratio=99.91 momentum=102.24; 2026-07-30 ratio=99.91 momentum=102.76; 2026-07-31 ratio=99.64 momentum=100.75; 2026-08-03 ratio=99.76 momentum=99.45; 2026-08-04 ratio=99.98 momentum=100.21,21.05
stock,Redtape,REDTAPE.NS,Footwear,Consumer Durables,7207.52,1.53,69.88,69.53,675.51,33.51,29.96,24.11,,not_stage_2,3,130.49,127.16,0.98,0.0053,"{'price_above_30w_ma': True, '30w_ma_rising': True, 'price_above_10w_ma': False, 'relative_strength_positive': False, 'near_52w_high': True}",lagging,lagging,98.33,98.59,-0.62,-0.57,False,False,2026-07-29 ratio=98.95 momentum=99.17; 2026-07-30 ratio=99.33 momentum=100.46; 2026-07-31 ratio=98.94 momentum=99.55; 2026-08-03 ratio=98.12 momentum=98.24; 2026-08-04 ratio=98.33 momentum=98.59,61.96
stock,Campus Activewe.,CAMPUS.NS,Footwear,Consumer Durables,6829.48,0.67,44.14,26.01,455.63,12.3,45.63,21.22,,not_stage_2,1,223.77,242.14,-1.93,0.00909,"{'price_above_30w_ma': False, '30w_ma_rising': False, 'price_above_10w_ma': False, 'relative_strength_positive': False, 'near_52w_high': True}",improving,improving,98.69,102.67,-0.0,1.3,False,False,2026-07-29 ratio=98.69 momentum=101.37; 2026-07-30 ratio=98.45 momentum=99.77; 2026-07-31 ratio=98.62 momentum=95.74; 2026-08-03 ratio=98.47 momentum=101.02; 2026-08-04 ratio=98.69 momentum=102.67,33.35
stock,Sreeleathers,SREEL.NS,Footwear,Consumer Durables,488.91,0.47,9.67,82.8,62.69,17.95,16.99,8.0,,not_stage_2,3,212.61,199.93,-0.04,0.00864,"{'price_above_30w_ma': True, '30w_ma_rising': False, 'price_above_10w_ma': True, 'relative_strength_positive': False, 'near_52w_high': True}",lagging,weakening,99.8,96.86,-0.88,-2.72,False,False,2026-07-29 ratio=100.67 momentum=99.58; 2026-07-30 ratio=100.46 momentum=99.45; 2026-07-31 ratio=100.21 momentum=99.29; 2026-08-03 ratio=100.12 momentum=99.16; 2026-08-04 ratio=99.80 momentum=96.86,60.0
stock,Liberty Shoes,LIBERTSHOE.NS,Footwear,Consumer Durables,445.26,0.0,5.3,-10.69,212.05,13.0,40.19,7.91,,not_stage_2,2,260.9,252.39,-0.56,0.0106,"{'price_above_30w_ma': True, '30w_ma_rising': False, 'price_above_10w_ma': True, 'relative_strength_positive': False, 'near_52w_high': False}",lagging,weakening,99.72,97.42,-0.74,-1.95,False,False,2026-07-29 ratio=100.46 momentum=99.37; 2026-07-30 ratio=100.16 momentum=99.97; 2026-07-31 ratio=99.95 momentum=95.50; 2026-08-03 ratio=99.67 momentum=96.47; 2026-08-04 ratio=99.72 momentum=97.42,40.0
stock,Brandman Retail,BRANDMAN.NS,Footwear,Consumer Durables,307.31,0.0,5.64,37.9,67.1,137.69,12.15,36.81,,insufficient_data,0,,,,,{},insufficient_data,insufficient_data,,,,,False,False,,0.0
stock,Khadim India,KHADIM.NS,Footwear,Consumer Durables,179.01,0.0,0.77,-86.1,83.56,-10.92,42.83,6.87,,not_stage_2,0,98.0,113.18,-7.78,0.00398,"{'price_above_30w_ma': False, '30w_ma_rising': False, 'price_above_10w_ma': False, 'relative_strength_positive': False, 'near_52w_high': False}",improving,improving,98.75,102.32,0.47,0.14,False,True,2026-07-29 ratio=98.28 momentum=102.18; 2026-07-30 ratio=98.42 momentum=106.63; 2026-07-31 ratio=98.60 momentum=101.59; 2026-08-03 ratio=98.34 momentum=100.73; 2026-08-04 ratio=98.75 momentum=102.32,11.6
stock,ICICI Lombard,ICICIGI.NS,General Insurance,Financial Services,83305.8,0.82,403.17,-46.03,7088.22,10.83,34.31,21.88,,not_stage_2,1,1644.8,1793.31,-2.24,0.06682,"{'price_above_30w_ma': False, '30w_ma_rising': False, 'price_above_10w_ma': False, 'relative_strength_positive': False, 'near_52w_high': True}",improving,lagging,98.29,102.2,0.04,3.99,False,True,2026-07-29 ratio=98.25 momentum=98.21; 2026-07-30 ratio=98.16 momentum=102.57; 2026-07-31 ratio=98.05 momentum=102.88; 2026-08-03 ratio=98.43 momentum=102.82; 2026-08-04 ratio=98.29 momentum=102.20,31.0
stock,General Insuranc,GICRE.NS,General Insurance,Financial Services,63052.94,2.78,2532.59,1.35,13018.27,-1.44,6.53,17.35,,not_stage_2,1,359.7,375.97,-0.42,0.01461,"{'price_above_30w_ma': False, '30w_ma_rising': False, 'price_above_10w_ma': False, 'relative_strength_positive': False, 'near_52w_high': True}",lagging,lagging,98.85,99.57,-0.08,1.12,False,False,2026-07-29 ratio=98.92 momentum=98.45; 2026-07-30 ratio=98.77 momentum=98.20; 2026-07-31 ratio=98.76 momentum=100.24; 2026-08-03 ratio=98.56 momentum=99.00; 2026-08-04 ratio=98.85 momentum=99.57,20.0
stock,Star Health Insu,STARHEALTH.NS,General Insurance,Financial Services,34596.51,0.0,549.73,25.46,5522.07,13.15,40.98,9.69,,stage_2,5,587.7,510.2,3.62,0.02388,"{'price_above_30w_ma': True, '30w_ma_rising': True, 'price_above_10w_ma': True, 'relative_strength_positive': True, 'near_52w_high': True}",weakening,weakening,100.2,97.75,-0.9,-0.77,False,False,2026-07-29 ratio=101.10 momentum=98.51; 2026-07-30 ratio=101.42 momentum=98.78; 2026-07-31 ratio=100.97 momentum=101.08; 2026-08-03 ratio=100.27 momentum=98.32; 2026-08-04 ratio=100.20 momentum=97.75,133.24
stock,New India Assura,NIACL.NS,General Insurance,Financial Services,28325.46,0.87,-239.15,-160.61,11899.69,1.54,36.82,4.29,,not_stage_2,3,171.77,158.12,1.67,0.00698,"{'price_above_30w_ma': True, '30w_ma_rising': True, 'price_above_10w_ma': False, 'relative_strength_positive': False, 'near_52w_high': True}",lagging,lagging,99.66,97.94,0.37,1.18,False,False,2026-07-29 ratio=99.29 momentum=96.76; 2026-07-30 ratio=99.39 momentum=97.39; 2026-07-31 ratio=99.92 momentum=99.57; 2026-08-03 ratio=99.85 momentum=98.91; 2026-08-04 ratio=99.66 momentum=97.94,63.34
stock,Go Digit General,GODIGIT.NS,General Insurance,Financial Services,24321.66,0.0,86.39,-37.55,2427.02,8.54,49.39,13.1,,not_stage_2,0,263.3,311.45,-3.26,0.0107,"{'price_above_30w_ma': False, '30w_ma_rising': False, 'price_above_10w_ma': False, 'relative_strength_positive': False, 'near_52w_high': False}",improving,lagging,98.18,101.01,0.98,2.86,False,True,2026-07-29 ratio=97.19 momentum=98.16; 2026-07-30 ratio=97.49 momentum=101.60; 2026-07-31 ratio=97.62 momentum=102.39; 2026-08-03 ratio=97.97 momentum=102.04; 2026-08-04 ratio=98.18 momentum=101.01,5.05
stock,Niva Bupa Health,NIVABUPA.NS,General Insurance,Financial Services,16138.2,0.0,137.8,92.89,2471.26,27.93,92.62,3.15,,stage_2,4,87.31,79.83,1.78,0.00355,"{'price_above_30w_ma': True, '30w_ma_rising': True, 'price_above_10w_ma': True, 'relative_strength_positive': False, 'near_52w_high': True}",lagging,lagging,99.65,99.41,0.14,2.65,False,False,2026-07-29 ratio=99.51 momentum=96.76; 2026-07-30 ratio=99.38 momentum=97.88; 2026-07-31 ratio=100.08 momentum=100.14; 2026-08-03 ratio=98.44 momentum=98.05; 2026-08-04 ratio=99.65 momentum=99.41,108.56
stock,LG Electronics,LGEINDIA.NS,Household Appliances,Consumer Durables,104640.65,0.0,692.73,-8.19,8053.55,8.12,62.16,32.27,,not_stage_2,3,1542.5,1525.68,0.34,0.06267,"{'price_above_30w_ma': True, '30w_ma_rising': True, 'price_above_10w_ma': False, 'relative_strength_positive': False, 'near_52w_high': True}",lagging,lagging,98.5,98.17,0.45,0.39,False,False,2026-07-29 ratio=98.05 momentum=97.78; 2026-07-30 ratio=97.43 momentum=96.13; 2026-07-31 ratio=97.27 momentum=96.81; 2026-08-03 ratio=99.02 momentum=98.58; 2026-08-04 ratio=98.50 momentum=98.17,60.68
stock,Voltas,VOLTAS.NS,Household Appliances,Consumer Durables,43946.49,0.3,113.43,-51.8,4887.83,2.52,111.87,9.04,,not_stage_2,2,1327.7,1358.02,-0.8,0.05394,"{'price_above_30w_ma': False, '30w_ma_rising': False, 'price_above_10w_ma': True, 'relative_strength_positive': False, 'near_52w_high': True}",lagging,lagging,99.53,96.28,-0.16,-0.16,False,False,2026-07-29 ratio=99.69 momentum=96.44; 2026-07-30 ratio=100.20 momentum=96.58; 2026-07-31 ratio=99.96 momentum=98.84; 2026-08-03 ratio=99.20 momentum=96.48; 2026-08-04 ratio=99.53 momentum=96.28,40.0
stock,Blue Star,BLUESTARCO.NS,Household Appliances,Consumer Durables,34690.23,0.5,227.18,10.41,4072.06,1.32,62.07,21.24,,not_stage_2,3,1685.0,1732.06,-0.9,0.06845,"{'price_above_30w_ma': False, '30w_ma_rising': False, 'price_above_10w_ma': True, 'relative_strength_positive': True, 'near_52w_high': True}",lagging,weakening,99.95,96.57,-0.42,-0.89,False,False,2026-07-29 ratio=100.38 momentum=97.47; 2026-07-30 ratio=100.54 momentum=96.96; 2026-07-31 ratio=100.22 momentum=99.81; 2026-08-03 ratio=100.73 momentum=98.92; 2026-08-04 ratio=99.95 momentum=96.57,60.0
stock,Amber Enterp.,AMBER.NS,Household Appliances,Consumer Durables,26010.22,0.0,161.96,-19.47,4147.52,10.49,131.36,10.25,,not_stage_2,3,7395.0,7349.77,1.73,0.30043,"{'price_above_30w_ma': True, '30w_ma_rising': True, 'price_above_10w_ma': False, 'relative_strength_positive': False, 'near_52w_high': True}",lagging,lagging,98.26,96.83,-0.45,-1.19,False,False,2026-07-29 ratio=98.71 momentum=98.02; 2026-07-30 ratio=98.55 momentum=96.57; 2026-07-31 ratio=98.58 momentum=97.72; 2026-08-03 ratio=98.01 momentum=95.32; 2026-08-04 ratio=98.26 momentum=96.83,63.46
stock,Crompton Gr. Con,CROMPTON.NS,Household Appliances,Consumer Durables,16960.5,1.14,-536.81,-31.74,2083.3,10.9,48.43,18.98,,not_stage_2,3,263.1,258.94,0.17,0.01069,"{'price_above_30w_ma': True, '30w_ma_rising': True, 'price_above_10w_ma': False, 'relative_strength_positive': False, 'near_52w_high': True}",improving,improving,99.03,101.2,-0.3,-1.47,False,False,2026-07-29 ratio=99.33 momentum=102.67; 2026-07-30 ratio=99.00 momentum=101.09; 2026-07-31 ratio=98.96 momentum=102.34; 2026-08-03 ratio=99.14 momentum=101.07; 2026-08-04 ratio=99.03 momentum=101.20,66.34
stock,V-Guard Industri,VGUARD.NS,Household Appliances,Consumer Durables,13701.61,0.48,130.25,76.37,1810.65,23.5,36.05,18.38,,not_stage_2,3,313.35,316.0,-0.91,0.01273,"{'price_above_30w_ma': False, '30w_ma_rising': False, 'price_above_10w_ma': True, 'relative_strength_positive': True, 'near_52w_high': True}",leading,lagging,100.06,101.18,1.09,1.56,True,False,2026-07-29 ratio=98.98 momentum=99.62; 2026-07-30 ratio=101.14 momentum=102.72; 2026-07-31 ratio=100.68 momentum=102.21; 2026-08-03 ratio=99.95 momentum=101.20; 2026-08-04 ratio=100.06 momentum=101.18,96.2
stock,Whirlpool India,WHIRLPOOL.NS,Household Appliances,Consumer Durables,10404.79,0.61,80.5,-29.67,2180.77,8.78,33.11,11.07,,not_stage_2,2,820.5,841.68,-1.63,0.03333,"{'price_above_30w_ma': False, '30w_ma_rising': False, 'price_above_10w_ma': True, 'relative_strength_positive': True, 'near_52w_high': False}",improving,improving,99.99,103.09,0.81,2.1,False,True,2026-07-29 ratio=99.18 momentum=101.00; 2026-07-30 ratio=99.68 momentum=102.00; 2026-07-31 ratio=99.55 momentum=102.31; 2026-08-03 ratio=99.90 momentum=102.71; 2026-08-04 ratio=99.99 momentum=103.09,55.45
stock,Eureka Forbes,EUREKAFORB.NS,Household Appliances,Consumer Durables,8979.58,0.0,51.09,3.84,683.83,11.64,47.22,5.86,,not_stage_2,1,464.0,478.62,-4.54,0.01885,"{'price_above_30w_ma': False, '30w_ma_rising': False, 'price_above_10w_ma': True, 'relative_strength_positive': False, 'near_52w_high': False}",improving,lagging,99.7,100.04,0.68,1.49,False,True,2026-07-29 ratio=99.02 momentum=98.56; 2026-07-30 ratio=98.79 momentum=97.59; 2026-07-31 ratio=98.50 momentum=98.40; 2026-08-03 ratio=98.36 momentum=97.58; 2026-08-04 ratio=99.70 momentum=100.04,20.2
stock,TTK Prestige,TTKPRESTIG.NS,Household Appliances,Consumer Durables,8650.58,1.19,58.97,103.94,813.85,33.57,41.8,12.1,,stage_2,5,630.8,548.83,0.74,0.02563,"{'price_above_30w_ma': True, '30w_ma_rising': True, 'price_above_10w_ma': True, 'relative_strength_positive': True, 'near_52w_high': True}",weakening,weakening,100.31,97.66,-1.18,0.3,False,False,2026-07-29 ratio=101.49 momentum=97.36; 2026-07-30 ratio=101.02 momentum=95.71; 2026-07-31 ratio=100.68 momentum=96.58; 2026-08-03 ratio=100.51 momentum=97.17; 2026-08-04 ratio=100.31 momentum=97.66,128.03
stock,IFB Industries,IFBIND.NS,Household Appliances,Consumer Durables,5571.44,0.0,42.67,128.46,1498.2,12.33,38.57,19.51,,not_stage_2,3,1369.4,1187.3,-2.51,0.05563,"{'price_above_30w_ma': True, '30w_ma_rising': False, 'price_above_10w_ma': True, 'relative_strength_positive': True, 'near_52w_high': False}",weakening,weakening,100.78,98.67,0.23,2.87,False,False,2026-07-29 ratio=100.55 momentum=95.80; 2026-07-30 ratio=100.24 momentum=94.99; 2026-07-31 ratio=100.19 momentum=97.96; 2026-08-03 ratio=100.39 momentum=97.76; 2026-08-04 ratio=100.78 momentum=98.67,63.9
stock,Adani Total Gas,ATGL.NS,LPG/CNG/PNG/LNG Supplier,"Oil, Gas & Consumable Fuels",73346.34,0.04,133.03,-17.97,1743.48,27.1,120.69,15.09,,not_stage_2,3,666.95,618.25,2.18,0.0271,"{'price_above_30w_ma': True, '30w_ma_rising': True, 'price_above_10w_ma': False, 'relative_strength_positive': False, 'near_52w_high': True}",lagging,lagging,98.41,96.53,-0.02,-0.51,False,False,2026-07-29 ratio=98.42 momentum=97.05; 2026-07-30 ratio=98.22 momentum=97.03; 2026-07-31 ratio=98.16 momentum=97.22; 2026-08-03 ratio=98.30 momentum=96.65; 2026-08-04 ratio=98.41 momentum=96.53,64.36
stock,Petronet LNG,PETRONET.NS,LPG/CNG/PNG/LNG Supplier,"Oil, Gas & Consumable Fuels",43029.46,3.51,1370.74,25.19,9442.09,-23.33,11.0,22.74,,not_stage_2,4,285.0,279.11,-0.24,0.01158,"{'price_above_30w_ma': True, '30w_ma_rising': False, 'price_above_10w_ma': True, 'relative_strength_positive': True, 'near_52w_high': True}",improving,lagging,99.93,101.18,0.59,2.15,False,True,2026-07-29 ratio=99.33 momentum=99.03; 2026-07-30 ratio=99.49 momentum=100.11; 2026-07-31 ratio=99.65 momentum=102.38; 2026-08-03 ratio=99.56 momentum=101.31; 2026-08-04 ratio=99.93 momentum=101.18,85.9
stock,Gujarat Energy,GUJENERGY.NS,LPG/CNG/PNG/LNG Supplier,"Oil, Gas & Consumable Fuels",26045.27,2.09,151.8,-27.01,5791.85,41.2,14.63,18.49,,not_stage_2,0,278.85,361.73,-4.83,0.01133,"{'price_above_30w_ma': False, '30w_ma_rising': False, 'price_above_10w_ma': False, 'relative_strength_positive': False, 'near_52w_high': False}",improving,improving,98.93,103.62,0.23,0.76,False,True,2026-07-29 ratio=98.70 momentum=102.85; 2026-07-30 ratio=98.78 momentum=102.02; 2026-07-31 ratio=98.80 momentum=102.62; 2026-08-03 ratio=98.83 momentum=103.06; 2026-08-04 ratio=98.93 momentum=103.62,18.1
stock,Indraprastha Gas,IGL.NS,LPG/CNG/PNG/LNG Supplier,"Oil, Gas & Consumable Fuels",21559.88,2.76,338.75,-25.18,4162.69,5.45,13.91,17.9,,not_stage_2,0,153.93,161.93,-3.19,0.00625,"{'price_above_30w_ma': False, '30w_ma_rising': False, 'price_above_10w_ma': False, 'relative_strength_positive': False, 'near_52w_high': False}",improving,improving,98.85,100.57,-0.02,-4.26,False,False,2026-07-29 ratio=98.87 momentum=104.83; 2026-07-30 ratio=98.71 momentum=99.31; 2026-07-31 ratio=98.73 momentum=103.72; 2026-08-03 ratio=98.97 momentum=101.41; 2026-08-04 ratio=98.85 momentum=100.57,2.85
stock,Mahanagar Gas,MGL.NS,LPG/CNG/PNG/LNG Supplier,"Oil, Gas & Consumable Fuels",10980.63,2.7,193.7,-39.39,2371.71,13.95,15.23,18.28,,not_stage_2,2,1111.6,1095.33,-0.24,0.04516,"{'price_above_30w_ma': True, '30w_ma_rising': False, 'price_above_10w_ma': False, 'relative_strength_positive': False, 'near_52w_high': True}",improving,lagging,99.09,100.93,-0.28,1.23,False,False,2026-07-29 ratio=99.37 momentum=99.70; 2026-07-30 ratio=99.59 momentum=99.91; 2026-07-31 ratio=99.56 momentum=101.93; 2026-08-03 ratio=99.03 momentum=100.15; 2026-08-04 ratio=99.09 momentum=100.93,44.65
stock,Confidence Petro,CONFIPET.NS,LPG/CNG/PNG/LNG Supplier,"Oil, Gas & Consumable Fuels",2726.71,0.12,34.39,37.5,1215.69,31.45,29.35,9.23,,stage_2,5,82.08,54.44,11.64,0.00333,"{'price_above_30w_ma': True, '30w_ma_rising': True, 'price_above_10w_ma': True, 'relative_strength_positive': True, 'near_52w_high': True}",leading,leading,101.39,101.76,0.4,1.51,False,False,2026-07-29 ratio=100.99 momentum=100.25; 2026-07-30 ratio=100.91 momentum=100.03; 2026-07-31 ratio=101.09 momentum=102.29; 2026-08-03 ratio=101.60 momentum=101.88; 2026-08-04 ratio=101.39 momentum=101.76,184.03
stock,IRM Energy,IRMENERGY.NS,LPG/CNG/PNG/LNG Supplier,"Oil, Gas & Consumable Fuels",1119.5,0.55,12.76,190.66,279.67,4.41,21.04,8.63,,not_stage_2,3,272.6,251.67,-1.0,0.01107,"{'price_above_30w_ma': True, '30w_ma_rising': False, 'price_above_10w_ma': True, 'relative_strength_positive': True, 'near_52w_high': False}",leading,lagging,100.12,102.59,1.73,6.19,True,False,2026-07-29 ratio=98.38 momentum=96.40; 2026-07-30 ratio=98.46 momentum=96.08; 2026-07-31 ratio=98.45 momentum=97.82; 2026-08-03 ratio=98.88 momentum=100.19; 2026-08-04 ratio=100.12 momentum=102.59,103.55
stock,Life Insurance,LICI.NS,Life Insurance,Financial Services,499835.19,2.56,23467.18,23.26,276743.77,13.82,8.7,35.14,,not_stage_2,1,391.3,411.77,-0.21,0.0159,"{'price_above_30w_ma': False, '30w_ma_rising': False, 'price_above_10w_ma': False, 'relative_strength_positive': False, 'near_52w_high': True}",lagging,lagging,96.49,96.39,-3.19,0.84,False,False,2026-07-29 ratio=99.68 momentum=95.55; 2026-07-30 ratio=99.46 momentum=94.80; 2026-07-31 ratio=99.48 momentum=97.24; 2026-08-03 ratio=99.18 momentum=96.57; 2026-08-04 ratio=96.49 momentum=96.39,20.0
stock,SBI Life Insuran,SBILIFE.NS,Life Insurance,Financial Services,191108.06,0.14,724.93,21.97,46336.78,18.82,73.48,14.95,,not_stage_2,4,1899.0,1888.62,-1.25,0.07715,"{'price_above_30w_ma': True, '30w_ma_rising': False, 'price_above_10w_ma': True, 'relative_strength_positive': True, 'near_52w_high': True}",leading,leading,100.79,102.27,-0.37,1.62,False,False,2026-07-29 ratio=101.16 momentum=100.65; 2026-07-30 ratio=100.72 momentum=101.32; 2026-07-31 ratio=100.74 momentum=101.86; 2026-08-03 ratio=100.83 momentum=102.23; 2026-08-04 ratio=100.79 momentum=102.27,115.3
stock,HDFC Life Insur.,HDFCLIFE.NS,Life Insurance,Financial Services,116983.71,0.39,611.19,11.46,33758.51,14.58,59.23,10.3,,not_stage_2,0,535.95,619.94,-4.21,0.02177,"{'price_above_30w_ma': False, '30w_ma_rising': False, 'price_above_10w_ma': False, 'relative_strength_positive': False, 'near_52w_high': False}",lagging,lagging,97.67,97.41,-1.03,-1.09,False,False,2026-07-29 ratio=98.70 momentum=98.50; 2026-07-30 ratio=98.19 momentum=96.67; 2026-07-31 ratio=98.33 momentum=99.09; 2026-08-03 ratio=98.19 momentum=98.04; 2026-08-04 ratio=97.67 momentum=97.41,0.0
stock,ICICI Pru Life,ICICIPRULI.NS,Life Insurance,Financial Services,75716.46,0.32,623.91,61.94,3185.46,-79.69,47.09,10.14,,not_stage_2,2,513.55,552.23,-3.71,0.02086,"{'price_above_30w_ma': False, '30w_ma_rising': False, 'price_above_10w_ma': True, 'relative_strength_positive': True, 'near_52w_high': False}",leading,weakening,100.16,102.11,-0.27,2.37,False,False,2026-07-29 ratio=100.44 momentum=99.74; 2026-07-30 ratio=100.32 momentum=100.83; 2026-07-31 ratio=100.58 momentum=103.18; 2026-08-03 ratio=100.52 momentum=103.16; 2026-08-04 ratio=100.16 momentum=102.11,71.35
stock,Max Financial,MFSL.NS,Life Insurance,Financial Services,52761.65,0.0,-31.52,-184.35,10801.94,-12.72,658.44,2.87,,not_stage_2,1,1519.3,1632.69,-1.29,0.06172,"{'price_above_30w_ma': False, '30w_ma_rising': False, 'price_above_10w_ma': False, 'relative_strength_positive': False, 'near_52w_high': True}",improving,lagging,98.23,102.14,0.14,6.09,False,True,2026-07-29 ratio=98.09 momentum=96.05; 2026-07-30 ratio=98.07 momentum=98.36; 2026-07-31 ratio=97.96 momentum=104.09; 2026-08-03 ratio=98.34 momentum=103.69; 2026-08-04 ratio=98.23 momentum=102.14,30.7
stock,Canara HSBC,CANHLIFE.NS,Life Insurance,Financial Services,14054.72,0.0,28.14,20.15,4350.86,19.81,107.02,8.35,,stage_2,5,148.66,143.46,0.38,0.00604,"{'price_above_30w_ma': True, '30w_ma_rising': True, 'price_above_10w_ma': True, 'relative_strength_positive': True, 'near_52w_high': True}",weakening,weakening,100.4,96.99,-0.22,0.01,False,False,2026-07-29 ratio=100.62 momentum=96.98; 2026-07-30 ratio=100.52 momentum=96.90; 2026-07-31 ratio=100.26 momentum=98.48; 2026-08-03 ratio=100.71 momentum=98.84; 2026-08-04 ratio=100.40 momentum=96.99,127.76
stock,Container Corpn.,CONCOR.NS,Logistics Solution Provider,Services,39388.38,1.48,268.9,0.08,2159.76,0.28,31.71,12.41,,not_stage_2,4,515.0,486.24,-0.42,0.02092,"{'price_above_30w_ma': True, '30w_ma_rising': False, 'price_above_10w_ma': True, 'relative_strength_positive': True, 'near_52w_high': True}",leading,leading,101.28,101.15,-0.99,-0.98,False,False,2026-07-29 ratio=102.26 momentum=102.13; 2026-07-30 ratio=102.12 momentum=101.93; 2026-07-31 ratio=102.03 momentum=102.22; 2026-08-03 ratio=101.59 momentum=101.18; 2026-08-04 ratio=101.28 momentum=101.15,112.15
stock,Delhivery,DELHIVERY.NS,Logistics Solution Provider,Services,35762.03,0.0,72.4,-2.29,2850.0,30.04,200.35,2.82,,stage_2,4,482.0,449.97,2.23,0.01958,"{'price_above_30w_ma': True, '30w_ma_rising': True, 'price_above_10w_ma': True, 'relative_strength_positive': False, 'near_52w_high': True}",lagging,lagging,99.84,97.95,0.2,1.41,False,False,2026-07-29 ratio=99.64 momentum=96.54; 2026-07-30 ratio=99.51 momentum=95.51; 2026-07-31 ratio=100.06 momentum=98.25; 2026-08-03 ratio=99.18 momentum=95.97; 2026-08-04 ratio=99.84 momentum=97.95,109.46
stock,Shadowfax Technologies,SHADOWFAX.NS,Logistics Solution Provider,Services,14547.67,0.0,66.2,624.29,1323.85,66.33,84.47,9.66,,insufficient_data,0,,,,,{},leading,improving,102.24,101.85,2.28,1.83,True,False,2026-07-29 ratio=99.96 momentum=100.02; 2026-07-30 ratio=100.23 momentum=101.04; 2026-07-31 ratio=102.23 momentum=102.19; 2026-08-03 ratio=101.59 momentum=101.25; 2026-08-04 ratio=102.24 momentum=101.85,50.45
stock,Blue Dart Expres,BLUEDART.NS,Logistics Solution Provider,Services,12723.51,0.47,88.49,81.22,1657.72,14.97,39.25,16.64,,not_stage_2,4,5364.5,5196.73,-0.93,0.21794,"{'price_above_30w_ma': True, '30w_ma_rising': False, 'price_above_10w_ma': True, 'relative_strength_positive': True, 'near_52w_high': True}",leading,leading,103.12,102.36,1.4,1.01,False,False,2026-07-29 ratio=101.72 momentum=101.34; 2026-07-30 ratio=100.97 momentum=100.87; 2026-07-31 ratio=102.38 momentum=101.86; 2026-08-03 ratio=103.84 momentum=102.64; 2026-08-04 ratio=103.12 momentum=102.36,127.4
stock,Transport Corp.,TCI.NS,Logistics Solution Provider,Services,7043.55,1.09,106.6,-0.75,1248.5,9.58,15.43,19.45,,not_stage_2,1,914.05,966.16,-1.87,0.03713,"{'price_above_30w_ma': False, '30w_ma_rising': False, 'price_above_10w_ma': False, 'relative_strength_positive': False, 'near_52w_high': True}",lagging,lagging,98.09,97.97,-0.71,0.39,False,False,2026-07-29 ratio=98.79 momentum=97.58; 2026-07-30 ratio=99.27 momentum=98.61; 2026-07-31 ratio=99.09 momentum=99.42; 2026-08-03 ratio=97.76 momentum=97.40; 2026-08-04 ratio=98.09 momentum=97.97,20.0
stock,TVS Supply,TVSSCS.NS,Logistics Solution Provider,Services,5979.75,0.0,18.36,543.4,3032.22,21.35,32.14,10.06,,stage_2,4,135.54,118.59,3.0,0.00551,"{'price_above_30w_ma': True, '30w_ma_rising': True, 'price_above_10w_ma': True, 'relative_strength_positive': False, 'near_52w_high': True}",lagging,weakening,99.94,97.47,-0.66,0.49,False,False,2026-07-29 ratio=100.59 momentum=96.98; 2026-07-30 ratio=100.31 momentum=93.54; 2026-07-31 ratio=100.14 momentum=97.49; 2026-08-03 ratio=100.04 momentum=97.03; 2026-08-04 ratio=99.94 momentum=97.47,111.0
stock,VRL Logistics,VRLLOG.NS,Logistics Solution Provider,Services,4905.32,2.68,80.53,60.93,878.84,18.07,18.35,18.27,,not_stage_2,4,280.25,253.26,-0.49,0.01139,"{'price_above_30w_ma': True, '30w_ma_rising': False, 'price_above_10w_ma': True, 'relative_strength_positive': True, 'near_52w_high': True}",leading,leading,103.19,102.98,0.63,0.64,False,False,2026-07-29 ratio=102.56 momentum=102.34; 2026-07-30 ratio=101.97 momentum=102.10; 2026-07-31 ratio=102.52 momentum=102.71; 2026-08-03 ratio=102.58 momentum=103.74; 2026-08-04 ratio=103.19 momentum=102.98,130.85
stock,Mahindra Logis.,MAHLOG.NS,Logistics Solution Provider,Services,4184.3,0.59,27.83,335.09,2002.88,23.29,106.19,7.36,,stage_2,5,421.0,375.9,3.41,0.0171,"{'price_above_30w_ma': True, '30w_ma_rising': True, 'price_above_10w_ma': True, 'relative_strength_positive': True, 'near_52w_high': True}",leading,leading,101.6,100.65,-0.02,-0.18,False,False,2026-07-29 ratio=101.61 momentum=100.83; 2026-07-30 ratio=101.18 momentum=100.06; 2026-07-31 ratio=101.39 momentum=101.02; 2026-08-03 ratio=101.34 momentum=100.07; 2026-08-04 ratio=101.60 momentum=100.65,163.07
stock,Gateway Distri,GATEWAY.NS,Logistics Solution Provider,Services,2990.07,3.35,63.7,25.51,533.65,-0.24,11.6,10.83,,not_stage_2,3,59.7,57.5,-0.39,0.00243,"{'price_above_30w_ma': True, '30w_ma_rising': False, 'price_above_10w_ma': True, 'relative_strength_positive': False, 'near_52w_high': True}",improving,lagging,99.77,100.37,0.32,2.78,False,True,2026-07-29 ratio=99.45 momentum=97.60; 2026-07-30 ratio=99.14 momentum=97.01; 2026-07-31 ratio=99.08 momentum=99.57; 2026-08-03 ratio=98.62 momentum=97.89; 2026-08-04 ratio=99.77 momentum=100.37,61.85
stock,TCI Express,TCIEXP.NS,Logistics Solution Provider,Services,2149.77,1.44,16.03,-9.5,328.08,6.77,26.06,13.76,,not_stage_2,4,557.35,530.09,-0.26,0.02264,"{'price_above_30w_ma': True, '30w_ma_rising': False, 'price_above_10w_ma': True, 'relative_strength_positive': True, 'near_52w_high': True}",weakening,weakening,100.24,97.35,0.07,-0.55,False,False,2026-07-29 ratio=100.17 momentum=97.90; 2026-07-30 ratio=99.72 momentum=96.98; 2026-07-31 ratio=99.88 momentum=97.66; 2026-08-03 ratio=100.12 momentum=97.99; 2026-08-04 ratio=100.24 momentum=97.35,81.2
stock,Castrol India,CASTROLIND.NS,Lubricants,"Oil, Gas & Consumable Fuels",18511.49,4.68,347.7,42.5,1871.47,25.03,17.16,60.27,,not_stage_2,3,187.06,183.99,-0.27,0.0076,"{'price_above_30w_ma': True, '30w_ma_rising': False, 'price_above_10w_ma': True, 'relative_strength_positive': False, 'near_52w_high': True}",lagging,lagging,98.97,99.73,-0.09,-0.23,False,False,2026-07-29 ratio=99.06 momentum=99.96; 2026-07-30 ratio=98.82 momentum=99.09; 2026-07-31 ratio=98.81 momentum=100.42; 2026-08-03 ratio=97.95 momentum=98.98; 2026-08-04 ratio=98.97 momentum=99.73,60.0
stock,Gulf Oil Lubric.,GULFOILLUB.NS,Lubricants,"Oil, Gas & Consumable Fuels",5754.83,4.14,127.52,31.93,1320.36,32.52,14.48,27.46,,not_stage_2,4,1160.3,1012.34,-1.63,0.04714,"{'price_above_30w_ma': True, '30w_ma_rising': False, 'price_above_10w_ma': True, 'relative_strength_positive': True, 'near_52w_high': True}",leading,leading,102.35,104.18,1.39,3.46,False,False,2026-07-29 ratio=100.97 momentum=100.72; 2026-07-30 ratio=100.76 momentum=100.16; 2026-07-31 ratio=100.96 momentum=101.74; 2026-08-03 ratio=101.46 momentum=103.05; 2026-08-04 ratio=102.35 momentum=104.18,132.65
stock,Savita Oil Tech,SOTL.NS,Lubricants,"Oil, Gas & Consumable Fuels",4407.03,0.62,50.34,45.79,1223.96,21.71,22.73,15.68,,stage_2,5,643.0,438.81,8.03,0.02612,"{'price_above_30w_ma': True, '30w_ma_rising': True, 'price_above_10w_ma': True, 'relative_strength_positive': True, 'near_52w_high': True}",leading,weakening,101.12,100.16,0.3,1.16,True,False,2026-07-29 ratio=100.83 momentum=99.00; 2026-07-30 ratio=100.46 momentum=98.84; 2026-07-31 ratio=100.61 momentum=99.57; 2026-08-03 ratio=100.87 momentum=99.91; 2026-08-04 ratio=101.12 momentum=100.16,177.46
stock,Panama Petrochem,PANAMAPET.NS,Lubricants,"Oil, Gas & Consumable Fuels",2767.32,0.65,71.08,60.56,822.77,18.35,13.02,19.15,,stage_2,5,458.45,333.9,7.01,0.01862,"{'price_above_30w_ma': True, '30w_ma_rising': True, 'price_above_10w_ma': True, 'relative_strength_positive': True, 'near_52w_high': True}",weakening,weakening,100.73,98.82,-0.04,-0.82,False,False,2026-07-29 ratio=100.77 momentum=99.64; 2026-07-30 ratio=100.49 momentum=99.14; 2026-07-31 ratio=100.78 momentum=100.21; 2026-08-03 ratio=100.75 momentum=98.96; 2026-08-04 ratio=100.73 momentum=98.82,142.67
stock,Veedol Corporat,VEEDOL.NS,Lubricants,"Oil, Gas & Consumable Fuels",2498.33,4.04,57.46,-3.75,606.98,14.04,13.16,24.09,,not_stage_2,1,1434.4,1416.36,-2.05,0.05827,"{'price_above_30w_ma': True, '30w_ma_rising': False, 'price_above_10w_ma': False, 'relative_strength_positive': False, 'near_52w_high': False}",improving,lagging,98.91,102.45,1.23,5.2,False,True,2026-07-29 ratio=97.67 momentum=97.25; 2026-07-30 ratio=97.56 momentum=95.52; 2026-07-31 ratio=98.17 momentum=102.07; 2026-08-03 ratio=98.03 momentum=101.95; 2026-08-04 ratio=98.91 momentum=102.45,32.25
stock,Gandhar Oil Ref.,GANDHAR.NS,Lubricants,"Oil, Gas & Consumable Fuels",2314.83,0.85,205.89,633.09,1731.93,91.81,7.68,13.19,,stage_2,5,236.1,163.0,7.69,0.00959,"{'price_above_30w_ma': True, '30w_ma_rising': True, 'price_above_10w_ma': True, 'relative_strength_positive': True, 'near_52w_high': True}",weakening,weakening,101.22,98.76,-0.16,-0.15,False,False,2026-07-29 ratio=101.38 momentum=98.92; 2026-07-30 ratio=100.84 momentum=98.39; 2026-07-31 ratio=100.98 momentum=99.08; 2026-08-03 ratio=101.09 momentum=98.37; 2026-08-04 ratio=101.22 momentum=98.76,146.48
stock,GP Petroleums,GULFPETRO.NS,Lubricants,"Oil, Gas & Consumable Fuels",279.25,0.91,21.19,229.04,230.33,45.6,6.42,10.9,,stage_2,5,54.73,35.59,4.28,0.00222,"{'price_above_30w_ma': True, '30w_ma_rising': True, 'price_above_10w_ma': True, 'relative_strength_positive': True, 'near_52w_high': True}",leading,leading,103.28,103.88,1.5,2.47,False,False,2026-07-29 ratio=101.77 momentum=101.41; 2026-07-30 ratio=102.31 momentum=101.85; 2026-07-31 ratio=102.76 momentum=102.86; 2026-08-03 ratio=102.96 momentum=103.67; 2026-08-04 ratio=103.28 momentum=103.88,189.36
stock,Arabian Petrol.,ARABIAN.NS,Lubricants,"Oil, Gas & Consumable Fuels",78.42,0.0,5.21,3.37,200.25,36.98,6.96,18.41,,not_stage_2,2,69.15,69.77,-0.58,0.00281,"{'price_above_30w_ma': False, '30w_ma_rising': False, 'price_above_10w_ma': True, 'relative_strength_positive': False, 'near_52w_high': True}",improving,leading,99.27,100.57,-0.9,-0.07,False,False,2026-07-28 ratio=100.17 momentum=100.64; 2026-07-29 ratio=99.86 momentum=101.26; 2026-07-30 ratio=99.79 momentum=101.14; 2026-07-31 ratio=99.71 momentum=101.61; 2026-08-03 ratio=99.27 momentum=100.57,42.85
stock,Sundrex Oil,SOCL.NS,Lubricants,"Oil, Gas & Consumable Fuels",34.49,0.0,2.9,-16.18,67.25,96.29,6.48,21.24,,insufficient_data,0,,,,,{},insufficient_data,insufficient_data,,,,,False,False,,0.0
stock,Venky's (India),VENKEYS.NS,Meat Products including Poultry,Fast Moving Consumer Goods,2251.75,0.63,101.37,662.18,1100.47,30.52,16.17,11.89,,stage_2,5,1595.2,1450.01,0.05,0.06481,"{'price_above_30w_ma': True, '30w_ma_rising': True, 'price_above_10w_ma': True, 'relative_strength_positive': True, 'near_52w_high': True}",leading,leading,102.27,103.28,1.49,1.8,False,False,2026-07-29 ratio=100.78 momentum=101.48; 2026-07-30 ratio=100.36 momentum=101.04; 2026-07-31 ratio=100.42 momentum=104.02; 2026-08-03 ratio=101.42 momentum=103.35; 2026-08-04 ratio=102.27 momentum=103.28,172.85
stock,SKM Egg Prod.,SKMEGGPROD.NS,Meat Products including Poultry,Fast Moving Consumer Goods,1264.73,0.31,23.82,46.5,184.26,4.87,11.36,30.0,,not_stage_2,2,240.14,208.1,5.65,0.00976,"{'price_above_30w_ma': True, '30w_ma_rising': True, 'price_above_10w_ma': False, 'relative_strength_positive': False, 'near_52w_high': False}",lagging,weakening,99.11,97.66,-0.92,1.07,False,False,2026-07-29 ratio=100.03 momentum=96.59; 2026-07-30 ratio=99.50 momentum=96.64; 2026-07-31 ratio=99.45 momentum=97.49; 2026-08-03 ratio=99.18 momentum=97.43; 2026-08-04 ratio=99.11 momentum=97.66,51.3
stock,HMA Agro Inds.,HMAAGRO.NS,Meat Products including Poultry,Fast Moving Consumer Goods,1043.1,1.44,8.23,-39.71,1579.1,5.3,6.33,15.99,,not_stage_2,0,20.8,23.99,-4.03,0.00085,"{'price_above_30w_ma': False, '30w_ma_rising': False, 'price_above_10w_ma': False, 'relative_strength_positive': False, 'near_52w_high': False}",lagging,improving,98.17,98.43,-1.0,-5.37,False,False,2026-07-29 ratio=99.17 momentum=103.80; 2026-07-30 ratio=98.32 momentum=97.38; 2026-07-31 ratio=97.95 momentum=97.55; 2026-08-03 ratio=98.06 momentum=98.41; 2026-08-04 ratio=98.17 momentum=98.43,0.0
stock,Prime Focus,PFOCUS.NS,Media & Entertainment,"Media, Entertainment & Publication",23496.41,0.0,117.7,-24.77,1384.47,41.42,100.05,11.5,,stage_2,5,302.8,269.61,3.07,0.0123,"{'price_above_30w_ma': True, '30w_ma_rising': True, 'price_above_10w_ma': True, 'relative_strength_positive': True, 'near_52w_high': True}",weakening,leading,101.65,99.22,-0.71,-8.66,False,False,2026-07-29 ratio=102.36 momentum=107.88; 2026-07-30 ratio=101.49 momentum=98.66; 2026-07-31 ratio=101.30 momentum=98.74; 2026-08-03 ratio=101.51 momentum=99.80; 2026-08-04 ratio=101.65 momentum=99.22,139.39
stock,Saregama India,SAREGAMA.NS,Media & Entertainment,"Media, Entertainment & Publication",10469.02,0.83,51.88,40.64,263.6,27.48,45.87,17.76,,stage_2,5,542.55,396.48,5.63,0.02204,"{'price_above_30w_ma': True, '30w_ma_rising': True, 'price_above_10w_ma': True, 'relative_strength_positive': True, 'near_52w_high': True}",leading,leading,101.81,101.06,0.06,-1.15,False,False,2026-07-29 ratio=101.75 momentum=102.21; 2026-07-30 ratio=101.40 momentum=101.37; 2026-07-31 ratio=101.36 momentum=101.46; 2026-08-03 ratio=100.78 momentum=98.31; 2026-08-04 ratio=101.81 momentum=101.06,170.61
stock,Tips Music,TIPSMUSIC.NS,Media & Entertainment,"Media, Entertainment & Publication",8558.87,1.94,43.7,-4.67,106.51,20.94,39.88,122.19,,not_stage_2,3,669.3,605.78,3.17,0.02719,"{'price_above_30w_ma': True, '30w_ma_rising': True, 'price_above_10w_ma': False, 'relative_strength_positive': False, 'near_52w_high': True}",lagging,leading,99.32,97.7,-0.99,-2.59,False,False,2026-07-29 ratio=100.31 momentum=100.29; 2026-07-30 ratio=99.43 momentum=99.18; 2026-07-31 ratio=99.50 momentum=99.75; 2026-08-03 ratio=99.88 momentum=98.36; 2026-08-04 ratio=99.32 momentum=97.70,66.34
stock,Netwrk.18 Media,NETWORK18.NS,Media & Entertainment,"Media, Entertainment & Publication",4628.99,0.0,-38.36,-2074.55,516.26,10.34,,3.02,,not_stage_2,0,30.05,33.14,-5.09,0.00122,"{'price_above_30w_ma': False, '30w_ma_rising': False, 'price_above_10w_ma': False, 'relative_strength_positive': False, 'near_52w_high': False}",improving,lagging,98.82,102.59,0.51,6.09,False,True,2026-07-29 ratio=98.32 momentum=96.49; 2026-07-30 ratio=98.38 momentum=100.81; 2026-07-31 ratio=98.50 momentum=102.23; 2026-08-03 ratio=98.28 momentum=101.22; 2026-08-04 ratio=98.82 momentum=102.59,12.95
stock,Balaji Telefilms,BALAJITELE.NS,Media & Entertainment,"Media, Entertainment & Publication",1035.55,0.0,-14.16,-114.98,47.62,-28.12,,-9.54,,not_stage_2,0,85.12,92.66,-2.91,0.00346,"{'price_above_30w_ma': False, '30w_ma_rising': False, 'price_above_10w_ma': False, 'relative_strength_positive': False, 'near_52w_high': False}",lagging,lagging,98.39,98.33,0.38,1.16,False,False,2026-07-29 ratio=98.01 momentum=97.17; 2026-07-30 ratio=97.50 momentum=96.79; 2026-07-31 ratio=98.00 momentum=97.81; 2026-08-03 ratio=97.98 momentum=97.58; 2026-08-04 ratio=98.39 momentum=98.33,0.0
stock,Ent.Network,ENIL.NS,Media & Entertainment,"Media, Entertainment & Publication",519.89,1.82,8.27,-18.52,142.14,-10.16,266.61,-0.75,,not_stage_2,1,109.6,110.05,-0.8,0.00445,"{'price_above_30w_ma': False, '30w_ma_rising': False, 'price_above_10w_ma': True, 'relative_strength_positive': False, 'near_52w_high': False}",improving,improving,99.52,102.61,0.16,-1.14,False,False,2026-07-29 ratio=99.36 momentum=103.75; 2026-07-30 ratio=99.51 momentum=104.89; 2026-07-31 ratio=99.30 momentum=102.11; 2026-08-03 ratio=99.08 momentum=98.08; 2026-08-04 ratio=99.52 momentum=102.61,33.05
stock,Basilic Fly Stud,BASILIC.NS,Media & Entertainment,"Media, Entertainment & Publication",515.41,0.0,15.4,-29.81,113.4,-15.12,10.09,22.32,,not_stage_2,1,201.95,222.72,-7.25,0.0082,"{'price_above_30w_ma': False, '30w_ma_rising': False, 'price_above_10w_ma': True, 'relative_strength_positive': False, 'near_52w_high': False}",improving,lagging,99.11,101.44,0.2,1.53,False,True,2026-07-28 ratio=98.91 momentum=99.91; 2026-07-29 ratio=99.10 momentum=101.46; 2026-07-30 ratio=99.34 momentum=102.26; 2026-07-31 ratio=99.13 momentum=101.60; 2026-08-03 ratio=99.11 momentum=101.44,27.2
stock,Gretex Industrie,GRETEX.NS,Media & Entertainment,"Media, Entertainment & Publication",426.42,0.0,0.1,-92.09,27.6,43.97,304.58,3.01,,stage_2,5,285.1,264.05,5.39,0.01158,"{'price_above_30w_ma': True, '30w_ma_rising': True, 'price_above_10w_ma': True, 'relative_strength_positive': True, 'near_52w_high': True}",weakening,weakening,100.06,96.93,-1.32,-2.97,False,False,2026-07-28 ratio=101.38 momentum=99.90; 2026-07-29 ratio=101.17 momentum=95.94; 2026-07-30 ratio=101.09 momentum=96.05; 2026-07-31 ratio=100.31 momentum=96.55; 2026-08-03 ratio=100.06 momentum=96.93,136.08
stock,Shemaroo Entert.,SHEMAROO.NS,Media & Entertainment,"Media, Entertainment & Publication",328.91,0.0,-8.07,82.43,131.68,-5.62,,-39.34,,not_stage_2,3,116.43,106.77,1.61,0.00473,"{'price_above_30w_ma': True, '30w_ma_rising': True, 'price_above_10w_ma': False, 'relative_strength_positive': False, 'near_52w_high': True}",lagging,lagging,99.14,96.96,-0.66,-0.67,False,False,2026-07-29 ratio=99.80 momentum=97.62; 2026-07-30 ratio=99.59 momentum=96.70; 2026-07-31 ratio=99.52 momentum=98.18; 2026-08-03 ratio=99.29 momentum=98.10; 2026-08-04 ratio=99.14 momentum=96.96,63.22
stock,Phantom Digital,PHANTOMFX.NS,Media & Entertainment,"Media, Entertainment & Publication",266.71,0.0,20.69,150.18,84.98,139.11,8.18,17.61,,not_stage_2,0,166.95,191.54,-4.11,0.00678,"{'price_above_30w_ma': False, '30w_ma_rising': False, 'price_above_10w_ma': False, 'relative_strength_positive': False, 'near_52w_high': False}",lagging,lagging,97.61,97.63,-2.3,-1.63,False,False,2026-07-28 ratio=99.91 momentum=99.26; 2026-07-29 ratio=98.61 momentum=97.66; 2026-07-30 ratio=98.30 momentum=97.62; 2026-07-31 ratio=97.89 momentum=98.15; 2026-08-03 ratio=97.61 momentum=97.63,0.0
stock,Poly Medicure,POLYMED.NS,Medical Equipment & Supplies,Healthcare,17518.48,0.2,65.04,-27.81,534.51,21.25,53.53,14.04,,not_stage_2,4,1724.5,1486.85,-0.76,0.07006,"{'price_above_30w_ma': True, '30w_ma_rising': False, 'price_above_10w_ma': True, 'relative_strength_positive': True, 'near_52w_high': True}",weakening,weakening,100.83,98.63,0.09,1.37,False,False,2026-07-29 ratio=100.74 momentum=97.26; 2026-07-30 ratio=100.57 momentum=95.89; 2026-07-31 ratio=100.81 momentum=99.97; 2026-08-03 ratio=100.78 momentum=97.08; 2026-08-04 ratio=100.83 momentum=98.63,84.15
stock,Fischer Medical,FISCHER.NS,Medical Equipment & Supplies,Healthcare,2487.68,0.01,-7.1,-641.98,97.73,98.76,80.2,11.43,,not_stage_2,1,37.89,37.94,-1.3,0.00154,"{'price_above_30w_ma': False, '30w_ma_rising': False, 'price_above_10w_ma': True, 'relative_strength_positive': False, 'near_52w_high': False}",lagging,lagging,99.93,97.22,0.69,-0.17,False,False,2026-07-29 ratio=99.25 momentum=97.39; 2026-07-30 ratio=100.76 momentum=99.61; 2026-07-31 ratio=100.74 momentum=99.39; 2026-08-03 ratio=100.19 momentum=97.91; 2026-08-04 ratio=99.93 momentum=97.22,20.0
stock,Tarsons Products,TARSONS.NS,Medical Equipment & Supplies,Healthcare,1724.68,0.0,4.18,-60.59,120.93,7.31,114.52,4.56,,stage_2,5,324.2,226.13,5.0,0.01317,"{'price_above_30w_ma': True, '30w_ma_rising': True, 'price_above_10w_ma': True, 'relative_strength_positive': True, 'near_52w_high': True}",weakening,weakening,101.28,97.73,-0.22,-1.35,False,False,2026-07-29 ratio=101.50 momentum=99.08; 2026-07-30 ratio=101.33 momentum=98.65; 2026-07-31 ratio=101.21 momentum=100.10; 2026-08-03 ratio=101.11 momentum=100.46; 2026-08-04 ratio=101.28 momentum=97.73,141.4
stock,Q-Line Biotech,QLINE.NS,Medical Equipment & Supplies,Healthcare,1277.57,0.0,34.41,147.29,197.94,-8.59,22.62,22.46,,insufficient_data,0,,,,,{},insufficient_data,insufficient_data,,,,,False,False,,0.0
stock,Laxmi Dental,LAXMIDENTL.NS,Medical Equipment & Supplies,Healthcare,1198.23,0.0,10.1,149.5,73.95,21.89,35.83,14.86,,not_stage_2,1,218.23,206.3,-2.67,0.00887,"{'price_above_30w_ma': True, '30w_ma_rising': False, 'price_above_10w_ma': False, 'relative_strength_positive': False, 'near_52w_high': False}",lagging,lagging,98.64,97.11,-0.32,-0.13,False,False,2026-07-29 ratio=98.96 momentum=97.24; 2026-07-30 ratio=98.30 momentum=96.17; 2026-07-31 ratio=98.29 momentum=97.66; 2026-08-03 ratio=98.50 momentum=97.42; 2026-08-04 ratio=98.64 momentum=97.11,20.0
stock,OSEL Devices,OSELDEVICE.NS,Medical Equipment & Supplies,Healthcare,730.29,0.0,14.06,16.78,145.81,47.1,24.97,24.4,,insufficient_data,0,,,,,{},insufficient_data,insufficient_data,,,,,False,False,,0.0
stock,Vasa Denticity,DENTALKART.NS,Medical Equipment & Supplies,Healthcare,659.05,0.0,1.36,-68.52,72.41,-0.54,61.14,9.21,,not_stage_2,0,390.55,432.93,-4.54,0.01587,"{'price_above_30w_ma': False, '30w_ma_rising': False, 'price_above_10w_ma': False, 'relative_strength_positive': False, 'near_52w_high': False}",lagging,leading,99.17,97.98,-1.65,-5.76,False,False,2026-07-28 ratio=100.82 momentum=103.74; 2026-07-29 ratio=100.22 momentum=102.33; 2026-07-30 ratio=99.59 momentum=98.87; 2026-07-31 ratio=99.48 momentum=97.37; 2026-08-03 ratio=99.17 momentum=97.98,0.0
stock,Nureca,NURECA.NS,Medical Equipment & Supplies,Healthcare,312.05,0.0,3.07,279.01,40.34,18.02,71.9,3.3,,stage_2,5,326.05,269.24,1.22,0.01325,"{'price_above_30w_ma': True, '30w_ma_rising': True, 'price_above_10w_ma': True, 'relative_strength_positive': True, 'near_52w_high': True}",weakening,leading,101.75,100.0,-0.68,-2.76,False,False,2026-07-29 ratio=102.44 momentum=102.76; 2026-07-30 ratio=102.13 momentum=102.70; 2026-07-31 ratio=102.60 momentum=103.84; 2026-08-03 ratio=101.99 momentum=102.64; 2026-08-04 ratio=101.75 momentum=100.00,136.19
stock,Aprameya Enginee,APRAMEYA.NS,Medical Equipment & Supplies,Healthcare,285.5,0.0,-1.72,-109.64,12.61,-90.03,56.65,12.64,,insufficient_data,0,,,,,{},insufficient_data,insufficient_data,,,,,False,False,,0.0
stock,QMS Medical,QMSMEDI.NS,Medical Equipment & Supplies,Healthcare,222.19,0.44,2.02,-48.5,44.42,-0.36,21.93,13.18,,stage_2,5,114.9,91.17,3.17,0.00467,"{'price_above_30w_ma': True, '30w_ma_rising': True, 'price_above_10w_ma': True, 'relative_strength_positive': True, 'near_52w_high': True}",leading,weakening,101.18,100.56,-0.49,2.07,False,False,2026-07-29 ratio=101.67 momentum=98.49; 2026-07-30 ratio=101.28 momentum=97.93; 2026-07-31 ratio=101.33 momentum=99.59; 2026-08-03 ratio=100.85 momentum=98.47; 2026-08-04 ratio=101.18 momentum=100.56,160.04
stock,CreditAcc. Gram.,CREDITACC.NS,Microfinance Institutions,Financial Services,24990.74,0.0,493.39,719.72,1783.49,21.92,20.64,9.98,,stage_2,5,1557.6,1335.94,2.54,0.06328,"{'price_above_30w_ma': True, '30w_ma_rising': True, 'price_above_10w_ma': True, 'relative_strength_positive': True, 'near_52w_high': True}",weakening,leading,100.76,98.52,-0.75,-3.57,False,False,2026-07-29 ratio=101.51 momentum=102.09; 2026-07-30 ratio=101.62 momentum=101.76; 2026-07-31 ratio=101.32 momentum=102.42; 2026-08-03 ratio=100.70 momentum=99.45; 2026-08-04 ratio=100.76 momentum=98.52,133.88
stock,Muthoot Microfin,MUTHOOTMF.NS,Microfinance Institutions,Financial Services,3860.04,0.0,71.12,117.73,631.81,13.83,22.61,9.31,,stage_2,5,226.3,189.85,4.6,0.00919,"{'price_above_30w_ma': True, '30w_ma_rising': True, 'price_above_10w_ma': True, 'relative_strength_positive': True, 'near_52w_high': True}",weakening,weakening,100.24,96.5,-1.42,0.15,False,False,2026-07-29 ratio=101.66 momentum=96.34; 2026-07-30 ratio=101.24 momentum=96.58; 2026-07-31 ratio=101.12 momentum=98.05; 2026-08-03 ratio=100.57 momentum=96.24; 2026-08-04 ratio=100.24 momentum=96.50,135.4
stock,Fusion Finance,FUSION.NS,Microfinance Institutions,Financial Services,3377.75,0.0,114.19,169.39,424.02,-9.02,243.88,5.92,,stage_2,5,208.93,186.13,3.91,0.00849,"{'price_above_30w_ma': True, '30w_ma_rising': True, 'price_above_10w_ma': True, 'relative_strength_positive': True, 'near_52w_high': True}",weakening,weakening,100.24,97.33,-0.05,1.1,False,False,2026-07-29 ratio=100.29 momentum=96.23; 2026-07-30 ratio=99.95 momentum=96.84; 2026-07-31 ratio=100.32 momentum=97.96; 2026-08-03 ratio=100.28 momentum=97.80; 2026-08-04 ratio=100.24 momentum=97.33,134.02
stock,Satin Creditcare,SATIN.NS,Microfinance Institutions,Financial Services,2592.13,0.0,122.65,172.0,762.14,8.39,6.33,13.84,,not_stage_2,3,235.05,193.35,7.85,0.00955,"{'price_above_30w_ma': True, '30w_ma_rising': True, 'price_above_10w_ma': False, 'relative_strength_positive': False, 'near_52w_high': True}",lagging,weakening,98.89,97.86,-1.98,-0.81,False,False,2026-07-29 ratio=100.87 momentum=98.68; 2026-07-30 ratio=100.72 momentum=97.00; 2026-07-31 ratio=99.45 momentum=97.61; 2026-08-03 ratio=98.55 momentum=97.40; 2026-08-04 ratio=98.89 momentum=97.86,75.7
stock,Spandana Sphoort,SPANDANA.NS,Microfinance Institutions,Financial Services,2068.35,0.0,11.88,103.3,283.91,-5.51,,-5.78,,not_stage_2,3,256.55,247.78,0.34,0.01042,"{'price_above_30w_ma': True, '30w_ma_rising': True, 'price_above_10w_ma': False, 'relative_strength_positive': False, 'near_52w_high': True}",lagging,lagging,99.07,96.09,-0.64,-0.99,False,False,2026-07-29 ratio=99.71 momentum=97.09; 2026-07-30 ratio=99.35 momentum=96.88; 2026-07-31 ratio=99.38 momentum=97.52; 2026-08-03 ratio=99.25 momentum=98.12; 2026-08-04 ratio=99.07 momentum=96.09,60.68
stock,Bajaj Finance,BAJFINANCE.NS,Non Banking Financial Company (NBFC),Financial Services,722949.04,0.47,6080.6,27.37,23165.45,18.65,35.3,10.87,,stage_2,5,1149.0,956.33,1.42,0.04668,"{'price_above_30w_ma': True, '30w_ma_rising': True, 'price_above_10w_ma': True, 'relative_strength_positive': True, 'near_52w_high': True}",leading,weakening,102.17,100.11,0.87,0.98,True,False,2026-07-29 ratio=101.30 momentum=99.12; 2026-07-30 ratio=101.18 momentum=98.01; 2026-07-31 ratio=102.55 momentum=101.27; 2026-08-03 ratio=102.27 momentum=100.34; 2026-08-04 ratio=102.17 momentum=100.11,169.24
stock,Shriram Finance,SHRIRAMFIN.NS,Non Banking Financial Company (NBFC),Financial Services,260665.89,0.99,3452.77,59.89,13400.43,16.16,23.03,11.49,,stage_2,5,1087.3,1000.39,1.1,0.04417,"{'price_above_30w_ma': True, '30w_ma_rising': True, 'price_above_10w_ma': True, 'relative_strength_positive': True, 'near_52w_high': True}",weakening,weakening,101.3,99.4,0.47,0.31,False,False,2026-07-29 ratio=100.82 momentum=99.08; 2026-07-30 ratio=100.34 momentum=98.58; 2026-07-31 ratio=100.69 momentum=99.65; 2026-08-03 ratio=101.25 momentum=100.92; 2026-08-04 ratio=101.30 momentum=99.40,133.7
stock,Cholaman.Inv.&Fn,CHOLAFIN.NS,Non Banking Financial Company (NBFC),Financial Services,160827.35,0.11,1656.22,45.56,8856.29,21.87,27.97,9.71,,stage_2,5,1875.0,1639.48,0.84,0.07617,"{'price_above_30w_ma': True, '30w_ma_rising': True, 'price_above_10w_ma': True, 'relative_strength_positive': True, 'near_52w_high': True}",leading,weakening,101.16,101.6,0.24,3.58,True,False,2026-07-29 ratio=100.92 momentum=98.02; 2026-07-30 ratio=100.59 momentum=96.97; 2026-07-31 ratio=101.19 momentum=100.37; 2026-08-03 ratio=101.22 momentum=101.12; 2026-08-04 ratio=101.16 momentum=101.60,170.48
stock,Tata Capital,TATACAP.NS,Non Banking Financial Company (NBFC),Financial Services,153829.11,0.16,1628.18,56.32,8821.93,15.1,28.3,8.58,,stage_2,5,360.6,336.07,0.4,0.01465,"{'price_above_30w_ma': True, '30w_ma_rising': True, 'price_above_10w_ma': True, 'relative_strength_positive': True, 'near_52w_high': True}",weakening,weakening,100.49,99.35,-0.48,0.45,False,False,2026-07-29 ratio=100.97 momentum=98.91; 2026-07-30 ratio=100.84 momentum=100.58; 2026-07-31 ratio=100.99 momentum=101.14; 2026-08-03 ratio=100.62 momentum=99.43; 2026-08-04 ratio=100.49 momentum=99.35,128.25
stock,Muthoot Finance,MUTHOOTFIN.NS,Non Banking Financial Company (NBFC),Financial Services,115257.33,1.05,2824.84,38.83,8671.6,34.44,10.13,15.77,,not_stage_2,0,2870.0,3334.99,-3.15,0.1166,"{'price_above_30w_ma': False, '30w_ma_rising': False, 'price_above_10w_ma': False, 'relative_strength_positive': False, 'near_52w_high': False}",lagging,improving,97.85,97.56,-1.14,-3.15,False,False,2026-07-29 ratio=98.99 momentum=100.71; 2026-07-30 ratio=98.90 momentum=100.60; 2026-07-31 ratio=99.69 momentum=104.32; 2026-08-03 ratio=97.75 momentum=98.05; 2026-08-04 ratio=97.85 momentum=97.56,0.0
stock,L&T Finance Ltd,LTF.NS,Non Banking Financial Company (NBFC),Financial Services,79667.2,0.87,915.99,28.72,5212.92,22.38,24.88,8.4,,stage_2,5,317.9,286.74,0.24,0.01291,"{'price_above_30w_ma': True, '30w_ma_rising': True, 'price_above_10w_ma': True, 'relative_strength_positive': True, 'near_52w_high': True}",leading,weakening,100.69,100.37,0.12,4.05,True,False,2026-07-29 ratio=100.56 momentum=96.32; 2026-07-30 ratio=100.33 momentum=96.73; 2026-07-31 ratio=100.54 momentum=99.00; 2026-08-03 ratio=100.61 momentum=100.40; 2026-08-04 ratio=100.69 momentum=100.37,160.78
stock,SBI Cards,SBICARD.NS,Non Banking Financial Company (NBFC),Financial Services,62783.28,0.38,664.44,19.51,5040.55,3.36,27.6,10.1,,not_stage_2,2,658.0,676.71,-4.17,0.02673,"{'price_above_30w_ma': False, '30w_ma_rising': False, 'price_above_10w_ma': True, 'relative_strength_positive': True, 'near_52w_high': False}",weakening,leading,101.14,99.91,-0.82,-1.56,False,False,2026-07-29 ratio=101.96 momentum=101.47; 2026-07-30 ratio=101.66 momentum=100.52; 2026-07-31 ratio=101.63 momentum=100.22; 2026-08-03 ratio=101.31 momentum=100.33; 2026-08-04 ratio=101.14 momentum=99.91,45.7
stock,HDB FINANC SER,HDBFS.NS,Non Banking Financial Company (NBFC),Financial Services,56383.93,0.59,785.2,38.31,4937.9,10.58,20.42,9.09,,not_stage_2,1,678.55,683.7,-1.25,0.02757,"{'price_above_30w_ma': False, '30w_ma_rising': False, 'price_above_10w_ma': False, 'relative_strength_positive': False, 'near_52w_high': True}",lagging,lagging,98.85,96.27,-0.29,-0.1,False,False,2026-07-29 ratio=99.14 momentum=96.37; 2026-07-30 ratio=99.13 momentum=95.59; 2026-07-31 ratio=99.24 momentum=97.17; 2026-08-03 ratio=98.90 momentum=96.36; 2026-08-04 ratio=98.85 momentum=96.27,20.0
stock,M & M Fin. Serv.,M&MFIN.NS,Non Banking Financial Company (NBFC),Financial Services,55589.32,1.88,927.48,75.43,5717.91,14.57,16.58,8.72,,not_stage_2,4,398.6,332.9,-0.57,0.01619,"{'price_above_30w_ma': True, '30w_ma_rising': False, 'price_above_10w_ma': True, 'relative_strength_positive': True, 'near_52w_high': True}",weakening,leading,102.08,99.8,-0.78,-2.16,False,False,2026-07-29 ratio=102.86 momentum=101.96; 2026-07-30 ratio=102.54 momentum=102.08; 2026-07-31 ratio=102.10 momentum=102.11; 2026-08-03 ratio=102.36 momentum=104.28; 2026-08-04 ratio=102.08 momentum=99.80,90.4
stock,Sundaram Finance,SUNDARMFIN.NS,Non Banking Financial Company (NBFC),Financial Services,53025.19,0.84,636.19,33.88,2644.13,12.57,23.28,9.44,,not_stage_2,4,4779.3,4774.22,-1.58,0.19416,"{'price_above_30w_ma': True, '30w_ma_rising': False, 'price_above_10w_ma': True, 'relative_strength_positive': True, 'near_52w_high': True}",leading,lagging,101.65,102.36,1.76,2.59,True,False,2026-07-29 ratio=99.89 momentum=99.77; 2026-07-30 ratio=99.91 momentum=101.21; 2026-07-31 ratio=101.22 momentum=104.16; 2026-08-03 ratio=101.85 momentum=103.55; 2026-08-04 ratio=101.65 momentum=102.36,130.05
stock,Jindal Drilling,JINDRILL.NS,Offshore Support Solution Drilling,"Oil, Gas & Consumable Fuels",1781.4,0.16,45.38,-32.23,262.87,7.29,8.34,15.4,,stage_2,5,614.3,543.77,1.53,0.02496,"{'price_above_30w_ma': True, '30w_ma_rising': True, 'price_above_10w_ma': True, 'relative_strength_positive': True, 'near_52w_high': True}",leading,lagging,100.1,101.35,0.94,4.32,True,False,2026-07-29 ratio=99.16 momentum=97.03; 2026-07-30 ratio=99.78 momentum=99.73; 2026-07-31 ratio=100.24 momentum=102.12; 2026-08-03 ratio=99.83 momentum=99.96; 2026-08-04 ratio=100.10 momentum=101.35,165.31
stock,Dolphin Offshore,DOLPHIN.NS,Offshore Support Solution Drilling,"Oil, Gas & Consumable Fuels",1608.99,0.0,14.81,30.71,42.85,160.64,22.34,14.92,,not_stage_2,3,402.4,405.33,-1.55,0.01635,"{'price_above_30w_ma': False, '30w_ma_rising': False, 'price_above_10w_ma': True, 'relative_strength_positive': True, 'near_52w_high': True}",leading,lagging,100.33,102.65,1.5,2.96,True,False,2026-07-29 ratio=98.83 momentum=99.69; 2026-07-30 ratio=98.84 momentum=99.32; 2026-07-31 ratio=99.94 momentum=102.65; 2026-08-03 ratio=100.32 momentum=102.64; 2026-08-04 ratio=100.33 momentum=102.65,104.9
stock,Alphageo (India),ALPHAGEO.NS,Offshore Support Solution Drilling,"Oil, Gas & Consumable Fuels",156.58,3.23,-2.99,18.25,49.29,-30.14,,-6.96,,not_stage_2,4,247.68,208.9,-0.44,0.01006,"{'price_above_30w_ma': True, '30w_ma_rising': False, 'price_above_10w_ma': True, 'relative_strength_positive': True, 'near_52w_high': True}",leading,improving,102.82,102.24,3.17,0.39,True,False,2026-07-29 ratio=99.65 momentum=101.85; 2026-07-30 ratio=99.80 momentum=101.90; 2026-07-31 ratio=101.08 momentum=104.14; 2026-08-03 ratio=104.33 momentum=103.59; 2026-08-04 ratio=102.82 momentum=102.24,135.3
stock,Aban Offshore,ABAN.NS,Offshore Support Solution Drilling,"Oil, Gas & Consumable Fuels",101.93,0.0,29.56,110.69,91.31,-21.49,,,,not_stage_2,2,17.39,18.8,-3.52,0.00071,"{'price_above_30w_ma': False, '30w_ma_rising': False, 'price_above_10w_ma': True, 'relative_strength_positive': True, 'near_52w_high': False}",leading,improving,101.67,103.14,1.81,2.17,True,False,2026-07-29 ratio=99.87 momentum=100.97; 2026-07-30 ratio=99.68 momentum=101.11; 2026-07-31 ratio=100.28 momentum=104.94; 2026-08-03 ratio=100.79 momentum=103.55; 2026-08-04 ratio=101.67 momentum=103.14,94.05
stock,Aakash Explor.,AAKASH.NS,Offshore Support Solution Drilling,"Oil, Gas & Consumable Fuels",90.62,0.0,1.88,571.43,32.65,26.7,25.89,7.93,,not_stage_2,3,8.95,8.68,0.42,0.00036,"{'price_above_30w_ma': True, '30w_ma_rising': True, 'price_above_10w_ma': False, 'relative_strength_positive': False, 'near_52w_high': True}",lagging,lagging,99.07,98.81,-0.0,2.72,False,False,2026-07-29 ratio=99.08 momentum=96.09; 2026-07-30 ratio=99.16 momentum=97.30; 2026-07-31 ratio=99.19 momentum=99.22; 2026-08-03 ratio=99.00 momentum=98.41; 2026-08-04 ratio=99.07 momentum=98.81,60.84
stock,Deep Industries,DEEPINDS.NS,Oil Equipment & Services,"Oil, Gas & Consumable Fuels",4186.57,0.38,89.14,45.12,278.92,39.81,10.09,16.48,,stage_2,5,654.0,447.9,3.58,0.02657,"{'price_above_30w_ma': True, '30w_ma_rising': True, 'price_above_10w_ma': True, 'relative_strength_positive': True, 'near_52w_high': True}",leading,leading,103.35,102.62,1.46,-0.63,False,False,2026-07-29 ratio=101.88 momentum=103.24; 2026-07-30 ratio=101.92 momentum=102.22; 2026-07-31 ratio=103.09 momentum=102.84; 2026-08-03 ratio=103.66 momentum=102.76; 2026-08-04 ratio=103.35 momentum=102.62,182.01
stock,Asian Energy,ASIANENE.NS,Oil Equipment & Services,"Oil, Gas & Consumable Fuels",2031.02,0.24,32.65,50.57,338.23,56.99,35.17,16.51,,stage_2,5,417.6,316.3,4.3,0.01697,"{'price_above_30w_ma': True, '30w_ma_rising': True, 'price_above_10w_ma': True, 'relative_strength_positive': True, 'near_52w_high': True}",leading,leading,102.17,103.01,0.81,1.87,False,False,2026-07-29 ratio=101.36 momentum=101.14; 2026-07-30 ratio=101.44 momentum=101.27; 2026-07-31 ratio=101.64 momentum=102.10; 2026-08-03 ratio=101.84 momentum=102.30; 2026-08-04 ratio=102.17 momentum=103.01,179.5
stock,Teja Engineering,TEJA.NS,Oil Equipment & Services,"Oil, Gas & Consumable Fuels",427.71,0.0,3.32,36.63,43.98,48.03,68.43,33.1,,insufficient_data,0,,,,,{},insufficient_data,insufficient_data,,,,,False,False,,0.0
stock,Oil Country,OILCOUNTUB.NS,Oil Equipment & Services,"Oil, Gas & Consumable Fuels",300.96,0.0,-15.11,-71.51,17.44,-29.02,,-25.38,,not_stage_2,2,57.99,52.85,-0.94,0.00236,"{'price_above_30w_ma': True, '30w_ma_rising': False, 'price_above_10w_ma': True, 'relative_strength_positive': False, 'near_52w_high': False}",improving,improving,99.88,100.46,0.17,-1.57,False,False,2026-07-29 ratio=99.71 momentum=102.04; 2026-07-30 ratio=99.38 momentum=101.49; 2026-07-31 ratio=99.19 momentum=102.27; 2026-08-03 ratio=98.99 momentum=100.03; 2026-08-04 ratio=99.88 momentum=100.46,42.3
stock,O N G C,ONGC.NS,Oil Exploration & Production,"Oil, Gas & Consumable Fuels",305896.4,5.06,13677.87,47.8,173805.19,3.61,7.34,14.15,,not_stage_2,2,242.0,265.88,0.47,0.00983,"{'price_above_30w_ma': False, '30w_ma_rising': True, 'price_above_10w_ma': False, 'relative_strength_positive': False, 'near_52w_high': True}",lagging,lagging,99.01,98.61,0.03,-0.39,False,False,2026-07-29 ratio=98.98 momentum=99.00; 2026-07-30 ratio=99.13 momentum=99.59; 2026-07-31 ratio=99.16 momentum=99.94; 2026-08-03 ratio=98.91 momentum=98.41; 2026-08-04 ratio=99.01 momentum=98.61,40.94
stock,Oil India,OIL.NS,Oil Exploration & Production,"Oil, Gas & Consumable Fuels",73506.34,2.56,2424.46,60.26,9293.27,5.51,11.1,11.56,,not_stage_2,4,450.0,463.87,0.99,0.01828,"{'price_above_30w_ma': False, '30w_ma_rising': True, 'price_above_10w_ma': True, 'relative_strength_positive': True, 'near_52w_high': True}",improving,improving,99.8,101.18,-0.01,-0.27,False,False,2026-07-29 ratio=99.81 momentum=101.45; 2026-07-30 ratio=100.07 momentum=103.55; 2026-07-31 ratio=100.13 momentum=104.84; 2026-08-03 ratio=99.74 momentum=99.62; 2026-08-04 ratio=99.80 momentum=101.18,87.88
stock,Vedanta Oil and Gas,VOGL.NS,Oil Exploration & Production,"Oil, Gas & Consumable Fuels",14777.08,0.0,945.0,2691.59,2507.0,8.48,68.74,,,insufficient_data,0,,,,,{},insufficient_data,insufficient_data,,,,,False,False,,0.0
stock,Antelopus Selan,ANTELOPUS.NS,Oil Exploration & Production,"Oil, Gas & Consumable Fuels",3004.93,0.0,54.32,450.71,131.04,158.82,21.44,21.22,,stage_2,5,852.95,677.18,9.66,0.03465,"{'price_above_30w_ma': True, '30w_ma_rising': True, 'price_above_10w_ma': True, 'relative_strength_positive': True, 'near_52w_high': True}",weakening,lagging,100.11,98.97,0.81,0.66,False,False,2026-07-29 ratio=99.30 momentum=98.31; 2026-07-30 ratio=99.36 momentum=98.78; 2026-07-31 ratio=99.74 momentum=99.49; 2026-08-03 ratio=99.69 momentum=98.66; 2026-08-04 ratio=100.11 momentum=98.97,144.87
stock,Hind.Oil Explor.,HINDOILEXP.NS,Oil Exploration & Production,"Oil, Gas & Consumable Fuels",2140.65,0.0,7.77,-84.81,-205.89,-574.51,67.7,3.41,,not_stage_2,3,161.49,152.94,0.54,0.00656,"{'price_above_30w_ma': True, '30w_ma_rising': True, 'price_above_10w_ma': False, 'relative_strength_positive': False, 'near_52w_high': True}",lagging,lagging,99.38,99.52,0.36,0.13,False,False,2026-07-29 ratio=99.02 momentum=99.39; 2026-07-30 ratio=99.26 momentum=100.38; 2026-07-31 ratio=99.46 momentum=102.00; 2026-08-03 ratio=99.19 momentum=99.31; 2026-08-04 ratio=99.38 momentum=99.52,61.08
stock,Prabha Energy,PRABHA.NS,Oil Exploration & Production,"Oil, Gas & Consumable Fuels",2138.83,0.0,0.29,226.09,1.69,49.56,1944.39,0.1,,not_stage_2,1,155.13,157.52,-2.9,0.0063,"{'price_above_30w_ma': False, '30w_ma_rising': False, 'price_above_10w_ma': True, 'relative_strength_positive': False, 'near_52w_high': False}",improving,lagging,99.77,102.58,1.41,5.22,False,True,2026-07-29 ratio=98.36 momentum=97.36; 2026-07-30 ratio=98.56 momentum=99.76; 2026-07-31 ratio=98.99 momentum=103.02; 2026-08-03 ratio=99.44 momentum=103.19; 2026-08-04 ratio=99.77 momentum=102.58,32.9
stock,Guj.Nat.Resour.,GNRL.NS,Oil Exploration & Production,"Oil, Gas & Consumable Fuels",1452.32,0.0,1.05,166.04,11.2,158.66,146.85,7.25,,insufficient_data,0,,,,,{},lagging,lagging,99.39,97.44,-0.09,-1.02,False,False,2026-07-29 ratio=99.48 momentum=98.46; 2026-07-30 ratio=99.37 momentum=98.51; 2026-07-31 ratio=99.23 momentum=97.43; 2026-08-03 ratio=98.99 momentum=95.96; 2026-08-04 ratio=99.39 momentum=97.44,0.0
stock,L T Foods,LTFOODS.NS,Other Agricultural Products,Fast Moving Consumer Goods,14503.06,0.72,183.45,8.87,3151.83,27.92,22.65,17.74,,stage_2,5,417.4,395.01,0.23,0.01696,"{'price_above_30w_ma': True, '30w_ma_rising': True, 'price_above_10w_ma': True, 'relative_strength_positive': True, 'near_52w_high': True}",leading,lagging,102.1,102.36,3.11,4.64,True,False,2026-07-29 ratio=98.99 momentum=97.71; 2026-07-30 ratio=100.60 momentum=102.72; 2026-07-31 ratio=101.80 momentum=103.01; 2026-08-03 ratio=101.69 momentum=102.12; 2026-08-04 ratio=102.10 momentum=102.36,177.76
stock,KRBL,KRBL.NS,Other Agricultural Products,Fast Moving Consumer Goods,8427.87,0.95,155.38,0.76,1525.5,5.77,13.01,15.16,,not_stage_2,3,368.6,348.16,-1.22,0.01497,"{'price_above_30w_ma': True, '30w_ma_rising': False, 'price_above_10w_ma': True, 'relative_strength_positive': False, 'near_52w_high': True}",improving,lagging,99.65,101.13,0.95,4.28,False,True,2026-07-29 ratio=98.70 momentum=96.85; 2026-07-30 ratio=98.75 momentum=96.68; 2026-07-31 ratio=98.66 momentum=97.69; 2026-08-03 ratio=99.88 momentum=102.03; 2026-08-04 ratio=99.65 momentum=101.13,65.65
stock,Guj. Ambuja Exp,GAEL.NS,Other Agricultural Products,Fast Moving Consumer Goods,8076.87,0.17,176.77,171.87,1594.22,23.47,19.28,12.51,,stage_2,5,176.21,149.93,2.91,0.00716,"{'price_above_30w_ma': True, '30w_ma_rising': True, 'price_above_10w_ma': True, 'relative_strength_positive': True, 'near_52w_high': True}",leading,leading,101.8,102.81,1.1,0.39,False,False,2026-07-29 ratio=100.70 momentum=102.42; 2026-07-30 ratio=101.77 momentum=102.65; 2026-07-31 ratio=101.62 momentum=102.70; 2026-08-03 ratio=102.30 momentum=102.96; 2026-08-04 ratio=101.80 momentum=102.81,173.87
stock,Kaveri Seed Co.,KSCL.NS,Other Agricultural Products,Fast Moving Consumer Goods,4026.44,0.64,-27.81,-21.23,107.11,18.68,13.61,18.79,,not_stage_2,0,779.7,865.13,-2.05,0.03168,"{'price_above_30w_ma': False, '30w_ma_rising': False, 'price_above_10w_ma': False, 'relative_strength_positive': False, 'near_52w_high': False}",lagging,lagging,97.46,97.4,-0.23,-0.71,False,False,2026-07-29 ratio=97.69 momentum=98.11; 2026-07-30 ratio=97.50 momentum=98.49; 2026-07-31 ratio=97.22 momentum=98.19; 2026-08-03 ratio=97.14 momentum=98.07; 2026-08-04 ratio=97.46 momentum=97.40,0.0
stock,TruAlt Bioenergy,TRUALT.NS,Other Agricultural Products,Fast Moving Consumer Goods,3748.67,0.0,59.27,1108.25,626.88,106.29,23.97,10.82,,not_stage_2,3,436.7,434.83,0.82,0.01774,"{'price_above_30w_ma': True, '30w_ma_rising': True, 'price_above_10w_ma': False, 'relative_strength_positive': False, 'near_52w_high': True}",improving,improving,98.95,105.26,0.19,3.35,False,True,2026-07-29 ratio=98.76 momentum=101.91; 2026-07-30 ratio=98.92 momentum=102.76; 2026-07-31 ratio=98.60 momentum=102.95; 2026-08-03 ratio=98.86 momentum=103.75; 2026-08-04 ratio=98.95 momentum=105.26,87.94
stock,Sanstar,SANSTAR.NS,Other Agricultural Products,Fast Moving Consumer Goods,2339.94,0.0,20.49,271.2,216.78,-4.47,67.92,5.69,,stage_2,4,116.74,99.06,2.69,0.00474,"{'price_above_30w_ma': True, '30w_ma_rising': True, 'price_above_10w_ma': True, 'relative_strength_positive': False, 'near_52w_high': True}",improving,lagging,99.77,102.06,0.72,3.27,False,True,2026-07-29 ratio=99.05 momentum=98.79; 2026-07-30 ratio=99.28 momentum=99.05; 2026-07-31 ratio=99.02 momentum=100.06; 2026-08-03 ratio=99.64 momentum=101.23; 2026-08-04 ratio=99.77 momentum=102.06,120.68
stock,A C J K Exports,AEROPLANE.NS,Other Agricultural Products,Fast Moving Consumer Goods,2080.4,0.0,36.63,127.52,663.73,55.1,16.8,15.7,,insufficient_data,0,,,,,{},weakening,weakening,101.6,97.78,0.28,-0.27,False,False,2026-07-29 ratio=101.32 momentum=98.06; 2026-07-30 ratio=101.58 momentum=97.88; 2026-07-31 ratio=101.79 momentum=98.27; 2026-08-03 ratio=101.53 momentum=95.75; 2026-08-04 ratio=101.60 momentum=97.78,8.0
stock,GRM Overseas,GRMOVER.NS,Other Agricultural Products,Fast Moving Consumer Goods,1891.81,0.0,21.61,5.52,597.2,104.95,25.45,13.99,,not_stage_2,0,91.78,140.98,-6.51,0.00373,"{'price_above_30w_ma': False, '30w_ma_rising': False, 'price_above_10w_ma': False, 'relative_strength_positive': False, 'near_52w_high': False}",improving,improving,99.39,103.05,0.17,0.13,False,True,2026-07-29 ratio=99.23 momentum=102.92; 2026-07-30 ratio=99.22 momentum=102.30; 2026-07-31 ratio=99.30 momentum=103.73; 2026-08-03 ratio=99.45 momentum=104.38; 2026-08-04 ratio=99.39 momentum=103.05,15.25
stock,Chamanlal Setia,CLSEL.NS,Other Agricultural Products,Fast Moving Consumer Goods,1443.53,0.86,38.27,55.89,428.37,16.5,12.58,18.32,,stage_2,4,290.15,270.01,0.97,0.01179,"{'price_above_30w_ma': True, '30w_ma_rising': True, 'price_above_10w_ma': True, 'relative_strength_positive': False, 'near_52w_high': True}",improving,lagging,99.68,101.53,0.59,1.8,False,True,2026-07-29 ratio=99.09 momentum=99.73; 2026-07-30 ratio=99.07 momentum=99.72; 2026-07-31 ratio=99.55 momentum=102.55; 2026-08-03 ratio=99.75 momentum=106.55; 2026-08-04 ratio=99.68 momentum=101.53,114.59
stock,Gulshan Polyols,GULPOLY.NS,Other Agricultural Products,Fast Moving Consumer Goods,1248.36,0.15,37.54,434.76,550.82,6.98,11.63,18.31,,stage_2,4,199.9,172.66,4.06,0.00812,"{'price_above_30w_ma': True, '30w_ma_rising': True, 'price_above_10w_ma': True, 'relative_strength_positive': False, 'near_52w_high': True}",leading,leading,100.07,104.35,-0.07,2.28,False,False,2026-07-29 ratio=100.14 momentum=102.07; 2026-07-30 ratio=99.76 momentum=101.61; 2026-07-31 ratio=100.00 momentum=103.33; 2026-08-03 ratio=99.86 momentum=102.31; 2026-08-04 ratio=100.07 momentum=104.35,155.22
stock,AU Small Finance,AUBANK.NS,Other Bank,Financial Services,80520.93,0.09,795.95,37.03,5302.74,21.11,28.19,7.66,,stage_2,5,1059.0,994.31,0.61,0.04302,"{'price_above_30w_ma': True, '30w_ma_rising': True, 'price_above_10w_ma': True, 'relative_strength_positive': True, 'near_52w_high': True}",leading,weakening,100.4,101.58,-0.06,1.83,False,False,2026-07-29 ratio=100.46 momentum=99.75; 2026-07-30 ratio=99.87 momentum=99.41; 2026-07-31 ratio=100.39 momentum=100.59; 2026-08-03 ratio=100.19 momentum=101.86; 2026-08-04 ratio=100.40 momentum=101.58,156.12
stock,Ujjivan Small,UJJIVANSFB.NS,Other Bank,Financial Services,13688.9,0.0,316.54,206.67,2024.92,25.08,15.11,7.73,,stage_2,5,70.35,59.46,3.21,0.00286,"{'price_above_30w_ma': True, '30w_ma_rising': True, 'price_above_10w_ma': True, 'relative_strength_positive': True, 'near_52w_high': True}",weakening,weakening,101.4,98.91,-0.53,-0.23,False,False,2026-07-29 ratio=101.93 momentum=99.15; 2026-07-30 ratio=101.78 momentum=98.98; 2026-07-31 ratio=101.90 momentum=100.48; 2026-08-03 ratio=101.52 momentum=99.01; 2026-08-04 ratio=101.40 momentum=98.91,138.42
stock,Equitas Sma. Fin,EQUITASBNK.NS,Other Bank,Financial Services,8761.2,0.0,183.61,182.06,1960.4,18.89,17.16,6.44,,not_stage_2,3,76.38,68.74,2.78,0.0031,"{'price_above_30w_ma': True, '30w_ma_rising': True, 'price_above_10w_ma': False, 'relative_strength_positive': False, 'near_52w_high': True}",lagging,lagging,99.43,97.56,0.4,0.96,False,False,2026-07-29 ratio=99.03 momentum=96.60; 2026-07-30 ratio=98.78 momentum=97.82; 2026-07-31 ratio=99.42 momentum=98.79; 2026-08-03 ratio=99.33 momentum=98.25; 2026-08-04 ratio=99.43 momentum=97.56,65.56
stock,Jana Small Finan,JSFB.NS,Other Bank,Financial Services,6063.84,0.0,155.23,52.29,1514.53,22.08,15.97,7.45,,stage_2,5,573.9,433.02,4.05,0.02332,"{'price_above_30w_ma': True, '30w_ma_rising': True, 'price_above_10w_ma': True, 'relative_strength_positive': True, 'near_52w_high': True}",weakening,leading,101.85,95.13,-0.82,-7.05,False,False,2026-07-29 ratio=102.67 momentum=102.19; 2026-07-30 ratio=102.17 momentum=101.12; 2026-07-31 ratio=102.30 momentum=102.94; 2026-08-03 ratio=102.16 momentum=98.94; 2026-08-04 ratio=101.85 momentum=95.13,142.35
stock,Utkarsh Small F.,UTKARSHBNK.NS,Other Bank,Financial Services,2580.34,0.0,-33.92,85.84,883.56,0.3,,1.46,,not_stage_2,2,14.54,13.71,-0.23,0.00059,"{'price_above_30w_ma': True, '30w_ma_rising': False, 'price_above_10w_ma': True, 'relative_strength_positive': False, 'near_52w_high': False}",weakening,weakening,100.06,96.26,-0.26,-1.07,False,False,2026-07-29 ratio=100.32 momentum=97.32; 2026-07-30 ratio=100.05 momentum=96.44; 2026-07-31 ratio=100.41 momentum=98.17; 2026-08-03 ratio=99.98 momentum=96.42; 2026-08-04 ratio=100.06 momentum=96.26,40.3
stock,ESAF Small Fin,ESAFSFB.NS,Other Bank,Financial Services,2169.43,0.0,80.08,198.6,1097.77,32.54,,5.65,,stage_2,5,41.98,29.39,6.46,0.00171,"{'price_above_30w_ma': True, '30w_ma_rising': True, 'price_above_10w_ma': True, 'relative_strength_positive': True, 'near_52w_high': True}",leading,weakening,102.12,101.24,0.69,2.36,True,False,2026-07-29 ratio=101.43 momentum=98.88; 2026-07-30 ratio=101.08 momentum=97.93; 2026-07-31 ratio=102.50 momentum=102.79; 2026-08-03 ratio=101.89 momentum=101.25; 2026-08-04 ratio=102.12 momentum=101.24,184.72
stock,Suryoday Small,SURYODAY.NS,Other Bank,Financial Services,1728.18,0.92,75.18,113.1,622.36,25.69,9.01,7.33,,not_stage_2,3,162.76,152.29,3.01,0.00661,"{'price_above_30w_ma': True, '30w_ma_rising': True, 'price_above_10w_ma': False, 'relative_strength_positive': False, 'near_52w_high': True}",lagging,lagging,98.17,97.84,-0.09,0.65,False,False,2026-07-29 ratio=98.26 momentum=97.19; 2026-07-30 ratio=98.18 momentum=97.86; 2026-07-31 ratio=98.19 momentum=98.68; 2026-08-03 ratio=98.14 momentum=98.43; 2026-08-04 ratio=98.17 momentum=97.84,66.02
stock,Capital Small,CAPITALSFB.NS,Other Bank,Financial Services,1345.32,1.69,41.3,29.02,288.18,16.63,8.93,7.07,,stage_2,5,295.3,269.87,1.52,0.012,"{'price_above_30w_ma': True, '30w_ma_rising': True, 'price_above_10w_ma': True, 'relative_strength_positive': True, 'near_52w_high': True}",weakening,weakening,100.01,97.01,-0.94,-1.4,False,False,2026-07-29 ratio=100.95 momentum=98.40; 2026-07-30 ratio=100.55 momentum=97.50; 2026-07-31 ratio=99.93 momentum=97.04; 2026-08-03 ratio=99.84 momentum=96.84; 2026-08-04 ratio=100.01 momentum=97.01,128.09
stock,Fino Payments,FINOPB.NS,Other Bank,Financial Services,1340.48,0.0,7.1,-65.04,64.1,21.45,23.99,4.53,,not_stage_2,3,161.03,160.32,-6.72,0.00654,"{'price_above_30w_ma': True, '30w_ma_rising': False, 'price_above_10w_ma': True, 'relative_strength_positive': True, 'near_52w_high': False}",weakening,weakening,100.65,96.87,-0.41,0.84,False,False,2026-07-29 ratio=101.06 momentum=96.03; 2026-07-30 ratio=100.85 momentum=98.45; 2026-07-31 ratio=100.68 momentum=96.36; 2026-08-03 ratio=100.69 momentum=97.49; 2026-08-04 ratio=100.65 momentum=96.87,63.25
stock,Ramco Inds.,RAMCOIND.NS,Other Construction Materials,Construction Materials,2842.83,0.38,87.63,128.93,501.83,18.74,9.62,4.57,,stage_2,4,327.95,297.74,0.74,0.01332,"{'price_above_30w_ma': True, '30w_ma_rising': True, 'price_above_10w_ma': True, 'relative_strength_positive': False, 'near_52w_high': True}",lagging,weakening,99.83,96.22,-0.52,0.18,False,False,2026-07-29 ratio=100.35 momentum=96.04; 2026-07-30 ratio=100.13 momentum=95.77; 2026-07-31 ratio=99.96 momentum=96.64; 2026-08-03 ratio=99.95 momentum=96.25; 2026-08-04 ratio=99.83 momentum=96.22,106.48
stock,Arisinfra Solu.,ARIS.NS,Other Construction Materials,Construction Materials,1067.0,0.0,21.66,1332.3,343.36,55.26,19.61,15.57,,not_stage_2,4,130.51,116.21,-0.5,0.0053,"{'price_above_30w_ma': True, '30w_ma_rising': False, 'price_above_10w_ma': True, 'relative_strength_positive': True, 'near_52w_high': True}",leading,leading,101.56,102.96,-0.12,-0.14,False,False,2026-07-29 ratio=101.68 momentum=103.11; 2026-07-30 ratio=101.54 momentum=102.37; 2026-07-31 ratio=101.56 momentum=103.12; 2026-08-03 ratio=101.39 momentum=102.85; 2026-08-04 ratio=101.56 momentum=102.96,122.6
stock,BirlaNu Ltd,BIRLANU.NS,Other Construction Materials,Construction Materials,1021.22,1.11,-22.35,-63.54,1010.13,8.74,,-4.29,,not_stage_2,1,1355.3,1433.84,-2.82,0.05506,"{'price_above_30w_ma': False, '30w_ma_rising': False, 'price_above_10w_ma': True, 'relative_strength_positive': False, 'near_52w_high': False}",lagging,leading,99.44,99.75,-0.86,-2.95,False,False,2026-07-29 ratio=100.30 momentum=102.70; 2026-07-30 ratio=99.30 momentum=101.64; 2026-07-31 ratio=99.20 momentum=101.36; 2026-08-03 ratio=98.93 momentum=100.31; 2026-08-04 ratio=99.44 momentum=99.75,20.0
stock,Everest Inds.,EVERESTIND.NS,Other Construction Materials,Construction Materials,739.85,0.22,102.09,1505.52,435.86,-12.95,,-8.5,,not_stage_2,3,464.8,406.24,-0.78,0.01888,"{'price_above_30w_ma': True, '30w_ma_rising': False, 'price_above_10w_ma': True, 'relative_strength_positive': True, 'near_52w_high': False}",weakening,weakening,100.21,98.48,-0.7,1.84,False,False,2026-07-29 ratio=100.91 momentum=96.64; 2026-07-30 ratio=100.47 momentum=97.07; 2026-07-31 ratio=100.08 momentum=97.85; 2026-08-03 ratio=100.14 momentum=98.21; 2026-08-04 ratio=100.21 momentum=98.48,61.05
stock,Vishnusurya Pro.,VISHNUINFR.NS,Other Construction Materials,Construction Materials,407.55,0.64,8.01,7.23,127.38,35.93,11.45,19.92,,not_stage_2,0,159.85,164.27,-1.01,0.00649,"{'price_above_30w_ma': False, '30w_ma_rising': False, 'price_above_10w_ma': False, 'relative_strength_positive': False, 'near_52w_high': False}",lagging,improving,98.49,98.33,-0.64,-2.48,False,False,2026-07-28 ratio=99.13 momentum=100.80; 2026-07-29 ratio=98.96 momentum=100.04; 2026-07-30 ratio=98.97 momentum=99.99; 2026-07-31 ratio=98.63 momentum=98.95; 2026-08-03 ratio=98.49 momentum=98.33,0.0
stock,Teamtech Formwork,TEAMTECH.NS,Other Construction Materials,Construction Materials,357.31,0.0,7.33,,31.74,,30.83,41.17,,insufficient_data,0,,,,,{},insufficient_data,insufficient_data,,,,,False,False,,0.0
stock,Sahyadri Industr,SAHYADRI.NS,Other Construction Materials,Construction Materials,354.9,0.47,10.55,147.07,194.52,28.46,12.04,9.72,,stage_2,5,321.4,264.4,2.24,0.01306,"{'price_above_30w_ma': True, '30w_ma_rising': True, 'price_above_10w_ma': True, 'relative_strength_positive': True, 'near_52w_high': True}",leading,leading,102.79,102.6,1.88,1.05,False,False,2026-07-29 ratio=100.91 momentum=101.54; 2026-07-30 ratio=101.44 momentum=102.35; 2026-07-31 ratio=101.48 momentum=102.59; 2026-08-03 ratio=103.16 momentum=103.31; 2026-08-04 ratio=102.79 momentum=102.60,176.43
stock,MCON Rasayan,MCON.NS,Other Construction Materials,Construction Materials,32.28,0.0,1.8,76.47,36.86,26.32,10.62,11.06,,not_stage_2,0,44.0,47.67,-5.68,0.00179,"{'price_above_30w_ma': False, '30w_ma_rising': False, 'price_above_10w_ma': False, 'relative_strength_positive': False, 'near_52w_high': False}",lagging,leading,99.3,99.43,-0.92,-4.55,False,False,2026-07-28 ratio=100.23 momentum=103.99; 2026-07-29 ratio=99.77 momentum=102.15; 2026-07-30 ratio=99.47 momentum=100.32; 2026-07-31 ratio=99.45 momentum=99.91; 2026-08-03 ratio=99.30 momentum=99.43,0.0
stock,SIS,SIS.NS,Other Consumer Services,Consumer Services,6079.8,1.63,102.5,92.24,4489.3,30.96,17.62,13.68,,stage_2,4,430.05,362.25,3.63,0.01747,"{'price_above_30w_ma': True, '30w_ma_rising': True, 'price_above_10w_ma': True, 'relative_strength_positive': False, 'near_52w_high': True}",lagging,weakening,99.36,98.0,-0.69,0.97,False,False,2026-07-29 ratio=100.04 momentum=97.03; 2026-07-30 ratio=99.47 momentum=96.75; 2026-07-31 ratio=99.19 momentum=98.05; 2026-08-03 ratio=98.81 momentum=97.73; 2026-08-04 ratio=99.36 momentum=98.00,112.26
stock,E Factor Experie,EFACTOR.NS,Other Consumer Services,Consumer Services,233.74,0.67,14.61,-26.66,138.84,-9.5,11.88,24.71,,not_stage_2,0,172.2,210.9,-9.12,0.007,"{'price_above_30w_ma': False, '30w_ma_rising': False, 'price_above_10w_ma': False, 'relative_strength_positive': False, 'near_52w_high': False}",improving,improving,99.26,101.3,-0.51,-1.26,False,False,2026-07-28 ratio=99.77 momentum=102.56; 2026-07-29 ratio=99.21 momentum=101.32; 2026-07-30 ratio=98.64 momentum=99.32; 2026-07-31 ratio=99.64 momentum=102.09; 2026-08-03 ratio=99.26 momentum=101.30,6.5
stock,Party Cruisers,PARTYCRUS.NS,Other Consumer Services,Consumer Services,102.09,0.0,2.82,33.02,33.33,11.58,8.28,39.65,,not_stage_2,1,85.5,89.08,-0.09,0.00347,"{'price_above_30w_ma': False, '30w_ma_rising': False, 'price_above_10w_ma': False, 'relative_strength_positive': False, 'near_52w_high': True}",lagging,improving,98.64,99.19,-0.82,-3.42,False,False,2026-07-28 ratio=99.46 momentum=102.61; 2026-07-29 ratio=99.37 momentum=103.37; 2026-07-30 ratio=99.10 momentum=101.00; 2026-07-31 ratio=99.10 momentum=101.68; 2026-08-03 ratio=98.64 momentum=99.19,20.0
stock,Touchwood Enter.,TOUCHWOOD.NS,Other Consumer Services,Consumer Services,73.5,0.0,0.7,-50.0,27.94,12.03,17.29,13.39,,not_stage_2,0,66.33,75.09,-6.24,0.00269,"{'price_above_30w_ma': False, '30w_ma_rising': False, 'price_above_10w_ma': False, 'relative_strength_positive': False, 'near_52w_high': False}",lagging,lagging,98.18,99.31,0.13,1.48,False,False,2026-07-29 ratio=98.05 momentum=97.82; 2026-07-30 ratio=98.23 momentum=97.08; 2026-07-31 ratio=98.15 momentum=98.76; 2026-08-03 ratio=97.96 momentum=98.79; 2026-08-04 ratio=98.18 momentum=99.31,0.0
stock,Blue Pebble,BLUEPEBBLE.NS,Other Consumer Services,Consumer Services,27.74,0.74,-0.26,,11.14,,56.62,2.38,,not_stage_2,0,70.0,109.51,-5.64,0.00284,"{'price_above_30w_ma': False, '30w_ma_rising': False, 'price_above_10w_ma': False, 'relative_strength_positive': False, 'near_52w_high': False}",improving,improving,98.98,101.31,-0.03,-0.72,False,False,2026-07-28 ratio=99.01 momentum=102.03; 2026-07-29 ratio=98.72 momentum=98.95; 2026-07-30 ratio=99.02 momentum=101.22; 2026-07-31 ratio=99.04 momentum=100.24; 2026-08-03 ratio=98.98 momentum=101.31,6.55
stock,Thinking Hats,THESL.NS,Other Consumer Services,Consumer Services,26.1,0.0,0.51,-80.08,15.16,-61.15,21.05,5.96,,insufficient_data,0,,,,,{},insufficient_data,insufficient_data,,,,,False,False,,0.0
stock,HBL Engineering,HBLENGINE.NS,Other Industrial Products,Capital Goods,20213.06,0.27,63.73,44.18,604.12,27.03,24.12,58.45,,not_stage_2,0,729.2,751.9,-2.89,0.02962,"{'price_above_30w_ma': False, '30w_ma_rising': False, 'price_above_10w_ma': False, 'relative_strength_positive': False, 'near_52w_high': False}",improving,lagging,98.58,102.27,0.58,3.73,False,True,2026-07-29 ratio=97.99 momentum=98.54; 2026-07-30 ratio=97.87 momentum=100.04; 2026-07-31 ratio=98.37 momentum=102.67; 2026-08-03 ratio=98.63 momentum=103.16; 2026-08-04 ratio=98.58 momentum=102.27,11.35
stock,Inox India,INOXINDIA.NS,Other Industrial Products,Capital Goods,17334.49,0.11,58.07,-4.99,370.79,9.18,67.41,33.48,,stage_2,4,1901.4,1476.47,8.09,0.07725,"{'price_above_30w_ma': True, '30w_ma_rising': True, 'price_above_10w_ma': True, 'relative_strength_positive': False, 'near_52w_high': True}",weakening,weakening,100.09,96.78,-0.19,-0.71,False,False,2026-07-29 ratio=100.29 momentum=97.48; 2026-07-30 ratio=100.31 momentum=97.62; 2026-07-31 ratio=100.30 momentum=98.28; 2026-08-03 ratio=100.17 momentum=97.93; 2026-08-04 ratio=100.09 momentum=96.78,121.63
stock,Esab India,ESABINDIA.NS,Other Industrial Products,Capital Goods,8664.39,1.33,43.55,-8.18,395.75,7.62,44.95,64.68,,not_stage_2,1,5637.5,5781.55,-0.87,0.22903,"{'price_above_30w_ma': False, '30w_ma_rising': False, 'price_above_10w_ma': False, 'relative_strength_positive': False, 'near_52w_high': True}",lagging,improving,99.04,97.19,0.02,-3.19,False,False,2026-07-29 ratio=99.02 momentum=100.38; 2026-07-30 ratio=99.04 momentum=100.07; 2026-07-31 ratio=99.12 momentum=101.15; 2026-08-03 ratio=98.90 momentum=97.03; 2026-08-04 ratio=99.04 momentum=97.19,20.0
stock,KRN Heat Exchan,KRN.NS,Other Industrial Products,Capital Goods,7847.33,0.0,23.36,57.09,179.48,36.49,102.62,16.06,,not_stage_2,3,1196.6,1043.96,6.42,0.04861,"{'price_above_30w_ma': True, '30w_ma_rising': True, 'price_above_10w_ma': False, 'relative_strength_positive': False, 'near_52w_high': True}",lagging,lagging,99.13,97.84,-0.7,1.87,False,False,2026-07-29 ratio=99.83 momentum=95.97; 2026-07-30 ratio=98.85 momentum=95.79; 2026-07-31 ratio=99.01 momentum=97.95; 2026-08-03 ratio=99.31 momentum=97.83; 2026-08-04 ratio=99.13 momentum=97.84,72.84
stock,Subros,SUBROS.NS,Other Industrial Products,Capital Goods,5380.88,0.31,49.33,6.77,1049.76,15.55,31.38,19.75,,not_stage_2,3,826.45,765.24,-1.03,0.03358,"{'price_above_30w_ma': True, '30w_ma_rising': False, 'price_above_10w_ma': True, 'relative_strength_positive': True, 'near_52w_high': False}",leading,weakening,100.56,100.35,0.55,4.4,True,False,2026-07-29 ratio=100.01 momentum=95.95; 2026-07-30 ratio=99.87 momentum=96.28; 2026-07-31 ratio=100.63 momentum=100.91; 2026-08-03 ratio=100.25 momentum=98.88; 2026-08-04 ratio=100.56 momentum=100.35,94.55
stock,Harsha Engg Intl,HARSHA.NS,Other Industrial Products,Capital Goods,3710.95,0.37,47.23,200.64,473.91,27.06,26.58,13.0,,not_stage_2,3,408.1,388.78,1.02,0.01658,"{'price_above_30w_ma': True, '30w_ma_rising': True, 'price_above_10w_ma': False, 'relative_strength_positive': False, 'near_52w_high': True}",lagging,lagging,98.55,98.27,-0.51,1.01,False,False,2026-07-29 ratio=99.06 momentum=97.26; 2026-07-30 ratio=97.84 momentum=94.58; 2026-07-31 ratio=98.12 momentum=97.39; 2026-08-03 ratio=98.22 momentum=96.67; 2026-08-04 ratio=98.55 momentum=98.27,62.04
stock,Ador Welding,ADOR.NS,Other Industrial Products,Capital Goods,2630.01,1.52,27.35,890.46,308.63,23.19,21.96,22.71,,stage_2,5,1510.8,1117.02,5.26,0.06138,"{'price_above_30w_ma': True, '30w_ma_rising': True, 'price_above_10w_ma': True, 'relative_strength_positive': True, 'near_52w_high': True}",weakening,weakening,101.55,97.22,0.28,-0.98,False,False,2026-07-29 ratio=101.27 momentum=98.19; 2026-07-30 ratio=101.62 momentum=99.52; 2026-07-31 ratio=101.26 momentum=98.74; 2026-08-03 ratio=101.48 momentum=97.99; 2026-08-04 ratio=101.55 momentum=97.22,143.27
stock,Diffusion Eng,DIFFNKG.NS,Other Industrial Products,Capital Goods,1587.9,0.35,15.97,22.81,141.57,38.08,31.22,16.42,,stage_2,5,423.7,315.33,3.19,0.01721,"{'price_above_30w_ma': True, '30w_ma_rising': True, 'price_above_10w_ma': True, 'relative_strength_positive': True, 'near_52w_high': True}",leading,weakening,101.29,101.1,0.91,3.54,True,False,2026-07-29 ratio=100.38 momentum=97.57; 2026-07-30 ratio=100.07 momentum=97.33; 2026-07-31 ratio=100.11 momentum=99.05; 2026-08-03 ratio=100.63 momentum=100.08; 2026-08-04 ratio=101.29 momentum=101.10,173.33
stock,MIC Electronics,MICEL.NS,Other Industrial Products,Capital Goods,914.36,0.0,2.13,27.54,43.72,276.57,,8.55,,not_stage_2,0,37.86,39.63,-1.98,0.00154,"{'price_above_30w_ma': False, '30w_ma_rising': False, 'price_above_10w_ma': False, 'relative_strength_positive': False, 'near_52w_high': False}",improving,lagging,98.92,100.97,0.47,2.36,False,True,2026-07-29 ratio=98.45 momentum=98.62; 2026-07-30 ratio=98.54 momentum=96.86; 2026-07-31 ratio=99.12 momentum=102.22; 2026-08-03 ratio=99.05 momentum=101.87; 2026-08-04 ratio=98.92 momentum=100.97,4.85
stock,Vilas Transcore,VILAS.NS,Other Industrial Products,Capital Goods,869.77,0.0,15.18,-26.24,231.91,21.66,21.99,16.12,,not_stage_2,0,358.35,381.4,-1.33,0.01456,"{'price_above_30w_ma': False, '30w_ma_rising': False, 'price_above_10w_ma': False, 'relative_strength_positive': False, 'near_52w_high': False}",lagging,lagging,98.25,97.41,0.35,0.73,False,False,2026-07-28 ratio=97.90 momentum=96.68; 2026-07-29 ratio=98.31 momentum=98.18; 2026-07-30 ratio=97.78 momentum=95.34; 2026-07-31 ratio=97.92 momentum=97.27; 2026-08-03 ratio=98.25 momentum=97.41,0.0
stock,Maruti Suzuki,MARUTI.NS,Passenger Cars & Utility Vehicles,Automobile and Auto Components,446898.38,0.99,3446.9,-9.11,52469.8,35.91,31.18,19.02,,not_stage_2,4,14168.0,13812.47,-2.55,0.57559,"{'price_above_30w_ma': True, '30w_ma_rising': False, 'price_above_10w_ma': True, 'relative_strength_positive': True, 'near_52w_high': True}",leading,leading,100.57,101.59,-0.12,-0.17,False,False,2026-07-29 ratio=100.69 momentum=101.76; 2026-07-30 ratio=101.27 momentum=101.34; 2026-07-31 ratio=101.25 momentum=101.79; 2026-08-03 ratio=100.25 momentum=101.53; 2026-08-04 ratio=100.57 momentum=101.59,110.8
stock,M & M,M&M.NS,Passenger Cars & Utility Vehicles,Automobile and Auto Components,432338.26,0.96,5997.56,33.8,58187.57,27.8,22.55,15.1,,not_stage_2,4,3433.0,3229.76,-1.56,0.13947,"{'price_above_30w_ma': True, '30w_ma_rising': False, 'price_above_10w_ma': True, 'relative_strength_positive': True, 'near_52w_high': True}",leading,leading,102.91,102.31,1.59,0.37,False,False,2026-07-29 ratio=101.33 momentum=101.93; 2026-07-30 ratio=102.23 momentum=102.53; 2026-07-31 ratio=103.61 momentum=103.40; 2026-08-03 ratio=102.88 momentum=103.21; 2026-08-04 ratio=102.91 momentum=102.31,126.1
stock,Hyundai Motor I,HYUNDAI.NS,Passenger Cars & Utility Vehicles,Automobile and Auto Components,180449.53,0.95,888.62,-35.1,16334.63,-0.48,36.45,38.42,,not_stage_2,4,2220.0,2004.6,-1.35,0.09019,"{'price_above_30w_ma': True, '30w_ma_rising': False, 'price_above_10w_ma': True, 'relative_strength_positive': True, 'near_52w_high': True}",leading,weakening,103.47,102.38,2.97,4.04,True,False,2026-07-29 ratio=100.50 momentum=98.34; 2026-07-30 ratio=100.93 momentum=98.12; 2026-07-31 ratio=104.09 momentum=103.18; 2026-08-03 ratio=103.43 momentum=102.38; 2026-08-04 ratio=103.47 momentum=102.38,139.25
stock,Tata Motors PVeh,TMPV.NS,Passenger Cars & Utility Vehicles,Automobile and Auto Components,129423.17,0.86,5878.0,-24.63,105447.0,7.19,1.5,2.73,,not_stage_2,0,348.55,351.27,-0.83,0.01416,"{'price_above_30w_ma': False, '30w_ma_rising': False, 'price_above_10w_ma': False, 'relative_strength_positive': False, 'near_52w_high': False}",improving,improving,99.37,102.34,0.58,0.06,False,True,2026-07-29 ratio=98.80 momentum=102.27; 2026-07-30 ratio=98.95 momentum=103.62; 2026-07-31 ratio=99.14 momentum=103.16; 2026-08-03 ratio=99.30 momentum=102.37; 2026-08-04 ratio=99.37 momentum=102.34,11.7
stock,Force Motors,FORCEMOT.NS,Passenger Cars & Utility Vehicles,Automobile and Auto Components,24337.72,0.22,216.59,22.82,2440.01,6.21,22.12,36.08,,not_stage_2,2,18378.0,20198.53,-0.67,0.74662,"{'price_above_30w_ma': False, '30w_ma_rising': False, 'price_above_10w_ma': True, 'relative_strength_positive': False, 'near_52w_high': True}",improving,lagging,99.5,102.15,1.14,5.15,False,True,2026-07-29 ratio=98.36 momentum=97.00; 2026-07-30 ratio=98.71 momentum=96.70; 2026-07-31 ratio=99.05 momentum=100.09; 2026-08-03 ratio=99.47 momentum=101.98; 2026-08-04 ratio=99.50 momentum=102.15,50.75
stock,Olectra Greentec,OLECTRA.NS,Passenger Cars & Utility Vehicles,Automobile and Auto Components,11077.67,0.03,57.39,164.38,644.72,43.62,62.41,21.05,,not_stage_2,3,1347.8,1195.38,1.52,0.05476,"{'price_above_30w_ma': True, '30w_ma_rising': True, 'price_above_10w_ma': False, 'relative_strength_positive': False, 'near_52w_high': True}",lagging,lagging,99.41,97.7,-0.13,1.7,False,False,2026-07-29 ratio=99.54 momentum=96.00; 2026-07-30 ratio=99.45 momentum=95.01; 2026-07-31 ratio=99.35 momentum=97.98; 2026-08-03 ratio=99.31 momentum=97.92; 2026-08-04 ratio=99.41 momentum=97.70,63.04
stock,Mercury EV-Tech,MERCURYEV.NS,Passenger Cars & Utility Vehicles,Automobile and Auto Components,682.81,0.0,0.3,-80.65,20.21,-34.13,163.35,2.64,,insufficient_data,0,,,,,{},insufficient_data,insufficient_data,,,,,False,False,,0.0
stock,Hindustan Motors,HINDMOTORS.NS,Passenger Cars & Utility Vehicles,Automobile and Auto Components,325.09,0.0,-4.29,671.83,0.0,,39.03,20.28,,insufficient_data,0,,,,,{},insufficient_data,insufficient_data,,,,,False,False,,0.0
stock,Supreme Inds.,SUPREMEIND.NS,Plastic Products - Industrial,Capital Goods,44468.96,1.03,280.72,38.76,2717.66,4.16,43.07,20.73,,not_stage_2,3,3501.0,3613.5,0.17,0.14223,"{'price_above_30w_ma': False, '30w_ma_rising': True, 'price_above_10w_ma': True, 'relative_strength_positive': False, 'near_52w_high': True}",improving,improving,99.74,101.86,-0.13,1.22,False,False,2026-07-29 ratio=99.88 momentum=100.64; 2026-07-30 ratio=99.71 momentum=98.62; 2026-07-31 ratio=99.69 momentum=101.30; 2026-08-03 ratio=99.76 momentum=101.11; 2026-08-04 ratio=99.74 momentum=101.86,69.64
stock,Astral,ASTRAL.NS,Plastic Products - Industrial,Capital Goods,38514.22,0.28,213.0,21.24,2088.5,24.21,72.44,19.22,,not_stage_2,2,1448.0,1529.65,0.06,0.05883,"{'price_above_30w_ma': False, '30w_ma_rising': True, 'price_above_10w_ma': False, 'relative_strength_positive': False, 'near_52w_high': True}",improving,improving,99.43,100.93,-0.45,-1.85,False,False,2026-07-29 ratio=99.88 momentum=102.77; 2026-07-30 ratio=99.79 momentum=102.35; 2026-07-31 ratio=99.52 momentum=102.50; 2026-08-03 ratio=99.18 momentum=100.84; 2026-08-04 ratio=99.43 momentum=100.93,44.77
stock,Garware Hi Tech,GRWRHITECH.NS,Plastic Products - Industrial,Capital Goods,17005.14,0.16,108.21,39.09,596.69,8.9,50.28,18.02,,stage_2,5,7326.0,4997.88,11.66,0.29762,"{'price_above_30w_ma': True, '30w_ma_rising': True, 'price_above_10w_ma': True, 'relative_strength_positive': True, 'near_52w_high': True}",leading,weakening,101.29,101.22,0.47,3.25,True,False,2026-07-29 ratio=100.81 momentum=97.97; 2026-07-30 ratio=100.59 momentum=97.76; 2026-07-31 ratio=101.06 momentum=100.07; 2026-08-03 ratio=100.86 momentum=99.51; 2026-08-04 ratio=101.29 momentum=101.22,190.87
stock,Time Technoplast,TIMETECHNO.NS,Plastic Products - Industrial,Capital Goods,10298.79,0.6,134.31,20.38,1676.67,14.16,21.97,16.71,,stage_2,5,208.83,183.4,1.43,0.00848,"{'price_above_30w_ma': True, '30w_ma_rising': True, 'price_above_10w_ma': True, 'relative_strength_positive': True, 'near_52w_high': True}",weakening,weakening,101.39,96.0,-1.2,-2.51,False,False,2026-07-29 ratio=102.59 momentum=98.51; 2026-07-30 ratio=101.77 momentum=97.01; 2026-07-31 ratio=101.65 momentum=97.05; 2026-08-03 ratio=101.45 momentum=94.30; 2026-08-04 ratio=101.39 momentum=96.00,134.81
stock,Finolex Inds.,FINPIPE.NS,Plastic Products - Industrial,Capital Goods,10276.33,1.21,261.25,58.74,1313.88,12.12,17.15,12.71,,not_stage_2,1,165.43,173.72,-0.62,0.00672,"{'price_above_30w_ma': False, '30w_ma_rising': False, 'price_above_10w_ma': False, 'relative_strength_positive': False, 'near_52w_high': True}",improving,improving,98.62,100.6,0.01,-0.04,False,False,2026-07-29 ratio=98.61 momentum=100.64; 2026-07-30 ratio=98.35 momentum=98.75; 2026-07-31 ratio=98.29 momentum=101.46; 2026-08-03 ratio=98.47 momentum=101.03; 2026-08-04 ratio=98.62 momentum=100.60,23.0
stock,Kingfa Science,KINGFA.NS,Plastic Products - Industrial,Capital Goods,7010.61,0.0,59.15,41.17,578.47,23.2,37.84,23.2,,stage_2,4,5174.5,4726.34,2.69,0.21022,"{'price_above_30w_ma': True, '30w_ma_rising': True, 'price_above_10w_ma': True, 'relative_strength_positive': False, 'near_52w_high': True}",improving,lagging,99.33,101.05,0.36,1.52,False,True,2026-07-29 ratio=98.97 momentum=99.53; 2026-07-30 ratio=99.21 momentum=99.75; 2026-07-31 ratio=99.97 momentum=102.73; 2026-08-03 ratio=99.19 momentum=100.89; 2026-08-04 ratio=99.33 momentum=101.05,115.63
stock,Prince Pipes,PRINCEPIPE.NS,Plastic Products - Industrial,Capital Goods,3053.17,0.18,33.75,600.21,609.42,5.0,29.31,6.12,,stage_2,4,276.1,257.22,0.83,0.01122,"{'price_above_30w_ma': True, '30w_ma_rising': True, 'price_above_10w_ma': True, 'relative_strength_positive': False, 'near_52w_high': True}",improving,lagging,99.63,101.35,0.89,4.65,False,True,2026-07-29 ratio=98.75 momentum=96.71; 2026-07-30 ratio=98.44 momentum=96.38; 2026-07-31 ratio=98.56 momentum=97.23; 2026-08-03 ratio=98.16 momentum=96.29; 2026-08-04 ratio=99.63 momentum=101.35,113.41
stock,Apollo Pipes,APOLLOPIPE.NS,Plastic Products - Industrial,Capital Goods,2326.27,0.13,-11.12,-205.28,295.43,7.43,,1.23,,stage_2,5,527.35,433.16,6.86,0.02142,"{'price_above_30w_ma': True, '30w_ma_rising': True, 'price_above_10w_ma': True, 'relative_strength_positive': True, 'near_52w_high': True}",leading,lagging,101.35,103.22,1.5,6.2,True,False,2026-07-29 ratio=99.85 momentum=97.02; 2026-07-30 ratio=99.53 momentum=97.09; 2026-07-31 ratio=100.65 momentum=102.53; 2026-08-03 ratio=100.28 momentum=102.14; 2026-08-04 ratio=101.35 momentum=103.22,191.57
stock,Jain Irrigation,JISLJALEQS.NS,Plastic Products - Industrial,Capital Goods,2251.75,0.0,-19.04,-164.41,1823.97,4.3,,5.3,,not_stage_2,0,30.92,32.87,-3.9,0.00126,"{'price_above_30w_ma': False, '30w_ma_rising': False, 'price_above_10w_ma': False, 'relative_strength_positive': False, 'near_52w_high': False}",improving,lagging,99.12,100.91,0.18,2.88,False,True,2026-07-29 ratio=98.95 momentum=98.04; 2026-07-30 ratio=98.56 momentum=96.95; 2026-07-31 ratio=98.79 momentum=99.72; 2026-08-03 ratio=99.23 momentum=100.90; 2026-08-04 ratio=99.12 momentum=100.91,4.55
stock,Jai Corp,JAICORPLTD.NS,Plastic Products - Industrial,Capital Goods,1811.4,0.48,20.79,-11.25,120.62,-10.9,10.61,13.27,,not_stage_2,0,103.28,110.06,-2.93,0.0042,"{'price_above_30w_ma': False, '30w_ma_rising': False, 'price_above_10w_ma': False, 'relative_strength_positive': False, 'near_52w_high': False}",improving,improving,98.35,102.44,0.44,2.13,False,True,2026-07-29 ratio=97.91 momentum=100.30; 2026-07-30 ratio=97.95 momentum=100.82; 2026-07-31 ratio=98.06 momentum=102.67; 2026-08-03 ratio=98.25 momentum=101.71; 2026-08-04 ratio=98.35 momentum=102.44,12.2
stock,Knowledge Realty,KRT.NS,Real Estate Investment Trusts (REITs),Realty,52117.49,1.45,250.8,,1243.06,,83.1,5.22,,insufficient_data,0,,,,,{},insufficient_data,insufficient_data,,,,,False,False,,0.0
stock,Embassy Off.REIT,EMBASSY.NS,Real Estate Investment Trusts (REITs),Realty,41715.07,0.05,195.22,25.81,1240.81,17.08,170.06,5.61,,stage_2,4,443.04,433.86,0.3,0.018,"{'price_above_30w_ma': True, '30w_ma_rising': True, 'price_above_10w_ma': True, 'relative_strength_positive': False, 'near_52w_high': True}",lagging,lagging,98.66,97.36,-0.95,-0.42,False,False,2026-07-28 ratio=99.60 momentum=97.77; 2026-07-29 ratio=99.03 momentum=97.54; 2026-07-30 ratio=98.98 momentum=97.34; 2026-07-31 ratio=98.88 momentum=97.30; 2026-08-03 ratio=98.66 momentum=97.36,105.6
stock,Bagmane Prime REIT,BAGMANE.NS,Real Estate Investment Trusts (REITs),Realty,35696.61,0.0,253.94,,623.27,,39.83,33.22,,insufficient_data,0,,,,,{},insufficient_data,insufficient_data,,,,,False,False,,0.0
stock,Mindspace Busine,MINDSPACE.NS,Real Estate Investment Trusts (REITs),Realty,32647.53,8.6,208.74,127.77,889.95,30.67,48.24,7.64,,stage_2,5,493.15,474.44,0.43,0.02003,"{'price_above_30w_ma': True, '30w_ma_rising': True, 'price_above_10w_ma': True, 'relative_strength_positive': True, 'near_52w_high': True}",weakening,weakening,100.01,97.24,-1.71,-0.83,False,False,2026-07-28 ratio=101.73 momentum=98.07; 2026-07-29 ratio=101.18 momentum=96.98; 2026-07-30 ratio=101.09 momentum=97.23; 2026-07-31 ratio=100.62 momentum=98.29; 2026-08-03 ratio=100.01 momentum=97.24,125.91
stock,Brookfield India,BIRET.NS,Real Estate Investment Trusts (REITs),Realty,28365.37,7.34,53.86,-50.2,959.58,54.71,59.16,5.36,,stage_2,5,342.0,335.13,0.19,0.01389,"{'price_above_30w_ma': True, '30w_ma_rising': True, 'price_above_10w_ma': True, 'relative_strength_positive': True, 'near_52w_high': True}",weakening,weakening,100.07,97.66,-1.72,-1.36,False,False,2026-07-28 ratio=101.79 momentum=99.02; 2026-07-29 ratio=101.18 momentum=97.51; 2026-07-30 ratio=100.83 momentum=97.58; 2026-07-31 ratio=100.72 momentum=99.00; 2026-08-03 ratio=100.07 momentum=97.66,125.73
stock,Nexus Select,NXST.NS,Real Estate Investment Trusts (REITs),Realty,25342.95,5.44,156.52,30.89,680.53,10.91,57.54,5.83,,stage_2,5,166.96,158.74,0.61,0.00678,"{'price_above_30w_ma': True, '30w_ma_rising': True, 'price_above_10w_ma': True, 'relative_strength_positive': True, 'near_52w_high': True}",weakening,leading,100.09,97.17,-1.67,-2.94,False,False,2026-07-28 ratio=101.76 momentum=100.11; 2026-07-29 ratio=101.17 momentum=98.49; 2026-07-30 ratio=101.18 momentum=98.90; 2026-07-31 ratio=100.77 momentum=98.45; 2026-08-03 ratio=100.09 momentum=97.17,126.67
stock,Apcotex Industri,APCOTEXIND.NS,Rubber,Capital Goods,3242.33,1.28,78.94,312.0,525.63,39.88,20.14,19.8,,stage_2,5,626.2,444.76,6.81,0.02544,"{'price_above_30w_ma': True, '30w_ma_rising': True, 'price_above_10w_ma': True, 'relative_strength_positive': True, 'near_52w_high': True}",leading,leading,101.92,100.15,-2.6,-3.82,False,False,2026-07-29 ratio=104.52 momentum=103.96; 2026-07-30 ratio=102.80 momentum=101.61; 2026-07-31 ratio=101.90 momentum=101.88; 2026-08-03 ratio=101.71 momentum=100.22; 2026-08-04 ratio=101.92 momentum=100.15,168.97
stock,Pix Transmission,PIXTRANS.NS,Rubber,Capital Goods,2309.63,0.53,20.22,-10.73,170.77,4.91,21.73,21.73,,not_stage_2,3,1687.3,1547.44,2.94,0.06855,"{'price_above_30w_ma': True, '30w_ma_rising': True, 'price_above_10w_ma': False, 'relative_strength_positive': False, 'near_52w_high': True}",lagging,lagging,99.36,97.16,-0.64,2.07,False,False,2026-07-29 ratio=99.99 momentum=95.09; 2026-07-30 ratio=99.61 momentum=96.53; 2026-07-31 ratio=99.37 momentum=97.73; 2026-08-03 ratio=99.38 momentum=97.08; 2026-08-04 ratio=99.36 momentum=97.16,65.88
stock,Tinna Rubber,TINNARUBR.NS,Rubber,Capital Goods,2011.57,0.36,20.57,75.21,156.18,19.89,32.61,22.31,,stage_2,5,1121.0,788.2,5.56,0.04554,"{'price_above_30w_ma': True, '30w_ma_rising': True, 'price_above_10w_ma': True, 'relative_strength_positive': True, 'near_52w_high': True}",weakening,leading,101.42,96.52,-0.12,-3.58,False,False,2026-07-29 ratio=101.54 momentum=100.10; 2026-07-30 ratio=100.93 momentum=99.16; 2026-07-31 ratio=101.53 momentum=100.27; 2026-08-03 ratio=101.26 momentum=95.40; 2026-08-04 ratio=101.42 momentum=96.52,143.22
stock,GRP,GRPLTD.NS,Rubber,Capital Goods,1052.25,0.18,4.2,140.0,156.83,26.73,153.61,6.94,,stage_2,5,1988.3,1849.12,2.01,0.08078,"{'price_above_30w_ma': True, '30w_ma_rising': True, 'price_above_10w_ma': True, 'relative_strength_positive': True, 'near_52w_high': True}",weakening,leading,100.77,99.03,-0.37,-1.44,False,False,2026-07-29 ratio=101.14 momentum=100.47; 2026-07-30 ratio=101.91 momentum=102.66; 2026-07-31 ratio=102.17 momentum=103.46; 2026-08-03 ratio=101.09 momentum=100.90; 2026-08-04 ratio=100.77 momentum=99.03,132.87
stock,Harri. Malayalam,HARRMALAYA.NS,Rubber,Capital Goods,398.49,0.0,9.11,75.53,147.13,7.62,13.68,15.28,,stage_2,5,216.84,195.57,3.79,0.00881,"{'price_above_30w_ma': True, '30w_ma_rising': True, 'price_above_10w_ma': True, 'relative_strength_positive': True, 'near_52w_high': True}",weakening,weakening,100.38,98.93,-0.49,-0.68,False,False,2026-07-29 ratio=100.87 momentum=99.61; 2026-07-30 ratio=99.75 momentum=96.88; 2026-07-31 ratio=100.39 momentum=99.24; 2026-08-03 ratio=99.87 momentum=98.63; 2026-08-04 ratio=100.38 momentum=98.93,134.48
stock,Rubfila Intl.,RUBFILA.NS,Rubber,Capital Goods,387.14,2.79,6.42,-22.74,160.6,8.9,14.55,12.29,,not_stage_2,2,71.57,70.77,-0.08,0.00291,"{'price_above_30w_ma': True, '30w_ma_rising': False, 'price_above_10w_ma': False, 'relative_strength_positive': False, 'near_52w_high': True}",lagging,lagging,98.69,98.09,0.11,1.14,False,False,2026-07-29 ratio=98.58 momentum=96.95; 2026-07-30 ratio=98.81 momentum=96.90; 2026-07-31 ratio=98.71 momentum=98.26; 2026-08-03 ratio=98.48 momentum=98.23; 2026-08-04 ratio=98.69 momentum=98.09,40.0
stock,Gayatri Rubbers,GRCL.NS,Rubber,Capital Goods,318.43,0.0,2.95,86.71,24.48,33.99,56.96,39.54,,stage_2,4,566.0,466.71,6.57,0.02299,"{'price_above_30w_ma': True, '30w_ma_rising': True, 'price_above_10w_ma': True, 'relative_strength_positive': False, 'near_52w_high': True}",lagging,weakening,99.56,97.29,-0.92,1.05,False,False,2026-07-28 ratio=100.48 momentum=96.24; 2026-07-29 ratio=100.04 momentum=96.08; 2026-07-30 ratio=100.11 momentum=96.41; 2026-07-31 ratio=99.79 momentum=97.43; 2026-08-03 ratio=99.56 momentum=97.29,118.14
stock,Elgi Rubber Co,ELGIRUBCO.NS,Rubber,Capital Goods,292.98,0.0,-204.05,-179.7,86.34,-11.19,,-12.92,,stage_2,4,58.48,47.62,4.02,0.00238,"{'price_above_30w_ma': True, '30w_ma_rising': True, 'price_above_10w_ma': True, 'relative_strength_positive': True, 'near_52w_high': False}",weakening,weakening,100.84,98.22,-0.27,-0.79,False,False,2026-07-29 ratio=101.11 momentum=99.01; 2026-07-30 ratio=101.70 momentum=98.01; 2026-07-31 ratio=101.24 momentum=96.85; 2026-08-03 ratio=100.59 momentum=97.30; 2026-08-04 ratio=100.84 momentum=98.22,117.24
stock,Sampann Utpadan,SAMPANN.NS,Rubber,Capital Goods,132.13,0.0,2.05,12.02,41.7,27.6,18.88,8.18,,not_stage_2,0,27.08,28.89,-2.75,0.0011,"{'price_above_30w_ma': False, '30w_ma_rising': False, 'price_above_10w_ma': False, 'relative_strength_positive': False, 'near_52w_high': False}",lagging,improving,98.2,99.84,-1.43,-1.32,False,False,2026-07-29 ratio=99.63 momentum=101.16; 2026-07-30 ratio=98.66 momentum=97.75; 2026-07-31 ratio=97.65 momentum=99.50; 2026-08-03 ratio=97.99 momentum=99.60; 2026-08-04 ratio=98.20 momentum=99.84,0.0
stock,Lead Reclaim,LRRPL.NS,Rubber,Capital Goods,76.9,0.0,3.1,219.59,17.92,-18.25,18.8,21.28,,not_stage_2,3,89.0,78.24,3.09,0.00362,"{'price_above_30w_ma': True, '30w_ma_rising': True, 'price_above_10w_ma': False, 'relative_strength_positive': False, 'near_52w_high': True}",lagging,weakening,99.15,98.05,-1.34,-1.37,False,False,2026-07-28 ratio=100.50 momentum=99.42; 2026-07-29 ratio=100.20 momentum=99.42; 2026-07-30 ratio=100.12 momentum=99.31; 2026-07-31 ratio=100.57 momentum=99.26; 2026-08-03 ratio=99.15 momentum=98.05,66.18
stock,KIOCL,KIOCL.NS,Sponge Iron,Metals & Mining,23811.45,0.0,53.39,244.77,220.33,-10.6,1437.02,1.38,,not_stage_2,2,391.3,369.53,-0.2,0.0159,"{'price_above_30w_ma': True, '30w_ma_rising': False, 'price_above_10w_ma': True, 'relative_strength_positive': False, 'near_52w_high': False}",improving,lagging,99.72,102.17,1.38,2.5,False,True,2026-07-29 ratio=98.34 momentum=99.67; 2026-07-30 ratio=98.12 momentum=99.43; 2026-07-31 ratio=98.60 momentum=102.81; 2026-08-03 ratio=99.77 momentum=102.73; 2026-08-04 ratio=99.72 momentum=102.17,50.85
stock,S.A.L Steel,SALSTEEL.NS,Sponge Iron,Metals & Mining,820.04,0.0,-1.02,82.91,11.97,-89.76,,1.08,,not_stage_2,3,56.95,51.09,3.73,0.00231,"{'price_above_30w_ma': True, '30w_ma_rising': True, 'price_above_10w_ma': False, 'relative_strength_positive': False, 'near_52w_high': True}",improving,leading,99.22,100.75,-2.01,-1.41,False,False,2026-07-29 ratio=101.23 momentum=102.16; 2026-07-30 ratio=100.21 momentum=101.44; 2026-07-31 ratio=99.55 momentum=101.67; 2026-08-03 ratio=99.32 momentum=102.03; 2026-08-04 ratio=99.22 momentum=100.75,71.21
stock,Vraj Iron,VRAJ.NS,Sponge Iron,Metals & Mining,401.33,0.0,15.57,55.54,170.21,11.24,12.54,10.51,,not_stage_2,1,121.59,123.08,-0.15,0.00494,"{'price_above_30w_ma': False, '30w_ma_rising': False, 'price_above_10w_ma': False, 'relative_strength_positive': False, 'near_52w_high': True}",lagging,weakening,99.28,97.61,-0.93,1.59,False,False,2026-07-29 ratio=100.20 momentum=96.02; 2026-07-30 ratio=99.73 momentum=92.94; 2026-07-31 ratio=99.53 momentum=96.80; 2026-08-03 ratio=99.33 momentum=97.49; 2026-08-04 ratio=99.28 momentum=97.61,20.0
stock,Chaman Metallics,CMNL.NS,Sponge Iron,Metals & Mining,235.31,0.0,-1.62,-78.12,344.75,326.41,,5.37,,not_stage_2,0,98.8,109.23,-2.33,0.00401,"{'price_above_30w_ma': False, '30w_ma_rising': False, 'price_above_10w_ma': False, 'relative_strength_positive': False, 'near_52w_high': False}",improving,improving,99.03,100.77,-0.13,0.08,False,False,2026-07-28 ratio=99.16 momentum=100.69; 2026-07-29 ratio=99.13 momentum=99.94; 2026-07-30 ratio=98.77 momentum=99.79; 2026-07-31 ratio=98.66 momentum=100.02; 2026-08-03 ratio=99.03 momentum=100.77,3.85
stock,Vaswani Industri,VASWANI.NS,Sponge Iron,Metals & Mining,171.54,0.0,5.39,22.78,143.89,24.69,40.46,8.76,,not_stage_2,1,52.56,55.48,-1.63,0.00214,"{'price_above_30w_ma': False, '30w_ma_rising': False, 'price_above_10w_ma': False, 'relative_strength_positive': False, 'near_52w_high': True}",lagging,lagging,98.75,99.86,0.11,2.39,False,False,2026-07-29 ratio=98.65 momentum=97.47; 2026-07-30 ratio=98.71 momentum=98.25; 2026-07-31 ratio=98.50 momentum=99.76; 2026-08-03 ratio=98.39 momentum=98.95; 2026-08-04 ratio=98.75 momentum=99.86,20.0
stock,Shri Hare-Krish.,SHKSIL.NS,Sponge Iron,Metals & Mining,76.76,0.0,1.55,-64.85,27.21,-35.63,12.38,7.76,,insufficient_data,0,,,,,{},insufficient_data,insufficient_data,,,,,False,False,,0.0
stock,DOMS Industries,DOMS.NS,Stationary,Fast Moving Consumer Goods,13708.38,0.14,45.28,-22.33,670.51,19.25,63.06,24.33,,not_stage_2,1,2253.1,2293.15,-1.89,0.09153,"{'price_above_30w_ma': False, '30w_ma_rising': False, 'price_above_10w_ma': False, 'relative_strength_positive': False, 'near_52w_high': True}",lagging,lagging,98.76,97.75,-1.09,-1.03,False,False,2026-07-29 ratio=99.85 momentum=98.78; 2026-07-30 ratio=99.26 momentum=99.09; 2026-07-31 ratio=99.27 momentum=99.92; 2026-08-03 ratio=99.21 momentum=99.12; 2026-08-04 ratio=98.76 momentum=97.75,20.0
stock,Navneet Educat.,NAVNETEDUL.NS,Stationary,Fast Moving Consumer Goods,2846.12,2.33,141.0,-16.66,788.0,-0.76,22.74,10.23,,not_stage_2,1,128.63,142.15,-0.74,0.00523,"{'price_above_30w_ma': False, '30w_ma_rising': False, 'price_above_10w_ma': False, 'relative_strength_positive': False, 'near_52w_high': True}",lagging,lagging,96.49,97.47,-1.6,1.71,False,False,2026-07-29 ratio=98.10 momentum=95.76; 2026-07-30 ratio=97.39 momentum=95.83; 2026-07-31 ratio=96.87 momentum=97.71; 2026-08-03 ratio=96.46 momentum=97.07; 2026-08-04 ratio=96.49 momentum=97.47,20.0
stock,Flair Writing,FLAIR.NS,Stationary,Fast Moving Consumer Goods,2641.69,0.4,36.53,16.15,322.95,8.35,18.9,16.8,,not_stage_2,0,249.95,295.22,-2.32,0.01015,"{'price_above_30w_ma': False, '30w_ma_rising': False, 'price_above_10w_ma': False, 'relative_strength_positive': False, 'near_52w_high': False}",lagging,improving,98.53,99.74,-0.43,-0.88,False,False,2026-07-29 ratio=98.96 momentum=100.62; 2026-07-30 ratio=98.94 momentum=101.00; 2026-07-31 ratio=99.07 momentum=101.34; 2026-08-03 ratio=98.50 momentum=99.09; 2026-08-04 ratio=98.53 momentum=99.74,0.0
stock,Kokuyo Camlin,KOKUYOCMLN.NS,Stationary,Fast Moving Consumer Goods,853.49,0.35,2.88,-34.4,226.23,13.1,34.39,10.21,,not_stage_2,1,85.15,85.05,-0.8,0.00346,"{'price_above_30w_ma': True, '30w_ma_rising': False, 'price_above_10w_ma': False, 'relative_strength_positive': False, 'near_52w_high': False}",lagging,lagging,98.38,98.65,-0.07,1.04,False,False,2026-07-29 ratio=98.45 momentum=97.61; 2026-07-30 ratio=97.95 momentum=97.57; 2026-07-31 ratio=99.05 momentum=101.67; 2026-08-03 ratio=98.41 momentum=99.55; 2026-08-04 ratio=98.38 momentum=98.65,20.0
stock,Linc,LINC.NS,Stationary,Fast Moving Consumer Goods,604.53,1.48,11.66,-7.9,136.66,-9.55,16.51,19.21,,not_stage_2,0,101.68,103.89,-1.26,0.00413,"{'price_above_30w_ma': False, '30w_ma_rising': False, 'price_above_10w_ma': False, 'relative_strength_positive': False, 'near_52w_high': False}",lagging,lagging,98.82,97.53,-0.34,0.25,False,False,2026-07-29 ratio=99.16 momentum=97.28; 2026-07-30 ratio=98.73 momentum=95.48; 2026-07-31 ratio=99.08 momentum=97.38; 2026-08-03 ratio=98.67 momentum=96.77; 2026-08-04 ratio=98.82 momentum=97.53,0.0
stock,Sundaram Multi.,SUNDARAM.NS,Stationary,Fast Moving Consumer Goods,58.76,0.0,1.17,211.58,44.35,11.85,21.29,3.8,,not_stage_2,0,1.25,1.4,-4.53,5e-05,"{'price_above_30w_ma': False, '30w_ma_rising': False, 'price_above_10w_ma': False, 'relative_strength_positive': False, 'near_52w_high': False}",lagging,improving,98.43,99.83,-0.43,-2.44,False,False,2026-07-29 ratio=98.85 momentum=102.27; 2026-07-30 ratio=98.25 momentum=99.72; 2026-07-31 ratio=98.14 momentum=99.41; 2026-08-03 ratio=98.24 momentum=100.04; 2026-08-04 ratio=98.43 momentum=99.83,0.0
stock,Indus Towers,INDUSTOWER.NS,Telecom - Infrastructure,Telecommunic ation,102862.32,3.59,1745.8,0.52,8431.1,4.64,14.38,19.48,,not_stage_2,1,390.0,422.91,-1.02,0.01584,"{'price_above_30w_ma': False, '30w_ma_rising': False, 'price_above_10w_ma': False, 'relative_strength_positive': False, 'near_52w_high': True}",lagging,lagging,98.72,96.96,0.1,0.1,False,False,2026-07-29 ratio=98.62 momentum=96.86; 2026-07-30 ratio=98.93 momentum=97.88; 2026-07-31 ratio=98.84 momentum=98.82; 2026-08-03 ratio=98.80 momentum=98.55; 2026-08-04 ratio=98.72 momentum=96.96,20.0
stock,HFCL,HFCL.NS,Telecom - Infrastructure,Telecommunic ation,30910.87,0.05,245.64,809.06,1914.98,119.85,53.99,10.86,,stage_2,4,202.78,128.96,16.52,0.00824,"{'price_above_30w_ma': True, '30w_ma_rising': True, 'price_above_10w_ma': True, 'relative_strength_positive': False, 'near_52w_high': True}",lagging,lagging,99.91,97.64,0.08,0.51,False,False,2026-07-29 ratio=99.83 momentum=97.13; 2026-07-30 ratio=99.32 momentum=96.40; 2026-07-31 ratio=99.67 momentum=97.92; 2026-08-03 ratio=99.88 momentum=98.58; 2026-08-04 ratio=99.91 momentum=97.64,138.04
stock,Pace Digitek,PACEDIGITK.NS,Telecom - Infrastructure,Telecommunic ation,4295.39,0.0,105.92,73.27,1096.78,60.52,14.43,21.26,,not_stage_2,3,198.81,181.7,0.69,0.00808,"{'price_above_30w_ma': True, '30w_ma_rising': True, 'price_above_10w_ma': False, 'relative_strength_positive': False, 'near_52w_high': True}",lagging,lagging,99.49,95.86,-0.32,-0.39,False,False,2026-07-29 ratio=99.80 momentum=96.25; 2026-07-30 ratio=100.31 momentum=97.90; 2026-07-31 ratio=100.44 momentum=100.33; 2026-08-03 ratio=99.65 momentum=97.54; 2026-08-04 ratio=99.49 momentum=95.86,61.38
stock,GTL Infra.,GTLINFRA.NS,Telecom - Infrastructure,Telecommunic ation,1627.18,0.0,1185.58,94.92,330.36,-1.98,,,,not_stage_2,3,1.28,1.24,0.46,5e-05,"{'price_above_30w_ma': True, '30w_ma_rising': True, 'price_above_10w_ma': False, 'relative_strength_positive': False, 'near_52w_high': True}",improving,lagging,99.01,102.08,0.54,4.34,False,True,2026-07-29 ratio=98.48 momentum=97.73; 2026-07-30 ratio=98.36 momentum=97.57; 2026-07-31 ratio=98.69 momentum=105.29; 2026-08-03 ratio=99.16 momentum=103.47; 2026-08-04 ratio=99.01 momentum=102.08,71.32
stock,Suyog Telematics,SUYOG.NS,Telecom - Infrastructure,Telecommunic ation,1000.97,0.21,14.14,202.61,52.74,5.35,16.07,14.42,,stage_2,5,852.55,739.31,4.66,0.03464,"{'price_above_30w_ma': True, '30w_ma_rising': True, 'price_above_10w_ma': True, 'relative_strength_positive': True, 'near_52w_high': True}",weakening,weakening,100.27,99.12,-0.75,0.57,False,False,2026-07-29 ratio=101.02 momentum=98.56; 2026-07-30 ratio=100.67 momentum=98.63; 2026-07-31 ratio=100.70 momentum=99.97; 2026-08-03 ratio=100.42 momentum=99.38; 2026-08-04 ratio=100.27 momentum=99.12,135.67
stock,Sar Televenture,SARTELE.NS,Telecom - Infrastructure,Telecommunic ation,598.76,0.0,36.23,25.49,280.35,35.3,8.34,8.84,,not_stage_2,0,120.25,163.06,-8.71,0.00489,"{'price_above_30w_ma': False, '30w_ma_rising': False, 'price_above_10w_ma': False, 'relative_strength_positive': False, 'near_52w_high': False}",improving,lagging,98.83,101.62,0.44,2.7,False,True,2026-07-28 ratio=98.39 momentum=98.91; 2026-07-29 ratio=98.32 momentum=99.30; 2026-07-30 ratio=98.45 momentum=96.08; 2026-07-31 ratio=98.99 momentum=102.33; 2026-08-03 ratio=98.83 momentum=101.62,8.1
stock,Kore Digital,KDL.NS,Telecom - Infrastructure,Telecommunic ation,128.06,0.0,11.91,-51.61,150.42,-36.24,3.49,38.1,,not_stage_2,0,106.25,132.89,-6.23,0.00432,"{'price_above_30w_ma': False, '30w_ma_rising': False, 'price_above_10w_ma': False, 'relative_strength_positive': False, 'near_52w_high': False}",lagging,lagging,98.11,98.31,-0.62,-1.33,False,False,2026-07-28 ratio=98.73 momentum=99.64; 2026-07-29 ratio=98.73 momentum=98.30; 2026-07-30 ratio=98.14 momentum=97.78; 2026-07-31 ratio=97.84 momentum=97.45; 2026-08-03 ratio=98.11 momentum=98.31,0.0
stock,Rama Telecom,RTL.NS,Telecom - Infrastructure,Telecommunic ation,110.74,0.0,0.48,-86.7,27.75,18.69,38.05,11.91,,insufficient_data,0,,,,,{},insufficient_data,insufficient_data,,,,,False,False,,0.0
