level,name,symbol,parent,sector,market_cap_cr,dividend_yield_pct,np_qtr_cr,qtr_profit_var_pct,sales_qtr_cr,qtr_sales_var_pct,pe,roce,error,stage,stage2_score,close,weekly_ma,weekly_ma_slope_4w_pct,rs_vs_benchmark,checks,rrg_quadrant,rrg_quadrant_5d_ago,rs_ratio,rs_momentum,rs_ratio_5d_delta,rs_momentum_5d_delta,moving_to_leading,improving_toward_leading,rrg_tail,stock_score
stock,Bajaj Auto,BAJAJ-AUTO.NS,2/3 Wheelers,Automobile and Auto Components,275037.78,1.5,3188.75,45.93,21688.83,65.14,23.33,28.24,,not_stage_2,2,10024.0,10488.27,1.38,0.44441,"{'price_above_30w_ma': False, '30w_ma_rising': True, 'price_above_10w_ma': False, 'relative_strength_positive': False, 'near_52w_high': True}",lagging,weakening,97.07,97.26,-2.99,0.8,False,False,2026-09-28 ratio=100.05 momentum=96.46; 2026-09-29 ratio=99.43 momentum=96.51; 2026-09-30 ratio=99.64 momentum=96.53; 2026-10-01 ratio=97.04 momentum=96.26; 2026-10-05 ratio=97.07 momentum=97.26,42.76
stock,Eicher Motors,EICHERMOT.NS,2/3 Wheelers,Automobile and Auto Components,192536.97,1.16,1462.51,21.35,6632.42,31.55,33.1,30.53,,not_stage_2,1,7021.5,7371.13,-0.67,0.3113,"{'price_above_30w_ma': False, '30w_ma_rising': False, 'price_above_10w_ma': False, 'relative_strength_positive': False, 'near_52w_high': True}",lagging,lagging,97.77,97.05,-0.67,-0.11,False,False,2026-09-28 ratio=98.44 momentum=97.16; 2026-09-29 ratio=98.26 momentum=97.06; 2026-09-30 ratio=98.29 momentum=96.98; 2026-10-01 ratio=97.13 momentum=96.27; 2026-10-05 ratio=97.77 momentum=97.05,20.0
stock,TVS Motor Co.,TVSMOTOR.NS,2/3 Wheelers,Automobile and Auto Components,189555.4,0.3,1057.61,67.11,16295.52,33.46,54.8,17.37,,stage_2,4,4031.0,3787.76,1.42,0.17871,"{'price_above_30w_ma': True, '30w_ma_rising': True, 'price_above_10w_ma': False, 'relative_strength_positive': True, 'near_52w_high': True}",weakening,leading,100.34,98.51,-0.28,-2.28,False,False,2026-09-28 ratio=100.62 momentum=100.79; 2026-09-29 ratio=100.69 momentum=102.03; 2026-09-30 ratio=100.95 momentum=103.97; 2026-10-01 ratio=100.50 momentum=100.42; 2026-10-05 ratio=100.34 momentum=98.51,109.54
stock,Hero Motocorp,HEROMOTOCO.NS,2/3 Wheelers,Automobile and Auto Components,101761.61,3.65,1417.93,-17.18,13126.35,34.94,18.38,35.22,,not_stage_2,1,5089.5,5183.16,-0.63,0.22564,"{'price_above_30w_ma': False, '30w_ma_rising': False, 'price_above_10w_ma': False, 'relative_strength_positive': False, 'near_52w_high': True}",lagging,leading,99.63,98.19,-1.46,-5.58,False,False,2026-09-28 ratio=101.09 momentum=103.77; 2026-09-29 ratio=100.24 momentum=100.50; 2026-09-30 ratio=100.49 momentum=101.07; 2026-10-01 ratio=100.30 momentum=99.18; 2026-10-05 ratio=99.63 momentum=98.19,20.0
stock,Ather Energy,ATHERENERG.NS,2/3 Wheelers,Automobile and Auto Components,57199.11,0.0,-50.87,71.46,1216.92,88.79,,-19.77,,not_stage_2,3,1409.9,1165.84,9.91,0.06251,"{'price_above_30w_ma': True, '30w_ma_rising': True, 'price_above_10w_ma': False, 'relative_strength_positive': False, 'near_52w_high': True}",weakening,weakening,100.01,95.75,-0.33,-0.55,False,False,2026-09-28 ratio=100.34 momentum=96.29; 2026-09-29 ratio=100.01 momentum=97.04; 2026-09-30 ratio=100.15 momentum=97.62; 2026-10-01 ratio=100.08 momentum=97.89; 2026-10-05 ratio=100.01 momentum=95.75,79.87
stock,Ola Electric,OLAELEC.NS,2/3 Wheelers,Automobile and Auto Components,16639.22,0.0,-336.0,21.5,455.0,-45.05,,-19.87,,not_stage_2,2,36.68,37.93,4.57,0.00163,"{'price_above_30w_ma': False, '30w_ma_rising': True, 'price_above_10w_ma': False, 'relative_strength_positive': True, 'near_52w_high': False}",leading,leading,100.21,100.87,-0.65,0.68,False,False,2026-09-28 ratio=100.86 momentum=100.19; 2026-09-29 ratio=100.62 momentum=100.01; 2026-09-30 ratio=100.37 momentum=100.32; 2026-10-01 ratio=100.68 momentum=100.84; 2026-10-05 ratio=100.21 momentum=100.87,74.54
stock,Ebix,EBIX.NS,2/3 Wheelers,Automobile and Auto Components,362.58,0.0,82.0,92.94,573.24,-5.08,,10.05,,insufficient_data,0,,,,,{},insufficient_data,insufficient_data,,,,,False,False,,0.0
stock,Wardwizard Inno.,WARDINMOBI.NS,2/3 Wheelers,Automobile and Auto Components,154.31,0.0,0.19,-83.04,61.64,91.01,151.29,7.04,,insufficient_data,0,,,,,{},insufficient_data,insufficient_data,,,,,False,False,,0.0
stock,Tunwal E-Motors,TUNWAL.NS,2/3 Wheelers,Automobile and Auto Components,150.57,0.38,4.23,-34.72,132.45,27.15,11.83,13.28,,not_stage_2,2,26.25,28.37,-2.04,0.00116,"{'price_above_30w_ma': False, '30w_ma_rising': False, 'price_above_10w_ma': True, 'relative_strength_positive': True, 'near_52w_high': False}",leading,leading,103.0,101.75,0.69,-3.99,False,False,2026-09-28 ratio=102.31 momentum=105.74; 2026-09-29 ratio=102.56 momentum=102.89; 2026-09-30 ratio=102.72 momentum=103.12; 2026-10-01 ratio=102.93 momentum=102.08; 2026-10-05 ratio=103.00 momentum=101.75,83.75
stock,Delta Auto.,DELTIC.NS,2/3 Wheelers,Automobile and Auto Components,54.89,0.0,3.1,-47.28,37.54,-28.28,9.01,11.35,,insufficient_data,0,,,,,{},insufficient_data,insufficient_data,,,,,False,False,,0.0
stock,Carborundum Uni.,CARBORUNIV.NS,Abrasives & Bearings,Capital Goods,24188.47,0.32,80.34,23.44,1426.63,17.03,96.45,10.52,,stage_2,5,1267.6,1061.86,5.58,0.0562,"{'price_above_30w_ma': True, '30w_ma_rising': True, 'price_above_10w_ma': True, 'relative_strength_positive': True, 'near_52w_high': True}",leading,leading,102.37,100.56,-0.35,-0.91,False,False,2026-09-28 ratio=102.71 momentum=101.47; 2026-09-29 ratio=101.95 momentum=102.02; 2026-09-30 ratio=102.52 momentum=102.81; 2026-10-01 ratio=102.31 momentum=102.02; 2026-10-05 ratio=102.37 momentum=100.56,170.81
stock,Timken India,TIMKEN.NS,Abrasives & Bearings,Capital Goods,23751.86,0.08,115.13,10.47,929.09,14.87,58.04,18.26,,not_stage_2,2,3132.3,3357.2,-0.88,0.13887,"{'price_above_30w_ma': False, '30w_ma_rising': False, 'price_above_10w_ma': False, 'relative_strength_positive': True, 'near_52w_high': True}",leading,weakening,101.32,101.49,-0.38,3.54,False,False,2026-09-28 ratio=101.69 momentum=97.95; 2026-09-29 ratio=100.71 momentum=98.92; 2026-09-30 ratio=101.36 momentum=98.45; 2026-10-01 ratio=101.20 momentum=99.60; 2026-10-05 ratio=101.32 momentum=101.49,74.05
stock,Grindwell Norton,GRINDWELL.NS,Abrasives & Bearings,Capital Goods,22522.84,0.93,115.31,22.3,803.3,14.19,51.62,21.18,,stage_2,4,2004.2,1883.7,2.75,0.08886,"{'price_above_30w_ma': True, '30w_ma_rising': True, 'price_above_10w_ma': False, 'relative_strength_positive': True, 'near_52w_high': True}",leading,improving,101.76,103.62,1.82,1.8,True,False,2026-09-28 ratio=99.95 momentum=101.82; 2026-09-29 ratio=100.05 momentum=102.90; 2026-09-30 ratio=101.65 momentum=104.04; 2026-10-01 ratio=101.56 momentum=103.83; 2026-10-05 ratio=101.76 momentum=103.62,167.4
stock,SKF India Indus.,SKFINDUS.NS,Abrasives & Bearings,Capital Goods,13697.48,0.72,61.92,-13.84,970.77,18.3,35.63,29.89,,stage_2,4,2729.5,2553.3,2.38,0.12101,"{'price_above_30w_ma': True, '30w_ma_rising': True, 'price_above_10w_ma': False, 'relative_strength_positive': True, 'near_52w_high': True}",weakening,weakening,100.37,96.33,-0.94,-3.66,False,False,2026-09-28 ratio=101.31 momentum=100.00; 2026-09-29 ratio=100.71 momentum=99.04; 2026-09-30 ratio=100.62 momentum=97.39; 2026-10-01 ratio=100.53 momentum=97.44; 2026-10-05 ratio=100.37 momentum=96.33,111.61
stock,SKF India,SKFINDIA.NS,Abrasives & Bearings,Capital Goods,7233.84,2.74,61.84,32.31,587.79,27.09,48.71,13.33,,not_stage_2,0,1445.9,1586.68,-1.4,0.0641,"{'price_above_30w_ma': False, '30w_ma_rising': False, 'price_above_10w_ma': False, 'relative_strength_positive': False, 'near_52w_high': False}",lagging,leading,99.84,97.1,-1.22,-3.83,False,False,2026-09-28 ratio=101.05 momentum=100.94; 2026-09-29 ratio=101.14 momentum=101.26; 2026-09-30 ratio=101.15 momentum=99.45; 2026-10-01 ratio=100.14 momentum=97.49; 2026-10-05 ratio=99.84 momentum=97.10,0.0
stock,Wendt India,WENDT.NS,Abrasives & Bearings,Capital Goods,1617.86,0.37,6.18,63.49,71.28,36.63,95.45,7.82,,stage_2,4,8016.5,7619.83,3.14,0.35541,"{'price_above_30w_ma': True, '30w_ma_rising': True, 'price_above_10w_ma': False, 'relative_strength_positive': True, 'near_52w_high': True}",weakening,weakening,100.46,95.5,-1.03,-0.25,False,False,2026-09-28 ratio=101.49 momentum=95.75; 2026-09-29 ratio=101.35 momentum=96.89; 2026-09-30 ratio=101.29 momentum=96.67; 2026-10-01 ratio=100.86 momentum=95.24; 2026-10-05 ratio=100.46 momentum=95.50,113.58
stock,SKP Bearing,SKP.NS,Abrasives & Bearings,Capital Goods,282.2,0.0,0.04,-89.47,22.11,-0.05,478.31,11.38,,stage_2,4,165.0,157.39,0.3,0.00732,"{'price_above_30w_ma': True, '30w_ma_rising': True, 'price_above_10w_ma': True, 'relative_strength_positive': True, 'near_52w_high': False}",leading,weakening,101.64,101.39,0.15,4.11,True,False,2026-09-28 ratio=101.49 momentum=97.27; 2026-09-29 ratio=102.01 momentum=99.90; 2026-09-30 ratio=101.84 momentum=101.53; 2026-10-01 ratio=101.59 momentum=102.06; 2026-10-05 ratio=101.64 momentum=101.39,150.75
stock,NRB Indl Bearing,NIBL.NS,Abrasives & Bearings,Capital Goods,76.37,0.0,-6.59,-29.47,18.9,1.89,,-18.17,,stage_2,4,31.33,31.29,0.12,0.00139,"{'price_above_30w_ma': True, '30w_ma_rising': True, 'price_above_10w_ma': False, 'relative_strength_positive': True, 'near_52w_high': True}",leading,weakening,100.33,102.08,0.07,2.92,True,False,2026-09-28 ratio=100.26 momentum=99.16; 2026-09-29 ratio=100.25 momentum=100.89; 2026-09-30 ratio=100.52 momentum=101.78; 2026-10-01 ratio=100.40 momentum=102.11; 2026-10-05 ratio=100.33 momentum=102.08,147.29
stock,Signpost India,SIGNPOST.NS,Advertising & Media Agencies,"Media, Entertainment & Publication",1392.91,0.19,18.69,22.32,152.26,10.61,18.97,25.13,,not_stage_2,3,260.85,269.14,1.2,0.01156,"{'price_above_30w_ma': False, '30w_ma_rising': True, 'price_above_10w_ma': False, 'relative_strength_positive': True, 'near_52w_high': True}",leading,leading,100.41,101.94,0.12,1.29,False,False,2026-09-28 ratio=100.28 momentum=100.65; 2026-09-29 ratio=99.99 momentum=100.86; 2026-09-30 ratio=100.36 momentum=102.77; 2026-10-01 ratio=100.37 momentum=103.80; 2026-10-05 ratio=100.41 momentum=101.94,94.15
stock,R K Swamy,RKSWAMY.NS,Advertising & Media Agencies,"Media, Entertainment & Publication",438.62,2.28,3.47,20.91,83.62,7.8,17.94,12.26,,not_stage_2,0,86.07,93.76,-1.6,0.00382,"{'price_above_30w_ma': False, '30w_ma_rising': False, 'price_above_10w_ma': False, 'relative_strength_positive': False, 'near_52w_high': False}",improving,lagging,98.96,100.59,-0.28,0.65,False,False,2026-09-28 ratio=99.24 momentum=99.94; 2026-09-29 ratio=99.57 momentum=101.67; 2026-09-30 ratio=99.85 momentum=102.71; 2026-10-01 ratio=99.15 momentum=101.65; 2026-10-05 ratio=98.96 momentum=100.59,2.95
stock,Simca Advertis.,SIMCA.NS,Advertising & Media Agencies,"Media, Entertainment & Publication",379.62,0.0,9.04,1164.71,78.51,107.37,22.72,109.69,,insufficient_data,0,,,,,{},insufficient_data,insufficient_data,,,,,False,False,,0.0
stock,Vertoz,VERTOZ.NS,Advertising & Media Agencies,"Media, Entertainment & Publication",285.69,0.3,7.36,5.02,81.64,15.82,10.83,14.16,,not_stage_2,0,34.73,40.19,-2.35,0.00154,"{'price_above_30w_ma': False, '30w_ma_rising': False, 'price_above_10w_ma': False, 'relative_strength_positive': False, 'near_52w_high': False}",lagging,weakening,99.91,96.64,-0.74,-0.24,False,False,2026-09-28 ratio=100.66 momentum=96.88; 2026-09-29 ratio=100.39 momentum=96.49; 2026-09-30 ratio=100.42 momentum=94.75; 2026-10-01 ratio=100.62 momentum=98.86; 2026-10-05 ratio=99.91 momentum=96.64,0.0
stock,Yaap Digital,YAAP.NS,Advertising & Media Agencies,"Media, Entertainment & Publication",261.66,0.0,19.0,84.08,135.66,28.14,16.55,28.46,,insufficient_data,0,,,,,{},insufficient_data,insufficient_data,,,,,False,False,,0.0
stock,Cash UR Drive,CUDML.NS,Advertising & Media Agencies,"Media, Entertainment & Publication",177.79,0.0,18.52,94.54,108.79,43.71,6.91,37.56,,insufficient_data,0,,,,,{},insufficient_data,insufficient_data,,,,,False,False,,0.0
stock,Pramara Promotio,PRAMARA.NS,Advertising & Media Agencies,"Media, Entertainment & Publication",145.64,0.0,3.91,5.96,59.27,6.49,14.51,14.95,,not_stage_2,1,101.25,190.09,-15.41,0.00449,"{'price_above_30w_ma': False, '30w_ma_rising': False, 'price_above_10w_ma': False, 'relative_strength_positive': True, 'near_52w_high': False}",improving,leading,99.89,102.32,-0.33,-1.28,False,False,2026-09-28 ratio=100.22 momentum=103.59; 2026-09-29 ratio=100.72 momentum=102.86; 2026-09-30 ratio=100.33 momentum=102.28; 2026-10-01 ratio=99.98 momentum=102.24; 2026-10-05 ratio=99.89 momentum=102.32,31.6
stock,Digicontent,DGCONTENT.NS,Advertising & Media Agencies,"Media, Entertainment & Publication",143.89,0.0,-1.93,17.17,123.3,11.63,8.45,23.95,,not_stage_2,2,24.91,26.19,-0.71,0.0011,"{'price_above_30w_ma': False, '30w_ma_rising': False, 'price_above_10w_ma': True, 'relative_strength_positive': True, 'near_52w_high': False}",leading,leading,102.18,101.04,2.03,0.82,False,False,2026-09-28 ratio=100.15 momentum=100.23; 2026-09-29 ratio=103.47 momentum=103.44; 2026-09-30 ratio=103.41 momentum=102.66; 2026-10-01 ratio=103.26 momentum=102.25; 2026-10-05 ratio=102.18 momentum=101.04,76.1
stock,Value 360 Commu.,VALUE360.NS,Advertising & Media Agencies,"Media, Entertainment & Publication",99.03,0.0,4.99,131.34,35.84,16.97,9.98,38.64,,insufficient_data,0,,,,,{},insufficient_data,insufficient_data,,,,,False,False,,0.0
stock,Crayons Advertis,CRAYONS.NS,Advertising & Media Agencies,"Media, Entertainment & Publication",58.51,0.0,0.68,-94.03,171.88,26.88,17.09,5.53,,not_stage_2,0,23.95,29.16,-6.08,0.00106,"{'price_above_30w_ma': False, '30w_ma_rising': False, 'price_above_10w_ma': False, 'relative_strength_positive': False, 'near_52w_high': False}",improving,leading,99.77,101.61,-1.65,-1.28,False,False,2026-09-28 ratio=101.42 momentum=102.88; 2026-09-29 ratio=100.17 momentum=102.12; 2026-09-30 ratio=100.27 momentum=102.58; 2026-10-01 ratio=101.06 momentum=103.25; 2026-10-05 ratio=99.77 momentum=101.61,8.05
stock,Hind.Aeronautics,HAL.NS,Aerospace & Defense,Capital Goods,322744.08,0.93,1589.66,14.88,5515.17,14.45,34.62,31.97,,stage_2,4,4680.0,4476.5,2.18,0.20749,"{'price_above_30w_ma': True, '30w_ma_rising': True, 'price_above_10w_ma': False, 'relative_strength_positive': True, 'near_52w_high': True}",weakening,weakening,100.82,99.87,-0.15,3.41,False,False,2026-09-28 ratio=100.97 momentum=96.46; 2026-09-29 ratio=99.87 momentum=97.44; 2026-09-30 ratio=100.71 momentum=100.53; 2026-10-01 ratio=100.51 momentum=98.72; 2026-10-05 ratio=100.82 momentum=99.87,113.46
stock,Bharat Electron,BEL.NS,Aerospace & Defense,Capital Goods,283733.78,0.65,1054.53,8.7,5546.98,24.94,46.16,36.44,,not_stage_2,2,384.85,413.68,-1.89,0.01706,"{'price_above_30w_ma': False, '30w_ma_rising': False, 'price_above_10w_ma': False, 'relative_strength_positive': True, 'near_52w_high': True}",leading,weakening,100.62,102.84,0.29,4.71,True,False,2026-09-28 ratio=100.33 momentum=98.13; 2026-09-29 ratio=100.67 momentum=103.99; 2026-09-30 ratio=100.88 momentum=106.38; 2026-10-01 ratio=100.68 momentum=100.93; 2026-10-05 ratio=100.62 momentum=102.84,87.3
stock,Bharat Dynamics,BDL.NS,Aerospace & Defense,Capital Goods,40543.19,0.44,118.79,547.36,572.24,130.81,77.85,13.86,,not_stage_2,0,1096.2,1277.01,-1.85,0.0486,"{'price_above_30w_ma': False, '30w_ma_rising': False, 'price_above_10w_ma': False, 'relative_strength_positive': False, 'near_52w_high': False}",lagging,lagging,98.57,97.07,0.13,-2.27,False,False,2026-09-28 ratio=98.43 momentum=99.34; 2026-09-29 ratio=98.05 momentum=100.39; 2026-09-30 ratio=98.64 momentum=102.46; 2026-10-01 ratio=98.48 momentum=100.69; 2026-10-05 ratio=98.57 momentum=97.07,0.0
stock,Garden Reach Sh.,GRSE.NS,Aerospace & Defense,Capital Goods,24477.98,0.92,172.84,43.82,1814.62,38.53,30.57,42.82,,not_stage_2,0,2110.4,2569.53,-1.02,0.09356,"{'price_above_30w_ma': False, '30w_ma_rising': False, 'price_above_10w_ma': False, 'relative_strength_positive': False, 'near_52w_high': False}",lagging,lagging,97.2,97.12,-0.36,-1.27,False,False,2026-09-28 ratio=97.56 momentum=98.38; 2026-09-29 ratio=97.33 momentum=99.39; 2026-09-30 ratio=97.38 momentum=100.91; 2026-10-01 ratio=97.05 momentum=99.16; 2026-10-05 ratio=97.20 momentum=97.12,0.0
stock,Data Pattern,DATAPATTNS.NS,Aerospace & Defense,Capital Goods,24073.75,0.23,22.06,-13.49,116.03,16.81,89.08,21.92,,not_stage_2,3,4226.5,4178.62,3.73,0.18738,"{'price_above_30w_ma': True, '30w_ma_rising': True, 'price_above_10w_ma': False, 'relative_strength_positive': False, 'near_52w_high': True}",lagging,lagging,99.7,97.0,-0.13,6.02,False,False,2026-09-28 ratio=99.83 momentum=90.98; 2026-09-29 ratio=99.51 momentum=97.90; 2026-09-30 ratio=99.95 momentum=100.03; 2026-10-01 ratio=99.98 momentum=99.14; 2026-10-05 ratio=99.70 momentum=97.00,67.46
stock,Sigma Advanced System,SIGMAADV.NS,Aerospace & Defense,Capital Goods,21322.89,0.0,35.41,-81.87,374.28,7083.88,128.22,11.74,,stage_2,5,1130.6,537.72,26.46,0.05012,"{'price_above_30w_ma': True, '30w_ma_rising': True, 'price_above_10w_ma': True, 'relative_strength_positive': True, 'near_52w_high': True}",leading,weakening,102.77,102.81,0.82,4.0,True,False,2026-09-28 ratio=101.96 momentum=98.81; 2026-09-29 ratio=102.21 momentum=102.57; 2026-09-30 ratio=102.45 momentum=103.54; 2026-10-01 ratio=102.68 momentum=102.48; 2026-10-05 ratio=102.77 momentum=102.81,235.82
stock,Aequs,AEQUS.NS,Aerospace & Defense,Capital Goods,19150.72,0.0,-53.23,-1457.91,395.55,54.77,,1.69,,stage_2,5,284.5,212.38,8.45,0.01261,"{'price_above_30w_ma': True, '30w_ma_rising': True, 'price_above_10w_ma': True, 'relative_strength_positive': True, 'near_52w_high': True}",leading,leading,103.14,102.63,0.14,-0.48,False,False,2026-09-28 ratio=103.00 momentum=103.11; 2026-09-29 ratio=103.53 momentum=103.23; 2026-09-30 ratio=103.59 momentum=103.38; 2026-10-01 ratio=103.05 momentum=102.49; 2026-10-05 ratio=103.14 momentum=102.63,190.75
stock,Astra Microwave,ASTRAMICRO.NS,Aerospace & Defense,Capital Goods,16199.12,0.14,12.35,-24.09,176.66,-11.55,85.69,20.28,,stage_2,4,1651.7,1470.53,6.38,0.07323,"{'price_above_30w_ma': True, '30w_ma_rising': True, 'price_above_10w_ma': False, 'relative_strength_positive': True, 'near_52w_high': True}",leading,lagging,100.91,102.19,1.61,3.99,True,False,2026-09-28 ratio=99.30 momentum=98.20; 2026-09-29 ratio=100.65 momentum=103.62; 2026-09-30 ratio=100.47 momentum=102.09; 2026-10-01 ratio=100.52 momentum=102.46; 2026-10-05 ratio=100.91 momentum=102.19,163.26
stock,Apollo Micro Sys,APOLLO.NS,Aerospace & Defense,Capital Goods,15168.78,0.06,25.21,45.38,251.29,88.12,125.03,14.53,,stage_2,5,401.7,356.73,6.68,0.01781,"{'price_above_30w_ma': True, '30w_ma_rising': True, 'price_above_10w_ma': True, 'relative_strength_positive': True, 'near_52w_high': True}",leading,weakening,101.78,104.76,-0.59,5.29,False,False,2026-09-28 ratio=102.37 momentum=99.47; 2026-09-29 ratio=101.93 momentum=101.16; 2026-09-30 ratio=101.97 momentum=102.68; 2026-10-01 ratio=101.54 momentum=101.89; 2026-10-05 ratio=101.78 momentum=104.76,191.06
stock,Zen Technologies,ZENTEC.NS,Aerospace & Defense,Capital Goods,14585.6,0.06,31.85,-23.2,141.64,-10.48,80.27,16.18,,not_stage_2,2,1599.5,1687.99,2.16,0.07091,"{'price_above_30w_ma': False, '30w_ma_rising': True, 'price_above_10w_ma': False, 'relative_strength_positive': False, 'near_52w_high': True}",lagging,lagging,99.36,98.88,-0.24,0.08,False,False,2026-09-28 ratio=99.60 momentum=98.80; 2026-09-29 ratio=99.38 momentum=102.31; 2026-09-30 ratio=99.31 momentum=100.01; 2026-10-01 ratio=99.16 momentum=97.79; 2026-10-05 ratio=99.36 momentum=98.88,44.32
stock,Hindalco Inds.,HINDALCO.NS,Aluminium,Metals & Mining,210991.91,0.53,7013.0,116.7,84825.0,32.06,10.13,13.21,,not_stage_2,2,938.4,999.29,0.38,0.0416,"{'price_above_30w_ma': False, '30w_ma_rising': True, 'price_above_10w_ma': False, 'relative_strength_positive': False, 'near_52w_high': True}",lagging,weakening,99.57,97.44,-0.47,-1.42,False,False,2026-09-28 ratio=100.03 momentum=98.87; 2026-09-29 ratio=100.06 momentum=100.39; 2026-09-30 ratio=99.69 momentum=98.12; 2026-10-01 ratio=99.94 momentum=98.58; 2026-10-05 ratio=99.57 momentum=97.44,40.76
stock,Vedanta Aluminium Metal,VAML.NS,Aluminium,Metals & Mining,156826.11,1.99,6597.0,216.06,21393.0,45.99,9.91,,,insufficient_data,0,,,,,{},lagging,leading,98.24,99.56,-1.83,-1.67,False,False,2026-09-28 ratio=100.08 momentum=101.23; 2026-09-29 ratio=101.53 momentum=103.16; 2026-09-30 ratio=99.62 momentum=101.50; 2026-10-01 ratio=98.98 momentum=101.58; 2026-10-05 ratio=98.24 momentum=99.56,0.0
stock,Natl. Aluminium,NATIONALUM.NS,Aluminium,Metals & Mining,62150.62,3.41,2003.14,90.87,5302.38,39.28,9.21,39.59,,not_stage_2,1,340.0,378.51,-0.83,0.01507,"{'price_above_30w_ma': False, '30w_ma_rising': False, 'price_above_10w_ma': False, 'relative_strength_positive': False, 'near_52w_high': True}",lagging,lagging,99.37,99.41,-0.49,0.83,False,False,2026-09-28 ratio=99.86 momentum=98.58; 2026-09-29 ratio=99.74 momentum=99.59; 2026-09-30 ratio=99.43 momentum=97.78; 2026-10-01 ratio=99.20 momentum=97.69; 2026-10-05 ratio=99.37 momentum=99.41,20.0
stock,Arfin India,ARFIN.NS,Aluminium,Metals & Mining,1626.0,0.12,3.53,246.08,207.96,91.23,100.93,13.96,,not_stage_2,4,87.51,88.7,2.3,0.00388,"{'price_above_30w_ma': False, '30w_ma_rising': True, 'price_above_10w_ma': True, 'relative_strength_positive': True, 'near_52w_high': True}",weakening,leading,101.26,98.0,-0.25,-3.29,False,False,2026-09-28 ratio=101.51 momentum=101.29; 2026-09-29 ratio=101.43 momentum=102.66; 2026-09-30 ratio=101.71 momentum=110.08; 2026-10-01 ratio=101.35 momentum=100.30; 2026-10-05 ratio=101.26 momentum=98.00,90.9
stock,MMP Industries,MMP.NS,Aluminium,Metals & Mining,1220.72,0.42,13.7,15.32,232.6,26.9,27.38,12.56,,stage_2,5,468.05,314.58,10.6,0.02075,"{'price_above_30w_ma': True, '30w_ma_rising': True, 'price_above_10w_ma': True, 'relative_strength_positive': True, 'near_52w_high': True}",weakening,weakening,101.38,97.76,0.08,1.64,False,False,2026-09-28 ratio=101.30 momentum=96.11; 2026-09-29 ratio=101.21 momentum=96.62; 2026-09-30 ratio=101.56 momentum=98.67; 2026-10-01 ratio=101.21 momentum=96.67; 2026-10-05 ratio=101.38 momentum=97.76,153.1
stock,Maan Aluminium,MAANALU.NS,Aluminium,Metals & Mining,631.1,0.0,3.1,13.55,231.86,9.79,47.1,7.74,,not_stage_2,0,104.98,125.45,-3.38,0.00465,"{'price_above_30w_ma': False, '30w_ma_rising': False, 'price_above_10w_ma': False, 'relative_strength_positive': False, 'near_52w_high': False}",improving,lagging,99.38,103.69,1.14,4.17,False,True,2026-09-28 ratio=98.23 momentum=99.52; 2026-09-29 ratio=98.31 momentum=101.64; 2026-09-30 ratio=98.37 momentum=103.91; 2026-10-01 ratio=98.45 momentum=105.06; 2026-10-05 ratio=99.38 momentum=103.69,18.45
stock,Jainik Power,JAINIK.NS,Aluminium,Metals & Mining,266.72,0.0,7.85,64.57,208.91,9.73,19.02,29.88,,insufficient_data,0,,,,,{},insufficient_data,insufficient_data,,,,,False,False,,0.0
stock,Manaksia Alumi.,MANAKALUCO.NS,Aluminium,Metals & Mining,218.68,0.15,2.85,82.69,139.59,3.85,24.71,10.15,,not_stage_2,1,33.66,34.74,2.58,0.00149,"{'price_above_30w_ma': False, '30w_ma_rising': True, 'price_above_10w_ma': False, 'relative_strength_positive': False, 'near_52w_high': False}",lagging,lagging,99.17,96.69,-0.22,2.46,False,False,2026-09-28 ratio=99.39 momentum=94.23; 2026-09-29 ratio=99.62 momentum=98.78; 2026-09-30 ratio=99.48 momentum=100.19; 2026-10-01 ratio=99.34 momentum=96.84; 2026-10-05 ratio=99.17 momentum=96.69,25.16
stock,Hind Aluminium,HINDALUMI.NS,Aluminium,Metals & Mining,57.1,0.0,1.91,-51.03,5.36,405.66,15.39,-2.7,,insufficient_data,0,,,,,{},insufficient_data,insufficient_data,,,,,False,False,,0.0
stock,Prec. Wires (I),PRECWIRE.NS,"Aluminium, Copper & Zinc Products",Capital Goods,9414.57,0.24,46.45,71.47,1779.24,59.49,53.91,32.94,,stage_2,5,507.4,411.3,6.7,0.0225,"{'price_above_30w_ma': True, '30w_ma_rising': True, 'price_above_10w_ma': True, 'relative_strength_positive': True, 'near_52w_high': True}",leading,leading,101.7,101.6,0.36,1.38,False,False,2026-09-28 ratio=101.34 momentum=100.23; 2026-09-29 ratio=101.69 momentum=102.76; 2026-09-30 ratio=101.52 momentum=103.37; 2026-10-01 ratio=101.72 momentum=105.56; 2026-10-05 ratio=101.70 momentum=101.60,174.9
stock,CMR Green Tech.,CMRGREEN.NS,"Aluminium, Copper & Zinc Products",Capital Goods,4967.37,0.0,68.18,16.41,3122.73,64.92,20.88,14.06,,insufficient_data,0,,,,,{},weakening,leading,101.46,95.83,-0.19,-5.51,False,False,2026-09-28 ratio=101.65 momentum=101.34; 2026-09-29 ratio=102.39 momentum=102.37; 2026-09-30 ratio=101.98 momentum=102.77; 2026-10-01 ratio=101.93 momentum=103.88; 2026-10-05 ratio=101.46 momentum=95.83,7.3
stock,Vidya Wires,VIDYAWIRES.NS,"Aluminium, Copper & Zinc Products",Capital Goods,2031.99,0.0,17.14,41.42,549.71,33.5,32.42,20.59,,stage_2,5,91.27,86.86,6.22,0.00405,"{'price_above_30w_ma': True, '30w_ma_rising': True, 'price_above_10w_ma': True, 'relative_strength_positive': True, 'near_52w_high': True}",leading,leading,101.95,101.51,-0.51,-0.71,False,False,2026-09-28 ratio=102.46 momentum=102.22; 2026-09-29 ratio=103.17 momentum=102.69; 2026-09-30 ratio=103.18 momentum=102.55; 2026-10-01 ratio=102.15 momentum=101.89; 2026-10-05 ratio=101.95 momentum=101.51,174.74
stock,Sunlite Recycli.,SUNLITE.NS,"Aluminium, Copper & Zinc Products",Capital Goods,888.82,0.16,25.8,257.84,1642.41,116.13,22.14,46.52,,insufficient_data,0,,,,,{},insufficient_data,insufficient_data,,,,,False,False,,0.0
stock,Baheti Recycling,BAHETI.NS,"Aluminium, Copper & Zinc Products",Capital Goods,757.98,0.0,17.79,61.87,409.72,53.38,28.05,21.55,,not_stage_2,3,735.0,678.95,3.55,0.03259,"{'price_above_30w_ma': True, '30w_ma_rising': True, 'price_above_10w_ma': False, 'relative_strength_positive': False, 'near_52w_high': True}",lagging,weakening,99.89,96.94,-0.65,0.3,False,False,2026-09-28 ratio=100.54 momentum=96.64; 2026-09-29 ratio=100.53 momentum=98.76; 2026-09-30 ratio=100.21 momentum=100.91; 2026-10-01 ratio=99.98 momentum=100.00; 2026-10-05 ratio=99.89 momentum=96.94,67.1
stock,Shera Energy,SHERA.NS,"Aluminium, Copper & Zinc Products",Capital Goods,477.43,0.0,12.64,88.26,487.67,26.1,13.96,19.53,,stage_2,5,187.0,159.8,6.04,0.00829,"{'price_above_30w_ma': True, '30w_ma_rising': True, 'price_above_10w_ma': True, 'relative_strength_positive': True, 'near_52w_high': True}",weakening,weakening,101.51,99.75,-0.74,0.63,False,False,2026-09-28 ratio=102.25 momentum=99.12; 2026-09-29 ratio=102.51 momentum=101.49; 2026-09-30 ratio=102.58 momentum=101.66; 2026-10-01 ratio=101.92 momentum=101.11; 2026-10-05 ratio=101.51 momentum=99.75,144.63
stock,ANB Metal,AMCL.NS,"Aluminium, Copper & Zinc Products",Capital Goods,445.23,0.0,12.97,199.54,137.39,115.08,20.75,29.6,,insufficient_data,0,,,,,{},insufficient_data,insufficient_data,,,,,False,False,,0.0
stock,Euro Panel,EUROBOND.NS,"Aluminium, Copper & Zinc Products",Capital Goods,348.96,0.0,4.96,-13.29,119.62,14.1,13.2,16.72,,not_stage_2,0,144.32,164.01,-1.08,0.0064,"{'price_above_30w_ma': False, '30w_ma_rising': False, 'price_above_10w_ma': False, 'relative_strength_positive': False, 'near_52w_high': False}",improving,leading,99.4,101.0,-1.07,-1.43,False,False,2026-09-28 ratio=100.47 momentum=102.42; 2026-09-29 ratio=99.85 momentum=101.98; 2026-09-30 ratio=99.81 momentum=100.85; 2026-10-01 ratio=100.88 momentum=103.62; 2026-10-05 ratio=99.40 momentum=101.00,5.0
stock,Cubex Tubings,CUBEXTUB.NS,"Aluminium, Copper & Zinc Products",Capital Goods,215.75,0.0,1.32,7.32,64.97,30.28,28.61,11.49,,stage_2,5,157.8,92.65,6.16,0.007,"{'price_above_30w_ma': True, '30w_ma_rising': True, 'price_above_10w_ma': True, 'relative_strength_positive': True, 'near_52w_high': True}",weakening,leading,102.27,98.32,-2.1,-3.54,False,False,2026-09-28 ratio=104.38 momentum=101.86; 2026-09-29 ratio=103.91 momentum=102.45; 2026-09-30 ratio=103.36 momentum=104.29; 2026-10-01 ratio=102.78 momentum=99.56; 2026-10-05 ratio=102.27 momentum=98.32,148.67
stock,Century Extrus.,CENTEXT.NS,"Aluminium, Copper & Zinc Products",Capital Goods,196.57,0.0,3.77,59.75,138.36,32.85,15.32,19.29,,not_stage_2,0,17.99,19.96,-1.12,0.0008,"{'price_above_30w_ma': False, '30w_ma_rising': False, 'price_above_10w_ma': False, 'relative_strength_positive': False, 'near_52w_high': False}",lagging,lagging,98.91,97.18,-0.04,0.9,False,False,2026-09-28 ratio=98.96 momentum=96.28; 2026-09-29 ratio=99.00 momentum=95.40; 2026-09-30 ratio=99.39 momentum=98.07; 2026-10-01 ratio=99.15 momentum=98.53; 2026-10-05 ratio=98.91 momentum=97.18,0.0
stock,Wonderla Holiday,WONDERLA.NS,Amusement Parks/ Other Recreation,Consumer Services,3231.58,0.39,72.8,38.48,242.63,44.22,30.55,6.2,,not_stage_2,3,499.7,501.48,0.38,0.02215,"{'price_above_30w_ma': False, '30w_ma_rising': True, 'price_above_10w_ma': False, 'relative_strength_positive': True, 'near_52w_high': True}",weakening,weakening,100.88,89.86,-0.18,-7.97,False,False,2026-09-28 ratio=101.05 momentum=97.83; 2026-09-29 ratio=100.92 momentum=97.55; 2026-09-30 ratio=100.92 momentum=97.37; 2026-10-01 ratio=100.85 momentum=97.53; 2026-10-05 ratio=100.88 momentum=89.86,65.16
stock,Imagica. Enter.,IMAGICAA.NS,Amusement Parks/ Other Recreation,Consumer Services,2940.19,0.0,57.57,26.19,177.6,19.92,230.78,1.81,,not_stage_2,3,48.76,47.33,2.52,0.00216,"{'price_above_30w_ma': True, '30w_ma_rising': True, 'price_above_10w_ma': False, 'relative_strength_positive': False, 'near_52w_high': True}",weakening,weakening,100.17,95.82,-0.67,-2.4,False,False,2026-09-28 ratio=100.84 momentum=98.23; 2026-09-29 ratio=100.85 momentum=100.47; 2026-09-30 ratio=100.81 momentum=95.26; 2026-10-01 ratio=100.80 momentum=100.03; 2026-10-05 ratio=100.17 momentum=95.82,65.89
stock,Delta Corp,DELTACORP.NS,Amusement Parks/ Other Recreation,Consumer Services,2248.38,0.59,-212.57,219.62,168.55,-8.48,14.58,5.08,,stage_2,5,85.43,65.02,2.84,0.00379,"{'price_above_30w_ma': True, '30w_ma_rising': True, 'price_above_10w_ma': True, 'relative_strength_positive': True, 'near_52w_high': True}",leading,leading,103.44,103.32,0.42,1.03,False,False,2026-09-28 ratio=103.03 momentum=102.29; 2026-09-29 ratio=103.72 momentum=102.71; 2026-09-30 ratio=103.50 momentum=102.68; 2026-10-01 ratio=102.30 momentum=102.26; 2026-10-05 ratio=103.44 momentum=103.32,184.48
stock,Nicco Parks,NICCOPAR.NS,Amusement Parks/ Other Recreation,Consumer Services,369.03,1.58,5.47,68.83,19.05,-27.54,62.44,13.52,,insufficient_data,0,,,,,{},insufficient_data,insufficient_data,,,,,False,False,,0.0
stock,Godrej Agrovet,GODREJAGRO.NS,Animal Feed,Fast Moving Consumer Goods,12460.47,1.7,128.31,-16.21,2855.22,9.22,26.56,19.16,,stage_2,5,640.9,591.48,0.86,0.02841,"{'price_above_30w_ma': True, '30w_ma_rising': True, 'price_above_10w_ma': True, 'relative_strength_positive': True, 'near_52w_high': True}",weakening,weakening,101.12,97.99,-0.08,4.42,False,False,2026-09-28 ratio=101.20 momentum=93.57; 2026-09-29 ratio=100.99 momentum=96.81; 2026-09-30 ratio=100.85 momentum=97.33; 2026-10-01 ratio=101.07 momentum=98.04; 2026-10-05 ratio=101.12 momentum=97.99,132.32
stock,Avanti Feeds,AVANTIFEED.NS,Animal Feed,Fast Moving Consumer Goods,9714.28,1.4,116.3,-42.0,1899.86,18.32,18.05,24.38,,not_stage_2,0,711.1,1050.12,-6.08,0.03153,"{'price_above_30w_ma': False, '30w_ma_rising': False, 'price_above_10w_ma': False, 'relative_strength_positive': False, 'near_52w_high': False}",lagging,lagging,98.47,97.92,-0.36,-0.59,False,False,2026-09-28 ratio=98.83 momentum=98.51; 2026-09-29 ratio=98.97 momentum=102.80; 2026-09-30 ratio=98.52 momentum=98.55; 2026-10-01 ratio=98.53 momentum=98.56; 2026-10-05 ratio=98.47 momentum=97.92,0.0
stock,Mukka Proteins,MUKKA.NS,Animal Feed,Fast Moving Consumer Goods,806.68,0.0,18.64,1142.76,489.65,186.73,11.67,11.61,,stage_2,4,26.67,24.36,2.31,0.00118,"{'price_above_30w_ma': True, '30w_ma_rising': True, 'price_above_10w_ma': False, 'relative_strength_positive': True, 'near_52w_high': True}",weakening,weakening,100.59,99.63,-0.09,3.39,False,False,2026-09-28 ratio=100.68 momentum=96.24; 2026-09-29 ratio=100.49 momentum=94.14; 2026-09-30 ratio=100.38 momentum=94.24; 2026-10-01 ratio=100.34 momentum=95.64; 2026-10-05 ratio=100.59 momentum=99.63,112.57
stock,KSE,KSE.NS,Animal Feed,Fast Moving Consumer Goods,567.9,7.07,0.94,-98.44,453.67,9.06,12.32,33.55,,insufficient_data,0,,,,,{},insufficient_data,insufficient_data,,,,,False,False,,0.0
stock,Narmada Agrobase,NARMADA.NS,Animal Feed,Fast Moving Consumer Goods,91.73,0.0,0.75,-26.47,22.26,100.9,25.55,8.95,,not_stage_2,0,12.3,16.47,-2.48,0.00055,"{'price_above_30w_ma': False, '30w_ma_rising': False, 'price_above_10w_ma': False, 'relative_strength_positive': False, 'near_52w_high': False}",lagging,lagging,98.82,96.89,-0.45,0.39,False,False,2026-09-28 ratio=99.27 momentum=96.49; 2026-09-29 ratio=99.08 momentum=96.82; 2026-09-30 ratio=99.11 momentum=97.82; 2026-10-01 ratio=98.88 momentum=96.01; 2026-10-05 ratio=98.82 momentum=96.89,0.0
stock,Ajooni Biotech,AJOONI.NS,Animal Feed,Fast Moving Consumer Goods,53.05,0.0,0.43,-44.87,63.49,103.04,13.4,6.11,,not_stage_2,0,3.02,3.86,-4.49,0.00013,"{'price_above_30w_ma': False, '30w_ma_rising': False, 'price_above_10w_ma': False, 'relative_strength_positive': False, 'near_52w_high': False}",improving,lagging,98.1,100.53,-0.18,1.46,False,False,2026-09-28 ratio=98.27 momentum=99.07; 2026-09-29 ratio=98.37 momentum=99.03; 2026-09-30 ratio=98.41 momentum=101.91; 2026-10-01 ratio=98.46 momentum=102.26; 2026-10-05 ratio=98.10 momentum=100.53,2.65
stock,ICICI AMC,ICICIAMC.NS,Asset Management Company,Financial Services,151962.91,0.89,964.63,23.1,1564.22,17.55,43.6,115.1,,not_stage_2,3,3061.2,3177.44,0.55,0.13572,"{'price_above_30w_ma': False, '30w_ma_rising': True, 'price_above_10w_ma': False, 'relative_strength_positive': True, 'near_52w_high': True}",weakening,leading,101.02,97.04,-1.56,-7.68,False,False,2026-09-28 ratio=102.58 momentum=104.72; 2026-09-29 ratio=102.60 momentum=103.05; 2026-09-30 ratio=101.72 momentum=101.20; 2026-10-01 ratio=101.43 momentum=100.44; 2026-10-05 ratio=101.02 momentum=97.04,66.2
stock,SBI Funds Mgt.,SBIFUNDS.NS,Asset Management Company,Financial Services,102411.54,0.0,880.26,3.7,1152.73,15.16,33.05,56.5,,insufficient_data,0,,,,,{},insufficient_data,insufficient_data,,,,,False,False,,0.0
stock,HDFC AMC,HDFCAMC.NS,Asset Management Company,Financial Services,100592.2,2.3,838.36,12.09,1098.5,13.51,34.1,42.88,,not_stage_2,2,2346.0,2568.7,-1.08,0.10401,"{'price_above_30w_ma': False, '30w_ma_rising': False, 'price_above_10w_ma': False, 'relative_strength_positive': True, 'near_52w_high': True}",improving,lagging,99.81,100.59,1.55,2.19,False,True,2026-09-28 ratio=98.27 momentum=98.40; 2026-09-29 ratio=97.09 momentum=96.88; 2026-09-30 ratio=98.43 momentum=99.53; 2026-10-01 ratio=99.35 momentum=100.56; 2026-10-05 ratio=99.81 momentum=100.59,42.95
stock,Nippon Life Ind.,NAM-INDIA.NS,Asset Management Company,Financial Services,68961.99,2.0,503.7,27.16,766.87,26.42,42.13,43.8,,not_stage_2,2,1061.0,1094.07,2.65,0.04704,"{'price_above_30w_ma': False, '30w_ma_rising': True, 'price_above_10w_ma': False, 'relative_strength_positive': False, 'near_52w_high': True}",lagging,lagging,98.5,98.11,-0.7,1.92,False,False,2026-09-28 ratio=99.20 momentum=96.19; 2026-09-29 ratio=98.43 momentum=97.05; 2026-09-30 ratio=98.70 momentum=99.05; 2026-10-01 ratio=98.24 momentum=98.95; 2026-10-05 ratio=98.50 momentum=98.11,45.3
stock,Aditya AMC,ABSLAMC.NS,Asset Management Company,Financial Services,29232.39,2.53,309.49,11.68,462.96,3.48,28.96,32.23,,not_stage_2,3,1028.55,1047.62,1.38,0.0456,"{'price_above_30w_ma': False, '30w_ma_rising': True, 'price_above_10w_ma': False, 'relative_strength_positive': True, 'near_52w_high': True}",leading,weakening,101.52,101.32,1.3,5.15,True,False,2026-09-28 ratio=100.22 momentum=96.17; 2026-09-29 ratio=99.50 momentum=97.80; 2026-09-30 ratio=100.66 momentum=99.46; 2026-10-01 ratio=100.76 momentum=98.11; 2026-10-05 ratio=101.52 momentum=101.32,106.96
stock,UTI AMC,UTIAMC.NS,Asset Management Company,Financial Services,11406.7,4.5,293.86,24.07,583.51,6.7,21.36,15.57,,not_stage_2,1,890.3,930.74,-1.43,0.03947,"{'price_above_30w_ma': False, '30w_ma_rising': False, 'price_above_10w_ma': False, 'relative_strength_positive': True, 'near_52w_high': False}",leading,leading,101.72,105.22,-0.0,3.12,False,False,2026-09-28 ratio=101.73 momentum=102.09; 2026-09-29 ratio=101.07 momentum=100.09; 2026-09-30 ratio=101.42 momentum=102.04; 2026-10-01 ratio=101.75 momentum=102.93; 2026-10-05 ratio=101.72 momentum=105.22,74.7
stock,Canara Robeco,CRAMC.NS,Asset Management Company,Financial Services,4482.06,1.78,75.6,23.98,145.37,20.07,20.52,40.11,,not_stage_2,0,220.23,248.97,-0.98,0.00976,"{'price_above_30w_ma': False, '30w_ma_rising': False, 'price_above_10w_ma': False, 'relative_strength_positive': False, 'near_52w_high': False}",improving,improving,98.27,100.95,-0.03,0.78,False,False,2026-09-28 ratio=98.30 momentum=100.17; 2026-09-29 ratio=98.25 momentum=101.43; 2026-09-30 ratio=98.56 momentum=104.43; 2026-10-01 ratio=97.92 momentum=99.79; 2026-10-05 ratio=98.27 momentum=100.95,4.75
stock,Gaja Alternative Asset,GAJA.NS,Asset Management Company,Financial Services,2001.5,0.53,27.21,35.66,15.64,-49.15,23.19,17.02,,insufficient_data,0,,,,,{},insufficient_data,insufficient_data,,,,,False,False,,0.0
stock,IL&FS Inv.Manag.,IVC.NS,Asset Management Company,Financial Services,250.59,15.0,1.21,23.86,8.17,40.86,61.57,4.11,,not_stage_2,2,7.85,8.0,1.01,0.00035,"{'price_above_30w_ma': False, '30w_ma_rising': True, 'price_above_10w_ma': False, 'relative_strength_positive': False, 'near_52w_high': True}",improving,lagging,99.8,101.76,0.17,15.04,False,True,2026-09-28 ratio=99.63 momentum=86.72; 2026-09-29 ratio=99.47 momentum=98.86; 2026-09-30 ratio=99.70 momentum=102.96; 2026-10-01 ratio=99.81 momentum=102.29; 2026-10-05 ratio=99.80 momentum=101.76,50.82
stock,Samvardh. Mothe.,MOTHERSON.NS,Auto Components & Equipments,Automobile and Auto Components,167798.89,0.38,1075.66,81.52,35243.77,16.65,36.72,13.43,,not_stage_2,3,156.5,143.96,3.41,0.00694,"{'price_above_30w_ma': True, '30w_ma_rising': True, 'price_above_10w_ma': False, 'relative_strength_positive': False, 'near_52w_high': True}",weakening,weakening,100.46,98.2,-0.65,-1.37,False,False,2026-09-28 ratio=101.12 momentum=99.57; 2026-09-29 ratio=100.70 momentum=99.77; 2026-09-30 ratio=101.32 momentum=103.61; 2026-10-01 ratio=100.69 momentum=98.78; 2026-10-05 ratio=100.46 momentum=98.20,69.12
stock,Bosch,BOSCHLTD.NS,Auto Components & Equipments,Automobile and Auto Components,133355.33,0.6,706.1,5.2,5841.9,22.0,56.43,21.54,,stage_2,4,44960.0,40678.67,4.32,1.99328,"{'price_above_30w_ma': True, '30w_ma_rising': True, 'price_above_10w_ma': False, 'relative_strength_positive': True, 'near_52w_high': True}",weakening,weakening,100.37,97.93,-0.63,2.25,False,False,2026-09-28 ratio=100.99 momentum=95.68; 2026-09-29 ratio=100.61 momentum=96.68; 2026-09-30 ratio=101.06 momentum=98.95; 2026-10-01 ratio=100.65 momentum=97.08; 2026-10-05 ratio=100.37 momentum=97.93,115.49
stock,Bharat Forge,BHARATFORG.NS,Auto Components & Equipments,Automobile and Auto Components,91985.5,0.45,-89.89,-57.72,4639.94,18.71,91.1,12.61,,not_stage_2,2,1833.0,1970.03,0.66,0.08127,"{'price_above_30w_ma': False, '30w_ma_rising': True, 'price_above_10w_ma': False, 'relative_strength_positive': False, 'near_52w_high': True}",lagging,improving,98.38,98.42,-1.51,-3.28,False,False,2026-09-28 ratio=99.88 momentum=101.70; 2026-09-29 ratio=99.77 momentum=102.75; 2026-09-30 ratio=99.69 momentum=103.43; 2026-10-01 ratio=99.18 momentum=101.60; 2026-10-05 ratio=98.38 momentum=98.42,41.32
stock,Uno Minda,UNOMINDA.NS,Auto Components & Equipments,Automobile and Auto Components,64794.03,0.24,315.51,1.76,5556.85,23.79,53.01,19.65,,not_stage_2,2,1101.0,1147.16,0.57,0.04881,"{'price_above_30w_ma': False, '30w_ma_rising': True, 'price_above_10w_ma': False, 'relative_strength_positive': False, 'near_52w_high': True}",lagging,weakening,98.4,95.62,-1.77,-3.76,False,False,2026-09-28 ratio=100.17 momentum=99.38; 2026-09-29 ratio=99.96 momentum=100.02; 2026-09-30 ratio=100.23 momentum=99.81; 2026-10-01 ratio=98.92 momentum=97.78; 2026-10-05 ratio=98.40 momentum=95.62,41.14
stock,Schaeffler India,SCHAEFFLER.NS,Auto Components & Equipments,Automobile and Auto Components,59668.99,0.92,336.73,13.67,2681.41,17.5,46.22,27.9,,not_stage_2,2,3845.0,4062.83,-0.37,0.17047,"{'price_above_30w_ma': False, '30w_ma_rising': False, 'price_above_10w_ma': False, 'relative_strength_positive': True, 'near_52w_high': True}",weakening,leading,100.41,92.36,-0.83,-8.76,False,False,2026-09-28 ratio=101.24 momentum=101.13; 2026-09-29 ratio=100.94 momentum=100.64; 2026-09-30 ratio=100.87 momentum=101.33; 2026-10-01 ratio=101.16 momentum=100.07; 2026-10-05 ratio=100.41 momentum=92.36,42.05
stock,Sona BLW Precis.,SONACOMS.NS,Auto Components & Equipments,Automobile and Auto Components,51339.58,0.41,220.11,73.37,1157.24,50.82,66.03,15.11,,stage_2,4,797.0,672.31,6.14,0.03533,"{'price_above_30w_ma': True, '30w_ma_rising': True, 'price_above_10w_ma': False, 'relative_strength_positive': True, 'near_52w_high': True}",leading,leading,101.25,100.02,-0.34,-1.7,False,False,2026-09-28 ratio=101.58 momentum=101.72; 2026-09-29 ratio=101.81 momentum=101.69; 2026-09-30 ratio=102.19 momentum=103.83; 2026-10-01 ratio=101.64 momentum=102.75; 2026-10-05 ratio=101.25 momentum=100.02,143.63
stock,Tube Investments,TIINDIA.NS,Auto Components & Equipments,Automobile and Auto Components,47782.25,0.14,293.96,-15.25,6215.33,17.07,76.24,17.14,,not_stage_2,0,2320.0,2814.5,-0.88,0.10286,"{'price_above_30w_ma': False, '30w_ma_rising': False, 'price_above_10w_ma': False, 'relative_strength_positive': False, 'near_52w_high': False}",lagging,lagging,97.58,96.99,-0.68,-1.64,False,False,2026-09-28 ratio=98.26 momentum=98.63; 2026-09-29 ratio=97.94 momentum=99.37; 2026-09-30 ratio=97.77 momentum=97.88; 2026-10-01 ratio=97.75 momentum=97.11; 2026-10-05 ratio=97.58 momentum=96.99,0.0
stock,Endurance Tech.,ENDURANCE.NS,Auto Components & Equipments,Automobile and Auto Components,35408.29,0.46,244.52,8.03,4314.89,30.01,35.96,17.8,,not_stage_2,2,2526.5,2611.87,0.67,0.11201,"{'price_above_30w_ma': False, '30w_ma_rising': True, 'price_above_10w_ma': False, 'relative_strength_positive': False, 'near_52w_high': True}",lagging,leading,98.51,97.03,-1.76,-4.54,False,False,2026-09-28 ratio=100.26 momentum=101.57; 2026-09-29 ratio=99.81 momentum=101.73; 2026-09-30 ratio=99.94 momentum=102.28; 2026-10-01 ratio=99.55 momentum=99.68; 2026-10-05 ratio=98.51 momentum=97.03,41.34
stock,Exide Inds.,EXIDEIND.NS,Auto Components & Equipments,Automobile and Auto Components,34493.01,0.49,351.3,28.38,5528.38,17.75,36.76,8.54,,not_stage_2,3,405.25,393.69,3.42,0.01797,"{'price_above_30w_ma': True, '30w_ma_rising': True, 'price_above_10w_ma': False, 'relative_strength_positive': False, 'near_52w_high': True}",lagging,improving,99.25,96.54,-0.12,-4.17,False,False,2026-09-28 ratio=99.37 momentum=100.71; 2026-09-29 ratio=99.15 momentum=99.99; 2026-09-30 ratio=99.62 momentum=100.73; 2026-10-01 ratio=99.67 momentum=100.56; 2026-10-05 ratio=99.25 momentum=96.54,66.84
stock,Dhoot Transmission,DHOOTTRANS.NS,Auto Components & Equipments,Automobile and Auto Components,30243.85,0.0,132.68,36.89,1446.42,49.68,67.52,24.36,,insufficient_data,0,,,,,{},insufficient_data,insufficient_data,,,,,False,False,,0.0
stock,United Spirits,UNITDSPR.NS,Breweries & Distilleries,Fast Moving Consumer Goods,98698.54,1.25,463.0,-20.54,2708.0,-10.36,53.26,26.39,,not_stage_2,3,1369.0,1368.66,0.08,0.06069,"{'price_above_30w_ma': True, '30w_ma_rising': True, 'price_above_10w_ma': False, 'relative_strength_positive': False, 'near_52w_high': True}",improving,leading,99.31,100.62,-1.06,-1.47,False,False,2026-09-28 ratio=100.36 momentum=102.09; 2026-09-29 ratio=98.99 momentum=99.51; 2026-09-30 ratio=98.80 momentum=98.78; 2026-10-01 ratio=98.54 momentum=98.61; 2026-10-05 ratio=99.31 momentum=100.62,63.26
stock,Radico Khaitan,RADICO.NS,Breweries & Distilleries,Fast Moving Consumer Goods,59887.52,0.2,229.6,69.15,1683.69,11.8,84.26,24.15,,stage_2,4,4289.1,3819.06,6.21,0.19016,"{'price_above_30w_ma': True, '30w_ma_rising': True, 'price_above_10w_ma': False, 'relative_strength_positive': True, 'near_52w_high': True}",weakening,leading,100.35,97.8,-1.02,-5.03,False,False,2026-09-28 ratio=101.37 momentum=102.83; 2026-09-29 ratio=100.74 momentum=100.04; 2026-09-30 ratio=100.85 momentum=99.13; 2026-10-01 ratio=100.20 momentum=98.90; 2026-10-05 ratio=100.35 momentum=97.80,119.17
stock,United Breweries,UBL.NS,Breweries & Distilleries,Fast Moving Consumer Goods,31166.71,0.85,166.28,-9.54,3066.86,7.07,90.17,10.68,,not_stage_2,0,1183.3,1365.63,-4.06,0.05246,"{'price_above_30w_ma': False, '30w_ma_rising': False, 'price_above_10w_ma': False, 'relative_strength_positive': False, 'near_52w_high': False}",lagging,improving,98.7,99.86,-0.23,-0.91,False,False,2026-09-28 ratio=98.93 momentum=100.77; 2026-09-29 ratio=98.89 momentum=100.54; 2026-09-30 ratio=98.06 momentum=99.64; 2026-10-01 ratio=98.91 momentum=101.84; 2026-10-05 ratio=98.70 momentum=99.86,0.0
stock,Allied Blenders,ABDL.NS,Breweries & Distilleries,Fast Moving Consumer Goods,19996.66,0.76,45.42,-12.98,978.94,6.08,89.65,18.38,,stage_2,5,696.75,588.94,5.03,0.03089,"{'price_above_30w_ma': True, '30w_ma_rising': True, 'price_above_10w_ma': True, 'relative_strength_positive': True, 'near_52w_high': True}",weakening,leading,102.06,99.42,-1.44,-3.74,False,False,2026-09-28 ratio=103.50 momentum=103.16; 2026-09-29 ratio=102.98 momentum=101.84; 2026-09-30 ratio=102.80 momentum=100.35; 2026-10-01 ratio=101.91 momentum=98.59; 2026-10-05 ratio=102.06 momentum=99.42,145.36
stock,Tilaknagar Inds.,TI.NS,Breweries & Distilleries,Fast Moving Consumer Goods,13568.54,0.18,31.59,-30.28,1046.03,155.67,60.03,11.45,,stage_2,4,540.35,478.54,3.14,0.02396,"{'price_above_30w_ma': True, '30w_ma_rising': True, 'price_above_10w_ma': False, 'relative_strength_positive': True, 'near_52w_high': True}",weakening,leading,100.74,98.08,-0.45,-3.33,False,False,2026-09-28 ratio=101.18 momentum=101.42; 2026-09-29 ratio=100.96 momentum=101.42; 2026-09-30 ratio=100.77 momentum=100.04; 2026-10-01 ratio=100.88 momentum=99.52; 2026-10-05 ratio=100.74 momentum=98.08,114.98
stock,Piccadily Agro,PICCADIL.NS,Breweries & Distilleries,Fast Moving Consumer Goods,5854.67,0.17,21.44,16.33,251.18,17.42,41.66,18.01,,not_stage_2,2,588.45,617.47,0.79,0.02609,"{'price_above_30w_ma': False, '30w_ma_rising': True, 'price_above_10w_ma': False, 'relative_strength_positive': False, 'near_52w_high': True}",improving,improving,99.21,103.56,0.01,1.47,False,True,2026-09-28 ratio=99.20 momentum=102.09; 2026-09-29 ratio=99.31 momentum=102.94; 2026-09-30 ratio=99.18 momentum=102.23; 2026-10-01 ratio=99.09 momentum=101.49; 2026-10-05 ratio=99.21 momentum=103.56,59.38
stock,Globus Spirits,GLOBUSSPR.NS,Breweries & Distilleries,Fast Moving Consumer Goods,2555.56,0.8,26.48,49.05,788.78,12.71,25.42,11.25,,not_stage_2,0,789.85,896.07,-1.14,0.03502,"{'price_above_30w_ma': False, '30w_ma_rising': False, 'price_above_10w_ma': False, 'relative_strength_positive': False, 'near_52w_high': False}",improving,improving,98.5,100.34,-0.75,-0.89,False,False,2026-09-28 ratio=99.24 momentum=101.22; 2026-09-29 ratio=98.71 momentum=100.56; 2026-09-30 ratio=98.11 momentum=97.53; 2026-10-01 ratio=98.52 momentum=99.38; 2026-10-05 ratio=98.50 momentum=100.34,1.7
stock,G M Breweries,GMBREW.NS,Breweries & Distilleries,Fast Moving Consumer Goods,2240.19,0.92,37.74,45.94,199.58,22.55,13.28,17.96,,not_stage_2,3,947.9,939.07,-0.5,0.04202,"{'price_above_30w_ma': True, '30w_ma_rising': False, 'price_above_10w_ma': True, 'relative_strength_positive': True, 'near_52w_high': False}",weakening,leading,101.75,96.07,-0.82,-6.97,False,False,2026-09-28 ratio=102.57 momentum=103.03; 2026-09-29 ratio=102.35 momentum=102.65; 2026-09-30 ratio=102.35 momentum=103.74; 2026-10-01 ratio=102.06 momentum=98.29; 2026-10-05 ratio=101.75 momentum=96.07,68.75
stock,India Glycols,INDIAGLYCO.NS,Breweries & Distilleries,Fast Moving Consumer Goods,2138.88,2.35,96.83,32.19,1130.39,8.64,6.75,12.4,,not_stage_2,0,303.35,881.37,-8.43,0.01345,"{'price_above_30w_ma': False, '30w_ma_rising': False, 'price_above_10w_ma': False, 'relative_strength_positive': False, 'near_52w_high': False}",improving,improving,98.96,103.32,0.21,0.0,False,True,2026-09-28 ratio=98.75 momentum=103.32; 2026-09-29 ratio=98.82 momentum=103.25; 2026-09-30 ratio=98.88 momentum=103.29; 2026-10-01 ratio=98.91 momentum=103.47; 2026-10-05 ratio=98.96 momentum=103.32,16.6
stock,Som Distilleries,SDBL.NS,Breweries & Distilleries,Fast Moving Consumer Goods,1535.32,0.0,1.56,-98.91,268.63,-49.16,,5.67,,not_stage_2,2,73.21,76.06,-1.11,0.00325,"{'price_above_30w_ma': False, '30w_ma_rising': False, 'price_above_10w_ma': True, 'relative_strength_positive': True, 'near_52w_high': False}",leading,leading,101.43,100.97,-3.54,-1.58,False,False,2026-09-28 ratio=104.97 momentum=102.55; 2026-09-29 ratio=103.76 momentum=101.86; 2026-09-30 ratio=103.12 momentum=101.72; 2026-10-01 ratio=102.15 momentum=101.25; 2026-10-05 ratio=101.43 momentum=100.97,72.0
stock,Firstsour.Solu.,FSL.NS,Business Process Outsourcing (BPO)/ Knowledge Process Outsourcing (KPO),Services,18411.13,2.11,165.92,30.01,2724.87,22.87,23.06,16.8,,not_stage_2,3,257.4,251.48,1.89,0.01141,"{'price_above_30w_ma': True, '30w_ma_rising': True, 'price_above_10w_ma': False, 'relative_strength_positive': True, 'near_52w_high': False}",lagging,improving,99.97,97.92,0.23,-3.25,False,False,2026-09-28 ratio=99.75 momentum=101.17; 2026-09-29 ratio=99.32 momentum=95.49; 2026-09-30 ratio=99.84 momentum=97.04; 2026-10-01 ratio=99.62 momentum=97.09; 2026-10-05 ratio=99.97 momentum=97.92,63.78
stock,eClerx Services,ECLERX.NS,Business Process Outsourcing (BPO)/ Knowledge Process Outsourcing (KPO),Services,18013.72,0.05,164.24,15.99,1152.36,23.31,24.71,34.42,,stage_2,5,1884.3,1659.45,2.16,0.08354,"{'price_above_30w_ma': True, '30w_ma_rising': True, 'price_above_10w_ma': True, 'relative_strength_positive': True, 'near_52w_high': True}",leading,weakening,101.36,100.58,1.14,2.63,True,False,2026-09-28 ratio=100.23 momentum=97.95; 2026-09-29 ratio=99.66 momentum=97.40; 2026-09-30 ratio=100.45 momentum=97.81; 2026-10-01 ratio=100.44 momentum=98.47; 2026-10-05 ratio=101.36 momentum=100.58,169.02
stock,RPSG Ventures,RPSGVENT.NS,Business Process Outsourcing (BPO)/ Knowledge Process Outsourcing (KPO),Services,2755.11,0.0,253.09,34.95,3576.44,20.36,,10.61,,not_stage_2,3,833.9,881.58,2.8,0.03697,"{'price_above_30w_ma': False, '30w_ma_rising': True, 'price_above_10w_ma': False, 'relative_strength_positive': True, 'near_52w_high': True}",leading,leading,100.45,101.97,0.07,-1.56,False,False,2026-09-28 ratio=100.38 momentum=103.53; 2026-09-29 ratio=100.18 momentum=102.21; 2026-09-30 ratio=100.96 momentum=104.16; 2026-10-01 ratio=100.47 momentum=102.68; 2026-10-05 ratio=100.45 momentum=101.97,97.7
stock,One Point One,ONEPOINT.NS,Business Process Outsourcing (BPO)/ Knowledge Process Outsourcing (KPO),Services,2065.62,0.0,16.31,72.78,158.32,129.42,44.86,9.59,,stage_2,5,78.33,57.69,5.85,0.00347,"{'price_above_30w_ma': True, '30w_ma_rising': True, 'price_above_10w_ma': True, 'relative_strength_positive': True, 'near_52w_high': True}",leading,leading,103.21,101.08,-0.03,-1.1,False,False,2026-09-28 ratio=103.24 momentum=102.19; 2026-09-29 ratio=103.28 momentum=101.77; 2026-09-30 ratio=103.23 momentum=103.35; 2026-10-01 ratio=103.10 momentum=100.61; 2026-10-05 ratio=103.21 momentum=101.08,178.15
stock,Hinduja Global,HGS.NS,Business Process Outsourcing (BPO)/ Knowledge Process Outsourcing (KPO),Services,1678.49,1.38,-66.26,-45.26,1050.36,-0.56,,1.46,,not_stage_2,1,364.95,403.35,0.02,0.01618,"{'price_above_30w_ma': False, '30w_ma_rising': True, 'price_above_10w_ma': False, 'relative_strength_positive': False, 'near_52w_high': False}",improving,improving,98.78,100.43,-0.25,-1.09,False,False,2026-09-28 ratio=99.02 momentum=101.51; 2026-09-29 ratio=98.61 momentum=98.21; 2026-09-30 ratio=99.13 momentum=99.43; 2026-10-01 ratio=99.18 momentum=99.75; 2026-10-05 ratio=98.78 momentum=100.43,22.19
stock,Alldigi Tech,ALLDIGI.NS,Business Process Outsourcing (BPO)/ Knowledge Process Outsourcing (KPO),Services,1170.3,7.81,18.12,21.69,150.28,4.43,12.7,27.89,,not_stage_2,1,750.9,803.46,-0.63,0.03329,"{'price_above_30w_ma': False, '30w_ma_rising': False, 'price_above_10w_ma': False, 'relative_strength_positive': False, 'near_52w_high': True}",improving,weakening,99.4,100.4,-0.86,0.49,False,False,2026-09-28 ratio=100.25 momentum=99.91; 2026-09-29 ratio=100.37 momentum=98.70; 2026-09-30 ratio=100.10 momentum=99.38; 2026-10-01 ratio=99.92 momentum=100.30; 2026-10-05 ratio=99.40 momentum=100.40,22.0
stock,Kandarp Digi,KANDARP.NS,Business Process Outsourcing (BPO)/ Knowledge Process Outsourcing (KPO),Services,52.94,0.0,1.13,-15.67,16.35,4.01,28.62,11.23,,not_stage_2,0,57.0,112.67,-9.4,0.00253,"{'price_above_30w_ma': False, '30w_ma_rising': False, 'price_above_10w_ma': False, 'relative_strength_positive': False, 'near_52w_high': False}",improving,improving,97.72,100.38,-0.51,-2.38,False,False,2026-09-28 ratio=98.22 momentum=102.76; 2026-09-29 ratio=98.02 momentum=102.98; 2026-09-30 ratio=97.87 momentum=101.94; 2026-10-01 ratio=97.80 momentum=101.23; 2026-10-05 ratio=97.72 momentum=100.38,1.9
stock,We Win Ltd,WEWIN.NS,Business Process Outsourcing (BPO)/ Knowledge Process Outsourcing (KPO),Services,52.18,0.0,0.91,-15.74,30.77,51.65,11.62,10.9,,stage_2,4,51.0,49.81,1.71,0.00226,"{'price_above_30w_ma': True, '30w_ma_rising': True, 'price_above_10w_ma': True, 'relative_strength_positive': True, 'near_52w_high': False}",leading,leading,102.78,102.14,-0.26,-0.02,False,False,2026-09-28 ratio=103.04 momentum=102.16; 2026-09-29 ratio=102.60 momentum=102.44; 2026-09-30 ratio=103.44 momentum=102.60; 2026-10-01 ratio=103.42 momentum=102.29; 2026-10-05 ratio=102.78 momentum=102.14,153.02
stock,Cadsys (India),CADSYS.NS,Business Process Outsourcing (BPO)/ Knowledge Process Outsourcing (KPO),Services,37.96,0.0,-8.6,110.64,47.31,16.3,,-13.98,,not_stage_2,0,37.95,56.94,-1.32,0.00168,"{'price_above_30w_ma': False, '30w_ma_rising': False, 'price_above_10w_ma': False, 'relative_strength_positive': False, 'near_52w_high': False}",lagging,improving,97.97,97.34,-1.03,-5.08,False,False,2026-09-28 ratio=99.00 momentum=102.42; 2026-09-29 ratio=98.57 momentum=98.88; 2026-09-30 ratio=98.28 momentum=97.29; 2026-10-01 ratio=98.41 momentum=97.95; 2026-10-05 ratio=97.97 momentum=97.34,0.0
stock,HRH Next,HRHNEXT.NS,Business Process Outsourcing (BPO)/ Knowledge Process Outsourcing (KPO),Services,30.63,0.0,2.78,152.73,35.92,24.68,6.3,15.84,,not_stage_2,1,24.0,26.96,0.14,0.00106,"{'price_above_30w_ma': False, '30w_ma_rising': True, 'price_above_10w_ma': False, 'relative_strength_positive': False, 'near_52w_high': False}",lagging,improving,99.78,98.27,0.95,-2.24,False,False,2026-09-28 ratio=98.83 momentum=100.52; 2026-09-29 ratio=99.72 momentum=100.66; 2026-09-30 ratio=100.43 momentum=101.69; 2026-10-01 ratio=99.87 momentum=99.70; 2026-10-05 ratio=99.78 momentum=98.27,20.28
stock,Polycab India,POLYCAB.NS,Cables - Electricals,Capital Goods,122772.42,0.58,796.66,32.46,8209.73,39.01,42.86,33.21,,not_stage_2,2,8080.0,8686.0,0.25,0.35822,"{'price_above_30w_ma': False, '30w_ma_rising': True, 'price_above_10w_ma': False, 'relative_strength_positive': False, 'near_52w_high': True}",improving,improving,99.15,100.78,0.02,-1.56,False,False,2026-09-28 ratio=99.13 momentum=102.34; 2026-09-29 ratio=98.89 momentum=101.92; 2026-09-30 ratio=98.76 momentum=102.56; 2026-10-01 ratio=98.94 momentum=102.84; 2026-10-05 ratio=99.15 momentum=100.78,44.4
stock,KEI Industries,KEI.NS,Cables - Electricals,Capital Goods,43693.37,0.1,274.14,40.05,3185.34,22.97,43.83,20.05,,not_stage_2,1,4638.2,4972.13,-0.3,0.20563,"{'price_above_30w_ma': False, '30w_ma_rising': False, 'price_above_10w_ma': False, 'relative_strength_positive': False, 'near_52w_high': True}",improving,improving,99.5,102.73,0.51,0.75,False,True,2026-09-28 ratio=98.99 momentum=101.98; 2026-09-29 ratio=98.89 momentum=101.86; 2026-09-30 ratio=98.95 momentum=102.60; 2026-10-01 ratio=99.20 momentum=103.29; 2026-10-05 ratio=99.50 momentum=102.73,33.65
stock,R R Kabel,RRKABEL.NS,Cables - Electricals,Capital Goods,31567.35,0.34,205.2,117.32,3168.2,53.9,51.62,28.1,,stage_2,5,2648.0,2179.28,6.98,0.1174,"{'price_above_30w_ma': True, '30w_ma_rising': True, 'price_above_10w_ma': True, 'relative_strength_positive': True, 'near_52w_high': True}",leading,improving,101.19,103.19,1.38,2.44,True,False,2026-09-28 ratio=99.81 momentum=100.75; 2026-09-29 ratio=100.24 momentum=102.41; 2026-09-30 ratio=100.25 momentum=102.31; 2026-10-01 ratio=100.38 momentum=102.98; 2026-10-05 ratio=101.19 momentum=103.19,190.86
stock,Finolex Cables,FINCABLES.NS,Cables - Electricals,Capital Goods,22553.25,0.61,249.04,53.14,2013.15,44.26,28.19,16.01,,stage_2,5,1467.3,1113.28,7.28,0.06505,"{'price_above_30w_ma': True, '30w_ma_rising': True, 'price_above_10w_ma': True, 'relative_strength_positive': True, 'near_52w_high': True}",weakening,weakening,101.54,98.7,0.14,4.39,False,False,2026-09-28 ratio=101.40 momentum=94.32; 2026-09-29 ratio=101.51 momentum=99.20; 2026-09-30 ratio=101.56 momentum=99.35; 2026-10-01 ratio=101.60 momentum=98.96; 2026-10-05 ratio=101.54 momentum=98.70,147.26
stock,KSH Internationa,KSHINTL.NS,Cables - Electricals,Capital Goods,7014.39,0.0,42.22,86.16,1164.24,108.38,53.59,21.46,,stage_2,5,1036.7,816.1,12.14,0.04596,"{'price_above_30w_ma': True, '30w_ma_rising': True, 'price_above_10w_ma': True, 'relative_strength_positive': True, 'near_52w_high': True}",weakening,weakening,101.0,99.33,0.49,7.13,False,False,2026-09-28 ratio=100.51 momentum=92.21; 2026-09-29 ratio=100.95 momentum=97.58; 2026-09-30 ratio=100.69 momentum=96.15; 2026-10-01 ratio=101.02 momentum=99.07; 2026-10-05 ratio=101.00 momentum=99.33,154.28
stock,Universal Cables,UNIVCABLES.NS,Cables - Electricals,Capital Goods,5723.28,0.27,70.14,108.75,945.06,57.46,28.61,11.68,,stage_2,4,1520.2,1195.14,10.08,0.0674,"{'price_above_30w_ma': True, '30w_ma_rising': True, 'price_above_10w_ma': False, 'relative_strength_positive': True, 'near_52w_high': True}",leading,weakening,100.71,102.01,0.71,5.21,True,False,2026-09-28 ratio=100.00 momentum=96.80; 2026-09-29 ratio=100.29 momentum=100.75; 2026-09-30 ratio=100.10 momentum=100.38; 2026-10-01 ratio=100.23 momentum=100.40; 2026-10-05 ratio=100.71 momentum=102.01,168.76
stock,V-Marc India,VMARCIND.NS,Cables - Electricals,Capital Goods,4733.46,0.0,28.55,163.62,555.51,102.42,40.46,41.37,,not_stage_2,0,321.65,697.72,-6.69,0.01426,"{'price_above_30w_ma': False, '30w_ma_rising': False, 'price_above_10w_ma': False, 'relative_strength_positive': False, 'near_52w_high': False}",weakening,lagging,100.14,96.93,0.27,1.53,False,False,2026-09-28 ratio=99.88 momentum=95.39; 2026-09-29 ratio=100.03 momentum=98.04; 2026-09-30 ratio=100.55 momentum=100.20; 2026-10-01 ratio=100.32 momentum=98.50; 2026-10-05 ratio=100.14 momentum=96.93,0.7
stock,Laser Power,LASERPOWER.NS,Cables - Electricals,Capital Goods,3913.47,0.0,20.73,3.75,521.55,14.84,35.63,20.51,,insufficient_data,0,,,,,{},insufficient_data,insufficient_data,,,,,False,False,,0.0
stock,Lumino Inds,LUMINO.NS,Cables - Electricals,Capital Goods,3098.91,0.0,40.3,32.87,521.43,19.29,18.26,26.59,,insufficient_data,0,,,,,{},insufficient_data,insufficient_data,,,,,False,False,,0.0
stock,Quadrant Future,QUADFUTURE.NS,Cables - Electricals,Capital Goods,2185.47,0.0,-9.13,32.37,40.59,41.28,,-15.48,,stage_2,5,529.25,380.79,9.19,0.02346,"{'price_above_30w_ma': True, '30w_ma_rising': True, 'price_above_10w_ma': True, 'relative_strength_positive': True, 'near_52w_high': True}",weakening,weakening,101.62,95.98,-0.41,-2.78,False,False,2026-09-28 ratio=102.03 momentum=98.76; 2026-09-29 ratio=102.06 momentum=98.45; 2026-09-30 ratio=102.03 momentum=98.53; 2026-10-01 ratio=101.77 momentum=96.32; 2026-10-05 ratio=101.62 momentum=95.98,151.48
stock,Godfrey Phillips,GODFRYPHLP.NS,Cigarettes & Tobacco Products,Fast Moving Consumer Goods,29652.34,2.63,198.39,-44.32,1205.51,-18.89,21.68,30.25,,not_stage_2,0,1876.0,2132.78,-1.48,0.08317,"{'price_above_30w_ma': False, '30w_ma_rising': False, 'price_above_10w_ma': False, 'relative_strength_positive': False, 'near_52w_high': False}",lagging,improving,98.82,97.53,-0.34,-5.33,False,False,2026-09-28 ratio=99.16 momentum=102.86; 2026-09-29 ratio=98.30 momentum=100.20; 2026-09-30 ratio=98.89 momentum=101.15; 2026-10-01 ratio=98.57 momentum=99.97; 2026-10-05 ratio=98.82 momentum=97.53,0.0
stock,VST Industries,VSTIND.NS,Cigarettes & Tobacco Products,Fast Moving Consumer Goods,3441.55,5.92,42.42,-24.43,256.46,-13.91,12.36,28.13,,not_stage_2,1,200.92,233.69,-1.33,0.00891,"{'price_above_30w_ma': False, '30w_ma_rising': False, 'price_above_10w_ma': False, 'relative_strength_positive': True, 'near_52w_high': False}",leading,leading,100.06,101.21,0.03,-1.99,False,False,2026-09-28 ratio=100.03 momentum=103.20; 2026-09-29 ratio=100.00 momentum=102.39; 2026-09-30 ratio=100.23 momentum=103.66; 2026-10-01 ratio=100.26 momentum=103.39; 2026-10-05 ratio=100.06 momentum=101.21,46.35
stock,Elitecon Inter.,ELITECON.NS,Cigarettes & Tobacco Products,Fast Moving Consumer Goods,1157.32,0.69,-85.05,-269.56,1880.69,500.55,7.14,46.33,,insufficient_data,0,,,,,{},insufficient_data,insufficient_data,,,,,False,False,,0.0
stock,NTC Industries,NTCIND.NS,Cigarettes & Tobacco Products,Fast Moving Consumer Goods,194.18,0.0,6.12,7.94,25.23,-10.25,9.7,11.14,,insufficient_data,0,,,,,{},insufficient_data,insufficient_data,,,,,False,False,,0.0
stock,Shanthala FMCG,SHANTHALA.NS,Cigarettes & Tobacco Products,Fast Moving Consumer Goods,9.51,0.0,0.72,71.43,25.82,-0.12,7.49,5.98,,not_stage_2,0,13.9,21.63,-9.37,0.00062,"{'price_above_30w_ma': False, '30w_ma_rising': False, 'price_above_10w_ma': False, 'relative_strength_positive': False, 'near_52w_high': False}",lagging,lagging,98.28,98.4,-0.23,2.14,False,False,2026-09-28 ratio=98.51 momentum=96.26; 2026-09-29 ratio=98.41 momentum=96.23; 2026-09-30 ratio=97.66 momentum=97.18; 2026-10-01 ratio=97.98 momentum=98.00; 2026-10-05 ratio=98.28 momentum=98.40,0.0
stock,Marc Technocrats,MARC.NS,Consulting Services,Services,257.02,0.0,4.81,,37.53,,24.38,29.22,,stage_2,4,141.4,104.26,12.15,0.00627,"{'price_above_30w_ma': True, '30w_ma_rising': True, 'price_above_10w_ma': False, 'relative_strength_positive': True, 'near_52w_high': True}",weakening,leading,100.77,94.49,-0.48,-5.66,False,False,2026-09-28 ratio=101.25 momentum=100.15; 2026-09-29 ratio=101.26 momentum=99.98; 2026-09-30 ratio=101.26 momentum=98.49; 2026-10-01 ratio=101.10 momentum=95.76; 2026-10-05 ratio=100.77 momentum=94.49,133.15
stock,EKI Energy,EKI.NS,Consulting Services,Services,248.89,0.0,-15.93,-2094.44,10.46,-29.99,,-6.15,,insufficient_data,0,,,,,{},insufficient_data,insufficient_data,,,,,False,False,,0.0
stock,Mitcon Consult.,MITCON.NS,Consulting Services,Services,138.21,0.0,2.75,151.38,67.58,176.63,14.19,8.83,,stage_2,5,81.14,76.84,4.81,0.0036,"{'price_above_30w_ma': True, '30w_ma_rising': True, 'price_above_10w_ma': True, 'relative_strength_positive': True, 'near_52w_high': True}",weakening,leading,101.39,99.8,-0.6,-0.3,False,False,2026-09-28 ratio=101.99 momentum=100.10; 2026-09-29 ratio=101.83 momentum=99.62; 2026-09-30 ratio=101.86 momentum=99.90; 2026-10-01 ratio=101.38 momentum=99.44; 2026-10-05 ratio=101.39 momentum=99.80,141.57
stock,AAA Technologies,AAATECH.NS,Consulting Services,Services,132.7,0.97,0.87,12.99,3.76,1.62,63.8,8.96,,not_stage_2,4,95.44,94.44,-0.6,0.00423,"{'price_above_30w_ma': True, '30w_ma_rising': False, 'price_above_10w_ma': True, 'relative_strength_positive': True, 'near_52w_high': True}",leading,leading,101.81,103.14,-1.5,1.62,False,False,2026-09-28 ratio=103.31 momentum=101.53; 2026-09-29 ratio=103.08 momentum=101.05; 2026-09-30 ratio=101.74 momentum=100.25; 2026-10-01 ratio=101.38 momentum=102.51; 2026-10-05 ratio=101.81 momentum=103.14,124.75
stock,Dhruv Consultanc,DHRUV.NS,Consulting Services,Services,37.02,0.0,-4.74,-396.25,15.55,-26.09,,-32.46,,not_stage_2,0,19.51,27.13,-3.88,0.00086,"{'price_above_30w_ma': False, '30w_ma_rising': False, 'price_above_10w_ma': False, 'relative_strength_positive': False, 'near_52w_high': False}",lagging,improving,97.71,98.74,-1.29,-3.44,False,False,2026-09-28 ratio=99.00 momentum=102.18; 2026-09-29 ratio=98.60 momentum=99.27; 2026-09-30 ratio=97.97 momentum=99.23; 2026-10-01 ratio=97.90 momentum=98.45; 2026-10-05 ratio=97.71 momentum=98.74,0.0
stock,Manglam Infra,MIEL.NS,Consulting Services,Services,21.99,0.0,1.6,1700.0,21.86,-21.42,7.0,9.5,,insufficient_data,0,,,,,{},insufficient_data,insufficient_data,,,,,False,False,,0.0
stock,Physicswallah,PWL.NS,E-Learning,Consumer Services,38218.0,0.0,-88.28,35.6,1053.95,24.42,625.38,3.99,,stage_2,5,131.1,117.8,5.0,0.00581,"{'price_above_30w_ma': True, '30w_ma_rising': True, 'price_above_10w_ma': True, 'relative_strength_positive': True, 'near_52w_high': True}",weakening,weakening,101.74,99.88,0.6,0.31,False,False,2026-09-28 ratio=101.14 momentum=99.57; 2026-09-29 ratio=100.77 momentum=99.72; 2026-09-30 ratio=100.61 momentum=100.15; 2026-10-01 ratio=100.29 momentum=99.45; 2026-10-05 ratio=101.74 momentum=99.88,143.7
stock,Jaro Institute,JARO.NS,E-Learning,Consumer Services,920.18,1.21,11.17,48.34,70.75,16.61,16.27,22.09,,not_stage_2,0,405.15,471.92,-0.3,0.01796,"{'price_above_30w_ma': False, '30w_ma_rising': False, 'price_above_10w_ma': False, 'relative_strength_positive': False, 'near_52w_high': False}",lagging,lagging,98.38,97.56,-0.76,-0.96,False,False,2026-09-28 ratio=99.15 momentum=98.52; 2026-09-29 ratio=99.13 momentum=97.46; 2026-09-30 ratio=99.19 momentum=97.94; 2026-10-01 ratio=98.69 momentum=97.38; 2026-10-05 ratio=98.38 momentum=97.56,0.0
stock,Veranda Learning,VERANDA.NS,E-Learning,Consumer Services,286.83,0.0,33.87,854.4,149.54,41.52,4.45,12.83,,not_stage_2,2,212.76,216.86,3.22,0.00943,"{'price_above_30w_ma': False, '30w_ma_rising': True, 'price_above_10w_ma': False, 'relative_strength_positive': False, 'near_52w_high': True}",lagging,leading,98.45,99.43,-2.84,-3.01,False,False,2026-09-28 ratio=101.29 momentum=102.44; 2026-09-29 ratio=99.51 momentum=101.10; 2026-09-30 ratio=99.31 momentum=101.04; 2026-10-01 ratio=98.68 momentum=100.78; 2026-10-05 ratio=98.45 momentum=99.43,46.44
stock,Addictive Learn,ADDICTIVE.NS,E-Learning,Consumer Services,66.5,0.0,0.31,-75.97,22.69,8.41,,0.9,,insufficient_data,0,,,,,{},insufficient_data,insufficient_data,,,,,False,False,,0.0
stock,G-Tec Janix,GTECJAINX.NS,E-Learning,Consumer Services,36.87,0.0,0.3,100.0,2.25,-10.36,,-36.32,,stage_2,5,37.67,25.75,6.72,0.00167,"{'price_above_30w_ma': True, '30w_ma_rising': True, 'price_above_10w_ma': True, 'relative_strength_positive': True, 'near_52w_high': True}",leading,improving,104.51,102.11,4.79,1.59,True,False,2026-09-28 ratio=99.72 momentum=100.52; 2026-09-29 ratio=102.68 momentum=101.00; 2026-09-30 ratio=104.55 momentum=102.49; 2026-10-01 ratio=105.09 momentum=102.32; 2026-10-05 ratio=104.51 momentum=102.11,201.54
stock,Usha Mart. Edu.,UMESLTD.NS,E-Learning,Consumer Services,11.29,0.0,0.02,0.0,0.12,-7.69,27.53,18.01,,not_stage_2,0,4.37,5.56,-0.7,0.00019,"{'price_above_30w_ma': False, '30w_ma_rising': False, 'price_above_10w_ma': False, 'relative_strength_positive': False, 'near_52w_high': False}",improving,improving,98.8,102.31,-0.25,1.84,False,False,2026-09-28 ratio=99.05 momentum=100.47; 2026-09-29 ratio=98.71 momentum=101.45; 2026-09-30 ratio=98.98 momentum=103.80; 2026-10-01 ratio=99.28 momentum=104.93; 2026-10-05 ratio=98.80 momentum=102.31,11.55
stock,Docmode Health,DHTL.NS,E-Learning,Consumer Services,7.4,0.0,-0.07,95.57,7.67,-64.07,,6.12,,not_stage_2,0,24.75,37.79,-5.93,0.0011,"{'price_above_30w_ma': False, '30w_ma_rising': False, 'price_above_10w_ma': False, 'relative_strength_positive': False, 'near_52w_high': False}",improving,lagging,98.08,100.84,0.11,5.04,False,True,2026-09-28 ratio=97.98 momentum=95.80; 2026-09-29 ratio=98.27 momentum=96.84; 2026-09-30 ratio=97.93 momentum=97.97; 2026-10-01 ratio=97.69 momentum=96.42; 2026-10-05 ratio=98.08 momentum=100.84,4.2
stock,PVR Inox,PVRINOX.NS,"Film Production, Distribution & Exhibition","Media, Entertainment & Publication",12280.07,0.0,56.5,220.3,1622.2,11.91,38.71,6.79,,stage_2,5,1231.4,1071.97,3.11,0.05459,"{'price_above_30w_ma': True, '30w_ma_rising': True, 'price_above_10w_ma': True, 'relative_strength_positive': True, 'near_52w_high': True}",weakening,weakening,101.2,97.87,0.15,-0.92,False,False,2026-09-28 ratio=101.04 momentum=98.79; 2026-09-29 ratio=100.66 momentum=98.42; 2026-09-30 ratio=101.32 momentum=99.24; 2026-10-01 ratio=101.10 momentum=98.66; 2026-10-05 ratio=101.20 momentum=97.87,137.22
stock,Media Matrix,MMWL.NS,"Film Production, Distribution & Exhibition","Media, Entertainment & Publication",1926.19,0.0,3.58,84.46,428.45,83.37,271.29,9.71,,insufficient_data,0,,,,,{},leading,leading,103.28,103.32,1.89,1.6,False,False,2026-09-28 ratio=101.40 momentum=101.72; 2026-09-29 ratio=100.74 momentum=100.58; 2026-09-30 ratio=101.83 momentum=102.24; 2026-10-01 ratio=102.84 momentum=102.88; 2026-10-05 ratio=103.28 momentum=103.32,53.0
stock,Panorama Studios,PANORAMA.NS,"Film Production, Distribution & Exhibition","Media, Entertainment & Publication",1640.09,0.0,12.71,165.95,183.07,34.26,67.94,8.7,,insufficient_data,0,,,,,{},insufficient_data,insufficient_data,,,,,False,False,,0.0
stock,Sunshine Picture,SUNSHINE.NS,"Film Production, Distribution & Exhibition","Media, Entertainment & Publication",1391.57,0.0,0.25,123.15,6.48,16100.0,34.02,40.96,,insufficient_data,0,,,,,{},insufficient_data,insufficient_data,,,,,False,False,,0.0
stock,Connplex Cinemas,CONNPLEX.NS,"Film Production, Distribution & Exhibition","Media, Entertainment & Publication",472.73,0.0,13.03,38.91,83.46,51.97,18.25,43.55,,insufficient_data,0,,,,,{},insufficient_data,insufficient_data,,,,,False,False,,0.0
stock,Cineline India,CINELINE.NS,"Film Production, Distribution & Exhibition","Media, Entertainment & Publication",329.29,1.42,-1.21,74.27,59.27,30.87,24.46,10.86,,stage_2,4,86.22,85.05,0.32,0.00382,"{'price_above_30w_ma': True, '30w_ma_rising': True, 'price_above_10w_ma': False, 'relative_strength_positive': True, 'near_52w_high': True}",weakening,weakening,100.45,95.98,-0.32,0.9,False,False,2026-09-28 ratio=100.77 momentum=95.08; 2026-09-29 ratio=100.82 momentum=96.86; 2026-09-30 ratio=100.62 momentum=97.93; 2026-10-01 ratio=100.54 momentum=91.95; 2026-10-05 ratio=100.45 momentum=95.98,107.89
stock,UFO Moviez,UFO.NS,"Film Production, Distribution & Exhibition","Media, Entertainment & Publication",221.0,0.0,5.64,-13.5,110.69,3.81,9.2,11.19,,not_stage_2,0,57.18,67.76,-1.97,0.00254,"{'price_above_30w_ma': False, '30w_ma_rising': False, 'price_above_10w_ma': False, 'relative_strength_positive': False, 'near_52w_high': False}",improving,lagging,97.96,100.16,-0.17,3.71,False,False,2026-09-28 ratio=98.13 momentum=96.46; 2026-09-29 ratio=98.35 momentum=102.32; 2026-09-30 ratio=98.12 momentum=99.27; 2026-10-01 ratio=97.65 momentum=97.00; 2026-10-05 ratio=97.96 momentum=100.16,0.8
stock,Tips Films,TIPSFILMS.NS,"Film Production, Distribution & Exhibition","Media, Entertainment & Publication",144.88,0.0,-29.41,-720.46,47.96,-49.71,,-6.69,,not_stage_2,0,312.25,347.72,-1.26,0.01384,"{'price_above_30w_ma': False, '30w_ma_rising': False, 'price_above_10w_ma': False, 'relative_strength_positive': False, 'near_52w_high': False}",improving,leading,99.23,100.02,-0.87,-1.24,False,False,2026-09-28 ratio=100.10 momentum=101.26; 2026-09-29 ratio=100.49 momentum=102.04; 2026-09-30 ratio=99.50 momentum=100.78; 2026-10-01 ratio=99.46 momentum=100.50; 2026-10-05 ratio=99.23 momentum=100.02,0.1
stock,Mukta Arts,MUKTAARTS.NS,"Film Production, Distribution & Exhibition","Media, Entertainment & Publication",128.83,0.0,-2.15,64.7,40.59,10.51,,4.41,,not_stage_2,3,54.89,55.4,0.87,0.00243,"{'price_above_30w_ma': False, '30w_ma_rising': True, 'price_above_10w_ma': False, 'relative_strength_positive': True, 'near_52w_high': True}",weakening,weakening,100.55,98.21,-1.14,-1.51,False,False,2026-09-28 ratio=101.69 momentum=99.73; 2026-09-29 ratio=101.44 momentum=100.01; 2026-09-30 ratio=101.79 momentum=102.54; 2026-10-01 ratio=101.34 momentum=101.48; 2026-10-05 ratio=100.55 momentum=98.21,64.49
stock,Baweja Studios L,BAWEJA.NS,"Film Production, Distribution & Exhibition","Media, Entertainment & Publication",48.09,0.0,4.57,-13.28,33.44,-22.93,7.91,7.94,,not_stage_2,2,26.1,28.13,-1.97,0.00116,"{'price_above_30w_ma': False, '30w_ma_rising': False, 'price_above_10w_ma': True, 'relative_strength_positive': True, 'near_52w_high': False}",leading,leading,101.47,104.45,0.42,2.6,False,False,2026-09-28 ratio=101.05 momentum=101.85; 2026-09-29 ratio=101.12 momentum=102.30; 2026-09-30 ratio=101.02 momentum=102.27; 2026-10-01 ratio=101.73 momentum=103.08; 2026-10-05 ratio=101.47 momentum=104.45,89.6
stock,Metro Brands,METROBRAND.NS,Footwear,Consumer Durables,22313.19,0.73,95.26,-4.79,720.36,14.66,54.9,20.12,,not_stage_2,0,812.5,983.65,-1.77,0.03602,"{'price_above_30w_ma': False, '30w_ma_rising': False, 'price_above_10w_ma': False, 'relative_strength_positive': False, 'near_52w_high': False}",lagging,lagging,97.97,96.22,-1.2,-2.41,False,False,2026-09-28 ratio=99.17 momentum=98.63; 2026-09-29 ratio=99.19 momentum=97.87; 2026-09-30 ratio=98.57 momentum=96.63; 2026-10-01 ratio=98.56 momentum=96.43; 2026-10-05 ratio=97.97 momentum=96.22,0.0
stock,Bata India,BATAINDIA.NS,Footwear,Consumer Durables,7972.0,4.03,63.98,15.88,978.95,3.94,45.86,12.74,,not_stage_2,0,611.05,686.32,-2.61,0.02709,"{'price_above_30w_ma': False, '30w_ma_rising': False, 'price_above_10w_ma': False, 'relative_strength_positive': False, 'near_52w_high': False}",improving,improving,98.71,101.3,-0.14,0.51,False,False,2026-09-28 ratio=98.85 momentum=100.80; 2026-09-29 ratio=98.79 momentum=100.50; 2026-09-30 ratio=98.88 momentum=103.60; 2026-10-01 ratio=98.90 momentum=102.23; 2026-10-05 ratio=98.71 momentum=101.30,6.5
stock,Relaxo Footwear,RELAXO.NS,Footwear,Consumer Durables,7239.37,1.2,54.94,12.35,705.05,7.73,39.07,11.18,,not_stage_2,0,281.95,336.19,-1.63,0.0125,"{'price_above_30w_ma': False, '30w_ma_rising': False, 'price_above_10w_ma': False, 'relative_strength_positive': False, 'near_52w_high': False}",improving,improving,98.5,103.54,0.09,2.38,False,True,2026-09-28 ratio=98.41 momentum=101.16; 2026-09-29 ratio=98.51 momentum=101.47; 2026-09-30 ratio=98.60 momentum=102.00; 2026-10-01 ratio=98.57 momentum=101.29; 2026-10-05 ratio=98.50 momentum=103.54,17.7
stock,Campus Activewe.,CAMPUS.NS,Footwear,Consumer Durables,6371.74,0.72,26.14,17.75,385.2,12.21,41.37,21.22,,not_stage_2,0,204.12,230.02,-2.46,0.00905,"{'price_above_30w_ma': False, '30w_ma_rising': False, 'price_above_10w_ma': False, 'relative_strength_positive': False, 'near_52w_high': False}",lagging,leading,99.23,99.9,-1.56,-2.37,False,False,2026-09-28 ratio=100.79 momentum=102.27; 2026-09-29 ratio=100.58 momentum=101.15; 2026-09-30 ratio=100.56 momentum=101.77; 2026-10-01 ratio=100.18 momentum=101.14; 2026-10-05 ratio=99.23 momentum=99.90,0.0
stock,Redtape,REDTAPE.NS,Footwear,Consumer Durables,6337.88,1.74,44.48,15.23,481.28,3.65,25.72,24.48,,not_stage_2,1,113.85,126.83,-0.24,0.00505,"{'price_above_30w_ma': False, '30w_ma_rising': False, 'price_above_10w_ma': False, 'relative_strength_positive': False, 'near_52w_high': True}",improving,leading,99.32,100.57,-1.06,-2.57,False,False,2026-09-28 ratio=100.39 momentum=103.14; 2026-09-29 ratio=99.92 momentum=100.18; 2026-09-30 ratio=100.10 momentum=101.86; 2026-10-01 ratio=99.82 momentum=100.94; 2026-10-05 ratio=99.32 momentum=100.57,22.85
stock,Sreeleathers,SREEL.NS,Footwear,Consumer Durables,668.46,0.7,6.99,138.57,59.63,19.74,20.35,6.97,,stage_2,5,290.8,221.28,5.92,0.01289,"{'price_above_30w_ma': True, '30w_ma_rising': True, 'price_above_10w_ma': True, 'relative_strength_positive': True, 'near_52w_high': True}",weakening,weakening,101.06,99.71,-0.24,3.69,False,False,2026-09-28 ratio=101.30 momentum=96.02; 2026-09-29 ratio=101.10 momentum=94.93; 2026-09-30 ratio=101.05 momentum=96.26; 2026-10-01 ratio=101.19 momentum=98.34; 2026-10-05 ratio=101.06 momentum=99.71,142.14
stock,Liberty Shoes,LIBERTSHOE.NS,Footwear,Consumer Durables,372.83,0.0,0.68,-76.97,169.86,-1.7,43.76,7.91,,not_stage_2,0,212.42,247.13,-1.24,0.00942,"{'price_above_30w_ma': False, '30w_ma_rising': False, 'price_above_10w_ma': False, 'relative_strength_positive': False, 'near_52w_high': False}",improving,improving,98.59,100.16,-0.92,-0.87,False,False,2026-09-28 ratio=99.51 momentum=101.03; 2026-09-29 ratio=99.54 momentum=101.75; 2026-09-30 ratio=99.25 momentum=101.52; 2026-10-01 ratio=99.07 momentum=101.61; 2026-10-05 ratio=98.59 momentum=100.16,0.8
stock,Brandman Retail,BRANDMAN.NS,Footwear,Consumer Durables,298.36,0.0,4.76,1152.63,45.19,287.56,10.05,36.81,,insufficient_data,0,,,,,{},insufficient_data,insufficient_data,,,,,False,False,,0.0
stock,Khadim India,KHADIM.NS,Footwear,Consumer Durables,210.71,0.0,0.52,-39.53,77.84,-18.66,46.72,7.79,,stage_2,4,115.4,104.29,0.25,0.00512,"{'price_above_30w_ma': True, '30w_ma_rising': True, 'price_above_10w_ma': True, 'relative_strength_positive': True, 'near_52w_high': False}",weakening,weakening,100.94,97.06,-0.26,-0.56,False,False,2026-09-28 ratio=101.21 momentum=97.63; 2026-09-29 ratio=101.01 momentum=96.60; 2026-09-30 ratio=100.90 momentum=97.55; 2026-10-01 ratio=100.88 momentum=97.34; 2026-10-05 ratio=100.94 momentum=97.06,110.2
stock,ICICI Lombard,ICICIGI.NS,General Insurance,Financial Services,80406.23,0.84,403.17,-46.03,7088.22,10.83,33.12,21.88,,not_stage_2,3,1600.0,1697.82,-2.64,0.07094,"{'price_above_30w_ma': False, '30w_ma_rising': False, 'price_above_10w_ma': True, 'relative_strength_positive': True, 'near_52w_high': True}",leading,leading,102.03,103.14,1.25,0.74,False,False,2026-09-28 ratio=100.78 momentum=102.39; 2026-09-29 ratio=100.36 momentum=102.16; 2026-09-30 ratio=101.93 momentum=103.25; 2026-10-01 ratio=101.59 momentum=102.29; 2026-10-05 ratio=102.03 momentum=103.14,105.85
stock,General Insuranc,GICRE.NS,General Insurance,Financial Services,55114.74,4.22,1743.67,-31.1,14400.9,-1.52,6.21,17.35,,not_stage_2,1,319.1,367.0,-1.39,0.01415,"{'price_above_30w_ma': False, '30w_ma_rising': False, 'price_above_10w_ma': False, 'relative_strength_positive': False, 'near_52w_high': True}",lagging,lagging,97.57,96.17,-1.12,-0.82,False,False,2026-09-28 ratio=98.69 momentum=96.99; 2026-09-29 ratio=97.19 momentum=97.79; 2026-09-30 ratio=99.76 momentum=100.76; 2026-10-01 ratio=98.87 momentum=99.58; 2026-10-05 ratio=97.57 momentum=96.17,20.0
stock,Star Health Insu,STARHEALTH.NS,General Insurance,Financial Services,32440.01,0.0,549.73,25.46,5522.07,13.15,38.43,9.69,,not_stage_2,2,535.25,540.66,2.12,0.02373,"{'price_above_30w_ma': False, '30w_ma_rising': True, 'price_above_10w_ma': False, 'relative_strength_positive': False, 'near_52w_high': True}",improving,leading,99.62,101.18,-1.13,0.13,False,False,2026-09-28 ratio=100.74 momentum=101.06; 2026-09-29 ratio=99.46 momentum=101.12; 2026-09-30 ratio=99.37 momentum=100.69; 2026-10-01 ratio=100.17 momentum=100.21; 2026-10-05 ratio=99.62 momentum=101.18,50.14
stock,New India Assura,NIACL.NS,General Insurance,Financial Services,26521.83,0.93,-239.15,-160.61,11899.69,1.54,34.48,4.29,,not_stage_2,1,158.36,169.89,2.26,0.00702,"{'price_above_30w_ma': False, '30w_ma_rising': True, 'price_above_10w_ma': False, 'relative_strength_positive': False, 'near_52w_high': False}",lagging,lagging,98.91,97.17,-0.68,1.23,False,False,2026-09-28 ratio=99.59 momentum=95.94; 2026-09-29 ratio=99.51 momentum=97.83; 2026-09-30 ratio=99.47 momentum=98.24; 2026-10-01 ratio=99.09 momentum=95.96; 2026-10-05 ratio=98.91 momentum=97.17,24.52
stock,Go Digit General,GODIGIT.NS,General Insurance,Financial Services,23957.04,0.0,86.39,-37.55,2427.02,8.54,48.65,13.1,,not_stage_2,1,256.05,290.08,-3.69,0.01135,"{'price_above_30w_ma': False, '30w_ma_rising': False, 'price_above_10w_ma': False, 'relative_strength_positive': True, 'near_52w_high': False}",leading,leading,101.9,102.46,-0.13,-0.03,False,False,2026-09-28 ratio=102.03 momentum=102.49; 2026-09-29 ratio=100.97 momentum=101.31; 2026-09-30 ratio=102.06 momentum=102.08; 2026-10-01 ratio=102.00 momentum=101.61; 2026-10-05 ratio=101.90 momentum=102.46,61.8
stock,Niva Bupa Health,NIVABUPA.NS,General Insurance,Financial Services,14172.68,0.0,137.8,92.89,2471.26,27.93,81.34,3.15,,not_stage_2,2,75.85,80.74,0.4,0.00336,"{'price_above_30w_ma': False, '30w_ma_rising': True, 'price_above_10w_ma': False, 'relative_strength_positive': False, 'near_52w_high': True}",improving,lagging,99.17,100.05,0.83,1.15,False,True,2026-09-28 ratio=98.34 momentum=98.90; 2026-09-29 ratio=97.36 momentum=95.96; 2026-09-30 ratio=98.39 momentum=98.83; 2026-10-01 ratio=97.92 momentum=98.29; 2026-10-05 ratio=99.17 momentum=100.05,41.05
stock,LG Electronics,LGEINDIA.NS,Household Appliances,Consumer Durables,119530.9,0.0,652.86,27.2,7233.35,15.49,65.51,32.27,,stage_2,5,1770.9,1583.54,1.36,0.07851,"{'price_above_30w_ma': True, '30w_ma_rising': True, 'price_above_10w_ma': True, 'relative_strength_positive': True, 'near_52w_high': True}",leading,leading,102.29,101.03,0.02,-1.79,False,False,2026-09-28 ratio=102.27 momentum=102.82; 2026-09-29 ratio=102.25 momentum=102.20; 2026-09-30 ratio=102.02 momentum=102.22; 2026-10-01 ratio=102.04 momentum=101.66; 2026-10-05 ratio=102.29 momentum=101.03,164.32
stock,Voltas,VOLTAS.NS,Household Appliances,Consumer Durables,35411.93,0.37,212.76,52.19,4673.5,18.66,75.84,9.04,,not_stage_2,0,1061.3,1270.53,-4.17,0.04705,"{'price_above_30w_ma': False, '30w_ma_rising': False, 'price_above_10w_ma': False, 'relative_strength_positive': False, 'near_52w_high': False}",improving,improving,98.51,100.73,-0.92,-1.03,False,False,2026-09-28 ratio=99.43 momentum=101.76; 2026-09-29 ratio=98.72 momentum=100.09; 2026-09-30 ratio=98.49 momentum=99.72; 2026-10-01 ratio=98.42 momentum=99.26; 2026-10-05 ratio=98.51 momentum=100.73,3.65
stock,Blue Star,BLUESTARCO.NS,Household Appliances,Consumer Durables,32592.96,0.54,102.51,-21.03,3377.92,13.27,61.59,21.24,,not_stage_2,2,1510.0,1616.95,-3.24,0.06695,"{'price_above_30w_ma': False, '30w_ma_rising': False, 'price_above_10w_ma': False, 'relative_strength_positive': True, 'near_52w_high': True}",leading,leading,100.83,101.85,-0.54,-0.37,False,False,2026-09-28 ratio=101.37 momentum=102.22; 2026-09-29 ratio=100.84 momentum=102.61; 2026-09-30 ratio=100.82 momentum=102.34; 2026-10-01 ratio=100.19 momentum=99.56; 2026-10-05 ratio=100.83 momentum=101.85,73.4
stock,Amber Enterp.,AMBER.NS,Household Appliances,Consumer Durables,24323.31,0.0,3.09,-3.37,3887.72,12.72,117.88,10.29,,not_stage_2,0,6585.0,7430.83,-1.23,0.29194,"{'price_above_30w_ma': False, '30w_ma_rising': False, 'price_above_10w_ma': False, 'relative_strength_positive': False, 'near_52w_high': False}",lagging,leading,98.5,98.06,-1.76,-2.38,False,False,2026-09-28 ratio=100.26 momentum=100.44; 2026-09-29 ratio=98.13 momentum=97.48; 2026-09-30 ratio=98.76 momentum=99.50; 2026-10-01 ratio=98.15 momentum=97.92; 2026-10-05 ratio=98.50 momentum=98.06,0.0
stock,Crompton Gr. Con,CROMPTON.NS,Household Appliances,Consumer Durables,13646.48,1.42,140.32,12.12,2022.47,11.2,30.06,18.98,,not_stage_2,0,211.5,252.78,-2.04,0.00938,"{'price_above_30w_ma': False, '30w_ma_rising': False, 'price_above_10w_ma': False, 'relative_strength_positive': False, 'near_52w_high': False}",lagging,lagging,98.71,99.46,-0.2,-0.05,False,False,2026-09-28 ratio=98.91 momentum=99.51; 2026-09-29 ratio=98.30 momentum=96.96; 2026-09-30 ratio=98.21 momentum=98.54; 2026-10-01 ratio=97.92 momentum=97.31; 2026-10-05 ratio=98.71 momentum=99.46,0.0
stock,V-Guard Industri,VGUARD.NS,Household Appliances,Consumer Durables,13391.73,0.49,130.25,76.37,1810.65,23.5,35.24,18.38,,not_stage_2,1,296.55,315.66,-0.41,0.01315,"{'price_above_30w_ma': False, '30w_ma_rising': False, 'price_above_10w_ma': False, 'relative_strength_positive': False, 'near_52w_high': True}",lagging,weakening,99.38,96.73,-0.71,-1.72,False,False,2026-09-28 ratio=100.09 momentum=98.45; 2026-09-29 ratio=100.10 momentum=98.29; 2026-09-30 ratio=99.40 momentum=96.77; 2026-10-01 ratio=99.41 momentum=96.25; 2026-10-05 ratio=99.38 momentum=96.73,20.0
stock,Whirlpool India,WHIRLPOOL.NS,Household Appliances,Consumer Durables,11006.15,0.58,102.88,-29.4,2726.75,12.1,40.37,10.67,,not_stage_2,3,871.75,827.88,-0.86,0.03865,"{'price_above_30w_ma': True, '30w_ma_rising': False, 'price_above_10w_ma': True, 'relative_strength_positive': True, 'near_52w_high': False}",leading,leading,102.07,102.03,-1.71,0.52,False,False,2026-09-28 ratio=103.78 momentum=101.51; 2026-09-29 ratio=102.84 momentum=101.15; 2026-09-30 ratio=102.68 momentum=101.57; 2026-10-01 ratio=102.12 momentum=101.56; 2026-10-05 ratio=102.07 momentum=102.03,100.5
stock,TTK Prestige,TTKPRESTIG.NS,Household Appliances,Consumer Durables,7181.59,1.43,58.97,103.94,813.85,33.57,34.7,12.1,,not_stage_2,2,512.95,547.94,0.04,0.02274,"{'price_above_30w_ma': False, '30w_ma_rising': True, 'price_above_10w_ma': False, 'relative_strength_positive': False, 'near_52w_high': True}",improving,improving,98.98,101.68,0.24,-0.51,False,False,2026-09-28 ratio=98.74 momentum=102.19; 2026-09-29 ratio=99.33 momentum=102.34; 2026-09-30 ratio=98.95 momentum=100.80; 2026-10-01 ratio=98.85 momentum=100.17; 2026-10-05 ratio=98.98 momentum=101.68,48.48
stock,Eureka Forbes,EUREKAFORB.NS,Household Appliances,Consumer Durables,6838.92,0.0,55.44,6.98,700.77,15.31,34.2,5.86,,not_stage_2,0,342.15,445.99,-2.96,0.01517,"{'price_above_30w_ma': False, '30w_ma_rising': False, 'price_above_10w_ma': False, 'relative_strength_positive': False, 'near_52w_high': False}",lagging,lagging,97.68,97.78,-0.28,-1.42,False,False,2026-09-28 ratio=97.96 momentum=99.20; 2026-09-29 ratio=98.18 momentum=98.34; 2026-09-30 ratio=98.23 momentum=98.51; 2026-10-01 ratio=98.08 momentum=98.10; 2026-10-05 ratio=97.68 momentum=97.78,0.0
stock,Bosch Home Comfort,BOSCH-HCIL.NS,Household Appliances,Consumer Durables,5377.35,1.82,22.79,29.34,1095.52,28.49,266.34,4.78,,stage_2,5,1998.2,1483.32,4.83,0.08859,"{'price_above_30w_ma': True, '30w_ma_rising': True, 'price_above_10w_ma': True, 'relative_strength_positive': True, 'near_52w_high': True}",leading,leading,102.25,102.59,0.79,0.78,False,False,2026-09-28 ratio=101.46 momentum=101.81; 2026-09-29 ratio=102.14 momentum=103.03; 2026-09-30 ratio=101.78 momentum=102.07; 2026-10-01 ratio=102.27 momentum=102.92; 2026-10-05 ratio=102.25 momentum=102.59,178.86
stock,Adani Total Gas,ATGL.NS,LPG/CNG/PNG/LNG Supplier,"Oil, Gas & Consumable Fuels",64796.09,0.04,133.03,-17.97,1743.48,27.1,106.62,15.09,,not_stage_2,2,583.25,646.21,1.89,0.02586,"{'price_above_30w_ma': False, '30w_ma_rising': True, 'price_above_10w_ma': False, 'relative_strength_positive': False, 'near_52w_high': True}",lagging,improving,99.12,94.64,-0.24,-6.34,False,False,2026-09-28 ratio=99.36 momentum=100.98; 2026-09-29 ratio=99.14 momentum=101.05; 2026-09-30 ratio=99.60 momentum=101.68; 2026-10-01 ratio=99.29 momentum=101.32; 2026-10-05 ratio=99.12 momentum=94.64,43.78
stock,Petronet LNG,PETRONET.NS,LPG/CNG/PNG/LNG Supplier,"Oil, Gas & Consumable Fuels",44586.56,3.36,1137.14,35.07,5557.84,-53.22,10.6,22.55,,not_stage_2,4,290.0,277.36,-0.62,0.01286,"{'price_above_30w_ma': True, '30w_ma_rising': False, 'price_above_10w_ma': True, 'relative_strength_positive': True, 'near_52w_high': True}",leading,leading,102.08,100.05,-0.06,-1.12,False,False,2026-09-28 ratio=102.13 momentum=101.18; 2026-09-29 ratio=101.40 momentum=99.53; 2026-09-30 ratio=101.63 momentum=101.12; 2026-10-01 ratio=101.90 momentum=101.65; 2026-10-05 ratio=102.08 momentum=100.05,110.65
stock,Gujarat Energy,GUJENERGY.NS,LPG/CNG/PNG/LNG Supplier,"Oil, Gas & Consumable Fuels",21571.85,3.87,1007.4,69.8,9544.98,63.12,11.03,11.73,,not_stage_2,0,232.15,313.82,-6.36,0.01029,"{'price_above_30w_ma': False, '30w_ma_rising': False, 'price_above_10w_ma': False, 'relative_strength_positive': False, 'near_52w_high': False}",improving,improving,98.82,100.31,0.11,-1.27,False,False,2026-09-28 ratio=98.71 momentum=101.58; 2026-09-29 ratio=98.99 momentum=100.87; 2026-09-30 ratio=99.22 momentum=101.20; 2026-10-01 ratio=98.70 momentum=101.05; 2026-10-05 ratio=98.82 momentum=100.31,1.55
stock,Indraprastha Gas,IGL.NS,LPG/CNG/PNG/LNG Supplier,"Oil, Gas & Consumable Fuels",19800.19,3.36,237.92,-43.97,4586.73,17.19,14.55,17.52,,not_stage_2,0,142.1,155.41,-1.57,0.0063,"{'price_above_30w_ma': False, '30w_ma_rising': False, 'price_above_10w_ma': False, 'relative_strength_positive': False, 'near_52w_high': False}",weakening,weakening,100.06,98.88,0.02,2.02,False,False,2026-09-28 ratio=100.04 momentum=96.86; 2026-09-29 ratio=99.69 momentum=95.31; 2026-09-30 ratio=101.20 momentum=100.53; 2026-10-01 ratio=100.62 momentum=99.67; 2026-10-05 ratio=100.06 momentum=98.88,0.3
stock,Mahanagar Gas,MGL.NS,LPG/CNG/PNG/LNG Supplier,"Oil, Gas & Consumable Fuels",10268.95,2.89,193.7,-39.39,2371.71,13.95,14.24,17.14,,not_stage_2,2,1043.7,1092.22,-0.59,0.04627,"{'price_above_30w_ma': False, '30w_ma_rising': False, 'price_above_10w_ma': False, 'relative_strength_positive': True, 'near_52w_high': True}",weakening,weakening,100.5,99.42,0.18,0.46,False,False,2026-09-28 ratio=100.32 momentum=98.96; 2026-09-29 ratio=100.59 momentum=99.54; 2026-09-30 ratio=101.32 momentum=100.63; 2026-10-01 ratio=101.06 momentum=101.60; 2026-10-05 ratio=100.50 momentum=99.42,42.5
stock,GSPL Transmission,GSPLTRANS.NS,LPG/CNG/PNG/LNG Supplier,"Oil, Gas & Consumable Fuels",3871.8,0.0,,,,,,,,insufficient_data,0,,,,,{},insufficient_data,insufficient_data,,,,,False,False,,0.0
stock,Confidence Petro,CONFIPET.NS,LPG/CNG/PNG/LNG Supplier,"Oil, Gas & Consumable Fuels",2879.86,0.12,62.55,207.04,2408.53,116.6,21.39,9.23,,stage_2,5,86.18,69.71,11.92,0.00382,"{'price_above_30w_ma': True, '30w_ma_rising': True, 'price_above_10w_ma': True, 'relative_strength_positive': True, 'near_52w_high': True}",weakening,weakening,101.3,92.69,-0.07,-3.58,False,False,2026-09-28 ratio=101.37 momentum=96.26; 2026-09-29 ratio=101.56 momentum=98.38; 2026-09-30 ratio=101.67 momentum=98.94; 2026-10-01 ratio=101.41 momentum=98.48; 2026-10-05 ratio=101.30 momentum=92.69,155.34
stock,IRM Energy,IRMENERGY.NS,LPG/CNG/PNG/LNG Supplier,"Oil, Gas & Consumable Fuels",1077.01,0.57,33.81,142.89,325.85,24.13,14.73,8.63,,not_stage_2,1,259.5,263.84,1.95,0.0115,"{'price_above_30w_ma': False, '30w_ma_rising': True, 'price_above_10w_ma': False, 'relative_strength_positive': False, 'near_52w_high': False}",lagging,weakening,99.77,97.75,-0.45,5.21,False,False,2026-09-28 ratio=100.22 momentum=92.54; 2026-09-29 ratio=100.42 momentum=101.69; 2026-09-30 ratio=100.24 momentum=103.61; 2026-10-01 ratio=99.79 momentum=97.27; 2026-10-05 ratio=99.77 momentum=97.75,23.9
stock,Axiom Gas Engi.,AXIOMGAS.NS,LPG/CNG/PNG/LNG Supplier,"Oil, Gas & Consumable Fuels",141.37,0.0,2.24,,21.23,,14.96,32.1,,insufficient_data,0,,,,,{},insufficient_data,insufficient_data,,,,,False,False,,0.0
stock,Life Insurance,LICI.NS,Life Insurance,Financial Services,493921.64,2.56,13584.25,23.98,239865.7,6.76,8.22,35.14,,not_stage_2,1,388.7,408.85,-0.5,0.01723,"{'price_above_30w_ma': False, '30w_ma_rising': False, 'price_above_10w_ma': False, 'relative_strength_positive': False, 'near_52w_high': True}",weakening,leading,100.16,99.57,-0.64,-2.14,False,False,2026-09-28 ratio=100.80 momentum=101.71; 2026-09-29 ratio=99.98 momentum=101.34; 2026-09-30 ratio=100.62 momentum=102.61; 2026-10-01 ratio=100.64 momentum=102.16; 2026-10-05 ratio=100.16 momentum=99.57,20.8
stock,SBI Life Insuran,SBILIFE.NS,Life Insurance,Financial Services,173515.13,0.15,724.93,21.97,46336.78,18.82,66.71,14.95,,not_stage_2,2,1709.5,1808.39,-1.91,0.07579,"{'price_above_30w_ma': False, '30w_ma_rising': False, 'price_above_10w_ma': False, 'relative_strength_positive': True, 'near_52w_high': True}",leading,leading,100.61,102.92,-0.03,-0.03,False,False,2026-09-28 ratio=100.64 momentum=102.95; 2026-09-29 ratio=100.89 momentum=105.16; 2026-09-30 ratio=100.19 momentum=103.00; 2026-10-01 ratio=101.07 momentum=101.31; 2026-10-05 ratio=100.61 momentum=102.92,77.65
stock,HDFC Life Insur.,HDFCLIFE.NS,Life Insurance,Financial Services,118189.1,0.39,611.19,11.46,33758.51,14.58,59.84,10.3,,not_stage_2,1,531.0,571.67,-3.33,0.02354,"{'price_above_30w_ma': False, '30w_ma_rising': False, 'price_above_10w_ma': False, 'relative_strength_positive': True, 'near_52w_high': False}",weakening,leading,101.42,99.61,0.27,-1.58,False,False,2026-09-28 ratio=101.14 momentum=101.19; 2026-09-29 ratio=100.65 momentum=101.60; 2026-09-30 ratio=100.65 momentum=100.36; 2026-10-01 ratio=101.94 momentum=99.37; 2026-10-05 ratio=101.42 momentum=99.61,27.1
stock,ICICI Pru Life,ICICIPRULI.NS,Life Insurance,Financial Services,66993.25,0.36,623.91,61.94,3185.46,-79.69,41.67,10.14,,not_stage_2,0,454.9,505.21,-4.09,0.02017,"{'price_above_30w_ma': False, '30w_ma_rising': False, 'price_above_10w_ma': False, 'relative_strength_positive': False, 'near_52w_high': False}",lagging,lagging,99.05,98.31,0.38,-1.68,False,False,2026-09-28 ratio=98.67 momentum=99.99; 2026-09-29 ratio=97.57 momentum=99.67; 2026-09-30 ratio=97.84 momentum=99.11; 2026-10-01 ratio=98.64 momentum=98.10; 2026-10-05 ratio=99.05 momentum=98.31,0.0
stock,Max Financial,MFSL.NS,Life Insurance,Financial Services,47004.99,0.0,118.29,36.38,14969.51,16.75,433.2,2.87,,not_stage_2,0,1348.0,1568.09,-2.56,0.05976,"{'price_above_30w_ma': False, '30w_ma_rising': False, 'price_above_10w_ma': False, 'relative_strength_positive': False, 'near_52w_high': False}",lagging,improving,97.96,97.38,-1.87,-2.85,False,False,2026-09-28 ratio=99.83 momentum=100.24; 2026-09-29 ratio=98.62 momentum=99.92; 2026-09-30 ratio=98.35 momentum=98.75; 2026-10-01 ratio=99.17 momentum=98.18; 2026-10-05 ratio=97.96 momentum=97.38,0.0
stock,Canara HSBC,CANHLIFE.NS,Life Insurance,Financial Services,13598.31,0.28,28.14,20.15,4350.86,19.81,103.54,8.35,,not_stage_2,2,142.36,145.16,0.27,0.00631,"{'price_above_30w_ma': False, '30w_ma_rising': True, 'price_above_10w_ma': False, 'relative_strength_positive': False, 'near_52w_high': True}",lagging,weakening,99.9,96.36,-0.93,-2.31,False,False,2026-09-28 ratio=100.83 momentum=98.67; 2026-09-29 ratio=101.27 momentum=98.93; 2026-09-30 ratio=101.14 momentum=97.67; 2026-10-01 ratio=100.40 momentum=94.78; 2026-10-05 ratio=99.90 momentum=96.36,40.54
stock,Container Corpn.,CONCOR.NS,Logistics Solution Provider,Services,33837.92,1.93,268.9,0.08,2159.76,0.28,27.24,12.64,,not_stage_2,1,441.45,485.03,-0.56,0.01957,"{'price_above_30w_ma': False, '30w_ma_rising': False, 'price_above_10w_ma': False, 'relative_strength_positive': False, 'near_52w_high': True}",lagging,lagging,97.85,94.28,0.08,-3.23,False,False,2026-09-28 ratio=97.76 momentum=97.51; 2026-09-29 ratio=97.54 momentum=97.87; 2026-09-30 ratio=98.05 momentum=98.07; 2026-10-01 ratio=97.99 momentum=97.98; 2026-10-05 ratio=97.85 momentum=94.28,20.0
stock,Delhivery,DELHIVERY.NS,Logistics Solution Provider,Services,30594.89,0.0,31.91,-64.95,2930.73,27.76,256.5,1.01,,not_stage_2,1,400.3,455.35,-0.29,0.01775,"{'price_above_30w_ma': False, '30w_ma_rising': False, 'price_above_10w_ma': False, 'relative_strength_positive': False, 'near_52w_high': True}",lagging,lagging,97.83,98.14,0.03,1.85,False,False,2026-09-28 ratio=97.81 momentum=96.29; 2026-09-29 ratio=98.79 momentum=100.97; 2026-09-30 ratio=98.30 momentum=99.50; 2026-10-01 ratio=97.87 momentum=98.10; 2026-10-05 ratio=97.83 momentum=98.14,20.0
stock,Shadowfax Technologies,SHADOWFAX.NS,Logistics Solution Provider,Services,16912.74,0.0,66.2,624.29,1323.85,66.33,98.2,10.3,,stage_2,5,289.05,209.52,11.16,0.01281,"{'price_above_30w_ma': True, '30w_ma_rising': True, 'price_above_10w_ma': True, 'relative_strength_positive': True, 'near_52w_high': True}",leading,leading,102.22,104.92,0.38,4.07,False,False,2026-09-28 ratio=101.84 momentum=100.85; 2026-09-29 ratio=102.08 momentum=102.32; 2026-09-30 ratio=102.00 momentum=102.60; 2026-10-01 ratio=101.70 momentum=101.40; 2026-10-05 ratio=102.22 momentum=104.92,203.02
stock,Blue Dart Expres,BLUEDART.NS,Logistics Solution Provider,Services,10829.68,0.55,88.49,81.22,1657.72,14.97,33.41,15.77,,not_stage_2,0,4514.4,4981.36,-2.21,0.20014,"{'price_above_30w_ma': False, '30w_ma_rising': False, 'price_above_10w_ma': False, 'relative_strength_positive': False, 'near_52w_high': False}",lagging,leading,97.68,97.5,-2.33,-3.15,False,False,2026-09-28 ratio=100.01 momentum=100.65; 2026-09-29 ratio=98.13 momentum=95.99; 2026-09-30 ratio=98.93 momentum=97.48; 2026-10-01 ratio=97.81 momentum=97.17; 2026-10-05 ratio=97.68 momentum=97.50,0.0
stock,Transport Corp.,TCI.NS,Logistics Solution Provider,Services,6819.12,1.13,106.6,-0.75,1248.5,9.58,14.93,19.45,,not_stage_2,1,878.75,923.7,-1.8,0.03896,"{'price_above_30w_ma': False, '30w_ma_rising': False, 'price_above_10w_ma': False, 'relative_strength_positive': True, 'near_52w_high': False}",leading,leading,101.69,102.23,0.93,0.67,False,False,2026-09-28 ratio=100.76 momentum=101.55; 2026-09-29 ratio=101.03 momentum=101.60; 2026-09-30 ratio=101.35 momentum=102.29; 2026-10-01 ratio=101.84 momentum=102.42; 2026-10-05 ratio=101.69 momentum=102.23,59.6
stock,TVS Supply,TVSSCS.NS,Logistics Solution Provider,Services,5764.12,0.0,22.48,-84.26,3335.22,28.66,81.33,10.06,,stage_2,4,127.27,124.49,1.82,0.00564,"{'price_above_30w_ma': True, '30w_ma_rising': True, 'price_above_10w_ma': False, 'relative_strength_positive': True, 'near_52w_high': True}",weakening,leading,100.9,98.28,-0.11,-2.91,False,False,2026-09-28 ratio=101.00 momentum=101.18; 2026-09-29 ratio=101.64 momentum=103.44; 2026-09-30 ratio=101.55 momentum=105.71; 2026-10-01 ratio=101.31 momentum=102.99; 2026-10-05 ratio=100.90 momentum=98.28,113.14
stock,VRL Logistics,VRLLOG.NS,Logistics Solution Provider,Services,4984.83,1.75,80.53,60.93,878.84,18.07,18.65,18.27,,stage_2,4,285.0,259.56,0.79,0.01264,"{'price_above_30w_ma': True, '30w_ma_rising': True, 'price_above_10w_ma': False, 'relative_strength_positive': True, 'near_52w_high': True}",weakening,weakening,100.95,99.08,0.02,-0.71,False,False,2026-09-28 ratio=100.94 momentum=99.78; 2026-09-29 ratio=100.72 momentum=98.34; 2026-09-30 ratio=101.06 momentum=101.79; 2026-10-01 ratio=101.07 momentum=101.67; 2026-10-05 ratio=100.95 momentum=99.08,111.33
stock,Mahindra Logis.,MAHLOG.NS,Logistics Solution Provider,Services,4107.89,0.6,27.83,335.09,2002.88,23.29,104.25,7.36,,stage_2,5,406.75,386.39,0.4,0.01803,"{'price_above_30w_ma': True, '30w_ma_rising': True, 'price_above_10w_ma': True, 'relative_strength_positive': True, 'near_52w_high': True}",leading,leading,101.46,101.08,-1.86,-0.76,False,False,2026-09-28 ratio=103.32 momentum=101.84; 2026-09-29 ratio=103.29 momentum=102.24; 2026-09-30 ratio=103.60 momentum=102.81; 2026-10-01 ratio=102.32 momentum=101.92; 2026-10-05 ratio=101.46 momentum=101.08,158.5
stock,Gateway Distri,GATEWAY.NS,Logistics Solution Provider,Services,2540.73,3.93,51.26,-20.79,549.3,-0.21,10.36,10.82,,not_stage_2,2,51.49,56.01,-1.22,0.00228,"{'price_above_30w_ma': False, '30w_ma_rising': False, 'price_above_10w_ma': False, 'relative_strength_positive': True, 'near_52w_high': True}",improving,improving,99.98,101.45,0.21,-0.22,False,False,2026-09-28 ratio=99.78 momentum=101.67; 2026-09-29 ratio=99.70 momentum=101.53; 2026-09-30 ratio=100.20 momentum=103.24; 2026-10-01 ratio=100.45 momentum=102.62; 2026-10-05 ratio=99.98 momentum=101.45,47.25
stock,TCI Express,TCIEXP.NS,Logistics Solution Provider,Services,1927.0,1.4,22.38,6.37,311.95,8.79,21.13,14.63,,not_stage_2,0,494.2,526.43,-0.9,0.02191,"{'price_above_30w_ma': False, '30w_ma_rising': False, 'price_above_10w_ma': False, 'relative_strength_positive': False, 'near_52w_high': False}",improving,lagging,99.3,101.78,0.71,2.29,False,True,2026-09-28 ratio=98.59 momentum=99.49; 2026-09-29 ratio=101.04 momentum=102.80; 2026-09-30 ratio=100.68 momentum=102.58; 2026-10-01 ratio=100.05 momentum=102.09; 2026-10-05 ratio=99.30 momentum=101.78,8.9
stock,Castrol India,CASTROLIND.NS,Lubricants,"Oil, Gas & Consumable Fuels",19798.26,4.37,347.7,42.5,1871.47,25.03,18.36,60.27,,stage_2,5,199.51,186.3,0.9,0.00885,"{'price_above_30w_ma': True, '30w_ma_rising': True, 'price_above_10w_ma': True, 'relative_strength_positive': True, 'near_52w_high': True}",weakening,leading,102.25,96.68,-0.95,-5.28,False,False,2026-09-28 ratio=103.20 momentum=101.96; 2026-09-29 ratio=102.80 momentum=100.15; 2026-09-30 ratio=102.72 momentum=100.35; 2026-10-01 ratio=102.52 momentum=99.11; 2026-10-05 ratio=102.25 momentum=96.68,138.05
stock,Gulf Oil Lubric.,GULFOILLUB.NS,Lubricants,"Oil, Gas & Consumable Fuels",5385.35,4.69,127.52,31.93,1320.36,32.52,13.55,27.23,,stage_2,4,1068.7,1020.54,0.47,0.04738,"{'price_above_30w_ma': True, '30w_ma_rising': True, 'price_above_10w_ma': False, 'relative_strength_positive': True, 'near_52w_high': True}",leading,leading,100.41,100.51,-0.84,-2.28,False,False,2026-09-28 ratio=101.25 momentum=102.79; 2026-09-29 ratio=101.19 momentum=102.06; 2026-09-30 ratio=101.71 momentum=102.69; 2026-10-01 ratio=101.20 momentum=101.79; 2026-10-05 ratio=100.41 momentum=100.51,130.54
stock,Savita Oil Tech,SOTL.NS,Lubricants,"Oil, Gas & Consumable Fuels",5313.93,0.64,292.25,395.59,1479.77,49.6,12.44,13.96,,stage_2,5,727.2,549.88,9.67,0.03224,"{'price_above_30w_ma': True, '30w_ma_rising': True, 'price_above_10w_ma': True, 'relative_strength_positive': True, 'near_52w_high': True}",leading,weakening,101.52,101.98,0.53,3.92,True,False,2026-09-28 ratio=100.98 momentum=98.06; 2026-09-29 ratio=101.36 momentum=102.34; 2026-09-30 ratio=101.42 momentum=102.41; 2026-10-01 ratio=101.74 momentum=104.00; 2026-10-05 ratio=101.52 momentum=101.98,191.84
stock,Panama Petrochem,PANAMAPET.NS,Lubricants,"Oil, Gas & Consumable Fuels",3047.58,0.6,308.91,624.8,1735.15,150.3,6.37,19.15,,stage_2,4,482.2,393.7,7.36,0.02138,"{'price_above_30w_ma': True, '30w_ma_rising': True, 'price_above_10w_ma': False, 'relative_strength_positive': True, 'near_52w_high': True}",leading,weakening,101.37,102.19,0.76,3.21,True,False,2026-09-28 ratio=100.62 momentum=98.98; 2026-09-29 ratio=101.29 momentum=103.51; 2026-09-30 ratio=101.52 momentum=104.11; 2026-10-01 ratio=101.78 momentum=103.75; 2026-10-05 ratio=101.37 momentum=102.19,167.52
stock,Gandhar Oil Ref.,GANDHAR.NS,Lubricants,"Oil, Gas & Consumable Fuels",2774.56,0.71,205.89,633.09,1731.93,91.81,9.21,13.33,,stage_2,5,278.55,199.28,10.15,0.01235,"{'price_above_30w_ma': True, '30w_ma_rising': True, 'price_above_10w_ma': True, 'relative_strength_positive': True, 'near_52w_high': True}",leading,weakening,101.8,100.39,0.66,2.64,True,False,2026-09-28 ratio=101.14 momentum=97.76; 2026-09-29 ratio=101.72 momentum=102.14; 2026-09-30 ratio=101.96 momentum=102.90; 2026-10-01 ratio=102.14 momentum=101.80; 2026-10-05 ratio=101.80 momentum=100.39,186.25
stock,Veedol Corporat,VEEDOL.NS,Lubricants,"Oil, Gas & Consumable Fuels",2423.34,4.17,77.92,56.88,608.57,18.49,11.02,24.09,,not_stage_2,1,1350.4,1423.79,0.06,0.05987,"{'price_above_30w_ma': False, '30w_ma_rising': True, 'price_above_10w_ma': False, 'relative_strength_positive': False, 'near_52w_high': False}",improving,lagging,99.71,100.87,-0.12,2.46,False,False,2026-09-28 ratio=99.83 momentum=98.41; 2026-09-29 ratio=99.71 momentum=100.00; 2026-09-30 ratio=100.24 momentum=101.88; 2026-10-01 ratio=100.10 momentum=101.08; 2026-10-05 ratio=99.71 momentum=100.87,24.47
stock,GP Petroleums,GULFPETRO.NS,Lubricants,"Oil, Gas & Consumable Fuels",316.71,0.8,21.19,229.04,230.33,45.6,7.28,10.84,,stage_2,4,62.1,45.04,9.8,0.00275,"{'price_above_30w_ma': True, '30w_ma_rising': True, 'price_above_10w_ma': False, 'relative_strength_positive': True, 'near_52w_high': True}",weakening,weakening,100.63,99.84,0.1,2.99,False,False,2026-09-28 ratio=100.53 momentum=96.84; 2026-09-29 ratio=100.45 momentum=98.15; 2026-09-30 ratio=100.48 momentum=98.71; 2026-10-01 ratio=100.75 momentum=100.36; 2026-10-05 ratio=100.63 momentum=99.84,127.75
stock,Arabian Petrol.,ARABIAN.NS,Lubricants,"Oil, Gas & Consumable Fuels",113.39,0.0,5.21,3.37,200.25,36.98,10.07,18.46,,stage_2,5,96.75,75.08,3.15,0.00429,"{'price_above_30w_ma': True, '30w_ma_rising': True, 'price_above_10w_ma': True, 'relative_strength_positive': True, 'near_52w_high': True}",leading,leading,102.37,103.71,0.79,0.31,False,False,2026-09-28 ratio=101.58 momentum=103.40; 2026-09-29 ratio=101.32 momentum=103.25; 2026-09-30 ratio=101.33 momentum=102.14; 2026-10-01 ratio=101.40 momentum=103.58; 2026-10-05 ratio=102.37 momentum=103.71,181.7
stock,Sundrex Oil,SOCL.NS,Lubricants,"Oil, Gas & Consumable Fuels",39.51,0.0,2.9,-16.18,67.25,96.29,7.43,21.5,,insufficient_data,0,,,,,{},insufficient_data,insufficient_data,,,,,False,False,,0.0
stock,Venky's (India),VENKEYS.NS,Meat Products including Poultry,Fast Moving Consumer Goods,2384.55,0.59,49.99,215.79,1118.38,29.17,13.75,11.9,,stage_2,5,1642.7,1509.46,3.02,0.07283,"{'price_above_30w_ma': True, '30w_ma_rising': True, 'price_above_10w_ma': True, 'relative_strength_positive': True, 'near_52w_high': True}",leading,weakening,101.3,100.07,0.08,5.62,True,False,2026-09-28 ratio=101.21 momentum=94.44; 2026-09-29 ratio=101.21 momentum=93.71; 2026-09-30 ratio=100.79 momentum=95.42; 2026-10-01 ratio=101.14 momentum=98.31; 2026-10-05 ratio=101.30 momentum=100.07,167.89
stock,HMA Agro Inds.,HMAAGRO.NS,Meat Products including Poultry,Fast Moving Consumer Goods,1232.52,0.0,50.51,6158.02,2110.32,87.98,5.74,16.19,,not_stage_2,3,23.4,22.89,-1.2,0.00104,"{'price_above_30w_ma': True, '30w_ma_rising': False, 'price_above_10w_ma': True, 'relative_strength_positive': True, 'near_52w_high': False}",weakening,leading,101.64,95.75,-0.77,-11.44,False,False,2026-09-28 ratio=102.41 momentum=107.19; 2026-09-29 ratio=102.14 momentum=94.88; 2026-09-30 ratio=102.14 momentum=97.73; 2026-10-01 ratio=101.87 momentum=97.81; 2026-10-05 ratio=101.64 momentum=95.75,68.2
stock,SKM Egg Prod.,SKMEGGPROD.NS,Meat Products including Poultry,Fast Moving Consumer Goods,1102.84,0.6,23.82,46.5,184.26,4.87,9.91,30.7,,not_stage_2,1,201.4,226.78,3.14,0.00893,"{'price_above_30w_ma': False, '30w_ma_rising': True, 'price_above_10w_ma': False, 'relative_strength_positive': False, 'near_52w_high': False}",lagging,lagging,98.31,96.83,-0.37,1.11,False,False,2026-09-28 ratio=98.68 momentum=95.73; 2026-09-29 ratio=99.04 momentum=99.96; 2026-09-30 ratio=98.76 momentum=98.32; 2026-10-01 ratio=98.59 momentum=96.96; 2026-10-05 ratio=98.31 momentum=96.83,26.28
stock,Prime Focus,PFOCUS.NS,Media & Entertainment,"Media, Entertainment & Publication",22707.27,0.0,-45.78,-90.56,1266.81,23.81,127.2,11.28,,not_stage_2,3,285.65,284.97,2.39,0.01266,"{'price_above_30w_ma': True, '30w_ma_rising': True, 'price_above_10w_ma': False, 'relative_strength_positive': False, 'near_52w_high': True}",lagging,weakening,100.0,96.64,-1.23,-2.73,False,False,2026-09-28 ratio=101.22 momentum=99.37; 2026-09-29 ratio=101.30 momentum=98.80; 2026-09-30 ratio=101.24 momentum=98.83; 2026-10-01 ratio=100.73 momentum=97.55; 2026-10-05 ratio=100.00 momentum=96.64,64.78
stock,Saregama India,SAREGAMA.NS,Media & Entertainment,"Media, Entertainment & Publication",9711.81,0.89,51.88,40.64,263.6,27.48,42.55,17.29,,stage_2,4,497.1,445.07,5.1,0.02204,"{'price_above_30w_ma': True, '30w_ma_rising': True, 'price_above_10w_ma': False, 'relative_strength_positive': True, 'near_52w_high': True}",leading,weakening,101.36,101.18,0.76,1.97,True,False,2026-09-28 ratio=100.60 momentum=99.21; 2026-09-29 ratio=101.00 momentum=102.00; 2026-09-30 ratio=102.10 momentum=103.44; 2026-10-01 ratio=101.46 momentum=102.37; 2026-10-05 ratio=101.36 momentum=101.18,157.9
stock,Tips Music,TIPSMUSIC.NS,Media & Entertainment,"Media, Entertainment & Publication",8304.14,1.99,43.7,-4.67,106.51,20.94,38.69,118.47,,not_stage_2,3,639.1,640.47,2.75,0.02833,"{'price_above_30w_ma': False, '30w_ma_rising': True, 'price_above_10w_ma': False, 'relative_strength_positive': True, 'near_52w_high': True}",leading,leading,100.76,100.68,-0.57,-1.39,False,False,2026-09-28 ratio=101.33 momentum=102.07; 2026-09-29 ratio=100.97 momentum=100.30; 2026-09-30 ratio=101.67 momentum=103.06; 2026-10-01 ratio=101.23 momentum=102.03; 2026-10-05 ratio=100.76 momentum=100.68,92.7
stock,Netwrk.18 Media,NETWORK18.NS,Media & Entertainment,"Media, Entertainment & Publication",4041.54,0.0,-38.36,-2074.55,516.26,10.34,,3.01,,not_stage_2,0,25.44,30.6,-3.02,0.00113,"{'price_above_30w_ma': False, '30w_ma_rising': False, 'price_above_10w_ma': False, 'relative_strength_positive': False, 'near_52w_high': False}",lagging,improving,98.61,98.09,-0.16,-2.52,False,False,2026-09-28 ratio=98.77 momentum=100.61; 2026-09-29 ratio=98.78 momentum=101.66; 2026-09-30 ratio=98.95 momentum=102.41; 2026-10-01 ratio=98.73 momentum=100.29; 2026-10-05 ratio=98.61 momentum=98.09,0.0
stock,Balaji Telefilms,BALAJITELE.NS,Media & Entertainment,"Media, Entertainment & Publication",1105.66,0.0,22.39,489.25,240.29,229.93,,-10.07,,not_stage_2,1,90.61,91.79,-1.36,0.00402,"{'price_above_30w_ma': False, '30w_ma_rising': False, 'price_above_10w_ma': False, 'relative_strength_positive': True, 'near_52w_high': False}",weakening,leading,100.9,96.02,-0.63,-6.08,False,False,2026-09-28 ratio=101.53 momentum=102.10; 2026-09-29 ratio=101.11 momentum=95.69; 2026-09-30 ratio=101.05 momentum=99.29; 2026-10-01 ratio=100.93 momentum=95.06; 2026-10-05 ratio=100.90 momentum=96.02,24.5
stock,Basilic Fly Stud,BASILIC.NS,Media & Entertainment,"Media, Entertainment & Publication",501.0,0.0,6.7,-9.37,103.5,9.87,10.41,21.51,,not_stage_2,1,182.95,204.12,-2.67,0.00811,"{'price_above_30w_ma': False, '30w_ma_rising': False, 'price_above_10w_ma': False, 'relative_strength_positive': True, 'near_52w_high': False}",leading,lagging,100.73,102.07,2.47,5.01,True,False,2026-09-28 ratio=98.27 momentum=97.06; 2026-09-29 ratio=99.42 momentum=98.63; 2026-09-30 ratio=99.09 momentum=100.63; 2026-10-01 ratio=100.26 momentum=101.83; 2026-10-05 ratio=100.73 momentum=102.07,64.0
stock,Ent.Network,ENIL.NS,Media & Entertainment,"Media, Entertainment & Publication",439.9,2.17,-6.01,-11.5,113.69,-2.79,329.23,-1.77,,not_stage_2,0,91.69,106.73,-1.16,0.00407,"{'price_above_30w_ma': False, '30w_ma_rising': False, 'price_above_10w_ma': False, 'relative_strength_positive': False, 'near_52w_high': False}",lagging,lagging,97.98,95.72,-1.25,-1.92,False,False,2026-09-28 ratio=99.23 momentum=97.64; 2026-09-29 ratio=99.09 momentum=97.33; 2026-09-30 ratio=99.40 momentum=98.43; 2026-10-01 ratio=98.84 momentum=97.10; 2026-10-05 ratio=97.98 momentum=95.72,0.0
stock,Gretex Industrie,GRETEX.NS,Media & Entertainment,"Media, Entertainment & Publication",331.83,0.0,0.1,-92.09,27.6,43.97,225.73,3.26,,not_stage_2,0,214.0,269.45,-1.92,0.00949,"{'price_above_30w_ma': False, '30w_ma_rising': False, 'price_above_10w_ma': False, 'relative_strength_positive': False, 'near_52w_high': False}",improving,improving,98.8,103.25,0.29,-3.12,False,False,2026-09-28 ratio=98.51 momentum=106.36; 2026-09-29 ratio=98.60 momentum=103.34; 2026-09-30 ratio=98.68 momentum=103.59; 2026-10-01 ratio=98.80 momentum=103.62; 2026-10-05 ratio=98.80 momentum=103.25,16.25
stock,Shemaroo Entert.,SHEMAROO.NS,Media & Entertainment,"Media, Entertainment & Publication",321.99,0.0,-8.07,82.43,131.68,-5.62,,-39.34,,not_stage_2,2,110.56,113.35,2.16,0.0049,"{'price_above_30w_ma': False, '30w_ma_rising': True, 'price_above_10w_ma': False, 'relative_strength_positive': False, 'near_52w_high': True}",lagging,leading,98.86,99.39,-2.08,-1.72,False,False,2026-09-28 ratio=100.93 momentum=101.11; 2026-09-29 ratio=100.21 momentum=101.47; 2026-09-30 ratio=100.14 momentum=101.33; 2026-10-01 ratio=99.96 momentum=101.44; 2026-10-05 ratio=98.86 momentum=99.39,44.32
stock,Optimystix Entertainment,OPTIMYSTIX.NS,Media & Entertainment,"Media, Entertainment & Publication",309.48,0.0,,,,,12.92,27.26,,insufficient_data,0,,,,,{},insufficient_data,insufficient_data,,,,,False,False,,0.0
stock,Molbio Diagnosti,MOLBIO.NS,Medical Equipment & Supplies,Healthcare,17299.25,0.0,56.63,522.3,399.38,318.99,79.68,17.96,,insufficient_data,0,,,,,{},insufficient_data,insufficient_data,,,,,False,False,,0.0
stock,Poly Medicure,POLYMED.NS,Medical Equipment & Supplies,Healthcare,16582.96,0.21,85.28,-7.57,525.38,30.3,51.82,12.5,,not_stage_2,3,1619.6,1580.0,3.45,0.0718,"{'price_above_30w_ma': True, '30w_ma_rising': True, 'price_above_10w_ma': False, 'relative_strength_positive': False, 'near_52w_high': True}",lagging,lagging,99.75,97.22,-0.15,1.13,False,False,2026-09-28 ratio=99.90 momentum=96.09; 2026-09-29 ratio=100.16 momentum=97.75; 2026-09-30 ratio=100.90 momentum=99.94; 2026-10-01 ratio=100.41 momentum=98.67; 2026-10-05 ratio=99.75 momentum=97.22,66.9
stock,Fischer Medical,FISCHER.NS,Medical Equipment & Supplies,Healthcare,2310.51,0.15,3.79,-22.02,81.92,249.49,94.38,11.45,,not_stage_2,0,32.8,37.04,-1.24,0.00145,"{'price_above_30w_ma': False, '30w_ma_rising': False, 'price_above_10w_ma': False, 'relative_strength_positive': False, 'near_52w_high': False}",improving,lagging,98.83,101.74,-0.61,1.87,False,False,2026-09-28 ratio=99.44 momentum=99.87; 2026-09-29 ratio=99.25 momentum=101.26; 2026-09-30 ratio=99.29 momentum=101.94; 2026-10-01 ratio=99.48 momentum=102.40; 2026-10-05 ratio=98.83 momentum=101.74,8.7
stock,Tarsons Products,TARSONS.NS,Medical Equipment & Supplies,Healthcare,1766.17,0.0,-1.44,-180.9,110.24,20.67,149.17,4.59,,stage_2,5,335.95,265.55,7.21,0.01489,"{'price_above_30w_ma': True, '30w_ma_rising': True, 'price_above_10w_ma': True, 'relative_strength_positive': True, 'near_52w_high': True}",leading,leading,101.68,106.77,-0.07,4.72,False,False,2026-09-28 ratio=101.75 momentum=102.05; 2026-09-29 ratio=101.34 momentum=102.00; 2026-09-30 ratio=100.74 momentum=101.67; 2026-10-01 ratio=101.47 momentum=102.84; 2026-10-05 ratio=101.68 momentum=106.77,201.67
stock,Q-Line Biotech,QLINE.NS,Medical Equipment & Supplies,Healthcare,1535.34,0.0,34.41,147.29,197.94,-8.59,27.11,22.45,,insufficient_data,0,,,,,{},insufficient_data,insufficient_data,,,,,False,False,,0.0
stock,Laxmi Dental,LAXMIDENTL.NS,Medical Equipment & Supplies,Healthcare,1049.25,0.0,10.32,22.77,74.7,13.87,30.17,15.05,,not_stage_2,1,190.54,206.32,0.56,0.00845,"{'price_above_30w_ma': False, '30w_ma_rising': True, 'price_above_10w_ma': False, 'relative_strength_positive': False, 'near_52w_high': False}",improving,lagging,99.92,100.66,0.1,1.35,False,True,2026-09-28 ratio=99.81 momentum=99.31; 2026-09-29 ratio=99.89 momentum=100.53; 2026-09-30 ratio=99.90 momentum=101.47; 2026-10-01 ratio=100.54 momentum=102.07; 2026-10-05 ratio=99.92 momentum=100.66,24.42
stock,Vasa Denticity,DENTALKART.NS,Medical Equipment & Supplies,Healthcare,850.1,0.0,4.19,45.99,82.17,36.9,70.26,7.54,,stage_2,5,465.0,404.93,0.05,0.02062,"{'price_above_30w_ma': True, '30w_ma_rising': True, 'price_above_10w_ma': True, 'relative_strength_positive': True, 'near_52w_high': True}",leading,leading,103.13,101.3,0.67,-2.17,False,False,2026-09-28 ratio=102.46 momentum=103.47; 2026-09-29 ratio=102.89 momentum=103.67; 2026-09-30 ratio=103.78 momentum=103.47; 2026-10-01 ratio=103.40 momentum=103.10; 2026-10-05 ratio=103.13 momentum=101.30,167.25
stock,OSEL Devices,OSELDEVICE.NS,Medical Equipment & Supplies,Healthcare,668.55,0.0,14.06,16.78,145.81,47.1,22.86,24.4,,insufficient_data,0,,,,,{},insufficient_data,insufficient_data,,,,,False,False,,0.0
stock,QMS Medical,QMSMEDI.NS,Medical Equipment & Supplies,Healthcare,372.65,0.26,3.96,24.57,56.87,22.3,34.66,12.92,,stage_2,5,185.89,115.47,13.75,0.00824,"{'price_above_30w_ma': True, '30w_ma_rising': True, 'price_above_10w_ma': True, 'relative_strength_positive': True, 'near_52w_high': True}",weakening,leading,101.33,97.74,-1.07,-6.11,False,False,2026-09-28 ratio=102.41 momentum=103.85; 2026-09-29 ratio=102.55 momentum=102.47; 2026-09-30 ratio=102.09 momentum=101.59; 2026-10-01 ratio=101.73 momentum=99.26; 2026-10-05 ratio=101.33 momentum=97.74,159.15
stock,Nureca,NURECA.NS,Medical Equipment & Supplies,Healthcare,316.65,0.0,3.07,279.01,40.34,18.02,72.96,3.3,,stage_2,5,339.05,285.78,3.26,0.01503,"{'price_above_30w_ma': True, '30w_ma_rising': True, 'price_above_10w_ma': True, 'relative_strength_positive': True, 'near_52w_high': True}",weakening,leading,101.25,99.66,-1.5,-3.52,False,False,2026-09-28 ratio=102.74 momentum=103.18; 2026-09-29 ratio=102.61 momentum=103.01; 2026-09-30 ratio=102.75 momentum=102.22; 2026-10-01 ratio=101.93 momentum=101.46; 2026-10-05 ratio=101.25 momentum=99.66,137.77
stock,CreditAcc. Gram.,CREDITACC.NS,Microfinance Institutions,Financial Services,20311.09,0.0,493.39,719.72,1783.49,21.92,16.77,9.98,,not_stage_2,2,1251.5,1367.75,0.64,0.05548,"{'price_above_30w_ma': False, '30w_ma_rising': True, 'price_above_10w_ma': False, 'relative_strength_positive': False, 'near_52w_high': True}",lagging,lagging,98.37,98.54,0.61,1.45,False,False,2026-09-28 ratio=97.76 momentum=97.09; 2026-09-29 ratio=97.43 momentum=96.58; 2026-09-30 ratio=98.44 momentum=97.66; 2026-10-01 ratio=98.21 momentum=98.95; 2026-10-05 ratio=98.37 momentum=98.54,41.28
stock,Muthoot Microfin,MUTHOOTMF.NS,Microfinance Institutions,Financial Services,3011.57,0.0,81.34,1216.18,668.64,19.69,12.27,9.31,,not_stage_2,1,176.38,195.44,1.12,0.00782,"{'price_above_30w_ma': False, '30w_ma_rising': True, 'price_above_10w_ma': False, 'relative_strength_positive': False, 'near_52w_high': False}",improving,lagging,98.84,101.71,0.1,5.3,False,True,2026-09-28 ratio=98.74 momentum=96.41; 2026-09-29 ratio=98.74 momentum=101.58; 2026-09-30 ratio=98.85 momentum=103.84; 2026-10-01 ratio=98.73 momentum=101.03; 2026-10-05 ratio=98.84 momentum=101.71,30.79
stock,Fusion Finance,FUSION.NS,Microfinance Institutions,Financial Services,2740.89,0.0,62.41,167.65,458.17,3.59,16.27,5.92,,not_stage_2,0,167.63,188.38,-0.14,0.00743,"{'price_above_30w_ma': False, '30w_ma_rising': False, 'price_above_10w_ma': False, 'relative_strength_positive': False, 'near_52w_high': False}",lagging,lagging,97.92,96.59,-0.24,-0.28,False,False,2026-09-28 ratio=98.15 momentum=96.87; 2026-09-29 ratio=98.38 momentum=96.91; 2026-09-30 ratio=98.65 momentum=100.28; 2026-10-01 ratio=98.43 momentum=98.50; 2026-10-05 ratio=97.92 momentum=96.59,0.0
stock,Satin Creditcare,SATIN.NS,Microfinance Institutions,Financial Services,2513.2,0.0,122.65,172.0,762.14,8.39,6.13,13.84,,stage_2,4,216.29,214.21,4.81,0.00959,"{'price_above_30w_ma': True, '30w_ma_rising': True, 'price_above_10w_ma': False, 'relative_strength_positive': True, 'near_52w_high': True}",leading,leading,100.01,100.8,-1.12,-2.32,False,False,2026-09-28 ratio=101.13 momentum=103.11; 2026-09-29 ratio=101.44 momentum=103.01; 2026-09-30 ratio=101.14 momentum=102.35; 2026-10-01 ratio=100.96 momentum=102.03; 2026-10-05 ratio=100.01 momentum=100.80,138.67
stock,Spandana Sphoort,SPANDANA.NS,Microfinance Institutions,Financial Services,1933.59,0.0,11.88,103.3,283.91,-5.51,,-5.78,,not_stage_2,0,213.52,244.27,-1.05,0.00947,"{'price_above_30w_ma': False, '30w_ma_rising': False, 'price_above_10w_ma': False, 'relative_strength_positive': False, 'near_52w_high': False}",lagging,improving,98.29,97.5,-1.26,-4.55,False,False,2026-09-28 ratio=99.55 momentum=102.05; 2026-09-29 ratio=99.51 momentum=102.65; 2026-09-30 ratio=99.12 momentum=100.90; 2026-10-01 ratio=98.89 momentum=99.24; 2026-10-05 ratio=98.29 momentum=97.50,0.0
stock,Bajaj Finance,BAJFINANCE.NS,Non Banking Financial Company (NBFC),Financial Services,599004.13,0.56,6080.6,27.37,23165.45,18.65,29.25,10.87,,not_stage_2,2,970.0,976.19,0.43,0.043,"{'price_above_30w_ma': False, '30w_ma_rising': True, 'price_above_10w_ma': False, 'relative_strength_positive': False, 'near_52w_high': True}",lagging,lagging,98.82,97.56,-0.0,-0.44,False,False,2026-09-28 ratio=98.83 momentum=98.01; 2026-09-29 ratio=98.51 momentum=98.36; 2026-09-30 ratio=98.16 momentum=98.41; 2026-10-01 ratio=98.15 momentum=98.19; 2026-10-05 ratio=98.82 momentum=97.56,40.86
stock,Shriram Finance,SHRIRAMFIN.NS,Non Banking Financial Company (NBFC),Financial Services,226242.15,1.12,3452.77,59.89,13400.43,16.16,19.99,11.49,,not_stage_2,1,971.4,1004.38,-0.76,0.04307,"{'price_above_30w_ma': False, '30w_ma_rising': False, 'price_above_10w_ma': False, 'relative_strength_positive': False, 'near_52w_high': True}",lagging,lagging,99.17,99.43,0.2,2.74,False,False,2026-09-28 ratio=98.97 momentum=96.69; 2026-09-29 ratio=98.90 momentum=101.20; 2026-09-30 ratio=99.38 momentum=105.36; 2026-10-01 ratio=98.54 momentum=98.20; 2026-10-05 ratio=99.17 momentum=99.43,20.0
stock,Cholaman.Inv.&Fn,CHOLAFIN.NS,Non Banking Financial Company (NBFC),Financial Services,137415.64,0.12,1656.22,45.56,8856.29,21.87,23.89,9.71,,not_stage_2,2,1605.4,1672.08,0.21,0.07117,"{'price_above_30w_ma': False, '30w_ma_rising': True, 'price_above_10w_ma': False, 'relative_strength_positive': False, 'near_52w_high': True}",lagging,lagging,97.9,96.75,-0.02,0.41,False,False,2026-09-28 ratio=97.92 momentum=96.34; 2026-09-29 ratio=97.95 momentum=97.06; 2026-09-30 ratio=97.99 momentum=97.91; 2026-10-01 ratio=97.55 momentum=97.65; 2026-10-05 ratio=97.90 momentum=96.75,40.42
stock,Tata Capital,TATACAP.NS,Non Banking Financial Company (NBFC),Financial Services,136684.19,0.18,1628.18,56.32,8821.93,15.1,25.15,8.58,,not_stage_2,2,317.6,339.98,0.17,0.01408,"{'price_above_30w_ma': False, '30w_ma_rising': True, 'price_above_10w_ma': False, 'relative_strength_positive': False, 'near_52w_high': True}",lagging,lagging,97.6,95.72,-0.75,0.32,False,False,2026-09-28 ratio=98.34 momentum=95.40; 2026-09-29 ratio=98.84 momentum=95.97; 2026-09-30 ratio=98.60 momentum=98.38; 2026-10-01 ratio=97.95 momentum=97.72; 2026-10-05 ratio=97.60 momentum=95.72,40.34
stock,Muthoot Finance,MUTHOOTFIN.NS,Non Banking Financial Company (NBFC),Financial Services,107612.59,1.12,2824.84,38.83,8671.6,34.44,9.46,15.8,,not_stage_2,0,2716.4,3119.19,-2.39,0.12043,"{'price_above_30w_ma': False, '30w_ma_rising': False, 'price_above_10w_ma': False, 'relative_strength_positive': False, 'near_52w_high': False}",lagging,improving,99.63,99.25,-0.09,-2.35,False,False,2026-09-28 ratio=99.72 momentum=101.60; 2026-09-29 ratio=99.57 momentum=102.68; 2026-09-30 ratio=99.72 momentum=102.28; 2026-10-01 ratio=99.57 momentum=102.94; 2026-10-05 ratio=99.63 momentum=99.25,0.0
stock,L&T Finance Ltd,LTF.NS,Non Banking Financial Company (NBFC),Financial Services,66156.39,1.04,915.99,28.72,5212.92,22.38,20.66,8.4,,not_stage_2,2,263.75,290.84,0.15,0.01169,"{'price_above_30w_ma': False, '30w_ma_rising': True, 'price_above_10w_ma': False, 'relative_strength_positive': False, 'near_52w_high': True}",lagging,lagging,97.2,97.28,-0.61,-0.85,False,False,2026-09-28 ratio=97.81 momentum=98.13; 2026-09-29 ratio=96.79 momentum=98.53; 2026-09-30 ratio=96.61 momentum=98.79; 2026-10-01 ratio=97.15 momentum=98.51; 2026-10-05 ratio=97.20 momentum=97.28,40.3
stock,SBI Cards,SBICARD.NS,Non Banking Financial Company (NBFC),Financial Services,54091.03,0.44,664.44,19.51,5040.55,3.36,23.77,10.1,,not_stage_2,0,566.0,635.36,-3.04,0.02509,"{'price_above_30w_ma': False, '30w_ma_rising': False, 'price_above_10w_ma': False, 'relative_strength_positive': False, 'near_52w_high': False}",lagging,lagging,97.79,96.55,-0.78,0.36,False,False,2026-09-28 ratio=98.57 momentum=96.18; 2026-09-29 ratio=98.11 momentum=97.97; 2026-09-30 ratio=98.18 momentum=98.45; 2026-10-01 ratio=97.70 momentum=97.42; 2026-10-05 ratio=97.79 momentum=96.55,0.0
stock,HDB FINANC SER,HDBFS.NS,Non Banking Financial Company (NBFC),Financial Services,51226.91,0.65,785.2,38.31,4937.9,10.58,18.55,9.09,,not_stage_2,1,622.55,672.02,-0.74,0.0276,"{'price_above_30w_ma': False, '30w_ma_rising': False, 'price_above_10w_ma': False, 'relative_strength_positive': False, 'near_52w_high': True}",lagging,lagging,98.7,96.58,-0.47,-2.37,False,False,2026-09-28 ratio=99.17 momentum=98.95; 2026-09-29 ratio=98.85 momentum=98.40; 2026-09-30 ratio=98.37 momentum=97.53; 2026-10-01 ratio=98.59 momentum=97.77; 2026-10-05 ratio=98.70 momentum=96.58,20.0
stock,Sundaram Finance,SUNDARMFIN.NS,Non Banking Financial Company (NBFC),Financial Services,48317.05,0.92,636.19,33.88,2644.13,12.57,21.21,9.44,,not_stage_2,1,4268.4,4553.09,-2.34,0.18924,"{'price_above_30w_ma': False, '30w_ma_rising': False, 'price_above_10w_ma': False, 'relative_strength_positive': False, 'near_52w_high': True}",lagging,weakening,99.58,96.53,-1.07,-0.65,False,False,2026-09-28 ratio=100.65 momentum=97.17; 2026-09-29 ratio=99.91 momentum=96.38; 2026-09-30 ratio=100.15 momentum=97.41; 2026-10-01 ratio=100.67 momentum=98.34; 2026-10-05 ratio=99.58 momentum=96.53,20.0
stock,Authum Invest,AIIL.NS,Non Banking Financial Company (NBFC),Financial Services,46703.21,0.02,1114.81,18.43,1448.22,19.65,22.31,13.63,,stage_2,4,551.6,517.19,2.07,0.02445,"{'price_above_30w_ma': True, '30w_ma_rising': True, 'price_above_10w_ma': False, 'relative_strength_positive': True, 'near_52w_high': True}",leading,leading,101.79,100.54,0.21,-0.57,False,False,2026-09-28 ratio=101.58 momentum=101.11; 2026-09-29 ratio=101.23 momentum=101.35; 2026-09-30 ratio=101.59 momentum=102.74; 2026-10-01 ratio=101.38 momentum=105.59; 2026-10-05 ratio=101.79 momentum=100.54,140.79
stock,Dolphin Offshore,DOLPHIN.NS,Offshore Support Solution Drilling,"Oil, Gas & Consumable Fuels",2581.59,0.0,14.81,30.71,42.85,160.64,35.85,14.92,,stage_2,5,621.0,467.15,6.89,0.02753,"{'price_above_30w_ma': True, '30w_ma_rising': True, 'price_above_10w_ma': True, 'relative_strength_positive': True, 'near_52w_high': True}",weakening,weakening,100.67,97.92,-0.31,0.43,False,False,2026-09-28 ratio=100.98 momentum=97.49; 2026-09-29 ratio=100.98 momentum=97.77; 2026-09-30 ratio=100.85 momentum=98.47; 2026-10-01 ratio=100.79 momentum=97.56; 2026-10-05 ratio=100.67 momentum=97.92,142.13
stock,Jindal Drilling,JINDRILL.NS,Offshore Support Solution Drilling,"Oil, Gas & Consumable Fuels",1712.87,0.17,47.14,-28.69,275.39,8.38,8.79,13.67,,not_stage_2,3,585.95,582.34,2.53,0.02598,"{'price_above_30w_ma': True, '30w_ma_rising': True, 'price_above_10w_ma': False, 'relative_strength_positive': False, 'near_52w_high': True}",leading,leading,100.15,100.46,-1.28,-0.02,False,False,2026-09-28 ratio=101.43 momentum=100.49; 2026-09-29 ratio=100.58 momentum=100.54; 2026-09-30 ratio=100.66 momentum=101.07; 2026-10-01 ratio=100.35 momentum=101.44; 2026-10-05 ratio=100.15 momentum=100.46,88.11
stock,Alphageo (India),ALPHAGEO.NS,Offshore Support Solution Drilling,"Oil, Gas & Consumable Fuels",162.53,1.99,14.86,1660.49,82.13,101.1,,-7.2,,not_stage_2,3,254.75,235.05,4.3,0.01129,"{'price_above_30w_ma': True, '30w_ma_rising': True, 'price_above_10w_ma': False, 'relative_strength_positive': False, 'near_52w_high': True}",lagging,weakening,99.63,97.34,-0.45,1.8,False,False,2026-09-28 ratio=100.07 momentum=95.55; 2026-09-29 ratio=99.82 momentum=96.24; 2026-09-30 ratio=99.75 momentum=96.97; 2026-10-01 ratio=99.80 momentum=97.35; 2026-10-05 ratio=99.63 momentum=97.34,68.6
stock,Aban Offshore,ABAN.NS,Offshore Support Solution Drilling,"Oil, Gas & Consumable Fuels",99.06,0.0,83.72,133.12,165.26,44.43,,,,not_stage_2,2,16.12,17.08,-5.21,0.00071,"{'price_above_30w_ma': False, '30w_ma_rising': False, 'price_above_10w_ma': True, 'relative_strength_positive': True, 'near_52w_high': False}",leading,lagging,100.79,102.37,1.47,2.42,True,False,2026-09-28 ratio=99.32 momentum=99.96; 2026-09-29 ratio=99.53 momentum=100.55; 2026-09-30 ratio=99.76 momentum=100.97; 2026-10-01 ratio=100.35 momentum=102.58; 2026-10-05 ratio=100.79 momentum=102.37,85.8
stock,Aakash Explor.,AAKASH.NS,Offshore Support Solution Drilling,"Oil, Gas & Consumable Fuels",83.13,0.0,0.52,-3.7,27.89,16.89,23.89,7.63,,not_stage_2,2,8.44,8.76,-0.65,0.00037,"{'price_above_30w_ma': False, '30w_ma_rising': False, 'price_above_10w_ma': False, 'relative_strength_positive': True, 'near_52w_high': True}",weakening,weakening,100.4,98.97,-1.12,1.12,False,False,2026-09-28 ratio=101.51 momentum=97.85; 2026-09-29 ratio=100.73 momentum=98.32; 2026-09-30 ratio=100.26 momentum=98.36; 2026-10-01 ratio=100.16 momentum=98.05; 2026-10-05 ratio=100.40 momentum=98.97,42.0
stock,Deep Industries,DEEPINDS.NS,Oil Equipment & Services,"Oil, Gas & Consumable Fuels",4800.99,0.33,89.14,45.12,278.92,39.81,11.58,16.47,,stage_2,5,747.05,558.91,10.78,0.03312,"{'price_above_30w_ma': True, '30w_ma_rising': True, 'price_above_10w_ma': True, 'relative_strength_positive': True, 'near_52w_high': True}",weakening,weakening,101.07,99.23,-0.26,1.82,False,False,2026-09-28 ratio=101.33 momentum=97.41; 2026-09-29 ratio=101.45 momentum=101.54; 2026-09-30 ratio=101.18 momentum=99.69; 2026-10-01 ratio=101.16 momentum=99.95; 2026-10-05 ratio=101.07 momentum=99.23,151.91
stock,Asian Energy,ASIANENE.NS,Oil Equipment & Services,"Oil, Gas & Consumable Fuels",2257.71,0.27,12.76,115.5,271.19,135.06,34.95,16.33,,stage_2,4,458.65,377.28,7.08,0.02033,"{'price_above_30w_ma': True, '30w_ma_rising': True, 'price_above_10w_ma': False, 'relative_strength_positive': True, 'near_52w_high': True}",weakening,weakening,100.45,95.61,-0.33,2.87,False,False,2026-09-28 ratio=100.78 momentum=92.74; 2026-09-29 ratio=100.84 momentum=97.55; 2026-09-30 ratio=100.73 momentum=95.65; 2026-10-01 ratio=100.68 momentum=96.78; 2026-10-05 ratio=100.45 momentum=95.61,121.41
stock,Oil Country,OILCOUNTUB.NS,Oil Equipment & Services,"Oil, Gas & Consumable Fuels",423.42,0.0,-15.11,-71.51,17.44,-29.02,,-25.38,,stage_2,5,79.7,58.4,6.57,0.00353,"{'price_above_30w_ma': True, '30w_ma_rising': True, 'price_above_10w_ma': True, 'relative_strength_positive': True, 'near_52w_high': True}",leading,leading,102.77,102.89,-0.14,-1.12,False,False,2026-09-28 ratio=102.91 momentum=104.01; 2026-09-29 ratio=102.91 momentum=102.98; 2026-09-30 ratio=102.90 momentum=103.25; 2026-10-01 ratio=102.92 momentum=103.20; 2026-10-05 ratio=102.77 momentum=102.89,186.44
stock,Teja Engineering,TEJA.NS,Oil Equipment & Services,"Oil, Gas & Consumable Fuels",136.08,0.0,3.32,36.63,43.98,48.03,21.77,33.1,,insufficient_data,0,,,,,{},insufficient_data,insufficient_data,,,,,False,False,,0.0
stock,O N G C,ONGC.NS,Oil Exploration & Production,"Oil, Gas & Consumable Fuels",281299.4,5.91,6554.44,20.84,204987.35,25.68,6.43,14.15,,not_stage_2,2,224.9,255.4,-2.36,0.00997,"{'price_above_30w_ma': False, '30w_ma_rising': False, 'price_above_10w_ma': False, 'relative_strength_positive': True, 'near_52w_high': True}",leading,leading,100.34,100.54,-0.32,-1.03,False,False,2026-09-28 ratio=100.66 momentum=101.58; 2026-09-29 ratio=100.80 momentum=99.59; 2026-09-30 ratio=100.23 momentum=98.48; 2026-10-01 ratio=100.00 momentum=99.71; 2026-10-05 ratio=100.34 momentum=100.54,64.4
stock,Oil India,OIL.NS,Oil Exploration & Production,"Oil, Gas & Consumable Fuels",73191.87,2.57,4026.83,91.4,12503.32,57.7,8.76,11.51,,not_stage_2,1,446.5,463.11,-0.52,0.0198,"{'price_above_30w_ma': False, '30w_ma_rising': False, 'price_above_10w_ma': False, 'relative_strength_positive': False, 'near_52w_high': True}",weakening,weakening,100.06,97.71,-0.88,-0.17,False,False,2026-09-28 ratio=100.94 momentum=97.87; 2026-09-29 ratio=100.58 momentum=96.50; 2026-09-30 ratio=100.14 momentum=95.29; 2026-10-01 ratio=100.08 momentum=97.09; 2026-10-05 ratio=100.06 momentum=97.71,20.3
stock,Vedanta Oil and Gas,VOGL.NS,Oil Exploration & Production,"Oil, Gas & Consumable Fuels",12270.61,0.0,945.0,2691.59,2507.0,8.48,57.08,,,insufficient_data,0,,,,,{},lagging,lagging,98.01,97.83,-1.23,1.95,False,False,2026-09-28 ratio=99.23 momentum=95.88; 2026-09-29 ratio=99.64 momentum=99.87; 2026-09-30 ratio=99.24 momentum=98.55; 2026-10-01 ratio=98.74 momentum=97.79; 2026-10-05 ratio=98.01 momentum=97.83,0.0
stock,Antelopus Selan,ANTELOPUS.NS,Oil Exploration & Production,"Oil, Gas & Consumable Fuels",3890.48,0.0,54.32,450.71,131.04,158.82,27.75,19.92,,stage_2,5,1103.4,812.36,10.49,0.04892,"{'price_above_30w_ma': True, '30w_ma_rising': True, 'price_above_10w_ma': True, 'relative_strength_positive': True, 'near_52w_high': True}",weakening,weakening,101.24,97.88,-0.55,1.35,False,False,2026-09-28 ratio=101.79 momentum=96.53; 2026-09-29 ratio=101.73 momentum=98.84; 2026-09-30 ratio=101.46 momentum=94.91; 2026-10-01 ratio=101.35 momentum=96.65; 2026-10-05 ratio=101.24 momentum=97.88,152.18
stock,Prabha Energy,PRABHA.NS,Oil Exploration & Production,"Oil, Gas & Consumable Fuels",3456.27,0.0,0.29,226.09,1.69,49.56,3142.07,-0.09,,stage_2,5,214.9,174.17,4.48,0.00953,"{'price_above_30w_ma': True, '30w_ma_rising': True, 'price_above_10w_ma': True, 'relative_strength_positive': True, 'near_52w_high': True}",weakening,weakening,100.69,96.34,-0.31,0.87,False,False,2026-09-28 ratio=101.00 momentum=95.46; 2026-09-29 ratio=101.00 momentum=94.30; 2026-09-30 ratio=100.93 momentum=96.98; 2026-10-01 ratio=100.85 momentum=98.18; 2026-10-05 ratio=100.69 momentum=96.34,137.41
stock,Hind.Oil Explor.,HINDOILEXP.NS,Oil Exploration & Production,"Oil, Gas & Consumable Fuels",2198.81,0.0,6.24,-47.91,114.18,45.17,87.53,3.49,,stage_2,4,164.87,159.83,2.59,0.00731,"{'price_above_30w_ma': True, '30w_ma_rising': True, 'price_above_10w_ma': False, 'relative_strength_positive': True, 'near_52w_high': True}",weakening,weakening,100.44,94.59,-0.59,-1.84,False,False,2026-09-28 ratio=101.03 momentum=96.43; 2026-09-29 ratio=101.09 momentum=98.63; 2026-09-30 ratio=100.93 momentum=96.86; 2026-10-01 ratio=100.71 momentum=95.28; 2026-10-05 ratio=100.44 momentum=94.59,112.38
stock,Guj.Nat.Resour.,GNRL.NS,Oil Exploration & Production,"Oil, Gas & Consumable Fuels",1517.35,0.0,11.35,488.08,5.72,70.75,78.58,7.26,,insufficient_data,0,,,,,{},insufficient_data,insufficient_data,,,,,False,False,,0.0
stock,L T Foods,LTFOODS.NS,Other Agricultural Products,Fast Moving Consumer Goods,14181.86,0.74,183.45,8.87,3151.83,27.92,22.15,17.6,,not_stage_2,3,405.8,405.56,0.45,0.01799,"{'price_above_30w_ma': True, '30w_ma_rising': True, 'price_above_10w_ma': False, 'relative_strength_positive': False, 'near_52w_high': True}",weakening,weakening,100.26,98.58,-0.06,4.89,False,False,2026-09-28 ratio=100.32 momentum=93.69; 2026-09-29 ratio=100.10 momentum=96.66; 2026-09-30 ratio=100.03 momentum=97.87; 2026-10-01 ratio=100.10 momentum=97.96; 2026-10-05 ratio=100.26 momentum=98.58,62.2
stock,KRBL,KRBL.NS,Other Agricultural Products,Fast Moving Consumer Goods,8908.42,1.16,260.74,73.16,1495.86,-5.59,11.75,15.16,,not_stage_2,3,382.15,366.76,2.04,0.01694,"{'price_above_30w_ma': True, '30w_ma_rising': True, 'price_above_10w_ma': False, 'relative_strength_positive': False, 'near_52w_high': True}",weakening,weakening,100.3,98.98,-0.02,6.0,False,False,2026-09-28 ratio=100.31 momentum=92.97; 2026-09-29 ratio=100.43 momentum=97.28; 2026-09-30 ratio=100.30 momentum=97.60; 2026-10-01 ratio=100.19 momentum=97.45; 2026-10-05 ratio=100.30 momentum=98.98,65.58
stock,Guj. Ambuja Exp,GAEL.NS,Other Agricultural Products,Fast Moving Consumer Goods,7454.9,0.18,176.77,171.87,1594.22,23.47,17.79,12.46,,stage_2,4,158.28,157.94,1.78,0.00702,"{'price_above_30w_ma': True, '30w_ma_rising': True, 'price_above_10w_ma': False, 'relative_strength_positive': True, 'near_52w_high': True}",improving,weakening,99.96,101.01,-0.33,1.09,False,False,2026-09-28 ratio=100.29 momentum=99.91; 2026-09-29 ratio=100.46 momentum=101.46; 2026-09-30 ratio=100.32 momentum=101.81; 2026-10-01 ratio=100.11 momentum=100.33; 2026-10-05 ratio=99.96 momentum=101.01,113.61
stock,TruAlt Bioenergy,TRUALT.NS,Other Agricultural Products,Fast Moving Consumer Goods,3803.97,0.0,59.27,1108.25,626.88,106.29,24.32,10.44,,not_stage_2,3,442.3,451.75,1.37,0.01961,"{'price_above_30w_ma': False, '30w_ma_rising': True, 'price_above_10w_ma': False, 'relative_strength_positive': True, 'near_52w_high': True}",leading,leading,101.24,101.32,-1.07,-2.01,False,False,2026-09-28 ratio=102.31 momentum=103.33; 2026-09-29 ratio=102.24 momentum=102.80; 2026-09-30 ratio=102.66 momentum=102.31; 2026-10-01 ratio=101.53 momentum=101.33; 2026-10-05 ratio=101.24 momentum=101.32,95.54
stock,Kaveri Seed Co.,KSCL.NS,Other Agricultural Products,Fast Moving Consumer Goods,3687.61,0.7,279.84,-14.18,742.5,-13.51,14.77,15.82,,not_stage_2,0,701.55,837.39,-0.9,0.0311,"{'price_above_30w_ma': False, '30w_ma_rising': False, 'price_above_10w_ma': False, 'relative_strength_positive': False, 'near_52w_high': False}",improving,leading,99.43,100.92,-1.63,-0.95,False,False,2026-09-28 ratio=101.07 momentum=101.87; 2026-09-29 ratio=100.40 momentum=101.48; 2026-09-30 ratio=100.07 momentum=101.46; 2026-10-01 ratio=100.00 momentum=101.20; 2026-10-05 ratio=99.43 momentum=100.92,4.6
stock,A C J K Exports,AEROPLANE.NS,Other Agricultural Products,Fast Moving Consumer Goods,2165.58,0.0,36.63,127.52,663.73,55.1,17.49,15.66,,insufficient_data,0,,,,,{},leading,weakening,102.09,101.42,0.46,4.55,True,False,2026-09-28 ratio=101.64 momentum=96.87; 2026-09-29 ratio=101.68 momentum=98.51; 2026-09-30 ratio=101.98 momentum=102.04; 2026-10-01 ratio=102.10 momentum=104.80; 2026-10-05 ratio=102.09 momentum=101.42,47.55
stock,Sanstar,SANSTAR.NS,Other Agricultural Products,Fast Moving Consumer Goods,2085.79,0.0,9.21,2808.82,206.16,21.51,47.4,5.83,,not_stage_2,3,104.73,104.96,2.92,0.00464,"{'price_above_30w_ma': False, '30w_ma_rising': True, 'price_above_10w_ma': False, 'relative_strength_positive': True, 'near_52w_high': True}",weakening,weakening,100.13,95.48,-0.44,-3.82,False,False,2026-09-28 ratio=100.57 momentum=99.30; 2026-09-29 ratio=100.33 momentum=98.49; 2026-09-30 ratio=100.15 momentum=97.55; 2026-10-01 ratio=99.80 momentum=96.02; 2026-10-05 ratio=100.13 momentum=95.48,66.49
stock,GRM Overseas,GRMOVER.NS,Other Agricultural Products,Fast Moving Consumer Goods,1634.04,0.0,21.04,10.21,426.51,30.52,21.37,13.99,,not_stage_2,0,78.5,117.38,-8.25,0.00348,"{'price_above_30w_ma': False, '30w_ma_rising': False, 'price_above_10w_ma': False, 'relative_strength_positive': False, 'near_52w_high': False}",improving,lagging,98.63,101.58,-0.05,2.81,False,False,2026-09-28 ratio=98.68 momentum=98.77; 2026-09-29 ratio=98.32 momentum=97.93; 2026-09-30 ratio=98.59 momentum=100.31; 2026-10-01 ratio=98.50 momentum=102.85; 2026-10-05 ratio=98.63 momentum=101.58,7.9
stock,Chamanlal Setia,CLSEL.NS,Other Agricultural Products,Fast Moving Consumer Goods,1454.31,1.03,31.99,47.83,345.92,12.58,11.62,18.18,,stage_2,4,283.1,279.02,1.44,0.01255,"{'price_above_30w_ma': True, '30w_ma_rising': True, 'price_above_10w_ma': False, 'relative_strength_positive': True, 'near_52w_high': True}",weakening,weakening,100.62,97.49,-0.1,-0.46,False,False,2026-09-28 ratio=100.72 momentum=97.95; 2026-09-29 ratio=100.48 momentum=100.33; 2026-09-30 ratio=100.69 momentum=96.02; 2026-10-01 ratio=100.69 momentum=97.11; 2026-10-05 ratio=100.62 momentum=97.49,110.98
stock,AVT Natural Prod,AVTNPL.NS,Other Agricultural Products,Fast Moving Consumer Goods,1366.82,0.89,31.1,156.6,241.21,82.16,16.31,14.22,,stage_2,5,88.84,73.72,4.9,0.00394,"{'price_above_30w_ma': True, '30w_ma_rising': True, 'price_above_10w_ma': True, 'relative_strength_positive': True, 'near_52w_high': True}",leading,weakening,100.99,100.15,0.13,2.05,True,False,2026-09-28 ratio=100.87 momentum=98.10; 2026-09-29 ratio=101.40 momentum=100.51; 2026-09-30 ratio=101.29 momentum=100.62; 2026-10-01 ratio=100.98 momentum=100.01; 2026-10-05 ratio=100.99 momentum=100.15,170.5
stock,AU Small Finance,AUBANK.NS,Other Bank,Financial Services,77255.71,0.1,795.95,37.03,5302.74,21.11,27.05,7.66,,stage_2,4,1029.2,1017.49,0.85,0.04563,"{'price_above_30w_ma': True, '30w_ma_rising': True, 'price_above_10w_ma': False, 'relative_strength_positive': True, 'near_52w_high': True}",leading,lagging,101.31,100.59,1.63,3.69,True,False,2026-09-28 ratio=99.68 momentum=96.90; 2026-09-29 ratio=100.07 momentum=99.22; 2026-09-30 ratio=100.37 momentum=99.89; 2026-10-01 ratio=99.73 momentum=98.22; 2026-10-05 ratio=101.31 momentum=100.59,146.2
stock,Ujjivan Small,UJJIVANSFB.NS,Other Bank,Financial Services,12568.53,0.0,316.54,206.67,2024.92,25.08,13.87,7.73,,stage_2,4,66.59,61.59,1.92,0.00295,"{'price_above_30w_ma': True, '30w_ma_rising': True, 'price_above_10w_ma': False, 'relative_strength_positive': True, 'near_52w_high': True}",leading,lagging,101.08,101.83,1.78,4.2,True,False,2026-09-28 ratio=99.29 momentum=97.63; 2026-09-29 ratio=100.35 momentum=101.87; 2026-09-30 ratio=101.47 momentum=102.47; 2026-10-01 ratio=100.82 momentum=102.05; 2026-10-05 ratio=101.08 momentum=101.83,153.39
stock,Equitas Sma. Fin,EQUITASBNK.NS,Other Bank,Financial Services,7791.46,0.0,183.61,182.06,1960.4,18.89,15.26,6.43,,not_stage_2,2,68.28,70.62,1.43,0.00303,"{'price_above_30w_ma': False, '30w_ma_rising': True, 'price_above_10w_ma': False, 'relative_strength_positive': False, 'near_52w_high': True}",lagging,lagging,99.2,98.63,1.53,0.92,False,False,2026-09-28 ratio=97.66 momentum=97.70; 2026-09-29 ratio=98.34 momentum=98.86; 2026-09-30 ratio=99.42 momentum=99.15; 2026-10-01 ratio=99.50 momentum=99.90; 2026-10-05 ratio=99.20 momentum=98.63,42.86
stock,Jana Small Finan,JSFB.NS,Other Bank,Financial Services,5292.17,0.0,155.23,52.29,1514.53,22.08,13.94,7.45,,not_stage_2,3,498.6,481.31,4.24,0.02211,"{'price_above_30w_ma': True, '30w_ma_rising': True, 'price_above_10w_ma': False, 'relative_strength_positive': False, 'near_52w_high': True}",lagging,lagging,99.19,98.91,0.43,0.92,False,False,2026-09-28 ratio=98.76 momentum=97.99; 2026-09-29 ratio=99.14 momentum=99.87; 2026-09-30 ratio=98.40 momentum=98.37; 2026-10-01 ratio=98.32 momentum=98.11; 2026-10-05 ratio=99.19 momentum=98.91,68.48
stock,Utkarsh Small F.,UTKARSHBNK.NS,Other Bank,Financial Services,2396.85,0.0,-33.92,85.84,883.56,0.3,,1.46,,not_stage_2,1,13.22,13.84,0.36,0.00059,"{'price_above_30w_ma': False, '30w_ma_rising': True, 'price_above_10w_ma': False, 'relative_strength_positive': False, 'near_52w_high': False}",lagging,lagging,99.26,97.49,-0.46,1.54,False,False,2026-09-28 ratio=99.72 momentum=95.95; 2026-09-29 ratio=100.47 momentum=100.13; 2026-09-30 ratio=100.29 momentum=102.56; 2026-10-01 ratio=99.85 momentum=99.62; 2026-10-05 ratio=99.26 momentum=97.49,20.72
stock,ESAF Small Fin,ESAFSFB.NS,Other Bank,Financial Services,2202.48,0.0,80.08,198.6,1097.77,32.54,,5.65,,stage_2,5,43.18,33.62,6.86,0.00191,"{'price_above_30w_ma': True, '30w_ma_rising': True, 'price_above_10w_ma': True, 'relative_strength_positive': True, 'near_52w_high': True}",leading,leading,101.8,101.92,-0.15,-0.46,False,False,2026-09-28 ratio=101.95 momentum=102.38; 2026-09-29 ratio=102.52 momentum=102.59; 2026-09-30 ratio=102.44 momentum=102.34; 2026-10-01 ratio=102.05 momentum=102.28; 2026-10-05 ratio=101.80 momentum=101.92,177.32
stock,Suryoday Small,SURYODAY.NS,Other Bank,Financial Services,1610.73,0.99,75.18,113.1,622.36,25.69,8.39,7.33,,not_stage_2,3,146.86,157.56,1.52,0.00651,"{'price_above_30w_ma': False, '30w_ma_rising': True, 'price_above_10w_ma': False, 'relative_strength_positive': True, 'near_52w_high': True}",leading,improving,100.03,103.62,0.54,1.61,True,False,2026-09-28 ratio=99.49 momentum=102.00; 2026-09-29 ratio=99.53 momentum=102.54; 2026-09-30 ratio=99.67 momentum=103.96; 2026-10-01 ratio=99.67 momentum=102.74; 2026-10-05 ratio=100.03 momentum=103.62,111.29
stock,Capital Small,CAPITALSFB.NS,Other Bank,Financial Services,1203.89,1.9,41.3,29.02,288.18,16.63,7.99,7.07,,stage_2,4,279.55,276.48,1.23,0.01239,"{'price_above_30w_ma': True, '30w_ma_rising': True, 'price_above_10w_ma': False, 'relative_strength_positive': True, 'near_52w_high': True}",leading,leading,101.64,102.35,0.46,-1.49,False,False,2026-09-28 ratio=101.18 momentum=103.84; 2026-09-29 ratio=101.29 momentum=104.08; 2026-09-30 ratio=102.90 momentum=104.36; 2026-10-01 ratio=101.52 momentum=101.72; 2026-10-05 ratio=101.64 momentum=102.35,147.41
stock,Fino Payments,FINOPB.NS,Other Bank,Financial Services,1067.61,0.0,-13.72,-177.25,72.23,18.43,43.67,4.41,,not_stage_2,0,128.5,139.18,-5.29,0.0057,"{'price_above_30w_ma': False, '30w_ma_rising': False, 'price_above_10w_ma': False, 'relative_strength_positive': False, 'near_52w_high': False}",improving,lagging,98.99,100.69,0.35,3.71,False,True,2026-09-28 ratio=98.64 momentum=96.97; 2026-09-29 ratio=98.90 momentum=97.92; 2026-09-30 ratio=98.79 momentum=98.26; 2026-10-01 ratio=99.03 momentum=100.04; 2026-10-05 ratio=98.99 momentum=100.69,3.45
stock,Ramco Inds.,RAMCOIND.NS,Other Construction Materials,Construction Materials,2586.57,0.42,86.59,21.91,613.81,15.48,8.22,4.57,,not_stage_2,2,298.5,306.32,1.27,0.01323,"{'price_above_30w_ma': False, '30w_ma_rising': True, 'price_above_10w_ma': False, 'relative_strength_positive': False, 'near_52w_high': True}",lagging,lagging,98.54,95.63,-0.74,-4.24,False,False,2026-09-28 ratio=99.29 momentum=99.87; 2026-09-29 ratio=99.33 momentum=99.96; 2026-09-30 ratio=99.24 momentum=99.30; 2026-10-01 ratio=99.03 momentum=98.80; 2026-10-05 ratio=98.54 momentum=95.63,42.54
stock,Glass Wall Syst.,GLASSWALL.NS,Other Construction Materials,Construction Materials,2424.81,0.0,16.0,-14.76,101.14,32.49,33.16,64.76,,insufficient_data,0,,,,,{},insufficient_data,insufficient_data,,,,,False,False,,0.0
stock,Arisinfra Solu.,ARIS.NS,Other Construction Materials,Construction Materials,1177.91,0.0,20.04,306.31,290.81,37.12,17.83,15.57,,stage_2,5,140.24,125.29,3.21,0.00622,"{'price_above_30w_ma': True, '30w_ma_rising': True, 'price_above_10w_ma': True, 'relative_strength_positive': True, 'near_52w_high': True}",leading,leading,101.7,102.34,0.88,1.51,False,False,2026-09-28 ratio=100.83 momentum=100.83; 2026-09-29 ratio=101.15 momentum=101.85; 2026-09-30 ratio=102.26 momentum=105.43; 2026-10-01 ratio=101.69 momentum=103.25; 2026-10-05 ratio=101.70 momentum=102.34,171.62
stock,BirlaNu Ltd,BIRLANU.NS,Other Construction Materials,Construction Materials,1061.05,1.07,9.4,812.12,1174.02,11.57,,-4.29,,not_stage_2,0,1379.5,1401.68,-0.57,0.06116,"{'price_above_30w_ma': False, '30w_ma_rising': False, 'price_above_10w_ma': False, 'relative_strength_positive': False, 'near_52w_high': False}",leading,leading,100.07,100.56,-0.71,0.0,False,False,2026-09-28 ratio=100.77 momentum=100.56; 2026-09-29 ratio=100.37 momentum=100.40; 2026-09-30 ratio=100.34 momentum=100.87; 2026-10-01 ratio=100.35 momentum=101.33; 2026-10-05 ratio=100.07 momentum=100.56,23.15
stock,Everest Inds.,EVERESTIND.NS,Other Construction Materials,Construction Materials,818.33,0.19,102.09,1505.52,435.86,-12.95,,-8.5,,stage_2,4,478.15,415.0,2.09,0.0212,"{'price_above_30w_ma': True, '30w_ma_rising': True, 'price_above_10w_ma': True, 'relative_strength_positive': True, 'near_52w_high': False}",leading,improving,101.97,103.2,2.1,1.08,True,False,2026-09-28 ratio=99.87 momentum=102.12; 2026-09-29 ratio=100.43 momentum=103.19; 2026-09-30 ratio=101.20 momentum=103.72; 2026-10-01 ratio=101.99 momentum=103.97; 2026-10-05 ratio=101.97 momentum=103.20,165.03
stock,Teamtech Formwork,TEAMTECH.NS,Other Construction Materials,Construction Materials,455.03,0.0,7.33,,31.74,,39.26,41.17,,insufficient_data,0,,,,,{},insufficient_data,insufficient_data,,,,,False,False,,0.0
stock,Sahyadri Industr,SAHYADRI.NS,Other Construction Materials,Construction Materials,388.04,0.71,26.52,146.24,258.58,20.51,8.59,9.72,,stage_2,4,361.4,300.9,5.55,0.01602,"{'price_above_30w_ma': True, '30w_ma_rising': True, 'price_above_10w_ma': False, 'relative_strength_positive': True, 'near_52w_high': True}",weakening,weakening,100.97,99.81,0.33,7.85,False,False,2026-09-28 ratio=100.64 momentum=91.96; 2026-09-29 ratio=100.58 momentum=96.43; 2026-09-30 ratio=100.52 momentum=97.28; 2026-10-01 ratio=100.88 momentum=99.76; 2026-10-05 ratio=100.97 momentum=99.81,120.95
stock,Vishnusurya Pro.,VISHNUINFR.NS,Other Construction Materials,Construction Materials,379.55,0.68,5.92,116.06,61.87,25.02,8.99,20.15,,not_stage_2,0,143.0,156.78,-1.51,0.00634,"{'price_above_30w_ma': False, '30w_ma_rising': False, 'price_above_10w_ma': False, 'relative_strength_positive': False, 'near_52w_high': False}",lagging,lagging,99.1,99.2,0.27,2.32,False,False,2026-09-28 ratio=98.83 momentum=96.88; 2026-09-29 ratio=100.22 momentum=100.75; 2026-09-30 ratio=100.14 momentum=98.84; 2026-10-01 ratio=100.78 momentum=99.17; 2026-10-05 ratio=99.10 momentum=99.20,0.0
stock,MCON Rasayan,MCON.NS,Other Construction Materials,Construction Materials,29.3,0.0,1.8,76.47,36.86,26.32,9.64,11.06,,not_stage_2,0,40.25,45.45,-1.02,0.00178,"{'price_above_30w_ma': False, '30w_ma_rising': False, 'price_above_10w_ma': False, 'relative_strength_positive': False, 'near_52w_high': False}",improving,lagging,99.81,101.91,0.56,2.34,False,True,2026-09-28 ratio=99.25 momentum=99.57; 2026-09-29 ratio=99.98 momentum=100.69; 2026-09-30 ratio=100.07 momentum=102.74; 2026-10-01 ratio=99.91 momentum=101.93; 2026-10-05 ratio=99.81 momentum=101.91,9.55
stock,SIS,SIS.NS,Other Consumer Services,Consumer Services,5880.68,1.68,101.66,9.37,4603.58,29.73,14.64,13.68,,stage_2,4,414.7,394.64,4.36,0.01839,"{'price_above_30w_ma': True, '30w_ma_rising': True, 'price_above_10w_ma': False, 'relative_strength_positive': True, 'near_52w_high': True}",leading,lagging,101.44,100.01,2.66,2.44,True,False,2026-09-28 ratio=98.78 momentum=97.57; 2026-09-29 ratio=101.63 momentum=101.62; 2026-09-30 ratio=101.82 momentum=101.85; 2026-10-01 ratio=101.51 momentum=101.02; 2026-10-05 ratio=101.44 momentum=100.01,150.97
stock,E Factor Experie,EFACTOR.NS,Other Consumer Services,Consumer Services,240.96,0.65,14.61,-26.66,138.84,-9.5,12.24,24.71,,not_stage_2,1,175.6,189.65,-3.44,0.00779,"{'price_above_30w_ma': False, '30w_ma_rising': False, 'price_above_10w_ma': False, 'relative_strength_positive': True, 'near_52w_high': False}",leading,leading,100.43,100.89,-0.24,-1.02,False,False,2026-09-28 ratio=100.68 momentum=101.92; 2026-09-29 ratio=101.63 momentum=102.67; 2026-09-30 ratio=101.23 momentum=101.87; 2026-10-01 ratio=101.37 momentum=101.88; 2026-10-05 ratio=100.43 momentum=100.89,46.6
stock,Party Cruisers,PARTYCRUS.NS,Other Consumer Services,Consumer Services,132.9,0.0,10.04,62.85,111.27,32.28,10.62,34.5,,stage_2,5,97.05,91.32,2.44,0.0043,"{'price_above_30w_ma': True, '30w_ma_rising': True, 'price_above_10w_ma': True, 'relative_strength_positive': True, 'near_52w_high': True}",weakening,weakening,101.6,95.57,-0.54,5.61,False,False,2026-09-28 ratio=102.14 momentum=89.97; 2026-09-29 ratio=102.04 momentum=101.12; 2026-09-30 ratio=101.92 momentum=96.53; 2026-10-01 ratio=101.86 momentum=97.90; 2026-10-05 ratio=101.60 momentum=95.57,137.88
stock,Touchwood Enter.,TOUCHWOOD.NS,Other Consumer Services,Consumer Services,65.33,0.0,0.38,-70.77,3.96,-76.57,19.68,13.52,,not_stage_2,0,58.53,67.64,-3.16,0.00259,"{'price_above_30w_ma': False, '30w_ma_rising': False, 'price_above_10w_ma': False, 'relative_strength_positive': False, 'near_52w_high': False}",improving,improving,99.6,100.38,-0.34,-2.1,False,False,2026-09-28 ratio=99.94 momentum=102.48; 2026-09-29 ratio=99.98 momentum=101.77; 2026-09-30 ratio=99.77 momentum=99.85; 2026-10-01 ratio=99.04 momentum=97.79; 2026-10-05 ratio=99.60 momentum=100.38,1.9
stock,Blue Pebble,BLUEPEBBLE.NS,Other Consumer Services,Consumer Services,26.93,0.0,-0.26,,11.14,,54.96,2.42,,not_stage_2,0,66.0,90.38,-7.38,0.00293,"{'price_above_30w_ma': False, '30w_ma_rising': False, 'price_above_10w_ma': False, 'relative_strength_positive': False, 'near_52w_high': False}",lagging,weakening,99.67,96.74,-0.43,-0.49,False,False,2026-09-28 ratio=100.10 momentum=97.23; 2026-09-29 ratio=99.79 momentum=96.75; 2026-09-30 ratio=99.47 momentum=97.59; 2026-10-01 ratio=99.75 momentum=97.36; 2026-10-05 ratio=99.67 momentum=96.74,0.0
stock,Thinking Hats,THESL.NS,Other Consumer Services,Consumer Services,18.48,0.0,0.51,-80.08,15.16,-61.15,14.79,6.09,,insufficient_data,0,,,,,{},insufficient_data,insufficient_data,,,,,False,False,,0.0
stock,HBL Engineering,HBLENGINE.NS,Other Industrial Products,Capital Goods,21190.18,0.39,109.14,-25.07,638.03,6.03,26.44,59.3,,stage_2,4,763.6,752.11,1.66,0.03385,"{'price_above_30w_ma': True, '30w_ma_rising': True, 'price_above_10w_ma': True, 'relative_strength_positive': True, 'near_52w_high': False}",weakening,leading,101.61,98.4,-0.97,-4.1,False,False,2026-09-28 ratio=102.58 momentum=102.50; 2026-09-29 ratio=102.85 momentum=102.60; 2026-09-30 ratio=102.41 momentum=105.27; 2026-10-01 ratio=102.09 momentum=99.34; 2026-10-05 ratio=101.61 momentum=98.40,116.37
stock,Inox India,INOXINDIA.NS,Other Industrial Products,Capital Goods,18858.81,0.1,58.07,-4.99,370.79,9.18,73.33,33.48,,stage_2,4,2089.1,1770.75,7.92,0.09262,"{'price_above_30w_ma': True, '30w_ma_rising': True, 'price_above_10w_ma': False, 'relative_strength_positive': True, 'near_52w_high': True}",leading,weakening,101.12,100.02,0.25,3.86,True,False,2026-09-28 ratio=100.86 momentum=96.16; 2026-09-29 ratio=101.01 momentum=101.42; 2026-09-30 ratio=100.92 momentum=102.25; 2026-10-01 ratio=101.81 momentum=104.26; 2026-10-05 ratio=101.12 momentum=100.02,156.54
stock,KRN Heat Exchan,KRN.NS,Other Industrial Products,Capital Goods,9551.42,0.0,32.9,164.9,252.32,118.88,98.53,15.98,,not_stage_2,3,1392.7,1256.91,5.53,0.06174,"{'price_above_30w_ma': True, '30w_ma_rising': True, 'price_above_10w_ma': False, 'relative_strength_positive': False, 'near_52w_high': True}",weakening,weakening,100.35,98.24,0.0,2.91,False,False,2026-09-28 ratio=100.34 momentum=95.33; 2026-09-29 ratio=100.71 momentum=96.94; 2026-09-30 ratio=100.67 momentum=99.97; 2026-10-01 ratio=100.58 momentum=101.36; 2026-10-05 ratio=100.35 momentum=98.24,72.81
stock,Esab India,ESABINDIA.NS,Other Industrial Products,Capital Goods,8631.39,1.34,56.14,37.13,421.12,19.63,41.7,64.68,,not_stage_2,2,5514.0,5878.56,0.23,0.24446,"{'price_above_30w_ma': False, '30w_ma_rising': True, 'price_above_10w_ma': False, 'relative_strength_positive': False, 'near_52w_high': True}",improving,lagging,99.96,101.08,0.21,4.27,False,True,2026-09-28 ratio=99.75 momentum=96.80; 2026-09-29 ratio=99.78 momentum=96.51; 2026-09-30 ratio=99.98 momentum=99.60; 2026-10-01 ratio=100.05 momentum=101.36; 2026-10-05 ratio=99.96 momentum=101.08,45.86
stock,Subros,SUBROS.NS,Other Industrial Products,Capital Goods,4460.23,0.44,41.52,1.69,1032.11,17.52,25.95,19.16,,not_stage_2,0,675.85,747.89,-0.79,0.02996,"{'price_above_30w_ma': False, '30w_ma_rising': False, 'price_above_10w_ma': False, 'relative_strength_positive': False, 'near_52w_high': False}",lagging,improving,99.17,98.33,-0.49,-3.1,False,False,2026-09-28 ratio=99.66 momentum=101.43; 2026-09-29 ratio=99.81 momentum=102.54; 2026-09-30 ratio=99.85 momentum=104.15; 2026-10-01 ratio=99.59 momentum=104.69; 2026-10-05 ratio=99.17 momentum=98.33,0.0
stock,Harsha Engg Intl,HARSHA.NS,Other Industrial Products,Capital Goods,4228.08,0.32,37.38,-1.45,457.43,25.22,27.34,13.0,,stage_2,5,462.3,411.33,3.15,0.0205,"{'price_above_30w_ma': True, '30w_ma_rising': True, 'price_above_10w_ma': True, 'relative_strength_positive': True, 'near_52w_high': True}",leading,leading,101.63,101.99,-0.45,0.97,False,False,2026-09-28 ratio=102.08 momentum=101.03; 2026-09-29 ratio=101.98 momentum=102.67; 2026-09-30 ratio=102.10 momentum=103.09; 2026-10-01 ratio=102.23 momentum=104.16; 2026-10-05 ratio=101.63 momentum=101.99,169.4
stock,Ador Welding,ADOR.NS,Other Industrial Products,Capital Goods,2658.59,1.5,27.35,890.46,308.63,23.19,22.2,22.71,,not_stage_2,3,1512.0,1285.66,6.07,0.06703,"{'price_above_30w_ma': True, '30w_ma_rising': True, 'price_above_10w_ma': False, 'relative_strength_positive': False, 'near_52w_high': True}",weakening,leading,100.26,97.98,-1.11,-2.96,False,False,2026-09-28 ratio=101.37 momentum=100.94; 2026-09-29 ratio=101.37 momentum=102.05; 2026-09-30 ratio=101.17 momentum=102.30; 2026-10-01 ratio=101.04 momentum=101.14; 2026-10-05 ratio=100.26 momentum=97.98,73.44
stock,Diffusion Eng,DIFFNKG.NS,Other Industrial Products,Capital Goods,1698.77,0.33,16.68,36.26,110.11,36.49,30.73,15.78,,stage_2,5,451.25,368.66,7.4,0.02001,"{'price_above_30w_ma': True, '30w_ma_rising': True, 'price_above_10w_ma': True, 'relative_strength_positive': True, 'near_52w_high': True}",leading,weakening,101.41,100.23,0.06,1.58,True,False,2026-09-28 ratio=101.35 momentum=98.65; 2026-09-29 ratio=101.44 momentum=101.87; 2026-09-30 ratio=101.17 momentum=100.86; 2026-10-01 ratio=101.93 momentum=102.48; 2026-10-05 ratio=101.41 momentum=100.23,178.0
stock,Sahasra Electro.,SAHASRA.NS,Other Industrial Products,Capital Goods,1189.41,0.21,6.31,384.57,78.12,57.66,83.82,6.04,,insufficient_data,0,,,,,{},insufficient_data,insufficient_data,,,,,False,False,,0.0
stock,MIC Electronics,MICEL.NS,Other Industrial Products,Capital Goods,1030.68,0.0,2.13,27.54,43.72,276.57,,8.67,,not_stage_2,1,35.28,39.08,-0.42,0.00156,"{'price_above_30w_ma': False, '30w_ma_rising': False, 'price_above_10w_ma': False, 'relative_strength_positive': True, 'near_52w_high': False}",leading,leading,100.6,102.3,0.08,1.21,False,False,2026-09-28 ratio=100.51 momentum=101.10; 2026-09-29 ratio=101.08 momentum=101.65; 2026-09-30 ratio=101.72 momentum=102.33; 2026-10-01 ratio=101.34 momentum=102.16; 2026-10-05 ratio=100.60 momentum=102.30,54.5
stock,Maruti Suzuki,MARUTI.NS,Passenger Cars & Utility Vehicles,Automobile and Auto Components,365810.21,1.2,3446.9,-9.11,52469.8,35.91,25.52,18.87,,not_stage_2,0,11532.0,13148.43,-2.35,0.51127,"{'price_above_30w_ma': False, '30w_ma_rising': False, 'price_above_10w_ma': False, 'relative_strength_positive': False, 'near_52w_high': False}",improving,improving,98.27,102.12,-0.43,-0.67,False,False,2026-09-28 ratio=98.70 momentum=102.79; 2026-09-29 ratio=98.56 momentum=102.02; 2026-09-30 ratio=98.90 momentum=103.35; 2026-10-01 ratio=98.01 momentum=99.65; 2026-10-05 ratio=98.27 momentum=102.12,10.6
stock,M & M,M&M.NS,Passenger Cars & Utility Vehicles,Automobile and Auto Components,353493.57,1.16,5997.56,33.8,58187.57,27.8,18.43,15.1,,not_stage_2,1,2857.6,3146.64,-1.33,0.12669,"{'price_above_30w_ma': False, '30w_ma_rising': False, 'price_above_10w_ma': False, 'relative_strength_positive': False, 'near_52w_high': True}",lagging,lagging,98.03,97.24,-0.9,-1.0,False,False,2026-09-28 ratio=98.93 momentum=98.25; 2026-09-29 ratio=98.53 momentum=98.32; 2026-09-30 ratio=98.71 momentum=97.62; 2026-10-01 ratio=98.11 momentum=95.41; 2026-10-05 ratio=98.03 momentum=97.24,20.0
stock,Hyundai Motor I,HYUNDAI.NS,Passenger Cars & Utility Vehicles,Automobile and Auto Components,161938.3,1.06,888.62,-35.1,16334.63,-0.48,32.71,38.4,,not_stage_2,2,2000.0,1993.12,-0.37,0.08867,"{'price_above_30w_ma': True, '30w_ma_rising': False, 'price_above_10w_ma': False, 'relative_strength_positive': False, 'near_52w_high': True}",lagging,weakening,99.41,94.68,-0.68,-3.1,False,False,2026-09-28 ratio=100.09 momentum=97.78; 2026-09-29 ratio=100.69 momentum=99.35; 2026-09-30 ratio=99.91 momentum=97.55; 2026-10-01 ratio=100.00 momentum=97.71; 2026-10-05 ratio=99.41 momentum=94.68,40.0
stock,Tata Motors PVeh,TMPV.NS,Passenger Cars & Utility Vehicles,Automobile and Auto Components,105369.43,1.05,859.0,-69.83,95799.0,9.26,105.75,2.73,,not_stage_2,0,288.65,335.33,-2.55,0.0128,"{'price_above_30w_ma': False, '30w_ma_rising': False, 'price_above_10w_ma': False, 'relative_strength_positive': False, 'near_52w_high': False}",improving,lagging,99.13,100.6,1.1,1.55,False,True,2026-09-28 ratio=98.03 momentum=99.05; 2026-09-29 ratio=98.14 momentum=98.14; 2026-09-30 ratio=98.53 momentum=99.50; 2026-10-01 ratio=98.47 momentum=94.48; 2026-10-05 ratio=99.13 momentum=100.60,3.0
stock,Force Motors,FORCEMOT.NS,Passenger Cars & Utility Vehicles,Automobile and Auto Components,22612.49,0.29,216.59,22.82,2440.01,6.21,20.55,36.05,,not_stage_2,0,16650.0,18946.2,-3.74,0.73817,"{'price_above_30w_ma': False, '30w_ma_rising': False, 'price_above_10w_ma': False, 'relative_strength_positive': False, 'near_52w_high': False}",lagging,weakening,99.7,97.92,-0.91,-1.46,False,False,2026-09-28 ratio=100.61 momentum=99.38; 2026-09-29 ratio=100.18 momentum=99.91; 2026-09-30 ratio=100.79 momentum=101.04; 2026-10-01 ratio=100.45 momentum=98.18; 2026-10-05 ratio=99.70 momentum=97.92,0.0
stock,Olectra Greentec,OLECTRA.NS,Passenger Cars & Utility Vehicles,Automobile and Auto Components,9051.43,0.05,26.66,-0.31,575.51,65.75,51.02,21.05,,not_stage_2,1,1078.4,1261.34,2.11,0.04781,"{'price_above_30w_ma': False, '30w_ma_rising': True, 'price_above_10w_ma': False, 'relative_strength_positive': False, 'near_52w_high': False}",lagging,improving,97.53,98.68,-1.29,-1.77,False,False,2026-09-28 ratio=98.82 momentum=100.45; 2026-09-29 ratio=98.16 momentum=99.88; 2026-09-30 ratio=98.30 momentum=100.42; 2026-10-01 ratio=97.83 momentum=99.20; 2026-10-05 ratio=97.53 momentum=98.68,24.22
stock,Mercury EV-Tech,MERCURYEV.NS,Passenger Cars & Utility Vehicles,Automobile and Auto Components,703.28,0.0,1.65,29.92,33.38,47.9,154.23,2.64,,insufficient_data,0,,,,,{},weakening,weakening,100.49,96.38,-0.83,0.36,False,False,2026-09-28 ratio=101.33 momentum=96.02; 2026-09-29 ratio=101.22 momentum=95.63; 2026-09-30 ratio=101.04 momentum=98.21; 2026-10-01 ratio=100.70 momentum=94.65; 2026-10-05 ratio=100.49 momentum=96.38,2.45
stock,Supreme Inds.,SUPREMEIND.NS,Plastic Products - Industrial,Capital Goods,44723.52,1.03,280.72,38.76,2717.66,4.16,43.32,20.73,,not_stage_2,2,3398.9,3542.0,-1.68,0.15069,"{'price_above_30w_ma': False, '30w_ma_rising': False, 'price_above_10w_ma': False, 'relative_strength_positive': True, 'near_52w_high': True}",weakening,leading,100.97,97.07,-0.94,-5.04,False,False,2026-09-28 ratio=101.91 momentum=102.11; 2026-09-29 ratio=101.37 momentum=101.98; 2026-09-30 ratio=101.52 momentum=103.06; 2026-10-01 ratio=101.03 momentum=102.65; 2026-10-05 ratio=100.97 momentum=97.07,44.85
stock,Astral,ASTRAL.NS,Plastic Products - Industrial,Capital Goods,37730.98,0.29,120.2,48.21,1578.0,15.93,63.69,19.22,,not_stage_2,1,1362.1,1498.02,-2.33,0.06039,"{'price_above_30w_ma': False, '30w_ma_rising': False, 'price_above_10w_ma': False, 'relative_strength_positive': False, 'near_52w_high': True}",lagging,lagging,99.54,95.74,0.02,-2.24,False,False,2026-09-28 ratio=99.52 momentum=97.98; 2026-09-29 ratio=99.66 momentum=99.62; 2026-09-30 ratio=99.66 momentum=99.97; 2026-10-01 ratio=99.31 momentum=97.88; 2026-10-05 ratio=99.54 momentum=95.74,20.0
stock,Garware Hi Tech,GRWRHITECH.NS,Plastic Products - Industrial,Capital Goods,16497.01,0.17,132.65,59.78,633.08,27.9,42.53,18.08,,stage_2,4,6725.5,5948.5,6.4,0.29817,"{'price_above_30w_ma': True, '30w_ma_rising': True, 'price_above_10w_ma': False, 'relative_strength_positive': True, 'near_52w_high': True}",leading,weakening,100.72,100.7,0.5,1.24,True,False,2026-09-28 ratio=100.22 momentum=99.45; 2026-09-29 ratio=102.35 momentum=102.31; 2026-09-30 ratio=102.33 momentum=102.79; 2026-10-01 ratio=102.05 momentum=102.19; 2026-10-05 ratio=100.72 momentum=100.70,154.9
stock,Finolex Inds.,FINPIPE.NS,Plastic Products - Industrial,Capital Goods,9587.82,1.29,114.52,16.67,883.58,-15.3,15.58,11.83,,not_stage_2,1,149.31,165.9,-2.71,0.00662,"{'price_above_30w_ma': False, '30w_ma_rising': False, 'price_above_10w_ma': False, 'relative_strength_positive': False, 'near_52w_high': True}",improving,improving,99.68,100.4,-0.26,-1.56,False,False,2026-09-28 ratio=99.94 momentum=101.97; 2026-09-29 ratio=99.95 momentum=102.11; 2026-09-30 ratio=100.40 momentum=103.40; 2026-10-01 ratio=100.60 momentum=101.78; 2026-10-05 ratio=99.68 momentum=100.40,22.0
stock,Kingfa Science,KINGFA.NS,Plastic Products - Industrial,Capital Goods,9396.57,0.29,80.21,101.58,688.57,49.06,41.64,23.2,,stage_2,5,6669.0,5311.44,5.7,0.29567,"{'price_above_30w_ma': True, '30w_ma_rising': True, 'price_above_10w_ma': True, 'relative_strength_positive': True, 'near_52w_high': True}",leading,leading,102.2,104.04,0.2,3.57,False,False,2026-09-28 ratio=102.00 momentum=100.47; 2026-09-29 ratio=102.21 momentum=103.15; 2026-09-30 ratio=102.06 momentum=102.17; 2026-10-01 ratio=102.25 momentum=103.00; 2026-10-05 ratio=102.20 momentum=104.04,187.6
stock,Time Technoplast,TIMETECHNO.NS,Plastic Products - Industrial,Capital Goods,9045.08,0.82,117.86,22.21,1692.71,25.14,18.47,16.52,,not_stage_2,3,178.71,183.72,0.02,0.00792,"{'price_above_30w_ma': False, '30w_ma_rising': True, 'price_above_10w_ma': False, 'relative_strength_positive': True, 'near_52w_high': True}",improving,improving,99.74,101.81,-0.24,-0.13,False,False,2026-09-28 ratio=99.98 momentum=101.94; 2026-09-29 ratio=100.13 momentum=102.40; 2026-09-30 ratio=100.07 momentum=103.07; 2026-10-01 ratio=99.96 momentum=103.10; 2026-10-05 ratio=99.74 momentum=101.81,69.09
stock,Prince Pipes,PRINCEPIPE.NS,Plastic Products - Industrial,Capital Goods,2856.99,0.39,33.75,600.21,609.42,5.0,27.43,6.03,,not_stage_2,2,247.45,263.45,0.38,0.01097,"{'price_above_30w_ma': False, '30w_ma_rising': True, 'price_above_10w_ma': False, 'relative_strength_positive': False, 'near_52w_high': True}",lagging,lagging,98.9,95.72,-0.82,-3.3,False,False,2026-09-28 ratio=99.72 momentum=99.02; 2026-09-29 ratio=99.60 momentum=100.09; 2026-09-30 ratio=99.67 momentum=101.59; 2026-10-01 ratio=99.01 momentum=98.77; 2026-10-05 ratio=98.90 momentum=95.72,40.76
stock,Apollo Pipes,APOLLOPIPE.NS,Plastic Products - Industrial,Capital Goods,2336.76,0.13,-11.12,-205.28,295.43,7.43,,1.23,,stage_2,4,530.75,502.63,4.51,0.02353,"{'price_above_30w_ma': True, '30w_ma_rising': True, 'price_above_10w_ma': False, 'relative_strength_positive': True, 'near_52w_high': True}",weakening,weakening,100.24,99.81,0.23,2.55,False,False,2026-09-28 ratio=100.01 momentum=97.26; 2026-09-29 ratio=99.86 momentum=99.30; 2026-09-30 ratio=99.75 momentum=100.24; 2026-10-01 ratio=99.93 momentum=99.71; 2026-10-05 ratio=100.24 momentum=99.81,115.22
stock,Jain Irrigation,JISLJALEQS.NS,Plastic Products - Industrial,Capital Goods,1905.15,0.0,-17.8,-207.18,1508.37,-2.41,,5.3,,not_stage_2,0,26.81,30.75,-2.59,0.00119,"{'price_above_30w_ma': False, '30w_ma_rising': False, 'price_above_10w_ma': False, 'relative_strength_positive': False, 'near_52w_high': False}",lagging,leading,99.43,96.73,-1.23,-3.77,False,False,2026-09-28 ratio=100.66 momentum=100.50; 2026-09-29 ratio=100.78 momentum=100.82; 2026-09-30 ratio=100.14 momentum=99.67; 2026-10-01 ratio=99.87 momentum=97.62; 2026-10-05 ratio=99.43 momentum=96.73,0.0
stock,Jai Corp,JAICORPLTD.NS,Plastic Products - Industrial,Capital Goods,1587.19,0.55,28.2,-72.91,157.58,20.06,16.8,11.75,,not_stage_2,0,88.49,105.9,-1.75,0.00392,"{'price_above_30w_ma': False, '30w_ma_rising': False, 'price_above_10w_ma': False, 'relative_strength_positive': False, 'near_52w_high': False}",lagging,lagging,97.33,97.46,-1.32,-1.7,False,False,2026-09-28 ratio=98.65 momentum=99.16; 2026-09-29 ratio=98.56 momentum=100.46; 2026-09-30 ratio=98.72 momentum=101.36; 2026-10-01 ratio=98.02 momentum=98.74; 2026-10-05 ratio=97.33 momentum=97.46,0.0
stock,Knowledge Realty,KRT.NS,Real Estate Investment Trusts (REITs),Realty,49878.1,1.51,250.8,,1243.06,,79.53,5.22,,insufficient_data,0,,,,,{},insufficient_data,insufficient_data,,,,,False,False,,0.0
stock,Embassy Off.REIT,EMBASSY.NS,Real Estate Investment Trusts (REITs),Realty,40851.17,0.05,195.22,25.81,1240.81,17.08,166.54,5.61,,not_stage_2,3,427.16,434.47,0.14,0.01894,"{'price_above_30w_ma': False, '30w_ma_rising': True, 'price_above_10w_ma': False, 'relative_strength_positive': True, 'near_52w_high': True}",weakening,leading,101.23,98.53,-1.02,-2.61,False,False,2026-09-28 ratio=102.25 momentum=101.14; 2026-09-29 ratio=102.24 momentum=99.45; 2026-09-30 ratio=101.96 momentum=99.74; 2026-10-01 ratio=101.69 momentum=99.48; 2026-10-05 ratio=101.23 momentum=98.53,66.43
stock,Bagmane Prime REIT,BAGMANE.NS,Real Estate Investment Trusts (REITs),Realty,36189.6,1.41,58.51,-77.18,437.01,-29.88,,0.0,,insufficient_data,0,,,,,{},insufficient_data,insufficient_data,,,,,False,False,,0.0
stock,Mindspace Busine,MINDSPACE.NS,Real Estate Investment Trusts (REITs),Realty,32875.26,2.37,271.81,67.1,946.44,27.85,42.18,7.64,,stage_2,4,497.72,479.46,0.99,0.02207,"{'price_above_30w_ma': True, '30w_ma_rising': True, 'price_above_10w_ma': False, 'relative_strength_positive': True, 'near_52w_high': True}",weakening,leading,101.83,96.91,-0.69,-5.32,False,False,2026-09-28 ratio=102.53 momentum=102.23; 2026-09-29 ratio=101.85 momentum=96.31; 2026-09-30 ratio=102.21 momentum=98.22; 2026-10-01 ratio=102.20 momentum=99.28; 2026-10-05 ratio=101.83 momentum=96.91,116.13
stock,Brookfield India,BIRET.NS,Real Estate Investment Trusts (REITs),Realty,27373.65,2.0,221.34,44.36,973.83,51.78,51.02,5.36,,not_stage_2,3,333.11,331.65,-0.64,0.01477,"{'price_above_30w_ma': True, '30w_ma_rising': False, 'price_above_10w_ma': False, 'relative_strength_positive': True, 'near_52w_high': True}",leading,leading,101.86,100.3,-0.83,-2.52,False,False,2026-09-28 ratio=102.70 momentum=102.82; 2026-09-29 ratio=101.95 momentum=98.71; 2026-09-30 ratio=102.46 momentum=98.84; 2026-10-01 ratio=101.81 momentum=99.17; 2026-10-05 ratio=101.86 momentum=100.30,90.8
stock,Nexus Select,NXST.NS,Real Estate Investment Trusts (REITs),Realty,24973.26,1.48,156.52,30.89,680.53,10.91,56.7,5.83,,stage_2,4,164.99,160.88,0.6,0.00731,"{'price_above_30w_ma': True, '30w_ma_rising': True, 'price_above_10w_ma': False, 'relative_strength_positive': True, 'near_52w_high': True}",leading,leading,101.9,100.55,-0.44,0.39,False,False,2026-09-28 ratio=102.34 momentum=100.16; 2026-09-29 ratio=101.99 momentum=97.69; 2026-09-30 ratio=102.78 momentum=101.18; 2026-10-01 ratio=102.47 momentum=101.17; 2026-10-05 ratio=101.90 momentum=100.55,138.45
stock,Apcotex Industri,APCOTEXIND.NS,Rubber,Capital Goods,3162.41,1.31,78.94,312.0,525.63,39.88,19.64,19.8,,stage_2,4,587.25,517.64,6.36,0.02604,"{'price_above_30w_ma': True, '30w_ma_rising': True, 'price_above_10w_ma': False, 'relative_strength_positive': True, 'near_52w_high': True}",weakening,weakening,100.45,99.06,0.17,0.58,False,False,2026-09-28 ratio=100.29 momentum=98.48; 2026-09-29 ratio=100.75 momentum=103.14; 2026-09-30 ratio=100.85 momentum=104.51; 2026-10-01 ratio=100.99 momentum=102.29; 2026-10-05 ratio=100.45 momentum=99.06,119.97
stock,Pix Transmission,PIXTRANS.NS,Rubber,Capital Goods,2440.52,0.5,52.75,89.34,149.25,22.8,18.52,21.73,,stage_2,5,1834.2,1667.14,2.64,0.08132,"{'price_above_30w_ma': True, '30w_ma_rising': True, 'price_above_10w_ma': True, 'relative_strength_positive': True, 'near_52w_high': True}",leading,leading,102.05,102.76,1.66,-0.51,False,False,2026-09-28 ratio=100.39 momentum=103.27; 2026-09-29 ratio=100.52 momentum=101.53; 2026-09-30 ratio=100.61 momentum=102.54; 2026-10-01 ratio=101.98 momentum=103.64; 2026-10-05 ratio=102.05 momentum=102.76,174.33
stock,Tinna Rubber,TINNARUBR.NS,Rubber,Capital Goods,1716.84,0.34,20.57,75.21,156.18,19.89,27.83,22.46,,not_stage_2,3,930.15,883.5,4.38,0.04124,"{'price_above_30w_ma': True, '30w_ma_rising': True, 'price_above_10w_ma': False, 'relative_strength_positive': False, 'near_52w_high': True}",lagging,lagging,98.51,96.88,-0.14,0.91,False,False,2026-09-28 ratio=98.64 momentum=95.98; 2026-09-29 ratio=98.90 momentum=99.18; 2026-09-30 ratio=98.95 momentum=98.06; 2026-10-01 ratio=98.85 momentum=98.21; 2026-10-05 ratio=98.51 momentum=96.88,68.76
stock,GRP,GRPLTD.NS,Rubber,Capital Goods,987.69,0.19,4.2,140.0,156.83,26.73,144.19,6.94,,not_stage_2,2,1868.9,1910.64,1.03,0.08286,"{'price_above_30w_ma': False, '30w_ma_rising': True, 'price_above_10w_ma': False, 'relative_strength_positive': False, 'near_52w_high': True}",lagging,leading,99.67,96.84,-1.43,-5.2,False,False,2026-09-28 ratio=101.09 momentum=102.03; 2026-09-29 ratio=100.14 momentum=93.41; 2026-09-30 ratio=100.27 momentum=97.69; 2026-10-01 ratio=100.52 momentum=98.91; 2026-10-05 ratio=99.67 momentum=96.84,42.06
stock,Rubfila Intl.,RUBFILA.NS,Rubber,Capital Goods,344.21,3.15,6.0,0.67,110.17,-10.71,13.07,12.59,,not_stage_2,1,63.18,70.13,-0.18,0.0028,"{'price_above_30w_ma': False, '30w_ma_rising': False, 'price_above_10w_ma': False, 'relative_strength_positive': False, 'near_52w_high': True}",lagging,lagging,99.35,99.03,0.75,1.72,False,False,2026-09-28 ratio=98.60 momentum=97.31; 2026-09-29 ratio=99.36 momentum=101.76; 2026-09-30 ratio=99.15 momentum=100.32; 2026-10-01 ratio=99.53 momentum=100.64; 2026-10-05 ratio=99.35 momentum=99.03,20.0
stock,Gayatri Rubbers,GRCL.NS,Rubber,Capital Goods,327.07,0.0,2.95,86.71,24.48,33.99,58.51,37.86,,stage_2,5,571.15,520.3,4.93,0.02532,"{'price_above_30w_ma': True, '30w_ma_rising': True, 'price_above_10w_ma': True, 'relative_strength_positive': True, 'near_52w_high': True}",leading,leading,101.19,101.41,0.22,0.63,False,False,2026-09-28 ratio=100.97 momentum=100.77; 2026-09-29 ratio=101.01 momentum=100.46; 2026-09-30 ratio=101.22 momentum=100.97; 2026-10-01 ratio=101.36 momentum=101.72; 2026-10-05 ratio=101.19 momentum=101.41,167.86
stock,Harri. Malayalam,HARRMALAYA.NS,Rubber,Capital Goods,321.34,0.0,3.93,-34.06,124.92,7.26,11.86,11.77,,not_stage_2,1,173.0,200.35,-0.35,0.00767,"{'price_above_30w_ma': False, '30w_ma_rising': False, 'price_above_10w_ma': False, 'relative_strength_positive': False, 'near_52w_high': True}",improving,lagging,98.94,101.34,0.65,5.3,False,True,2026-09-28 ratio=98.29 momentum=96.03; 2026-09-29 ratio=98.98 momentum=101.56; 2026-09-30 ratio=99.35 momentum=103.17; 2026-10-01 ratio=99.55 momentum=102.35; 2026-10-05 ratio=98.94 momentum=101.34,26.7
stock,Elgi Rubber Co,ELGIRUBCO.NS,Rubber,Capital Goods,280.41,0.0,40.85,293.38,70.09,-18.1,,-12.92,,not_stage_2,2,51.56,52.58,3.65,0.00229,"{'price_above_30w_ma': False, '30w_ma_rising': True, 'price_above_10w_ma': False, 'relative_strength_positive': False, 'near_52w_high': True}",lagging,lagging,98.22,96.68,0.12,-1.27,False,False,2026-09-28 ratio=98.11 momentum=97.95; 2026-09-29 ratio=98.57 momentum=99.24; 2026-09-30 ratio=98.97 momentum=99.32; 2026-10-01 ratio=98.23 momentum=97.23; 2026-10-05 ratio=98.22 momentum=96.68,47.3
stock,Sampann Utpadan,SAMPANN.NS,Rubber,Capital Goods,120.1,0.0,2.05,12.02,41.7,27.6,17.16,8.3,,not_stage_2,0,23.91,27.07,-2.52,0.00106,"{'price_above_30w_ma': False, '30w_ma_rising': False, 'price_above_10w_ma': False, 'relative_strength_positive': False, 'near_52w_high': False}",improving,improving,99.64,100.96,-0.06,-1.56,False,False,2026-09-28 ratio=99.70 momentum=102.52; 2026-09-29 ratio=99.26 momentum=102.03; 2026-09-30 ratio=99.81 momentum=102.36; 2026-10-01 ratio=99.91 momentum=102.43; 2026-10-05 ratio=99.64 momentum=100.96,4.8
stock,Lead Reclaim,LRRPL.NS,Rubber,Capital Goods,98.03,0.0,3.1,219.59,17.92,-18.25,23.85,21.34,,stage_2,5,106.0,86.31,5.97,0.0047,"{'price_above_30w_ma': True, '30w_ma_rising': True, 'price_above_10w_ma': True, 'relative_strength_positive': True, 'near_52w_high': True}",leading,leading,102.58,101.89,-0.22,0.88,False,False,2026-09-28 ratio=102.80 momentum=101.01; 2026-09-29 ratio=103.32 momentum=102.35; 2026-09-30 ratio=103.63 momentum=103.05; 2026-10-01 ratio=103.45 momentum=102.58; 2026-10-05 ratio=102.58 momentum=101.89,179.29
stock,KIOCL,KIOCL.NS,Sponge Iron,Metals & Mining,20952.84,0.0,-15.48,59.04,158.01,73.75,538.91,1.35,,not_stage_2,1,322.65,374.78,0.29,0.0143,"{'price_above_30w_ma': False, '30w_ma_rising': True, 'price_above_10w_ma': False, 'relative_strength_positive': False, 'near_52w_high': False}",improving,lagging,98.3,100.24,-0.21,1.15,False,False,2026-09-28 ratio=98.50 momentum=99.10; 2026-09-29 ratio=98.97 momentum=101.63; 2026-09-30 ratio=98.83 momentum=105.73; 2026-10-01 ratio=98.48 momentum=101.91; 2026-10-05 ratio=98.30 momentum=100.24,21.78
stock,S.A.L Steel,SALSTEEL.NS,Sponge Iron,Metals & Mining,1302.8,0.0,3.09,131.95,87.37,-31.57,,1.08,,stage_2,5,93.98,62.94,11.11,0.00417,"{'price_above_30w_ma': True, '30w_ma_rising': True, 'price_above_10w_ma': True, 'relative_strength_positive': True, 'near_52w_high': True}",leading,leading,101.79,100.49,-0.4,-1.95,False,False,2026-09-28 ratio=102.19 momentum=102.44; 2026-09-29 ratio=102.40 momentum=103.82; 2026-09-30 ratio=102.42 momentum=103.40; 2026-10-01 ratio=102.31 momentum=102.57; 2026-10-05 ratio=101.79 momentum=100.49,178.62
stock,Vraj Iron,VRAJ.NS,Sponge Iron,Metals & Mining,404.98,0.0,11.51,51.65,193.83,40.14,11.27,10.49,,not_stage_2,3,122.18,122.79,0.32,0.00542,"{'price_above_30w_ma': False, '30w_ma_rising': True, 'price_above_10w_ma': False, 'relative_strength_positive': True, 'near_52w_high': True}",leading,leading,101.14,100.44,-0.29,-1.66,False,False,2026-09-28 ratio=101.44 momentum=102.11; 2026-09-29 ratio=101.62 momentum=101.92; 2026-09-30 ratio=101.42 momentum=103.34; 2026-10-01 ratio=101.19 momentum=102.56; 2026-10-05 ratio=101.14 momentum=100.44,88.54
stock,Chaman Metallics,CMNL.NS,Sponge Iron,Metals & Mining,288.05,0.0,-1.62,-78.12,344.75,326.41,,5.37,,stage_2,4,115.0,111.05,1.63,0.0051,"{'price_above_30w_ma': True, '30w_ma_rising': True, 'price_above_10w_ma': True, 'relative_strength_positive': True, 'near_52w_high': False}",leading,leading,101.2,101.27,-0.18,0.76,False,False,2026-09-28 ratio=101.38 momentum=100.51; 2026-09-29 ratio=100.83 momentum=98.65; 2026-09-30 ratio=101.51 momentum=100.44; 2026-10-01 ratio=101.68 momentum=101.17; 2026-10-05 ratio=101.20 momentum=101.27,140.61
stock,Vaswani Industri,VASWANI.NS,Sponge Iron,Metals & Mining,142.79,0.0,1.16,-78.79,117.79,3.07,,8.76,,not_stage_2,0,44.13,52.71,-2.98,0.00196,"{'price_above_30w_ma': False, '30w_ma_rising': False, 'price_above_10w_ma': False, 'relative_strength_positive': False, 'near_52w_high': False}",improving,improving,99.28,100.08,0.09,-1.53,False,False,2026-09-28 ratio=99.19 momentum=101.61; 2026-09-29 ratio=99.23 momentum=102.91; 2026-09-30 ratio=99.37 momentum=103.26; 2026-10-01 ratio=99.49 momentum=106.12; 2026-10-05 ratio=99.28 momentum=100.08,0.4
stock,Shri Hare-Krish.,SHKSIL.NS,Sponge Iron,Metals & Mining,58.43,0.0,1.55,-64.85,27.21,-35.63,9.42,7.76,,insufficient_data,0,,,,,{},insufficient_data,insufficient_data,,,,,False,False,,0.0
stock,DOMS Industries,DOMS.NS,Stationary,Fast Moving Consumer Goods,12605.85,0.18,45.28,-22.33,670.51,19.25,57.98,24.32,,not_stage_2,2,2079.8,2240.06,-0.68,0.09221,"{'price_above_30w_ma': False, '30w_ma_rising': False, 'price_above_10w_ma': False, 'relative_strength_positive': True, 'near_52w_high': True}",leading,lagging,100.37,101.52,1.96,2.11,True,False,2026-09-28 ratio=98.41 momentum=99.40; 2026-09-29 ratio=98.85 momentum=98.97; 2026-09-30 ratio=101.07 momentum=103.18; 2026-10-01 ratio=101.44 momentum=102.02; 2026-10-05 ratio=100.37 momentum=101.52,79.45
stock,Navneet Educat.,NAVNETEDUL.NS,Stationary,Fast Moving Consumer Goods,2750.58,2.41,141.0,-16.66,788.0,-0.76,21.98,10.23,,not_stage_2,1,122.97,137.26,-1.7,0.00545,"{'price_above_30w_ma': False, '30w_ma_rising': False, 'price_above_10w_ma': False, 'relative_strength_positive': False, 'near_52w_high': True}",improving,lagging,99.8,101.18,0.64,1.85,False,True,2026-09-28 ratio=99.15 momentum=99.34; 2026-09-29 ratio=99.18 momentum=101.16; 2026-09-30 ratio=99.55 momentum=102.18; 2026-10-01 ratio=100.15 momentum=102.95; 2026-10-05 ratio=99.80 momentum=101.18,25.9
stock,Flair Writing,FLAIR.NS,Stationary,Fast Moving Consumer Goods,2402.71,0.44,29.08,-0.28,319.25,10.64,17.2,16.83,,not_stage_2,0,226.43,274.59,-3.64,0.01004,"{'price_above_30w_ma': False, '30w_ma_rising': False, 'price_above_10w_ma': False, 'relative_strength_positive': False, 'near_52w_high': False}",lagging,leading,98.5,99.74,-1.54,-2.1,False,False,2026-09-28 ratio=100.05 momentum=101.84; 2026-09-29 ratio=98.99 momentum=100.35; 2026-09-30 ratio=98.99 momentum=101.03; 2026-10-01 ratio=98.84 momentum=99.54; 2026-10-05 ratio=98.50 momentum=99.74,0.0
stock,Kokuyo Camlin,KOKUYOCMLN.NS,Stationary,Fast Moving Consumer Goods,751.13,0.4,7.3,-27.44,229.18,0.79,34.11,10.21,,not_stage_2,1,75.82,83.64,-0.69,0.00336,"{'price_above_30w_ma': False, '30w_ma_rising': False, 'price_above_10w_ma': False, 'relative_strength_positive': True, 'near_52w_high': False}",improving,lagging,99.9,101.5,0.93,1.74,False,True,2026-09-28 ratio=98.98 momentum=99.77; 2026-09-29 ratio=99.13 momentum=100.20; 2026-09-30 ratio=99.76 momentum=102.53; 2026-10-01 ratio=99.61 momentum=102.35; 2026-10-05 ratio=99.90 momentum=101.50,27.5
stock,Linc,LINC.NS,Stationary,Fast Moving Consumer Goods,524.63,1.7,5.1,-30.42,135.65,1.01,15.26,19.12,,not_stage_2,0,87.53,99.51,-2.06,0.00388,"{'price_above_30w_ma': False, '30w_ma_rising': False, 'price_above_10w_ma': False, 'relative_strength_positive': False, 'near_52w_high': False}",lagging,lagging,98.63,99.03,-0.4,0.7,False,False,2026-09-28 ratio=99.04 momentum=98.33; 2026-09-29 ratio=98.86 momentum=97.00; 2026-09-30 ratio=98.93 momentum=100.88; 2026-10-01 ratio=98.44 momentum=98.66; 2026-10-05 ratio=98.63 momentum=99.03,0.0
stock,Sundaram Multi.,SUNDARAM.NS,Stationary,Fast Moving Consumer Goods,50.72,0.0,0.32,138.89,49.6,21.99,14.45,4.22,,not_stage_2,0,1.09,1.28,-3.3,5e-05,"{'price_above_30w_ma': False, '30w_ma_rising': False, 'price_above_10w_ma': False, 'relative_strength_positive': False, 'near_52w_high': False}",lagging,lagging,98.94,98.9,-0.46,0.82,False,False,2026-09-28 ratio=99.41 momentum=98.08; 2026-09-29 ratio=98.86 momentum=95.88; 2026-09-30 ratio=98.79 momentum=97.37; 2026-10-01 ratio=98.83 momentum=96.95; 2026-10-05 ratio=98.94 momentum=98.90,0.0
stock,Vasa Retail,VASA.NS,Stationary,Fast Moving Consumer Goods,2.13,0.0,-0.05,28.57,0.0,,,-1.93,,not_stage_2,0,3.55,4.36,-3.54,0.00016,"{'price_above_30w_ma': False, '30w_ma_rising': False, 'price_above_10w_ma': False, 'relative_strength_positive': False, 'near_52w_high': False}",improving,improving,99.05,103.08,0.29,-1.32,False,False,2026-09-28 ratio=98.76 momentum=104.40; 2026-09-29 ratio=98.84 momentum=103.39; 2026-09-30 ratio=98.94 momentum=103.28; 2026-10-01 ratio=99.08 momentum=103.27; 2026-10-05 ratio=99.05 momentum=103.08,15.4
stock,Indus Towers,INDUSTOWER.NS,Telecom - Infrastructure,Telecommunic ation,102381.63,3.6,1745.8,0.52,8431.1,4.64,14.31,19.48,,not_stage_2,3,380.2,402.95,-2.41,0.01686,"{'price_above_30w_ma': False, '30w_ma_rising': False, 'price_above_10w_ma': True, 'relative_strength_positive': True, 'near_52w_high': True}",leading,lagging,102.29,102.69,2.59,6.29,True,False,2026-09-28 ratio=99.70 momentum=96.40; 2026-09-29 ratio=100.69 momentum=99.68; 2026-09-30 ratio=101.56 momentum=102.37; 2026-10-01 ratio=102.22 momentum=102.10; 2026-10-05 ratio=102.29 momentum=102.69,114.9
stock,HFCL,HFCL.NS,Telecom - Infrastructure,Telecommunic ation,40296.85,0.08,245.64,809.06,1914.98,119.85,70.38,10.76,,stage_2,5,250.27,177.92,13.48,0.0111,"{'price_above_30w_ma': True, '30w_ma_rising': True, 'price_above_10w_ma': True, 'relative_strength_positive': True, 'near_52w_high': True}",leading,lagging,102.27,102.62,2.44,8.1,True,False,2026-09-28 ratio=99.82 momentum=94.53; 2026-09-29 ratio=100.46 momentum=99.17; 2026-09-30 ratio=101.13 momentum=102.86; 2026-10-01 ratio=101.84 momentum=103.37; 2026-10-05 ratio=102.27 momentum=102.62,206.41
stock,Pace Digitek,PACEDIGITK.NS,Telecom - Infrastructure,Telecommunic ation,3587.87,0.0,62.5,13.24,555.36,51.29,11.94,21.4,,not_stage_2,1,164.04,179.53,-0.49,0.00727,"{'price_above_30w_ma': False, '30w_ma_rising': False, 'price_above_10w_ma': False, 'relative_strength_positive': True, 'near_52w_high': False}",improving,improving,99.88,103.15,0.45,1.39,False,True,2026-09-28 ratio=99.44 momentum=101.76; 2026-09-29 ratio=99.54 momentum=102.26; 2026-09-30 ratio=99.44 momentum=102.43; 2026-10-01 ratio=100.22 momentum=103.88; 2026-10-05 ratio=99.88 momentum=103.15,35.75
stock,GTL Infra.,GTLINFRA.NS,Telecom - Infrastructure,Telecommunic ation,1396.23,0.0,69.39,129.86,327.31,-2.16,,,,not_stage_2,0,1.06,1.25,-0.05,5e-05,"{'price_above_30w_ma': False, '30w_ma_rising': False, 'price_above_10w_ma': False, 'relative_strength_positive': False, 'near_52w_high': False}",lagging,lagging,97.95,94.73,-0.36,-2.15,False,False,2026-09-28 ratio=98.32 momentum=96.88; 2026-09-29 ratio=98.15 momentum=97.71; 2026-09-30 ratio=98.38 momentum=100.09; 2026-10-01 ratio=98.43 momentum=97.90; 2026-10-05 ratio=97.95 momentum=94.73,0.0
stock,Suyog Telematics,SUYOG.NS,Telecom - Infrastructure,Telecommunic ation,789.61,0.15,13.93,-18.11,65.27,2.16,13.34,14.42,,not_stage_2,1,664.25,763.99,-0.39,0.02945,"{'price_above_30w_ma': False, '30w_ma_rising': False, 'price_above_10w_ma': False, 'relative_strength_positive': False, 'near_52w_high': True}",improving,improving,99.24,102.1,0.53,-1.43,False,False,2026-09-28 ratio=98.70 momentum=103.53; 2026-09-29 ratio=99.48 momentum=104.15; 2026-09-30 ratio=99.62 momentum=103.04; 2026-10-01 ratio=99.67 momentum=102.45; 2026-10-05 ratio=99.24 momentum=102.10,30.5
stock,Sar Televenture,SARTELE.NS,Telecom - Infrastructure,Telecommunic ation,485.68,0.0,36.23,25.49,280.35,35.3,6.7,8.84,,not_stage_2,2,97.7,127.35,-10.51,0.00433,"{'price_above_30w_ma': False, '30w_ma_rising': False, 'price_above_10w_ma': True, 'relative_strength_positive': True, 'near_52w_high': False}",leading,improving,100.38,102.7,1.2,1.09,True,False,2026-09-28 ratio=99.18 momentum=101.61; 2026-09-29 ratio=99.79 momentum=102.29; 2026-09-30 ratio=100.63 momentum=103.19; 2026-10-01 ratio=100.33 momentum=102.27; 2026-10-05 ratio=100.38 momentum=102.70,85.4
stock,Rama Telecom,RTL.NS,Telecom - Infrastructure,Telecommunic ation,101.51,0.0,0.48,-86.7,27.75,18.69,34.88,11.89,,insufficient_data,0,,,,,{},insufficient_data,insufficient_data,,,,,False,False,,0.0
stock,Kore Digital,KDL.NS,Telecom - Infrastructure,Telecommunic ation,51.28,0.0,11.91,-51.61,150.42,-36.24,1.44,38.1,,not_stage_2,0,44.85,112.75,-7.87,0.00199,"{'price_above_30w_ma': False, '30w_ma_rising': False, 'price_above_10w_ma': False, 'relative_strength_positive': False, 'near_52w_high': False}",lagging,lagging,97.57,90.15,0.11,-7.09,False,False,2026-09-28 ratio=97.46 momentum=97.24; 2026-09-29 ratio=97.47 momentum=97.35; 2026-09-30 ratio=97.50 momentum=96.93; 2026-10-01 ratio=97.56 momentum=93.63; 2026-10-05 ratio=97.57 momentum=90.15,0.0
